origin,dataset,target,horizon,seed,model,abs_error
1970-01-01 00:00:00.000000054,ecl,aggregate_load,96,42,xgboost,293138.9833623501
1970-01-01 00:00:00.000000054,ecl,aggregate_load,96,42,xgboost,303281.47353860614
1970-01-01 00:00:00.000000054,ecl,aggregate_load,96,42,xgboost,298663.90565008944
1970-01-01 00:00:00.000000054,ecl,aggregate_load,96,42,xgboost,293735.6842614168
1970-01-01 00:00:00.000000054,ecl,aggregate_load,96,42,xgboost,298339.5054271904
1970-01-01 00:00:00.000000054,ecl,aggregate_load,96,42,xgboost,319363.6312422163
1970-01-01 00:00:00.000000054,ecl,aggregate_load,96,42,xgboost,309045.0336889214
1970-01-01 00:00:00.000000054,ecl,aggregate_load,96,42,xgboost,307775.58362752735
1970-01-01 00:00:00.000000054,ecl,aggregate_load,96,42,xgboost,308640.37491382856
1970-01-01 00:00:00.000000054,ecl,aggregate_load,96,42,xgboost,314647.977021052
1970-01-01 00:00:00.000000054,ecl,aggregate_load,96,42,xgboost,307510.12196187075
1970-01-01 00:00:00.000000054,ecl,aggregate_load,96,42,xgboost,311658.92376816674
1970-01-01 00:00:00.000000054,ecl,aggregate_load,96,42,xgboost,315733.59601146565
1970-01-01 00:00:00.000000054,ecl,aggregate_load,96,42,xgboost,313823.53829379
1970-01-01 00:00:00.000000054,ecl,aggregate_load,96,42,xgboost,315626.868838969
1970-01-01 00:00:00.000000054,ecl,aggregate_load,96,42,xgboost,323077.8508543026
1970-01-01 00:00:00.000000054,ecl,aggregate_load,96,42,xgboost,318580.97584664944
1970-01-01 00:00:00.000000054,ecl,aggregate_load,96,42,xgboost,323546.17514366447
1970-01-01 00:00:00.000000054,ecl,aggregate_load,96,42,xgboost,328114.7843193982
1970-01-01 00:00:00.000000054,ecl,aggregate_load,96,42,xgboost,335741.67994115694
1970-01-01 00:00:00.000000054,ecl,aggregate_load,96,42,xgboost,341776.4167441823
1970-01-01 00:00:00.000000054,ecl,aggregate_load,96,42,xgboost,343588.71688349365
1970-01-01 00:00:00.000000054,ecl,aggregate_load,96,42,xgboost,335635.2475699903
1970-01-01 00:00:00.000000054,ecl,aggregate_load,96,42,xgboost,338125.6978490255
1970-01-01 00:00:00.000000054,ecl,aggregate_load,96,42,xgboost,342230.61699239793
1970-01-01 00:00:00.000000054,ecl,aggregate_load,96,42,xgboost,349368.44662397215
1970-01-01 00:00:00.000000054,ecl,aggregate_load,96,42,xgboost,341962.52777224296
1970-01-01 00:00:00.000000054,ecl,aggregate_load,96,42,xgboost,335863.84249611053
1970-01-01 00:00:00.000000054,ecl,aggregate_load,96,42,xgboost,338052.6770706212
1970-01-01 00:00:00.000000054,ecl,aggregate_load,96,42,xgboost,344115.0584156799
1970-01-01 00:00:00.000000054,ecl,aggregate_load,96,42,xgboost,348517.92189754365
1970-01-01 00:00:00.000000054,ecl,aggregate_load,96,42,xgboost,360644.0924319771
1970-01-01 00:00:00.000000054,ecl,aggregate_load,96,42,xgboost,327686.3329498669
1970-01-01 00:00:00.000000054,ecl,aggregate_load,96,42,xgboost,335549.6715628028
1970-01-01 00:00:00.000000054,ecl,aggregate_load,96,42,xgboost,346353.97828719893
1970-01-01 00:00:00.000000054,ecl,aggregate_load,96,42,xgboost,338213.9386677285
1970-01-01 00:00:00.000000054,ecl,aggregate_load,96,42,xgboost,339447.6872574387
1970-01-01 00:00:00.000000054,ecl,aggregate_load,96,42,xgboost,335566.5393648541
1970-01-01 00:00:00.000000054,ecl,aggregate_load,96,42,xgboost,335737.4682844731
1970-01-01 00:00:00.000000054,ecl,aggregate_load,96,42,xgboost,344462.9138278515
1970-01-01 00:00:00.000000054,ecl,aggregate_load,96,42,xgboost,352308.590078972
1970-01-01 00:00:00.000000054,ecl,aggregate_load,96,42,xgboost,355429.30774402013
1970-01-01 00:00:00.000000054,ecl,aggregate_load,96,42,xgboost,343515.17686380417
1970-01-01 00:00:00.000000054,ecl,aggregate_load,96,42,xgboost,343588.16243554855
1970-01-01 00:00:00.000000054,ecl,aggregate_load,96,42,xgboost,334088.5807651723
1970-01-01 00:00:00.000000054,ecl,aggregate_load,96,42,xgboost,333774.78765473893
1970-01-01 00:00:00.000000054,ecl,aggregate_load,96,42,xgboost,337265.023164331
1970-01-01 00:00:00.000000054,ecl,aggregate_load,96,42,xgboost,340142.6706286974
1970-01-01 00:00:00.000000054,ecl,aggregate_load,96,42,xgboost,330090.2988138672
1970-01-01 00:00:00.000000054,ecl,aggregate_load,96,42,xgboost,335770.32026764454
1970-01-01 00:00:00.000000054,ecl,aggregate_load,96,42,xgboost,332853.2457616238
1970-01-01 00:00:00.000000054,ecl,aggregate_load,96,42,xgboost,328084.3520412964
1970-01-01 00:00:00.000000054,ecl,aggregate_load,96,42,xgboost,320725.29265977215
1970-01-01 00:00:00.000000054,ecl,aggregate_load,96,42,xgboost,316148.6741596136
1970-01-01 00:00:00.000000054,ecl,aggregate_load,96,42,xgboost,311572.53766253946
1970-01-01 00:00:00.000000054,ecl,aggregate_load,96,42,xgboost,305765.1088901796
1970-01-01 00:00:00.000000054,ecl,aggregate_load,96,42,xgboost,324601.6878101585
1970-01-01 00:00:00.000000054,ecl,aggregate_load,96,42,xgboost,310941.35892347974
1970-01-01 00:00:00.000000054,ecl,aggregate_load,96,42,xgboost,314302.1986403333
1970-01-01 00:00:00.000000054,ecl,aggregate_load,96,42,xgboost,321709.41738811316
1970-01-01 00:00:00.000000054,ecl,aggregate_load,96,42,xgboost,331142.2721271942
1970-01-01 00:00:00.000000054,ecl,aggregate_load,96,42,xgboost,335062.24511761806
1970-01-01 00:00:00.000000054,ecl,aggregate_load,96,42,xgboost,333664.81289284956
1970-01-01 00:00:00.000000054,ecl,aggregate_load,96,42,xgboost,339017.62266807613
1970-01-01 00:00:00.000000055,ecl,aggregate_load,96,42,xgboost,349283.534749276
1970-01-01 00:00:00.000000055,ecl,aggregate_load,96,42,xgboost,325417.00251908373
1970-01-01 00:00:00.000000055,ecl,aggregate_load,96,42,xgboost,319260.4307710189
1970-01-01 00:00:00.000000055,ecl,aggregate_load,96,42,xgboost,323528.7981959909
1970-01-01 00:00:00.000000055,ecl,aggregate_load,96,42,xgboost,319879.5589997677
1970-01-01 00:00:00.000000055,ecl,aggregate_load,96,42,xgboost,329280.29702106403
1970-01-01 00:00:00.000000055,ecl,aggregate_load,96,42,xgboost,321928.7020001153
1970-01-01 00:00:00.000000055,ecl,aggregate_load,96,42,xgboost,321702.16737305257
1970-01-01 00:00:00.000000055,ecl,aggregate_load,96,42,xgboost,325168.5615803218
1970-01-01 00:00:00.000000055,ecl,aggregate_load,96,42,xgboost,322116.37981668115
1970-01-01 00:00:00.000000055,ecl,aggregate_load,96,42,xgboost,322933.2948479931
1970-01-01 00:00:00.000000055,ecl,aggregate_load,96,42,xgboost,321932.3214422417
1970-01-01 00:00:00.000000055,ecl,aggregate_load,96,42,xgboost,315997.71389379207
1970-01-01 00:00:00.000000055,ecl,aggregate_load,96,42,xgboost,321703.8787583437
1970-01-01 00:00:00.000000055,ecl,aggregate_load,96,42,xgboost,326304.58054451545
1970-01-01 00:00:00.000000055,ecl,aggregate_load,96,42,xgboost,321149.76296927704
1970-01-01 00:00:00.000000055,ecl,aggregate_load,96,42,xgboost,319082.1430871326
1970-01-01 00:00:00.000000055,ecl,aggregate_load,96,42,xgboost,307945.7867685471
1970-01-01 00:00:00.000000055,ecl,aggregate_load,96,42,xgboost,323347.3110152598
1970-01-01 00:00:00.000000055,ecl,aggregate_load,96,42,xgboost,315240.54219744744
1970-01-01 00:00:00.000000055,ecl,aggregate_load,96,42,xgboost,318634.22251367534
1970-01-01 00:00:00.000000055,ecl,aggregate_load,96,42,xgboost,311507.40676303353
1970-01-01 00:00:00.000000055,ecl,aggregate_load,96,42,xgboost,316100.1860227888
1970-01-01 00:00:00.000000055,ecl,aggregate_load,96,42,xgboost,314197.3919880612
1970-01-01 00:00:00.000000055,ecl,aggregate_load,96,42,xgboost,315061.8031717629
1970-01-01 00:00:00.000000055,ecl,aggregate_load,96,42,xgboost,289750.435450202
1970-01-01 00:00:00.000000055,ecl,aggregate_load,96,42,xgboost,290878.61589774414
1970-01-01 00:00:00.000000055,ecl,aggregate_load,96,42,xgboost,281703.9318722275
1970-01-01 00:00:00.000000055,ecl,aggregate_load,96,42,xgboost,284161.8981645573
1970-01-01 00:00:00.000000055,ecl,aggregate_load,96,42,xgboost,283697.717043513
1970-01-01 00:00:00.000000055,ecl,aggregate_load,96,42,xgboost,291503.51356052567
1970-01-01 00:00:00.000000055,ecl,aggregate_load,96,42,xgboost,286494.88548584684
1970-01-01 00:00:00.000000055,ecl,aggregate_load,96,42,xgboost,294182.42800995405
1970-01-01 00:00:00.000000055,ecl,aggregate_load,96,42,xgboost,288034.9905611205
1970-01-01 00:00:00.000000055,ecl,aggregate_load,96,42,xgboost,293027.49549463065
1970-01-01 00:00:00.000000055,ecl,aggregate_load,96,42,xgboost,300027.89094147854
1970-01-01 00:00:00.000000055,ecl,aggregate_load,96,42,xgboost,291971.37466381065
1970-01-01 00:00:00.000000055,ecl,aggregate_load,96,42,xgboost,278231.8665131465
1970-01-01 00:00:00.000000055,ecl,aggregate_load,96,42,xgboost,268416.24335781165
1970-01-01 00:00:00.000000055,ecl,aggregate_load,96,42,xgboost,284428.2731852005
1970-01-01 00:00:00.000000055,ecl,aggregate_load,96,42,xgboost,271783.63853776053
1970-01-01 00:00:00.000000055,ecl,aggregate_load,96,42,xgboost,273415.5497421947
1970-01-01 00:00:00.000000055,ecl,aggregate_load,96,42,xgboost,269217.44586094754
1970-01-01 00:00:00.000000055,ecl,aggregate_load,96,42,xgboost,265903.6013615937
1970-01-01 00:00:00.000000055,ecl,aggregate_load,96,42,xgboost,256656.36982702083
1970-01-01 00:00:00.000000055,ecl,aggregate_load,96,42,xgboost,264622.2305688095
1970-01-01 00:00:00.000000055,ecl,aggregate_load,96,42,xgboost,263858.73883952526
1970-01-01 00:00:00.000000055,ecl,aggregate_load,96,42,xgboost,259312.35313418132
1970-01-01 00:00:00.000000055,ecl,aggregate_load,96,42,xgboost,258516.96383706108
1970-01-01 00:00:00.000000055,ecl,aggregate_load,96,42,xgboost,262664.67991686234
1970-01-01 00:00:00.000000055,ecl,aggregate_load,96,42,xgboost,273285.58969443734
1970-01-01 00:00:00.000000055,ecl,aggregate_load,96,42,xgboost,261310.42503501856
1970-01-01 00:00:00.000000055,ecl,aggregate_load,96,42,xgboost,269361.9009189354
1970-01-01 00:00:00.000000055,ecl,aggregate_load,96,42,xgboost,244371.66608708736
1970-01-01 00:00:00.000000055,ecl,aggregate_load,96,42,xgboost,250264.0736573
1970-01-01 00:00:00.000000055,ecl,aggregate_load,96,42,xgboost,246077.20016125301
1970-01-01 00:00:00.000000055,ecl,aggregate_load,96,42,xgboost,248095.82393992253
1970-01-01 00:00:00.000000055,ecl,aggregate_load,96,42,xgboost,249558.83978878197
1970-01-01 00:00:00.000000055,ecl,aggregate_load,96,42,xgboost,249892.2706316584
1970-01-01 00:00:00.000000055,ecl,aggregate_load,96,42,xgboost,251698.60386026837
1970-01-01 00:00:00.000000055,ecl,aggregate_load,96,42,xgboost,259450.05982795925
1970-01-01 00:00:00.000000055,ecl,aggregate_load,96,42,xgboost,250090.20062255193
1970-01-01 00:00:00.000000055,ecl,aggregate_load,96,42,xgboost,255113.99420266683
1970-01-01 00:00:00.000000055,ecl,aggregate_load,96,42,xgboost,252232.03576650508
1970-01-01 00:00:00.000000055,ecl,aggregate_load,96,42,xgboost,246130.97294824407
1970-01-01 00:00:00.000000055,ecl,aggregate_load,96,42,xgboost,252302.1459508761
1970-01-01 00:00:00.000000055,ecl,aggregate_load,96,42,xgboost,252269.78533442094
1970-01-01 00:00:00.000000055,ecl,aggregate_load,96,42,xgboost,254843.56183448262
1970-01-01 00:00:00.000000055,ecl,aggregate_load,96,42,xgboost,253078.97544913916
1970-01-01 00:00:00.000000055,ecl,aggregate_load,96,42,xgboost,257697.72649439145
1970-01-01 00:00:00.000000055,ecl,aggregate_load,96,42,xgboost,252003.45450720363
1970-01-01 00:00:00.000000055,ecl,aggregate_load,96,42,xgboost,256927.7657842928
1970-01-01 00:00:00.000000055,ecl,aggregate_load,96,42,xgboost,252127.67566654526
1970-01-01 00:00:00.000000055,ecl,aggregate_load,96,42,xgboost,247403.38624999113
1970-01-01 00:00:00.000000055,ecl,aggregate_load,96,42,xgboost,236468.47834577344
1970-01-01 00:00:00.000000055,ecl,aggregate_load,96,42,xgboost,249692.8650243247
1970-01-01 00:00:00.000000055,ecl,aggregate_load,96,42,xgboost,245863.7577169761
1970-01-01 00:00:00.000000055,ecl,aggregate_load,96,42,xgboost,246346.38610189283
1970-01-01 00:00:00.000000055,ecl,aggregate_load,96,42,xgboost,245940.96517265835
1970-01-01 00:00:00.000000055,ecl,aggregate_load,96,42,xgboost,237695.05994530546
1970-01-01 00:00:00.000000055,ecl,aggregate_load,96,42,xgboost,245357.86315627722
1970-01-01 00:00:00.000000055,ecl,aggregate_load,96,42,xgboost,243298.11538027468
1970-01-01 00:00:00.000000055,ecl,aggregate_load,96,42,xgboost,246060.06793013154
1970-01-01 00:00:00.000000055,ecl,aggregate_load,96,42,xgboost,249255.54102058898
1970-01-01 00:00:00.000000055,ecl,aggregate_load,96,42,xgboost,247437.26805299465
1970-01-01 00:00:00.000000055,ecl,aggregate_load,96,42,xgboost,252201.58523058184
1970-01-01 00:00:00.000000055,ecl,aggregate_load,96,42,xgboost,244038.86550386352
1970-01-01 00:00:00.000000055,ecl,aggregate_load,96,42,xgboost,251038.17486169763
1970-01-01 00:00:00.000000055,ecl,aggregate_load,96,42,xgboost,250797.8670050438
1970-01-01 00:00:00.000000055,ecl,aggregate_load,96,42,xgboost,251245.90986976694
1970-01-01 00:00:00.000000055,ecl,aggregate_load,96,42,xgboost,252929.4781784859
1970-01-01 00:00:00.000000055,ecl,aggregate_load,96,42,xgboost,255689.3017157047
1970-01-01 00:00:00.000000055,ecl,aggregate_load,96,42,xgboost,243011.44426430823
1970-01-01 00:00:00.000000055,ecl,aggregate_load,96,42,xgboost,249334.1197230234
1970-01-01 00:00:00.000000055,ecl,aggregate_load,96,42,xgboost,244058.06479734322
1970-01-01 00:00:00.000000055,ecl,aggregate_load,96,42,xgboost,238242.58464181577
1970-01-01 00:00:00.000000055,ecl,aggregate_load,96,42,xgboost,241216.04300660768
1970-01-01 00:00:00.000000055,ecl,aggregate_load,96,42,xgboost,243194.97350738628
1970-01-01 00:00:00.000000055,ecl,aggregate_load,96,42,xgboost,246938.8866578973
1970-01-01 00:00:00.000000055,ecl,aggregate_load,96,42,xgboost,252476.62038100162
1970-01-01 00:00:00.000000055,ecl,aggregate_load,96,42,xgboost,247238.4502473746
1970-01-01 00:00:00.000000055,ecl,aggregate_load,96,42,xgboost,247304.2143184177
1970-01-01 00:00:00.000000055,ecl,aggregate_load,96,42,xgboost,242323.44748728827
1970-01-01 00:00:00.000000055,ecl,aggregate_load,96,42,xgboost,237909.3411672793
1970-01-01 00:00:00.000000055,ecl,aggregate_load,96,42,xgboost,238932.11430097837
1970-01-01 00:00:00.000000055,ecl,aggregate_load,96,42,xgboost,247492.50644574562
1970-01-01 00:00:00.000000055,ecl,aggregate_load,96,42,xgboost,245696.10263580573
1970-01-01 00:00:00.000000055,ecl,aggregate_load,96,42,xgboost,249659.86452203422
1970-01-01 00:00:00.000000055,ecl,aggregate_load,96,42,xgboost,251205.51698095025
1970-01-01 00:00:00.000000055,ecl,aggregate_load,96,42,xgboost,249358.10500218638
1970-01-01 00:00:00.000000055,ecl,aggregate_load,96,42,xgboost,257841.0099240675
1970-01-01 00:00:00.000000055,ecl,aggregate_load,96,42,xgboost,255293.31250694455
1970-01-01 00:00:00.000000055,ecl,aggregate_load,96,42,xgboost,250208.83996137304
1970-01-01 00:00:00.000000055,ecl,aggregate_load,96,42,xgboost,253430.91694050297
1970-01-01 00:00:00.000000055,ecl,aggregate_load,96,42,xgboost,255616.1078000432
1970-01-01 00:00:00.000000055,ecl,aggregate_load,96,42,xgboost,248850.1298160193
1970-01-01 00:00:00.000000055,ecl,aggregate_load,96,42,xgboost,248221.28137128815
1970-01-01 00:00:00.000000055,ecl,aggregate_load,96,42,xgboost,262738.9399537713
1970-01-01 00:00:00.000000055,ecl,aggregate_load,96,42,xgboost,244986.96505159294
1970-01-01 00:00:00.000000055,ecl,aggregate_load,96,42,xgboost,247253.8327473465
1970-01-01 00:00:00.000000055,ecl,aggregate_load,96,42,xgboost,248175.1697791285
1970-01-01 00:00:00.000000055,ecl,aggregate_load,96,42,xgboost,251693.7961577763
1970-01-01 00:00:00.000000055,ecl,aggregate_load,96,42,xgboost,242022.83862101825
1970-01-01 00:00:00.000000055,ecl,aggregate_load,96,42,xgboost,241900.96024489086
1970-01-01 00:00:00.000000055,ecl,aggregate_load,96,42,xgboost,247530.88360197123
1970-01-01 00:00:00.000000055,ecl,aggregate_load,96,42,xgboost,257448.1598255723
1970-01-01 00:00:00.000000055,ecl,aggregate_load,96,42,xgboost,245114.62555899014
1970-01-01 00:00:00.000000055,ecl,aggregate_load,96,42,xgboost,253268.30677665735
1970-01-01 00:00:00.000000055,ecl,aggregate_load,96,42,xgboost,249990.48643746608
1970-01-01 00:00:00.000000055,ecl,aggregate_load,96,42,xgboost,261313.52043198678
1970-01-01 00:00:00.000000055,ecl,aggregate_load,96,42,xgboost,249926.30149582555
1970-01-01 00:00:00.000000055,ecl,aggregate_load,96,42,xgboost,243953.72329089
1970-01-01 00:00:00.000000055,ecl,aggregate_load,96,42,xgboost,251840.48505205195
1970-01-01 00:00:00.000000055,ecl,aggregate_load,96,42,xgboost,260068.9079154496
1970-01-01 00:00:00.000000055,ecl,aggregate_load,96,42,xgboost,258979.21688903458
1970-01-01 00:00:00.000000055,ecl,aggregate_load,96,42,xgboost,267248.11894780444
1970-01-01 00:00:00.000000055,ecl,aggregate_load,96,42,xgboost,254106.53855112605
1970-01-01 00:00:00.000000055,ecl,aggregate_load,96,42,xgboost,263654.77972622035
1970-01-01 00:00:00.000000055,ecl,aggregate_load,96,42,xgboost,257896.74999717297
1970-01-01 00:00:00.000000055,ecl,aggregate_load,96,42,xgboost,258864.9094363024
1970-01-01 00:00:00.000000055,ecl,aggregate_load,96,42,xgboost,267137.3046477171
1970-01-01 00:00:00.000000055,ecl,aggregate_load,96,42,xgboost,260814.91223507235
1970-01-01 00:00:00.000000055,ecl,aggregate_load,96,42,xgboost,258715.94044059553
1970-01-01 00:00:00.000000055,ecl,aggregate_load,96,42,xgboost,258863.62648598617
1970-01-01 00:00:00.000000055,ecl,aggregate_load,96,42,xgboost,253683.185177951
1970-01-01 00:00:00.000000055,ecl,aggregate_load,96,42,xgboost,254622.64716970953
1970-01-01 00:00:00.000000055,ecl,aggregate_load,96,42,xgboost,259054.67377077506
1970-01-01 00:00:00.000000055,ecl,aggregate_load,96,42,xgboost,261313.9023373432
1970-01-01 00:00:00.000000055,ecl,aggregate_load,96,42,xgboost,249488.45934476642
1970-01-01 00:00:00.000000055,ecl,aggregate_load,96,42,xgboost,248999.19475126057
1970-01-01 00:00:00.000000055,ecl,aggregate_load,96,42,xgboost,261508.54809050192
1970-01-01 00:00:00.000000055,ecl,aggregate_load,96,42,xgboost,271411.31032492506
1970-01-01 00:00:00.000000055,ecl,aggregate_load,96,42,xgboost,265505.51806929946
1970-01-01 00:00:00.000000055,ecl,aggregate_load,96,42,xgboost,264196.02212765283
1970-01-01 00:00:00.000000055,ecl,aggregate_load,96,42,xgboost,260968.09478900768
1970-01-01 00:00:00.000000055,ecl,aggregate_load,96,42,xgboost,269219.070004282
1970-01-01 00:00:00.000000055,ecl,aggregate_load,96,42,xgboost,264722.55262716167
1970-01-01 00:00:00.000000055,ecl,aggregate_load,96,42,xgboost,273724.1749610109
1970-01-01 00:00:00.000000055,ecl,aggregate_load,96,42,xgboost,266685.5013908905
1970-01-01 00:00:00.000000055,ecl,aggregate_load,96,42,xgboost,266969.38549859263
1970-01-01 00:00:00.000000055,ecl,aggregate_load,96,42,xgboost,281307.75442606636
1970-01-01 00:00:00.000000055,ecl,aggregate_load,96,42,xgboost,267065.33966043807
1970-01-01 00:00:00.000000055,ecl,aggregate_load,96,42,xgboost,268385.54082573205
1970-01-01 00:00:00.000000055,ecl,aggregate_load,96,42,xgboost,249246.67400651192
1970-01-01 00:00:00.000000055,ecl,aggregate_load,96,42,xgboost,253626.01410667063
1970-01-01 00:00:00.000000055,ecl,aggregate_load,96,42,xgboost,243695.77138058492
1970-01-01 00:00:00.000000055,ecl,aggregate_load,96,42,xgboost,252148.49755317197
1970-01-01 00:00:00.000000055,ecl,aggregate_load,96,42,xgboost,241107.7432340392
1970-01-01 00:00:00.000000055,ecl,aggregate_load,96,42,xgboost,259261.02457849076
1970-01-01 00:00:00.000000055,ecl,aggregate_load,96,42,xgboost,270557.6253972539
1970-01-01 00:00:00.000000055,ecl,aggregate_load,96,42,xgboost,263377.77620940894
1970-01-01 00:00:00.000000055,ecl,aggregate_load,96,42,xgboost,262954.9208089069
1970-01-01 00:00:00.000000055,ecl,aggregate_load,96,42,xgboost,262834.4461098109
1970-01-01 00:00:00.000000055,ecl,aggregate_load,96,42,xgboost,288419.60664065945
1970-01-01 00:00:00.000000055,ecl,aggregate_load,96,42,xgboost,272086.2322167975
1970-01-01 00:00:00.000000055,ecl,aggregate_load,96,42,xgboost,268450.2875535924
1970-01-01 00:00:00.000000055,ecl,aggregate_load,96,42,xgboost,260968.48666721108
1970-01-01 00:00:00.000000055,ecl,aggregate_load,96,42,xgboost,270202.43080189684
1970-01-01 00:00:00.000000055,ecl,aggregate_load,96,42,xgboost,268404.43856970314
1970-01-01 00:00:00.000000055,ecl,aggregate_load,96,42,xgboost,281408.45740297646
1970-01-01 00:00:00.000000055,ecl,aggregate_load,96,42,xgboost,269837.7682042553
1970-01-01 00:00:00.000000055,ecl,aggregate_load,96,42,xgboost,264465.50869205577
1970-01-01 00:00:00.000000055,ecl,aggregate_load,96,42,xgboost,265610.4504182677
1970-01-01 00:00:00.000000055,ecl,aggregate_load,96,42,xgboost,271866.85509497713
1970-01-01 00:00:00.000000055,ecl,aggregate_load,96,42,xgboost,269953.8847817922
1970-01-01 00:00:00.000000055,ecl,aggregate_load,96,42,xgboost,273470.95789152675
1970-01-01 00:00:00.000000055,ecl,aggregate_load,96,42,xgboost,266133.8218103087
1970-01-01 00:00:00.000000055,ecl,aggregate_load,96,42,xgboost,263071.5106512327
1970-01-01 00:00:00.000000055,ecl,aggregate_load,96,42,xgboost,277923.21912668983
1970-01-01 00:00:00.000000055,ecl,aggregate_load,96,42,xgboost,277564.56870550424
1970-01-01 00:00:00.000000055,ecl,aggregate_load,96,42,xgboost,277906.771837808
1970-01-01 00:00:00.000000055,ecl,aggregate_load,96,42,xgboost,274512.77993835596
1970-01-01 00:00:00.000000055,ecl,aggregate_load,96,42,xgboost,282697.8135211282
1970-01-01 00:00:00.000000055,ecl,aggregate_load,96,42,xgboost,276007.8238382056
1970-01-01 00:00:00.000000055,ecl,aggregate_load,96,42,xgboost,275855.64345659397
1970-01-01 00:00:00.000000056,ecl,aggregate_load,96,42,xgboost,274282.8074440358
1970-01-01 00:00:00.000000056,ecl,aggregate_load,96,42,xgboost,280577.06067836855
1970-01-01 00:00:00.000000056,ecl,aggregate_load,96,42,xgboost,267044.6922758453
1970-01-01 00:00:00.000000056,ecl,aggregate_load,96,42,xgboost,275534.4013237295
1970-01-01 00:00:00.000000056,ecl,aggregate_load,96,42,xgboost,286325.27727218234
1970-01-01 00:00:00.000000056,ecl,aggregate_load,96,42,xgboost,283661.77529926057
1970-01-01 00:00:00.000000056,ecl,aggregate_load,96,42,xgboost,271081.3614453015
1970-01-01 00:00:00.000000056,ecl,aggregate_load,96,42,xgboost,284333.30975608475
1970-01-01 00:00:00.000000056,ecl,aggregate_load,96,42,xgboost,268865.4676283161
1970-01-01 00:00:00.000000056,ecl,aggregate_load,96,42,xgboost,268621.57022938295
1970-01-01 00:00:00.000000056,ecl,aggregate_load,96,42,xgboost,266820.2735515724
1970-01-01 00:00:00.000000056,ecl,aggregate_load,96,42,xgboost,274234.6558891919
1970-01-01 00:00:00.000000056,ecl,aggregate_load,96,42,xgboost,266166.5921194603
1970-01-01 00:00:00.000000056,ecl,aggregate_load,96,42,xgboost,284423.23090065335
1970-01-01 00:00:00.000000056,ecl,aggregate_load,96,42,xgboost,279478.86638901354
1970-01-01 00:00:00.000000056,ecl,aggregate_load,96,42,xgboost,280497.07422077673
1970-01-01 00:00:00.000000056,ecl,aggregate_load,96,42,xgboost,276256.164570758
1970-01-01 00:00:00.000000056,ecl,aggregate_load,96,42,xgboost,277197.7956536778
1970-01-01 00:00:00.000000056,ecl,aggregate_load,96,42,xgboost,272143.04199867375
1970-01-01 00:00:00.000000056,ecl,aggregate_load,96,42,xgboost,274098.35939771525
1970-01-01 00:00:00.000000056,ecl,aggregate_load,96,42,xgboost,270246.05394969304
1970-01-01 00:00:00.000000056,ecl,aggregate_load,96,42,xgboost,272515.85855982924
1970-01-01 00:00:00.000000056,ecl,aggregate_load,96,42,xgboost,268910.20005077886
1970-01-01 00:00:00.000000056,ecl,aggregate_load,96,42,xgboost,283046.6561344806
1970-01-01 00:00:00.000000056,ecl,aggregate_load,96,42,xgboost,281018.47317258053
1970-01-01 00:00:00.000000056,ecl,aggregate_load,96,42,xgboost,269210.5231605409
1970-01-01 00:00:00.000000056,ecl,aggregate_load,96,42,xgboost,275206.588693785
1970-01-01 00:00:00.000000056,ecl,aggregate_load,96,42,xgboost,272843.4956367945
1970-01-01 00:00:00.000000056,ecl,aggregate_load,96,42,xgboost,282016.63835298544
1970-01-01 00:00:00.000000056,ecl,aggregate_load,96,42,xgboost,281366.3911526021
1970-01-01 00:00:00.000000056,ecl,aggregate_load,96,42,xgboost,282953.81221960514
1970-01-01 00:00:00.000000056,ecl,aggregate_load,96,42,xgboost,280982.5584044977
1970-01-01 00:00:00.000000056,ecl,aggregate_load,96,42,xgboost,273797.4614813842
1970-01-01 00:00:00.000000056,ecl,aggregate_load,96,42,xgboost,282369.81402748264
1970-01-01 00:00:00.000000056,ecl,aggregate_load,96,42,xgboost,275698.59218608425
1970-01-01 00:00:00.000000056,ecl,aggregate_load,96,42,xgboost,291162.3345668354
1970-01-01 00:00:00.000000056,ecl,aggregate_load,96,42,xgboost,281625.9258278572
1970-01-01 00:00:00.000000056,ecl,aggregate_load,96,42,xgboost,275787.8805274183
1970-01-01 00:00:00.000000056,ecl,aggregate_load,96,42,xgboost,268154.54598965653
1970-01-01 00:00:00.000000056,ecl,aggregate_load,96,42,xgboost,270532.1386483235
1970-01-01 00:00:00.000000056,ecl,aggregate_load,96,42,xgboost,263259.4068561097
1970-01-01 00:00:00.000000056,ecl,aggregate_load,96,42,xgboost,276592.3581398676
1970-01-01 00:00:00.000000056,ecl,aggregate_load,96,42,xgboost,276511.53823291365
1970-01-01 00:00:00.000000056,ecl,aggregate_load,96,42,xgboost,266493.77656102245
1970-01-01 00:00:00.000000056,ecl,aggregate_load,96,42,xgboost,279202.42766605184
1970-01-01 00:00:00.000000056,ecl,aggregate_load,96,42,xgboost,274162.5370799835
1970-01-01 00:00:00.000000056,ecl,aggregate_load,96,42,xgboost,265523.7727653477
1970-01-01 00:00:00.000000056,ecl,aggregate_load,96,42,xgboost,269842.0040863972
1970-01-01 00:00:00.000000056,ecl,aggregate_load,96,42,xgboost,278958.4445327588
1970-01-01 00:00:00.000000056,ecl,aggregate_load,96,42,xgboost,275486.57333845884
1970-01-01 00:00:00.000000056,ecl,aggregate_load,96,42,xgboost,273107.1413140742
1970-01-01 00:00:00.000000056,ecl,aggregate_load,96,42,xgboost,274162.3479388946
1970-01-01 00:00:00.000000056,ecl,aggregate_load,96,42,xgboost,266583.7597545387
1970-01-01 00:00:00.000000056,ecl,aggregate_load,96,42,xgboost,272358.2460103314
1970-01-01 00:00:00.000000056,ecl,aggregate_load,96,42,xgboost,274371.6021649689
1970-01-01 00:00:00.000000056,ecl,aggregate_load,96,42,xgboost,266810.4394943595
1970-01-01 00:00:00.000000056,ecl,aggregate_load,96,42,xgboost,271778.0870219479
1970-01-01 00:00:00.000000056,ecl,aggregate_load,96,42,xgboost,262781.73729116726
1970-01-01 00:00:00.000000056,ecl,aggregate_load,96,42,xgboost,272112.7554998254
1970-01-01 00:00:00.000000056,ecl,aggregate_load,96,42,xgboost,276287.2344936119
1970-01-01 00:00:00.000000056,ecl,aggregate_load,96,42,xgboost,265234.4908023685
1970-01-01 00:00:00.000000056,ecl,aggregate_load,96,42,xgboost,263082.53352591774
1970-01-01 00:00:00.000000056,ecl,aggregate_load,96,42,xgboost,260653.30761084464
1970-01-01 00:00:00.000000056,ecl,aggregate_load,96,42,xgboost,265650.88832369936
1970-01-01 00:00:00.000000056,ecl,aggregate_load,96,42,xgboost,279888.00908167183
1970-01-01 00:00:00.000000056,ecl,aggregate_load,96,42,xgboost,273245.24383776414
1970-01-01 00:00:00.000000056,ecl,aggregate_load,96,42,xgboost,281575.09081303555
1970-01-01 00:00:00.000000056,ecl,aggregate_load,96,42,xgboost,286784.3050220081
1970-01-01 00:00:00.000000056,ecl,aggregate_load,96,42,xgboost,282218.62269664137
1970-01-01 00:00:00.000000056,ecl,aggregate_load,96,42,xgboost,278813.619922467
1970-01-01 00:00:00.000000056,ecl,aggregate_load,96,42,xgboost,274254.7433618011
1970-01-01 00:00:00.000000056,ecl,aggregate_load,96,42,xgboost,271668.3538650705
1970-01-01 00:00:00.000000056,ecl,aggregate_load,96,42,xgboost,267414.4634839142
1970-01-01 00:00:00.000000056,ecl,aggregate_load,96,42,xgboost,267127.3821623254
1970-01-01 00:00:00.000000056,ecl,aggregate_load,96,42,xgboost,276817.9205114372
1970-01-01 00:00:00.000000056,ecl,aggregate_load,96,42,xgboost,266368.0569889818
1970-01-01 00:00:00.000000056,ecl,aggregate_load,96,42,xgboost,272572.4979057729
1970-01-01 00:00:00.000000056,ecl,aggregate_load,96,42,xgboost,269987.3877618208
1970-01-01 00:00:00.000000056,ecl,aggregate_load,96,42,xgboost,271499.8428177861
1970-01-01 00:00:00.000000056,ecl,aggregate_load,96,42,xgboost,268737.6709480381
1970-01-01 00:00:00.000000056,ecl,aggregate_load,96,42,xgboost,264708.04798253655
1970-01-01 00:00:00.000000056,ecl,aggregate_load,96,42,xgboost,273860.6038276966
1970-01-01 00:00:00.000000056,ecl,aggregate_load,96,42,xgboost,267659.7075225692
1970-01-01 00:00:00.000000056,ecl,aggregate_load,96,42,xgboost,267576.9364251551
1970-01-01 00:00:00.000000056,ecl,aggregate_load,96,42,xgboost,264323.93970597157
1970-01-01 00:00:00.000000056,ecl,aggregate_load,96,42,xgboost,273625.70845502586
1970-01-01 00:00:00.000000056,ecl,aggregate_load,96,42,xgboost,273819.61389428674
1970-01-01 00:00:00.000000056,ecl,aggregate_load,96,42,xgboost,276473.9821387352
1970-01-01 00:00:00.000000056,ecl,aggregate_load,96,42,xgboost,280821.5770115389
1970-01-01 00:00:00.000000056,ecl,aggregate_load,96,42,xgboost,276762.60054614046
1970-01-01 00:00:00.000000056,ecl,aggregate_load,96,42,xgboost,280944.9298297581
1970-01-01 00:00:00.000000056,ecl,aggregate_load,96,42,xgboost,280962.30860445445
1970-01-01 00:00:00.000000056,ecl,aggregate_load,96,42,xgboost,279101.63161293906
1970-01-01 00:00:00.000000056,ecl,aggregate_load,96,42,xgboost,285783.47700394475
1970-01-01 00:00:00.000000056,ecl,aggregate_load,96,42,xgboost,282396.774658738
1970-01-01 00:00:00.000000056,ecl,aggregate_load,96,42,xgboost,282370.8625297809
1970-01-01 00:00:00.000000056,ecl,aggregate_load,96,42,xgboost,282859.0733177092
1970-01-01 00:00:00.000000056,ecl,aggregate_load,96,42,xgboost,287191.73896464834
1970-01-01 00:00:00.000000056,ecl,aggregate_load,96,42,xgboost,282803.77359591547
1970-01-01 00:00:00.000000056,ecl,aggregate_load,96,42,xgboost,287248.1050626207
1970-01-01 00:00:00.000000056,ecl,aggregate_load,96,42,xgboost,278095.49329811084
1970-01-01 00:00:00.000000056,ecl,aggregate_load,96,42,xgboost,288580.3164877907
1970-01-01 00:00:00.000000056,ecl,aggregate_load,96,42,xgboost,284483.5698934289
1970-01-01 00:00:00.000000056,ecl,aggregate_load,96,42,xgboost,286426.8232306462
1970-01-01 00:00:00.000000056,ecl,aggregate_load,96,42,xgboost,289035.01690768293
1970-01-01 00:00:00.000000056,ecl,aggregate_load,96,42,xgboost,288308.7331514338
1970-01-01 00:00:00.000000056,ecl,aggregate_load,96,42,xgboost,289408.3971888597
1970-01-01 00:00:00.000000056,ecl,aggregate_load,96,42,xgboost,290904.5846817821
1970-01-01 00:00:00.000000056,ecl,aggregate_load,96,42,xgboost,291439.6822881917
1970-01-01 00:00:00.000000056,ecl,aggregate_load,96,42,xgboost,296050.3200954305
1970-01-01 00:00:00.000000056,ecl,aggregate_load,96,42,xgboost,282009.14522717864
1970-01-01 00:00:00.000000056,ecl,aggregate_load,96,42,xgboost,288735.11544721905
1970-01-01 00:00:00.000000056,ecl,aggregate_load,96,42,xgboost,286284.5687931674
1970-01-01 00:00:00.000000056,ecl,aggregate_load,96,42,xgboost,290877.210207032
1970-01-01 00:00:00.000000056,ecl,aggregate_load,96,42,xgboost,289119.9158113373
1970-01-01 00:00:00.000000056,ecl,aggregate_load,96,42,xgboost,286345.1168771417
1970-01-01 00:00:00.000000056,ecl,aggregate_load,96,42,xgboost,296379.55722632864
1970-01-01 00:00:00.000000056,ecl,aggregate_load,96,42,xgboost,297185.1518185414
1970-01-01 00:00:00.000000056,ecl,aggregate_load,96,42,xgboost,296221.8319006889
1970-01-01 00:00:00.000000056,ecl,aggregate_load,96,42,xgboost,298823.4650483615
1970-01-01 00:00:00.000000056,ecl,aggregate_load,96,42,xgboost,301486.3311386614
1970-01-01 00:00:00.000000056,ecl,aggregate_load,96,42,xgboost,301334.6509331051
1970-01-01 00:00:00.000000056,ecl,aggregate_load,96,42,xgboost,299911.36809358216
1970-01-01 00:00:00.000000056,ecl,aggregate_load,96,42,xgboost,303503.1214391836
1970-01-01 00:00:00.000000056,ecl,aggregate_load,96,42,xgboost,301945.822407301
1970-01-01 00:00:00.000000056,ecl,aggregate_load,96,42,xgboost,301669.7973121873
1970-01-01 00:00:00.000000056,ecl,aggregate_load,96,42,xgboost,295974.32343370887
1970-01-01 00:00:00.000000056,ecl,aggregate_load,96,42,xgboost,299099.4216601421
1970-01-01 00:00:00.000000056,ecl,aggregate_load,96,42,xgboost,300286.1694386168
1970-01-01 00:00:00.000000056,ecl,aggregate_load,96,42,xgboost,301748.908843515
1970-01-01 00:00:00.000000056,ecl,aggregate_load,96,42,xgboost,299249.9295833348
1970-01-01 00:00:00.000000056,ecl,aggregate_load,96,42,xgboost,299797.89799319673
1970-01-01 00:00:00.000000056,ecl,aggregate_load,96,42,xgboost,299453.8278458041
1970-01-01 00:00:00.000000056,ecl,aggregate_load,96,42,xgboost,296143.58437079686
1970-01-01 00:00:00.000000056,ecl,aggregate_load,96,42,xgboost,298365.4016804446
1970-01-01 00:00:00.000000056,ecl,aggregate_load,96,42,xgboost,299282.78787700663
1970-01-01 00:00:00.000000056,ecl,aggregate_load,96,42,xgboost,298912.3972829708
1970-01-01 00:00:00.000000056,ecl,aggregate_load,96,42,xgboost,294985.531622631
1970-01-01 00:00:00.000000056,ecl,aggregate_load,96,42,xgboost,285512.10265601287
1970-01-01 00:00:00.000000056,ecl,aggregate_load,96,42,xgboost,289534.69471992785
1970-01-01 00:00:00.000000056,ecl,aggregate_load,96,42,xgboost,288881.8682203838
1970-01-01 00:00:00.000000056,ecl,aggregate_load,96,42,xgboost,293837.02233455953
1970-01-01 00:00:00.000000056,ecl,aggregate_load,96,42,xgboost,292841.2184865879
1970-01-01 00:00:00.000000056,ecl,aggregate_load,96,42,xgboost,294195.47901892
1970-01-01 00:00:00.000000056,ecl,aggregate_load,96,42,xgboost,294384.7602641518
1970-01-01 00:00:00.000000056,ecl,aggregate_load,96,42,xgboost,288342.51964975975
1970-01-01 00:00:00.000000056,ecl,aggregate_load,96,42,xgboost,288025.2911124873
1970-01-01 00:00:00.000000056,ecl,aggregate_load,96,42,xgboost,291246.5844871143
1970-01-01 00:00:00.000000056,ecl,aggregate_load,96,42,xgboost,286566.5224006299
1970-01-01 00:00:00.000000056,ecl,aggregate_load,96,42,xgboost,286356.25505225244
1970-01-01 00:00:00.000000056,ecl,aggregate_load,96,42,xgboost,292923.92808845174
1970-01-01 00:00:00.000000056,ecl,aggregate_load,96,42,xgboost,293770.56337045593
1970-01-01 00:00:00.000000056,ecl,aggregate_load,96,42,xgboost,296148.21001056366
1970-01-01 00:00:00.000000056,ecl,aggregate_load,96,42,xgboost,294588.7240502782
1970-01-01 00:00:00.000000056,ecl,aggregate_load,96,42,xgboost,300112.2055812034
1970-01-01 00:00:00.000000056,ecl,aggregate_load,96,42,xgboost,296057.98889602907
1970-01-01 00:00:00.000000056,ecl,aggregate_load,96,42,xgboost,294398.328022998
1970-01-01 00:00:00.000000056,ecl,aggregate_load,96,42,xgboost,305677.4227460214
1970-01-01 00:00:00.000000056,ecl,aggregate_load,96,42,xgboost,293026.17654645914
1970-01-01 00:00:00.000000056,ecl,aggregate_load,96,42,xgboost,296756.6946012108
1970-01-01 00:00:00.000000056,ecl,aggregate_load,96,42,xgboost,290570.3864808541
1970-01-01 00:00:00.000000057,ecl,aggregate_load,96,42,xgboost,292388.9141985725
1970-01-01 00:00:00.000000057,ecl,aggregate_load,96,42,xgboost,284087.22056785406
1970-01-01 00:00:00.000000057,ecl,aggregate_load,96,42,xgboost,277866.7859969144
1970-01-01 00:00:00.000000057,ecl,aggregate_load,96,42,xgboost,277782.625265539
1970-01-01 00:00:00.000000057,ecl,aggregate_load,96,42,xgboost,280814.0925607691
1970-01-01 00:00:00.000000057,ecl,aggregate_load,96,42,xgboost,278428.30581880856
1970-01-01 00:00:00.000000057,ecl,aggregate_load,96,42,xgboost,280442.11054058373
1970-01-01 00:00:00.000000057,ecl,aggregate_load,96,42,xgboost,283296.0019037404
1970-01-01 00:00:00.000000057,ecl,aggregate_load,96,42,xgboost,263594.77361727686
1970-01-01 00:00:00.000000057,ecl,aggregate_load,96,42,xgboost,264338.5556077232
1970-01-01 00:00:00.000000057,ecl,aggregate_load,96,42,xgboost,260936.52955772844
1970-01-01 00:00:00.000000057,ecl,aggregate_load,96,42,xgboost,269949.06390027615
1970-01-01 00:00:00.000000057,ecl,aggregate_load,96,42,xgboost,269129.84318307537
1970-01-01 00:00:00.000000057,ecl,aggregate_load,96,42,xgboost,256697.0644175179
1970-01-01 00:00:00.000000057,ecl,aggregate_load,96,42,xgboost,261337.7832325115
1970-01-01 00:00:00.000000057,ecl,aggregate_load,96,42,xgboost,254525.7635893851
1970-01-01 00:00:00.000000057,ecl,aggregate_load,96,42,xgboost,253176.73927451528
1970-01-01 00:00:00.000000057,ecl,aggregate_load,96,42,xgboost,251351.40770923448
1970-01-01 00:00:00.000000057,ecl,aggregate_load,96,42,xgboost,256831.02774485698
1970-01-01 00:00:00.000000057,ecl,aggregate_load,96,42,xgboost,257618.3933493461
1970-01-01 00:00:00.000000057,ecl,aggregate_load,96,42,xgboost,269555.64188309835
1970-01-01 00:00:00.000000057,ecl,aggregate_load,96,42,xgboost,263076.86885130004
1970-01-01 00:00:00.000000057,ecl,aggregate_load,96,42,xgboost,271138.6513096835
1970-01-01 00:00:00.000000057,ecl,aggregate_load,96,42,xgboost,270579.3548683921
1970-01-01 00:00:00.000000057,ecl,aggregate_load,96,42,xgboost,268729.0140554223
1970-01-01 00:00:00.000000057,ecl,aggregate_load,96,42,xgboost,265442.60376234254
1970-01-01 00:00:00.000000057,ecl,aggregate_load,96,42,xgboost,264835.9824828789
1970-01-01 00:00:00.000000057,ecl,aggregate_load,96,42,xgboost,256341.88256708012
1970-01-01 00:00:00.000000057,ecl,aggregate_load,96,42,xgboost,254550.49705244103
1970-01-01 00:00:00.000000057,ecl,aggregate_load,96,42,xgboost,250431.89291876173
1970-01-01 00:00:00.000000057,ecl,aggregate_load,96,42,xgboost,254292.91106901687
1970-01-01 00:00:00.000000057,ecl,aggregate_load,96,42,xgboost,254437.53930657628
1970-01-01 00:00:00.000000057,ecl,aggregate_load,96,42,xgboost,252905.56623748617
1970-01-01 00:00:00.000000057,ecl,aggregate_load,96,42,xgboost,252643.6400797662
1970-01-01 00:00:00.000000057,ecl,aggregate_load,96,42,xgboost,250545.2147966869
1970-01-01 00:00:00.000000057,ecl,aggregate_load,96,42,xgboost,253069.44442581653
1970-01-01 00:00:00.000000057,ecl,aggregate_load,96,42,xgboost,255343.94685394727
1970-01-01 00:00:00.000000057,ecl,aggregate_load,96,42,xgboost,251462.55314724825
1970-01-01 00:00:00.000000057,ecl,aggregate_load,96,42,xgboost,260735.6512904294
1970-01-01 00:00:00.000000057,ecl,aggregate_load,96,42,xgboost,245603.0390165722
1970-01-01 00:00:00.000000057,ecl,aggregate_load,96,42,xgboost,247287.19400804653
1970-01-01 00:00:00.000000057,ecl,aggregate_load,96,42,xgboost,253231.43333440542
1970-01-01 00:00:00.000000057,ecl,aggregate_load,96,42,xgboost,249472.59876808734
1970-01-01 00:00:00.000000057,ecl,aggregate_load,96,42,xgboost,251379.48273277612
1970-01-01 00:00:00.000000057,ecl,aggregate_load,96,42,xgboost,242093.2953102165
1970-01-01 00:00:00.000000057,ecl,aggregate_load,96,42,xgboost,239707.0483580186
1970-01-01 00:00:00.000000057,ecl,aggregate_load,96,42,xgboost,248317.66802071058
1970-01-01 00:00:00.000000057,ecl,aggregate_load,96,42,xgboost,229387.0224656396
1970-01-01 00:00:00.000000057,ecl,aggregate_load,96,42,xgboost,225473.0688698051
1970-01-01 00:00:00.000000057,ecl,aggregate_load,96,42,xgboost,226414.65431970745
1970-01-01 00:00:00.000000057,ecl,aggregate_load,96,42,xgboost,228009.4997203939
1970-01-01 00:00:00.000000057,ecl,aggregate_load,96,42,xgboost,225271.0697899939
1970-01-01 00:00:00.000000057,ecl,aggregate_load,96,42,xgboost,230612.00751592126
1970-01-01 00:00:00.000000057,ecl,aggregate_load,96,42,xgboost,222747.5837582109
1970-01-01 00:00:00.000000057,ecl,aggregate_load,96,42,xgboost,224456.34769783614
1970-01-01 00:00:00.000000057,ecl,aggregate_load,96,42,xgboost,222089.45780111346
1970-01-01 00:00:00.000000057,ecl,aggregate_load,96,42,xgboost,219294.69683762363
1970-01-01 00:00:00.000000057,ecl,aggregate_load,96,42,xgboost,218380.82467516043
1970-01-01 00:00:00.000000057,ecl,aggregate_load,96,42,xgboost,213612.35644883732
1970-01-01 00:00:00.000000057,ecl,aggregate_load,96,42,xgboost,215776.31431226982
1970-01-01 00:00:00.000000057,ecl,aggregate_load,96,42,xgboost,214219.6921181735
1970-01-01 00:00:00.000000057,ecl,aggregate_load,96,42,xgboost,217096.87480301547
1970-01-01 00:00:00.000000057,ecl,aggregate_load,96,42,xgboost,208883.79043936273
1970-01-01 00:00:00.000000057,ecl,aggregate_load,96,42,xgboost,209685.19996210127
1970-01-01 00:00:00.000000057,ecl,aggregate_load,96,42,xgboost,211242.5431600927
1970-01-01 00:00:00.000000057,ecl,aggregate_load,96,42,xgboost,208017.20070730313
1970-01-01 00:00:00.000000058,ecl,aggregate_load,96,42,xgboost,206886.99793684026
1970-01-01 00:00:00.000000058,ecl,aggregate_load,96,42,xgboost,207983.21237115396
1970-01-01 00:00:00.000000058,ecl,aggregate_load,96,42,xgboost,210085.22315459722
1970-01-01 00:00:00.000000058,ecl,aggregate_load,96,42,xgboost,211058.5671205071
1970-01-01 00:00:00.000000058,ecl,aggregate_load,96,42,xgboost,209661.3377752515
1970-01-01 00:00:00.000000058,ecl,aggregate_load,96,42,xgboost,211326.47521623215
1970-01-01 00:00:00.000000058,ecl,aggregate_load,96,42,xgboost,211625.70790144234
1970-01-01 00:00:00.000000058,ecl,aggregate_load,96,42,xgboost,214480.5535182091
1970-01-01 00:00:00.000000058,ecl,aggregate_load,96,42,xgboost,214955.047988527
1970-01-01 00:00:00.000000058,ecl,aggregate_load,96,42,xgboost,219071.5658609407
1970-01-01 00:00:00.000000058,ecl,aggregate_load,96,42,xgboost,214603.34982040906
1970-01-01 00:00:00.000000058,ecl,aggregate_load,96,42,xgboost,215696.09039193866
1970-01-01 00:00:00.000000058,ecl,aggregate_load,96,42,xgboost,213741.5257018647
1970-01-01 00:00:00.000000058,ecl,aggregate_load,96,42,xgboost,212716.5659580645
1970-01-01 00:00:00.000000058,ecl,aggregate_load,96,42,xgboost,218268.001204495
1970-01-01 00:00:00.000000058,ecl,aggregate_load,96,42,xgboost,208718.9523800578
1970-01-01 00:00:00.000000058,ecl,aggregate_load,96,42,xgboost,209141.62759401312
1970-01-01 00:00:00.000000058,ecl,aggregate_load,96,42,xgboost,209482.16852677916
1970-01-01 00:00:00.000000058,ecl,aggregate_load,96,42,xgboost,210822.32586169036
1970-01-01 00:00:00.000000058,ecl,aggregate_load,96,42,xgboost,210253.07557926606
1970-01-01 00:00:00.000000058,ecl,aggregate_load,96,42,xgboost,209777.21737881607
1970-01-01 00:00:00.000000058,ecl,aggregate_load,96,42,xgboost,211245.57591803695
1970-01-01 00:00:00.000000058,ecl,aggregate_load,96,42,xgboost,209910.9630794446
1970-01-01 00:00:00.000000058,ecl,aggregate_load,96,42,xgboost,210155.51491268192
1970-01-01 00:00:00.000000058,ecl,aggregate_load,96,42,xgboost,210529.95649982264
1970-01-01 00:00:00.000000058,ecl,aggregate_load,96,42,xgboost,219283.3276848345
1970-01-01 00:00:00.000000058,ecl,aggregate_load,96,42,xgboost,220606.3253548708
1970-01-01 00:00:00.000000058,ecl,aggregate_load,96,42,xgboost,222219.18901277427
1970-01-01 00:00:00.000000058,ecl,aggregate_load,96,42,xgboost,223355.1841916868
1970-01-01 00:00:00.000000058,ecl,aggregate_load,96,42,xgboost,223965.3406374942
1970-01-01 00:00:00.000000058,ecl,aggregate_load,96,42,xgboost,216758.6789104162
1970-01-01 00:00:00.000000058,ecl,aggregate_load,96,42,xgboost,226565.39231355055
1970-01-01 00:00:00.000000058,ecl,aggregate_load,96,42,xgboost,225255.77443234317
1970-01-01 00:00:00.000000058,ecl,aggregate_load,96,42,xgboost,223234.15380198686
1970-01-01 00:00:00.000000058,ecl,aggregate_load,96,42,xgboost,225479.10176796498
1970-01-01 00:00:00.000000058,ecl,aggregate_load,96,42,xgboost,218925.2140298985
1970-01-01 00:00:00.000000058,ecl,aggregate_load,96,42,xgboost,220742.14056662866
1970-01-01 00:00:00.000000058,ecl,aggregate_load,96,42,xgboost,215675.12657003442
1970-01-01 00:00:00.000000058,ecl,aggregate_load,96,42,xgboost,216473.08524500718
1970-01-01 00:00:00.000000058,ecl,aggregate_load,96,42,xgboost,219051.4005501105
1970-01-01 00:00:00.000000058,ecl,aggregate_load,96,42,xgboost,222969.47904588995
1970-01-01 00:00:00.000000058,ecl,aggregate_load,96,42,xgboost,221131.4773001694
1970-01-01 00:00:00.000000058,ecl,aggregate_load,96,42,xgboost,219699.11453673078
1970-01-01 00:00:00.000000058,ecl,aggregate_load,96,42,xgboost,216593.6874541922
1970-01-01 00:00:00.000000058,ecl,aggregate_load,96,42,xgboost,222559.26469615198
1970-01-01 00:00:00.000000058,ecl,aggregate_load,96,42,xgboost,225626.29929619198
1970-01-01 00:00:00.000000058,ecl,aggregate_load,96,42,xgboost,228000.76294507863
1970-01-01 00:00:00.000000058,ecl,aggregate_load,96,42,xgboost,220995.37780282483
1970-01-01 00:00:00.000000058,ecl,aggregate_load,96,42,xgboost,224263.48727612896
1970-01-01 00:00:00.000000058,ecl,aggregate_load,96,42,xgboost,219219.57968039636
1970-01-01 00:00:00.000000058,ecl,aggregate_load,96,42,xgboost,217401.32092723285
1970-01-01 00:00:00.000000058,ecl,aggregate_load,96,42,xgboost,221097.38498542763
1970-01-01 00:00:00.000000058,ecl,aggregate_load,96,42,xgboost,224289.79346042327
1970-01-01 00:00:00.000000058,ecl,aggregate_load,96,42,xgboost,216318.04664035098
1970-01-01 00:00:00.000000058,ecl,aggregate_load,96,42,xgboost,223557.87804806232
1970-01-01 00:00:00.000000058,ecl,aggregate_load,96,42,xgboost,229359.98125953504
1970-01-01 00:00:00.000000058,ecl,aggregate_load,96,42,xgboost,228847.51551425413
1970-01-01 00:00:00.000000058,ecl,aggregate_load,96,42,xgboost,244613.2883988103
1970-01-01 00:00:00.000000058,ecl,aggregate_load,96,42,xgboost,235305.36098347782
1970-01-01 00:00:00.000000058,ecl,aggregate_load,96,42,xgboost,233508.83539912532
1970-01-01 00:00:00.000000058,ecl,aggregate_load,96,42,xgboost,230891.99889424126
1970-01-01 00:00:00.000000058,ecl,aggregate_load,96,42,xgboost,224350.93571418934
1970-01-01 00:00:00.000000058,ecl,aggregate_load,96,42,xgboost,224415.86980085276
1970-01-01 00:00:00.000000058,ecl,aggregate_load,96,42,xgboost,227166.80592235512
1970-01-01 00:00:00.000000058,ecl,aggregate_load,96,42,xgboost,224918.46678635475
1970-01-01 00:00:00.000000058,ecl,aggregate_load,96,42,xgboost,233182.1501238255
1970-01-01 00:00:00.000000058,ecl,aggregate_load,96,42,xgboost,232817.00240614722
1970-01-01 00:00:00.000000058,ecl,aggregate_load,96,42,xgboost,237488.17500539255
1970-01-01 00:00:00.000000058,ecl,aggregate_load,96,42,xgboost,242694.08077464407
1970-01-01 00:00:00.000000058,ecl,aggregate_load,96,42,xgboost,247132.10432175835
1970-01-01 00:00:00.000000058,ecl,aggregate_load,96,42,xgboost,249145.0079203757
1970-01-01 00:00:00.000000058,ecl,aggregate_load,96,42,xgboost,243565.82327628453
1970-01-01 00:00:00.000000058,ecl,aggregate_load,96,42,xgboost,248524.8158790972
1970-01-01 00:00:00.000000058,ecl,aggregate_load,96,42,xgboost,255047.9361238434
1970-01-01 00:00:00.000000058,ecl,aggregate_load,96,42,xgboost,261085.05957172974
1970-01-01 00:00:00.000000058,ecl,aggregate_load,96,42,xgboost,263142.27021000645
1970-01-01 00:00:00.000000058,ecl,aggregate_load,96,42,xgboost,265271.9842952366
1970-01-01 00:00:00.000000058,ecl,aggregate_load,96,42,xgboost,267823.0034055725
1970-01-01 00:00:00.000000058,ecl,aggregate_load,96,42,xgboost,268780.212101074
1970-01-01 00:00:00.000000058,ecl,aggregate_load,96,42,xgboost,272901.6594721432
1970-01-01 00:00:00.000000058,ecl,aggregate_load,96,42,xgboost,264486.8176773761
1970-01-01 00:00:00.000000058,ecl,aggregate_load,96,42,xgboost,259798.0006919606
1970-01-01 00:00:00.000000058,ecl,aggregate_load,96,42,xgboost,262670.99192506593
1970-01-01 00:00:00.000000058,ecl,aggregate_load,96,42,xgboost,258003.77012579585
1970-01-01 00:00:00.000000058,ecl,aggregate_load,96,42,xgboost,259701.12475767147
1970-01-01 00:00:00.000000058,ecl,aggregate_load,96,42,xgboost,257655.09198634248
1970-01-01 00:00:00.000000058,ecl,aggregate_load,96,42,xgboost,259943.18883240028
1970-01-01 00:00:00.000000058,ecl,aggregate_load,96,42,xgboost,264283.0911585484
1970-01-01 00:00:00.000000058,ecl,aggregate_load,96,42,xgboost,261769.95315324957
1970-01-01 00:00:00.000000058,ecl,aggregate_load,96,42,xgboost,265162.097564529
1970-01-01 00:00:00.000000058,ecl,aggregate_load,96,42,xgboost,263147.52900896914
1970-01-01 00:00:00.000000058,ecl,aggregate_load,96,42,xgboost,263780.6724082635
1970-01-01 00:00:00.000000058,ecl,aggregate_load,96,42,xgboost,258841.66544222986
1970-01-01 00:00:00.000000058,ecl,aggregate_load,96,42,xgboost,263104.1511056383
1970-01-01 00:00:00.000000058,ecl,aggregate_load,96,42,xgboost,265652.9781477673
1970-01-01 00:00:00.000000058,ecl,aggregate_load,96,42,xgboost,273530.6561453876
1970-01-01 00:00:00.000000058,ecl,aggregate_load,96,42,xgboost,279903.1781439818
1970-01-01 00:00:00.000000058,ecl,aggregate_load,96,42,xgboost,274295.40052803437
1970-01-01 00:00:00.000000058,ecl,aggregate_load,96,42,xgboost,274636.67515351943
1970-01-01 00:00:00.000000058,ecl,aggregate_load,96,42,xgboost,270960.3506833264
1970-01-01 00:00:00.000000058,ecl,aggregate_load,96,42,xgboost,271031.23294687853
1970-01-01 00:00:00.000000058,ecl,aggregate_load,96,42,xgboost,275234.0640944117
1970-01-01 00:00:00.000000058,ecl,aggregate_load,96,42,xgboost,266232.2457030074
1970-01-01 00:00:00.000000058,ecl,aggregate_load,96,42,xgboost,268434.41039696085
1970-01-01 00:00:00.000000058,ecl,aggregate_load,96,42,xgboost,263217.0173507873
1970-01-01 00:00:00.000000058,ecl,aggregate_load,96,42,xgboost,274037.82609973993
1970-01-01 00:00:00.000000058,ecl,aggregate_load,96,42,xgboost,274934.5416919584
1970-01-01 00:00:00.000000058,ecl,aggregate_load,96,42,xgboost,276108.90007772145
1970-01-01 00:00:00.000000058,ecl,aggregate_load,96,42,xgboost,274298.95511646045
1970-01-01 00:00:00.000000058,ecl,aggregate_load,96,42,xgboost,273025.5467535357
1970-01-01 00:00:00.000000058,ecl,aggregate_load,96,42,xgboost,272540.9800603429
1970-01-01 00:00:00.000000058,ecl,aggregate_load,96,42,xgboost,272993.4371918402
1970-01-01 00:00:00.000000058,ecl,aggregate_load,96,42,xgboost,274085.82917067216
1970-01-01 00:00:00.000000058,ecl,aggregate_load,96,42,xgboost,266553.93143256026
1970-01-01 00:00:00.000000058,ecl,aggregate_load,96,42,xgboost,260657.8529604144
1970-01-01 00:00:00.000000058,ecl,aggregate_load,96,42,xgboost,271427.76945534395
1970-01-01 00:00:00.000000058,ecl,aggregate_load,96,42,xgboost,272126.4520202686
1970-01-01 00:00:00.000000058,ecl,aggregate_load,96,42,xgboost,272701.14128430426
1970-01-01 00:00:00.000000058,ecl,aggregate_load,96,42,xgboost,270947.3911747274
1970-01-01 00:00:00.000000058,ecl,aggregate_load,96,42,xgboost,274221.0918297293
1970-01-01 00:00:00.000000058,ecl,aggregate_load,96,42,xgboost,266900.4753934307
1970-01-01 00:00:00.000000058,ecl,aggregate_load,96,42,xgboost,270576.75833871914
1970-01-01 00:00:00.000000058,ecl,aggregate_load,96,42,xgboost,264133.39623644605
1970-01-01 00:00:00.000000058,ecl,aggregate_load,96,42,xgboost,261282.8993780288
1970-01-01 00:00:00.000000058,ecl,aggregate_load,96,42,xgboost,262534.74796000845
1970-01-01 00:00:00.000000058,ecl,aggregate_load,96,42,xgboost,269403.9272297244
1970-01-01 00:00:00.000000058,ecl,aggregate_load,96,42,xgboost,258545.41067647593
1970-01-01 00:00:00.000000058,ecl,aggregate_load,96,42,xgboost,257132.0985190861
1970-01-01 00:00:00.000000058,ecl,aggregate_load,96,42,xgboost,257394.85231661008
1970-01-01 00:00:00.000000058,ecl,aggregate_load,96,42,xgboost,264655.98920782405
1970-01-01 00:00:00.000000058,ecl,aggregate_load,96,42,xgboost,270412.82645623176
1970-01-01 00:00:00.000000058,ecl,aggregate_load,96,42,xgboost,268705.5646611376
1970-01-01 00:00:00.000000058,ecl,aggregate_load,96,42,xgboost,267902.7255351622
1970-01-01 00:00:00.000000058,ecl,aggregate_load,96,42,xgboost,273474.2188812651
1970-01-01 00:00:00.000000058,ecl,aggregate_load,96,42,xgboost,272212.41478681884
1970-01-01 00:00:00.000000058,ecl,aggregate_load,96,42,xgboost,265978.3853436657
1970-01-01 00:00:00.000000058,ecl,aggregate_load,96,42,xgboost,270114.5224048885
1970-01-01 00:00:00.000000058,ecl,aggregate_load,96,42,xgboost,270404.7947604127
1970-01-01 00:00:00.000000058,ecl,aggregate_load,96,42,xgboost,272348.83210275625
1970-01-01 00:00:00.000000058,ecl,aggregate_load,96,42,xgboost,277585.56203822774
1970-01-01 00:00:00.000000058,ecl,aggregate_load,96,42,xgboost,274070.9758185014
1970-01-01 00:00:00.000000058,ecl,aggregate_load,96,42,xgboost,274211.51060736534
1970-01-01 00:00:00.000000058,ecl,aggregate_load,96,42,xgboost,276516.08854842925
1970-01-01 00:00:00.000000058,ecl,aggregate_load,96,42,xgboost,277095.51949342777
1970-01-01 00:00:00.000000058,ecl,aggregate_load,96,42,xgboost,282705.4584777109
1970-01-01 00:00:00.000000058,ecl,aggregate_load,96,42,xgboost,278811.83371324936
1970-01-01 00:00:00.000000058,ecl,aggregate_load,96,42,xgboost,284618.7692512314
1970-01-01 00:00:00.000000058,ecl,aggregate_load,96,42,xgboost,279114.7159351073
1970-01-01 00:00:00.000000058,ecl,aggregate_load,96,42,xgboost,275560.9089562579
1970-01-01 00:00:00.000000058,ecl,aggregate_load,96,42,xgboost,279259.0339673055
1970-01-01 00:00:00.000000058,ecl,aggregate_load,96,42,xgboost,279770.05843022274
1970-01-01 00:00:00.000000058,ecl,aggregate_load,96,42,xgboost,274398.74087375053
1970-01-01 00:00:00.000000058,ecl,aggregate_load,96,42,xgboost,278178.61023002444
1970-01-01 00:00:00.000000058,ecl,aggregate_load,96,42,xgboost,274273.89135415084
1970-01-01 00:00:00.000000058,ecl,aggregate_load,96,42,xgboost,262713.35317804426
1970-01-01 00:00:00.000000058,ecl,aggregate_load,96,42,xgboost,274345.4911597771
1970-01-01 00:00:00.000000058,ecl,aggregate_load,96,42,xgboost,277117.35707561113
1970-01-01 00:00:00.000000058,ecl,aggregate_load,96,42,xgboost,280086.99042649963
1970-01-01 00:00:00.000000058,ecl,aggregate_load,96,42,xgboost,278829.5599594774
1970-01-01 00:00:00.000000058,ecl,aggregate_load,96,42,xgboost,283490.603318178
1970-01-01 00:00:00.000000058,ecl,aggregate_load,96,42,xgboost,279605.5417244325
1970-01-01 00:00:00.000000058,ecl,aggregate_load,96,42,xgboost,279563.87677181134
1970-01-01 00:00:00.000000058,ecl,aggregate_load,96,42,xgboost,272540.0936910359
1970-01-01 00:00:00.000000058,ecl,aggregate_load,96,42,xgboost,267946.9735007805
1970-01-01 00:00:00.000000058,ecl,aggregate_load,96,42,xgboost,265827.3395279165
1970-01-01 00:00:00.000000058,ecl,aggregate_load,96,42,xgboost,264681.70947605075
1970-01-01 00:00:00.000000058,ecl,aggregate_load,96,42,xgboost,259702.59085554475
1970-01-01 00:00:00.000000058,ecl,aggregate_load,96,42,xgboost,263444.27619604004
1970-01-01 00:00:00.000000058,ecl,aggregate_load,96,42,xgboost,254817.8690034578
1970-01-01 00:00:00.000000058,ecl,aggregate_load,96,42,xgboost,250350.89199683108
1970-01-01 00:00:00.000000058,ecl,aggregate_load,96,42,xgboost,238841.716953514
1970-01-01 00:00:00.000000058,ecl,aggregate_load,96,42,xgboost,240810.910930442
1970-01-01 00:00:00.000000058,ecl,aggregate_load,96,42,xgboost,242878.50061917165
1970-01-01 00:00:00.000000058,ecl,aggregate_load,96,42,xgboost,245354.99743508923
1970-01-01 00:00:00.000000058,ecl,aggregate_load,96,42,xgboost,244624.86914264542
1970-01-01 00:00:00.000000058,ecl,aggregate_load,96,42,xgboost,241031.12747706132
1970-01-01 00:00:00.000000058,ecl,aggregate_load,96,42,xgboost,251313.24129689703
1970-01-01 00:00:00.000000058,ecl,aggregate_load,96,42,xgboost,264005.2465283773
1970-01-01 00:00:00.000000058,ecl,aggregate_load,96,42,xgboost,268140.59598185547
1970-01-01 00:00:00.000000058,ecl,aggregate_load,96,42,xgboost,268034.9272154248
1970-01-01 00:00:00.000000058,ecl,aggregate_load,96,42,xgboost,272968.1113683513
1970-01-01 00:00:00.000000058,ecl,aggregate_load,96,42,xgboost,261245.30509835982
1970-01-01 00:00:00.000000058,ecl,aggregate_load,96,42,xgboost,259308.97994148018
1970-01-01 00:00:00.000000058,ecl,aggregate_load,96,42,xgboost,251967.05272519603
1970-01-01 00:00:00.000000058,ecl,aggregate_load,96,42,xgboost,251174.18123824787
1970-01-01 00:00:00.000000058,ecl,aggregate_load,96,42,xgboost,254393.45994013408
1970-01-01 00:00:00.000000058,ecl,aggregate_load,96,42,xgboost,251057.01337520746
1970-01-01 00:00:00.000000058,ecl,aggregate_load,96,42,xgboost,249504.62040726197
1970-01-01 00:00:00.000000058,ecl,aggregate_load,96,42,xgboost,252418.76834422324
1970-01-01 00:00:00.000000058,ecl,aggregate_load,96,42,xgboost,251038.14261875258
1970-01-01 00:00:00.000000058,ecl,aggregate_load,96,42,xgboost,245319.40029218225
1970-01-01 00:00:00.000000058,ecl,aggregate_load,96,42,xgboost,250376.36578521048
1970-01-01 00:00:00.000000058,ecl,aggregate_load,96,42,xgboost,259965.0722758621
1970-01-01 00:00:00.000000058,ecl,aggregate_load,96,42,xgboost,252516.12257237616
1970-01-01 00:00:00.000000058,ecl,aggregate_load,96,42,xgboost,257190.15248196735
1970-01-01 00:00:00.000000058,ecl,aggregate_load,96,42,xgboost,257630.62980738198
1970-01-01 00:00:00.000000058,ecl,aggregate_load,96,42,xgboost,259002.68085953596
1970-01-01 00:00:00.000000058,ecl,aggregate_load,96,42,xgboost,268278.54911531135
1970-01-01 00:00:00.000000058,ecl,aggregate_load,96,42,xgboost,258835.53858002098
1970-01-01 00:00:00.000000058,ecl,aggregate_load,96,42,xgboost,255202.0588547791
1970-01-01 00:00:00.000000058,ecl,aggregate_load,96,42,xgboost,253876.69304225824
1970-01-01 00:00:00.000000059,ecl,aggregate_load,96,42,xgboost,263552.9389171917
1970-01-01 00:00:00.000000059,ecl,aggregate_load,96,42,xgboost,250040.62736008546
1970-01-01 00:00:00.000000059,ecl,aggregate_load,96,42,xgboost,247808.22577290155
1970-01-01 00:00:00.000000059,ecl,aggregate_load,96,42,xgboost,254990.58537863343
1970-01-01 00:00:00.000000059,ecl,aggregate_load,96,42,xgboost,257263.96236407617
1970-01-01 00:00:00.000000059,ecl,aggregate_load,96,42,xgboost,260926.3946346976
1970-01-01 00:00:00.000000059,ecl,aggregate_load,96,42,xgboost,256823.76115007827
1970-01-01 00:00:00.000000059,ecl,aggregate_load,96,42,xgboost,260803.2806249823
1970-01-01 00:00:00.000000059,ecl,aggregate_load,96,42,xgboost,267728.4686213481
1970-01-01 00:00:00.000000059,ecl,aggregate_load,96,42,xgboost,263135.15295966674
1970-01-01 00:00:00.000000059,ecl,aggregate_load,96,42,xgboost,264933.37964878615
1970-01-01 00:00:00.000000059,ecl,aggregate_load,96,42,xgboost,263123.41527484456
1970-01-01 00:00:00.000000059,ecl,aggregate_load,96,42,xgboost,260015.54135568047
1970-01-01 00:00:00.000000059,ecl,aggregate_load,96,42,xgboost,264614.49461705715
1970-01-01 00:00:00.000000059,ecl,aggregate_load,96,42,xgboost,275579.65180276585
1970-01-01 00:00:00.000000059,ecl,aggregate_load,96,42,xgboost,268705.2524161251
1970-01-01 00:00:00.000000059,ecl,aggregate_load,96,42,xgboost,274713.6123125954
1970-01-01 00:00:00.000000059,ecl,aggregate_load,96,42,xgboost,268756.1223856429
1970-01-01 00:00:00.000000059,ecl,aggregate_load,96,42,xgboost,269476.3626119615
1970-01-01 00:00:00.000000059,ecl,aggregate_load,96,42,xgboost,272093.5476747512
1970-01-01 00:00:00.000000059,ecl,aggregate_load,96,42,xgboost,263508.3885458739
1970-01-01 00:00:00.000000059,ecl,aggregate_load,96,42,xgboost,266709.2194975279
1970-01-01 00:00:00.000000059,ecl,aggregate_load,96,42,xgboost,273882.82137495273
1970-01-01 00:00:00.000000059,ecl,aggregate_load,96,42,xgboost,275216.0086993852
1970-01-01 00:00:00.000000059,ecl,aggregate_load,96,42,xgboost,270287.0722142408
1970-01-01 00:00:00.000000059,ecl,aggregate_load,96,42,xgboost,268668.2664342322
1970-01-01 00:00:00.000000059,ecl,aggregate_load,96,42,xgboost,270394.751000116
1970-01-01 00:00:00.000000059,ecl,aggregate_load,96,42,xgboost,263936.02010184125
1970-01-01 00:00:00.000000059,ecl,aggregate_load,96,42,xgboost,265271.0673334415
1970-01-01 00:00:00.000000059,ecl,aggregate_load,96,42,xgboost,266507.05782325333
1970-01-01 00:00:00.000000059,ecl,aggregate_load,96,42,xgboost,268564.5545357676
1970-01-01 00:00:00.000000059,ecl,aggregate_load,96,42,xgboost,269260.23851380683
1970-01-01 00:00:00.000000059,ecl,aggregate_load,96,42,xgboost,270791.4396736847
1970-01-01 00:00:00.000000059,ecl,aggregate_load,96,42,xgboost,267513.96219817066
1970-01-01 00:00:00.000000059,ecl,aggregate_load,96,42,xgboost,262076.67652265495
1970-01-01 00:00:00.000000059,ecl,aggregate_load,96,42,xgboost,264966.2148680314
1970-01-01 00:00:00.000000059,ecl,aggregate_load,96,42,xgboost,264692.78557255067
1970-01-01 00:00:00.000000059,ecl,aggregate_load,96,42,xgboost,261471.22120503313
1970-01-01 00:00:00.000000059,ecl,aggregate_load,96,42,xgboost,260787.9591068318
1970-01-01 00:00:00.000000059,ecl,aggregate_load,96,42,xgboost,257898.44092325852
1970-01-01 00:00:00.000000059,ecl,aggregate_load,96,42,xgboost,257917.0781127752
1970-01-01 00:00:00.000000059,ecl,aggregate_load,96,42,xgboost,255188.39112418718
1970-01-01 00:00:00.000000059,ecl,aggregate_load,96,42,xgboost,259777.2146075645
1970-01-01 00:00:00.000000059,ecl,aggregate_load,96,42,xgboost,260656.05030623847
1970-01-01 00:00:00.000000059,ecl,aggregate_load,96,42,xgboost,259434.9400566802
1970-01-01 00:00:00.000000059,ecl,aggregate_load,96,42,xgboost,266902.44801244367
1970-01-01 00:00:00.000000059,ecl,aggregate_load,96,42,xgboost,267479.36979033257
1970-01-01 00:00:00.000000059,ecl,aggregate_load,96,42,xgboost,267181.4756589239
1970-01-01 00:00:00.000000059,ecl,aggregate_load,96,42,xgboost,265838.76477253425
1970-01-01 00:00:00.000000059,ecl,aggregate_load,96,42,xgboost,269063.1883809455
1970-01-01 00:00:00.000000059,ecl,aggregate_load,96,42,xgboost,266537.5698340784
1970-01-01 00:00:00.000000059,ecl,aggregate_load,96,42,xgboost,268847.652368042
1970-01-01 00:00:00.000000059,ecl,aggregate_load,96,42,xgboost,268419.9451680141
1970-01-01 00:00:00.000000059,ecl,aggregate_load,96,42,xgboost,271510.2709518908
1970-01-01 00:00:00.000000060,ecl,aggregate_load,96,42,xgboost,268521.91973314504
1970-01-01 00:00:00.000000060,ecl,aggregate_load,96,42,xgboost,268880.56344853534
1970-01-01 00:00:00.000000060,ecl,aggregate_load,96,42,xgboost,272087.649851373
1970-01-01 00:00:00.000000060,ecl,aggregate_load,96,42,xgboost,259902.5327499127
1970-01-01 00:00:00.000000060,ecl,aggregate_load,96,42,xgboost,258952.16005454317
1970-01-01 00:00:00.000000060,ecl,aggregate_load,96,42,xgboost,260239.94413612006
1970-01-01 00:00:00.000000060,ecl,aggregate_load,96,42,xgboost,260272.57667684497
1970-01-01 00:00:00.000000060,ecl,aggregate_load,96,42,xgboost,261762.92652962563
1970-01-01 00:00:00.000000060,ecl,aggregate_load,96,42,xgboost,260985.88554008259
1970-01-01 00:00:00.000000060,ecl,aggregate_load,96,42,xgboost,271748.55162871344
1970-01-01 00:00:00.000000060,ecl,aggregate_load,96,42,xgboost,265550.2382822964
1970-01-01 00:00:00.000000060,ecl,aggregate_load,96,42,xgboost,268825.4537370676
1970-01-01 00:00:00.000000060,ecl,aggregate_load,96,42,xgboost,271463.7558777109
1970-01-01 00:00:00.000000060,ecl,aggregate_load,96,42,xgboost,260298.6542845558
1970-01-01 00:00:00.000000060,ecl,aggregate_load,96,42,xgboost,268529.3454283367
1970-01-01 00:00:00.000000060,ecl,aggregate_load,96,42,xgboost,267506.39081099094
1970-01-01 00:00:00.000000060,ecl,aggregate_load,96,42,xgboost,271479.7081970823
1970-01-01 00:00:00.000000060,ecl,aggregate_load,96,42,xgboost,264715.05923937494
1970-01-01 00:00:00.000000060,ecl,aggregate_load,96,42,xgboost,264541.6496265437
1970-01-01 00:00:00.000000060,ecl,aggregate_load,96,42,xgboost,262410.28970996407
1970-01-01 00:00:00.000000060,ecl,aggregate_load,96,42,xgboost,261852.24014572383
1970-01-01 00:00:00.000000060,ecl,aggregate_load,96,42,xgboost,266332.79317162203
1970-01-01 00:00:00.000000060,ecl,aggregate_load,96,42,xgboost,263991.5841895551
1970-01-01 00:00:00.000000060,ecl,aggregate_load,96,42,xgboost,267557.6466622435
1970-01-01 00:00:00.000000060,ecl,aggregate_load,96,42,xgboost,262659.6208004548
1970-01-01 00:00:00.000000060,ecl,aggregate_load,96,42,xgboost,273555.2698614443
1970-01-01 00:00:00.000000060,ecl,aggregate_load,96,42,xgboost,264093.03243004176
1970-01-01 00:00:00.000000060,ecl,aggregate_load,96,42,xgboost,260042.09244739878
1970-01-01 00:00:00.000000060,ecl,aggregate_load,96,42,xgboost,260226.64823483714
1970-01-01 00:00:00.000000060,ecl,aggregate_load,96,42,xgboost,259358.60161292995
1970-01-01 00:00:00.000000060,ecl,aggregate_load,96,42,xgboost,264907.91377100255
1970-01-01 00:00:00.000000060,ecl,aggregate_load,96,42,xgboost,264343.81489015976
1970-01-01 00:00:00.000000060,ecl,aggregate_load,96,42,xgboost,262273.5802631194
1970-01-01 00:00:00.000000060,ecl,aggregate_load,96,42,xgboost,263331.6881953273
1970-01-01 00:00:00.000000060,ecl,aggregate_load,96,42,xgboost,257054.35067660137
1970-01-01 00:00:00.000000060,ecl,aggregate_load,96,42,xgboost,251731.245917776
1970-01-01 00:00:00.000000060,ecl,aggregate_load,96,42,xgboost,253366.5016057579
1970-01-01 00:00:00.000000060,ecl,aggregate_load,96,42,xgboost,252672.59672800708
1970-01-01 00:00:00.000000060,ecl,aggregate_load,96,42,xgboost,250349.5441231179
1970-01-01 00:00:00.000000060,ecl,aggregate_load,96,42,xgboost,248551.81215350525
1970-01-01 00:00:00.000000060,ecl,aggregate_load,96,42,xgboost,253878.13223934532
1970-01-01 00:00:00.000000060,ecl,aggregate_load,96,42,xgboost,256621.60656446297
1970-01-01 00:00:00.000000060,ecl,aggregate_load,96,42,xgboost,263073.13372128445
1970-01-01 00:00:00.000000060,ecl,aggregate_load,96,42,xgboost,268335.3044080378
1970-01-01 00:00:00.000000060,ecl,aggregate_load,96,42,xgboost,266555.65681944235
1970-01-01 00:00:00.000000060,ecl,aggregate_load,96,42,xgboost,279722.2870906952
1970-01-01 00:00:00.000000060,ecl,aggregate_load,96,42,xgboost,266198.1293965667
1970-01-01 00:00:00.000000060,ecl,aggregate_load,96,42,xgboost,273668.8266716113
1970-01-01 00:00:00.000000060,ecl,aggregate_load,96,42,xgboost,264454.52776366635
1970-01-01 00:00:00.000000060,ecl,aggregate_load,96,42,xgboost,262401.66829773167
1970-01-01 00:00:00.000000060,ecl,aggregate_load,96,42,xgboost,265083.3099821817
1970-01-01 00:00:00.000000060,ecl,aggregate_load,96,42,xgboost,264015.26936405577
1970-01-01 00:00:00.000000060,ecl,aggregate_load,96,42,xgboost,266114.9017482801
1970-01-01 00:00:00.000000060,ecl,aggregate_load,96,42,xgboost,263147.81835527805
1970-01-01 00:00:00.000000060,ecl,aggregate_load,96,42,xgboost,263449.645830358
1970-01-01 00:00:00.000000060,ecl,aggregate_load,96,42,xgboost,264744.8407968408
1970-01-01 00:00:00.000000060,ecl,aggregate_load,96,42,xgboost,262314.73767706455
1970-01-01 00:00:00.000000060,ecl,aggregate_load,96,42,xgboost,268471.26735975646
1970-01-01 00:00:00.000000060,ecl,aggregate_load,96,42,xgboost,270813.5792584252
1970-01-01 00:00:00.000000060,ecl,aggregate_load,96,42,xgboost,274926.8000899378
1970-01-01 00:00:00.000000060,ecl,aggregate_load,96,42,xgboost,285713.6915161668
1970-01-01 00:00:00.000000060,ecl,aggregate_load,96,42,xgboost,284174.3597298904
1970-01-01 00:00:00.000000060,ecl,aggregate_load,96,42,xgboost,285585.23031482537
1970-01-01 00:00:00.000000060,ecl,aggregate_load,96,42,xgboost,293914.6084177704
1970-01-01 00:00:00.000000060,ecl,aggregate_load,96,42,xgboost,287576.05243074714
1970-01-01 00:00:00.000000060,ecl,aggregate_load,96,42,xgboost,282956.25972990505
1970-01-01 00:00:00.000000060,ecl,aggregate_load,96,42,xgboost,285362.1703153916
1970-01-01 00:00:00.000000060,ecl,aggregate_load,96,42,xgboost,279169.1724502361
1970-01-01 00:00:00.000000060,ecl,aggregate_load,96,42,xgboost,296252.9121992006
1970-01-01 00:00:00.000000060,ecl,aggregate_load,96,42,xgboost,290517.202128653
1970-01-01 00:00:00.000000060,ecl,aggregate_load,96,42,xgboost,288823.75397475687
1970-01-01 00:00:00.000000060,ecl,aggregate_load,96,42,xgboost,286365.5203797834
1970-01-01 00:00:00.000000060,ecl,aggregate_load,96,42,xgboost,289416.1495599372
1970-01-01 00:00:00.000000060,ecl,aggregate_load,96,42,xgboost,306215.7520770467
1970-01-01 00:00:00.000000060,ecl,aggregate_load,96,42,xgboost,295812.4659139601
1970-01-01 00:00:00.000000060,ecl,aggregate_load,96,42,xgboost,295193.0403217189
1970-01-01 00:00:00.000000060,ecl,aggregate_load,96,42,xgboost,298057.9474376982
1970-01-01 00:00:00.000000060,ecl,aggregate_load,96,42,xgboost,304964.91449253197
1970-01-01 00:00:00.000000060,ecl,aggregate_load,96,42,xgboost,292361.3257016546
1970-01-01 00:00:00.000000060,ecl,aggregate_load,96,42,xgboost,295064.605879168
1970-01-01 00:00:00.000000060,ecl,aggregate_load,96,42,xgboost,300813.38476266764
1970-01-01 00:00:00.000000060,ecl,aggregate_load,96,42,xgboost,303583.67889092705
1970-01-01 00:00:00.000000060,ecl,aggregate_load,96,42,xgboost,304037.3262488159
1970-01-01 00:00:00.000000060,ecl,aggregate_load,96,42,xgboost,302360.13695298653
1970-01-01 00:00:00.000000060,ecl,aggregate_load,96,42,xgboost,302699.981524649
1970-01-01 00:00:00.000000060,ecl,aggregate_load,96,42,xgboost,301593.728950327
1970-01-01 00:00:00.000000060,ecl,aggregate_load,96,42,xgboost,308413.75487245683
1970-01-01 00:00:00.000000060,ecl,aggregate_load,96,42,xgboost,314086.7551272555
1970-01-01 00:00:00.000000060,ecl,aggregate_load,96,42,xgboost,298702.5151396184
1970-01-01 00:00:00.000000060,ecl,aggregate_load,96,42,xgboost,298843.68999387213
1970-01-01 00:00:00.000000060,ecl,aggregate_load,96,42,xgboost,292383.9095044526
1970-01-01 00:00:00.000000060,ecl,aggregate_load,96,42,xgboost,294835.3998564122
1970-01-01 00:00:00.000000060,ecl,aggregate_load,96,42,xgboost,300243.5320274075
1970-01-01 00:00:00.000000060,ecl,aggregate_load,96,42,xgboost,299243.91967938765
1970-01-01 00:00:00.000000060,ecl,aggregate_load,96,42,xgboost,295654.55457613984
1970-01-01 00:00:00.000000060,ecl,aggregate_load,96,42,xgboost,303304.2190782174
1970-01-01 00:00:00.000000060,ecl,aggregate_load,96,42,xgboost,306503.55278538243
1970-01-01 00:00:00.000000060,ecl,aggregate_load,96,42,xgboost,305672.2138092396
1970-01-01 00:00:00.000000060,ecl,aggregate_load,96,42,xgboost,312352.9392372474
1970-01-01 00:00:00.000000060,ecl,aggregate_load,96,42,xgboost,310767.08932052506
1970-01-01 00:00:00.000000060,ecl,aggregate_load,96,42,xgboost,306152.4126821671
1970-01-01 00:00:00.000000060,ecl,aggregate_load,96,42,xgboost,304532.2105174913
1970-01-01 00:00:00.000000060,ecl,aggregate_load,96,42,xgboost,322641.37155320495
1970-01-01 00:00:00.000000060,ecl,aggregate_load,96,42,xgboost,311515.69566804846
1970-01-01 00:00:00.000000060,ecl,aggregate_load,96,42,xgboost,319877.5207890105
1970-01-01 00:00:00.000000060,ecl,aggregate_load,96,42,xgboost,314342.2348939861
1970-01-01 00:00:00.000000060,ecl,aggregate_load,96,42,xgboost,318841.4602727244
1970-01-01 00:00:00.000000060,ecl,aggregate_load,96,42,xgboost,323200.0419100097
1970-01-01 00:00:00.000000060,ecl,aggregate_load,96,42,xgboost,314285.8529497881
1970-01-01 00:00:00.000000060,ecl,aggregate_load,96,42,xgboost,325917.9225264007
1970-01-01 00:00:00.000000060,ecl,aggregate_load,96,42,xgboost,322519.51555466186
1970-01-01 00:00:00.000000060,ecl,aggregate_load,96,42,xgboost,312372.8158615579
1970-01-01 00:00:00.000000060,ecl,aggregate_load,96,42,xgboost,316944.0970329114
1970-01-01 00:00:00.000000060,ecl,aggregate_load,96,42,xgboost,320408.16707432474
1970-01-01 00:00:00.000000060,ecl,aggregate_load,96,42,xgboost,321086.65542115987
1970-01-01 00:00:00.000000060,ecl,aggregate_load,96,42,xgboost,323875.1185845903
1970-01-01 00:00:00.000000060,ecl,aggregate_load,96,42,xgboost,331103.0270452509
1970-01-01 00:00:00.000000060,ecl,aggregate_load,96,42,xgboost,316010.5339480548
1970-01-01 00:00:00.000000060,ecl,aggregate_load,96,42,xgboost,326900.6511596283
1970-01-01 00:00:00.000000060,ecl,aggregate_load,96,42,xgboost,331077.96127164207
1970-01-01 00:00:00.000000060,ecl,aggregate_load,96,42,xgboost,328170.00830091164
1970-01-01 00:00:00.000000060,ecl,aggregate_load,96,42,xgboost,332688.11000432895
1970-01-01 00:00:00.000000060,ecl,aggregate_load,96,42,xgboost,333818.75283268886
1970-01-01 00:00:00.000000060,ecl,aggregate_load,96,42,xgboost,343755.37355712074
1970-01-01 00:00:00.000000060,ecl,aggregate_load,96,42,xgboost,326900.8715252988
1970-01-01 00:00:00.000000060,ecl,aggregate_load,96,42,xgboost,327121.0492612959
1970-01-01 00:00:00.000000060,ecl,aggregate_load,96,42,xgboost,333450.79042870103
1970-01-01 00:00:00.000000060,ecl,aggregate_load,96,42,xgboost,339651.9384942378
1970-01-01 00:00:00.000000060,ecl,aggregate_load,96,42,xgboost,341315.57627866766
1970-01-01 00:00:00.000000060,ecl,aggregate_load,96,42,xgboost,344279.1463456613
1970-01-01 00:00:00.000000060,ecl,aggregate_load,96,42,xgboost,348205.27380020823
1970-01-01 00:00:00.000000060,ecl,aggregate_load,96,42,xgboost,342463.8580560463
1970-01-01 00:00:00.000000060,ecl,aggregate_load,96,42,xgboost,353539.8455332454
1970-01-01 00:00:00.000000060,ecl,aggregate_load,96,42,xgboost,365150.3132315025
1970-01-01 00:00:00.000000060,ecl,aggregate_load,96,42,xgboost,356792.7139503998
1970-01-01 00:00:00.000000060,ecl,aggregate_load,96,42,xgboost,345660.63790261484
1970-01-01 00:00:00.000000060,ecl,aggregate_load,96,42,xgboost,341040.417442412
1970-01-01 00:00:00.000000060,ecl,aggregate_load,96,42,xgboost,334432.7347467561
1970-01-01 00:00:00.000000060,ecl,aggregate_load,96,42,xgboost,344008.94619140314
1970-01-01 00:00:00.000000060,ecl,aggregate_load,96,42,xgboost,325191.54424853326
1970-01-01 00:00:00.000000060,ecl,aggregate_load,96,42,xgboost,329643.91300370387
1970-01-01 00:00:00.000000060,ecl,aggregate_load,96,42,xgboost,322546.62255594437
1970-01-01 00:00:00.000000060,ecl,aggregate_load,96,42,xgboost,326666.6280801329
1970-01-01 00:00:00.000000060,ecl,aggregate_load,96,42,xgboost,329849.91437446605
1970-01-01 00:00:00.000000060,ecl,aggregate_load,96,42,xgboost,329041.74246987386
1970-01-01 00:00:00.000000060,ecl,aggregate_load,96,42,xgboost,335700.89035681525
1970-01-01 00:00:00.000000060,ecl,aggregate_load,96,42,xgboost,327267.93308324105
1970-01-01 00:00:00.000000060,ecl,aggregate_load,96,42,xgboost,320200.54787528754
1970-01-01 00:00:00.000000060,ecl,aggregate_load,96,42,xgboost,316943.5792477346
1970-01-01 00:00:00.000000060,ecl,aggregate_load,96,42,xgboost,342094.239866101
1970-01-01 00:00:00.000000060,ecl,aggregate_load,96,42,xgboost,326858.47319295694
1970-01-01 00:00:00.000000060,ecl,aggregate_load,96,42,xgboost,310846.1264198996
1970-01-01 00:00:00.000000060,ecl,aggregate_load,96,42,xgboost,306821.6154311519
1970-01-01 00:00:00.000000060,ecl,aggregate_load,96,42,xgboost,305584.0036070402
1970-01-01 00:00:00.000000060,ecl,aggregate_load,96,42,xgboost,295557.0901329201
1970-01-01 00:00:00.000000060,ecl,aggregate_load,96,42,xgboost,291754.10928429506
1970-01-01 00:00:00.000000060,ecl,aggregate_load,96,42,xgboost,310239.1080959382
1970-01-01 00:00:00.000000060,ecl,aggregate_load,96,42,xgboost,273908.11552661326
1970-01-01 00:00:00.000000060,ecl,aggregate_load,96,42,xgboost,276395.8017207855
1970-01-01 00:00:00.000000060,ecl,aggregate_load,96,42,xgboost,256067.3495758274
1970-01-01 00:00:00.000000060,ecl,aggregate_load,96,42,xgboost,251014.3237837753
1970-01-01 00:00:00.000000060,ecl,aggregate_load,96,42,xgboost,267257.5191292984
1970-01-01 00:00:00.000000060,ecl,aggregate_load,96,42,xgboost,262806.889936396
1970-01-01 00:00:00.000000060,ecl,aggregate_load,96,42,xgboost,277924.37208913395
1970-01-01 00:00:00.000000060,ecl,aggregate_load,96,42,xgboost,267209.6347700553
1970-01-01 00:00:00.000000060,ecl,aggregate_load,96,42,xgboost,258873.38810270932
1970-01-01 00:00:00.000000060,ecl,aggregate_load,96,42,xgboost,265881.1966131732
1970-01-01 00:00:00.000000060,ecl,aggregate_load,96,42,xgboost,256669.58756892502
1970-01-01 00:00:00.000000060,ecl,aggregate_load,96,42,xgboost,249937.79158088472
1970-01-01 00:00:00.000000060,ecl,aggregate_load,96,42,xgboost,234800.7812977084
1970-01-01 00:00:00.000000060,ecl,aggregate_load,96,42,xgboost,230354.654409371
1970-01-01 00:00:00.000000060,ecl,aggregate_load,96,42,xgboost,240189.3164860457
1970-01-01 00:00:00.000000060,ecl,aggregate_load,96,42,xgboost,234870.70614959122
1970-01-01 00:00:00.000000060,ecl,aggregate_load,96,42,xgboost,235051.47929735482
1970-01-01 00:00:00.000000060,ecl,aggregate_load,96,42,xgboost,236361.1302487953
1970-01-01 00:00:00.000000060,ecl,aggregate_load,96,42,xgboost,245658.02972289923
1970-01-01 00:00:00.000000060,ecl,aggregate_load,96,42,xgboost,241023.16661364704
1970-01-01 00:00:00.000000060,ecl,aggregate_load,96,42,xgboost,263680.0982860206
1970-01-01 00:00:00.000000060,ecl,aggregate_load,96,42,xgboost,256555.20401597407
1970-01-01 00:00:00.000000060,ecl,aggregate_load,96,42,xgboost,256011.26991282543
1970-01-01 00:00:00.000000060,ecl,aggregate_load,96,42,xgboost,237506.60596583528
1970-01-01 00:00:00.000000060,ecl,aggregate_load,96,42,xgboost,251659.6778212009
1970-01-01 00:00:00.000000060,ecl,aggregate_load,96,42,xgboost,244871.17993931143
1970-01-01 00:00:00.000000060,ecl,aggregate_load,96,42,xgboost,249180.50719405225
1970-01-01 00:00:00.000000060,ecl,aggregate_load,96,42,xgboost,253082.6036242663
1970-01-01 00:00:00.000000060,ecl,aggregate_load,96,42,xgboost,255055.62879258007
1970-01-01 00:00:00.000000060,ecl,aggregate_load,96,42,xgboost,266954.30244493374
1970-01-01 00:00:00.000000060,ecl,aggregate_load,96,42,xgboost,280216.4117451186
1970-01-01 00:00:00.000000060,ecl,aggregate_load,96,42,xgboost,248771.93722158624
1970-01-01 00:00:00.000000060,ecl,aggregate_load,96,42,xgboost,263420.3053358234
1970-01-01 00:00:00.000000060,ecl,aggregate_load,96,42,xgboost,255982.51040465527
1970-01-01 00:00:00.000000060,ecl,aggregate_load,96,42,xgboost,251300.2634711247
1970-01-01 00:00:00.000000060,ecl,aggregate_load,96,42,xgboost,248867.60551479328
1970-01-01 00:00:00.000000060,ecl,aggregate_load,96,42,xgboost,244405.82628145404
1970-01-01 00:00:00.000000060,ecl,aggregate_load,96,42,xgboost,251133.56332436771
1970-01-01 00:00:00.000000060,ecl,aggregate_load,96,42,xgboost,253323.7307028893
1970-01-01 00:00:00.000000060,ecl,aggregate_load,96,42,xgboost,254075.7553755158
1970-01-01 00:00:00.000000060,ecl,aggregate_load,96,42,xgboost,255359.2500683371
1970-01-01 00:00:00.000000060,ecl,aggregate_load,96,42,xgboost,243381.56759234433
1970-01-01 00:00:00.000000060,ecl,aggregate_load,96,42,xgboost,251726.43369930625
1970-01-01 00:00:00.000000060,ecl,aggregate_load,96,42,xgboost,261026.60880518533
1970-01-01 00:00:00.000000060,ecl,aggregate_load,96,42,xgboost,241397.4113282583
1970-01-01 00:00:00.000000060,ecl,aggregate_load,96,42,xgboost,244790.10643708622
1970-01-01 00:00:00.000000060,ecl,aggregate_load,96,42,xgboost,243765.4249870136
1970-01-01 00:00:00.000000060,ecl,aggregate_load,96,42,xgboost,244943.93071459036
1970-01-01 00:00:00.000000060,ecl,aggregate_load,96,42,xgboost,257099.94181766766
1970-01-01 00:00:00.000000060,ecl,aggregate_load,96,42,xgboost,248474.57496963182
1970-01-01 00:00:00.000000060,ecl,aggregate_load,96,42,xgboost,249722.8042731783
1970-01-01 00:00:00.000000060,ecl,aggregate_load,96,42,xgboost,242418.39984304295
1970-01-01 00:00:00.000000060,ecl,aggregate_load,96,42,xgboost,238996.48633111586
1970-01-01 00:00:00.000000060,ecl,aggregate_load,96,42,xgboost,241102.7537122392
1970-01-01 00:00:00.000000060,ecl,aggregate_load,96,42,xgboost,244467.34999097386
1970-01-01 00:00:00.000000060,ecl,aggregate_load,96,42,xgboost,237888.6955587569
1970-01-01 00:00:00.000000060,ecl,aggregate_load,96,42,xgboost,238245.87099518286
1970-01-01 00:00:00.000000060,ecl,aggregate_load,96,42,xgboost,262176.7545656242
1970-01-01 00:00:00.000000060,ecl,aggregate_load,96,42,xgboost,252068.67753227093
1970-01-01 00:00:00.000000060,ecl,aggregate_load,96,42,xgboost,251098.78651087228
1970-01-01 00:00:00.000000060,ecl,aggregate_load,96,42,xgboost,252368.84104600662
1970-01-01 00:00:00.000000060,ecl,aggregate_load,96,42,xgboost,249437.79783932038
1970-01-01 00:00:00.000000060,ecl,aggregate_load,96,42,xgboost,245715.03075148692
1970-01-01 00:00:00.000000060,ecl,aggregate_load,96,42,xgboost,244837.6930390255
1970-01-01 00:00:00.000000060,ecl,aggregate_load,96,42,xgboost,240922.91555082798
1970-01-01 00:00:00.000000060,ecl,aggregate_load,96,42,xgboost,246128.890443365
1970-01-01 00:00:00.000000060,ecl,aggregate_load,96,42,xgboost,251064.9758759886
1970-01-01 00:00:00.000000060,ecl,aggregate_load,96,42,xgboost,250168.49486065298
1970-01-01 00:00:00.000000060,ecl,aggregate_load,96,42,xgboost,249804.30808534834
1970-01-01 00:00:00.000000060,ecl,aggregate_load,96,42,xgboost,250404.7916466891
1970-01-01 00:00:00.000000060,ecl,aggregate_load,96,42,xgboost,261949.983563792
1970-01-01 00:00:00.000000060,ecl,aggregate_load,96,42,xgboost,258050.18415184002
1970-01-01 00:00:00.000000060,ecl,aggregate_load,96,42,xgboost,251385.05528285424
1970-01-01 00:00:00.000000060,ecl,aggregate_load,96,42,xgboost,257392.93539896174
1970-01-01 00:00:00.000000060,ecl,aggregate_load,96,42,xgboost,248082.6794637307
1970-01-01 00:00:00.000000060,ecl,aggregate_load,96,42,xgboost,252127.47173755136
1970-01-01 00:00:00.000000060,ecl,aggregate_load,96,42,xgboost,256370.71183450508
1970-01-01 00:00:00.000000060,ecl,aggregate_load,96,42,xgboost,248426.66110914876
1970-01-01 00:00:00.000000060,ecl,aggregate_load,96,42,xgboost,252290.3615267595
1970-01-01 00:00:00.000000060,ecl,aggregate_load,96,42,xgboost,246997.61756554872
1970-01-01 00:00:00.000000060,ecl,aggregate_load,96,42,xgboost,247619.536378435
1970-01-01 00:00:00.000000060,ecl,aggregate_load,96,42,xgboost,249216.29622666154
1970-01-01 00:00:00.000000060,ecl,aggregate_load,96,42,xgboost,245488.47573395286
1970-01-01 00:00:00.000000060,ecl,aggregate_load,96,42,xgboost,239615.55351553066
1970-01-01 00:00:00.000000060,ecl,aggregate_load,96,42,xgboost,248221.96309331633
1970-01-01 00:00:00.000000060,ecl,aggregate_load,96,42,xgboost,245401.38188400166
1970-01-01 00:00:00.000000060,ecl,aggregate_load,96,42,xgboost,243246.15413065918
1970-01-01 00:00:00.000000060,ecl,aggregate_load,96,42,xgboost,248311.10743189332
1970-01-01 00:00:00.000000060,ecl,aggregate_load,96,42,xgboost,248269.64733988894
1970-01-01 00:00:00.000000060,ecl,aggregate_load,96,42,xgboost,247667.27151825442
1970-01-01 00:00:00.000000060,ecl,aggregate_load,96,42,xgboost,250878.51993671464
1970-01-01 00:00:00.000000060,ecl,aggregate_load,96,42,xgboost,251421.9386896548
1970-01-01 00:00:00.000000060,ecl,aggregate_load,96,42,xgboost,253746.95509172766
1970-01-01 00:00:00.000000060,ecl,aggregate_load,96,42,xgboost,249087.59475364667
1970-01-01 00:00:00.000000060,ecl,aggregate_load,96,42,xgboost,248911.0102748474
1970-01-01 00:00:00.000000060,ecl,aggregate_load,96,42,xgboost,250687.12752463913
1970-01-01 00:00:00.000000060,ecl,aggregate_load,96,42,xgboost,253876.41711260215
1970-01-01 00:00:00.000000060,ecl,aggregate_load,96,42,xgboost,257351.94445241502
1970-01-01 00:00:00.000000060,ecl,aggregate_load,96,42,xgboost,260431.29167230582
1970-01-01 00:00:00.000000060,ecl,aggregate_load,96,42,xgboost,257768.73227872027
1970-01-01 00:00:00.000000060,ecl,aggregate_load,96,42,xgboost,255874.5212244715
1970-01-01 00:00:00.000000060,ecl,aggregate_load,96,42,xgboost,254399.42952202505
1970-01-01 00:00:00.000000060,ecl,aggregate_load,96,42,xgboost,256814.2917424162
1970-01-01 00:00:00.000000060,ecl,aggregate_load,96,42,xgboost,256778.95526099904
1970-01-01 00:00:00.000000060,ecl,aggregate_load,96,42,xgboost,266135.83706441236
1970-01-01 00:00:00.000000060,ecl,aggregate_load,96,42,xgboost,257504.66114272305
1970-01-01 00:00:00.000000060,ecl,aggregate_load,96,42,xgboost,260585.55312537658
1970-01-01 00:00:00.000000060,ecl,aggregate_load,96,42,xgboost,257374.72108664853
1970-01-01 00:00:00.000000060,ecl,aggregate_load,96,42,xgboost,264987.0586327724
1970-01-01 00:00:00.000000060,ecl,aggregate_load,96,42,xgboost,269044.4943078747
1970-01-01 00:00:00.000000060,ecl,aggregate_load,96,42,xgboost,276808.9561565519
1970-01-01 00:00:00.000000060,ecl,aggregate_load,96,42,xgboost,272666.70628600323
1970-01-01 00:00:00.000000060,ecl,aggregate_load,96,42,xgboost,268603.740056324
1970-01-01 00:00:00.000000060,ecl,aggregate_load,96,42,xgboost,296747.00781299593
1970-01-01 00:00:00.000000060,ecl,aggregate_load,96,42,xgboost,279050.1225011412
1970-01-01 00:00:00.000000060,ecl,aggregate_load,96,42,xgboost,262641.09192222805
1970-01-01 00:00:00.000000060,ecl,aggregate_load,96,42,xgboost,268089.9067758135
1970-01-01 00:00:00.000000060,ecl,aggregate_load,96,42,xgboost,259022.1257656417
1970-01-01 00:00:00.000000060,ecl,aggregate_load,96,42,xgboost,255631.5680090004
1970-01-01 00:00:00.000000060,ecl,aggregate_load,96,42,xgboost,254312.32677744215
1970-01-01 00:00:00.000000060,ecl,aggregate_load,96,42,xgboost,248573.9115584537
1970-01-01 00:00:00.000000060,ecl,aggregate_load,96,42,xgboost,261762.40217910733
1970-01-01 00:00:00.000000060,ecl,aggregate_load,96,42,xgboost,253078.84591065533
1970-01-01 00:00:00.000000060,ecl,aggregate_load,96,42,xgboost,247809.36436724392
1970-01-01 00:00:00.000000060,ecl,aggregate_load,96,42,xgboost,256689.9421586533
1970-01-01 00:00:00.000000061,ecl,aggregate_load,96,42,xgboost,257387.94889721452
1970-01-01 00:00:00.000000061,ecl,aggregate_load,96,42,xgboost,256926.35076555677
1970-01-01 00:00:00.000000061,ecl,aggregate_load,96,42,xgboost,266895.3218366131
1970-01-01 00:00:00.000000061,ecl,aggregate_load,96,42,xgboost,274272.46053473366
1970-01-01 00:00:00.000000061,ecl,aggregate_load,96,42,xgboost,262179.07555480144
1970-01-01 00:00:00.000000061,ecl,aggregate_load,96,42,xgboost,264709.1962076469
1970-01-01 00:00:00.000000061,ecl,aggregate_load,96,42,xgboost,270460.0930635132
1970-01-01 00:00:00.000000061,ecl,aggregate_load,96,42,xgboost,273180.7858215379
1970-01-01 00:00:00.000000061,ecl,aggregate_load,96,42,xgboost,281468.83407495037
1970-01-01 00:00:00.000000061,ecl,aggregate_load,96,42,xgboost,267257.7173424229
1970-01-01 00:00:00.000000061,ecl,aggregate_load,96,42,xgboost,272209.2344195778
1970-01-01 00:00:00.000000061,ecl,aggregate_load,96,42,xgboost,269704.74967660836
1970-01-01 00:00:00.000000061,ecl,aggregate_load,96,42,xgboost,289428.65019220696
1970-01-01 00:00:00.000000061,ecl,aggregate_load,96,42,xgboost,278807.83020863956
1970-01-01 00:00:00.000000061,ecl,aggregate_load,96,42,xgboost,276940.2283863256
1970-01-01 00:00:00.000000061,ecl,aggregate_load,96,42,xgboost,277284.89874335023
1970-01-01 00:00:00.000000061,ecl,aggregate_load,96,42,xgboost,276878.34294343035
1970-01-01 00:00:00.000000061,ecl,aggregate_load,96,42,xgboost,279466.47483333637
1970-01-01 00:00:00.000000061,ecl,aggregate_load,96,42,xgboost,275078.3825599253
1970-01-01 00:00:00.000000061,ecl,aggregate_load,96,42,xgboost,277372.58262516704
1970-01-01 00:00:00.000000061,ecl,aggregate_load,96,42,xgboost,278127.8739230032
1970-01-01 00:00:00.000000061,ecl,aggregate_load,96,42,xgboost,276279.82499161357
1970-01-01 00:00:00.000000061,ecl,aggregate_load,96,42,xgboost,278309.87012194464
1970-01-01 00:00:00.000000061,ecl,aggregate_load,96,42,xgboost,270145.01871361485
1970-01-01 00:00:00.000000061,ecl,aggregate_load,96,42,xgboost,267871.1423546409
1970-01-01 00:00:00.000000061,ecl,aggregate_load,96,42,xgboost,269884.4767410283
1970-01-01 00:00:00.000000061,ecl,aggregate_load,96,42,xgboost,266635.9485337771
1970-01-01 00:00:00.000000061,ecl,aggregate_load,96,42,xgboost,273308.45077211136
1970-01-01 00:00:00.000000061,ecl,aggregate_load,96,42,xgboost,276162.9130624757
1970-01-01 00:00:00.000000061,ecl,aggregate_load,96,42,xgboost,267054.14555821504
1970-01-01 00:00:00.000000061,ecl,aggregate_load,96,42,xgboost,273830.77986960864
1970-01-01 00:00:00.000000061,ecl,aggregate_load,96,42,xgboost,283787.2050983317
1970-01-01 00:00:00.000000061,ecl,aggregate_load,96,42,xgboost,282868.96086636576
1970-01-01 00:00:00.000000061,ecl,aggregate_load,96,42,xgboost,283814.3829693848
1970-01-01 00:00:00.000000061,ecl,aggregate_load,96,42,xgboost,279730.6529278511
1970-01-01 00:00:00.000000061,ecl,aggregate_load,96,42,xgboost,282558.7766746963
1970-01-01 00:00:00.000000061,ecl,aggregate_load,96,42,xgboost,264245.2548083207
1970-01-01 00:00:00.000000061,ecl,aggregate_load,96,42,xgboost,274680.89894999866
1970-01-01 00:00:00.000000061,ecl,aggregate_load,96,42,xgboost,268843.74131869996
1970-01-01 00:00:00.000000061,ecl,aggregate_load,96,42,xgboost,281215.2363739373
1970-01-01 00:00:00.000000061,ecl,aggregate_load,96,42,xgboost,279694.12505153014
1970-01-01 00:00:00.000000061,ecl,aggregate_load,96,42,xgboost,276199.47330255265
1970-01-01 00:00:00.000000061,ecl,aggregate_load,96,42,xgboost,275253.65077095904
1970-01-01 00:00:00.000000061,ecl,aggregate_load,96,42,xgboost,278533.2172397657
1970-01-01 00:00:00.000000061,ecl,aggregate_load,96,42,xgboost,283004.15049055574
1970-01-01 00:00:00.000000061,ecl,aggregate_load,96,42,xgboost,278459.19896940887
1970-01-01 00:00:00.000000061,ecl,aggregate_load,96,42,xgboost,281985.5107559877
1970-01-01 00:00:00.000000061,ecl,aggregate_load,96,42,xgboost,285082.50788592495
1970-01-01 00:00:00.000000061,ecl,aggregate_load,96,42,xgboost,287708.0152471648
1970-01-01 00:00:00.000000061,ecl,aggregate_load,96,42,xgboost,280714.26476101513
1970-01-01 00:00:00.000000061,ecl,aggregate_load,96,42,xgboost,278314.49973935325
1970-01-01 00:00:00.000000061,ecl,aggregate_load,96,42,xgboost,289339.91425941506
1970-01-01 00:00:00.000000061,ecl,aggregate_load,96,42,xgboost,289015.7617506063
1970-01-01 00:00:00.000000061,ecl,aggregate_load,96,42,xgboost,290933.5435705735
1970-01-01 00:00:00.000000061,ecl,aggregate_load,96,42,xgboost,286245.96703408234
1970-01-01 00:00:00.000000061,ecl,aggregate_load,96,42,xgboost,284611.0871871011
1970-01-01 00:00:00.000000061,ecl,aggregate_load,96,42,xgboost,283447.68236409646
1970-01-01 00:00:00.000000061,ecl,aggregate_load,96,42,xgboost,279467.87173540343
1970-01-01 00:00:00.000000061,ecl,aggregate_load,96,42,xgboost,282856.2729699257
1970-01-01 00:00:00.000000061,ecl,aggregate_load,96,42,xgboost,278105.1982901367
1970-01-01 00:00:00.000000061,ecl,aggregate_load,96,42,xgboost,274906.8176372046
1970-01-01 00:00:00.000000061,ecl,aggregate_load,96,42,xgboost,285947.0593158694
1970-01-01 00:00:00.000000061,ecl,aggregate_load,96,42,xgboost,284638.88086350774
1970-01-01 00:00:00.000000061,ecl,aggregate_load,96,42,xgboost,281871.1670915119
1970-01-01 00:00:00.000000061,ecl,aggregate_load,96,42,xgboost,281383.78372354544
1970-01-01 00:00:00.000000061,ecl,aggregate_load,96,42,xgboost,280944.9482636244
1970-01-01 00:00:00.000000061,ecl,aggregate_load,96,42,xgboost,277952.00395609863
1970-01-01 00:00:00.000000061,ecl,aggregate_load,96,42,xgboost,274740.0755584162
1970-01-01 00:00:00.000000061,ecl,aggregate_load,96,42,xgboost,276502.5160879355
1970-01-01 00:00:00.000000061,ecl,aggregate_load,96,42,xgboost,280452.84334556566
1970-01-01 00:00:00.000000061,ecl,aggregate_load,96,42,xgboost,275539.19513989845
1970-01-01 00:00:00.000000061,ecl,aggregate_load,96,42,xgboost,273003.7482323591
1970-01-01 00:00:00.000000061,ecl,aggregate_load,96,42,xgboost,276314.5689261698
1970-01-01 00:00:00.000000061,ecl,aggregate_load,96,42,xgboost,269541.7018293518
1970-01-01 00:00:00.000000061,ecl,aggregate_load,96,42,xgboost,267625.7897791225
1970-01-01 00:00:00.000000061,ecl,aggregate_load,96,42,xgboost,263943.38490638236
1970-01-01 00:00:00.000000061,ecl,aggregate_load,96,42,xgboost,261599.4247932272
1970-01-01 00:00:00.000000061,ecl,aggregate_load,96,42,xgboost,266485.3086410812
1970-01-01 00:00:00.000000061,ecl,aggregate_load,96,42,xgboost,257893.17977398657
1970-01-01 00:00:00.000000061,ecl,aggregate_load,96,42,xgboost,263854.98503003985
1970-01-01 00:00:00.000000061,ecl,aggregate_load,96,42,xgboost,259297.32618618538
1970-01-01 00:00:00.000000061,ecl,aggregate_load,96,42,xgboost,258760.62930396208
1970-01-01 00:00:00.000000062,ecl,aggregate_load,96,42,xgboost,255280.66486106723
1970-01-01 00:00:00.000000062,ecl,aggregate_load,96,42,xgboost,267225.6147261883
1970-01-01 00:00:00.000000062,ecl,aggregate_load,96,42,xgboost,262932.6747571186
1970-01-01 00:00:00.000000062,ecl,aggregate_load,96,42,xgboost,263473.9184908869
1970-01-01 00:00:00.000000062,ecl,aggregate_load,96,42,xgboost,262193.3421222775
1970-01-01 00:00:00.000000062,ecl,aggregate_load,96,42,xgboost,267723.18160388776
1970-01-01 00:00:00.000000062,ecl,aggregate_load,96,42,xgboost,271402.4401959897
1970-01-01 00:00:00.000000062,ecl,aggregate_load,96,42,xgboost,263138.9404422806
1970-01-01 00:00:00.000000062,ecl,aggregate_load,96,42,xgboost,267293.92123180017
1970-01-01 00:00:00.000000062,ecl,aggregate_load,96,42,xgboost,265519.4165557264
1970-01-01 00:00:00.000000062,ecl,aggregate_load,96,42,xgboost,260069.6354098573
1970-01-01 00:00:00.000000062,ecl,aggregate_load,96,42,xgboost,261454.73082728218
1970-01-01 00:00:00.000000062,ecl,aggregate_load,96,42,xgboost,261627.91768920617
1970-01-01 00:00:00.000000062,ecl,aggregate_load,96,42,xgboost,263031.79429086734
1970-01-01 00:00:00.000000062,ecl,aggregate_load,96,42,xgboost,261241.7451706489
1970-01-01 00:00:00.000000062,ecl,aggregate_load,96,42,xgboost,259428.0127912387
1970-01-01 00:00:00.000000062,ecl,aggregate_load,96,42,xgboost,256903.58355240035
1970-01-01 00:00:00.000000062,ecl,aggregate_load,96,42,xgboost,252776.69217951133
1970-01-01 00:00:00.000000062,ecl,aggregate_load,96,42,xgboost,254361.67536062305
1970-01-01 00:00:00.000000062,ecl,aggregate_load,96,42,xgboost,251492.37316108381
1970-01-01 00:00:00.000000062,ecl,aggregate_load,96,42,xgboost,246927.49831801013
1970-01-01 00:00:00.000000062,ecl,aggregate_load,96,42,xgboost,248423.98321051532
1970-01-01 00:00:00.000000062,ecl,aggregate_load,96,42,xgboost,248352.04198726406
1970-01-01 00:00:00.000000062,ecl,aggregate_load,96,42,xgboost,248318.30548214956
1970-01-01 00:00:00.000000062,ecl,aggregate_load,96,42,xgboost,252202.22233570597
1970-01-01 00:00:00.000000062,ecl,aggregate_load,96,42,xgboost,249454.01789738832
1970-01-01 00:00:00.000000062,ecl,aggregate_load,96,42,xgboost,245479.24360320982
1970-01-01 00:00:00.000000062,ecl,aggregate_load,96,42,xgboost,246436.91845078394
1970-01-01 00:00:00.000000062,ecl,aggregate_load,96,42,xgboost,239267.26469834274
1970-01-01 00:00:00.000000062,ecl,aggregate_load,96,42,xgboost,236827.84847767148
1970-01-01 00:00:00.000000062,ecl,aggregate_load,96,42,xgboost,239087.9265873767
1970-01-01 00:00:00.000000062,ecl,aggregate_load,96,42,xgboost,247533.38484709244
1970-01-01 00:00:00.000000062,ecl,aggregate_load,96,42,xgboost,242332.46342329375
1970-01-01 00:00:00.000000062,ecl,aggregate_load,96,42,xgboost,241841.2003446864
1970-01-01 00:00:00.000000062,ecl,aggregate_load,96,42,xgboost,242081.0909600835
1970-01-01 00:00:00.000000062,ecl,aggregate_load,96,42,xgboost,241254.6163334738
1970-01-01 00:00:00.000000062,ecl,aggregate_load,96,42,xgboost,246817.4884528093
1970-01-01 00:00:00.000000062,ecl,aggregate_load,96,42,xgboost,247706.3674682472
1970-01-01 00:00:00.000000062,ecl,aggregate_load,96,42,xgboost,248888.56331066726
1970-01-01 00:00:00.000000062,ecl,aggregate_load,96,42,xgboost,246760.88906672838
1970-01-01 00:00:00.000000062,ecl,aggregate_load,96,42,xgboost,249026.58791370716
1970-01-01 00:00:00.000000062,ecl,aggregate_load,96,42,xgboost,253266.38010864798
1970-01-01 00:00:00.000000062,ecl,aggregate_load,96,42,xgboost,252110.91628129626
1970-01-01 00:00:00.000000062,ecl,aggregate_load,96,42,xgboost,259099.14809782206
1970-01-01 00:00:00.000000062,ecl,aggregate_load,96,42,xgboost,250200.74119852227
1970-01-01 00:00:00.000000062,ecl,aggregate_load,96,42,xgboost,253387.7704305216
1970-01-01 00:00:00.000000062,ecl,aggregate_load,96,42,xgboost,251062.5979689339
1970-01-01 00:00:00.000000062,ecl,aggregate_load,96,42,xgboost,254145.288689664
1970-01-01 00:00:00.000000062,ecl,aggregate_load,96,42,xgboost,256522.45259988648
1970-01-01 00:00:00.000000062,ecl,aggregate_load,96,42,xgboost,250259.74518727002
1970-01-01 00:00:00.000000062,ecl,aggregate_load,96,42,xgboost,253481.4787562669
1970-01-01 00:00:00.000000062,ecl,aggregate_load,96,42,xgboost,258059.94524540915
1970-01-01 00:00:00.000000062,ecl,aggregate_load,96,42,xgboost,260193.53282849523
1970-01-01 00:00:00.000000062,ecl,aggregate_load,96,42,xgboost,253559.1324166255
1970-01-01 00:00:00.000000062,ecl,aggregate_load,96,42,xgboost,257829.15034422185
1970-01-01 00:00:00.000000062,ecl,aggregate_load,96,42,xgboost,263118.99722306646
1970-01-01 00:00:00.000000062,ecl,aggregate_load,96,42,xgboost,262423.5717554398
1970-01-01 00:00:00.000000062,ecl,aggregate_load,96,42,xgboost,264103.9862782174
1970-01-01 00:00:00.000000062,ecl,aggregate_load,96,42,xgboost,264074.1295089747
1970-01-01 00:00:00.000000062,ecl,aggregate_load,96,42,xgboost,267962.5811638127
1970-01-01 00:00:00.000000062,ecl,aggregate_load,96,42,xgboost,259615.50576361959
1970-01-01 00:00:00.000000062,ecl,aggregate_load,96,42,xgboost,257531.9251792342
1970-01-01 00:00:00.000000062,ecl,aggregate_load,96,42,xgboost,252922.37031368655
1970-01-01 00:00:00.000000062,ecl,aggregate_load,96,42,xgboost,250934.66780869584
1970-01-01 00:00:00.000000062,ecl,aggregate_load,96,42,xgboost,259281.08595159804
1970-01-01 00:00:00.000000062,ecl,aggregate_load,96,42,xgboost,257295.16047437835
1970-01-01 00:00:00.000000062,ecl,aggregate_load,96,42,xgboost,249548.07522203994
1970-01-01 00:00:00.000000062,ecl,aggregate_load,96,42,xgboost,254555.16838273176
1970-01-01 00:00:00.000000062,ecl,aggregate_load,96,42,xgboost,255906.1617469842
1970-01-01 00:00:00.000000062,ecl,aggregate_load,96,42,xgboost,258180.0042785507
1970-01-01 00:00:00.000000062,ecl,aggregate_load,96,42,xgboost,262429.70251834445
1970-01-01 00:00:00.000000062,ecl,aggregate_load,96,42,xgboost,266500.76705486927
1970-01-01 00:00:00.000000062,ecl,aggregate_load,96,42,xgboost,258145.39423045664
1970-01-01 00:00:00.000000062,ecl,aggregate_load,96,42,xgboost,264107.8898267579
1970-01-01 00:00:00.000000062,ecl,aggregate_load,96,42,xgboost,257471.48680113986
1970-01-01 00:00:00.000000062,ecl,aggregate_load,96,42,xgboost,263188.79646903323
1970-01-01 00:00:00.000000062,ecl,aggregate_load,96,42,xgboost,261662.40715450924
1970-01-01 00:00:00.000000062,ecl,aggregate_load,96,42,xgboost,260569.83961910484
1970-01-01 00:00:00.000000062,ecl,aggregate_load,96,42,xgboost,262970.20589381625
1970-01-01 00:00:00.000000062,ecl,aggregate_load,96,42,xgboost,259759.83291017916
1970-01-01 00:00:00.000000062,ecl,aggregate_load,96,42,xgboost,266010.8144982504
1970-01-01 00:00:00.000000062,ecl,aggregate_load,96,42,xgboost,258929.90861798762
1970-01-01 00:00:00.000000062,ecl,aggregate_load,96,42,xgboost,260312.65072069425
1970-01-01 00:00:00.000000062,ecl,aggregate_load,96,42,xgboost,261525.50066212902
1970-01-01 00:00:00.000000062,ecl,aggregate_load,96,42,xgboost,267363.48669070593
1970-01-01 00:00:00.000000062,ecl,aggregate_load,96,42,xgboost,271205.5240842998
1970-01-01 00:00:00.000000062,ecl,aggregate_load,96,42,xgboost,262137.8919691998
1970-01-01 00:00:00.000000062,ecl,aggregate_load,96,42,xgboost,272314.33871370106
1970-01-01 00:00:00.000000062,ecl,aggregate_load,96,42,xgboost,278663.93910960597
1970-01-01 00:00:00.000000062,ecl,aggregate_load,96,42,xgboost,277258.8657261792
1970-01-01 00:00:00.000000062,ecl,aggregate_load,96,42,xgboost,280208.97390076896
1970-01-01 00:00:00.000000062,ecl,aggregate_load,96,42,xgboost,283402.60198286717
1970-01-01 00:00:00.000000062,ecl,aggregate_load,96,42,xgboost,286153.17576858617
1970-01-01 00:00:00.000000062,ecl,aggregate_load,96,42,xgboost,289650.9696803859
1970-01-01 00:00:00.000000062,ecl,aggregate_load,96,42,xgboost,285102.02738025313
1970-01-01 00:00:00.000000062,ecl,aggregate_load,96,42,xgboost,284164.2202818857
1970-01-01 00:00:00.000000062,ecl,aggregate_load,96,42,xgboost,288522.17633910594
1970-01-01 00:00:00.000000062,ecl,aggregate_load,96,42,xgboost,282386.9588247068
1970-01-01 00:00:00.000000062,ecl,aggregate_load,96,42,xgboost,284530.71526338224
1970-01-01 00:00:00.000000062,ecl,aggregate_load,96,42,xgboost,280591.3642480407
1970-01-01 00:00:00.000000062,ecl,aggregate_load,96,42,xgboost,283354.47574592015
1970-01-01 00:00:00.000000062,ecl,aggregate_load,96,42,xgboost,285032.8190092002
1970-01-01 00:00:00.000000062,ecl,aggregate_load,96,42,xgboost,291740.0887439062
1970-01-01 00:00:00.000000062,ecl,aggregate_load,96,42,xgboost,283256.75649662997
1970-01-01 00:00:00.000000062,ecl,aggregate_load,96,42,xgboost,282807.3941798474
1970-01-01 00:00:00.000000062,ecl,aggregate_load,96,42,xgboost,289655.38778117794
1970-01-01 00:00:00.000000062,ecl,aggregate_load,96,42,xgboost,290558.5604230494
1970-01-01 00:00:00.000000062,ecl,aggregate_load,96,42,xgboost,291838.1444466069
1970-01-01 00:00:00.000000062,ecl,aggregate_load,96,42,xgboost,299465.25561742607
1970-01-01 00:00:00.000000062,ecl,aggregate_load,96,42,xgboost,297076.92289301957
1970-01-01 00:00:00.000000062,ecl,aggregate_load,96,42,xgboost,297743.267347762
1970-01-01 00:00:00.000000062,ecl,aggregate_load,96,42,xgboost,303712.45317885285
1970-01-01 00:00:00.000000062,ecl,aggregate_load,96,42,xgboost,293664.8405138403
1970-01-01 00:00:00.000000062,ecl,aggregate_load,96,42,xgboost,298640.33009440283
1970-01-01 00:00:00.000000062,ecl,aggregate_load,96,42,xgboost,303429.85664612986
1970-01-01 00:00:00.000000062,ecl,aggregate_load,96,42,xgboost,304301.8980991205
1970-01-01 00:00:00.000000062,ecl,aggregate_load,96,42,xgboost,301954.57875962596
1970-01-01 00:00:00.000000062,ecl,aggregate_load,96,42,xgboost,301246.10832314455
1970-01-01 00:00:00.000000062,ecl,aggregate_load,96,42,xgboost,300907.48338830523
1970-01-01 00:00:00.000000062,ecl,aggregate_load,96,42,xgboost,302149.240529478
1970-01-01 00:00:00.000000062,ecl,aggregate_load,96,42,xgboost,307767.8354667735
1970-01-01 00:00:00.000000062,ecl,aggregate_load,96,42,xgboost,309591.47644872154
1970-01-01 00:00:00.000000062,ecl,aggregate_load,96,42,xgboost,307412.85484553635
1970-01-01 00:00:00.000000062,ecl,aggregate_load,96,42,xgboost,307982.7871296774
1970-01-01 00:00:00.000000062,ecl,aggregate_load,96,42,xgboost,305316.5696859443
1970-01-01 00:00:00.000000062,ecl,aggregate_load,96,42,xgboost,308692.14777315984
1970-01-01 00:00:00.000000062,ecl,aggregate_load,96,42,xgboost,306895.0364884696
1970-01-01 00:00:00.000000062,ecl,aggregate_load,96,42,xgboost,314088.7653686185
1970-01-01 00:00:00.000000062,ecl,aggregate_load,96,42,xgboost,310343.0838436491
1970-01-01 00:00:00.000000062,ecl,aggregate_load,96,42,xgboost,314565.08780355187
1970-01-01 00:00:00.000000062,ecl,aggregate_load,96,42,xgboost,310541.48778412957
1970-01-01 00:00:00.000000062,ecl,aggregate_load,96,42,xgboost,310352.67556399276
1970-01-01 00:00:00.000000062,ecl,aggregate_load,96,42,xgboost,313082.8712074033
1970-01-01 00:00:00.000000062,ecl,aggregate_load,96,42,xgboost,320043.65586161567
1970-01-01 00:00:00.000000062,ecl,aggregate_load,96,42,xgboost,317295.96845566813
1970-01-01 00:00:00.000000062,ecl,aggregate_load,96,42,xgboost,317197.5198546707
1970-01-01 00:00:00.000000062,ecl,aggregate_load,96,42,xgboost,318821.39690273296
1970-01-01 00:00:00.000000062,ecl,aggregate_load,96,42,xgboost,320005.8904692098
1970-01-01 00:00:00.000000062,ecl,aggregate_load,96,42,xgboost,319874.9807635558
1970-01-01 00:00:00.000000062,ecl,aggregate_load,96,42,xgboost,324508.4489206407
1970-01-01 00:00:00.000000062,ecl,aggregate_load,96,42,xgboost,328173.7458841468
1970-01-01 00:00:00.000000062,ecl,aggregate_load,96,42,xgboost,328372.3846462508
1970-01-01 00:00:00.000000062,ecl,aggregate_load,96,42,xgboost,324821.02016256127
1970-01-01 00:00:00.000000062,ecl,aggregate_load,96,42,xgboost,329724.25863392884
1970-01-01 00:00:00.000000062,ecl,aggregate_load,96,42,xgboost,333485.70858235797
1970-01-01 00:00:00.000000062,ecl,aggregate_load,96,42,xgboost,330248.1144717983
1970-01-01 00:00:00.000000062,ecl,aggregate_load,96,42,xgboost,329798.33006215474
1970-01-01 00:00:00.000000062,ecl,aggregate_load,96,42,xgboost,329818.9231099553
1970-01-01 00:00:00.000000062,ecl,aggregate_load,96,42,xgboost,331821.2083142702
1970-01-01 00:00:00.000000062,ecl,aggregate_load,96,42,xgboost,330776.6283213516
1970-01-01 00:00:00.000000062,ecl,aggregate_load,96,42,xgboost,327339.92553094367
1970-01-01 00:00:00.000000062,ecl,aggregate_load,96,42,xgboost,327135.4814790005
1970-01-01 00:00:00.000000062,ecl,aggregate_load,96,42,xgboost,326791.0424422306
1970-01-01 00:00:00.000000062,ecl,aggregate_load,96,42,xgboost,318236.4029690831
1970-01-01 00:00:00.000000062,ecl,aggregate_load,96,42,xgboost,320705.83047035424
1970-01-01 00:00:00.000000062,ecl,aggregate_load,96,42,xgboost,332300.38584076613
1970-01-01 00:00:00.000000062,ecl,aggregate_load,96,42,xgboost,330582.0989144717
1970-01-01 00:00:00.000000062,ecl,aggregate_load,96,42,xgboost,327869.08319674036
1970-01-01 00:00:00.000000062,ecl,aggregate_load,96,42,xgboost,330543.0277655436
1970-01-01 00:00:00.000000062,ecl,aggregate_load,96,42,xgboost,328833.34886457905
1970-01-01 00:00:00.000000062,ecl,aggregate_load,96,42,xgboost,328747.4062394867
1970-01-01 00:00:00.000000062,ecl,aggregate_load,96,42,xgboost,328803.5637328192
1970-01-01 00:00:00.000000062,ecl,aggregate_load,96,42,xgboost,333369.70073414664
1970-01-01 00:00:00.000000062,ecl,aggregate_load,96,42,xgboost,337128.0127010443
1970-01-01 00:00:00.000000062,ecl,aggregate_load,96,42,xgboost,334970.79602102056
1970-01-01 00:00:00.000000062,ecl,aggregate_load,96,42,xgboost,329779.92982611357
1970-01-01 00:00:00.000000062,ecl,aggregate_load,96,42,xgboost,339442.8235482114
1970-01-01 00:00:00.000000062,ecl,aggregate_load,96,42,xgboost,324523.51359951583
1970-01-01 00:00:00.000000062,ecl,aggregate_load,96,42,xgboost,317282.92608249217
1970-01-01 00:00:00.000000062,ecl,aggregate_load,96,42,xgboost,310359.54783720267
1970-01-01 00:00:00.000000062,ecl,aggregate_load,96,42,xgboost,312636.5923418538
1970-01-01 00:00:00.000000062,ecl,aggregate_load,96,42,xgboost,318891.9310262395
1970-01-01 00:00:00.000000062,ecl,aggregate_load,96,42,xgboost,313026.44530613354
1970-01-01 00:00:00.000000062,ecl,aggregate_load,96,42,xgboost,306212.6953668807
1970-01-01 00:00:00.000000062,ecl,aggregate_load,96,42,xgboost,309063.7142903064
1970-01-01 00:00:00.000000062,ecl,aggregate_load,96,42,xgboost,307025.55087594345
1970-01-01 00:00:00.000000062,ecl,aggregate_load,96,42,xgboost,312786.13910061325
1970-01-01 00:00:00.000000062,ecl,aggregate_load,96,42,xgboost,306392.45668363414
1970-01-01 00:00:00.000000062,ecl,aggregate_load,96,42,xgboost,314327.4510860643
1970-01-01 00:00:00.000000062,ecl,aggregate_load,96,42,xgboost,314340.5662279201
1970-01-01 00:00:00.000000062,ecl,aggregate_load,96,42,xgboost,311031.91626058007
1970-01-01 00:00:00.000000062,ecl,aggregate_load,96,42,xgboost,309611.70682275854
1970-01-01 00:00:00.000000062,ecl,aggregate_load,96,42,xgboost,311546.82671158103
1970-01-01 00:00:00.000000062,ecl,aggregate_load,96,42,xgboost,308672.0679769036
1970-01-01 00:00:00.000000062,ecl,aggregate_load,96,42,xgboost,309670.92093040136
1970-01-01 00:00:00.000000062,ecl,aggregate_load,96,42,xgboost,321527.4896954308
1970-01-01 00:00:00.000000062,ecl,aggregate_load,96,42,xgboost,325286.6570370795
1970-01-01 00:00:00.000000062,ecl,aggregate_load,96,42,xgboost,311764.65103656426
1970-01-01 00:00:00.000000062,ecl,aggregate_load,96,42,xgboost,303498.1192185907
1970-01-01 00:00:00.000000062,ecl,aggregate_load,96,42,xgboost,305771.92613900173
1970-01-01 00:00:00.000000062,ecl,aggregate_load,96,42,xgboost,300491.5776160338
1970-01-01 00:00:00.000000062,ecl,aggregate_load,96,42,xgboost,308104.0463653146
1970-01-01 00:00:00.000000062,ecl,aggregate_load,96,42,xgboost,299664.03423442505
1970-01-01 00:00:00.000000062,ecl,aggregate_load,96,42,xgboost,304291.69491261686
1970-01-01 00:00:00.000000062,ecl,aggregate_load,96,42,xgboost,300171.8560563456
1970-01-01 00:00:00.000000062,ecl,aggregate_load,96,42,xgboost,305543.09406777186
1970-01-01 00:00:00.000000062,ecl,aggregate_load,96,42,xgboost,322411.72344076727
1970-01-01 00:00:00.000000062,ecl,aggregate_load,96,42,xgboost,312416.26402091817
1970-01-01 00:00:00.000000062,ecl,aggregate_load,96,42,xgboost,302333.59802792576
1970-01-01 00:00:00.000000062,ecl,aggregate_load,96,42,xgboost,298406.348295891
1970-01-01 00:00:00.000000062,ecl,aggregate_load,96,42,xgboost,292520.8319312317
1970-01-01 00:00:00.000000062,ecl,aggregate_load,96,42,xgboost,286292.495962509
1970-01-01 00:00:00.000000062,ecl,aggregate_load,96,42,xgboost,292840.2904525373
1970-01-01 00:00:00.000000062,ecl,aggregate_load,96,42,xgboost,290018.52909364103
1970-01-01 00:00:00.000000062,ecl,aggregate_load,96,42,xgboost,287764.64793603524
1970-01-01 00:00:00.000000062,ecl,aggregate_load,96,42,xgboost,284005.3275259516
1970-01-01 00:00:00.000000062,ecl,aggregate_load,96,42,xgboost,286487.85679992335
1970-01-01 00:00:00.000000062,ecl,aggregate_load,96,42,xgboost,289940.7205205399
1970-01-01 00:00:00.000000062,ecl,aggregate_load,96,42,xgboost,289467.1840960285
1970-01-01 00:00:00.000000062,ecl,aggregate_load,96,42,xgboost,288968.5864782936
1970-01-01 00:00:00.000000062,ecl,aggregate_load,96,42,xgboost,291959.98754246446
1970-01-01 00:00:00.000000062,ecl,aggregate_load,96,42,xgboost,289236.076947195
1970-01-01 00:00:00.000000062,ecl,aggregate_load,96,42,xgboost,290816.0979525685
1970-01-01 00:00:00.000000062,ecl,aggregate_load,96,42,xgboost,295787.96078164224
1970-01-01 00:00:00.000000062,ecl,aggregate_load,96,42,xgboost,284946.4301606286
1970-01-01 00:00:00.000000062,ecl,aggregate_load,96,42,xgboost,282772.42488116765
1970-01-01 00:00:00.000000062,ecl,aggregate_load,96,42,xgboost,271517.9437959142
1970-01-01 00:00:00.000000062,ecl,aggregate_load,96,42,xgboost,281313.96377953107
1970-01-01 00:00:00.000000062,ecl,aggregate_load,96,42,xgboost,278215.7513314783
1970-01-01 00:00:00.000000062,ecl,aggregate_load,96,42,xgboost,293591.74153294583
1970-01-01 00:00:00.000000062,ecl,aggregate_load,96,42,xgboost,281331.31305988826
1970-01-01 00:00:00.000000062,ecl,aggregate_load,96,42,xgboost,275566.8850821165
1970-01-01 00:00:00.000000062,ecl,aggregate_load,96,42,xgboost,278941.0117251973
1970-01-01 00:00:00.000000062,ecl,aggregate_load,96,42,xgboost,266407.28357539716
1970-01-01 00:00:00.000000062,ecl,aggregate_load,96,42,xgboost,268583.19257997355
1970-01-01 00:00:00.000000062,ecl,aggregate_load,96,42,xgboost,262391.0644008539
1970-01-01 00:00:00.000000062,ecl,aggregate_load,96,42,xgboost,263630.9828567135
1970-01-01 00:00:00.000000062,ecl,aggregate_load,96,42,xgboost,259377.0258910895
1970-01-01 00:00:00.000000062,ecl,aggregate_load,96,42,xgboost,256577.01736284405
1970-01-01 00:00:00.000000062,ecl,aggregate_load,96,42,xgboost,260425.02503241794
1970-01-01 00:00:00.000000062,ecl,aggregate_load,96,42,xgboost,261842.35701039433
1970-01-01 00:00:00.000000062,ecl,aggregate_load,96,42,xgboost,256373.88023011922
1970-01-01 00:00:00.000000062,ecl,aggregate_load,96,42,xgboost,262711.3643132655
1970-01-01 00:00:00.000000062,ecl,aggregate_load,96,42,xgboost,253792.2649848886
1970-01-01 00:00:00.000000062,ecl,aggregate_load,96,42,xgboost,248554.16673568267
1970-01-01 00:00:00.000000062,ecl,aggregate_load,96,42,xgboost,246804.83435514788
1970-01-01 00:00:00.000000062,ecl,aggregate_load,96,42,xgboost,247523.4946033013
1970-01-01 00:00:00.000000062,ecl,aggregate_load,96,42,xgboost,258424.0477266287
1970-01-01 00:00:00.000000062,ecl,aggregate_load,96,42,xgboost,254749.68179214583
1970-01-01 00:00:00.000000062,ecl,aggregate_load,96,42,xgboost,247763.4275899455
1970-01-01 00:00:00.000000062,ecl,aggregate_load,96,42,xgboost,250112.19759796376
1970-01-01 00:00:00.000000062,ecl,aggregate_load,96,42,xgboost,250102.6708549996
1970-01-01 00:00:00.000000062,ecl,aggregate_load,96,42,xgboost,250298.3057289562
1970-01-01 00:00:00.000000062,ecl,aggregate_load,96,42,xgboost,248897.65371487584
1970-01-01 00:00:00.000000062,ecl,aggregate_load,96,42,xgboost,247637.84926997044
1970-01-01 00:00:00.000000062,ecl,aggregate_load,96,42,xgboost,243967.16661178725
1970-01-01 00:00:00.000000062,ecl,aggregate_load,96,42,xgboost,244580.6858733215
1970-01-01 00:00:00.000000062,ecl,aggregate_load,96,42,xgboost,245303.6167809478
1970-01-01 00:00:00.000000062,ecl,aggregate_load,96,42,xgboost,251600.7509455521
1970-01-01 00:00:00.000000062,ecl,aggregate_load,96,42,xgboost,256410.22437171103
1970-01-01 00:00:00.000000062,ecl,aggregate_load,96,42,xgboost,251734.34337711055
1970-01-01 00:00:00.000000062,ecl,aggregate_load,96,42,xgboost,251839.90307158406
1970-01-01 00:00:00.000000062,ecl,aggregate_load,96,42,xgboost,265147.38264635595
1970-01-01 00:00:00.000000062,ecl,aggregate_load,96,42,xgboost,253924.9334683863
1970-01-01 00:00:00.000000062,ecl,aggregate_load,96,42,xgboost,251429.72355030625
1970-01-01 00:00:00.000000062,ecl,aggregate_load,96,42,xgboost,249575.19624118067
1970-01-01 00:00:00.000000062,ecl,aggregate_load,96,42,xgboost,246290.8436897827
1970-01-01 00:00:00.000000062,ecl,aggregate_load,96,42,xgboost,245798.37615278296
1970-01-01 00:00:00.000000062,ecl,aggregate_load,96,42,xgboost,240029.23221386605
1970-01-01 00:00:00.000000062,ecl,aggregate_load,96,42,xgboost,238667.02484881497
1970-01-01 00:00:00.000000062,ecl,aggregate_load,96,42,xgboost,243841.84582457214
1970-01-01 00:00:00.000000062,ecl,aggregate_load,96,42,xgboost,241661.59067861014
1970-01-01 00:00:00.000000062,ecl,aggregate_load,96,42,xgboost,249105.39463502044
1970-01-01 00:00:00.000000062,ecl,aggregate_load,96,42,xgboost,245210.43050709603
1970-01-01 00:00:00.000000062,ecl,aggregate_load,96,42,xgboost,246099.86088549902
1970-01-01 00:00:00.000000062,ecl,aggregate_load,96,42,xgboost,239588.0434699525
1970-01-01 00:00:00.000000062,ecl,aggregate_load,96,42,xgboost,258465.4757171031
1970-01-01 00:00:00.000000062,ecl,aggregate_load,96,42,xgboost,256135.95406817793
1970-01-01 00:00:00.000000062,ecl,aggregate_load,96,42,xgboost,260320.16806947356
1970-01-01 00:00:00.000000062,ecl,aggregate_load,96,42,xgboost,261367.94630403278
1970-01-01 00:00:00.000000062,ecl,aggregate_load,96,42,xgboost,259407.91057868255
1970-01-01 00:00:00.000000062,ecl,aggregate_load,96,42,xgboost,255580.2884933915
1970-01-01 00:00:00.000000062,ecl,aggregate_load,96,42,xgboost,260050.53548121487
1970-01-01 00:00:00.000000062,ecl,aggregate_load,96,42,xgboost,244419.27207686825
1970-01-01 00:00:00.000000062,ecl,aggregate_load,96,42,xgboost,252776.06973105806
1970-01-01 00:00:00.000000062,ecl,aggregate_load,96,42,xgboost,271455.1391287179
1970-01-01 00:00:00.000000062,ecl,aggregate_load,96,42,xgboost,265607.75312884594
1970-01-01 00:00:00.000000062,ecl,aggregate_load,96,42,xgboost,268003.28263455903
1970-01-01 00:00:00.000000062,ecl,aggregate_load,96,42,xgboost,268253.92281846056
1970-01-01 00:00:00.000000062,ecl,aggregate_load,96,42,xgboost,270974.89628593327
1970-01-01 00:00:00.000000062,ecl,aggregate_load,96,42,xgboost,275903.2456582598
1970-01-01 00:00:00.000000062,ecl,aggregate_load,96,42,xgboost,273540.4314831267
1970-01-01 00:00:00.000000062,ecl,aggregate_load,96,42,xgboost,269118.8963505943
1970-01-01 00:00:00.000000062,ecl,aggregate_load,96,42,xgboost,271878.4108179288
1970-01-01 00:00:00.000000062,ecl,aggregate_load,96,42,xgboost,264969.5443646402
1970-01-01 00:00:00.000000062,ecl,aggregate_load,96,42,xgboost,271038.33607886016
1970-01-01 00:00:00.000000062,ecl,aggregate_load,96,42,xgboost,276427.34637609083
1970-01-01 00:00:00.000000062,ecl,aggregate_load,96,42,xgboost,266547.5585091766
1970-01-01 00:00:00.000000062,ecl,aggregate_load,96,42,xgboost,275083.3428702898
1970-01-01 00:00:00.000000062,ecl,aggregate_load,96,42,xgboost,272890.7961664409
1970-01-01 00:00:00.000000062,ecl,aggregate_load,96,42,xgboost,270186.75294474186
1970-01-01 00:00:00.000000062,ecl,aggregate_load,96,42,xgboost,277550.3974293499
1970-01-01 00:00:00.000000062,ecl,aggregate_load,96,42,xgboost,275296.16653631674
1970-01-01 00:00:00.000000063,ecl,aggregate_load,96,42,xgboost,274058.17684381607
1970-01-01 00:00:00.000000063,ecl,aggregate_load,96,42,xgboost,271148.43032369163
1970-01-01 00:00:00.000000063,ecl,aggregate_load,96,42,xgboost,271690.8869054562
1970-01-01 00:00:00.000000063,ecl,aggregate_load,96,42,xgboost,272403.2259819296
1970-01-01 00:00:00.000000063,ecl,aggregate_load,96,42,xgboost,271826.7682854519
1970-01-01 00:00:00.000000063,ecl,aggregate_load,96,42,xgboost,276741.0007984252
1970-01-01 00:00:00.000000063,ecl,aggregate_load,96,42,xgboost,273183.18712844426
1970-01-01 00:00:00.000000063,ecl,aggregate_load,96,42,xgboost,277791.99041634257
1970-01-01 00:00:00.000000063,ecl,aggregate_load,96,42,xgboost,275290.6988928465
1970-01-01 00:00:00.000000063,ecl,aggregate_load,96,42,xgboost,281391.0762336712
1970-01-01 00:00:00.000000063,ecl,aggregate_load,96,42,xgboost,281711.19681821944
1970-01-01 00:00:00.000000063,ecl,aggregate_load,96,42,xgboost,268421.9858948879
1970-01-01 00:00:00.000000063,ecl,aggregate_load,96,42,xgboost,265624.7480786002
1970-01-01 00:00:00.000000063,ecl,aggregate_load,96,42,xgboost,257536.54240991687
1970-01-01 00:00:00.000000063,ecl,aggregate_load,96,42,xgboost,260254.2177204043
1970-01-01 00:00:00.000000063,ecl,aggregate_load,96,42,xgboost,257382.29930290862
1970-01-01 00:00:00.000000063,ecl,aggregate_load,96,42,xgboost,259607.93133932978
1970-01-01 00:00:00.000000063,ecl,aggregate_load,96,42,xgboost,256845.55057245042
1970-01-01 00:00:00.000000063,ecl,aggregate_load,96,42,xgboost,261513.12731496245
1970-01-01 00:00:00.000000063,ecl,aggregate_load,96,42,xgboost,261075.34614923806
1970-01-01 00:00:00.000000063,ecl,aggregate_load,96,42,xgboost,255707.20278710095
1970-01-01 00:00:00.000000063,ecl,aggregate_load,96,42,xgboost,263408.0890690352
1970-01-01 00:00:00.000000063,ecl,aggregate_load,96,42,xgboost,253464.9342717633
1970-01-01 00:00:00.000000063,ecl,aggregate_load,96,42,xgboost,241356.9413775697
1970-01-01 00:00:00.000000063,ecl,aggregate_load,96,42,xgboost,232592.49418159854
1970-01-01 00:00:00.000000063,ecl,aggregate_load,96,42,xgboost,240054.15034330016
1970-01-01 00:00:00.000000063,ecl,aggregate_load,96,42,xgboost,246785.08598230212
1970-01-01 00:00:00.000000063,ecl,aggregate_load,96,42,xgboost,247655.03434510677
1970-01-01 00:00:00.000000063,ecl,aggregate_load,96,42,xgboost,248147.78191354577
1970-01-01 00:00:00.000000063,ecl,aggregate_load,96,42,xgboost,256606.95769282887
1970-01-01 00:00:00.000000063,ecl,aggregate_load,96,42,xgboost,259903.30134272415
1970-01-01 00:00:00.000000063,ecl,aggregate_load,96,42,xgboost,260553.8843868233
1970-01-01 00:00:00.000000063,ecl,aggregate_load,96,42,xgboost,277662.8909000673
1970-01-01 00:00:00.000000063,ecl,aggregate_load,96,42,xgboost,272379.04083906277
1970-01-01 00:00:00.000000063,ecl,aggregate_load,96,42,xgboost,266542.74229500245
1970-01-01 00:00:00.000000063,ecl,aggregate_load,96,42,xgboost,264390.0078627758
1970-01-01 00:00:00.000000063,ecl,aggregate_load,96,42,xgboost,270920.1901739137
1970-01-01 00:00:00.000000063,ecl,aggregate_load,96,42,xgboost,278232.6478734598
1970-01-01 00:00:00.000000063,ecl,aggregate_load,96,42,xgboost,276682.989618601
1970-01-01 00:00:00.000000063,ecl,aggregate_load,96,42,xgboost,265815.0619452384
1970-01-01 00:00:00.000000063,ecl,aggregate_load,96,42,xgboost,273980.6567397875
1970-01-01 00:00:00.000000063,ecl,aggregate_load,96,42,xgboost,273548.280274645
1970-01-01 00:00:00.000000063,ecl,aggregate_load,96,42,xgboost,270466.45819028857
1970-01-01 00:00:00.000000063,ecl,aggregate_load,96,42,xgboost,265913.957025994
1970-01-01 00:00:00.000000063,ecl,aggregate_load,96,42,xgboost,269752.26048663515
1970-01-01 00:00:00.000000063,ecl,aggregate_load,96,42,xgboost,278147.55427290424
1970-01-01 00:00:00.000000063,ecl,aggregate_load,96,42,xgboost,265936.14105182973
1970-01-01 00:00:00.000000063,ecl,aggregate_load,96,42,xgboost,274750.5593057372
1970-01-01 00:00:00.000000063,ecl,aggregate_load,96,42,xgboost,281786.864770689
1970-01-01 00:00:00.000000063,ecl,aggregate_load,96,42,xgboost,270023.7096066391
1970-01-01 00:00:00.000000063,ecl,aggregate_load,96,42,xgboost,271392.07885090663
1970-01-01 00:00:00.000000063,ecl,aggregate_load,96,42,xgboost,265019.9725981876
1970-01-01 00:00:00.000000063,ecl,aggregate_load,96,42,xgboost,265967.38298334257
1970-01-01 00:00:00.000000063,ecl,aggregate_load,96,42,xgboost,262958.10245632014
1970-01-01 00:00:00.000000063,ecl,aggregate_load,96,42,xgboost,253416.24111809186
1970-01-01 00:00:00.000000063,ecl,aggregate_load,96,42,xgboost,270073.1384091186
1970-01-01 00:00:00.000000063,ecl,aggregate_load,96,42,xgboost,260847.24436489833
1970-01-01 00:00:00.000000063,ecl,aggregate_load,96,42,xgboost,257550.03928927364
1970-01-01 00:00:00.000000063,ecl,aggregate_load,96,42,xgboost,252669.79577940554
1970-01-01 00:00:00.000000063,ecl,aggregate_load,96,42,xgboost,256849.53167198668
1970-01-01 00:00:00.000000063,ecl,aggregate_load,96,42,xgboost,259693.33150021138
1970-01-01 00:00:00.000000063,ecl,aggregate_load,96,42,xgboost,266284.77921708283
1970-01-01 00:00:00.000000063,ecl,aggregate_load,96,42,xgboost,264695.472341123
1970-01-01 00:00:00.000000063,ecl,aggregate_load,96,42,xgboost,274290.04651367787
1970-01-01 00:00:00.000000063,ecl,aggregate_load,96,42,xgboost,272869.08550837863
1970-01-01 00:00:00.000000063,ecl,aggregate_load,96,42,xgboost,268230.2983416287
1970-01-01 00:00:00.000000063,ecl,aggregate_load,96,42,xgboost,273816.90435344074
1970-01-01 00:00:00.000000063,ecl,aggregate_load,96,42,xgboost,268410.3590627494
1970-01-01 00:00:00.000000063,ecl,aggregate_load,96,42,xgboost,267745.3180449352
1970-01-01 00:00:00.000000063,ecl,aggregate_load,96,42,xgboost,267997.8797953913
1970-01-01 00:00:00.000000063,ecl,aggregate_load,96,42,xgboost,280282.1192150757
1970-01-01 00:00:00.000000063,ecl,aggregate_load,96,42,xgboost,280376.8205921228
1970-01-01 00:00:00.000000063,ecl,aggregate_load,96,42,xgboost,279452.62038038607
1970-01-01 00:00:00.000000063,ecl,aggregate_load,96,42,xgboost,282929.8862959768
1970-01-01 00:00:00.000000063,ecl,aggregate_load,96,42,xgboost,290817.1480351
1970-01-01 00:00:00.000000063,ecl,aggregate_load,96,42,xgboost,268741.71890948527
1970-01-01 00:00:00.000000063,ecl,aggregate_load,96,42,xgboost,271382.1783200744
1970-01-01 00:00:00.000000063,ecl,aggregate_load,96,42,xgboost,269332.3477312908
1970-01-01 00:00:00.000000063,ecl,aggregate_load,96,42,xgboost,279826.9553381939
1970-01-01 00:00:00.000000063,ecl,aggregate_load,96,42,xgboost,265303.6556930502
1970-01-01 00:00:00.000000063,ecl,aggregate_load,96,42,xgboost,266854.6769772708
1970-01-01 00:00:00.000000063,ecl,aggregate_load,96,42,xgboost,271223.64963059913
1970-01-01 00:00:00.000000063,ecl,aggregate_load,96,42,xgboost,269850.43006673665
1970-01-01 00:00:00.000000063,ecl,aggregate_load,96,42,xgboost,271960.2236402118
1970-01-01 00:00:00.000000063,ecl,aggregate_load,96,42,xgboost,280951.82597783307
1970-01-01 00:00:00.000000063,ecl,aggregate_load,96,42,xgboost,280615.847091312
1970-01-01 00:00:00.000000063,ecl,aggregate_load,96,42,xgboost,283491.9319022939
1970-01-01 00:00:00.000000063,ecl,aggregate_load,96,42,xgboost,285566.51309788105
1970-01-01 00:00:00.000000063,ecl,aggregate_load,96,42,xgboost,295124.8694908768
1970-01-01 00:00:00.000000063,ecl,aggregate_load,96,42,xgboost,285799.63683021296
1970-01-01 00:00:00.000000063,ecl,aggregate_load,96,42,xgboost,290986.2510603706
1970-01-01 00:00:00.000000063,ecl,aggregate_load,96,42,xgboost,299134.6667467441
1970-01-01 00:00:00.000000063,ecl,aggregate_load,96,42,xgboost,295042.9725440847
1970-01-01 00:00:00.000000063,ecl,aggregate_load,96,42,xgboost,284998.8755102635
1970-01-01 00:00:00.000000063,ecl,aggregate_load,96,42,xgboost,287166.1326482231
1970-01-01 00:00:00.000000063,ecl,aggregate_load,96,42,xgboost,283656.22462922503
1970-01-01 00:00:00.000000063,ecl,aggregate_load,96,42,xgboost,286295.6867083972
1970-01-01 00:00:00.000000063,ecl,aggregate_load,96,42,xgboost,283682.531200041
1970-01-01 00:00:00.000000063,ecl,aggregate_load,96,42,xgboost,282063.1189285593
1970-01-01 00:00:00.000000063,ecl,aggregate_load,96,42,xgboost,276834.86777241714
1970-01-01 00:00:00.000000063,ecl,aggregate_load,96,42,xgboost,278541.7068392327
1970-01-01 00:00:00.000000063,ecl,aggregate_load,96,42,xgboost,287558.2925825683
1970-01-01 00:00:00.000000063,ecl,aggregate_load,96,42,xgboost,285508.22035876574
1970-01-01 00:00:00.000000063,ecl,aggregate_load,96,42,xgboost,283050.67570793227
1970-01-01 00:00:00.000000063,ecl,aggregate_load,96,42,xgboost,283805.3065775058
1970-01-01 00:00:00.000000063,ecl,aggregate_load,96,42,xgboost,280710.5224340575
1970-01-01 00:00:00.000000063,ecl,aggregate_load,96,42,xgboost,283242.0529750003
1970-01-01 00:00:00.000000064,ecl,aggregate_load,96,42,xgboost,285723.47906557977
1970-01-01 00:00:00.000000064,ecl,aggregate_load,96,42,xgboost,294185.70229571307
1970-01-01 00:00:00.000000064,ecl,aggregate_load,96,42,xgboost,292961.6246011293
1970-01-01 00:00:00.000000064,ecl,aggregate_load,96,42,xgboost,293691.65580839006
1970-01-01 00:00:00.000000064,ecl,aggregate_load,96,42,xgboost,288216.2942197048
1970-01-01 00:00:00.000000064,ecl,aggregate_load,96,42,xgboost,287225.429466011
1970-01-01 00:00:00.000000064,ecl,aggregate_load,96,42,xgboost,285703.879201038
1970-01-01 00:00:00.000000064,ecl,aggregate_load,96,42,xgboost,284898.07188875537
1970-01-01 00:00:00.000000064,ecl,aggregate_load,96,42,xgboost,286243.8458751988
1970-01-01 00:00:00.000000064,ecl,aggregate_load,96,42,xgboost,280770.0354192252
1970-01-01 00:00:00.000000064,ecl,aggregate_load,96,42,xgboost,282544.8489206273
1970-01-01 00:00:00.000000064,ecl,aggregate_load,96,42,xgboost,285776.24838489236
1970-01-01 00:00:00.000000064,ecl,aggregate_load,96,42,xgboost,287472.71645985503
1970-01-01 00:00:00.000000064,ecl,aggregate_load,96,42,xgboost,290432.273637822
1970-01-01 00:00:00.000000064,ecl,aggregate_load,96,42,xgboost,292801.4309958027
1970-01-01 00:00:00.000000064,ecl,aggregate_load,96,42,xgboost,290329.3700297596
1970-01-01 00:00:00.000000064,ecl,aggregate_load,96,42,xgboost,287175.94225061423
1970-01-01 00:00:00.000000064,ecl,aggregate_load,96,42,xgboost,292608.4278115352
1970-01-01 00:00:00.000000064,ecl,aggregate_load,96,42,xgboost,291986.25956741674
1970-01-01 00:00:00.000000064,ecl,aggregate_load,96,42,xgboost,289445.297444413
1970-01-01 00:00:00.000000064,ecl,aggregate_load,96,42,xgboost,291407.2484813043
1970-01-01 00:00:00.000000064,ecl,aggregate_load,96,42,xgboost,292018.67845957703
1970-01-01 00:00:00.000000064,ecl,aggregate_load,96,42,xgboost,289323.79589357553
1970-01-01 00:00:00.000000064,ecl,aggregate_load,96,42,xgboost,289030.97221585846
1970-01-01 00:00:00.000000064,ecl,aggregate_load,96,42,xgboost,288294.0596795205
1970-01-01 00:00:00.000000064,ecl,aggregate_load,96,42,xgboost,288263.0012797969
1970-01-01 00:00:00.000000064,ecl,aggregate_load,96,42,xgboost,293838.83151781495
1970-01-01 00:00:00.000000064,ecl,aggregate_load,96,42,xgboost,281157.5642758662
1970-01-01 00:00:00.000000064,ecl,aggregate_load,96,42,xgboost,278651.49263422325
1970-01-01 00:00:00.000000064,ecl,aggregate_load,96,42,xgboost,279821.9714641627
1970-01-01 00:00:00.000000064,ecl,aggregate_load,96,42,xgboost,280217.87633937487
1970-01-01 00:00:00.000000064,ecl,aggregate_load,96,42,xgboost,282290.9099909745
1970-01-01 00:00:00.000000064,ecl,aggregate_load,96,42,xgboost,288299.3950983852
1970-01-01 00:00:00.000000064,ecl,aggregate_load,96,42,xgboost,291250.26526588
1970-01-01 00:00:00.000000064,ecl,aggregate_load,96,42,xgboost,294251.33726662764
1970-01-01 00:00:00.000000064,ecl,aggregate_load,96,42,xgboost,290149.32783276984
1970-01-01 00:00:00.000000064,ecl,aggregate_load,96,42,xgboost,287422.78043898684
1970-01-01 00:00:00.000000064,ecl,aggregate_load,96,42,xgboost,287723.7134780332
1970-01-01 00:00:00.000000064,ecl,aggregate_load,96,42,xgboost,293474.76956505823
1970-01-01 00:00:00.000000064,ecl,aggregate_load,96,42,xgboost,294628.9239842646
1970-01-01 00:00:00.000000064,ecl,aggregate_load,96,42,xgboost,294649.48139557475
1970-01-01 00:00:00.000000064,ecl,aggregate_load,96,42,xgboost,298116.4140303901
1970-01-01 00:00:00.000000064,ecl,aggregate_load,96,42,xgboost,292774.387390191
1970-01-01 00:00:00.000000064,ecl,aggregate_load,96,42,xgboost,296803.84518199327
1970-01-01 00:00:00.000000064,ecl,aggregate_load,96,42,xgboost,296003.17623735144
1970-01-01 00:00:00.000000064,ecl,aggregate_load,96,42,xgboost,287422.16998104635
1970-01-01 00:00:00.000000064,ecl,aggregate_load,96,42,xgboost,287972.232181872
1970-01-01 00:00:00.000000064,ecl,aggregate_load,96,42,xgboost,289668.6891681713
1970-01-01 00:00:00.000000064,ecl,aggregate_load,96,42,xgboost,289208.82793019834
1970-01-01 00:00:00.000000064,ecl,aggregate_load,96,42,xgboost,291320.0173672632
1970-01-01 00:00:00.000000064,ecl,aggregate_load,96,42,xgboost,286746.40005270345
1970-01-01 00:00:00.000000064,ecl,aggregate_load,96,42,xgboost,284421.563733762
1970-01-01 00:00:00.000000064,ecl,aggregate_load,96,42,xgboost,282251.7069691411
1970-01-01 00:00:00.000000064,ecl,aggregate_load,96,42,xgboost,283975.80982011004
1970-01-01 00:00:00.000000064,ecl,aggregate_load,96,42,xgboost,282180.62706093455
1970-01-01 00:00:00.000000064,ecl,aggregate_load,96,42,xgboost,287591.29814372136
1970-01-01 00:00:00.000000064,ecl,aggregate_load,96,42,xgboost,284606.02711410425
1970-01-01 00:00:00.000000064,ecl,aggregate_load,96,42,xgboost,288543.8534419401
1970-01-01 00:00:00.000000064,ecl,aggregate_load,96,42,xgboost,283162.73898179975
1970-01-01 00:00:00.000000064,ecl,aggregate_load,96,42,xgboost,287880.08996603667
1970-01-01 00:00:00.000000064,ecl,aggregate_load,96,42,xgboost,290835.786407653
1970-01-01 00:00:00.000000064,ecl,aggregate_load,96,42,xgboost,292838.1001435783
1970-01-01 00:00:00.000000064,ecl,aggregate_load,96,42,xgboost,291675.9730622883
1970-01-01 00:00:00.000000064,ecl,aggregate_load,96,42,xgboost,297896.4163964054
1970-01-01 00:00:00.000000064,ecl,aggregate_load,96,42,xgboost,297848.036825846
1970-01-01 00:00:00.000000064,ecl,aggregate_load,96,42,xgboost,293493.1284808602
1970-01-01 00:00:00.000000064,ecl,aggregate_load,96,42,xgboost,296445.33879832865
1970-01-01 00:00:00.000000064,ecl,aggregate_load,96,42,xgboost,297470.29670791706
1970-01-01 00:00:00.000000064,ecl,aggregate_load,96,42,xgboost,287421.0249354317
1970-01-01 00:00:00.000000064,ecl,aggregate_load,96,42,xgboost,288831.03217354236
1970-01-01 00:00:00.000000064,ecl,aggregate_load,96,42,xgboost,289206.0467037339
1970-01-01 00:00:00.000000064,ecl,aggregate_load,96,42,xgboost,289075.7438050798
1970-01-01 00:00:00.000000064,ecl,aggregate_load,96,42,xgboost,292936.59892073617
1970-01-01 00:00:00.000000064,ecl,aggregate_load,96,42,xgboost,296958.41194435867
1970-01-01 00:00:00.000000064,ecl,aggregate_load,96,42,xgboost,289402.2365440248
1970-01-01 00:00:00.000000064,ecl,aggregate_load,96,42,xgboost,282673.6556139757
1970-01-01 00:00:00.000000064,ecl,aggregate_load,96,42,xgboost,283760.2541880888
1970-01-01 00:00:00.000000064,ecl,aggregate_load,96,42,xgboost,287786.3767401351
1970-01-01 00:00:00.000000064,ecl,aggregate_load,96,42,xgboost,286841.8334350846
1970-01-01 00:00:00.000000064,ecl,aggregate_load,96,42,xgboost,292420.7759078454
1970-01-01 00:00:00.000000064,ecl,aggregate_load,96,42,xgboost,287238.07009961474
1970-01-01 00:00:00.000000064,ecl,aggregate_load,96,42,xgboost,278924.6654149643
1970-01-01 00:00:00.000000064,ecl,aggregate_load,96,42,xgboost,283376.4834233748
1970-01-01 00:00:00.000000064,ecl,aggregate_load,96,42,xgboost,285014.30971029494
1970-01-01 00:00:00.000000064,ecl,aggregate_load,96,42,xgboost,286524.1820650224
1970-01-01 00:00:00.000000064,ecl,aggregate_load,96,42,xgboost,288398.2475973764
1970-01-01 00:00:00.000000064,ecl,aggregate_load,96,42,xgboost,288365.651664667
1970-01-01 00:00:00.000000064,ecl,aggregate_load,96,42,xgboost,291328.01227983914
1970-01-01 00:00:00.000000064,ecl,aggregate_load,96,42,xgboost,288615.4321392164
1970-01-01 00:00:00.000000064,ecl,aggregate_load,96,42,xgboost,296641.8696682911
1970-01-01 00:00:00.000000064,ecl,aggregate_load,96,42,xgboost,296109.8430103064
1970-01-01 00:00:00.000000064,ecl,aggregate_load,96,42,xgboost,295371.3200012029
1970-01-01 00:00:00.000000064,ecl,aggregate_load,96,42,xgboost,300220.867192952
1970-01-01 00:00:00.000000064,ecl,aggregate_load,96,42,xgboost,301621.58357257565
1970-01-01 00:00:00.000000064,ecl,aggregate_load,96,42,xgboost,297867.58714540926
1970-01-01 00:00:00.000000064,ecl,aggregate_load,96,42,xgboost,303652.20144298574
1970-01-01 00:00:00.000000064,ecl,aggregate_load,96,42,xgboost,304627.6909677258
1970-01-01 00:00:00.000000064,ecl,aggregate_load,96,42,xgboost,298801.2820384476
1970-01-01 00:00:00.000000064,ecl,aggregate_load,96,42,xgboost,306044.7409284012
1970-01-01 00:00:00.000000064,ecl,aggregate_load,96,42,xgboost,306382.93690071855
1970-01-01 00:00:00.000000064,ecl,aggregate_load,96,42,xgboost,304721.1764284778
1970-01-01 00:00:00.000000064,ecl,aggregate_load,96,42,xgboost,305102.17234981415
1970-01-01 00:00:00.000000064,ecl,aggregate_load,96,42,xgboost,301706.53792761016
1970-01-01 00:00:00.000000064,ecl,aggregate_load,96,42,xgboost,305780.650988289
1970-01-01 00:00:00.000000064,ecl,aggregate_load,96,42,xgboost,302117.91396969464
1970-01-01 00:00:00.000000064,ecl,aggregate_load,96,42,xgboost,305091.00329693843
1970-01-01 00:00:00.000000064,ecl,aggregate_load,96,42,xgboost,300799.74534059776
1970-01-01 00:00:00.000000064,ecl,aggregate_load,96,42,xgboost,306985.31749121397
1970-01-01 00:00:00.000000064,ecl,aggregate_load,96,42,xgboost,308165.2181432983
1970-01-01 00:00:00.000000064,ecl,aggregate_load,96,42,xgboost,303079.17189790827
1970-01-01 00:00:00.000000064,ecl,aggregate_load,96,42,xgboost,294433.59698353533
1970-01-01 00:00:00.000000064,ecl,aggregate_load,96,42,xgboost,292231.9439949621
1970-01-01 00:00:00.000000064,ecl,aggregate_load,96,42,xgboost,297394.195566412
1970-01-01 00:00:00.000000064,ecl,aggregate_load,96,42,xgboost,292002.33181394194
1970-01-01 00:00:00.000000064,ecl,aggregate_load,96,42,xgboost,290130.052788385
1970-01-01 00:00:00.000000064,ecl,aggregate_load,96,42,xgboost,290665.88876604463
1970-01-01 00:00:00.000000064,ecl,aggregate_load,96,42,xgboost,293608.1966409266
1970-01-01 00:00:00.000000064,ecl,aggregate_load,96,42,xgboost,293566.6071803681
1970-01-01 00:00:00.000000064,ecl,aggregate_load,96,42,xgboost,296818.9737930652
1970-01-01 00:00:00.000000064,ecl,aggregate_load,96,42,xgboost,297588.640281166
1970-01-01 00:00:00.000000064,ecl,aggregate_load,96,42,xgboost,297826.42131798953
1970-01-01 00:00:00.000000064,ecl,aggregate_load,96,42,xgboost,295572.19533057226
1970-01-01 00:00:00.000000064,ecl,aggregate_load,96,42,xgboost,290771.5329854305
1970-01-01 00:00:00.000000064,ecl,aggregate_load,96,42,xgboost,296954.7280362051
1970-01-01 00:00:00.000000064,ecl,aggregate_load,96,42,xgboost,285105.374267389
1970-01-01 00:00:00.000000064,ecl,aggregate_load,96,42,xgboost,280378.93256212556
1970-01-01 00:00:00.000000064,ecl,aggregate_load,96,42,xgboost,287011.14908817963
1970-01-01 00:00:00.000000064,ecl,aggregate_load,96,42,xgboost,283059.01299629075
1970-01-01 00:00:00.000000064,ecl,aggregate_load,96,42,xgboost,282661.3279772234
1970-01-01 00:00:00.000000064,ecl,aggregate_load,96,42,xgboost,279412.20160003874
1970-01-01 00:00:00.000000064,ecl,aggregate_load,96,42,xgboost,275270.33668394847
1970-01-01 00:00:00.000000064,ecl,aggregate_load,96,42,xgboost,280553.9160321632
1970-01-01 00:00:00.000000064,ecl,aggregate_load,96,42,xgboost,275487.23762274504
1970-01-01 00:00:00.000000064,ecl,aggregate_load,96,42,xgboost,278556.9018377569
1970-01-01 00:00:00.000000064,ecl,aggregate_load,96,42,xgboost,279237.9621324894
1970-01-01 00:00:00.000000064,ecl,aggregate_load,96,42,xgboost,277742.38037777226
1970-01-01 00:00:00.000000064,ecl,aggregate_load,96,42,xgboost,277940.35261672555
1970-01-01 00:00:00.000000064,ecl,aggregate_load,96,42,xgboost,277888.0426846898
1970-01-01 00:00:00.000000064,ecl,aggregate_load,96,42,xgboost,278014.3540412153
1970-01-01 00:00:00.000000064,ecl,aggregate_load,96,42,xgboost,284020.7995453298
1970-01-01 00:00:00.000000064,ecl,aggregate_load,96,42,xgboost,285895.9638801198
1970-01-01 00:00:00.000000064,ecl,aggregate_load,96,42,xgboost,288566.4569153615
1970-01-01 00:00:00.000000064,ecl,aggregate_load,96,42,xgboost,291153.7818787283
1970-01-01 00:00:00.000000064,ecl,aggregate_load,96,42,xgboost,291282.61067763664
1970-01-01 00:00:00.000000064,ecl,aggregate_load,96,42,xgboost,294346.40423635877
1970-01-01 00:00:00.000000064,ecl,aggregate_load,96,42,xgboost,291370.73473710637
1970-01-01 00:00:00.000000064,ecl,aggregate_load,96,42,xgboost,296067.48581024626
1970-01-01 00:00:00.000000064,ecl,aggregate_load,96,42,xgboost,297567.1508479681
1970-01-01 00:00:00.000000064,ecl,aggregate_load,96,42,xgboost,299881.3010704275
1970-01-01 00:00:00.000000064,ecl,aggregate_load,96,42,xgboost,302291.65868485667
1970-01-01 00:00:00.000000064,ecl,aggregate_load,96,42,xgboost,303927.630632051
1970-01-01 00:00:00.000000064,ecl,aggregate_load,96,42,xgboost,298190.2852524996
1970-01-01 00:00:00.000000064,ecl,aggregate_load,96,42,xgboost,302953.95429259725
1970-01-01 00:00:00.000000064,ecl,aggregate_load,96,42,xgboost,300811.2029506341
1970-01-01 00:00:00.000000064,ecl,aggregate_load,96,42,xgboost,304299.73189941637
1970-01-01 00:00:00.000000064,ecl,aggregate_load,96,42,xgboost,304292.0896019468
1970-01-01 00:00:00.000000064,ecl,aggregate_load,96,42,xgboost,309366.1450746634
1970-01-01 00:00:00.000000064,ecl,aggregate_load,96,42,xgboost,317005.3598287156
1970-01-01 00:00:00.000000064,ecl,aggregate_load,96,42,xgboost,311516.90069371747
1970-01-01 00:00:00.000000064,ecl,aggregate_load,96,42,xgboost,309363.6714921508
1970-01-01 00:00:00.000000064,ecl,aggregate_load,96,42,xgboost,302898.0250926328
1970-01-01 00:00:00.000000064,ecl,aggregate_load,96,42,xgboost,308139.2024642438
1970-01-01 00:00:00.000000064,ecl,aggregate_load,96,42,xgboost,305236.99896783155
1970-01-01 00:00:00.000000064,ecl,aggregate_load,96,42,xgboost,304599.4554583945
1970-01-01 00:00:00.000000064,ecl,aggregate_load,96,42,xgboost,307720.3648174509
1970-01-01 00:00:00.000000064,ecl,aggregate_load,96,42,xgboost,308865.6985315377
1970-01-01 00:00:00.000000064,ecl,aggregate_load,96,42,xgboost,309870.50550173275
1970-01-01 00:00:00.000000064,ecl,aggregate_load,96,42,xgboost,305314.5878350341
1970-01-01 00:00:00.000000064,ecl,aggregate_load,96,42,xgboost,307436.7049930296
1970-01-01 00:00:00.000000064,ecl,aggregate_load,96,42,xgboost,310941.437143074
1970-01-01 00:00:00.000000064,ecl,aggregate_load,96,42,xgboost,310854.75825422234
1970-01-01 00:00:00.000000064,ecl,aggregate_load,96,42,xgboost,316730.50229179504
1970-01-01 00:00:00.000000064,ecl,aggregate_load,96,42,xgboost,315688.65222543717
1970-01-01 00:00:00.000000064,ecl,aggregate_load,96,42,xgboost,306640.683018202
1970-01-01 00:00:00.000000064,ecl,aggregate_load,96,42,xgboost,302186.931244387
1970-01-01 00:00:00.000000064,ecl,aggregate_load,96,42,xgboost,299430.6245237191
1970-01-01 00:00:00.000000064,ecl,aggregate_load,96,42,xgboost,303455.7101290031
1970-01-01 00:00:00.000000064,ecl,aggregate_load,96,42,xgboost,301346.87620222126
1970-01-01 00:00:00.000000064,ecl,aggregate_load,96,42,xgboost,304270.48852661345
1970-01-01 00:00:00.000000064,ecl,aggregate_load,96,42,xgboost,303930.89044705854
1970-01-01 00:00:00.000000064,ecl,aggregate_load,96,42,xgboost,302084.61824973754
1970-01-01 00:00:00.000000064,ecl,aggregate_load,96,42,xgboost,298098.68591326074
1970-01-01 00:00:00.000000064,ecl,aggregate_load,96,42,xgboost,299683.8887477377
1970-01-01 00:00:00.000000064,ecl,aggregate_load,96,42,xgboost,298880.3917952552
1970-01-01 00:00:00.000000064,ecl,aggregate_load,96,42,xgboost,296587.4895570073
1970-01-01 00:00:00.000000064,ecl,aggregate_load,96,42,xgboost,302029.7836787493
1970-01-01 00:00:00.000000064,ecl,aggregate_load,96,42,xgboost,301209.61004308384
1970-01-01 00:00:00.000000064,ecl,aggregate_load,96,42,xgboost,297658.73250824056
1970-01-01 00:00:00.000000064,ecl,aggregate_load,96,42,xgboost,293632.07388402836
1970-01-01 00:00:00.000000064,ecl,aggregate_load,96,42,xgboost,295553.7817753234
1970-01-01 00:00:00.000000064,ecl,aggregate_load,96,42,xgboost,298709.6974195274
1970-01-01 00:00:00.000000064,ecl,aggregate_load,96,42,xgboost,296765.952683462
1970-01-01 00:00:00.000000064,ecl,aggregate_load,96,42,xgboost,301916.8634496767
1970-01-01 00:00:00.000000064,ecl,aggregate_load,96,42,xgboost,295479.42166425893
1970-01-01 00:00:00.000000064,ecl,aggregate_load,96,42,xgboost,289543.7604302419
1970-01-01 00:00:00.000000064,ecl,aggregate_load,96,42,xgboost,287565.45184830687
1970-01-01 00:00:00.000000064,ecl,aggregate_load,96,42,xgboost,283488.74841199315
1970-01-01 00:00:00.000000064,ecl,aggregate_load,96,42,xgboost,287241.87871622964
1970-01-01 00:00:00.000000064,ecl,aggregate_load,96,42,xgboost,289880.5377265778
1970-01-01 00:00:00.000000064,ecl,aggregate_load,96,42,xgboost,294884.4404431439
1970-01-01 00:00:00.000000064,ecl,aggregate_load,96,42,xgboost,296760.5447370819
1970-01-01 00:00:00.000000064,ecl,aggregate_load,96,42,xgboost,290963.88846559764
1970-01-01 00:00:00.000000064,ecl,aggregate_load,96,42,xgboost,288726.25571186194
1970-01-01 00:00:00.000000064,ecl,aggregate_load,96,42,xgboost,287750.25367711287
1970-01-01 00:00:00.000000064,ecl,aggregate_load,96,42,xgboost,285646.93049719156
1970-01-01 00:00:00.000000064,ecl,aggregate_load,96,42,xgboost,289809.92607972585
1970-01-01 00:00:00.000000064,ecl,aggregate_load,96,42,xgboost,288887.41063596547
1970-01-01 00:00:00.000000064,ecl,aggregate_load,96,42,xgboost,286258.239078704
1970-01-01 00:00:00.000000064,ecl,aggregate_load,96,42,xgboost,286133.0963109878
1970-01-01 00:00:00.000000064,ecl,aggregate_load,96,42,xgboost,289673.171145208
1970-01-01 00:00:00.000000064,ecl,aggregate_load,96,42,xgboost,288704.16510137107
1970-01-01 00:00:00.000000064,ecl,aggregate_load,96,42,xgboost,291145.8604605074
1970-01-01 00:00:00.000000064,ecl,aggregate_load,96,42,xgboost,291740.79735862155
1970-01-01 00:00:00.000000064,ecl,aggregate_load,96,42,xgboost,298874.1460186926
1970-01-01 00:00:00.000000064,ecl,aggregate_load,96,42,xgboost,298552.1062780292
1970-01-01 00:00:00.000000064,ecl,aggregate_load,96,42,xgboost,293806.8357249746
1970-01-01 00:00:00.000000064,ecl,aggregate_load,96,42,xgboost,292122.0121899121
1970-01-01 00:00:00.000000064,ecl,aggregate_load,96,42,xgboost,287911.9892436026
1970-01-01 00:00:00.000000064,ecl,aggregate_load,96,42,xgboost,289221.0672403123
1970-01-01 00:00:00.000000064,ecl,aggregate_load,96,42,xgboost,299687.1833287628
1970-01-01 00:00:00.000000064,ecl,aggregate_load,96,42,xgboost,290039.2618782138
1970-01-01 00:00:00.000000064,ecl,aggregate_load,96,42,xgboost,290964.5171741856
1970-01-01 00:00:00.000000064,ecl,aggregate_load,96,42,xgboost,290871.1450493012
1970-01-01 00:00:00.000000064,ecl,aggregate_load,96,42,xgboost,292552.27564329474
1970-01-01 00:00:00.000000064,ecl,aggregate_load,96,42,xgboost,290681.0103494367
1970-01-01 00:00:00.000000064,ecl,aggregate_load,96,42,xgboost,288096.94535513246
1970-01-01 00:00:00.000000064,ecl,aggregate_load,96,42,xgboost,291146.8855136579
1970-01-01 00:00:00.000000064,ecl,aggregate_load,96,42,xgboost,284944.7810049367
1970-01-01 00:00:00.000000064,ecl,aggregate_load,96,42,xgboost,291871.75228374515
1970-01-01 00:00:00.000000064,ecl,aggregate_load,96,42,xgboost,283911.4374408321
1970-01-01 00:00:00.000000064,ecl,aggregate_load,96,42,xgboost,287738.4971711044
1970-01-01 00:00:00.000000064,ecl,aggregate_load,96,42,xgboost,286885.25338536897
1970-01-01 00:00:00.000000065,ecl,aggregate_load,96,42,xgboost,288714.6658242524
1970-01-01 00:00:00.000000065,ecl,aggregate_load,96,42,xgboost,291615.42892241525
1970-01-01 00:00:00.000000065,ecl,aggregate_load,96,42,xgboost,287603.37968341954
1970-01-01 00:00:00.000000065,ecl,aggregate_load,96,42,xgboost,287695.80464443803
1970-01-01 00:00:00.000000065,ecl,aggregate_load,96,42,xgboost,278352.52986467886
1970-01-01 00:00:00.000000065,ecl,aggregate_load,96,42,xgboost,277827.17692387354
1970-01-01 00:00:00.000000065,ecl,aggregate_load,96,42,xgboost,277794.8173767612
1970-01-01 00:00:00.000000065,ecl,aggregate_load,96,42,xgboost,270913.6953408849
1970-01-01 00:00:00.000000065,ecl,aggregate_load,96,42,xgboost,274219.4208493407
1970-01-01 00:00:00.000000065,ecl,aggregate_load,96,42,xgboost,276410.9661595471
1970-01-01 00:00:00.000000065,ecl,aggregate_load,96,42,xgboost,280700.0154333795
1970-01-01 00:00:00.000000065,ecl,aggregate_load,96,42,xgboost,279412.2938248378
1970-01-01 00:00:00.000000065,ecl,aggregate_load,96,42,xgboost,273967.18478215236
1970-01-01 00:00:00.000000065,ecl,aggregate_load,96,42,xgboost,276796.81062769075
1970-01-01 00:00:00.000000065,ecl,aggregate_load,96,42,xgboost,278937.9113099208
1970-01-01 00:00:00.000000065,ecl,aggregate_load,96,42,xgboost,279144.5908870145
1970-01-01 00:00:00.000000065,ecl,aggregate_load,96,42,xgboost,283176.8428221133
1970-01-01 00:00:00.000000065,ecl,aggregate_load,96,42,xgboost,274734.8413695434
1970-01-01 00:00:00.000000065,ecl,aggregate_load,96,42,xgboost,272293.76402537036
1970-01-01 00:00:00.000000065,ecl,aggregate_load,96,42,xgboost,273906.4647682827
1970-01-01 00:00:00.000000065,ecl,aggregate_load,96,42,xgboost,274658.09891399165
1970-01-01 00:00:00.000000065,ecl,aggregate_load,96,42,xgboost,276572.43384697725
1970-01-01 00:00:00.000000065,ecl,aggregate_load,96,42,xgboost,275458.6774733782
1970-01-01 00:00:00.000000065,ecl,aggregate_load,96,42,xgboost,273668.10526402807
1970-01-01 00:00:00.000000065,ecl,aggregate_load,96,42,xgboost,275733.7552965727
1970-01-01 00:00:00.000000065,ecl,aggregate_load,96,42,xgboost,275059.1514887778
1970-01-01 00:00:00.000000065,ecl,aggregate_load,96,42,xgboost,272951.0432407535
1970-01-01 00:00:00.000000065,ecl,aggregate_load,96,42,xgboost,270047.69602629036
1970-01-01 00:00:00.000000065,ecl,aggregate_load,96,42,xgboost,270940.52018436656
1970-01-01 00:00:00.000000065,ecl,aggregate_load,96,42,xgboost,279102.01210788306
1970-01-01 00:00:00.000000065,ecl,aggregate_load,96,42,xgboost,275112.420551529
1970-01-01 00:00:00.000000065,ecl,aggregate_load,96,42,xgboost,278138.5467712604
1970-01-01 00:00:00.000000065,ecl,aggregate_load,96,42,xgboost,271252.96153398714
1970-01-01 00:00:00.000000065,ecl,aggregate_load,96,42,xgboost,281963.9864865801
1970-01-01 00:00:00.000000065,ecl,aggregate_load,96,42,xgboost,282501.5986685807
1970-01-01 00:00:00.000000065,ecl,aggregate_load,96,42,xgboost,275223.09209008125
1970-01-01 00:00:00.000000065,ecl,aggregate_load,96,42,xgboost,284592.6173388451
1970-01-01 00:00:00.000000065,ecl,aggregate_load,96,42,xgboost,285351.01148594567
1970-01-01 00:00:00.000000065,ecl,aggregate_load,96,42,xgboost,286097.1651711661
1970-01-01 00:00:00.000000065,ecl,aggregate_load,96,42,xgboost,285053.0085185629
1970-01-01 00:00:00.000000065,ecl,aggregate_load,96,42,xgboost,287083.48190347815
1970-01-01 00:00:00.000000065,ecl,aggregate_load,96,42,xgboost,283379.6941847135
1970-01-01 00:00:00.000000065,ecl,aggregate_load,96,42,xgboost,281432.3660200246
1970-01-01 00:00:00.000000065,ecl,aggregate_load,96,42,xgboost,281669.25502032874
1970-01-01 00:00:00.000000065,ecl,aggregate_load,96,42,xgboost,284895.9468202126
1970-01-01 00:00:00.000000065,ecl,aggregate_load,96,42,xgboost,278188.334455478
1970-01-01 00:00:00.000000065,ecl,aggregate_load,96,42,xgboost,284646.9710904931
1970-01-01 00:00:00.000000065,ecl,aggregate_load,96,42,xgboost,281523.7028718922
1970-01-01 00:00:00.000000065,ecl,aggregate_load,96,42,xgboost,281941.4969769587
1970-01-01 00:00:00.000000065,ecl,aggregate_load,96,42,xgboost,279313.73708891665
1970-01-01 00:00:00.000000065,ecl,aggregate_load,96,42,xgboost,282690.2491533938
1970-01-01 00:00:00.000000065,ecl,aggregate_load,96,42,xgboost,283681.44674041006
1970-01-01 00:00:00.000000065,ecl,aggregate_load,96,42,xgboost,285063.865723225
1970-01-01 00:00:00.000000065,ecl,aggregate_load,96,42,xgboost,287110.97680224775
1970-01-01 00:00:00.000000065,ecl,aggregate_load,96,42,xgboost,283325.6590769169
1970-01-01 00:00:00.000000065,ecl,aggregate_load,96,42,xgboost,288452.4995820701
1970-01-01 00:00:00.000000065,ecl,aggregate_load,96,42,xgboost,288328.18014061515
1970-01-01 00:00:00.000000065,ecl,aggregate_load,96,42,xgboost,291667.46763344225
1970-01-01 00:00:00.000000065,ecl,aggregate_load,96,42,xgboost,293847.64204912167
1970-01-01 00:00:00.000000065,ecl,aggregate_load,96,42,xgboost,296043.72543040104
1970-01-01 00:00:00.000000065,ecl,aggregate_load,96,42,xgboost,290793.5396701158
1970-01-01 00:00:00.000000065,ecl,aggregate_load,96,42,xgboost,288308.8858893737
1970-01-01 00:00:00.000000065,ecl,aggregate_load,96,42,xgboost,291475.38010424917
1970-01-01 00:00:00.000000065,ecl,aggregate_load,96,42,xgboost,294188.95904199086
1970-01-01 00:00:00.000000065,ecl,aggregate_load,96,42,xgboost,294045.75642293616
1970-01-01 00:00:00.000000065,ecl,aggregate_load,96,42,xgboost,294040.02665337885
1970-01-01 00:00:00.000000065,ecl,aggregate_load,96,42,xgboost,293235.0673112448
1970-01-01 00:00:00.000000065,ecl,aggregate_load,96,42,xgboost,300338.08613022865
1970-01-01 00:00:00.000000065,ecl,aggregate_load,96,42,xgboost,299201.41888244456
1970-01-01 00:00:00.000000065,ecl,aggregate_load,96,42,xgboost,302134.18688129634
1970-01-01 00:00:00.000000065,ecl,aggregate_load,96,42,xgboost,306332.0674509885
1970-01-01 00:00:00.000000065,ecl,aggregate_load,96,42,xgboost,305079.98181010905
1970-01-01 00:00:00.000000065,ecl,aggregate_load,96,42,xgboost,303595.8301552537
1970-01-01 00:00:00.000000065,ecl,aggregate_load,96,42,xgboost,294035.90457440476
1970-01-01 00:00:00.000000065,ecl,aggregate_load,96,42,xgboost,301106.0242428165
1970-01-01 00:00:00.000000065,ecl,aggregate_load,96,42,xgboost,299907.8575736522
1970-01-01 00:00:00.000000065,ecl,aggregate_load,96,42,xgboost,298885.072731245
1970-01-01 00:00:00.000000065,ecl,aggregate_load,96,42,xgboost,304808.3779962151
1970-01-01 00:00:00.000000065,ecl,aggregate_load,96,42,xgboost,304687.86604871124
1970-01-01 00:00:00.000000065,ecl,aggregate_load,96,42,xgboost,306393.0240364132
1970-01-01 00:00:00.000000065,ecl,aggregate_load,96,42,xgboost,305648.16460411454
1970-01-01 00:00:00.000000065,ecl,aggregate_load,96,42,xgboost,313599.19592162844
1970-01-01 00:00:00.000000065,ecl,aggregate_load,96,42,xgboost,315032.20401114546
1970-01-01 00:00:00.000000065,ecl,aggregate_load,96,42,xgboost,309459.3170363509
1970-01-01 00:00:00.000000065,ecl,aggregate_load,96,42,xgboost,313607.0217571293
1970-01-01 00:00:00.000000065,ecl,aggregate_load,96,42,xgboost,315173.42918396357
1970-01-01 00:00:00.000000065,ecl,aggregate_load,96,42,xgboost,314843.7620137187
1970-01-01 00:00:00.000000065,ecl,aggregate_load,96,42,xgboost,312895.9720448098
1970-01-01 00:00:00.000000065,ecl,aggregate_load,96,42,xgboost,313599.24398952484
1970-01-01 00:00:00.000000065,ecl,aggregate_load,96,42,xgboost,317390.93350270804
1970-01-01 00:00:00.000000065,ecl,aggregate_load,96,42,xgboost,317132.2807277294
1970-01-01 00:00:00.000000065,ecl,aggregate_load,96,42,xgboost,317352.6467652316
1970-01-01 00:00:00.000000065,ecl,aggregate_load,96,42,xgboost,311790.249939147
1970-01-01 00:00:00.000000065,ecl,aggregate_load,96,42,xgboost,313756.9030531504
1970-01-01 00:00:00.000000065,ecl,aggregate_load,96,42,xgboost,319089.239370187
1970-01-01 00:00:00.000000065,ecl,aggregate_load,96,42,xgboost,317383.7181534759
1970-01-01 00:00:00.000000065,ecl,aggregate_load,96,42,xgboost,315664.72224367183
1970-01-01 00:00:00.000000065,ecl,aggregate_load,96,42,xgboost,311513.328801227
1970-01-01 00:00:00.000000065,ecl,aggregate_load,96,42,xgboost,320967.8313902973
1970-01-01 00:00:00.000000065,ecl,aggregate_load,96,42,xgboost,325088.2659491548
1970-01-01 00:00:00.000000065,ecl,aggregate_load,96,42,xgboost,329134.12935014465
1970-01-01 00:00:00.000000065,ecl,aggregate_load,96,42,xgboost,329904.96307745
1970-01-01 00:00:00.000000065,ecl,aggregate_load,96,42,xgboost,334573.41773200297
1970-01-01 00:00:00.000000065,ecl,aggregate_load,96,42,xgboost,335847.3054904783
1970-01-01 00:00:00.000000065,ecl,aggregate_load,96,42,xgboost,336410.5357637809
1970-01-01 00:00:00.000000065,ecl,aggregate_load,96,42,xgboost,335216.26548089733
1970-01-01 00:00:00.000000065,ecl,aggregate_load,96,42,xgboost,334213.0729619981
1970-01-01 00:00:00.000000065,ecl,aggregate_load,96,42,xgboost,334323.9136696214
1970-01-01 00:00:00.000000065,ecl,aggregate_load,96,42,xgboost,332223.3626901503
1970-01-01 00:00:00.000000065,ecl,aggregate_load,96,42,xgboost,329441.5502757405
1970-01-01 00:00:00.000000065,ecl,aggregate_load,96,42,xgboost,320232.585409428
1970-01-01 00:00:00.000000065,ecl,aggregate_load,96,42,xgboost,324528.22052521637
1970-01-01 00:00:00.000000065,ecl,aggregate_load,96,42,xgboost,322140.04895311646
1970-01-01 00:00:00.000000065,ecl,aggregate_load,96,42,xgboost,326999.83374457154
1970-01-01 00:00:00.000000065,ecl,aggregate_load,96,42,xgboost,325825.40538555186
1970-01-01 00:00:00.000000065,ecl,aggregate_load,96,42,xgboost,324115.7613251862
1970-01-01 00:00:00.000000065,ecl,aggregate_load,96,42,xgboost,321524.2861226264
1970-01-01 00:00:00.000000065,ecl,aggregate_load,96,42,xgboost,321851.37240730267
1970-01-01 00:00:00.000000065,ecl,aggregate_load,96,42,xgboost,315488.79493499943
1970-01-01 00:00:00.000000065,ecl,aggregate_load,96,42,xgboost,322605.6601037363
1970-01-01 00:00:00.000000065,ecl,aggregate_load,96,42,xgboost,322967.4236022828
1970-01-01 00:00:00.000000065,ecl,aggregate_load,96,42,xgboost,324754.12160715304
1970-01-01 00:00:00.000000065,ecl,aggregate_load,96,42,xgboost,324062.64383514953
1970-01-01 00:00:00.000000065,ecl,aggregate_load,96,42,xgboost,320042.9515012307
1970-01-01 00:00:00.000000065,ecl,aggregate_load,96,42,xgboost,320226.3927723087
1970-01-01 00:00:00.000000065,ecl,aggregate_load,96,42,xgboost,315899.8779145284
1970-01-01 00:00:00.000000065,ecl,aggregate_load,96,42,xgboost,315105.2050208865
1970-01-01 00:00:00.000000065,ecl,aggregate_load,96,42,xgboost,312596.51392730424
1970-01-01 00:00:00.000000065,ecl,aggregate_load,96,42,xgboost,308951.60617403593
1970-01-01 00:00:00.000000065,ecl,aggregate_load,96,42,xgboost,314273.0141853264
1970-01-01 00:00:00.000000065,ecl,aggregate_load,96,42,xgboost,307009.51636585075
1970-01-01 00:00:00.000000065,ecl,aggregate_load,96,42,xgboost,301382.6417694001
1970-01-01 00:00:00.000000065,ecl,aggregate_load,96,42,xgboost,313294.24634063366
1970-01-01 00:00:00.000000065,ecl,aggregate_load,96,42,xgboost,305120.52512368764
1970-01-01 00:00:00.000000065,ecl,aggregate_load,96,42,xgboost,304672.6001584024
1970-01-01 00:00:00.000000065,ecl,aggregate_load,96,42,xgboost,303010.5419861826
1970-01-01 00:00:00.000000065,ecl,aggregate_load,96,42,xgboost,303287.6328358008
1970-01-01 00:00:00.000000065,ecl,aggregate_load,96,42,xgboost,300198.4810453251
1970-01-01 00:00:00.000000065,ecl,aggregate_load,96,42,xgboost,301201.972913616
1970-01-01 00:00:00.000000065,ecl,aggregate_load,96,42,xgboost,304366.8581135333
1970-01-01 00:00:00.000000065,ecl,aggregate_load,96,42,xgboost,312479.8252811776
1970-01-01 00:00:00.000000065,ecl,aggregate_load,96,42,xgboost,309536.24422581535
1970-01-01 00:00:00.000000065,ecl,aggregate_load,96,42,xgboost,311967.9755800882
1970-01-01 00:00:00.000000065,ecl,aggregate_load,96,42,xgboost,310858.1166963027
1970-01-01 00:00:00.000000065,ecl,aggregate_load,96,42,xgboost,315690.71300015826
1970-01-01 00:00:00.000000065,ecl,aggregate_load,96,42,xgboost,300829.11260948965
1970-01-01 00:00:00.000000065,ecl,aggregate_load,96,42,xgboost,298724.2624921236
1970-01-01 00:00:00.000000065,ecl,aggregate_load,96,42,xgboost,294949.118349639
1970-01-01 00:00:00.000000065,ecl,aggregate_load,96,42,xgboost,296575.2149556344
1970-01-01 00:00:00.000000065,ecl,aggregate_load,96,42,xgboost,291867.614821169
1970-01-01 00:00:00.000000065,ecl,aggregate_load,96,42,xgboost,293314.5375656495
1970-01-01 00:00:00.000000065,ecl,aggregate_load,96,42,xgboost,290125.5931616391
1970-01-01 00:00:00.000000065,ecl,aggregate_load,96,42,xgboost,294121.12051292
1970-01-01 00:00:00.000000065,ecl,aggregate_load,96,42,xgboost,291889.57290541154
1970-01-01 00:00:00.000000065,ecl,aggregate_load,96,42,xgboost,287243.15381258656
1970-01-01 00:00:00.000000065,ecl,aggregate_load,96,42,xgboost,289697.9215891435
1970-01-01 00:00:00.000000065,ecl,aggregate_load,96,42,xgboost,286241.31646201067
1970-01-01 00:00:00.000000065,ecl,aggregate_load,96,42,xgboost,284564.6825398333
1970-01-01 00:00:00.000000065,ecl,aggregate_load,96,42,xgboost,281365.1489922953
1970-01-01 00:00:00.000000065,ecl,aggregate_load,96,42,xgboost,285900.29875310144
1970-01-01 00:00:00.000000065,ecl,aggregate_load,96,42,xgboost,288779.8047702497
1970-01-01 00:00:00.000000065,ecl,aggregate_load,96,42,xgboost,284967.3762958021
1970-01-01 00:00:00.000000065,ecl,aggregate_load,96,42,xgboost,282680.2498303912
1970-01-01 00:00:00.000000065,ecl,aggregate_load,96,42,xgboost,281055.6689317662
1970-01-01 00:00:00.000000065,ecl,aggregate_load,96,42,xgboost,280906.754129753
1970-01-01 00:00:00.000000065,ecl,aggregate_load,96,42,xgboost,281546.1795332972
1970-01-01 00:00:00.000000065,ecl,aggregate_load,96,42,xgboost,272866.47848792945
1970-01-01 00:00:00.000000065,ecl,aggregate_load,96,42,xgboost,274763.0514876577
1970-01-01 00:00:00.000000065,ecl,aggregate_load,96,42,xgboost,278244.8591642144
1970-01-01 00:00:00.000000065,ecl,aggregate_load,96,42,xgboost,282673.31288399576
1970-01-01 00:00:00.000000065,ecl,aggregate_load,96,42,xgboost,278528.4368769778
1970-01-01 00:00:00.000000065,ecl,aggregate_load,96,42,xgboost,277264.38978076197
1970-01-01 00:00:00.000000065,ecl,aggregate_load,96,42,xgboost,274056.41246401897
1970-01-01 00:00:00.000000065,ecl,aggregate_load,96,42,xgboost,278446.1464120955
1970-01-01 00:00:00.000000065,ecl,aggregate_load,96,42,xgboost,277474.437504255
1970-01-01 00:00:00.000000065,ecl,aggregate_load,96,42,xgboost,281356.5535782368
1970-01-01 00:00:00.000000065,ecl,aggregate_load,96,42,xgboost,274282.7197528652
1970-01-01 00:00:00.000000065,ecl,aggregate_load,96,42,xgboost,284518.6934237038
1970-01-01 00:00:00.000000065,ecl,aggregate_load,96,42,xgboost,273562.3217094574
1970-01-01 00:00:00.000000065,ecl,aggregate_load,96,42,xgboost,272657.6048918351
1970-01-01 00:00:00.000000065,ecl,aggregate_load,96,42,xgboost,278813.86399613594
1970-01-01 00:00:00.000000065,ecl,aggregate_load,96,42,xgboost,265598.52050552436
1970-01-01 00:00:00.000000065,ecl,aggregate_load,96,42,xgboost,271291.61390089465
1970-01-01 00:00:00.000000065,ecl,aggregate_load,96,42,xgboost,275153.9309207774
1970-01-01 00:00:00.000000065,ecl,aggregate_load,96,42,xgboost,284363.7234361486
1970-01-01 00:00:00.000000065,ecl,aggregate_load,96,42,xgboost,276712.0627081555
1970-01-01 00:00:00.000000065,ecl,aggregate_load,96,42,xgboost,281823.1213606099
1970-01-01 00:00:00.000000065,ecl,aggregate_load,96,42,xgboost,278872.2019450438
1970-01-01 00:00:00.000000065,ecl,aggregate_load,96,42,xgboost,284724.0946844425
1970-01-01 00:00:00.000000065,ecl,aggregate_load,96,42,xgboost,289245.51639006444
1970-01-01 00:00:00.000000065,ecl,aggregate_load,96,42,xgboost,291257.1409896097
1970-01-01 00:00:00.000000065,ecl,aggregate_load,96,42,xgboost,291035.48218476406
1970-01-01 00:00:00.000000065,ecl,aggregate_load,96,42,xgboost,287047.3906505106
1970-01-01 00:00:00.000000065,ecl,aggregate_load,96,42,xgboost,290857.62707204913
1970-01-01 00:00:00.000000065,ecl,aggregate_load,96,42,xgboost,285472.7613871863
1970-01-01 00:00:00.000000065,ecl,aggregate_load,96,42,xgboost,283950.0310018236
1970-01-01 00:00:00.000000065,ecl,aggregate_load,96,42,xgboost,277635.12944993953
1970-01-01 00:00:00.000000065,ecl,aggregate_load,96,42,xgboost,276804.5031963675
1970-01-01 00:00:00.000000065,ecl,aggregate_load,96,42,xgboost,272643.3275225794
1970-01-01 00:00:00.000000065,ecl,aggregate_load,96,42,xgboost,273019.7906534246
1970-01-01 00:00:00.000000065,ecl,aggregate_load,96,42,xgboost,285770.5717667274
1970-01-01 00:00:00.000000065,ecl,aggregate_load,96,42,xgboost,286288.924430462
1970-01-01 00:00:00.000000065,ecl,aggregate_load,96,42,xgboost,286130.8434155238
1970-01-01 00:00:00.000000065,ecl,aggregate_load,96,42,xgboost,283890.97023918486
1970-01-01 00:00:00.000000065,ecl,aggregate_load,96,42,xgboost,284938.25796523696
1970-01-01 00:00:00.000000065,ecl,aggregate_load,96,42,xgboost,287371.783312049
1970-01-01 00:00:00.000000065,ecl,aggregate_load,96,42,xgboost,288808.3073250391
1970-01-01 00:00:00.000000065,ecl,aggregate_load,96,42,xgboost,287200.5404169318
1970-01-01 00:00:00.000000065,ecl,aggregate_load,96,42,xgboost,294436.47217523184
1970-01-01 00:00:00.000000065,ecl,aggregate_load,96,42,xgboost,287517.3992242297
1970-01-01 00:00:00.000000065,ecl,aggregate_load,96,42,xgboost,283928.72163256194
1970-01-01 00:00:00.000000065,ecl,aggregate_load,96,42,xgboost,286174.4411360899
1970-01-01 00:00:00.000000065,ecl,aggregate_load,96,42,xgboost,285812.0649368455
1970-01-01 00:00:00.000000065,ecl,aggregate_load,96,42,xgboost,289907.1252110684
1970-01-01 00:00:00.000000065,ecl,aggregate_load,96,42,xgboost,280144.0123835068
1970-01-01 00:00:00.000000065,ecl,aggregate_load,96,42,xgboost,284772.57942823163
1970-01-01 00:00:00.000000065,ecl,aggregate_load,96,42,xgboost,277061.6118199954
1970-01-01 00:00:00.000000065,ecl,aggregate_load,96,42,xgboost,283415.7307825863
1970-01-01 00:00:00.000000065,ecl,aggregate_load,96,42,xgboost,280027.23281194764
1970-01-01 00:00:00.000000065,ecl,aggregate_load,96,42,xgboost,284106.9394595043
1970-01-01 00:00:00.000000065,ecl,aggregate_load,96,42,xgboost,286813.608805055
1970-01-01 00:00:00.000000065,ecl,aggregate_load,96,42,xgboost,284080.65605444595
1970-01-01 00:00:00.000000065,ecl,aggregate_load,96,42,xgboost,286903.1305413467
1970-01-01 00:00:00.000000065,ecl,aggregate_load,96,42,xgboost,294168.41233099945
1970-01-01 00:00:00.000000065,ecl,aggregate_load,96,42,xgboost,292727.82239753474
1970-01-01 00:00:00.000000065,ecl,aggregate_load,96,42,xgboost,290611.30118974746
1970-01-01 00:00:00.000000065,ecl,aggregate_load,96,42,xgboost,293353.11183446564
1970-01-01 00:00:00.000000065,ecl,aggregate_load,96,42,xgboost,296226.73275661893
1970-01-01 00:00:00.000000065,ecl,aggregate_load,96,42,xgboost,300377.3322772091
1970-01-01 00:00:00.000000065,ecl,aggregate_load,96,42,xgboost,296790.2495234535
1970-01-01 00:00:00.000000065,ecl,aggregate_load,96,42,xgboost,299541.9477210851
1970-01-01 00:00:00.000000065,ecl,aggregate_load,96,42,xgboost,303321.3599304263
1970-01-01 00:00:00.000000065,ecl,aggregate_load,96,42,xgboost,304903.8321668511
1970-01-01 00:00:00.000000065,ecl,aggregate_load,96,42,xgboost,307029.5845327845
1970-01-01 00:00:00.000000065,ecl,aggregate_load,96,42,xgboost,305797.5731163527
1970-01-01 00:00:00.000000065,ecl,aggregate_load,96,42,xgboost,304368.46208650473
1970-01-01 00:00:00.000000065,ecl,aggregate_load,96,42,xgboost,299542.76839517016
1970-01-01 00:00:00.000000065,ecl,aggregate_load,96,42,xgboost,298985.35692713165
1970-01-01 00:00:00.000000065,ecl,aggregate_load,96,42,xgboost,303698.7627032962
1970-01-01 00:00:00.000000065,ecl,aggregate_load,96,42,xgboost,291560.6963174441
1970-01-01 00:00:00.000000065,ecl,aggregate_load,96,42,xgboost,296985.72738962685
1970-01-01 00:00:00.000000065,ecl,aggregate_load,96,42,xgboost,290795.9346459606
1970-01-01 00:00:00.000000065,ecl,aggregate_load,96,42,xgboost,295464.8969074112
1970-01-01 00:00:00.000000065,ecl,aggregate_load,96,42,xgboost,300439.6036638036
1970-01-01 00:00:00.000000065,ecl,aggregate_load,96,42,xgboost,291419.52477961377
1970-01-01 00:00:00.000000065,ecl,aggregate_load,96,42,xgboost,297534.9410899474
1970-01-01 00:00:00.000000065,ecl,aggregate_load,96,42,xgboost,294817.5546334873
1970-01-01 00:00:00.000000065,ecl,aggregate_load,96,42,xgboost,297954.3995847171
1970-01-01 00:00:00.000000065,ecl,aggregate_load,96,42,xgboost,293937.4171783148
1970-01-01 00:00:00.000000065,ecl,aggregate_load,96,42,xgboost,291698.6298334915
1970-01-01 00:00:00.000000065,ecl,aggregate_load,96,42,xgboost,294338.49800872075
1970-01-01 00:00:00.000000065,ecl,aggregate_load,96,42,xgboost,290428.61036339175
1970-01-01 00:00:00.000000065,ecl,aggregate_load,96,42,xgboost,290069.23988639197
1970-01-01 00:00:00.000000065,ecl,aggregate_load,96,42,xgboost,295760.5185577397
1970-01-01 00:00:00.000000065,ecl,aggregate_load,96,42,xgboost,288747.8582196702
1970-01-01 00:00:00.000000065,ecl,aggregate_load,96,42,xgboost,292500.791362796
1970-01-01 00:00:00.000000065,ecl,aggregate_load,96,42,xgboost,292771.72828811454
1970-01-01 00:00:00.000000065,ecl,aggregate_load,96,42,xgboost,294845.8908958451
1970-01-01 00:00:00.000000065,ecl,aggregate_load,96,42,xgboost,295755.6557294145
1970-01-01 00:00:00.000000065,ecl,aggregate_load,96,42,xgboost,297251.03497981577
1970-01-01 00:00:00.000000065,ecl,aggregate_load,96,42,xgboost,296100.4175420155
1970-01-01 00:00:00.000000065,ecl,aggregate_load,96,42,xgboost,305178.4878075339
1970-01-01 00:00:00.000000065,ecl,aggregate_load,96,42,xgboost,301269.7206809083
1970-01-01 00:00:00.000000065,ecl,aggregate_load,96,42,xgboost,300690.150977813
1970-01-01 00:00:00.000000065,ecl,aggregate_load,96,42,xgboost,296284.15784447815
1970-01-01 00:00:00.000000065,ecl,aggregate_load,96,42,xgboost,298203.42371310975
1970-01-01 00:00:00.000000065,ecl,aggregate_load,96,42,xgboost,304798.98607884714
1970-01-01 00:00:00.000000065,ecl,aggregate_load,96,42,xgboost,296755.1204309327
1970-01-01 00:00:00.000000065,ecl,aggregate_load,96,42,xgboost,298741.47988685145
1970-01-01 00:00:00.000000065,ecl,aggregate_load,96,42,xgboost,292673.8849172161
1970-01-01 00:00:00.000000065,ecl,aggregate_load,96,42,xgboost,295624.040878202
1970-01-01 00:00:00.000000065,ecl,aggregate_load,96,42,xgboost,295979.25451144093
1970-01-01 00:00:00.000000065,ecl,aggregate_load,96,42,xgboost,298311.16523117444
1970-01-01 00:00:00.000000065,ecl,aggregate_load,96,42,xgboost,293839.1599860446
1970-01-01 00:00:00.000000065,ecl,aggregate_load,96,42,xgboost,290873.10863723455
1970-01-01 00:00:00.000000065,ecl,aggregate_load,96,42,xgboost,295120.3551455108
1970-01-01 00:00:00.000000065,ecl,aggregate_load,96,42,xgboost,297877.09397012024
1970-01-01 00:00:00.000000065,ecl,aggregate_load,96,42,xgboost,293217.91792983067
1970-01-01 00:00:00.000000065,ecl,aggregate_load,96,42,xgboost,297693.3920687449
1970-01-01 00:00:00.000000065,ecl,aggregate_load,96,42,xgboost,293605.86333991797
1970-01-01 00:00:00.000000065,ecl,aggregate_load,96,42,xgboost,300743.9636946812
1970-01-01 00:00:00.000000065,ecl,aggregate_load,96,42,xgboost,298341.3902123917
1970-01-01 00:00:00.000000065,ecl,aggregate_load,96,42,xgboost,297981.6984562948
1970-01-01 00:00:00.000000065,ecl,aggregate_load,96,42,xgboost,295725.64092854905
1970-01-01 00:00:00.000000065,ecl,aggregate_load,96,42,xgboost,284060.949733974
1970-01-01 00:00:00.000000065,ecl,aggregate_load,96,42,xgboost,302878.00691728614
1970-01-01 00:00:00.000000065,ecl,aggregate_load,96,42,xgboost,299070.1147578202
1970-01-01 00:00:00.000000065,ecl,aggregate_load,96,42,xgboost,292138.58303932426
1970-01-01 00:00:00.000000065,ecl,aggregate_load,96,42,xgboost,294850.8182916532
1970-01-01 00:00:00.000000065,ecl,aggregate_load,96,42,xgboost,298159.73577794764
1970-01-01 00:00:00.000000065,ecl,aggregate_load,96,42,xgboost,286352.6777841199
1970-01-01 00:00:00.000000065,ecl,aggregate_load,96,42,xgboost,288576.07952947
1970-01-01 00:00:00.000000065,ecl,aggregate_load,96,42,xgboost,293496.534264329
1970-01-01 00:00:00.000000065,ecl,aggregate_load,96,42,xgboost,294378.41201225953
1970-01-01 00:00:00.000000065,ecl,aggregate_load,96,42,xgboost,298252.767844656
1970-01-01 00:00:00.000000065,ecl,aggregate_load,96,42,xgboost,295081.425159487
1970-01-01 00:00:00.000000065,ecl,aggregate_load,96,42,xgboost,299751.55065219663
1970-01-01 00:00:00.000000065,ecl,aggregate_load,96,42,xgboost,286195.69309559366
1970-01-01 00:00:00.000000065,ecl,aggregate_load,96,42,xgboost,287423.4004040817
1970-01-01 00:00:00.000000065,ecl,aggregate_load,96,42,xgboost,293058.0823240979
1970-01-01 00:00:00.000000065,ecl,aggregate_load,96,42,xgboost,295838.2185513988
1970-01-01 00:00:00.000000065,ecl,aggregate_load,96,42,xgboost,300605.2670888563
1970-01-01 00:00:00.000000065,ecl,aggregate_load,96,42,xgboost,302955.22517946124
1970-01-01 00:00:00.000000065,ecl,aggregate_load,96,42,xgboost,311827.506952754
1970-01-01 00:00:00.000000065,ecl,aggregate_load,96,42,xgboost,304033.0744548647
1970-01-01 00:00:00.000000065,ecl,aggregate_load,96,42,xgboost,308015.1014235227
1970-01-01 00:00:00.000000065,ecl,aggregate_load,96,42,xgboost,305911.35445991385
1970-01-01 00:00:00.000000065,ecl,aggregate_load,96,42,xgboost,303729.3783508848
1970-01-01 00:00:00.000000065,ecl,aggregate_load,96,42,xgboost,303827.95655044686
1970-01-01 00:00:00.000000065,ecl,aggregate_load,96,42,xgboost,306183.3767432594
1970-01-01 00:00:00.000000065,ecl,aggregate_load,96,42,xgboost,308784.2316459035
1970-01-01 00:00:00.000000065,ecl,aggregate_load,96,42,xgboost,305367.0719580131
1970-01-01 00:00:00.000000065,ecl,aggregate_load,96,42,xgboost,306132.32378963154
1970-01-01 00:00:00.000000065,ecl,aggregate_load,96,42,xgboost,301196.6370575
1970-01-01 00:00:00.000000065,ecl,aggregate_load,96,42,xgboost,298632.6718894029
1970-01-01 00:00:00.000000065,ecl,aggregate_load,96,42,xgboost,303813.4292092075
1970-01-01 00:00:00.000000065,ecl,aggregate_load,96,42,xgboost,306126.09408090886
1970-01-01 00:00:00.000000065,ecl,aggregate_load,96,42,xgboost,306745.6507999791
1970-01-01 00:00:00.000000065,ecl,aggregate_load,96,42,xgboost,303021.3365639039
1970-01-01 00:00:00.000000065,ecl,aggregate_load,96,42,xgboost,306453.5277027635
1970-01-01 00:00:00.000000065,ecl,aggregate_load,96,42,xgboost,315395.66287763306
1970-01-01 00:00:00.000000065,ecl,aggregate_load,96,42,xgboost,307603.5664795821
1970-01-01 00:00:00.000000065,ecl,aggregate_load,96,42,xgboost,305237.3327687832
1970-01-01 00:00:00.000000065,ecl,aggregate_load,96,42,xgboost,305878.60694428586
1970-01-01 00:00:00.000000065,ecl,aggregate_load,96,42,xgboost,304653.5391401281
1970-01-01 00:00:00.000000065,ecl,aggregate_load,96,42,xgboost,301272.447928377
1970-01-01 00:00:00.000000065,ecl,aggregate_load,96,42,xgboost,301086.4963696084
1970-01-01 00:00:00.000000065,ecl,aggregate_load,96,42,xgboost,298262.27045111865
1970-01-01 00:00:00.000000065,ecl,aggregate_load,96,42,xgboost,296900.89132728457
1970-01-01 00:00:00.000000065,ecl,aggregate_load,96,42,xgboost,299031.56196193706
1970-01-01 00:00:00.000000065,ecl,aggregate_load,96,42,xgboost,295738.27988656255
1970-01-01 00:00:00.000000065,ecl,aggregate_load,96,42,xgboost,297089.77951346105
1970-01-01 00:00:00.000000065,ecl,aggregate_load,96,42,xgboost,294774.394310717
1970-01-01 00:00:00.000000065,ecl,aggregate_load,96,42,xgboost,295064.844005829
1970-01-01 00:00:00.000000065,ecl,aggregate_load,96,42,xgboost,301618.2832075491
1970-01-01 00:00:00.000000065,ecl,aggregate_load,96,42,xgboost,305162.83656549384
1970-01-01 00:00:00.000000065,ecl,aggregate_load,96,42,xgboost,308431.38868286
1970-01-01 00:00:00.000000065,ecl,aggregate_load,96,42,xgboost,311533.53744333755
1970-01-01 00:00:00.000000065,ecl,aggregate_load,96,42,xgboost,316288.8708164636
1970-01-01 00:00:00.000000065,ecl,aggregate_load,96,42,xgboost,311819.8226728907
1970-01-01 00:00:00.000000065,ecl,aggregate_load,96,42,xgboost,313760.0878434265
1970-01-01 00:00:00.000000065,ecl,aggregate_load,96,42,xgboost,313542.76862282987
1970-01-01 00:00:00.000000065,ecl,aggregate_load,96,42,xgboost,306471.1627509033
1970-01-01 00:00:00.000000065,ecl,aggregate_load,96,42,xgboost,311660.1737033336
1970-01-01 00:00:00.000000066,ecl,aggregate_load,96,42,xgboost,313272.3850789422
1970-01-01 00:00:00.000000066,ecl,aggregate_load,96,42,xgboost,309086.7283213373
1970-01-01 00:00:00.000000066,ecl,aggregate_load,96,42,xgboost,315778.0136112279
1970-01-01 00:00:00.000000066,ecl,aggregate_load,96,42,xgboost,313828.50509594457
1970-01-01 00:00:00.000000066,ecl,aggregate_load,96,42,xgboost,318636.52384448214
1970-01-01 00:00:00.000000066,ecl,aggregate_load,96,42,xgboost,314128.01885410066
1970-01-01 00:00:00.000000066,ecl,aggregate_load,96,42,xgboost,318185.0772072886
1970-01-01 00:00:00.000000066,ecl,aggregate_load,96,42,xgboost,317582.78277114197
1970-01-01 00:00:00.000000066,ecl,aggregate_load,96,42,xgboost,309621.0357959666
1970-01-01 00:00:00.000000066,ecl,aggregate_load,96,42,xgboost,312918.14652718283
1970-01-01 00:00:00.000000066,ecl,aggregate_load,96,42,xgboost,315029.7321574804
1970-01-01 00:00:00.000000066,ecl,aggregate_load,96,42,xgboost,314298.73716142075
1970-01-01 00:00:00.000000066,ecl,aggregate_load,96,42,xgboost,316780.28260363545
1970-01-01 00:00:00.000000066,ecl,aggregate_load,96,42,xgboost,306567.9277433778
1970-01-01 00:00:00.000000066,ecl,aggregate_load,96,42,xgboost,308264.56667790405
1970-01-01 00:00:00.000000066,ecl,aggregate_load,96,42,xgboost,309128.83893272333
1970-01-01 00:00:00.000000066,ecl,aggregate_load,96,42,xgboost,310125.89459975454
1970-01-01 00:00:00.000000066,ecl,aggregate_load,96,42,xgboost,316196.0128002518
1970-01-01 00:00:00.000000066,ecl,aggregate_load,96,42,xgboost,314034.25490093435
1970-01-01 00:00:00.000000066,ecl,aggregate_load,96,42,xgboost,301460.2576037411
1970-01-01 00:00:00.000000066,ecl,aggregate_load,96,42,xgboost,303589.29110853403
1970-01-01 00:00:00.000000066,ecl,aggregate_load,96,42,xgboost,308795.08431238827
1970-01-01 00:00:00.000000066,ecl,aggregate_load,96,42,xgboost,314936.9637042988
1970-01-01 00:00:00.000000066,ecl,aggregate_load,96,42,xgboost,322697.57695408934
1970-01-01 00:00:00.000000066,ecl,aggregate_load,96,42,xgboost,325799.84808496805
1970-01-01 00:00:00.000000066,ecl,aggregate_load,96,42,xgboost,319646.83731070446
1970-01-01 00:00:00.000000066,ecl,aggregate_load,96,42,xgboost,319102.74958820024
1970-01-01 00:00:00.000000066,ecl,aggregate_load,96,42,xgboost,316892.51789394306
1970-01-01 00:00:00.000000066,ecl,aggregate_load,96,42,xgboost,312409.7402160132
1970-01-01 00:00:00.000000066,ecl,aggregate_load,96,42,xgboost,300416.87945774506
1970-01-01 00:00:00.000000066,ecl,aggregate_load,96,42,xgboost,308619.0203526556
1970-01-01 00:00:00.000000066,ecl,aggregate_load,96,42,xgboost,305929.29737897235
1970-01-01 00:00:00.000000066,ecl,aggregate_load,96,42,xgboost,300590.92603498866
1970-01-01 00:00:00.000000066,ecl,aggregate_load,96,42,xgboost,307717.4271639174
1970-01-01 00:00:00.000000066,ecl,aggregate_load,96,42,xgboost,306733.5669892559
1970-01-01 00:00:00.000000066,ecl,aggregate_load,96,42,xgboost,305336.8126648042
1970-01-01 00:00:00.000000066,ecl,aggregate_load,96,42,xgboost,303967.67887551634
1970-01-01 00:00:00.000000066,ecl,aggregate_load,96,42,xgboost,307758.30862558004
1970-01-01 00:00:00.000000066,ecl,aggregate_load,96,42,xgboost,305134.3095190955
1970-01-01 00:00:00.000000066,ecl,aggregate_load,96,42,xgboost,307036.32041582145
1970-01-01 00:00:00.000000066,ecl,aggregate_load,96,42,xgboost,307522.4789029394
1970-01-01 00:00:00.000000066,ecl,aggregate_load,96,42,xgboost,304053.6061103453
1970-01-01 00:00:00.000000066,ecl,aggregate_load,96,42,xgboost,304074.5944560591
1970-01-01 00:00:00.000000066,ecl,aggregate_load,96,42,xgboost,300667.5542664719
1970-01-01 00:00:00.000000066,ecl,aggregate_load,96,42,xgboost,297289.03527044546
1970-01-01 00:00:00.000000066,ecl,aggregate_load,96,42,xgboost,293147.8304593423
1970-01-01 00:00:00.000000066,ecl,aggregate_load,96,42,xgboost,298499.71688925225
1970-01-01 00:00:00.000000066,ecl,aggregate_load,96,42,xgboost,296268.87240203755
1970-01-01 00:00:00.000000066,ecl,aggregate_load,96,42,xgboost,290989.17609562183
1970-01-01 00:00:00.000000066,ecl,aggregate_load,96,42,xgboost,290546.48733985284
1970-01-01 00:00:00.000000066,ecl,aggregate_load,96,42,xgboost,286859.5422290286
1970-01-01 00:00:00.000000066,ecl,aggregate_load,96,42,xgboost,291345.1566713397
1970-01-01 00:00:00.000000066,ecl,aggregate_load,96,42,xgboost,296712.24976305786
1970-01-01 00:00:00.000000066,ecl,aggregate_load,96,42,xgboost,297329.0359504709
1970-01-01 00:00:00.000000066,ecl,aggregate_load,96,42,xgboost,282435.08554241835
1970-01-01 00:00:00.000000066,ecl,aggregate_load,96,42,xgboost,285648.0117351312
1970-01-01 00:00:00.000000066,ecl,aggregate_load,96,42,xgboost,284281.24931492755
1970-01-01 00:00:00.000000066,ecl,aggregate_load,96,42,xgboost,282610.97206098255
1970-01-01 00:00:00.000000066,ecl,aggregate_load,96,42,xgboost,280813.23901534325
1970-01-01 00:00:00.000000066,ecl,aggregate_load,96,42,xgboost,278611.37072834285
1970-01-01 00:00:00.000000066,ecl,aggregate_load,96,42,xgboost,286517.9281042962
1970-01-01 00:00:00.000000066,ecl,aggregate_load,96,42,xgboost,289470.84217146895
1970-01-01 00:00:00.000000066,ecl,aggregate_load,96,42,xgboost,285323.6149425742
1970-01-01 00:00:00.000000066,ecl,aggregate_load,96,42,xgboost,289201.5392263811
1970-01-01 00:00:00.000000066,ecl,aggregate_load,96,42,xgboost,290275.74939621333
1970-01-01 00:00:00.000000066,ecl,aggregate_load,96,42,xgboost,293506.34694858274
1970-01-01 00:00:00.000000066,ecl,aggregate_load,96,42,xgboost,291220.42672635586
1970-01-01 00:00:00.000000066,ecl,aggregate_load,96,42,xgboost,288569.3493891635
1970-01-01 00:00:00.000000066,ecl,aggregate_load,96,42,xgboost,294954.14014556963
1970-01-01 00:00:00.000000066,ecl,aggregate_load,96,42,xgboost,295397.14553187834
1970-01-01 00:00:00.000000066,ecl,aggregate_load,96,42,xgboost,292901.7779617062
1970-01-01 00:00:00.000000066,ecl,aggregate_load,96,42,xgboost,286766.2890013424
1970-01-01 00:00:00.000000066,ecl,aggregate_load,96,42,xgboost,286324.1147338587
1970-01-01 00:00:00.000000066,ecl,aggregate_load,96,42,xgboost,295953.4272255809
1970-01-01 00:00:00.000000066,ecl,aggregate_load,96,42,xgboost,294428.5280373154
1970-01-01 00:00:00.000000066,ecl,aggregate_load,96,42,xgboost,303746.99977105117
1970-01-01 00:00:00.000000066,ecl,aggregate_load,96,42,xgboost,297125.503067106
1970-01-01 00:00:00.000000066,ecl,aggregate_load,96,42,xgboost,291327.78652223584
1970-01-01 00:00:00.000000066,ecl,aggregate_load,96,42,xgboost,285236.1325871146
1970-01-01 00:00:00.000000066,ecl,aggregate_load,96,42,xgboost,292130.5988392262
1970-01-01 00:00:00.000000066,ecl,aggregate_load,96,42,xgboost,294478.7108488567
1970-01-01 00:00:00.000000066,ecl,aggregate_load,96,42,xgboost,289992.302500452
1970-01-01 00:00:00.000000066,ecl,aggregate_load,96,42,xgboost,291247.4088721533
1970-01-01 00:00:00.000000066,ecl,aggregate_load,96,42,xgboost,289796.7300954785
1970-01-01 00:00:00.000000066,ecl,aggregate_load,96,42,xgboost,290044.6072636184
1970-01-01 00:00:00.000000066,ecl,aggregate_load,96,42,xgboost,283671.39767679054
1970-01-01 00:00:00.000000066,ecl,aggregate_load,96,42,xgboost,281537.3841004537
1970-01-01 00:00:00.000000066,ecl,aggregate_load,96,42,xgboost,278210.8054601764
1970-01-01 00:00:00.000000066,ecl,aggregate_load,96,42,xgboost,276279.22640428203
1970-01-01 00:00:00.000000066,ecl,aggregate_load,96,42,xgboost,275475.78216950403
1970-01-01 00:00:00.000000066,ecl,aggregate_load,96,42,xgboost,275962.6878936855
1970-01-01 00:00:00.000000066,ecl,aggregate_load,96,42,xgboost,280531.10045680427
1970-01-01 00:00:00.000000066,ecl,aggregate_load,96,42,xgboost,270520.33239798207
1970-01-01 00:00:00.000000066,ecl,aggregate_load,96,42,xgboost,279930.26624151395
1970-01-01 00:00:00.000000066,ecl,aggregate_load,96,42,xgboost,283111.0285885998
1970-01-01 00:00:00.000000066,ecl,aggregate_load,96,42,xgboost,284573.1110795911
1970-01-01 00:00:00.000000066,ecl,aggregate_load,96,42,xgboost,281712.5234202179
1970-01-01 00:00:00.000000066,ecl,aggregate_load,96,42,xgboost,284495.09092657856
1970-01-01 00:00:00.000000066,ecl,aggregate_load,96,42,xgboost,286968.0166412683
1970-01-01 00:00:00.000000066,ecl,aggregate_load,96,42,xgboost,288507.4849637086
1970-01-01 00:00:00.000000066,ecl,aggregate_load,96,42,xgboost,286578.21780225943
1970-01-01 00:00:00.000000066,ecl,aggregate_load,96,42,xgboost,290171.2518835139
1970-01-01 00:00:00.000000066,ecl,aggregate_load,96,42,xgboost,291247.988809452
1970-01-01 00:00:00.000000066,ecl,aggregate_load,96,42,xgboost,294939.62344673247
1970-01-01 00:00:00.000000066,ecl,aggregate_load,96,42,xgboost,296707.95250670466
1970-01-01 00:00:00.000000066,ecl,aggregate_load,96,42,xgboost,296448.08607763966
1970-01-01 00:00:00.000000066,ecl,aggregate_load,96,42,xgboost,297434.7550600965
1970-01-01 00:00:00.000000066,ecl,aggregate_load,96,42,xgboost,297204.3242192374
1970-01-01 00:00:00.000000066,ecl,aggregate_load,96,42,xgboost,292392.08714112145
1970-01-01 00:00:00.000000066,ecl,aggregate_load,96,42,xgboost,291563.5061062283
1970-01-01 00:00:00.000000066,ecl,aggregate_load,96,42,xgboost,296725.9624661712
1970-01-01 00:00:00.000000066,ecl,aggregate_load,96,42,xgboost,295252.32137874723
1970-01-01 00:00:00.000000066,ecl,aggregate_load,96,42,xgboost,305349.9210884431
1970-01-01 00:00:00.000000066,ecl,aggregate_load,96,42,xgboost,302991.70699689194
1970-01-01 00:00:00.000000066,ecl,aggregate_load,96,42,xgboost,304445.25519033213
1970-01-01 00:00:00.000000066,ecl,aggregate_load,96,42,xgboost,305457.0328504532
1970-01-01 00:00:00.000000066,ecl,aggregate_load,96,42,xgboost,313206.7568545838
1970-01-01 00:00:00.000000066,ecl,aggregate_load,96,42,xgboost,306953.82861180726
1970-01-01 00:00:00.000000066,ecl,aggregate_load,96,42,xgboost,294763.9305884093
1970-01-01 00:00:00.000000066,ecl,aggregate_load,96,42,xgboost,296396.09879980754
1970-01-01 00:00:00.000000066,ecl,aggregate_load,96,42,xgboost,300811.08357079735
1970-01-01 00:00:00.000000066,ecl,aggregate_load,96,42,xgboost,303160.6261202409
1970-01-01 00:00:00.000000066,ecl,aggregate_load,96,42,xgboost,304536.0333453026
1970-01-01 00:00:00.000000066,ecl,aggregate_load,96,42,xgboost,303140.32196189533
1970-01-01 00:00:00.000000066,ecl,aggregate_load,96,42,xgboost,307046.68383548193
1970-01-01 00:00:00.000000066,ecl,aggregate_load,96,42,xgboost,302999.8529485623
1970-01-01 00:00:00.000000066,ecl,aggregate_load,96,42,xgboost,308953.5687956602
1970-01-01 00:00:00.000000066,ecl,aggregate_load,96,42,xgboost,307715.42424295837
1970-01-01 00:00:00.000000066,ecl,aggregate_load,96,42,xgboost,306396.7477244675
1970-01-01 00:00:00.000000066,ecl,aggregate_load,96,42,xgboost,311399.77191621874
1970-01-01 00:00:00.000000066,ecl,aggregate_load,96,42,xgboost,309717.54341941426
1970-01-01 00:00:00.000000066,ecl,aggregate_load,96,42,xgboost,311274.4436260661
1970-01-01 00:00:00.000000066,ecl,aggregate_load,96,42,xgboost,308684.8827335168
1970-01-01 00:00:00.000000066,ecl,aggregate_load,96,42,xgboost,309455.14435076894
1970-01-01 00:00:00.000000066,ecl,aggregate_load,96,42,xgboost,302219.31362721237
1970-01-01 00:00:00.000000066,ecl,aggregate_load,96,42,xgboost,304506.0662330438
1970-01-01 00:00:00.000000066,ecl,aggregate_load,96,42,xgboost,307439.60020486335
1970-01-01 00:00:00.000000066,ecl,aggregate_load,96,42,xgboost,302948.1260869721
1970-01-01 00:00:00.000000066,ecl,aggregate_load,96,42,xgboost,307745.7752310219
1970-01-01 00:00:00.000000066,ecl,aggregate_load,96,42,xgboost,309961.77783997654
1970-01-01 00:00:00.000000066,ecl,aggregate_load,96,42,xgboost,311816.3027139033
1970-01-01 00:00:00.000000066,ecl,aggregate_load,96,42,xgboost,316136.76552103244
1970-01-01 00:00:00.000000066,ecl,aggregate_load,96,42,xgboost,316720.32409437996
1970-01-01 00:00:00.000000066,ecl,aggregate_load,96,42,xgboost,312221.36579780193
1970-01-01 00:00:00.000000066,ecl,aggregate_load,96,42,xgboost,310622.0445133508
1970-01-01 00:00:00.000000066,ecl,aggregate_load,96,42,xgboost,311871.591479023
1970-01-01 00:00:00.000000066,ecl,aggregate_load,96,42,xgboost,314680.1584090881
1970-01-01 00:00:00.000000066,ecl,aggregate_load,96,42,xgboost,316012.1849467629
1970-01-01 00:00:00.000000066,ecl,aggregate_load,96,42,xgboost,302284.1107509715
1970-01-01 00:00:00.000000066,ecl,aggregate_load,96,42,xgboost,311177.73065574083
1970-01-01 00:00:00.000000066,ecl,aggregate_load,96,42,xgboost,310561.0441751686
1970-01-01 00:00:00.000000066,ecl,aggregate_load,96,42,xgboost,316676.0743765477
1970-01-01 00:00:00.000000066,ecl,aggregate_load,96,42,xgboost,314561.8552542561
1970-01-01 00:00:00.000000066,ecl,aggregate_load,96,42,xgboost,311089.8726236392
1970-01-01 00:00:00.000000066,ecl,aggregate_load,96,42,xgboost,319731.20990449615
1970-01-01 00:00:00.000000066,ecl,aggregate_load,96,42,xgboost,320347.0914769173
1970-01-01 00:00:00.000000066,ecl,aggregate_load,96,42,xgboost,321313.11204656627
1970-01-01 00:00:00.000000066,ecl,aggregate_load,96,42,xgboost,308625.16041291115
1970-01-01 00:00:00.000000066,ecl,aggregate_load,96,42,xgboost,304231.7025492419
1970-01-01 00:00:00.000000066,ecl,aggregate_load,96,42,xgboost,306892.4045845862
1970-01-01 00:00:00.000000066,ecl,aggregate_load,96,42,xgboost,307008.14448289346
1970-01-01 00:00:00.000000066,ecl,aggregate_load,96,42,xgboost,297677.4589919841
1970-01-01 00:00:00.000000066,ecl,aggregate_load,96,42,xgboost,294244.87884129694
1970-01-01 00:00:00.000000066,ecl,aggregate_load,96,42,xgboost,301319.05350102996
1970-01-01 00:00:00.000000066,ecl,aggregate_load,96,42,xgboost,303007.58593756537
1970-01-01 00:00:00.000000066,ecl,aggregate_load,96,42,xgboost,299231.61131948873
1970-01-01 00:00:00.000000066,ecl,aggregate_load,96,42,xgboost,294147.8244293861
1970-01-01 00:00:00.000000066,ecl,aggregate_load,96,42,xgboost,294093.9167708974
1970-01-01 00:00:00.000000066,ecl,aggregate_load,96,42,xgboost,297168.02551025513
1970-01-01 00:00:00.000000066,ecl,aggregate_load,96,42,xgboost,300745.80518257455
1970-01-01 00:00:00.000000066,ecl,aggregate_load,96,42,xgboost,293895.14557428117
1970-01-01 00:00:00.000000066,ecl,aggregate_load,96,42,xgboost,287774.72932615294
1970-01-01 00:00:00.000000066,ecl,aggregate_load,96,42,xgboost,294570.10146912024
1970-01-01 00:00:00.000000066,ecl,aggregate_load,96,42,xgboost,296286.9749354256
1970-01-01 00:00:00.000000066,ecl,aggregate_load,96,42,xgboost,296629.9218866436
1970-01-01 00:00:00.000000066,ecl,aggregate_load,96,42,xgboost,302336.5591648557
1970-01-01 00:00:00.000000066,ecl,aggregate_load,96,42,xgboost,301341.1487525364
1970-01-01 00:00:00.000000066,ecl,aggregate_load,96,42,xgboost,296308.6710863754
1970-01-01 00:00:00.000000066,ecl,aggregate_load,96,42,xgboost,298828.92502204963
1970-01-01 00:00:00.000000066,ecl,aggregate_load,96,42,xgboost,303640.3513624338
1970-01-01 00:00:00.000000066,ecl,aggregate_load,96,42,xgboost,308890.3290208247
1970-01-01 00:00:00.000000066,ecl,aggregate_load,96,42,xgboost,311629.2460195318
1970-01-01 00:00:00.000000066,ecl,aggregate_load,96,42,xgboost,315294.8377174278
1970-01-01 00:00:00.000000066,ecl,aggregate_load,96,42,xgboost,312267.23613937997
1970-01-01 00:00:00.000000066,ecl,aggregate_load,96,42,xgboost,311035.14821336727
1970-01-01 00:00:00.000000066,ecl,aggregate_load,96,42,xgboost,305652.4203272417
1970-01-01 00:00:00.000000066,ecl,aggregate_load,96,42,xgboost,317365.9476811721
1970-01-01 00:00:00.000000066,ecl,aggregate_load,96,42,xgboost,306430.83228627854
1970-01-01 00:00:00.000000066,ecl,aggregate_load,96,42,xgboost,306895.0742487524
1970-01-01 00:00:00.000000066,ecl,aggregate_load,96,42,xgboost,305832.0505796973
1970-01-01 00:00:00.000000066,ecl,aggregate_load,96,42,xgboost,297516.71706339903
1970-01-01 00:00:00.000000066,ecl,aggregate_load,96,42,xgboost,295353.47583077155
1970-01-01 00:00:00.000000066,ecl,aggregate_load,96,42,xgboost,294034.63595250977
1970-01-01 00:00:00.000000066,ecl,aggregate_load,96,42,xgboost,295778.44944694656
1970-01-01 00:00:00.000000066,ecl,aggregate_load,96,42,xgboost,297112.4552670845
1970-01-01 00:00:00.000000066,ecl,aggregate_load,96,42,xgboost,296929.5331275543
1970-01-01 00:00:00.000000066,ecl,aggregate_load,96,42,xgboost,297200.03204323474
1970-01-01 00:00:00.000000066,ecl,aggregate_load,96,42,xgboost,295994.2502784841
1970-01-01 00:00:00.000000066,ecl,aggregate_load,96,42,xgboost,304153.00587456225
1970-01-01 00:00:00.000000066,ecl,aggregate_load,96,42,xgboost,295130.9549601784
1970-01-01 00:00:00.000000066,ecl,aggregate_load,96,42,xgboost,289738.2265782065
1970-01-01 00:00:00.000000066,ecl,aggregate_load,96,42,xgboost,296175.77344981604
1970-01-01 00:00:00.000000066,ecl,aggregate_load,96,42,xgboost,290492.93990413035
1970-01-01 00:00:00.000000066,ecl,aggregate_load,96,42,xgboost,294867.9805062982
1970-01-01 00:00:00.000000066,ecl,aggregate_load,96,42,xgboost,287533.92946628935
1970-01-01 00:00:00.000000066,ecl,aggregate_load,96,42,xgboost,288777.14095296006
1970-01-01 00:00:00.000000066,ecl,aggregate_load,96,42,xgboost,290851.30731863686
1970-01-01 00:00:00.000000066,ecl,aggregate_load,96,42,xgboost,292453.5784490872
1970-01-01 00:00:00.000000066,ecl,aggregate_load,96,42,xgboost,287157.2813689819
1970-01-01 00:00:00.000000066,ecl,aggregate_load,96,42,xgboost,288734.38421877095
1970-01-01 00:00:00.000000066,ecl,aggregate_load,96,42,xgboost,287611.82022337586
1970-01-01 00:00:00.000000066,ecl,aggregate_load,96,42,xgboost,285127.39665280684
1970-01-01 00:00:00.000000066,ecl,aggregate_load,96,42,xgboost,284236.9055339736
1970-01-01 00:00:00.000000066,ecl,aggregate_load,96,42,xgboost,281580.78135761415
1970-01-01 00:00:00.000000066,ecl,aggregate_load,96,42,xgboost,282085.0128500843
1970-01-01 00:00:00.000000066,ecl,aggregate_load,96,42,xgboost,285306.09095782094
1970-01-01 00:00:00.000000066,ecl,aggregate_load,96,42,xgboost,282886.80430385185
1970-01-01 00:00:00.000000066,ecl,aggregate_load,96,42,xgboost,283511.86142531707
1970-01-01 00:00:00.000000066,ecl,aggregate_load,96,42,xgboost,280399.08717939485
1970-01-01 00:00:00.000000066,ecl,aggregate_load,96,42,xgboost,280586.2828452764
1970-01-01 00:00:00.000000066,ecl,aggregate_load,96,42,xgboost,273354.2162933219
1970-01-01 00:00:00.000000066,ecl,aggregate_load,96,42,xgboost,278052.17943262757
1970-01-01 00:00:00.000000066,ecl,aggregate_load,96,42,xgboost,279225.31511489407
1970-01-01 00:00:00.000000066,ecl,aggregate_load,96,42,xgboost,270067.0225340635
1970-01-01 00:00:00.000000066,ecl,aggregate_load,96,42,xgboost,273160.7548141655
1970-01-01 00:00:00.000000066,ecl,aggregate_load,96,42,xgboost,272340.4063209072
1970-01-01 00:00:00.000000066,ecl,aggregate_load,96,42,xgboost,275740.6032130587
1970-01-01 00:00:00.000000066,ecl,aggregate_load,96,42,xgboost,267671.47211913276
1970-01-01 00:00:00.000000066,ecl,aggregate_load,96,42,xgboost,269034.6598718975
1970-01-01 00:00:00.000000066,ecl,aggregate_load,96,42,xgboost,272380.6916633609
1970-01-01 00:00:00.000000066,ecl,aggregate_load,96,42,xgboost,272005.81331806333
1970-01-01 00:00:00.000000066,ecl,aggregate_load,96,42,xgboost,273656.16830539826
1970-01-01 00:00:00.000000066,ecl,aggregate_load,96,42,xgboost,274735.38126283075
1970-01-01 00:00:00.000000066,ecl,aggregate_load,96,42,xgboost,271222.2353458178
1970-01-01 00:00:00.000000066,ecl,aggregate_load,96,42,xgboost,273255.7485881477
1970-01-01 00:00:00.000000066,ecl,aggregate_load,96,42,xgboost,265304.7647931794
1970-01-01 00:00:00.000000066,ecl,aggregate_load,96,42,xgboost,265627.95513551036
1970-01-01 00:00:00.000000066,ecl,aggregate_load,96,42,xgboost,268427.5636743941
1970-01-01 00:00:00.000000066,ecl,aggregate_load,96,42,xgboost,265560.98399595096
1970-01-01 00:00:00.000000066,ecl,aggregate_load,96,42,xgboost,266350.1680980478
1970-01-01 00:00:00.000000066,ecl,aggregate_load,96,42,xgboost,267545.49671535665
1970-01-01 00:00:00.000000066,ecl,aggregate_load,96,42,xgboost,266815.9855283588
1970-01-01 00:00:00.000000066,ecl,aggregate_load,96,42,xgboost,271763.552080923
1970-01-01 00:00:00.000000066,ecl,aggregate_load,96,42,xgboost,275354.90604838455
1970-01-01 00:00:00.000000066,ecl,aggregate_load,96,42,xgboost,267788.9915483231
1970-01-01 00:00:00.000000066,ecl,aggregate_load,96,42,xgboost,273864.3690092936
1970-01-01 00:00:00.000000066,ecl,aggregate_load,96,42,xgboost,273114.13358736696
1970-01-01 00:00:00.000000066,ecl,aggregate_load,96,42,xgboost,271812.4056355739
1970-01-01 00:00:00.000000066,ecl,aggregate_load,96,42,xgboost,275072.3585900197
1970-01-01 00:00:00.000000066,ecl,aggregate_load,96,42,xgboost,281217.3552311244
1970-01-01 00:00:00.000000066,ecl,aggregate_load,96,42,xgboost,280891.47926741565
1970-01-01 00:00:00.000000066,ecl,aggregate_load,96,42,xgboost,284944.70064435905
1970-01-01 00:00:00.000000066,ecl,aggregate_load,96,42,xgboost,287165.6535433709
1970-01-01 00:00:00.000000066,ecl,aggregate_load,96,42,xgboost,282451.2093147119
1970-01-01 00:00:00.000000066,ecl,aggregate_load,96,42,xgboost,283036.85345579084
1970-01-01 00:00:00.000000066,ecl,aggregate_load,96,42,xgboost,281044.5890592599
1970-01-01 00:00:00.000000066,ecl,aggregate_load,96,42,xgboost,280477.3372594749
1970-01-01 00:00:00.000000066,ecl,aggregate_load,96,42,xgboost,283583.24769147194
1970-01-01 00:00:00.000000066,ecl,aggregate_load,96,42,xgboost,281281.9288023106
1970-01-01 00:00:00.000000066,ecl,aggregate_load,96,42,xgboost,280362.8318593461
1970-01-01 00:00:00.000000066,ecl,aggregate_load,96,42,xgboost,283867.5238161984
1970-01-01 00:00:00.000000066,ecl,aggregate_load,96,42,xgboost,287798.0593316111
1970-01-01 00:00:00.000000066,ecl,aggregate_load,96,42,xgboost,287278.555694836
1970-01-01 00:00:00.000000066,ecl,aggregate_load,96,42,xgboost,288613.5699821573
1970-01-01 00:00:00.000000066,ecl,aggregate_load,96,42,xgboost,288594.6033162786
1970-01-01 00:00:00.000000066,ecl,aggregate_load,96,42,xgboost,289007.6134149666
1970-01-01 00:00:00.000000066,ecl,aggregate_load,96,42,xgboost,293330.51408436766
1970-01-01 00:00:00.000000066,ecl,aggregate_load,96,42,xgboost,287567.9261619527
1970-01-01 00:00:00.000000066,ecl,aggregate_load,96,42,xgboost,296512.8974452329
1970-01-01 00:00:00.000000066,ecl,aggregate_load,96,42,xgboost,288556.9199361229
1970-01-01 00:00:00.000000066,ecl,aggregate_load,96,42,xgboost,292934.4985074992
1970-01-01 00:00:00.000000066,ecl,aggregate_load,96,42,xgboost,297166.6940802257
1970-01-01 00:00:00.000000066,ecl,aggregate_load,96,42,xgboost,296428.99398464663
1970-01-01 00:00:00.000000066,ecl,aggregate_load,96,42,xgboost,299309.18682698865
1970-01-01 00:00:00.000000066,ecl,aggregate_load,96,42,xgboost,306687.4125039056
1970-01-01 00:00:00.000000066,ecl,aggregate_load,96,42,xgboost,305183.1027666393
1970-01-01 00:00:00.000000066,ecl,aggregate_load,96,42,xgboost,308226.7114748074
1970-01-01 00:00:00.000000066,ecl,aggregate_load,96,42,xgboost,303449.77494729223
1970-01-01 00:00:00.000000066,ecl,aggregate_load,96,42,xgboost,297621.0999712456
1970-01-01 00:00:00.000000066,ecl,aggregate_load,96,42,xgboost,302014.2631844645
1970-01-01 00:00:00.000000066,ecl,aggregate_load,96,42,xgboost,299747.1899064583
1970-01-01 00:00:00.000000066,ecl,aggregate_load,96,42,xgboost,299743.93098616245
1970-01-01 00:00:00.000000066,ecl,aggregate_load,96,42,xgboost,301485.6394375214
1970-01-01 00:00:00.000000066,ecl,aggregate_load,96,42,xgboost,295809.2359073973
1970-01-01 00:00:00.000000066,ecl,aggregate_load,96,42,xgboost,290929.07763586246
1970-01-01 00:00:00.000000066,ecl,aggregate_load,96,42,xgboost,286758.69741733174
1970-01-01 00:00:00.000000066,ecl,aggregate_load,96,42,xgboost,284962.65400126757
1970-01-01 00:00:00.000000066,ecl,aggregate_load,96,42,xgboost,283415.5264983249
1970-01-01 00:00:00.000000066,ecl,aggregate_load,96,42,xgboost,280897.6691480016
1970-01-01 00:00:00.000000066,ecl,aggregate_load,96,42,xgboost,283678.3652629359
1970-01-01 00:00:00.000000066,ecl,aggregate_load,96,42,xgboost,277496.93506545416
1970-01-01 00:00:00.000000066,ecl,aggregate_load,96,42,xgboost,279297.2699498071
1970-01-01 00:00:00.000000066,ecl,aggregate_load,96,42,xgboost,276461.7911053875
1970-01-01 00:00:00.000000066,ecl,aggregate_load,96,42,xgboost,277517.2444713352
1970-01-01 00:00:00.000000066,ecl,aggregate_load,96,42,xgboost,279629.38876414794
1970-01-01 00:00:00.000000066,ecl,aggregate_load,96,42,xgboost,279688.85246309865
1970-01-01 00:00:00.000000066,ecl,aggregate_load,96,42,xgboost,278552.87444652495
1970-01-01 00:00:00.000000066,ecl,aggregate_load,96,42,xgboost,275702.8530892905
1970-01-01 00:00:00.000000066,ecl,aggregate_load,96,42,xgboost,283379.1220698103
1970-01-01 00:00:00.000000066,ecl,aggregate_load,96,42,xgboost,280324.65032436576
1970-01-01 00:00:00.000000066,ecl,aggregate_load,96,42,xgboost,279209.7963127744
1970-01-01 00:00:00.000000066,ecl,aggregate_load,96,42,xgboost,276772.53204446775
1970-01-01 00:00:00.000000066,ecl,aggregate_load,96,42,xgboost,279830.12978159497
1970-01-01 00:00:00.000000066,ecl,aggregate_load,96,42,xgboost,280853.6947937266
1970-01-01 00:00:00.000000066,ecl,aggregate_load,96,42,xgboost,283223.7049414988
1970-01-01 00:00:00.000000066,ecl,aggregate_load,96,42,xgboost,282580.84316406114
1970-01-01 00:00:00.000000066,ecl,aggregate_load,96,42,xgboost,283992.28070129885
1970-01-01 00:00:00.000000066,ecl,aggregate_load,96,42,xgboost,287247.75886014034
1970-01-01 00:00:00.000000066,ecl,aggregate_load,96,42,xgboost,289419.450617745
1970-01-01 00:00:00.000000066,ecl,aggregate_load,96,42,xgboost,289949.76167802495
1970-01-01 00:00:00.000000066,ecl,aggregate_load,96,42,xgboost,283397.5072298057
1970-01-01 00:00:00.000000066,ecl,aggregate_load,96,42,xgboost,282589.28623195743
1970-01-01 00:00:00.000000066,ecl,aggregate_load,96,42,xgboost,289628.4227768172
1970-01-01 00:00:00.000000066,ecl,aggregate_load,96,42,xgboost,293739.52489084436
1970-01-01 00:00:00.000000066,ecl,aggregate_load,96,42,xgboost,294671.717144036
1970-01-01 00:00:00.000000066,ecl,aggregate_load,96,42,xgboost,295960.58373207034
1970-01-01 00:00:00.000000066,ecl,aggregate_load,96,42,xgboost,299389.4136049884
1970-01-01 00:00:00.000000066,ecl,aggregate_load,96,42,xgboost,301798.9113818267
1970-01-01 00:00:00.000000066,ecl,aggregate_load,96,42,xgboost,302984.45771211653
1970-01-01 00:00:00.000000066,ecl,aggregate_load,96,42,xgboost,304128.5578473462
1970-01-01 00:00:00.000000066,ecl,aggregate_load,96,42,xgboost,301519.29374084267
1970-01-01 00:00:00.000000066,ecl,aggregate_load,96,42,xgboost,302084.9280995283
1970-01-01 00:00:00.000000066,ecl,aggregate_load,96,42,xgboost,299241.3016369179
1970-01-01 00:00:00.000000066,ecl,aggregate_load,96,42,xgboost,301088.5533905145
1970-01-01 00:00:00.000000066,ecl,aggregate_load,96,42,xgboost,298544.3306346463
1970-01-01 00:00:00.000000066,ecl,aggregate_load,96,42,xgboost,296762.7051669671
1970-01-01 00:00:00.000000066,ecl,aggregate_load,96,42,xgboost,299780.68560539716
1970-01-01 00:00:00.000000066,ecl,aggregate_load,96,42,xgboost,296629.2809769779
1970-01-01 00:00:00.000000066,ecl,aggregate_load,96,42,xgboost,295449.9224253005
1970-01-01 00:00:00.000000066,ecl,aggregate_load,96,42,xgboost,298372.85914740845
1970-01-01 00:00:00.000000066,ecl,aggregate_load,96,42,xgboost,296532.14835205855
1970-01-01 00:00:00.000000066,ecl,aggregate_load,96,42,xgboost,299406.38582382834
1970-01-01 00:00:00.000000066,ecl,aggregate_load,96,42,xgboost,293376.75722148706
1970-01-01 00:00:00.000000066,ecl,aggregate_load,96,42,xgboost,292937.5427741132
1970-01-01 00:00:00.000000066,ecl,aggregate_load,96,42,xgboost,294163.9125308942
1970-01-01 00:00:00.000000066,ecl,aggregate_load,96,42,xgboost,297847.4302056274
1970-01-01 00:00:00.000000066,ecl,aggregate_load,96,42,xgboost,298049.263293976
1970-01-01 00:00:00.000000066,ecl,aggregate_load,96,42,xgboost,298872.29797374335
1970-01-01 00:00:00.000000066,ecl,aggregate_load,96,42,xgboost,304908.46582436515
1970-01-01 00:00:00.000000066,ecl,aggregate_load,96,42,xgboost,301852.8693846445
1970-01-01 00:00:00.000000066,ecl,aggregate_load,96,42,xgboost,303067.4209179399
1970-01-01 00:00:00.000000066,ecl,aggregate_load,96,42,xgboost,300986.5212131785
1970-01-01 00:00:00.000000066,ecl,aggregate_load,96,42,xgboost,300728.46290969243
1970-01-01 00:00:00.000000066,ecl,aggregate_load,96,42,xgboost,298316.1069996105
1970-01-01 00:00:00.000000066,ecl,aggregate_load,96,42,xgboost,296943.9808833837
1970-01-01 00:00:00.000000066,ecl,aggregate_load,96,42,xgboost,289286.4955206293
1970-01-01 00:00:00.000000066,ecl,aggregate_load,96,42,xgboost,287293.3720197999
1970-01-01 00:00:00.000000066,ecl,aggregate_load,96,42,xgboost,289512.9263561877
1970-01-01 00:00:00.000000066,ecl,aggregate_load,96,42,xgboost,291501.84004797915
1970-01-01 00:00:00.000000066,ecl,aggregate_load,96,42,xgboost,287381.74401015317
1970-01-01 00:00:00.000000066,ecl,aggregate_load,96,42,xgboost,286519.5707919167
1970-01-01 00:00:00.000000066,ecl,aggregate_load,96,42,xgboost,285185.5626841799
1970-01-01 00:00:00.000000066,ecl,aggregate_load,96,42,xgboost,287588.33119631984
1970-01-01 00:00:00.000000066,ecl,aggregate_load,96,42,xgboost,287878.4381331788
1970-01-01 00:00:00.000000066,ecl,aggregate_load,96,42,xgboost,293163.0072073334
1970-01-01 00:00:00.000000066,ecl,aggregate_load,96,42,xgboost,293699.4289876038
1970-01-01 00:00:00.000000066,ecl,aggregate_load,96,42,xgboost,280156.9578421902
1970-01-01 00:00:00.000000066,ecl,aggregate_load,96,42,xgboost,291099.2639295694
1970-01-01 00:00:00.000000066,ecl,aggregate_load,96,42,xgboost,288229.381337478
1970-01-01 00:00:00.000000066,ecl,aggregate_load,96,42,xgboost,290523.4307853033
1970-01-01 00:00:00.000000066,ecl,aggregate_load,96,42,xgboost,292020.9766075466
1970-01-01 00:00:00.000000066,ecl,aggregate_load,96,42,xgboost,292285.1314259965
1970-01-01 00:00:00.000000066,ecl,aggregate_load,96,42,xgboost,287425.5381041881
1970-01-01 00:00:00.000000066,ecl,aggregate_load,96,42,xgboost,293244.05649133876
1970-01-01 00:00:00.000000066,ecl,aggregate_load,96,42,xgboost,287350.44539270503
1970-01-01 00:00:00.000000066,ecl,aggregate_load,96,42,xgboost,281367.6633734679
1970-01-01 00:00:00.000000066,ecl,aggregate_load,96,42,xgboost,286353.049490157
1970-01-01 00:00:00.000000066,ecl,aggregate_load,96,42,xgboost,280228.6519464454
1970-01-01 00:00:00.000000066,ecl,aggregate_load,96,42,xgboost,277653.8822311712
1970-01-01 00:00:00.000000066,ecl,aggregate_load,96,42,xgboost,277843.73106358835
1970-01-01 00:00:00.000000066,ecl,aggregate_load,96,42,xgboost,274428.70322570467
1970-01-01 00:00:00.000000066,ecl,aggregate_load,96,42,xgboost,274244.7847523958
1970-01-01 00:00:00.000000066,ecl,aggregate_load,96,42,xgboost,274858.22101275733
1970-01-01 00:00:00.000000066,ecl,aggregate_load,96,42,xgboost,276561.02504303405
1970-01-01 00:00:00.000000066,ecl,aggregate_load,96,42,xgboost,281465.44220121374
1970-01-01 00:00:00.000000066,ecl,aggregate_load,96,42,xgboost,282311.4358319636
1970-01-01 00:00:00.000000066,ecl,aggregate_load,96,42,xgboost,284394.7957897192
1970-01-01 00:00:00.000000066,ecl,aggregate_load,96,42,xgboost,285771.7634812297
1970-01-01 00:00:00.000000066,ecl,aggregate_load,96,42,xgboost,286645.3434856591
1970-01-01 00:00:00.000000066,ecl,aggregate_load,96,42,xgboost,276261.4807534609
1970-01-01 00:00:00.000000066,ecl,aggregate_load,96,42,xgboost,288580.21205861314
1970-01-01 00:00:00.000000066,ecl,aggregate_load,96,42,xgboost,295266.53832706757
1970-01-01 00:00:00.000000066,ecl,aggregate_load,96,42,xgboost,295103.25688298716
1970-01-01 00:00:00.000000066,ecl,aggregate_load,96,42,xgboost,296718.2632020896
1970-01-01 00:00:00.000000066,ecl,aggregate_load,96,42,xgboost,297037.6231329155
1970-01-01 00:00:00.000000066,ecl,aggregate_load,96,42,xgboost,296733.6778951119
1970-01-01 00:00:00.000000066,ecl,aggregate_load,96,42,xgboost,300028.83563068387
1970-01-01 00:00:00.000000066,ecl,aggregate_load,96,42,xgboost,297456.1042473402
1970-01-01 00:00:00.000000066,ecl,aggregate_load,96,42,xgboost,299194.38232261955
1970-01-01 00:00:00.000000066,ecl,aggregate_load,96,42,xgboost,298682.50067832915
1970-01-01 00:00:00.000000066,ecl,aggregate_load,96,42,xgboost,296857.1671360212
1970-01-01 00:00:00.000000066,ecl,aggregate_load,96,42,xgboost,295664.6478476118
1970-01-01 00:00:00.000000066,ecl,aggregate_load,96,42,xgboost,298728.94292050943
1970-01-01 00:00:00.000000066,ecl,aggregate_load,96,42,xgboost,303250.44260474155
1970-01-01 00:00:00.000000066,ecl,aggregate_load,96,42,xgboost,296322.9078881329
1970-01-01 00:00:00.000000066,ecl,aggregate_load,96,42,xgboost,300671.9650752424
1970-01-01 00:00:00.000000066,ecl,aggregate_load,96,42,xgboost,302778.76346709
1970-01-01 00:00:00.000000066,ecl,aggregate_load,96,42,xgboost,300122.14040398394
1970-01-01 00:00:00.000000066,ecl,aggregate_load,96,42,xgboost,297577.9492020363
1970-01-01 00:00:00.000000066,ecl,aggregate_load,96,42,xgboost,299980.6251586892
1970-01-01 00:00:00.000000066,ecl,aggregate_load,96,42,xgboost,293953.2480954999
1970-01-01 00:00:00.000000066,ecl,aggregate_load,96,42,xgboost,293210.2510836322
1970-01-01 00:00:00.000000066,ecl,aggregate_load,96,42,xgboost,296038.34727376397
1970-01-01 00:00:00.000000066,ecl,aggregate_load,96,42,xgboost,298792.0174270518
1970-01-01 00:00:00.000000066,ecl,aggregate_load,96,42,xgboost,297012.57775645144
1970-01-01 00:00:00.000000066,ecl,aggregate_load,96,42,xgboost,300967.5785517071
1970-01-01 00:00:00.000000066,ecl,aggregate_load,96,42,xgboost,296776.8700848994
1970-01-01 00:00:00.000000066,ecl,aggregate_load,96,42,xgboost,285626.5458497672
1970-01-01 00:00:00.000000066,ecl,aggregate_load,96,42,xgboost,278249.75079405383
1970-01-01 00:00:00.000000066,ecl,aggregate_load,96,42,xgboost,283380.9141908029
1970-01-01 00:00:00.000000066,ecl,aggregate_load,96,42,xgboost,286522.43213402876
1970-01-01 00:00:00.000000066,ecl,aggregate_load,96,42,xgboost,280281.991397698
1970-01-01 00:00:00.000000066,ecl,aggregate_load,96,42,xgboost,278144.1013973931
1970-01-01 00:00:00.000000066,ecl,aggregate_load,96,42,xgboost,278287.7869489323
1970-01-01 00:00:00.000000066,ecl,aggregate_load,96,42,xgboost,281098.6346036378
1970-01-01 00:00:00.000000066,ecl,aggregate_load,96,42,xgboost,284775.0200081752
1970-01-01 00:00:00.000000066,ecl,aggregate_load,96,42,xgboost,283263.9467646366
1970-01-01 00:00:00.000000066,ecl,aggregate_load,96,42,xgboost,289047.2341423744
1970-01-01 00:00:00.000000066,ecl,aggregate_load,96,42,xgboost,288650.57242606947
1970-01-01 00:00:00.000000066,ecl,aggregate_load,96,42,xgboost,289777.1171924048
1970-01-01 00:00:00.000000066,ecl,aggregate_load,96,42,xgboost,292273.59691051295
1970-01-01 00:00:00.000000066,ecl,aggregate_load,96,42,xgboost,294507.2059901385
1970-01-01 00:00:00.000000066,ecl,aggregate_load,96,42,xgboost,296393.77389845304
1970-01-01 00:00:00.000000066,ecl,aggregate_load,96,42,xgboost,297524.40266598127
1970-01-01 00:00:00.000000066,ecl,aggregate_load,96,42,xgboost,297231.6670733198
1970-01-01 00:00:00.000000066,ecl,aggregate_load,96,42,xgboost,293227.9899578882
1970-01-01 00:00:00.000000066,ecl,aggregate_load,96,42,xgboost,296087.75687294145
1970-01-01 00:00:00.000000066,ecl,aggregate_load,96,42,xgboost,296432.4198697502
1970-01-01 00:00:00.000000066,ecl,aggregate_load,96,42,xgboost,296442.07948803337
1970-01-01 00:00:00.000000066,ecl,aggregate_load,96,42,xgboost,296198.8180330933
1970-01-01 00:00:00.000000066,ecl,aggregate_load,96,42,xgboost,289112.1842205661
1970-01-01 00:00:00.000000066,ecl,aggregate_load,96,42,xgboost,290869.132544646
1970-01-01 00:00:00.000000066,ecl,aggregate_load,96,42,xgboost,290622.6025851481
1970-01-01 00:00:00.000000066,ecl,aggregate_load,96,42,xgboost,297712.23067704024
1970-01-01 00:00:00.000000066,ecl,aggregate_load,96,42,xgboost,282275.39348309865
1970-01-01 00:00:00.000000066,ecl,aggregate_load,96,42,xgboost,293001.9867834483
1970-01-01 00:00:00.000000066,ecl,aggregate_load,96,42,xgboost,293622.7346834774
1970-01-01 00:00:00.000000066,ecl,aggregate_load,96,42,xgboost,291010.06331968674
1970-01-01 00:00:00.000000066,ecl,aggregate_load,96,42,xgboost,290113.5925787463
1970-01-01 00:00:00.000000066,ecl,aggregate_load,96,42,xgboost,292094.98254337296
1970-01-01 00:00:00.000000066,ecl,aggregate_load,96,42,xgboost,293713.9331627533
1970-01-01 00:00:00.000000066,ecl,aggregate_load,96,42,xgboost,296026.8399560332
1970-01-01 00:00:00.000000066,ecl,aggregate_load,96,42,xgboost,289584.83832506416
1970-01-01 00:00:00.000000066,ecl,aggregate_load,96,42,xgboost,297112.5554230687
1970-01-01 00:00:00.000000066,ecl,aggregate_load,96,42,xgboost,289684.5277393731
1970-01-01 00:00:00.000000066,ecl,aggregate_load,96,42,xgboost,286343.24452031223
1970-01-01 00:00:00.000000066,ecl,aggregate_load,96,42,xgboost,291593.1173955729
1970-01-01 00:00:00.000000066,ecl,aggregate_load,96,42,xgboost,288798.0887181972
1970-01-01 00:00:00.000000066,ecl,aggregate_load,96,42,xgboost,290005.74069164204
1970-01-01 00:00:00.000000066,ecl,aggregate_load,96,42,xgboost,292744.2195071061
1970-01-01 00:00:00.000000066,ecl,aggregate_load,96,42,xgboost,288800.11786559084
1970-01-01 00:00:00.000000066,ecl,aggregate_load,96,42,xgboost,287576.6872286388
1970-01-01 00:00:00.000000066,ecl,aggregate_load,96,42,xgboost,287339.5810390573
1970-01-01 00:00:00.000000066,ecl,aggregate_load,96,42,xgboost,273373.5786874784
1970-01-01 00:00:00.000000066,ecl,aggregate_load,96,42,xgboost,280836.7553566774
1970-01-01 00:00:00.000000066,ecl,aggregate_load,96,42,xgboost,279088.7875633584
1970-01-01 00:00:00.000000066,ecl,aggregate_load,96,42,xgboost,274301.09708197665
1970-01-01 00:00:00.000000066,ecl,aggregate_load,96,42,xgboost,267505.889509574
1970-01-01 00:00:00.000000066,ecl,aggregate_load,96,42,xgboost,274702.99631306314
1970-01-01 00:00:00.000000067,ecl,aggregate_load,96,42,xgboost,274573.6011525828
1970-01-01 00:00:00.000000067,ecl,aggregate_load,96,42,xgboost,272432.53136061056
1970-01-01 00:00:00.000000067,ecl,aggregate_load,96,42,xgboost,271143.68735048315
1970-01-01 00:00:00.000000067,ecl,aggregate_load,96,42,xgboost,269498.08484525647
1970-01-01 00:00:00.000000067,ecl,aggregate_load,96,42,xgboost,268809.2438923757
1970-01-01 00:00:00.000000067,ecl,aggregate_load,96,42,xgboost,270348.4588177205
1970-01-01 00:00:00.000000067,ecl,aggregate_load,96,42,xgboost,271505.298771842
1970-01-01 00:00:00.000000067,ecl,aggregate_load,96,42,xgboost,273180.4245597991
1970-01-01 00:00:00.000000067,ecl,aggregate_load,96,42,xgboost,273458.62255808216
1970-01-01 00:00:00.000000067,ecl,aggregate_load,96,42,xgboost,268777.9093314414
1970-01-01 00:00:00.000000067,ecl,aggregate_load,96,42,xgboost,269641.50469504885
1970-01-01 00:00:00.000000067,ecl,aggregate_load,96,42,xgboost,267317.4450144252
1970-01-01 00:00:00.000000067,ecl,aggregate_load,96,42,xgboost,257827.08055211292
1970-01-01 00:00:00.000000067,ecl,aggregate_load,96,42,xgboost,264936.7270586495
1970-01-01 00:00:00.000000067,ecl,aggregate_load,96,42,xgboost,260147.8570577035
1970-01-01 00:00:00.000000067,ecl,aggregate_load,96,42,xgboost,265463.03045802563
1970-01-01 00:00:00.000000067,ecl,aggregate_load,96,42,xgboost,267162.0102688598
1970-01-01 00:00:00.000000067,ecl,aggregate_load,96,42,xgboost,262346.16387620376
1970-01-01 00:00:00.000000067,ecl,aggregate_load,96,42,xgboost,263169.08966630325
1970-01-01 00:00:00.000000067,ecl,aggregate_load,96,42,xgboost,269650.0995099033
1970-01-01 00:00:00.000000067,ecl,aggregate_load,96,42,xgboost,257829.9363734772
1970-01-01 00:00:00.000000067,ecl,aggregate_load,96,42,xgboost,261140.5439881636
1970-01-01 00:00:00.000000067,ecl,aggregate_load,96,42,xgboost,264653.10095491837
1970-01-01 00:00:00.000000067,ecl,aggregate_load,96,42,xgboost,261044.84496430028
1970-01-01 00:00:00.000000067,ecl,aggregate_load,96,42,xgboost,260874.56237520106
1970-01-01 00:00:00.000000067,ecl,aggregate_load,96,42,xgboost,257303.3595154447
1970-01-01 00:00:00.000000067,ecl,aggregate_load,96,42,xgboost,258837.76388276205
1970-01-01 00:00:00.000000067,ecl,aggregate_load,96,42,xgboost,258287.41709181006
1970-01-01 00:00:00.000000067,ecl,aggregate_load,96,42,xgboost,260575.55396563956
1970-01-01 00:00:00.000000067,ecl,aggregate_load,96,42,xgboost,265579.97020845657
1970-01-01 00:00:00.000000067,ecl,aggregate_load,96,42,xgboost,271070.3625448824
1970-01-01 00:00:00.000000067,ecl,aggregate_load,96,42,xgboost,268798.8221039052
1970-01-01 00:00:00.000000067,ecl,aggregate_load,96,42,xgboost,276417.81391702895
1970-01-01 00:00:00.000000067,ecl,aggregate_load,96,42,xgboost,275837.6612543164
1970-01-01 00:00:00.000000067,ecl,aggregate_load,96,42,xgboost,284607.7561360898
1970-01-01 00:00:00.000000067,ecl,aggregate_load,96,42,xgboost,278333.75670241984
1970-01-01 00:00:00.000000067,ecl,aggregate_load,96,42,xgboost,275699.50595617533
1970-01-01 00:00:00.000000067,ecl,aggregate_load,96,42,xgboost,279314.0335780074
1970-01-01 00:00:00.000000067,ecl,aggregate_load,96,42,xgboost,286333.9208353111
1970-01-01 00:00:00.000000067,ecl,aggregate_load,96,42,xgboost,284994.1108382921
1970-01-01 00:00:00.000000067,ecl,aggregate_load,96,42,xgboost,286109.5868173139
1970-01-01 00:00:00.000000067,ecl,aggregate_load,96,42,xgboost,281426.74105809047
1970-01-01 00:00:00.000000067,ecl,aggregate_load,96,42,xgboost,291345.4607154357
1970-01-01 00:00:00.000000067,ecl,aggregate_load,96,42,xgboost,290239.99396369536
1970-01-01 00:00:00.000000067,ecl,aggregate_load,96,42,xgboost,292283.73095783545
1970-01-01 00:00:00.000000067,ecl,aggregate_load,96,42,xgboost,291919.59976702876
1970-01-01 00:00:00.000000067,ecl,aggregate_load,96,42,xgboost,293743.7133854194
1970-01-01 00:00:00.000000067,ecl,aggregate_load,96,42,xgboost,293883.8505112072
1970-01-01 00:00:00.000000067,ecl,aggregate_load,96,42,xgboost,297013.11392448324
1970-01-01 00:00:00.000000067,ecl,aggregate_load,96,42,xgboost,298487.3958733465
1970-01-01 00:00:00.000000067,ecl,aggregate_load,96,42,xgboost,294057.77194956335
1970-01-01 00:00:00.000000067,ecl,aggregate_load,96,42,xgboost,295883.8097138451
1970-01-01 00:00:00.000000067,ecl,aggregate_load,96,42,xgboost,294500.344200727
1970-01-01 00:00:00.000000067,ecl,aggregate_load,96,42,xgboost,286944.65046411246
1970-01-01 00:00:00.000000067,ecl,aggregate_load,96,42,xgboost,296214.2182330326
1970-01-01 00:00:00.000000067,ecl,aggregate_load,96,42,xgboost,293336.187987566
1970-01-01 00:00:00.000000067,ecl,aggregate_load,96,42,xgboost,292522.8606066025
1970-01-01 00:00:00.000000067,ecl,aggregate_load,96,42,xgboost,293931.89388924284
1970-01-01 00:00:00.000000067,ecl,aggregate_load,96,42,xgboost,299857.56789624965
1970-01-01 00:00:00.000000067,ecl,aggregate_load,96,42,xgboost,294230.9122808355
1970-01-01 00:00:00.000000067,ecl,aggregate_load,96,42,xgboost,294342.153474291
1970-01-01 00:00:00.000000067,ecl,aggregate_load,96,42,xgboost,294360.39730940573
1970-01-01 00:00:00.000000067,ecl,aggregate_load,96,42,xgboost,295360.51485635113
1970-01-01 00:00:00.000000067,ecl,aggregate_load,96,42,xgboost,293887.1070813745
1970-01-01 00:00:00.000000067,ecl,aggregate_load,96,42,xgboost,296567.3158138828
1970-01-01 00:00:00.000000067,ecl,aggregate_load,96,42,xgboost,296683.12506423524
1970-01-01 00:00:00.000000067,ecl,aggregate_load,96,42,xgboost,300463.5241211302
1970-01-01 00:00:00.000000067,ecl,aggregate_load,96,42,xgboost,303731.9475917979
1970-01-01 00:00:00.000000067,ecl,aggregate_load,96,42,xgboost,302949.7540092969
1970-01-01 00:00:00.000000067,ecl,aggregate_load,96,42,xgboost,305705.2649126809
1970-01-01 00:00:00.000000067,ecl,aggregate_load,96,42,xgboost,301736.1975345447
1970-01-01 00:00:00.000000067,ecl,aggregate_load,96,42,xgboost,303527.0783000018
1970-01-01 00:00:00.000000067,ecl,aggregate_load,96,42,xgboost,307512.792822351
1970-01-01 00:00:00.000000067,ecl,aggregate_load,96,42,xgboost,301175.196340763
1970-01-01 00:00:00.000000067,ecl,aggregate_load,96,42,xgboost,299875.5323081054
1970-01-01 00:00:00.000000067,ecl,aggregate_load,96,42,xgboost,301977.9463014903
1970-01-01 00:00:00.000000067,ecl,aggregate_load,96,42,xgboost,302409.13335338666
1970-01-01 00:00:00.000000067,ecl,aggregate_load,96,42,xgboost,305099.4059926157
1970-01-01 00:00:00.000000067,ecl,aggregate_load,96,42,xgboost,298703.17624393915
1970-01-01 00:00:00.000000067,ecl,aggregate_load,96,42,xgboost,301874.81316780165
1970-01-01 00:00:00.000000067,ecl,aggregate_load,96,42,xgboost,300360.6770521623
1970-01-01 00:00:00.000000067,ecl,aggregate_load,96,42,xgboost,296228.52469264466
1970-01-01 00:00:00.000000067,ecl,aggregate_load,96,42,xgboost,302717.777443777
1970-01-01 00:00:00.000000067,ecl,aggregate_load,96,42,xgboost,292378.8118722825
1970-01-01 00:00:00.000000067,ecl,aggregate_load,96,42,xgboost,294376.4740948105
1970-01-01 00:00:00.000000067,ecl,aggregate_load,96,42,xgboost,295949.74790137494
1970-01-01 00:00:00.000000067,ecl,aggregate_load,96,42,xgboost,295479.6002094917
1970-01-01 00:00:00.000000067,ecl,aggregate_load,96,42,xgboost,297054.44468456233
1970-01-01 00:00:00.000000067,ecl,aggregate_load,96,42,xgboost,299531.7625792486
1970-01-01 00:00:00.000000067,ecl,aggregate_load,96,42,xgboost,302226.0945551575
1970-01-01 00:00:00.000000067,ecl,aggregate_load,96,42,xgboost,299180.1509595281
1970-01-01 00:00:00.000000067,ecl,aggregate_load,96,42,xgboost,298348.77763918974
1970-01-01 00:00:00.000000067,ecl,aggregate_load,96,42,xgboost,299390.97074438405
1970-01-01 00:00:00.000000067,ecl,aggregate_load,96,42,xgboost,297315.4483987466
1970-01-01 00:00:00.000000067,ecl,aggregate_load,96,42,xgboost,292708.6176393066
1970-01-01 00:00:00.000000067,ecl,aggregate_load,96,42,xgboost,297801.4723808539
1970-01-01 00:00:00.000000067,ecl,aggregate_load,96,42,xgboost,298153.34646415635
1970-01-01 00:00:00.000000067,ecl,aggregate_load,96,42,xgboost,299080.36194833973
1970-01-01 00:00:00.000000067,ecl,aggregate_load,96,42,xgboost,298200.88336317654
1970-01-01 00:00:00.000000067,ecl,aggregate_load,96,42,xgboost,298376.4038002894
1970-01-01 00:00:00.000000067,ecl,aggregate_load,96,42,xgboost,299580.7970066348
1970-01-01 00:00:00.000000067,ecl,aggregate_load,96,42,xgboost,303615.67055480933
1970-01-01 00:00:00.000000067,ecl,aggregate_load,96,42,xgboost,305015.2669065689
1970-01-01 00:00:00.000000067,ecl,aggregate_load,96,42,xgboost,305630.54330644844
1970-01-01 00:00:00.000000067,ecl,aggregate_load,96,42,xgboost,302981.0859799334
1970-01-01 00:00:00.000000067,ecl,aggregate_load,96,42,xgboost,303334.01042032766
1970-01-01 00:00:00.000000067,ecl,aggregate_load,96,42,xgboost,305110.79812661983
1970-01-01 00:00:00.000000067,ecl,aggregate_load,96,42,xgboost,303706.50144724775
1970-01-01 00:00:00.000000067,ecl,aggregate_load,96,42,xgboost,306463.45221207285
1970-01-01 00:00:00.000000067,ecl,aggregate_load,96,42,xgboost,306311.1974378968
1970-01-01 00:00:00.000000067,ecl,aggregate_load,96,42,xgboost,306227.368933136
1970-01-01 00:00:00.000000067,ecl,aggregate_load,96,42,xgboost,295819.1553232269
1970-01-01 00:00:00.000000067,ecl,aggregate_load,96,42,xgboost,304446.4257850966
1970-01-01 00:00:00.000000067,ecl,aggregate_load,96,42,xgboost,306200.7959981421
1970-01-01 00:00:00.000000067,ecl,aggregate_load,96,42,xgboost,304911.1883869983
1970-01-01 00:00:00.000000067,ecl,aggregate_load,96,42,xgboost,299415.0922412633
1970-01-01 00:00:00.000000067,ecl,aggregate_load,96,42,xgboost,298309.35710228526
1970-01-01 00:00:00.000000067,ecl,aggregate_load,96,42,xgboost,296615.6995011062
1970-01-01 00:00:00.000000067,ecl,aggregate_load,96,42,xgboost,293690.70877319586
1970-01-01 00:00:00.000000067,ecl,aggregate_load,96,42,xgboost,300212.9597971665
1970-01-01 00:00:00.000000067,ecl,aggregate_load,96,42,xgboost,297279.4358186996
1970-01-01 00:00:00.000000067,ecl,aggregate_load,96,42,xgboost,292497.3987063464
1970-01-01 00:00:00.000000067,ecl,aggregate_load,96,42,xgboost,300072.9729879771
1970-01-01 00:00:00.000000067,ecl,aggregate_load,96,42,xgboost,303120.7171146017
1970-01-01 00:00:00.000000067,ecl,aggregate_load,96,42,xgboost,298496.35516100645
1970-01-01 00:00:00.000000067,ecl,aggregate_load,96,42,xgboost,301027.5003795053
1970-01-01 00:00:00.000000067,ecl,aggregate_load,96,42,xgboost,304039.3426311807
1970-01-01 00:00:00.000000067,ecl,aggregate_load,96,42,xgboost,301370.93720111414
1970-01-01 00:00:00.000000067,ecl,aggregate_load,96,42,xgboost,305642.4874354277
1970-01-01 00:00:00.000000067,ecl,aggregate_load,96,42,xgboost,307982.3564638885
1970-01-01 00:00:00.000000067,ecl,aggregate_load,96,42,xgboost,305794.6039399837
1970-01-01 00:00:00.000000067,ecl,aggregate_load,96,42,xgboost,306822.4795880449
1970-01-01 00:00:00.000000067,ecl,aggregate_load,96,42,xgboost,308059.3795297481
1970-01-01 00:00:00.000000067,ecl,aggregate_load,96,42,xgboost,300375.51228238037
1970-01-01 00:00:00.000000067,ecl,aggregate_load,96,42,xgboost,296572.461656769
1970-01-01 00:00:00.000000067,ecl,aggregate_load,96,42,xgboost,299786.0135293722
1970-01-01 00:00:00.000000067,ecl,aggregate_load,96,42,xgboost,293157.6156588794
1970-01-01 00:00:00.000000067,ecl,aggregate_load,96,42,xgboost,298628.1151383992
1970-01-01 00:00:00.000000067,ecl,aggregate_load,96,42,xgboost,291016.6042437773
1970-01-01 00:00:00.000000067,ecl,aggregate_load,96,42,xgboost,293219.2528549488
1970-01-01 00:00:00.000000067,ecl,aggregate_load,96,42,xgboost,302408.04710668966
1970-01-01 00:00:00.000000067,ecl,aggregate_load,96,42,xgboost,288977.33689234016
1970-01-01 00:00:00.000000067,ecl,aggregate_load,96,42,xgboost,290896.20310616004
1970-01-01 00:00:00.000000067,ecl,aggregate_load,96,42,xgboost,290499.6652301317
1970-01-01 00:00:00.000000067,ecl,aggregate_load,96,42,xgboost,286133.9523900924
1970-01-01 00:00:00.000000067,ecl,aggregate_load,96,42,xgboost,289046.5992925536
1970-01-01 00:00:00.000000067,ecl,aggregate_load,96,42,xgboost,285665.9249946069
1970-01-01 00:00:00.000000067,ecl,aggregate_load,96,42,xgboost,287982.0887139971
1970-01-01 00:00:00.000000067,ecl,aggregate_load,96,42,xgboost,273698.74341392214
1970-01-01 00:00:00.000000067,ecl,aggregate_load,96,42,xgboost,287040.32510045526
1970-01-01 00:00:00.000000067,ecl,aggregate_load,96,42,xgboost,284522.3064346638
1970-01-01 00:00:00.000000067,ecl,aggregate_load,96,42,xgboost,286357.8747246663
1970-01-01 00:00:00.000000067,ecl,aggregate_load,96,42,xgboost,285808.1170057233
1970-01-01 00:00:00.000000067,ecl,aggregate_load,96,42,xgboost,280720.05566761276
1970-01-01 00:00:00.000000067,ecl,aggregate_load,96,42,xgboost,280281.677209394
1970-01-01 00:00:00.000000067,ecl,aggregate_load,96,42,xgboost,277467.90566766885
1970-01-01 00:00:00.000000067,ecl,aggregate_load,96,42,xgboost,278890.9346937455
1970-01-01 00:00:00.000000067,ecl,aggregate_load,96,42,xgboost,276076.02052334853
1970-01-01 00:00:00.000000067,ecl,aggregate_load,96,42,xgboost,276767.86570328445
1970-01-01 00:00:00.000000067,ecl,aggregate_load,96,42,xgboost,275341.09517476003
1970-01-01 00:00:00.000000067,ecl,aggregate_load,96,42,xgboost,270216.2583457833
1970-01-01 00:00:00.000000067,ecl,aggregate_load,96,42,xgboost,275116.76082353684
1970-01-01 00:00:00.000000067,ecl,aggregate_load,96,42,xgboost,274222.63376375963
1970-01-01 00:00:00.000000067,ecl,aggregate_load,96,42,xgboost,269483.3236730993
1970-01-01 00:00:00.000000067,ecl,aggregate_load,96,42,xgboost,274046.44717599015
1970-01-01 00:00:00.000000067,ecl,aggregate_load,96,42,xgboost,276548.36543192243
1970-01-01 00:00:00.000000067,ecl,aggregate_load,96,42,xgboost,274978.40161458665
1970-01-01 00:00:00.000000067,ecl,aggregate_load,96,42,xgboost,278330.26139177405
1970-01-01 00:00:00.000000067,ecl,aggregate_load,96,42,xgboost,278263.61198797385
1970-01-01 00:00:00.000000067,ecl,aggregate_load,96,42,xgboost,274482.6276902473
1970-01-01 00:00:00.000000067,ecl,aggregate_load,96,42,xgboost,278553.0550489453
1970-01-01 00:00:00.000000067,ecl,aggregate_load,96,42,xgboost,278802.27787374443
1970-01-01 00:00:00.000000067,ecl,aggregate_load,96,42,xgboost,278362.5451925702
1970-01-01 00:00:00.000000067,ecl,aggregate_load,96,42,xgboost,273096.8539892608
1970-01-01 00:00:00.000000067,ecl,aggregate_load,96,42,xgboost,273116.5167384775
1970-01-01 00:00:00.000000067,ecl,aggregate_load,96,42,xgboost,273239.06349853944
1970-01-01 00:00:00.000000067,ecl,aggregate_load,96,42,xgboost,276478.1483532176
1970-01-01 00:00:00.000000067,ecl,aggregate_load,96,42,xgboost,281041.04296462185
1970-01-01 00:00:00.000000067,ecl,aggregate_load,96,42,xgboost,281856.2663599632
1970-01-01 00:00:00.000000067,ecl,aggregate_load,96,42,xgboost,288610.1937966707
1970-01-01 00:00:00.000000067,ecl,aggregate_load,96,42,xgboost,285525.5264833083
1970-01-01 00:00:00.000000067,ecl,aggregate_load,96,42,xgboost,284966.7890320686
1970-01-01 00:00:00.000000067,ecl,aggregate_load,96,42,xgboost,280734.33587031363
1970-01-01 00:00:00.000000067,ecl,aggregate_load,96,42,xgboost,278685.4977596772
1970-01-01 00:00:00.000000067,ecl,aggregate_load,96,42,xgboost,280545.62090525747
1970-01-01 00:00:00.000000067,ecl,aggregate_load,96,42,xgboost,279785.6681397959
1970-01-01 00:00:00.000000067,ecl,aggregate_load,96,42,xgboost,278202.1223610543
1970-01-01 00:00:00.000000067,ecl,aggregate_load,96,42,xgboost,276581.7849296362
1970-01-01 00:00:00.000000067,ecl,aggregate_load,96,42,xgboost,275282.7830334317
1970-01-01 00:00:00.000000067,ecl,aggregate_load,96,42,xgboost,274420.93669727637
1970-01-01 00:00:00.000000067,ecl,aggregate_load,96,42,xgboost,271400.13722346694
1970-01-01 00:00:00.000000067,ecl,aggregate_load,96,42,xgboost,273651.4199945246
1970-01-01 00:00:00.000000067,ecl,aggregate_load,96,42,xgboost,266089.4385804818
1970-01-01 00:00:00.000000067,ecl,aggregate_load,96,42,xgboost,263667.974754539
1970-01-01 00:00:00.000000067,ecl,aggregate_load,96,42,xgboost,264994.0092616925
1970-01-01 00:00:00.000000067,ecl,aggregate_load,96,42,xgboost,265793.2540291427
1970-01-01 00:00:00.000000067,ecl,aggregate_load,96,42,xgboost,261577.45101334466
1970-01-01 00:00:00.000000067,ecl,aggregate_load,96,42,xgboost,267311.4098726557
1970-01-01 00:00:00.000000067,ecl,aggregate_load,96,42,xgboost,266441.60682812374
1970-01-01 00:00:00.000000067,ecl,aggregate_load,96,42,xgboost,269653.4043479751
1970-01-01 00:00:00.000000067,ecl,aggregate_load,96,42,xgboost,267113.4140595125
1970-01-01 00:00:00.000000067,ecl,aggregate_load,96,42,xgboost,265583.6986354035
1970-01-01 00:00:00.000000067,ecl,aggregate_load,96,42,xgboost,265577.4817724005
1970-01-01 00:00:00.000000067,ecl,aggregate_load,96,42,xgboost,263516.319213898
1970-01-01 00:00:00.000000067,ecl,aggregate_load,96,42,xgboost,268043.54441724624
1970-01-01 00:00:00.000000067,ecl,aggregate_load,96,42,xgboost,260119.98265000354
1970-01-01 00:00:00.000000067,ecl,aggregate_load,96,42,xgboost,263087.8107731146
1970-01-01 00:00:00.000000067,ecl,aggregate_load,96,42,xgboost,262562.1571494222
1970-01-01 00:00:00.000000067,ecl,aggregate_load,96,42,xgboost,260021.13015000985
1970-01-01 00:00:00.000000067,ecl,aggregate_load,96,42,xgboost,261790.9293538183
1970-01-01 00:00:00.000000067,ecl,aggregate_load,96,42,xgboost,263064.4611372826
1970-01-01 00:00:00.000000067,ecl,aggregate_load,96,42,xgboost,263120.04211622593
1970-01-01 00:00:00.000000067,ecl,aggregate_load,96,42,xgboost,266795.8998113196
1970-01-01 00:00:00.000000067,ecl,aggregate_load,96,42,xgboost,266424.0213423572
1970-01-01 00:00:00.000000067,ecl,aggregate_load,96,42,xgboost,273512.92008663394
1970-01-01 00:00:00.000000067,ecl,aggregate_load,96,42,xgboost,274294.28375780006
1970-01-01 00:00:00.000000067,ecl,aggregate_load,96,42,xgboost,271106.81580981467
1970-01-01 00:00:00.000000067,ecl,aggregate_load,96,42,xgboost,272418.1547754574
1970-01-01 00:00:00.000000067,ecl,aggregate_load,96,42,xgboost,273844.679624693
1970-01-01 00:00:00.000000067,ecl,aggregate_load,96,42,xgboost,270356.54631877097
1970-01-01 00:00:00.000000067,ecl,aggregate_load,96,42,xgboost,268347.1829699684
1970-01-01 00:00:00.000000067,ecl,aggregate_load,96,42,xgboost,271196.07599385356
1970-01-01 00:00:00.000000067,ecl,aggregate_load,96,42,xgboost,272727.3267437035
1970-01-01 00:00:00.000000067,ecl,aggregate_load,96,42,xgboost,271839.6084546531
1970-01-01 00:00:00.000000067,ecl,aggregate_load,96,42,xgboost,270247.6088680594
1970-01-01 00:00:00.000000067,ecl,aggregate_load,96,42,xgboost,273606.44459392474
1970-01-01 00:00:00.000000067,ecl,aggregate_load,96,42,xgboost,278893.8397538818
1970-01-01 00:00:00.000000067,ecl,aggregate_load,96,42,xgboost,272588.3076031923
1970-01-01 00:00:00.000000067,ecl,aggregate_load,96,42,xgboost,273882.44372307335
1970-01-01 00:00:00.000000067,ecl,aggregate_load,96,42,xgboost,273257.77058889583
1970-01-01 00:00:00.000000067,ecl,aggregate_load,96,42,xgboost,264588.46070268616
1970-01-01 00:00:00.000000067,ecl,aggregate_load,96,42,xgboost,265023.4207921846
1970-01-01 00:00:00.000000067,ecl,aggregate_load,96,42,xgboost,264074.91267454845
1970-01-01 00:00:00.000000067,ecl,aggregate_load,96,42,xgboost,264995.5448168163
1970-01-01 00:00:00.000000067,ecl,aggregate_load,96,42,xgboost,265098.52225444606
1970-01-01 00:00:00.000000067,ecl,aggregate_load,96,42,xgboost,262117.0508930882
1970-01-01 00:00:00.000000067,ecl,aggregate_load,96,42,xgboost,260216.90117031484
1970-01-01 00:00:00.000000067,ecl,aggregate_load,96,42,xgboost,252463.57547852537
1970-01-01 00:00:00.000000067,ecl,aggregate_load,96,42,xgboost,256197.5382212413
1970-01-01 00:00:00.000000067,ecl,aggregate_load,96,42,xgboost,251524.92795468602
1970-01-01 00:00:00.000000067,ecl,aggregate_load,96,42,xgboost,250144.9665299307
1970-01-01 00:00:00.000000067,ecl,aggregate_load,96,42,xgboost,245078.13262771335
1970-01-01 00:00:00.000000067,ecl,aggregate_load,96,42,xgboost,245161.92832493756
1970-01-01 00:00:00.000000067,ecl,aggregate_load,96,42,xgboost,246673.22657121034
1970-01-01 00:00:00.000000067,ecl,aggregate_load,96,42,xgboost,245610.51846514372
1970-01-01 00:00:00.000000067,ecl,aggregate_load,96,42,xgboost,245299.62327093058
1970-01-01 00:00:00.000000067,ecl,aggregate_load,96,42,xgboost,256349.50743559547
1970-01-01 00:00:00.000000067,ecl,aggregate_load,96,42,xgboost,253820.55345224089
1970-01-01 00:00:00.000000067,ecl,aggregate_load,96,42,xgboost,250451.65940077454
1970-01-01 00:00:00.000000067,ecl,aggregate_load,96,42,xgboost,248963.2411409409
1970-01-01 00:00:00.000000067,ecl,aggregate_load,96,42,xgboost,255695.37885527816
1970-01-01 00:00:00.000000067,ecl,aggregate_load,96,42,xgboost,262527.601591498
1970-01-01 00:00:00.000000067,ecl,aggregate_load,96,42,xgboost,255301.74589416105
1970-01-01 00:00:00.000000067,ecl,aggregate_load,96,42,xgboost,255049.94424465174
1970-01-01 00:00:00.000000067,ecl,aggregate_load,96,42,xgboost,252979.37080850312
1970-01-01 00:00:00.000000067,ecl,aggregate_load,96,42,xgboost,253594.76482538562
1970-01-01 00:00:00.000000067,ecl,aggregate_load,96,42,xgboost,261169.64767569097
1970-01-01 00:00:00.000000067,ecl,aggregate_load,96,42,xgboost,265411.63999780605
1970-01-01 00:00:00.000000067,ecl,aggregate_load,96,42,xgboost,264752.28880617185
1970-01-01 00:00:00.000000067,ecl,aggregate_load,96,42,xgboost,244527.0608935381
1970-01-01 00:00:00.000000067,ecl,aggregate_load,96,42,xgboost,250903.38645268115
1970-01-01 00:00:00.000000067,ecl,aggregate_load,96,42,xgboost,253911.3218282177
1970-01-01 00:00:00.000000067,ecl,aggregate_load,96,42,xgboost,252308.6012404207
1970-01-01 00:00:00.000000067,ecl,aggregate_load,96,42,xgboost,254510.33342957837
1970-01-01 00:00:00.000000067,ecl,aggregate_load,96,42,xgboost,250503.29631647767
1970-01-01 00:00:00.000000067,ecl,aggregate_load,96,42,xgboost,248634.63664392024
1970-01-01 00:00:00.000000067,ecl,aggregate_load,96,42,xgboost,249009.63705414103
1970-01-01 00:00:00.000000067,ecl,aggregate_load,96,42,xgboost,255846.08459210757
1970-01-01 00:00:00.000000067,ecl,aggregate_load,96,42,xgboost,256643.81534899818
1970-01-01 00:00:00.000000067,ecl,aggregate_load,96,42,xgboost,256935.1623969262
1970-01-01 00:00:00.000000067,ecl,aggregate_load,96,42,xgboost,254852.21877331054
1970-01-01 00:00:00.000000067,ecl,aggregate_load,96,42,xgboost,250946.67099669043
1970-01-01 00:00:00.000000067,ecl,aggregate_load,96,42,xgboost,251808.6337325382
1970-01-01 00:00:00.000000067,ecl,aggregate_load,96,42,xgboost,253430.20708858082
1970-01-01 00:00:00.000000067,ecl,aggregate_load,96,42,xgboost,249518.32055538753
1970-01-01 00:00:00.000000067,ecl,aggregate_load,96,42,xgboost,248629.3523096341
1970-01-01 00:00:00.000000067,ecl,aggregate_load,96,42,xgboost,250614.24358345615
1970-01-01 00:00:00.000000067,ecl,aggregate_load,96,42,xgboost,257667.98074628072
1970-01-01 00:00:00.000000067,ecl,aggregate_load,96,42,xgboost,254245.36176628177
1970-01-01 00:00:00.000000067,ecl,aggregate_load,96,42,xgboost,257063.58633592608
1970-01-01 00:00:00.000000067,ecl,aggregate_load,96,42,xgboost,255817.27232490506
1970-01-01 00:00:00.000000067,ecl,aggregate_load,96,42,xgboost,252610.90010285785
1970-01-01 00:00:00.000000067,ecl,aggregate_load,96,42,xgboost,253269.54484103006
1970-01-01 00:00:00.000000067,ecl,aggregate_load,96,42,xgboost,258745.01392661734
1970-01-01 00:00:00.000000067,ecl,aggregate_load,96,42,xgboost,261564.23446400175
1970-01-01 00:00:00.000000067,ecl,aggregate_load,96,42,xgboost,259794.5950640326
1970-01-01 00:00:00.000000067,ecl,aggregate_load,96,42,xgboost,263267.11656638794
1970-01-01 00:00:00.000000067,ecl,aggregate_load,96,42,xgboost,260577.09213353973
1970-01-01 00:00:00.000000067,ecl,aggregate_load,96,42,xgboost,263131.12522420014
1970-01-01 00:00:00.000000067,ecl,aggregate_load,96,42,xgboost,262795.6714108175
1970-01-01 00:00:00.000000067,ecl,aggregate_load,96,42,xgboost,267739.92063228553
1970-01-01 00:00:00.000000067,ecl,aggregate_load,96,42,xgboost,266664.9490425856
1970-01-01 00:00:00.000000067,ecl,aggregate_load,96,42,xgboost,267402.6268136813
1970-01-01 00:00:00.000000067,ecl,aggregate_load,96,42,xgboost,267249.9388062545
1970-01-01 00:00:00.000000067,ecl,aggregate_load,96,42,xgboost,265337.6968899056
1970-01-01 00:00:00.000000067,ecl,aggregate_load,96,42,xgboost,262557.557181108
1970-01-01 00:00:00.000000067,ecl,aggregate_load,96,42,xgboost,268960.2776124421
1970-01-01 00:00:00.000000067,ecl,aggregate_load,96,42,xgboost,264746.7261236999
1970-01-01 00:00:00.000000067,ecl,aggregate_load,96,42,xgboost,269167.47816021944
1970-01-01 00:00:00.000000067,ecl,aggregate_load,96,42,xgboost,269193.2703123677
1970-01-01 00:00:00.000000067,ecl,aggregate_load,96,42,xgboost,268588.8031928158
1970-01-01 00:00:00.000000067,ecl,aggregate_load,96,42,xgboost,267775.9246899222
1970-01-01 00:00:00.000000067,ecl,aggregate_load,96,42,xgboost,267296.41746639693
1970-01-01 00:00:00.000000067,ecl,aggregate_load,96,42,xgboost,267076.8422864134
1970-01-01 00:00:00.000000067,ecl,aggregate_load,96,42,xgboost,270078.1122601176
1970-01-01 00:00:00.000000067,ecl,aggregate_load,96,42,xgboost,270419.5302105648
1970-01-01 00:00:00.000000067,ecl,aggregate_load,96,42,xgboost,273324.7371753291
1970-01-01 00:00:00.000000067,ecl,aggregate_load,96,42,xgboost,273686.1498743076
1970-01-01 00:00:00.000000067,ecl,aggregate_load,96,42,xgboost,271383.7641073539
1970-01-01 00:00:00.000000067,ecl,aggregate_load,96,42,xgboost,271867.2138753591
1970-01-01 00:00:00.000000067,ecl,aggregate_load,96,42,xgboost,272234.29934631975
1970-01-01 00:00:00.000000067,ecl,aggregate_load,96,42,xgboost,274131.23740323674
1970-01-01 00:00:00.000000067,ecl,aggregate_load,96,42,xgboost,276215.9286240779
1970-01-01 00:00:00.000000067,ecl,aggregate_load,96,42,xgboost,274945.46068415884
1970-01-01 00:00:00.000000067,ecl,aggregate_load,96,42,xgboost,275339.42644299316
1970-01-01 00:00:00.000000067,ecl,aggregate_load,96,42,xgboost,275004.92341259186
1970-01-01 00:00:00.000000067,ecl,aggregate_load,96,42,xgboost,276242.70307006885
1970-01-01 00:00:00.000000067,ecl,aggregate_load,96,42,xgboost,280651.265795355
1970-01-01 00:00:00.000000067,ecl,aggregate_load,96,42,xgboost,275548.07774200785
1970-01-01 00:00:00.000000067,ecl,aggregate_load,96,42,xgboost,276960.2717402579
1970-01-01 00:00:00.000000067,ecl,aggregate_load,96,42,xgboost,277823.6163820314
1970-01-01 00:00:00.000000067,ecl,aggregate_load,96,42,xgboost,278620.946963316
1970-01-01 00:00:00.000000067,ecl,aggregate_load,96,42,xgboost,274177.3877719729
1970-01-01 00:00:00.000000067,ecl,aggregate_load,96,42,xgboost,274163.6325849061
1970-01-01 00:00:00.000000067,ecl,aggregate_load,96,42,xgboost,272082.6628116096
1970-01-01 00:00:00.000000067,ecl,aggregate_load,96,42,xgboost,275705.9809436415
1970-01-01 00:00:00.000000067,ecl,aggregate_load,96,42,xgboost,277836.693752637
1970-01-01 00:00:00.000000067,ecl,aggregate_load,96,42,xgboost,277748.9700098573
1970-01-01 00:00:00.000000067,ecl,aggregate_load,96,42,xgboost,281723.38412774535
1970-01-01 00:00:00.000000067,ecl,aggregate_load,96,42,xgboost,282823.678266635
1970-01-01 00:00:00.000000067,ecl,aggregate_load,96,42,xgboost,283122.8834551288
1970-01-01 00:00:00.000000067,ecl,aggregate_load,96,42,xgboost,279939.9092889307
1970-01-01 00:00:00.000000067,ecl,aggregate_load,96,42,xgboost,282072.37628787133
1970-01-01 00:00:00.000000067,ecl,aggregate_load,96,42,xgboost,284201.70840023883
1970-01-01 00:00:00.000000067,ecl,aggregate_load,96,42,xgboost,285710.2462404955
1970-01-01 00:00:00.000000067,ecl,aggregate_load,96,42,xgboost,285371.90946589276
1970-01-01 00:00:00.000000067,ecl,aggregate_load,96,42,xgboost,289412.26825884025
1970-01-01 00:00:00.000000067,ecl,aggregate_load,96,42,xgboost,287849.71875214396
1970-01-01 00:00:00.000000067,ecl,aggregate_load,96,42,xgboost,291499.0808345002
1970-01-01 00:00:00.000000067,ecl,aggregate_load,96,42,xgboost,289289.9628853178
1970-01-01 00:00:00.000000067,ecl,aggregate_load,96,42,xgboost,289287.9554034287
1970-01-01 00:00:00.000000067,ecl,aggregate_load,96,42,xgboost,288820.13860766933
1970-01-01 00:00:00.000000067,ecl,aggregate_load,96,42,xgboost,286063.61296863575
1970-01-01 00:00:00.000000067,ecl,aggregate_load,96,42,xgboost,289287.79925741255
1970-01-01 00:00:00.000000067,ecl,aggregate_load,96,42,xgboost,284172.8570079024
1970-01-01 00:00:00.000000067,ecl,aggregate_load,96,42,xgboost,286912.95618179906
1970-01-01 00:00:00.000000067,ecl,aggregate_load,96,42,xgboost,292420.8026862812
1970-01-01 00:00:00.000000067,ecl,aggregate_load,96,42,xgboost,291792.9577299591
1970-01-01 00:00:00.000000067,ecl,aggregate_load,96,42,xgboost,292990.26493822434
1970-01-01 00:00:00.000000067,ecl,aggregate_load,96,42,xgboost,298996.5340349716
1970-01-01 00:00:00.000000067,ecl,aggregate_load,96,42,xgboost,294888.2639288833
1970-01-01 00:00:00.000000067,ecl,aggregate_load,96,42,xgboost,297828.58347981423
1970-01-01 00:00:00.000000067,ecl,aggregate_load,96,42,xgboost,295647.0638076133
1970-01-01 00:00:00.000000067,ecl,aggregate_load,96,42,xgboost,295350.6230509887
1970-01-01 00:00:00.000000067,ecl,aggregate_load,96,42,xgboost,293130.6487654201
1970-01-01 00:00:00.000000067,ecl,aggregate_load,96,42,xgboost,284849.24974137184
1970-01-01 00:00:00.000000067,ecl,aggregate_load,96,42,xgboost,288493.2470288421
1970-01-01 00:00:00.000000067,ecl,aggregate_load,96,42,xgboost,288917.24622985494
1970-01-01 00:00:00.000000067,ecl,aggregate_load,96,42,xgboost,286669.3280733597
1970-01-01 00:00:00.000000067,ecl,aggregate_load,96,42,xgboost,290352.7982965628
1970-01-01 00:00:00.000000067,ecl,aggregate_load,96,42,xgboost,293193.84724255017
1970-01-01 00:00:00.000000067,ecl,aggregate_load,96,42,xgboost,288972.7476162317
1970-01-01 00:00:00.000000067,ecl,aggregate_load,96,42,xgboost,289779.0281526046
1970-01-01 00:00:00.000000067,ecl,aggregate_load,96,42,xgboost,291555.3845588532
1970-01-01 00:00:00.000000067,ecl,aggregate_load,96,42,xgboost,293387.4081681362
1970-01-01 00:00:00.000000067,ecl,aggregate_load,96,42,xgboost,290933.88868499984
1970-01-01 00:00:00.000000067,ecl,aggregate_load,96,42,xgboost,289348.9766414394
1970-01-01 00:00:00.000000067,ecl,aggregate_load,96,42,xgboost,292733.523512062
1970-01-01 00:00:00.000000067,ecl,aggregate_load,96,42,xgboost,294213.52784982155
1970-01-01 00:00:00.000000067,ecl,aggregate_load,96,42,xgboost,293840.63399873354
1970-01-01 00:00:00.000000067,ecl,aggregate_load,96,42,xgboost,296517.03190290154
1970-01-01 00:00:00.000000067,ecl,aggregate_load,96,42,xgboost,298938.8982615221
1970-01-01 00:00:00.000000067,ecl,aggregate_load,96,42,xgboost,287853.00545597676
1970-01-01 00:00:00.000000067,ecl,aggregate_load,96,42,xgboost,290114.31429007265
1970-01-01 00:00:00.000000067,ecl,aggregate_load,96,42,xgboost,285672.664866607
1970-01-01 00:00:00.000000067,ecl,aggregate_load,96,42,xgboost,283725.76927903754
1970-01-01 00:00:00.000000067,ecl,aggregate_load,96,42,xgboost,288093.3747867293
1970-01-01 00:00:00.000000067,ecl,aggregate_load,96,42,xgboost,287211.25988703076
1970-01-01 00:00:00.000000067,ecl,aggregate_load,96,42,xgboost,284414.5974806047
1970-01-01 00:00:00.000000067,ecl,aggregate_load,96,42,xgboost,284326.61494668387
1970-01-01 00:00:00.000000067,ecl,aggregate_load,96,42,xgboost,278597.9504517071
1970-01-01 00:00:00.000000067,ecl,aggregate_load,96,42,xgboost,282264.8954128625
1970-01-01 00:00:00.000000067,ecl,aggregate_load,96,42,xgboost,279481.29850216693
1970-01-01 00:00:00.000000067,ecl,aggregate_load,96,42,xgboost,281273.8511209946
1970-01-01 00:00:00.000000067,ecl,aggregate_load,96,42,xgboost,281639.12793831393
1970-01-01 00:00:00.000000067,ecl,aggregate_load,96,42,xgboost,285006.88178669434
1970-01-01 00:00:00.000000067,ecl,aggregate_load,96,42,xgboost,282777.0255560432
1970-01-01 00:00:00.000000067,ecl,aggregate_load,96,42,xgboost,281283.19757603965
1970-01-01 00:00:00.000000067,ecl,aggregate_load,96,42,xgboost,283818.7962501545
1970-01-01 00:00:00.000000067,ecl,aggregate_load,96,42,xgboost,283851.27342255146
1970-01-01 00:00:00.000000067,ecl,aggregate_load,96,42,xgboost,281005.34005068295
1970-01-01 00:00:00.000000067,ecl,aggregate_load,96,42,xgboost,280116.121605523
1970-01-01 00:00:00.000000067,ecl,aggregate_load,96,42,xgboost,280166.9083801966
1970-01-01 00:00:00.000000067,ecl,aggregate_load,96,42,xgboost,286476.89007686864
1970-01-01 00:00:00.000000067,ecl,aggregate_load,96,42,xgboost,280787.55009916256
1970-01-01 00:00:00.000000067,ecl,aggregate_load,96,42,xgboost,278290.5078655733
1970-01-01 00:00:00.000000067,ecl,aggregate_load,96,42,xgboost,279720.625738186
1970-01-01 00:00:00.000000067,ecl,aggregate_load,96,42,xgboost,278928.0155336939
1970-01-01 00:00:00.000000067,ecl,aggregate_load,96,42,xgboost,282268.09372961766
1970-01-01 00:00:00.000000067,ecl,aggregate_load,96,42,xgboost,283948.54047175864
1970-01-01 00:00:00.000000067,ecl,aggregate_load,96,42,xgboost,284493.7006041064
1970-01-01 00:00:00.000000067,ecl,aggregate_load,96,42,xgboost,282213.62590697216
1970-01-01 00:00:00.000000067,ecl,aggregate_load,96,42,xgboost,285125.62033374753
1970-01-01 00:00:00.000000067,ecl,aggregate_load,96,42,xgboost,279622.6853253522
1970-01-01 00:00:00.000000067,ecl,aggregate_load,96,42,xgboost,283389.89740428276
1970-01-01 00:00:00.000000067,ecl,aggregate_load,96,42,xgboost,283895.19134669565
1970-01-01 00:00:00.000000067,ecl,aggregate_load,96,42,xgboost,282717.5153691278
1970-01-01 00:00:00.000000067,ecl,aggregate_load,96,42,xgboost,281066.6072705297
1970-01-01 00:00:00.000000067,ecl,aggregate_load,96,42,xgboost,281832.38553112216
1970-01-01 00:00:00.000000067,ecl,aggregate_load,96,42,xgboost,278869.29408602207
1970-01-01 00:00:00.000000067,ecl,aggregate_load,96,42,xgboost,279699.50098321267
1970-01-01 00:00:00.000000067,ecl,aggregate_load,96,42,xgboost,278154.5941919628
1970-01-01 00:00:00.000000067,ecl,aggregate_load,96,42,xgboost,275622.5526302378
1970-01-01 00:00:00.000000067,ecl,aggregate_load,96,42,xgboost,274705.3570005701
1970-01-01 00:00:00.000000067,ecl,aggregate_load,96,42,xgboost,281991.9670440243
1970-01-01 00:00:00.000000067,ecl,aggregate_load,96,42,xgboost,278784.75595743017
1970-01-01 00:00:00.000000067,ecl,aggregate_load,96,42,xgboost,283209.9022082019
1970-01-01 00:00:00.000000067,ecl,aggregate_load,96,42,xgboost,276311.6087673663
1970-01-01 00:00:00.000000067,ecl,aggregate_load,96,42,xgboost,280254.69223317347
1970-01-01 00:00:00.000000067,ecl,aggregate_load,96,42,xgboost,280648.3536927726
1970-01-01 00:00:00.000000067,ecl,aggregate_load,96,42,xgboost,279553.13362582424
1970-01-01 00:00:00.000000067,ecl,aggregate_load,96,42,xgboost,272088.40080628917
1970-01-01 00:00:00.000000067,ecl,aggregate_load,96,42,xgboost,275425.0108915241
1970-01-01 00:00:00.000000067,ecl,aggregate_load,96,42,xgboost,279307.9365109753
1970-01-01 00:00:00.000000067,ecl,aggregate_load,96,42,xgboost,276370.35933032446
1970-01-01 00:00:00.000000067,ecl,aggregate_load,96,42,xgboost,275465.83602237585
1970-01-01 00:00:00.000000067,ecl,aggregate_load,96,42,xgboost,279401.6060778887
1970-01-01 00:00:00.000000067,ecl,aggregate_load,96,42,xgboost,280384.2240153751
1970-01-01 00:00:00.000000067,ecl,aggregate_load,96,42,xgboost,277928.0617800419
1970-01-01 00:00:00.000000067,ecl,aggregate_load,96,42,xgboost,274480.938863991
1970-01-01 00:00:00.000000067,ecl,aggregate_load,96,42,xgboost,277117.3288413814
1970-01-01 00:00:00.000000067,ecl,aggregate_load,96,42,xgboost,273654.3899906485
1970-01-01 00:00:00.000000067,ecl,aggregate_load,96,42,xgboost,278189.98640915443
1970-01-01 00:00:00.000000067,ecl,aggregate_load,96,42,xgboost,276606.87771657814
1970-01-01 00:00:00.000000067,ecl,aggregate_load,96,42,xgboost,278045.35669141106
1970-01-01 00:00:00.000000067,ecl,aggregate_load,96,42,xgboost,278052.58414215717
1970-01-01 00:00:00.000000067,ecl,aggregate_load,96,42,xgboost,280168.0749890201
1970-01-01 00:00:00.000000067,ecl,aggregate_load,96,42,xgboost,282524.53363561997
1970-01-01 00:00:00.000000067,ecl,aggregate_load,96,42,xgboost,283759.0850500679
1970-01-01 00:00:00.000000067,ecl,aggregate_load,96,42,xgboost,282373.02011952
1970-01-01 00:00:00.000000067,ecl,aggregate_load,96,42,xgboost,281997.940286021
1970-01-01 00:00:00.000000067,ecl,aggregate_load,96,42,xgboost,283097.9135132136
1970-01-01 00:00:00.000000067,ecl,aggregate_load,96,42,xgboost,280857.5204475032
1970-01-01 00:00:00.000000067,ecl,aggregate_load,96,42,xgboost,281409.5547270151
1970-01-01 00:00:00.000000067,ecl,aggregate_load,96,42,xgboost,286749.4454051403
1970-01-01 00:00:00.000000067,ecl,aggregate_load,96,42,xgboost,284030.07993339543
1970-01-01 00:00:00.000000067,ecl,aggregate_load,96,42,xgboost,283333.01005593216
1970-01-01 00:00:00.000000067,ecl,aggregate_load,96,42,xgboost,286597.3035400558
1970-01-01 00:00:00.000000067,ecl,aggregate_load,96,42,xgboost,282703.2958047923
1970-01-01 00:00:00.000000067,ecl,aggregate_load,96,42,xgboost,282522.553248449
1970-01-01 00:00:00.000000067,ecl,aggregate_load,96,42,xgboost,279876.2226877528
1970-01-01 00:00:00.000000067,ecl,aggregate_load,96,42,xgboost,280995.76293355174
1970-01-01 00:00:00.000000067,ecl,aggregate_load,96,42,xgboost,283905.2907679322
1970-01-01 00:00:00.000000067,ecl,aggregate_load,96,42,xgboost,281091.797721944
1970-01-01 00:00:00.000000067,ecl,aggregate_load,96,42,xgboost,281890.6011328818
1970-01-01 00:00:00.000000067,ecl,aggregate_load,96,42,xgboost,280479.7823105992
1970-01-01 00:00:00.000000067,ecl,aggregate_load,96,42,xgboost,280720.57752714487
1970-01-01 00:00:00.000000067,ecl,aggregate_load,96,42,xgboost,275845.9727931961
1970-01-01 00:00:00.000000067,ecl,aggregate_load,96,42,xgboost,277135.53730320284
1970-01-01 00:00:00.000000067,ecl,aggregate_load,96,42,xgboost,283496.7935502157
1970-01-01 00:00:00.000000067,ecl,aggregate_load,96,42,xgboost,275719.1038967841
1970-01-01 00:00:00.000000067,ecl,aggregate_load,96,42,xgboost,278944.7351320735
1970-01-01 00:00:00.000000067,ecl,aggregate_load,96,42,xgboost,280869.31673609046
1970-01-01 00:00:00.000000067,ecl,aggregate_load,96,42,xgboost,280048.2263476444
1970-01-01 00:00:00.000000067,ecl,aggregate_load,96,42,xgboost,277732.9642829238
1970-01-01 00:00:00.000000067,ecl,aggregate_load,96,42,xgboost,279948.52111021476
1970-01-01 00:00:00.000000067,ecl,aggregate_load,96,42,xgboost,276178.7300833316
1970-01-01 00:00:00.000000067,ecl,aggregate_load,96,42,xgboost,276386.4057756811
1970-01-01 00:00:00.000000067,ecl,aggregate_load,96,42,xgboost,282234.8940575878
1970-01-01 00:00:00.000000067,ecl,aggregate_load,96,42,xgboost,279473.7576332023
1970-01-01 00:00:00.000000067,ecl,aggregate_load,96,42,xgboost,279961.9910418066
1970-01-01 00:00:00.000000067,ecl,aggregate_load,96,42,xgboost,281583.7946745516
1970-01-01 00:00:00.000000067,ecl,aggregate_load,96,42,xgboost,279599.11765721306
1970-01-01 00:00:00.000000067,ecl,aggregate_load,96,42,xgboost,282607.4689690393
1970-01-01 00:00:00.000000067,ecl,aggregate_load,96,42,xgboost,282743.4304774678
1970-01-01 00:00:00.000000067,ecl,aggregate_load,96,42,xgboost,278043.76348429796
1970-01-01 00:00:00.000000067,ecl,aggregate_load,96,42,xgboost,278404.6296302601
1970-01-01 00:00:00.000000067,ecl,aggregate_load,96,42,xgboost,278582.87968323193
1970-01-01 00:00:00.000000067,ecl,aggregate_load,96,42,xgboost,281087.07763118134
1970-01-01 00:00:00.000000067,ecl,aggregate_load,96,42,xgboost,284893.42770420364
1970-01-01 00:00:00.000000067,ecl,aggregate_load,96,42,xgboost,284159.57322343544
1970-01-01 00:00:00.000000067,ecl,aggregate_load,96,42,xgboost,277800.75279541744
1970-01-01 00:00:00.000000068,ecl,aggregate_load,96,42,xgboost,284490.53035019344
1970-01-01 00:00:00.000000068,ecl,aggregate_load,96,42,xgboost,281784.03044482233
1970-01-01 00:00:00.000000068,ecl,aggregate_load,96,42,xgboost,281594.0556849803
1970-01-01 00:00:00.000000068,ecl,aggregate_load,96,42,xgboost,286302.01683983667
1970-01-01 00:00:00.000000068,ecl,aggregate_load,96,42,xgboost,282444.13707732805
1970-01-01 00:00:00.000000068,ecl,aggregate_load,96,42,xgboost,278560.33740683104
1970-01-01 00:00:00.000000068,ecl,aggregate_load,96,42,xgboost,283459.10050416295
1970-01-01 00:00:00.000000068,ecl,aggregate_load,96,42,xgboost,282407.30123470636
1970-01-01 00:00:00.000000068,ecl,aggregate_load,96,42,xgboost,281760.8552413315
1970-01-01 00:00:00.000000068,ecl,aggregate_load,96,42,xgboost,281290.36850933026
1970-01-01 00:00:00.000000068,ecl,aggregate_load,96,42,xgboost,286706.09088151297
1970-01-01 00:00:00.000000068,ecl,aggregate_load,96,42,xgboost,285860.2472691452
1970-01-01 00:00:00.000000068,ecl,aggregate_load,96,42,xgboost,288375.9081058844
1970-01-01 00:00:00.000000068,ecl,aggregate_load,96,42,xgboost,281028.17831230286
1970-01-01 00:00:00.000000068,ecl,aggregate_load,96,42,xgboost,282047.09604569885
1970-01-01 00:00:00.000000068,ecl,aggregate_load,96,42,xgboost,289093.09728266945
1970-01-01 00:00:00.000000068,ecl,aggregate_load,96,42,xgboost,287679.9191525852
1970-01-01 00:00:00.000000068,ecl,aggregate_load,96,42,xgboost,285859.485421207
1970-01-01 00:00:00.000000068,ecl,aggregate_load,96,42,xgboost,286045.74185665755
1970-01-01 00:00:00.000000068,ecl,aggregate_load,96,42,xgboost,286689.51191509265
1970-01-01 00:00:00.000000068,ecl,aggregate_load,96,42,xgboost,287126.7215037577
1970-01-01 00:00:00.000000068,ecl,aggregate_load,96,42,xgboost,290318.3490697903
1970-01-01 00:00:00.000000068,ecl,aggregate_load,96,42,xgboost,282971.3653156222
1970-01-01 00:00:00.000000068,ecl,aggregate_load,96,42,xgboost,277908.11747177347
1970-01-01 00:00:00.000000068,ecl,aggregate_load,96,42,xgboost,280147.9770383638
1970-01-01 00:00:00.000000068,ecl,aggregate_load,96,42,xgboost,281298.5987347422
1970-01-01 00:00:00.000000068,ecl,aggregate_load,96,42,xgboost,276619.1873336306
1970-01-01 00:00:00.000000068,ecl,aggregate_load,96,42,xgboost,278724.29649535235
1970-01-01 00:00:00.000000068,ecl,aggregate_load,96,42,xgboost,270095.08330080775
1970-01-01 00:00:00.000000068,ecl,aggregate_load,96,42,xgboost,276227.4218259676
1970-01-01 00:00:00.000000068,ecl,aggregate_load,96,42,xgboost,278126.81202020036
1970-01-01 00:00:00.000000068,ecl,aggregate_load,96,42,xgboost,273592.121960825
1970-01-01 00:00:00.000000068,ecl,aggregate_load,96,42,xgboost,273742.5317239346
1970-01-01 00:00:00.000000068,ecl,aggregate_load,96,42,xgboost,274566.8760307979
1970-01-01 00:00:00.000000068,ecl,aggregate_load,96,42,xgboost,280501.39009557286
1970-01-01 00:00:00.000000068,ecl,aggregate_load,96,42,xgboost,280411.88970828603
1970-01-01 00:00:00.000000068,ecl,aggregate_load,96,42,xgboost,279052.5380642082
1970-01-01 00:00:00.000000068,ecl,aggregate_load,96,42,xgboost,281470.5694248727
1970-01-01 00:00:00.000000068,ecl,aggregate_load,96,42,xgboost,279273.9090271359
1970-01-01 00:00:00.000000068,ecl,aggregate_load,96,42,xgboost,279533.33729785844
1970-01-01 00:00:00.000000068,ecl,aggregate_load,96,42,xgboost,279246.8219499698
1970-01-01 00:00:00.000000068,ecl,aggregate_load,96,42,xgboost,278181.84683371364
1970-01-01 00:00:00.000000068,ecl,aggregate_load,96,42,xgboost,279440.75024169247
1970-01-01 00:00:00.000000068,ecl,aggregate_load,96,42,xgboost,278565.79187601036
1970-01-01 00:00:00.000000068,ecl,aggregate_load,96,42,xgboost,279780.59723664593
1970-01-01 00:00:00.000000068,ecl,aggregate_load,96,42,xgboost,285268.6956369102
1970-01-01 00:00:00.000000068,ecl,aggregate_load,96,42,xgboost,279634.8089906871
1970-01-01 00:00:00.000000068,ecl,aggregate_load,96,42,xgboost,280302.21289327973
1970-01-01 00:00:00.000000068,ecl,aggregate_load,96,42,xgboost,281634.2435572202
1970-01-01 00:00:00.000000068,ecl,aggregate_load,96,42,xgboost,279014.8257103523
1970-01-01 00:00:00.000000068,ecl,aggregate_load,96,42,xgboost,276561.4877143193
1970-01-01 00:00:00.000000068,ecl,aggregate_load,96,42,xgboost,279652.40782636625
1970-01-01 00:00:00.000000068,ecl,aggregate_load,96,42,xgboost,273244.84530219313
1970-01-01 00:00:00.000000068,ecl,aggregate_load,96,42,xgboost,275232.6247234116
1970-01-01 00:00:00.000000068,ecl,aggregate_load,96,42,xgboost,276073.88903096784
1970-01-01 00:00:00.000000068,ecl,aggregate_load,96,42,xgboost,276587.326014996
1970-01-01 00:00:00.000000068,ecl,aggregate_load,96,42,xgboost,274343.36908091867
1970-01-01 00:00:00.000000068,ecl,aggregate_load,96,42,xgboost,275401.8077231778
1970-01-01 00:00:00.000000068,ecl,aggregate_load,96,42,xgboost,277529.3326165355
1970-01-01 00:00:00.000000068,ecl,aggregate_load,96,42,xgboost,271245.31658235326
1970-01-01 00:00:00.000000068,ecl,aggregate_load,96,42,xgboost,274241.08602605393
1970-01-01 00:00:00.000000068,ecl,aggregate_load,96,42,xgboost,270616.0023706124
1970-01-01 00:00:00.000000068,ecl,aggregate_load,96,42,xgboost,272525.45743709576
1970-01-01 00:00:00.000000068,ecl,aggregate_load,96,42,xgboost,269702.27352698374
1970-01-01 00:00:00.000000068,ecl,aggregate_load,96,42,xgboost,272233.6789430979
1970-01-01 00:00:00.000000068,ecl,aggregate_load,96,42,xgboost,270046.4343517682
1970-01-01 00:00:00.000000068,ecl,aggregate_load,96,42,xgboost,268558.8157664729
1970-01-01 00:00:00.000000068,ecl,aggregate_load,96,42,xgboost,268126.8258980876
1970-01-01 00:00:00.000000068,ecl,aggregate_load,96,42,xgboost,268098.00848287117
1970-01-01 00:00:00.000000068,ecl,aggregate_load,96,42,xgboost,268517.24073836143
1970-01-01 00:00:00.000000068,ecl,aggregate_load,96,42,xgboost,265125.1494500411
1970-01-01 00:00:00.000000068,ecl,aggregate_load,96,42,xgboost,268981.98728252
1970-01-01 00:00:00.000000068,ecl,aggregate_load,96,42,xgboost,268324.07553643704
1970-01-01 00:00:00.000000068,ecl,aggregate_load,96,42,xgboost,271638.8127034584
1970-01-01 00:00:00.000000068,ecl,aggregate_load,96,42,xgboost,264382.1964485537
1970-01-01 00:00:00.000000068,ecl,aggregate_load,96,42,xgboost,267557.9895969483
1970-01-01 00:00:00.000000068,ecl,aggregate_load,96,42,xgboost,258995.91882501575
1970-01-01 00:00:00.000000068,ecl,aggregate_load,96,42,xgboost,257862.7205395959
1970-01-01 00:00:00.000000068,ecl,aggregate_load,96,42,xgboost,256022.97574913743
1970-01-01 00:00:00.000000068,ecl,aggregate_load,96,42,xgboost,255615.4080562803
1970-01-01 00:00:00.000000068,ecl,aggregate_load,96,42,xgboost,257873.71532875937
1970-01-01 00:00:00.000000068,ecl,aggregate_load,96,42,xgboost,257989.31519704955
1970-01-01 00:00:00.000000068,ecl,aggregate_load,96,42,xgboost,254274.87391444808
1970-01-01 00:00:00.000000068,ecl,aggregate_load,96,42,xgboost,254587.79119100468
1970-01-01 00:00:00.000000068,ecl,aggregate_load,96,42,xgboost,251735.517166401
1970-01-01 00:00:00.000000068,ecl,aggregate_load,96,42,xgboost,255771.72857788074
1970-01-01 00:00:00.000000068,ecl,aggregate_load,96,42,xgboost,255369.17233041013
1970-01-01 00:00:00.000000068,ecl,aggregate_load,96,42,xgboost,256282.59019203903
1970-01-01 00:00:00.000000068,ecl,aggregate_load,96,42,xgboost,254419.24564601993
1970-01-01 00:00:00.000000068,ecl,aggregate_load,96,42,xgboost,251819.44012061917
1970-01-01 00:00:00.000000068,ecl,aggregate_load,96,42,xgboost,253229.93808761495
1970-01-01 00:00:00.000000068,ecl,aggregate_load,96,42,xgboost,255498.88785921573
1970-01-01 00:00:00.000000068,ecl,aggregate_load,96,42,xgboost,253732.18528295224
1970-01-01 00:00:00.000000068,ecl,aggregate_load,96,42,xgboost,258572.17226697202
1970-01-01 00:00:00.000000068,ecl,aggregate_load,96,42,xgboost,260179.86689258824
1970-01-01 00:00:00.000000068,ecl,aggregate_load,96,42,xgboost,265089.5245065791
1970-01-01 00:00:00.000000068,ecl,aggregate_load,96,42,xgboost,261863.81992951696
1970-01-01 00:00:00.000000068,ecl,aggregate_load,96,42,xgboost,257451.56805360885
1970-01-01 00:00:00.000000068,ecl,aggregate_load,96,42,xgboost,258538.3032086033
1970-01-01 00:00:00.000000068,ecl,aggregate_load,96,42,xgboost,257033.67302438454
1970-01-01 00:00:00.000000068,ecl,aggregate_load,96,42,xgboost,255431.44041682695
1970-01-01 00:00:00.000000068,ecl,aggregate_load,96,42,xgboost,253557.67288448717
1970-01-01 00:00:00.000000068,ecl,aggregate_load,96,42,xgboost,252276.37322703647
1970-01-01 00:00:00.000000068,ecl,aggregate_load,96,42,xgboost,251919.81685650698
1970-01-01 00:00:00.000000068,ecl,aggregate_load,96,42,xgboost,253926.83300383715
1970-01-01 00:00:00.000000068,ecl,aggregate_load,96,42,xgboost,253252.29370563073
1970-01-01 00:00:00.000000068,ecl,aggregate_load,96,42,xgboost,256842.18392748586
1970-01-01 00:00:00.000000068,ecl,aggregate_load,96,42,xgboost,251889.57680791675
1970-01-01 00:00:00.000000068,ecl,aggregate_load,96,42,xgboost,251750.43812532932
1970-01-01 00:00:00.000000068,ecl,aggregate_load,96,42,xgboost,252418.21421772972
1970-01-01 00:00:00.000000068,ecl,aggregate_load,96,42,xgboost,249530.31577336788
1970-01-01 00:00:00.000000068,ecl,aggregate_load,96,42,xgboost,249126.6313713165
1970-01-01 00:00:00.000000068,ecl,aggregate_load,96,42,xgboost,242711.32683525851
1970-01-01 00:00:00.000000068,ecl,aggregate_load,96,42,xgboost,244352.520083913
1970-01-01 00:00:00.000000068,ecl,aggregate_load,96,42,xgboost,243166.39653394444
1970-01-01 00:00:00.000000068,ecl,aggregate_load,96,42,xgboost,248954.2178323792
1970-01-01 00:00:00.000000068,ecl,aggregate_load,96,42,xgboost,246292.65974556957
1970-01-01 00:00:00.000000068,ecl,aggregate_load,96,42,xgboost,246897.46649920437
1970-01-01 00:00:00.000000068,ecl,aggregate_load,96,42,xgboost,251521.64535920313
1970-01-01 00:00:00.000000068,ecl,aggregate_load,96,42,xgboost,247109.96363980378
1970-01-01 00:00:00.000000068,ecl,aggregate_load,96,42,xgboost,250126.19768703703
1970-01-01 00:00:00.000000068,ecl,aggregate_load,96,42,xgboost,259759.58298871308
1970-01-01 00:00:00.000000068,ecl,aggregate_load,96,42,xgboost,263597.18088111427
1970-01-01 00:00:00.000000068,ecl,aggregate_load,96,42,xgboost,261483.95546144937
1970-01-01 00:00:00.000000068,ecl,aggregate_load,96,42,xgboost,264741.99906394974
1970-01-01 00:00:00.000000068,ecl,aggregate_load,96,42,xgboost,269298.14041966473
1970-01-01 00:00:00.000000068,ecl,aggregate_load,96,42,xgboost,266844.0451722736
1970-01-01 00:00:00.000000068,ecl,aggregate_load,96,42,xgboost,265991.4601984101
1970-01-01 00:00:00.000000068,ecl,aggregate_load,96,42,xgboost,263075.5411677112
1970-01-01 00:00:00.000000068,ecl,aggregate_load,96,42,xgboost,265390.99529301183
1970-01-01 00:00:00.000000068,ecl,aggregate_load,96,42,xgboost,263310.18246931274
1970-01-01 00:00:00.000000068,ecl,aggregate_load,96,42,xgboost,269061.8244926808
1970-01-01 00:00:00.000000068,ecl,aggregate_load,96,42,xgboost,265720.4590600989
1970-01-01 00:00:00.000000068,ecl,aggregate_load,96,42,xgboost,263236.28441923886
1970-01-01 00:00:00.000000068,ecl,aggregate_load,96,42,xgboost,264805.98080540716
1970-01-01 00:00:00.000000068,ecl,aggregate_load,96,42,xgboost,264725.7698227271
1970-01-01 00:00:00.000000068,ecl,aggregate_load,96,42,xgboost,262043.28212022668
1970-01-01 00:00:00.000000068,ecl,aggregate_load,96,42,xgboost,261668.3574558954
1970-01-01 00:00:00.000000068,ecl,aggregate_load,96,42,xgboost,264864.5017586843
1970-01-01 00:00:00.000000068,ecl,aggregate_load,96,42,xgboost,261522.34100700557
1970-01-01 00:00:00.000000068,ecl,aggregate_load,96,42,xgboost,260583.64373918055
1970-01-01 00:00:00.000000068,ecl,aggregate_load,96,42,xgboost,261601.4734235697
1970-01-01 00:00:00.000000068,ecl,aggregate_load,96,42,xgboost,261372.64649802962
1970-01-01 00:00:00.000000068,ecl,aggregate_load,96,42,xgboost,260395.52705048988
1970-01-01 00:00:00.000000068,ecl,aggregate_load,96,42,xgboost,261451.76292248964
1970-01-01 00:00:00.000000068,ecl,aggregate_load,96,42,xgboost,262161.4359161937
1970-01-01 00:00:00.000000068,ecl,aggregate_load,96,42,xgboost,261851.25641250316
1970-01-01 00:00:00.000000068,ecl,aggregate_load,96,42,xgboost,261739.88810826675
1970-01-01 00:00:00.000000068,ecl,aggregate_load,96,42,xgboost,262620.19798470713
1970-01-01 00:00:00.000000068,ecl,aggregate_load,96,42,xgboost,261656.69415940196
1970-01-01 00:00:00.000000068,ecl,aggregate_load,96,42,xgboost,265947.92962322175
1970-01-01 00:00:00.000000068,ecl,aggregate_load,96,42,xgboost,263492.44801615056
1970-01-01 00:00:00.000000068,ecl,aggregate_load,96,42,xgboost,265541.98501758295
1970-01-01 00:00:00.000000068,ecl,aggregate_load,96,42,xgboost,270397.23162319185
1970-01-01 00:00:00.000000068,ecl,aggregate_load,96,42,xgboost,262574.5271368099
1970-01-01 00:00:00.000000068,ecl,aggregate_load,96,42,xgboost,261482.33925296375
1970-01-01 00:00:00.000000068,ecl,aggregate_load,96,42,xgboost,264562.5832999188
1970-01-01 00:00:00.000000068,ecl,aggregate_load,96,42,xgboost,266695.89289301116
1970-01-01 00:00:00.000000068,ecl,aggregate_load,96,42,xgboost,271692.03970565315
1970-01-01 00:00:00.000000068,ecl,aggregate_load,96,42,xgboost,274259.45068504964
1970-01-01 00:00:00.000000068,ecl,aggregate_load,96,42,xgboost,273921.540134208
1970-01-01 00:00:00.000000068,ecl,aggregate_load,96,42,xgboost,275699.7400372817
1970-01-01 00:00:00.000000068,ecl,aggregate_load,96,42,xgboost,274310.95542141644
1970-01-01 00:00:00.000000068,ecl,aggregate_load,96,42,xgboost,268417.6705629832
1970-01-01 00:00:00.000000068,ecl,aggregate_load,96,42,xgboost,277496.50608122395
1970-01-01 00:00:00.000000068,ecl,aggregate_load,96,42,xgboost,278398.2495562388
1970-01-01 00:00:00.000000068,ecl,aggregate_load,96,42,xgboost,277990.6109055946
1970-01-01 00:00:00.000000068,ecl,aggregate_load,96,42,xgboost,280521.13538821676
1970-01-01 00:00:00.000000068,ecl,aggregate_load,96,42,xgboost,278508.5630064767
1970-01-01 00:00:00.000000068,ecl,aggregate_load,96,42,xgboost,280084.99256763776
1970-01-01 00:00:00.000000068,ecl,aggregate_load,96,42,xgboost,281010.89673869713
1970-01-01 00:00:00.000000068,ecl,aggregate_load,96,42,xgboost,281828.2142457029
1970-01-01 00:00:00.000000068,ecl,aggregate_load,96,42,xgboost,280476.18657507777
1970-01-01 00:00:00.000000068,ecl,aggregate_load,96,42,xgboost,281715.19538068405
1970-01-01 00:00:00.000000068,ecl,aggregate_load,96,42,xgboost,285173.05970412
1970-01-01 00:00:00.000000068,ecl,aggregate_load,96,42,xgboost,281735.04561671754
1970-01-01 00:00:00.000000068,ecl,aggregate_load,96,42,xgboost,284440.6305878185
1970-01-01 00:00:00.000000068,ecl,aggregate_load,96,42,xgboost,284491.25438728085
1970-01-01 00:00:00.000000068,ecl,aggregate_load,96,42,xgboost,286524.8504190046
1970-01-01 00:00:00.000000068,ecl,aggregate_load,96,42,xgboost,286128.0878994969
1970-01-01 00:00:00.000000068,ecl,aggregate_load,96,42,xgboost,286996.284038089
1970-01-01 00:00:00.000000068,ecl,aggregate_load,96,42,xgboost,286416.4783596276
1970-01-01 00:00:00.000000068,ecl,aggregate_load,96,42,xgboost,287146.7610786579
1970-01-01 00:00:00.000000068,ecl,aggregate_load,96,42,xgboost,288798.57354493946
1970-01-01 00:00:00.000000068,ecl,aggregate_load,96,42,xgboost,287385.91948191915
1970-01-01 00:00:00.000000068,ecl,aggregate_load,96,42,xgboost,289141.8548694481
1970-01-01 00:00:00.000000068,ecl,aggregate_load,96,42,xgboost,293970.8350471055
1970-01-01 00:00:00.000000068,ecl,aggregate_load,96,42,xgboost,292063.68716725934
1970-01-01 00:00:00.000000068,ecl,aggregate_load,96,42,xgboost,291815.84953759593
1970-01-01 00:00:00.000000068,ecl,aggregate_load,96,42,xgboost,289115.1941029635
1970-01-01 00:00:00.000000068,ecl,aggregate_load,96,42,xgboost,289934.4064514868
1970-01-01 00:00:00.000000068,ecl,aggregate_load,96,42,xgboost,288671.53842990956
1970-01-01 00:00:00.000000068,ecl,aggregate_load,96,42,xgboost,290150.99001925904
1970-01-01 00:00:00.000000068,ecl,aggregate_load,96,42,xgboost,281764.2702850896
1970-01-01 00:00:00.000000068,ecl,aggregate_load,96,42,xgboost,288292.23778197955
1970-01-01 00:00:00.000000068,ecl,aggregate_load,96,42,xgboost,287567.6348055564
1970-01-01 00:00:00.000000068,ecl,aggregate_load,96,42,xgboost,285831.93877779314
1970-01-01 00:00:00.000000068,ecl,aggregate_load,96,42,xgboost,280985.9176180807
1970-01-01 00:00:00.000000068,ecl,aggregate_load,96,42,xgboost,287693.11171634245
1970-01-01 00:00:00.000000068,ecl,aggregate_load,96,42,xgboost,288567.4703699512
1970-01-01 00:00:00.000000068,ecl,aggregate_load,96,42,xgboost,286179.88276249636
1970-01-01 00:00:00.000000068,ecl,aggregate_load,96,42,xgboost,287470.74437572877
1970-01-01 00:00:00.000000068,ecl,aggregate_load,96,42,xgboost,284042.4043032045
1970-01-01 00:00:00.000000068,ecl,aggregate_load,96,42,xgboost,282934.2116564855
1970-01-01 00:00:00.000000068,ecl,aggregate_load,96,42,xgboost,279508.11131218605
1970-01-01 00:00:00.000000068,ecl,aggregate_load,96,42,xgboost,279305.5224459281
1970-01-01 00:00:00.000000068,ecl,aggregate_load,96,42,xgboost,282973.43812663644
1970-01-01 00:00:00.000000068,ecl,aggregate_load,96,42,xgboost,280701.7119123364
1970-01-01 00:00:00.000000068,ecl,aggregate_load,96,42,xgboost,289084.8402031848
1970-01-01 00:00:00.000000068,ecl,aggregate_load,96,42,xgboost,281897.0135482038
1970-01-01 00:00:00.000000068,ecl,aggregate_load,96,42,xgboost,285458.3876128018
1970-01-01 00:00:00.000000068,ecl,aggregate_load,96,42,xgboost,286802.5531714046
1970-01-01 00:00:00.000000068,ecl,aggregate_load,96,42,xgboost,288486.6574460327
1970-01-01 00:00:00.000000068,ecl,aggregate_load,96,42,xgboost,288234.769458461
1970-01-01 00:00:00.000000068,ecl,aggregate_load,96,42,xgboost,292801.175112192
1970-01-01 00:00:00.000000068,ecl,aggregate_load,96,42,xgboost,290232.29897220386
1970-01-01 00:00:00.000000068,ecl,aggregate_load,96,42,xgboost,289534.35196152586
1970-01-01 00:00:00.000000068,ecl,aggregate_load,96,42,xgboost,285624.34517655143
1970-01-01 00:00:00.000000068,ecl,aggregate_load,96,42,xgboost,282348.4688199539
1970-01-01 00:00:00.000000068,ecl,aggregate_load,96,42,xgboost,280538.09089817345
1970-01-01 00:00:00.000000068,ecl,aggregate_load,96,42,xgboost,279676.7335511264
1970-01-01 00:00:00.000000068,ecl,aggregate_load,96,42,xgboost,279557.7579449579
1970-01-01 00:00:00.000000068,ecl,aggregate_load,96,42,xgboost,272671.692995903
1970-01-01 00:00:00.000000068,ecl,aggregate_load,96,42,xgboost,275551.82069529756
1970-01-01 00:00:00.000000068,ecl,aggregate_load,96,42,xgboost,276419.02204475173
1970-01-01 00:00:00.000000068,ecl,aggregate_load,96,42,xgboost,274714.6077829003
1970-01-01 00:00:00.000000068,ecl,aggregate_load,96,42,xgboost,270473.5915280227
1970-01-01 00:00:00.000000068,ecl,aggregate_load,96,42,xgboost,273776.07490037335
1970-01-01 00:00:00.000000068,ecl,aggregate_load,96,42,xgboost,270610.72822417895
1970-01-01 00:00:00.000000068,ecl,aggregate_load,96,42,xgboost,271305.4771271215
1970-01-01 00:00:00.000000068,ecl,aggregate_load,96,42,xgboost,266655.48440716806
1970-01-01 00:00:00.000000068,ecl,aggregate_load,96,42,xgboost,268990.8191238144
1970-01-01 00:00:00.000000068,ecl,aggregate_load,96,42,xgboost,268616.3228989903
1970-01-01 00:00:00.000000068,ecl,aggregate_load,96,42,xgboost,270595.71498869156
1970-01-01 00:00:00.000000068,ecl,aggregate_load,96,42,xgboost,271642.0479551862
1970-01-01 00:00:00.000000068,ecl,aggregate_load,96,42,xgboost,273282.7450350128
1970-01-01 00:00:00.000000068,ecl,aggregate_load,96,42,xgboost,268679.1239284246
1970-01-01 00:00:00.000000068,ecl,aggregate_load,96,42,xgboost,273832.2138582549
1970-01-01 00:00:00.000000068,ecl,aggregate_load,96,42,xgboost,272571.54014075216
1970-01-01 00:00:00.000000068,ecl,aggregate_load,96,42,xgboost,276670.63227844326
1970-01-01 00:00:00.000000068,ecl,aggregate_load,96,42,xgboost,268680.13412209647
1970-01-01 00:00:00.000000068,ecl,aggregate_load,96,42,xgboost,277962.8938364094
1970-01-01 00:00:00.000000068,ecl,aggregate_load,96,42,xgboost,272679.98224405054
1970-01-01 00:00:00.000000068,ecl,aggregate_load,96,42,xgboost,276786.1524183892
1970-01-01 00:00:00.000000068,ecl,aggregate_load,96,42,xgboost,271517.68483796227
1970-01-01 00:00:00.000000068,ecl,aggregate_load,96,42,xgboost,273966.2847040196
1970-01-01 00:00:00.000000068,ecl,aggregate_load,96,42,xgboost,273198.8394455062
1970-01-01 00:00:00.000000068,ecl,aggregate_load,96,42,xgboost,271037.9500483211
1970-01-01 00:00:00.000000068,ecl,aggregate_load,96,42,xgboost,272786.47177142237
1970-01-01 00:00:00.000000068,ecl,aggregate_load,96,42,xgboost,270311.69866381603
1970-01-01 00:00:00.000000068,ecl,aggregate_load,96,42,xgboost,267207.7168543848
1970-01-01 00:00:00.000000068,ecl,aggregate_load,96,42,xgboost,272414.46661877976
1970-01-01 00:00:00.000000068,ecl,aggregate_load,96,42,xgboost,273133.65087960864
1970-01-01 00:00:00.000000068,ecl,aggregate_load,96,42,xgboost,271546.64755730395
1970-01-01 00:00:00.000000068,ecl,aggregate_load,96,42,xgboost,281377.22743562143
1970-01-01 00:00:00.000000068,ecl,aggregate_load,96,42,xgboost,266234.5732737223
1970-01-01 00:00:00.000000068,ecl,aggregate_load,96,42,xgboost,263735.44733112806
1970-01-01 00:00:00.000000068,ecl,aggregate_load,96,42,xgboost,267619.51880050084
1970-01-01 00:00:00.000000068,ecl,aggregate_load,96,42,xgboost,266354.90943169757
1970-01-01 00:00:00.000000068,ecl,aggregate_load,96,42,xgboost,267784.288054251
1970-01-01 00:00:00.000000068,ecl,aggregate_load,96,42,xgboost,262223.79366554384
1970-01-01 00:00:00.000000068,ecl,aggregate_load,96,42,xgboost,263105.44963821693
1970-01-01 00:00:00.000000068,ecl,aggregate_load,96,42,xgboost,265261.28549722186
1970-01-01 00:00:00.000000068,ecl,aggregate_load,96,42,xgboost,266981.11392397986
1970-01-01 00:00:00.000000068,ecl,aggregate_load,96,42,xgboost,269594.13043378503
1970-01-01 00:00:00.000000068,ecl,aggregate_load,96,42,xgboost,260272.17986150316
1970-01-01 00:00:00.000000068,ecl,aggregate_load,96,42,xgboost,263329.09375712223
1970-01-01 00:00:00.000000068,ecl,aggregate_load,96,42,xgboost,268328.9898353704
1970-01-01 00:00:00.000000068,ecl,aggregate_load,96,42,xgboost,261555.68778643003
1970-01-01 00:00:00.000000068,ecl,aggregate_load,96,42,xgboost,263491.7069430598
1970-01-01 00:00:00.000000068,ecl,aggregate_load,96,42,xgboost,265173.2144942053
1970-01-01 00:00:00.000000068,ecl,aggregate_load,96,42,xgboost,266507.89047372964
1970-01-01 00:00:00.000000068,ecl,aggregate_load,96,42,xgboost,263862.1525662615
1970-01-01 00:00:00.000000068,ecl,aggregate_load,96,42,xgboost,260588.17801114274
1970-01-01 00:00:00.000000068,ecl,aggregate_load,96,42,xgboost,263458.011935026
1970-01-01 00:00:00.000000068,ecl,aggregate_load,96,42,xgboost,262227.5117663685
1970-01-01 00:00:00.000000068,ecl,aggregate_load,96,42,xgboost,263348.39730518224
1970-01-01 00:00:00.000000068,ecl,aggregate_load,96,42,xgboost,261156.67640101208
1970-01-01 00:00:00.000000068,ecl,aggregate_load,96,42,xgboost,257471.58353029945
1970-01-01 00:00:00.000000068,ecl,aggregate_load,96,42,xgboost,261199.8982501976
1970-01-01 00:00:00.000000068,ecl,aggregate_load,96,42,xgboost,258624.25653484356
1970-01-01 00:00:00.000000068,ecl,aggregate_load,96,42,xgboost,258349.4921329869
1970-01-01 00:00:00.000000068,ecl,aggregate_load,96,42,xgboost,255912.61958611096
1970-01-01 00:00:00.000000068,ecl,aggregate_load,96,42,xgboost,255656.2704066128
1970-01-01 00:00:00.000000068,ecl,aggregate_load,96,42,xgboost,256977.38259163417
1970-01-01 00:00:00.000000068,ecl,aggregate_load,96,42,xgboost,254392.42202933543
1970-01-01 00:00:00.000000068,ecl,aggregate_load,96,42,xgboost,259583.0599570859
1970-01-01 00:00:00.000000068,ecl,aggregate_load,96,42,xgboost,255034.66687413558
1970-01-01 00:00:00.000000068,ecl,aggregate_load,96,42,xgboost,254770.57836708575
1970-01-01 00:00:00.000000068,ecl,aggregate_load,96,42,xgboost,255804.2789593058
1970-01-01 00:00:00.000000068,ecl,aggregate_load,96,42,xgboost,254264.46577379294
1970-01-01 00:00:00.000000068,ecl,aggregate_load,96,42,xgboost,256062.47634835824
1970-01-01 00:00:00.000000068,ecl,aggregate_load,96,42,xgboost,255301.17320250536
1970-01-01 00:00:00.000000068,ecl,aggregate_load,96,42,xgboost,257789.87924090427
1970-01-01 00:00:00.000000068,ecl,aggregate_load,96,42,xgboost,258197.49501289704
1970-01-01 00:00:00.000000068,ecl,aggregate_load,96,42,xgboost,259560.4062687018
1970-01-01 00:00:00.000000068,ecl,aggregate_load,96,42,xgboost,260616.04626800978
1970-01-01 00:00:00.000000068,ecl,aggregate_load,96,42,xgboost,262013.66938376692
1970-01-01 00:00:00.000000068,ecl,aggregate_load,96,42,xgboost,265143.5524387145
1970-01-01 00:00:00.000000068,ecl,aggregate_load,96,42,xgboost,265229.8562407403
1970-01-01 00:00:00.000000068,ecl,aggregate_load,96,42,xgboost,264338.0260161423
1970-01-01 00:00:00.000000068,ecl,aggregate_load,96,42,xgboost,265291.36651149724
1970-01-01 00:00:00.000000068,ecl,aggregate_load,96,42,xgboost,260813.69577577015
1970-01-01 00:00:00.000000068,ecl,aggregate_load,96,42,xgboost,262466.4626018081
1970-01-01 00:00:00.000000068,ecl,aggregate_load,96,42,xgboost,259313.43450092265
1970-01-01 00:00:00.000000068,ecl,aggregate_load,96,42,xgboost,263060.5700288842
1970-01-01 00:00:00.000000068,ecl,aggregate_load,96,42,xgboost,262893.1122078535
1970-01-01 00:00:00.000000068,ecl,aggregate_load,96,42,xgboost,256908.7946574802
1970-01-01 00:00:00.000000068,ecl,aggregate_load,96,42,xgboost,257246.9828959078
1970-01-01 00:00:00.000000068,ecl,aggregate_load,96,42,xgboost,258690.3563192086
1970-01-01 00:00:00.000000068,ecl,aggregate_load,96,42,xgboost,253034.0859045718
1970-01-01 00:00:00.000000068,ecl,aggregate_load,96,42,xgboost,251669.50855680727
1970-01-01 00:00:00.000000068,ecl,aggregate_load,96,42,xgboost,256764.5668650315
1970-01-01 00:00:00.000000068,ecl,aggregate_load,96,42,xgboost,254702.80869076724
1970-01-01 00:00:00.000000068,ecl,aggregate_load,96,42,xgboost,252303.05823747744
1970-01-01 00:00:00.000000068,ecl,aggregate_load,96,42,xgboost,248874.6642538038
1970-01-01 00:00:00.000000068,ecl,aggregate_load,96,42,xgboost,249720.64612659786
1970-01-01 00:00:00.000000068,ecl,aggregate_load,96,42,xgboost,250781.65662923144
1970-01-01 00:00:00.000000068,ecl,aggregate_load,96,42,xgboost,248721.32257573478
1970-01-01 00:00:00.000000068,ecl,aggregate_load,96,42,xgboost,249994.5376351075
1970-01-01 00:00:00.000000068,ecl,aggregate_load,96,42,xgboost,250076.8716652846
1970-01-01 00:00:00.000000068,ecl,aggregate_load,96,42,xgboost,251365.50296024824
1970-01-01 00:00:00.000000068,ecl,aggregate_load,96,42,xgboost,252201.04973821898
1970-01-01 00:00:00.000000068,ecl,aggregate_load,96,42,xgboost,249987.05769854237
1970-01-01 00:00:00.000000068,ecl,aggregate_load,96,42,xgboost,251521.89113089294
1970-01-01 00:00:00.000000068,ecl,aggregate_load,96,42,xgboost,252056.34892405008
1970-01-01 00:00:00.000000068,ecl,aggregate_load,96,42,xgboost,250982.18302893583
1970-01-01 00:00:00.000000068,ecl,aggregate_load,96,42,xgboost,258767.33042326345
1970-01-01 00:00:00.000000068,ecl,aggregate_load,96,42,xgboost,255590.93615770628
1970-01-01 00:00:00.000000068,ecl,aggregate_load,96,42,xgboost,259227.72436033524
1970-01-01 00:00:00.000000068,ecl,aggregate_load,96,42,xgboost,259355.34759770846
1970-01-01 00:00:00.000000068,ecl,aggregate_load,96,42,xgboost,256147.84745058836
1970-01-01 00:00:00.000000068,ecl,aggregate_load,96,42,xgboost,256610.7495520513
1970-01-01 00:00:00.000000068,ecl,aggregate_load,96,42,xgboost,255257.0855587041
1970-01-01 00:00:00.000000068,ecl,aggregate_load,96,42,xgboost,259181.11393899258
1970-01-01 00:00:00.000000068,ecl,aggregate_load,96,42,xgboost,259305.38156457306
1970-01-01 00:00:00.000000068,ecl,aggregate_load,96,42,xgboost,257196.16857556932
1970-01-01 00:00:00.000000068,ecl,aggregate_load,96,42,xgboost,259700.04399518805
1970-01-01 00:00:00.000000068,ecl,aggregate_load,96,42,xgboost,253964.17489195135
1970-01-01 00:00:00.000000068,ecl,aggregate_load,96,42,xgboost,255005.26544854653
1970-01-01 00:00:00.000000068,ecl,aggregate_load,96,42,xgboost,257786.40959651023
1970-01-01 00:00:00.000000068,ecl,aggregate_load,96,42,xgboost,262447.96390900534
1970-01-01 00:00:00.000000068,ecl,aggregate_load,96,42,xgboost,265810.6372062555
1970-01-01 00:00:00.000000068,ecl,aggregate_load,96,42,xgboost,266320.1720419464
1970-01-01 00:00:00.000000068,ecl,aggregate_load,96,42,xgboost,261822.70027675867
1970-01-01 00:00:00.000000068,ecl,aggregate_load,96,42,xgboost,258773.88793083245
1970-01-01 00:00:00.000000068,ecl,aggregate_load,96,42,xgboost,258837.84056795607
1970-01-01 00:00:00.000000068,ecl,aggregate_load,96,42,xgboost,253694.4507707374
1970-01-01 00:00:00.000000068,ecl,aggregate_load,96,42,xgboost,250239.2756214818
1970-01-01 00:00:00.000000068,ecl,aggregate_load,96,42,xgboost,248061.89866671423
1970-01-01 00:00:00.000000068,ecl,aggregate_load,96,42,xgboost,245095.6517090409
1970-01-01 00:00:00.000000068,ecl,aggregate_load,96,42,xgboost,246635.37563526482
1970-01-01 00:00:00.000000068,ecl,aggregate_load,96,42,xgboost,245002.38536614284
1970-01-01 00:00:00.000000068,ecl,aggregate_load,96,42,xgboost,243906.69688607496
1970-01-01 00:00:00.000000068,ecl,aggregate_load,96,42,xgboost,241995.68549595028
1970-01-01 00:00:00.000000068,ecl,aggregate_load,96,42,xgboost,244957.23857720837
1970-01-01 00:00:00.000000068,ecl,aggregate_load,96,42,xgboost,242099.70208091722
1970-01-01 00:00:00.000000068,ecl,aggregate_load,96,42,xgboost,240372.29439237807
1970-01-01 00:00:00.000000068,ecl,aggregate_load,96,42,xgboost,241720.46400729482
1970-01-01 00:00:00.000000068,ecl,aggregate_load,96,42,xgboost,240495.65822248874
1970-01-01 00:00:00.000000068,ecl,aggregate_load,96,42,xgboost,241586.88746390934
1970-01-01 00:00:00.000000068,ecl,aggregate_load,96,42,xgboost,238123.97314206217
1970-01-01 00:00:00.000000068,ecl,aggregate_load,96,42,xgboost,238314.37569460808
1970-01-01 00:00:00.000000068,ecl,aggregate_load,96,42,xgboost,236195.09844695346
1970-01-01 00:00:00.000000068,ecl,aggregate_load,96,42,xgboost,235877.68584908158
1970-01-01 00:00:00.000000068,ecl,aggregate_load,96,42,xgboost,239604.55399071472
1970-01-01 00:00:00.000000068,ecl,aggregate_load,96,42,xgboost,237786.8904454827
1970-01-01 00:00:00.000000068,ecl,aggregate_load,96,42,xgboost,234796.19743116843
1970-01-01 00:00:00.000000068,ecl,aggregate_load,96,42,xgboost,235064.28904924417
1970-01-01 00:00:00.000000068,ecl,aggregate_load,96,42,xgboost,237280.14984302453
1970-01-01 00:00:00.000000068,ecl,aggregate_load,96,42,xgboost,236845.75576607874
1970-01-01 00:00:00.000000068,ecl,aggregate_load,96,42,xgboost,235945.49371694773
1970-01-01 00:00:00.000000068,ecl,aggregate_load,96,42,xgboost,234497.23918114245
1970-01-01 00:00:00.000000068,ecl,aggregate_load,96,42,xgboost,235708.88262708206
1970-01-01 00:00:00.000000068,ecl,aggregate_load,96,42,xgboost,238610.73721889267
1970-01-01 00:00:00.000000068,ecl,aggregate_load,96,42,xgboost,237382.38202179104
1970-01-01 00:00:00.000000068,ecl,aggregate_load,96,42,xgboost,238451.2986440203
1970-01-01 00:00:00.000000068,ecl,aggregate_load,96,42,xgboost,235360.30292353165
1970-01-01 00:00:00.000000068,ecl,aggregate_load,96,42,xgboost,233949.68345437394
1970-01-01 00:00:00.000000068,ecl,aggregate_load,96,42,xgboost,235977.67697608456
1970-01-01 00:00:00.000000068,ecl,aggregate_load,96,42,xgboost,242088.9594469999
1970-01-01 00:00:00.000000068,ecl,aggregate_load,96,42,xgboost,239273.0679111391
1970-01-01 00:00:00.000000068,ecl,aggregate_load,96,42,xgboost,237484.30049012564
1970-01-01 00:00:00.000000068,ecl,aggregate_load,96,42,xgboost,234475.99180420768
1970-01-01 00:00:00.000000068,ecl,aggregate_load,96,42,xgboost,236911.398904893
1970-01-01 00:00:00.000000068,ecl,aggregate_load,96,42,xgboost,237045.53111616234
1970-01-01 00:00:00.000000068,ecl,aggregate_load,96,42,xgboost,235880.36426804715
1970-01-01 00:00:00.000000068,ecl,aggregate_load,96,42,xgboost,234892.37881315002
1970-01-01 00:00:00.000000068,ecl,aggregate_load,96,42,xgboost,233037.567948169
1970-01-01 00:00:00.000000068,ecl,aggregate_load,96,42,xgboost,232534.4683716468
1970-01-01 00:00:00.000000068,ecl,aggregate_load,96,42,xgboost,229247.71137634665
1970-01-01 00:00:00.000000068,ecl,aggregate_load,96,42,xgboost,231014.69713187148
1970-01-01 00:00:00.000000068,ecl,aggregate_load,96,42,xgboost,228435.60417165596
1970-01-01 00:00:00.000000068,ecl,aggregate_load,96,42,xgboost,234245.81575883308
1970-01-01 00:00:00.000000069,ecl,aggregate_load,96,42,xgboost,227222.02659266963
1970-01-01 00:00:00.000000069,ecl,aggregate_load,96,42,xgboost,227257.65236452082
1970-01-01 00:00:00.000000069,ecl,aggregate_load,96,42,xgboost,229027.75015805263
1970-01-01 00:00:00.000000069,ecl,aggregate_load,96,42,xgboost,227461.79580470663
1970-01-01 00:00:00.000000069,ecl,aggregate_load,96,42,xgboost,230760.39081083855
1970-01-01 00:00:00.000000069,ecl,aggregate_load,96,42,xgboost,231595.52470683333
1970-01-01 00:00:00.000000069,ecl,aggregate_load,96,42,xgboost,232783.33183141713
1970-01-01 00:00:00.000000069,ecl,aggregate_load,96,42,xgboost,231094.81910527978
1970-01-01 00:00:00.000000069,ecl,aggregate_load,96,42,xgboost,233927.4293137345
1970-01-01 00:00:00.000000069,ecl,aggregate_load,96,42,xgboost,233847.17281905352
1970-01-01 00:00:00.000000069,ecl,aggregate_load,96,42,xgboost,232495.44392164118
1970-01-01 00:00:00.000000069,ecl,aggregate_load,96,42,xgboost,229398.7576861266
1970-01-01 00:00:00.000000069,ecl,aggregate_load,96,42,xgboost,232167.9976688379
1970-01-01 00:00:00.000000069,ecl,aggregate_load,96,42,xgboost,232141.41787501393
1970-01-01 00:00:00.000000069,ecl,aggregate_load,96,42,xgboost,235149.68760127
1970-01-01 00:00:00.000000069,ecl,aggregate_load,96,42,xgboost,234742.79692795026
1970-01-01 00:00:00.000000069,ecl,aggregate_load,96,42,xgboost,234362.59884076627
1970-01-01 00:00:00.000000069,ecl,aggregate_load,96,42,xgboost,231485.18460006136
1970-01-01 00:00:00.000000069,ecl,aggregate_load,96,42,xgboost,229721.89459226234
1970-01-01 00:00:00.000000069,ecl,aggregate_load,96,42,xgboost,231072.92161208726
1970-01-01 00:00:00.000000069,ecl,aggregate_load,96,42,xgboost,231366.1123974407
1970-01-01 00:00:00.000000069,ecl,aggregate_load,96,42,xgboost,232740.92039125404
1970-01-01 00:00:00.000000069,ecl,aggregate_load,96,42,xgboost,230765.57182053523
1970-01-01 00:00:00.000000069,ecl,aggregate_load,96,42,xgboost,228099.41132038293
1970-01-01 00:00:00.000000069,ecl,aggregate_load,96,42,xgboost,229875.926825632
1970-01-01 00:00:00.000000069,ecl,aggregate_load,96,42,xgboost,232491.40868660275
1970-01-01 00:00:00.000000069,ecl,aggregate_load,96,42,xgboost,230949.41789338333
1970-01-01 00:00:00.000000069,ecl,aggregate_load,96,42,xgboost,228404.2444909187
1970-01-01 00:00:00.000000069,ecl,aggregate_load,96,42,xgboost,226089.5183725138
1970-01-01 00:00:00.000000069,ecl,aggregate_load,96,42,xgboost,227347.01757955586
1970-01-01 00:00:00.000000069,ecl,aggregate_load,96,42,xgboost,228520.58831045768
1970-01-01 00:00:00.000000069,ecl,aggregate_load,96,42,xgboost,226973.30795553257
1970-01-01 00:00:00.000000069,ecl,aggregate_load,96,42,xgboost,223596.52037956615
1970-01-01 00:00:00.000000069,ecl,aggregate_load,96,42,xgboost,225624.03353696433
1970-01-01 00:00:00.000000069,ecl,aggregate_load,96,42,xgboost,224005.7928239347
1970-01-01 00:00:00.000000069,ecl,aggregate_load,96,42,xgboost,230567.2805981163
1970-01-01 00:00:00.000000069,ecl,aggregate_load,96,42,xgboost,229059.75323558526
1970-01-01 00:00:00.000000069,ecl,aggregate_load,96,42,xgboost,232504.843510068
1970-01-01 00:00:00.000000069,ecl,aggregate_load,96,42,xgboost,231852.51748318682
1970-01-01 00:00:00.000000069,ecl,aggregate_load,96,42,xgboost,230186.12972063734
1970-01-01 00:00:00.000000069,ecl,aggregate_load,96,42,xgboost,232123.933991849
1970-01-01 00:00:00.000000069,ecl,aggregate_load,96,42,xgboost,229405.46401617638
1970-01-01 00:00:00.000000069,ecl,aggregate_load,96,42,xgboost,231961.33178105415
1970-01-01 00:00:00.000000069,ecl,aggregate_load,96,42,xgboost,227558.571914818
1970-01-01 00:00:00.000000069,ecl,aggregate_load,96,42,xgboost,230168.94699795972
1970-01-01 00:00:00.000000069,ecl,aggregate_load,96,42,xgboost,228247.8761412981
1970-01-01 00:00:00.000000069,ecl,aggregate_load,96,42,xgboost,228994.52531166826
1970-01-01 00:00:00.000000069,ecl,aggregate_load,96,42,xgboost,233231.2724874958
1970-01-01 00:00:00.000000069,ecl,aggregate_load,96,42,xgboost,239157.60089048775
1970-01-01 00:00:00.000000069,ecl,aggregate_load,96,42,xgboost,238891.92195946406
1970-01-01 00:00:00.000000069,ecl,aggregate_load,96,42,xgboost,239611.5598681925
1970-01-01 00:00:00.000000069,ecl,aggregate_load,96,42,xgboost,240096.96101836092
1970-01-01 00:00:00.000000069,ecl,aggregate_load,96,42,xgboost,240598.6573062205
1970-01-01 00:00:00.000000069,ecl,aggregate_load,96,42,xgboost,243777.17442078982
1970-01-01 00:00:00.000000069,ecl,aggregate_load,96,42,xgboost,238867.34786524266
1970-01-01 00:00:00.000000069,ecl,aggregate_load,96,42,xgboost,239185.79909377208
1970-01-01 00:00:00.000000069,ecl,aggregate_load,96,42,xgboost,243065.1532392002
1970-01-01 00:00:00.000000069,ecl,aggregate_load,96,42,xgboost,243150.17756595308
1970-01-01 00:00:00.000000069,ecl,aggregate_load,96,42,xgboost,242058.04844405674
1970-01-01 00:00:00.000000069,ecl,aggregate_load,96,42,xgboost,246359.8780077546
1970-01-01 00:00:00.000000069,ecl,aggregate_load,96,42,xgboost,246506.6938301051
1970-01-01 00:00:00.000000069,ecl,aggregate_load,96,42,xgboost,242031.65462884554
1970-01-01 00:00:00.000000069,ecl,aggregate_load,96,42,xgboost,243629.37817283018
1970-01-01 00:00:00.000000069,ecl,aggregate_load,96,42,xgboost,243527.1173764805
1970-01-01 00:00:00.000000069,ecl,aggregate_load,96,42,xgboost,244185.0266109699
1970-01-01 00:00:00.000000069,ecl,aggregate_load,96,42,xgboost,245977.32182547302
1970-01-01 00:00:00.000000069,ecl,aggregate_load,96,42,xgboost,249188.04221525774
1970-01-01 00:00:00.000000069,ecl,aggregate_load,96,42,xgboost,245733.29896464225
1970-01-01 00:00:00.000000069,ecl,aggregate_load,96,42,xgboost,245533.9272880651
1970-01-01 00:00:00.000000069,ecl,aggregate_load,96,42,xgboost,243339.23253286086
1970-01-01 00:00:00.000000069,ecl,aggregate_load,96,42,xgboost,239555.4606245136
1970-01-01 00:00:00.000000069,ecl,aggregate_load,96,42,xgboost,242465.80852388093
1970-01-01 00:00:00.000000069,ecl,aggregate_load,96,42,xgboost,247797.47684767083
1970-01-01 00:00:00.000000069,ecl,aggregate_load,96,42,xgboost,245205.32654619418
1970-01-01 00:00:00.000000069,ecl,aggregate_load,96,42,xgboost,246342.41929862814
1970-01-01 00:00:00.000000069,ecl,aggregate_load,96,42,xgboost,245908.9904727193
1970-01-01 00:00:00.000000069,ecl,aggregate_load,96,42,xgboost,244584.78310071476
1970-01-01 00:00:00.000000069,ecl,aggregate_load,96,42,xgboost,243623.91120903738
1970-01-01 00:00:00.000000069,ecl,aggregate_load,96,42,xgboost,242387.45245813378
1970-01-01 00:00:00.000000069,ecl,aggregate_load,96,42,xgboost,242304.63144117375
1970-01-01 00:00:00.000000069,ecl,aggregate_load,96,42,xgboost,241365.6302326372
1970-01-01 00:00:00.000000069,ecl,aggregate_load,96,42,xgboost,238748.62713071713
1970-01-01 00:00:00.000000069,ecl,aggregate_load,96,42,xgboost,241964.0935426636
1970-01-01 00:00:00.000000069,ecl,aggregate_load,96,42,xgboost,236408.15439738473
1970-01-01 00:00:00.000000069,ecl,aggregate_load,96,42,xgboost,237586.91967787943
1970-01-01 00:00:00.000000069,ecl,aggregate_load,96,42,xgboost,240712.7104486059
1970-01-01 00:00:00.000000069,ecl,aggregate_load,96,42,xgboost,237322.9860083619
1970-01-01 00:00:00.000000069,ecl,aggregate_load,96,42,xgboost,243388.15134742585
1970-01-01 00:00:00.000000069,ecl,aggregate_load,96,42,xgboost,240749.4404000362
1970-01-01 00:00:00.000000069,ecl,aggregate_load,96,42,xgboost,240563.96607659422
1970-01-01 00:00:00.000000069,ecl,aggregate_load,96,42,xgboost,236514.39284661054
1970-01-01 00:00:00.000000069,ecl,aggregate_load,96,42,xgboost,238329.2460164954
1970-01-01 00:00:00.000000069,ecl,aggregate_load,96,42,xgboost,238977.22178932594
1970-01-01 00:00:00.000000069,ecl,aggregate_load,96,42,xgboost,238611.74672148787
1970-01-01 00:00:00.000000069,ecl,aggregate_load,96,42,xgboost,243844.87774059907
1970-01-01 00:00:00.000000069,ecl,aggregate_load,96,42,xgboost,243784.34708600503
1970-01-01 00:00:00.000000069,ecl,aggregate_load,96,42,xgboost,241773.68535234718
1970-01-01 00:00:00.000000069,ecl,aggregate_load,96,42,xgboost,243892.6559696529
1970-01-01 00:00:00.000000069,ecl,aggregate_load,96,42,xgboost,246820.7124353648
1970-01-01 00:00:00.000000069,ecl,aggregate_load,96,42,xgboost,248053.27096806676
1970-01-01 00:00:00.000000069,ecl,aggregate_load,96,42,xgboost,250505.53818573663
1970-01-01 00:00:00.000000069,ecl,aggregate_load,96,42,xgboost,246602.32406506935
1970-01-01 00:00:00.000000069,ecl,aggregate_load,96,42,xgboost,248672.2569278828
1970-01-01 00:00:00.000000069,ecl,aggregate_load,96,42,xgboost,246404.53710177122
1970-01-01 00:00:00.000000069,ecl,aggregate_load,96,42,xgboost,245006.1854793783
1970-01-01 00:00:00.000000069,ecl,aggregate_load,96,42,xgboost,244960.66354285987
1970-01-01 00:00:00.000000069,ecl,aggregate_load,96,42,xgboost,247572.83583017424
1970-01-01 00:00:00.000000069,ecl,aggregate_load,96,42,xgboost,246727.93835410153
1970-01-01 00:00:00.000000069,ecl,aggregate_load,96,42,xgboost,243933.40005249938
1970-01-01 00:00:00.000000069,ecl,aggregate_load,96,42,xgboost,249074.02081037345
1970-01-01 00:00:00.000000069,ecl,aggregate_load,96,42,xgboost,249716.1602313751
1970-01-01 00:00:00.000000069,ecl,aggregate_load,96,42,xgboost,246438.08940554134
1970-01-01 00:00:00.000000069,ecl,aggregate_load,96,42,xgboost,246731.93619312113
1970-01-01 00:00:00.000000069,ecl,aggregate_load,96,42,xgboost,248596.39677068172
1970-01-01 00:00:00.000000069,ecl,aggregate_load,96,42,xgboost,244816.1051583211
1970-01-01 00:00:00.000000069,ecl,aggregate_load,96,42,xgboost,248575.4848655026
1970-01-01 00:00:00.000000069,ecl,aggregate_load,96,42,xgboost,246447.7576288892
1970-01-01 00:00:00.000000069,ecl,aggregate_load,96,42,xgboost,245047.54499853193
1970-01-01 00:00:00.000000069,ecl,aggregate_load,96,42,xgboost,246994.62055735255
1970-01-01 00:00:00.000000069,ecl,aggregate_load,96,42,xgboost,249851.2135179032
1970-01-01 00:00:00.000000069,ecl,aggregate_load,96,42,xgboost,245760.65991800488
1970-01-01 00:00:00.000000069,ecl,aggregate_load,96,42,xgboost,245577.22658475558
1970-01-01 00:00:00.000000069,ecl,aggregate_load,96,42,xgboost,246610.83336049574
1970-01-01 00:00:00.000000069,ecl,aggregate_load,96,42,xgboost,247428.0674988008
1970-01-01 00:00:00.000000069,ecl,aggregate_load,96,42,xgboost,250088.51991536663
1970-01-01 00:00:00.000000069,ecl,aggregate_load,96,42,xgboost,254135.57376323864
1970-01-01 00:00:00.000000069,ecl,aggregate_load,96,42,xgboost,253147.6843425661
1970-01-01 00:00:00.000000069,ecl,aggregate_load,96,42,xgboost,253733.81322800752
1970-01-01 00:00:00.000000069,ecl,aggregate_load,96,42,xgboost,257117.21909477422
1970-01-01 00:00:00.000000069,ecl,aggregate_load,96,42,xgboost,260343.90303645827
1970-01-01 00:00:00.000000069,ecl,aggregate_load,96,42,xgboost,249852.62201919616
1970-01-01 00:00:00.000000069,ecl,aggregate_load,96,42,xgboost,253861.2110972751
1970-01-01 00:00:00.000000069,ecl,aggregate_load,96,42,xgboost,250335.48876696918
1970-01-01 00:00:00.000000069,ecl,aggregate_load,96,42,xgboost,247301.34447934176
1970-01-01 00:00:00.000000069,ecl,aggregate_load,96,42,xgboost,250881.45373808022
1970-01-01 00:00:00.000000069,ecl,aggregate_load,96,42,xgboost,250583.32953182558
1970-01-01 00:00:00.000000069,ecl,aggregate_load,96,42,xgboost,249035.4655714623
1970-01-01 00:00:00.000000069,ecl,aggregate_load,96,42,xgboost,249110.67014432015
1970-01-01 00:00:00.000000069,ecl,aggregate_load,96,42,xgboost,252251.32137398046
1970-01-01 00:00:00.000000069,ecl,aggregate_load,96,42,xgboost,252059.58924375832
1970-01-01 00:00:00.000000069,ecl,aggregate_load,96,42,xgboost,250465.59023726615
1970-01-01 00:00:00.000000069,ecl,aggregate_load,96,42,xgboost,254492.05035499818
1970-01-01 00:00:00.000000069,ecl,aggregate_load,96,42,xgboost,251118.2877390477
1970-01-01 00:00:00.000000069,ecl,aggregate_load,96,42,xgboost,253105.97355569244
1970-01-01 00:00:00.000000069,ecl,aggregate_load,96,42,xgboost,245823.04470850932
1970-01-01 00:00:00.000000069,ecl,aggregate_load,96,42,xgboost,249364.043287524
1970-01-01 00:00:00.000000069,ecl,aggregate_load,96,42,xgboost,248226.1373159739
1970-01-01 00:00:00.000000069,ecl,aggregate_load,96,42,xgboost,247452.72043616706
1970-01-01 00:00:00.000000069,ecl,aggregate_load,96,42,xgboost,248470.47781351942
1970-01-01 00:00:00.000000069,ecl,aggregate_load,96,42,xgboost,249339.8224348689
1970-01-01 00:00:00.000000069,ecl,aggregate_load,96,42,xgboost,249827.96964941057
1970-01-01 00:00:00.000000069,ecl,aggregate_load,96,42,xgboost,251854.54498282654
1970-01-01 00:00:00.000000069,ecl,aggregate_load,96,42,xgboost,249855.5690375367
1970-01-01 00:00:00.000000069,ecl,aggregate_load,96,42,xgboost,248428.634581177
1970-01-01 00:00:00.000000069,ecl,aggregate_load,96,42,xgboost,251859.08191436142
1970-01-01 00:00:00.000000069,ecl,aggregate_load,96,42,xgboost,247376.09236428738
1970-01-01 00:00:00.000000069,ecl,aggregate_load,96,42,xgboost,241519.96049645732
1970-01-01 00:00:00.000000069,ecl,aggregate_load,96,42,xgboost,244820.0714732114
1970-01-01 00:00:00.000000069,ecl,aggregate_load,96,42,xgboost,248298.83168844576
1970-01-01 00:00:00.000000069,ecl,aggregate_load,96,42,xgboost,249329.7272482371
1970-01-01 00:00:00.000000069,ecl,aggregate_load,96,42,xgboost,248874.8695647045
1970-01-01 00:00:00.000000069,ecl,aggregate_load,96,42,xgboost,251042.44228129485
1970-01-01 00:00:00.000000069,ecl,aggregate_load,96,42,xgboost,252434.81064967604
1970-01-01 00:00:00.000000069,ecl,aggregate_load,96,42,xgboost,254743.9989477773
1970-01-01 00:00:00.000000069,ecl,aggregate_load,96,42,xgboost,257142.13912660474
1970-01-01 00:00:00.000000069,ecl,aggregate_load,96,42,xgboost,256876.3361210227
1970-01-01 00:00:00.000000069,ecl,aggregate_load,96,42,xgboost,255492.88027947894
1970-01-01 00:00:00.000000069,ecl,aggregate_load,96,42,xgboost,261932.76690163344
1970-01-01 00:00:00.000000069,ecl,aggregate_load,96,42,xgboost,256479.2822705123
1970-01-01 00:00:00.000000069,ecl,aggregate_load,96,42,xgboost,256125.93723236662
1970-01-01 00:00:00.000000069,ecl,aggregate_load,96,42,xgboost,256772.08476970205
1970-01-01 00:00:00.000000069,ecl,aggregate_load,96,42,xgboost,255980.90102114654
1970-01-01 00:00:00.000000069,ecl,aggregate_load,96,42,xgboost,257683.8737551136
1970-01-01 00:00:00.000000069,ecl,aggregate_load,96,42,xgboost,255149.46011537613
1970-01-01 00:00:00.000000069,ecl,aggregate_load,96,42,xgboost,258078.85609673487
1970-01-01 00:00:00.000000069,ecl,aggregate_load,96,42,xgboost,252900.01107576967
1970-01-01 00:00:00.000000069,ecl,aggregate_load,96,42,xgboost,259441.32401052184
1970-01-01 00:00:00.000000069,ecl,aggregate_load,96,42,xgboost,264012.229745782
1970-01-01 00:00:00.000000069,ecl,aggregate_load,96,42,xgboost,266755.3417999575
1970-01-01 00:00:00.000000069,ecl,aggregate_load,96,42,xgboost,262723.7377872001
1970-01-01 00:00:00.000000069,ecl,aggregate_load,96,42,xgboost,266171.6591847353
1970-01-01 00:00:00.000000069,ecl,aggregate_load,96,42,xgboost,265176.1291644263
1970-01-01 00:00:00.000000069,ecl,aggregate_load,96,42,xgboost,267869.1214021936
1970-01-01 00:00:00.000000069,ecl,aggregate_load,96,42,xgboost,270017.61749447614
1970-01-01 00:00:00.000000069,ecl,aggregate_load,96,42,xgboost,270862.42436925153
1970-01-01 00:00:00.000000069,ecl,aggregate_load,96,42,xgboost,271806.8789432967
1970-01-01 00:00:00.000000069,ecl,aggregate_load,96,42,xgboost,278035.5816440834
1970-01-01 00:00:00.000000069,ecl,aggregate_load,96,42,xgboost,280935.39513727237
1970-01-01 00:00:00.000000069,ecl,aggregate_load,96,42,xgboost,277101.41923795233
1970-01-01 00:00:00.000000069,ecl,aggregate_load,96,42,xgboost,276220.9768627218
1970-01-01 00:00:00.000000069,ecl,aggregate_load,96,42,xgboost,276369.3535076292
1970-01-01 00:00:00.000000069,ecl,aggregate_load,96,42,xgboost,276899.97062380915
1970-01-01 00:00:00.000000069,ecl,aggregate_load,96,42,xgboost,274976.62843015144
1970-01-01 00:00:00.000000069,ecl,aggregate_load,96,42,xgboost,271565.6117780724
1970-01-01 00:00:00.000000069,ecl,aggregate_load,96,42,xgboost,268286.3419046882
1970-01-01 00:00:00.000000069,ecl,aggregate_load,96,42,xgboost,268194.02344449464
1970-01-01 00:00:00.000000069,ecl,aggregate_load,96,42,xgboost,268647.2411038501
1970-01-01 00:00:00.000000069,ecl,aggregate_load,96,42,xgboost,268779.7346301688
1970-01-01 00:00:00.000000069,ecl,aggregate_load,96,42,xgboost,267409.15216991777
1970-01-01 00:00:00.000000069,ecl,aggregate_load,96,42,xgboost,268066.65340954025
1970-01-01 00:00:00.000000069,ecl,aggregate_load,96,42,xgboost,267288.7501134412
1970-01-01 00:00:00.000000069,ecl,aggregate_load,96,42,xgboost,267481.9724738642
1970-01-01 00:00:00.000000069,ecl,aggregate_load,96,42,xgboost,263800.71260348614
1970-01-01 00:00:00.000000069,ecl,aggregate_load,96,42,xgboost,265486.22174972406
1970-01-01 00:00:00.000000069,ecl,aggregate_load,96,42,xgboost,268245.6229263094
1970-01-01 00:00:00.000000069,ecl,aggregate_load,96,42,xgboost,266437.2276460059
1970-01-01 00:00:00.000000069,ecl,aggregate_load,96,42,xgboost,261883.79758113236
1970-01-01 00:00:00.000000069,ecl,aggregate_load,96,42,xgboost,263334.15698784677
1970-01-01 00:00:00.000000069,ecl,aggregate_load,96,42,xgboost,263010.28078469745
1970-01-01 00:00:00.000000069,ecl,aggregate_load,96,42,xgboost,262169.3794275155
1970-01-01 00:00:00.000000069,ecl,aggregate_load,96,42,xgboost,263772.1962238601
1970-01-01 00:00:00.000000069,ecl,aggregate_load,96,42,xgboost,267896.71705447114
1970-01-01 00:00:00.000000069,ecl,aggregate_load,96,42,xgboost,267359.0261604901
1970-01-01 00:00:00.000000069,ecl,aggregate_load,96,42,xgboost,270725.1829634195
1970-01-01 00:00:00.000000069,ecl,aggregate_load,96,42,xgboost,266322.15061800013
1970-01-01 00:00:00.000000069,ecl,aggregate_load,96,42,xgboost,269298.2030852721
1970-01-01 00:00:00.000000069,ecl,aggregate_load,96,42,xgboost,269077.5445659925
1970-01-01 00:00:00.000000069,ecl,aggregate_load,96,42,xgboost,268420.65417457
1970-01-01 00:00:00.000000069,ecl,aggregate_load,96,42,xgboost,265485.19266009174
1970-01-01 00:00:00.000000069,ecl,aggregate_load,96,42,xgboost,266706.64344608126
1970-01-01 00:00:00.000000069,ecl,aggregate_load,96,42,xgboost,265796.8719571245
1970-01-01 00:00:00.000000069,ecl,aggregate_load,96,42,xgboost,264336.97531695646
1970-01-01 00:00:00.000000069,ecl,aggregate_load,96,42,xgboost,262211.79655406676
1970-01-01 00:00:00.000000069,ecl,aggregate_load,96,42,xgboost,261706.75908124624
1970-01-01 00:00:00.000000069,ecl,aggregate_load,96,42,xgboost,264476.16179713514
1970-01-01 00:00:00.000000069,ecl,aggregate_load,96,42,xgboost,259698.4526435077
1970-01-01 00:00:00.000000069,ecl,aggregate_load,96,42,xgboost,257049.68136650868
1970-01-01 00:00:00.000000069,ecl,aggregate_load,96,42,xgboost,259770.67993781483
1970-01-01 00:00:00.000000069,ecl,aggregate_load,96,42,xgboost,261483.5389088957
1970-01-01 00:00:00.000000069,ecl,aggregate_load,96,42,xgboost,256858.27041926453
1970-01-01 00:00:00.000000069,ecl,aggregate_load,96,42,xgboost,256848.81185260403
1970-01-01 00:00:00.000000069,ecl,aggregate_load,96,42,xgboost,256856.0020745791
1970-01-01 00:00:00.000000069,ecl,aggregate_load,96,42,xgboost,256063.5114143229
1970-01-01 00:00:00.000000069,ecl,aggregate_load,96,42,xgboost,260459.52618556842
1970-01-01 00:00:00.000000069,ecl,aggregate_load,96,42,xgboost,258583.40135345398
1970-01-01 00:00:00.000000069,ecl,aggregate_load,96,42,xgboost,256381.7789004648
1970-01-01 00:00:00.000000069,ecl,aggregate_load,96,42,xgboost,257354.39489388978
1970-01-01 00:00:00.000000069,ecl,aggregate_load,96,42,xgboost,255901.2525207824
1970-01-01 00:00:00.000000069,ecl,aggregate_load,96,42,xgboost,255010.96230627946
1970-01-01 00:00:00.000000069,ecl,aggregate_load,96,42,xgboost,253167.66452511048
1970-01-01 00:00:00.000000069,ecl,aggregate_load,96,42,xgboost,253895.17625850937
1970-01-01 00:00:00.000000069,ecl,aggregate_load,96,42,xgboost,249901.7615375324
1970-01-01 00:00:00.000000069,ecl,aggregate_load,96,42,xgboost,249531.03363593467
1970-01-01 00:00:00.000000069,ecl,aggregate_load,96,42,xgboost,247694.62155056582
1970-01-01 00:00:00.000000069,ecl,aggregate_load,96,42,xgboost,251498.6078333118
1970-01-01 00:00:00.000000069,ecl,aggregate_load,96,42,xgboost,249493.74058930666
1970-01-01 00:00:00.000000069,ecl,aggregate_load,96,42,xgboost,252116.3526481087
1970-01-01 00:00:00.000000069,ecl,aggregate_load,96,42,xgboost,251091.91887163665
1970-01-01 00:00:00.000000069,ecl,aggregate_load,96,42,xgboost,254106.632056292
1970-01-01 00:00:00.000000069,ecl,aggregate_load,96,42,xgboost,251338.9415929326
1970-01-01 00:00:00.000000069,ecl,aggregate_load,96,42,xgboost,254312.23575599646
1970-01-01 00:00:00.000000069,ecl,aggregate_load,96,42,xgboost,253356.27737206477
1970-01-01 00:00:00.000000069,ecl,aggregate_load,96,42,xgboost,254337.49613974546
1970-01-01 00:00:00.000000069,ecl,aggregate_load,96,42,xgboost,257538.6426409968
1970-01-01 00:00:00.000000069,ecl,aggregate_load,96,42,xgboost,244698.07383451425
1970-01-01 00:00:00.000000069,ecl,aggregate_load,96,42,xgboost,242159.25561348142
1970-01-01 00:00:00.000000069,ecl,aggregate_load,96,42,xgboost,246239.52442380818
1970-01-01 00:00:00.000000069,ecl,aggregate_load,96,42,xgboost,244051.10908504497
1970-01-01 00:00:00.000000069,ecl,aggregate_load,96,42,xgboost,251273.18960576016
1970-01-01 00:00:00.000000069,ecl,aggregate_load,96,42,xgboost,250079.6542463226
1970-01-01 00:00:00.000000069,ecl,aggregate_load,96,42,xgboost,249640.6781205916
1970-01-01 00:00:00.000000069,ecl,aggregate_load,96,42,xgboost,246117.88391479707
1970-01-01 00:00:00.000000069,ecl,aggregate_load,96,42,xgboost,242377.69713862217
1970-01-01 00:00:00.000000069,ecl,aggregate_load,96,42,xgboost,249263.55740040285
1970-01-01 00:00:00.000000069,ecl,aggregate_load,96,42,xgboost,248162.85776636438
1970-01-01 00:00:00.000000069,ecl,aggregate_load,96,42,xgboost,250203.8733223117
1970-01-01 00:00:00.000000069,ecl,aggregate_load,96,42,xgboost,246548.47800585543
1970-01-01 00:00:00.000000069,ecl,aggregate_load,96,42,xgboost,250710.92559356336
1970-01-01 00:00:00.000000069,ecl,aggregate_load,96,42,xgboost,252480.99579581092
1970-01-01 00:00:00.000000069,ecl,aggregate_load,96,42,xgboost,252259.65006235734
1970-01-01 00:00:00.000000069,ecl,aggregate_load,96,42,xgboost,258970.71868006393
1970-01-01 00:00:00.000000069,ecl,aggregate_load,96,42,xgboost,262175.7508618957
1970-01-01 00:00:00.000000069,ecl,aggregate_load,96,42,xgboost,263935.95698496583
1970-01-01 00:00:00.000000069,ecl,aggregate_load,96,42,xgboost,255906.62295348546
1970-01-01 00:00:00.000000069,ecl,aggregate_load,96,42,xgboost,256877.45724929604
1970-01-01 00:00:00.000000069,ecl,aggregate_load,96,42,xgboost,257322.91692419405
1970-01-01 00:00:00.000000069,ecl,aggregate_load,96,42,xgboost,258807.51043068097
1970-01-01 00:00:00.000000069,ecl,aggregate_load,96,42,xgboost,257299.05515796435
1970-01-01 00:00:00.000000069,ecl,aggregate_load,96,42,xgboost,250373.03226511282
1970-01-01 00:00:00.000000069,ecl,aggregate_load,96,42,xgboost,251506.27729965703
1970-01-01 00:00:00.000000069,ecl,aggregate_load,96,42,xgboost,250542.8593001374
1970-01-01 00:00:00.000000069,ecl,aggregate_load,96,42,xgboost,248370.62874711817
1970-01-01 00:00:00.000000069,ecl,aggregate_load,96,42,xgboost,245501.13158621584
1970-01-01 00:00:00.000000069,ecl,aggregate_load,96,42,xgboost,251390.8908344796
1970-01-01 00:00:00.000000070,ecl,aggregate_load,96,42,xgboost,249039.59712111778
1970-01-01 00:00:00.000000070,ecl,aggregate_load,96,42,xgboost,250783.61043127746
1970-01-01 00:00:00.000000070,ecl,aggregate_load,96,42,xgboost,251893.50873625503
1970-01-01 00:00:00.000000070,ecl,aggregate_load,96,42,xgboost,246650.96858069478
1970-01-01 00:00:00.000000070,ecl,aggregate_load,96,42,xgboost,247453.36029504592
1970-01-01 00:00:00.000000070,ecl,aggregate_load,96,42,xgboost,247212.31887136292
1970-01-01 00:00:00.000000070,ecl,aggregate_load,96,42,xgboost,244557.92173001994
1970-01-01 00:00:00.000000070,ecl,aggregate_load,96,42,xgboost,249296.25164634295
1970-01-01 00:00:00.000000070,ecl,aggregate_load,96,42,xgboost,243978.6572559407
1970-01-01 00:00:00.000000070,ecl,aggregate_load,96,42,xgboost,249914.39561895048
1970-01-01 00:00:00.000000070,ecl,aggregate_load,96,42,xgboost,245965.75096605322
1970-01-01 00:00:00.000000070,ecl,aggregate_load,96,42,xgboost,247772.59706805632
1970-01-01 00:00:00.000000070,ecl,aggregate_load,96,42,xgboost,246121.36960813138
1970-01-01 00:00:00.000000070,ecl,aggregate_load,96,42,xgboost,253429.14253840424
1970-01-01 00:00:00.000000070,ecl,aggregate_load,96,42,xgboost,249446.61884340746
1970-01-01 00:00:00.000000070,ecl,aggregate_load,96,42,xgboost,247193.70461709052
1970-01-01 00:00:00.000000070,ecl,aggregate_load,96,42,xgboost,247722.16300437038
1970-01-01 00:00:00.000000070,ecl,aggregate_load,96,42,xgboost,249379.23297661557
1970-01-01 00:00:00.000000070,ecl,aggregate_load,96,42,xgboost,250077.5097002115
1970-01-01 00:00:00.000000070,ecl,aggregate_load,96,42,xgboost,251866.01156679963
1970-01-01 00:00:00.000000070,ecl,aggregate_load,96,42,xgboost,253489.10406347542
1970-01-01 00:00:00.000000070,ecl,aggregate_load,96,42,xgboost,253680.50453322163
1970-01-01 00:00:00.000000070,ecl,aggregate_load,96,42,xgboost,255233.44357593614
1970-01-01 00:00:00.000000070,ecl,aggregate_load,96,42,xgboost,251989.51819290515
1970-01-01 00:00:00.000000070,ecl,aggregate_load,96,42,xgboost,255719.93026174218
1970-01-01 00:00:00.000000070,ecl,aggregate_load,96,42,xgboost,255179.56081166436
1970-01-01 00:00:00.000000070,ecl,aggregate_load,96,42,xgboost,249789.24559325128
1970-01-01 00:00:00.000000070,ecl,aggregate_load,96,42,xgboost,250573.08469349946
1970-01-01 00:00:00.000000070,ecl,aggregate_load,96,42,xgboost,249428.8331873947
1970-01-01 00:00:00.000000070,ecl,aggregate_load,96,42,xgboost,252175.47200595224
1970-01-01 00:00:00.000000070,ecl,aggregate_load,96,42,xgboost,257642.15887920442
1970-01-01 00:00:00.000000070,ecl,aggregate_load,96,42,xgboost,257176.5889942286
1970-01-01 00:00:00.000000070,ecl,aggregate_load,96,42,xgboost,255606.64604556526
1970-01-01 00:00:00.000000070,ecl,aggregate_load,96,42,xgboost,252665.0685934058
1970-01-01 00:00:00.000000070,ecl,aggregate_load,96,42,xgboost,252107.31488223365
1970-01-01 00:00:00.000000070,ecl,aggregate_load,96,42,xgboost,255054.0808935206
1970-01-01 00:00:00.000000070,ecl,aggregate_load,96,42,xgboost,257109.08308866757
1970-01-01 00:00:00.000000070,ecl,aggregate_load,96,42,xgboost,256384.7912236806
1970-01-01 00:00:00.000000070,ecl,aggregate_load,96,42,xgboost,259450.28703519868
1970-01-01 00:00:00.000000070,ecl,aggregate_load,96,42,xgboost,256567.6179027818
1970-01-01 00:00:00.000000070,ecl,aggregate_load,96,42,xgboost,256191.79567859907
1970-01-01 00:00:00.000000070,ecl,aggregate_load,96,42,xgboost,255999.85169015793
1970-01-01 00:00:00.000000070,ecl,aggregate_load,96,42,xgboost,255093.00585706628
1970-01-01 00:00:00.000000070,ecl,aggregate_load,96,42,xgboost,251564.59801500113
1970-01-01 00:00:00.000000070,ecl,aggregate_load,96,42,xgboost,250293.12806756553
1970-01-01 00:00:00.000000070,ecl,aggregate_load,96,42,xgboost,250588.63349249502
1970-01-01 00:00:00.000000070,ecl,aggregate_load,96,42,xgboost,248824.1347200186
1970-01-01 00:00:00.000000070,ecl,aggregate_load,96,42,xgboost,254742.633017304
1970-01-01 00:00:00.000000070,ecl,aggregate_load,96,42,xgboost,250691.8229734636
1970-01-01 00:00:00.000000070,ecl,aggregate_load,96,42,xgboost,251583.60881510444
1970-01-01 00:00:00.000000070,ecl,aggregate_load,96,42,xgboost,258020.6886695819
1970-01-01 00:00:00.000000070,ecl,aggregate_load,96,42,xgboost,263337.78146245267
1970-01-01 00:00:00.000000070,ecl,aggregate_load,96,42,xgboost,255748.6312058339
1970-01-01 00:00:00.000000070,ecl,aggregate_load,96,42,xgboost,256526.1096138136
1970-01-01 00:00:00.000000070,ecl,aggregate_load,96,42,xgboost,263252.00334347045
1970-01-01 00:00:00.000000070,ecl,aggregate_load,96,42,xgboost,262307.32306594116
1970-01-01 00:00:00.000000070,ecl,aggregate_load,96,42,xgboost,261289.63076125027
1970-01-01 00:00:00.000000070,ecl,aggregate_load,96,42,xgboost,263806.8580371824
1970-01-01 00:00:00.000000070,ecl,aggregate_load,96,42,xgboost,258939.887075903
1970-01-01 00:00:00.000000070,ecl,aggregate_load,96,42,xgboost,263229.470887703
1970-01-01 00:00:00.000000070,ecl,aggregate_load,96,42,xgboost,260630.8491341893
1970-01-01 00:00:00.000000070,ecl,aggregate_load,96,42,xgboost,258366.38137606744
1970-01-01 00:00:00.000000070,ecl,aggregate_load,96,42,xgboost,261192.44608776396
1970-01-01 00:00:00.000000070,ecl,aggregate_load,96,42,xgboost,261370.43664472667
1970-01-01 00:00:00.000000070,ecl,aggregate_load,96,42,xgboost,259827.5960630316
1970-01-01 00:00:00.000000070,ecl,aggregate_load,96,42,xgboost,262499.83923371945
1970-01-01 00:00:00.000000070,ecl,aggregate_load,96,42,xgboost,264233.3092027653
1970-01-01 00:00:00.000000070,ecl,aggregate_load,96,42,xgboost,264314.6924884321
1970-01-01 00:00:00.000000070,ecl,aggregate_load,96,42,xgboost,261191.6280219089
1970-01-01 00:00:00.000000070,ecl,aggregate_load,96,42,xgboost,260078.04513871626
1970-01-01 00:00:00.000000070,ecl,aggregate_load,96,42,xgboost,247526.05077682584
1970-01-01 00:00:00.000000070,ecl,aggregate_load,96,42,xgboost,251371.27564424547
1970-01-01 00:00:00.000000070,ecl,aggregate_load,96,42,xgboost,252467.11938117756
1970-01-01 00:00:00.000000070,ecl,aggregate_load,96,42,xgboost,250905.27989501855
1970-01-01 00:00:00.000000070,ecl,aggregate_load,96,42,xgboost,252809.90639252836
1970-01-01 00:00:00.000000070,ecl,aggregate_load,96,42,xgboost,252577.50860843653
1970-01-01 00:00:00.000000070,ecl,aggregate_load,96,42,xgboost,257855.9040732501
1970-01-01 00:00:00.000000070,ecl,aggregate_load,96,42,xgboost,257883.43185945586
1970-01-01 00:00:00.000000070,ecl,aggregate_load,96,42,xgboost,255034.64143300164
1970-01-01 00:00:00.000000070,ecl,aggregate_load,96,42,xgboost,253775.931801865
1970-01-01 00:00:00.000000070,ecl,aggregate_load,96,42,xgboost,252326.99044394834
1970-01-01 00:00:00.000000070,ecl,aggregate_load,96,42,xgboost,250583.60962943375
1970-01-01 00:00:00.000000070,ecl,aggregate_load,96,42,xgboost,242162.16406802004
1970-01-01 00:00:00.000000070,ecl,aggregate_load,96,42,xgboost,242883.6195151105
1970-01-01 00:00:00.000000070,ecl,aggregate_load,96,42,xgboost,237699.92602890127
1970-01-01 00:00:00.000000070,ecl,aggregate_load,96,42,xgboost,240037.58529411818
1970-01-01 00:00:00.000000070,ecl,aggregate_load,96,42,xgboost,238913.53725171823
1970-01-01 00:00:00.000000070,ecl,aggregate_load,96,42,xgboost,238606.27810775337
1970-01-01 00:00:00.000000070,ecl,aggregate_load,96,42,xgboost,238965.2365546449
1970-01-01 00:00:00.000000070,ecl,aggregate_load,96,42,xgboost,238411.23556859288
1970-01-01 00:00:00.000000070,ecl,aggregate_load,96,42,xgboost,238494.16946686208
1970-01-01 00:00:00.000000070,ecl,aggregate_load,96,42,xgboost,239739.01556287534
1970-01-01 00:00:00.000000070,ecl,aggregate_load,96,42,xgboost,240188.57418793254
1970-01-01 00:00:00.000000070,ecl,aggregate_load,96,42,xgboost,236807.4309772182
1970-01-01 00:00:00.000000070,ecl,aggregate_load,96,42,xgboost,239717.54331973335
1970-01-01 00:00:00.000000070,ecl,aggregate_load,96,42,xgboost,240984.4645095334
1970-01-01 00:00:00.000000070,ecl,aggregate_load,96,42,xgboost,238062.913597733
1970-01-01 00:00:00.000000070,ecl,aggregate_load,96,42,xgboost,242190.85165995522
1970-01-01 00:00:00.000000070,ecl,aggregate_load,96,42,xgboost,238022.84181808354
1970-01-01 00:00:00.000000070,ecl,aggregate_load,96,42,xgboost,238540.57950764382
1970-01-01 00:00:00.000000070,ecl,aggregate_load,96,42,xgboost,238517.90089925495
1970-01-01 00:00:00.000000070,ecl,aggregate_load,96,42,xgboost,242935.1732041627
1970-01-01 00:00:00.000000070,ecl,aggregate_load,96,42,xgboost,243000.7904063718
1970-01-01 00:00:00.000000070,ecl,aggregate_load,96,42,xgboost,238060.48419521097
1970-01-01 00:00:00.000000070,ecl,aggregate_load,96,42,xgboost,244810.24644610673
1970-01-01 00:00:00.000000070,ecl,aggregate_load,96,42,xgboost,238786.7425270255
1970-01-01 00:00:00.000000070,ecl,aggregate_load,96,42,xgboost,244621.51624943258
1970-01-01 00:00:00.000000070,ecl,aggregate_load,96,42,xgboost,240910.33494519137
1970-01-01 00:00:00.000000070,ecl,aggregate_load,96,42,xgboost,240956.63008142434
1970-01-01 00:00:00.000000070,ecl,aggregate_load,96,42,xgboost,237869.9082993966
1970-01-01 00:00:00.000000070,ecl,aggregate_load,96,42,xgboost,239925.92183581612
1970-01-01 00:00:00.000000070,ecl,aggregate_load,96,42,xgboost,238146.8877252366
1970-01-01 00:00:00.000000070,ecl,aggregate_load,96,42,xgboost,238948.84169528703
1970-01-01 00:00:00.000000070,ecl,aggregate_load,96,42,xgboost,237964.92771580303
1970-01-01 00:00:00.000000070,ecl,aggregate_load,96,42,xgboost,236095.53734604604
1970-01-01 00:00:00.000000070,ecl,aggregate_load,96,42,xgboost,238430.99727032884
1970-01-01 00:00:00.000000070,ecl,aggregate_load,96,42,xgboost,231789.12629511612
1970-01-01 00:00:00.000000070,ecl,aggregate_load,96,42,xgboost,232426.38384926223
1970-01-01 00:00:00.000000070,ecl,aggregate_load,96,42,xgboost,231079.01767344362
1970-01-01 00:00:00.000000070,ecl,aggregate_load,96,42,xgboost,227613.852790087
1970-01-01 00:00:00.000000070,ecl,aggregate_load,96,42,xgboost,230847.35273762819
1970-01-01 00:00:00.000000070,ecl,aggregate_load,96,42,xgboost,227087.49766342915
1970-01-01 00:00:00.000000070,ecl,aggregate_load,96,42,xgboost,231779.61154972555
1970-01-01 00:00:00.000000070,ecl,aggregate_load,96,42,xgboost,232502.38646416678
1970-01-01 00:00:00.000000070,ecl,aggregate_load,96,42,xgboost,233844.09981990163
1970-01-01 00:00:00.000000070,ecl,aggregate_load,96,42,xgboost,227161.28385273568
1970-01-01 00:00:00.000000070,ecl,aggregate_load,96,42,xgboost,235659.26732690062
1970-01-01 00:00:00.000000070,ecl,aggregate_load,96,42,xgboost,238141.4504684126
1970-01-01 00:00:00.000000070,ecl,aggregate_load,96,42,xgboost,237909.771066863
1970-01-01 00:00:00.000000070,ecl,aggregate_load,96,42,xgboost,237795.56868663244
1970-01-01 00:00:00.000000070,ecl,aggregate_load,96,42,xgboost,236436.68536302328
1970-01-01 00:00:00.000000070,ecl,aggregate_load,96,42,xgboost,234335.12319597194
1970-01-01 00:00:00.000000070,ecl,aggregate_load,96,42,xgboost,236176.21980899046
1970-01-01 00:00:00.000000070,ecl,aggregate_load,96,42,xgboost,238915.95680677696
1970-01-01 00:00:00.000000070,ecl,aggregate_load,96,42,xgboost,236829.1208918715
1970-01-01 00:00:00.000000070,ecl,aggregate_load,96,42,xgboost,240949.98602932467
1970-01-01 00:00:00.000000070,ecl,aggregate_load,96,42,xgboost,238957.7878846509
1970-01-01 00:00:00.000000070,ecl,aggregate_load,96,42,xgboost,236013.33520298815
1970-01-01 00:00:00.000000070,ecl,aggregate_load,96,42,xgboost,237855.18235437677
1970-01-01 00:00:00.000000070,ecl,aggregate_load,96,42,xgboost,240221.461396868
1970-01-01 00:00:00.000000070,ecl,aggregate_load,96,42,xgboost,239326.5176194948
1970-01-01 00:00:00.000000070,ecl,aggregate_load,96,42,xgboost,241866.5257234598
1970-01-01 00:00:00.000000070,ecl,aggregate_load,96,42,xgboost,241225.73879893273
1970-01-01 00:00:00.000000070,ecl,aggregate_load,96,42,xgboost,242342.5278691325
1970-01-01 00:00:00.000000070,ecl,aggregate_load,96,42,xgboost,240063.94944259027
1970-01-01 00:00:00.000000070,ecl,aggregate_load,96,42,xgboost,236068.4219569556
1970-01-01 00:00:00.000000070,ecl,aggregate_load,96,42,xgboost,234554.66059130346
1970-01-01 00:00:00.000000070,ecl,aggregate_load,96,42,xgboost,234967.5621297575
1970-01-01 00:00:00.000000070,ecl,aggregate_load,96,42,xgboost,229099.86071122027
1970-01-01 00:00:00.000000070,ecl,aggregate_load,96,42,xgboost,231420.4943385216
1970-01-01 00:00:00.000000070,ecl,aggregate_load,96,42,xgboost,231560.99497461165
1970-01-01 00:00:00.000000070,ecl,aggregate_load,96,42,xgboost,233403.62150804955
1970-01-01 00:00:00.000000070,ecl,aggregate_load,96,42,xgboost,237164.5958206113
1970-01-01 00:00:00.000000070,ecl,aggregate_load,96,42,xgboost,234252.1764257805
1970-01-01 00:00:00.000000070,ecl,aggregate_load,96,42,xgboost,234703.17369074855
1970-01-01 00:00:00.000000070,ecl,aggregate_load,96,42,xgboost,234952.92085807773
1970-01-01 00:00:00.000000070,ecl,aggregate_load,96,42,xgboost,235098.10244308412
1970-01-01 00:00:00.000000070,ecl,aggregate_load,96,42,xgboost,234122.0581635808
1970-01-01 00:00:00.000000070,ecl,aggregate_load,96,42,xgboost,237148.01744772433
1970-01-01 00:00:00.000000070,ecl,aggregate_load,96,42,xgboost,244030.02385053597
1970-01-01 00:00:00.000000070,ecl,aggregate_load,96,42,xgboost,239418.33747469785
1970-01-01 00:00:00.000000070,ecl,aggregate_load,96,42,xgboost,243917.61705463505
1970-01-01 00:00:00.000000070,ecl,aggregate_load,96,42,xgboost,238563.48193771267
1970-01-01 00:00:00.000000070,ecl,aggregate_load,96,42,xgboost,238935.47222924186
1970-01-01 00:00:00.000000070,ecl,aggregate_load,96,42,xgboost,246019.80616167144
1970-01-01 00:00:00.000000070,ecl,aggregate_load,96,42,xgboost,244531.1562303101
1970-01-01 00:00:00.000000070,ecl,aggregate_load,96,42,xgboost,249258.81088426523
1970-01-01 00:00:00.000000070,ecl,aggregate_load,96,42,xgboost,245937.34927497923
1970-01-01 00:00:00.000000070,ecl,aggregate_load,96,42,xgboost,246850.3016535147
1970-01-01 00:00:00.000000070,ecl,aggregate_load,96,42,xgboost,249231.67944103866
1970-01-01 00:00:00.000000070,ecl,aggregate_load,96,42,xgboost,242563.47118165155
1970-01-01 00:00:00.000000070,ecl,aggregate_load,96,42,xgboost,246097.95156995978
1970-01-01 00:00:00.000000071,ecl,aggregate_load,96,42,xgboost,236145.54453499336
1970-01-01 00:00:00.000000071,ecl,aggregate_load,96,42,xgboost,241044.43287721672
1970-01-01 00:00:00.000000071,ecl,aggregate_load,96,42,xgboost,242322.82203013
1970-01-01 00:00:00.000000071,ecl,aggregate_load,96,42,xgboost,244404.14835634362
1970-01-01 00:00:00.000000071,ecl,aggregate_load,96,42,xgboost,241437.87606544397
1970-01-01 00:00:00.000000071,ecl,aggregate_load,96,42,xgboost,243003.79539815013
1970-01-01 00:00:00.000000071,ecl,aggregate_load,96,42,xgboost,244075.94299099807
1970-01-01 00:00:00.000000071,ecl,aggregate_load,96,42,xgboost,246528.5171005238
1970-01-01 00:00:00.000000071,ecl,aggregate_load,96,42,xgboost,242582.6668867378
1970-01-01 00:00:00.000000071,ecl,aggregate_load,96,42,xgboost,248336.28413912223
1970-01-01 00:00:00.000000071,ecl,aggregate_load,96,42,xgboost,252700.29840843275
1970-01-01 00:00:00.000000071,ecl,aggregate_load,96,42,xgboost,250048.50165392063
1970-01-01 00:00:00.000000071,ecl,aggregate_load,96,42,xgboost,249451.46404329684
1970-01-01 00:00:00.000000071,ecl,aggregate_load,96,42,xgboost,246604.28324785104
1970-01-01 00:00:00.000000071,ecl,aggregate_load,96,42,xgboost,245024.33265426662
1970-01-01 00:00:00.000000071,ecl,aggregate_load,96,42,xgboost,248008.40366504644
1970-01-01 00:00:00.000000071,ecl,aggregate_load,96,42,xgboost,248298.43426114784
1970-01-01 00:00:00.000000071,ecl,aggregate_load,96,42,xgboost,242623.07608039328
1970-01-01 00:00:00.000000071,ecl,aggregate_load,96,42,xgboost,243362.58495203874
1970-01-01 00:00:00.000000071,ecl,aggregate_load,96,42,xgboost,241064.87631842078
1970-01-01 00:00:00.000000071,ecl,aggregate_load,96,42,xgboost,243474.46220756214
1970-01-01 00:00:00.000000071,ecl,aggregate_load,96,42,xgboost,244532.2074615114
1970-01-01 00:00:00.000000071,ecl,aggregate_load,96,42,xgboost,245457.2774459005
1970-01-01 00:00:00.000000071,ecl,aggregate_load,96,42,xgboost,247404.08910913716
1970-01-01 00:00:00.000000071,ecl,aggregate_load,96,42,xgboost,247117.2865458924
1970-01-01 00:00:00.000000071,ecl,aggregate_load,96,42,xgboost,245038.2944506222
1970-01-01 00:00:00.000000071,ecl,aggregate_load,96,42,xgboost,246702.8158243557
1970-01-01 00:00:00.000000071,ecl,aggregate_load,96,42,xgboost,247837.35798902914
1970-01-01 00:00:00.000000071,ecl,aggregate_load,96,42,xgboost,243037.71091081927
1970-01-01 00:00:00.000000071,ecl,aggregate_load,96,42,xgboost,244456.28088611257
1970-01-01 00:00:00.000000071,ecl,aggregate_load,96,42,xgboost,244004.43277489915
1970-01-01 00:00:00.000000071,ecl,aggregate_load,96,42,xgboost,244206.0804367235
1970-01-01 00:00:00.000000071,ecl,aggregate_load,96,42,xgboost,245095.97456029066
1970-01-01 00:00:00.000000071,ecl,aggregate_load,96,42,xgboost,247426.11280559332
1970-01-01 00:00:00.000000071,ecl,aggregate_load,96,42,xgboost,247343.70311027323
1970-01-01 00:00:00.000000071,ecl,aggregate_load,96,42,xgboost,249622.32803691085
1970-01-01 00:00:00.000000071,ecl,aggregate_load,96,42,xgboost,248884.34600337557
1970-01-01 00:00:00.000000071,ecl,aggregate_load,96,42,xgboost,248850.35136790073
1970-01-01 00:00:00.000000071,ecl,aggregate_load,96,42,xgboost,251311.52627120566
1970-01-01 00:00:00.000000071,ecl,aggregate_load,96,42,xgboost,249362.47373261247
1970-01-01 00:00:00.000000071,ecl,aggregate_load,96,42,xgboost,248600.72708361482
1970-01-01 00:00:00.000000071,ecl,aggregate_load,96,42,xgboost,251267.45825636887
1970-01-01 00:00:00.000000071,ecl,aggregate_load,96,42,xgboost,250504.91837296542
1970-01-01 00:00:00.000000071,ecl,aggregate_load,96,42,xgboost,250487.4922038326
1970-01-01 00:00:00.000000071,ecl,aggregate_load,96,42,xgboost,249793.60921959463
1970-01-01 00:00:00.000000071,ecl,aggregate_load,96,42,xgboost,244458.9941066842
1970-01-01 00:00:00.000000071,ecl,aggregate_load,96,42,xgboost,246473.25698163276
1970-01-01 00:00:00.000000071,ecl,aggregate_load,96,42,xgboost,244545.14018947733
1970-01-01 00:00:00.000000071,ecl,aggregate_load,96,42,xgboost,248860.4437546582
1970-01-01 00:00:00.000000071,ecl,aggregate_load,96,42,xgboost,246694.899870008
1970-01-01 00:00:00.000000071,ecl,aggregate_load,96,42,xgboost,236107.40519938746
1970-01-01 00:00:00.000000071,ecl,aggregate_load,96,42,xgboost,240774.41739775124
1970-01-01 00:00:00.000000071,ecl,aggregate_load,96,42,xgboost,242163.29234203885
1970-01-01 00:00:00.000000071,ecl,aggregate_load,96,42,xgboost,242161.3366509122
1970-01-01 00:00:00.000000071,ecl,aggregate_load,96,42,xgboost,243482.75908946097
1970-01-01 00:00:00.000000071,ecl,aggregate_load,96,42,xgboost,246514.20535154853
1970-01-01 00:00:00.000000071,ecl,aggregate_load,96,42,xgboost,245079.44984811125
1970-01-01 00:00:00.000000071,ecl,aggregate_load,96,42,xgboost,237547.53670946133
1970-01-01 00:00:00.000000071,ecl,aggregate_load,96,42,xgboost,241441.22727407888
1970-01-01 00:00:00.000000071,ecl,aggregate_load,96,42,xgboost,244693.28176969546
1970-01-01 00:00:00.000000071,ecl,aggregate_load,96,42,xgboost,241054.79972365304
1970-01-01 00:00:00.000000071,ecl,aggregate_load,96,42,xgboost,242721.340964984
1970-01-01 00:00:00.000000071,ecl,aggregate_load,96,42,xgboost,243798.86166674117
1970-01-01 00:00:00.000000071,ecl,aggregate_load,96,42,xgboost,245223.30900543416
1970-01-01 00:00:00.000000071,ecl,aggregate_load,96,42,xgboost,247121.46786251085
1970-01-01 00:00:00.000000071,ecl,aggregate_load,96,42,xgboost,253698.6419552619
1970-01-01 00:00:00.000000071,ecl,aggregate_load,96,42,xgboost,246244.91750398418
1970-01-01 00:00:00.000000071,ecl,aggregate_load,96,42,xgboost,246711.98277697337
1970-01-01 00:00:00.000000071,ecl,aggregate_load,96,42,xgboost,245809.4626268089
1970-01-01 00:00:00.000000071,ecl,aggregate_load,96,42,xgboost,246053.49551936318
1970-01-01 00:00:00.000000071,ecl,aggregate_load,96,42,xgboost,245157.80277591836
1970-01-01 00:00:00.000000071,ecl,aggregate_load,96,42,xgboost,245374.99554109247
1970-01-01 00:00:00.000000071,ecl,aggregate_load,96,42,xgboost,244584.905651557
1970-01-01 00:00:00.000000071,ecl,aggregate_load,96,42,xgboost,242432.71025375326
1970-01-01 00:00:00.000000071,ecl,aggregate_load,96,42,xgboost,243902.02521880143
1970-01-01 00:00:00.000000071,ecl,aggregate_load,96,42,xgboost,243496.18516759956
1970-01-01 00:00:00.000000071,ecl,aggregate_load,96,42,xgboost,243223.34503372232
1970-01-01 00:00:00.000000071,ecl,aggregate_load,96,42,xgboost,246611.11638161345
1970-01-01 00:00:00.000000071,ecl,aggregate_load,96,42,xgboost,245092.02742491415
1970-01-01 00:00:00.000000071,ecl,aggregate_load,96,42,xgboost,241512.652528882
1970-01-01 00:00:00.000000071,ecl,aggregate_load,96,42,xgboost,240983.02741897796
1970-01-01 00:00:00.000000071,ecl,aggregate_load,96,42,xgboost,242557.4390505012
1970-01-01 00:00:00.000000071,ecl,aggregate_load,96,42,xgboost,245615.55263413765
1970-01-01 00:00:00.000000071,ecl,aggregate_load,96,42,xgboost,237304.4576436424
1970-01-01 00:00:00.000000071,ecl,aggregate_load,96,42,xgboost,238128.17155301105
1970-01-01 00:00:00.000000071,ecl,aggregate_load,96,42,xgboost,237195.58050272192
1970-01-01 00:00:00.000000071,ecl,aggregate_load,96,42,xgboost,240906.02949375825
1970-01-01 00:00:00.000000071,ecl,aggregate_load,96,42,xgboost,243383.84906755903
1970-01-01 00:00:00.000000071,ecl,aggregate_load,96,42,xgboost,243530.14105209638
1970-01-01 00:00:00.000000071,ecl,aggregate_load,96,42,xgboost,242431.4763350467
1970-01-01 00:00:00.000000071,ecl,aggregate_load,96,42,xgboost,243418.8966093245
1970-01-01 00:00:00.000000071,ecl,aggregate_load,96,42,xgboost,240422.45136488616
1970-01-01 00:00:00.000000071,ecl,aggregate_load,96,42,xgboost,241187.33079009913
1970-01-01 00:00:00.000000071,ecl,aggregate_load,96,42,xgboost,241189.44093014576
1970-01-01 00:00:00.000000071,ecl,aggregate_load,96,42,xgboost,239463.213449733
1970-01-01 00:00:00.000000071,ecl,aggregate_load,96,42,xgboost,241517.8209164786
1970-01-01 00:00:00.000000071,ecl,aggregate_load,96,42,xgboost,242124.92202587146
1970-01-01 00:00:00.000000071,ecl,aggregate_load,96,42,xgboost,237058.0148829966
1970-01-01 00:00:00.000000071,ecl,aggregate_load,96,42,xgboost,241522.12304785082
1970-01-01 00:00:00.000000071,ecl,aggregate_load,96,42,xgboost,241224.05315310173
1970-01-01 00:00:00.000000071,ecl,aggregate_load,96,42,xgboost,246824.46293005603
1970-01-01 00:00:00.000000071,ecl,aggregate_load,96,42,xgboost,239773.23669682842
1970-01-01 00:00:00.000000071,ecl,aggregate_load,96,42,xgboost,239822.4424405029
1970-01-01 00:00:00.000000071,ecl,aggregate_load,96,42,xgboost,235214.87087680577
1970-01-01 00:00:00.000000071,ecl,aggregate_load,96,42,xgboost,237629.23847578818
1970-01-01 00:00:00.000000071,ecl,aggregate_load,96,42,xgboost,236950.75293900227
1970-01-01 00:00:00.000000071,ecl,aggregate_load,96,42,xgboost,235074.9490531065
1970-01-01 00:00:00.000000071,ecl,aggregate_load,96,42,xgboost,240405.552991675
1970-01-01 00:00:00.000000071,ecl,aggregate_load,96,42,xgboost,239725.8363448085
1970-01-01 00:00:00.000000071,ecl,aggregate_load,96,42,xgboost,240931.85418435594
1970-01-01 00:00:00.000000071,ecl,aggregate_load,96,42,xgboost,244292.4020902126
1970-01-01 00:00:00.000000071,ecl,aggregate_load,96,42,xgboost,240813.19344162513
1970-01-01 00:00:00.000000071,ecl,aggregate_load,96,42,xgboost,241936.99531354426
1970-01-01 00:00:00.000000071,ecl,aggregate_load,96,42,xgboost,246113.16846097758
1970-01-01 00:00:00.000000071,ecl,aggregate_load,96,42,xgboost,243997.13908882882
1970-01-01 00:00:00.000000071,ecl,aggregate_load,96,42,xgboost,245996.11017758446
1970-01-01 00:00:00.000000071,ecl,aggregate_load,96,42,xgboost,244793.2891279617
1970-01-01 00:00:00.000000071,ecl,aggregate_load,96,42,xgboost,240611.66373103592
1970-01-01 00:00:00.000000071,ecl,aggregate_load,96,42,xgboost,240330.0090424261
1970-01-01 00:00:00.000000071,ecl,aggregate_load,96,42,xgboost,241734.66305146678
1970-01-01 00:00:00.000000071,ecl,aggregate_load,96,42,xgboost,241784.78719445318
1970-01-01 00:00:00.000000071,ecl,aggregate_load,96,42,xgboost,245408.1784751193
1970-01-01 00:00:00.000000071,ecl,aggregate_load,96,42,xgboost,239724.29064972023
1970-01-01 00:00:00.000000071,ecl,aggregate_load,96,42,xgboost,239339.7813164102
1970-01-01 00:00:00.000000071,ecl,aggregate_load,96,42,xgboost,240835.8173322822
1970-01-01 00:00:00.000000071,ecl,aggregate_load,96,42,xgboost,241558.17630176726
1970-01-01 00:00:00.000000071,ecl,aggregate_load,96,42,xgboost,243157.87457910052
1970-01-01 00:00:00.000000071,ecl,aggregate_load,96,42,xgboost,242441.78547964743
1970-01-01 00:00:00.000000071,ecl,aggregate_load,96,42,xgboost,238972.1323950515
1970-01-01 00:00:00.000000071,ecl,aggregate_load,96,42,xgboost,243427.24503481403
1970-01-01 00:00:00.000000071,ecl,aggregate_load,96,42,xgboost,248095.1948013924
1970-01-01 00:00:00.000000071,ecl,aggregate_load,96,42,xgboost,246372.41397158717
1970-01-01 00:00:00.000000071,ecl,aggregate_load,96,42,xgboost,248057.83110412015
1970-01-01 00:00:00.000000071,ecl,aggregate_load,96,42,xgboost,247665.14114711675
1970-01-01 00:00:00.000000071,ecl,aggregate_load,96,42,xgboost,246470.24600356605
1970-01-01 00:00:00.000000071,ecl,aggregate_load,96,42,xgboost,244911.63141925228
1970-01-01 00:00:00.000000071,ecl,aggregate_load,96,42,xgboost,240472.05400362986
1970-01-01 00:00:00.000000071,ecl,aggregate_load,96,42,xgboost,243607.57704959437
1970-01-01 00:00:00.000000071,ecl,aggregate_load,96,42,xgboost,243291.0056097644
1970-01-01 00:00:00.000000071,ecl,aggregate_load,96,42,xgboost,245554.44424513992
1970-01-01 00:00:00.000000071,ecl,aggregate_load,96,42,xgboost,242918.1480914502
1970-01-01 00:00:00.000000071,ecl,aggregate_load,96,42,xgboost,250269.5441497929
1970-01-01 00:00:00.000000071,ecl,aggregate_load,96,42,xgboost,246706.90561228394
1970-01-01 00:00:00.000000071,ecl,aggregate_load,96,42,xgboost,246812.08140394045
1970-01-01 00:00:00.000000072,ecl,aggregate_load,96,42,xgboost,246256.1018279818
1970-01-01 00:00:00.000000072,ecl,aggregate_load,96,42,xgboost,244908.55399164557
1970-01-01 00:00:00.000000072,ecl,aggregate_load,96,42,xgboost,243383.22622146338
1970-01-01 00:00:00.000000072,ecl,aggregate_load,96,42,xgboost,239497.49791565244
1970-01-01 00:00:00.000000072,ecl,aggregate_load,96,42,xgboost,241599.4523527009
1970-01-01 00:00:00.000000072,ecl,aggregate_load,96,42,xgboost,244977.71106803662
1970-01-01 00:00:00.000000072,ecl,aggregate_load,96,42,xgboost,244262.63880571607
1970-01-01 00:00:00.000000072,ecl,aggregate_load,96,42,xgboost,242689.33492733786
1970-01-01 00:00:00.000000072,ecl,aggregate_load,96,42,xgboost,247281.1627454285
1970-01-01 00:00:00.000000072,ecl,aggregate_load,96,42,xgboost,247128.62166738303
1970-01-01 00:00:00.000000072,ecl,aggregate_load,96,42,xgboost,246837.94359420575
1970-01-01 00:00:00.000000072,ecl,aggregate_load,96,42,xgboost,246440.53402257574
1970-01-01 00:00:00.000000072,ecl,aggregate_load,96,42,xgboost,247910.93820958305
1970-01-01 00:00:00.000000072,ecl,aggregate_load,96,42,xgboost,243411.34627952063
1970-01-01 00:00:00.000000072,ecl,aggregate_load,96,42,xgboost,244145.6566028339
1970-01-01 00:00:00.000000072,ecl,aggregate_load,96,42,xgboost,236748.56166355847
1970-01-01 00:00:00.000000072,ecl,aggregate_load,96,42,xgboost,244512.357242464
1970-01-01 00:00:00.000000072,ecl,aggregate_load,96,42,xgboost,237741.0295411787
1970-01-01 00:00:00.000000072,ecl,aggregate_load,96,42,xgboost,230751.16629462363
1970-01-01 00:00:00.000000072,ecl,aggregate_load,96,42,xgboost,233823.37057706586
1970-01-01 00:00:00.000000072,ecl,aggregate_load,96,42,xgboost,230332.2284211095
1970-01-01 00:00:00.000000072,ecl,aggregate_load,96,42,xgboost,230807.89935416062
1970-01-01 00:00:00.000000072,ecl,aggregate_load,96,42,xgboost,235227.0723353854
1970-01-01 00:00:00.000000072,ecl,aggregate_load,96,42,xgboost,228919.81409344845
1970-01-01 00:00:00.000000072,ecl,aggregate_load,96,42,xgboost,234815.07707917388
1970-01-01 00:00:00.000000072,ecl,aggregate_load,96,42,xgboost,239252.0294336228
1970-01-01 00:00:00.000000072,ecl,aggregate_load,96,42,xgboost,242620.87177046423
1970-01-01 00:00:00.000000072,ecl,aggregate_load,96,42,xgboost,240187.72822390465
1970-01-01 00:00:00.000000072,ecl,aggregate_load,96,42,xgboost,240011.2046394179
1970-01-01 00:00:00.000000072,ecl,aggregate_load,96,42,xgboost,241565.78078746167
1970-01-01 00:00:00.000000072,ecl,aggregate_load,96,42,xgboost,241890.4491149031
1970-01-01 00:00:00.000000072,ecl,aggregate_load,96,42,xgboost,239517.25188950042
1970-01-01 00:00:00.000000072,ecl,aggregate_load,96,42,xgboost,238759.91939524162
1970-01-01 00:00:00.000000072,ecl,aggregate_load,96,42,xgboost,241434.0392818634
1970-01-01 00:00:00.000000072,ecl,aggregate_load,96,42,xgboost,239105.65548248138
1970-01-01 00:00:00.000000072,ecl,aggregate_load,96,42,xgboost,244184.35146699558
1970-01-01 00:00:00.000000072,ecl,aggregate_load,96,42,xgboost,251176.85000410746
1970-01-01 00:00:00.000000072,ecl,aggregate_load,96,42,xgboost,247648.61922933595
1970-01-01 00:00:00.000000072,ecl,aggregate_load,96,42,xgboost,246241.3574358218
1970-01-01 00:00:00.000000072,ecl,aggregate_load,96,42,xgboost,244428.92539908932
1970-01-01 00:00:00.000000072,ecl,aggregate_load,96,42,xgboost,244638.4016500647
1970-01-01 00:00:00.000000072,ecl,aggregate_load,96,42,xgboost,244993.0654855231
1970-01-01 00:00:00.000000072,ecl,aggregate_load,96,42,xgboost,244995.86117638598
1970-01-01 00:00:00.000000072,ecl,aggregate_load,96,42,xgboost,250797.83196607107
1970-01-01 00:00:00.000000072,ecl,aggregate_load,96,42,xgboost,248646.04196444037
1970-01-01 00:00:00.000000072,ecl,aggregate_load,96,42,xgboost,241150.7625387561
1970-01-01 00:00:00.000000072,ecl,aggregate_load,96,42,xgboost,243219.23557248557
1970-01-01 00:00:00.000000072,ecl,aggregate_load,96,42,xgboost,244435.34312738662
1970-01-01 00:00:00.000000072,ecl,aggregate_load,96,42,xgboost,242446.09933859864
1970-01-01 00:00:00.000000072,ecl,aggregate_load,96,42,xgboost,242449.4785390309
1970-01-01 00:00:00.000000072,ecl,aggregate_load,96,42,xgboost,246034.4564820892
1970-01-01 00:00:00.000000072,ecl,aggregate_load,96,42,xgboost,243476.53070259592
1970-01-01 00:00:00.000000072,ecl,aggregate_load,96,42,xgboost,239170.43393683227
1970-01-01 00:00:00.000000072,ecl,aggregate_load,96,42,xgboost,241059.01224922217
1970-01-01 00:00:00.000000072,ecl,aggregate_load,96,42,xgboost,245598.61670623123
1970-01-01 00:00:00.000000072,ecl,aggregate_load,96,42,xgboost,251849.5776842521
1970-01-01 00:00:00.000000072,ecl,aggregate_load,96,42,xgboost,256262.84002365416
1970-01-01 00:00:00.000000072,ecl,aggregate_load,96,42,xgboost,249731.71760467067
1970-01-01 00:00:00.000000072,ecl,aggregate_load,96,42,xgboost,240661.90310157873
1970-01-01 00:00:00.000000072,ecl,aggregate_load,96,42,xgboost,244751.68438569838
1970-01-01 00:00:00.000000072,ecl,aggregate_load,96,42,xgboost,243973.15001354346
1970-01-01 00:00:00.000000072,ecl,aggregate_load,96,42,xgboost,245145.5983542225
1970-01-01 00:00:00.000000072,ecl,aggregate_load,96,42,xgboost,242822.12373335465
1970-01-01 00:00:00.000000072,ecl,aggregate_load,96,42,xgboost,248329.35254080733
1970-01-01 00:00:00.000000072,ecl,aggregate_load,96,42,xgboost,244130.6616857124
1970-01-01 00:00:00.000000072,ecl,aggregate_load,96,42,xgboost,237944.74142753417
1970-01-01 00:00:00.000000072,ecl,aggregate_load,96,42,xgboost,241255.09503268133
1970-01-01 00:00:00.000000072,ecl,aggregate_load,96,42,xgboost,238458.714842409
1970-01-01 00:00:00.000000072,ecl,aggregate_load,96,42,xgboost,240365.277285069
1970-01-01 00:00:00.000000072,ecl,aggregate_load,96,42,xgboost,239039.2028743023
1970-01-01 00:00:00.000000072,ecl,aggregate_load,96,42,xgboost,241721.26026706677
1970-01-01 00:00:00.000000072,ecl,aggregate_load,96,42,xgboost,235551.8639238917
1970-01-01 00:00:00.000000072,ecl,aggregate_load,96,42,xgboost,234794.8307420578
1970-01-01 00:00:00.000000072,ecl,aggregate_load,96,42,xgboost,231395.97802748322
1970-01-01 00:00:00.000000072,ecl,aggregate_load,96,42,xgboost,233993.16324092596
1970-01-01 00:00:00.000000072,ecl,aggregate_load,96,42,xgboost,233733.56542845932
1970-01-01 00:00:00.000000072,ecl,aggregate_load,96,42,xgboost,240505.74540255227
1970-01-01 00:00:00.000000072,ecl,aggregate_load,96,42,xgboost,243068.33840309782
1970-01-01 00:00:00.000000072,ecl,aggregate_load,96,42,xgboost,240816.24548363537
1970-01-01 00:00:00.000000072,ecl,aggregate_load,96,42,xgboost,237285.63060462082
1970-01-01 00:00:00.000000072,ecl,aggregate_load,96,42,xgboost,235309.4961342232
1970-01-01 00:00:00.000000072,ecl,aggregate_load,96,42,xgboost,225762.82356566252
1970-01-01 00:00:00.000000072,ecl,aggregate_load,96,42,xgboost,229328.32930855043
1970-01-01 00:00:00.000000072,ecl,aggregate_load,96,42,xgboost,233847.61225151396
1970-01-01 00:00:00.000000072,ecl,aggregate_load,96,42,xgboost,227904.36369910315
1970-01-01 00:00:00.000000072,ecl,aggregate_load,96,42,xgboost,226404.73384401915
1970-01-01 00:00:00.000000072,ecl,aggregate_load,96,42,xgboost,229552.50807349687
1970-01-01 00:00:00.000000072,ecl,aggregate_load,96,42,xgboost,227252.14205282237
1970-01-01 00:00:00.000000072,ecl,aggregate_load,96,42,xgboost,230390.01160799793
1970-01-01 00:00:00.000000072,ecl,aggregate_load,96,42,xgboost,227894.19584114864
1970-01-01 00:00:00.000000072,ecl,aggregate_load,96,42,xgboost,234608.0502557888
1970-01-01 00:00:00.000000072,ecl,aggregate_load,96,42,xgboost,229774.2069009023
1970-01-01 00:00:00.000000072,ecl,aggregate_load,96,42,xgboost,229677.20979580493
1970-01-01 00:00:00.000000072,ecl,aggregate_load,96,42,xgboost,234679.2578228095
1970-01-01 00:00:00.000000073,ecl,aggregate_load,96,42,xgboost,238435.9500097918
1970-01-01 00:00:00.000000073,ecl,aggregate_load,96,42,xgboost,243430.0447711749
1970-01-01 00:00:00.000000073,ecl,aggregate_load,96,42,xgboost,246665.3508296647
1970-01-01 00:00:00.000000073,ecl,aggregate_load,96,42,xgboost,248260.06015530744
1970-01-01 00:00:00.000000073,ecl,aggregate_load,96,42,xgboost,242700.73979936927
1970-01-01 00:00:00.000000073,ecl,aggregate_load,96,42,xgboost,242723.52589730578
1970-01-01 00:00:00.000000073,ecl,aggregate_load,96,42,xgboost,245234.5019868191
1970-01-01 00:00:00.000000073,ecl,aggregate_load,96,42,xgboost,229567.2494662497
1970-01-01 00:00:00.000000073,ecl,aggregate_load,96,42,xgboost,239871.25625215858
1970-01-01 00:00:00.000000073,ecl,aggregate_load,96,42,xgboost,230875.6834342261
1970-01-01 00:00:00.000000073,ecl,aggregate_load,96,42,xgboost,233454.73444746123
1970-01-01 00:00:00.000000073,ecl,aggregate_load,96,42,xgboost,232120.39434676935
1970-01-01 00:00:00.000000073,ecl,aggregate_load,96,42,xgboost,233232.64365595338
1970-01-01 00:00:00.000000073,ecl,aggregate_load,96,42,xgboost,232670.0130163195
1970-01-01 00:00:00.000000073,ecl,aggregate_load,96,42,xgboost,233203.05666635776
1970-01-01 00:00:00.000000073,ecl,aggregate_load,96,42,xgboost,242641.5290335892
1970-01-01 00:00:00.000000073,ecl,aggregate_load,96,42,xgboost,236530.77337834946
1970-01-01 00:00:00.000000073,ecl,aggregate_load,96,42,xgboost,234776.91885234206
1970-01-01 00:00:00.000000073,ecl,aggregate_load,96,42,xgboost,237290.6395562111
1970-01-01 00:00:00.000000073,ecl,aggregate_load,96,42,xgboost,238445.7059609686
1970-01-01 00:00:00.000000073,ecl,aggregate_load,96,42,xgboost,239675.4427395323
1970-01-01 00:00:00.000000073,ecl,aggregate_load,96,42,xgboost,240184.58631178294
1970-01-01 00:00:00.000000073,ecl,aggregate_load,96,42,xgboost,236954.35066856546
1970-01-01 00:00:00.000000073,ecl,aggregate_load,96,42,xgboost,236180.2046679665
1970-01-01 00:00:00.000000073,ecl,aggregate_load,96,42,xgboost,228635.75590366745
1970-01-01 00:00:00.000000073,ecl,aggregate_load,96,42,xgboost,228483.44774839017
1970-01-01 00:00:00.000000073,ecl,aggregate_load,96,42,xgboost,232048.76639999464
1970-01-01 00:00:00.000000073,ecl,aggregate_load,96,42,xgboost,242852.2908862465
1970-01-01 00:00:00.000000073,ecl,aggregate_load,96,42,xgboost,235245.9778570806
1970-01-01 00:00:00.000000073,ecl,aggregate_load,96,42,xgboost,230593.7527879942
1970-01-01 00:00:00.000000073,ecl,aggregate_load,96,42,xgboost,228367.2268446797
1970-01-01 00:00:00.000000073,ecl,aggregate_load,96,42,xgboost,242571.53762777452
1970-01-01 00:00:00.000000073,ecl,aggregate_load,96,42,xgboost,243185.4011278193
1970-01-01 00:00:00.000000073,ecl,aggregate_load,96,42,xgboost,244455.75505166888
1970-01-01 00:00:00.000000073,ecl,aggregate_load,96,42,xgboost,244373.34367535124
1970-01-01 00:00:00.000000073,ecl,aggregate_load,96,42,xgboost,242338.95466732734
1970-01-01 00:00:00.000000073,ecl,aggregate_load,96,42,xgboost,245277.62072584397
1970-01-01 00:00:00.000000073,ecl,aggregate_load,96,42,xgboost,237812.91943135904
1970-01-01 00:00:00.000000073,ecl,aggregate_load,96,42,xgboost,223859.9192288364
1970-01-01 00:00:00.000000073,ecl,aggregate_load,96,42,xgboost,234420.5488781097
1970-01-01 00:00:00.000000073,ecl,aggregate_load,96,42,xgboost,226543.07528517637
1970-01-01 00:00:00.000000073,ecl,aggregate_load,96,42,xgboost,234979.38278665402
1970-01-01 00:00:00.000000073,ecl,aggregate_load,96,42,xgboost,230861.13404558078
1970-01-01 00:00:00.000000073,ecl,aggregate_load,96,42,xgboost,230817.34512152697
1970-01-01 00:00:00.000000073,ecl,aggregate_load,96,42,xgboost,228440.93782139185
1970-01-01 00:00:00.000000073,ecl,aggregate_load,96,42,xgboost,233087.28172506683
1970-01-01 00:00:00.000000073,ecl,aggregate_load,96,42,xgboost,233825.46971711493
1970-01-01 00:00:00.000000073,ecl,aggregate_load,96,42,xgboost,237065.12478545154
1970-01-01 00:00:00.000000073,ecl,aggregate_load,96,42,xgboost,239922.4745903816
1970-01-01 00:00:00.000000073,ecl,aggregate_load,96,42,xgboost,237868.69645689495
1970-01-01 00:00:00.000000073,ecl,aggregate_load,96,42,xgboost,231676.81097617303
1970-01-01 00:00:00.000000073,ecl,aggregate_load,96,42,xgboost,231439.2705932389
1970-01-01 00:00:00.000000073,ecl,aggregate_load,96,42,xgboost,216366.33719208566
1970-01-01 00:00:00.000000073,ecl,aggregate_load,96,42,xgboost,223284.137472255
1970-01-01 00:00:00.000000073,ecl,aggregate_load,96,42,xgboost,222299.53813014433
1970-01-01 00:00:00.000000073,ecl,aggregate_load,96,42,xgboost,221520.03443506025
1970-01-01 00:00:00.000000073,ecl,aggregate_load,96,42,xgboost,223826.17827648114
1970-01-01 00:00:00.000000073,ecl,aggregate_load,96,42,xgboost,223087.47169604737
1970-01-01 00:00:00.000000073,ecl,aggregate_load,96,42,xgboost,219412.30104925422
1970-01-01 00:00:00.000000073,ecl,aggregate_load,96,42,xgboost,219318.56849884414
1970-01-01 00:00:00.000000073,ecl,aggregate_load,96,42,xgboost,217913.74123409647
1970-01-01 00:00:00.000000073,ecl,aggregate_load,96,42,xgboost,226937.8339305606
1970-01-01 00:00:00.000000073,ecl,aggregate_load,96,42,xgboost,220005.5753743249
1970-01-01 00:00:00.000000073,ecl,aggregate_load,96,42,xgboost,221482.20811805865
1970-01-01 00:00:00.000000073,ecl,aggregate_load,96,42,xgboost,228146.88012483917
1970-01-01 00:00:00.000000073,ecl,aggregate_load,96,42,xgboost,229617.66921023643
1970-01-01 00:00:00.000000073,ecl,aggregate_load,96,42,xgboost,232978.99488282073
1970-01-01 00:00:00.000000073,ecl,aggregate_load,96,42,xgboost,234819.7498903124
1970-01-01 00:00:00.000000073,ecl,aggregate_load,96,42,xgboost,234455.91492280914
1970-01-01 00:00:00.000000073,ecl,aggregate_load,96,42,xgboost,233057.77503745726
1970-01-01 00:00:00.000000074,ecl,aggregate_load,96,42,xgboost,224652.0044343625
1970-01-01 00:00:00.000000074,ecl,aggregate_load,96,42,xgboost,222300.48346371448
1970-01-01 00:00:00.000000074,ecl,aggregate_load,96,42,xgboost,227446.27783951839
1970-01-01 00:00:00.000000074,ecl,aggregate_load,96,42,xgboost,222521.55073742408
1970-01-01 00:00:00.000000074,ecl,aggregate_load,96,42,xgboost,226840.99607716082
1970-01-01 00:00:00.000000074,ecl,aggregate_load,96,42,xgboost,226764.90384602445
1970-01-01 00:00:00.000000074,ecl,aggregate_load,96,42,xgboost,233180.09441344405
1970-01-01 00:00:00.000000074,ecl,aggregate_load,96,42,xgboost,233547.2055801275
1970-01-01 00:00:00.000000074,ecl,aggregate_load,96,42,xgboost,236586.71706783713
1970-01-01 00:00:00.000000074,ecl,aggregate_load,96,42,xgboost,240863.2935088578
1970-01-01 00:00:00.000000074,ecl,aggregate_load,96,42,xgboost,238927.24059700608
1970-01-01 00:00:00.000000074,ecl,aggregate_load,96,42,xgboost,242398.29039894757
1970-01-01 00:00:00.000000074,ecl,aggregate_load,96,42,xgboost,244637.7193082006
1970-01-01 00:00:00.000000074,ecl,aggregate_load,96,42,xgboost,241964.56581286644
1970-01-01 00:00:00.000000074,ecl,aggregate_load,96,42,xgboost,243351.59794131992
1970-01-01 00:00:00.000000074,ecl,aggregate_load,96,42,xgboost,238044.60660481118
1970-01-01 00:00:00.000000074,ecl,aggregate_load,96,42,xgboost,240358.0136946312
1970-01-01 00:00:00.000000074,ecl,aggregate_load,96,42,xgboost,237797.16825872098
1970-01-01 00:00:00.000000074,ecl,aggregate_load,96,42,xgboost,239835.69696388007
1970-01-01 00:00:00.000000074,ecl,aggregate_load,96,42,xgboost,236289.87473272605
1970-01-01 00:00:00.000000074,ecl,aggregate_load,96,42,xgboost,237207.81883703524
1970-01-01 00:00:00.000000074,ecl,aggregate_load,96,42,xgboost,236812.8485037446
1970-01-01 00:00:00.000000074,ecl,aggregate_load,96,42,xgboost,236455.62625192167
1970-01-01 00:00:00.000000074,ecl,aggregate_load,96,42,xgboost,234355.8996992473
1970-01-01 00:00:00.000000074,ecl,aggregate_load,96,42,xgboost,236307.95871500578
1970-01-01 00:00:00.000000074,ecl,aggregate_load,96,42,xgboost,227719.40251561705
1970-01-01 00:00:00.000000074,ecl,aggregate_load,96,42,xgboost,229057.34929297786
1970-01-01 00:00:00.000000074,ecl,aggregate_load,96,42,xgboost,227680.6516591712
1970-01-01 00:00:00.000000074,ecl,aggregate_load,96,42,xgboost,225085.30144020458
1970-01-01 00:00:00.000000074,ecl,aggregate_load,96,42,xgboost,225562.2771509062
1970-01-01 00:00:00.000000074,ecl,aggregate_load,96,42,xgboost,225664.43623902719
1970-01-01 00:00:00.000000074,ecl,aggregate_load,96,42,xgboost,220464.27647456713
1970-01-01 00:00:00.000000074,ecl,aggregate_load,96,42,xgboost,218773.22373412177
1970-01-01 00:00:00.000000074,ecl,aggregate_load,96,42,xgboost,217302.4621015316
1970-01-01 00:00:00.000000074,ecl,aggregate_load,96,42,xgboost,216639.94364139345
1970-01-01 00:00:00.000000074,ecl,aggregate_load,96,42,xgboost,219391.02141349926
1970-01-01 00:00:00.000000074,ecl,aggregate_load,96,42,xgboost,216045.25525302681
1970-01-01 00:00:00.000000074,ecl,aggregate_load,96,42,xgboost,218002.92496194248
1970-01-01 00:00:00.000000074,ecl,aggregate_load,96,42,xgboost,222080.35024018915
1970-01-01 00:00:00.000000074,ecl,aggregate_load,96,42,xgboost,223943.28824237734
1970-01-01 00:00:00.000000074,ecl,aggregate_load,96,42,xgboost,218619.09558645566
1970-01-01 00:00:00.000000074,ecl,aggregate_load,96,42,xgboost,215385.8036976919
1970-01-01 00:00:00.000000074,ecl,aggregate_load,96,42,xgboost,218620.7755186389
1970-01-01 00:00:00.000000074,ecl,aggregate_load,96,42,xgboost,209764.02663574126
1970-01-01 00:00:00.000000074,ecl,aggregate_load,96,42,xgboost,207203.30408286848
1970-01-01 00:00:00.000000074,ecl,aggregate_load,96,42,xgboost,209529.67025112594
1970-01-01 00:00:00.000000074,ecl,aggregate_load,96,42,xgboost,211389.7708786705
1970-01-01 00:00:00.000000074,ecl,aggregate_load,96,42,xgboost,215325.7102065302
1970-01-01 00:00:00.000000074,ecl,aggregate_load,96,42,xgboost,217740.91216452877
1970-01-01 00:00:00.000000074,ecl,aggregate_load,96,42,xgboost,220415.95198998996
1970-01-01 00:00:00.000000074,ecl,aggregate_load,96,42,xgboost,219101.8062518896
1970-01-01 00:00:00.000000074,ecl,aggregate_load,96,42,xgboost,227016.8348895124
1970-01-01 00:00:00.000000074,ecl,aggregate_load,96,42,xgboost,225487.78340044324
1970-01-01 00:00:00.000000074,ecl,aggregate_load,96,42,xgboost,223955.52687339034
1970-01-01 00:00:00.000000074,ecl,aggregate_load,96,42,xgboost,225760.66074550306
1970-01-01 00:00:00.000000074,ecl,aggregate_load,96,42,xgboost,222501.50179221437
1970-01-01 00:00:00.000000074,ecl,aggregate_load,96,42,xgboost,227947.56719421377
1970-01-01 00:00:00.000000074,ecl,aggregate_load,96,42,xgboost,226374.15416696368
1970-01-01 00:00:00.000000074,ecl,aggregate_load,96,42,xgboost,223455.64397033583
1970-01-01 00:00:00.000000074,ecl,aggregate_load,96,42,xgboost,220162.18935346036
1970-01-01 00:00:00.000000074,ecl,aggregate_load,96,42,xgboost,218945.42625419714
1970-01-01 00:00:00.000000074,ecl,aggregate_load,96,42,xgboost,220565.4376356264
1970-01-01 00:00:00.000000074,ecl,aggregate_load,96,42,xgboost,217508.2414709373
1970-01-01 00:00:00.000000074,ecl,aggregate_load,96,42,xgboost,218912.85384436045
1970-01-01 00:00:00.000000074,ecl,aggregate_load,96,42,xgboost,218160.17829560683
1970-01-01 00:00:00.000000074,ecl,aggregate_load,96,42,xgboost,223075.33256086355
1970-01-01 00:00:00.000000074,ecl,aggregate_load,96,42,xgboost,221709.9268408703
1970-01-01 00:00:00.000000074,ecl,aggregate_load,96,42,xgboost,218161.61329852176
1970-01-01 00:00:00.000000074,ecl,aggregate_load,96,42,xgboost,216942.37241680967
1970-01-01 00:00:00.000000074,ecl,aggregate_load,96,42,xgboost,221299.25353007895
1970-01-01 00:00:00.000000074,ecl,aggregate_load,96,42,xgboost,222529.97302882443
1970-01-01 00:00:00.000000074,ecl,aggregate_load,96,42,xgboost,219259.10333431177
1970-01-01 00:00:00.000000074,ecl,aggregate_load,96,42,xgboost,207993.73184560286
1970-01-01 00:00:00.000000074,ecl,aggregate_load,96,42,xgboost,213735.7310344313
1970-01-01 00:00:00.000000074,ecl,aggregate_load,96,42,xgboost,212175.40710638053
1970-01-01 00:00:00.000000074,ecl,aggregate_load,96,42,xgboost,209876.66402254804
1970-01-01 00:00:00.000000074,ecl,aggregate_load,96,42,xgboost,214834.5132978235
1970-01-01 00:00:00.000000074,ecl,aggregate_load,96,42,xgboost,217265.559711335
1970-01-01 00:00:00.000000074,ecl,aggregate_load,96,42,xgboost,213891.44063730785
1970-01-01 00:00:00.000000074,ecl,aggregate_load,96,42,xgboost,213414.02386709893
1970-01-01 00:00:00.000000074,ecl,aggregate_load,96,42,xgboost,216578.1544570702
1970-01-01 00:00:00.000000074,ecl,aggregate_load,96,42,xgboost,210548.27625842128
1970-01-01 00:00:00.000000074,ecl,aggregate_load,96,42,xgboost,214803.8249001566
1970-01-01 00:00:00.000000074,ecl,aggregate_load,96,42,xgboost,209575.37494714683
1970-01-01 00:00:00.000000074,ecl,aggregate_load,96,42,xgboost,217148.19518435872
1970-01-01 00:00:00.000000074,ecl,aggregate_load,96,42,xgboost,216146.43903363205
1970-01-01 00:00:00.000000074,ecl,aggregate_load,96,42,xgboost,216165.88965028545
1970-01-01 00:00:00.000000074,ecl,aggregate_load,96,42,xgboost,215850.6825036743
1970-01-01 00:00:00.000000074,ecl,aggregate_load,96,42,xgboost,207700.2253847639
1970-01-01 00:00:00.000000074,ecl,aggregate_load,96,42,xgboost,208980.50369478468
1970-01-01 00:00:00.000000074,ecl,aggregate_load,96,42,xgboost,206157.83591377866
1970-01-01 00:00:00.000000074,ecl,aggregate_load,96,42,xgboost,206430.4313048369
1970-01-01 00:00:00.000000074,ecl,aggregate_load,96,42,xgboost,196925.52531126546
1970-01-01 00:00:00.000000074,ecl,aggregate_load,96,42,xgboost,202328.68895112828
1970-01-01 00:00:00.000000074,ecl,aggregate_load,96,42,xgboost,199770.66202991284
1970-01-01 00:00:00.000000074,ecl,aggregate_load,96,42,xgboost,200175.69174622642
1970-01-01 00:00:00.000000074,ecl,aggregate_load,96,42,xgboost,199871.5298378692
1970-01-01 00:00:00.000000074,ecl,aggregate_load,96,42,xgboost,200096.93749214057
1970-01-01 00:00:00.000000074,ecl,aggregate_load,96,42,xgboost,202472.9458705606
1970-01-01 00:00:00.000000074,ecl,aggregate_load,96,42,xgboost,203790.0832618525
1970-01-01 00:00:00.000000074,ecl,aggregate_load,96,42,xgboost,197381.05549308204
1970-01-01 00:00:00.000000074,ecl,aggregate_load,96,42,xgboost,199617.64967311942
1970-01-01 00:00:00.000000074,ecl,aggregate_load,96,42,xgboost,198064.41339012273
1970-01-01 00:00:00.000000074,ecl,aggregate_load,96,42,xgboost,200235.11423873497
1970-01-01 00:00:00.000000074,ecl,aggregate_load,96,42,xgboost,197591.15429970817
1970-01-01 00:00:00.000000074,ecl,aggregate_load,96,42,xgboost,197400.16577847427
1970-01-01 00:00:00.000000074,ecl,aggregate_load,96,42,xgboost,195244.29590398725
1970-01-01 00:00:00.000000074,ecl,aggregate_load,96,42,xgboost,198154.43118599444
1970-01-01 00:00:00.000000074,ecl,aggregate_load,96,42,xgboost,196921.80765023697
1970-01-01 00:00:00.000000074,ecl,aggregate_load,96,42,xgboost,201064.77367340008
1970-01-01 00:00:00.000000074,ecl,aggregate_load,96,42,xgboost,205160.28375730422
1970-01-01 00:00:00.000000074,ecl,aggregate_load,96,42,xgboost,202412.10411992038
1970-01-01 00:00:00.000000074,ecl,aggregate_load,96,42,xgboost,201074.95121495798
1970-01-01 00:00:00.000000074,ecl,aggregate_load,96,42,xgboost,207572.51766945733
1970-01-01 00:00:00.000000074,ecl,aggregate_load,96,42,xgboost,205815.6867456144
1970-01-01 00:00:00.000000074,ecl,aggregate_load,96,42,xgboost,202626.78888471285
1970-01-01 00:00:00.000000074,ecl,aggregate_load,96,42,xgboost,207645.48357144964
1970-01-01 00:00:00.000000074,ecl,aggregate_load,96,42,xgboost,204457.7477864347
1970-01-01 00:00:00.000000074,ecl,aggregate_load,96,42,xgboost,209846.1276338777
1970-01-01 00:00:00.000000074,ecl,aggregate_load,96,42,xgboost,210495.3636414724
1970-01-01 00:00:00.000000074,ecl,aggregate_load,96,42,xgboost,214479.16923828694
1970-01-01 00:00:00.000000074,ecl,aggregate_load,96,42,xgboost,211910.62723552366
1970-01-01 00:00:00.000000074,ecl,aggregate_load,96,42,xgboost,213800.578002202
1970-01-01 00:00:00.000000074,ecl,aggregate_load,96,42,xgboost,210601.00273097656
1970-01-01 00:00:00.000000074,ecl,aggregate_load,96,42,xgboost,222085.5100880235
1970-01-01 00:00:00.000000074,ecl,aggregate_load,96,42,xgboost,218469.07099273536
1970-01-01 00:00:00.000000075,ecl,aggregate_load,96,42,xgboost,216837.4681325089
1970-01-01 00:00:00.000000075,ecl,aggregate_load,96,42,xgboost,215537.52086614157
1970-01-01 00:00:00.000000075,ecl,aggregate_load,96,42,xgboost,214220.24117336728
1970-01-01 00:00:00.000000075,ecl,aggregate_load,96,42,xgboost,218878.5638841176
1970-01-01 00:00:00.000000075,ecl,aggregate_load,96,42,xgboost,218193.9622494333
1970-01-01 00:00:00.000000075,ecl,aggregate_load,96,42,xgboost,220358.81012093878
1970-01-01 00:00:00.000000075,ecl,aggregate_load,96,42,xgboost,222536.36631368016
1970-01-01 00:00:00.000000075,ecl,aggregate_load,96,42,xgboost,226514.66899810825
1970-01-01 00:00:00.000000075,ecl,aggregate_load,96,42,xgboost,227363.8165480392
1970-01-01 00:00:00.000000075,ecl,aggregate_load,96,42,xgboost,219811.95026525404
1970-01-01 00:00:00.000000075,ecl,aggregate_load,96,42,xgboost,220756.5177952241
1970-01-01 00:00:00.000000075,ecl,aggregate_load,96,42,xgboost,226735.6644989958
1970-01-01 00:00:00.000000075,ecl,aggregate_load,96,42,xgboost,227981.51535687526
1970-01-01 00:00:00.000000075,ecl,aggregate_load,96,42,xgboost,224873.42138544834
1970-01-01 00:00:00.000000075,ecl,aggregate_load,96,42,xgboost,227586.85701332625
1970-01-01 00:00:00.000000075,ecl,aggregate_load,96,42,xgboost,229040.9377826322
1970-01-01 00:00:00.000000075,ecl,aggregate_load,96,42,xgboost,227413.8069920911
1970-01-01 00:00:00.000000075,ecl,aggregate_load,96,42,xgboost,211506.9097901419
1970-01-01 00:00:00.000000075,ecl,aggregate_load,96,42,xgboost,212046.0597919178
1970-01-01 00:00:00.000000075,ecl,aggregate_load,96,42,xgboost,212348.85026706243
1970-01-01 00:00:00.000000075,ecl,aggregate_load,96,42,xgboost,214260.51035091133
1970-01-01 00:00:00.000000075,ecl,aggregate_load,96,42,xgboost,208065.83205223005
1970-01-01 00:00:00.000000075,ecl,aggregate_load,96,42,xgboost,205730.50447041937
1970-01-01 00:00:00.000000075,ecl,aggregate_load,96,42,xgboost,209410.07209471162
1970-01-01 00:00:00.000000075,ecl,aggregate_load,96,42,xgboost,199811.9665194611
1970-01-01 00:00:00.000000075,ecl,aggregate_load,96,42,xgboost,199300.77872256283
1970-01-01 00:00:00.000000075,ecl,aggregate_load,96,42,xgboost,198649.85521188795
1970-01-01 00:00:00.000000075,ecl,aggregate_load,96,42,xgboost,199351.66851109374
1970-01-01 00:00:00.000000075,ecl,aggregate_load,96,42,xgboost,201930.24474596884
1970-01-01 00:00:00.000000075,ecl,aggregate_load,96,42,xgboost,202162.39538986908
1970-01-01 00:00:00.000000075,ecl,aggregate_load,96,42,xgboost,205445.08006056282
1970-01-01 00:00:00.000000075,ecl,aggregate_load,96,42,xgboost,206975.25027440555
1970-01-01 00:00:00.000000075,ecl,aggregate_load,96,42,xgboost,205259.50972191352
1970-01-01 00:00:00.000000075,ecl,aggregate_load,96,42,xgboost,205864.12598909755
1970-01-01 00:00:00.000000075,ecl,aggregate_load,96,42,xgboost,202910.38618491738
1970-01-01 00:00:00.000000075,ecl,aggregate_load,96,42,xgboost,218473.12264742295
1970-01-01 00:00:00.000000075,ecl,aggregate_load,96,42,xgboost,203998.52483891262
1970-01-01 00:00:00.000000075,ecl,aggregate_load,96,42,xgboost,202335.52453542585
1970-01-01 00:00:00.000000075,ecl,aggregate_load,96,42,xgboost,198272.77580860668
1970-01-01 00:00:00.000000075,ecl,aggregate_load,96,42,xgboost,197761.88461030772
1970-01-01 00:00:00.000000075,ecl,aggregate_load,96,42,xgboost,197302.35632077753
1970-01-01 00:00:00.000000075,ecl,aggregate_load,96,42,xgboost,212961.17829752513
1970-01-01 00:00:00.000000075,ecl,aggregate_load,96,42,xgboost,203894.18029093544
1970-01-01 00:00:00.000000075,ecl,aggregate_load,96,42,xgboost,203317.7833370586
1970-01-01 00:00:00.000000075,ecl,aggregate_load,96,42,xgboost,211085.97729461992
1970-01-01 00:00:00.000000075,ecl,aggregate_load,96,42,xgboost,208904.46813456345
1970-01-01 00:00:00.000000075,ecl,aggregate_load,96,42,xgboost,206208.7970069182
1970-01-01 00:00:00.000000075,ecl,aggregate_load,96,42,xgboost,205989.41000717974
1970-01-01 00:00:00.000000075,ecl,aggregate_load,96,42,xgboost,208900.0163134896
1970-01-01 00:00:00.000000075,ecl,aggregate_load,96,42,xgboost,209409.7266800184
1970-01-01 00:00:00.000000075,ecl,aggregate_load,96,42,xgboost,210358.11045193372
1970-01-01 00:00:00.000000075,ecl,aggregate_load,96,42,xgboost,214836.61675081417
1970-01-01 00:00:00.000000075,ecl,aggregate_load,96,42,xgboost,214295.44340266354
1970-01-01 00:00:00.000000075,ecl,aggregate_load,96,42,xgboost,220003.71055528466
1970-01-01 00:00:00.000000075,ecl,aggregate_load,96,42,xgboost,222256.351039339
1970-01-01 00:00:00.000000075,ecl,aggregate_load,96,42,xgboost,218589.19719940596
1970-01-01 00:00:00.000000075,ecl,aggregate_load,96,42,xgboost,212394.46511666372
1970-01-01 00:00:00.000000076,ecl,aggregate_load,96,42,xgboost,215042.87939027985
1970-01-01 00:00:00.000000076,ecl,aggregate_load,96,42,xgboost,216168.89584642657
1970-01-01 00:00:00.000000076,ecl,aggregate_load,96,42,xgboost,221170.46236483674
1970-01-01 00:00:00.000000076,ecl,aggregate_load,96,42,xgboost,222975.84391512544
1970-01-01 00:00:00.000000076,ecl,aggregate_load,96,42,xgboost,221667.19284473904
1970-01-01 00:00:00.000000076,ecl,aggregate_load,96,42,xgboost,222824.5897977796
1970-01-01 00:00:00.000000076,ecl,aggregate_load,96,42,xgboost,223035.41800193492
1970-01-01 00:00:00.000000076,ecl,aggregate_load,96,42,xgboost,225564.7955228513
1970-01-01 00:00:00.000000076,ecl,aggregate_load,96,42,xgboost,227092.01533598275
1970-01-01 00:00:00.000000076,ecl,aggregate_load,96,42,xgboost,222634.79781471053
1970-01-01 00:00:00.000000076,ecl,aggregate_load,96,42,xgboost,231334.75746094648
1970-01-01 00:00:00.000000076,ecl,aggregate_load,96,42,xgboost,232182.64923104574
1970-01-01 00:00:00.000000076,ecl,aggregate_load,96,42,xgboost,233091.09924669864
1970-01-01 00:00:00.000000076,ecl,aggregate_load,96,42,xgboost,238769.44062905048
1970-01-01 00:00:00.000000076,ecl,aggregate_load,96,42,xgboost,231414.81850617053
1970-01-01 00:00:00.000000076,ecl,aggregate_load,96,42,xgboost,232407.63463035194
1970-01-01 00:00:00.000000076,ecl,aggregate_load,96,42,xgboost,230566.56873589449
1970-01-01 00:00:00.000000076,ecl,aggregate_load,96,42,xgboost,234928.75358526022
1970-01-01 00:00:00.000000076,ecl,aggregate_load,96,42,xgboost,233982.6317442212
1970-01-01 00:00:00.000000076,ecl,aggregate_load,96,42,xgboost,233933.52320161424
1970-01-01 00:00:00.000000076,ecl,aggregate_load,96,42,xgboost,233605.70688296584
1970-01-01 00:00:00.000000076,ecl,aggregate_load,96,42,xgboost,237553.5048766887
1970-01-01 00:00:00.000000076,ecl,aggregate_load,96,42,xgboost,242355.8270337436
1970-01-01 00:00:00.000000076,ecl,aggregate_load,96,42,xgboost,242291.22334184288
1970-01-01 00:00:00.000000076,ecl,aggregate_load,96,42,xgboost,237106.6406980337
1970-01-01 00:00:00.000000076,ecl,aggregate_load,96,42,xgboost,240436.2888240764
1970-01-01 00:00:00.000000076,ecl,aggregate_load,96,42,xgboost,236036.56493883292
1970-01-01 00:00:00.000000076,ecl,aggregate_load,96,42,xgboost,236828.80285420045
1970-01-01 00:00:00.000000076,ecl,aggregate_load,96,42,xgboost,237964.61262820475
1970-01-01 00:00:00.000000076,ecl,aggregate_load,96,42,xgboost,242380.45218135288
1970-01-01 00:00:00.000000076,ecl,aggregate_load,96,42,xgboost,244051.24978834353
1970-01-01 00:00:00.000000076,ecl,aggregate_load,96,42,xgboost,241405.48251431074
1970-01-01 00:00:00.000000076,ecl,aggregate_load,96,42,xgboost,239400.24175074292
1970-01-01 00:00:00.000000076,ecl,aggregate_load,96,42,xgboost,237676.12832916222
1970-01-01 00:00:00.000000076,ecl,aggregate_load,96,42,xgboost,241211.6724690656
1970-01-01 00:00:00.000000076,ecl,aggregate_load,96,42,xgboost,240204.22285854875
1970-01-01 00:00:00.000000076,ecl,aggregate_load,96,42,xgboost,244720.92901908446
1970-01-01 00:00:00.000000076,ecl,aggregate_load,96,42,xgboost,234693.1173061351
1970-01-01 00:00:00.000000076,ecl,aggregate_load,96,42,xgboost,243906.0771572612
1970-01-01 00:00:00.000000076,ecl,aggregate_load,96,42,xgboost,239182.21740200184
1970-01-01 00:00:00.000000076,ecl,aggregate_load,96,42,xgboost,247195.52493624156
1970-01-01 00:00:00.000000076,ecl,aggregate_load,96,42,xgboost,242454.02050907895
1970-01-01 00:00:00.000000076,ecl,aggregate_load,96,42,xgboost,237892.6368958732
1970-01-01 00:00:00.000000076,ecl,aggregate_load,96,42,xgboost,235411.53215500063
1970-01-01 00:00:00.000000076,ecl,aggregate_load,96,42,xgboost,234702.06994621953
1970-01-01 00:00:00.000000076,ecl,aggregate_load,96,42,xgboost,236363.76585069337
1970-01-01 00:00:00.000000076,ecl,aggregate_load,96,42,xgboost,233768.799199139
1970-01-01 00:00:00.000000076,ecl,aggregate_load,96,42,xgboost,229691.132593462
1970-01-01 00:00:00.000000076,ecl,aggregate_load,96,42,xgboost,236220.71622297342
1970-01-01 00:00:00.000000076,ecl,aggregate_load,96,42,xgboost,234145.20780623844
1970-01-01 00:00:00.000000076,ecl,aggregate_load,96,42,xgboost,235751.8280648092
1970-01-01 00:00:00.000000076,ecl,aggregate_load,96,42,xgboost,235163.9369672589
1970-01-01 00:00:00.000000076,ecl,aggregate_load,96,42,xgboost,232059.64897955512
1970-01-01 00:00:00.000000076,ecl,aggregate_load,96,42,xgboost,232751.14600570392
1970-01-01 00:00:00.000000076,ecl,aggregate_load,96,42,xgboost,232154.6740634908
1970-01-01 00:00:00.000000076,ecl,aggregate_load,96,42,xgboost,223798.51962928183
1970-01-01 00:00:00.000000076,ecl,aggregate_load,96,42,xgboost,231875.12158239106
1970-01-01 00:00:00.000000076,ecl,aggregate_load,96,42,xgboost,227647.3685259385
1970-01-01 00:00:00.000000076,ecl,aggregate_load,96,42,xgboost,228219.46079329276
1970-01-01 00:00:00.000000076,ecl,aggregate_load,96,42,xgboost,227716.55473914286
1970-01-01 00:00:00.000000076,ecl,aggregate_load,96,42,xgboost,228764.95757179902
1970-01-01 00:00:00.000000076,ecl,aggregate_load,96,42,xgboost,236106.49893862428
1970-01-01 00:00:00.000000076,ecl,aggregate_load,96,42,xgboost,238307.36289098638
1970-01-01 00:00:00.000000076,ecl,aggregate_load,96,42,xgboost,235790.8074988008
1970-01-01 00:00:00.000000076,ecl,aggregate_load,96,42,xgboost,239943.27883428684
1970-01-01 00:00:00.000000076,ecl,aggregate_load,96,42,xgboost,236170.0094595816
1970-01-01 00:00:00.000000076,ecl,aggregate_load,96,42,xgboost,239730.0644139897
1970-01-01 00:00:00.000000076,ecl,aggregate_load,96,42,xgboost,237252.96049014328
1970-01-01 00:00:00.000000076,ecl,aggregate_load,96,42,xgboost,239477.7028908121
1970-01-01 00:00:00.000000076,ecl,aggregate_load,96,42,xgboost,233097.06384308403
1970-01-01 00:00:00.000000076,ecl,aggregate_load,96,42,xgboost,241435.42289369347
1970-01-01 00:00:00.000000076,ecl,aggregate_load,96,42,xgboost,235494.61461437153
1970-01-01 00:00:00.000000076,ecl,aggregate_load,96,42,xgboost,231298.16119442703
1970-01-01 00:00:00.000000076,ecl,aggregate_load,96,42,xgboost,231918.47000073924
1970-01-01 00:00:00.000000076,ecl,aggregate_load,96,42,xgboost,224342.31176165855
1970-01-01 00:00:00.000000076,ecl,aggregate_load,96,42,xgboost,224331.91137750042
1970-01-01 00:00:00.000000076,ecl,aggregate_load,96,42,xgboost,223223.56176271825
1970-01-01 00:00:00.000000076,ecl,aggregate_load,96,42,xgboost,223753.62580570686
1970-01-01 00:00:00.000000076,ecl,aggregate_load,96,42,xgboost,224437.13216363537
1970-01-01 00:00:00.000000076,ecl,aggregate_load,96,42,xgboost,227156.03391143525
1970-01-01 00:00:00.000000076,ecl,aggregate_load,96,42,xgboost,231882.8149279858
1970-01-01 00:00:00.000000076,ecl,aggregate_load,96,42,xgboost,233638.5403988035
1970-01-01 00:00:00.000000076,ecl,aggregate_load,96,42,xgboost,235607.39947309453
1970-01-01 00:00:00.000000076,ecl,aggregate_load,96,42,xgboost,236098.06727784942
1970-01-01 00:00:00.000000076,ecl,aggregate_load,96,42,xgboost,230367.86664923714
1970-01-01 00:00:00.000000076,ecl,aggregate_load,96,42,xgboost,231189.4648312692
1970-01-01 00:00:00.000000076,ecl,aggregate_load,96,42,xgboost,233868.6242914414
1970-01-01 00:00:00.000000076,ecl,aggregate_load,96,42,xgboost,231838.0557590924
1970-01-01 00:00:00.000000076,ecl,aggregate_load,96,42,xgboost,230946.56789558497
1970-01-01 00:00:00.000000076,ecl,aggregate_load,96,42,xgboost,231330.69664796776
1970-01-01 00:00:00.000000076,ecl,aggregate_load,96,42,xgboost,212507.3223349105
1970-01-01 00:00:00.000000076,ecl,aggregate_load,96,42,xgboost,220261.2373821632
1970-01-01 00:00:00.000000076,ecl,aggregate_load,96,42,xgboost,220372.75942977154
1970-01-01 00:00:00.000000077,ecl,aggregate_load,96,42,xgboost,226091.2628572078
1970-01-01 00:00:00.000000077,ecl,aggregate_load,96,42,xgboost,221886.46476009072
1970-01-01 00:00:00.000000077,ecl,aggregate_load,96,42,xgboost,221982.15528392768
1970-01-01 00:00:00.000000077,ecl,aggregate_load,96,42,xgboost,223077.9059181693
1970-01-01 00:00:00.000000077,ecl,aggregate_load,96,42,xgboost,218566.1465291276
1970-01-01 00:00:00.000000077,ecl,aggregate_load,96,42,xgboost,213993.88533168766
1970-01-01 00:00:00.000000077,ecl,aggregate_load,96,42,xgboost,224547.1648239989
1970-01-01 00:00:00.000000077,ecl,aggregate_load,96,42,xgboost,215534.53162586878
1970-01-01 00:00:00.000000077,ecl,aggregate_load,96,42,xgboost,218837.7557931176
1970-01-01 00:00:00.000000077,ecl,aggregate_load,96,42,xgboost,222022.22091206737
1970-01-01 00:00:00.000000077,ecl,aggregate_load,96,42,xgboost,212867.4552318325
1970-01-01 00:00:00.000000077,ecl,aggregate_load,96,42,xgboost,214798.65844149786
1970-01-01 00:00:00.000000077,ecl,aggregate_load,96,42,xgboost,221372.93927314752
1970-01-01 00:00:00.000000077,ecl,aggregate_load,96,42,xgboost,214200.7357482254
1970-01-01 00:00:00.000000077,ecl,aggregate_load,96,42,xgboost,207528.95742726466
1970-01-01 00:00:00.000000077,ecl,aggregate_load,96,42,xgboost,212666.46647330085
1970-01-01 00:00:00.000000077,ecl,aggregate_load,96,42,xgboost,215369.07601354984
1970-01-01 00:00:00.000000077,ecl,aggregate_load,96,42,xgboost,213549.0013842547
1970-01-01 00:00:00.000000077,ecl,aggregate_load,96,42,xgboost,213941.7836303222
1970-01-01 00:00:00.000000077,ecl,aggregate_load,96,42,xgboost,215314.64359724065
1970-01-01 00:00:00.000000077,ecl,aggregate_load,96,42,xgboost,214893.18499333647
1970-01-01 00:00:00.000000077,ecl,aggregate_load,96,42,xgboost,222245.41858200353
1970-01-01 00:00:00.000000077,ecl,aggregate_load,96,42,xgboost,223771.56005012465
1970-01-01 00:00:00.000000077,ecl,aggregate_load,96,42,xgboost,224578.71248059612
1970-01-01 00:00:00.000000077,ecl,aggregate_load,96,42,xgboost,215838.61566841695
1970-01-01 00:00:00.000000077,ecl,aggregate_load,96,42,xgboost,225748.99874463116
1970-01-01 00:00:00.000000077,ecl,aggregate_load,96,42,xgboost,218765.1935973349
1970-01-01 00:00:00.000000077,ecl,aggregate_load,96,42,xgboost,219538.34592066225
1970-01-01 00:00:00.000000077,ecl,aggregate_load,96,42,xgboost,220087.20797008777
1970-01-01 00:00:00.000000077,ecl,aggregate_load,96,42,xgboost,219876.29544329262
1970-01-01 00:00:00.000000077,ecl,aggregate_load,96,42,xgboost,220121.9110730359
1970-01-01 00:00:00.000000077,ecl,aggregate_load,96,42,xgboost,218127.8447138986
1970-01-01 00:00:00.000000077,ecl,aggregate_load,96,42,xgboost,221790.40379422196
1970-01-01 00:00:00.000000077,ecl,aggregate_load,96,42,xgboost,213353.3223412759
1970-01-01 00:00:00.000000077,ecl,aggregate_load,96,42,xgboost,216319.43332414937
1970-01-01 00:00:00.000000077,ecl,aggregate_load,96,42,xgboost,216972.54029966812
1970-01-01 00:00:00.000000077,ecl,aggregate_load,96,42,xgboost,216462.6189753634
1970-01-01 00:00:00.000000077,ecl,aggregate_load,96,42,xgboost,226501.0347335216
1970-01-01 00:00:00.000000077,ecl,aggregate_load,96,42,xgboost,224745.67664407985
1970-01-01 00:00:00.000000077,ecl,aggregate_load,96,42,xgboost,214669.25912861575
1970-01-01 00:00:00.000000077,ecl,aggregate_load,96,42,xgboost,215595.48635676262
1970-01-01 00:00:00.000000077,ecl,aggregate_load,96,42,xgboost,219736.3892521731
1970-01-01 00:00:00.000000077,ecl,aggregate_load,96,42,xgboost,211967.54819784287
1970-01-01 00:00:00.000000077,ecl,aggregate_load,96,42,xgboost,210028.79768164296
1970-01-01 00:00:00.000000077,ecl,aggregate_load,96,42,xgboost,210107.39587203335
1970-01-01 00:00:00.000000077,ecl,aggregate_load,96,42,xgboost,209623.6878249744
1970-01-01 00:00:00.000000078,ecl,aggregate_load,96,42,xgboost,212806.2325743795
1970-01-01 00:00:00.000000078,ecl,aggregate_load,96,42,xgboost,215187.8117641761
1970-01-01 00:00:00.000000078,ecl,aggregate_load,96,42,xgboost,210500.04025084598
1970-01-01 00:00:00.000000078,ecl,aggregate_load,96,42,xgboost,210765.88362320198
1970-01-01 00:00:00.000000078,ecl,aggregate_load,96,42,xgboost,209590.06320005507
1970-01-01 00:00:00.000000078,ecl,aggregate_load,96,42,xgboost,204628.71967199352
1970-01-01 00:00:00.000000078,ecl,aggregate_load,96,42,xgboost,213024.39667349317
1970-01-01 00:00:00.000000078,ecl,aggregate_load,96,42,xgboost,204796.57984967774
1970-01-01 00:00:00.000000078,ecl,aggregate_load,96,42,xgboost,207776.05792549718
1970-01-01 00:00:00.000000078,ecl,aggregate_load,96,42,xgboost,214228.14265312464
1970-01-01 00:00:00.000000078,ecl,aggregate_load,96,42,xgboost,221613.8007885026
1970-01-01 00:00:00.000000078,ecl,aggregate_load,96,42,xgboost,221240.20604303086
1970-01-01 00:00:00.000000078,ecl,aggregate_load,96,42,xgboost,218494.78838789757
1970-01-01 00:00:00.000000078,ecl,aggregate_load,96,42,xgboost,221231.913336826
1970-01-01 00:00:00.000000078,ecl,aggregate_load,96,42,xgboost,222009.34982956262
1970-01-01 00:00:00.000000078,ecl,aggregate_load,96,42,xgboost,218729.0423226728
1970-01-01 00:00:00.000000078,ecl,aggregate_load,96,42,xgboost,220897.40286255823
1970-01-01 00:00:00.000000078,ecl,aggregate_load,96,42,xgboost,234927.32126280956
1970-01-01 00:00:00.000000078,ecl,aggregate_load,96,42,xgboost,223890.2128728471
1970-01-01 00:00:00.000000078,ecl,aggregate_load,96,42,xgboost,221578.9047780962
1970-01-01 00:00:00.000000078,ecl,aggregate_load,96,42,xgboost,221096.07464643786
1970-01-01 00:00:00.000000078,ecl,aggregate_load,96,42,xgboost,223844.32902979487
1970-01-01 00:00:00.000000078,ecl,aggregate_load,96,42,xgboost,224516.57744201692
1970-01-01 00:00:00.000000078,ecl,aggregate_load,96,42,xgboost,226756.5464645122
1970-01-01 00:00:00.000000078,ecl,aggregate_load,96,42,xgboost,226384.67044600993
1970-01-01 00:00:00.000000078,ecl,aggregate_load,96,42,xgboost,220171.88584627482
1970-01-01 00:00:00.000000078,ecl,aggregate_load,96,42,xgboost,229656.9850807955
1970-01-01 00:00:00.000000078,ecl,aggregate_load,96,42,xgboost,233354.51274343883
1970-01-01 00:00:00.000000078,ecl,aggregate_load,96,42,xgboost,226107.64424010957
1970-01-01 00:00:00.000000078,ecl,aggregate_load,96,42,xgboost,225755.76921037902
1970-01-01 00:00:00.000000078,ecl,aggregate_load,96,42,xgboost,227021.18605588027
1970-01-01 00:00:00.000000078,ecl,aggregate_load,96,42,xgboost,232482.36976391682
1970-01-01 00:00:00.000000078,ecl,aggregate_load,96,42,xgboost,233937.32782443473
1970-01-01 00:00:00.000000078,ecl,aggregate_load,96,42,xgboost,231746.66876062166
1970-01-01 00:00:00.000000078,ecl,aggregate_load,96,42,xgboost,233625.08356899882
1970-01-01 00:00:00.000000078,ecl,aggregate_load,96,42,xgboost,238384.34525137805
1970-01-01 00:00:00.000000078,ecl,aggregate_load,96,42,xgboost,233089.43936950443
1970-01-01 00:00:00.000000078,ecl,aggregate_load,96,42,xgboost,224655.75293962867
1970-01-01 00:00:00.000000078,ecl,aggregate_load,96,42,xgboost,235831.2196741011
1970-01-01 00:00:00.000000078,ecl,aggregate_load,96,42,xgboost,232798.4510515835
1970-01-01 00:00:00.000000078,ecl,aggregate_load,96,42,xgboost,234927.26302765167
1970-01-01 00:00:00.000000078,ecl,aggregate_load,96,42,xgboost,239781.40028974446
1970-01-01 00:00:00.000000078,ecl,aggregate_load,96,42,xgboost,243648.39173876782
1970-01-01 00:00:00.000000078,ecl,aggregate_load,96,42,xgboost,240904.07987328284
1970-01-01 00:00:00.000000078,ecl,aggregate_load,96,42,xgboost,247213.48861467701
1970-01-01 00:00:00.000000078,ecl,aggregate_load,96,42,xgboost,245656.7482336116
1970-01-01 00:00:00.000000078,ecl,aggregate_load,96,42,xgboost,246018.38203087985
1970-01-01 00:00:00.000000078,ecl,aggregate_load,96,42,xgboost,244348.85949741575
1970-01-01 00:00:00.000000078,ecl,aggregate_load,96,42,xgboost,246896.5887631642
1970-01-01 00:00:00.000000078,ecl,aggregate_load,96,42,xgboost,239835.46541140837
1970-01-01 00:00:00.000000078,ecl,aggregate_load,96,42,xgboost,245432.6019363287
1970-01-01 00:00:00.000000078,ecl,aggregate_load,96,42,xgboost,248609.63096723057
1970-01-01 00:00:00.000000078,ecl,aggregate_load,96,42,xgboost,249977.22448701374
1970-01-01 00:00:00.000000078,ecl,aggregate_load,96,42,xgboost,247694.88777709714
1970-01-01 00:00:00.000000078,ecl,aggregate_load,96,42,xgboost,252831.9020703355
1970-01-01 00:00:00.000000078,ecl,aggregate_load,96,42,xgboost,249397.43792847823
1970-01-01 00:00:00.000000078,ecl,aggregate_load,96,42,xgboost,245877.68489707354
1970-01-01 00:00:00.000000078,ecl,aggregate_load,96,42,xgboost,245011.77960443698
1970-01-01 00:00:00.000000078,ecl,aggregate_load,96,42,xgboost,245513.2380320849
1970-01-01 00:00:00.000000078,ecl,aggregate_load,96,42,xgboost,251754.25275806492
1970-01-01 00:00:00.000000078,ecl,aggregate_load,96,42,xgboost,245842.07952133715
1970-01-01 00:00:00.000000078,ecl,aggregate_load,96,42,xgboost,260581.11924587787
1970-01-01 00:00:00.000000078,ecl,aggregate_load,96,42,xgboost,255583.69906981394
1970-01-01 00:00:00.000000078,ecl,aggregate_load,96,42,xgboost,256342.93345667035
1970-01-01 00:00:00.000000078,ecl,aggregate_load,96,42,xgboost,255498.87542570735
1970-01-01 00:00:00.000000078,ecl,aggregate_load,96,42,xgboost,239582.10655325794
1970-01-01 00:00:00.000000078,ecl,aggregate_load,96,42,xgboost,248364.4351516757
1970-01-01 00:00:00.000000078,ecl,aggregate_load,96,42,xgboost,249987.89966572798
1970-01-01 00:00:00.000000078,ecl,aggregate_load,96,42,xgboost,249251.6948519789
1970-01-01 00:00:00.000000078,ecl,aggregate_load,96,42,xgboost,246373.96777895172
1970-01-01 00:00:00.000000078,ecl,aggregate_load,96,42,xgboost,244872.05134112702
1970-01-01 00:00:00.000000078,ecl,aggregate_load,96,42,xgboost,242215.8155316729
1970-01-01 00:00:00.000000078,ecl,aggregate_load,96,42,xgboost,241386.04693449204
1970-01-01 00:00:00.000000078,ecl,aggregate_load,96,42,xgboost,248569.62028261126
1970-01-01 00:00:00.000000078,ecl,aggregate_load,96,42,xgboost,250447.49531274437
1970-01-01 00:00:00.000000079,ecl,aggregate_load,96,42,xgboost,247106.20690375016
1970-01-01 00:00:00.000000079,ecl,aggregate_load,96,42,xgboost,251046.9012245014
1970-01-01 00:00:00.000000079,ecl,aggregate_load,96,42,xgboost,252900.05868567878
1970-01-01 00:00:00.000000079,ecl,aggregate_load,96,42,xgboost,245245.74325736368
1970-01-01 00:00:00.000000079,ecl,aggregate_load,96,42,xgboost,244654.16486072625
1970-01-01 00:00:00.000000079,ecl,aggregate_load,96,42,xgboost,248074.87423435753
1970-01-01 00:00:00.000000079,ecl,aggregate_load,96,42,xgboost,247458.3508754579
1970-01-01 00:00:00.000000079,ecl,aggregate_load,96,42,xgboost,253923.8136085954
1970-01-01 00:00:00.000000079,ecl,aggregate_load,96,42,xgboost,254786.22472912553
1970-01-01 00:00:00.000000079,ecl,aggregate_load,96,42,xgboost,254220.78228269867
1970-01-01 00:00:00.000000079,ecl,aggregate_load,96,42,xgboost,255144.15373213377
1970-01-01 00:00:00.000000079,ecl,aggregate_load,96,42,xgboost,254072.6021328116
1970-01-01 00:00:00.000000079,ecl,aggregate_load,96,42,xgboost,248349.18566753235
1970-01-01 00:00:00.000000079,ecl,aggregate_load,96,42,xgboost,247416.36101416172
1970-01-01 00:00:00.000000079,ecl,aggregate_load,96,42,xgboost,252737.8059951102
1970-01-01 00:00:00.000000079,ecl,aggregate_load,96,42,xgboost,246117.1545700909
1970-01-01 00:00:00.000000079,ecl,aggregate_load,96,42,xgboost,240195.9372461109
1970-01-01 00:00:00.000000079,ecl,aggregate_load,96,42,xgboost,243334.74729786025
1970-01-01 00:00:00.000000079,ecl,aggregate_load,96,42,xgboost,244638.19482959612
1970-01-01 00:00:00.000000079,ecl,aggregate_load,96,42,xgboost,248030.67782918178
1970-01-01 00:00:00.000000079,ecl,aggregate_load,96,42,xgboost,237750.54215708296
1970-01-01 00:00:00.000000079,ecl,aggregate_load,96,42,xgboost,243084.21227191683
1970-01-01 00:00:00.000000079,ecl,aggregate_load,96,42,xgboost,246226.7010120336
1970-01-01 00:00:00.000000079,ecl,aggregate_load,96,42,xgboost,248300.00853587114
1970-01-01 00:00:00.000000079,ecl,aggregate_load,96,42,xgboost,246181.50486807013
1970-01-01 00:00:00.000000079,ecl,aggregate_load,96,42,xgboost,246537.26521112968
1970-01-01 00:00:00.000000079,ecl,aggregate_load,96,42,xgboost,250162.884493841
1970-01-01 00:00:00.000000079,ecl,aggregate_load,96,42,xgboost,245316.60889649158
1970-01-01 00:00:00.000000079,ecl,aggregate_load,96,42,xgboost,249072.5028531274
1970-01-01 00:00:00.000000079,ecl,aggregate_load,96,42,xgboost,249886.8793656123
1970-01-01 00:00:00.000000079,ecl,aggregate_load,96,42,xgboost,259121.86780721066
1970-01-01 00:00:00.000000079,ecl,aggregate_load,96,42,xgboost,241067.11814948395
1970-01-01 00:00:00.000000079,ecl,aggregate_load,96,42,xgboost,239330.6258026087
1970-01-01 00:00:00.000000079,ecl,aggregate_load,96,42,xgboost,243834.35225593613
1970-01-01 00:00:00.000000079,ecl,aggregate_load,96,42,xgboost,245643.55651759598
1970-01-01 00:00:00.000000079,ecl,aggregate_load,96,42,xgboost,252259.88179410118
1970-01-01 00:00:00.000000079,ecl,aggregate_load,96,42,xgboost,251009.62452573705
1970-01-01 00:00:00.000000079,ecl,aggregate_load,96,42,xgboost,252983.2599317734
1970-01-01 00:00:00.000000079,ecl,aggregate_load,96,42,xgboost,258736.1653150389
1970-01-01 00:00:00.000000079,ecl,aggregate_load,96,42,xgboost,257509.91014562504
1970-01-01 00:00:00.000000080,ecl,aggregate_load,96,42,xgboost,258189.89442791513
1970-01-01 00:00:00.000000080,ecl,aggregate_load,96,42,xgboost,255728.8508863931
1970-01-01 00:00:00.000000080,ecl,aggregate_load,96,42,xgboost,262651.8775895689
1970-01-01 00:00:00.000000080,ecl,aggregate_load,96,42,xgboost,259172.96371883
1970-01-01 00:00:00.000000080,ecl,aggregate_load,96,42,xgboost,254214.0303255876
1970-01-01 00:00:00.000000080,ecl,aggregate_load,96,42,xgboost,256157.86519930954
1970-01-01 00:00:00.000000080,ecl,aggregate_load,96,42,xgboost,260921.1524894129
1970-01-01 00:00:00.000000080,ecl,aggregate_load,96,42,xgboost,249894.82793464934
1970-01-01 00:00:00.000000080,ecl,aggregate_load,96,42,xgboost,245700.23164360496
1970-01-01 00:00:00.000000080,ecl,aggregate_load,96,42,xgboost,248416.4372121098
1970-01-01 00:00:00.000000080,ecl,aggregate_load,96,42,xgboost,256722.5231156326
1970-01-01 00:00:00.000000080,ecl,aggregate_load,96,42,xgboost,256436.93926527936
1970-01-01 00:00:00.000000080,ecl,aggregate_load,96,42,xgboost,256385.55642815295
1970-01-01 00:00:00.000000080,ecl,aggregate_load,96,42,xgboost,253086.21798606348
1970-01-01 00:00:00.000000080,ecl,aggregate_load,96,42,xgboost,253625.85787233684
1970-01-01 00:00:00.000000080,ecl,aggregate_load,96,42,xgboost,253611.26174924322
1970-01-01 00:00:00.000000080,ecl,aggregate_load,96,42,xgboost,257768.61605723653
1970-01-01 00:00:00.000000080,ecl,aggregate_load,96,42,xgboost,252544.8949276485
1970-01-01 00:00:00.000000080,ecl,aggregate_load,96,42,xgboost,255957.2497250895
1970-01-01 00:00:00.000000080,ecl,aggregate_load,96,42,xgboost,244043.99606415755
1970-01-01 00:00:00.000000080,ecl,aggregate_load,96,42,xgboost,238615.31508293678
1970-01-01 00:00:00.000000080,ecl,aggregate_load,96,42,xgboost,236933.38008803208
1970-01-01 00:00:00.000000080,ecl,aggregate_load,96,42,xgboost,239974.43881922518
1970-01-01 00:00:00.000000080,ecl,aggregate_load,96,42,xgboost,240852.7420760357
1970-01-01 00:00:00.000000080,ecl,aggregate_load,96,42,xgboost,242896.28188495967
1970-01-01 00:00:00.000000080,ecl,aggregate_load,96,42,xgboost,239010.54371554186
1970-01-01 00:00:00.000000080,ecl,aggregate_load,96,42,xgboost,235385.95686096698
1970-01-01 00:00:00.000000080,ecl,aggregate_load,96,42,xgboost,233464.92805566944
1970-01-01 00:00:00.000000080,ecl,aggregate_load,96,42,xgboost,237325.92941702786
1970-01-01 00:00:00.000000080,ecl,aggregate_load,96,42,xgboost,237362.68517201356
1970-01-01 00:00:00.000000080,ecl,aggregate_load,96,42,xgboost,236945.4691384846
1970-01-01 00:00:00.000000080,ecl,aggregate_load,96,42,xgboost,234538.75835635382
1970-01-01 00:00:00.000000080,ecl,aggregate_load,96,42,xgboost,233590.34817900517
1970-01-01 00:00:00.000000080,ecl,aggregate_load,96,42,xgboost,235258.125583259
1970-01-01 00:00:00.000000080,ecl,aggregate_load,96,42,xgboost,238187.01655164734
1970-01-01 00:00:00.000000080,ecl,aggregate_load,96,42,xgboost,242284.76194658756
1970-01-01 00:00:00.000000080,ecl,aggregate_load,96,42,xgboost,242246.97581989135
1970-01-01 00:00:00.000000080,ecl,aggregate_load,96,42,xgboost,246534.8157386637
1970-01-01 00:00:00.000000080,ecl,aggregate_load,96,42,xgboost,241513.47747387819
1970-01-01 00:00:00.000000080,ecl,aggregate_load,96,42,xgboost,235331.9157362387
1970-01-01 00:00:00.000000080,ecl,aggregate_load,96,42,xgboost,243789.50329411865
1970-01-01 00:00:00.000000080,ecl,aggregate_load,96,42,xgboost,251695.95857496044
1970-01-01 00:00:00.000000080,ecl,aggregate_load,96,42,xgboost,252258.17419888647
1970-01-01 00:00:00.000000080,ecl,aggregate_load,96,42,xgboost,259404.74096223162
1970-01-01 00:00:00.000000080,ecl,aggregate_load,96,42,xgboost,258291.65928009315
1970-01-01 00:00:00.000000080,ecl,aggregate_load,96,42,xgboost,260249.21610764074
1970-01-01 00:00:00.000000080,ecl,aggregate_load,96,42,xgboost,260780.35905424194
1970-01-01 00:00:00.000000080,ecl,aggregate_load,96,42,xgboost,266246.96494792606
1970-01-01 00:00:00.000000080,ecl,aggregate_load,96,42,xgboost,267893.47133674036
1970-01-01 00:00:00.000000081,ecl,aggregate_load,96,42,xgboost,262539.09890220786
1970-01-01 00:00:00.000000081,ecl,aggregate_load,96,42,xgboost,261340.34845520344
1970-01-01 00:00:00.000000081,ecl,aggregate_load,96,42,xgboost,262124.8275206226
1970-01-01 00:00:00.000000081,ecl,aggregate_load,96,42,xgboost,264596.10194193985
1970-01-01 00:00:00.000000081,ecl,aggregate_load,96,42,xgboost,267616.0595609402
1970-01-01 00:00:00.000000081,ecl,aggregate_load,96,42,xgboost,257103.015111117
1970-01-01 00:00:00.000000081,ecl,aggregate_load,96,42,xgboost,259135.92370983688
1970-01-01 00:00:00.000000081,ecl,aggregate_load,96,42,xgboost,260374.04614203435
1970-01-01 00:00:00.000000081,ecl,aggregate_load,96,42,xgboost,261196.81329398137
1970-01-01 00:00:00.000000081,ecl,aggregate_load,96,42,xgboost,263516.212106824
1970-01-01 00:00:00.000000081,ecl,aggregate_load,96,42,xgboost,263544.4190943591
1970-01-01 00:00:00.000000081,ecl,aggregate_load,96,42,xgboost,263940.016661482
1970-01-01 00:00:00.000000081,ecl,aggregate_load,96,42,xgboost,261767.327105268
1970-01-01 00:00:00.000000081,ecl,aggregate_load,96,42,xgboost,259401.59734409206
1970-01-01 00:00:00.000000081,ecl,aggregate_load,96,42,xgboost,252975.5108315673
1970-01-01 00:00:00.000000081,ecl,aggregate_load,96,42,xgboost,257322.6269618692
1970-01-01 00:00:00.000000081,ecl,aggregate_load,96,42,xgboost,254623.26764830286
1970-01-01 00:00:00.000000081,ecl,aggregate_load,96,42,xgboost,249319.53072290358
1970-01-01 00:00:00.000000081,ecl,aggregate_load,96,42,xgboost,252983.1852258103
1970-01-01 00:00:00.000000081,ecl,aggregate_load,96,42,xgboost,259725.21767693004
1970-01-01 00:00:00.000000081,ecl,aggregate_load,96,42,xgboost,258332.24709634655
1970-01-01 00:00:00.000000081,ecl,aggregate_load,96,42,xgboost,259151.55624133706
1970-01-01 00:00:00.000000081,ecl,aggregate_load,96,42,xgboost,260698.17085311687
1970-01-01 00:00:00.000000081,ecl,aggregate_load,96,42,xgboost,257569.88224029192
1970-01-01 00:00:00.000000081,ecl,aggregate_load,96,42,xgboost,254194.27766765034
1970-01-01 00:00:00.000000081,ecl,aggregate_load,96,42,xgboost,254932.8210752984
1970-01-01 00:00:00.000000081,ecl,aggregate_load,96,42,xgboost,256829.63212978642
1970-01-01 00:00:00.000000081,ecl,aggregate_load,96,42,xgboost,258283.25325325844
1970-01-01 00:00:00.000000081,ecl,aggregate_load,96,42,xgboost,254546.7161752962
1970-01-01 00:00:00.000000081,ecl,aggregate_load,96,42,xgboost,252863.4070450988
1970-01-01 00:00:00.000000081,ecl,aggregate_load,96,42,xgboost,256909.06921242372
1970-01-01 00:00:00.000000081,ecl,aggregate_load,96,42,xgboost,252786.8272859103
1970-01-01 00:00:00.000000081,ecl,aggregate_load,96,42,xgboost,254435.73458299358
1970-01-01 00:00:00.000000081,ecl,aggregate_load,96,42,xgboost,257743.78024888993
1970-01-01 00:00:00.000000081,ecl,aggregate_load,96,42,xgboost,254988.06689748281
1970-01-01 00:00:00.000000081,ecl,aggregate_load,96,42,xgboost,258799.33225934533
1970-01-01 00:00:00.000000081,ecl,aggregate_load,96,42,xgboost,270597.48314037966
1970-01-01 00:00:00.000000081,ecl,aggregate_load,96,42,xgboost,255817.00141333384
1970-01-01 00:00:00.000000081,ecl,aggregate_load,96,42,xgboost,257795.66837230115
1970-01-01 00:00:00.000000081,ecl,aggregate_load,96,42,xgboost,260857.6597368846
1970-01-01 00:00:00.000000081,ecl,aggregate_load,96,42,xgboost,252696.15158553896
1970-01-01 00:00:00.000000081,ecl,aggregate_load,96,42,xgboost,249610.35684473405
1970-01-01 00:00:00.000000081,ecl,aggregate_load,96,42,xgboost,252535.26171647594
1970-01-01 00:00:00.000000081,ecl,aggregate_load,96,42,xgboost,248935.7908828334
1970-01-01 00:00:00.000000081,ecl,aggregate_load,96,42,xgboost,252673.7012158632
1970-01-01 00:00:00.000000081,ecl,aggregate_load,96,42,xgboost,256479.78156998067
1970-01-01 00:00:00.000000081,ecl,aggregate_load,96,42,xgboost,251811.77778483802
1970-01-01 00:00:00.000000081,ecl,aggregate_load,96,42,xgboost,255616.98604273112
1970-01-01 00:00:00.000000081,ecl,aggregate_load,96,42,xgboost,253972.05184610034
1970-01-01 00:00:00.000000081,ecl,aggregate_load,96,42,xgboost,254320.60413675793
1970-01-01 00:00:00.000000081,ecl,aggregate_load,96,42,xgboost,254501.9802777158
1970-01-01 00:00:00.000000081,ecl,aggregate_load,96,42,xgboost,249256.22303406478
1970-01-01 00:00:00.000000081,ecl,aggregate_load,96,42,xgboost,252678.3676440819
1970-01-01 00:00:00.000000081,ecl,aggregate_load,96,42,xgboost,261501.19569945053
1970-01-01 00:00:00.000000081,ecl,aggregate_load,96,42,xgboost,267720.1178305984
1970-01-01 00:00:00.000000081,ecl,aggregate_load,96,42,xgboost,265239.8591760152
1970-01-01 00:00:00.000000081,ecl,aggregate_load,96,42,xgboost,261565.2225720076
1970-01-01 00:00:00.000000081,ecl,aggregate_load,96,42,xgboost,260777.8278371878
1970-01-01 00:00:00.000000081,ecl,aggregate_load,96,42,xgboost,255910.00092680208
1970-01-01 00:00:00.000000081,ecl,aggregate_load,96,42,xgboost,272564.4654032677
1970-01-01 00:00:00.000000081,ecl,aggregate_load,96,42,xgboost,270108.10886257124
1970-01-01 00:00:00.000000082,ecl,aggregate_load,96,42,xgboost,266532.1364001189
1970-01-01 00:00:00.000000082,ecl,aggregate_load,96,42,xgboost,268976.1461182221
1970-01-01 00:00:00.000000082,ecl,aggregate_load,96,42,xgboost,248936.397174565
1970-01-01 00:00:00.000000082,ecl,aggregate_load,96,42,xgboost,248393.30278314356
1970-01-01 00:00:00.000000082,ecl,aggregate_load,96,42,xgboost,243921.95537614138
1970-01-01 00:00:00.000000082,ecl,aggregate_load,96,42,xgboost,248797.25038406928
1970-01-01 00:00:00.000000082,ecl,aggregate_load,96,42,xgboost,251224.56359212555
1970-01-01 00:00:00.000000082,ecl,aggregate_load,96,42,xgboost,248792.33291082713
1970-01-01 00:00:00.000000082,ecl,aggregate_load,96,42,xgboost,256417.81535539185
1970-01-01 00:00:00.000000082,ecl,aggregate_load,96,42,xgboost,244931.4677530603
1970-01-01 00:00:00.000000082,ecl,aggregate_load,96,42,xgboost,246849.9332911476
1970-01-01 00:00:00.000000082,ecl,aggregate_load,96,42,xgboost,250173.53015459972
1970-01-01 00:00:00.000000082,ecl,aggregate_load,96,42,xgboost,250527.32048462913
1970-01-01 00:00:00.000000082,ecl,aggregate_load,96,42,xgboost,250054.82334731054
1970-01-01 00:00:00.000000082,ecl,aggregate_load,96,42,xgboost,244974.2357028471
1970-01-01 00:00:00.000000082,ecl,aggregate_load,96,42,xgboost,241942.0492404458
1970-01-01 00:00:00.000000082,ecl,aggregate_load,96,42,xgboost,240714.64030019156
1970-01-01 00:00:00.000000082,ecl,aggregate_load,96,42,xgboost,245244.9092187479
1970-01-01 00:00:00.000000082,ecl,aggregate_load,96,42,xgboost,244500.45659898073
1970-01-01 00:00:00.000000082,ecl,aggregate_load,96,42,xgboost,241794.59257642075
1970-01-01 00:00:00.000000082,ecl,aggregate_load,96,42,xgboost,244606.70138259462
1970-01-01 00:00:00.000000082,ecl,aggregate_load,96,42,xgboost,233189.89297631747
1970-01-01 00:00:00.000000082,ecl,aggregate_load,96,42,xgboost,238473.15186820403
1970-01-01 00:00:00.000000082,ecl,aggregate_load,96,42,xgboost,244644.93486520307
1970-01-01 00:00:00.000000082,ecl,aggregate_load,96,42,xgboost,238388.44836653947
1970-01-01 00:00:00.000000082,ecl,aggregate_load,96,42,xgboost,235287.57130865144
1970-01-01 00:00:00.000000082,ecl,aggregate_load,96,42,xgboost,239066.6722783642
1970-01-01 00:00:00.000000082,ecl,aggregate_load,96,42,xgboost,231304.06608636226
1970-01-01 00:00:00.000000082,ecl,aggregate_load,96,42,xgboost,230617.9136694245
1970-01-01 00:00:00.000000082,ecl,aggregate_load,96,42,xgboost,228911.1237250596
1970-01-01 00:00:00.000000082,ecl,aggregate_load,96,42,xgboost,225482.03828565613
1970-01-01 00:00:00.000000082,ecl,aggregate_load,96,42,xgboost,224503.19523541987
1970-01-01 00:00:00.000000082,ecl,aggregate_load,96,42,xgboost,226319.23550038328
1970-01-01 00:00:00.000000082,ecl,aggregate_load,96,42,xgboost,224491.8874609049
1970-01-01 00:00:00.000000082,ecl,aggregate_load,96,42,xgboost,226576.11794931957
1970-01-01 00:00:00.000000082,ecl,aggregate_load,96,42,xgboost,226575.63263588594
1970-01-01 00:00:00.000000082,ecl,aggregate_load,96,42,xgboost,229720.3525691191
1970-01-01 00:00:00.000000083,ecl,aggregate_load,96,42,xgboost,220039.91285707316
1970-01-01 00:00:00.000000083,ecl,aggregate_load,96,42,xgboost,223507.4078087502
1970-01-01 00:00:00.000000083,ecl,aggregate_load,96,42,xgboost,221649.01986508165
1970-01-01 00:00:00.000000083,ecl,aggregate_load,96,42,xgboost,221046.93819182875
1970-01-01 00:00:00.000000083,ecl,aggregate_load,96,42,xgboost,221488.14968124338
1970-01-01 00:00:00.000000083,ecl,aggregate_load,96,42,xgboost,222731.43372215555
1970-01-01 00:00:00.000000083,ecl,aggregate_load,96,42,xgboost,226650.38850290235
1970-01-01 00:00:00.000000083,ecl,aggregate_load,96,42,xgboost,216207.77145548537
1970-01-01 00:00:00.000000083,ecl,aggregate_load,96,42,xgboost,220811.65184117263
1970-01-01 00:00:00.000000083,ecl,aggregate_load,96,42,xgboost,215560.30576018247
1970-01-01 00:00:00.000000083,ecl,aggregate_load,96,42,xgboost,225263.78344163575
1970-01-01 00:00:00.000000083,ecl,aggregate_load,96,42,xgboost,209472.61886498067
1970-01-01 00:00:00.000000083,ecl,aggregate_load,96,42,xgboost,216605.54265481644
1970-01-01 00:00:00.000000083,ecl,aggregate_load,96,42,xgboost,203273.8207621267
1970-01-01 00:00:00.000000083,ecl,aggregate_load,96,42,xgboost,209138.8295330157
1970-01-01 00:00:00.000000083,ecl,aggregate_load,96,42,xgboost,213539.099600427
1970-01-01 00:00:00.000000083,ecl,aggregate_load,96,42,xgboost,214029.7540380375
1970-01-01 00:00:00.000000083,ecl,aggregate_load,96,42,xgboost,229063.61564284345
1970-01-01 00:00:00.000000083,ecl,aggregate_load,96,42,xgboost,207181.29864806077
1970-01-01 00:00:00.000000083,ecl,aggregate_load,96,42,xgboost,217828.99921921556
1970-01-01 00:00:00.000000083,ecl,aggregate_load,96,42,xgboost,204530.5698241596
1970-01-01 00:00:00.000000083,ecl,aggregate_load,96,42,xgboost,199874.87671546245
1970-01-01 00:00:00.000000083,ecl,aggregate_load,96,42,xgboost,205743.73986897976
1970-01-01 00:00:00.000000083,ecl,aggregate_load,96,42,xgboost,187948.27906285608
1970-01-01 00:00:00.000000083,ecl,aggregate_load,96,42,xgboost,193449.3352723842
1970-01-01 00:00:00.000000083,ecl,aggregate_load,96,42,xgboost,196949.03931464965
1970-01-01 00:00:00.000000083,ecl,aggregate_load,96,42,xgboost,199293.1137527159
1970-01-01 00:00:00.000000083,ecl,aggregate_load,96,42,xgboost,198202.02496269395
1970-01-01 00:00:00.000000083,ecl,aggregate_load,96,42,xgboost,207249.60892950036
1970-01-01 00:00:00.000000083,ecl,aggregate_load,96,42,xgboost,205159.68035774774
1970-01-01 00:00:00.000000083,ecl,aggregate_load,96,42,xgboost,205278.0397998354
1970-01-01 00:00:00.000000083,ecl,aggregate_load,96,42,xgboost,218310.36040386758
1970-01-01 00:00:00.000000083,ecl,aggregate_load,96,42,xgboost,217611.42998051608
1970-01-01 00:00:00.000000083,ecl,aggregate_load,96,42,xgboost,193480.52211490003
1970-01-01 00:00:00.000000083,ecl,aggregate_load,96,42,xgboost,195995.266565043
1970-01-01 00:00:00.000000083,ecl,aggregate_load,96,42,xgboost,200897.58598213413
1970-01-01 00:00:00.000000083,ecl,aggregate_load,96,42,xgboost,194403.72304478075
1970-01-01 00:00:00.000000083,ecl,aggregate_load,96,42,xgboost,203202.09202041174
1970-01-01 00:00:00.000000083,ecl,aggregate_load,96,42,xgboost,204121.57182161827
1970-01-01 00:00:00.000000083,ecl,aggregate_load,96,42,xgboost,189590.04234600262
1970-01-01 00:00:00.000000083,ecl,aggregate_load,96,42,xgboost,191747.03733484237
1970-01-01 00:00:00.000000084,ecl,aggregate_load,96,42,xgboost,196300.68310432704
1970-01-01 00:00:00.000000084,ecl,aggregate_load,96,42,xgboost,190474.67932915347
1970-01-01 00:00:00.000000084,ecl,aggregate_load,96,42,xgboost,196890.61897704098
1970-01-01 00:00:00.000000084,ecl,aggregate_load,96,42,xgboost,205869.7480862702
1970-01-01 00:00:00.000000084,ecl,aggregate_load,96,42,xgboost,203747.78441025355
1970-01-01 00:00:00.000000084,ecl,aggregate_load,96,42,xgboost,195781.12049416374
1970-01-01 00:00:00.000000084,ecl,aggregate_load,96,42,xgboost,201395.0040761369
1970-01-01 00:00:00.000000084,ecl,aggregate_load,96,42,xgboost,199758.1993343735
1970-01-01 00:00:00.000000084,ecl,aggregate_load,96,42,xgboost,199665.32336136955
1970-01-01 00:00:00.000000084,ecl,aggregate_load,96,42,xgboost,192223.8886087128
1970-01-01 00:00:00.000000084,ecl,aggregate_load,96,42,xgboost,193430.8779967903
1970-01-01 00:00:00.000000084,ecl,aggregate_load,96,42,xgboost,193702.97118447805
1970-01-01 00:00:00.000000084,ecl,aggregate_load,96,42,xgboost,180514.568052788
1970-01-01 00:00:00.000000084,ecl,aggregate_load,96,42,xgboost,181057.21992637357
1970-01-01 00:00:00.000000084,ecl,aggregate_load,96,42,xgboost,177717.62003514505
1970-01-01 00:00:00.000000084,ecl,aggregate_load,96,42,xgboost,180635.79612168693
1970-01-01 00:00:00.000000084,ecl,aggregate_load,96,42,xgboost,178726.73959226103
1970-01-01 00:00:00.000000084,ecl,aggregate_load,96,42,xgboost,173658.16695115858
1970-01-01 00:00:00.000000084,ecl,aggregate_load,96,42,xgboost,177084.33059338274
1970-01-01 00:00:00.000000084,ecl,aggregate_load,96,42,xgboost,185853.92130409193
1970-01-01 00:00:00.000000084,ecl,aggregate_load,96,42,xgboost,180639.10447124622
1970-01-01 00:00:00.000000084,ecl,aggregate_load,96,42,xgboost,187626.0746774402
1970-01-01 00:00:00.000000084,ecl,aggregate_load,96,42,xgboost,184730.82841837368
1970-01-01 00:00:00.000000085,ecl,aggregate_load,96,42,xgboost,185365.17526961034
1970-01-01 00:00:00.000000085,ecl,aggregate_load,96,42,xgboost,183334.83922270942
1970-01-01 00:00:00.000000085,ecl,aggregate_load,96,42,xgboost,182078.8058039279
1970-01-01 00:00:00.000000085,ecl,aggregate_load,96,42,xgboost,180500.68805046356
1970-01-01 00:00:00.000000085,ecl,aggregate_load,96,42,xgboost,177857.46311043503
1970-01-01 00:00:00.000000085,ecl,aggregate_load,96,42,xgboost,181118.27342406826
1970-01-01 00:00:00.000000085,ecl,aggregate_load,96,42,xgboost,192146.7301588177
1970-01-01 00:00:00.000000085,ecl,aggregate_load,96,42,xgboost,181982.6631019568
1970-01-01 00:00:00.000000085,ecl,aggregate_load,96,42,xgboost,188256.66775241276
1970-01-01 00:00:00.000000085,ecl,aggregate_load,96,42,xgboost,188043.85514949824
1970-01-01 00:00:00.000000085,ecl,aggregate_load,96,42,xgboost,189806.04283622498
1970-01-01 00:00:00.000000085,ecl,aggregate_load,96,42,xgboost,199778.3799474337
1970-01-01 00:00:00.000000085,ecl,aggregate_load,96,42,xgboost,198729.62053020005
1970-01-01 00:00:00.000000085,ecl,aggregate_load,96,42,xgboost,206752.81642509578
1970-01-01 00:00:00.000000085,ecl,aggregate_load,96,42,xgboost,202707.01191752512
1970-01-01 00:00:00.000000085,ecl,aggregate_load,96,42,xgboost,196713.26774568623
1970-01-01 00:00:00.000000085,ecl,aggregate_load,96,42,xgboost,191567.9110750153
1970-01-01 00:00:00.000000085,ecl,aggregate_load,96,42,xgboost,190331.37297323113
1970-01-01 00:00:00.000000085,ecl,aggregate_load,96,42,xgboost,188500.1981739728
1970-01-01 00:00:00.000000085,ecl,aggregate_load,96,42,xgboost,193964.46566490995
1970-01-01 00:00:00.000000085,ecl,aggregate_load,96,42,xgboost,196346.7655701368
1970-01-01 00:00:00.000000085,ecl,aggregate_load,96,42,xgboost,197142.4345653127
1970-01-01 00:00:00.000000085,ecl,aggregate_load,96,42,xgboost,194400.50496424307
1970-01-01 00:00:00.000000085,ecl,aggregate_load,96,42,xgboost,195149.95887160345
1970-01-01 00:00:00.000000085,ecl,aggregate_load,96,42,xgboost,199721.9734576807
1970-01-01 00:00:00.000000085,ecl,aggregate_load,96,42,xgboost,201475.77169960365
1970-01-01 00:00:00.000000085,ecl,aggregate_load,96,42,xgboost,203614.0464470014
1970-01-01 00:00:00.000000085,ecl,aggregate_load,96,42,xgboost,204273.45116350194
1970-01-01 00:00:00.000000086,ecl,aggregate_load,96,42,xgboost,197036.31970649143
1970-01-01 00:00:00.000000086,ecl,aggregate_load,96,42,xgboost,203769.18649414647
1970-01-01 00:00:00.000000086,ecl,aggregate_load,96,42,xgboost,200682.09772936304
1970-01-01 00:00:00.000000086,ecl,aggregate_load,96,42,xgboost,202111.39026563845
1970-01-01 00:00:00.000000086,ecl,aggregate_load,96,42,xgboost,210475.33297480617
1970-01-01 00:00:00.000000086,ecl,aggregate_load,96,42,xgboost,212753.36162539502
1970-01-01 00:00:00.000000086,ecl,aggregate_load,96,42,xgboost,209638.91534532802
1970-01-01 00:00:00.000000086,ecl,aggregate_load,96,42,xgboost,212274.5704507077
1970-01-01 00:00:00.000000086,ecl,aggregate_load,96,42,xgboost,208233.03195396904
1970-01-01 00:00:00.000000086,ecl,aggregate_load,96,42,xgboost,208095.79449528983
1970-01-01 00:00:00.000000086,ecl,aggregate_load,96,42,xgboost,213096.33661124393
1970-01-01 00:00:00.000000086,ecl,aggregate_load,96,42,xgboost,210352.34515613745
1970-01-01 00:00:00.000000086,ecl,aggregate_load,96,42,xgboost,210598.56296365196
1970-01-01 00:00:00.000000086,ecl,aggregate_load,96,42,xgboost,216392.5064659329
1970-01-01 00:00:00.000000086,ecl,aggregate_load,96,42,xgboost,221675.33898572004
1970-01-01 00:00:00.000000086,ecl,aggregate_load,96,42,xgboost,225397.08730453614
1970-01-01 00:00:00.000000086,ecl,aggregate_load,96,42,xgboost,226938.8938857289
1970-01-01 00:00:00.000000086,ecl,aggregate_load,96,42,xgboost,222682.72868962758
1970-01-01 00:00:00.000000086,ecl,aggregate_load,96,42,xgboost,222917.26913334813
1970-01-01 00:00:00.000000086,ecl,aggregate_load,96,42,xgboost,224335.9025254867
1970-01-01 00:00:00.000000086,ecl,aggregate_load,96,42,xgboost,227784.88811425443
1970-01-01 00:00:00.000000086,ecl,aggregate_load,96,42,xgboost,236369.68800027214
1970-01-01 00:00:00.000000086,ecl,aggregate_load,96,42,xgboost,233027.61226672353
1970-01-01 00:00:00.000000086,ecl,aggregate_load,96,42,xgboost,231722.92222021264
1970-01-01 00:00:00.000000087,ecl,aggregate_load,96,42,xgboost,231624.52663245852
1970-01-01 00:00:00.000000087,ecl,aggregate_load,96,42,xgboost,236114.0991427897
1970-01-01 00:00:00.000000087,ecl,aggregate_load,96,42,xgboost,229417.63511864984
1970-01-01 00:00:00.000000087,ecl,aggregate_load,96,42,xgboost,232631.76484720744
1970-01-01 00:00:00.000000087,ecl,aggregate_load,96,42,xgboost,228846.30220629196
1970-01-01 00:00:00.000000087,ecl,aggregate_load,96,42,xgboost,230500.270602058
1970-01-01 00:00:00.000000087,ecl,aggregate_load,96,42,xgboost,232855.9780558525
1970-01-01 00:00:00.000000087,ecl,aggregate_load,96,42,xgboost,235237.14475751054
1970-01-01 00:00:00.000000087,ecl,aggregate_load,96,42,xgboost,234440.29709345638
1970-01-01 00:00:00.000000087,ecl,aggregate_load,96,42,xgboost,233518.22270841527
1970-01-01 00:00:00.000000087,ecl,aggregate_load,96,42,xgboost,240151.35241760965
1970-01-01 00:00:00.000000087,ecl,aggregate_load,96,42,xgboost,237361.87013698198
1970-01-01 00:00:00.000000087,ecl,aggregate_load,96,42,xgboost,237284.3778089588
1970-01-01 00:00:00.000000087,ecl,aggregate_load,96,42,xgboost,233020.1830410801
1970-01-01 00:00:00.000000087,ecl,aggregate_load,96,42,xgboost,236445.54743727855
1970-01-01 00:00:00.000000087,ecl,aggregate_load,96,42,xgboost,238466.97364369288
1970-01-01 00:00:00.000000087,ecl,aggregate_load,96,42,xgboost,241508.89886874225
1970-01-01 00:00:00.000000087,ecl,aggregate_load,96,42,xgboost,238881.56210559607
1970-01-01 00:00:00.000000087,ecl,aggregate_load,96,42,xgboost,242196.3271590794
1970-01-01 00:00:00.000000087,ecl,aggregate_load,96,42,xgboost,246010.99510602374
1970-01-01 00:00:00.000000087,ecl,aggregate_load,96,42,xgboost,245586.19461243539
1970-01-01 00:00:00.000000087,ecl,aggregate_load,96,42,xgboost,251834.33666070155
1970-01-01 00:00:00.000000087,ecl,aggregate_load,96,42,xgboost,252244.1826294365
1970-01-01 00:00:00.000000087,ecl,aggregate_load,96,42,xgboost,262666.3381978932
1970-01-01 00:00:00.000000087,ecl,aggregate_load,96,42,xgboost,256645.83510043207
1970-01-01 00:00:00.000000087,ecl,aggregate_load,96,42,xgboost,254289.23548573698
1970-01-01 00:00:00.000000087,ecl,aggregate_load,96,42,xgboost,245675.6829240312
1970-01-01 00:00:00.000000087,ecl,aggregate_load,96,42,xgboost,249600.26020562905
1970-01-01 00:00:00.000000087,ecl,aggregate_load,96,42,xgboost,249409.24567322969
1970-01-01 00:00:00.000000087,ecl,aggregate_load,96,42,xgboost,249361.78211959256
1970-01-01 00:00:00.000000087,ecl,aggregate_load,96,42,xgboost,251658.42911239978
1970-01-01 00:00:00.000000087,ecl,aggregate_load,96,42,xgboost,255262.26175764433
1970-01-01 00:00:00.000000087,ecl,aggregate_load,96,42,xgboost,259744.93622723207
1970-01-01 00:00:00.000000087,ecl,aggregate_load,96,42,xgboost,246945.19015325094
1970-01-01 00:00:00.000000088,ecl,aggregate_load,96,42,xgboost,248873.7607828402
1970-01-01 00:00:00.000000088,ecl,aggregate_load,96,42,xgboost,245883.42063417417
1970-01-01 00:00:00.000000088,ecl,aggregate_load,96,42,xgboost,246825.00397651584
1970-01-01 00:00:00.000000088,ecl,aggregate_load,96,42,xgboost,244712.67009636713
1970-01-01 00:00:00.000000088,ecl,aggregate_load,96,42,xgboost,249552.54559604565
1970-01-01 00:00:00.000000088,ecl,aggregate_load,96,42,xgboost,258163.8317922301
1970-01-01 00:00:00.000000088,ecl,aggregate_load,96,42,xgboost,240268.65308715045
1970-01-01 00:00:00.000000088,ecl,aggregate_load,96,42,xgboost,244746.7189619587
1970-01-01 00:00:00.000000088,ecl,aggregate_load,96,42,xgboost,242929.16653759292
1970-01-01 00:00:00.000000088,ecl,aggregate_load,96,42,xgboost,245901.68158460697
1970-01-01 00:00:00.000000088,ecl,aggregate_load,96,42,xgboost,237235.19011842922
1970-01-01 00:00:00.000000088,ecl,aggregate_load,96,42,xgboost,238315.89833970708
1970-01-01 00:00:00.000000088,ecl,aggregate_load,96,42,xgboost,242104.25380127606
1970-01-01 00:00:00.000000088,ecl,aggregate_load,96,42,xgboost,242901.10172806753
1970-01-01 00:00:00.000000088,ecl,aggregate_load,96,42,xgboost,241176.65882880357
1970-01-01 00:00:00.000000088,ecl,aggregate_load,96,42,xgboost,236099.83466631433
1970-01-01 00:00:00.000000088,ecl,aggregate_load,96,42,xgboost,241156.28090307335
1970-01-01 00:00:00.000000088,ecl,aggregate_load,96,42,xgboost,237980.4187672299
1970-01-01 00:00:00.000000088,ecl,aggregate_load,96,42,xgboost,235043.12287723902
1970-01-01 00:00:00.000000088,ecl,aggregate_load,96,42,xgboost,237414.54815063663
1970-01-01 00:00:00.000000088,ecl,aggregate_load,96,42,xgboost,239837.68210602397
1970-01-01 00:00:00.000000088,ecl,aggregate_load,96,42,xgboost,247810.1477387148
1970-01-01 00:00:00.000000088,ecl,aggregate_load,96,42,xgboost,231827.47878187057
1970-01-01 00:00:00.000000088,ecl,aggregate_load,96,42,xgboost,230472.4353194892
1970-01-01 00:00:00.000000088,ecl,aggregate_load,96,42,xgboost,224900.01399522694
1970-01-01 00:00:00.000000088,ecl,aggregate_load,96,42,xgboost,224787.58669268154
1970-01-01 00:00:00.000000088,ecl,aggregate_load,96,42,xgboost,228394.09461168456
1970-01-01 00:00:00.000000089,ecl,aggregate_load,96,42,xgboost,225428.3742759154
1970-01-01 00:00:00.000000089,ecl,aggregate_load,96,42,xgboost,257261.1536455565
1970-01-01 00:00:00.000000089,ecl,aggregate_load,96,42,xgboost,229552.87100532014
1970-01-01 00:00:00.000000089,ecl,aggregate_load,96,42,xgboost,224126.34248884438
1970-01-01 00:00:00.000000089,ecl,aggregate_load,96,42,xgboost,222665.7957410713
1970-01-01 00:00:00.000000089,ecl,aggregate_load,96,42,xgboost,225209.94628136445
1970-01-01 00:00:00.000000089,ecl,aggregate_load,96,42,xgboost,226842.82426521942
1970-01-01 00:00:00.000000089,ecl,aggregate_load,96,42,xgboost,227485.80447384017
1970-01-01 00:00:00.000000089,ecl,aggregate_load,96,42,xgboost,223475.4408060091
1970-01-01 00:00:00.000000089,ecl,aggregate_load,96,42,xgboost,226186.28434481283
1970-01-01 00:00:00.000000089,ecl,aggregate_load,96,42,xgboost,222521.7248146798
1970-01-01 00:00:00.000000089,ecl,aggregate_load,96,42,xgboost,219695.39590789968
1970-01-01 00:00:00.000000089,ecl,aggregate_load,96,42,xgboost,220955.28682547834
1970-01-01 00:00:00.000000089,ecl,aggregate_load,96,42,xgboost,213637.80730463893
1970-01-01 00:00:00.000000089,ecl,aggregate_load,96,42,xgboost,213515.35317987428
1970-01-01 00:00:00.000000089,ecl,aggregate_load,96,42,xgboost,216929.34969157967
1970-01-01 00:00:00.000000089,ecl,aggregate_load,96,42,xgboost,214977.8737170581
1970-01-01 00:00:00.000000089,ecl,aggregate_load,96,42,xgboost,213877.31210228833
1970-01-01 00:00:00.000000089,ecl,aggregate_load,96,42,xgboost,210666.80406444578
1970-01-01 00:00:00.000000089,ecl,aggregate_load,96,42,xgboost,212596.0796950257
1970-01-01 00:00:00.000000089,ecl,aggregate_load,96,42,xgboost,214707.00996413096
1970-01-01 00:00:00.000000089,ecl,aggregate_load,96,42,xgboost,210391.91511307974
1970-01-01 00:00:00.000000089,ecl,aggregate_load,96,42,xgboost,212047.64023473105
1970-01-01 00:00:00.000000089,ecl,aggregate_load,96,42,xgboost,213452.41717492533
1970-01-01 00:00:00.000000089,ecl,aggregate_load,96,42,xgboost,205990.81360687572
1970-01-01 00:00:00.000000090,ecl,aggregate_load,96,42,xgboost,198191.46174976285
1970-01-01 00:00:00.000000090,ecl,aggregate_load,96,42,xgboost,210917.01727216723
1970-01-01 00:00:00.000000090,ecl,aggregate_load,96,42,xgboost,199986.84079554703
1970-01-01 00:00:00.000000090,ecl,aggregate_load,96,42,xgboost,196132.6562324478
1970-01-01 00:00:00.000000090,ecl,aggregate_load,96,42,xgboost,190975.97761953346
1970-01-01 00:00:00.000000090,ecl,aggregate_load,96,42,xgboost,186315.78931359877
1970-01-01 00:00:00.000000090,ecl,aggregate_load,96,42,xgboost,186765.97044447626
1970-01-01 00:00:00.000000090,ecl,aggregate_load,96,42,xgboost,193801.43457621871
1970-01-01 00:00:00.000000090,ecl,aggregate_load,96,42,xgboost,192591.84652067788
1970-01-01 00:00:00.000000090,ecl,aggregate_load,96,42,xgboost,194584.74563238933
1970-01-01 00:00:00.000000090,ecl,aggregate_load,96,42,xgboost,196803.224137963
1970-01-01 00:00:00.000000090,ecl,aggregate_load,96,42,xgboost,196949.7949105207
1970-01-01 00:00:00.000000090,ecl,aggregate_load,96,42,xgboost,200678.14060393392
1970-01-01 00:00:00.000000090,ecl,aggregate_load,96,42,xgboost,196737.9875821763
1970-01-01 00:00:00.000000090,ecl,aggregate_load,96,42,xgboost,196746.22991145393
1970-01-01 00:00:00.000000090,ecl,aggregate_load,96,42,xgboost,201784.18283063767
1970-01-01 00:00:00.000000090,ecl,aggregate_load,96,42,xgboost,201591.50587474523
1970-01-01 00:00:00.000000090,ecl,aggregate_load,96,42,xgboost,197463.29986691472
1970-01-01 00:00:00.000000090,ecl,aggregate_load,96,42,xgboost,199498.5357811558
1970-01-01 00:00:00.000000090,ecl,aggregate_load,96,42,xgboost,194808.53629801213
1970-01-01 00:00:00.000000090,ecl,aggregate_load,96,42,xgboost,197352.98459897374
1970-01-01 00:00:00.000000091,ecl,aggregate_load,96,42,xgboost,201028.78890781917
1970-01-01 00:00:00.000000091,ecl,aggregate_load,96,42,xgboost,201214.21808088533
1970-01-01 00:00:00.000000091,ecl,aggregate_load,96,42,xgboost,202255.06669650445
1970-01-01 00:00:00.000000091,ecl,aggregate_load,96,42,xgboost,203405.9739679297
1970-01-01 00:00:00.000000091,ecl,aggregate_load,96,42,xgboost,202236.03566326806
1970-01-01 00:00:00.000000091,ecl,aggregate_load,96,42,xgboost,196107.7743484938
1970-01-01 00:00:00.000000091,ecl,aggregate_load,96,42,xgboost,197118.66562606275
1970-01-01 00:00:00.000000091,ecl,aggregate_load,96,42,xgboost,197709.89140387578
1970-01-01 00:00:00.000000091,ecl,aggregate_load,96,42,xgboost,197319.3868346844
1970-01-01 00:00:00.000000091,ecl,aggregate_load,96,42,xgboost,201017.66273895834
1970-01-01 00:00:00.000000091,ecl,aggregate_load,96,42,xgboost,195383.0662484682
1970-01-01 00:00:00.000000091,ecl,aggregate_load,96,42,xgboost,189044.76643227288
1970-01-01 00:00:00.000000091,ecl,aggregate_load,96,42,xgboost,189874.8460926007
1970-01-01 00:00:00.000000091,ecl,aggregate_load,96,42,xgboost,187921.0317408511
1970-01-01 00:00:00.000000091,ecl,aggregate_load,96,42,xgboost,190065.15398181402
1970-01-01 00:00:00.000000091,ecl,aggregate_load,96,42,xgboost,199587.9102618874
1970-01-01 00:00:00.000000091,ecl,aggregate_load,96,42,xgboost,193692.01576887933
1970-01-01 00:00:00.000000091,ecl,aggregate_load,96,42,xgboost,195293.3952458899
1970-01-01 00:00:00.000000091,ecl,aggregate_load,96,42,xgboost,202487.70352170206
1970-01-01 00:00:00.000000091,ecl,aggregate_load,96,42,xgboost,199446.91034214068
1970-01-01 00:00:00.000000091,ecl,aggregate_load,96,42,xgboost,197853.08292935192
1970-01-01 00:00:00.000000091,ecl,aggregate_load,96,42,xgboost,191321.57017364187
1970-01-01 00:00:00.000000091,ecl,aggregate_load,96,42,xgboost,197876.0547981997
1970-01-01 00:00:00.000000091,ecl,aggregate_load,96,42,xgboost,193898.0445234039
1970-01-01 00:00:00.000000091,ecl,aggregate_load,96,42,xgboost,193077.42039389198
1970-01-01 00:00:00.000000091,ecl,aggregate_load,96,42,xgboost,196541.61221610336
1970-01-01 00:00:00.000000091,ecl,aggregate_load,96,42,xgboost,199305.5451332122
1970-01-01 00:00:00.000000092,ecl,aggregate_load,96,42,xgboost,198267.17133837714
1970-01-01 00:00:00.000000092,ecl,aggregate_load,96,42,xgboost,187292.53240496226
1970-01-01 00:00:00.000000092,ecl,aggregate_load,96,42,xgboost,188321.80266155605
1970-01-01 00:00:00.000000092,ecl,aggregate_load,96,42,xgboost,185874.82416207445
1970-01-01 00:00:00.000000092,ecl,aggregate_load,96,42,xgboost,180174.25983969835
1970-01-01 00:00:00.000000092,ecl,aggregate_load,96,42,xgboost,180584.12875134716
1970-01-01 00:00:00.000000092,ecl,aggregate_load,96,42,xgboost,182857.59200007224
1970-01-01 00:00:00.000000092,ecl,aggregate_load,96,42,xgboost,184358.0205597965
1970-01-01 00:00:00.000000092,ecl,aggregate_load,96,42,xgboost,179952.07095078807
1970-01-01 00:00:00.000000092,ecl,aggregate_load,96,42,xgboost,180274.88443454241
1970-01-01 00:00:00.000000092,ecl,aggregate_load,96,42,xgboost,182655.2373777038
1970-01-01 00:00:00.000000092,ecl,aggregate_load,96,42,xgboost,182704.29199033635
1970-01-01 00:00:00.000000092,ecl,aggregate_load,96,42,xgboost,182640.37682198765
1970-01-01 00:00:00.000000092,ecl,aggregate_load,96,42,xgboost,179170.06450008645
1970-01-01 00:00:00.000000092,ecl,aggregate_load,96,42,xgboost,180492.59584962425
1970-01-01 00:00:00.000000092,ecl,aggregate_load,96,42,xgboost,180124.13448119813
1970-01-01 00:00:00.000000092,ecl,aggregate_load,96,42,xgboost,175375.64887314363
1970-01-01 00:00:00.000000092,ecl,aggregate_load,96,42,xgboost,175590.58748191688
1970-01-01 00:00:00.000000092,ecl,aggregate_load,96,42,xgboost,174794.42182164328
1970-01-01 00:00:00.000000092,ecl,aggregate_load,96,42,xgboost,176021.06233985675
1970-01-01 00:00:00.000000092,ecl,aggregate_load,96,42,xgboost,173665.96730665406
1970-01-01 00:00:00.000000092,ecl,aggregate_load,96,42,xgboost,173184.15067626978
1970-01-01 00:00:00.000000092,ecl,aggregate_load,96,42,xgboost,174665.59801538615
1970-01-01 00:00:00.000000092,ecl,aggregate_load,96,42,xgboost,172053.23684261157
1970-01-01 00:00:00.000000093,ecl,aggregate_load,96,42,xgboost,169443.00315610314
1970-01-01 00:00:00.000000093,ecl,aggregate_load,96,42,xgboost,162786.1066959843
1970-01-01 00:00:00.000000093,ecl,aggregate_load,96,42,xgboost,166769.33246198497
1970-01-01 00:00:00.000000093,ecl,aggregate_load,96,42,xgboost,167135.77319571897
1970-01-01 00:00:00.000000093,ecl,aggregate_load,96,42,xgboost,167811.18473554918
1970-01-01 00:00:00.000000093,ecl,aggregate_load,96,42,xgboost,162446.11801697858
1970-01-01 00:00:00.000000093,ecl,aggregate_load,96,42,xgboost,168097.27295968487
1970-01-01 00:00:00.000000093,ecl,aggregate_load,96,42,xgboost,159742.69229433723
1970-01-01 00:00:00.000000093,ecl,aggregate_load,96,42,xgboost,159249.64257689685
1970-01-01 00:00:00.000000093,ecl,aggregate_load,96,42,xgboost,161472.12832256532
1970-01-01 00:00:00.000000093,ecl,aggregate_load,96,42,xgboost,160147.83038634164
1970-01-01 00:00:00.000000093,ecl,aggregate_load,96,42,xgboost,159095.85011899236
1970-01-01 00:00:00.000000093,ecl,aggregate_load,96,42,xgboost,157534.49697342145
1970-01-01 00:00:00.000000093,ecl,aggregate_load,96,42,xgboost,160123.89533851022
1970-01-01 00:00:00.000000094,ecl,aggregate_load,96,42,xgboost,154385.2529153121
1970-01-01 00:00:00.000000094,ecl,aggregate_load,96,42,xgboost,154772.85536913062
1970-01-01 00:00:00.000000094,ecl,aggregate_load,96,42,xgboost,156986.5856010254
1970-01-01 00:00:00.000000094,ecl,aggregate_load,96,42,xgboost,158385.74974499876
1970-01-01 00:00:00.000000094,ecl,aggregate_load,96,42,xgboost,156433.6998729948
1970-01-01 00:00:00.000000094,ecl,aggregate_load,96,42,xgboost,155396.06481177136
1970-01-01 00:00:00.000000094,ecl,aggregate_load,96,42,xgboost,160787.7038979041
1970-01-01 00:00:00.000000094,ecl,aggregate_load,96,42,xgboost,155745.8293546718
1970-01-01 00:00:00.000000094,ecl,aggregate_load,96,42,xgboost,154183.90370697944
1970-01-01 00:00:00.000000094,ecl,aggregate_load,96,42,xgboost,155480.2662395048
1970-01-01 00:00:00.000000094,ecl,aggregate_load,96,42,xgboost,155174.0525965156
1970-01-01 00:00:00.000000094,ecl,aggregate_load,96,42,xgboost,155716.87813082672
1970-01-01 00:00:00.000000094,ecl,aggregate_load,96,42,xgboost,155140.34076433556
1970-01-01 00:00:00.000000094,ecl,aggregate_load,96,42,xgboost,155252.9022691074
1970-01-01 00:00:00.000000094,ecl,aggregate_load,96,42,xgboost,153223.87546382935
1970-01-01 00:00:00.000000094,ecl,aggregate_load,96,42,xgboost,157379.06919450438
1970-01-01 00:00:00.000000094,ecl,aggregate_load,96,42,xgboost,156825.46678106906
1970-01-01 00:00:00.000000094,ecl,aggregate_load,96,42,xgboost,153319.42099037973
1970-01-01 00:00:00.000000094,ecl,aggregate_load,96,42,xgboost,150900.2340727873
1970-01-01 00:00:00.000000095,ecl,aggregate_load,96,42,xgboost,141954.41583736005
1970-01-01 00:00:00.000000095,ecl,aggregate_load,96,42,xgboost,143353.26528388646
1970-01-01 00:00:00.000000095,ecl,aggregate_load,96,42,xgboost,145307.6197877968
1970-01-01 00:00:00.000000095,ecl,aggregate_load,96,42,xgboost,140237.37132786584
1970-01-01 00:00:00.000000095,ecl,aggregate_load,96,42,xgboost,139106.34838018694
1970-01-01 00:00:00.000000095,ecl,aggregate_load,96,42,xgboost,140022.15060399406
1970-01-01 00:00:00.000000095,ecl,aggregate_load,96,42,xgboost,138732.81420681218
1970-01-01 00:00:00.000000095,ecl,aggregate_load,96,42,xgboost,135819.2528102617
1970-01-01 00:00:00.000000095,ecl,aggregate_load,96,42,xgboost,143391.074852864
1970-01-01 00:00:00.000000095,ecl,aggregate_load,96,42,xgboost,140034.3219988649
1970-01-01 00:00:00.000000095,ecl,aggregate_load,96,42,xgboost,140322.42695839726
1970-01-01 00:00:00.000000095,ecl,aggregate_load,96,42,xgboost,131677.77136060645
1970-01-01 00:00:00.000000095,ecl,aggregate_load,96,42,xgboost,131036.33795452099
1970-01-01 00:00:00.000000095,ecl,aggregate_load,96,42,xgboost,132912.7225210086
1970-01-01 00:00:00.000000095,ecl,aggregate_load,96,42,xgboost,132859.13772969745
1970-01-01 00:00:00.000000095,ecl,aggregate_load,96,42,xgboost,136215.09987041046
1970-01-01 00:00:00.000000095,ecl,aggregate_load,96,42,xgboost,130983.2328162173
1970-01-01 00:00:00.000000095,ecl,aggregate_load,96,42,xgboost,131264.83778693888
1970-01-01 00:00:00.000000095,ecl,aggregate_load,96,42,xgboost,125013.7753029962
1970-01-01 00:00:00.000000096,ecl,aggregate_load,96,42,xgboost,127415.30332580551
1970-01-01 00:00:00.000000096,ecl,aggregate_load,96,42,xgboost,121968.89566709059
1970-01-01 00:00:00.000000096,ecl,aggregate_load,96,42,xgboost,122042.88281181101
1970-01-01 00:00:00.000000096,ecl,aggregate_load,96,42,xgboost,119836.39939271855
1970-01-01 00:00:00.000000096,ecl,aggregate_load,96,42,xgboost,123242.14594248372
1970-01-01 00:00:00.000000096,ecl,aggregate_load,96,42,xgboost,124925.28777111678
1970-01-01 00:00:00.000000096,ecl,aggregate_load,96,42,xgboost,121371.49686686398
1970-01-01 00:00:00.000000096,ecl,aggregate_load,96,42,xgboost,120942.86522173077
1970-01-01 00:00:00.000000096,ecl,aggregate_load,96,42,xgboost,117798.05652679713
1970-01-01 00:00:00.000000096,ecl,aggregate_load,96,42,xgboost,119602.63630997665
1970-01-01 00:00:00.000000096,ecl,aggregate_load,96,42,xgboost,118396.78131772786
1970-01-01 00:00:00.000000096,ecl,aggregate_load,96,42,xgboost,119995.31929740273
1970-01-01 00:00:00.000000096,ecl,aggregate_load,96,42,xgboost,119507.93398490823
1970-01-01 00:00:00.000000096,ecl,aggregate_load,96,42,xgboost,123967.13831756875
1970-01-01 00:00:00.000000096,ecl,aggregate_load,96,42,xgboost,123894.44306753732
1970-01-01 00:00:00.000000096,ecl,aggregate_load,96,42,xgboost,122245.52286545747
1970-01-01 00:00:00.000000096,ecl,aggregate_load,96,42,xgboost,121435.88218058927
1970-01-01 00:00:00.000000096,ecl,aggregate_load,96,42,xgboost,123816.43673823732
1970-01-01 00:00:00.000000096,ecl,aggregate_load,96,42,xgboost,123364.905521552
1970-01-01 00:00:00.000000096,ecl,aggregate_load,96,42,xgboost,129814.0797651144
1970-01-01 00:00:00.000000096,ecl,aggregate_load,96,42,xgboost,126259.56472072696
1970-01-01 00:00:00.000000096,ecl,aggregate_load,96,42,xgboost,128206.21030704619
1970-01-01 00:00:00.000000096,ecl,aggregate_load,96,42,xgboost,129454.66175044877
1970-01-01 00:00:00.000000096,ecl,aggregate_load,96,42,xgboost,127446.09282087593
1970-01-01 00:00:00.000000096,ecl,aggregate_load,96,42,xgboost,127572.3169412802
1970-01-01 00:00:00.000000097,ecl,aggregate_load,96,42,xgboost,123420.17368578645
1970-01-01 00:00:00.000000097,ecl,aggregate_load,96,42,xgboost,117801.04985919454
1970-01-01 00:00:00.000000097,ecl,aggregate_load,96,42,xgboost,116874.01903113017
1970-01-01 00:00:00.000000097,ecl,aggregate_load,96,42,xgboost,118214.59892948123
1970-01-01 00:00:00.000000097,ecl,aggregate_load,96,42,xgboost,117317.07575888916
1970-01-01 00:00:00.000000097,ecl,aggregate_load,96,42,xgboost,116687.72714670561
1970-01-01 00:00:00.000000097,ecl,aggregate_load,96,42,xgboost,116739.13864732394
1970-01-01 00:00:00.000000097,ecl,aggregate_load,96,42,xgboost,124754.1227212558
1970-01-01 00:00:00.000000097,ecl,aggregate_load,96,42,xgboost,121461.70143882475
1970-01-01 00:00:00.000000097,ecl,aggregate_load,96,42,xgboost,122530.22504348816
1970-01-01 00:00:00.000000097,ecl,aggregate_load,96,42,xgboost,122064.96392665105
1970-01-01 00:00:00.000000097,ecl,aggregate_load,96,42,xgboost,125083.43608360332
1970-01-01 00:00:00.000000097,ecl,aggregate_load,96,42,xgboost,123599.39874929935
1970-01-01 00:00:00.000000097,ecl,aggregate_load,96,42,xgboost,125421.0232767149
1970-01-01 00:00:00.000000097,ecl,aggregate_load,96,42,xgboost,124495.93124476337
1970-01-01 00:00:00.000000097,ecl,aggregate_load,96,42,xgboost,122629.10442426526
1970-01-01 00:00:00.000000098,ecl,aggregate_load,96,42,xgboost,126102.00779060279
1970-01-01 00:00:00.000000098,ecl,aggregate_load,96,42,xgboost,124564.41009997309
1970-01-01 00:00:00.000000098,ecl,aggregate_load,96,42,xgboost,125590.98653796811
1970-01-01 00:00:00.000000098,ecl,aggregate_load,96,42,xgboost,126398.78742674667
1970-01-01 00:00:00.000000098,ecl,aggregate_load,96,42,xgboost,127357.63460698159
1970-01-01 00:00:00.000000098,ecl,aggregate_load,96,42,xgboost,124025.2865453085
1970-01-01 00:00:00.000000098,ecl,aggregate_load,96,42,xgboost,127768.50867128372
1970-01-01 00:00:00.000000098,ecl,aggregate_load,96,42,xgboost,128786.75833537814
1970-01-01 00:00:00.000000098,ecl,aggregate_load,96,42,xgboost,137053.0421741886
1970-01-01 00:00:00.000000098,ecl,aggregate_load,96,42,xgboost,138482.35779078284
1970-01-01 00:00:00.000000098,ecl,aggregate_load,96,42,xgboost,139759.0987250048
1970-01-01 00:00:00.000000098,ecl,aggregate_load,96,42,xgboost,143694.45278062296
1970-01-01 00:00:00.000000098,ecl,aggregate_load,96,42,xgboost,142307.10438626807
1970-01-01 00:00:00.000000098,ecl,aggregate_load,96,42,xgboost,150469.19462924197
1970-01-01 00:00:00.000000098,ecl,aggregate_load,96,42,xgboost,146222.14145431915
1970-01-01 00:00:00.000000099,ecl,aggregate_load,96,42,xgboost,149285.3967369982
1970-01-01 00:00:00.000000099,ecl,aggregate_load,96,42,xgboost,145231.241198116
1970-01-01 00:00:00.000000099,ecl,aggregate_load,96,42,xgboost,144818.03604671478
1970-01-01 00:00:00.000000099,ecl,aggregate_load,96,42,xgboost,144765.65685978244
1970-01-01 00:00:00.000000099,ecl,aggregate_load,96,42,xgboost,137711.6865874473
1970-01-01 00:00:00.000000099,ecl,aggregate_load,96,42,xgboost,140185.50783734597
1970-01-01 00:00:00.000000099,ecl,aggregate_load,96,42,xgboost,138817.065808345
1970-01-01 00:00:00.000000099,ecl,aggregate_load,96,42,xgboost,139950.11557258703
1970-01-01 00:00:00.000000099,ecl,aggregate_load,96,42,xgboost,139108.38231532296
1970-01-01 00:00:00.000000099,ecl,aggregate_load,96,42,xgboost,136800.52719119575
1970-01-01 00:00:00.000000100,ecl,aggregate_load,96,42,xgboost,140773.54720971943
1970-01-01 00:00:00.000000100,ecl,aggregate_load,96,42,xgboost,142257.7428395572
1970-01-01 00:00:00.000000100,ecl,aggregate_load,96,42,xgboost,143708.9088539745
1970-01-01 00:00:00.000000100,ecl,aggregate_load,96,42,xgboost,148590.68334866597
1970-01-01 00:00:00.000000100,ecl,aggregate_load,96,42,xgboost,144925.41493511034
1970-01-01 00:00:00.000000100,ecl,aggregate_load,96,42,xgboost,146670.08355340196
1970-01-01 00:00:00.000000100,ecl,aggregate_load,96,42,xgboost,144545.83304723116
1970-01-01 00:00:00.000000100,ecl,aggregate_load,96,42,xgboost,141829.90455027865
1970-01-01 00:00:00.000000100,ecl,aggregate_load,96,42,xgboost,143072.93691672347
1970-01-01 00:00:00.000000100,ecl,aggregate_load,96,42,xgboost,142231.455079639
