origin,dataset,target,horizon,seed,model,abs_error
1970-01-01 00:00:00.000000054,ecl,aggregate_load,168,42,seasonal_naive,363351.39285714284
1970-01-01 00:00:00.000000054,ecl,aggregate_load,168,42,seasonal_naive,372910.6785714286
1970-01-01 00:00:00.000000054,ecl,aggregate_load,168,42,seasonal_naive,380373.90476190473
1970-01-01 00:00:00.000000054,ecl,aggregate_load,168,42,seasonal_naive,380032.2619047619
1970-01-01 00:00:00.000000054,ecl,aggregate_load,168,42,seasonal_naive,383727.0595238095
1970-01-01 00:00:00.000000054,ecl,aggregate_load,168,42,seasonal_naive,382716.45238095237
1970-01-01 00:00:00.000000054,ecl,aggregate_load,168,42,seasonal_naive,384742.6785714286
1970-01-01 00:00:00.000000054,ecl,aggregate_load,168,42,seasonal_naive,385297.08928571426
1970-01-01 00:00:00.000000054,ecl,aggregate_load,168,42,seasonal_naive,371518.77976190473
1970-01-01 00:00:00.000000054,ecl,aggregate_load,168,42,seasonal_naive,367076.52976190473
1970-01-01 00:00:00.000000054,ecl,aggregate_load,168,42,seasonal_naive,361260.25
1970-01-01 00:00:00.000000054,ecl,aggregate_load,168,42,seasonal_naive,351465.24404761905
1970-01-01 00:00:00.000000054,ecl,aggregate_load,168,42,seasonal_naive,354795.2380952381
1970-01-01 00:00:00.000000054,ecl,aggregate_load,168,42,seasonal_naive,359133.7261904762
1970-01-01 00:00:00.000000054,ecl,aggregate_load,168,42,seasonal_naive,358132.4166666667
1970-01-01 00:00:00.000000054,ecl,aggregate_load,168,42,seasonal_naive,359376.6845238095
1970-01-01 00:00:00.000000054,ecl,aggregate_load,168,42,seasonal_naive,358143.5238095238
1970-01-01 00:00:00.000000054,ecl,aggregate_load,168,42,seasonal_naive,365861.41071428574
1970-01-01 00:00:00.000000054,ecl,aggregate_load,168,42,seasonal_naive,369866.36904761905
1970-01-01 00:00:00.000000054,ecl,aggregate_load,168,42,seasonal_naive,375121.6845238095
1970-01-01 00:00:00.000000054,ecl,aggregate_load,168,42,seasonal_naive,370087.75
1970-01-01 00:00:00.000000054,ecl,aggregate_load,168,42,seasonal_naive,377390.02976190473
1970-01-01 00:00:00.000000054,ecl,aggregate_load,168,42,seasonal_naive,375762.3035714286
1970-01-01 00:00:00.000000054,ecl,aggregate_load,168,42,seasonal_naive,371094.57738095237
1970-01-01 00:00:00.000000054,ecl,aggregate_load,168,42,seasonal_naive,365224.75
1970-01-01 00:00:00.000000054,ecl,aggregate_load,168,42,seasonal_naive,384376.52976190473
1970-01-01 00:00:00.000000054,ecl,aggregate_load,168,42,seasonal_naive,384868.51785714284
1970-01-01 00:00:00.000000054,ecl,aggregate_load,168,42,seasonal_naive,388096.02976190473
1970-01-01 00:00:00.000000054,ecl,aggregate_load,168,42,seasonal_naive,389368.7083333333
1970-01-01 00:00:00.000000054,ecl,aggregate_load,168,42,seasonal_naive,391354.20238095237
1970-01-01 00:00:00.000000054,ecl,aggregate_load,168,42,seasonal_naive,406024.25595238095
1970-01-01 00:00:00.000000054,ecl,aggregate_load,168,42,seasonal_naive,411264.5654761905
1970-01-01 00:00:00.000000054,ecl,aggregate_load,168,42,seasonal_naive,403628.7738095238
1970-01-01 00:00:00.000000054,ecl,aggregate_load,168,42,seasonal_naive,410889.6369047619
1970-01-01 00:00:00.000000054,ecl,aggregate_load,168,42,seasonal_naive,411607.39285714284
1970-01-01 00:00:00.000000054,ecl,aggregate_load,168,42,seasonal_naive,416034.8095238095
1970-01-01 00:00:00.000000054,ecl,aggregate_load,168,42,seasonal_naive,413503.61904761905
1970-01-01 00:00:00.000000054,ecl,aggregate_load,168,42,seasonal_naive,416119.4880952381
1970-01-01 00:00:00.000000054,ecl,aggregate_load,168,42,seasonal_naive,409928.3095238095
1970-01-01 00:00:00.000000054,ecl,aggregate_load,168,42,seasonal_naive,414843.3035714286
1970-01-01 00:00:00.000000054,ecl,aggregate_load,168,42,seasonal_naive,417115.97023809527
1970-01-01 00:00:00.000000054,ecl,aggregate_load,168,42,seasonal_naive,411531.07738095237
1970-01-01 00:00:00.000000054,ecl,aggregate_load,168,42,seasonal_naive,401816.8035714286
1970-01-01 00:00:00.000000054,ecl,aggregate_load,168,42,seasonal_naive,418771.53571428574
1970-01-01 00:00:00.000000054,ecl,aggregate_load,168,42,seasonal_naive,407732.3333333333
1970-01-01 00:00:00.000000054,ecl,aggregate_load,168,42,seasonal_naive,396600.07738095237
1970-01-01 00:00:00.000000054,ecl,aggregate_load,168,42,seasonal_naive,395214.48214285716
1970-01-01 00:00:00.000000054,ecl,aggregate_load,168,42,seasonal_naive,395202.98214285716
1970-01-01 00:00:00.000000054,ecl,aggregate_load,168,42,seasonal_naive,388450.02976190473
1970-01-01 00:00:00.000000054,ecl,aggregate_load,168,42,seasonal_naive,354852.10714285716
1970-01-01 00:00:00.000000054,ecl,aggregate_load,168,42,seasonal_naive,347293.25
1970-01-01 00:00:00.000000054,ecl,aggregate_load,168,42,seasonal_naive,353988.3333333333
1970-01-01 00:00:00.000000054,ecl,aggregate_load,168,42,seasonal_naive,348503.53571428574
1970-01-01 00:00:00.000000054,ecl,aggregate_load,168,42,seasonal_naive,346889.83928571426
1970-01-01 00:00:00.000000054,ecl,aggregate_load,168,42,seasonal_naive,322346.4285714286
1970-01-01 00:00:00.000000054,ecl,aggregate_load,168,42,seasonal_naive,314281.79761904763
1970-01-01 00:00:00.000000054,ecl,aggregate_load,168,42,seasonal_naive,318653.1130952381
1970-01-01 00:00:00.000000054,ecl,aggregate_load,168,42,seasonal_naive,314348.75
1970-01-01 00:00:00.000000054,ecl,aggregate_load,168,42,seasonal_naive,323686.98214285716
1970-01-01 00:00:00.000000054,ecl,aggregate_load,168,42,seasonal_naive,329181.3869047619
1970-01-01 00:00:00.000000054,ecl,aggregate_load,168,42,seasonal_naive,330430.2738095238
1970-01-01 00:00:00.000000054,ecl,aggregate_load,168,42,seasonal_naive,323574.7738095238
1970-01-01 00:00:00.000000054,ecl,aggregate_load,168,42,seasonal_naive,336177.50595238095
1970-01-01 00:00:00.000000054,ecl,aggregate_load,168,42,seasonal_naive,339613.5238095238
1970-01-01 00:00:00.000000055,ecl,aggregate_load,168,42,seasonal_naive,351800.84523809527
1970-01-01 00:00:00.000000055,ecl,aggregate_load,168,42,seasonal_naive,349045.61904761905
1970-01-01 00:00:00.000000055,ecl,aggregate_load,168,42,seasonal_naive,350807.2083333333
1970-01-01 00:00:00.000000055,ecl,aggregate_load,168,42,seasonal_naive,324446.3869047619
1970-01-01 00:00:00.000000055,ecl,aggregate_load,168,42,seasonal_naive,324509.6369047619
1970-01-01 00:00:00.000000055,ecl,aggregate_load,168,42,seasonal_naive,334174.26785714284
1970-01-01 00:00:00.000000055,ecl,aggregate_load,168,42,seasonal_naive,342032.3333333333
1970-01-01 00:00:00.000000055,ecl,aggregate_load,168,42,seasonal_naive,345266.6488095238
1970-01-01 00:00:00.000000055,ecl,aggregate_load,168,42,seasonal_naive,343055.4285714286
1970-01-01 00:00:00.000000055,ecl,aggregate_load,168,42,seasonal_naive,340025.6011904762
1970-01-01 00:00:00.000000055,ecl,aggregate_load,168,42,seasonal_naive,342862.17261904763
1970-01-01 00:00:00.000000055,ecl,aggregate_load,168,42,seasonal_naive,331620.28571428574
1970-01-01 00:00:00.000000055,ecl,aggregate_load,168,42,seasonal_naive,329694.48214285716
1970-01-01 00:00:00.000000055,ecl,aggregate_load,168,42,seasonal_naive,329833.6904761905
1970-01-01 00:00:00.000000055,ecl,aggregate_load,168,42,seasonal_naive,350027.45238095237
1970-01-01 00:00:00.000000055,ecl,aggregate_load,168,42,seasonal_naive,352520.17261904763
1970-01-01 00:00:00.000000055,ecl,aggregate_load,168,42,seasonal_naive,346729.66071428574
1970-01-01 00:00:00.000000055,ecl,aggregate_load,168,42,seasonal_naive,344625.0
1970-01-01 00:00:00.000000055,ecl,aggregate_load,168,42,seasonal_naive,323374.29761904763
1970-01-01 00:00:00.000000055,ecl,aggregate_load,168,42,seasonal_naive,327495.8154761905
1970-01-01 00:00:00.000000055,ecl,aggregate_load,168,42,seasonal_naive,331188.89285714284
1970-01-01 00:00:00.000000055,ecl,aggregate_load,168,42,seasonal_naive,333477.39285714284
1970-01-01 00:00:00.000000055,ecl,aggregate_load,168,42,seasonal_naive,319039.0
1970-01-01 00:00:00.000000055,ecl,aggregate_load,168,42,seasonal_naive,310706.4166666667
1970-01-01 00:00:00.000000055,ecl,aggregate_load,168,42,seasonal_naive,297505.6011904762
1970-01-01 00:00:00.000000055,ecl,aggregate_load,168,42,seasonal_naive,302795.8630952381
1970-01-01 00:00:00.000000055,ecl,aggregate_load,168,42,seasonal_naive,305899.83928571426
1970-01-01 00:00:00.000000055,ecl,aggregate_load,168,42,seasonal_naive,307072.25
1970-01-01 00:00:00.000000055,ecl,aggregate_load,168,42,seasonal_naive,318146.1964285714
1970-01-01 00:00:00.000000055,ecl,aggregate_load,168,42,seasonal_naive,312982.875
1970-01-01 00:00:00.000000055,ecl,aggregate_load,168,42,seasonal_naive,304407.89285714284
1970-01-01 00:00:00.000000055,ecl,aggregate_load,168,42,seasonal_naive,309188.77976190473
1970-01-01 00:00:00.000000055,ecl,aggregate_load,168,42,seasonal_naive,316490.04761904763
1970-01-01 00:00:00.000000055,ecl,aggregate_load,168,42,seasonal_naive,318776.17261904763
1970-01-01 00:00:00.000000055,ecl,aggregate_load,168,42,seasonal_naive,318128.0
1970-01-01 00:00:00.000000055,ecl,aggregate_load,168,42,seasonal_naive,318886.47023809527
1970-01-01 00:00:00.000000055,ecl,aggregate_load,168,42,seasonal_naive,323469.9285714286
1970-01-01 00:00:00.000000055,ecl,aggregate_load,168,42,seasonal_naive,324581.92261904763
1970-01-01 00:00:00.000000055,ecl,aggregate_load,168,42,seasonal_naive,303835.1785714286
1970-01-01 00:00:00.000000055,ecl,aggregate_load,168,42,seasonal_naive,313820.2738095238
1970-01-01 00:00:00.000000055,ecl,aggregate_load,168,42,seasonal_naive,315225.73214285716
1970-01-01 00:00:00.000000055,ecl,aggregate_load,168,42,seasonal_naive,315684.86904761905
1970-01-01 00:00:00.000000055,ecl,aggregate_load,168,42,seasonal_naive,316464.6845238095
1970-01-01 00:00:00.000000055,ecl,aggregate_load,168,42,seasonal_naive,305524.8630952381
1970-01-01 00:00:00.000000055,ecl,aggregate_load,168,42,seasonal_naive,302052.66071428574
1970-01-01 00:00:00.000000055,ecl,aggregate_load,168,42,seasonal_naive,299669.08928571426
1970-01-01 00:00:00.000000055,ecl,aggregate_load,168,42,seasonal_naive,297131.45238095237
1970-01-01 00:00:00.000000055,ecl,aggregate_load,168,42,seasonal_naive,293578.99404761905
1970-01-01 00:00:00.000000055,ecl,aggregate_load,168,42,seasonal_naive,292925.1666666667
1970-01-01 00:00:00.000000055,ecl,aggregate_load,168,42,seasonal_naive,290344.78571428574
1970-01-01 00:00:00.000000055,ecl,aggregate_load,168,42,seasonal_naive,295206.7083333333
1970-01-01 00:00:00.000000055,ecl,aggregate_load,168,42,seasonal_naive,296087.5654761905
1970-01-01 00:00:00.000000055,ecl,aggregate_load,168,42,seasonal_naive,287454.9464285714
1970-01-01 00:00:00.000000055,ecl,aggregate_load,168,42,seasonal_naive,291594.3214285714
1970-01-01 00:00:00.000000055,ecl,aggregate_load,168,42,seasonal_naive,293422.1369047619
1970-01-01 00:00:00.000000055,ecl,aggregate_load,168,42,seasonal_naive,287306.67261904763
1970-01-01 00:00:00.000000055,ecl,aggregate_load,168,42,seasonal_naive,289956.3511904762
1970-01-01 00:00:00.000000055,ecl,aggregate_load,168,42,seasonal_naive,290713.71428571426
1970-01-01 00:00:00.000000055,ecl,aggregate_load,168,42,seasonal_naive,291681.52976190473
1970-01-01 00:00:00.000000055,ecl,aggregate_load,168,42,seasonal_naive,292978.66071428574
1970-01-01 00:00:00.000000055,ecl,aggregate_load,168,42,seasonal_naive,281906.50595238095
1970-01-01 00:00:00.000000055,ecl,aggregate_load,168,42,seasonal_naive,285056.01785714284
1970-01-01 00:00:00.000000055,ecl,aggregate_load,168,42,seasonal_naive,287050.51785714284
1970-01-01 00:00:00.000000055,ecl,aggregate_load,168,42,seasonal_naive,283673.9583333333
1970-01-01 00:00:00.000000055,ecl,aggregate_load,168,42,seasonal_naive,284803.9880952381
1970-01-01 00:00:00.000000055,ecl,aggregate_load,168,42,seasonal_naive,285816.8035714286
1970-01-01 00:00:00.000000055,ecl,aggregate_load,168,42,seasonal_naive,285844.89285714284
1970-01-01 00:00:00.000000055,ecl,aggregate_load,168,42,seasonal_naive,287296.65476190473
1970-01-01 00:00:00.000000055,ecl,aggregate_load,168,42,seasonal_naive,292209.6904761905
1970-01-01 00:00:00.000000055,ecl,aggregate_load,168,42,seasonal_naive,307066.95238095237
1970-01-01 00:00:00.000000055,ecl,aggregate_load,168,42,seasonal_naive,307119.0535714286
1970-01-01 00:00:00.000000055,ecl,aggregate_load,168,42,seasonal_naive,308415.28571428574
1970-01-01 00:00:00.000000055,ecl,aggregate_load,168,42,seasonal_naive,312222.77976190473
1970-01-01 00:00:00.000000055,ecl,aggregate_load,168,42,seasonal_naive,316141.3154761905
1970-01-01 00:00:00.000000055,ecl,aggregate_load,168,42,seasonal_naive,322030.5714285714
1970-01-01 00:00:00.000000055,ecl,aggregate_load,168,42,seasonal_naive,324508.90476190473
1970-01-01 00:00:00.000000055,ecl,aggregate_load,168,42,seasonal_naive,317752.8869047619
1970-01-01 00:00:00.000000055,ecl,aggregate_load,168,42,seasonal_naive,314086.83928571426
1970-01-01 00:00:00.000000055,ecl,aggregate_load,168,42,seasonal_naive,315103.1845238095
1970-01-01 00:00:00.000000055,ecl,aggregate_load,168,42,seasonal_naive,311971.8035714286
1970-01-01 00:00:00.000000055,ecl,aggregate_load,168,42,seasonal_naive,305681.28571428574
1970-01-01 00:00:00.000000055,ecl,aggregate_load,168,42,seasonal_naive,304605.1785714286
1970-01-01 00:00:00.000000055,ecl,aggregate_load,168,42,seasonal_naive,304798.7261904762
1970-01-01 00:00:00.000000055,ecl,aggregate_load,168,42,seasonal_naive,309294.4404761905
1970-01-01 00:00:00.000000055,ecl,aggregate_load,168,42,seasonal_naive,321918.24404761905
1970-01-01 00:00:00.000000055,ecl,aggregate_load,168,42,seasonal_naive,316912.1369047619
1970-01-01 00:00:00.000000055,ecl,aggregate_load,168,42,seasonal_naive,319205.6130952381
1970-01-01 00:00:00.000000055,ecl,aggregate_load,168,42,seasonal_naive,323609.07738095237
1970-01-01 00:00:00.000000055,ecl,aggregate_load,168,42,seasonal_naive,323973.47023809527
1970-01-01 00:00:00.000000055,ecl,aggregate_load,168,42,seasonal_naive,328207.4583333333
1970-01-01 00:00:00.000000055,ecl,aggregate_load,168,42,seasonal_naive,352661.1369047619
1970-01-01 00:00:00.000000055,ecl,aggregate_load,168,42,seasonal_naive,352831.8333333333
1970-01-01 00:00:00.000000055,ecl,aggregate_load,168,42,seasonal_naive,359099.4345238095
1970-01-01 00:00:00.000000055,ecl,aggregate_load,168,42,seasonal_naive,342636.47023809527
1970-01-01 00:00:00.000000055,ecl,aggregate_load,168,42,seasonal_naive,368967.5833333333
1970-01-01 00:00:00.000000055,ecl,aggregate_load,168,42,seasonal_naive,364904.58928571426
1970-01-01 00:00:00.000000055,ecl,aggregate_load,168,42,seasonal_naive,362805.76785714284
1970-01-01 00:00:00.000000055,ecl,aggregate_load,168,42,seasonal_naive,364121.7380952381
1970-01-01 00:00:00.000000055,ecl,aggregate_load,168,42,seasonal_naive,351089.4285714286
1970-01-01 00:00:00.000000055,ecl,aggregate_load,168,42,seasonal_naive,355667.00595238095
1970-01-01 00:00:00.000000055,ecl,aggregate_load,168,42,seasonal_naive,360755.6666666667
1970-01-01 00:00:00.000000055,ecl,aggregate_load,168,42,seasonal_naive,361714.3869047619
1970-01-01 00:00:00.000000055,ecl,aggregate_load,168,42,seasonal_naive,361838.08928571426
1970-01-01 00:00:00.000000055,ecl,aggregate_load,168,42,seasonal_naive,368372.89285714284
1970-01-01 00:00:00.000000055,ecl,aggregate_load,168,42,seasonal_naive,370805.9880952381
1970-01-01 00:00:00.000000055,ecl,aggregate_load,168,42,seasonal_naive,371866.14285714284
1970-01-01 00:00:00.000000055,ecl,aggregate_load,168,42,seasonal_naive,374491.0595238095
1970-01-01 00:00:00.000000055,ecl,aggregate_load,168,42,seasonal_naive,372433.4166666667
1970-01-01 00:00:00.000000055,ecl,aggregate_load,168,42,seasonal_naive,360424.23214285716
1970-01-01 00:00:00.000000055,ecl,aggregate_load,168,42,seasonal_naive,361432.29761904763
1970-01-01 00:00:00.000000055,ecl,aggregate_load,168,42,seasonal_naive,365295.28571428574
1970-01-01 00:00:00.000000055,ecl,aggregate_load,168,42,seasonal_naive,358369.76785714284
1970-01-01 00:00:00.000000055,ecl,aggregate_load,168,42,seasonal_naive,360566.66071428574
1970-01-01 00:00:00.000000055,ecl,aggregate_load,168,42,seasonal_naive,356913.5119047619
1970-01-01 00:00:00.000000055,ecl,aggregate_load,168,42,seasonal_naive,334456.7083333333
1970-01-01 00:00:00.000000055,ecl,aggregate_load,168,42,seasonal_naive,335653.82738095237
1970-01-01 00:00:00.000000055,ecl,aggregate_load,168,42,seasonal_naive,328189.10714285716
1970-01-01 00:00:00.000000055,ecl,aggregate_load,168,42,seasonal_naive,327552.92261904763
1970-01-01 00:00:00.000000055,ecl,aggregate_load,168,42,seasonal_naive,298371.3511904762
1970-01-01 00:00:00.000000055,ecl,aggregate_load,168,42,seasonal_naive,300718.60714285716
1970-01-01 00:00:00.000000055,ecl,aggregate_load,168,42,seasonal_naive,302358.7916666667
1970-01-01 00:00:00.000000055,ecl,aggregate_load,168,42,seasonal_naive,298415.42261904763
1970-01-01 00:00:00.000000055,ecl,aggregate_load,168,42,seasonal_naive,299816.6488095238
1970-01-01 00:00:00.000000055,ecl,aggregate_load,168,42,seasonal_naive,296085.60714285716
1970-01-01 00:00:00.000000055,ecl,aggregate_load,168,42,seasonal_naive,287079.92261904763
1970-01-01 00:00:00.000000055,ecl,aggregate_load,168,42,seasonal_naive,286336.6785714286
1970-01-01 00:00:00.000000055,ecl,aggregate_load,168,42,seasonal_naive,287247.2380952381
1970-01-01 00:00:00.000000055,ecl,aggregate_load,168,42,seasonal_naive,279895.29761904763
1970-01-01 00:00:00.000000055,ecl,aggregate_load,168,42,seasonal_naive,281630.5833333333
1970-01-01 00:00:00.000000055,ecl,aggregate_load,168,42,seasonal_naive,283460.73214285716
1970-01-01 00:00:00.000000055,ecl,aggregate_load,168,42,seasonal_naive,289054.45238095237
1970-01-01 00:00:00.000000055,ecl,aggregate_load,168,42,seasonal_naive,289693.5119047619
1970-01-01 00:00:00.000000055,ecl,aggregate_load,168,42,seasonal_naive,296662.92261904763
1970-01-01 00:00:00.000000055,ecl,aggregate_load,168,42,seasonal_naive,302813.0119047619
1970-01-01 00:00:00.000000055,ecl,aggregate_load,168,42,seasonal_naive,302363.25595238095
1970-01-01 00:00:00.000000055,ecl,aggregate_load,168,42,seasonal_naive,306256.6666666667
1970-01-01 00:00:00.000000055,ecl,aggregate_load,168,42,seasonal_naive,306283.7083333333
1970-01-01 00:00:00.000000055,ecl,aggregate_load,168,42,seasonal_naive,324497.8988095238
1970-01-01 00:00:00.000000055,ecl,aggregate_load,168,42,seasonal_naive,325189.7738095238
1970-01-01 00:00:00.000000055,ecl,aggregate_load,168,42,seasonal_naive,336344.2738095238
1970-01-01 00:00:00.000000055,ecl,aggregate_load,168,42,seasonal_naive,326032.52976190473
1970-01-01 00:00:00.000000055,ecl,aggregate_load,168,42,seasonal_naive,326029.6845238095
1970-01-01 00:00:00.000000055,ecl,aggregate_load,168,42,seasonal_naive,329811.84523809527
1970-01-01 00:00:00.000000055,ecl,aggregate_load,168,42,seasonal_naive,336032.8630952381
1970-01-01 00:00:00.000000055,ecl,aggregate_load,168,42,seasonal_naive,342675.13095238095
1970-01-01 00:00:00.000000055,ecl,aggregate_load,168,42,seasonal_naive,346230.5654761905
1970-01-01 00:00:00.000000055,ecl,aggregate_load,168,42,seasonal_naive,351749.07738095237
1970-01-01 00:00:00.000000055,ecl,aggregate_load,168,42,seasonal_naive,359056.96428571426
1970-01-01 00:00:00.000000055,ecl,aggregate_load,168,42,seasonal_naive,358948.0535714286
1970-01-01 00:00:00.000000055,ecl,aggregate_load,168,42,seasonal_naive,360917.0119047619
1970-01-01 00:00:00.000000055,ecl,aggregate_load,168,42,seasonal_naive,357550.67261904763
1970-01-01 00:00:00.000000055,ecl,aggregate_load,168,42,seasonal_naive,358553.3035714286
1970-01-01 00:00:00.000000055,ecl,aggregate_load,168,42,seasonal_naive,366539.13095238095
1970-01-01 00:00:00.000000055,ecl,aggregate_load,168,42,seasonal_naive,368967.17261904763
1970-01-01 00:00:00.000000055,ecl,aggregate_load,168,42,seasonal_naive,374160.25595238095
1970-01-01 00:00:00.000000055,ecl,aggregate_load,168,42,seasonal_naive,375171.04761904763
1970-01-01 00:00:00.000000055,ecl,aggregate_load,168,42,seasonal_naive,369352.2380952381
1970-01-01 00:00:00.000000055,ecl,aggregate_load,168,42,seasonal_naive,359303.47023809527
1970-01-01 00:00:00.000000055,ecl,aggregate_load,168,42,seasonal_naive,360061.1964285714
1970-01-01 00:00:00.000000055,ecl,aggregate_load,168,42,seasonal_naive,361855.25595238095
1970-01-01 00:00:00.000000055,ecl,aggregate_load,168,42,seasonal_naive,362128.0
1970-01-01 00:00:00.000000055,ecl,aggregate_load,168,42,seasonal_naive,344020.07738095237
1970-01-01 00:00:00.000000055,ecl,aggregate_load,168,42,seasonal_naive,345737.71428571426
1970-01-01 00:00:00.000000055,ecl,aggregate_load,168,42,seasonal_naive,332892.125
1970-01-01 00:00:00.000000055,ecl,aggregate_load,168,42,seasonal_naive,337283.6964285714
1970-01-01 00:00:00.000000055,ecl,aggregate_load,168,42,seasonal_naive,343846.3035714286
1970-01-01 00:00:00.000000055,ecl,aggregate_load,168,42,seasonal_naive,345580.47023809527
1970-01-01 00:00:00.000000055,ecl,aggregate_load,168,42,seasonal_naive,337326.50595238095
1970-01-01 00:00:00.000000055,ecl,aggregate_load,168,42,seasonal_naive,330812.32738095237
1970-01-01 00:00:00.000000055,ecl,aggregate_load,168,42,seasonal_naive,323390.96428571426
1970-01-01 00:00:00.000000055,ecl,aggregate_load,168,42,seasonal_naive,318349.0595238095
1970-01-01 00:00:00.000000055,ecl,aggregate_load,168,42,seasonal_naive,319271.9583333333
1970-01-01 00:00:00.000000055,ecl,aggregate_load,168,42,seasonal_naive,332371.125
1970-01-01 00:00:00.000000055,ecl,aggregate_load,168,42,seasonal_naive,346251.8214285714
1970-01-01 00:00:00.000000055,ecl,aggregate_load,168,42,seasonal_naive,347546.1785714286
1970-01-01 00:00:00.000000055,ecl,aggregate_load,168,42,seasonal_naive,348472.5595238095
1970-01-01 00:00:00.000000055,ecl,aggregate_load,168,42,seasonal_naive,348571.5535714286
1970-01-01 00:00:00.000000055,ecl,aggregate_load,168,42,seasonal_naive,351662.08928571426
1970-01-01 00:00:00.000000055,ecl,aggregate_load,168,42,seasonal_naive,335232.48214285716
1970-01-01 00:00:00.000000055,ecl,aggregate_load,168,42,seasonal_naive,341369.4404761905
1970-01-01 00:00:00.000000055,ecl,aggregate_load,168,42,seasonal_naive,341069.13095238095
1970-01-01 00:00:00.000000055,ecl,aggregate_load,168,42,seasonal_naive,351346.86904761905
1970-01-01 00:00:00.000000055,ecl,aggregate_load,168,42,seasonal_naive,354260.99404761905
1970-01-01 00:00:00.000000055,ecl,aggregate_load,168,42,seasonal_naive,346656.90476190473
1970-01-01 00:00:00.000000055,ecl,aggregate_load,168,42,seasonal_naive,346523.33928571426
1970-01-01 00:00:00.000000055,ecl,aggregate_load,168,42,seasonal_naive,357579.7380952381
1970-01-01 00:00:00.000000055,ecl,aggregate_load,168,42,seasonal_naive,357790.89285714284
1970-01-01 00:00:00.000000055,ecl,aggregate_load,168,42,seasonal_naive,361045.0595238095
1970-01-01 00:00:00.000000055,ecl,aggregate_load,168,42,seasonal_naive,364341.1845238095
1970-01-01 00:00:00.000000055,ecl,aggregate_load,168,42,seasonal_naive,363205.5238095238
1970-01-01 00:00:00.000000055,ecl,aggregate_load,168,42,seasonal_naive,363227.20238095237
1970-01-01 00:00:00.000000055,ecl,aggregate_load,168,42,seasonal_naive,364955.2738095238
1970-01-01 00:00:00.000000055,ecl,aggregate_load,168,42,seasonal_naive,369801.6964285714
1970-01-01 00:00:00.000000055,ecl,aggregate_load,168,42,seasonal_naive,374881.07738095237
1970-01-01 00:00:00.000000055,ecl,aggregate_load,168,42,seasonal_naive,377040.65476190473
1970-01-01 00:00:00.000000056,ecl,aggregate_load,168,42,seasonal_naive,384080.1488095238
1970-01-01 00:00:00.000000056,ecl,aggregate_load,168,42,seasonal_naive,375835.3511904762
1970-01-01 00:00:00.000000056,ecl,aggregate_load,168,42,seasonal_naive,363798.1488095238
1970-01-01 00:00:00.000000056,ecl,aggregate_load,168,42,seasonal_naive,364651.6964285714
1970-01-01 00:00:00.000000056,ecl,aggregate_load,168,42,seasonal_naive,370399.03571428574
1970-01-01 00:00:00.000000056,ecl,aggregate_load,168,42,seasonal_naive,354202.2619047619
1970-01-01 00:00:00.000000056,ecl,aggregate_load,168,42,seasonal_naive,361486.3214285714
1970-01-01 00:00:00.000000056,ecl,aggregate_load,168,42,seasonal_naive,363608.0
1970-01-01 00:00:00.000000056,ecl,aggregate_load,168,42,seasonal_naive,359620.15476190473
1970-01-01 00:00:00.000000056,ecl,aggregate_load,168,42,seasonal_naive,366226.6785714286
1970-01-01 00:00:00.000000056,ecl,aggregate_load,168,42,seasonal_naive,354125.46428571426
1970-01-01 00:00:00.000000056,ecl,aggregate_load,168,42,seasonal_naive,353895.09523809527
1970-01-01 00:00:00.000000056,ecl,aggregate_load,168,42,seasonal_naive,355294.25595238095
1970-01-01 00:00:00.000000056,ecl,aggregate_load,168,42,seasonal_naive,359147.63095238095
1970-01-01 00:00:00.000000056,ecl,aggregate_load,168,42,seasonal_naive,355605.5595238095
1970-01-01 00:00:00.000000056,ecl,aggregate_load,168,42,seasonal_naive,359395.90476190473
1970-01-01 00:00:00.000000056,ecl,aggregate_load,168,42,seasonal_naive,358506.14285714284
1970-01-01 00:00:00.000000056,ecl,aggregate_load,168,42,seasonal_naive,355941.1785714286
1970-01-01 00:00:00.000000056,ecl,aggregate_load,168,42,seasonal_naive,360949.15476190473
1970-01-01 00:00:00.000000056,ecl,aggregate_load,168,42,seasonal_naive,366802.375
1970-01-01 00:00:00.000000056,ecl,aggregate_load,168,42,seasonal_naive,368333.5654761905
1970-01-01 00:00:00.000000056,ecl,aggregate_load,168,42,seasonal_naive,367539.25
1970-01-01 00:00:00.000000056,ecl,aggregate_load,168,42,seasonal_naive,361138.9464285714
1970-01-01 00:00:00.000000056,ecl,aggregate_load,168,42,seasonal_naive,359173.25
1970-01-01 00:00:00.000000056,ecl,aggregate_load,168,42,seasonal_naive,340096.77976190473
1970-01-01 00:00:00.000000056,ecl,aggregate_load,168,42,seasonal_naive,335933.8869047619
1970-01-01 00:00:00.000000056,ecl,aggregate_load,168,42,seasonal_naive,330597.3035714286
1970-01-01 00:00:00.000000056,ecl,aggregate_load,168,42,seasonal_naive,333265.0595238095
1970-01-01 00:00:00.000000056,ecl,aggregate_load,168,42,seasonal_naive,333599.1845238095
1970-01-01 00:00:00.000000056,ecl,aggregate_load,168,42,seasonal_naive,334846.0595238095
1970-01-01 00:00:00.000000056,ecl,aggregate_load,168,42,seasonal_naive,335152.8333333333
1970-01-01 00:00:00.000000056,ecl,aggregate_load,168,42,seasonal_naive,341002.3511904762
1970-01-01 00:00:00.000000056,ecl,aggregate_load,168,42,seasonal_naive,344868.67261904763
1970-01-01 00:00:00.000000056,ecl,aggregate_load,168,42,seasonal_naive,339579.4345238095
1970-01-01 00:00:00.000000056,ecl,aggregate_load,168,42,seasonal_naive,342225.11904761905
1970-01-01 00:00:00.000000056,ecl,aggregate_load,168,42,seasonal_naive,346572.8154761905
1970-01-01 00:00:00.000000056,ecl,aggregate_load,168,42,seasonal_naive,360266.375
1970-01-01 00:00:00.000000056,ecl,aggregate_load,168,42,seasonal_naive,368759.97023809527
1970-01-01 00:00:00.000000056,ecl,aggregate_load,168,42,seasonal_naive,372784.29761904763
1970-01-01 00:00:00.000000056,ecl,aggregate_load,168,42,seasonal_naive,380045.4761904762
1970-01-01 00:00:00.000000056,ecl,aggregate_load,168,42,seasonal_naive,370235.26785714284
1970-01-01 00:00:00.000000056,ecl,aggregate_load,168,42,seasonal_naive,372970.7380952381
1970-01-01 00:00:00.000000056,ecl,aggregate_load,168,42,seasonal_naive,368808.85714285716
1970-01-01 00:00:00.000000056,ecl,aggregate_load,168,42,seasonal_naive,366941.3333333333
1970-01-01 00:00:00.000000056,ecl,aggregate_load,168,42,seasonal_naive,370134.34523809527
1970-01-01 00:00:00.000000056,ecl,aggregate_load,168,42,seasonal_naive,367390.02976190473
1970-01-01 00:00:00.000000056,ecl,aggregate_load,168,42,seasonal_naive,375877.1130952381
1970-01-01 00:00:00.000000056,ecl,aggregate_load,168,42,seasonal_naive,379293.38095238095
1970-01-01 00:00:00.000000056,ecl,aggregate_load,168,42,seasonal_naive,379881.0535714286
1970-01-01 00:00:00.000000056,ecl,aggregate_load,168,42,seasonal_naive,381076.0119047619
1970-01-01 00:00:00.000000056,ecl,aggregate_load,168,42,seasonal_naive,386044.3095238095
1970-01-01 00:00:00.000000056,ecl,aggregate_load,168,42,seasonal_naive,388328.27976190473
1970-01-01 00:00:00.000000056,ecl,aggregate_load,168,42,seasonal_naive,379789.6130952381
1970-01-01 00:00:00.000000056,ecl,aggregate_load,168,42,seasonal_naive,383218.95238095237
1970-01-01 00:00:00.000000056,ecl,aggregate_load,168,42,seasonal_naive,372889.2916666667
1970-01-01 00:00:00.000000056,ecl,aggregate_load,168,42,seasonal_naive,369475.70238095237
1970-01-01 00:00:00.000000056,ecl,aggregate_load,168,42,seasonal_naive,369427.20238095237
1970-01-01 00:00:00.000000056,ecl,aggregate_load,168,42,seasonal_naive,380328.8511904762
1970-01-01 00:00:00.000000056,ecl,aggregate_load,168,42,seasonal_naive,387849.2261904762
1970-01-01 00:00:00.000000056,ecl,aggregate_load,168,42,seasonal_naive,387650.90476190473
1970-01-01 00:00:00.000000056,ecl,aggregate_load,168,42,seasonal_naive,377438.00595238095
1970-01-01 00:00:00.000000056,ecl,aggregate_load,168,42,seasonal_naive,372675.5416666667
1970-01-01 00:00:00.000000056,ecl,aggregate_load,168,42,seasonal_naive,359685.73214285716
1970-01-01 00:00:00.000000056,ecl,aggregate_load,168,42,seasonal_naive,350218.54761904763
1970-01-01 00:00:00.000000056,ecl,aggregate_load,168,42,seasonal_naive,357335.4880952381
1970-01-01 00:00:00.000000056,ecl,aggregate_load,168,42,seasonal_naive,357293.71428571426
1970-01-01 00:00:00.000000056,ecl,aggregate_load,168,42,seasonal_naive,356752.2619047619
1970-01-01 00:00:00.000000056,ecl,aggregate_load,168,42,seasonal_naive,352746.875
1970-01-01 00:00:00.000000056,ecl,aggregate_load,168,42,seasonal_naive,358965.3035714286
1970-01-01 00:00:00.000000056,ecl,aggregate_load,168,42,seasonal_naive,360985.57738095237
1970-01-01 00:00:00.000000056,ecl,aggregate_load,168,42,seasonal_naive,358210.3630952381
1970-01-01 00:00:00.000000056,ecl,aggregate_load,168,42,seasonal_naive,351520.8095238095
1970-01-01 00:00:00.000000056,ecl,aggregate_load,168,42,seasonal_naive,351808.88095238095
1970-01-01 00:00:00.000000056,ecl,aggregate_load,168,42,seasonal_naive,351496.97023809527
1970-01-01 00:00:00.000000056,ecl,aggregate_load,168,42,seasonal_naive,362748.8035714286
1970-01-01 00:00:00.000000056,ecl,aggregate_load,168,42,seasonal_naive,356953.2261904762
1970-01-01 00:00:00.000000056,ecl,aggregate_load,168,42,seasonal_naive,356297.51785714284
1970-01-01 00:00:00.000000056,ecl,aggregate_load,168,42,seasonal_naive,357159.3511904762
1970-01-01 00:00:00.000000056,ecl,aggregate_load,168,42,seasonal_naive,371949.625
1970-01-01 00:00:00.000000056,ecl,aggregate_load,168,42,seasonal_naive,379565.76785714284
1970-01-01 00:00:00.000000056,ecl,aggregate_load,168,42,seasonal_naive,377069.5
1970-01-01 00:00:00.000000056,ecl,aggregate_load,168,42,seasonal_naive,365157.375
1970-01-01 00:00:00.000000056,ecl,aggregate_load,168,42,seasonal_naive,362089.75
1970-01-01 00:00:00.000000056,ecl,aggregate_load,168,42,seasonal_naive,356327.54761904763
1970-01-01 00:00:00.000000056,ecl,aggregate_load,168,42,seasonal_naive,347729.9583333333
1970-01-01 00:00:00.000000056,ecl,aggregate_load,168,42,seasonal_naive,352747.75595238095
1970-01-01 00:00:00.000000056,ecl,aggregate_load,168,42,seasonal_naive,352702.17261904763
1970-01-01 00:00:00.000000056,ecl,aggregate_load,168,42,seasonal_naive,356687.40476190473
1970-01-01 00:00:00.000000056,ecl,aggregate_load,168,42,seasonal_naive,353902.9464285714
1970-01-01 00:00:00.000000056,ecl,aggregate_load,168,42,seasonal_naive,356616.14285714284
1970-01-01 00:00:00.000000056,ecl,aggregate_load,168,42,seasonal_naive,357665.52976190473
1970-01-01 00:00:00.000000056,ecl,aggregate_load,168,42,seasonal_naive,361171.98214285716
1970-01-01 00:00:00.000000056,ecl,aggregate_load,168,42,seasonal_naive,354799.95238095237
1970-01-01 00:00:00.000000056,ecl,aggregate_load,168,42,seasonal_naive,369604.5238095238
1970-01-01 00:00:00.000000056,ecl,aggregate_load,168,42,seasonal_naive,364822.9464285714
1970-01-01 00:00:00.000000056,ecl,aggregate_load,168,42,seasonal_naive,365828.9345238095
1970-01-01 00:00:00.000000056,ecl,aggregate_load,168,42,seasonal_naive,364747.02976190473
1970-01-01 00:00:00.000000056,ecl,aggregate_load,168,42,seasonal_naive,364031.32738095237
1970-01-01 00:00:00.000000056,ecl,aggregate_load,168,42,seasonal_naive,347636.8511904762
1970-01-01 00:00:00.000000056,ecl,aggregate_load,168,42,seasonal_naive,355741.1785714286
1970-01-01 00:00:00.000000056,ecl,aggregate_load,168,42,seasonal_naive,361357.98214285716
1970-01-01 00:00:00.000000056,ecl,aggregate_load,168,42,seasonal_naive,359059.8988095238
1970-01-01 00:00:00.000000056,ecl,aggregate_load,168,42,seasonal_naive,340751.8214285714
1970-01-01 00:00:00.000000056,ecl,aggregate_load,168,42,seasonal_naive,336276.2738095238
1970-01-01 00:00:00.000000056,ecl,aggregate_load,168,42,seasonal_naive,332975.11904761905
1970-01-01 00:00:00.000000056,ecl,aggregate_load,168,42,seasonal_naive,334930.53571428574
1970-01-01 00:00:00.000000056,ecl,aggregate_load,168,42,seasonal_naive,327391.9761904762
1970-01-01 00:00:00.000000056,ecl,aggregate_load,168,42,seasonal_naive,321213.0535714286
1970-01-01 00:00:00.000000056,ecl,aggregate_load,168,42,seasonal_naive,326414.41071428574
1970-01-01 00:00:00.000000056,ecl,aggregate_load,168,42,seasonal_naive,315208.24404761905
1970-01-01 00:00:00.000000056,ecl,aggregate_load,168,42,seasonal_naive,317379.32738095237
1970-01-01 00:00:00.000000056,ecl,aggregate_load,168,42,seasonal_naive,323583.08928571426
1970-01-01 00:00:00.000000056,ecl,aggregate_load,168,42,seasonal_naive,322776.7261904762
1970-01-01 00:00:00.000000056,ecl,aggregate_load,168,42,seasonal_naive,318871.0833333333
1970-01-01 00:00:00.000000056,ecl,aggregate_load,168,42,seasonal_naive,325091.3869047619
1970-01-01 00:00:00.000000056,ecl,aggregate_load,168,42,seasonal_naive,323511.33928571426
1970-01-01 00:00:00.000000056,ecl,aggregate_load,168,42,seasonal_naive,325624.39285714284
1970-01-01 00:00:00.000000056,ecl,aggregate_load,168,42,seasonal_naive,307746.52976190473
1970-01-01 00:00:00.000000056,ecl,aggregate_load,168,42,seasonal_naive,305427.09523809527
1970-01-01 00:00:00.000000056,ecl,aggregate_load,168,42,seasonal_naive,314368.98214285716
1970-01-01 00:00:00.000000056,ecl,aggregate_load,168,42,seasonal_naive,315801.1845238095
1970-01-01 00:00:00.000000056,ecl,aggregate_load,168,42,seasonal_naive,317926.70238095237
1970-01-01 00:00:00.000000056,ecl,aggregate_load,168,42,seasonal_naive,320374.7916666667
1970-01-01 00:00:00.000000056,ecl,aggregate_load,168,42,seasonal_naive,309450.24404761905
1970-01-01 00:00:00.000000056,ecl,aggregate_load,168,42,seasonal_naive,313136.4880952381
1970-01-01 00:00:00.000000056,ecl,aggregate_load,168,42,seasonal_naive,326747.99404761905
1970-01-01 00:00:00.000000056,ecl,aggregate_load,168,42,seasonal_naive,327179.3988095238
1970-01-01 00:00:00.000000056,ecl,aggregate_load,168,42,seasonal_naive,330348.7083333333
1970-01-01 00:00:00.000000056,ecl,aggregate_load,168,42,seasonal_naive,336527.8095238095
1970-01-01 00:00:00.000000056,ecl,aggregate_load,168,42,seasonal_naive,341387.1785714286
1970-01-01 00:00:00.000000056,ecl,aggregate_load,168,42,seasonal_naive,347071.0595238095
1970-01-01 00:00:00.000000056,ecl,aggregate_load,168,42,seasonal_naive,353702.8630952381
1970-01-01 00:00:00.000000056,ecl,aggregate_load,168,42,seasonal_naive,358823.86904761905
1970-01-01 00:00:00.000000056,ecl,aggregate_load,168,42,seasonal_naive,357585.2083333333
1970-01-01 00:00:00.000000056,ecl,aggregate_load,168,42,seasonal_naive,355279.28571428574
1970-01-01 00:00:00.000000056,ecl,aggregate_load,168,42,seasonal_naive,340277.58928571426
1970-01-01 00:00:00.000000056,ecl,aggregate_load,168,42,seasonal_naive,343735.99404761905
1970-01-01 00:00:00.000000056,ecl,aggregate_load,168,42,seasonal_naive,350123.6785714286
1970-01-01 00:00:00.000000056,ecl,aggregate_load,168,42,seasonal_naive,348541.0119047619
1970-01-01 00:00:00.000000056,ecl,aggregate_load,168,42,seasonal_naive,350175.20238095237
1970-01-01 00:00:00.000000056,ecl,aggregate_load,168,42,seasonal_naive,347946.2261904762
1970-01-01 00:00:00.000000056,ecl,aggregate_load,168,42,seasonal_naive,353133.78571428574
1970-01-01 00:00:00.000000056,ecl,aggregate_load,168,42,seasonal_naive,354245.65476190473
1970-01-01 00:00:00.000000056,ecl,aggregate_load,168,42,seasonal_naive,347023.6845238095
1970-01-01 00:00:00.000000056,ecl,aggregate_load,168,42,seasonal_naive,350591.3630952381
1970-01-01 00:00:00.000000056,ecl,aggregate_load,168,42,seasonal_naive,353824.5238095238
1970-01-01 00:00:00.000000056,ecl,aggregate_load,168,42,seasonal_naive,354193.4583333333
1970-01-01 00:00:00.000000056,ecl,aggregate_load,168,42,seasonal_naive,367762.60714285716
1970-01-01 00:00:00.000000056,ecl,aggregate_load,168,42,seasonal_naive,356398.9761904762
1970-01-01 00:00:00.000000056,ecl,aggregate_load,168,42,seasonal_naive,346415.25595238095
1970-01-01 00:00:00.000000056,ecl,aggregate_load,168,42,seasonal_naive,351764.59523809527
1970-01-01 00:00:00.000000056,ecl,aggregate_load,168,42,seasonal_naive,341041.14285714284
1970-01-01 00:00:00.000000056,ecl,aggregate_load,168,42,seasonal_naive,338743.40476190473
1970-01-01 00:00:00.000000056,ecl,aggregate_load,168,42,seasonal_naive,331523.99404761905
1970-01-01 00:00:00.000000056,ecl,aggregate_load,168,42,seasonal_naive,326614.375
1970-01-01 00:00:00.000000056,ecl,aggregate_load,168,42,seasonal_naive,315175.90476190473
1970-01-01 00:00:00.000000056,ecl,aggregate_load,168,42,seasonal_naive,307118.5535714286
1970-01-01 00:00:00.000000056,ecl,aggregate_load,168,42,seasonal_naive,311987.45238095237
1970-01-01 00:00:00.000000056,ecl,aggregate_load,168,42,seasonal_naive,317835.26785714284
1970-01-01 00:00:00.000000056,ecl,aggregate_load,168,42,seasonal_naive,333677.51785714284
1970-01-01 00:00:00.000000056,ecl,aggregate_load,168,42,seasonal_naive,337063.11904761905
1970-01-01 00:00:00.000000057,ecl,aggregate_load,168,42,seasonal_naive,341724.27976190473
1970-01-01 00:00:00.000000057,ecl,aggregate_load,168,42,seasonal_naive,348990.4464285714
1970-01-01 00:00:00.000000057,ecl,aggregate_load,168,42,seasonal_naive,347075.16071428574
1970-01-01 00:00:00.000000057,ecl,aggregate_load,168,42,seasonal_naive,346236.8869047619
1970-01-01 00:00:00.000000057,ecl,aggregate_load,168,42,seasonal_naive,340572.4583333333
1970-01-01 00:00:00.000000057,ecl,aggregate_load,168,42,seasonal_naive,340166.25
1970-01-01 00:00:00.000000057,ecl,aggregate_load,168,42,seasonal_naive,344884.7916666667
1970-01-01 00:00:00.000000057,ecl,aggregate_load,168,42,seasonal_naive,344810.52976190473
1970-01-01 00:00:00.000000057,ecl,aggregate_load,168,42,seasonal_naive,344328.3630952381
1970-01-01 00:00:00.000000057,ecl,aggregate_load,168,42,seasonal_naive,348492.21428571426
1970-01-01 00:00:00.000000057,ecl,aggregate_load,168,42,seasonal_naive,333520.51785714284
1970-01-01 00:00:00.000000057,ecl,aggregate_load,168,42,seasonal_naive,340835.4345238095
1970-01-01 00:00:00.000000057,ecl,aggregate_load,168,42,seasonal_naive,335089.60714285716
1970-01-01 00:00:00.000000057,ecl,aggregate_load,168,42,seasonal_naive,343435.7738095238
1970-01-01 00:00:00.000000057,ecl,aggregate_load,168,42,seasonal_naive,343106.7083333333
1970-01-01 00:00:00.000000057,ecl,aggregate_load,168,42,seasonal_naive,348103.03571428574
1970-01-01 00:00:00.000000057,ecl,aggregate_load,168,42,seasonal_naive,358973.5595238095
1970-01-01 00:00:00.000000057,ecl,aggregate_load,168,42,seasonal_naive,361259.3214285714
1970-01-01 00:00:00.000000057,ecl,aggregate_load,168,42,seasonal_naive,360975.34523809527
1970-01-01 00:00:00.000000057,ecl,aggregate_load,168,42,seasonal_naive,363007.89285714284
1970-01-01 00:00:00.000000057,ecl,aggregate_load,168,42,seasonal_naive,368771.0119047619
1970-01-01 00:00:00.000000057,ecl,aggregate_load,168,42,seasonal_naive,378666.4583333333
1970-01-01 00:00:00.000000057,ecl,aggregate_load,168,42,seasonal_naive,365277.1130952381
1970-01-01 00:00:00.000000057,ecl,aggregate_load,168,42,seasonal_naive,373932.8869047619
1970-01-01 00:00:00.000000057,ecl,aggregate_load,168,42,seasonal_naive,366411.1369047619
1970-01-01 00:00:00.000000057,ecl,aggregate_load,168,42,seasonal_naive,350627.92261904763
1970-01-01 00:00:00.000000057,ecl,aggregate_load,168,42,seasonal_naive,351166.8214285714
1970-01-01 00:00:00.000000057,ecl,aggregate_load,168,42,seasonal_naive,366960.2380952381
1970-01-01 00:00:00.000000057,ecl,aggregate_load,168,42,seasonal_naive,367807.14285714284
1970-01-01 00:00:00.000000057,ecl,aggregate_load,168,42,seasonal_naive,366337.7738095238
1970-01-01 00:00:00.000000057,ecl,aggregate_load,168,42,seasonal_naive,361166.9761904762
1970-01-01 00:00:00.000000057,ecl,aggregate_load,168,42,seasonal_naive,359593.75
1970-01-01 00:00:00.000000057,ecl,aggregate_load,168,42,seasonal_naive,366433.67261904763
1970-01-01 00:00:00.000000057,ecl,aggregate_load,168,42,seasonal_naive,366243.02976190473
1970-01-01 00:00:00.000000057,ecl,aggregate_load,168,42,seasonal_naive,367636.75
1970-01-01 00:00:00.000000057,ecl,aggregate_load,168,42,seasonal_naive,364077.96428571426
1970-01-01 00:00:00.000000057,ecl,aggregate_load,168,42,seasonal_naive,377675.5119047619
1970-01-01 00:00:00.000000057,ecl,aggregate_load,168,42,seasonal_naive,369540.60714285716
1970-01-01 00:00:00.000000057,ecl,aggregate_load,168,42,seasonal_naive,383973.2916666667
1970-01-01 00:00:00.000000057,ecl,aggregate_load,168,42,seasonal_naive,374604.70238095237
1970-01-01 00:00:00.000000057,ecl,aggregate_load,168,42,seasonal_naive,366756.1130952381
1970-01-01 00:00:00.000000057,ecl,aggregate_load,168,42,seasonal_naive,365276.83928571426
1970-01-01 00:00:00.000000057,ecl,aggregate_load,168,42,seasonal_naive,365468.28571428574
1970-01-01 00:00:00.000000057,ecl,aggregate_load,168,42,seasonal_naive,370836.36904761905
1970-01-01 00:00:00.000000057,ecl,aggregate_load,168,42,seasonal_naive,358830.32738095237
1970-01-01 00:00:00.000000057,ecl,aggregate_load,168,42,seasonal_naive,350271.58928571426
1970-01-01 00:00:00.000000057,ecl,aggregate_load,168,42,seasonal_naive,358511.2261904762
1970-01-01 00:00:00.000000057,ecl,aggregate_load,168,42,seasonal_naive,354570.0
1970-01-01 00:00:00.000000057,ecl,aggregate_load,168,42,seasonal_naive,344908.85714285716
1970-01-01 00:00:00.000000057,ecl,aggregate_load,168,42,seasonal_naive,348955.0238095238
1970-01-01 00:00:00.000000057,ecl,aggregate_load,168,42,seasonal_naive,350820.83928571426
1970-01-01 00:00:00.000000057,ecl,aggregate_load,168,42,seasonal_naive,343133.75
1970-01-01 00:00:00.000000057,ecl,aggregate_load,168,42,seasonal_naive,346586.27976190473
1970-01-01 00:00:00.000000057,ecl,aggregate_load,168,42,seasonal_naive,356727.5833333333
1970-01-01 00:00:00.000000057,ecl,aggregate_load,168,42,seasonal_naive,364369.2916666667
1970-01-01 00:00:00.000000057,ecl,aggregate_load,168,42,seasonal_naive,366435.5714285714
1970-01-01 00:00:00.000000057,ecl,aggregate_load,168,42,seasonal_naive,362899.6785714286
1970-01-01 00:00:00.000000057,ecl,aggregate_load,168,42,seasonal_naive,369103.4345238095
1970-01-01 00:00:00.000000057,ecl,aggregate_load,168,42,seasonal_naive,375034.50595238095
1970-01-01 00:00:00.000000057,ecl,aggregate_load,168,42,seasonal_naive,378024.07738095237
1970-01-01 00:00:00.000000057,ecl,aggregate_load,168,42,seasonal_naive,370556.92261904763
1970-01-01 00:00:00.000000057,ecl,aggregate_load,168,42,seasonal_naive,362200.3095238095
1970-01-01 00:00:00.000000057,ecl,aggregate_load,168,42,seasonal_naive,357508.67261904763
1970-01-01 00:00:00.000000057,ecl,aggregate_load,168,42,seasonal_naive,362309.7261904762
1970-01-01 00:00:00.000000057,ecl,aggregate_load,168,42,seasonal_naive,359959.2083333333
1970-01-01 00:00:00.000000057,ecl,aggregate_load,168,42,seasonal_naive,361557.49404761905
1970-01-01 00:00:00.000000058,ecl,aggregate_load,168,42,seasonal_naive,366398.16071428574
1970-01-01 00:00:00.000000058,ecl,aggregate_load,168,42,seasonal_naive,367269.79761904763
1970-01-01 00:00:00.000000058,ecl,aggregate_load,168,42,seasonal_naive,377173.2380952381
1970-01-01 00:00:00.000000058,ecl,aggregate_load,168,42,seasonal_naive,379232.73214285716
1970-01-01 00:00:00.000000058,ecl,aggregate_load,168,42,seasonal_naive,367860.78571428574
1970-01-01 00:00:00.000000058,ecl,aggregate_load,168,42,seasonal_naive,356386.42261904763
1970-01-01 00:00:00.000000058,ecl,aggregate_load,168,42,seasonal_naive,361354.01785714284
1970-01-01 00:00:00.000000058,ecl,aggregate_load,168,42,seasonal_naive,358723.16071428574
1970-01-01 00:00:00.000000058,ecl,aggregate_load,168,42,seasonal_naive,357238.8630952381
1970-01-01 00:00:00.000000058,ecl,aggregate_load,168,42,seasonal_naive,347666.1130952381
1970-01-01 00:00:00.000000058,ecl,aggregate_load,168,42,seasonal_naive,342051.1845238095
1970-01-01 00:00:00.000000058,ecl,aggregate_load,168,42,seasonal_naive,346915.11904761905
1970-01-01 00:00:00.000000058,ecl,aggregate_load,168,42,seasonal_naive,340496.7380952381
1970-01-01 00:00:00.000000058,ecl,aggregate_load,168,42,seasonal_naive,339875.83928571426
1970-01-01 00:00:00.000000058,ecl,aggregate_load,168,42,seasonal_naive,341090.03571428574
1970-01-01 00:00:00.000000058,ecl,aggregate_load,168,42,seasonal_naive,335787.7380952381
1970-01-01 00:00:00.000000058,ecl,aggregate_load,168,42,seasonal_naive,331617.20238095237
1970-01-01 00:00:00.000000058,ecl,aggregate_load,168,42,seasonal_naive,338850.8988095238
1970-01-01 00:00:00.000000058,ecl,aggregate_load,168,42,seasonal_naive,340613.13095238095
1970-01-01 00:00:00.000000058,ecl,aggregate_load,168,42,seasonal_naive,339826.3333333333
1970-01-01 00:00:00.000000058,ecl,aggregate_load,168,42,seasonal_naive,329398.5535714286
1970-01-01 00:00:00.000000058,ecl,aggregate_load,168,42,seasonal_naive,332128.77976190473
1970-01-01 00:00:00.000000058,ecl,aggregate_load,168,42,seasonal_naive,337211.8154761905
1970-01-01 00:00:00.000000058,ecl,aggregate_load,168,42,seasonal_naive,334435.1964285714
1970-01-01 00:00:00.000000058,ecl,aggregate_load,168,42,seasonal_naive,334590.72023809527
1970-01-01 00:00:00.000000058,ecl,aggregate_load,168,42,seasonal_naive,328310.9880952381
1970-01-01 00:00:00.000000058,ecl,aggregate_load,168,42,seasonal_naive,320184.5714285714
1970-01-01 00:00:00.000000058,ecl,aggregate_load,168,42,seasonal_naive,309738.7380952381
1970-01-01 00:00:00.000000058,ecl,aggregate_load,168,42,seasonal_naive,313441.45238095237
1970-01-01 00:00:00.000000058,ecl,aggregate_load,168,42,seasonal_naive,316501.08928571426
1970-01-01 00:00:00.000000058,ecl,aggregate_load,168,42,seasonal_naive,323494.6904761905
1970-01-01 00:00:00.000000058,ecl,aggregate_load,168,42,seasonal_naive,325584.73214285716
1970-01-01 00:00:00.000000058,ecl,aggregate_load,168,42,seasonal_naive,329328.5714285714
1970-01-01 00:00:00.000000058,ecl,aggregate_load,168,42,seasonal_naive,331159.7916666667
1970-01-01 00:00:00.000000058,ecl,aggregate_load,168,42,seasonal_naive,342318.7083333333
1970-01-01 00:00:00.000000058,ecl,aggregate_load,168,42,seasonal_naive,323006.28571428574
1970-01-01 00:00:00.000000058,ecl,aggregate_load,168,42,seasonal_naive,320778.0833333333
1970-01-01 00:00:00.000000058,ecl,aggregate_load,168,42,seasonal_naive,324745.6011904762
1970-01-01 00:00:00.000000058,ecl,aggregate_load,168,42,seasonal_naive,321154.8869047619
1970-01-01 00:00:00.000000058,ecl,aggregate_load,168,42,seasonal_naive,314321.8035714286
1970-01-01 00:00:00.000000058,ecl,aggregate_load,168,42,seasonal_naive,317063.95238095237
1970-01-01 00:00:00.000000058,ecl,aggregate_load,168,42,seasonal_naive,311017.8333333333
1970-01-01 00:00:00.000000058,ecl,aggregate_load,168,42,seasonal_naive,306228.41071428574
1970-01-01 00:00:00.000000058,ecl,aggregate_load,168,42,seasonal_naive,310672.9166666667
1970-01-01 00:00:00.000000058,ecl,aggregate_load,168,42,seasonal_naive,316757.88095238095
1970-01-01 00:00:00.000000058,ecl,aggregate_load,168,42,seasonal_naive,312103.23214285716
1970-01-01 00:00:00.000000058,ecl,aggregate_load,168,42,seasonal_naive,309712.6845238095
1970-01-01 00:00:00.000000058,ecl,aggregate_load,168,42,seasonal_naive,313823.1845238095
1970-01-01 00:00:00.000000058,ecl,aggregate_load,168,42,seasonal_naive,323772.1130952381
1970-01-01 00:00:00.000000058,ecl,aggregate_load,168,42,seasonal_naive,324406.96428571426
1970-01-01 00:00:00.000000058,ecl,aggregate_load,168,42,seasonal_naive,330625.625
1970-01-01 00:00:00.000000058,ecl,aggregate_load,168,42,seasonal_naive,331888.8035714286
1970-01-01 00:00:00.000000058,ecl,aggregate_load,168,42,seasonal_naive,330901.41071428574
1970-01-01 00:00:00.000000058,ecl,aggregate_load,168,42,seasonal_naive,357686.26785714284
1970-01-01 00:00:00.000000058,ecl,aggregate_load,168,42,seasonal_naive,351542.11904761905
1970-01-01 00:00:00.000000058,ecl,aggregate_load,168,42,seasonal_naive,352879.2261904762
1970-01-01 00:00:00.000000058,ecl,aggregate_load,168,42,seasonal_naive,351480.7916666667
1970-01-01 00:00:00.000000058,ecl,aggregate_load,168,42,seasonal_naive,354192.96428571426
1970-01-01 00:00:00.000000058,ecl,aggregate_load,168,42,seasonal_naive,346440.7083333333
1970-01-01 00:00:00.000000058,ecl,aggregate_load,168,42,seasonal_naive,346557.35714285716
1970-01-01 00:00:00.000000058,ecl,aggregate_load,168,42,seasonal_naive,360785.17261904763
1970-01-01 00:00:00.000000058,ecl,aggregate_load,168,42,seasonal_naive,361384.5714285714
1970-01-01 00:00:00.000000058,ecl,aggregate_load,168,42,seasonal_naive,358579.7916666667
1970-01-01 00:00:00.000000058,ecl,aggregate_load,168,42,seasonal_naive,363846.46428571426
1970-01-01 00:00:00.000000058,ecl,aggregate_load,168,42,seasonal_naive,362783.53571428574
1970-01-01 00:00:00.000000058,ecl,aggregate_load,168,42,seasonal_naive,360471.32738095237
1970-01-01 00:00:00.000000058,ecl,aggregate_load,168,42,seasonal_naive,374993.3988095238
1970-01-01 00:00:00.000000058,ecl,aggregate_load,168,42,seasonal_naive,375351.02976190473
1970-01-01 00:00:00.000000058,ecl,aggregate_load,168,42,seasonal_naive,369526.85714285716
1970-01-01 00:00:00.000000058,ecl,aggregate_load,168,42,seasonal_naive,372636.00595238095
1970-01-01 00:00:00.000000058,ecl,aggregate_load,168,42,seasonal_naive,372079.41071428574
1970-01-01 00:00:00.000000058,ecl,aggregate_load,168,42,seasonal_naive,370441.66071428574
1970-01-01 00:00:00.000000058,ecl,aggregate_load,168,42,seasonal_naive,361852.49404761905
1970-01-01 00:00:00.000000058,ecl,aggregate_load,168,42,seasonal_naive,361625.32738095237
1970-01-01 00:00:00.000000058,ecl,aggregate_load,168,42,seasonal_naive,352997.1011904762
1970-01-01 00:00:00.000000058,ecl,aggregate_load,168,42,seasonal_naive,354441.75595238095
1970-01-01 00:00:00.000000058,ecl,aggregate_load,168,42,seasonal_naive,355153.66071428574
1970-01-01 00:00:00.000000058,ecl,aggregate_load,168,42,seasonal_naive,326287.51785714284
1970-01-01 00:00:00.000000058,ecl,aggregate_load,168,42,seasonal_naive,328505.82738095237
1970-01-01 00:00:00.000000058,ecl,aggregate_load,168,42,seasonal_naive,334055.8214285714
1970-01-01 00:00:00.000000058,ecl,aggregate_load,168,42,seasonal_naive,323163.3988095238
1970-01-01 00:00:00.000000058,ecl,aggregate_load,168,42,seasonal_naive,336797.5
1970-01-01 00:00:00.000000058,ecl,aggregate_load,168,42,seasonal_naive,344309.6488095238
1970-01-01 00:00:00.000000058,ecl,aggregate_load,168,42,seasonal_naive,346257.6488095238
1970-01-01 00:00:00.000000058,ecl,aggregate_load,168,42,seasonal_naive,332240.39285714284
1970-01-01 00:00:00.000000058,ecl,aggregate_load,168,42,seasonal_naive,336912.0
1970-01-01 00:00:00.000000058,ecl,aggregate_load,168,42,seasonal_naive,339050.66071428574
1970-01-01 00:00:00.000000058,ecl,aggregate_load,168,42,seasonal_naive,334317.01785714284
1970-01-01 00:00:00.000000058,ecl,aggregate_load,168,42,seasonal_naive,335201.48214285716
1970-01-01 00:00:00.000000058,ecl,aggregate_load,168,42,seasonal_naive,334046.2380952381
1970-01-01 00:00:00.000000058,ecl,aggregate_load,168,42,seasonal_naive,320552.8869047619
1970-01-01 00:00:00.000000058,ecl,aggregate_load,168,42,seasonal_naive,323453.45238095237
1970-01-01 00:00:00.000000058,ecl,aggregate_load,168,42,seasonal_naive,332899.0119047619
1970-01-01 00:00:00.000000058,ecl,aggregate_load,168,42,seasonal_naive,333693.1130952381
1970-01-01 00:00:00.000000058,ecl,aggregate_load,168,42,seasonal_naive,333648.48214285716
1970-01-01 00:00:00.000000058,ecl,aggregate_load,168,42,seasonal_naive,331655.4761904762
1970-01-01 00:00:00.000000058,ecl,aggregate_load,168,42,seasonal_naive,331188.40476190473
1970-01-01 00:00:00.000000058,ecl,aggregate_load,168,42,seasonal_naive,353828.13095238095
1970-01-01 00:00:00.000000058,ecl,aggregate_load,168,42,seasonal_naive,354570.9761904762
1970-01-01 00:00:00.000000058,ecl,aggregate_load,168,42,seasonal_naive,361695.9761904762
1970-01-01 00:00:00.000000058,ecl,aggregate_load,168,42,seasonal_naive,363680.1904761905
1970-01-01 00:00:00.000000058,ecl,aggregate_load,168,42,seasonal_naive,363674.8333333333
1970-01-01 00:00:00.000000058,ecl,aggregate_load,168,42,seasonal_naive,370407.89285714284
1970-01-01 00:00:00.000000058,ecl,aggregate_load,168,42,seasonal_naive,360791.8095238095
1970-01-01 00:00:00.000000058,ecl,aggregate_load,168,42,seasonal_naive,370444.91071428574
1970-01-01 00:00:00.000000058,ecl,aggregate_load,168,42,seasonal_naive,356765.8988095238
1970-01-01 00:00:00.000000058,ecl,aggregate_load,168,42,seasonal_naive,347761.36904761905
1970-01-01 00:00:00.000000058,ecl,aggregate_load,168,42,seasonal_naive,347868.74404761905
1970-01-01 00:00:00.000000058,ecl,aggregate_load,168,42,seasonal_naive,352312.22023809527
1970-01-01 00:00:00.000000058,ecl,aggregate_load,168,42,seasonal_naive,342591.1964285714
1970-01-01 00:00:00.000000058,ecl,aggregate_load,168,42,seasonal_naive,343081.5238095238
1970-01-01 00:00:00.000000058,ecl,aggregate_load,168,42,seasonal_naive,341652.48214285716
1970-01-01 00:00:00.000000058,ecl,aggregate_load,168,42,seasonal_naive,342777.7380952381
1970-01-01 00:00:00.000000058,ecl,aggregate_load,168,42,seasonal_naive,361694.82738095237
1970-01-01 00:00:00.000000058,ecl,aggregate_load,168,42,seasonal_naive,370303.8988095238
1970-01-01 00:00:00.000000058,ecl,aggregate_load,168,42,seasonal_naive,371994.83928571426
1970-01-01 00:00:00.000000058,ecl,aggregate_load,168,42,seasonal_naive,365850.82738095237
1970-01-01 00:00:00.000000058,ecl,aggregate_load,168,42,seasonal_naive,367132.2083333333
1970-01-01 00:00:00.000000058,ecl,aggregate_load,168,42,seasonal_naive,372820.60714285716
1970-01-01 00:00:00.000000058,ecl,aggregate_load,168,42,seasonal_naive,379689.67261904763
1970-01-01 00:00:00.000000058,ecl,aggregate_load,168,42,seasonal_naive,382819.48214285716
1970-01-01 00:00:00.000000058,ecl,aggregate_load,168,42,seasonal_naive,358436.9404761905
1970-01-01 00:00:00.000000058,ecl,aggregate_load,168,42,seasonal_naive,368636.96428571426
1970-01-01 00:00:00.000000058,ecl,aggregate_load,168,42,seasonal_naive,366523.72023809527
1970-01-01 00:00:00.000000058,ecl,aggregate_load,168,42,seasonal_naive,373578.40476190473
1970-01-01 00:00:00.000000058,ecl,aggregate_load,168,42,seasonal_naive,376762.51785714284
1970-01-01 00:00:00.000000058,ecl,aggregate_load,168,42,seasonal_naive,369579.0
1970-01-01 00:00:00.000000058,ecl,aggregate_load,168,42,seasonal_naive,369629.6785714286
1970-01-01 00:00:00.000000058,ecl,aggregate_load,168,42,seasonal_naive,363105.5714285714
1970-01-01 00:00:00.000000058,ecl,aggregate_load,168,42,seasonal_naive,359429.25
1970-01-01 00:00:00.000000058,ecl,aggregate_load,168,42,seasonal_naive,359209.13095238095
1970-01-01 00:00:00.000000058,ecl,aggregate_load,168,42,seasonal_naive,363269.25
1970-01-01 00:00:00.000000058,ecl,aggregate_load,168,42,seasonal_naive,364978.0595238095
1970-01-01 00:00:00.000000058,ecl,aggregate_load,168,42,seasonal_naive,358953.89285714284
1970-01-01 00:00:00.000000058,ecl,aggregate_load,168,42,seasonal_naive,362726.3095238095
1970-01-01 00:00:00.000000058,ecl,aggregate_load,168,42,seasonal_naive,374026.42261904763
1970-01-01 00:00:00.000000058,ecl,aggregate_load,168,42,seasonal_naive,382418.6666666667
1970-01-01 00:00:00.000000058,ecl,aggregate_load,168,42,seasonal_naive,365372.78571428574
1970-01-01 00:00:00.000000058,ecl,aggregate_load,168,42,seasonal_naive,356469.5654761905
1970-01-01 00:00:00.000000058,ecl,aggregate_load,168,42,seasonal_naive,361637.00595238095
1970-01-01 00:00:00.000000058,ecl,aggregate_load,168,42,seasonal_naive,361334.9464285714
1970-01-01 00:00:00.000000058,ecl,aggregate_load,168,42,seasonal_naive,359748.6904761905
1970-01-01 00:00:00.000000058,ecl,aggregate_load,168,42,seasonal_naive,366281.67261904763
1970-01-01 00:00:00.000000058,ecl,aggregate_load,168,42,seasonal_naive,362619.6845238095
1970-01-01 00:00:00.000000058,ecl,aggregate_load,168,42,seasonal_naive,363403.125
1970-01-01 00:00:00.000000058,ecl,aggregate_load,168,42,seasonal_naive,360632.90476190473
1970-01-01 00:00:00.000000058,ecl,aggregate_load,168,42,seasonal_naive,350532.1904761905
1970-01-01 00:00:00.000000058,ecl,aggregate_load,168,42,seasonal_naive,344185.47023809527
1970-01-01 00:00:00.000000058,ecl,aggregate_load,168,42,seasonal_naive,340322.4345238095
1970-01-01 00:00:00.000000058,ecl,aggregate_load,168,42,seasonal_naive,337951.02976190473
1970-01-01 00:00:00.000000058,ecl,aggregate_load,168,42,seasonal_naive,339776.0535714286
1970-01-01 00:00:00.000000058,ecl,aggregate_load,168,42,seasonal_naive,350751.52976190473
1970-01-01 00:00:00.000000058,ecl,aggregate_load,168,42,seasonal_naive,363139.51785714284
1970-01-01 00:00:00.000000058,ecl,aggregate_load,168,42,seasonal_naive,362945.3035714286
1970-01-01 00:00:00.000000058,ecl,aggregate_load,168,42,seasonal_naive,374986.76785714284
1970-01-01 00:00:00.000000058,ecl,aggregate_load,168,42,seasonal_naive,375058.13095238095
1970-01-01 00:00:00.000000058,ecl,aggregate_load,168,42,seasonal_naive,369890.25
1970-01-01 00:00:00.000000058,ecl,aggregate_load,168,42,seasonal_naive,372744.3511904762
1970-01-01 00:00:00.000000058,ecl,aggregate_load,168,42,seasonal_naive,372810.1488095238
1970-01-01 00:00:00.000000058,ecl,aggregate_load,168,42,seasonal_naive,359220.51785714284
1970-01-01 00:00:00.000000058,ecl,aggregate_load,168,42,seasonal_naive,357262.28571428574
1970-01-01 00:00:00.000000058,ecl,aggregate_load,168,42,seasonal_naive,370849.1369047619
1970-01-01 00:00:00.000000058,ecl,aggregate_load,168,42,seasonal_naive,382386.45238095237
1970-01-01 00:00:00.000000058,ecl,aggregate_load,168,42,seasonal_naive,380061.3869047619
1970-01-01 00:00:00.000000058,ecl,aggregate_load,168,42,seasonal_naive,383874.5833333333
1970-01-01 00:00:00.000000058,ecl,aggregate_load,168,42,seasonal_naive,387166.2916666667
1970-01-01 00:00:00.000000058,ecl,aggregate_load,168,42,seasonal_naive,372130.9404761905
1970-01-01 00:00:00.000000058,ecl,aggregate_load,168,42,seasonal_naive,372273.39285714284
1970-01-01 00:00:00.000000058,ecl,aggregate_load,168,42,seasonal_naive,388315.2619047619
1970-01-01 00:00:00.000000058,ecl,aggregate_load,168,42,seasonal_naive,395079.24404761905
1970-01-01 00:00:00.000000058,ecl,aggregate_load,168,42,seasonal_naive,413531.7916666667
1970-01-01 00:00:00.000000058,ecl,aggregate_load,168,42,seasonal_naive,414587.66071428574
1970-01-01 00:00:00.000000058,ecl,aggregate_load,168,42,seasonal_naive,408025.6011904762
1970-01-01 00:00:00.000000058,ecl,aggregate_load,168,42,seasonal_naive,411919.1666666667
1970-01-01 00:00:00.000000058,ecl,aggregate_load,168,42,seasonal_naive,415230.4880952381
1970-01-01 00:00:00.000000058,ecl,aggregate_load,168,42,seasonal_naive,407061.2619047619
1970-01-01 00:00:00.000000058,ecl,aggregate_load,168,42,seasonal_naive,395871.4761904762
1970-01-01 00:00:00.000000058,ecl,aggregate_load,168,42,seasonal_naive,402436.9464285714
1970-01-01 00:00:00.000000058,ecl,aggregate_load,168,42,seasonal_naive,391690.97023809527
1970-01-01 00:00:00.000000058,ecl,aggregate_load,168,42,seasonal_naive,391701.79761904763
1970-01-01 00:00:00.000000058,ecl,aggregate_load,168,42,seasonal_naive,393581.57738095237
1970-01-01 00:00:00.000000058,ecl,aggregate_load,168,42,seasonal_naive,395665.39285714284
1970-01-01 00:00:00.000000058,ecl,aggregate_load,168,42,seasonal_naive,400493.38095238095
1970-01-01 00:00:00.000000058,ecl,aggregate_load,168,42,seasonal_naive,409172.7619047619
1970-01-01 00:00:00.000000058,ecl,aggregate_load,168,42,seasonal_naive,399313.3988095238
1970-01-01 00:00:00.000000058,ecl,aggregate_load,168,42,seasonal_naive,383534.8035714286
1970-01-01 00:00:00.000000058,ecl,aggregate_load,168,42,seasonal_naive,367838.14285714284
1970-01-01 00:00:00.000000058,ecl,aggregate_load,168,42,seasonal_naive,367379.0
1970-01-01 00:00:00.000000058,ecl,aggregate_load,168,42,seasonal_naive,362128.5119047619
1970-01-01 00:00:00.000000058,ecl,aggregate_load,168,42,seasonal_naive,366181.0714285714
1970-01-01 00:00:00.000000058,ecl,aggregate_load,168,42,seasonal_naive,389180.9583333333
1970-01-01 00:00:00.000000058,ecl,aggregate_load,168,42,seasonal_naive,395803.375
1970-01-01 00:00:00.000000058,ecl,aggregate_load,168,42,seasonal_naive,384856.07738095237
1970-01-01 00:00:00.000000058,ecl,aggregate_load,168,42,seasonal_naive,377322.3154761905
1970-01-01 00:00:00.000000058,ecl,aggregate_load,168,42,seasonal_naive,355565.6488095238
1970-01-01 00:00:00.000000058,ecl,aggregate_load,168,42,seasonal_naive,356699.6488095238
1970-01-01 00:00:00.000000058,ecl,aggregate_load,168,42,seasonal_naive,362444.41071428574
1970-01-01 00:00:00.000000058,ecl,aggregate_load,168,42,seasonal_naive,370026.13095238095
1970-01-01 00:00:00.000000058,ecl,aggregate_load,168,42,seasonal_naive,359119.24404761905
1970-01-01 00:00:00.000000058,ecl,aggregate_load,168,42,seasonal_naive,365304.3988095238
1970-01-01 00:00:00.000000058,ecl,aggregate_load,168,42,seasonal_naive,365401.13095238095
1970-01-01 00:00:00.000000059,ecl,aggregate_load,168,42,seasonal_naive,357831.1130952381
1970-01-01 00:00:00.000000059,ecl,aggregate_load,168,42,seasonal_naive,363671.34523809527
1970-01-01 00:00:00.000000059,ecl,aggregate_load,168,42,seasonal_naive,361620.6369047619
1970-01-01 00:00:00.000000059,ecl,aggregate_load,168,42,seasonal_naive,362049.6785714286
1970-01-01 00:00:00.000000059,ecl,aggregate_load,168,42,seasonal_naive,361993.1964285714
1970-01-01 00:00:00.000000059,ecl,aggregate_load,168,42,seasonal_naive,355547.2083333333
1970-01-01 00:00:00.000000059,ecl,aggregate_load,168,42,seasonal_naive,345353.9880952381
1970-01-01 00:00:00.000000059,ecl,aggregate_load,168,42,seasonal_naive,345080.7083333333
1970-01-01 00:00:00.000000059,ecl,aggregate_load,168,42,seasonal_naive,345131.9761904762
1970-01-01 00:00:00.000000059,ecl,aggregate_load,168,42,seasonal_naive,344706.6904761905
1970-01-01 00:00:00.000000059,ecl,aggregate_load,168,42,seasonal_naive,356510.1964285714
1970-01-01 00:00:00.000000059,ecl,aggregate_load,168,42,seasonal_naive,360882.38095238095
1970-01-01 00:00:00.000000059,ecl,aggregate_load,168,42,seasonal_naive,347254.01785714284
1970-01-01 00:00:00.000000059,ecl,aggregate_load,168,42,seasonal_naive,324825.35714285716
1970-01-01 00:00:00.000000059,ecl,aggregate_load,168,42,seasonal_naive,326228.6488095238
1970-01-01 00:00:00.000000059,ecl,aggregate_load,168,42,seasonal_naive,316960.4285714286
1970-01-01 00:00:00.000000059,ecl,aggregate_load,168,42,seasonal_naive,318328.6369047619
1970-01-01 00:00:00.000000059,ecl,aggregate_load,168,42,seasonal_naive,319331.4166666667
1970-01-01 00:00:00.000000059,ecl,aggregate_load,168,42,seasonal_naive,323702.26785714284
1970-01-01 00:00:00.000000059,ecl,aggregate_load,168,42,seasonal_naive,325736.51785714284
1970-01-01 00:00:00.000000059,ecl,aggregate_load,168,42,seasonal_naive,328730.9345238095
1970-01-01 00:00:00.000000059,ecl,aggregate_load,168,42,seasonal_naive,330488.97023809527
1970-01-01 00:00:00.000000059,ecl,aggregate_load,168,42,seasonal_naive,324839.8214285714
1970-01-01 00:00:00.000000059,ecl,aggregate_load,168,42,seasonal_naive,327219.27976190473
1970-01-01 00:00:00.000000059,ecl,aggregate_load,168,42,seasonal_naive,327989.46428571426
1970-01-01 00:00:00.000000059,ecl,aggregate_load,168,42,seasonal_naive,321433.1904761905
1970-01-01 00:00:00.000000059,ecl,aggregate_load,168,42,seasonal_naive,323802.1011904762
1970-01-01 00:00:00.000000059,ecl,aggregate_load,168,42,seasonal_naive,330468.6785714286
1970-01-01 00:00:00.000000059,ecl,aggregate_load,168,42,seasonal_naive,334312.90476190473
1970-01-01 00:00:00.000000059,ecl,aggregate_load,168,42,seasonal_naive,335684.23214285716
1970-01-01 00:00:00.000000059,ecl,aggregate_load,168,42,seasonal_naive,338280.09523809527
1970-01-01 00:00:00.000000059,ecl,aggregate_load,168,42,seasonal_naive,342265.2083333333
1970-01-01 00:00:00.000000059,ecl,aggregate_load,168,42,seasonal_naive,350775.5119047619
1970-01-01 00:00:00.000000059,ecl,aggregate_load,168,42,seasonal_naive,364699.46428571426
1970-01-01 00:00:00.000000059,ecl,aggregate_load,168,42,seasonal_naive,365596.21428571426
1970-01-01 00:00:00.000000059,ecl,aggregate_load,168,42,seasonal_naive,366701.26785714284
1970-01-01 00:00:00.000000059,ecl,aggregate_load,168,42,seasonal_naive,376782.9285714286
1970-01-01 00:00:00.000000059,ecl,aggregate_load,168,42,seasonal_naive,378418.75595238095
1970-01-01 00:00:00.000000059,ecl,aggregate_load,168,42,seasonal_naive,371094.41071428574
1970-01-01 00:00:00.000000059,ecl,aggregate_load,168,42,seasonal_naive,375163.25595238095
1970-01-01 00:00:00.000000059,ecl,aggregate_load,168,42,seasonal_naive,376777.6130952381
1970-01-01 00:00:00.000000059,ecl,aggregate_load,168,42,seasonal_naive,378652.6369047619
1970-01-01 00:00:00.000000059,ecl,aggregate_load,168,42,seasonal_naive,374901.9464285714
1970-01-01 00:00:00.000000059,ecl,aggregate_load,168,42,seasonal_naive,367873.9880952381
1970-01-01 00:00:00.000000059,ecl,aggregate_load,168,42,seasonal_naive,357768.3988095238
1970-01-01 00:00:00.000000059,ecl,aggregate_load,168,42,seasonal_naive,369725.1964285714
1970-01-01 00:00:00.000000059,ecl,aggregate_load,168,42,seasonal_naive,372554.45238095237
1970-01-01 00:00:00.000000059,ecl,aggregate_load,168,42,seasonal_naive,377860.1964285714
1970-01-01 00:00:00.000000059,ecl,aggregate_load,168,42,seasonal_naive,391078.11904761905
1970-01-01 00:00:00.000000059,ecl,aggregate_load,168,42,seasonal_naive,387246.95238095237
1970-01-01 00:00:00.000000059,ecl,aggregate_load,168,42,seasonal_naive,389557.45238095237
1970-01-01 00:00:00.000000059,ecl,aggregate_load,168,42,seasonal_naive,398306.51785714284
1970-01-01 00:00:00.000000059,ecl,aggregate_load,168,42,seasonal_naive,401252.5238095238
1970-01-01 00:00:00.000000059,ecl,aggregate_load,168,42,seasonal_naive,404203.1130952381
1970-01-01 00:00:00.000000060,ecl,aggregate_load,168,42,seasonal_naive,420010.95238095237
1970-01-01 00:00:00.000000060,ecl,aggregate_load,168,42,seasonal_naive,416925.32738095237
1970-01-01 00:00:00.000000060,ecl,aggregate_load,168,42,seasonal_naive,411637.5833333333
1970-01-01 00:00:00.000000060,ecl,aggregate_load,168,42,seasonal_naive,401010.3988095238
1970-01-01 00:00:00.000000060,ecl,aggregate_load,168,42,seasonal_naive,383763.36904761905
1970-01-01 00:00:00.000000060,ecl,aggregate_load,168,42,seasonal_naive,386097.65476190473
1970-01-01 00:00:00.000000060,ecl,aggregate_load,168,42,seasonal_naive,371448.0535714286
1970-01-01 00:00:00.000000060,ecl,aggregate_load,168,42,seasonal_naive,374787.29761904763
1970-01-01 00:00:00.000000060,ecl,aggregate_load,168,42,seasonal_naive,376832.6666666667
1970-01-01 00:00:00.000000060,ecl,aggregate_load,168,42,seasonal_naive,375247.61904761905
1970-01-01 00:00:00.000000060,ecl,aggregate_load,168,42,seasonal_naive,375706.125
1970-01-01 00:00:00.000000060,ecl,aggregate_load,168,42,seasonal_naive,377489.64285714284
1970-01-01 00:00:00.000000060,ecl,aggregate_load,168,42,seasonal_naive,376016.6488095238
1970-01-01 00:00:00.000000060,ecl,aggregate_load,168,42,seasonal_naive,377898.95238095237
1970-01-01 00:00:00.000000060,ecl,aggregate_load,168,42,seasonal_naive,378581.4404761905
1970-01-01 00:00:00.000000060,ecl,aggregate_load,168,42,seasonal_naive,363841.75
1970-01-01 00:00:00.000000060,ecl,aggregate_load,168,42,seasonal_naive,359469.39285714284
1970-01-01 00:00:00.000000060,ecl,aggregate_load,168,42,seasonal_naive,358453.0119047619
1970-01-01 00:00:00.000000060,ecl,aggregate_load,168,42,seasonal_naive,342274.7916666667
1970-01-01 00:00:00.000000060,ecl,aggregate_load,168,42,seasonal_naive,346451.5654761905
1970-01-01 00:00:00.000000060,ecl,aggregate_load,168,42,seasonal_naive,350371.9583333333
1970-01-01 00:00:00.000000060,ecl,aggregate_load,168,42,seasonal_naive,331203.0238095238
1970-01-01 00:00:00.000000060,ecl,aggregate_load,168,42,seasonal_naive,324474.08928571426
1970-01-01 00:00:00.000000060,ecl,aggregate_load,168,42,seasonal_naive,317905.5416666667
1970-01-01 00:00:00.000000060,ecl,aggregate_load,168,42,seasonal_naive,303191.3214285714
1970-01-01 00:00:00.000000060,ecl,aggregate_load,168,42,seasonal_naive,304398.46428571426
1970-01-01 00:00:00.000000060,ecl,aggregate_load,168,42,seasonal_naive,304321.33928571426
1970-01-01 00:00:00.000000060,ecl,aggregate_load,168,42,seasonal_naive,313246.54761904763
1970-01-01 00:00:00.000000060,ecl,aggregate_load,168,42,seasonal_naive,329749.7380952381
1970-01-01 00:00:00.000000060,ecl,aggregate_load,168,42,seasonal_naive,321234.76785714284
1970-01-01 00:00:00.000000060,ecl,aggregate_load,168,42,seasonal_naive,321702.7261904762
1970-01-01 00:00:00.000000060,ecl,aggregate_load,168,42,seasonal_naive,325158.98214285716
1970-01-01 00:00:00.000000060,ecl,aggregate_load,168,42,seasonal_naive,323784.6785714286
1970-01-01 00:00:00.000000060,ecl,aggregate_load,168,42,seasonal_naive,328380.3333333333
1970-01-01 00:00:00.000000060,ecl,aggregate_load,168,42,seasonal_naive,330708.6904761905
1970-01-01 00:00:00.000000060,ecl,aggregate_load,168,42,seasonal_naive,335091.26785714284
1970-01-01 00:00:00.000000060,ecl,aggregate_load,168,42,seasonal_naive,340229.6011904762
1970-01-01 00:00:00.000000060,ecl,aggregate_load,168,42,seasonal_naive,339897.9583333333
1970-01-01 00:00:00.000000060,ecl,aggregate_load,168,42,seasonal_naive,348157.2083333333
1970-01-01 00:00:00.000000060,ecl,aggregate_load,168,42,seasonal_naive,366582.3869047619
1970-01-01 00:00:00.000000060,ecl,aggregate_load,168,42,seasonal_naive,374442.57738095237
1970-01-01 00:00:00.000000060,ecl,aggregate_load,168,42,seasonal_naive,371278.29761904763
1970-01-01 00:00:00.000000060,ecl,aggregate_load,168,42,seasonal_naive,378844.04761904763
1970-01-01 00:00:00.000000060,ecl,aggregate_load,168,42,seasonal_naive,373548.53571428574
1970-01-01 00:00:00.000000060,ecl,aggregate_load,168,42,seasonal_naive,378421.8511904762
1970-01-01 00:00:00.000000060,ecl,aggregate_load,168,42,seasonal_naive,386065.2380952381
1970-01-01 00:00:00.000000060,ecl,aggregate_load,168,42,seasonal_naive,385650.91071428574
1970-01-01 00:00:00.000000060,ecl,aggregate_load,168,42,seasonal_naive,400690.70238095237
1970-01-01 00:00:00.000000060,ecl,aggregate_load,168,42,seasonal_naive,400672.53571428574
1970-01-01 00:00:00.000000060,ecl,aggregate_load,168,42,seasonal_naive,400536.3095238095
1970-01-01 00:00:00.000000060,ecl,aggregate_load,168,42,seasonal_naive,402711.4166666667
1970-01-01 00:00:00.000000060,ecl,aggregate_load,168,42,seasonal_naive,391472.7738095238
1970-01-01 00:00:00.000000060,ecl,aggregate_load,168,42,seasonal_naive,368020.98214285716
1970-01-01 00:00:00.000000060,ecl,aggregate_load,168,42,seasonal_naive,374617.7619047619
1970-01-01 00:00:00.000000060,ecl,aggregate_load,168,42,seasonal_naive,378623.4761904762
1970-01-01 00:00:00.000000060,ecl,aggregate_load,168,42,seasonal_naive,386502.0416666667
1970-01-01 00:00:00.000000060,ecl,aggregate_load,168,42,seasonal_naive,389170.1369047619
1970-01-01 00:00:00.000000060,ecl,aggregate_load,168,42,seasonal_naive,389088.0595238095
1970-01-01 00:00:00.000000060,ecl,aggregate_load,168,42,seasonal_naive,403416.4166666667
1970-01-01 00:00:00.000000060,ecl,aggregate_load,168,42,seasonal_naive,402972.75595238095
1970-01-01 00:00:00.000000060,ecl,aggregate_load,168,42,seasonal_naive,399338.7261904762
1970-01-01 00:00:00.000000060,ecl,aggregate_load,168,42,seasonal_naive,394914.48214285716
1970-01-01 00:00:00.000000060,ecl,aggregate_load,168,42,seasonal_naive,383419.71428571426
1970-01-01 00:00:00.000000060,ecl,aggregate_load,168,42,seasonal_naive,365650.24404761905
1970-01-01 00:00:00.000000060,ecl,aggregate_load,168,42,seasonal_naive,362546.3630952381
1970-01-01 00:00:00.000000060,ecl,aggregate_load,168,42,seasonal_naive,381105.72023809527
1970-01-01 00:00:00.000000060,ecl,aggregate_load,168,42,seasonal_naive,377727.97023809527
1970-01-01 00:00:00.000000060,ecl,aggregate_load,168,42,seasonal_naive,381414.0833333333
1970-01-01 00:00:00.000000060,ecl,aggregate_load,168,42,seasonal_naive,383063.6845238095
1970-01-01 00:00:00.000000060,ecl,aggregate_load,168,42,seasonal_naive,377395.1130952381
1970-01-01 00:00:00.000000060,ecl,aggregate_load,168,42,seasonal_naive,391327.4880952381
1970-01-01 00:00:00.000000060,ecl,aggregate_load,168,42,seasonal_naive,379263.3035714286
1970-01-01 00:00:00.000000060,ecl,aggregate_load,168,42,seasonal_naive,382303.22023809527
1970-01-01 00:00:00.000000060,ecl,aggregate_load,168,42,seasonal_naive,388212.8333333333
1970-01-01 00:00:00.000000060,ecl,aggregate_load,168,42,seasonal_naive,385419.2916666667
1970-01-01 00:00:00.000000060,ecl,aggregate_load,168,42,seasonal_naive,383409.0535714286
1970-01-01 00:00:00.000000060,ecl,aggregate_load,168,42,seasonal_naive,397685.51785714284
1970-01-01 00:00:00.000000060,ecl,aggregate_load,168,42,seasonal_naive,389702.74404761905
1970-01-01 00:00:00.000000060,ecl,aggregate_load,168,42,seasonal_naive,396952.5
1970-01-01 00:00:00.000000060,ecl,aggregate_load,168,42,seasonal_naive,399808.25
1970-01-01 00:00:00.000000060,ecl,aggregate_load,168,42,seasonal_naive,399099.8035714286
1970-01-01 00:00:00.000000060,ecl,aggregate_load,168,42,seasonal_naive,397262.10714285716
1970-01-01 00:00:00.000000060,ecl,aggregate_load,168,42,seasonal_naive,388846.2083333333
1970-01-01 00:00:00.000000060,ecl,aggregate_load,168,42,seasonal_naive,393217.3333333333
1970-01-01 00:00:00.000000060,ecl,aggregate_load,168,42,seasonal_naive,400724.90476190473
1970-01-01 00:00:00.000000060,ecl,aggregate_load,168,42,seasonal_naive,405102.75
1970-01-01 00:00:00.000000060,ecl,aggregate_load,168,42,seasonal_naive,401044.53571428574
1970-01-01 00:00:00.000000060,ecl,aggregate_load,168,42,seasonal_naive,400867.92261904763
1970-01-01 00:00:00.000000060,ecl,aggregate_load,168,42,seasonal_naive,404883.58928571426
1970-01-01 00:00:00.000000060,ecl,aggregate_load,168,42,seasonal_naive,384865.6011904762
1970-01-01 00:00:00.000000060,ecl,aggregate_load,168,42,seasonal_naive,386204.47023809527
1970-01-01 00:00:00.000000060,ecl,aggregate_load,168,42,seasonal_naive,382172.8095238095
1970-01-01 00:00:00.000000060,ecl,aggregate_load,168,42,seasonal_naive,385169.46428571426
1970-01-01 00:00:00.000000060,ecl,aggregate_load,168,42,seasonal_naive,398444.7380952381
1970-01-01 00:00:00.000000060,ecl,aggregate_load,168,42,seasonal_naive,387422.48214285716
1970-01-01 00:00:00.000000060,ecl,aggregate_load,168,42,seasonal_naive,382016.85714285716
1970-01-01 00:00:00.000000060,ecl,aggregate_load,168,42,seasonal_naive,384084.0714285714
1970-01-01 00:00:00.000000060,ecl,aggregate_load,168,42,seasonal_naive,376310.6488095238
1970-01-01 00:00:00.000000060,ecl,aggregate_load,168,42,seasonal_naive,384592.6964285714
1970-01-01 00:00:00.000000060,ecl,aggregate_load,168,42,seasonal_naive,388812.8869047619
1970-01-01 00:00:00.000000060,ecl,aggregate_load,168,42,seasonal_naive,373797.41071428574
1970-01-01 00:00:00.000000060,ecl,aggregate_load,168,42,seasonal_naive,373925.07738095237
1970-01-01 00:00:00.000000060,ecl,aggregate_load,168,42,seasonal_naive,368230.8035714286
1970-01-01 00:00:00.000000060,ecl,aggregate_load,168,42,seasonal_naive,352206.75595238095
1970-01-01 00:00:00.000000060,ecl,aggregate_load,168,42,seasonal_naive,352409.3988095238
1970-01-01 00:00:00.000000060,ecl,aggregate_load,168,42,seasonal_naive,350599.64285714284
1970-01-01 00:00:00.000000060,ecl,aggregate_load,168,42,seasonal_naive,348348.57738095237
1970-01-01 00:00:00.000000060,ecl,aggregate_load,168,42,seasonal_naive,357381.75
1970-01-01 00:00:00.000000060,ecl,aggregate_load,168,42,seasonal_naive,358295.8095238095
1970-01-01 00:00:00.000000060,ecl,aggregate_load,168,42,seasonal_naive,356412.01785714284
1970-01-01 00:00:00.000000060,ecl,aggregate_load,168,42,seasonal_naive,358733.22023809527
1970-01-01 00:00:00.000000060,ecl,aggregate_load,168,42,seasonal_naive,358583.50595238095
1970-01-01 00:00:00.000000060,ecl,aggregate_load,168,42,seasonal_naive,350179.9761904762
1970-01-01 00:00:00.000000060,ecl,aggregate_load,168,42,seasonal_naive,345193.8214285714
1970-01-01 00:00:00.000000060,ecl,aggregate_load,168,42,seasonal_naive,345826.0119047619
1970-01-01 00:00:00.000000060,ecl,aggregate_load,168,42,seasonal_naive,357007.3630952381
1970-01-01 00:00:00.000000060,ecl,aggregate_load,168,42,seasonal_naive,351223.96428571426
1970-01-01 00:00:00.000000060,ecl,aggregate_load,168,42,seasonal_naive,332082.03571428574
1970-01-01 00:00:00.000000060,ecl,aggregate_load,168,42,seasonal_naive,331784.32738095237
1970-01-01 00:00:00.000000060,ecl,aggregate_load,168,42,seasonal_naive,339471.75
1970-01-01 00:00:00.000000060,ecl,aggregate_load,168,42,seasonal_naive,338062.60714285716
1970-01-01 00:00:00.000000060,ecl,aggregate_load,168,42,seasonal_naive,341178.57738095237
1970-01-01 00:00:00.000000060,ecl,aggregate_load,168,42,seasonal_naive,335286.10714285716
1970-01-01 00:00:00.000000060,ecl,aggregate_load,168,42,seasonal_naive,339896.14285714284
1970-01-01 00:00:00.000000060,ecl,aggregate_load,168,42,seasonal_naive,340091.2380952381
1970-01-01 00:00:00.000000060,ecl,aggregate_load,168,42,seasonal_naive,343014.9166666667
1970-01-01 00:00:00.000000060,ecl,aggregate_load,168,42,seasonal_naive,342162.4880952381
1970-01-01 00:00:00.000000060,ecl,aggregate_load,168,42,seasonal_naive,353751.49404761905
1970-01-01 00:00:00.000000060,ecl,aggregate_load,168,42,seasonal_naive,367515.625
1970-01-01 00:00:00.000000060,ecl,aggregate_load,168,42,seasonal_naive,368786.375
1970-01-01 00:00:00.000000060,ecl,aggregate_load,168,42,seasonal_naive,369743.0833333333
1970-01-01 00:00:00.000000060,ecl,aggregate_load,168,42,seasonal_naive,367169.33928571426
1970-01-01 00:00:00.000000060,ecl,aggregate_load,168,42,seasonal_naive,356178.86904761905
1970-01-01 00:00:00.000000060,ecl,aggregate_load,168,42,seasonal_naive,355358.6488095238
1970-01-01 00:00:00.000000060,ecl,aggregate_load,168,42,seasonal_naive,370131.2261904762
1970-01-01 00:00:00.000000060,ecl,aggregate_load,168,42,seasonal_naive,372644.8154761905
1970-01-01 00:00:00.000000060,ecl,aggregate_load,168,42,seasonal_naive,376264.2916666667
1970-01-01 00:00:00.000000060,ecl,aggregate_load,168,42,seasonal_naive,378525.38095238095
1970-01-01 00:00:00.000000060,ecl,aggregate_load,168,42,seasonal_naive,384427.79761904763
1970-01-01 00:00:00.000000060,ecl,aggregate_load,168,42,seasonal_naive,377523.54761904763
1970-01-01 00:00:00.000000060,ecl,aggregate_load,168,42,seasonal_naive,385556.5833333333
1970-01-01 00:00:00.000000060,ecl,aggregate_load,168,42,seasonal_naive,388358.0119047619
1970-01-01 00:00:00.000000060,ecl,aggregate_load,168,42,seasonal_naive,388755.91071428574
1970-01-01 00:00:00.000000060,ecl,aggregate_load,168,42,seasonal_naive,382230.28571428574
1970-01-01 00:00:00.000000060,ecl,aggregate_load,168,42,seasonal_naive,385278.5535714286
1970-01-01 00:00:00.000000060,ecl,aggregate_load,168,42,seasonal_naive,384968.0238095238
1970-01-01 00:00:00.000000060,ecl,aggregate_load,168,42,seasonal_naive,374907.4583333333
1970-01-01 00:00:00.000000060,ecl,aggregate_load,168,42,seasonal_naive,363176.3511904762
1970-01-01 00:00:00.000000060,ecl,aggregate_load,168,42,seasonal_naive,364004.7083333333
1970-01-01 00:00:00.000000060,ecl,aggregate_load,168,42,seasonal_naive,372529.9761904762
1970-01-01 00:00:00.000000060,ecl,aggregate_load,168,42,seasonal_naive,377459.2738095238
1970-01-01 00:00:00.000000060,ecl,aggregate_load,168,42,seasonal_naive,370308.9761904762
1970-01-01 00:00:00.000000060,ecl,aggregate_load,168,42,seasonal_naive,356864.99404761905
1970-01-01 00:00:00.000000060,ecl,aggregate_load,168,42,seasonal_naive,362586.51785714284
1970-01-01 00:00:00.000000060,ecl,aggregate_load,168,42,seasonal_naive,351757.78571428574
1970-01-01 00:00:00.000000060,ecl,aggregate_load,168,42,seasonal_naive,337091.0
1970-01-01 00:00:00.000000060,ecl,aggregate_load,168,42,seasonal_naive,349489.85714285716
1970-01-01 00:00:00.000000060,ecl,aggregate_load,168,42,seasonal_naive,354425.5238095238
1970-01-01 00:00:00.000000060,ecl,aggregate_load,168,42,seasonal_naive,340325.52976190473
1970-01-01 00:00:00.000000060,ecl,aggregate_load,168,42,seasonal_naive,342581.91071428574
1970-01-01 00:00:00.000000060,ecl,aggregate_load,168,42,seasonal_naive,340094.75
1970-01-01 00:00:00.000000060,ecl,aggregate_load,168,42,seasonal_naive,339114.32738095237
1970-01-01 00:00:00.000000060,ecl,aggregate_load,168,42,seasonal_naive,334079.77976190473
1970-01-01 00:00:00.000000060,ecl,aggregate_load,168,42,seasonal_naive,331865.3214285714
1970-01-01 00:00:00.000000060,ecl,aggregate_load,168,42,seasonal_naive,322620.1964285714
1970-01-01 00:00:00.000000060,ecl,aggregate_load,168,42,seasonal_naive,324414.45238095237
1970-01-01 00:00:00.000000060,ecl,aggregate_load,168,42,seasonal_naive,330809.9285714286
1970-01-01 00:00:00.000000060,ecl,aggregate_load,168,42,seasonal_naive,329723.6488095238
1970-01-01 00:00:00.000000060,ecl,aggregate_load,168,42,seasonal_naive,324903.01785714284
1970-01-01 00:00:00.000000060,ecl,aggregate_load,168,42,seasonal_naive,326733.4404761905
1970-01-01 00:00:00.000000060,ecl,aggregate_load,168,42,seasonal_naive,329401.5595238095
1970-01-01 00:00:00.000000060,ecl,aggregate_load,168,42,seasonal_naive,332858.78571428574
1970-01-01 00:00:00.000000060,ecl,aggregate_load,168,42,seasonal_naive,332243.8333333333
1970-01-01 00:00:00.000000060,ecl,aggregate_load,168,42,seasonal_naive,323599.16071428574
1970-01-01 00:00:00.000000060,ecl,aggregate_load,168,42,seasonal_naive,321663.77976190473
1970-01-01 00:00:00.000000060,ecl,aggregate_load,168,42,seasonal_naive,320716.11904761905
1970-01-01 00:00:00.000000060,ecl,aggregate_load,168,42,seasonal_naive,317201.58928571426
1970-01-01 00:00:00.000000060,ecl,aggregate_load,168,42,seasonal_naive,322258.2083333333
1970-01-01 00:00:00.000000060,ecl,aggregate_load,168,42,seasonal_naive,318798.67261904763
1970-01-01 00:00:00.000000060,ecl,aggregate_load,168,42,seasonal_naive,314938.63095238095
1970-01-01 00:00:00.000000060,ecl,aggregate_load,168,42,seasonal_naive,305099.8154761905
1970-01-01 00:00:00.000000060,ecl,aggregate_load,168,42,seasonal_naive,306465.4880952381
1970-01-01 00:00:00.000000060,ecl,aggregate_load,168,42,seasonal_naive,305436.59523809527
1970-01-01 00:00:00.000000060,ecl,aggregate_load,168,42,seasonal_naive,303661.54761904763
1970-01-01 00:00:00.000000060,ecl,aggregate_load,168,42,seasonal_naive,299229.27976190473
1970-01-01 00:00:00.000000060,ecl,aggregate_load,168,42,seasonal_naive,303220.9761904762
1970-01-01 00:00:00.000000060,ecl,aggregate_load,168,42,seasonal_naive,304181.5833333333
1970-01-01 00:00:00.000000060,ecl,aggregate_load,168,42,seasonal_naive,303297.41071428574
1970-01-01 00:00:00.000000060,ecl,aggregate_load,168,42,seasonal_naive,299639.71428571426
1970-01-01 00:00:00.000000060,ecl,aggregate_load,168,42,seasonal_naive,298592.52976190473
1970-01-01 00:00:00.000000060,ecl,aggregate_load,168,42,seasonal_naive,296984.3035714286
1970-01-01 00:00:00.000000060,ecl,aggregate_load,168,42,seasonal_naive,302959.3154761905
1970-01-01 00:00:00.000000060,ecl,aggregate_load,168,42,seasonal_naive,311969.6130952381
1970-01-01 00:00:00.000000060,ecl,aggregate_load,168,42,seasonal_naive,322527.3869047619
1970-01-01 00:00:00.000000060,ecl,aggregate_load,168,42,seasonal_naive,322581.1964285714
1970-01-01 00:00:00.000000060,ecl,aggregate_load,168,42,seasonal_naive,325437.36904761905
1970-01-01 00:00:00.000000060,ecl,aggregate_load,168,42,seasonal_naive,332906.0833333333
1970-01-01 00:00:00.000000060,ecl,aggregate_load,168,42,seasonal_naive,332785.74404761905
1970-01-01 00:00:00.000000060,ecl,aggregate_load,168,42,seasonal_naive,337996.57738095237
1970-01-01 00:00:00.000000060,ecl,aggregate_load,168,42,seasonal_naive,341304.92261904763
1970-01-01 00:00:00.000000060,ecl,aggregate_load,168,42,seasonal_naive,341978.88095238095
1970-01-01 00:00:00.000000060,ecl,aggregate_load,168,42,seasonal_naive,328668.0654761905
1970-01-01 00:00:00.000000060,ecl,aggregate_load,168,42,seasonal_naive,328903.4345238095
1970-01-01 00:00:00.000000060,ecl,aggregate_load,168,42,seasonal_naive,332528.60714285716
1970-01-01 00:00:00.000000060,ecl,aggregate_load,168,42,seasonal_naive,335873.6845238095
1970-01-01 00:00:00.000000060,ecl,aggregate_load,168,42,seasonal_naive,330441.1785714286
1970-01-01 00:00:00.000000060,ecl,aggregate_load,168,42,seasonal_naive,330945.15476190473
1970-01-01 00:00:00.000000060,ecl,aggregate_load,168,42,seasonal_naive,325457.6904761905
1970-01-01 00:00:00.000000060,ecl,aggregate_load,168,42,seasonal_naive,342877.38095238095
1970-01-01 00:00:00.000000060,ecl,aggregate_load,168,42,seasonal_naive,346442.70238095237
1970-01-01 00:00:00.000000060,ecl,aggregate_load,168,42,seasonal_naive,350393.20238095237
1970-01-01 00:00:00.000000060,ecl,aggregate_load,168,42,seasonal_naive,350215.46428571426
1970-01-01 00:00:00.000000060,ecl,aggregate_load,168,42,seasonal_naive,359166.4761904762
1970-01-01 00:00:00.000000060,ecl,aggregate_load,168,42,seasonal_naive,364494.6011904762
1970-01-01 00:00:00.000000060,ecl,aggregate_load,168,42,seasonal_naive,360491.21428571426
1970-01-01 00:00:00.000000060,ecl,aggregate_load,168,42,seasonal_naive,357017.15476190473
1970-01-01 00:00:00.000000060,ecl,aggregate_load,168,42,seasonal_naive,354080.1011904762
1970-01-01 00:00:00.000000060,ecl,aggregate_load,168,42,seasonal_naive,335883.2916666667
1970-01-01 00:00:00.000000060,ecl,aggregate_load,168,42,seasonal_naive,336350.5654761905
1970-01-01 00:00:00.000000060,ecl,aggregate_load,168,42,seasonal_naive,333445.92261904763
1970-01-01 00:00:00.000000060,ecl,aggregate_load,168,42,seasonal_naive,335776.875
1970-01-01 00:00:00.000000060,ecl,aggregate_load,168,42,seasonal_naive,343628.84523809527
1970-01-01 00:00:00.000000060,ecl,aggregate_load,168,42,seasonal_naive,346767.5833333333
1970-01-01 00:00:00.000000060,ecl,aggregate_load,168,42,seasonal_naive,350990.71428571426
1970-01-01 00:00:00.000000060,ecl,aggregate_load,168,42,seasonal_naive,353475.40476190473
1970-01-01 00:00:00.000000060,ecl,aggregate_load,168,42,seasonal_naive,362396.1369047619
1970-01-01 00:00:00.000000060,ecl,aggregate_load,168,42,seasonal_naive,364988.6130952381
1970-01-01 00:00:00.000000060,ecl,aggregate_load,168,42,seasonal_naive,368611.70238095237
1970-01-01 00:00:00.000000060,ecl,aggregate_load,168,42,seasonal_naive,364879.0416666667
1970-01-01 00:00:00.000000060,ecl,aggregate_load,168,42,seasonal_naive,365519.8630952381
1970-01-01 00:00:00.000000060,ecl,aggregate_load,168,42,seasonal_naive,363737.24404761905
1970-01-01 00:00:00.000000060,ecl,aggregate_load,168,42,seasonal_naive,364403.5535714286
1970-01-01 00:00:00.000000060,ecl,aggregate_load,168,42,seasonal_naive,349567.6845238095
1970-01-01 00:00:00.000000060,ecl,aggregate_load,168,42,seasonal_naive,347682.03571428574
1970-01-01 00:00:00.000000060,ecl,aggregate_load,168,42,seasonal_naive,356459.11904761905
1970-01-01 00:00:00.000000060,ecl,aggregate_load,168,42,seasonal_naive,357445.73214285716
1970-01-01 00:00:00.000000060,ecl,aggregate_load,168,42,seasonal_naive,350575.76785714284
1970-01-01 00:00:00.000000060,ecl,aggregate_load,168,42,seasonal_naive,345047.625
1970-01-01 00:00:00.000000060,ecl,aggregate_load,168,42,seasonal_naive,350424.78571428574
1970-01-01 00:00:00.000000060,ecl,aggregate_load,168,42,seasonal_naive,350880.5654761905
1970-01-01 00:00:00.000000060,ecl,aggregate_load,168,42,seasonal_naive,359133.97023809527
1970-01-01 00:00:00.000000060,ecl,aggregate_load,168,42,seasonal_naive,362372.5238095238
1970-01-01 00:00:00.000000060,ecl,aggregate_load,168,42,seasonal_naive,364056.32738095237
1970-01-01 00:00:00.000000060,ecl,aggregate_load,168,42,seasonal_naive,365241.99404761905
1970-01-01 00:00:00.000000060,ecl,aggregate_load,168,42,seasonal_naive,365583.1369047619
1970-01-01 00:00:00.000000060,ecl,aggregate_load,168,42,seasonal_naive,356152.4880952381
1970-01-01 00:00:00.000000060,ecl,aggregate_load,168,42,seasonal_naive,348084.5654761905
1970-01-01 00:00:00.000000060,ecl,aggregate_load,168,42,seasonal_naive,336481.38095238095
1970-01-01 00:00:00.000000060,ecl,aggregate_load,168,42,seasonal_naive,334492.1845238095
1970-01-01 00:00:00.000000060,ecl,aggregate_load,168,42,seasonal_naive,327650.15476190473
1970-01-01 00:00:00.000000060,ecl,aggregate_load,168,42,seasonal_naive,330334.5714285714
1970-01-01 00:00:00.000000060,ecl,aggregate_load,168,42,seasonal_naive,333123.96428571426
1970-01-01 00:00:00.000000060,ecl,aggregate_load,168,42,seasonal_naive,331165.2380952381
1970-01-01 00:00:00.000000060,ecl,aggregate_load,168,42,seasonal_naive,333325.8095238095
1970-01-01 00:00:00.000000060,ecl,aggregate_load,168,42,seasonal_naive,337449.9880952381
1970-01-01 00:00:00.000000060,ecl,aggregate_load,168,42,seasonal_naive,339735.375
1970-01-01 00:00:00.000000060,ecl,aggregate_load,168,42,seasonal_naive,334766.2619047619
1970-01-01 00:00:00.000000060,ecl,aggregate_load,168,42,seasonal_naive,338812.7738095238
1970-01-01 00:00:00.000000060,ecl,aggregate_load,168,42,seasonal_naive,334056.4464285714
1970-01-01 00:00:00.000000060,ecl,aggregate_load,168,42,seasonal_naive,336527.3511904762
1970-01-01 00:00:00.000000060,ecl,aggregate_load,168,42,seasonal_naive,345028.22023809527
1970-01-01 00:00:00.000000060,ecl,aggregate_load,168,42,seasonal_naive,348831.3988095238
1970-01-01 00:00:00.000000060,ecl,aggregate_load,168,42,seasonal_naive,357414.82738095237
1970-01-01 00:00:00.000000060,ecl,aggregate_load,168,42,seasonal_naive,357606.28571428574
1970-01-01 00:00:00.000000060,ecl,aggregate_load,168,42,seasonal_naive,344889.20238095237
1970-01-01 00:00:00.000000060,ecl,aggregate_load,168,42,seasonal_naive,341822.0119047619
1970-01-01 00:00:00.000000060,ecl,aggregate_load,168,42,seasonal_naive,342511.99404761905
1970-01-01 00:00:00.000000060,ecl,aggregate_load,168,42,seasonal_naive,344983.1785714286
1970-01-01 00:00:00.000000060,ecl,aggregate_load,168,42,seasonal_naive,343277.6904761905
1970-01-01 00:00:00.000000060,ecl,aggregate_load,168,42,seasonal_naive,346960.3214285714
1970-01-01 00:00:00.000000060,ecl,aggregate_load,168,42,seasonal_naive,357407.11904761905
1970-01-01 00:00:00.000000060,ecl,aggregate_load,168,42,seasonal_naive,367402.9583333333
1970-01-01 00:00:00.000000060,ecl,aggregate_load,168,42,seasonal_naive,367251.33928571426
1970-01-01 00:00:00.000000060,ecl,aggregate_load,168,42,seasonal_naive,367043.17261904763
1970-01-01 00:00:00.000000060,ecl,aggregate_load,168,42,seasonal_naive,369221.1904761905
1970-01-01 00:00:00.000000060,ecl,aggregate_load,168,42,seasonal_naive,363194.57738095237
1970-01-01 00:00:00.000000060,ecl,aggregate_load,168,42,seasonal_naive,370711.8095238095
1970-01-01 00:00:00.000000060,ecl,aggregate_load,168,42,seasonal_naive,370869.88095238095
1970-01-01 00:00:00.000000060,ecl,aggregate_load,168,42,seasonal_naive,377428.7738095238
1970-01-01 00:00:00.000000060,ecl,aggregate_load,168,42,seasonal_naive,393564.9761904762
1970-01-01 00:00:00.000000060,ecl,aggregate_load,168,42,seasonal_naive,398272.3630952381
1970-01-01 00:00:00.000000060,ecl,aggregate_load,168,42,seasonal_naive,391830.07738095237
1970-01-01 00:00:00.000000061,ecl,aggregate_load,168,42,seasonal_naive,378426.9880952381
1970-01-01 00:00:00.000000061,ecl,aggregate_load,168,42,seasonal_naive,377705.8214285714
1970-01-01 00:00:00.000000061,ecl,aggregate_load,168,42,seasonal_naive,362126.97023809527
1970-01-01 00:00:00.000000061,ecl,aggregate_load,168,42,seasonal_naive,365464.3095238095
1970-01-01 00:00:00.000000061,ecl,aggregate_load,168,42,seasonal_naive,349736.9761904762
1970-01-01 00:00:00.000000061,ecl,aggregate_load,168,42,seasonal_naive,347776.35714285716
1970-01-01 00:00:00.000000061,ecl,aggregate_load,168,42,seasonal_naive,349397.9345238095
1970-01-01 00:00:00.000000061,ecl,aggregate_load,168,42,seasonal_naive,349630.6845238095
1970-01-01 00:00:00.000000061,ecl,aggregate_load,168,42,seasonal_naive,354037.25
1970-01-01 00:00:00.000000061,ecl,aggregate_load,168,42,seasonal_naive,357431.01785714284
1970-01-01 00:00:00.000000061,ecl,aggregate_load,168,42,seasonal_naive,357897.01785714284
1970-01-01 00:00:00.000000061,ecl,aggregate_load,168,42,seasonal_naive,371341.79761904763
1970-01-01 00:00:00.000000061,ecl,aggregate_load,168,42,seasonal_naive,362427.8214285714
1970-01-01 00:00:00.000000061,ecl,aggregate_load,168,42,seasonal_naive,350425.57738095237
1970-01-01 00:00:00.000000061,ecl,aggregate_load,168,42,seasonal_naive,352928.4404761905
1970-01-01 00:00:00.000000061,ecl,aggregate_load,168,42,seasonal_naive,354500.0833333333
1970-01-01 00:00:00.000000061,ecl,aggregate_load,168,42,seasonal_naive,365418.25595238095
1970-01-01 00:00:00.000000061,ecl,aggregate_load,168,42,seasonal_naive,368874.57738095237
1970-01-01 00:00:00.000000061,ecl,aggregate_load,168,42,seasonal_naive,362057.33928571426
1970-01-01 00:00:00.000000061,ecl,aggregate_load,168,42,seasonal_naive,362899.47023809527
1970-01-01 00:00:00.000000061,ecl,aggregate_load,168,42,seasonal_naive,352682.04761904763
1970-01-01 00:00:00.000000061,ecl,aggregate_load,168,42,seasonal_naive,335074.0595238095
1970-01-01 00:00:00.000000061,ecl,aggregate_load,168,42,seasonal_naive,329673.25595238095
1970-01-01 00:00:00.000000061,ecl,aggregate_load,168,42,seasonal_naive,337815.42261904763
1970-01-01 00:00:00.000000061,ecl,aggregate_load,168,42,seasonal_naive,335237.5416666667
1970-01-01 00:00:00.000000061,ecl,aggregate_load,168,42,seasonal_naive,335853.0119047619
1970-01-01 00:00:00.000000061,ecl,aggregate_load,168,42,seasonal_naive,334069.4761904762
1970-01-01 00:00:00.000000061,ecl,aggregate_load,168,42,seasonal_naive,327233.72023809527
1970-01-01 00:00:00.000000061,ecl,aggregate_load,168,42,seasonal_naive,330473.5535714286
1970-01-01 00:00:00.000000061,ecl,aggregate_load,168,42,seasonal_naive,331557.5595238095
1970-01-01 00:00:00.000000061,ecl,aggregate_load,168,42,seasonal_naive,333923.02976190473
1970-01-01 00:00:00.000000061,ecl,aggregate_load,168,42,seasonal_naive,333740.4464285714
1970-01-01 00:00:00.000000061,ecl,aggregate_load,168,42,seasonal_naive,330745.3214285714
1970-01-01 00:00:00.000000061,ecl,aggregate_load,168,42,seasonal_naive,325415.375
1970-01-01 00:00:00.000000061,ecl,aggregate_load,168,42,seasonal_naive,326985.2261904762
1970-01-01 00:00:00.000000061,ecl,aggregate_load,168,42,seasonal_naive,310471.24404761905
1970-01-01 00:00:00.000000061,ecl,aggregate_load,168,42,seasonal_naive,313827.92261904763
1970-01-01 00:00:00.000000061,ecl,aggregate_load,168,42,seasonal_naive,329072.5
1970-01-01 00:00:00.000000061,ecl,aggregate_load,168,42,seasonal_naive,342609.20238095237
1970-01-01 00:00:00.000000061,ecl,aggregate_load,168,42,seasonal_naive,341723.0
1970-01-01 00:00:00.000000061,ecl,aggregate_load,168,42,seasonal_naive,335829.9583333333
1970-01-01 00:00:00.000000061,ecl,aggregate_load,168,42,seasonal_naive,336082.4761904762
1970-01-01 00:00:00.000000061,ecl,aggregate_load,168,42,seasonal_naive,344904.9583333333
1970-01-01 00:00:00.000000061,ecl,aggregate_load,168,42,seasonal_naive,344237.71428571426
1970-01-01 00:00:00.000000061,ecl,aggregate_load,168,42,seasonal_naive,346411.1666666667
1970-01-01 00:00:00.000000061,ecl,aggregate_load,168,42,seasonal_naive,349461.0238095238
1970-01-01 00:00:00.000000061,ecl,aggregate_load,168,42,seasonal_naive,352773.6011904762
1970-01-01 00:00:00.000000061,ecl,aggregate_load,168,42,seasonal_naive,349853.60714285716
1970-01-01 00:00:00.000000061,ecl,aggregate_load,168,42,seasonal_naive,352167.2916666667
1970-01-01 00:00:00.000000061,ecl,aggregate_load,168,42,seasonal_naive,349752.29761904763
1970-01-01 00:00:00.000000061,ecl,aggregate_load,168,42,seasonal_naive,350216.5416666667
1970-01-01 00:00:00.000000061,ecl,aggregate_load,168,42,seasonal_naive,352410.35714285716
1970-01-01 00:00:00.000000061,ecl,aggregate_load,168,42,seasonal_naive,350531.9583333333
1970-01-01 00:00:00.000000061,ecl,aggregate_load,168,42,seasonal_naive,346994.1845238095
1970-01-01 00:00:00.000000061,ecl,aggregate_load,168,42,seasonal_naive,343795.61904761905
1970-01-01 00:00:00.000000061,ecl,aggregate_load,168,42,seasonal_naive,357688.1488095238
1970-01-01 00:00:00.000000061,ecl,aggregate_load,168,42,seasonal_naive,355944.59523809527
1970-01-01 00:00:00.000000061,ecl,aggregate_load,168,42,seasonal_naive,356626.8511904762
1970-01-01 00:00:00.000000061,ecl,aggregate_load,168,42,seasonal_naive,358356.3333333333
1970-01-01 00:00:00.000000061,ecl,aggregate_load,168,42,seasonal_naive,358033.10714285716
1970-01-01 00:00:00.000000061,ecl,aggregate_load,168,42,seasonal_naive,352591.76785714284
1970-01-01 00:00:00.000000061,ecl,aggregate_load,168,42,seasonal_naive,333919.24404761905
1970-01-01 00:00:00.000000061,ecl,aggregate_load,168,42,seasonal_naive,323924.9404761905
1970-01-01 00:00:00.000000061,ecl,aggregate_load,168,42,seasonal_naive,331300.52976190473
1970-01-01 00:00:00.000000061,ecl,aggregate_load,168,42,seasonal_naive,331046.7261904762
1970-01-01 00:00:00.000000061,ecl,aggregate_load,168,42,seasonal_naive,331513.6845238095
1970-01-01 00:00:00.000000061,ecl,aggregate_load,168,42,seasonal_naive,323033.7738095238
1970-01-01 00:00:00.000000061,ecl,aggregate_load,168,42,seasonal_naive,324725.35714285716
1970-01-01 00:00:00.000000061,ecl,aggregate_load,168,42,seasonal_naive,328772.0654761905
1970-01-01 00:00:00.000000061,ecl,aggregate_load,168,42,seasonal_naive,335272.0119047619
1970-01-01 00:00:00.000000061,ecl,aggregate_load,168,42,seasonal_naive,333475.9166666667
1970-01-01 00:00:00.000000061,ecl,aggregate_load,168,42,seasonal_naive,334016.27976190473
1970-01-01 00:00:00.000000061,ecl,aggregate_load,168,42,seasonal_naive,339218.07738095237
1970-01-01 00:00:00.000000061,ecl,aggregate_load,168,42,seasonal_naive,345292.48214285716
1970-01-01 00:00:00.000000061,ecl,aggregate_load,168,42,seasonal_naive,347892.9166666667
1970-01-01 00:00:00.000000061,ecl,aggregate_load,168,42,seasonal_naive,351771.7380952381
1970-01-01 00:00:00.000000061,ecl,aggregate_load,168,42,seasonal_naive,350435.2916666667
1970-01-01 00:00:00.000000061,ecl,aggregate_load,168,42,seasonal_naive,369868.13095238095
1970-01-01 00:00:00.000000061,ecl,aggregate_load,168,42,seasonal_naive,382589.1130952381
1970-01-01 00:00:00.000000061,ecl,aggregate_load,168,42,seasonal_naive,375718.0714285714
1970-01-01 00:00:00.000000061,ecl,aggregate_load,168,42,seasonal_naive,378815.75595238095
1970-01-01 00:00:00.000000061,ecl,aggregate_load,168,42,seasonal_naive,388887.8511904762
1970-01-01 00:00:00.000000062,ecl,aggregate_load,168,42,seasonal_naive,394844.5833333333
1970-01-01 00:00:00.000000062,ecl,aggregate_load,168,42,seasonal_naive,405855.42261904763
1970-01-01 00:00:00.000000062,ecl,aggregate_load,168,42,seasonal_naive,407994.64285714284
1970-01-01 00:00:00.000000062,ecl,aggregate_load,168,42,seasonal_naive,408350.79761904763
1970-01-01 00:00:00.000000062,ecl,aggregate_load,168,42,seasonal_naive,398347.3154761905
1970-01-01 00:00:00.000000062,ecl,aggregate_load,168,42,seasonal_naive,390409.75
1970-01-01 00:00:00.000000062,ecl,aggregate_load,168,42,seasonal_naive,386819.8214285714
1970-01-01 00:00:00.000000062,ecl,aggregate_load,168,42,seasonal_naive,385648.4345238095
1970-01-01 00:00:00.000000062,ecl,aggregate_load,168,42,seasonal_naive,386071.07738095237
1970-01-01 00:00:00.000000062,ecl,aggregate_load,168,42,seasonal_naive,385789.7738095238
1970-01-01 00:00:00.000000062,ecl,aggregate_load,168,42,seasonal_naive,379097.24404761905
1970-01-01 00:00:00.000000062,ecl,aggregate_load,168,42,seasonal_naive,372678.66071428574
1970-01-01 00:00:00.000000062,ecl,aggregate_load,168,42,seasonal_naive,376364.0535714286
1970-01-01 00:00:00.000000062,ecl,aggregate_load,168,42,seasonal_naive,372651.875
1970-01-01 00:00:00.000000062,ecl,aggregate_load,168,42,seasonal_naive,375283.8988095238
1970-01-01 00:00:00.000000062,ecl,aggregate_load,168,42,seasonal_naive,370082.82738095237
1970-01-01 00:00:00.000000062,ecl,aggregate_load,168,42,seasonal_naive,372510.1369047619
1970-01-01 00:00:00.000000062,ecl,aggregate_load,168,42,seasonal_naive,374232.04761904763
1970-01-01 00:00:00.000000062,ecl,aggregate_load,168,42,seasonal_naive,386405.16071428574
1970-01-01 00:00:00.000000062,ecl,aggregate_load,168,42,seasonal_naive,382502.36904761905
1970-01-01 00:00:00.000000062,ecl,aggregate_load,168,42,seasonal_naive,387761.60714285716
1970-01-01 00:00:00.000000062,ecl,aggregate_load,168,42,seasonal_naive,380446.1666666667
1970-01-01 00:00:00.000000062,ecl,aggregate_load,168,42,seasonal_naive,382911.08928571426
1970-01-01 00:00:00.000000062,ecl,aggregate_load,168,42,seasonal_naive,371872.84523809527
1970-01-01 00:00:00.000000062,ecl,aggregate_load,168,42,seasonal_naive,378012.58928571426
1970-01-01 00:00:00.000000062,ecl,aggregate_load,168,42,seasonal_naive,364944.9166666667
1970-01-01 00:00:00.000000062,ecl,aggregate_load,168,42,seasonal_naive,367750.77976190473
1970-01-01 00:00:00.000000062,ecl,aggregate_load,168,42,seasonal_naive,370972.67261904763
1970-01-01 00:00:00.000000062,ecl,aggregate_load,168,42,seasonal_naive,377445.23214285716
1970-01-01 00:00:00.000000062,ecl,aggregate_load,168,42,seasonal_naive,382287.5535714286
1970-01-01 00:00:00.000000062,ecl,aggregate_load,168,42,seasonal_naive,382726.39285714284
1970-01-01 00:00:00.000000062,ecl,aggregate_load,168,42,seasonal_naive,396428.88095238095
1970-01-01 00:00:00.000000062,ecl,aggregate_load,168,42,seasonal_naive,401319.8333333333
1970-01-01 00:00:00.000000062,ecl,aggregate_load,168,42,seasonal_naive,402174.21428571426
1970-01-01 00:00:00.000000062,ecl,aggregate_load,168,42,seasonal_naive,404181.9285714286
1970-01-01 00:00:00.000000062,ecl,aggregate_load,168,42,seasonal_naive,403667.5714285714
1970-01-01 00:00:00.000000062,ecl,aggregate_load,168,42,seasonal_naive,404667.8214285714
1970-01-01 00:00:00.000000062,ecl,aggregate_load,168,42,seasonal_naive,401818.8988095238
1970-01-01 00:00:00.000000062,ecl,aggregate_load,168,42,seasonal_naive,394771.4464285714
1970-01-01 00:00:00.000000062,ecl,aggregate_load,168,42,seasonal_naive,396599.0119047619
1970-01-01 00:00:00.000000062,ecl,aggregate_load,168,42,seasonal_naive,391187.72023809527
1970-01-01 00:00:00.000000062,ecl,aggregate_load,168,42,seasonal_naive,385618.4285714286
1970-01-01 00:00:00.000000062,ecl,aggregate_load,168,42,seasonal_naive,368689.17261904763
1970-01-01 00:00:00.000000062,ecl,aggregate_load,168,42,seasonal_naive,354420.41071428574
1970-01-01 00:00:00.000000062,ecl,aggregate_load,168,42,seasonal_naive,334592.9166666667
1970-01-01 00:00:00.000000062,ecl,aggregate_load,168,42,seasonal_naive,338305.85714285716
1970-01-01 00:00:00.000000062,ecl,aggregate_load,168,42,seasonal_naive,340299.63095238095
1970-01-01 00:00:00.000000062,ecl,aggregate_load,168,42,seasonal_naive,344755.51785714284
1970-01-01 00:00:00.000000062,ecl,aggregate_load,168,42,seasonal_naive,327323.9880952381
1970-01-01 00:00:00.000000062,ecl,aggregate_load,168,42,seasonal_naive,336305.3511904762
1970-01-01 00:00:00.000000062,ecl,aggregate_load,168,42,seasonal_naive,329576.5833333333
1970-01-01 00:00:00.000000062,ecl,aggregate_load,168,42,seasonal_naive,327919.27976190473
1970-01-01 00:00:00.000000062,ecl,aggregate_load,168,42,seasonal_naive,326402.65476190473
1970-01-01 00:00:00.000000062,ecl,aggregate_load,168,42,seasonal_naive,331931.00595238095
1970-01-01 00:00:00.000000062,ecl,aggregate_load,168,42,seasonal_naive,339672.04761904763
1970-01-01 00:00:00.000000062,ecl,aggregate_load,168,42,seasonal_naive,328548.0535714286
1970-01-01 00:00:00.000000062,ecl,aggregate_load,168,42,seasonal_naive,332657.11904761905
1970-01-01 00:00:00.000000062,ecl,aggregate_load,168,42,seasonal_naive,334716.4404761905
1970-01-01 00:00:00.000000062,ecl,aggregate_load,168,42,seasonal_naive,349365.76785714284
1970-01-01 00:00:00.000000062,ecl,aggregate_load,168,42,seasonal_naive,355489.98214285716
1970-01-01 00:00:00.000000062,ecl,aggregate_load,168,42,seasonal_naive,356702.04761904763
1970-01-01 00:00:00.000000062,ecl,aggregate_load,168,42,seasonal_naive,361542.9285714286
1970-01-01 00:00:00.000000062,ecl,aggregate_load,168,42,seasonal_naive,364213.96428571426
1970-01-01 00:00:00.000000062,ecl,aggregate_load,168,42,seasonal_naive,366430.3869047619
1970-01-01 00:00:00.000000062,ecl,aggregate_load,168,42,seasonal_naive,369621.58928571426
1970-01-01 00:00:00.000000062,ecl,aggregate_load,168,42,seasonal_naive,379329.16071428574
1970-01-01 00:00:00.000000062,ecl,aggregate_load,168,42,seasonal_naive,377444.96428571426
1970-01-01 00:00:00.000000062,ecl,aggregate_load,168,42,seasonal_naive,378556.85714285716
1970-01-01 00:00:00.000000062,ecl,aggregate_load,168,42,seasonal_naive,380210.97023809527
1970-01-01 00:00:00.000000062,ecl,aggregate_load,168,42,seasonal_naive,377434.27976190473
1970-01-01 00:00:00.000000062,ecl,aggregate_load,168,42,seasonal_naive,377287.4464285714
1970-01-01 00:00:00.000000062,ecl,aggregate_load,168,42,seasonal_naive,377060.33928571426
1970-01-01 00:00:00.000000062,ecl,aggregate_load,168,42,seasonal_naive,377840.0119047619
1970-01-01 00:00:00.000000062,ecl,aggregate_load,168,42,seasonal_naive,368637.9345238095
1970-01-01 00:00:00.000000062,ecl,aggregate_load,168,42,seasonal_naive,373580.4761904762
1970-01-01 00:00:00.000000062,ecl,aggregate_load,168,42,seasonal_naive,375980.58928571426
1970-01-01 00:00:00.000000062,ecl,aggregate_load,168,42,seasonal_naive,376284.5595238095
1970-01-01 00:00:00.000000062,ecl,aggregate_load,168,42,seasonal_naive,371170.5
1970-01-01 00:00:00.000000062,ecl,aggregate_load,168,42,seasonal_naive,375315.61904761905
1970-01-01 00:00:00.000000062,ecl,aggregate_load,168,42,seasonal_naive,371416.03571428574
1970-01-01 00:00:00.000000062,ecl,aggregate_load,168,42,seasonal_naive,371511.9880952381
1970-01-01 00:00:00.000000062,ecl,aggregate_load,168,42,seasonal_naive,365888.3333333333
1970-01-01 00:00:00.000000062,ecl,aggregate_load,168,42,seasonal_naive,348200.4285714286
1970-01-01 00:00:00.000000062,ecl,aggregate_load,168,42,seasonal_naive,343286.4345238095
1970-01-01 00:00:00.000000062,ecl,aggregate_load,168,42,seasonal_naive,340727.61904761905
1970-01-01 00:00:00.000000062,ecl,aggregate_load,168,42,seasonal_naive,336636.11904761905
1970-01-01 00:00:00.000000062,ecl,aggregate_load,168,42,seasonal_naive,344533.8154761905
1970-01-01 00:00:00.000000062,ecl,aggregate_load,168,42,seasonal_naive,339066.3988095238
1970-01-01 00:00:00.000000062,ecl,aggregate_load,168,42,seasonal_naive,340785.42261904763
1970-01-01 00:00:00.000000062,ecl,aggregate_load,168,42,seasonal_naive,332990.0238095238
1970-01-01 00:00:00.000000062,ecl,aggregate_load,168,42,seasonal_naive,336723.74404761905
1970-01-01 00:00:00.000000062,ecl,aggregate_load,168,42,seasonal_naive,338507.6845238095
1970-01-01 00:00:00.000000062,ecl,aggregate_load,168,42,seasonal_naive,340729.7261904762
1970-01-01 00:00:00.000000062,ecl,aggregate_load,168,42,seasonal_naive,343007.9285714286
1970-01-01 00:00:00.000000062,ecl,aggregate_load,168,42,seasonal_naive,340587.38095238095
1970-01-01 00:00:00.000000062,ecl,aggregate_load,168,42,seasonal_naive,341571.85714285716
1970-01-01 00:00:00.000000062,ecl,aggregate_load,168,42,seasonal_naive,341935.8988095238
1970-01-01 00:00:00.000000062,ecl,aggregate_load,168,42,seasonal_naive,342454.5833333333
1970-01-01 00:00:00.000000062,ecl,aggregate_load,168,42,seasonal_naive,348088.01785714284
1970-01-01 00:00:00.000000062,ecl,aggregate_load,168,42,seasonal_naive,346267.70238095237
1970-01-01 00:00:00.000000062,ecl,aggregate_load,168,42,seasonal_naive,355692.8988095238
1970-01-01 00:00:00.000000062,ecl,aggregate_load,168,42,seasonal_naive,355611.8511904762
1970-01-01 00:00:00.000000062,ecl,aggregate_load,168,42,seasonal_naive,348007.0833333333
1970-01-01 00:00:00.000000062,ecl,aggregate_load,168,42,seasonal_naive,361214.53571428574
1970-01-01 00:00:00.000000062,ecl,aggregate_load,168,42,seasonal_naive,352887.78571428574
1970-01-01 00:00:00.000000062,ecl,aggregate_load,168,42,seasonal_naive,353234.11904761905
1970-01-01 00:00:00.000000062,ecl,aggregate_load,168,42,seasonal_naive,359547.4404761905
1970-01-01 00:00:00.000000062,ecl,aggregate_load,168,42,seasonal_naive,359694.3035714286
1970-01-01 00:00:00.000000062,ecl,aggregate_load,168,42,seasonal_naive,361972.3511904762
1970-01-01 00:00:00.000000062,ecl,aggregate_load,168,42,seasonal_naive,363278.23214285716
1970-01-01 00:00:00.000000062,ecl,aggregate_load,168,42,seasonal_naive,358098.3333333333
1970-01-01 00:00:00.000000062,ecl,aggregate_load,168,42,seasonal_naive,359993.08928571426
1970-01-01 00:00:00.000000062,ecl,aggregate_load,168,42,seasonal_naive,363761.0833333333
1970-01-01 00:00:00.000000062,ecl,aggregate_load,168,42,seasonal_naive,366437.1845238095
1970-01-01 00:00:00.000000062,ecl,aggregate_load,168,42,seasonal_naive,366601.34523809527
1970-01-01 00:00:00.000000062,ecl,aggregate_load,168,42,seasonal_naive,367219.20238095237
1970-01-01 00:00:00.000000062,ecl,aggregate_load,168,42,seasonal_naive,368940.7619047619
1970-01-01 00:00:00.000000062,ecl,aggregate_load,168,42,seasonal_naive,369429.47023809527
1970-01-01 00:00:00.000000062,ecl,aggregate_load,168,42,seasonal_naive,368808.52976190473
1970-01-01 00:00:00.000000062,ecl,aggregate_load,168,42,seasonal_naive,369859.0535714286
1970-01-01 00:00:00.000000062,ecl,aggregate_load,168,42,seasonal_naive,372835.9583333333
1970-01-01 00:00:00.000000062,ecl,aggregate_load,168,42,seasonal_naive,373137.75
1970-01-01 00:00:00.000000062,ecl,aggregate_load,168,42,seasonal_naive,359084.2619047619
1970-01-01 00:00:00.000000062,ecl,aggregate_load,168,42,seasonal_naive,361066.875
1970-01-01 00:00:00.000000062,ecl,aggregate_load,168,42,seasonal_naive,357239.38095238095
1970-01-01 00:00:00.000000062,ecl,aggregate_load,168,42,seasonal_naive,360701.36904761905
1970-01-01 00:00:00.000000062,ecl,aggregate_load,168,42,seasonal_naive,362189.1666666667
1970-01-01 00:00:00.000000062,ecl,aggregate_load,168,42,seasonal_naive,358189.60714285716
1970-01-01 00:00:00.000000062,ecl,aggregate_load,168,42,seasonal_naive,361093.1904761905
1970-01-01 00:00:00.000000062,ecl,aggregate_load,168,42,seasonal_naive,357299.8095238095
1970-01-01 00:00:00.000000062,ecl,aggregate_load,168,42,seasonal_naive,351031.1964285714
1970-01-01 00:00:00.000000062,ecl,aggregate_load,168,42,seasonal_naive,353203.7380952381
1970-01-01 00:00:00.000000062,ecl,aggregate_load,168,42,seasonal_naive,364188.49404761905
1970-01-01 00:00:00.000000062,ecl,aggregate_load,168,42,seasonal_naive,364532.6666666667
1970-01-01 00:00:00.000000062,ecl,aggregate_load,168,42,seasonal_naive,379299.6130952381
1970-01-01 00:00:00.000000062,ecl,aggregate_load,168,42,seasonal_naive,383009.39285714284
1970-01-01 00:00:00.000000062,ecl,aggregate_load,168,42,seasonal_naive,381780.5238095238
1970-01-01 00:00:00.000000062,ecl,aggregate_load,168,42,seasonal_naive,380987.46428571426
1970-01-01 00:00:00.000000062,ecl,aggregate_load,168,42,seasonal_naive,385180.75
1970-01-01 00:00:00.000000062,ecl,aggregate_load,168,42,seasonal_naive,384832.5595238095
1970-01-01 00:00:00.000000062,ecl,aggregate_load,168,42,seasonal_naive,387631.64285714284
1970-01-01 00:00:00.000000062,ecl,aggregate_load,168,42,seasonal_naive,390063.1904761905
1970-01-01 00:00:00.000000062,ecl,aggregate_load,168,42,seasonal_naive,396926.66071428574
1970-01-01 00:00:00.000000062,ecl,aggregate_load,168,42,seasonal_naive,401148.77976190473
1970-01-01 00:00:00.000000062,ecl,aggregate_load,168,42,seasonal_naive,394482.63095238095
1970-01-01 00:00:00.000000062,ecl,aggregate_load,168,42,seasonal_naive,399071.1130952381
1970-01-01 00:00:00.000000062,ecl,aggregate_load,168,42,seasonal_naive,407792.13095238095
1970-01-01 00:00:00.000000062,ecl,aggregate_load,168,42,seasonal_naive,415086.26785714284
1970-01-01 00:00:00.000000062,ecl,aggregate_load,168,42,seasonal_naive,412443.375
1970-01-01 00:00:00.000000062,ecl,aggregate_load,168,42,seasonal_naive,415307.6964285714
1970-01-01 00:00:00.000000062,ecl,aggregate_load,168,42,seasonal_naive,402901.0119047619
1970-01-01 00:00:00.000000062,ecl,aggregate_load,168,42,seasonal_naive,397816.57738095237
1970-01-01 00:00:00.000000062,ecl,aggregate_load,168,42,seasonal_naive,404280.26785714284
1970-01-01 00:00:00.000000062,ecl,aggregate_load,168,42,seasonal_naive,404685.2619047619
1970-01-01 00:00:00.000000062,ecl,aggregate_load,168,42,seasonal_naive,407603.25595238095
1970-01-01 00:00:00.000000062,ecl,aggregate_load,168,42,seasonal_naive,422738.21428571426
1970-01-01 00:00:00.000000062,ecl,aggregate_load,168,42,seasonal_naive,409242.5654761905
1970-01-01 00:00:00.000000062,ecl,aggregate_load,168,42,seasonal_naive,410629.5119047619
1970-01-01 00:00:00.000000062,ecl,aggregate_load,168,42,seasonal_naive,390808.6964285714
1970-01-01 00:00:00.000000062,ecl,aggregate_load,168,42,seasonal_naive,386889.97023809527
1970-01-01 00:00:00.000000062,ecl,aggregate_load,168,42,seasonal_naive,389190.7083333333
1970-01-01 00:00:00.000000062,ecl,aggregate_load,168,42,seasonal_naive,392363.25
1970-01-01 00:00:00.000000062,ecl,aggregate_load,168,42,seasonal_naive,391637.3630952381
1970-01-01 00:00:00.000000062,ecl,aggregate_load,168,42,seasonal_naive,393936.29761904763
1970-01-01 00:00:00.000000062,ecl,aggregate_load,168,42,seasonal_naive,402958.8988095238
1970-01-01 00:00:00.000000062,ecl,aggregate_load,168,42,seasonal_naive,414371.8333333333
1970-01-01 00:00:00.000000062,ecl,aggregate_load,168,42,seasonal_naive,425172.6488095238
1970-01-01 00:00:00.000000062,ecl,aggregate_load,168,42,seasonal_naive,427391.3511904762
1970-01-01 00:00:00.000000062,ecl,aggregate_load,168,42,seasonal_naive,426751.9285714286
1970-01-01 00:00:00.000000062,ecl,aggregate_load,168,42,seasonal_naive,427438.63095238095
1970-01-01 00:00:00.000000062,ecl,aggregate_load,168,42,seasonal_naive,419168.85714285716
1970-01-01 00:00:00.000000062,ecl,aggregate_load,168,42,seasonal_naive,410152.7738095238
1970-01-01 00:00:00.000000062,ecl,aggregate_load,168,42,seasonal_naive,405107.28571428574
1970-01-01 00:00:00.000000062,ecl,aggregate_load,168,42,seasonal_naive,390976.875
1970-01-01 00:00:00.000000062,ecl,aggregate_load,168,42,seasonal_naive,391484.4880952381
1970-01-01 00:00:00.000000062,ecl,aggregate_load,168,42,seasonal_naive,383033.7916666667
1970-01-01 00:00:00.000000062,ecl,aggregate_load,168,42,seasonal_naive,380791.3333333333
1970-01-01 00:00:00.000000062,ecl,aggregate_load,168,42,seasonal_naive,382874.98214285716
1970-01-01 00:00:00.000000062,ecl,aggregate_load,168,42,seasonal_naive,387338.27976190473
1970-01-01 00:00:00.000000062,ecl,aggregate_load,168,42,seasonal_naive,377490.29761904763
1970-01-01 00:00:00.000000062,ecl,aggregate_load,168,42,seasonal_naive,387191.47023809527
1970-01-01 00:00:00.000000062,ecl,aggregate_load,168,42,seasonal_naive,396084.6845238095
1970-01-01 00:00:00.000000062,ecl,aggregate_load,168,42,seasonal_naive,405324.91071428574
1970-01-01 00:00:00.000000062,ecl,aggregate_load,168,42,seasonal_naive,411483.04761904763
1970-01-01 00:00:00.000000062,ecl,aggregate_load,168,42,seasonal_naive,413291.6964285714
1970-01-01 00:00:00.000000062,ecl,aggregate_load,168,42,seasonal_naive,410843.6011904762
1970-01-01 00:00:00.000000062,ecl,aggregate_load,168,42,seasonal_naive,411702.0535714286
1970-01-01 00:00:00.000000062,ecl,aggregate_load,168,42,seasonal_naive,422945.2916666667
1970-01-01 00:00:00.000000062,ecl,aggregate_load,168,42,seasonal_naive,406234.52976190473
1970-01-01 00:00:00.000000062,ecl,aggregate_load,168,42,seasonal_naive,402420.51785714284
1970-01-01 00:00:00.000000062,ecl,aggregate_load,168,42,seasonal_naive,382450.90476190473
1970-01-01 00:00:00.000000062,ecl,aggregate_load,168,42,seasonal_naive,369485.8511904762
1970-01-01 00:00:00.000000062,ecl,aggregate_load,168,42,seasonal_naive,369289.34523809527
1970-01-01 00:00:00.000000062,ecl,aggregate_load,168,42,seasonal_naive,371700.6130952381
1970-01-01 00:00:00.000000062,ecl,aggregate_load,168,42,seasonal_naive,380917.875
1970-01-01 00:00:00.000000062,ecl,aggregate_load,168,42,seasonal_naive,381179.11904761905
1970-01-01 00:00:00.000000062,ecl,aggregate_load,168,42,seasonal_naive,401221.96428571426
1970-01-01 00:00:00.000000062,ecl,aggregate_load,168,42,seasonal_naive,407374.89285714284
1970-01-01 00:00:00.000000062,ecl,aggregate_load,168,42,seasonal_naive,410519.88095238095
1970-01-01 00:00:00.000000062,ecl,aggregate_load,168,42,seasonal_naive,418199.34523809527
1970-01-01 00:00:00.000000062,ecl,aggregate_load,168,42,seasonal_naive,417058.6904761905
1970-01-01 00:00:00.000000062,ecl,aggregate_load,168,42,seasonal_naive,421216.89285714284
1970-01-01 00:00:00.000000062,ecl,aggregate_load,168,42,seasonal_naive,417645.54761904763
1970-01-01 00:00:00.000000062,ecl,aggregate_load,168,42,seasonal_naive,414802.125
1970-01-01 00:00:00.000000062,ecl,aggregate_load,168,42,seasonal_naive,412703.5
1970-01-01 00:00:00.000000062,ecl,aggregate_load,168,42,seasonal_naive,401465.00595238095
1970-01-01 00:00:00.000000062,ecl,aggregate_load,168,42,seasonal_naive,396195.45238095237
1970-01-01 00:00:00.000000062,ecl,aggregate_load,168,42,seasonal_naive,401553.5238095238
1970-01-01 00:00:00.000000062,ecl,aggregate_load,168,42,seasonal_naive,397429.59523809527
1970-01-01 00:00:00.000000062,ecl,aggregate_load,168,42,seasonal_naive,402221.0535714286
1970-01-01 00:00:00.000000062,ecl,aggregate_load,168,42,seasonal_naive,405258.35714285716
1970-01-01 00:00:00.000000062,ecl,aggregate_load,168,42,seasonal_naive,392670.85714285716
1970-01-01 00:00:00.000000062,ecl,aggregate_load,168,42,seasonal_naive,394711.1369047619
1970-01-01 00:00:00.000000062,ecl,aggregate_load,168,42,seasonal_naive,384211.3333333333
1970-01-01 00:00:00.000000062,ecl,aggregate_load,168,42,seasonal_naive,396297.6011904762
1970-01-01 00:00:00.000000062,ecl,aggregate_load,168,42,seasonal_naive,411119.29761904763
1970-01-01 00:00:00.000000062,ecl,aggregate_load,168,42,seasonal_naive,420888.96428571426
1970-01-01 00:00:00.000000062,ecl,aggregate_load,168,42,seasonal_naive,426748.23214285716
1970-01-01 00:00:00.000000062,ecl,aggregate_load,168,42,seasonal_naive,418554.1785714286
1970-01-01 00:00:00.000000062,ecl,aggregate_load,168,42,seasonal_naive,422422.9880952381
1970-01-01 00:00:00.000000062,ecl,aggregate_load,168,42,seasonal_naive,400417.3035714286
1970-01-01 00:00:00.000000062,ecl,aggregate_load,168,42,seasonal_naive,396962.83928571426
1970-01-01 00:00:00.000000062,ecl,aggregate_load,168,42,seasonal_naive,398785.5416666667
1970-01-01 00:00:00.000000062,ecl,aggregate_load,168,42,seasonal_naive,390595.3988095238
1970-01-01 00:00:00.000000062,ecl,aggregate_load,168,42,seasonal_naive,385470.54761904763
1970-01-01 00:00:00.000000062,ecl,aggregate_load,168,42,seasonal_naive,389505.46428571426
1970-01-01 00:00:00.000000062,ecl,aggregate_load,168,42,seasonal_naive,391535.78571428574
1970-01-01 00:00:00.000000062,ecl,aggregate_load,168,42,seasonal_naive,394875.25595238095
1970-01-01 00:00:00.000000062,ecl,aggregate_load,168,42,seasonal_naive,387991.9761904762
1970-01-01 00:00:00.000000062,ecl,aggregate_load,168,42,seasonal_naive,397398.03571428574
1970-01-01 00:00:00.000000062,ecl,aggregate_load,168,42,seasonal_naive,394729.90476190473
1970-01-01 00:00:00.000000062,ecl,aggregate_load,168,42,seasonal_naive,378764.7261904762
1970-01-01 00:00:00.000000062,ecl,aggregate_load,168,42,seasonal_naive,387592.7380952381
1970-01-01 00:00:00.000000062,ecl,aggregate_load,168,42,seasonal_naive,378338.9880952381
1970-01-01 00:00:00.000000062,ecl,aggregate_load,168,42,seasonal_naive,386228.2619047619
1970-01-01 00:00:00.000000062,ecl,aggregate_load,168,42,seasonal_naive,389564.3869047619
1970-01-01 00:00:00.000000062,ecl,aggregate_load,168,42,seasonal_naive,390829.3869047619
1970-01-01 00:00:00.000000062,ecl,aggregate_load,168,42,seasonal_naive,388222.09523809527
1970-01-01 00:00:00.000000062,ecl,aggregate_load,168,42,seasonal_naive,373297.6130952381
1970-01-01 00:00:00.000000062,ecl,aggregate_load,168,42,seasonal_naive,357457.0535714286
1970-01-01 00:00:00.000000062,ecl,aggregate_load,168,42,seasonal_naive,363437.08928571426
1970-01-01 00:00:00.000000062,ecl,aggregate_load,168,42,seasonal_naive,360950.2261904762
1970-01-01 00:00:00.000000062,ecl,aggregate_load,168,42,seasonal_naive,360781.4464285714
1970-01-01 00:00:00.000000062,ecl,aggregate_load,168,42,seasonal_naive,363102.82738095237
1970-01-01 00:00:00.000000062,ecl,aggregate_load,168,42,seasonal_naive,367405.02976190473
1970-01-01 00:00:00.000000062,ecl,aggregate_load,168,42,seasonal_naive,377306.34523809527
1970-01-01 00:00:00.000000062,ecl,aggregate_load,168,42,seasonal_naive,374986.4880952381
1970-01-01 00:00:00.000000062,ecl,aggregate_load,168,42,seasonal_naive,376150.3154761905
1970-01-01 00:00:00.000000062,ecl,aggregate_load,168,42,seasonal_naive,373980.4285714286
1970-01-01 00:00:00.000000062,ecl,aggregate_load,168,42,seasonal_naive,364826.125
1970-01-01 00:00:00.000000062,ecl,aggregate_load,168,42,seasonal_naive,383342.125
1970-01-01 00:00:00.000000062,ecl,aggregate_load,168,42,seasonal_naive,394303.1011904762
1970-01-01 00:00:00.000000062,ecl,aggregate_load,168,42,seasonal_naive,404838.52976190473
1970-01-01 00:00:00.000000062,ecl,aggregate_load,168,42,seasonal_naive,400454.59523809527
1970-01-01 00:00:00.000000062,ecl,aggregate_load,168,42,seasonal_naive,402141.21428571426
1970-01-01 00:00:00.000000062,ecl,aggregate_load,168,42,seasonal_naive,409516.46428571426
1970-01-01 00:00:00.000000062,ecl,aggregate_load,168,42,seasonal_naive,400789.8095238095
1970-01-01 00:00:00.000000062,ecl,aggregate_load,168,42,seasonal_naive,411517.50595238095
1970-01-01 00:00:00.000000062,ecl,aggregate_load,168,42,seasonal_naive,405850.42261904763
1970-01-01 00:00:00.000000062,ecl,aggregate_load,168,42,seasonal_naive,409445.3095238095
1970-01-01 00:00:00.000000062,ecl,aggregate_load,168,42,seasonal_naive,423193.7380952381
1970-01-01 00:00:00.000000062,ecl,aggregate_load,168,42,seasonal_naive,423467.47023809527
1970-01-01 00:00:00.000000062,ecl,aggregate_load,168,42,seasonal_naive,423638.0238095238
1970-01-01 00:00:00.000000062,ecl,aggregate_load,168,42,seasonal_naive,423529.3333333333
1970-01-01 00:00:00.000000062,ecl,aggregate_load,168,42,seasonal_naive,405854.2380952381
1970-01-01 00:00:00.000000062,ecl,aggregate_load,168,42,seasonal_naive,400785.88095238095
1970-01-01 00:00:00.000000062,ecl,aggregate_load,168,42,seasonal_naive,401416.84523809527
1970-01-01 00:00:00.000000062,ecl,aggregate_load,168,42,seasonal_naive,395707.88095238095
1970-01-01 00:00:00.000000062,ecl,aggregate_load,168,42,seasonal_naive,395594.49404761905
1970-01-01 00:00:00.000000062,ecl,aggregate_load,168,42,seasonal_naive,380532.92261904763
1970-01-01 00:00:00.000000062,ecl,aggregate_load,168,42,seasonal_naive,379982.8511904762
1970-01-01 00:00:00.000000062,ecl,aggregate_load,168,42,seasonal_naive,386640.20238095237
1970-01-01 00:00:00.000000062,ecl,aggregate_load,168,42,seasonal_naive,390235.74404761905
1970-01-01 00:00:00.000000062,ecl,aggregate_load,168,42,seasonal_naive,388252.95238095237
1970-01-01 00:00:00.000000062,ecl,aggregate_load,168,42,seasonal_naive,378215.8630952381
1970-01-01 00:00:00.000000062,ecl,aggregate_load,168,42,seasonal_naive,369764.15476190473
1970-01-01 00:00:00.000000062,ecl,aggregate_load,168,42,seasonal_naive,366296.125
1970-01-01 00:00:00.000000062,ecl,aggregate_load,168,42,seasonal_naive,365878.9464285714
1970-01-01 00:00:00.000000062,ecl,aggregate_load,168,42,seasonal_naive,368912.60714285716
1970-01-01 00:00:00.000000062,ecl,aggregate_load,168,42,seasonal_naive,365832.7916666667
1970-01-01 00:00:00.000000062,ecl,aggregate_load,168,42,seasonal_naive,377982.9464285714
1970-01-01 00:00:00.000000062,ecl,aggregate_load,168,42,seasonal_naive,367375.51785714284
1970-01-01 00:00:00.000000062,ecl,aggregate_load,168,42,seasonal_naive,362460.58928571426
1970-01-01 00:00:00.000000062,ecl,aggregate_load,168,42,seasonal_naive,357069.51785714284
1970-01-01 00:00:00.000000062,ecl,aggregate_load,168,42,seasonal_naive,342878.6369047619
1970-01-01 00:00:00.000000062,ecl,aggregate_load,168,42,seasonal_naive,348913.65476190473
1970-01-01 00:00:00.000000062,ecl,aggregate_load,168,42,seasonal_naive,349906.26785714284
1970-01-01 00:00:00.000000062,ecl,aggregate_load,168,42,seasonal_naive,354960.33928571426
1970-01-01 00:00:00.000000062,ecl,aggregate_load,168,42,seasonal_naive,351799.33928571426
1970-01-01 00:00:00.000000062,ecl,aggregate_load,168,42,seasonal_naive,365512.61904761905
1970-01-01 00:00:00.000000062,ecl,aggregate_load,168,42,seasonal_naive,369279.6011904762
1970-01-01 00:00:00.000000062,ecl,aggregate_load,168,42,seasonal_naive,377190.52976190473
1970-01-01 00:00:00.000000062,ecl,aggregate_load,168,42,seasonal_naive,384938.47023809527
1970-01-01 00:00:00.000000063,ecl,aggregate_load,168,42,seasonal_naive,389703.63095238095
1970-01-01 00:00:00.000000063,ecl,aggregate_load,168,42,seasonal_naive,390524.9761904762
1970-01-01 00:00:00.000000063,ecl,aggregate_load,168,42,seasonal_naive,387023.42261904763
1970-01-01 00:00:00.000000063,ecl,aggregate_load,168,42,seasonal_naive,383516.60714285716
1970-01-01 00:00:00.000000063,ecl,aggregate_load,168,42,seasonal_naive,394323.3511904762
1970-01-01 00:00:00.000000063,ecl,aggregate_load,168,42,seasonal_naive,384615.25
1970-01-01 00:00:00.000000063,ecl,aggregate_load,168,42,seasonal_naive,373227.875
1970-01-01 00:00:00.000000063,ecl,aggregate_load,168,42,seasonal_naive,367639.9285714286
1970-01-01 00:00:00.000000063,ecl,aggregate_load,168,42,seasonal_naive,363565.57738095237
1970-01-01 00:00:00.000000063,ecl,aggregate_load,168,42,seasonal_naive,360755.75
1970-01-01 00:00:00.000000063,ecl,aggregate_load,168,42,seasonal_naive,356116.04761904763
1970-01-01 00:00:00.000000063,ecl,aggregate_load,168,42,seasonal_naive,342212.2261904762
1970-01-01 00:00:00.000000063,ecl,aggregate_load,168,42,seasonal_naive,345984.3511904762
1970-01-01 00:00:00.000000063,ecl,aggregate_load,168,42,seasonal_naive,355084.4583333333
1970-01-01 00:00:00.000000063,ecl,aggregate_load,168,42,seasonal_naive,356801.6488095238
1970-01-01 00:00:00.000000063,ecl,aggregate_load,168,42,seasonal_naive,356764.26785714284
1970-01-01 00:00:00.000000063,ecl,aggregate_load,168,42,seasonal_naive,353794.15476190473
1970-01-01 00:00:00.000000063,ecl,aggregate_load,168,42,seasonal_naive,353209.77976190473
1970-01-01 00:00:00.000000063,ecl,aggregate_load,168,42,seasonal_naive,354792.72023809527
1970-01-01 00:00:00.000000063,ecl,aggregate_load,168,42,seasonal_naive,357329.72023809527
1970-01-01 00:00:00.000000063,ecl,aggregate_load,168,42,seasonal_naive,350911.96428571426
1970-01-01 00:00:00.000000063,ecl,aggregate_load,168,42,seasonal_naive,349244.66071428574
1970-01-01 00:00:00.000000063,ecl,aggregate_load,168,42,seasonal_naive,339292.8214285714
1970-01-01 00:00:00.000000063,ecl,aggregate_load,168,42,seasonal_naive,325466.875
1970-01-01 00:00:00.000000063,ecl,aggregate_load,168,42,seasonal_naive,322229.10714285716
1970-01-01 00:00:00.000000063,ecl,aggregate_load,168,42,seasonal_naive,324875.6011904762
1970-01-01 00:00:00.000000063,ecl,aggregate_load,168,42,seasonal_naive,322849.72023809527
1970-01-01 00:00:00.000000063,ecl,aggregate_load,168,42,seasonal_naive,324604.59523809527
1970-01-01 00:00:00.000000063,ecl,aggregate_load,168,42,seasonal_naive,311941.32738095237
1970-01-01 00:00:00.000000063,ecl,aggregate_load,168,42,seasonal_naive,312420.00595238095
1970-01-01 00:00:00.000000063,ecl,aggregate_load,168,42,seasonal_naive,314818.67261904763
1970-01-01 00:00:00.000000063,ecl,aggregate_load,168,42,seasonal_naive,313400.0714285714
1970-01-01 00:00:00.000000063,ecl,aggregate_load,168,42,seasonal_naive,320748.4880952381
1970-01-01 00:00:00.000000063,ecl,aggregate_load,168,42,seasonal_naive,319919.8154761905
1970-01-01 00:00:00.000000063,ecl,aggregate_load,168,42,seasonal_naive,318133.7380952381
1970-01-01 00:00:00.000000063,ecl,aggregate_load,168,42,seasonal_naive,320040.64285714284
1970-01-01 00:00:00.000000063,ecl,aggregate_load,168,42,seasonal_naive,313754.8511904762
1970-01-01 00:00:00.000000063,ecl,aggregate_load,168,42,seasonal_naive,301862.52976190473
1970-01-01 00:00:00.000000063,ecl,aggregate_load,168,42,seasonal_naive,304089.00595238095
1970-01-01 00:00:00.000000063,ecl,aggregate_load,168,42,seasonal_naive,308751.99404761905
1970-01-01 00:00:00.000000063,ecl,aggregate_load,168,42,seasonal_naive,312921.6011904762
1970-01-01 00:00:00.000000063,ecl,aggregate_load,168,42,seasonal_naive,316208.10714285716
1970-01-01 00:00:00.000000063,ecl,aggregate_load,168,42,seasonal_naive,312981.6666666667
1970-01-01 00:00:00.000000063,ecl,aggregate_load,168,42,seasonal_naive,316166.8214285714
1970-01-01 00:00:00.000000063,ecl,aggregate_load,168,42,seasonal_naive,305847.90476190473
1970-01-01 00:00:00.000000063,ecl,aggregate_load,168,42,seasonal_naive,304881.15476190473
1970-01-01 00:00:00.000000063,ecl,aggregate_load,168,42,seasonal_naive,304820.21428571426
1970-01-01 00:00:00.000000063,ecl,aggregate_load,168,42,seasonal_naive,307731.0833333333
1970-01-01 00:00:00.000000063,ecl,aggregate_load,168,42,seasonal_naive,315128.60714285716
1970-01-01 00:00:00.000000063,ecl,aggregate_load,168,42,seasonal_naive,317093.9880952381
1970-01-01 00:00:00.000000063,ecl,aggregate_load,168,42,seasonal_naive,328260.41071428574
1970-01-01 00:00:00.000000063,ecl,aggregate_load,168,42,seasonal_naive,335569.50595238095
1970-01-01 00:00:00.000000063,ecl,aggregate_load,168,42,seasonal_naive,350786.40476190473
1970-01-01 00:00:00.000000063,ecl,aggregate_load,168,42,seasonal_naive,353431.25
1970-01-01 00:00:00.000000063,ecl,aggregate_load,168,42,seasonal_naive,357599.7380952381
1970-01-01 00:00:00.000000063,ecl,aggregate_load,168,42,seasonal_naive,374077.16071428574
1970-01-01 00:00:00.000000063,ecl,aggregate_load,168,42,seasonal_naive,365219.3095238095
1970-01-01 00:00:00.000000063,ecl,aggregate_load,168,42,seasonal_naive,368477.3214285714
1970-01-01 00:00:00.000000063,ecl,aggregate_load,168,42,seasonal_naive,368888.23214285716
1970-01-01 00:00:00.000000063,ecl,aggregate_load,168,42,seasonal_naive,366527.3035714286
1970-01-01 00:00:00.000000063,ecl,aggregate_load,168,42,seasonal_naive,368024.78571428574
1970-01-01 00:00:00.000000063,ecl,aggregate_load,168,42,seasonal_naive,367261.15476190473
1970-01-01 00:00:00.000000063,ecl,aggregate_load,168,42,seasonal_naive,364438.9464285714
1970-01-01 00:00:00.000000063,ecl,aggregate_load,168,42,seasonal_naive,358732.6964285714
1970-01-01 00:00:00.000000063,ecl,aggregate_load,168,42,seasonal_naive,354660.47023809527
1970-01-01 00:00:00.000000063,ecl,aggregate_load,168,42,seasonal_naive,355950.1845238095
1970-01-01 00:00:00.000000063,ecl,aggregate_load,168,42,seasonal_naive,357789.2261904762
1970-01-01 00:00:00.000000063,ecl,aggregate_load,168,42,seasonal_naive,359284.20238095237
1970-01-01 00:00:00.000000063,ecl,aggregate_load,168,42,seasonal_naive,365622.3630952381
1970-01-01 00:00:00.000000063,ecl,aggregate_load,168,42,seasonal_naive,385368.58928571426
1970-01-01 00:00:00.000000063,ecl,aggregate_load,168,42,seasonal_naive,392745.02976190473
1970-01-01 00:00:00.000000063,ecl,aggregate_load,168,42,seasonal_naive,395335.9404761905
1970-01-01 00:00:00.000000063,ecl,aggregate_load,168,42,seasonal_naive,388254.46428571426
1970-01-01 00:00:00.000000063,ecl,aggregate_load,168,42,seasonal_naive,389849.14285714284
1970-01-01 00:00:00.000000063,ecl,aggregate_load,168,42,seasonal_naive,381726.9761904762
1970-01-01 00:00:00.000000063,ecl,aggregate_load,168,42,seasonal_naive,385819.0
1970-01-01 00:00:00.000000063,ecl,aggregate_load,168,42,seasonal_naive,378898.5535714286
1970-01-01 00:00:00.000000063,ecl,aggregate_load,168,42,seasonal_naive,381204.70238095237
1970-01-01 00:00:00.000000063,ecl,aggregate_load,168,42,seasonal_naive,401703.75595238095
1970-01-01 00:00:00.000000063,ecl,aggregate_load,168,42,seasonal_naive,382907.54761904763
1970-01-01 00:00:00.000000063,ecl,aggregate_load,168,42,seasonal_naive,383688.5
1970-01-01 00:00:00.000000063,ecl,aggregate_load,168,42,seasonal_naive,385995.5238095238
1970-01-01 00:00:00.000000063,ecl,aggregate_load,168,42,seasonal_naive,387981.61904761905
1970-01-01 00:00:00.000000063,ecl,aggregate_load,168,42,seasonal_naive,393494.23214285716
1970-01-01 00:00:00.000000063,ecl,aggregate_load,168,42,seasonal_naive,392382.4345238095
1970-01-01 00:00:00.000000063,ecl,aggregate_load,168,42,seasonal_naive,392596.01785714284
1970-01-01 00:00:00.000000063,ecl,aggregate_load,168,42,seasonal_naive,400077.39285714284
1970-01-01 00:00:00.000000063,ecl,aggregate_load,168,42,seasonal_naive,400549.88095238095
1970-01-01 00:00:00.000000063,ecl,aggregate_load,168,42,seasonal_naive,407755.0238095238
1970-01-01 00:00:00.000000063,ecl,aggregate_load,168,42,seasonal_naive,412963.28571428574
1970-01-01 00:00:00.000000063,ecl,aggregate_load,168,42,seasonal_naive,414082.8333333333
1970-01-01 00:00:00.000000063,ecl,aggregate_load,168,42,seasonal_naive,415615.23214285716
1970-01-01 00:00:00.000000063,ecl,aggregate_load,168,42,seasonal_naive,408105.46428571426
1970-01-01 00:00:00.000000063,ecl,aggregate_load,168,42,seasonal_naive,389673.84523809527
1970-01-01 00:00:00.000000063,ecl,aggregate_load,168,42,seasonal_naive,384819.4404761905
1970-01-01 00:00:00.000000063,ecl,aggregate_load,168,42,seasonal_naive,387753.39285714284
1970-01-01 00:00:00.000000063,ecl,aggregate_load,168,42,seasonal_naive,392968.39285714284
1970-01-01 00:00:00.000000063,ecl,aggregate_load,168,42,seasonal_naive,391326.84523809527
1970-01-01 00:00:00.000000063,ecl,aggregate_load,168,42,seasonal_naive,400711.5833333333
1970-01-01 00:00:00.000000063,ecl,aggregate_load,168,42,seasonal_naive,385433.38095238095
1970-01-01 00:00:00.000000063,ecl,aggregate_load,168,42,seasonal_naive,383701.98214285716
1970-01-01 00:00:00.000000063,ecl,aggregate_load,168,42,seasonal_naive,380460.5238095238
1970-01-01 00:00:00.000000063,ecl,aggregate_load,168,42,seasonal_naive,351120.42261904763
1970-01-01 00:00:00.000000063,ecl,aggregate_load,168,42,seasonal_naive,367761.92261904763
1970-01-01 00:00:00.000000063,ecl,aggregate_load,168,42,seasonal_naive,368167.8630952381
1970-01-01 00:00:00.000000063,ecl,aggregate_load,168,42,seasonal_naive,362648.375
1970-01-01 00:00:00.000000063,ecl,aggregate_load,168,42,seasonal_naive,365294.24404761905
1970-01-01 00:00:00.000000064,ecl,aggregate_load,168,42,seasonal_naive,358262.6488095238
1970-01-01 00:00:00.000000064,ecl,aggregate_load,168,42,seasonal_naive,361012.59523809527
1970-01-01 00:00:00.000000064,ecl,aggregate_load,168,42,seasonal_naive,361962.70238095237
1970-01-01 00:00:00.000000064,ecl,aggregate_load,168,42,seasonal_naive,358195.21428571426
1970-01-01 00:00:00.000000064,ecl,aggregate_load,168,42,seasonal_naive,362967.47023809527
1970-01-01 00:00:00.000000064,ecl,aggregate_load,168,42,seasonal_naive,356808.6845238095
1970-01-01 00:00:00.000000064,ecl,aggregate_load,168,42,seasonal_naive,353567.16071428574
1970-01-01 00:00:00.000000064,ecl,aggregate_load,168,42,seasonal_naive,360706.08928571426
1970-01-01 00:00:00.000000064,ecl,aggregate_load,168,42,seasonal_naive,361699.0654761905
1970-01-01 00:00:00.000000064,ecl,aggregate_load,168,42,seasonal_naive,371506.5714285714
1970-01-01 00:00:00.000000064,ecl,aggregate_load,168,42,seasonal_naive,372311.29761904763
1970-01-01 00:00:00.000000064,ecl,aggregate_load,168,42,seasonal_naive,369056.2083333333
1970-01-01 00:00:00.000000064,ecl,aggregate_load,168,42,seasonal_naive,366822.8154761905
1970-01-01 00:00:00.000000064,ecl,aggregate_load,168,42,seasonal_naive,367982.8154761905
1970-01-01 00:00:00.000000064,ecl,aggregate_load,168,42,seasonal_naive,369699.78571428574
1970-01-01 00:00:00.000000064,ecl,aggregate_load,168,42,seasonal_naive,353405.3869047619
1970-01-01 00:00:00.000000064,ecl,aggregate_load,168,42,seasonal_naive,367634.8869047619
1970-01-01 00:00:00.000000064,ecl,aggregate_load,168,42,seasonal_naive,363912.5654761905
1970-01-01 00:00:00.000000064,ecl,aggregate_load,168,42,seasonal_naive,369903.22023809527
1970-01-01 00:00:00.000000064,ecl,aggregate_load,168,42,seasonal_naive,374468.78571428574
1970-01-01 00:00:00.000000064,ecl,aggregate_load,168,42,seasonal_naive,364125.3333333333
1970-01-01 00:00:00.000000064,ecl,aggregate_load,168,42,seasonal_naive,383913.0
1970-01-01 00:00:00.000000064,ecl,aggregate_load,168,42,seasonal_naive,393177.73214285716
1970-01-01 00:00:00.000000064,ecl,aggregate_load,168,42,seasonal_naive,398132.6011904762
1970-01-01 00:00:00.000000064,ecl,aggregate_load,168,42,seasonal_naive,399245.73214285716
1970-01-01 00:00:00.000000064,ecl,aggregate_load,168,42,seasonal_naive,401982.99404761905
1970-01-01 00:00:00.000000064,ecl,aggregate_load,168,42,seasonal_naive,410249.66071428574
1970-01-01 00:00:00.000000064,ecl,aggregate_load,168,42,seasonal_naive,417275.76785714284
1970-01-01 00:00:00.000000064,ecl,aggregate_load,168,42,seasonal_naive,416699.75595238095
1970-01-01 00:00:00.000000064,ecl,aggregate_load,168,42,seasonal_naive,418068.3869047619
1970-01-01 00:00:00.000000064,ecl,aggregate_load,168,42,seasonal_naive,419825.63095238095
1970-01-01 00:00:00.000000064,ecl,aggregate_load,168,42,seasonal_naive,410428.3095238095
1970-01-01 00:00:00.000000064,ecl,aggregate_load,168,42,seasonal_naive,408039.3035714286
1970-01-01 00:00:00.000000064,ecl,aggregate_load,168,42,seasonal_naive,400099.92261904763
1970-01-01 00:00:00.000000064,ecl,aggregate_load,168,42,seasonal_naive,413149.8035714286
1970-01-01 00:00:00.000000064,ecl,aggregate_load,168,42,seasonal_naive,422684.3214285714
1970-01-01 00:00:00.000000064,ecl,aggregate_load,168,42,seasonal_naive,425016.65476190473
1970-01-01 00:00:00.000000064,ecl,aggregate_load,168,42,seasonal_naive,418391.15476190473
1970-01-01 00:00:00.000000064,ecl,aggregate_load,168,42,seasonal_naive,419375.0833333333
1970-01-01 00:00:00.000000064,ecl,aggregate_load,168,42,seasonal_naive,423400.0119047619
1970-01-01 00:00:00.000000064,ecl,aggregate_load,168,42,seasonal_naive,406482.41071428574
1970-01-01 00:00:00.000000064,ecl,aggregate_load,168,42,seasonal_naive,406447.0119047619
1970-01-01 00:00:00.000000064,ecl,aggregate_load,168,42,seasonal_naive,406304.22023809527
1970-01-01 00:00:00.000000064,ecl,aggregate_load,168,42,seasonal_naive,402999.0119047619
1970-01-01 00:00:00.000000064,ecl,aggregate_load,168,42,seasonal_naive,399138.4285714286
1970-01-01 00:00:00.000000064,ecl,aggregate_load,168,42,seasonal_naive,384225.8095238095
1970-01-01 00:00:00.000000064,ecl,aggregate_load,168,42,seasonal_naive,374995.01785714284
1970-01-01 00:00:00.000000064,ecl,aggregate_load,168,42,seasonal_naive,373314.16071428574
1970-01-01 00:00:00.000000064,ecl,aggregate_load,168,42,seasonal_naive,381149.4285714286
1970-01-01 00:00:00.000000064,ecl,aggregate_load,168,42,seasonal_naive,381130.8154761905
1970-01-01 00:00:00.000000064,ecl,aggregate_load,168,42,seasonal_naive,382740.25595238095
1970-01-01 00:00:00.000000064,ecl,aggregate_load,168,42,seasonal_naive,371593.08928571426
1970-01-01 00:00:00.000000064,ecl,aggregate_load,168,42,seasonal_naive,375111.09523809527
1970-01-01 00:00:00.000000064,ecl,aggregate_load,168,42,seasonal_naive,385985.6130952381
1970-01-01 00:00:00.000000064,ecl,aggregate_load,168,42,seasonal_naive,380244.5416666667
1970-01-01 00:00:00.000000064,ecl,aggregate_load,168,42,seasonal_naive,393513.36904761905
1970-01-01 00:00:00.000000064,ecl,aggregate_load,168,42,seasonal_naive,395960.3630952381
1970-01-01 00:00:00.000000064,ecl,aggregate_load,168,42,seasonal_naive,396373.8154761905
1970-01-01 00:00:00.000000064,ecl,aggregate_load,168,42,seasonal_naive,386555.1130952381
1970-01-01 00:00:00.000000064,ecl,aggregate_load,168,42,seasonal_naive,379327.41071428574
1970-01-01 00:00:00.000000064,ecl,aggregate_load,168,42,seasonal_naive,379592.32738095237
1970-01-01 00:00:00.000000064,ecl,aggregate_load,168,42,seasonal_naive,385007.73214285716
1970-01-01 00:00:00.000000064,ecl,aggregate_load,168,42,seasonal_naive,386662.71428571426
1970-01-01 00:00:00.000000064,ecl,aggregate_load,168,42,seasonal_naive,386803.47023809527
1970-01-01 00:00:00.000000064,ecl,aggregate_load,168,42,seasonal_naive,386233.61904761905
1970-01-01 00:00:00.000000064,ecl,aggregate_load,168,42,seasonal_naive,389151.7916666667
1970-01-01 00:00:00.000000064,ecl,aggregate_load,168,42,seasonal_naive,386847.4285714286
1970-01-01 00:00:00.000000064,ecl,aggregate_load,168,42,seasonal_naive,385246.4464285714
1970-01-01 00:00:00.000000064,ecl,aggregate_load,168,42,seasonal_naive,392707.8035714286
1970-01-01 00:00:00.000000064,ecl,aggregate_load,168,42,seasonal_naive,386263.1011904762
1970-01-01 00:00:00.000000064,ecl,aggregate_load,168,42,seasonal_naive,385801.9166666667
1970-01-01 00:00:00.000000064,ecl,aggregate_load,168,42,seasonal_naive,387520.7083333333
1970-01-01 00:00:00.000000064,ecl,aggregate_load,168,42,seasonal_naive,379624.3630952381
1970-01-01 00:00:00.000000064,ecl,aggregate_load,168,42,seasonal_naive,386300.8333333333
1970-01-01 00:00:00.000000064,ecl,aggregate_load,168,42,seasonal_naive,373377.3154761905
1970-01-01 00:00:00.000000064,ecl,aggregate_load,168,42,seasonal_naive,379502.74404761905
1970-01-01 00:00:00.000000064,ecl,aggregate_load,168,42,seasonal_naive,376022.57738095237
1970-01-01 00:00:00.000000064,ecl,aggregate_load,168,42,seasonal_naive,363025.0595238095
1970-01-01 00:00:00.000000064,ecl,aggregate_load,168,42,seasonal_naive,370122.4464285714
1970-01-01 00:00:00.000000064,ecl,aggregate_load,168,42,seasonal_naive,363668.4464285714
1970-01-01 00:00:00.000000064,ecl,aggregate_load,168,42,seasonal_naive,370610.79761904763
1970-01-01 00:00:00.000000064,ecl,aggregate_load,168,42,seasonal_naive,383167.0833333333
1970-01-01 00:00:00.000000064,ecl,aggregate_load,168,42,seasonal_naive,385690.4404761905
1970-01-01 00:00:00.000000064,ecl,aggregate_load,168,42,seasonal_naive,388228.6488095238
1970-01-01 00:00:00.000000064,ecl,aggregate_load,168,42,seasonal_naive,398163.9166666667
1970-01-01 00:00:00.000000064,ecl,aggregate_load,168,42,seasonal_naive,399432.10714285716
1970-01-01 00:00:00.000000064,ecl,aggregate_load,168,42,seasonal_naive,405741.77976190473
1970-01-01 00:00:00.000000064,ecl,aggregate_load,168,42,seasonal_naive,405468.4166666667
1970-01-01 00:00:00.000000064,ecl,aggregate_load,168,42,seasonal_naive,407256.28571428574
1970-01-01 00:00:00.000000064,ecl,aggregate_load,168,42,seasonal_naive,409322.6488095238
1970-01-01 00:00:00.000000064,ecl,aggregate_load,168,42,seasonal_naive,406562.1845238095
1970-01-01 00:00:00.000000064,ecl,aggregate_load,168,42,seasonal_naive,413142.4166666667
1970-01-01 00:00:00.000000064,ecl,aggregate_load,168,42,seasonal_naive,407567.21428571426
1970-01-01 00:00:00.000000064,ecl,aggregate_load,168,42,seasonal_naive,411739.1011904762
1970-01-01 00:00:00.000000064,ecl,aggregate_load,168,42,seasonal_naive,426198.38095238095
1970-01-01 00:00:00.000000064,ecl,aggregate_load,168,42,seasonal_naive,427848.9464285714
1970-01-01 00:00:00.000000064,ecl,aggregate_load,168,42,seasonal_naive,432729.8214285714
1970-01-01 00:00:00.000000064,ecl,aggregate_load,168,42,seasonal_naive,438811.34523809527
1970-01-01 00:00:00.000000064,ecl,aggregate_load,168,42,seasonal_naive,450183.2619047619
1970-01-01 00:00:00.000000064,ecl,aggregate_load,168,42,seasonal_naive,440871.46428571426
1970-01-01 00:00:00.000000064,ecl,aggregate_load,168,42,seasonal_naive,449089.61904761905
1970-01-01 00:00:00.000000064,ecl,aggregate_load,168,42,seasonal_naive,450680.97023809527
1970-01-01 00:00:00.000000064,ecl,aggregate_load,168,42,seasonal_naive,449176.1666666667
1970-01-01 00:00:00.000000064,ecl,aggregate_load,168,42,seasonal_naive,438325.75
1970-01-01 00:00:00.000000064,ecl,aggregate_load,168,42,seasonal_naive,439676.2916666667
1970-01-01 00:00:00.000000064,ecl,aggregate_load,168,42,seasonal_naive,428052.16071428574
1970-01-01 00:00:00.000000064,ecl,aggregate_load,168,42,seasonal_naive,435006.4880952381
1970-01-01 00:00:00.000000064,ecl,aggregate_load,168,42,seasonal_naive,434975.76785714284
1970-01-01 00:00:00.000000064,ecl,aggregate_load,168,42,seasonal_naive,442398.6369047619
1970-01-01 00:00:00.000000064,ecl,aggregate_load,168,42,seasonal_naive,451972.1130952381
1970-01-01 00:00:00.000000064,ecl,aggregate_load,168,42,seasonal_naive,451974.0
1970-01-01 00:00:00.000000064,ecl,aggregate_load,168,42,seasonal_naive,453299.97023809527
1970-01-01 00:00:00.000000064,ecl,aggregate_load,168,42,seasonal_naive,455307.7261904762
1970-01-01 00:00:00.000000064,ecl,aggregate_load,168,42,seasonal_naive,460023.60714285716
1970-01-01 00:00:00.000000064,ecl,aggregate_load,168,42,seasonal_naive,460543.6785714286
1970-01-01 00:00:00.000000064,ecl,aggregate_load,168,42,seasonal_naive,460188.3154761905
1970-01-01 00:00:00.000000064,ecl,aggregate_load,168,42,seasonal_naive,466442.375
1970-01-01 00:00:00.000000064,ecl,aggregate_load,168,42,seasonal_naive,457318.79761904763
1970-01-01 00:00:00.000000064,ecl,aggregate_load,168,42,seasonal_naive,446073.67261904763
1970-01-01 00:00:00.000000064,ecl,aggregate_load,168,42,seasonal_naive,451879.3035714286
1970-01-01 00:00:00.000000064,ecl,aggregate_load,168,42,seasonal_naive,451319.92261904763
1970-01-01 00:00:00.000000064,ecl,aggregate_load,168,42,seasonal_naive,433157.6011904762
1970-01-01 00:00:00.000000064,ecl,aggregate_load,168,42,seasonal_naive,424756.16071428574
1970-01-01 00:00:00.000000064,ecl,aggregate_load,168,42,seasonal_naive,424987.75595238095
1970-01-01 00:00:00.000000064,ecl,aggregate_load,168,42,seasonal_naive,411244.83928571426
1970-01-01 00:00:00.000000064,ecl,aggregate_load,168,42,seasonal_naive,414630.08928571426
1970-01-01 00:00:00.000000064,ecl,aggregate_load,168,42,seasonal_naive,412422.4464285714
1970-01-01 00:00:00.000000064,ecl,aggregate_load,168,42,seasonal_naive,423070.74404761905
1970-01-01 00:00:00.000000064,ecl,aggregate_load,168,42,seasonal_naive,422139.67261904763
1970-01-01 00:00:00.000000064,ecl,aggregate_load,168,42,seasonal_naive,423408.6785714286
1970-01-01 00:00:00.000000064,ecl,aggregate_load,168,42,seasonal_naive,433055.32738095237
1970-01-01 00:00:00.000000064,ecl,aggregate_load,168,42,seasonal_naive,435747.6845238095
1970-01-01 00:00:00.000000064,ecl,aggregate_load,168,42,seasonal_naive,410633.70238095237
1970-01-01 00:00:00.000000064,ecl,aggregate_load,168,42,seasonal_naive,403112.9880952381
1970-01-01 00:00:00.000000064,ecl,aggregate_load,168,42,seasonal_naive,393948.1130952381
1970-01-01 00:00:00.000000064,ecl,aggregate_load,168,42,seasonal_naive,400943.7916666667
1970-01-01 00:00:00.000000064,ecl,aggregate_load,168,42,seasonal_naive,401422.67261904763
1970-01-01 00:00:00.000000064,ecl,aggregate_load,168,42,seasonal_naive,396223.3154761905
1970-01-01 00:00:00.000000064,ecl,aggregate_load,168,42,seasonal_naive,396928.38095238095
1970-01-01 00:00:00.000000064,ecl,aggregate_load,168,42,seasonal_naive,390058.8630952381
1970-01-01 00:00:00.000000064,ecl,aggregate_load,168,42,seasonal_naive,381450.9761904762
1970-01-01 00:00:00.000000064,ecl,aggregate_load,168,42,seasonal_naive,383136.4166666667
1970-01-01 00:00:00.000000064,ecl,aggregate_load,168,42,seasonal_naive,383667.8095238095
1970-01-01 00:00:00.000000064,ecl,aggregate_load,168,42,seasonal_naive,374259.1369047619
1970-01-01 00:00:00.000000064,ecl,aggregate_load,168,42,seasonal_naive,377632.5714285714
1970-01-01 00:00:00.000000064,ecl,aggregate_load,168,42,seasonal_naive,378631.4583333333
1970-01-01 00:00:00.000000064,ecl,aggregate_load,168,42,seasonal_naive,379787.5595238095
1970-01-01 00:00:00.000000064,ecl,aggregate_load,168,42,seasonal_naive,386306.64285714284
1970-01-01 00:00:00.000000064,ecl,aggregate_load,168,42,seasonal_naive,387490.8154761905
1970-01-01 00:00:00.000000064,ecl,aggregate_load,168,42,seasonal_naive,389480.07738095237
1970-01-01 00:00:00.000000064,ecl,aggregate_load,168,42,seasonal_naive,388073.2738095238
1970-01-01 00:00:00.000000064,ecl,aggregate_load,168,42,seasonal_naive,381593.1011904762
1970-01-01 00:00:00.000000064,ecl,aggregate_load,168,42,seasonal_naive,371849.6011904762
1970-01-01 00:00:00.000000064,ecl,aggregate_load,168,42,seasonal_naive,372758.53571428574
1970-01-01 00:00:00.000000064,ecl,aggregate_load,168,42,seasonal_naive,348754.52976190473
1970-01-01 00:00:00.000000064,ecl,aggregate_load,168,42,seasonal_naive,360356.9880952381
1970-01-01 00:00:00.000000064,ecl,aggregate_load,168,42,seasonal_naive,370825.8988095238
1970-01-01 00:00:00.000000064,ecl,aggregate_load,168,42,seasonal_naive,365995.67261904763
1970-01-01 00:00:00.000000064,ecl,aggregate_load,168,42,seasonal_naive,371317.79761904763
1970-01-01 00:00:00.000000064,ecl,aggregate_load,168,42,seasonal_naive,371119.0416666667
1970-01-01 00:00:00.000000064,ecl,aggregate_load,168,42,seasonal_naive,371949.3035714286
1970-01-01 00:00:00.000000064,ecl,aggregate_load,168,42,seasonal_naive,376645.1130952381
1970-01-01 00:00:00.000000064,ecl,aggregate_load,168,42,seasonal_naive,372494.51785714284
1970-01-01 00:00:00.000000064,ecl,aggregate_load,168,42,seasonal_naive,373304.7738095238
1970-01-01 00:00:00.000000064,ecl,aggregate_load,168,42,seasonal_naive,373340.47023809527
1970-01-01 00:00:00.000000064,ecl,aggregate_load,168,42,seasonal_naive,375546.51785714284
1970-01-01 00:00:00.000000064,ecl,aggregate_load,168,42,seasonal_naive,371958.67261904763
1970-01-01 00:00:00.000000064,ecl,aggregate_load,168,42,seasonal_naive,373727.96428571426
1970-01-01 00:00:00.000000064,ecl,aggregate_load,168,42,seasonal_naive,377343.39285714284
1970-01-01 00:00:00.000000064,ecl,aggregate_load,168,42,seasonal_naive,384534.53571428574
1970-01-01 00:00:00.000000064,ecl,aggregate_load,168,42,seasonal_naive,380622.20238095237
1970-01-01 00:00:00.000000064,ecl,aggregate_load,168,42,seasonal_naive,376167.27976190473
1970-01-01 00:00:00.000000064,ecl,aggregate_load,168,42,seasonal_naive,379362.0833333333
1970-01-01 00:00:00.000000064,ecl,aggregate_load,168,42,seasonal_naive,375591.4285714286
1970-01-01 00:00:00.000000064,ecl,aggregate_load,168,42,seasonal_naive,375588.1904761905
1970-01-01 00:00:00.000000064,ecl,aggregate_load,168,42,seasonal_naive,379563.3988095238
1970-01-01 00:00:00.000000064,ecl,aggregate_load,168,42,seasonal_naive,380350.8095238095
1970-01-01 00:00:00.000000064,ecl,aggregate_load,168,42,seasonal_naive,383490.61904761905
1970-01-01 00:00:00.000000064,ecl,aggregate_load,168,42,seasonal_naive,392803.4583333333
1970-01-01 00:00:00.000000064,ecl,aggregate_load,168,42,seasonal_naive,392242.97023809527
1970-01-01 00:00:00.000000064,ecl,aggregate_load,168,42,seasonal_naive,387017.75
1970-01-01 00:00:00.000000064,ecl,aggregate_load,168,42,seasonal_naive,392439.42261904763
1970-01-01 00:00:00.000000064,ecl,aggregate_load,168,42,seasonal_naive,395088.75
1970-01-01 00:00:00.000000064,ecl,aggregate_load,168,42,seasonal_naive,386817.1130952381
1970-01-01 00:00:00.000000064,ecl,aggregate_load,168,42,seasonal_naive,385618.51785714284
1970-01-01 00:00:00.000000064,ecl,aggregate_load,168,42,seasonal_naive,386094.3630952381
1970-01-01 00:00:00.000000064,ecl,aggregate_load,168,42,seasonal_naive,386391.4583333333
1970-01-01 00:00:00.000000064,ecl,aggregate_load,168,42,seasonal_naive,400273.2380952381
1970-01-01 00:00:00.000000064,ecl,aggregate_load,168,42,seasonal_naive,398049.9464285714
1970-01-01 00:00:00.000000064,ecl,aggregate_load,168,42,seasonal_naive,399779.14285714284
1970-01-01 00:00:00.000000064,ecl,aggregate_load,168,42,seasonal_naive,396324.8095238095
1970-01-01 00:00:00.000000064,ecl,aggregate_load,168,42,seasonal_naive,397748.58928571426
1970-01-01 00:00:00.000000064,ecl,aggregate_load,168,42,seasonal_naive,391081.4464285714
1970-01-01 00:00:00.000000064,ecl,aggregate_load,168,42,seasonal_naive,396948.8035714286
1970-01-01 00:00:00.000000064,ecl,aggregate_load,168,42,seasonal_naive,397258.82738095237
1970-01-01 00:00:00.000000064,ecl,aggregate_load,168,42,seasonal_naive,407914.3095238095
1970-01-01 00:00:00.000000064,ecl,aggregate_load,168,42,seasonal_naive,422840.6845238095
1970-01-01 00:00:00.000000064,ecl,aggregate_load,168,42,seasonal_naive,426391.125
1970-01-01 00:00:00.000000064,ecl,aggregate_load,168,42,seasonal_naive,428897.42261904763
1970-01-01 00:00:00.000000064,ecl,aggregate_load,168,42,seasonal_naive,418033.9404761905
1970-01-01 00:00:00.000000064,ecl,aggregate_load,168,42,seasonal_naive,416049.53571428574
1970-01-01 00:00:00.000000064,ecl,aggregate_load,168,42,seasonal_naive,411976.6488095238
1970-01-01 00:00:00.000000064,ecl,aggregate_load,168,42,seasonal_naive,396467.73214285716
1970-01-01 00:00:00.000000064,ecl,aggregate_load,168,42,seasonal_naive,377878.5238095238
1970-01-01 00:00:00.000000064,ecl,aggregate_load,168,42,seasonal_naive,381962.61904761905
1970-01-01 00:00:00.000000064,ecl,aggregate_load,168,42,seasonal_naive,377813.85714285716
1970-01-01 00:00:00.000000064,ecl,aggregate_load,168,42,seasonal_naive,370413.76785714284
1970-01-01 00:00:00.000000064,ecl,aggregate_load,168,42,seasonal_naive,367812.64285714284
1970-01-01 00:00:00.000000064,ecl,aggregate_load,168,42,seasonal_naive,372314.5
1970-01-01 00:00:00.000000064,ecl,aggregate_load,168,42,seasonal_naive,371864.53571428574
1970-01-01 00:00:00.000000064,ecl,aggregate_load,168,42,seasonal_naive,374312.09523809527
1970-01-01 00:00:00.000000064,ecl,aggregate_load,168,42,seasonal_naive,362811.90476190473
1970-01-01 00:00:00.000000064,ecl,aggregate_load,168,42,seasonal_naive,362662.8630952381
1970-01-01 00:00:00.000000064,ecl,aggregate_load,168,42,seasonal_naive,362524.9464285714
1970-01-01 00:00:00.000000064,ecl,aggregate_load,168,42,seasonal_naive,369704.2261904762
1970-01-01 00:00:00.000000064,ecl,aggregate_load,168,42,seasonal_naive,381724.03571428574
1970-01-01 00:00:00.000000064,ecl,aggregate_load,168,42,seasonal_naive,380125.3154761905
1970-01-01 00:00:00.000000064,ecl,aggregate_load,168,42,seasonal_naive,377070.47023809527
1970-01-01 00:00:00.000000064,ecl,aggregate_load,168,42,seasonal_naive,380198.0416666667
1970-01-01 00:00:00.000000064,ecl,aggregate_load,168,42,seasonal_naive,366741.875
1970-01-01 00:00:00.000000064,ecl,aggregate_load,168,42,seasonal_naive,343917.76785714284
1970-01-01 00:00:00.000000064,ecl,aggregate_load,168,42,seasonal_naive,341775.98214285716
1970-01-01 00:00:00.000000064,ecl,aggregate_load,168,42,seasonal_naive,350587.08928571426
1970-01-01 00:00:00.000000064,ecl,aggregate_load,168,42,seasonal_naive,358604.0238095238
1970-01-01 00:00:00.000000064,ecl,aggregate_load,168,42,seasonal_naive,368017.90476190473
1970-01-01 00:00:00.000000064,ecl,aggregate_load,168,42,seasonal_naive,364102.0535714286
1970-01-01 00:00:00.000000064,ecl,aggregate_load,168,42,seasonal_naive,378627.59523809527
1970-01-01 00:00:00.000000064,ecl,aggregate_load,168,42,seasonal_naive,378550.47023809527
1970-01-01 00:00:00.000000064,ecl,aggregate_load,168,42,seasonal_naive,376285.625
1970-01-01 00:00:00.000000064,ecl,aggregate_load,168,42,seasonal_naive,387596.99404761905
1970-01-01 00:00:00.000000064,ecl,aggregate_load,168,42,seasonal_naive,391620.04761904763
1970-01-01 00:00:00.000000064,ecl,aggregate_load,168,42,seasonal_naive,393264.8214285714
1970-01-01 00:00:00.000000065,ecl,aggregate_load,168,42,seasonal_naive,393552.40476190473
1970-01-01 00:00:00.000000065,ecl,aggregate_load,168,42,seasonal_naive,391768.34523809527
1970-01-01 00:00:00.000000065,ecl,aggregate_load,168,42,seasonal_naive,407908.11904761905
1970-01-01 00:00:00.000000065,ecl,aggregate_load,168,42,seasonal_naive,409886.5535714286
1970-01-01 00:00:00.000000065,ecl,aggregate_load,168,42,seasonal_naive,409566.75
1970-01-01 00:00:00.000000065,ecl,aggregate_load,168,42,seasonal_naive,413566.90476190473
1970-01-01 00:00:00.000000065,ecl,aggregate_load,168,42,seasonal_naive,408609.8095238095
1970-01-01 00:00:00.000000065,ecl,aggregate_load,168,42,seasonal_naive,393347.5
1970-01-01 00:00:00.000000065,ecl,aggregate_load,168,42,seasonal_naive,394858.8630952381
1970-01-01 00:00:00.000000065,ecl,aggregate_load,168,42,seasonal_naive,384474.42261904763
1970-01-01 00:00:00.000000065,ecl,aggregate_load,168,42,seasonal_naive,389341.875
1970-01-01 00:00:00.000000065,ecl,aggregate_load,168,42,seasonal_naive,392461.3869047619
1970-01-01 00:00:00.000000065,ecl,aggregate_load,168,42,seasonal_naive,399336.70238095237
1970-01-01 00:00:00.000000065,ecl,aggregate_load,168,42,seasonal_naive,403617.5535714286
1970-01-01 00:00:00.000000065,ecl,aggregate_load,168,42,seasonal_naive,395753.32738095237
1970-01-01 00:00:00.000000065,ecl,aggregate_load,168,42,seasonal_naive,387242.89285714284
1970-01-01 00:00:00.000000065,ecl,aggregate_load,168,42,seasonal_naive,384385.9345238095
1970-01-01 00:00:00.000000065,ecl,aggregate_load,168,42,seasonal_naive,396918.52976190473
1970-01-01 00:00:00.000000065,ecl,aggregate_load,168,42,seasonal_naive,381348.4404761905
1970-01-01 00:00:00.000000065,ecl,aggregate_load,168,42,seasonal_naive,382378.09523809527
1970-01-01 00:00:00.000000065,ecl,aggregate_load,168,42,seasonal_naive,383971.4166666667
1970-01-01 00:00:00.000000065,ecl,aggregate_load,168,42,seasonal_naive,389127.45238095237
1970-01-01 00:00:00.000000065,ecl,aggregate_load,168,42,seasonal_naive,393025.3154761905
1970-01-01 00:00:00.000000065,ecl,aggregate_load,168,42,seasonal_naive,399152.22023809527
1970-01-01 00:00:00.000000065,ecl,aggregate_load,168,42,seasonal_naive,399745.1785714286
1970-01-01 00:00:00.000000065,ecl,aggregate_load,168,42,seasonal_naive,400480.72023809527
1970-01-01 00:00:00.000000065,ecl,aggregate_load,168,42,seasonal_naive,386570.85714285716
1970-01-01 00:00:00.000000065,ecl,aggregate_load,168,42,seasonal_naive,385394.89285714284
1970-01-01 00:00:00.000000065,ecl,aggregate_load,168,42,seasonal_naive,400286.9761904762
1970-01-01 00:00:00.000000065,ecl,aggregate_load,168,42,seasonal_naive,400141.36904761905
1970-01-01 00:00:00.000000065,ecl,aggregate_load,168,42,seasonal_naive,405269.58928571426
1970-01-01 00:00:00.000000065,ecl,aggregate_load,168,42,seasonal_naive,411338.7083333333
1970-01-01 00:00:00.000000065,ecl,aggregate_load,168,42,seasonal_naive,412791.66071428574
1970-01-01 00:00:00.000000065,ecl,aggregate_load,168,42,seasonal_naive,417594.58928571426
1970-01-01 00:00:00.000000065,ecl,aggregate_load,168,42,seasonal_naive,410157.5714285714
1970-01-01 00:00:00.000000065,ecl,aggregate_load,168,42,seasonal_naive,410611.86904761905
1970-01-01 00:00:00.000000065,ecl,aggregate_load,168,42,seasonal_naive,405973.5714285714
1970-01-01 00:00:00.000000065,ecl,aggregate_load,168,42,seasonal_naive,401897.97023809527
1970-01-01 00:00:00.000000065,ecl,aggregate_load,168,42,seasonal_naive,400587.9285714286
1970-01-01 00:00:00.000000065,ecl,aggregate_load,168,42,seasonal_naive,402022.89285714284
1970-01-01 00:00:00.000000065,ecl,aggregate_load,168,42,seasonal_naive,402214.9464285714
1970-01-01 00:00:00.000000065,ecl,aggregate_load,168,42,seasonal_naive,394792.4166666667
1970-01-01 00:00:00.000000065,ecl,aggregate_load,168,42,seasonal_naive,395246.88095238095
1970-01-01 00:00:00.000000065,ecl,aggregate_load,168,42,seasonal_naive,394791.75
1970-01-01 00:00:00.000000065,ecl,aggregate_load,168,42,seasonal_naive,391678.5595238095
1970-01-01 00:00:00.000000065,ecl,aggregate_load,168,42,seasonal_naive,373669.57738095237
1970-01-01 00:00:00.000000065,ecl,aggregate_load,168,42,seasonal_naive,373302.8630952381
1970-01-01 00:00:00.000000065,ecl,aggregate_load,168,42,seasonal_naive,376408.82738095237
1970-01-01 00:00:00.000000065,ecl,aggregate_load,168,42,seasonal_naive,378672.49404761905
1970-01-01 00:00:00.000000065,ecl,aggregate_load,168,42,seasonal_naive,380366.82738095237
1970-01-01 00:00:00.000000065,ecl,aggregate_load,168,42,seasonal_naive,381437.8154761905
1970-01-01 00:00:00.000000065,ecl,aggregate_load,168,42,seasonal_naive,393379.4166666667
1970-01-01 00:00:00.000000065,ecl,aggregate_load,168,42,seasonal_naive,376659.29761904763
1970-01-01 00:00:00.000000065,ecl,aggregate_load,168,42,seasonal_naive,376984.4583333333
1970-01-01 00:00:00.000000065,ecl,aggregate_load,168,42,seasonal_naive,386093.9464285714
1970-01-01 00:00:00.000000065,ecl,aggregate_load,168,42,seasonal_naive,378905.66071428574
1970-01-01 00:00:00.000000065,ecl,aggregate_load,168,42,seasonal_naive,380850.1785714286
1970-01-01 00:00:00.000000065,ecl,aggregate_load,168,42,seasonal_naive,381161.10714285716
1970-01-01 00:00:00.000000065,ecl,aggregate_load,168,42,seasonal_naive,377477.54761904763
1970-01-01 00:00:00.000000065,ecl,aggregate_load,168,42,seasonal_naive,381708.2083333333
1970-01-01 00:00:00.000000065,ecl,aggregate_load,168,42,seasonal_naive,388421.4880952381
1970-01-01 00:00:00.000000065,ecl,aggregate_load,168,42,seasonal_naive,394435.0714285714
1970-01-01 00:00:00.000000065,ecl,aggregate_load,168,42,seasonal_naive,398456.3035714286
1970-01-01 00:00:00.000000065,ecl,aggregate_load,168,42,seasonal_naive,408302.7083333333
1970-01-01 00:00:00.000000065,ecl,aggregate_load,168,42,seasonal_naive,408892.3333333333
1970-01-01 00:00:00.000000065,ecl,aggregate_load,168,42,seasonal_naive,406697.2916666667
1970-01-01 00:00:00.000000065,ecl,aggregate_load,168,42,seasonal_naive,414245.85714285716
1970-01-01 00:00:00.000000065,ecl,aggregate_load,168,42,seasonal_naive,413026.7916666667
1970-01-01 00:00:00.000000065,ecl,aggregate_load,168,42,seasonal_naive,415736.70238095237
1970-01-01 00:00:00.000000065,ecl,aggregate_load,168,42,seasonal_naive,406725.86904761905
1970-01-01 00:00:00.000000065,ecl,aggregate_load,168,42,seasonal_naive,406540.27976190473
1970-01-01 00:00:00.000000065,ecl,aggregate_load,168,42,seasonal_naive,399940.32738095237
1970-01-01 00:00:00.000000065,ecl,aggregate_load,168,42,seasonal_naive,394438.34523809527
1970-01-01 00:00:00.000000065,ecl,aggregate_load,168,42,seasonal_naive,390557.9761904762
1970-01-01 00:00:00.000000065,ecl,aggregate_load,168,42,seasonal_naive,387845.3154761905
1970-01-01 00:00:00.000000065,ecl,aggregate_load,168,42,seasonal_naive,374760.97023809527
1970-01-01 00:00:00.000000065,ecl,aggregate_load,168,42,seasonal_naive,379537.4285714286
1970-01-01 00:00:00.000000065,ecl,aggregate_load,168,42,seasonal_naive,379208.4404761905
1970-01-01 00:00:00.000000065,ecl,aggregate_load,168,42,seasonal_naive,363385.8511904762
1970-01-01 00:00:00.000000065,ecl,aggregate_load,168,42,seasonal_naive,364574.32738095237
1970-01-01 00:00:00.000000065,ecl,aggregate_load,168,42,seasonal_naive,358162.6785714286
1970-01-01 00:00:00.000000065,ecl,aggregate_load,168,42,seasonal_naive,360454.27976190473
1970-01-01 00:00:00.000000065,ecl,aggregate_load,168,42,seasonal_naive,361042.11904761905
1970-01-01 00:00:00.000000065,ecl,aggregate_load,168,42,seasonal_naive,363130.0238095238
1970-01-01 00:00:00.000000065,ecl,aggregate_load,168,42,seasonal_naive,356755.4464285714
1970-01-01 00:00:00.000000065,ecl,aggregate_load,168,42,seasonal_naive,347451.4345238095
1970-01-01 00:00:00.000000065,ecl,aggregate_load,168,42,seasonal_naive,353416.01785714284
1970-01-01 00:00:00.000000065,ecl,aggregate_load,168,42,seasonal_naive,344355.17261904763
1970-01-01 00:00:00.000000065,ecl,aggregate_load,168,42,seasonal_naive,335682.3511904762
1970-01-01 00:00:00.000000065,ecl,aggregate_load,168,42,seasonal_naive,340796.29761904763
1970-01-01 00:00:00.000000065,ecl,aggregate_load,168,42,seasonal_naive,335984.8214285714
1970-01-01 00:00:00.000000065,ecl,aggregate_load,168,42,seasonal_naive,338897.40476190473
1970-01-01 00:00:00.000000065,ecl,aggregate_load,168,42,seasonal_naive,346002.6904761905
1970-01-01 00:00:00.000000065,ecl,aggregate_load,168,42,seasonal_naive,352930.50595238095
1970-01-01 00:00:00.000000065,ecl,aggregate_load,168,42,seasonal_naive,351368.6011904762
1970-01-01 00:00:00.000000065,ecl,aggregate_load,168,42,seasonal_naive,352495.90476190473
1970-01-01 00:00:00.000000065,ecl,aggregate_load,168,42,seasonal_naive,363976.5654761905
1970-01-01 00:00:00.000000065,ecl,aggregate_load,168,42,seasonal_naive,372746.7083333333
1970-01-01 00:00:00.000000065,ecl,aggregate_load,168,42,seasonal_naive,378434.83928571426
1970-01-01 00:00:00.000000065,ecl,aggregate_load,168,42,seasonal_naive,377930.10714285716
1970-01-01 00:00:00.000000065,ecl,aggregate_load,168,42,seasonal_naive,377273.625
1970-01-01 00:00:00.000000065,ecl,aggregate_load,168,42,seasonal_naive,377984.7083333333
1970-01-01 00:00:00.000000065,ecl,aggregate_load,168,42,seasonal_naive,380050.85714285716
1970-01-01 00:00:00.000000065,ecl,aggregate_load,168,42,seasonal_naive,376417.25
1970-01-01 00:00:00.000000065,ecl,aggregate_load,168,42,seasonal_naive,381969.9345238095
1970-01-01 00:00:00.000000065,ecl,aggregate_load,168,42,seasonal_naive,390456.6369047619
1970-01-01 00:00:00.000000065,ecl,aggregate_load,168,42,seasonal_naive,392560.11904761905
1970-01-01 00:00:00.000000065,ecl,aggregate_load,168,42,seasonal_naive,382258.59523809527
1970-01-01 00:00:00.000000065,ecl,aggregate_load,168,42,seasonal_naive,386286.78571428574
1970-01-01 00:00:00.000000065,ecl,aggregate_load,168,42,seasonal_naive,396873.1964285714
1970-01-01 00:00:00.000000065,ecl,aggregate_load,168,42,seasonal_naive,383008.95238095237
1970-01-01 00:00:00.000000065,ecl,aggregate_load,168,42,seasonal_naive,382610.5654761905
1970-01-01 00:00:00.000000065,ecl,aggregate_load,168,42,seasonal_naive,389048.4285714286
1970-01-01 00:00:00.000000065,ecl,aggregate_load,168,42,seasonal_naive,386401.3095238095
1970-01-01 00:00:00.000000065,ecl,aggregate_load,168,42,seasonal_naive,386440.0238095238
1970-01-01 00:00:00.000000065,ecl,aggregate_load,168,42,seasonal_naive,383465.17261904763
1970-01-01 00:00:00.000000065,ecl,aggregate_load,168,42,seasonal_naive,383675.8333333333
1970-01-01 00:00:00.000000065,ecl,aggregate_load,168,42,seasonal_naive,376777.9166666667
1970-01-01 00:00:00.000000065,ecl,aggregate_load,168,42,seasonal_naive,386900.24404761905
1970-01-01 00:00:00.000000065,ecl,aggregate_load,168,42,seasonal_naive,386783.0714285714
1970-01-01 00:00:00.000000065,ecl,aggregate_load,168,42,seasonal_naive,386512.4761904762
1970-01-01 00:00:00.000000065,ecl,aggregate_load,168,42,seasonal_naive,378983.5714285714
1970-01-01 00:00:00.000000065,ecl,aggregate_load,168,42,seasonal_naive,370939.1666666667
1970-01-01 00:00:00.000000065,ecl,aggregate_load,168,42,seasonal_naive,382298.28571428574
1970-01-01 00:00:00.000000065,ecl,aggregate_load,168,42,seasonal_naive,383050.3333333333
1970-01-01 00:00:00.000000065,ecl,aggregate_load,168,42,seasonal_naive,392332.1785714286
1970-01-01 00:00:00.000000065,ecl,aggregate_load,168,42,seasonal_naive,394021.6369047619
1970-01-01 00:00:00.000000065,ecl,aggregate_load,168,42,seasonal_naive,397278.2083333333
1970-01-01 00:00:00.000000065,ecl,aggregate_load,168,42,seasonal_naive,397984.3333333333
1970-01-01 00:00:00.000000065,ecl,aggregate_load,168,42,seasonal_naive,386055.26785714284
1970-01-01 00:00:00.000000065,ecl,aggregate_load,168,42,seasonal_naive,392150.22023809527
1970-01-01 00:00:00.000000065,ecl,aggregate_load,168,42,seasonal_naive,389946.28571428574
1970-01-01 00:00:00.000000065,ecl,aggregate_load,168,42,seasonal_naive,391724.8095238095
1970-01-01 00:00:00.000000065,ecl,aggregate_load,168,42,seasonal_naive,392268.26785714284
1970-01-01 00:00:00.000000065,ecl,aggregate_load,168,42,seasonal_naive,392810.03571428574
1970-01-01 00:00:00.000000065,ecl,aggregate_load,168,42,seasonal_naive,395635.60714285716
1970-01-01 00:00:00.000000065,ecl,aggregate_load,168,42,seasonal_naive,391337.23214285716
1970-01-01 00:00:00.000000065,ecl,aggregate_load,168,42,seasonal_naive,388019.2916666667
1970-01-01 00:00:00.000000065,ecl,aggregate_load,168,42,seasonal_naive,390458.2916666667
1970-01-01 00:00:00.000000065,ecl,aggregate_load,168,42,seasonal_naive,394309.2380952381
1970-01-01 00:00:00.000000065,ecl,aggregate_load,168,42,seasonal_naive,388712.3988095238
1970-01-01 00:00:00.000000065,ecl,aggregate_load,168,42,seasonal_naive,388157.6904761905
1970-01-01 00:00:00.000000065,ecl,aggregate_load,168,42,seasonal_naive,372746.1964285714
1970-01-01 00:00:00.000000065,ecl,aggregate_load,168,42,seasonal_naive,376173.36904761905
1970-01-01 00:00:00.000000065,ecl,aggregate_load,168,42,seasonal_naive,377259.91071428574
1970-01-01 00:00:00.000000065,ecl,aggregate_load,168,42,seasonal_naive,384490.0535714286
1970-01-01 00:00:00.000000065,ecl,aggregate_load,168,42,seasonal_naive,397225.9404761905
1970-01-01 00:00:00.000000065,ecl,aggregate_load,168,42,seasonal_naive,392203.02976190473
1970-01-01 00:00:00.000000065,ecl,aggregate_load,168,42,seasonal_naive,391323.7738095238
1970-01-01 00:00:00.000000065,ecl,aggregate_load,168,42,seasonal_naive,392563.38095238095
1970-01-01 00:00:00.000000065,ecl,aggregate_load,168,42,seasonal_naive,395517.42261904763
1970-01-01 00:00:00.000000065,ecl,aggregate_load,168,42,seasonal_naive,401103.375
1970-01-01 00:00:00.000000065,ecl,aggregate_load,168,42,seasonal_naive,395738.1666666667
1970-01-01 00:00:00.000000065,ecl,aggregate_load,168,42,seasonal_naive,398425.6488095238
1970-01-01 00:00:00.000000065,ecl,aggregate_load,168,42,seasonal_naive,397657.36904761905
1970-01-01 00:00:00.000000065,ecl,aggregate_load,168,42,seasonal_naive,404021.86904761905
1970-01-01 00:00:00.000000065,ecl,aggregate_load,168,42,seasonal_naive,396924.5238095238
1970-01-01 00:00:00.000000065,ecl,aggregate_load,168,42,seasonal_naive,391992.91071428574
1970-01-01 00:00:00.000000065,ecl,aggregate_load,168,42,seasonal_naive,406065.2083333333
1970-01-01 00:00:00.000000065,ecl,aggregate_load,168,42,seasonal_naive,409047.4404761905
1970-01-01 00:00:00.000000065,ecl,aggregate_load,168,42,seasonal_naive,411185.5416666667
1970-01-01 00:00:00.000000065,ecl,aggregate_load,168,42,seasonal_naive,413683.8630952381
1970-01-01 00:00:00.000000065,ecl,aggregate_load,168,42,seasonal_naive,418430.6845238095
1970-01-01 00:00:00.000000065,ecl,aggregate_load,168,42,seasonal_naive,419157.2083333333
1970-01-01 00:00:00.000000065,ecl,aggregate_load,168,42,seasonal_naive,416278.59523809527
1970-01-01 00:00:00.000000065,ecl,aggregate_load,168,42,seasonal_naive,420105.8988095238
1970-01-01 00:00:00.000000065,ecl,aggregate_load,168,42,seasonal_naive,439231.77976190473
1970-01-01 00:00:00.000000065,ecl,aggregate_load,168,42,seasonal_naive,431350.4166666667
1970-01-01 00:00:00.000000065,ecl,aggregate_load,168,42,seasonal_naive,415373.27976190473
1970-01-01 00:00:00.000000065,ecl,aggregate_load,168,42,seasonal_naive,401680.2380952381
1970-01-01 00:00:00.000000065,ecl,aggregate_load,168,42,seasonal_naive,391092.8333333333
1970-01-01 00:00:00.000000065,ecl,aggregate_load,168,42,seasonal_naive,388198.8630952381
1970-01-01 00:00:00.000000065,ecl,aggregate_load,168,42,seasonal_naive,389325.63095238095
1970-01-01 00:00:00.000000065,ecl,aggregate_load,168,42,seasonal_naive,374546.5416666667
1970-01-01 00:00:00.000000065,ecl,aggregate_load,168,42,seasonal_naive,378407.5654761905
1970-01-01 00:00:00.000000065,ecl,aggregate_load,168,42,seasonal_naive,382673.89285714284
1970-01-01 00:00:00.000000065,ecl,aggregate_load,168,42,seasonal_naive,386324.6845238095
1970-01-01 00:00:00.000000065,ecl,aggregate_load,168,42,seasonal_naive,391930.16071428574
1970-01-01 00:00:00.000000065,ecl,aggregate_load,168,42,seasonal_naive,385385.3869047619
1970-01-01 00:00:00.000000065,ecl,aggregate_load,168,42,seasonal_naive,378715.5595238095
1970-01-01 00:00:00.000000065,ecl,aggregate_load,168,42,seasonal_naive,394313.1904761905
1970-01-01 00:00:00.000000065,ecl,aggregate_load,168,42,seasonal_naive,387360.14285714284
1970-01-01 00:00:00.000000065,ecl,aggregate_load,168,42,seasonal_naive,377041.3214285714
1970-01-01 00:00:00.000000065,ecl,aggregate_load,168,42,seasonal_naive,379690.1785714286
1970-01-01 00:00:00.000000065,ecl,aggregate_load,168,42,seasonal_naive,380575.2619047619
1970-01-01 00:00:00.000000065,ecl,aggregate_load,168,42,seasonal_naive,390109.8869047619
1970-01-01 00:00:00.000000065,ecl,aggregate_load,168,42,seasonal_naive,382635.98214285716
1970-01-01 00:00:00.000000065,ecl,aggregate_load,168,42,seasonal_naive,378762.0595238095
1970-01-01 00:00:00.000000065,ecl,aggregate_load,168,42,seasonal_naive,384220.01785714284
1970-01-01 00:00:00.000000065,ecl,aggregate_load,168,42,seasonal_naive,389050.67261904763
1970-01-01 00:00:00.000000065,ecl,aggregate_load,168,42,seasonal_naive,371967.57738095237
1970-01-01 00:00:00.000000065,ecl,aggregate_load,168,42,seasonal_naive,377594.46428571426
1970-01-01 00:00:00.000000065,ecl,aggregate_load,168,42,seasonal_naive,384341.67261904763
1970-01-01 00:00:00.000000065,ecl,aggregate_load,168,42,seasonal_naive,393685.3630952381
1970-01-01 00:00:00.000000065,ecl,aggregate_load,168,42,seasonal_naive,405853.375
1970-01-01 00:00:00.000000065,ecl,aggregate_load,168,42,seasonal_naive,411475.8988095238
1970-01-01 00:00:00.000000065,ecl,aggregate_load,168,42,seasonal_naive,414450.9285714286
1970-01-01 00:00:00.000000065,ecl,aggregate_load,168,42,seasonal_naive,419023.0119047619
1970-01-01 00:00:00.000000065,ecl,aggregate_load,168,42,seasonal_naive,424801.8988095238
1970-01-01 00:00:00.000000065,ecl,aggregate_load,168,42,seasonal_naive,426853.25
1970-01-01 00:00:00.000000065,ecl,aggregate_load,168,42,seasonal_naive,424435.53571428574
1970-01-01 00:00:00.000000065,ecl,aggregate_load,168,42,seasonal_naive,425271.7083333333
1970-01-01 00:00:00.000000065,ecl,aggregate_load,168,42,seasonal_naive,426607.9345238095
1970-01-01 00:00:00.000000065,ecl,aggregate_load,168,42,seasonal_naive,435807.61904761905
1970-01-01 00:00:00.000000065,ecl,aggregate_load,168,42,seasonal_naive,420286.60714285716
1970-01-01 00:00:00.000000065,ecl,aggregate_load,168,42,seasonal_naive,422532.65476190473
1970-01-01 00:00:00.000000065,ecl,aggregate_load,168,42,seasonal_naive,414485.24404761905
1970-01-01 00:00:00.000000065,ecl,aggregate_load,168,42,seasonal_naive,421080.85714285716
1970-01-01 00:00:00.000000065,ecl,aggregate_load,168,42,seasonal_naive,421231.97023809527
1970-01-01 00:00:00.000000065,ecl,aggregate_load,168,42,seasonal_naive,412578.28571428574
1970-01-01 00:00:00.000000065,ecl,aggregate_load,168,42,seasonal_naive,424814.7083333333
1970-01-01 00:00:00.000000065,ecl,aggregate_load,168,42,seasonal_naive,425647.6964285714
1970-01-01 00:00:00.000000065,ecl,aggregate_load,168,42,seasonal_naive,426851.3630952381
1970-01-01 00:00:00.000000065,ecl,aggregate_load,168,42,seasonal_naive,428778.15476190473
1970-01-01 00:00:00.000000065,ecl,aggregate_load,168,42,seasonal_naive,432833.3869047619
1970-01-01 00:00:00.000000065,ecl,aggregate_load,168,42,seasonal_naive,430396.0416666667
1970-01-01 00:00:00.000000065,ecl,aggregate_load,168,42,seasonal_naive,434253.90476190473
1970-01-01 00:00:00.000000065,ecl,aggregate_load,168,42,seasonal_naive,427136.4583333333
1970-01-01 00:00:00.000000065,ecl,aggregate_load,168,42,seasonal_naive,411509.3095238095
1970-01-01 00:00:00.000000065,ecl,aggregate_load,168,42,seasonal_naive,402357.4464285714
1970-01-01 00:00:00.000000065,ecl,aggregate_load,168,42,seasonal_naive,397824.21428571426
1970-01-01 00:00:00.000000065,ecl,aggregate_load,168,42,seasonal_naive,391164.7261904762
1970-01-01 00:00:00.000000065,ecl,aggregate_load,168,42,seasonal_naive,387921.9880952381
1970-01-01 00:00:00.000000065,ecl,aggregate_load,168,42,seasonal_naive,374400.76785714284
1970-01-01 00:00:00.000000065,ecl,aggregate_load,168,42,seasonal_naive,380817.5595238095
1970-01-01 00:00:00.000000065,ecl,aggregate_load,168,42,seasonal_naive,384958.3988095238
1970-01-01 00:00:00.000000065,ecl,aggregate_load,168,42,seasonal_naive,388976.16071428574
1970-01-01 00:00:00.000000065,ecl,aggregate_load,168,42,seasonal_naive,381852.66071428574
1970-01-01 00:00:00.000000065,ecl,aggregate_load,168,42,seasonal_naive,390202.3511904762
1970-01-01 00:00:00.000000065,ecl,aggregate_load,168,42,seasonal_naive,393277.7083333333
1970-01-01 00:00:00.000000065,ecl,aggregate_load,168,42,seasonal_naive,396734.97023809527
1970-01-01 00:00:00.000000065,ecl,aggregate_load,168,42,seasonal_naive,391205.0
1970-01-01 00:00:00.000000065,ecl,aggregate_load,168,42,seasonal_naive,392584.1666666667
1970-01-01 00:00:00.000000065,ecl,aggregate_load,168,42,seasonal_naive,395012.2738095238
1970-01-01 00:00:00.000000065,ecl,aggregate_load,168,42,seasonal_naive,383080.4464285714
1970-01-01 00:00:00.000000065,ecl,aggregate_load,168,42,seasonal_naive,383712.5595238095
1970-01-01 00:00:00.000000065,ecl,aggregate_load,168,42,seasonal_naive,384622.5119047619
1970-01-01 00:00:00.000000065,ecl,aggregate_load,168,42,seasonal_naive,381655.79761904763
1970-01-01 00:00:00.000000065,ecl,aggregate_load,168,42,seasonal_naive,376146.1845238095
1970-01-01 00:00:00.000000065,ecl,aggregate_load,168,42,seasonal_naive,388345.52976190473
1970-01-01 00:00:00.000000065,ecl,aggregate_load,168,42,seasonal_naive,379123.77976190473
1970-01-01 00:00:00.000000065,ecl,aggregate_load,168,42,seasonal_naive,380041.23214285716
1970-01-01 00:00:00.000000065,ecl,aggregate_load,168,42,seasonal_naive,381930.0119047619
1970-01-01 00:00:00.000000065,ecl,aggregate_load,168,42,seasonal_naive,383784.35714285716
1970-01-01 00:00:00.000000065,ecl,aggregate_load,168,42,seasonal_naive,396567.49404761905
1970-01-01 00:00:00.000000065,ecl,aggregate_load,168,42,seasonal_naive,398841.74404761905
1970-01-01 00:00:00.000000065,ecl,aggregate_load,168,42,seasonal_naive,387600.49404761905
1970-01-01 00:00:00.000000065,ecl,aggregate_load,168,42,seasonal_naive,389193.03571428574
1970-01-01 00:00:00.000000065,ecl,aggregate_load,168,42,seasonal_naive,386932.0535714286
1970-01-01 00:00:00.000000065,ecl,aggregate_load,168,42,seasonal_naive,374985.7261904762
1970-01-01 00:00:00.000000065,ecl,aggregate_load,168,42,seasonal_naive,375066.6488095238
1970-01-01 00:00:00.000000065,ecl,aggregate_load,168,42,seasonal_naive,374143.99404761905
1970-01-01 00:00:00.000000065,ecl,aggregate_load,168,42,seasonal_naive,364817.74404761905
1970-01-01 00:00:00.000000065,ecl,aggregate_load,168,42,seasonal_naive,360139.51785714284
1970-01-01 00:00:00.000000065,ecl,aggregate_load,168,42,seasonal_naive,364812.36904761905
1970-01-01 00:00:00.000000065,ecl,aggregate_load,168,42,seasonal_naive,365029.2619047619
1970-01-01 00:00:00.000000065,ecl,aggregate_load,168,42,seasonal_naive,365357.5416666667
1970-01-01 00:00:00.000000065,ecl,aggregate_load,168,42,seasonal_naive,358964.9285714286
1970-01-01 00:00:00.000000065,ecl,aggregate_load,168,42,seasonal_naive,360123.78571428574
1970-01-01 00:00:00.000000065,ecl,aggregate_load,168,42,seasonal_naive,361504.27976190473
1970-01-01 00:00:00.000000065,ecl,aggregate_load,168,42,seasonal_naive,363769.7738095238
1970-01-01 00:00:00.000000065,ecl,aggregate_load,168,42,seasonal_naive,369646.6369047619
1970-01-01 00:00:00.000000065,ecl,aggregate_load,168,42,seasonal_naive,366727.88095238095
1970-01-01 00:00:00.000000065,ecl,aggregate_load,168,42,seasonal_naive,356400.90476190473
1970-01-01 00:00:00.000000065,ecl,aggregate_load,168,42,seasonal_naive,361242.5595238095
1970-01-01 00:00:00.000000065,ecl,aggregate_load,168,42,seasonal_naive,370466.6488095238
1970-01-01 00:00:00.000000065,ecl,aggregate_load,168,42,seasonal_naive,373293.39285714284
1970-01-01 00:00:00.000000065,ecl,aggregate_load,168,42,seasonal_naive,373710.33928571426
1970-01-01 00:00:00.000000065,ecl,aggregate_load,168,42,seasonal_naive,357766.90476190473
1970-01-01 00:00:00.000000065,ecl,aggregate_load,168,42,seasonal_naive,356864.07738095237
1970-01-01 00:00:00.000000065,ecl,aggregate_load,168,42,seasonal_naive,356629.5
1970-01-01 00:00:00.000000065,ecl,aggregate_load,168,42,seasonal_naive,355546.6011904762
1970-01-01 00:00:00.000000065,ecl,aggregate_load,168,42,seasonal_naive,358407.4583333333
1970-01-01 00:00:00.000000065,ecl,aggregate_load,168,42,seasonal_naive,367085.86904761905
1970-01-01 00:00:00.000000065,ecl,aggregate_load,168,42,seasonal_naive,363852.57738095237
1970-01-01 00:00:00.000000065,ecl,aggregate_load,168,42,seasonal_naive,367228.8333333333
1970-01-01 00:00:00.000000065,ecl,aggregate_load,168,42,seasonal_naive,373945.1785714286
1970-01-01 00:00:00.000000065,ecl,aggregate_load,168,42,seasonal_naive,391135.6488095238
1970-01-01 00:00:00.000000065,ecl,aggregate_load,168,42,seasonal_naive,387116.13095238095
1970-01-01 00:00:00.000000065,ecl,aggregate_load,168,42,seasonal_naive,390452.46428571426
1970-01-01 00:00:00.000000065,ecl,aggregate_load,168,42,seasonal_naive,392861.54761904763
1970-01-01 00:00:00.000000065,ecl,aggregate_load,168,42,seasonal_naive,393177.9285714286
1970-01-01 00:00:00.000000065,ecl,aggregate_load,168,42,seasonal_naive,399541.86904761905
1970-01-01 00:00:00.000000065,ecl,aggregate_load,168,42,seasonal_naive,396754.71428571426
1970-01-01 00:00:00.000000065,ecl,aggregate_load,168,42,seasonal_naive,391122.67261904763
1970-01-01 00:00:00.000000065,ecl,aggregate_load,168,42,seasonal_naive,396913.0833333333
1970-01-01 00:00:00.000000065,ecl,aggregate_load,168,42,seasonal_naive,402450.1964285714
1970-01-01 00:00:00.000000065,ecl,aggregate_load,168,42,seasonal_naive,405578.4583333333
1970-01-01 00:00:00.000000065,ecl,aggregate_load,168,42,seasonal_naive,398096.9166666667
1970-01-01 00:00:00.000000065,ecl,aggregate_load,168,42,seasonal_naive,391271.7380952381
1970-01-01 00:00:00.000000065,ecl,aggregate_load,168,42,seasonal_naive,404320.7738095238
1970-01-01 00:00:00.000000065,ecl,aggregate_load,168,42,seasonal_naive,406723.375
1970-01-01 00:00:00.000000065,ecl,aggregate_load,168,42,seasonal_naive,412537.33928571426
1970-01-01 00:00:00.000000065,ecl,aggregate_load,168,42,seasonal_naive,412955.74404761905
1970-01-01 00:00:00.000000065,ecl,aggregate_load,168,42,seasonal_naive,416950.88095238095
1970-01-01 00:00:00.000000065,ecl,aggregate_load,168,42,seasonal_naive,425831.5416666667
1970-01-01 00:00:00.000000065,ecl,aggregate_load,168,42,seasonal_naive,420118.52976190473
1970-01-01 00:00:00.000000065,ecl,aggregate_load,168,42,seasonal_naive,424042.16071428574
1970-01-01 00:00:00.000000065,ecl,aggregate_load,168,42,seasonal_naive,438971.10714285716
1970-01-01 00:00:00.000000065,ecl,aggregate_load,168,42,seasonal_naive,446934.25
1970-01-01 00:00:00.000000065,ecl,aggregate_load,168,42,seasonal_naive,440643.5
1970-01-01 00:00:00.000000065,ecl,aggregate_load,168,42,seasonal_naive,420967.0654761905
1970-01-01 00:00:00.000000065,ecl,aggregate_load,168,42,seasonal_naive,422043.04761904763
1970-01-01 00:00:00.000000065,ecl,aggregate_load,168,42,seasonal_naive,422881.02976190473
1970-01-01 00:00:00.000000065,ecl,aggregate_load,168,42,seasonal_naive,419522.85714285716
1970-01-01 00:00:00.000000065,ecl,aggregate_load,168,42,seasonal_naive,415071.71428571426
1970-01-01 00:00:00.000000065,ecl,aggregate_load,168,42,seasonal_naive,406611.5833333333
1970-01-01 00:00:00.000000065,ecl,aggregate_load,168,42,seasonal_naive,415282.3869047619
1970-01-01 00:00:00.000000065,ecl,aggregate_load,168,42,seasonal_naive,413589.27976190473
1970-01-01 00:00:00.000000065,ecl,aggregate_load,168,42,seasonal_naive,402867.40476190473
1970-01-01 00:00:00.000000065,ecl,aggregate_load,168,42,seasonal_naive,401501.15476190473
1970-01-01 00:00:00.000000065,ecl,aggregate_load,168,42,seasonal_naive,405633.9880952381
1970-01-01 00:00:00.000000065,ecl,aggregate_load,168,42,seasonal_naive,405944.2619047619
1970-01-01 00:00:00.000000065,ecl,aggregate_load,168,42,seasonal_naive,412479.04761904763
1970-01-01 00:00:00.000000065,ecl,aggregate_load,168,42,seasonal_naive,393798.20238095237
1970-01-01 00:00:00.000000065,ecl,aggregate_load,168,42,seasonal_naive,392311.63095238095
1970-01-01 00:00:00.000000065,ecl,aggregate_load,168,42,seasonal_naive,386667.0595238095
1970-01-01 00:00:00.000000065,ecl,aggregate_load,168,42,seasonal_naive,387552.42261904763
1970-01-01 00:00:00.000000065,ecl,aggregate_load,168,42,seasonal_naive,387462.82738095237
1970-01-01 00:00:00.000000065,ecl,aggregate_load,168,42,seasonal_naive,392707.9345238095
1970-01-01 00:00:00.000000065,ecl,aggregate_load,168,42,seasonal_naive,391591.41071428574
1970-01-01 00:00:00.000000065,ecl,aggregate_load,168,42,seasonal_naive,373848.35714285716
1970-01-01 00:00:00.000000065,ecl,aggregate_load,168,42,seasonal_naive,357896.0535714286
1970-01-01 00:00:00.000000065,ecl,aggregate_load,168,42,seasonal_naive,348027.16071428574
1970-01-01 00:00:00.000000065,ecl,aggregate_load,168,42,seasonal_naive,354966.99404761905
1970-01-01 00:00:00.000000065,ecl,aggregate_load,168,42,seasonal_naive,356663.86904761905
1970-01-01 00:00:00.000000065,ecl,aggregate_load,168,42,seasonal_naive,367891.1011904762
1970-01-01 00:00:00.000000065,ecl,aggregate_load,168,42,seasonal_naive,372113.3333333333
1970-01-01 00:00:00.000000065,ecl,aggregate_load,168,42,seasonal_naive,378843.82738095237
1970-01-01 00:00:00.000000065,ecl,aggregate_load,168,42,seasonal_naive,395349.83928571426
1970-01-01 00:00:00.000000065,ecl,aggregate_load,168,42,seasonal_naive,395535.0833333333
1970-01-01 00:00:00.000000065,ecl,aggregate_load,168,42,seasonal_naive,397270.3095238095
1970-01-01 00:00:00.000000065,ecl,aggregate_load,168,42,seasonal_naive,393316.3333333333
1970-01-01 00:00:00.000000065,ecl,aggregate_load,168,42,seasonal_naive,397346.4285714286
1970-01-01 00:00:00.000000065,ecl,aggregate_load,168,42,seasonal_naive,393892.4583333333
1970-01-01 00:00:00.000000065,ecl,aggregate_load,168,42,seasonal_naive,394490.1964285714
1970-01-01 00:00:00.000000065,ecl,aggregate_load,168,42,seasonal_naive,397616.15476190473
1970-01-01 00:00:00.000000065,ecl,aggregate_load,168,42,seasonal_naive,388023.4583333333
1970-01-01 00:00:00.000000065,ecl,aggregate_load,168,42,seasonal_naive,388577.8988095238
1970-01-01 00:00:00.000000065,ecl,aggregate_load,168,42,seasonal_naive,397102.45238095237
1970-01-01 00:00:00.000000065,ecl,aggregate_load,168,42,seasonal_naive,400484.125
1970-01-01 00:00:00.000000065,ecl,aggregate_load,168,42,seasonal_naive,395138.5416666667
1970-01-01 00:00:00.000000065,ecl,aggregate_load,168,42,seasonal_naive,398280.97023809527
1970-01-01 00:00:00.000000065,ecl,aggregate_load,168,42,seasonal_naive,390582.0595238095
1970-01-01 00:00:00.000000066,ecl,aggregate_load,168,42,seasonal_naive,393389.01785714284
1970-01-01 00:00:00.000000066,ecl,aggregate_load,168,42,seasonal_naive,396038.3869047619
1970-01-01 00:00:00.000000066,ecl,aggregate_load,168,42,seasonal_naive,396451.66071428574
1970-01-01 00:00:00.000000066,ecl,aggregate_load,168,42,seasonal_naive,402175.2619047619
1970-01-01 00:00:00.000000066,ecl,aggregate_load,168,42,seasonal_naive,397843.5535714286
1970-01-01 00:00:00.000000066,ecl,aggregate_load,168,42,seasonal_naive,400663.5654761905
1970-01-01 00:00:00.000000066,ecl,aggregate_load,168,42,seasonal_naive,388929.7083333333
1970-01-01 00:00:00.000000066,ecl,aggregate_load,168,42,seasonal_naive,384926.04761904763
1970-01-01 00:00:00.000000066,ecl,aggregate_load,168,42,seasonal_naive,381796.3095238095
1970-01-01 00:00:00.000000066,ecl,aggregate_load,168,42,seasonal_naive,361934.35714285716
1970-01-01 00:00:00.000000066,ecl,aggregate_load,168,42,seasonal_naive,366606.125
1970-01-01 00:00:00.000000066,ecl,aggregate_load,168,42,seasonal_naive,354459.3869047619
1970-01-01 00:00:00.000000066,ecl,aggregate_load,168,42,seasonal_naive,355307.75595238095
1970-01-01 00:00:00.000000066,ecl,aggregate_load,168,42,seasonal_naive,359856.11904761905
1970-01-01 00:00:00.000000066,ecl,aggregate_load,168,42,seasonal_naive,364393.7738095238
1970-01-01 00:00:00.000000066,ecl,aggregate_load,168,42,seasonal_naive,353088.10714285716
1970-01-01 00:00:00.000000066,ecl,aggregate_load,168,42,seasonal_naive,360429.28571428574
1970-01-01 00:00:00.000000066,ecl,aggregate_load,168,42,seasonal_naive,375266.63095238095
1970-01-01 00:00:00.000000066,ecl,aggregate_load,168,42,seasonal_naive,393064.1369047619
1970-01-01 00:00:00.000000066,ecl,aggregate_load,168,42,seasonal_naive,378200.5833333333
1970-01-01 00:00:00.000000066,ecl,aggregate_load,168,42,seasonal_naive,380911.26785714284
1970-01-01 00:00:00.000000066,ecl,aggregate_load,168,42,seasonal_naive,394310.82738095237
1970-01-01 00:00:00.000000066,ecl,aggregate_load,168,42,seasonal_naive,393348.34523809527
1970-01-01 00:00:00.000000066,ecl,aggregate_load,168,42,seasonal_naive,389952.41071428574
1970-01-01 00:00:00.000000066,ecl,aggregate_load,168,42,seasonal_naive,404053.45238095237
1970-01-01 00:00:00.000000066,ecl,aggregate_load,168,42,seasonal_naive,405369.0238095238
1970-01-01 00:00:00.000000066,ecl,aggregate_load,168,42,seasonal_naive,403317.63095238095
1970-01-01 00:00:00.000000066,ecl,aggregate_load,168,42,seasonal_naive,397889.5833333333
1970-01-01 00:00:00.000000066,ecl,aggregate_load,168,42,seasonal_naive,405686.9583333333
1970-01-01 00:00:00.000000066,ecl,aggregate_load,168,42,seasonal_naive,411830.45238095237
1970-01-01 00:00:00.000000066,ecl,aggregate_load,168,42,seasonal_naive,431181.4345238095
1970-01-01 00:00:00.000000066,ecl,aggregate_load,168,42,seasonal_naive,427407.74404761905
1970-01-01 00:00:00.000000066,ecl,aggregate_load,168,42,seasonal_naive,428274.79761904763
1970-01-01 00:00:00.000000066,ecl,aggregate_load,168,42,seasonal_naive,427492.79761904763
1970-01-01 00:00:00.000000066,ecl,aggregate_load,168,42,seasonal_naive,434547.5238095238
1970-01-01 00:00:00.000000066,ecl,aggregate_load,168,42,seasonal_naive,438631.90476190473
1970-01-01 00:00:00.000000066,ecl,aggregate_load,168,42,seasonal_naive,435689.78571428574
1970-01-01 00:00:00.000000066,ecl,aggregate_load,168,42,seasonal_naive,431320.16071428574
1970-01-01 00:00:00.000000066,ecl,aggregate_load,168,42,seasonal_naive,427007.32738095237
1970-01-01 00:00:00.000000066,ecl,aggregate_load,168,42,seasonal_naive,428481.4285714286
1970-01-01 00:00:00.000000066,ecl,aggregate_load,168,42,seasonal_naive,418652.75
1970-01-01 00:00:00.000000066,ecl,aggregate_load,168,42,seasonal_naive,397875.375
1970-01-01 00:00:00.000000066,ecl,aggregate_load,168,42,seasonal_naive,386679.8035714286
1970-01-01 00:00:00.000000066,ecl,aggregate_load,168,42,seasonal_naive,401494.59523809527
1970-01-01 00:00:00.000000066,ecl,aggregate_load,168,42,seasonal_naive,401120.5654761905
1970-01-01 00:00:00.000000066,ecl,aggregate_load,168,42,seasonal_naive,385971.3511904762
1970-01-01 00:00:00.000000066,ecl,aggregate_load,168,42,seasonal_naive,385547.0595238095
1970-01-01 00:00:00.000000066,ecl,aggregate_load,168,42,seasonal_naive,377681.1011904762
1970-01-01 00:00:00.000000066,ecl,aggregate_load,168,42,seasonal_naive,377567.46428571426
1970-01-01 00:00:00.000000066,ecl,aggregate_load,168,42,seasonal_naive,387895.39285714284
1970-01-01 00:00:00.000000066,ecl,aggregate_load,168,42,seasonal_naive,391556.58928571426
1970-01-01 00:00:00.000000066,ecl,aggregate_load,168,42,seasonal_naive,399365.6369047619
1970-01-01 00:00:00.000000066,ecl,aggregate_load,168,42,seasonal_naive,397134.9880952381
1970-01-01 00:00:00.000000066,ecl,aggregate_load,168,42,seasonal_naive,397983.2083333333
1970-01-01 00:00:00.000000066,ecl,aggregate_load,168,42,seasonal_naive,375143.17261904763
1970-01-01 00:00:00.000000066,ecl,aggregate_load,168,42,seasonal_naive,376821.1904761905
1970-01-01 00:00:00.000000066,ecl,aggregate_load,168,42,seasonal_naive,372342.11904761905
1970-01-01 00:00:00.000000066,ecl,aggregate_load,168,42,seasonal_naive,377144.4166666667
1970-01-01 00:00:00.000000066,ecl,aggregate_load,168,42,seasonal_naive,369045.8095238095
1970-01-01 00:00:00.000000066,ecl,aggregate_load,168,42,seasonal_naive,369179.74404761905
1970-01-01 00:00:00.000000066,ecl,aggregate_load,168,42,seasonal_naive,369103.02976190473
1970-01-01 00:00:00.000000066,ecl,aggregate_load,168,42,seasonal_naive,365144.21428571426
1970-01-01 00:00:00.000000066,ecl,aggregate_load,168,42,seasonal_naive,370616.5714285714
1970-01-01 00:00:00.000000066,ecl,aggregate_load,168,42,seasonal_naive,377709.95238095237
1970-01-01 00:00:00.000000066,ecl,aggregate_load,168,42,seasonal_naive,375591.6845238095
1970-01-01 00:00:00.000000066,ecl,aggregate_load,168,42,seasonal_naive,379801.41071428574
1970-01-01 00:00:00.000000066,ecl,aggregate_load,168,42,seasonal_naive,374341.0119047619
1970-01-01 00:00:00.000000066,ecl,aggregate_load,168,42,seasonal_naive,360155.6666666667
1970-01-01 00:00:00.000000066,ecl,aggregate_load,168,42,seasonal_naive,360169.6904761905
1970-01-01 00:00:00.000000066,ecl,aggregate_load,168,42,seasonal_naive,361524.02976190473
1970-01-01 00:00:00.000000066,ecl,aggregate_load,168,42,seasonal_naive,363210.8214285714
1970-01-01 00:00:00.000000066,ecl,aggregate_load,168,42,seasonal_naive,363288.8988095238
1970-01-01 00:00:00.000000066,ecl,aggregate_load,168,42,seasonal_naive,336256.26785714284
1970-01-01 00:00:00.000000066,ecl,aggregate_load,168,42,seasonal_naive,326467.4285714286
1970-01-01 00:00:00.000000066,ecl,aggregate_load,168,42,seasonal_naive,326332.6785714286
1970-01-01 00:00:00.000000066,ecl,aggregate_load,168,42,seasonal_naive,323996.0714285714
1970-01-01 00:00:00.000000066,ecl,aggregate_load,168,42,seasonal_naive,320695.6666666667
1970-01-01 00:00:00.000000066,ecl,aggregate_load,168,42,seasonal_naive,306892.0714285714
1970-01-01 00:00:00.000000066,ecl,aggregate_load,168,42,seasonal_naive,304767.5416666667
1970-01-01 00:00:00.000000066,ecl,aggregate_load,168,42,seasonal_naive,295924.59523809527
1970-01-01 00:00:00.000000066,ecl,aggregate_load,168,42,seasonal_naive,297400.04761904763
1970-01-01 00:00:00.000000066,ecl,aggregate_load,168,42,seasonal_naive,304885.2083333333
1970-01-01 00:00:00.000000066,ecl,aggregate_load,168,42,seasonal_naive,302872.07738095237
1970-01-01 00:00:00.000000066,ecl,aggregate_load,168,42,seasonal_naive,302775.58928571426
1970-01-01 00:00:00.000000066,ecl,aggregate_load,168,42,seasonal_naive,302904.27976190473
1970-01-01 00:00:00.000000066,ecl,aggregate_load,168,42,seasonal_naive,312133.1785714286
1970-01-01 00:00:00.000000066,ecl,aggregate_load,168,42,seasonal_naive,313106.0654761905
1970-01-01 00:00:00.000000066,ecl,aggregate_load,168,42,seasonal_naive,315545.1488095238
1970-01-01 00:00:00.000000066,ecl,aggregate_load,168,42,seasonal_naive,315539.52976190473
1970-01-01 00:00:00.000000066,ecl,aggregate_load,168,42,seasonal_naive,317696.20238095237
1970-01-01 00:00:00.000000066,ecl,aggregate_load,168,42,seasonal_naive,319089.3035714286
1970-01-01 00:00:00.000000066,ecl,aggregate_load,168,42,seasonal_naive,321728.75
1970-01-01 00:00:00.000000066,ecl,aggregate_load,168,42,seasonal_naive,322577.375
1970-01-01 00:00:00.000000066,ecl,aggregate_load,168,42,seasonal_naive,321969.3214285714
1970-01-01 00:00:00.000000066,ecl,aggregate_load,168,42,seasonal_naive,316175.83928571426
1970-01-01 00:00:00.000000066,ecl,aggregate_load,168,42,seasonal_naive,324437.25595238095
1970-01-01 00:00:00.000000066,ecl,aggregate_load,168,42,seasonal_naive,324145.9761904762
1970-01-01 00:00:00.000000066,ecl,aggregate_load,168,42,seasonal_naive,325946.6130952381
1970-01-01 00:00:00.000000066,ecl,aggregate_load,168,42,seasonal_naive,329341.9761904762
1970-01-01 00:00:00.000000066,ecl,aggregate_load,168,42,seasonal_naive,328209.5654761905
1970-01-01 00:00:00.000000066,ecl,aggregate_load,168,42,seasonal_naive,333767.2261904762
1970-01-01 00:00:00.000000066,ecl,aggregate_load,168,42,seasonal_naive,335893.8154761905
1970-01-01 00:00:00.000000066,ecl,aggregate_load,168,42,seasonal_naive,337472.6130952381
1970-01-01 00:00:00.000000066,ecl,aggregate_load,168,42,seasonal_naive,338288.1011904762
1970-01-01 00:00:00.000000066,ecl,aggregate_load,168,42,seasonal_naive,334176.67261904763
1970-01-01 00:00:00.000000066,ecl,aggregate_load,168,42,seasonal_naive,323327.5
1970-01-01 00:00:00.000000066,ecl,aggregate_load,168,42,seasonal_naive,323676.45238095237
1970-01-01 00:00:00.000000066,ecl,aggregate_load,168,42,seasonal_naive,327428.25
1970-01-01 00:00:00.000000066,ecl,aggregate_load,168,42,seasonal_naive,335876.6011904762
1970-01-01 00:00:00.000000066,ecl,aggregate_load,168,42,seasonal_naive,326506.7619047619
1970-01-01 00:00:00.000000066,ecl,aggregate_load,168,42,seasonal_naive,318902.3035714286
1970-01-01 00:00:00.000000066,ecl,aggregate_load,168,42,seasonal_naive,308223.24404761905
1970-01-01 00:00:00.000000066,ecl,aggregate_load,168,42,seasonal_naive,317125.8869047619
1970-01-01 00:00:00.000000066,ecl,aggregate_load,168,42,seasonal_naive,313905.98214285716
1970-01-01 00:00:00.000000066,ecl,aggregate_load,168,42,seasonal_naive,312919.58928571426
1970-01-01 00:00:00.000000066,ecl,aggregate_load,168,42,seasonal_naive,315688.22023809527
1970-01-01 00:00:00.000000066,ecl,aggregate_load,168,42,seasonal_naive,317648.0833333333
1970-01-01 00:00:00.000000066,ecl,aggregate_load,168,42,seasonal_naive,318134.2619047619
1970-01-01 00:00:00.000000066,ecl,aggregate_load,168,42,seasonal_naive,343389.6666666667
1970-01-01 00:00:00.000000066,ecl,aggregate_load,168,42,seasonal_naive,337260.07738095237
1970-01-01 00:00:00.000000066,ecl,aggregate_load,168,42,seasonal_naive,337306.23214285716
1970-01-01 00:00:00.000000066,ecl,aggregate_load,168,42,seasonal_naive,332778.79761904763
1970-01-01 00:00:00.000000066,ecl,aggregate_load,168,42,seasonal_naive,337456.5416666667
1970-01-01 00:00:00.000000066,ecl,aggregate_load,168,42,seasonal_naive,337743.33928571426
1970-01-01 00:00:00.000000066,ecl,aggregate_load,168,42,seasonal_naive,332699.7738095238
1970-01-01 00:00:00.000000066,ecl,aggregate_load,168,42,seasonal_naive,336245.9285714286
1970-01-01 00:00:00.000000066,ecl,aggregate_load,168,42,seasonal_naive,337154.5595238095
1970-01-01 00:00:00.000000066,ecl,aggregate_load,168,42,seasonal_naive,345042.8988095238
1970-01-01 00:00:00.000000066,ecl,aggregate_load,168,42,seasonal_naive,355396.95238095237
1970-01-01 00:00:00.000000066,ecl,aggregate_load,168,42,seasonal_naive,357736.125
1970-01-01 00:00:00.000000066,ecl,aggregate_load,168,42,seasonal_naive,357804.02976190473
1970-01-01 00:00:00.000000066,ecl,aggregate_load,168,42,seasonal_naive,358840.61904761905
1970-01-01 00:00:00.000000066,ecl,aggregate_load,168,42,seasonal_naive,349724.34523809527
1970-01-01 00:00:00.000000066,ecl,aggregate_load,168,42,seasonal_naive,360936.03571428574
1970-01-01 00:00:00.000000066,ecl,aggregate_load,168,42,seasonal_naive,369139.54761904763
1970-01-01 00:00:00.000000066,ecl,aggregate_load,168,42,seasonal_naive,373065.11904761905
1970-01-01 00:00:00.000000066,ecl,aggregate_load,168,42,seasonal_naive,365802.625
1970-01-01 00:00:00.000000066,ecl,aggregate_load,168,42,seasonal_naive,366664.98214285716
1970-01-01 00:00:00.000000066,ecl,aggregate_load,168,42,seasonal_naive,366303.1845238095
1970-01-01 00:00:00.000000066,ecl,aggregate_load,168,42,seasonal_naive,368893.6011904762
1970-01-01 00:00:00.000000066,ecl,aggregate_load,168,42,seasonal_naive,364866.1904761905
1970-01-01 00:00:00.000000066,ecl,aggregate_load,168,42,seasonal_naive,372565.1011904762
1970-01-01 00:00:00.000000066,ecl,aggregate_load,168,42,seasonal_naive,358959.4166666667
1970-01-01 00:00:00.000000066,ecl,aggregate_load,168,42,seasonal_naive,362381.52976190473
1970-01-01 00:00:00.000000066,ecl,aggregate_load,168,42,seasonal_naive,364380.5833333333
1970-01-01 00:00:00.000000066,ecl,aggregate_load,168,42,seasonal_naive,363468.1785714286
1970-01-01 00:00:00.000000066,ecl,aggregate_load,168,42,seasonal_naive,353499.07738095237
1970-01-01 00:00:00.000000066,ecl,aggregate_load,168,42,seasonal_naive,363847.625
1970-01-01 00:00:00.000000066,ecl,aggregate_load,168,42,seasonal_naive,385348.49404761905
1970-01-01 00:00:00.000000066,ecl,aggregate_load,168,42,seasonal_naive,385117.5833333333
1970-01-01 00:00:00.000000066,ecl,aggregate_load,168,42,seasonal_naive,384941.4583333333
1970-01-01 00:00:00.000000066,ecl,aggregate_load,168,42,seasonal_naive,378122.73214285716
1970-01-01 00:00:00.000000066,ecl,aggregate_load,168,42,seasonal_naive,367264.9880952381
1970-01-01 00:00:00.000000066,ecl,aggregate_load,168,42,seasonal_naive,365903.89285714284
1970-01-01 00:00:00.000000066,ecl,aggregate_load,168,42,seasonal_naive,370470.46428571426
1970-01-01 00:00:00.000000066,ecl,aggregate_load,168,42,seasonal_naive,372356.6964285714
1970-01-01 00:00:00.000000066,ecl,aggregate_load,168,42,seasonal_naive,376504.1666666667
1970-01-01 00:00:00.000000066,ecl,aggregate_load,168,42,seasonal_naive,365482.26785714284
1970-01-01 00:00:00.000000066,ecl,aggregate_load,168,42,seasonal_naive,356570.48214285716
1970-01-01 00:00:00.000000066,ecl,aggregate_load,168,42,seasonal_naive,367496.2261904762
1970-01-01 00:00:00.000000066,ecl,aggregate_load,168,42,seasonal_naive,382347.8511904762
1970-01-01 00:00:00.000000066,ecl,aggregate_load,168,42,seasonal_naive,388028.27976190473
1970-01-01 00:00:00.000000066,ecl,aggregate_load,168,42,seasonal_naive,394855.625
1970-01-01 00:00:00.000000066,ecl,aggregate_load,168,42,seasonal_naive,388303.46428571426
1970-01-01 00:00:00.000000066,ecl,aggregate_load,168,42,seasonal_naive,401287.4404761905
1970-01-01 00:00:00.000000066,ecl,aggregate_load,168,42,seasonal_naive,392787.2261904762
1970-01-01 00:00:00.000000066,ecl,aggregate_load,168,42,seasonal_naive,374735.9761904762
1970-01-01 00:00:00.000000066,ecl,aggregate_load,168,42,seasonal_naive,376910.79761904763
1970-01-01 00:00:00.000000066,ecl,aggregate_load,168,42,seasonal_naive,377801.1785714286
1970-01-01 00:00:00.000000066,ecl,aggregate_load,168,42,seasonal_naive,394157.75595238095
1970-01-01 00:00:00.000000066,ecl,aggregate_load,168,42,seasonal_naive,398430.97023809527
1970-01-01 00:00:00.000000066,ecl,aggregate_load,168,42,seasonal_naive,384952.63095238095
1970-01-01 00:00:00.000000066,ecl,aggregate_load,168,42,seasonal_naive,361688.9880952381
1970-01-01 00:00:00.000000066,ecl,aggregate_load,168,42,seasonal_naive,364909.5
1970-01-01 00:00:00.000000066,ecl,aggregate_load,168,42,seasonal_naive,367724.47023809527
1970-01-01 00:00:00.000000066,ecl,aggregate_load,168,42,seasonal_naive,365208.00595238095
1970-01-01 00:00:00.000000066,ecl,aggregate_load,168,42,seasonal_naive,382435.125
1970-01-01 00:00:00.000000066,ecl,aggregate_load,168,42,seasonal_naive,386223.91071428574
1970-01-01 00:00:00.000000066,ecl,aggregate_load,168,42,seasonal_naive,382370.25595238095
1970-01-01 00:00:00.000000066,ecl,aggregate_load,168,42,seasonal_naive,378331.03571428574
1970-01-01 00:00:00.000000066,ecl,aggregate_load,168,42,seasonal_naive,376765.33928571426
1970-01-01 00:00:00.000000066,ecl,aggregate_load,168,42,seasonal_naive,388541.47023809527
1970-01-01 00:00:00.000000066,ecl,aggregate_load,168,42,seasonal_naive,391824.4285714286
1970-01-01 00:00:00.000000066,ecl,aggregate_load,168,42,seasonal_naive,376224.4404761905
1970-01-01 00:00:00.000000066,ecl,aggregate_load,168,42,seasonal_naive,361716.9880952381
1970-01-01 00:00:00.000000066,ecl,aggregate_load,168,42,seasonal_naive,354866.41071428574
1970-01-01 00:00:00.000000066,ecl,aggregate_load,168,42,seasonal_naive,359321.7738095238
1970-01-01 00:00:00.000000066,ecl,aggregate_load,168,42,seasonal_naive,359026.36904761905
1970-01-01 00:00:00.000000066,ecl,aggregate_load,168,42,seasonal_naive,351503.0595238095
1970-01-01 00:00:00.000000066,ecl,aggregate_load,168,42,seasonal_naive,353508.1964285714
1970-01-01 00:00:00.000000066,ecl,aggregate_load,168,42,seasonal_naive,353968.41071428574
1970-01-01 00:00:00.000000066,ecl,aggregate_load,168,42,seasonal_naive,355006.21428571426
1970-01-01 00:00:00.000000066,ecl,aggregate_load,168,42,seasonal_naive,353392.36904761905
1970-01-01 00:00:00.000000066,ecl,aggregate_load,168,42,seasonal_naive,332356.14285714284
1970-01-01 00:00:00.000000066,ecl,aggregate_load,168,42,seasonal_naive,332709.25
1970-01-01 00:00:00.000000066,ecl,aggregate_load,168,42,seasonal_naive,337425.5238095238
1970-01-01 00:00:00.000000066,ecl,aggregate_load,168,42,seasonal_naive,338059.2083333333
1970-01-01 00:00:00.000000066,ecl,aggregate_load,168,42,seasonal_naive,349913.0714285714
1970-01-01 00:00:00.000000066,ecl,aggregate_load,168,42,seasonal_naive,362467.97023809527
1970-01-01 00:00:00.000000066,ecl,aggregate_load,168,42,seasonal_naive,366052.72023809527
1970-01-01 00:00:00.000000066,ecl,aggregate_load,168,42,seasonal_naive,349671.14285714284
1970-01-01 00:00:00.000000066,ecl,aggregate_load,168,42,seasonal_naive,353479.4404761905
1970-01-01 00:00:00.000000066,ecl,aggregate_load,168,42,seasonal_naive,356257.0
1970-01-01 00:00:00.000000066,ecl,aggregate_load,168,42,seasonal_naive,368688.72023809527
1970-01-01 00:00:00.000000066,ecl,aggregate_load,168,42,seasonal_naive,371197.41071428574
1970-01-01 00:00:00.000000066,ecl,aggregate_load,168,42,seasonal_naive,352329.75
1970-01-01 00:00:00.000000066,ecl,aggregate_load,168,42,seasonal_naive,346236.8035714286
1970-01-01 00:00:00.000000066,ecl,aggregate_load,168,42,seasonal_naive,347341.4404761905
1970-01-01 00:00:00.000000066,ecl,aggregate_load,168,42,seasonal_naive,348077.73214285716
1970-01-01 00:00:00.000000066,ecl,aggregate_load,168,42,seasonal_naive,351883.10714285716
1970-01-01 00:00:00.000000066,ecl,aggregate_load,168,42,seasonal_naive,341186.91071428574
1970-01-01 00:00:00.000000066,ecl,aggregate_load,168,42,seasonal_naive,345753.23214285716
1970-01-01 00:00:00.000000066,ecl,aggregate_load,168,42,seasonal_naive,349078.32738095237
1970-01-01 00:00:00.000000066,ecl,aggregate_load,168,42,seasonal_naive,351572.5654761905
1970-01-01 00:00:00.000000066,ecl,aggregate_load,168,42,seasonal_naive,359178.59523809527
1970-01-01 00:00:00.000000066,ecl,aggregate_load,168,42,seasonal_naive,362077.59523809527
1970-01-01 00:00:00.000000066,ecl,aggregate_load,168,42,seasonal_naive,362323.3988095238
1970-01-01 00:00:00.000000066,ecl,aggregate_load,168,42,seasonal_naive,363052.84523809527
1970-01-01 00:00:00.000000066,ecl,aggregate_load,168,42,seasonal_naive,367109.64285714284
1970-01-01 00:00:00.000000066,ecl,aggregate_load,168,42,seasonal_naive,385644.2380952381
1970-01-01 00:00:00.000000066,ecl,aggregate_load,168,42,seasonal_naive,389549.74404761905
1970-01-01 00:00:00.000000066,ecl,aggregate_load,168,42,seasonal_naive,369560.6369047619
1970-01-01 00:00:00.000000066,ecl,aggregate_load,168,42,seasonal_naive,361002.0535714286
1970-01-01 00:00:00.000000066,ecl,aggregate_load,168,42,seasonal_naive,359942.4345238095
1970-01-01 00:00:00.000000066,ecl,aggregate_load,168,42,seasonal_naive,360516.5595238095
1970-01-01 00:00:00.000000066,ecl,aggregate_load,168,42,seasonal_naive,372121.25
1970-01-01 00:00:00.000000066,ecl,aggregate_load,168,42,seasonal_naive,370649.08928571426
1970-01-01 00:00:00.000000066,ecl,aggregate_load,168,42,seasonal_naive,354711.0119047619
1970-01-01 00:00:00.000000066,ecl,aggregate_load,168,42,seasonal_naive,355958.3214285714
1970-01-01 00:00:00.000000066,ecl,aggregate_load,168,42,seasonal_naive,358941.7083333333
1970-01-01 00:00:00.000000066,ecl,aggregate_load,168,42,seasonal_naive,360724.8333333333
1970-01-01 00:00:00.000000066,ecl,aggregate_load,168,42,seasonal_naive,366673.64285714284
1970-01-01 00:00:00.000000066,ecl,aggregate_load,168,42,seasonal_naive,365455.8988095238
1970-01-01 00:00:00.000000066,ecl,aggregate_load,168,42,seasonal_naive,364464.72023809527
1970-01-01 00:00:00.000000066,ecl,aggregate_load,168,42,seasonal_naive,376192.72023809527
1970-01-01 00:00:00.000000066,ecl,aggregate_load,168,42,seasonal_naive,374221.11904761905
1970-01-01 00:00:00.000000066,ecl,aggregate_load,168,42,seasonal_naive,371498.625
1970-01-01 00:00:00.000000066,ecl,aggregate_load,168,42,seasonal_naive,369501.10714285716
1970-01-01 00:00:00.000000066,ecl,aggregate_load,168,42,seasonal_naive,366510.76785714284
1970-01-01 00:00:00.000000066,ecl,aggregate_load,168,42,seasonal_naive,371284.1369047619
1970-01-01 00:00:00.000000066,ecl,aggregate_load,168,42,seasonal_naive,381332.73214285716
1970-01-01 00:00:00.000000066,ecl,aggregate_load,168,42,seasonal_naive,388537.7380952381
1970-01-01 00:00:00.000000066,ecl,aggregate_load,168,42,seasonal_naive,383959.375
1970-01-01 00:00:00.000000066,ecl,aggregate_load,168,42,seasonal_naive,357876.90476190473
1970-01-01 00:00:00.000000066,ecl,aggregate_load,168,42,seasonal_naive,349417.1130952381
1970-01-01 00:00:00.000000066,ecl,aggregate_load,168,42,seasonal_naive,352666.60714285716
1970-01-01 00:00:00.000000066,ecl,aggregate_load,168,42,seasonal_naive,346554.89285714284
1970-01-01 00:00:00.000000066,ecl,aggregate_load,168,42,seasonal_naive,348504.08928571426
1970-01-01 00:00:00.000000066,ecl,aggregate_load,168,42,seasonal_naive,349737.1904761905
1970-01-01 00:00:00.000000066,ecl,aggregate_load,168,42,seasonal_naive,332720.8035714286
1970-01-01 00:00:00.000000066,ecl,aggregate_load,168,42,seasonal_naive,338933.04761904763
1970-01-01 00:00:00.000000066,ecl,aggregate_load,168,42,seasonal_naive,339056.92261904763
1970-01-01 00:00:00.000000066,ecl,aggregate_load,168,42,seasonal_naive,338901.6845238095
1970-01-01 00:00:00.000000066,ecl,aggregate_load,168,42,seasonal_naive,356552.5535714286
1970-01-01 00:00:00.000000066,ecl,aggregate_load,168,42,seasonal_naive,359234.5
1970-01-01 00:00:00.000000066,ecl,aggregate_load,168,42,seasonal_naive,352165.50595238095
1970-01-01 00:00:00.000000066,ecl,aggregate_load,168,42,seasonal_naive,355587.85714285716
1970-01-01 00:00:00.000000066,ecl,aggregate_load,168,42,seasonal_naive,366103.0416666667
1970-01-01 00:00:00.000000066,ecl,aggregate_load,168,42,seasonal_naive,347634.0119047619
1970-01-01 00:00:00.000000066,ecl,aggregate_load,168,42,seasonal_naive,362008.54761904763
1970-01-01 00:00:00.000000066,ecl,aggregate_load,168,42,seasonal_naive,359818.9880952381
1970-01-01 00:00:00.000000066,ecl,aggregate_load,168,42,seasonal_naive,362720.00595238095
1970-01-01 00:00:00.000000066,ecl,aggregate_load,168,42,seasonal_naive,362626.6130952381
1970-01-01 00:00:00.000000066,ecl,aggregate_load,168,42,seasonal_naive,353967.95238095237
1970-01-01 00:00:00.000000066,ecl,aggregate_load,168,42,seasonal_naive,346527.52976190473
1970-01-01 00:00:00.000000066,ecl,aggregate_load,168,42,seasonal_naive,349182.49404761905
1970-01-01 00:00:00.000000066,ecl,aggregate_load,168,42,seasonal_naive,358158.9761904762
1970-01-01 00:00:00.000000066,ecl,aggregate_load,168,42,seasonal_naive,357458.8333333333
1970-01-01 00:00:00.000000066,ecl,aggregate_load,168,42,seasonal_naive,371599.34523809527
1970-01-01 00:00:00.000000066,ecl,aggregate_load,168,42,seasonal_naive,367757.42261904763
1970-01-01 00:00:00.000000066,ecl,aggregate_load,168,42,seasonal_naive,375202.34523809527
1970-01-01 00:00:00.000000066,ecl,aggregate_load,168,42,seasonal_naive,373310.86904761905
1970-01-01 00:00:00.000000066,ecl,aggregate_load,168,42,seasonal_naive,371568.46428571426
1970-01-01 00:00:00.000000066,ecl,aggregate_load,168,42,seasonal_naive,372125.0416666667
1970-01-01 00:00:00.000000066,ecl,aggregate_load,168,42,seasonal_naive,375762.9345238095
1970-01-01 00:00:00.000000066,ecl,aggregate_load,168,42,seasonal_naive,392181.0535714286
1970-01-01 00:00:00.000000066,ecl,aggregate_load,168,42,seasonal_naive,402242.3095238095
1970-01-01 00:00:00.000000066,ecl,aggregate_load,168,42,seasonal_naive,382537.78571428574
1970-01-01 00:00:00.000000066,ecl,aggregate_load,168,42,seasonal_naive,379055.1488095238
1970-01-01 00:00:00.000000066,ecl,aggregate_load,168,42,seasonal_naive,387294.83928571426
1970-01-01 00:00:00.000000066,ecl,aggregate_load,168,42,seasonal_naive,394946.27976190473
1970-01-01 00:00:00.000000066,ecl,aggregate_load,168,42,seasonal_naive,384178.67261904763
1970-01-01 00:00:00.000000066,ecl,aggregate_load,168,42,seasonal_naive,388635.6666666667
1970-01-01 00:00:00.000000066,ecl,aggregate_load,168,42,seasonal_naive,370112.0833333333
1970-01-01 00:00:00.000000066,ecl,aggregate_load,168,42,seasonal_naive,376397.66071428574
1970-01-01 00:00:00.000000066,ecl,aggregate_load,168,42,seasonal_naive,381580.4464285714
1970-01-01 00:00:00.000000066,ecl,aggregate_load,168,42,seasonal_naive,385259.95238095237
1970-01-01 00:00:00.000000066,ecl,aggregate_load,168,42,seasonal_naive,393745.32738095237
1970-01-01 00:00:00.000000066,ecl,aggregate_load,168,42,seasonal_naive,399550.1964285714
1970-01-01 00:00:00.000000066,ecl,aggregate_load,168,42,seasonal_naive,392083.4345238095
1970-01-01 00:00:00.000000066,ecl,aggregate_load,168,42,seasonal_naive,386740.17261904763
1970-01-01 00:00:00.000000066,ecl,aggregate_load,168,42,seasonal_naive,389693.32738095237
1970-01-01 00:00:00.000000066,ecl,aggregate_load,168,42,seasonal_naive,380907.73214285716
1970-01-01 00:00:00.000000066,ecl,aggregate_load,168,42,seasonal_naive,381877.66071428574
1970-01-01 00:00:00.000000066,ecl,aggregate_load,168,42,seasonal_naive,373263.1130952381
1970-01-01 00:00:00.000000066,ecl,aggregate_load,168,42,seasonal_naive,375044.17261904763
1970-01-01 00:00:00.000000066,ecl,aggregate_load,168,42,seasonal_naive,376206.02976190473
1970-01-01 00:00:00.000000066,ecl,aggregate_load,168,42,seasonal_naive,381196.36904761905
1970-01-01 00:00:00.000000066,ecl,aggregate_load,168,42,seasonal_naive,366820.8214285714
1970-01-01 00:00:00.000000066,ecl,aggregate_load,168,42,seasonal_naive,346555.6904761905
1970-01-01 00:00:00.000000066,ecl,aggregate_load,168,42,seasonal_naive,336274.7916666667
1970-01-01 00:00:00.000000066,ecl,aggregate_load,168,42,seasonal_naive,340909.08928571426
1970-01-01 00:00:00.000000066,ecl,aggregate_load,168,42,seasonal_naive,341659.6904761905
1970-01-01 00:00:00.000000066,ecl,aggregate_load,168,42,seasonal_naive,341490.85714285716
1970-01-01 00:00:00.000000066,ecl,aggregate_load,168,42,seasonal_naive,332007.1904761905
1970-01-01 00:00:00.000000066,ecl,aggregate_load,168,42,seasonal_naive,326785.1130952381
1970-01-01 00:00:00.000000066,ecl,aggregate_load,168,42,seasonal_naive,325749.16071428574
1970-01-01 00:00:00.000000066,ecl,aggregate_load,168,42,seasonal_naive,324595.09523809527
1970-01-01 00:00:00.000000066,ecl,aggregate_load,168,42,seasonal_naive,314030.70238095237
1970-01-01 00:00:00.000000066,ecl,aggregate_load,168,42,seasonal_naive,320353.77976190473
1970-01-01 00:00:00.000000066,ecl,aggregate_load,168,42,seasonal_naive,320013.9345238095
1970-01-01 00:00:00.000000066,ecl,aggregate_load,168,42,seasonal_naive,308561.2380952381
1970-01-01 00:00:00.000000066,ecl,aggregate_load,168,42,seasonal_naive,310182.0714285714
1970-01-01 00:00:00.000000066,ecl,aggregate_load,168,42,seasonal_naive,309108.10714285716
1970-01-01 00:00:00.000000066,ecl,aggregate_load,168,42,seasonal_naive,316402.41071428574
1970-01-01 00:00:00.000000066,ecl,aggregate_load,168,42,seasonal_naive,318697.3630952381
1970-01-01 00:00:00.000000066,ecl,aggregate_load,168,42,seasonal_naive,323246.9464285714
1970-01-01 00:00:00.000000066,ecl,aggregate_load,168,42,seasonal_naive,324298.57738095237
1970-01-01 00:00:00.000000066,ecl,aggregate_load,168,42,seasonal_naive,322726.3154761905
1970-01-01 00:00:00.000000066,ecl,aggregate_load,168,42,seasonal_naive,325035.625
1970-01-01 00:00:00.000000066,ecl,aggregate_load,168,42,seasonal_naive,329810.9880952381
1970-01-01 00:00:00.000000066,ecl,aggregate_load,168,42,seasonal_naive,326374.28571428574
1970-01-01 00:00:00.000000066,ecl,aggregate_load,168,42,seasonal_naive,339585.61904761905
1970-01-01 00:00:00.000000066,ecl,aggregate_load,168,42,seasonal_naive,341991.53571428574
1970-01-01 00:00:00.000000066,ecl,aggregate_load,168,42,seasonal_naive,337510.5535714286
1970-01-01 00:00:00.000000066,ecl,aggregate_load,168,42,seasonal_naive,337805.875
1970-01-01 00:00:00.000000066,ecl,aggregate_load,168,42,seasonal_naive,342835.2738095238
1970-01-01 00:00:00.000000066,ecl,aggregate_load,168,42,seasonal_naive,337858.8511904762
1970-01-01 00:00:00.000000066,ecl,aggregate_load,168,42,seasonal_naive,345493.2083333333
1970-01-01 00:00:00.000000066,ecl,aggregate_load,168,42,seasonal_naive,356187.40476190473
1970-01-01 00:00:00.000000066,ecl,aggregate_load,168,42,seasonal_naive,358528.8333333333
1970-01-01 00:00:00.000000066,ecl,aggregate_load,168,42,seasonal_naive,365656.57738095237
1970-01-01 00:00:00.000000066,ecl,aggregate_load,168,42,seasonal_naive,371606.7619047619
1970-01-01 00:00:00.000000066,ecl,aggregate_load,168,42,seasonal_naive,372150.20238095237
1970-01-01 00:00:00.000000066,ecl,aggregate_load,168,42,seasonal_naive,374216.0595238095
1970-01-01 00:00:00.000000066,ecl,aggregate_load,168,42,seasonal_naive,378732.8988095238
1970-01-01 00:00:00.000000066,ecl,aggregate_load,168,42,seasonal_naive,377705.6130952381
1970-01-01 00:00:00.000000066,ecl,aggregate_load,168,42,seasonal_naive,378100.25
1970-01-01 00:00:00.000000066,ecl,aggregate_load,168,42,seasonal_naive,362404.41071428574
1970-01-01 00:00:00.000000066,ecl,aggregate_load,168,42,seasonal_naive,363650.9345238095
1970-01-01 00:00:00.000000066,ecl,aggregate_load,168,42,seasonal_naive,351500.6369047619
1970-01-01 00:00:00.000000066,ecl,aggregate_load,168,42,seasonal_naive,377570.0238095238
1970-01-01 00:00:00.000000066,ecl,aggregate_load,168,42,seasonal_naive,384197.10714285716
1970-01-01 00:00:00.000000066,ecl,aggregate_load,168,42,seasonal_naive,376071.60714285716
1970-01-01 00:00:00.000000066,ecl,aggregate_load,168,42,seasonal_naive,375269.5119047619
1970-01-01 00:00:00.000000066,ecl,aggregate_load,168,42,seasonal_naive,389710.7380952381
1970-01-01 00:00:00.000000066,ecl,aggregate_load,168,42,seasonal_naive,377131.15476190473
1970-01-01 00:00:00.000000066,ecl,aggregate_load,168,42,seasonal_naive,386501.78571428574
1970-01-01 00:00:00.000000066,ecl,aggregate_load,168,42,seasonal_naive,414430.6011904762
1970-01-01 00:00:00.000000066,ecl,aggregate_load,168,42,seasonal_naive,412268.95238095237
1970-01-01 00:00:00.000000066,ecl,aggregate_load,168,42,seasonal_naive,418980.60714285716
1970-01-01 00:00:00.000000066,ecl,aggregate_load,168,42,seasonal_naive,421076.8214285714
1970-01-01 00:00:00.000000066,ecl,aggregate_load,168,42,seasonal_naive,413978.33928571426
1970-01-01 00:00:00.000000066,ecl,aggregate_load,168,42,seasonal_naive,405159.0714285714
1970-01-01 00:00:00.000000066,ecl,aggregate_load,168,42,seasonal_naive,407425.42261904763
1970-01-01 00:00:00.000000066,ecl,aggregate_load,168,42,seasonal_naive,397688.57738095237
1970-01-01 00:00:00.000000066,ecl,aggregate_load,168,42,seasonal_naive,415045.3869047619
1970-01-01 00:00:00.000000066,ecl,aggregate_load,168,42,seasonal_naive,407015.26785714284
1970-01-01 00:00:00.000000066,ecl,aggregate_load,168,42,seasonal_naive,410177.74404761905
1970-01-01 00:00:00.000000066,ecl,aggregate_load,168,42,seasonal_naive,410496.58928571426
1970-01-01 00:00:00.000000066,ecl,aggregate_load,168,42,seasonal_naive,409511.7916666667
1970-01-01 00:00:00.000000066,ecl,aggregate_load,168,42,seasonal_naive,414032.79761904763
1970-01-01 00:00:00.000000066,ecl,aggregate_load,168,42,seasonal_naive,428762.26785714284
1970-01-01 00:00:00.000000066,ecl,aggregate_load,168,42,seasonal_naive,428738.34523809527
1970-01-01 00:00:00.000000066,ecl,aggregate_load,168,42,seasonal_naive,429729.17261904763
1970-01-01 00:00:00.000000066,ecl,aggregate_load,168,42,seasonal_naive,401220.1011904762
1970-01-01 00:00:00.000000066,ecl,aggregate_load,168,42,seasonal_naive,404002.67261904763
1970-01-01 00:00:00.000000066,ecl,aggregate_load,168,42,seasonal_naive,412197.8333333333
1970-01-01 00:00:00.000000066,ecl,aggregate_load,168,42,seasonal_naive,412382.8333333333
1970-01-01 00:00:00.000000066,ecl,aggregate_load,168,42,seasonal_naive,405036.4880952381
1970-01-01 00:00:00.000000066,ecl,aggregate_load,168,42,seasonal_naive,409459.42261904763
1970-01-01 00:00:00.000000066,ecl,aggregate_load,168,42,seasonal_naive,397666.8333333333
1970-01-01 00:00:00.000000066,ecl,aggregate_load,168,42,seasonal_naive,367622.375
1970-01-01 00:00:00.000000066,ecl,aggregate_load,168,42,seasonal_naive,372703.4761904762
1970-01-01 00:00:00.000000066,ecl,aggregate_load,168,42,seasonal_naive,361286.91071428574
1970-01-01 00:00:00.000000066,ecl,aggregate_load,168,42,seasonal_naive,362914.96428571426
1970-01-01 00:00:00.000000066,ecl,aggregate_load,168,42,seasonal_naive,367798.6130952381
1970-01-01 00:00:00.000000066,ecl,aggregate_load,168,42,seasonal_naive,367239.6964285714
1970-01-01 00:00:00.000000066,ecl,aggregate_load,168,42,seasonal_naive,364674.75
1970-01-01 00:00:00.000000066,ecl,aggregate_load,168,42,seasonal_naive,373035.78571428574
1970-01-01 00:00:00.000000066,ecl,aggregate_load,168,42,seasonal_naive,348456.2261904762
1970-01-01 00:00:00.000000066,ecl,aggregate_load,168,42,seasonal_naive,356153.0595238095
1970-01-01 00:00:00.000000066,ecl,aggregate_load,168,42,seasonal_naive,352441.3154761905
1970-01-01 00:00:00.000000066,ecl,aggregate_load,168,42,seasonal_naive,349694.28571428574
1970-01-01 00:00:00.000000066,ecl,aggregate_load,168,42,seasonal_naive,352616.07738095237
1970-01-01 00:00:00.000000066,ecl,aggregate_load,168,42,seasonal_naive,356682.0416666667
1970-01-01 00:00:00.000000066,ecl,aggregate_load,168,42,seasonal_naive,343096.1488095238
1970-01-01 00:00:00.000000066,ecl,aggregate_load,168,42,seasonal_naive,346533.7619047619
1970-01-01 00:00:00.000000066,ecl,aggregate_load,168,42,seasonal_naive,346292.36904761905
1970-01-01 00:00:00.000000066,ecl,aggregate_load,168,42,seasonal_naive,345982.9166666667
1970-01-01 00:00:00.000000066,ecl,aggregate_load,168,42,seasonal_naive,340238.02976190473
1970-01-01 00:00:00.000000066,ecl,aggregate_load,168,42,seasonal_naive,334385.78571428574
1970-01-01 00:00:00.000000066,ecl,aggregate_load,168,42,seasonal_naive,329983.82738095237
1970-01-01 00:00:00.000000066,ecl,aggregate_load,168,42,seasonal_naive,322307.6904761905
1970-01-01 00:00:00.000000066,ecl,aggregate_load,168,42,seasonal_naive,325005.6785714286
1970-01-01 00:00:00.000000066,ecl,aggregate_load,168,42,seasonal_naive,326513.82738095237
1970-01-01 00:00:00.000000066,ecl,aggregate_load,168,42,seasonal_naive,329960.63095238095
1970-01-01 00:00:00.000000066,ecl,aggregate_load,168,42,seasonal_naive,323907.66071428574
1970-01-01 00:00:00.000000066,ecl,aggregate_load,168,42,seasonal_naive,324463.5714285714
1970-01-01 00:00:00.000000066,ecl,aggregate_load,168,42,seasonal_naive,329236.1011904762
1970-01-01 00:00:00.000000066,ecl,aggregate_load,168,42,seasonal_naive,331573.89285714284
1970-01-01 00:00:00.000000066,ecl,aggregate_load,168,42,seasonal_naive,335826.77976190473
1970-01-01 00:00:00.000000066,ecl,aggregate_load,168,42,seasonal_naive,342647.4761904762
1970-01-01 00:00:00.000000066,ecl,aggregate_load,168,42,seasonal_naive,337212.1369047619
1970-01-01 00:00:00.000000066,ecl,aggregate_load,168,42,seasonal_naive,335799.6964285714
1970-01-01 00:00:00.000000066,ecl,aggregate_load,168,42,seasonal_naive,327226.73214285716
1970-01-01 00:00:00.000000066,ecl,aggregate_load,168,42,seasonal_naive,323541.0595238095
1970-01-01 00:00:00.000000066,ecl,aggregate_load,168,42,seasonal_naive,337288.9464285714
1970-01-01 00:00:00.000000066,ecl,aggregate_load,168,42,seasonal_naive,342914.32738095237
1970-01-01 00:00:00.000000066,ecl,aggregate_load,168,42,seasonal_naive,344109.75
1970-01-01 00:00:00.000000066,ecl,aggregate_load,168,42,seasonal_naive,344082.1011904762
1970-01-01 00:00:00.000000066,ecl,aggregate_load,168,42,seasonal_naive,341940.72023809527
1970-01-01 00:00:00.000000066,ecl,aggregate_load,168,42,seasonal_naive,342251.2261904762
1970-01-01 00:00:00.000000066,ecl,aggregate_load,168,42,seasonal_naive,345821.58928571426
1970-01-01 00:00:00.000000066,ecl,aggregate_load,168,42,seasonal_naive,344556.72023809527
1970-01-01 00:00:00.000000066,ecl,aggregate_load,168,42,seasonal_naive,346531.61904761905
1970-01-01 00:00:00.000000066,ecl,aggregate_load,168,42,seasonal_naive,353045.6964285714
1970-01-01 00:00:00.000000066,ecl,aggregate_load,168,42,seasonal_naive,354442.41071428574
1970-01-01 00:00:00.000000066,ecl,aggregate_load,168,42,seasonal_naive,350181.86904761905
1970-01-01 00:00:00.000000066,ecl,aggregate_load,168,42,seasonal_naive,353023.1904761905
1970-01-01 00:00:00.000000066,ecl,aggregate_load,168,42,seasonal_naive,353461.6904761905
1970-01-01 00:00:00.000000066,ecl,aggregate_load,168,42,seasonal_naive,357322.75
1970-01-01 00:00:00.000000066,ecl,aggregate_load,168,42,seasonal_naive,358408.59523809527
1970-01-01 00:00:00.000000066,ecl,aggregate_load,168,42,seasonal_naive,354102.95238095237
1970-01-01 00:00:00.000000066,ecl,aggregate_load,168,42,seasonal_naive,348130.3333333333
1970-01-01 00:00:00.000000066,ecl,aggregate_load,168,42,seasonal_naive,353006.7619047619
1970-01-01 00:00:00.000000066,ecl,aggregate_load,168,42,seasonal_naive,354790.3988095238
1970-01-01 00:00:00.000000066,ecl,aggregate_load,168,42,seasonal_naive,359146.46428571426
1970-01-01 00:00:00.000000066,ecl,aggregate_load,168,42,seasonal_naive,358034.97023809527
1970-01-01 00:00:00.000000066,ecl,aggregate_load,168,42,seasonal_naive,359527.79761904763
1970-01-01 00:00:00.000000066,ecl,aggregate_load,168,42,seasonal_naive,363801.65476190473
1970-01-01 00:00:00.000000066,ecl,aggregate_load,168,42,seasonal_naive,351201.0535714286
1970-01-01 00:00:00.000000066,ecl,aggregate_load,168,42,seasonal_naive,343243.75595238095
1970-01-01 00:00:00.000000066,ecl,aggregate_load,168,42,seasonal_naive,340599.5119047619
1970-01-01 00:00:00.000000066,ecl,aggregate_load,168,42,seasonal_naive,350314.5833333333
1970-01-01 00:00:00.000000066,ecl,aggregate_load,168,42,seasonal_naive,354274.4761904762
1970-01-01 00:00:00.000000066,ecl,aggregate_load,168,42,seasonal_naive,367702.23214285716
1970-01-01 00:00:00.000000066,ecl,aggregate_load,168,42,seasonal_naive,368386.3333333333
1970-01-01 00:00:00.000000066,ecl,aggregate_load,168,42,seasonal_naive,367227.77976190473
1970-01-01 00:00:00.000000066,ecl,aggregate_load,168,42,seasonal_naive,367658.16071428574
1970-01-01 00:00:00.000000066,ecl,aggregate_load,168,42,seasonal_naive,362247.2380952381
1970-01-01 00:00:00.000000066,ecl,aggregate_load,168,42,seasonal_naive,364310.71428571426
1970-01-01 00:00:00.000000066,ecl,aggregate_load,168,42,seasonal_naive,371088.35714285716
1970-01-01 00:00:00.000000066,ecl,aggregate_load,168,42,seasonal_naive,371276.6130952381
1970-01-01 00:00:00.000000066,ecl,aggregate_load,168,42,seasonal_naive,376523.28571428574
1970-01-01 00:00:00.000000066,ecl,aggregate_load,168,42,seasonal_naive,376233.0119047619
1970-01-01 00:00:00.000000066,ecl,aggregate_load,168,42,seasonal_naive,376529.11904761905
1970-01-01 00:00:00.000000066,ecl,aggregate_load,168,42,seasonal_naive,375078.2261904762
1970-01-01 00:00:00.000000066,ecl,aggregate_load,168,42,seasonal_naive,384166.16071428574
1970-01-01 00:00:00.000000066,ecl,aggregate_load,168,42,seasonal_naive,371519.1845238095
1970-01-01 00:00:00.000000066,ecl,aggregate_load,168,42,seasonal_naive,368973.7738095238
1970-01-01 00:00:00.000000066,ecl,aggregate_load,168,42,seasonal_naive,362747.0238095238
1970-01-01 00:00:00.000000066,ecl,aggregate_load,168,42,seasonal_naive,367729.90476190473
1970-01-01 00:00:00.000000066,ecl,aggregate_load,168,42,seasonal_naive,376958.97023809527
1970-01-01 00:00:00.000000066,ecl,aggregate_load,168,42,seasonal_naive,374504.96428571426
1970-01-01 00:00:00.000000066,ecl,aggregate_load,168,42,seasonal_naive,377393.2083333333
1970-01-01 00:00:00.000000066,ecl,aggregate_load,168,42,seasonal_naive,399495.0714285714
1970-01-01 00:00:00.000000066,ecl,aggregate_load,168,42,seasonal_naive,394365.6369047619
1970-01-01 00:00:00.000000066,ecl,aggregate_load,168,42,seasonal_naive,386368.71428571426
1970-01-01 00:00:00.000000067,ecl,aggregate_load,168,42,seasonal_naive,383844.7083333333
1970-01-01 00:00:00.000000067,ecl,aggregate_load,168,42,seasonal_naive,369184.32738095237
1970-01-01 00:00:00.000000067,ecl,aggregate_load,168,42,seasonal_naive,370032.5654761905
1970-01-01 00:00:00.000000067,ecl,aggregate_load,168,42,seasonal_naive,368275.1011904762
1970-01-01 00:00:00.000000067,ecl,aggregate_load,168,42,seasonal_naive,373538.76785714284
1970-01-01 00:00:00.000000067,ecl,aggregate_load,168,42,seasonal_naive,375202.0714285714
1970-01-01 00:00:00.000000067,ecl,aggregate_load,168,42,seasonal_naive,375762.57738095237
1970-01-01 00:00:00.000000067,ecl,aggregate_load,168,42,seasonal_naive,370306.2083333333
1970-01-01 00:00:00.000000067,ecl,aggregate_load,168,42,seasonal_naive,373305.75595238095
1970-01-01 00:00:00.000000067,ecl,aggregate_load,168,42,seasonal_naive,369034.66071428574
1970-01-01 00:00:00.000000067,ecl,aggregate_load,168,42,seasonal_naive,368922.74404761905
1970-01-01 00:00:00.000000067,ecl,aggregate_load,168,42,seasonal_naive,369208.83928571426
1970-01-01 00:00:00.000000067,ecl,aggregate_load,168,42,seasonal_naive,388849.1130952381
1970-01-01 00:00:00.000000067,ecl,aggregate_load,168,42,seasonal_naive,375864.02976190473
1970-01-01 00:00:00.000000067,ecl,aggregate_load,168,42,seasonal_naive,389321.5416666667
1970-01-01 00:00:00.000000067,ecl,aggregate_load,168,42,seasonal_naive,386024.6845238095
1970-01-01 00:00:00.000000067,ecl,aggregate_load,168,42,seasonal_naive,385964.85714285716
1970-01-01 00:00:00.000000067,ecl,aggregate_load,168,42,seasonal_naive,381489.0714285714
1970-01-01 00:00:00.000000067,ecl,aggregate_load,168,42,seasonal_naive,389168.9464285714
1970-01-01 00:00:00.000000067,ecl,aggregate_load,168,42,seasonal_naive,406164.9285714286
1970-01-01 00:00:00.000000067,ecl,aggregate_load,168,42,seasonal_naive,409240.1488095238
1970-01-01 00:00:00.000000067,ecl,aggregate_load,168,42,seasonal_naive,383652.7261904762
1970-01-01 00:00:00.000000067,ecl,aggregate_load,168,42,seasonal_naive,385234.04761904763
1970-01-01 00:00:00.000000067,ecl,aggregate_load,168,42,seasonal_naive,395260.65476190473
1970-01-01 00:00:00.000000067,ecl,aggregate_load,168,42,seasonal_naive,387788.6785714286
1970-01-01 00:00:00.000000067,ecl,aggregate_load,168,42,seasonal_naive,391088.2916666667
1970-01-01 00:00:00.000000067,ecl,aggregate_load,168,42,seasonal_naive,386408.51785714284
1970-01-01 00:00:00.000000067,ecl,aggregate_load,168,42,seasonal_naive,389394.3095238095
1970-01-01 00:00:00.000000067,ecl,aggregate_load,168,42,seasonal_naive,386791.47023809527
1970-01-01 00:00:00.000000067,ecl,aggregate_load,168,42,seasonal_naive,384813.5833333333
1970-01-01 00:00:00.000000067,ecl,aggregate_load,168,42,seasonal_naive,406228.77976190473
1970-01-01 00:00:00.000000067,ecl,aggregate_load,168,42,seasonal_naive,408330.5416666667
1970-01-01 00:00:00.000000067,ecl,aggregate_load,168,42,seasonal_naive,411930.1666666667
1970-01-01 00:00:00.000000067,ecl,aggregate_load,168,42,seasonal_naive,413703.41071428574
1970-01-01 00:00:00.000000067,ecl,aggregate_load,168,42,seasonal_naive,413598.7083333333
1970-01-01 00:00:00.000000067,ecl,aggregate_load,168,42,seasonal_naive,418216.38095238095
1970-01-01 00:00:00.000000067,ecl,aggregate_load,168,42,seasonal_naive,395663.03571428574
1970-01-01 00:00:00.000000067,ecl,aggregate_load,168,42,seasonal_naive,398654.21428571426
1970-01-01 00:00:00.000000067,ecl,aggregate_load,168,42,seasonal_naive,386439.50595238095
1970-01-01 00:00:00.000000067,ecl,aggregate_load,168,42,seasonal_naive,390060.88095238095
1970-01-01 00:00:00.000000067,ecl,aggregate_load,168,42,seasonal_naive,389599.5238095238
1970-01-01 00:00:00.000000067,ecl,aggregate_load,168,42,seasonal_naive,389862.2380952381
1970-01-01 00:00:00.000000067,ecl,aggregate_load,168,42,seasonal_naive,373064.0535714286
1970-01-01 00:00:00.000000067,ecl,aggregate_load,168,42,seasonal_naive,354119.64285714284
1970-01-01 00:00:00.000000067,ecl,aggregate_load,168,42,seasonal_naive,346921.2916666667
1970-01-01 00:00:00.000000067,ecl,aggregate_load,168,42,seasonal_naive,341781.02976190473
1970-01-01 00:00:00.000000067,ecl,aggregate_load,168,42,seasonal_naive,346924.4761904762
1970-01-01 00:00:00.000000067,ecl,aggregate_load,168,42,seasonal_naive,338873.3154761905
1970-01-01 00:00:00.000000067,ecl,aggregate_load,168,42,seasonal_naive,339581.46428571426
1970-01-01 00:00:00.000000067,ecl,aggregate_load,168,42,seasonal_naive,344569.4166666667
1970-01-01 00:00:00.000000067,ecl,aggregate_load,168,42,seasonal_naive,351928.72023809527
1970-01-01 00:00:00.000000067,ecl,aggregate_load,168,42,seasonal_naive,352599.1845238095
1970-01-01 00:00:00.000000067,ecl,aggregate_load,168,42,seasonal_naive,359391.99404761905
1970-01-01 00:00:00.000000067,ecl,aggregate_load,168,42,seasonal_naive,365112.2380952381
1970-01-01 00:00:00.000000067,ecl,aggregate_load,168,42,seasonal_naive,352462.3511904762
1970-01-01 00:00:00.000000067,ecl,aggregate_load,168,42,seasonal_naive,345763.7083333333
1970-01-01 00:00:00.000000067,ecl,aggregate_load,168,42,seasonal_naive,343491.7738095238
1970-01-01 00:00:00.000000067,ecl,aggregate_load,168,42,seasonal_naive,346299.15476190473
1970-01-01 00:00:00.000000067,ecl,aggregate_load,168,42,seasonal_naive,347277.9761904762
1970-01-01 00:00:00.000000067,ecl,aggregate_load,168,42,seasonal_naive,339239.66071428574
1970-01-01 00:00:00.000000067,ecl,aggregate_load,168,42,seasonal_naive,340130.6666666667
1970-01-01 00:00:00.000000067,ecl,aggregate_load,168,42,seasonal_naive,337875.21428571426
1970-01-01 00:00:00.000000067,ecl,aggregate_load,168,42,seasonal_naive,339482.6845238095
1970-01-01 00:00:00.000000067,ecl,aggregate_load,168,42,seasonal_naive,341124.22023809527
1970-01-01 00:00:00.000000067,ecl,aggregate_load,168,42,seasonal_naive,341984.10714285716
1970-01-01 00:00:00.000000067,ecl,aggregate_load,168,42,seasonal_naive,345858.9583333333
1970-01-01 00:00:00.000000067,ecl,aggregate_load,168,42,seasonal_naive,338953.78571428574
1970-01-01 00:00:00.000000067,ecl,aggregate_load,168,42,seasonal_naive,337834.61904761905
1970-01-01 00:00:00.000000067,ecl,aggregate_load,168,42,seasonal_naive,337428.5238095238
1970-01-01 00:00:00.000000067,ecl,aggregate_load,168,42,seasonal_naive,339627.5535714286
1970-01-01 00:00:00.000000067,ecl,aggregate_load,168,42,seasonal_naive,338882.75595238095
1970-01-01 00:00:00.000000067,ecl,aggregate_load,168,42,seasonal_naive,342315.38095238095
1970-01-01 00:00:00.000000067,ecl,aggregate_load,168,42,seasonal_naive,353930.2261904762
1970-01-01 00:00:00.000000067,ecl,aggregate_load,168,42,seasonal_naive,350175.66071428574
1970-01-01 00:00:00.000000067,ecl,aggregate_load,168,42,seasonal_naive,342667.03571428574
1970-01-01 00:00:00.000000067,ecl,aggregate_load,168,42,seasonal_naive,340777.0833333333
1970-01-01 00:00:00.000000067,ecl,aggregate_load,168,42,seasonal_naive,332615.1488095238
1970-01-01 00:00:00.000000067,ecl,aggregate_load,168,42,seasonal_naive,329502.1369047619
1970-01-01 00:00:00.000000067,ecl,aggregate_load,168,42,seasonal_naive,318505.7738095238
1970-01-01 00:00:00.000000067,ecl,aggregate_load,168,42,seasonal_naive,321277.4880952381
1970-01-01 00:00:00.000000067,ecl,aggregate_load,168,42,seasonal_naive,320596.2619047619
1970-01-01 00:00:00.000000067,ecl,aggregate_load,168,42,seasonal_naive,314989.2380952381
1970-01-01 00:00:00.000000067,ecl,aggregate_load,168,42,seasonal_naive,316988.73214285716
1970-01-01 00:00:00.000000067,ecl,aggregate_load,168,42,seasonal_naive,320264.6964285714
1970-01-01 00:00:00.000000067,ecl,aggregate_load,168,42,seasonal_naive,322016.6488095238
1970-01-01 00:00:00.000000067,ecl,aggregate_load,168,42,seasonal_naive,324062.5416666667
1970-01-01 00:00:00.000000067,ecl,aggregate_load,168,42,seasonal_naive,324361.03571428574
1970-01-01 00:00:00.000000067,ecl,aggregate_load,168,42,seasonal_naive,317919.64285714284
1970-01-01 00:00:00.000000067,ecl,aggregate_load,168,42,seasonal_naive,322278.7380952381
1970-01-01 00:00:00.000000067,ecl,aggregate_load,168,42,seasonal_naive,324175.98214285716
1970-01-01 00:00:00.000000067,ecl,aggregate_load,168,42,seasonal_naive,331096.2738095238
1970-01-01 00:00:00.000000067,ecl,aggregate_load,168,42,seasonal_naive,349586.85714285716
1970-01-01 00:00:00.000000067,ecl,aggregate_load,168,42,seasonal_naive,348824.3869047619
1970-01-01 00:00:00.000000067,ecl,aggregate_load,168,42,seasonal_naive,352386.22023809527
1970-01-01 00:00:00.000000067,ecl,aggregate_load,168,42,seasonal_naive,353298.09523809527
1970-01-01 00:00:00.000000067,ecl,aggregate_load,168,42,seasonal_naive,353089.0238095238
1970-01-01 00:00:00.000000067,ecl,aggregate_load,168,42,seasonal_naive,343303.39285714284
1970-01-01 00:00:00.000000067,ecl,aggregate_load,168,42,seasonal_naive,337512.2738095238
1970-01-01 00:00:00.000000067,ecl,aggregate_load,168,42,seasonal_naive,340584.8333333333
1970-01-01 00:00:00.000000067,ecl,aggregate_load,168,42,seasonal_naive,339342.65476190473
1970-01-01 00:00:00.000000067,ecl,aggregate_load,168,42,seasonal_naive,341965.5119047619
1970-01-01 00:00:00.000000067,ecl,aggregate_load,168,42,seasonal_naive,346167.9880952381
1970-01-01 00:00:00.000000067,ecl,aggregate_load,168,42,seasonal_naive,347175.26785714284
1970-01-01 00:00:00.000000067,ecl,aggregate_load,168,42,seasonal_naive,363257.5833333333
1970-01-01 00:00:00.000000067,ecl,aggregate_load,168,42,seasonal_naive,368055.72023809527
1970-01-01 00:00:00.000000067,ecl,aggregate_load,168,42,seasonal_naive,366194.50595238095
1970-01-01 00:00:00.000000067,ecl,aggregate_load,168,42,seasonal_naive,365280.84523809527
1970-01-01 00:00:00.000000067,ecl,aggregate_load,168,42,seasonal_naive,365153.5
1970-01-01 00:00:00.000000067,ecl,aggregate_load,168,42,seasonal_naive,363116.125
1970-01-01 00:00:00.000000067,ecl,aggregate_load,168,42,seasonal_naive,362162.02976190473
1970-01-01 00:00:00.000000067,ecl,aggregate_load,168,42,seasonal_naive,365003.7916666667
1970-01-01 00:00:00.000000067,ecl,aggregate_load,168,42,seasonal_naive,384238.2261904762
1970-01-01 00:00:00.000000067,ecl,aggregate_load,168,42,seasonal_naive,395980.26785714284
1970-01-01 00:00:00.000000067,ecl,aggregate_load,168,42,seasonal_naive,392649.47023809527
1970-01-01 00:00:00.000000067,ecl,aggregate_load,168,42,seasonal_naive,384836.0416666667
1970-01-01 00:00:00.000000067,ecl,aggregate_load,168,42,seasonal_naive,358078.48214285716
1970-01-01 00:00:00.000000067,ecl,aggregate_load,168,42,seasonal_naive,357074.3630952381
1970-01-01 00:00:00.000000067,ecl,aggregate_load,168,42,seasonal_naive,358218.8154761905
1970-01-01 00:00:00.000000067,ecl,aggregate_load,168,42,seasonal_naive,351176.625
1970-01-01 00:00:00.000000067,ecl,aggregate_load,168,42,seasonal_naive,348289.82738095237
1970-01-01 00:00:00.000000067,ecl,aggregate_load,168,42,seasonal_naive,345898.7083333333
1970-01-01 00:00:00.000000067,ecl,aggregate_load,168,42,seasonal_naive,348335.25
1970-01-01 00:00:00.000000067,ecl,aggregate_load,168,42,seasonal_naive,346289.09523809527
1970-01-01 00:00:00.000000067,ecl,aggregate_load,168,42,seasonal_naive,352443.86904761905
1970-01-01 00:00:00.000000067,ecl,aggregate_load,168,42,seasonal_naive,352735.53571428574
1970-01-01 00:00:00.000000067,ecl,aggregate_load,168,42,seasonal_naive,363529.6904761905
1970-01-01 00:00:00.000000067,ecl,aggregate_load,168,42,seasonal_naive,363744.3333333333
1970-01-01 00:00:00.000000067,ecl,aggregate_load,168,42,seasonal_naive,348024.5238095238
1970-01-01 00:00:00.000000067,ecl,aggregate_load,168,42,seasonal_naive,361324.6845238095
1970-01-01 00:00:00.000000067,ecl,aggregate_load,168,42,seasonal_naive,371608.3988095238
1970-01-01 00:00:00.000000067,ecl,aggregate_load,168,42,seasonal_naive,379893.7261904762
1970-01-01 00:00:00.000000067,ecl,aggregate_load,168,42,seasonal_naive,376396.7738095238
1970-01-01 00:00:00.000000067,ecl,aggregate_load,168,42,seasonal_naive,398233.625
1970-01-01 00:00:00.000000067,ecl,aggregate_load,168,42,seasonal_naive,408092.5416666667
1970-01-01 00:00:00.000000067,ecl,aggregate_load,168,42,seasonal_naive,417062.2738095238
1970-01-01 00:00:00.000000067,ecl,aggregate_load,168,42,seasonal_naive,394711.84523809527
1970-01-01 00:00:00.000000067,ecl,aggregate_load,168,42,seasonal_naive,383643.3333333333
1970-01-01 00:00:00.000000067,ecl,aggregate_load,168,42,seasonal_naive,381908.58928571426
1970-01-01 00:00:00.000000067,ecl,aggregate_load,168,42,seasonal_naive,381598.875
1970-01-01 00:00:00.000000067,ecl,aggregate_load,168,42,seasonal_naive,383603.5238095238
1970-01-01 00:00:00.000000067,ecl,aggregate_load,168,42,seasonal_naive,402235.8095238095
1970-01-01 00:00:00.000000067,ecl,aggregate_load,168,42,seasonal_naive,396911.2738095238
1970-01-01 00:00:00.000000067,ecl,aggregate_load,168,42,seasonal_naive,396087.23214285716
1970-01-01 00:00:00.000000067,ecl,aggregate_load,168,42,seasonal_naive,400497.74404761905
1970-01-01 00:00:00.000000067,ecl,aggregate_load,168,42,seasonal_naive,407897.6369047619
1970-01-01 00:00:00.000000067,ecl,aggregate_load,168,42,seasonal_naive,415687.375
1970-01-01 00:00:00.000000067,ecl,aggregate_load,168,42,seasonal_naive,419675.66071428574
1970-01-01 00:00:00.000000067,ecl,aggregate_load,168,42,seasonal_naive,414706.28571428574
1970-01-01 00:00:00.000000067,ecl,aggregate_load,168,42,seasonal_naive,415052.82738095237
1970-01-01 00:00:00.000000067,ecl,aggregate_load,168,42,seasonal_naive,408385.8154761905
1970-01-01 00:00:00.000000067,ecl,aggregate_load,168,42,seasonal_naive,411053.0238095238
1970-01-01 00:00:00.000000067,ecl,aggregate_load,168,42,seasonal_naive,413084.00595238095
1970-01-01 00:00:00.000000067,ecl,aggregate_load,168,42,seasonal_naive,394746.1785714286
1970-01-01 00:00:00.000000067,ecl,aggregate_load,168,42,seasonal_naive,385648.32738095237
1970-01-01 00:00:00.000000067,ecl,aggregate_load,168,42,seasonal_naive,383631.47023809527
1970-01-01 00:00:00.000000067,ecl,aggregate_load,168,42,seasonal_naive,390247.07738095237
1970-01-01 00:00:00.000000067,ecl,aggregate_load,168,42,seasonal_naive,366405.82738095237
1970-01-01 00:00:00.000000067,ecl,aggregate_load,168,42,seasonal_naive,352045.63095238095
1970-01-01 00:00:00.000000067,ecl,aggregate_load,168,42,seasonal_naive,344093.34523809527
1970-01-01 00:00:00.000000067,ecl,aggregate_load,168,42,seasonal_naive,360583.7083333333
1970-01-01 00:00:00.000000067,ecl,aggregate_load,168,42,seasonal_naive,362036.21428571426
1970-01-01 00:00:00.000000067,ecl,aggregate_load,168,42,seasonal_naive,366927.9761904762
1970-01-01 00:00:00.000000067,ecl,aggregate_load,168,42,seasonal_naive,375061.91071428574
1970-01-01 00:00:00.000000067,ecl,aggregate_load,168,42,seasonal_naive,378446.1130952381
1970-01-01 00:00:00.000000067,ecl,aggregate_load,168,42,seasonal_naive,361264.6488095238
1970-01-01 00:00:00.000000067,ecl,aggregate_load,168,42,seasonal_naive,362201.4583333333
1970-01-01 00:00:00.000000067,ecl,aggregate_load,168,42,seasonal_naive,361223.3869047619
1970-01-01 00:00:00.000000067,ecl,aggregate_load,168,42,seasonal_naive,360821.4583333333
1970-01-01 00:00:00.000000067,ecl,aggregate_load,168,42,seasonal_naive,359936.88095238095
1970-01-01 00:00:00.000000067,ecl,aggregate_load,168,42,seasonal_naive,351682.82738095237
1970-01-01 00:00:00.000000067,ecl,aggregate_load,168,42,seasonal_naive,350274.8630952381
1970-01-01 00:00:00.000000067,ecl,aggregate_load,168,42,seasonal_naive,352151.6666666667
1970-01-01 00:00:00.000000067,ecl,aggregate_load,168,42,seasonal_naive,357970.73214285716
1970-01-01 00:00:00.000000067,ecl,aggregate_load,168,42,seasonal_naive,346357.9345238095
1970-01-01 00:00:00.000000067,ecl,aggregate_load,168,42,seasonal_naive,345946.03571428574
1970-01-01 00:00:00.000000067,ecl,aggregate_load,168,42,seasonal_naive,345498.3630952381
1970-01-01 00:00:00.000000067,ecl,aggregate_load,168,42,seasonal_naive,346614.15476190473
1970-01-01 00:00:00.000000067,ecl,aggregate_load,168,42,seasonal_naive,354382.25
1970-01-01 00:00:00.000000067,ecl,aggregate_load,168,42,seasonal_naive,358655.25595238095
1970-01-01 00:00:00.000000067,ecl,aggregate_load,168,42,seasonal_naive,352658.8630952381
1970-01-01 00:00:00.000000067,ecl,aggregate_load,168,42,seasonal_naive,351984.28571428574
1970-01-01 00:00:00.000000067,ecl,aggregate_load,168,42,seasonal_naive,363495.25595238095
1970-01-01 00:00:00.000000067,ecl,aggregate_load,168,42,seasonal_naive,359182.6130952381
1970-01-01 00:00:00.000000067,ecl,aggregate_load,168,42,seasonal_naive,336514.83928571426
1970-01-01 00:00:00.000000067,ecl,aggregate_load,168,42,seasonal_naive,338979.5595238095
1970-01-01 00:00:00.000000067,ecl,aggregate_load,168,42,seasonal_naive,334432.6904761905
1970-01-01 00:00:00.000000067,ecl,aggregate_load,168,42,seasonal_naive,330148.125
1970-01-01 00:00:00.000000067,ecl,aggregate_load,168,42,seasonal_naive,329509.02976190473
1970-01-01 00:00:00.000000067,ecl,aggregate_load,168,42,seasonal_naive,329365.3035714286
1970-01-01 00:00:00.000000067,ecl,aggregate_load,168,42,seasonal_naive,329066.8630952381
1970-01-01 00:00:00.000000067,ecl,aggregate_load,168,42,seasonal_naive,334710.8630952381
1970-01-01 00:00:00.000000067,ecl,aggregate_load,168,42,seasonal_naive,331926.47023809527
1970-01-01 00:00:00.000000067,ecl,aggregate_load,168,42,seasonal_naive,341666.0
1970-01-01 00:00:00.000000067,ecl,aggregate_load,168,42,seasonal_naive,349405.16071428574
1970-01-01 00:00:00.000000067,ecl,aggregate_load,168,42,seasonal_naive,348733.6488095238
1970-01-01 00:00:00.000000067,ecl,aggregate_load,168,42,seasonal_naive,346986.1011904762
1970-01-01 00:00:00.000000067,ecl,aggregate_load,168,42,seasonal_naive,343618.90476190473
1970-01-01 00:00:00.000000067,ecl,aggregate_load,168,42,seasonal_naive,349147.0595238095
1970-01-01 00:00:00.000000067,ecl,aggregate_load,168,42,seasonal_naive,346378.57738095237
1970-01-01 00:00:00.000000067,ecl,aggregate_load,168,42,seasonal_naive,344213.7083333333
1970-01-01 00:00:00.000000067,ecl,aggregate_load,168,42,seasonal_naive,353352.23214285716
1970-01-01 00:00:00.000000067,ecl,aggregate_load,168,42,seasonal_naive,343406.4166666667
1970-01-01 00:00:00.000000067,ecl,aggregate_load,168,42,seasonal_naive,324035.71428571426
1970-01-01 00:00:00.000000067,ecl,aggregate_load,168,42,seasonal_naive,331393.7261904762
1970-01-01 00:00:00.000000067,ecl,aggregate_load,168,42,seasonal_naive,335567.03571428574
1970-01-01 00:00:00.000000067,ecl,aggregate_load,168,42,seasonal_naive,339456.9285714286
1970-01-01 00:00:00.000000067,ecl,aggregate_load,168,42,seasonal_naive,341769.4464285714
1970-01-01 00:00:00.000000067,ecl,aggregate_load,168,42,seasonal_naive,343499.1666666667
1970-01-01 00:00:00.000000067,ecl,aggregate_load,168,42,seasonal_naive,346612.27976190473
1970-01-01 00:00:00.000000067,ecl,aggregate_load,168,42,seasonal_naive,347063.1904761905
1970-01-01 00:00:00.000000067,ecl,aggregate_load,168,42,seasonal_naive,346477.4880952381
1970-01-01 00:00:00.000000067,ecl,aggregate_load,168,42,seasonal_naive,349148.8214285714
1970-01-01 00:00:00.000000067,ecl,aggregate_load,168,42,seasonal_naive,348657.1964285714
1970-01-01 00:00:00.000000067,ecl,aggregate_load,168,42,seasonal_naive,350675.8988095238
1970-01-01 00:00:00.000000067,ecl,aggregate_load,168,42,seasonal_naive,347431.39285714284
1970-01-01 00:00:00.000000067,ecl,aggregate_load,168,42,seasonal_naive,362524.89285714284
1970-01-01 00:00:00.000000067,ecl,aggregate_load,168,42,seasonal_naive,343049.0119047619
1970-01-01 00:00:00.000000067,ecl,aggregate_load,168,42,seasonal_naive,331933.00595238095
1970-01-01 00:00:00.000000067,ecl,aggregate_load,168,42,seasonal_naive,334845.76785714284
1970-01-01 00:00:00.000000067,ecl,aggregate_load,168,42,seasonal_naive,337447.6845238095
1970-01-01 00:00:00.000000067,ecl,aggregate_load,168,42,seasonal_naive,330262.1011904762
1970-01-01 00:00:00.000000067,ecl,aggregate_load,168,42,seasonal_naive,327115.70238095237
1970-01-01 00:00:00.000000067,ecl,aggregate_load,168,42,seasonal_naive,328945.27976190473
1970-01-01 00:00:00.000000067,ecl,aggregate_load,168,42,seasonal_naive,330293.60714285716
1970-01-01 00:00:00.000000067,ecl,aggregate_load,168,42,seasonal_naive,314463.92261904763
1970-01-01 00:00:00.000000067,ecl,aggregate_load,168,42,seasonal_naive,324187.34523809527
1970-01-01 00:00:00.000000067,ecl,aggregate_load,168,42,seasonal_naive,328130.74404761905
1970-01-01 00:00:00.000000067,ecl,aggregate_load,168,42,seasonal_naive,326725.54761904763
1970-01-01 00:00:00.000000067,ecl,aggregate_load,168,42,seasonal_naive,324766.09523809527
1970-01-01 00:00:00.000000067,ecl,aggregate_load,168,42,seasonal_naive,307404.0238095238
1970-01-01 00:00:00.000000067,ecl,aggregate_load,168,42,seasonal_naive,311830.64285714284
1970-01-01 00:00:00.000000067,ecl,aggregate_load,168,42,seasonal_naive,315092.58928571426
1970-01-01 00:00:00.000000067,ecl,aggregate_load,168,42,seasonal_naive,313810.6488095238
1970-01-01 00:00:00.000000067,ecl,aggregate_load,168,42,seasonal_naive,333177.8095238095
1970-01-01 00:00:00.000000067,ecl,aggregate_load,168,42,seasonal_naive,338134.77976190473
1970-01-01 00:00:00.000000067,ecl,aggregate_load,168,42,seasonal_naive,334097.28571428574
1970-01-01 00:00:00.000000067,ecl,aggregate_load,168,42,seasonal_naive,336179.65476190473
1970-01-01 00:00:00.000000067,ecl,aggregate_load,168,42,seasonal_naive,338583.32738095237
1970-01-01 00:00:00.000000067,ecl,aggregate_load,168,42,seasonal_naive,343110.28571428574
1970-01-01 00:00:00.000000067,ecl,aggregate_load,168,42,seasonal_naive,328248.96428571426
1970-01-01 00:00:00.000000067,ecl,aggregate_load,168,42,seasonal_naive,331844.2380952381
1970-01-01 00:00:00.000000067,ecl,aggregate_load,168,42,seasonal_naive,335593.70238095237
1970-01-01 00:00:00.000000067,ecl,aggregate_load,168,42,seasonal_naive,337380.65476190473
1970-01-01 00:00:00.000000067,ecl,aggregate_load,168,42,seasonal_naive,341254.3869047619
1970-01-01 00:00:00.000000067,ecl,aggregate_load,168,42,seasonal_naive,356866.7380952381
1970-01-01 00:00:00.000000067,ecl,aggregate_load,168,42,seasonal_naive,371804.8869047619
1970-01-01 00:00:00.000000067,ecl,aggregate_load,168,42,seasonal_naive,382893.48214285716
1970-01-01 00:00:00.000000067,ecl,aggregate_load,168,42,seasonal_naive,387014.33928571426
1970-01-01 00:00:00.000000067,ecl,aggregate_load,168,42,seasonal_naive,386946.5654761905
1970-01-01 00:00:00.000000067,ecl,aggregate_load,168,42,seasonal_naive,376278.54761904763
1970-01-01 00:00:00.000000067,ecl,aggregate_load,168,42,seasonal_naive,378535.5833333333
1970-01-01 00:00:00.000000067,ecl,aggregate_load,168,42,seasonal_naive,372548.57738095237
1970-01-01 00:00:00.000000067,ecl,aggregate_load,168,42,seasonal_naive,372483.5714285714
1970-01-01 00:00:00.000000067,ecl,aggregate_load,168,42,seasonal_naive,375176.5119047619
1970-01-01 00:00:00.000000067,ecl,aggregate_load,168,42,seasonal_naive,371187.0535714286
1970-01-01 00:00:00.000000067,ecl,aggregate_load,168,42,seasonal_naive,373887.7916666667
1970-01-01 00:00:00.000000067,ecl,aggregate_load,168,42,seasonal_naive,369342.13095238095
1970-01-01 00:00:00.000000067,ecl,aggregate_load,168,42,seasonal_naive,355922.8095238095
1970-01-01 00:00:00.000000067,ecl,aggregate_load,168,42,seasonal_naive,354799.1130952381
1970-01-01 00:00:00.000000067,ecl,aggregate_load,168,42,seasonal_naive,355866.5
1970-01-01 00:00:00.000000067,ecl,aggregate_load,168,42,seasonal_naive,356277.23214285716
1970-01-01 00:00:00.000000067,ecl,aggregate_load,168,42,seasonal_naive,356030.72023809527
1970-01-01 00:00:00.000000067,ecl,aggregate_load,168,42,seasonal_naive,352875.625
1970-01-01 00:00:00.000000067,ecl,aggregate_load,168,42,seasonal_naive,351613.4285714286
1970-01-01 00:00:00.000000067,ecl,aggregate_load,168,42,seasonal_naive,350035.35714285716
1970-01-01 00:00:00.000000067,ecl,aggregate_load,168,42,seasonal_naive,349082.24404761905
1970-01-01 00:00:00.000000067,ecl,aggregate_load,168,42,seasonal_naive,354877.83928571426
1970-01-01 00:00:00.000000067,ecl,aggregate_load,168,42,seasonal_naive,353900.96428571426
1970-01-01 00:00:00.000000067,ecl,aggregate_load,168,42,seasonal_naive,339171.9285714286
1970-01-01 00:00:00.000000067,ecl,aggregate_load,168,42,seasonal_naive,328432.7738095238
1970-01-01 00:00:00.000000067,ecl,aggregate_load,168,42,seasonal_naive,315508.7619047619
1970-01-01 00:00:00.000000067,ecl,aggregate_load,168,42,seasonal_naive,307831.125
1970-01-01 00:00:00.000000067,ecl,aggregate_load,168,42,seasonal_naive,322307.3630952381
1970-01-01 00:00:00.000000067,ecl,aggregate_load,168,42,seasonal_naive,325062.07738095237
1970-01-01 00:00:00.000000067,ecl,aggregate_load,168,42,seasonal_naive,326444.00595238095
1970-01-01 00:00:00.000000067,ecl,aggregate_load,168,42,seasonal_naive,327693.58928571426
1970-01-01 00:00:00.000000067,ecl,aggregate_load,168,42,seasonal_naive,330208.8511904762
1970-01-01 00:00:00.000000067,ecl,aggregate_load,168,42,seasonal_naive,331302.625
1970-01-01 00:00:00.000000067,ecl,aggregate_load,168,42,seasonal_naive,339772.16071428574
1970-01-01 00:00:00.000000067,ecl,aggregate_load,168,42,seasonal_naive,340774.34523809527
1970-01-01 00:00:00.000000067,ecl,aggregate_load,168,42,seasonal_naive,335850.29761904763
1970-01-01 00:00:00.000000067,ecl,aggregate_load,168,42,seasonal_naive,323576.75
1970-01-01 00:00:00.000000067,ecl,aggregate_load,168,42,seasonal_naive,321371.59523809527
1970-01-01 00:00:00.000000067,ecl,aggregate_load,168,42,seasonal_naive,320192.08928571426
1970-01-01 00:00:00.000000067,ecl,aggregate_load,168,42,seasonal_naive,318879.52976190473
1970-01-01 00:00:00.000000067,ecl,aggregate_load,168,42,seasonal_naive,319226.0833333333
1970-01-01 00:00:00.000000067,ecl,aggregate_load,168,42,seasonal_naive,319857.70238095237
1970-01-01 00:00:00.000000067,ecl,aggregate_load,168,42,seasonal_naive,327959.3214285714
1970-01-01 00:00:00.000000067,ecl,aggregate_load,168,42,seasonal_naive,330178.7380952381
1970-01-01 00:00:00.000000067,ecl,aggregate_load,168,42,seasonal_naive,330608.7261904762
1970-01-01 00:00:00.000000067,ecl,aggregate_load,168,42,seasonal_naive,323913.3154761905
1970-01-01 00:00:00.000000067,ecl,aggregate_load,168,42,seasonal_naive,321533.2083333333
1970-01-01 00:00:00.000000067,ecl,aggregate_load,168,42,seasonal_naive,313123.57738095237
1970-01-01 00:00:00.000000067,ecl,aggregate_load,168,42,seasonal_naive,301653.23214285716
1970-01-01 00:00:00.000000067,ecl,aggregate_load,168,42,seasonal_naive,300100.48214285716
1970-01-01 00:00:00.000000067,ecl,aggregate_load,168,42,seasonal_naive,318680.3035714286
1970-01-01 00:00:00.000000067,ecl,aggregate_load,168,42,seasonal_naive,303612.38095238095
1970-01-01 00:00:00.000000067,ecl,aggregate_load,168,42,seasonal_naive,306225.38095238095
1970-01-01 00:00:00.000000067,ecl,aggregate_load,168,42,seasonal_naive,303112.4761904762
1970-01-01 00:00:00.000000067,ecl,aggregate_load,168,42,seasonal_naive,305259.25595238095
1970-01-01 00:00:00.000000067,ecl,aggregate_load,168,42,seasonal_naive,312808.4404761905
1970-01-01 00:00:00.000000067,ecl,aggregate_load,168,42,seasonal_naive,312482.98214285716
1970-01-01 00:00:00.000000067,ecl,aggregate_load,168,42,seasonal_naive,301359.99404761905
1970-01-01 00:00:00.000000067,ecl,aggregate_load,168,42,seasonal_naive,297931.41071428574
1970-01-01 00:00:00.000000067,ecl,aggregate_load,168,42,seasonal_naive,300983.65476190473
1970-01-01 00:00:00.000000067,ecl,aggregate_load,168,42,seasonal_naive,308126.32738095237
1970-01-01 00:00:00.000000067,ecl,aggregate_load,168,42,seasonal_naive,313184.50595238095
1970-01-01 00:00:00.000000067,ecl,aggregate_load,168,42,seasonal_naive,319049.0416666667
1970-01-01 00:00:00.000000067,ecl,aggregate_load,168,42,seasonal_naive,317895.76785714284
1970-01-01 00:00:00.000000067,ecl,aggregate_load,168,42,seasonal_naive,316128.4404761905
1970-01-01 00:00:00.000000067,ecl,aggregate_load,168,42,seasonal_naive,315678.0
1970-01-01 00:00:00.000000067,ecl,aggregate_load,168,42,seasonal_naive,309362.79761904763
1970-01-01 00:00:00.000000067,ecl,aggregate_load,168,42,seasonal_naive,309836.46428571426
1970-01-01 00:00:00.000000067,ecl,aggregate_load,168,42,seasonal_naive,314988.8154761905
1970-01-01 00:00:00.000000067,ecl,aggregate_load,168,42,seasonal_naive,326766.6964285714
1970-01-01 00:00:00.000000067,ecl,aggregate_load,168,42,seasonal_naive,326869.4345238095
1970-01-01 00:00:00.000000067,ecl,aggregate_load,168,42,seasonal_naive,327051.7083333333
1970-01-01 00:00:00.000000067,ecl,aggregate_load,168,42,seasonal_naive,332328.8988095238
1970-01-01 00:00:00.000000067,ecl,aggregate_load,168,42,seasonal_naive,345673.5654761905
1970-01-01 00:00:00.000000067,ecl,aggregate_load,168,42,seasonal_naive,336149.04761904763
1970-01-01 00:00:00.000000067,ecl,aggregate_load,168,42,seasonal_naive,346971.0416666667
1970-01-01 00:00:00.000000067,ecl,aggregate_load,168,42,seasonal_naive,364031.9583333333
1970-01-01 00:00:00.000000067,ecl,aggregate_load,168,42,seasonal_naive,366004.1011904762
1970-01-01 00:00:00.000000067,ecl,aggregate_load,168,42,seasonal_naive,360929.36904761905
1970-01-01 00:00:00.000000067,ecl,aggregate_load,168,42,seasonal_naive,347438.9404761905
1970-01-01 00:00:00.000000067,ecl,aggregate_load,168,42,seasonal_naive,350690.14285714284
1970-01-01 00:00:00.000000067,ecl,aggregate_load,168,42,seasonal_naive,353267.8630952381
1970-01-01 00:00:00.000000067,ecl,aggregate_load,168,42,seasonal_naive,357073.76785714284
1970-01-01 00:00:00.000000067,ecl,aggregate_load,168,42,seasonal_naive,358749.84523809527
1970-01-01 00:00:00.000000067,ecl,aggregate_load,168,42,seasonal_naive,350838.08928571426
1970-01-01 00:00:00.000000067,ecl,aggregate_load,168,42,seasonal_naive,352044.2619047619
1970-01-01 00:00:00.000000067,ecl,aggregate_load,168,42,seasonal_naive,359409.58928571426
1970-01-01 00:00:00.000000067,ecl,aggregate_load,168,42,seasonal_naive,361588.34523809527
1970-01-01 00:00:00.000000067,ecl,aggregate_load,168,42,seasonal_naive,362600.8511904762
1970-01-01 00:00:00.000000067,ecl,aggregate_load,168,42,seasonal_naive,362751.625
1970-01-01 00:00:00.000000067,ecl,aggregate_load,168,42,seasonal_naive,363109.13095238095
1970-01-01 00:00:00.000000067,ecl,aggregate_load,168,42,seasonal_naive,364572.9166666667
1970-01-01 00:00:00.000000067,ecl,aggregate_load,168,42,seasonal_naive,360467.24404761905
1970-01-01 00:00:00.000000067,ecl,aggregate_load,168,42,seasonal_naive,346681.2916666667
1970-01-01 00:00:00.000000067,ecl,aggregate_load,168,42,seasonal_naive,346895.49404761905
1970-01-01 00:00:00.000000067,ecl,aggregate_load,168,42,seasonal_naive,350448.7380952381
1970-01-01 00:00:00.000000067,ecl,aggregate_load,168,42,seasonal_naive,349945.1904761905
1970-01-01 00:00:00.000000067,ecl,aggregate_load,168,42,seasonal_naive,338441.1011904762
1970-01-01 00:00:00.000000067,ecl,aggregate_load,168,42,seasonal_naive,327712.21428571426
1970-01-01 00:00:00.000000067,ecl,aggregate_load,168,42,seasonal_naive,314874.25595238095
1970-01-01 00:00:00.000000067,ecl,aggregate_load,168,42,seasonal_naive,292689.84523809527
1970-01-01 00:00:00.000000067,ecl,aggregate_load,168,42,seasonal_naive,291285.57738095237
1970-01-01 00:00:00.000000067,ecl,aggregate_load,168,42,seasonal_naive,298265.64285714284
1970-01-01 00:00:00.000000067,ecl,aggregate_load,168,42,seasonal_naive,300811.48214285716
1970-01-01 00:00:00.000000067,ecl,aggregate_load,168,42,seasonal_naive,303315.33928571426
1970-01-01 00:00:00.000000067,ecl,aggregate_load,168,42,seasonal_naive,309416.86904761905
1970-01-01 00:00:00.000000067,ecl,aggregate_load,168,42,seasonal_naive,309703.1130952381
1970-01-01 00:00:00.000000067,ecl,aggregate_load,168,42,seasonal_naive,316520.7916666667
1970-01-01 00:00:00.000000067,ecl,aggregate_load,168,42,seasonal_naive,316489.4404761905
1970-01-01 00:00:00.000000067,ecl,aggregate_load,168,42,seasonal_naive,328775.4285714286
1970-01-01 00:00:00.000000067,ecl,aggregate_load,168,42,seasonal_naive,314974.3035714286
1970-01-01 00:00:00.000000067,ecl,aggregate_load,168,42,seasonal_naive,315879.29761904763
1970-01-01 00:00:00.000000067,ecl,aggregate_load,168,42,seasonal_naive,311177.16071428574
1970-01-01 00:00:00.000000067,ecl,aggregate_load,168,42,seasonal_naive,314936.4166666667
1970-01-01 00:00:00.000000067,ecl,aggregate_load,168,42,seasonal_naive,317949.88095238095
1970-01-01 00:00:00.000000067,ecl,aggregate_load,168,42,seasonal_naive,325494.1369047619
1970-01-01 00:00:00.000000067,ecl,aggregate_load,168,42,seasonal_naive,326023.0714285714
1970-01-01 00:00:00.000000067,ecl,aggregate_load,168,42,seasonal_naive,328491.59523809527
1970-01-01 00:00:00.000000067,ecl,aggregate_load,168,42,seasonal_naive,333422.7916666667
1970-01-01 00:00:00.000000067,ecl,aggregate_load,168,42,seasonal_naive,337076.9166666667
1970-01-01 00:00:00.000000067,ecl,aggregate_load,168,42,seasonal_naive,344136.4285714286
1970-01-01 00:00:00.000000067,ecl,aggregate_load,168,42,seasonal_naive,343215.2261904762
1970-01-01 00:00:00.000000067,ecl,aggregate_load,168,42,seasonal_naive,343181.8095238095
1970-01-01 00:00:00.000000067,ecl,aggregate_load,168,42,seasonal_naive,342935.40476190473
1970-01-01 00:00:00.000000067,ecl,aggregate_load,168,42,seasonal_naive,344933.02976190473
1970-01-01 00:00:00.000000067,ecl,aggregate_load,168,42,seasonal_naive,345189.3214285714
1970-01-01 00:00:00.000000067,ecl,aggregate_load,168,42,seasonal_naive,338632.8333333333
1970-01-01 00:00:00.000000067,ecl,aggregate_load,168,42,seasonal_naive,353886.15476190473
1970-01-01 00:00:00.000000067,ecl,aggregate_load,168,42,seasonal_naive,356129.4166666667
1970-01-01 00:00:00.000000067,ecl,aggregate_load,168,42,seasonal_naive,355820.73214285716
1970-01-01 00:00:00.000000067,ecl,aggregate_load,168,42,seasonal_naive,348532.24404761905
1970-01-01 00:00:00.000000067,ecl,aggregate_load,168,42,seasonal_naive,347257.90476190473
1970-01-01 00:00:00.000000067,ecl,aggregate_load,168,42,seasonal_naive,347722.125
1970-01-01 00:00:00.000000067,ecl,aggregate_load,168,42,seasonal_naive,328995.76785714284
1970-01-01 00:00:00.000000067,ecl,aggregate_load,168,42,seasonal_naive,328978.0119047619
1970-01-01 00:00:00.000000067,ecl,aggregate_load,168,42,seasonal_naive,337354.25595238095
1970-01-01 00:00:00.000000067,ecl,aggregate_load,168,42,seasonal_naive,347331.7619047619
1970-01-01 00:00:00.000000067,ecl,aggregate_load,168,42,seasonal_naive,357814.2619047619
1970-01-01 00:00:00.000000067,ecl,aggregate_load,168,42,seasonal_naive,348121.10714285716
1970-01-01 00:00:00.000000067,ecl,aggregate_load,168,42,seasonal_naive,351517.0416666667
1970-01-01 00:00:00.000000067,ecl,aggregate_load,168,42,seasonal_naive,351721.32738095237
1970-01-01 00:00:00.000000067,ecl,aggregate_load,168,42,seasonal_naive,361750.9583333333
1970-01-01 00:00:00.000000067,ecl,aggregate_load,168,42,seasonal_naive,357997.99404761905
1970-01-01 00:00:00.000000067,ecl,aggregate_load,168,42,seasonal_naive,354140.9345238095
1970-01-01 00:00:00.000000067,ecl,aggregate_load,168,42,seasonal_naive,353628.75595238095
1970-01-01 00:00:00.000000067,ecl,aggregate_load,168,42,seasonal_naive,356106.02976190473
1970-01-01 00:00:00.000000067,ecl,aggregate_load,168,42,seasonal_naive,356983.8214285714
1970-01-01 00:00:00.000000067,ecl,aggregate_load,168,42,seasonal_naive,356648.5595238095
1970-01-01 00:00:00.000000067,ecl,aggregate_load,168,42,seasonal_naive,360478.8869047619
1970-01-01 00:00:00.000000067,ecl,aggregate_load,168,42,seasonal_naive,363815.46428571426
1970-01-01 00:00:00.000000067,ecl,aggregate_load,168,42,seasonal_naive,371880.8511904762
1970-01-01 00:00:00.000000067,ecl,aggregate_load,168,42,seasonal_naive,356313.0
1970-01-01 00:00:00.000000067,ecl,aggregate_load,168,42,seasonal_naive,356415.0654761905
1970-01-01 00:00:00.000000067,ecl,aggregate_load,168,42,seasonal_naive,349599.60714285716
1970-01-01 00:00:00.000000067,ecl,aggregate_load,168,42,seasonal_naive,351816.9583333333
1970-01-01 00:00:00.000000067,ecl,aggregate_load,168,42,seasonal_naive,339328.1130952381
1970-01-01 00:00:00.000000067,ecl,aggregate_load,168,42,seasonal_naive,339631.6130952381
1970-01-01 00:00:00.000000067,ecl,aggregate_load,168,42,seasonal_naive,333449.89285714284
1970-01-01 00:00:00.000000067,ecl,aggregate_load,168,42,seasonal_naive,333320.36904761905
1970-01-01 00:00:00.000000067,ecl,aggregate_load,168,42,seasonal_naive,320705.8154761905
1970-01-01 00:00:00.000000067,ecl,aggregate_load,168,42,seasonal_naive,332507.6666666667
1970-01-01 00:00:00.000000067,ecl,aggregate_load,168,42,seasonal_naive,313924.86904761905
1970-01-01 00:00:00.000000067,ecl,aggregate_load,168,42,seasonal_naive,333318.7738095238
1970-01-01 00:00:00.000000067,ecl,aggregate_load,168,42,seasonal_naive,319503.24404761905
1970-01-01 00:00:00.000000067,ecl,aggregate_load,168,42,seasonal_naive,325503.98214285716
1970-01-01 00:00:00.000000067,ecl,aggregate_load,168,42,seasonal_naive,330274.3511904762
1970-01-01 00:00:00.000000067,ecl,aggregate_load,168,42,seasonal_naive,332225.97023809527
1970-01-01 00:00:00.000000067,ecl,aggregate_load,168,42,seasonal_naive,333120.5119047619
1970-01-01 00:00:00.000000067,ecl,aggregate_load,168,42,seasonal_naive,331828.1369047619
1970-01-01 00:00:00.000000067,ecl,aggregate_load,168,42,seasonal_naive,331016.6845238095
1970-01-01 00:00:00.000000067,ecl,aggregate_load,168,42,seasonal_naive,335387.3333333333
1970-01-01 00:00:00.000000067,ecl,aggregate_load,168,42,seasonal_naive,335964.1130952381
1970-01-01 00:00:00.000000067,ecl,aggregate_load,168,42,seasonal_naive,332078.8333333333
1970-01-01 00:00:00.000000067,ecl,aggregate_load,168,42,seasonal_naive,330635.4880952381
1970-01-01 00:00:00.000000067,ecl,aggregate_load,168,42,seasonal_naive,322027.6904761905
1970-01-01 00:00:00.000000067,ecl,aggregate_load,168,42,seasonal_naive,326585.04761904763
1970-01-01 00:00:00.000000067,ecl,aggregate_load,168,42,seasonal_naive,333337.20238095237
1970-01-01 00:00:00.000000067,ecl,aggregate_load,168,42,seasonal_naive,334511.36904761905
1970-01-01 00:00:00.000000067,ecl,aggregate_load,168,42,seasonal_naive,339958.33928571426
1970-01-01 00:00:00.000000067,ecl,aggregate_load,168,42,seasonal_naive,365985.42261904763
1970-01-01 00:00:00.000000067,ecl,aggregate_load,168,42,seasonal_naive,380171.3095238095
1970-01-01 00:00:00.000000067,ecl,aggregate_load,168,42,seasonal_naive,383639.76785714284
1970-01-01 00:00:00.000000067,ecl,aggregate_load,168,42,seasonal_naive,383791.59523809527
1970-01-01 00:00:00.000000067,ecl,aggregate_load,168,42,seasonal_naive,385937.20238095237
1970-01-01 00:00:00.000000067,ecl,aggregate_load,168,42,seasonal_naive,362055.41071428574
1970-01-01 00:00:00.000000067,ecl,aggregate_load,168,42,seasonal_naive,362297.50595238095
1970-01-01 00:00:00.000000067,ecl,aggregate_load,168,42,seasonal_naive,342557.67261904763
1970-01-01 00:00:00.000000067,ecl,aggregate_load,168,42,seasonal_naive,344131.2083333333
1970-01-01 00:00:00.000000067,ecl,aggregate_load,168,42,seasonal_naive,339512.0238095238
1970-01-01 00:00:00.000000067,ecl,aggregate_load,168,42,seasonal_naive,333515.95238095237
1970-01-01 00:00:00.000000067,ecl,aggregate_load,168,42,seasonal_naive,331425.9345238095
1970-01-01 00:00:00.000000067,ecl,aggregate_load,168,42,seasonal_naive,336163.3630952381
1970-01-01 00:00:00.000000067,ecl,aggregate_load,168,42,seasonal_naive,335563.4880952381
1970-01-01 00:00:00.000000067,ecl,aggregate_load,168,42,seasonal_naive,336416.1904761905
1970-01-01 00:00:00.000000067,ecl,aggregate_load,168,42,seasonal_naive,335931.8154761905
1970-01-01 00:00:00.000000067,ecl,aggregate_load,168,42,seasonal_naive,349739.9345238095
1970-01-01 00:00:00.000000067,ecl,aggregate_load,168,42,seasonal_naive,347704.1785714286
1970-01-01 00:00:00.000000067,ecl,aggregate_load,168,42,seasonal_naive,369481.13095238095
1970-01-01 00:00:00.000000067,ecl,aggregate_load,168,42,seasonal_naive,374122.875
1970-01-01 00:00:00.000000067,ecl,aggregate_load,168,42,seasonal_naive,375823.29761904763
1970-01-01 00:00:00.000000067,ecl,aggregate_load,168,42,seasonal_naive,383218.25595238095
1970-01-01 00:00:00.000000067,ecl,aggregate_load,168,42,seasonal_naive,385772.32738095237
1970-01-01 00:00:00.000000067,ecl,aggregate_load,168,42,seasonal_naive,382216.29761904763
1970-01-01 00:00:00.000000067,ecl,aggregate_load,168,42,seasonal_naive,354637.7916666667
1970-01-01 00:00:00.000000067,ecl,aggregate_load,168,42,seasonal_naive,344130.72023809527
1970-01-01 00:00:00.000000067,ecl,aggregate_load,168,42,seasonal_naive,345817.9464285714
1970-01-01 00:00:00.000000067,ecl,aggregate_load,168,42,seasonal_naive,348430.00595238095
1970-01-01 00:00:00.000000067,ecl,aggregate_load,168,42,seasonal_naive,354665.375
1970-01-01 00:00:00.000000067,ecl,aggregate_load,168,42,seasonal_naive,354863.3988095238
1970-01-01 00:00:00.000000067,ecl,aggregate_load,168,42,seasonal_naive,355147.73214285716
1970-01-01 00:00:00.000000067,ecl,aggregate_load,168,42,seasonal_naive,357873.3869047619
1970-01-01 00:00:00.000000067,ecl,aggregate_load,168,42,seasonal_naive,362981.91071428574
1970-01-01 00:00:00.000000067,ecl,aggregate_load,168,42,seasonal_naive,364478.6130952381
1970-01-01 00:00:00.000000067,ecl,aggregate_load,168,42,seasonal_naive,356441.88095238095
1970-01-01 00:00:00.000000067,ecl,aggregate_load,168,42,seasonal_naive,366206.5833333333
1970-01-01 00:00:00.000000067,ecl,aggregate_load,168,42,seasonal_naive,364588.64285714284
1970-01-01 00:00:00.000000067,ecl,aggregate_load,168,42,seasonal_naive,368863.14285714284
1970-01-01 00:00:00.000000067,ecl,aggregate_load,168,42,seasonal_naive,367625.22023809527
1970-01-01 00:00:00.000000067,ecl,aggregate_load,168,42,seasonal_naive,368437.2738095238
1970-01-01 00:00:00.000000067,ecl,aggregate_load,168,42,seasonal_naive,359092.14285714284
1970-01-01 00:00:00.000000067,ecl,aggregate_load,168,42,seasonal_naive,360189.39285714284
1970-01-01 00:00:00.000000067,ecl,aggregate_load,168,42,seasonal_naive,330446.40476190473
1970-01-01 00:00:00.000000067,ecl,aggregate_load,168,42,seasonal_naive,327006.4880952381
1970-01-01 00:00:00.000000067,ecl,aggregate_load,168,42,seasonal_naive,327203.3154761905
1970-01-01 00:00:00.000000067,ecl,aggregate_load,168,42,seasonal_naive,311531.7380952381
1970-01-01 00:00:00.000000067,ecl,aggregate_load,168,42,seasonal_naive,308285.8988095238
1970-01-01 00:00:00.000000067,ecl,aggregate_load,168,42,seasonal_naive,306615.63095238095
1970-01-01 00:00:00.000000067,ecl,aggregate_load,168,42,seasonal_naive,310972.27976190473
1970-01-01 00:00:00.000000067,ecl,aggregate_load,168,42,seasonal_naive,314160.1845238095
1970-01-01 00:00:00.000000067,ecl,aggregate_load,168,42,seasonal_naive,317519.9880952381
1970-01-01 00:00:00.000000067,ecl,aggregate_load,168,42,seasonal_naive,320741.83928571426
1970-01-01 00:00:00.000000067,ecl,aggregate_load,168,42,seasonal_naive,315514.2916666667
1970-01-01 00:00:00.000000067,ecl,aggregate_load,168,42,seasonal_naive,319236.14285714284
1970-01-01 00:00:00.000000067,ecl,aggregate_load,168,42,seasonal_naive,324386.0595238095
1970-01-01 00:00:00.000000067,ecl,aggregate_load,168,42,seasonal_naive,321951.7083333333
1970-01-01 00:00:00.000000067,ecl,aggregate_load,168,42,seasonal_naive,325043.13095238095
1970-01-01 00:00:00.000000067,ecl,aggregate_load,168,42,seasonal_naive,327507.02976190473
1970-01-01 00:00:00.000000068,ecl,aggregate_load,168,42,seasonal_naive,336243.0238095238
1970-01-01 00:00:00.000000068,ecl,aggregate_load,168,42,seasonal_naive,324238.8869047619
1970-01-01 00:00:00.000000068,ecl,aggregate_load,168,42,seasonal_naive,322139.67261904763
1970-01-01 00:00:00.000000068,ecl,aggregate_load,168,42,seasonal_naive,313363.4404761905
1970-01-01 00:00:00.000000068,ecl,aggregate_load,168,42,seasonal_naive,314159.8214285714
1970-01-01 00:00:00.000000068,ecl,aggregate_load,168,42,seasonal_naive,317304.5535714286
1970-01-01 00:00:00.000000068,ecl,aggregate_load,168,42,seasonal_naive,319412.41071428574
1970-01-01 00:00:00.000000068,ecl,aggregate_load,168,42,seasonal_naive,321532.70238095237
1970-01-01 00:00:00.000000068,ecl,aggregate_load,168,42,seasonal_naive,321079.2380952381
1970-01-01 00:00:00.000000068,ecl,aggregate_load,168,42,seasonal_naive,319536.6904761905
1970-01-01 00:00:00.000000068,ecl,aggregate_load,168,42,seasonal_naive,323842.03571428574
1970-01-01 00:00:00.000000068,ecl,aggregate_load,168,42,seasonal_naive,324363.9880952381
1970-01-01 00:00:00.000000068,ecl,aggregate_load,168,42,seasonal_naive,343474.2619047619
1970-01-01 00:00:00.000000068,ecl,aggregate_load,168,42,seasonal_naive,349581.5654761905
1970-01-01 00:00:00.000000068,ecl,aggregate_load,168,42,seasonal_naive,349459.1011904762
1970-01-01 00:00:00.000000068,ecl,aggregate_load,168,42,seasonal_naive,349180.2916666667
1970-01-01 00:00:00.000000068,ecl,aggregate_load,168,42,seasonal_naive,341979.2738095238
1970-01-01 00:00:00.000000068,ecl,aggregate_load,168,42,seasonal_naive,342994.7619047619
1970-01-01 00:00:00.000000068,ecl,aggregate_load,168,42,seasonal_naive,338848.76785714284
1970-01-01 00:00:00.000000068,ecl,aggregate_load,168,42,seasonal_naive,342178.92261904763
1970-01-01 00:00:00.000000068,ecl,aggregate_load,168,42,seasonal_naive,339527.51785714284
1970-01-01 00:00:00.000000068,ecl,aggregate_load,168,42,seasonal_naive,349102.03571428574
1970-01-01 00:00:00.000000068,ecl,aggregate_load,168,42,seasonal_naive,345255.1011904762
1970-01-01 00:00:00.000000068,ecl,aggregate_load,168,42,seasonal_naive,340875.14285714284
1970-01-01 00:00:00.000000068,ecl,aggregate_load,168,42,seasonal_naive,347905.35714285716
1970-01-01 00:00:00.000000068,ecl,aggregate_load,168,42,seasonal_naive,351373.67261904763
1970-01-01 00:00:00.000000068,ecl,aggregate_load,168,42,seasonal_naive,351086.26785714284
1970-01-01 00:00:00.000000068,ecl,aggregate_load,168,42,seasonal_naive,350696.28571428574
1970-01-01 00:00:00.000000068,ecl,aggregate_load,168,42,seasonal_naive,368273.5833333333
1970-01-01 00:00:00.000000068,ecl,aggregate_load,168,42,seasonal_naive,368034.8630952381
1970-01-01 00:00:00.000000068,ecl,aggregate_load,168,42,seasonal_naive,369478.5
1970-01-01 00:00:00.000000068,ecl,aggregate_load,168,42,seasonal_naive,367584.61904761905
1970-01-01 00:00:00.000000068,ecl,aggregate_load,168,42,seasonal_naive,372507.8630952381
1970-01-01 00:00:00.000000068,ecl,aggregate_load,168,42,seasonal_naive,375319.1904761905
1970-01-01 00:00:00.000000068,ecl,aggregate_load,168,42,seasonal_naive,369409.78571428574
1970-01-01 00:00:00.000000068,ecl,aggregate_load,168,42,seasonal_naive,367308.3154761905
1970-01-01 00:00:00.000000068,ecl,aggregate_load,168,42,seasonal_naive,346481.0714285714
1970-01-01 00:00:00.000000068,ecl,aggregate_load,168,42,seasonal_naive,345017.90476190473
1970-01-01 00:00:00.000000068,ecl,aggregate_load,168,42,seasonal_naive,347344.04761904763
1970-01-01 00:00:00.000000068,ecl,aggregate_load,168,42,seasonal_naive,349297.77976190473
1970-01-01 00:00:00.000000068,ecl,aggregate_load,168,42,seasonal_naive,350908.5119047619
1970-01-01 00:00:00.000000068,ecl,aggregate_load,168,42,seasonal_naive,348531.07738095237
1970-01-01 00:00:00.000000068,ecl,aggregate_load,168,42,seasonal_naive,353563.3630952381
1970-01-01 00:00:00.000000068,ecl,aggregate_load,168,42,seasonal_naive,359224.38095238095
1970-01-01 00:00:00.000000068,ecl,aggregate_load,168,42,seasonal_naive,359942.8511904762
1970-01-01 00:00:00.000000068,ecl,aggregate_load,168,42,seasonal_naive,353086.99404761905
1970-01-01 00:00:00.000000068,ecl,aggregate_load,168,42,seasonal_naive,357551.0833333333
1970-01-01 00:00:00.000000068,ecl,aggregate_load,168,42,seasonal_naive,358681.3869047619
1970-01-01 00:00:00.000000068,ecl,aggregate_load,168,42,seasonal_naive,330039.41071428574
1970-01-01 00:00:00.000000068,ecl,aggregate_load,168,42,seasonal_naive,331624.17261904763
1970-01-01 00:00:00.000000068,ecl,aggregate_load,168,42,seasonal_naive,337668.95238095237
1970-01-01 00:00:00.000000068,ecl,aggregate_load,168,42,seasonal_naive,343298.66071428574
1970-01-01 00:00:00.000000068,ecl,aggregate_load,168,42,seasonal_naive,325008.3035714286
1970-01-01 00:00:00.000000068,ecl,aggregate_load,168,42,seasonal_naive,326077.47023809527
1970-01-01 00:00:00.000000068,ecl,aggregate_load,168,42,seasonal_naive,325656.3511904762
1970-01-01 00:00:00.000000068,ecl,aggregate_load,168,42,seasonal_naive,327401.42261904763
1970-01-01 00:00:00.000000068,ecl,aggregate_load,168,42,seasonal_naive,326683.21428571426
1970-01-01 00:00:00.000000068,ecl,aggregate_load,168,42,seasonal_naive,334675.5238095238
1970-01-01 00:00:00.000000068,ecl,aggregate_load,168,42,seasonal_naive,339424.5119047619
1970-01-01 00:00:00.000000068,ecl,aggregate_load,168,42,seasonal_naive,344450.1666666667
1970-01-01 00:00:00.000000068,ecl,aggregate_load,168,42,seasonal_naive,343194.4464285714
1970-01-01 00:00:00.000000068,ecl,aggregate_load,168,42,seasonal_naive,349492.0595238095
1970-01-01 00:00:00.000000068,ecl,aggregate_load,168,42,seasonal_naive,347630.3095238095
1970-01-01 00:00:00.000000068,ecl,aggregate_load,168,42,seasonal_naive,347699.59523809527
1970-01-01 00:00:00.000000068,ecl,aggregate_load,168,42,seasonal_naive,347366.25595238095
1970-01-01 00:00:00.000000068,ecl,aggregate_load,168,42,seasonal_naive,349445.7738095238
1970-01-01 00:00:00.000000068,ecl,aggregate_load,168,42,seasonal_naive,340413.13095238095
1970-01-01 00:00:00.000000068,ecl,aggregate_load,168,42,seasonal_naive,343073.35714285716
1970-01-01 00:00:00.000000068,ecl,aggregate_load,168,42,seasonal_naive,339550.8333333333
1970-01-01 00:00:00.000000068,ecl,aggregate_load,168,42,seasonal_naive,336690.2261904762
1970-01-01 00:00:00.000000068,ecl,aggregate_load,168,42,seasonal_naive,325664.33928571426
1970-01-01 00:00:00.000000068,ecl,aggregate_load,168,42,seasonal_naive,326423.54761904763
1970-01-01 00:00:00.000000068,ecl,aggregate_load,168,42,seasonal_naive,326433.3630952381
1970-01-01 00:00:00.000000068,ecl,aggregate_load,168,42,seasonal_naive,336801.28571428574
1970-01-01 00:00:00.000000068,ecl,aggregate_load,168,42,seasonal_naive,332033.7261904762
1970-01-01 00:00:00.000000068,ecl,aggregate_load,168,42,seasonal_naive,335787.1369047619
1970-01-01 00:00:00.000000068,ecl,aggregate_load,168,42,seasonal_naive,338035.95238095237
1970-01-01 00:00:00.000000068,ecl,aggregate_load,168,42,seasonal_naive,341203.26785714284
1970-01-01 00:00:00.000000068,ecl,aggregate_load,168,42,seasonal_naive,343344.6369047619
1970-01-01 00:00:00.000000068,ecl,aggregate_load,168,42,seasonal_naive,340630.1904761905
1970-01-01 00:00:00.000000068,ecl,aggregate_load,168,42,seasonal_naive,345536.67261904763
1970-01-01 00:00:00.000000068,ecl,aggregate_load,168,42,seasonal_naive,332598.3869047619
1970-01-01 00:00:00.000000068,ecl,aggregate_load,168,42,seasonal_naive,327643.97023809527
1970-01-01 00:00:00.000000068,ecl,aggregate_load,168,42,seasonal_naive,324410.71428571426
1970-01-01 00:00:00.000000068,ecl,aggregate_load,168,42,seasonal_naive,332029.3333333333
1970-01-01 00:00:00.000000068,ecl,aggregate_load,168,42,seasonal_naive,319601.75
1970-01-01 00:00:00.000000068,ecl,aggregate_load,168,42,seasonal_naive,326944.01785714284
1970-01-01 00:00:00.000000068,ecl,aggregate_load,168,42,seasonal_naive,328596.20238095237
1970-01-01 00:00:00.000000068,ecl,aggregate_load,168,42,seasonal_naive,333479.4404761905
1970-01-01 00:00:00.000000068,ecl,aggregate_load,168,42,seasonal_naive,328858.9761904762
1970-01-01 00:00:00.000000068,ecl,aggregate_load,168,42,seasonal_naive,328798.8333333333
1970-01-01 00:00:00.000000068,ecl,aggregate_load,168,42,seasonal_naive,315184.1011904762
1970-01-01 00:00:00.000000068,ecl,aggregate_load,168,42,seasonal_naive,325663.29761904763
1970-01-01 00:00:00.000000068,ecl,aggregate_load,168,42,seasonal_naive,325907.82738095237
1970-01-01 00:00:00.000000068,ecl,aggregate_load,168,42,seasonal_naive,325853.47023809527
1970-01-01 00:00:00.000000068,ecl,aggregate_load,168,42,seasonal_naive,336001.6488095238
1970-01-01 00:00:00.000000068,ecl,aggregate_load,168,42,seasonal_naive,341641.25
1970-01-01 00:00:00.000000068,ecl,aggregate_load,168,42,seasonal_naive,328825.0714285714
1970-01-01 00:00:00.000000068,ecl,aggregate_load,168,42,seasonal_naive,335484.4880952381
1970-01-01 00:00:00.000000068,ecl,aggregate_load,168,42,seasonal_naive,330418.8630952381
1970-01-01 00:00:00.000000068,ecl,aggregate_load,168,42,seasonal_naive,328871.65476190473
1970-01-01 00:00:00.000000068,ecl,aggregate_load,168,42,seasonal_naive,334186.83928571426
1970-01-01 00:00:00.000000068,ecl,aggregate_load,168,42,seasonal_naive,332880.5
1970-01-01 00:00:00.000000068,ecl,aggregate_load,168,42,seasonal_naive,338581.7380952381
1970-01-01 00:00:00.000000068,ecl,aggregate_load,168,42,seasonal_naive,334474.2738095238
1970-01-01 00:00:00.000000068,ecl,aggregate_load,168,42,seasonal_naive,336864.61904761905
1970-01-01 00:00:00.000000068,ecl,aggregate_load,168,42,seasonal_naive,351697.1488095238
1970-01-01 00:00:00.000000068,ecl,aggregate_load,168,42,seasonal_naive,350553.17261904763
1970-01-01 00:00:00.000000068,ecl,aggregate_load,168,42,seasonal_naive,342286.8869047619
1970-01-01 00:00:00.000000068,ecl,aggregate_load,168,42,seasonal_naive,343213.09523809527
1970-01-01 00:00:00.000000068,ecl,aggregate_load,168,42,seasonal_naive,342799.13095238095
1970-01-01 00:00:00.000000068,ecl,aggregate_load,168,42,seasonal_naive,367003.91071428574
1970-01-01 00:00:00.000000068,ecl,aggregate_load,168,42,seasonal_naive,362108.13095238095
1970-01-01 00:00:00.000000068,ecl,aggregate_load,168,42,seasonal_naive,361914.1369047619
1970-01-01 00:00:00.000000068,ecl,aggregate_load,168,42,seasonal_naive,366416.45238095237
1970-01-01 00:00:00.000000068,ecl,aggregate_load,168,42,seasonal_naive,366737.7619047619
1970-01-01 00:00:00.000000068,ecl,aggregate_load,168,42,seasonal_naive,360859.73214285716
1970-01-01 00:00:00.000000068,ecl,aggregate_load,168,42,seasonal_naive,364328.375
1970-01-01 00:00:00.000000068,ecl,aggregate_load,168,42,seasonal_naive,361817.7380952381
1970-01-01 00:00:00.000000068,ecl,aggregate_load,168,42,seasonal_naive,353179.1904761905
1970-01-01 00:00:00.000000068,ecl,aggregate_load,168,42,seasonal_naive,357884.72023809527
1970-01-01 00:00:00.000000068,ecl,aggregate_load,168,42,seasonal_naive,358436.5833333333
1970-01-01 00:00:00.000000068,ecl,aggregate_load,168,42,seasonal_naive,354018.13095238095
1970-01-01 00:00:00.000000068,ecl,aggregate_load,168,42,seasonal_naive,355450.32738095237
1970-01-01 00:00:00.000000068,ecl,aggregate_load,168,42,seasonal_naive,358441.63095238095
1970-01-01 00:00:00.000000068,ecl,aggregate_load,168,42,seasonal_naive,346524.4583333333
1970-01-01 00:00:00.000000068,ecl,aggregate_load,168,42,seasonal_naive,345651.02976190473
1970-01-01 00:00:00.000000068,ecl,aggregate_load,168,42,seasonal_naive,334122.45238095237
1970-01-01 00:00:00.000000068,ecl,aggregate_load,168,42,seasonal_naive,334522.2380952381
1970-01-01 00:00:00.000000068,ecl,aggregate_load,168,42,seasonal_naive,348645.7083333333
1970-01-01 00:00:00.000000068,ecl,aggregate_load,168,42,seasonal_naive,332646.92261904763
1970-01-01 00:00:00.000000068,ecl,aggregate_load,168,42,seasonal_naive,336454.73214285716
1970-01-01 00:00:00.000000068,ecl,aggregate_load,168,42,seasonal_naive,339465.92261904763
1970-01-01 00:00:00.000000068,ecl,aggregate_load,168,42,seasonal_naive,339324.35714285716
1970-01-01 00:00:00.000000068,ecl,aggregate_load,168,42,seasonal_naive,337394.1845238095
1970-01-01 00:00:00.000000068,ecl,aggregate_load,168,42,seasonal_naive,305930.83928571426
1970-01-01 00:00:00.000000068,ecl,aggregate_load,168,42,seasonal_naive,307593.8035714286
1970-01-01 00:00:00.000000068,ecl,aggregate_load,168,42,seasonal_naive,314865.0654761905
1970-01-01 00:00:00.000000068,ecl,aggregate_load,168,42,seasonal_naive,315964.50595238095
1970-01-01 00:00:00.000000068,ecl,aggregate_load,168,42,seasonal_naive,331705.13095238095
1970-01-01 00:00:00.000000068,ecl,aggregate_load,168,42,seasonal_naive,332792.1488095238
1970-01-01 00:00:00.000000068,ecl,aggregate_load,168,42,seasonal_naive,339012.6488095238
1970-01-01 00:00:00.000000068,ecl,aggregate_load,168,42,seasonal_naive,342088.85714285716
1970-01-01 00:00:00.000000068,ecl,aggregate_load,168,42,seasonal_naive,334802.72023809527
1970-01-01 00:00:00.000000068,ecl,aggregate_load,168,42,seasonal_naive,332055.1845238095
1970-01-01 00:00:00.000000068,ecl,aggregate_load,168,42,seasonal_naive,332092.72023809527
1970-01-01 00:00:00.000000068,ecl,aggregate_load,168,42,seasonal_naive,335086.79761904763
1970-01-01 00:00:00.000000068,ecl,aggregate_load,168,42,seasonal_naive,324764.7619047619
1970-01-01 00:00:00.000000068,ecl,aggregate_load,168,42,seasonal_naive,324985.9880952381
1970-01-01 00:00:00.000000068,ecl,aggregate_load,168,42,seasonal_naive,325629.7619047619
1970-01-01 00:00:00.000000068,ecl,aggregate_load,168,42,seasonal_naive,319277.28571428574
1970-01-01 00:00:00.000000068,ecl,aggregate_load,168,42,seasonal_naive,317281.5416666667
1970-01-01 00:00:00.000000068,ecl,aggregate_load,168,42,seasonal_naive,318359.32738095237
1970-01-01 00:00:00.000000068,ecl,aggregate_load,168,42,seasonal_naive,301673.25
1970-01-01 00:00:00.000000068,ecl,aggregate_load,168,42,seasonal_naive,311660.9464285714
1970-01-01 00:00:00.000000068,ecl,aggregate_load,168,42,seasonal_naive,308225.1369047619
1970-01-01 00:00:00.000000068,ecl,aggregate_load,168,42,seasonal_naive,302777.7083333333
1970-01-01 00:00:00.000000068,ecl,aggregate_load,168,42,seasonal_naive,304086.29761904763
1970-01-01 00:00:00.000000068,ecl,aggregate_load,168,42,seasonal_naive,305050.6369047619
1970-01-01 00:00:00.000000068,ecl,aggregate_load,168,42,seasonal_naive,310576.9761904762
1970-01-01 00:00:00.000000068,ecl,aggregate_load,168,42,seasonal_naive,313578.0654761905
1970-01-01 00:00:00.000000068,ecl,aggregate_load,168,42,seasonal_naive,312131.26785714284
1970-01-01 00:00:00.000000068,ecl,aggregate_load,168,42,seasonal_naive,312977.28571428574
1970-01-01 00:00:00.000000068,ecl,aggregate_load,168,42,seasonal_naive,300094.5
1970-01-01 00:00:00.000000068,ecl,aggregate_load,168,42,seasonal_naive,297998.2380952381
1970-01-01 00:00:00.000000068,ecl,aggregate_load,168,42,seasonal_naive,293513.03571428574
1970-01-01 00:00:00.000000068,ecl,aggregate_load,168,42,seasonal_naive,291142.4761904762
1970-01-01 00:00:00.000000068,ecl,aggregate_load,168,42,seasonal_naive,290416.17261904763
1970-01-01 00:00:00.000000068,ecl,aggregate_load,168,42,seasonal_naive,293223.4404761905
1970-01-01 00:00:00.000000068,ecl,aggregate_load,168,42,seasonal_naive,292035.8869047619
1970-01-01 00:00:00.000000068,ecl,aggregate_load,168,42,seasonal_naive,292397.51785714284
1970-01-01 00:00:00.000000068,ecl,aggregate_load,168,42,seasonal_naive,300096.13095238095
1970-01-01 00:00:00.000000068,ecl,aggregate_load,168,42,seasonal_naive,300934.4583333333
1970-01-01 00:00:00.000000068,ecl,aggregate_load,168,42,seasonal_naive,299991.0416666667
1970-01-01 00:00:00.000000068,ecl,aggregate_load,168,42,seasonal_naive,302189.4583333333
1970-01-01 00:00:00.000000068,ecl,aggregate_load,168,42,seasonal_naive,303192.41071428574
1970-01-01 00:00:00.000000068,ecl,aggregate_load,168,42,seasonal_naive,301895.5654761905
1970-01-01 00:00:00.000000068,ecl,aggregate_load,168,42,seasonal_naive,302072.57738095237
1970-01-01 00:00:00.000000068,ecl,aggregate_load,168,42,seasonal_naive,290665.8630952381
1970-01-01 00:00:00.000000068,ecl,aggregate_load,168,42,seasonal_naive,289962.0238095238
1970-01-01 00:00:00.000000068,ecl,aggregate_load,168,42,seasonal_naive,293227.9404761905
1970-01-01 00:00:00.000000068,ecl,aggregate_load,168,42,seasonal_naive,311956.95238095237
1970-01-01 00:00:00.000000068,ecl,aggregate_load,168,42,seasonal_naive,315084.3630952381
1970-01-01 00:00:00.000000068,ecl,aggregate_load,168,42,seasonal_naive,308947.21428571426
1970-01-01 00:00:00.000000068,ecl,aggregate_load,168,42,seasonal_naive,306641.6964285714
1970-01-01 00:00:00.000000068,ecl,aggregate_load,168,42,seasonal_naive,305772.01785714284
1970-01-01 00:00:00.000000068,ecl,aggregate_load,168,42,seasonal_naive,305355.8988095238
1970-01-01 00:00:00.000000068,ecl,aggregate_load,168,42,seasonal_naive,303989.11904761905
1970-01-01 00:00:00.000000068,ecl,aggregate_load,168,42,seasonal_naive,308657.9345238095
1970-01-01 00:00:00.000000068,ecl,aggregate_load,168,42,seasonal_naive,316550.2261904762
1970-01-01 00:00:00.000000068,ecl,aggregate_load,168,42,seasonal_naive,321094.8988095238
1970-01-01 00:00:00.000000068,ecl,aggregate_load,168,42,seasonal_naive,321567.10714285716
1970-01-01 00:00:00.000000068,ecl,aggregate_load,168,42,seasonal_naive,325678.1011904762
1970-01-01 00:00:00.000000068,ecl,aggregate_load,168,42,seasonal_naive,331679.11904761905
1970-01-01 00:00:00.000000068,ecl,aggregate_load,168,42,seasonal_naive,327681.40476190473
1970-01-01 00:00:00.000000068,ecl,aggregate_load,168,42,seasonal_naive,320736.5595238095
1970-01-01 00:00:00.000000068,ecl,aggregate_load,168,42,seasonal_naive,323057.59523809527
1970-01-01 00:00:00.000000068,ecl,aggregate_load,168,42,seasonal_naive,326459.625
1970-01-01 00:00:00.000000068,ecl,aggregate_load,168,42,seasonal_naive,328515.8154761905
1970-01-01 00:00:00.000000068,ecl,aggregate_load,168,42,seasonal_naive,328078.8988095238
1970-01-01 00:00:00.000000068,ecl,aggregate_load,168,42,seasonal_naive,337968.4285714286
1970-01-01 00:00:00.000000068,ecl,aggregate_load,168,42,seasonal_naive,340052.8988095238
1970-01-01 00:00:00.000000068,ecl,aggregate_load,168,42,seasonal_naive,337236.5119047619
1970-01-01 00:00:00.000000068,ecl,aggregate_load,168,42,seasonal_naive,340335.24404761905
1970-01-01 00:00:00.000000068,ecl,aggregate_load,168,42,seasonal_naive,336472.79761904763
1970-01-01 00:00:00.000000068,ecl,aggregate_load,168,42,seasonal_naive,314095.98214285716
1970-01-01 00:00:00.000000068,ecl,aggregate_load,168,42,seasonal_naive,310009.7261904762
1970-01-01 00:00:00.000000068,ecl,aggregate_load,168,42,seasonal_naive,329587.02976190473
1970-01-01 00:00:00.000000068,ecl,aggregate_load,168,42,seasonal_naive,328396.32738095237
1970-01-01 00:00:00.000000068,ecl,aggregate_load,168,42,seasonal_naive,326891.5535714286
1970-01-01 00:00:00.000000068,ecl,aggregate_load,168,42,seasonal_naive,327450.9464285714
1970-01-01 00:00:00.000000068,ecl,aggregate_load,168,42,seasonal_naive,339302.5654761905
1970-01-01 00:00:00.000000068,ecl,aggregate_load,168,42,seasonal_naive,333887.48214285716
1970-01-01 00:00:00.000000068,ecl,aggregate_load,168,42,seasonal_naive,327082.39285714284
1970-01-01 00:00:00.000000068,ecl,aggregate_load,168,42,seasonal_naive,323864.92261904763
1970-01-01 00:00:00.000000068,ecl,aggregate_load,168,42,seasonal_naive,325706.84523809527
1970-01-01 00:00:00.000000068,ecl,aggregate_load,168,42,seasonal_naive,326470.875
1970-01-01 00:00:00.000000068,ecl,aggregate_load,168,42,seasonal_naive,340201.0238095238
1970-01-01 00:00:00.000000068,ecl,aggregate_load,168,42,seasonal_naive,351919.29761904763
1970-01-01 00:00:00.000000068,ecl,aggregate_load,168,42,seasonal_naive,354458.9583333333
1970-01-01 00:00:00.000000068,ecl,aggregate_load,168,42,seasonal_naive,362364.5535714286
1970-01-01 00:00:00.000000068,ecl,aggregate_load,168,42,seasonal_naive,377201.8035714286
1970-01-01 00:00:00.000000068,ecl,aggregate_load,168,42,seasonal_naive,374948.63095238095
1970-01-01 00:00:00.000000068,ecl,aggregate_load,168,42,seasonal_naive,375710.46428571426
1970-01-01 00:00:00.000000068,ecl,aggregate_load,168,42,seasonal_naive,362570.4285714286
1970-01-01 00:00:00.000000068,ecl,aggregate_load,168,42,seasonal_naive,374035.125
1970-01-01 00:00:00.000000068,ecl,aggregate_load,168,42,seasonal_naive,378183.8214285714
1970-01-01 00:00:00.000000068,ecl,aggregate_load,168,42,seasonal_naive,386584.8333333333
1970-01-01 00:00:00.000000068,ecl,aggregate_load,168,42,seasonal_naive,388490.9583333333
1970-01-01 00:00:00.000000068,ecl,aggregate_load,168,42,seasonal_naive,392310.8988095238
1970-01-01 00:00:00.000000068,ecl,aggregate_load,168,42,seasonal_naive,391010.2261904762
1970-01-01 00:00:00.000000068,ecl,aggregate_load,168,42,seasonal_naive,367872.46428571426
1970-01-01 00:00:00.000000068,ecl,aggregate_load,168,42,seasonal_naive,369762.6964285714
1970-01-01 00:00:00.000000068,ecl,aggregate_load,168,42,seasonal_naive,370673.00595238095
1970-01-01 00:00:00.000000068,ecl,aggregate_load,168,42,seasonal_naive,371384.98214285716
1970-01-01 00:00:00.000000068,ecl,aggregate_load,168,42,seasonal_naive,358287.2261904762
1970-01-01 00:00:00.000000068,ecl,aggregate_load,168,42,seasonal_naive,354355.14285714284
1970-01-01 00:00:00.000000068,ecl,aggregate_load,168,42,seasonal_naive,355963.6964285714
1970-01-01 00:00:00.000000068,ecl,aggregate_load,168,42,seasonal_naive,355436.5654761905
1970-01-01 00:00:00.000000068,ecl,aggregate_load,168,42,seasonal_naive,360112.1011904762
1970-01-01 00:00:00.000000068,ecl,aggregate_load,168,42,seasonal_naive,363581.92261904763
1970-01-01 00:00:00.000000068,ecl,aggregate_load,168,42,seasonal_naive,338298.1666666667
1970-01-01 00:00:00.000000068,ecl,aggregate_load,168,42,seasonal_naive,323187.6369047619
1970-01-01 00:00:00.000000068,ecl,aggregate_load,168,42,seasonal_naive,325826.66071428574
1970-01-01 00:00:00.000000068,ecl,aggregate_load,168,42,seasonal_naive,313551.52976190473
1970-01-01 00:00:00.000000068,ecl,aggregate_load,168,42,seasonal_naive,299116.9285714286
1970-01-01 00:00:00.000000068,ecl,aggregate_load,168,42,seasonal_naive,307788.09523809527
1970-01-01 00:00:00.000000068,ecl,aggregate_load,168,42,seasonal_naive,318842.77976190473
1970-01-01 00:00:00.000000068,ecl,aggregate_load,168,42,seasonal_naive,322737.8095238095
1970-01-01 00:00:00.000000068,ecl,aggregate_load,168,42,seasonal_naive,314073.5595238095
1970-01-01 00:00:00.000000068,ecl,aggregate_load,168,42,seasonal_naive,316743.1011904762
1970-01-01 00:00:00.000000068,ecl,aggregate_load,168,42,seasonal_naive,303894.82738095237
1970-01-01 00:00:00.000000068,ecl,aggregate_load,168,42,seasonal_naive,312881.3333333333
1970-01-01 00:00:00.000000068,ecl,aggregate_load,168,42,seasonal_naive,307381.26785714284
1970-01-01 00:00:00.000000068,ecl,aggregate_load,168,42,seasonal_naive,330635.3988095238
1970-01-01 00:00:00.000000068,ecl,aggregate_load,168,42,seasonal_naive,334291.9166666667
1970-01-01 00:00:00.000000068,ecl,aggregate_load,168,42,seasonal_naive,334886.3511904762
1970-01-01 00:00:00.000000068,ecl,aggregate_load,168,42,seasonal_naive,338904.0833333333
1970-01-01 00:00:00.000000068,ecl,aggregate_load,168,42,seasonal_naive,341818.4166666667
1970-01-01 00:00:00.000000068,ecl,aggregate_load,168,42,seasonal_naive,342473.3214285714
1970-01-01 00:00:00.000000068,ecl,aggregate_load,168,42,seasonal_naive,369625.6785714286
1970-01-01 00:00:00.000000068,ecl,aggregate_load,168,42,seasonal_naive,369512.23214285716
1970-01-01 00:00:00.000000068,ecl,aggregate_load,168,42,seasonal_naive,373871.50595238095
1970-01-01 00:00:00.000000068,ecl,aggregate_load,168,42,seasonal_naive,367363.59523809527
1970-01-01 00:00:00.000000068,ecl,aggregate_load,168,42,seasonal_naive,358397.2083333333
1970-01-01 00:00:00.000000068,ecl,aggregate_load,168,42,seasonal_naive,363378.3154761905
1970-01-01 00:00:00.000000068,ecl,aggregate_load,168,42,seasonal_naive,374040.2916666667
1970-01-01 00:00:00.000000068,ecl,aggregate_load,168,42,seasonal_naive,371441.0535714286
1970-01-01 00:00:00.000000068,ecl,aggregate_load,168,42,seasonal_naive,376731.8095238095
1970-01-01 00:00:00.000000068,ecl,aggregate_load,168,42,seasonal_naive,368613.7619047619
1970-01-01 00:00:00.000000068,ecl,aggregate_load,168,42,seasonal_naive,361045.20238095237
1970-01-01 00:00:00.000000068,ecl,aggregate_load,168,42,seasonal_naive,350707.6964285714
1970-01-01 00:00:00.000000068,ecl,aggregate_load,168,42,seasonal_naive,356146.4464285714
1970-01-01 00:00:00.000000068,ecl,aggregate_load,168,42,seasonal_naive,361866.24404761905
1970-01-01 00:00:00.000000068,ecl,aggregate_load,168,42,seasonal_naive,359171.9464285714
1970-01-01 00:00:00.000000068,ecl,aggregate_load,168,42,seasonal_naive,359297.53571428574
1970-01-01 00:00:00.000000068,ecl,aggregate_load,168,42,seasonal_naive,354565.1964285714
1970-01-01 00:00:00.000000068,ecl,aggregate_load,168,42,seasonal_naive,357018.82738095237
1970-01-01 00:00:00.000000068,ecl,aggregate_load,168,42,seasonal_naive,333439.8630952381
1970-01-01 00:00:00.000000068,ecl,aggregate_load,168,42,seasonal_naive,335515.7916666667
1970-01-01 00:00:00.000000068,ecl,aggregate_load,168,42,seasonal_naive,338102.88095238095
1970-01-01 00:00:00.000000068,ecl,aggregate_load,168,42,seasonal_naive,340329.84523809527
1970-01-01 00:00:00.000000068,ecl,aggregate_load,168,42,seasonal_naive,352108.13095238095
1970-01-01 00:00:00.000000068,ecl,aggregate_load,168,42,seasonal_naive,353403.60714285716
1970-01-01 00:00:00.000000068,ecl,aggregate_load,168,42,seasonal_naive,333077.2083333333
1970-01-01 00:00:00.000000068,ecl,aggregate_load,168,42,seasonal_naive,328424.70238095237
1970-01-01 00:00:00.000000068,ecl,aggregate_load,168,42,seasonal_naive,323792.0119047619
1970-01-01 00:00:00.000000068,ecl,aggregate_load,168,42,seasonal_naive,335192.5595238095
1970-01-01 00:00:00.000000068,ecl,aggregate_load,168,42,seasonal_naive,346676.0595238095
1970-01-01 00:00:00.000000068,ecl,aggregate_load,168,42,seasonal_naive,341250.7380952381
1970-01-01 00:00:00.000000068,ecl,aggregate_load,168,42,seasonal_naive,344502.02976190473
1970-01-01 00:00:00.000000068,ecl,aggregate_load,168,42,seasonal_naive,347676.14285714284
1970-01-01 00:00:00.000000068,ecl,aggregate_load,168,42,seasonal_naive,334832.8333333333
1970-01-01 00:00:00.000000068,ecl,aggregate_load,168,42,seasonal_naive,339856.2916666667
1970-01-01 00:00:00.000000068,ecl,aggregate_load,168,42,seasonal_naive,339248.66071428574
1970-01-01 00:00:00.000000068,ecl,aggregate_load,168,42,seasonal_naive,339640.3869047619
1970-01-01 00:00:00.000000068,ecl,aggregate_load,168,42,seasonal_naive,332971.8154761905
1970-01-01 00:00:00.000000068,ecl,aggregate_load,168,42,seasonal_naive,325040.9583333333
1970-01-01 00:00:00.000000068,ecl,aggregate_load,168,42,seasonal_naive,320694.26785714284
1970-01-01 00:00:00.000000068,ecl,aggregate_load,168,42,seasonal_naive,323851.21428571426
1970-01-01 00:00:00.000000068,ecl,aggregate_load,168,42,seasonal_naive,322302.53571428574
1970-01-01 00:00:00.000000068,ecl,aggregate_load,168,42,seasonal_naive,321449.0238095238
1970-01-01 00:00:00.000000068,ecl,aggregate_load,168,42,seasonal_naive,325563.54761904763
1970-01-01 00:00:00.000000068,ecl,aggregate_load,168,42,seasonal_naive,325844.20238095237
1970-01-01 00:00:00.000000068,ecl,aggregate_load,168,42,seasonal_naive,339333.14285714284
1970-01-01 00:00:00.000000068,ecl,aggregate_load,168,42,seasonal_naive,335254.9880952381
1970-01-01 00:00:00.000000068,ecl,aggregate_load,168,42,seasonal_naive,321765.9583333333
1970-01-01 00:00:00.000000068,ecl,aggregate_load,168,42,seasonal_naive,328547.91071428574
1970-01-01 00:00:00.000000068,ecl,aggregate_load,168,42,seasonal_naive,317696.4345238095
1970-01-01 00:00:00.000000068,ecl,aggregate_load,168,42,seasonal_naive,331469.6369047619
1970-01-01 00:00:00.000000068,ecl,aggregate_load,168,42,seasonal_naive,328533.15476190473
1970-01-01 00:00:00.000000068,ecl,aggregate_load,168,42,seasonal_naive,315495.46428571426
1970-01-01 00:00:00.000000068,ecl,aggregate_load,168,42,seasonal_naive,308654.6845238095
1970-01-01 00:00:00.000000068,ecl,aggregate_load,168,42,seasonal_naive,311106.7083333333
1970-01-01 00:00:00.000000068,ecl,aggregate_load,168,42,seasonal_naive,300446.38095238095
1970-01-01 00:00:00.000000068,ecl,aggregate_load,168,42,seasonal_naive,297290.1666666667
1970-01-01 00:00:00.000000068,ecl,aggregate_load,168,42,seasonal_naive,305452.89285714284
1970-01-01 00:00:00.000000068,ecl,aggregate_load,168,42,seasonal_naive,302306.6845238095
1970-01-01 00:00:00.000000068,ecl,aggregate_load,168,42,seasonal_naive,302549.85714285716
1970-01-01 00:00:00.000000068,ecl,aggregate_load,168,42,seasonal_naive,303599.9404761905
1970-01-01 00:00:00.000000068,ecl,aggregate_load,168,42,seasonal_naive,306593.38095238095
1970-01-01 00:00:00.000000068,ecl,aggregate_load,168,42,seasonal_naive,309993.8035714286
1970-01-01 00:00:00.000000068,ecl,aggregate_load,168,42,seasonal_naive,310262.20238095237
1970-01-01 00:00:00.000000068,ecl,aggregate_load,168,42,seasonal_naive,317588.1369047619
1970-01-01 00:00:00.000000068,ecl,aggregate_load,168,42,seasonal_naive,318803.63095238095
1970-01-01 00:00:00.000000068,ecl,aggregate_load,168,42,seasonal_naive,325567.82738095237
1970-01-01 00:00:00.000000068,ecl,aggregate_load,168,42,seasonal_naive,320789.9345238095
1970-01-01 00:00:00.000000068,ecl,aggregate_load,168,42,seasonal_naive,322850.29761904763
1970-01-01 00:00:00.000000068,ecl,aggregate_load,168,42,seasonal_naive,306781.2916666667
1970-01-01 00:00:00.000000068,ecl,aggregate_load,168,42,seasonal_naive,305063.7261904762
1970-01-01 00:00:00.000000068,ecl,aggregate_load,168,42,seasonal_naive,306991.75595238095
1970-01-01 00:00:00.000000068,ecl,aggregate_load,168,42,seasonal_naive,304017.3630952381
1970-01-01 00:00:00.000000068,ecl,aggregate_load,168,42,seasonal_naive,305865.85714285716
1970-01-01 00:00:00.000000068,ecl,aggregate_load,168,42,seasonal_naive,295532.0595238095
1970-01-01 00:00:00.000000068,ecl,aggregate_load,168,42,seasonal_naive,309267.6666666667
1970-01-01 00:00:00.000000068,ecl,aggregate_load,168,42,seasonal_naive,309590.6845238095
1970-01-01 00:00:00.000000068,ecl,aggregate_load,168,42,seasonal_naive,305446.6904761905
1970-01-01 00:00:00.000000068,ecl,aggregate_load,168,42,seasonal_naive,305410.3988095238
1970-01-01 00:00:00.000000068,ecl,aggregate_load,168,42,seasonal_naive,296731.5833333333
1970-01-01 00:00:00.000000068,ecl,aggregate_load,168,42,seasonal_naive,307665.36904761905
1970-01-01 00:00:00.000000068,ecl,aggregate_load,168,42,seasonal_naive,307016.63095238095
1970-01-01 00:00:00.000000068,ecl,aggregate_load,168,42,seasonal_naive,308010.4880952381
1970-01-01 00:00:00.000000068,ecl,aggregate_load,168,42,seasonal_naive,307583.6369047619
1970-01-01 00:00:00.000000068,ecl,aggregate_load,168,42,seasonal_naive,308843.8988095238
1970-01-01 00:00:00.000000068,ecl,aggregate_load,168,42,seasonal_naive,308955.82738095237
1970-01-01 00:00:00.000000068,ecl,aggregate_load,168,42,seasonal_naive,302634.1488095238
1970-01-01 00:00:00.000000068,ecl,aggregate_load,168,42,seasonal_naive,306731.77976190473
1970-01-01 00:00:00.000000068,ecl,aggregate_load,168,42,seasonal_naive,292679.77976190473
1970-01-01 00:00:00.000000068,ecl,aggregate_load,168,42,seasonal_naive,293100.8035714286
1970-01-01 00:00:00.000000068,ecl,aggregate_load,168,42,seasonal_naive,288839.41071428574
1970-01-01 00:00:00.000000068,ecl,aggregate_load,168,42,seasonal_naive,292381.0714285714
1970-01-01 00:00:00.000000068,ecl,aggregate_load,168,42,seasonal_naive,291752.8869047619
1970-01-01 00:00:00.000000068,ecl,aggregate_load,168,42,seasonal_naive,293177.4404761905
1970-01-01 00:00:00.000000068,ecl,aggregate_load,168,42,seasonal_naive,301346.66071428574
1970-01-01 00:00:00.000000068,ecl,aggregate_load,168,42,seasonal_naive,297929.3214285714
1970-01-01 00:00:00.000000068,ecl,aggregate_load,168,42,seasonal_naive,294767.25595238095
1970-01-01 00:00:00.000000068,ecl,aggregate_load,168,42,seasonal_naive,299581.90476190473
1970-01-01 00:00:00.000000068,ecl,aggregate_load,168,42,seasonal_naive,298581.47023809527
1970-01-01 00:00:00.000000068,ecl,aggregate_load,168,42,seasonal_naive,284441.9404761905
1970-01-01 00:00:00.000000068,ecl,aggregate_load,168,42,seasonal_naive,289419.01785714284
1970-01-01 00:00:00.000000068,ecl,aggregate_load,168,42,seasonal_naive,297437.0119047619
1970-01-01 00:00:00.000000068,ecl,aggregate_load,168,42,seasonal_naive,296810.1666666667
1970-01-01 00:00:00.000000068,ecl,aggregate_load,168,42,seasonal_naive,307327.72023809527
1970-01-01 00:00:00.000000068,ecl,aggregate_load,168,42,seasonal_naive,303193.46428571426
1970-01-01 00:00:00.000000068,ecl,aggregate_load,168,42,seasonal_naive,293667.6845238095
1970-01-01 00:00:00.000000068,ecl,aggregate_load,168,42,seasonal_naive,294490.875
1970-01-01 00:00:00.000000068,ecl,aggregate_load,168,42,seasonal_naive,304977.1666666667
1970-01-01 00:00:00.000000068,ecl,aggregate_load,168,42,seasonal_naive,305601.48214285716
1970-01-01 00:00:00.000000068,ecl,aggregate_load,168,42,seasonal_naive,309056.04761904763
1970-01-01 00:00:00.000000068,ecl,aggregate_load,168,42,seasonal_naive,311802.9166666667
1970-01-01 00:00:00.000000068,ecl,aggregate_load,168,42,seasonal_naive,312712.6785714286
1970-01-01 00:00:00.000000068,ecl,aggregate_load,168,42,seasonal_naive,315682.76785714284
1970-01-01 00:00:00.000000068,ecl,aggregate_load,168,42,seasonal_naive,319089.97023809527
1970-01-01 00:00:00.000000068,ecl,aggregate_load,168,42,seasonal_naive,318405.9583333333
1970-01-01 00:00:00.000000068,ecl,aggregate_load,168,42,seasonal_naive,318825.79761904763
1970-01-01 00:00:00.000000068,ecl,aggregate_load,168,42,seasonal_naive,320761.9404761905
1970-01-01 00:00:00.000000068,ecl,aggregate_load,168,42,seasonal_naive,319225.8095238095
1970-01-01 00:00:00.000000068,ecl,aggregate_load,168,42,seasonal_naive,311814.7083333333
1970-01-01 00:00:00.000000068,ecl,aggregate_load,168,42,seasonal_naive,312871.72023809527
1970-01-01 00:00:00.000000068,ecl,aggregate_load,168,42,seasonal_naive,313421.52976190473
1970-01-01 00:00:00.000000068,ecl,aggregate_load,168,42,seasonal_naive,315837.6130952381
1970-01-01 00:00:00.000000068,ecl,aggregate_load,168,42,seasonal_naive,312817.8988095238
1970-01-01 00:00:00.000000068,ecl,aggregate_load,168,42,seasonal_naive,324749.6904761905
1970-01-01 00:00:00.000000068,ecl,aggregate_load,168,42,seasonal_naive,329266.0238095238
1970-01-01 00:00:00.000000068,ecl,aggregate_load,168,42,seasonal_naive,323359.0416666667
1970-01-01 00:00:00.000000068,ecl,aggregate_load,168,42,seasonal_naive,326514.03571428574
1970-01-01 00:00:00.000000068,ecl,aggregate_load,168,42,seasonal_naive,321042.71428571426
1970-01-01 00:00:00.000000068,ecl,aggregate_load,168,42,seasonal_naive,314845.66071428574
1970-01-01 00:00:00.000000068,ecl,aggregate_load,168,42,seasonal_naive,314673.8869047619
1970-01-01 00:00:00.000000068,ecl,aggregate_load,168,42,seasonal_naive,318524.11904761905
1970-01-01 00:00:00.000000068,ecl,aggregate_load,168,42,seasonal_naive,306275.90476190473
1970-01-01 00:00:00.000000068,ecl,aggregate_load,168,42,seasonal_naive,309269.70238095237
1970-01-01 00:00:00.000000068,ecl,aggregate_load,168,42,seasonal_naive,313086.2916666667
1970-01-01 00:00:00.000000068,ecl,aggregate_load,168,42,seasonal_naive,318661.9404761905
1970-01-01 00:00:00.000000069,ecl,aggregate_load,168,42,seasonal_naive,319680.38095238095
1970-01-01 00:00:00.000000069,ecl,aggregate_load,168,42,seasonal_naive,317674.39285714284
1970-01-01 00:00:00.000000069,ecl,aggregate_load,168,42,seasonal_naive,311911.39285714284
1970-01-01 00:00:00.000000069,ecl,aggregate_load,168,42,seasonal_naive,315037.25
1970-01-01 00:00:00.000000069,ecl,aggregate_load,168,42,seasonal_naive,308329.4464285714
1970-01-01 00:00:00.000000069,ecl,aggregate_load,168,42,seasonal_naive,308143.41071428574
1970-01-01 00:00:00.000000069,ecl,aggregate_load,168,42,seasonal_naive,301043.2261904762
1970-01-01 00:00:00.000000069,ecl,aggregate_load,168,42,seasonal_naive,297521.26785714284
1970-01-01 00:00:00.000000069,ecl,aggregate_load,168,42,seasonal_naive,302266.5833333333
1970-01-01 00:00:00.000000069,ecl,aggregate_load,168,42,seasonal_naive,301606.39285714284
1970-01-01 00:00:00.000000069,ecl,aggregate_load,168,42,seasonal_naive,302317.89285714284
1970-01-01 00:00:00.000000069,ecl,aggregate_load,168,42,seasonal_naive,301062.9404761905
1970-01-01 00:00:00.000000069,ecl,aggregate_load,168,42,seasonal_naive,289095.5416666667
1970-01-01 00:00:00.000000069,ecl,aggregate_load,168,42,seasonal_naive,285529.20238095237
1970-01-01 00:00:00.000000069,ecl,aggregate_load,168,42,seasonal_naive,282092.625
1970-01-01 00:00:00.000000069,ecl,aggregate_load,168,42,seasonal_naive,280507.89285714284
1970-01-01 00:00:00.000000069,ecl,aggregate_load,168,42,seasonal_naive,279521.27976190473
1970-01-01 00:00:00.000000069,ecl,aggregate_load,168,42,seasonal_naive,279432.7380952381
1970-01-01 00:00:00.000000069,ecl,aggregate_load,168,42,seasonal_naive,279734.45238095237
1970-01-01 00:00:00.000000069,ecl,aggregate_load,168,42,seasonal_naive,271792.00595238095
1970-01-01 00:00:00.000000069,ecl,aggregate_load,168,42,seasonal_naive,273409.875
1970-01-01 00:00:00.000000069,ecl,aggregate_load,168,42,seasonal_naive,274575.4345238095
1970-01-01 00:00:00.000000069,ecl,aggregate_load,168,42,seasonal_naive,264341.0416666667
1970-01-01 00:00:00.000000069,ecl,aggregate_load,168,42,seasonal_naive,259738.90476190476
1970-01-01 00:00:00.000000069,ecl,aggregate_load,168,42,seasonal_naive,256728.14880952382
1970-01-01 00:00:00.000000069,ecl,aggregate_load,168,42,seasonal_naive,258438.01785714287
1970-01-01 00:00:00.000000069,ecl,aggregate_load,168,42,seasonal_naive,265378.51785714284
1970-01-01 00:00:00.000000069,ecl,aggregate_load,168,42,seasonal_naive,265796.9761904762
1970-01-01 00:00:00.000000069,ecl,aggregate_load,168,42,seasonal_naive,267037.3869047619
1970-01-01 00:00:00.000000069,ecl,aggregate_load,168,42,seasonal_naive,263855.40476190473
1970-01-01 00:00:00.000000069,ecl,aggregate_load,168,42,seasonal_naive,266706.27976190473
1970-01-01 00:00:00.000000069,ecl,aggregate_load,168,42,seasonal_naive,264345.25
1970-01-01 00:00:00.000000069,ecl,aggregate_load,168,42,seasonal_naive,264909.58928571426
1970-01-01 00:00:00.000000069,ecl,aggregate_load,168,42,seasonal_naive,263717.1845238095
1970-01-01 00:00:00.000000069,ecl,aggregate_load,168,42,seasonal_naive,263709.125
1970-01-01 00:00:00.000000069,ecl,aggregate_load,168,42,seasonal_naive,271530.9583333333
1970-01-01 00:00:00.000000069,ecl,aggregate_load,168,42,seasonal_naive,274395.96428571426
1970-01-01 00:00:00.000000069,ecl,aggregate_load,168,42,seasonal_naive,278505.11904761905
1970-01-01 00:00:00.000000069,ecl,aggregate_load,168,42,seasonal_naive,281305.85714285716
1970-01-01 00:00:00.000000069,ecl,aggregate_load,168,42,seasonal_naive,284998.4464285714
1970-01-01 00:00:00.000000069,ecl,aggregate_load,168,42,seasonal_naive,285662.2261904762
1970-01-01 00:00:00.000000069,ecl,aggregate_load,168,42,seasonal_naive,289438.50595238095
1970-01-01 00:00:00.000000069,ecl,aggregate_load,168,42,seasonal_naive,289797.3988095238
1970-01-01 00:00:00.000000069,ecl,aggregate_load,168,42,seasonal_naive,300499.7380952381
1970-01-01 00:00:00.000000069,ecl,aggregate_load,168,42,seasonal_naive,295725.4285714286
1970-01-01 00:00:00.000000069,ecl,aggregate_load,168,42,seasonal_naive,295959.01785714284
1970-01-01 00:00:00.000000069,ecl,aggregate_load,168,42,seasonal_naive,293756.60714285716
1970-01-01 00:00:00.000000069,ecl,aggregate_load,168,42,seasonal_naive,296059.67261904763
1970-01-01 00:00:00.000000069,ecl,aggregate_load,168,42,seasonal_naive,301706.6845238095
1970-01-01 00:00:00.000000069,ecl,aggregate_load,168,42,seasonal_naive,301088.6904761905
1970-01-01 00:00:00.000000069,ecl,aggregate_load,168,42,seasonal_naive,294042.6845238095
1970-01-01 00:00:00.000000069,ecl,aggregate_load,168,42,seasonal_naive,291193.9285714286
1970-01-01 00:00:00.000000069,ecl,aggregate_load,168,42,seasonal_naive,293811.97023809527
1970-01-01 00:00:00.000000069,ecl,aggregate_load,168,42,seasonal_naive,293575.83928571426
1970-01-01 00:00:00.000000069,ecl,aggregate_load,168,42,seasonal_naive,300062.6666666667
1970-01-01 00:00:00.000000069,ecl,aggregate_load,168,42,seasonal_naive,301253.82738095237
1970-01-01 00:00:00.000000069,ecl,aggregate_load,168,42,seasonal_naive,294708.03571428574
1970-01-01 00:00:00.000000069,ecl,aggregate_load,168,42,seasonal_naive,300310.2916666667
1970-01-01 00:00:00.000000069,ecl,aggregate_load,168,42,seasonal_naive,301714.2916666667
1970-01-01 00:00:00.000000069,ecl,aggregate_load,168,42,seasonal_naive,296972.6964285714
1970-01-01 00:00:00.000000069,ecl,aggregate_load,168,42,seasonal_naive,296592.2261904762
1970-01-01 00:00:00.000000069,ecl,aggregate_load,168,42,seasonal_naive,298226.34523809527
1970-01-01 00:00:00.000000069,ecl,aggregate_load,168,42,seasonal_naive,295059.99404761905
1970-01-01 00:00:00.000000069,ecl,aggregate_load,168,42,seasonal_naive,289510.35714285716
1970-01-01 00:00:00.000000069,ecl,aggregate_load,168,42,seasonal_naive,293458.8869047619
1970-01-01 00:00:00.000000069,ecl,aggregate_load,168,42,seasonal_naive,287015.3095238095
1970-01-01 00:00:00.000000069,ecl,aggregate_load,168,42,seasonal_naive,289481.10714285716
1970-01-01 00:00:00.000000069,ecl,aggregate_load,168,42,seasonal_naive,285313.5416666667
1970-01-01 00:00:00.000000069,ecl,aggregate_load,168,42,seasonal_naive,285841.13095238095
1970-01-01 00:00:00.000000069,ecl,aggregate_load,168,42,seasonal_naive,279669.1130952381
1970-01-01 00:00:00.000000069,ecl,aggregate_load,168,42,seasonal_naive,297495.59523809527
1970-01-01 00:00:00.000000069,ecl,aggregate_load,168,42,seasonal_naive,300729.32738095237
1970-01-01 00:00:00.000000069,ecl,aggregate_load,168,42,seasonal_naive,297477.8988095238
1970-01-01 00:00:00.000000069,ecl,aggregate_load,168,42,seasonal_naive,298758.125
1970-01-01 00:00:00.000000069,ecl,aggregate_load,168,42,seasonal_naive,300809.78571428574
1970-01-01 00:00:00.000000069,ecl,aggregate_load,168,42,seasonal_naive,302051.3035714286
1970-01-01 00:00:00.000000069,ecl,aggregate_load,168,42,seasonal_naive,307099.8333333333
1970-01-01 00:00:00.000000069,ecl,aggregate_load,168,42,seasonal_naive,309083.2916666667
1970-01-01 00:00:00.000000069,ecl,aggregate_load,168,42,seasonal_naive,300779.4761904762
1970-01-01 00:00:00.000000069,ecl,aggregate_load,168,42,seasonal_naive,304358.00595238095
1970-01-01 00:00:00.000000069,ecl,aggregate_load,168,42,seasonal_naive,307786.2738095238
1970-01-01 00:00:00.000000069,ecl,aggregate_load,168,42,seasonal_naive,309650.26785714284
1970-01-01 00:00:00.000000069,ecl,aggregate_load,168,42,seasonal_naive,307321.5833333333
1970-01-01 00:00:00.000000069,ecl,aggregate_load,168,42,seasonal_naive,312788.9285714286
1970-01-01 00:00:00.000000069,ecl,aggregate_load,168,42,seasonal_naive,313054.32738095237
1970-01-01 00:00:00.000000069,ecl,aggregate_load,168,42,seasonal_naive,311718.90476190473
1970-01-01 00:00:00.000000069,ecl,aggregate_load,168,42,seasonal_naive,318972.0416666667
1970-01-01 00:00:00.000000069,ecl,aggregate_load,168,42,seasonal_naive,323803.61904761905
1970-01-01 00:00:00.000000069,ecl,aggregate_load,168,42,seasonal_naive,317780.8988095238
1970-01-01 00:00:00.000000069,ecl,aggregate_load,168,42,seasonal_naive,319534.14285714284
1970-01-01 00:00:00.000000069,ecl,aggregate_load,168,42,seasonal_naive,324945.9166666667
1970-01-01 00:00:00.000000069,ecl,aggregate_load,168,42,seasonal_naive,322471.5535714286
1970-01-01 00:00:00.000000069,ecl,aggregate_load,168,42,seasonal_naive,323293.23214285716
1970-01-01 00:00:00.000000069,ecl,aggregate_load,168,42,seasonal_naive,324853.90476190473
1970-01-01 00:00:00.000000069,ecl,aggregate_load,168,42,seasonal_naive,307865.5714285714
1970-01-01 00:00:00.000000069,ecl,aggregate_load,168,42,seasonal_naive,310147.03571428574
1970-01-01 00:00:00.000000069,ecl,aggregate_load,168,42,seasonal_naive,307934.125
1970-01-01 00:00:00.000000069,ecl,aggregate_load,168,42,seasonal_naive,310838.10714285716
1970-01-01 00:00:00.000000069,ecl,aggregate_load,168,42,seasonal_naive,310512.98214285716
1970-01-01 00:00:00.000000069,ecl,aggregate_load,168,42,seasonal_naive,310485.8869047619
1970-01-01 00:00:00.000000069,ecl,aggregate_load,168,42,seasonal_naive,306314.54761904763
1970-01-01 00:00:00.000000069,ecl,aggregate_load,168,42,seasonal_naive,313426.84523809527
1970-01-01 00:00:00.000000069,ecl,aggregate_load,168,42,seasonal_naive,318204.58928571426
1970-01-01 00:00:00.000000069,ecl,aggregate_load,168,42,seasonal_naive,316906.6785714286
1970-01-01 00:00:00.000000069,ecl,aggregate_load,168,42,seasonal_naive,311374.59523809527
1970-01-01 00:00:00.000000069,ecl,aggregate_load,168,42,seasonal_naive,303421.1785714286
1970-01-01 00:00:00.000000069,ecl,aggregate_load,168,42,seasonal_naive,300118.9880952381
1970-01-01 00:00:00.000000069,ecl,aggregate_load,168,42,seasonal_naive,295234.6011904762
1970-01-01 00:00:00.000000069,ecl,aggregate_load,168,42,seasonal_naive,295912.1666666667
1970-01-01 00:00:00.000000069,ecl,aggregate_load,168,42,seasonal_naive,300789.65476190473
1970-01-01 00:00:00.000000069,ecl,aggregate_load,168,42,seasonal_naive,295170.0
1970-01-01 00:00:00.000000069,ecl,aggregate_load,168,42,seasonal_naive,296473.65476190473
1970-01-01 00:00:00.000000069,ecl,aggregate_load,168,42,seasonal_naive,300958.9761904762
1970-01-01 00:00:00.000000069,ecl,aggregate_load,168,42,seasonal_naive,300530.08928571426
1970-01-01 00:00:00.000000069,ecl,aggregate_load,168,42,seasonal_naive,300258.4345238095
1970-01-01 00:00:00.000000069,ecl,aggregate_load,168,42,seasonal_naive,297192.22023809527
1970-01-01 00:00:00.000000069,ecl,aggregate_load,168,42,seasonal_naive,298115.21428571426
1970-01-01 00:00:00.000000069,ecl,aggregate_load,168,42,seasonal_naive,301928.2916666667
1970-01-01 00:00:00.000000069,ecl,aggregate_load,168,42,seasonal_naive,301276.01785714284
1970-01-01 00:00:00.000000069,ecl,aggregate_load,168,42,seasonal_naive,297749.9464285714
1970-01-01 00:00:00.000000069,ecl,aggregate_load,168,42,seasonal_naive,300843.8333333333
1970-01-01 00:00:00.000000069,ecl,aggregate_load,168,42,seasonal_naive,294592.1011904762
1970-01-01 00:00:00.000000069,ecl,aggregate_load,168,42,seasonal_naive,294944.34523809527
1970-01-01 00:00:00.000000069,ecl,aggregate_load,168,42,seasonal_naive,296707.07738095237
1970-01-01 00:00:00.000000069,ecl,aggregate_load,168,42,seasonal_naive,294405.34523809527
1970-01-01 00:00:00.000000069,ecl,aggregate_load,168,42,seasonal_naive,286545.27976190473
1970-01-01 00:00:00.000000069,ecl,aggregate_load,168,42,seasonal_naive,289828.36904761905
1970-01-01 00:00:00.000000069,ecl,aggregate_load,168,42,seasonal_naive,288621.7916666667
1970-01-01 00:00:00.000000069,ecl,aggregate_load,168,42,seasonal_naive,285956.5535714286
1970-01-01 00:00:00.000000069,ecl,aggregate_load,168,42,seasonal_naive,291929.375
1970-01-01 00:00:00.000000069,ecl,aggregate_load,168,42,seasonal_naive,307601.78571428574
1970-01-01 00:00:00.000000069,ecl,aggregate_load,168,42,seasonal_naive,317779.6369047619
1970-01-01 00:00:00.000000069,ecl,aggregate_load,168,42,seasonal_naive,319564.24404761905
1970-01-01 00:00:00.000000069,ecl,aggregate_load,168,42,seasonal_naive,316835.83928571426
1970-01-01 00:00:00.000000069,ecl,aggregate_load,168,42,seasonal_naive,319362.0119047619
1970-01-01 00:00:00.000000069,ecl,aggregate_load,168,42,seasonal_naive,316184.5
1970-01-01 00:00:00.000000069,ecl,aggregate_load,168,42,seasonal_naive,313028.5595238095
1970-01-01 00:00:00.000000069,ecl,aggregate_load,168,42,seasonal_naive,314447.39285714284
1970-01-01 00:00:00.000000069,ecl,aggregate_load,168,42,seasonal_naive,309943.13095238095
1970-01-01 00:00:00.000000069,ecl,aggregate_load,168,42,seasonal_naive,310605.9583333333
1970-01-01 00:00:00.000000069,ecl,aggregate_load,168,42,seasonal_naive,311970.03571428574
1970-01-01 00:00:00.000000069,ecl,aggregate_load,168,42,seasonal_naive,308596.97023809527
1970-01-01 00:00:00.000000069,ecl,aggregate_load,168,42,seasonal_naive,309075.4880952381
1970-01-01 00:00:00.000000069,ecl,aggregate_load,168,42,seasonal_naive,308441.5
1970-01-01 00:00:00.000000069,ecl,aggregate_load,168,42,seasonal_naive,325731.63095238095
1970-01-01 00:00:00.000000069,ecl,aggregate_load,168,42,seasonal_naive,328302.6845238095
1970-01-01 00:00:00.000000069,ecl,aggregate_load,168,42,seasonal_naive,329740.86904761905
1970-01-01 00:00:00.000000069,ecl,aggregate_load,168,42,seasonal_naive,327143.82738095237
1970-01-01 00:00:00.000000069,ecl,aggregate_load,168,42,seasonal_naive,330099.5595238095
1970-01-01 00:00:00.000000069,ecl,aggregate_load,168,42,seasonal_naive,330675.20238095237
1970-01-01 00:00:00.000000069,ecl,aggregate_load,168,42,seasonal_naive,325456.1488095238
1970-01-01 00:00:00.000000069,ecl,aggregate_load,168,42,seasonal_naive,327323.1130952381
1970-01-01 00:00:00.000000069,ecl,aggregate_load,168,42,seasonal_naive,328602.67261904763
1970-01-01 00:00:00.000000069,ecl,aggregate_load,168,42,seasonal_naive,336366.1130952381
1970-01-01 00:00:00.000000069,ecl,aggregate_load,168,42,seasonal_naive,319140.125
1970-01-01 00:00:00.000000069,ecl,aggregate_load,168,42,seasonal_naive,314747.47023809527
1970-01-01 00:00:00.000000069,ecl,aggregate_load,168,42,seasonal_naive,317015.00595238095
1970-01-01 00:00:00.000000069,ecl,aggregate_load,168,42,seasonal_naive,316892.00595238095
1970-01-01 00:00:00.000000069,ecl,aggregate_load,168,42,seasonal_naive,312193.5595238095
1970-01-01 00:00:00.000000069,ecl,aggregate_load,168,42,seasonal_naive,311597.72023809527
1970-01-01 00:00:00.000000069,ecl,aggregate_load,168,42,seasonal_naive,317140.88095238095
1970-01-01 00:00:00.000000069,ecl,aggregate_load,168,42,seasonal_naive,320497.27976190473
1970-01-01 00:00:00.000000069,ecl,aggregate_load,168,42,seasonal_naive,321060.66071428574
1970-01-01 00:00:00.000000069,ecl,aggregate_load,168,42,seasonal_naive,321194.5714285714
1970-01-01 00:00:00.000000069,ecl,aggregate_load,168,42,seasonal_naive,322742.52976190473
1970-01-01 00:00:00.000000069,ecl,aggregate_load,168,42,seasonal_naive,325460.67261904763
1970-01-01 00:00:00.000000069,ecl,aggregate_load,168,42,seasonal_naive,329509.90476190473
1970-01-01 00:00:00.000000069,ecl,aggregate_load,168,42,seasonal_naive,332442.8154761905
1970-01-01 00:00:00.000000069,ecl,aggregate_load,168,42,seasonal_naive,325915.74404761905
1970-01-01 00:00:00.000000069,ecl,aggregate_load,168,42,seasonal_naive,323854.01785714284
1970-01-01 00:00:00.000000069,ecl,aggregate_load,168,42,seasonal_naive,323929.7738095238
1970-01-01 00:00:00.000000069,ecl,aggregate_load,168,42,seasonal_naive,325052.1904761905
1970-01-01 00:00:00.000000069,ecl,aggregate_load,168,42,seasonal_naive,328095.63095238095
1970-01-01 00:00:00.000000069,ecl,aggregate_load,168,42,seasonal_naive,329606.1845238095
1970-01-01 00:00:00.000000069,ecl,aggregate_load,168,42,seasonal_naive,331070.3095238095
1970-01-01 00:00:00.000000069,ecl,aggregate_load,168,42,seasonal_naive,338445.82738095237
1970-01-01 00:00:00.000000069,ecl,aggregate_load,168,42,seasonal_naive,338296.4285714286
1970-01-01 00:00:00.000000069,ecl,aggregate_load,168,42,seasonal_naive,322998.4880952381
1970-01-01 00:00:00.000000069,ecl,aggregate_load,168,42,seasonal_naive,325373.64285714284
1970-01-01 00:00:00.000000069,ecl,aggregate_load,168,42,seasonal_naive,318771.5238095238
1970-01-01 00:00:00.000000069,ecl,aggregate_load,168,42,seasonal_naive,315098.9464285714
1970-01-01 00:00:00.000000069,ecl,aggregate_load,168,42,seasonal_naive,312000.85714285716
1970-01-01 00:00:00.000000069,ecl,aggregate_load,168,42,seasonal_naive,315066.79761904763
1970-01-01 00:00:00.000000069,ecl,aggregate_load,168,42,seasonal_naive,326787.6964285714
1970-01-01 00:00:00.000000069,ecl,aggregate_load,168,42,seasonal_naive,323117.77976190473
1970-01-01 00:00:00.000000069,ecl,aggregate_load,168,42,seasonal_naive,321272.9880952381
1970-01-01 00:00:00.000000069,ecl,aggregate_load,168,42,seasonal_naive,326073.46428571426
1970-01-01 00:00:00.000000069,ecl,aggregate_load,168,42,seasonal_naive,328269.0416666667
1970-01-01 00:00:00.000000069,ecl,aggregate_load,168,42,seasonal_naive,329597.2261904762
1970-01-01 00:00:00.000000069,ecl,aggregate_load,168,42,seasonal_naive,325886.625
1970-01-01 00:00:00.000000069,ecl,aggregate_load,168,42,seasonal_naive,328259.58928571426
1970-01-01 00:00:00.000000069,ecl,aggregate_load,168,42,seasonal_naive,327819.41071428574
1970-01-01 00:00:00.000000069,ecl,aggregate_load,168,42,seasonal_naive,308319.26785714284
1970-01-01 00:00:00.000000069,ecl,aggregate_load,168,42,seasonal_naive,314272.5238095238
1970-01-01 00:00:00.000000069,ecl,aggregate_load,168,42,seasonal_naive,319495.21428571426
1970-01-01 00:00:00.000000069,ecl,aggregate_load,168,42,seasonal_naive,323388.3333333333
1970-01-01 00:00:00.000000069,ecl,aggregate_load,168,42,seasonal_naive,319809.3095238095
1970-01-01 00:00:00.000000069,ecl,aggregate_load,168,42,seasonal_naive,319967.45238095237
1970-01-01 00:00:00.000000069,ecl,aggregate_load,168,42,seasonal_naive,322877.42261904763
1970-01-01 00:00:00.000000069,ecl,aggregate_load,168,42,seasonal_naive,315356.3035714286
1970-01-01 00:00:00.000000069,ecl,aggregate_load,168,42,seasonal_naive,319179.20238095237
1970-01-01 00:00:00.000000069,ecl,aggregate_load,168,42,seasonal_naive,319408.5238095238
1970-01-01 00:00:00.000000069,ecl,aggregate_load,168,42,seasonal_naive,323864.375
1970-01-01 00:00:00.000000069,ecl,aggregate_load,168,42,seasonal_naive,321387.96428571426
1970-01-01 00:00:00.000000069,ecl,aggregate_load,168,42,seasonal_naive,321441.71428571426
1970-01-01 00:00:00.000000069,ecl,aggregate_load,168,42,seasonal_naive,329812.36904761905
1970-01-01 00:00:00.000000069,ecl,aggregate_load,168,42,seasonal_naive,330146.8630952381
1970-01-01 00:00:00.000000069,ecl,aggregate_load,168,42,seasonal_naive,317366.2083333333
1970-01-01 00:00:00.000000069,ecl,aggregate_load,168,42,seasonal_naive,316367.5535714286
1970-01-01 00:00:00.000000069,ecl,aggregate_load,168,42,seasonal_naive,316414.83928571426
1970-01-01 00:00:00.000000069,ecl,aggregate_load,168,42,seasonal_naive,315589.0535714286
1970-01-01 00:00:00.000000069,ecl,aggregate_load,168,42,seasonal_naive,316437.88095238095
1970-01-01 00:00:00.000000069,ecl,aggregate_load,168,42,seasonal_naive,316056.41071428574
1970-01-01 00:00:00.000000069,ecl,aggregate_load,168,42,seasonal_naive,316378.90476190473
1970-01-01 00:00:00.000000069,ecl,aggregate_load,168,42,seasonal_naive,321858.6785714286
1970-01-01 00:00:00.000000069,ecl,aggregate_load,168,42,seasonal_naive,320831.1488095238
1970-01-01 00:00:00.000000069,ecl,aggregate_load,168,42,seasonal_naive,321879.5119047619
1970-01-01 00:00:00.000000069,ecl,aggregate_load,168,42,seasonal_naive,314720.8333333333
1970-01-01 00:00:00.000000069,ecl,aggregate_load,168,42,seasonal_naive,312441.10714285716
1970-01-01 00:00:00.000000069,ecl,aggregate_load,168,42,seasonal_naive,306471.9166666667
1970-01-01 00:00:00.000000069,ecl,aggregate_load,168,42,seasonal_naive,319524.7738095238
1970-01-01 00:00:00.000000069,ecl,aggregate_load,168,42,seasonal_naive,323642.82738095237
1970-01-01 00:00:00.000000069,ecl,aggregate_load,168,42,seasonal_naive,330647.1785714286
1970-01-01 00:00:00.000000069,ecl,aggregate_load,168,42,seasonal_naive,330209.59523809527
1970-01-01 00:00:00.000000069,ecl,aggregate_load,168,42,seasonal_naive,337344.9285714286
1970-01-01 00:00:00.000000069,ecl,aggregate_load,168,42,seasonal_naive,342742.08928571426
1970-01-01 00:00:00.000000069,ecl,aggregate_load,168,42,seasonal_naive,332773.0238095238
1970-01-01 00:00:00.000000069,ecl,aggregate_load,168,42,seasonal_naive,340168.03571428574
1970-01-01 00:00:00.000000069,ecl,aggregate_load,168,42,seasonal_naive,338735.85714285716
1970-01-01 00:00:00.000000069,ecl,aggregate_load,168,42,seasonal_naive,329088.7380952381
1970-01-01 00:00:00.000000069,ecl,aggregate_load,168,42,seasonal_naive,329487.92261904763
1970-01-01 00:00:00.000000069,ecl,aggregate_load,168,42,seasonal_naive,329601.1785714286
1970-01-01 00:00:00.000000069,ecl,aggregate_load,168,42,seasonal_naive,336932.41071428574
1970-01-01 00:00:00.000000069,ecl,aggregate_load,168,42,seasonal_naive,338127.78571428574
1970-01-01 00:00:00.000000069,ecl,aggregate_load,168,42,seasonal_naive,345624.72023809527
1970-01-01 00:00:00.000000069,ecl,aggregate_load,168,42,seasonal_naive,342504.71428571426
1970-01-01 00:00:00.000000069,ecl,aggregate_load,168,42,seasonal_naive,344892.8988095238
1970-01-01 00:00:00.000000069,ecl,aggregate_load,168,42,seasonal_naive,349047.57738095237
1970-01-01 00:00:00.000000069,ecl,aggregate_load,168,42,seasonal_naive,347080.2916666667
1970-01-01 00:00:00.000000069,ecl,aggregate_load,168,42,seasonal_naive,355853.00595238095
1970-01-01 00:00:00.000000069,ecl,aggregate_load,168,42,seasonal_naive,355576.8035714286
1970-01-01 00:00:00.000000069,ecl,aggregate_load,168,42,seasonal_naive,367095.40476190473
1970-01-01 00:00:00.000000069,ecl,aggregate_load,168,42,seasonal_naive,360609.25595238095
1970-01-01 00:00:00.000000069,ecl,aggregate_load,168,42,seasonal_naive,362994.3154761905
1970-01-01 00:00:00.000000069,ecl,aggregate_load,168,42,seasonal_naive,346512.4285714286
1970-01-01 00:00:00.000000069,ecl,aggregate_load,168,42,seasonal_naive,343407.4464285714
1970-01-01 00:00:00.000000069,ecl,aggregate_load,168,42,seasonal_naive,342030.9761904762
1970-01-01 00:00:00.000000069,ecl,aggregate_load,168,42,seasonal_naive,346673.25595238095
1970-01-01 00:00:00.000000069,ecl,aggregate_load,168,42,seasonal_naive,345724.2738095238
1970-01-01 00:00:00.000000069,ecl,aggregate_load,168,42,seasonal_naive,343217.6130952381
1970-01-01 00:00:00.000000069,ecl,aggregate_load,168,42,seasonal_naive,344047.3869047619
1970-01-01 00:00:00.000000069,ecl,aggregate_load,168,42,seasonal_naive,339435.53571428574
1970-01-01 00:00:00.000000069,ecl,aggregate_load,168,42,seasonal_naive,344008.9583333333
1970-01-01 00:00:00.000000069,ecl,aggregate_load,168,42,seasonal_naive,347546.0714285714
1970-01-01 00:00:00.000000069,ecl,aggregate_load,168,42,seasonal_naive,358570.99404761905
1970-01-01 00:00:00.000000069,ecl,aggregate_load,168,42,seasonal_naive,366304.2380952381
1970-01-01 00:00:00.000000069,ecl,aggregate_load,168,42,seasonal_naive,364854.9880952381
1970-01-01 00:00:00.000000069,ecl,aggregate_load,168,42,seasonal_naive,372395.50595238095
1970-01-01 00:00:00.000000069,ecl,aggregate_load,168,42,seasonal_naive,375274.86904761905
1970-01-01 00:00:00.000000069,ecl,aggregate_load,168,42,seasonal_naive,378643.3630952381
1970-01-01 00:00:00.000000069,ecl,aggregate_load,168,42,seasonal_naive,377577.6904761905
1970-01-01 00:00:00.000000069,ecl,aggregate_load,168,42,seasonal_naive,379370.73214285716
1970-01-01 00:00:00.000000069,ecl,aggregate_load,168,42,seasonal_naive,374906.71428571426
1970-01-01 00:00:00.000000069,ecl,aggregate_load,168,42,seasonal_naive,365876.66071428574
1970-01-01 00:00:00.000000069,ecl,aggregate_load,168,42,seasonal_naive,366729.8511904762
1970-01-01 00:00:00.000000069,ecl,aggregate_load,168,42,seasonal_naive,357624.6904761905
1970-01-01 00:00:00.000000069,ecl,aggregate_load,168,42,seasonal_naive,355943.0654761905
1970-01-01 00:00:00.000000069,ecl,aggregate_load,168,42,seasonal_naive,359484.4583333333
1970-01-01 00:00:00.000000069,ecl,aggregate_load,168,42,seasonal_naive,360315.2261904762
1970-01-01 00:00:00.000000069,ecl,aggregate_load,168,42,seasonal_naive,356177.875
1970-01-01 00:00:00.000000069,ecl,aggregate_load,168,42,seasonal_naive,353029.76785714284
1970-01-01 00:00:00.000000069,ecl,aggregate_load,168,42,seasonal_naive,353005.6785714286
1970-01-01 00:00:00.000000069,ecl,aggregate_load,168,42,seasonal_naive,340995.4583333333
1970-01-01 00:00:00.000000069,ecl,aggregate_load,168,42,seasonal_naive,354940.125
1970-01-01 00:00:00.000000069,ecl,aggregate_load,168,42,seasonal_naive,361103.14285714284
1970-01-01 00:00:00.000000069,ecl,aggregate_load,168,42,seasonal_naive,360688.1666666667
1970-01-01 00:00:00.000000069,ecl,aggregate_load,168,42,seasonal_naive,362492.8214285714
1970-01-01 00:00:00.000000069,ecl,aggregate_load,168,42,seasonal_naive,361752.77976190473
1970-01-01 00:00:00.000000069,ecl,aggregate_load,168,42,seasonal_naive,346658.8511904762
1970-01-01 00:00:00.000000069,ecl,aggregate_load,168,42,seasonal_naive,337641.6964285714
1970-01-01 00:00:00.000000069,ecl,aggregate_load,168,42,seasonal_naive,338377.00595238095
1970-01-01 00:00:00.000000069,ecl,aggregate_load,168,42,seasonal_naive,331456.57738095237
1970-01-01 00:00:00.000000069,ecl,aggregate_load,168,42,seasonal_naive,317269.8154761905
1970-01-01 00:00:00.000000069,ecl,aggregate_load,168,42,seasonal_naive,320110.5833333333
1970-01-01 00:00:00.000000070,ecl,aggregate_load,168,42,seasonal_naive,320763.32738095237
1970-01-01 00:00:00.000000070,ecl,aggregate_load,168,42,seasonal_naive,315541.98214285716
1970-01-01 00:00:00.000000070,ecl,aggregate_load,168,42,seasonal_naive,314496.21428571426
1970-01-01 00:00:00.000000070,ecl,aggregate_load,168,42,seasonal_naive,313760.04761904763
1970-01-01 00:00:00.000000070,ecl,aggregate_load,168,42,seasonal_naive,319049.0535714286
1970-01-01 00:00:00.000000070,ecl,aggregate_load,168,42,seasonal_naive,318487.23214285716
1970-01-01 00:00:00.000000070,ecl,aggregate_load,168,42,seasonal_naive,321728.9166666667
1970-01-01 00:00:00.000000070,ecl,aggregate_load,168,42,seasonal_naive,314773.4583333333
1970-01-01 00:00:00.000000070,ecl,aggregate_load,168,42,seasonal_naive,316985.625
1970-01-01 00:00:00.000000070,ecl,aggregate_load,168,42,seasonal_naive,324473.57738095237
1970-01-01 00:00:00.000000070,ecl,aggregate_load,168,42,seasonal_naive,321314.5238095238
1970-01-01 00:00:00.000000070,ecl,aggregate_load,168,42,seasonal_naive,317115.35714285716
1970-01-01 00:00:00.000000070,ecl,aggregate_load,168,42,seasonal_naive,315453.5535714286
1970-01-01 00:00:00.000000070,ecl,aggregate_load,168,42,seasonal_naive,300410.70238095237
1970-01-01 00:00:00.000000070,ecl,aggregate_load,168,42,seasonal_naive,295833.4464285714
1970-01-01 00:00:00.000000070,ecl,aggregate_load,168,42,seasonal_naive,298959.9761904762
1970-01-01 00:00:00.000000070,ecl,aggregate_load,168,42,seasonal_naive,289897.20238095237
1970-01-01 00:00:00.000000070,ecl,aggregate_load,168,42,seasonal_naive,281766.5654761905
1970-01-01 00:00:00.000000070,ecl,aggregate_load,168,42,seasonal_naive,285889.74404761905
1970-01-01 00:00:00.000000070,ecl,aggregate_load,168,42,seasonal_naive,292271.1666666667
1970-01-01 00:00:00.000000070,ecl,aggregate_load,168,42,seasonal_naive,292200.70238095237
1970-01-01 00:00:00.000000070,ecl,aggregate_load,168,42,seasonal_naive,290595.5
1970-01-01 00:00:00.000000070,ecl,aggregate_load,168,42,seasonal_naive,294256.88095238095
1970-01-01 00:00:00.000000070,ecl,aggregate_load,168,42,seasonal_naive,289290.0
1970-01-01 00:00:00.000000070,ecl,aggregate_load,168,42,seasonal_naive,298177.4404761905
1970-01-01 00:00:00.000000070,ecl,aggregate_load,168,42,seasonal_naive,301165.5416666667
1970-01-01 00:00:00.000000070,ecl,aggregate_load,168,42,seasonal_naive,303180.28571428574
1970-01-01 00:00:00.000000070,ecl,aggregate_load,168,42,seasonal_naive,303645.02976190473
1970-01-01 00:00:00.000000070,ecl,aggregate_load,168,42,seasonal_naive,307432.28571428574
1970-01-01 00:00:00.000000070,ecl,aggregate_load,168,42,seasonal_naive,311447.89285714284
1970-01-01 00:00:00.000000070,ecl,aggregate_load,168,42,seasonal_naive,310647.10714285716
1970-01-01 00:00:00.000000070,ecl,aggregate_load,168,42,seasonal_naive,310989.25
1970-01-01 00:00:00.000000070,ecl,aggregate_load,168,42,seasonal_naive,305722.85714285716
1970-01-01 00:00:00.000000070,ecl,aggregate_load,168,42,seasonal_naive,300758.6964285714
1970-01-01 00:00:00.000000070,ecl,aggregate_load,168,42,seasonal_naive,300462.4345238095
1970-01-01 00:00:00.000000070,ecl,aggregate_load,168,42,seasonal_naive,300766.2380952381
1970-01-01 00:00:00.000000070,ecl,aggregate_load,168,42,seasonal_naive,301479.1845238095
1970-01-01 00:00:00.000000070,ecl,aggregate_load,168,42,seasonal_naive,310327.8630952381
1970-01-01 00:00:00.000000070,ecl,aggregate_load,168,42,seasonal_naive,310696.27976190473
1970-01-01 00:00:00.000000070,ecl,aggregate_load,168,42,seasonal_naive,305804.07738095237
1970-01-01 00:00:00.000000070,ecl,aggregate_load,168,42,seasonal_naive,309182.6130952381
1970-01-01 00:00:00.000000070,ecl,aggregate_load,168,42,seasonal_naive,309919.0
1970-01-01 00:00:00.000000070,ecl,aggregate_load,168,42,seasonal_naive,306761.14285714284
1970-01-01 00:00:00.000000070,ecl,aggregate_load,168,42,seasonal_naive,302186.0833333333
1970-01-01 00:00:00.000000070,ecl,aggregate_load,168,42,seasonal_naive,297744.32738095237
1970-01-01 00:00:00.000000070,ecl,aggregate_load,168,42,seasonal_naive,304741.5
1970-01-01 00:00:00.000000070,ecl,aggregate_load,168,42,seasonal_naive,304001.17261904763
1970-01-01 00:00:00.000000070,ecl,aggregate_load,168,42,seasonal_naive,302311.02976190473
1970-01-01 00:00:00.000000070,ecl,aggregate_load,168,42,seasonal_naive,292239.20238095237
1970-01-01 00:00:00.000000070,ecl,aggregate_load,168,42,seasonal_naive,291220.8095238095
1970-01-01 00:00:00.000000070,ecl,aggregate_load,168,42,seasonal_naive,288804.76785714284
1970-01-01 00:00:00.000000070,ecl,aggregate_load,168,42,seasonal_naive,287955.2083333333
1970-01-01 00:00:00.000000070,ecl,aggregate_load,168,42,seasonal_naive,280682.64285714284
1970-01-01 00:00:00.000000070,ecl,aggregate_load,168,42,seasonal_naive,278467.25
1970-01-01 00:00:00.000000070,ecl,aggregate_load,168,42,seasonal_naive,283433.8511904762
1970-01-01 00:00:00.000000070,ecl,aggregate_load,168,42,seasonal_naive,285894.86904761905
1970-01-01 00:00:00.000000070,ecl,aggregate_load,168,42,seasonal_naive,290407.14285714284
1970-01-01 00:00:00.000000070,ecl,aggregate_load,168,42,seasonal_naive,289308.3511904762
1970-01-01 00:00:00.000000070,ecl,aggregate_load,168,42,seasonal_naive,296815.4285714286
1970-01-01 00:00:00.000000070,ecl,aggregate_load,168,42,seasonal_naive,306216.39285714284
1970-01-01 00:00:00.000000070,ecl,aggregate_load,168,42,seasonal_naive,308283.6011904762
1970-01-01 00:00:00.000000070,ecl,aggregate_load,168,42,seasonal_naive,302799.65476190473
1970-01-01 00:00:00.000000070,ecl,aggregate_load,168,42,seasonal_naive,302784.6845238095
1970-01-01 00:00:00.000000070,ecl,aggregate_load,168,42,seasonal_naive,303084.9583333333
1970-01-01 00:00:00.000000070,ecl,aggregate_load,168,42,seasonal_naive,305533.4285714286
1970-01-01 00:00:00.000000070,ecl,aggregate_load,168,42,seasonal_naive,306586.52976190473
1970-01-01 00:00:00.000000070,ecl,aggregate_load,168,42,seasonal_naive,309779.35714285716
1970-01-01 00:00:00.000000070,ecl,aggregate_load,168,42,seasonal_naive,307689.9345238095
1970-01-01 00:00:00.000000070,ecl,aggregate_load,168,42,seasonal_naive,306813.53571428574
1970-01-01 00:00:00.000000070,ecl,aggregate_load,168,42,seasonal_naive,312778.8630952381
1970-01-01 00:00:00.000000070,ecl,aggregate_load,168,42,seasonal_naive,335344.375
1970-01-01 00:00:00.000000070,ecl,aggregate_load,168,42,seasonal_naive,337028.1011904762
1970-01-01 00:00:00.000000070,ecl,aggregate_load,168,42,seasonal_naive,344314.01785714284
1970-01-01 00:00:00.000000070,ecl,aggregate_load,168,42,seasonal_naive,346001.65476190473
1970-01-01 00:00:00.000000070,ecl,aggregate_load,168,42,seasonal_naive,345007.76785714284
1970-01-01 00:00:00.000000070,ecl,aggregate_load,168,42,seasonal_naive,359365.5654761905
1970-01-01 00:00:00.000000070,ecl,aggregate_load,168,42,seasonal_naive,358053.0595238095
1970-01-01 00:00:00.000000070,ecl,aggregate_load,168,42,seasonal_naive,360052.1666666667
1970-01-01 00:00:00.000000070,ecl,aggregate_load,168,42,seasonal_naive,359104.20238095237
1970-01-01 00:00:00.000000070,ecl,aggregate_load,168,42,seasonal_naive,370103.2738095238
1970-01-01 00:00:00.000000070,ecl,aggregate_load,168,42,seasonal_naive,370972.6666666667
1970-01-01 00:00:00.000000070,ecl,aggregate_load,168,42,seasonal_naive,377204.63095238095
1970-01-01 00:00:00.000000070,ecl,aggregate_load,168,42,seasonal_naive,390514.2738095238
1970-01-01 00:00:00.000000070,ecl,aggregate_load,168,42,seasonal_naive,395982.50595238095
1970-01-01 00:00:00.000000070,ecl,aggregate_load,168,42,seasonal_naive,399167.83928571426
1970-01-01 00:00:00.000000070,ecl,aggregate_load,168,42,seasonal_naive,397144.3988095238
1970-01-01 00:00:00.000000070,ecl,aggregate_load,168,42,seasonal_naive,402606.21428571426
1970-01-01 00:00:00.000000070,ecl,aggregate_load,168,42,seasonal_naive,410313.3095238095
1970-01-01 00:00:00.000000070,ecl,aggregate_load,168,42,seasonal_naive,414207.82738095237
1970-01-01 00:00:00.000000070,ecl,aggregate_load,168,42,seasonal_naive,412515.1904761905
1970-01-01 00:00:00.000000070,ecl,aggregate_load,168,42,seasonal_naive,410633.4583333333
1970-01-01 00:00:00.000000070,ecl,aggregate_load,168,42,seasonal_naive,412305.0833333333
1970-01-01 00:00:00.000000070,ecl,aggregate_load,168,42,seasonal_naive,412715.39285714284
1970-01-01 00:00:00.000000070,ecl,aggregate_load,168,42,seasonal_naive,395864.8333333333
1970-01-01 00:00:00.000000070,ecl,aggregate_load,168,42,seasonal_naive,372369.4404761905
1970-01-01 00:00:00.000000070,ecl,aggregate_load,168,42,seasonal_naive,375366.35714285716
1970-01-01 00:00:00.000000070,ecl,aggregate_load,168,42,seasonal_naive,367115.5654761905
1970-01-01 00:00:00.000000070,ecl,aggregate_load,168,42,seasonal_naive,365907.63095238095
1970-01-01 00:00:00.000000070,ecl,aggregate_load,168,42,seasonal_naive,368409.1011904762
1970-01-01 00:00:00.000000070,ecl,aggregate_load,168,42,seasonal_naive,349781.4761904762
1970-01-01 00:00:00.000000070,ecl,aggregate_load,168,42,seasonal_naive,352942.5119047619
1970-01-01 00:00:00.000000070,ecl,aggregate_load,168,42,seasonal_naive,351790.50595238095
1970-01-01 00:00:00.000000070,ecl,aggregate_load,168,42,seasonal_naive,353701.5119047619
1970-01-01 00:00:00.000000070,ecl,aggregate_load,168,42,seasonal_naive,344701.53571428574
1970-01-01 00:00:00.000000070,ecl,aggregate_load,168,42,seasonal_naive,347825.67261904763
1970-01-01 00:00:00.000000070,ecl,aggregate_load,168,42,seasonal_naive,341760.97023809527
1970-01-01 00:00:00.000000070,ecl,aggregate_load,168,42,seasonal_naive,317579.5654761905
1970-01-01 00:00:00.000000070,ecl,aggregate_load,168,42,seasonal_naive,300919.02976190473
1970-01-01 00:00:00.000000070,ecl,aggregate_load,168,42,seasonal_naive,305920.7261904762
1970-01-01 00:00:00.000000070,ecl,aggregate_load,168,42,seasonal_naive,306715.17261904763
1970-01-01 00:00:00.000000070,ecl,aggregate_load,168,42,seasonal_naive,299619.8869047619
1970-01-01 00:00:00.000000070,ecl,aggregate_load,168,42,seasonal_naive,292973.9761904762
1970-01-01 00:00:00.000000070,ecl,aggregate_load,168,42,seasonal_naive,285759.5654761905
1970-01-01 00:00:00.000000070,ecl,aggregate_load,168,42,seasonal_naive,288281.01785714284
1970-01-01 00:00:00.000000070,ecl,aggregate_load,168,42,seasonal_naive,286513.1130952381
1970-01-01 00:00:00.000000070,ecl,aggregate_load,168,42,seasonal_naive,288290.0535714286
1970-01-01 00:00:00.000000070,ecl,aggregate_load,168,42,seasonal_naive,299138.2380952381
1970-01-01 00:00:00.000000070,ecl,aggregate_load,168,42,seasonal_naive,301174.6369047619
1970-01-01 00:00:00.000000070,ecl,aggregate_load,168,42,seasonal_naive,308092.38095238095
1970-01-01 00:00:00.000000070,ecl,aggregate_load,168,42,seasonal_naive,306221.3333333333
1970-01-01 00:00:00.000000070,ecl,aggregate_load,168,42,seasonal_naive,307659.22023809527
1970-01-01 00:00:00.000000070,ecl,aggregate_load,168,42,seasonal_naive,313108.83928571426
1970-01-01 00:00:00.000000070,ecl,aggregate_load,168,42,seasonal_naive,313935.66071428574
1970-01-01 00:00:00.000000070,ecl,aggregate_load,168,42,seasonal_naive,313536.70238095237
1970-01-01 00:00:00.000000070,ecl,aggregate_load,168,42,seasonal_naive,311211.6369047619
1970-01-01 00:00:00.000000070,ecl,aggregate_load,168,42,seasonal_naive,325807.6130952381
1970-01-01 00:00:00.000000070,ecl,aggregate_load,168,42,seasonal_naive,324710.65476190473
1970-01-01 00:00:00.000000070,ecl,aggregate_load,168,42,seasonal_naive,325774.89285714284
1970-01-01 00:00:00.000000070,ecl,aggregate_load,168,42,seasonal_naive,315834.36904761905
1970-01-01 00:00:00.000000070,ecl,aggregate_load,168,42,seasonal_naive,317309.85714285716
1970-01-01 00:00:00.000000070,ecl,aggregate_load,168,42,seasonal_naive,321643.0714285714
1970-01-01 00:00:00.000000070,ecl,aggregate_load,168,42,seasonal_naive,322275.7083333333
1970-01-01 00:00:00.000000070,ecl,aggregate_load,168,42,seasonal_naive,322798.29761904763
1970-01-01 00:00:00.000000070,ecl,aggregate_load,168,42,seasonal_naive,326008.22023809527
1970-01-01 00:00:00.000000070,ecl,aggregate_load,168,42,seasonal_naive,328280.1130952381
1970-01-01 00:00:00.000000070,ecl,aggregate_load,168,42,seasonal_naive,325850.76785714284
1970-01-01 00:00:00.000000070,ecl,aggregate_load,168,42,seasonal_naive,326734.7738095238
1970-01-01 00:00:00.000000070,ecl,aggregate_load,168,42,seasonal_naive,328462.39285714284
1970-01-01 00:00:00.000000070,ecl,aggregate_load,168,42,seasonal_naive,325241.2261904762
1970-01-01 00:00:00.000000070,ecl,aggregate_load,168,42,seasonal_naive,324795.32738095237
1970-01-01 00:00:00.000000070,ecl,aggregate_load,168,42,seasonal_naive,314803.25
1970-01-01 00:00:00.000000070,ecl,aggregate_load,168,42,seasonal_naive,317694.90476190473
1970-01-01 00:00:00.000000070,ecl,aggregate_load,168,42,seasonal_naive,307796.0238095238
1970-01-01 00:00:00.000000070,ecl,aggregate_load,168,42,seasonal_naive,313591.88095238095
1970-01-01 00:00:00.000000070,ecl,aggregate_load,168,42,seasonal_naive,311087.0119047619
1970-01-01 00:00:00.000000070,ecl,aggregate_load,168,42,seasonal_naive,309390.21428571426
1970-01-01 00:00:00.000000070,ecl,aggregate_load,168,42,seasonal_naive,320128.59523809527
1970-01-01 00:00:00.000000070,ecl,aggregate_load,168,42,seasonal_naive,328497.5654761905
1970-01-01 00:00:00.000000070,ecl,aggregate_load,168,42,seasonal_naive,334726.8988095238
1970-01-01 00:00:00.000000070,ecl,aggregate_load,168,42,seasonal_naive,321941.96428571426
1970-01-01 00:00:00.000000070,ecl,aggregate_load,168,42,seasonal_naive,324335.4166666667
1970-01-01 00:00:00.000000070,ecl,aggregate_load,168,42,seasonal_naive,330553.2916666667
1970-01-01 00:00:00.000000070,ecl,aggregate_load,168,42,seasonal_naive,333480.82738095237
1970-01-01 00:00:00.000000070,ecl,aggregate_load,168,42,seasonal_naive,338972.9880952381
1970-01-01 00:00:00.000000070,ecl,aggregate_load,168,42,seasonal_naive,334684.45238095237
1970-01-01 00:00:00.000000070,ecl,aggregate_load,168,42,seasonal_naive,333954.48214285716
1970-01-01 00:00:00.000000070,ecl,aggregate_load,168,42,seasonal_naive,325690.7916666667
1970-01-01 00:00:00.000000070,ecl,aggregate_load,168,42,seasonal_naive,328341.0238095238
1970-01-01 00:00:00.000000070,ecl,aggregate_load,168,42,seasonal_naive,327938.9345238095
1970-01-01 00:00:00.000000070,ecl,aggregate_load,168,42,seasonal_naive,334090.34523809527
1970-01-01 00:00:00.000000070,ecl,aggregate_load,168,42,seasonal_naive,335448.4166666667
1970-01-01 00:00:00.000000070,ecl,aggregate_load,168,42,seasonal_naive,330974.7261904762
1970-01-01 00:00:00.000000070,ecl,aggregate_load,168,42,seasonal_naive,335342.96428571426
1970-01-01 00:00:00.000000070,ecl,aggregate_load,168,42,seasonal_naive,336537.5238095238
1970-01-01 00:00:00.000000070,ecl,aggregate_load,168,42,seasonal_naive,335877.66071428574
1970-01-01 00:00:00.000000070,ecl,aggregate_load,168,42,seasonal_naive,330160.5416666667
1970-01-01 00:00:00.000000070,ecl,aggregate_load,168,42,seasonal_naive,330742.52976190473
1970-01-01 00:00:00.000000070,ecl,aggregate_load,168,42,seasonal_naive,322958.51785714284
1970-01-01 00:00:00.000000070,ecl,aggregate_load,168,42,seasonal_naive,322739.60714285716
1970-01-01 00:00:00.000000070,ecl,aggregate_load,168,42,seasonal_naive,317023.82738095237
1970-01-01 00:00:00.000000070,ecl,aggregate_load,168,42,seasonal_naive,312611.88095238095
1970-01-01 00:00:00.000000070,ecl,aggregate_load,168,42,seasonal_naive,305656.4880952381
1970-01-01 00:00:00.000000071,ecl,aggregate_load,168,42,seasonal_naive,312541.71428571426
1970-01-01 00:00:00.000000071,ecl,aggregate_load,168,42,seasonal_naive,306590.77976190473
1970-01-01 00:00:00.000000071,ecl,aggregate_load,168,42,seasonal_naive,306440.21428571426
1970-01-01 00:00:00.000000071,ecl,aggregate_load,168,42,seasonal_naive,301179.51785714284
1970-01-01 00:00:00.000000071,ecl,aggregate_load,168,42,seasonal_naive,302825.99404761905
1970-01-01 00:00:00.000000071,ecl,aggregate_load,168,42,seasonal_naive,301968.86904761905
1970-01-01 00:00:00.000000071,ecl,aggregate_load,168,42,seasonal_naive,301812.59523809527
1970-01-01 00:00:00.000000071,ecl,aggregate_load,168,42,seasonal_naive,306490.73214285716
1970-01-01 00:00:00.000000071,ecl,aggregate_load,168,42,seasonal_naive,309932.22023809527
1970-01-01 00:00:00.000000071,ecl,aggregate_load,168,42,seasonal_naive,299557.9880952381
1970-01-01 00:00:00.000000071,ecl,aggregate_load,168,42,seasonal_naive,300040.8630952381
1970-01-01 00:00:00.000000071,ecl,aggregate_load,168,42,seasonal_naive,299287.6964285714
1970-01-01 00:00:00.000000071,ecl,aggregate_load,168,42,seasonal_naive,297058.23214285716
1970-01-01 00:00:00.000000071,ecl,aggregate_load,168,42,seasonal_naive,297849.5
1970-01-01 00:00:00.000000071,ecl,aggregate_load,168,42,seasonal_naive,296452.6130952381
1970-01-01 00:00:00.000000071,ecl,aggregate_load,168,42,seasonal_naive,297682.07738095237
1970-01-01 00:00:00.000000071,ecl,aggregate_load,168,42,seasonal_naive,302981.48214285716
1970-01-01 00:00:00.000000071,ecl,aggregate_load,168,42,seasonal_naive,308290.71428571426
1970-01-01 00:00:00.000000071,ecl,aggregate_load,168,42,seasonal_naive,305404.8333333333
1970-01-01 00:00:00.000000071,ecl,aggregate_load,168,42,seasonal_naive,305271.25595238095
1970-01-01 00:00:00.000000071,ecl,aggregate_load,168,42,seasonal_naive,305953.54761904763
1970-01-01 00:00:00.000000071,ecl,aggregate_load,168,42,seasonal_naive,314641.41071428574
1970-01-01 00:00:00.000000071,ecl,aggregate_load,168,42,seasonal_naive,305089.33928571426
1970-01-01 00:00:00.000000071,ecl,aggregate_load,168,42,seasonal_naive,303074.9464285714
1970-01-01 00:00:00.000000071,ecl,aggregate_load,168,42,seasonal_naive,290578.4583333333
1970-01-01 00:00:00.000000071,ecl,aggregate_load,168,42,seasonal_naive,299369.58928571426
1970-01-01 00:00:00.000000071,ecl,aggregate_load,168,42,seasonal_naive,299269.8988095238
1970-01-01 00:00:00.000000071,ecl,aggregate_load,168,42,seasonal_naive,301885.17261904763
1970-01-01 00:00:00.000000071,ecl,aggregate_load,168,42,seasonal_naive,310194.4285714286
1970-01-01 00:00:00.000000071,ecl,aggregate_load,168,42,seasonal_naive,302384.875
1970-01-01 00:00:00.000000071,ecl,aggregate_load,168,42,seasonal_naive,305458.8035714286
1970-01-01 00:00:00.000000071,ecl,aggregate_load,168,42,seasonal_naive,299997.25595238095
1970-01-01 00:00:00.000000071,ecl,aggregate_load,168,42,seasonal_naive,298675.33928571426
1970-01-01 00:00:00.000000071,ecl,aggregate_load,168,42,seasonal_naive,302640.6845238095
1970-01-01 00:00:00.000000071,ecl,aggregate_load,168,42,seasonal_naive,305862.72023809527
1970-01-01 00:00:00.000000071,ecl,aggregate_load,168,42,seasonal_naive,297873.85714285716
1970-01-01 00:00:00.000000071,ecl,aggregate_load,168,42,seasonal_naive,305331.6785714286
1970-01-01 00:00:00.000000071,ecl,aggregate_load,168,42,seasonal_naive,308060.2083333333
1970-01-01 00:00:00.000000071,ecl,aggregate_load,168,42,seasonal_naive,309624.5595238095
1970-01-01 00:00:00.000000071,ecl,aggregate_load,168,42,seasonal_naive,308445.0
1970-01-01 00:00:00.000000071,ecl,aggregate_load,168,42,seasonal_naive,313064.49404761905
1970-01-01 00:00:00.000000071,ecl,aggregate_load,168,42,seasonal_naive,313824.4345238095
1970-01-01 00:00:00.000000071,ecl,aggregate_load,168,42,seasonal_naive,316564.35714285716
1970-01-01 00:00:00.000000071,ecl,aggregate_load,168,42,seasonal_naive,316638.0238095238
1970-01-01 00:00:00.000000071,ecl,aggregate_load,168,42,seasonal_naive,320262.1964285714
1970-01-01 00:00:00.000000071,ecl,aggregate_load,168,42,seasonal_naive,322907.2738095238
1970-01-01 00:00:00.000000071,ecl,aggregate_load,168,42,seasonal_naive,321377.26785714284
1970-01-01 00:00:00.000000071,ecl,aggregate_load,168,42,seasonal_naive,327618.58928571426
1970-01-01 00:00:00.000000071,ecl,aggregate_load,168,42,seasonal_naive,328641.2083333333
1970-01-01 00:00:00.000000071,ecl,aggregate_load,168,42,seasonal_naive,319399.04761904763
1970-01-01 00:00:00.000000071,ecl,aggregate_load,168,42,seasonal_naive,333885.48214285716
1970-01-01 00:00:00.000000071,ecl,aggregate_load,168,42,seasonal_naive,334533.2738095238
1970-01-01 00:00:00.000000071,ecl,aggregate_load,168,42,seasonal_naive,325391.1130952381
1970-01-01 00:00:00.000000071,ecl,aggregate_load,168,42,seasonal_naive,336624.58928571426
1970-01-01 00:00:00.000000071,ecl,aggregate_load,168,42,seasonal_naive,333903.29761904763
1970-01-01 00:00:00.000000071,ecl,aggregate_load,168,42,seasonal_naive,332769.4583333333
1970-01-01 00:00:00.000000071,ecl,aggregate_load,168,42,seasonal_naive,331938.09523809527
1970-01-01 00:00:00.000000071,ecl,aggregate_load,168,42,seasonal_naive,339591.29761904763
1970-01-01 00:00:00.000000071,ecl,aggregate_load,168,42,seasonal_naive,337826.92261904763
1970-01-01 00:00:00.000000071,ecl,aggregate_load,168,42,seasonal_naive,345218.8095238095
1970-01-01 00:00:00.000000071,ecl,aggregate_load,168,42,seasonal_naive,340254.6904761905
1970-01-01 00:00:00.000000071,ecl,aggregate_load,168,42,seasonal_naive,343503.82738095237
1970-01-01 00:00:00.000000071,ecl,aggregate_load,168,42,seasonal_naive,348869.90476190473
1970-01-01 00:00:00.000000071,ecl,aggregate_load,168,42,seasonal_naive,346539.9285714286
1970-01-01 00:00:00.000000071,ecl,aggregate_load,168,42,seasonal_naive,330342.7261904762
1970-01-01 00:00:00.000000071,ecl,aggregate_load,168,42,seasonal_naive,326593.74404761905
1970-01-01 00:00:00.000000071,ecl,aggregate_load,168,42,seasonal_naive,327302.16071428574
1970-01-01 00:00:00.000000071,ecl,aggregate_load,168,42,seasonal_naive,330432.57738095237
1970-01-01 00:00:00.000000071,ecl,aggregate_load,168,42,seasonal_naive,328141.26785714284
1970-01-01 00:00:00.000000071,ecl,aggregate_load,168,42,seasonal_naive,312599.5595238095
1970-01-01 00:00:00.000000071,ecl,aggregate_load,168,42,seasonal_naive,309432.75
1970-01-01 00:00:00.000000071,ecl,aggregate_load,168,42,seasonal_naive,314197.57738095237
1970-01-01 00:00:00.000000071,ecl,aggregate_load,168,42,seasonal_naive,315727.0238095238
1970-01-01 00:00:00.000000071,ecl,aggregate_load,168,42,seasonal_naive,329652.9166666667
1970-01-01 00:00:00.000000071,ecl,aggregate_load,168,42,seasonal_naive,315703.9285714286
1970-01-01 00:00:00.000000071,ecl,aggregate_load,168,42,seasonal_naive,310803.7916666667
1970-01-01 00:00:00.000000071,ecl,aggregate_load,168,42,seasonal_naive,313831.6845238095
1970-01-01 00:00:00.000000071,ecl,aggregate_load,168,42,seasonal_naive,302696.6011904762
1970-01-01 00:00:00.000000071,ecl,aggregate_load,168,42,seasonal_naive,303561.6130952381
1970-01-01 00:00:00.000000071,ecl,aggregate_load,168,42,seasonal_naive,315611.67261904763
1970-01-01 00:00:00.000000071,ecl,aggregate_load,168,42,seasonal_naive,320169.9583333333
1970-01-01 00:00:00.000000071,ecl,aggregate_load,168,42,seasonal_naive,307510.33928571426
1970-01-01 00:00:00.000000071,ecl,aggregate_load,168,42,seasonal_naive,305828.65476190473
1970-01-01 00:00:00.000000071,ecl,aggregate_load,168,42,seasonal_naive,317942.71428571426
1970-01-01 00:00:00.000000071,ecl,aggregate_load,168,42,seasonal_naive,314137.6904761905
1970-01-01 00:00:00.000000071,ecl,aggregate_load,168,42,seasonal_naive,321183.0119047619
1970-01-01 00:00:00.000000071,ecl,aggregate_load,168,42,seasonal_naive,314640.29761904763
1970-01-01 00:00:00.000000071,ecl,aggregate_load,168,42,seasonal_naive,316902.14285714284
1970-01-01 00:00:00.000000071,ecl,aggregate_load,168,42,seasonal_naive,319720.9583333333
1970-01-01 00:00:00.000000071,ecl,aggregate_load,168,42,seasonal_naive,323545.61904761905
1970-01-01 00:00:00.000000071,ecl,aggregate_load,168,42,seasonal_naive,323855.1904761905
1970-01-01 00:00:00.000000071,ecl,aggregate_load,168,42,seasonal_naive,326625.84523809527
1970-01-01 00:00:00.000000071,ecl,aggregate_load,168,42,seasonal_naive,328602.09523809527
1970-01-01 00:00:00.000000071,ecl,aggregate_load,168,42,seasonal_naive,329088.08928571426
1970-01-01 00:00:00.000000071,ecl,aggregate_load,168,42,seasonal_naive,333286.375
1970-01-01 00:00:00.000000071,ecl,aggregate_load,168,42,seasonal_naive,321364.9404761905
1970-01-01 00:00:00.000000071,ecl,aggregate_load,168,42,seasonal_naive,322661.46428571426
1970-01-01 00:00:00.000000071,ecl,aggregate_load,168,42,seasonal_naive,308079.125
1970-01-01 00:00:00.000000071,ecl,aggregate_load,168,42,seasonal_naive,301700.83928571426
1970-01-01 00:00:00.000000071,ecl,aggregate_load,168,42,seasonal_naive,310740.6130952381
1970-01-01 00:00:00.000000071,ecl,aggregate_load,168,42,seasonal_naive,307873.83928571426
1970-01-01 00:00:00.000000071,ecl,aggregate_load,168,42,seasonal_naive,315628.25
1970-01-01 00:00:00.000000071,ecl,aggregate_load,168,42,seasonal_naive,320060.63095238095
1970-01-01 00:00:00.000000071,ecl,aggregate_load,168,42,seasonal_naive,318358.6130952381
1970-01-01 00:00:00.000000071,ecl,aggregate_load,168,42,seasonal_naive,316814.2083333333
1970-01-01 00:00:00.000000071,ecl,aggregate_load,168,42,seasonal_naive,334229.78571428574
1970-01-01 00:00:00.000000071,ecl,aggregate_load,168,42,seasonal_naive,338525.54761904763
1970-01-01 00:00:00.000000071,ecl,aggregate_load,168,42,seasonal_naive,321275.4761904762
1970-01-01 00:00:00.000000071,ecl,aggregate_load,168,42,seasonal_naive,334446.03571428574
1970-01-01 00:00:00.000000071,ecl,aggregate_load,168,42,seasonal_naive,318550.89285714284
1970-01-01 00:00:00.000000071,ecl,aggregate_load,168,42,seasonal_naive,319682.27976190473
1970-01-01 00:00:00.000000071,ecl,aggregate_load,168,42,seasonal_naive,318625.2619047619
1970-01-01 00:00:00.000000071,ecl,aggregate_load,168,42,seasonal_naive,317874.96428571426
1970-01-01 00:00:00.000000071,ecl,aggregate_load,168,42,seasonal_naive,309227.0
1970-01-01 00:00:00.000000071,ecl,aggregate_load,168,42,seasonal_naive,315106.5714285714
1970-01-01 00:00:00.000000071,ecl,aggregate_load,168,42,seasonal_naive,308184.0654761905
1970-01-01 00:00:00.000000071,ecl,aggregate_load,168,42,seasonal_naive,310483.46428571426
1970-01-01 00:00:00.000000071,ecl,aggregate_load,168,42,seasonal_naive,310855.6785714286
1970-01-01 00:00:00.000000071,ecl,aggregate_load,168,42,seasonal_naive,307533.90476190473
1970-01-01 00:00:00.000000071,ecl,aggregate_load,168,42,seasonal_naive,312220.6785714286
1970-01-01 00:00:00.000000071,ecl,aggregate_load,168,42,seasonal_naive,302001.35714285716
1970-01-01 00:00:00.000000071,ecl,aggregate_load,168,42,seasonal_naive,301643.125
1970-01-01 00:00:00.000000071,ecl,aggregate_load,168,42,seasonal_naive,317597.52976190473
1970-01-01 00:00:00.000000071,ecl,aggregate_load,168,42,seasonal_naive,312955.6845238095
1970-01-01 00:00:00.000000071,ecl,aggregate_load,168,42,seasonal_naive,316042.7916666667
1970-01-01 00:00:00.000000071,ecl,aggregate_load,168,42,seasonal_naive,318448.0238095238
1970-01-01 00:00:00.000000071,ecl,aggregate_load,168,42,seasonal_naive,318637.1369047619
1970-01-01 00:00:00.000000071,ecl,aggregate_load,168,42,seasonal_naive,306424.8630952381
1970-01-01 00:00:00.000000071,ecl,aggregate_load,168,42,seasonal_naive,309459.01785714284
1970-01-01 00:00:00.000000071,ecl,aggregate_load,168,42,seasonal_naive,288770.9464285714
1970-01-01 00:00:00.000000071,ecl,aggregate_load,168,42,seasonal_naive,289378.10714285716
1970-01-01 00:00:00.000000071,ecl,aggregate_load,168,42,seasonal_naive,289140.82738095237
1970-01-01 00:00:00.000000071,ecl,aggregate_load,168,42,seasonal_naive,280039.8095238095
1970-01-01 00:00:00.000000071,ecl,aggregate_load,168,42,seasonal_naive,283848.3988095238
1970-01-01 00:00:00.000000071,ecl,aggregate_load,168,42,seasonal_naive,286607.9166666667
1970-01-01 00:00:00.000000071,ecl,aggregate_load,168,42,seasonal_naive,288613.5535714286
1970-01-01 00:00:00.000000071,ecl,aggregate_load,168,42,seasonal_naive,296460.59523809527
1970-01-01 00:00:00.000000071,ecl,aggregate_load,168,42,seasonal_naive,300563.3214285714
1970-01-01 00:00:00.000000071,ecl,aggregate_load,168,42,seasonal_naive,294332.2738095238
1970-01-01 00:00:00.000000071,ecl,aggregate_load,168,42,seasonal_naive,293335.5535714286
1970-01-01 00:00:00.000000071,ecl,aggregate_load,168,42,seasonal_naive,288663.57738095237
1970-01-01 00:00:00.000000071,ecl,aggregate_load,168,42,seasonal_naive,291250.54761904763
1970-01-01 00:00:00.000000071,ecl,aggregate_load,168,42,seasonal_naive,300228.28571428574
1970-01-01 00:00:00.000000071,ecl,aggregate_load,168,42,seasonal_naive,294637.52976190473
1970-01-01 00:00:00.000000072,ecl,aggregate_load,168,42,seasonal_naive,304593.73214285716
1970-01-01 00:00:00.000000072,ecl,aggregate_load,168,42,seasonal_naive,306368.46428571426
1970-01-01 00:00:00.000000072,ecl,aggregate_load,168,42,seasonal_naive,291323.48214285716
1970-01-01 00:00:00.000000072,ecl,aggregate_load,168,42,seasonal_naive,287738.7380952381
1970-01-01 00:00:00.000000072,ecl,aggregate_load,168,42,seasonal_naive,293986.0833333333
1970-01-01 00:00:00.000000072,ecl,aggregate_load,168,42,seasonal_naive,284482.95238095237
1970-01-01 00:00:00.000000072,ecl,aggregate_load,168,42,seasonal_naive,287020.14285714284
1970-01-01 00:00:00.000000072,ecl,aggregate_load,168,42,seasonal_naive,289295.11904761905
1970-01-01 00:00:00.000000072,ecl,aggregate_load,168,42,seasonal_naive,284580.8214285714
1970-01-01 00:00:00.000000072,ecl,aggregate_load,168,42,seasonal_naive,284656.3988095238
1970-01-01 00:00:00.000000072,ecl,aggregate_load,168,42,seasonal_naive,280358.75595238095
1970-01-01 00:00:00.000000072,ecl,aggregate_load,168,42,seasonal_naive,281346.8630952381
1970-01-01 00:00:00.000000072,ecl,aggregate_load,168,42,seasonal_naive,280607.84523809527
1970-01-01 00:00:00.000000072,ecl,aggregate_load,168,42,seasonal_naive,278267.5
1970-01-01 00:00:00.000000072,ecl,aggregate_load,168,42,seasonal_naive,275141.89285714284
1970-01-01 00:00:00.000000072,ecl,aggregate_load,168,42,seasonal_naive,274976.72023809527
1970-01-01 00:00:00.000000072,ecl,aggregate_load,168,42,seasonal_naive,275654.1845238095
1970-01-01 00:00:00.000000072,ecl,aggregate_load,168,42,seasonal_naive,273989.0654761905
1970-01-01 00:00:00.000000072,ecl,aggregate_load,168,42,seasonal_naive,277982.6845238095
1970-01-01 00:00:00.000000072,ecl,aggregate_load,168,42,seasonal_naive,278802.75595238095
1970-01-01 00:00:00.000000072,ecl,aggregate_load,168,42,seasonal_naive,280504.1369047619
1970-01-01 00:00:00.000000072,ecl,aggregate_load,168,42,seasonal_naive,280058.58928571426
1970-01-01 00:00:00.000000072,ecl,aggregate_load,168,42,seasonal_naive,279181.0119047619
1970-01-01 00:00:00.000000072,ecl,aggregate_load,168,42,seasonal_naive,281764.1964285714
1970-01-01 00:00:00.000000072,ecl,aggregate_load,168,42,seasonal_naive,272012.9285714286
1970-01-01 00:00:00.000000072,ecl,aggregate_load,168,42,seasonal_naive,270265.1488095238
1970-01-01 00:00:00.000000072,ecl,aggregate_load,168,42,seasonal_naive,284285.90476190473
1970-01-01 00:00:00.000000072,ecl,aggregate_load,168,42,seasonal_naive,286604.0714285714
1970-01-01 00:00:00.000000072,ecl,aggregate_load,168,42,seasonal_naive,283146.52976190473
1970-01-01 00:00:00.000000072,ecl,aggregate_load,168,42,seasonal_naive,286886.50595238095
1970-01-01 00:00:00.000000072,ecl,aggregate_load,168,42,seasonal_naive,289216.6369047619
1970-01-01 00:00:00.000000072,ecl,aggregate_load,168,42,seasonal_naive,291433.97023809527
1970-01-01 00:00:00.000000072,ecl,aggregate_load,168,42,seasonal_naive,292379.4345238095
1970-01-01 00:00:00.000000072,ecl,aggregate_load,168,42,seasonal_naive,295485.8511904762
1970-01-01 00:00:00.000000072,ecl,aggregate_load,168,42,seasonal_naive,295544.47023809527
1970-01-01 00:00:00.000000072,ecl,aggregate_load,168,42,seasonal_naive,296465.4761904762
1970-01-01 00:00:00.000000072,ecl,aggregate_load,168,42,seasonal_naive,297556.54761904763
1970-01-01 00:00:00.000000072,ecl,aggregate_load,168,42,seasonal_naive,301496.1011904762
1970-01-01 00:00:00.000000072,ecl,aggregate_load,168,42,seasonal_naive,307639.5119047619
1970-01-01 00:00:00.000000072,ecl,aggregate_load,168,42,seasonal_naive,310458.38095238095
1970-01-01 00:00:00.000000072,ecl,aggregate_load,168,42,seasonal_naive,304563.73214285716
1970-01-01 00:00:00.000000072,ecl,aggregate_load,168,42,seasonal_naive,305959.9345238095
1970-01-01 00:00:00.000000072,ecl,aggregate_load,168,42,seasonal_naive,302715.97023809527
1970-01-01 00:00:00.000000072,ecl,aggregate_load,168,42,seasonal_naive,308980.2083333333
1970-01-01 00:00:00.000000072,ecl,aggregate_load,168,42,seasonal_naive,305763.79761904763
1970-01-01 00:00:00.000000072,ecl,aggregate_load,168,42,seasonal_naive,307784.96428571426
1970-01-01 00:00:00.000000072,ecl,aggregate_load,168,42,seasonal_naive,295205.92261904763
1970-01-01 00:00:00.000000072,ecl,aggregate_load,168,42,seasonal_naive,293943.32738095237
1970-01-01 00:00:00.000000072,ecl,aggregate_load,168,42,seasonal_naive,295918.97023809527
1970-01-01 00:00:00.000000072,ecl,aggregate_load,168,42,seasonal_naive,300870.08928571426
1970-01-01 00:00:00.000000072,ecl,aggregate_load,168,42,seasonal_naive,288978.8869047619
1970-01-01 00:00:00.000000072,ecl,aggregate_load,168,42,seasonal_naive,277580.10714285716
1970-01-01 00:00:00.000000072,ecl,aggregate_load,168,42,seasonal_naive,280880.4880952381
1970-01-01 00:00:00.000000072,ecl,aggregate_load,168,42,seasonal_naive,279803.3988095238
1970-01-01 00:00:00.000000072,ecl,aggregate_load,168,42,seasonal_naive,265807.50595238095
1970-01-01 00:00:00.000000072,ecl,aggregate_load,168,42,seasonal_naive,265716.5833333333
1970-01-01 00:00:00.000000072,ecl,aggregate_load,168,42,seasonal_naive,270153.9166666667
1970-01-01 00:00:00.000000072,ecl,aggregate_load,168,42,seasonal_naive,271406.61904761905
1970-01-01 00:00:00.000000072,ecl,aggregate_load,168,42,seasonal_naive,274911.1964285714
1970-01-01 00:00:00.000000072,ecl,aggregate_load,168,42,seasonal_naive,275618.3035714286
1970-01-01 00:00:00.000000072,ecl,aggregate_load,168,42,seasonal_naive,283644.09523809527
1970-01-01 00:00:00.000000072,ecl,aggregate_load,168,42,seasonal_naive,291314.45238095237
1970-01-01 00:00:00.000000072,ecl,aggregate_load,168,42,seasonal_naive,281965.5
1970-01-01 00:00:00.000000072,ecl,aggregate_load,168,42,seasonal_naive,272273.4583333333
1970-01-01 00:00:00.000000072,ecl,aggregate_load,168,42,seasonal_naive,274797.42261904763
1970-01-01 00:00:00.000000072,ecl,aggregate_load,168,42,seasonal_naive,278864.7083333333
1970-01-01 00:00:00.000000072,ecl,aggregate_load,168,42,seasonal_naive,281057.71428571426
1970-01-01 00:00:00.000000072,ecl,aggregate_load,168,42,seasonal_naive,276666.99404761905
1970-01-01 00:00:00.000000072,ecl,aggregate_load,168,42,seasonal_naive,277623.15476190473
1970-01-01 00:00:00.000000072,ecl,aggregate_load,168,42,seasonal_naive,275777.2619047619
1970-01-01 00:00:00.000000072,ecl,aggregate_load,168,42,seasonal_naive,277419.75
1970-01-01 00:00:00.000000072,ecl,aggregate_load,168,42,seasonal_naive,278073.64285714284
1970-01-01 00:00:00.000000072,ecl,aggregate_load,168,42,seasonal_naive,280593.29761904763
1970-01-01 00:00:00.000000072,ecl,aggregate_load,168,42,seasonal_naive,280401.5535714286
1970-01-01 00:00:00.000000072,ecl,aggregate_load,168,42,seasonal_naive,280180.4761904762
1970-01-01 00:00:00.000000072,ecl,aggregate_load,168,42,seasonal_naive,281139.51785714284
1970-01-01 00:00:00.000000072,ecl,aggregate_load,168,42,seasonal_naive,277077.9404761905
1970-01-01 00:00:00.000000072,ecl,aggregate_load,168,42,seasonal_naive,279269.02976190473
1970-01-01 00:00:00.000000072,ecl,aggregate_load,168,42,seasonal_naive,276208.7619047619
1970-01-01 00:00:00.000000072,ecl,aggregate_load,168,42,seasonal_naive,278654.03571428574
1970-01-01 00:00:00.000000072,ecl,aggregate_load,168,42,seasonal_naive,270261.2619047619
1970-01-01 00:00:00.000000072,ecl,aggregate_load,168,42,seasonal_naive,283537.07738095237
1970-01-01 00:00:00.000000072,ecl,aggregate_load,168,42,seasonal_naive,283958.5238095238
1970-01-01 00:00:00.000000072,ecl,aggregate_load,168,42,seasonal_naive,285732.1666666667
1970-01-01 00:00:00.000000072,ecl,aggregate_load,168,42,seasonal_naive,278215.3630952381
1970-01-01 00:00:00.000000072,ecl,aggregate_load,168,42,seasonal_naive,270599.61904761905
1970-01-01 00:00:00.000000072,ecl,aggregate_load,168,42,seasonal_naive,279753.88095238095
1970-01-01 00:00:00.000000072,ecl,aggregate_load,168,42,seasonal_naive,283135.10714285716
1970-01-01 00:00:00.000000072,ecl,aggregate_load,168,42,seasonal_naive,280477.21428571426
1970-01-01 00:00:00.000000072,ecl,aggregate_load,168,42,seasonal_naive,280452.66071428574
1970-01-01 00:00:00.000000072,ecl,aggregate_load,168,42,seasonal_naive,273969.04761904763
1970-01-01 00:00:00.000000072,ecl,aggregate_load,168,42,seasonal_naive,277452.5595238095
1970-01-01 00:00:00.000000072,ecl,aggregate_load,168,42,seasonal_naive,287492.41071428574
1970-01-01 00:00:00.000000072,ecl,aggregate_load,168,42,seasonal_naive,296358.02976190473
1970-01-01 00:00:00.000000073,ecl,aggregate_load,168,42,seasonal_naive,299692.77976190473
1970-01-01 00:00:00.000000073,ecl,aggregate_load,168,42,seasonal_naive,304544.0714285714
1970-01-01 00:00:00.000000073,ecl,aggregate_load,168,42,seasonal_naive,305222.5714285714
1970-01-01 00:00:00.000000073,ecl,aggregate_load,168,42,seasonal_naive,303948.89285714284
1970-01-01 00:00:00.000000073,ecl,aggregate_load,168,42,seasonal_naive,306820.6369047619
1970-01-01 00:00:00.000000073,ecl,aggregate_load,168,42,seasonal_naive,307514.95238095237
1970-01-01 00:00:00.000000073,ecl,aggregate_load,168,42,seasonal_naive,305517.28571428574
1970-01-01 00:00:00.000000073,ecl,aggregate_load,168,42,seasonal_naive,312155.9285714286
1970-01-01 00:00:00.000000073,ecl,aggregate_load,168,42,seasonal_naive,310357.97023809527
1970-01-01 00:00:00.000000073,ecl,aggregate_load,168,42,seasonal_naive,321245.73214285716
1970-01-01 00:00:00.000000073,ecl,aggregate_load,168,42,seasonal_naive,326298.83928571426
1970-01-01 00:00:00.000000073,ecl,aggregate_load,168,42,seasonal_naive,312227.60714285716
1970-01-01 00:00:00.000000073,ecl,aggregate_load,168,42,seasonal_naive,310842.01785714284
1970-01-01 00:00:00.000000073,ecl,aggregate_load,168,42,seasonal_naive,312025.03571428574
1970-01-01 00:00:00.000000073,ecl,aggregate_load,168,42,seasonal_naive,313399.1130952381
1970-01-01 00:00:00.000000073,ecl,aggregate_load,168,42,seasonal_naive,313290.7380952381
1970-01-01 00:00:00.000000073,ecl,aggregate_load,168,42,seasonal_naive,301453.3511904762
1970-01-01 00:00:00.000000073,ecl,aggregate_load,168,42,seasonal_naive,298649.92261904763
1970-01-01 00:00:00.000000073,ecl,aggregate_load,168,42,seasonal_naive,298613.02976190473
1970-01-01 00:00:00.000000073,ecl,aggregate_load,168,42,seasonal_naive,292120.375
1970-01-01 00:00:00.000000073,ecl,aggregate_load,168,42,seasonal_naive,295002.7380952381
1970-01-01 00:00:00.000000073,ecl,aggregate_load,168,42,seasonal_naive,292864.9166666667
1970-01-01 00:00:00.000000073,ecl,aggregate_load,168,42,seasonal_naive,284778.8154761905
1970-01-01 00:00:00.000000073,ecl,aggregate_load,168,42,seasonal_naive,273774.5833333333
1970-01-01 00:00:00.000000073,ecl,aggregate_load,168,42,seasonal_naive,272569.99404761905
1970-01-01 00:00:00.000000073,ecl,aggregate_load,168,42,seasonal_naive,264779.91071428574
1970-01-01 00:00:00.000000073,ecl,aggregate_load,168,42,seasonal_naive,266281.57738095237
1970-01-01 00:00:00.000000073,ecl,aggregate_load,168,42,seasonal_naive,278959.11904761905
1970-01-01 00:00:00.000000073,ecl,aggregate_load,168,42,seasonal_naive,288374.92261904763
1970-01-01 00:00:00.000000073,ecl,aggregate_load,168,42,seasonal_naive,300491.34523809527
1970-01-01 00:00:00.000000073,ecl,aggregate_load,168,42,seasonal_naive,298425.54761904763
1970-01-01 00:00:00.000000073,ecl,aggregate_load,168,42,seasonal_naive,294748.00595238095
1970-01-01 00:00:00.000000073,ecl,aggregate_load,168,42,seasonal_naive,294828.90476190473
1970-01-01 00:00:00.000000073,ecl,aggregate_load,168,42,seasonal_naive,284235.6488095238
1970-01-01 00:00:00.000000073,ecl,aggregate_load,168,42,seasonal_naive,286745.1130952381
1970-01-01 00:00:00.000000073,ecl,aggregate_load,168,42,seasonal_naive,287595.6011904762
1970-01-01 00:00:00.000000073,ecl,aggregate_load,168,42,seasonal_naive,290412.6488095238
1970-01-01 00:00:00.000000073,ecl,aggregate_load,168,42,seasonal_naive,286566.6130952381
1970-01-01 00:00:00.000000073,ecl,aggregate_load,168,42,seasonal_naive,310126.1488095238
1970-01-01 00:00:00.000000073,ecl,aggregate_load,168,42,seasonal_naive,310627.08928571426
1970-01-01 00:00:00.000000073,ecl,aggregate_load,168,42,seasonal_naive,310592.0595238095
1970-01-01 00:00:00.000000073,ecl,aggregate_load,168,42,seasonal_naive,314566.11904761905
1970-01-01 00:00:00.000000073,ecl,aggregate_load,168,42,seasonal_naive,314968.2916666667
1970-01-01 00:00:00.000000073,ecl,aggregate_load,168,42,seasonal_naive,319020.9404761905
1970-01-01 00:00:00.000000073,ecl,aggregate_load,168,42,seasonal_naive,324631.39285714284
1970-01-01 00:00:00.000000073,ecl,aggregate_load,168,42,seasonal_naive,327012.1488095238
1970-01-01 00:00:00.000000073,ecl,aggregate_load,168,42,seasonal_naive,329521.4761904762
1970-01-01 00:00:00.000000073,ecl,aggregate_load,168,42,seasonal_naive,331677.6964285714
1970-01-01 00:00:00.000000073,ecl,aggregate_load,168,42,seasonal_naive,331941.9166666667
1970-01-01 00:00:00.000000073,ecl,aggregate_load,168,42,seasonal_naive,335799.11904761905
1970-01-01 00:00:00.000000073,ecl,aggregate_load,168,42,seasonal_naive,339127.6785714286
1970-01-01 00:00:00.000000073,ecl,aggregate_load,168,42,seasonal_naive,324380.3154761905
1970-01-01 00:00:00.000000073,ecl,aggregate_load,168,42,seasonal_naive,335423.73214285716
1970-01-01 00:00:00.000000073,ecl,aggregate_load,168,42,seasonal_naive,320245.63095238095
1970-01-01 00:00:00.000000073,ecl,aggregate_load,168,42,seasonal_naive,332887.8869047619
1970-01-01 00:00:00.000000073,ecl,aggregate_load,168,42,seasonal_naive,333016.73214285716
1970-01-01 00:00:00.000000073,ecl,aggregate_load,168,42,seasonal_naive,334258.58928571426
1970-01-01 00:00:00.000000073,ecl,aggregate_load,168,42,seasonal_naive,330991.5595238095
1970-01-01 00:00:00.000000073,ecl,aggregate_load,168,42,seasonal_naive,329781.1845238095
1970-01-01 00:00:00.000000073,ecl,aggregate_load,168,42,seasonal_naive,331703.8214285714
1970-01-01 00:00:00.000000073,ecl,aggregate_load,168,42,seasonal_naive,324159.9880952381
1970-01-01 00:00:00.000000073,ecl,aggregate_load,168,42,seasonal_naive,325752.67261904763
1970-01-01 00:00:00.000000073,ecl,aggregate_load,168,42,seasonal_naive,297776.6845238095
1970-01-01 00:00:00.000000073,ecl,aggregate_load,168,42,seasonal_naive,302692.32738095237
1970-01-01 00:00:00.000000073,ecl,aggregate_load,168,42,seasonal_naive,303876.52976190473
1970-01-01 00:00:00.000000073,ecl,aggregate_load,168,42,seasonal_naive,304301.83928571426
1970-01-01 00:00:00.000000073,ecl,aggregate_load,168,42,seasonal_naive,305494.86904761905
1970-01-01 00:00:00.000000073,ecl,aggregate_load,168,42,seasonal_naive,302839.10714285716
1970-01-01 00:00:00.000000073,ecl,aggregate_load,168,42,seasonal_naive,292297.6369047619
1970-01-01 00:00:00.000000073,ecl,aggregate_load,168,42,seasonal_naive,293972.6785714286
1970-01-01 00:00:00.000000074,ecl,aggregate_load,168,42,seasonal_naive,302889.4464285714
1970-01-01 00:00:00.000000074,ecl,aggregate_load,168,42,seasonal_naive,312128.5595238095
1970-01-01 00:00:00.000000074,ecl,aggregate_load,168,42,seasonal_naive,312862.54761904763
1970-01-01 00:00:00.000000074,ecl,aggregate_load,168,42,seasonal_naive,320005.53571428574
1970-01-01 00:00:00.000000074,ecl,aggregate_load,168,42,seasonal_naive,318950.6011904762
1970-01-01 00:00:00.000000074,ecl,aggregate_load,168,42,seasonal_naive,320934.48214285716
1970-01-01 00:00:00.000000074,ecl,aggregate_load,168,42,seasonal_naive,296034.7916666667
1970-01-01 00:00:00.000000074,ecl,aggregate_load,168,42,seasonal_naive,298413.90476190473
1970-01-01 00:00:00.000000074,ecl,aggregate_load,168,42,seasonal_naive,286902.95238095237
1970-01-01 00:00:00.000000074,ecl,aggregate_load,168,42,seasonal_naive,281093.3988095238
1970-01-01 00:00:00.000000074,ecl,aggregate_load,168,42,seasonal_naive,281788.4285714286
1970-01-01 00:00:00.000000074,ecl,aggregate_load,168,42,seasonal_naive,280378.9404761905
1970-01-01 00:00:00.000000074,ecl,aggregate_load,168,42,seasonal_naive,273724.92261904763
1970-01-01 00:00:00.000000074,ecl,aggregate_load,168,42,seasonal_naive,273829.0119047619
1970-01-01 00:00:00.000000074,ecl,aggregate_load,168,42,seasonal_naive,275844.0119047619
1970-01-01 00:00:00.000000074,ecl,aggregate_load,168,42,seasonal_naive,274141.6369047619
1970-01-01 00:00:00.000000074,ecl,aggregate_load,168,42,seasonal_naive,272870.60714285716
1970-01-01 00:00:00.000000074,ecl,aggregate_load,168,42,seasonal_naive,271725.1904761905
1970-01-01 00:00:00.000000074,ecl,aggregate_load,168,42,seasonal_naive,270260.6845238095
1970-01-01 00:00:00.000000074,ecl,aggregate_load,168,42,seasonal_naive,267090.4761904762
1970-01-01 00:00:00.000000074,ecl,aggregate_load,168,42,seasonal_naive,263681.7261904762
1970-01-01 00:00:00.000000074,ecl,aggregate_load,168,42,seasonal_naive,265862.125
1970-01-01 00:00:00.000000074,ecl,aggregate_load,168,42,seasonal_naive,270670.8630952381
1970-01-01 00:00:00.000000074,ecl,aggregate_load,168,42,seasonal_naive,263216.4880952381
1970-01-01 00:00:00.000000074,ecl,aggregate_load,168,42,seasonal_naive,250317.72619047618
1970-01-01 00:00:00.000000074,ecl,aggregate_load,168,42,seasonal_naive,254540.3630952381
1970-01-01 00:00:00.000000074,ecl,aggregate_load,168,42,seasonal_naive,260558.93452380953
1970-01-01 00:00:00.000000074,ecl,aggregate_load,168,42,seasonal_naive,265457.17261904763
1970-01-01 00:00:00.000000074,ecl,aggregate_load,168,42,seasonal_naive,276752.0238095238
1970-01-01 00:00:00.000000074,ecl,aggregate_load,168,42,seasonal_naive,275068.6845238095
1970-01-01 00:00:00.000000074,ecl,aggregate_load,168,42,seasonal_naive,275219.53571428574
1970-01-01 00:00:00.000000074,ecl,aggregate_load,168,42,seasonal_naive,277099.9404761905
1970-01-01 00:00:00.000000074,ecl,aggregate_load,168,42,seasonal_naive,278764.02976190473
1970-01-01 00:00:00.000000074,ecl,aggregate_load,168,42,seasonal_naive,285340.60714285716
1970-01-01 00:00:00.000000074,ecl,aggregate_load,168,42,seasonal_naive,287471.35714285716
1970-01-01 00:00:00.000000074,ecl,aggregate_load,168,42,seasonal_naive,294550.4464285714
1970-01-01 00:00:00.000000074,ecl,aggregate_load,168,42,seasonal_naive,294000.9285714286
1970-01-01 00:00:00.000000074,ecl,aggregate_load,168,42,seasonal_naive,294888.97023809527
1970-01-01 00:00:00.000000074,ecl,aggregate_load,168,42,seasonal_naive,307001.29761904763
1970-01-01 00:00:00.000000074,ecl,aggregate_load,168,42,seasonal_naive,315912.21428571426
1970-01-01 00:00:00.000000074,ecl,aggregate_load,168,42,seasonal_naive,317144.15476190473
1970-01-01 00:00:00.000000074,ecl,aggregate_load,168,42,seasonal_naive,329473.3333333333
1970-01-01 00:00:00.000000074,ecl,aggregate_load,168,42,seasonal_naive,333134.47023809527
1970-01-01 00:00:00.000000074,ecl,aggregate_load,168,42,seasonal_naive,337408.4404761905
1970-01-01 00:00:00.000000074,ecl,aggregate_load,168,42,seasonal_naive,345146.23214285716
1970-01-01 00:00:00.000000074,ecl,aggregate_load,168,42,seasonal_naive,348656.0833333333
1970-01-01 00:00:00.000000074,ecl,aggregate_load,168,42,seasonal_naive,346627.1488095238
1970-01-01 00:00:00.000000074,ecl,aggregate_load,168,42,seasonal_naive,353667.73214285716
1970-01-01 00:00:00.000000074,ecl,aggregate_load,168,42,seasonal_naive,354409.6785714286
1970-01-01 00:00:00.000000074,ecl,aggregate_load,168,42,seasonal_naive,339428.52976190473
1970-01-01 00:00:00.000000074,ecl,aggregate_load,168,42,seasonal_naive,331913.9345238095
1970-01-01 00:00:00.000000074,ecl,aggregate_load,168,42,seasonal_naive,314724.8214285714
1970-01-01 00:00:00.000000074,ecl,aggregate_load,168,42,seasonal_naive,298990.92261904763
1970-01-01 00:00:00.000000074,ecl,aggregate_load,168,42,seasonal_naive,307445.6785714286
1970-01-01 00:00:00.000000074,ecl,aggregate_load,168,42,seasonal_naive,309502.78571428574
1970-01-01 00:00:00.000000074,ecl,aggregate_load,168,42,seasonal_naive,309618.75
1970-01-01 00:00:00.000000074,ecl,aggregate_load,168,42,seasonal_naive,309620.67261904763
1970-01-01 00:00:00.000000074,ecl,aggregate_load,168,42,seasonal_naive,309767.21428571426
1970-01-01 00:00:00.000000074,ecl,aggregate_load,168,42,seasonal_naive,311842.0416666667
1970-01-01 00:00:00.000000074,ecl,aggregate_load,168,42,seasonal_naive,312467.33928571426
1970-01-01 00:00:00.000000074,ecl,aggregate_load,168,42,seasonal_naive,314448.3511904762
1970-01-01 00:00:00.000000074,ecl,aggregate_load,168,42,seasonal_naive,317573.3988095238
1970-01-01 00:00:00.000000074,ecl,aggregate_load,168,42,seasonal_naive,302410.84523809527
1970-01-01 00:00:00.000000074,ecl,aggregate_load,168,42,seasonal_naive,305929.7380952381
1970-01-01 00:00:00.000000074,ecl,aggregate_load,168,42,seasonal_naive,314003.46428571426
1970-01-01 00:00:00.000000074,ecl,aggregate_load,168,42,seasonal_naive,300009.98214285716
1970-01-01 00:00:00.000000074,ecl,aggregate_load,168,42,seasonal_naive,298034.1666666667
1970-01-01 00:00:00.000000074,ecl,aggregate_load,168,42,seasonal_naive,299440.39285714284
1970-01-01 00:00:00.000000074,ecl,aggregate_load,168,42,seasonal_naive,292143.2380952381
1970-01-01 00:00:00.000000074,ecl,aggregate_load,168,42,seasonal_naive,285757.40476190473
1970-01-01 00:00:00.000000074,ecl,aggregate_load,168,42,seasonal_naive,284366.8630952381
1970-01-01 00:00:00.000000074,ecl,aggregate_load,168,42,seasonal_naive,278642.51785714284
1970-01-01 00:00:00.000000074,ecl,aggregate_load,168,42,seasonal_naive,283105.0595238095
1970-01-01 00:00:00.000000074,ecl,aggregate_load,168,42,seasonal_naive,284847.64285714284
1970-01-01 00:00:00.000000074,ecl,aggregate_load,168,42,seasonal_naive,289894.0119047619
1970-01-01 00:00:00.000000074,ecl,aggregate_load,168,42,seasonal_naive,291042.57738095237
1970-01-01 00:00:00.000000074,ecl,aggregate_load,168,42,seasonal_naive,293199.7261904762
1970-01-01 00:00:00.000000074,ecl,aggregate_load,168,42,seasonal_naive,297725.4166666667
1970-01-01 00:00:00.000000074,ecl,aggregate_load,168,42,seasonal_naive,299488.6964285714
1970-01-01 00:00:00.000000074,ecl,aggregate_load,168,42,seasonal_naive,300394.78571428574
1970-01-01 00:00:00.000000074,ecl,aggregate_load,168,42,seasonal_naive,302987.6011904762
1970-01-01 00:00:00.000000074,ecl,aggregate_load,168,42,seasonal_naive,294933.3988095238
1970-01-01 00:00:00.000000074,ecl,aggregate_load,168,42,seasonal_naive,298636.1369047619
1970-01-01 00:00:00.000000074,ecl,aggregate_load,168,42,seasonal_naive,291758.27976190473
1970-01-01 00:00:00.000000074,ecl,aggregate_load,168,42,seasonal_naive,293512.96428571426
1970-01-01 00:00:00.000000074,ecl,aggregate_load,168,42,seasonal_naive,295064.3988095238
1970-01-01 00:00:00.000000074,ecl,aggregate_load,168,42,seasonal_naive,295101.01785714284
1970-01-01 00:00:00.000000074,ecl,aggregate_load,168,42,seasonal_naive,279312.89285714284
1970-01-01 00:00:00.000000074,ecl,aggregate_load,168,42,seasonal_naive,274129.96428571426
1970-01-01 00:00:00.000000074,ecl,aggregate_load,168,42,seasonal_naive,278873.27976190473
1970-01-01 00:00:00.000000074,ecl,aggregate_load,168,42,seasonal_naive,289830.21428571426
1970-01-01 00:00:00.000000074,ecl,aggregate_load,168,42,seasonal_naive,292358.78571428574
1970-01-01 00:00:00.000000074,ecl,aggregate_load,168,42,seasonal_naive,305093.0535714286
1970-01-01 00:00:00.000000074,ecl,aggregate_load,168,42,seasonal_naive,305434.5238095238
1970-01-01 00:00:00.000000074,ecl,aggregate_load,168,42,seasonal_naive,307017.0535714286
1970-01-01 00:00:00.000000074,ecl,aggregate_load,168,42,seasonal_naive,307783.1666666667
1970-01-01 00:00:00.000000074,ecl,aggregate_load,168,42,seasonal_naive,302511.4285714286
1970-01-01 00:00:00.000000074,ecl,aggregate_load,168,42,seasonal_naive,303717.7738095238
1970-01-01 00:00:00.000000074,ecl,aggregate_load,168,42,seasonal_naive,302522.6904761905
1970-01-01 00:00:00.000000074,ecl,aggregate_load,168,42,seasonal_naive,301169.45238095237
1970-01-01 00:00:00.000000074,ecl,aggregate_load,168,42,seasonal_naive,303552.07738095237
1970-01-01 00:00:00.000000074,ecl,aggregate_load,168,42,seasonal_naive,290169.6845238095
1970-01-01 00:00:00.000000074,ecl,aggregate_load,168,42,seasonal_naive,289639.13095238095
1970-01-01 00:00:00.000000074,ecl,aggregate_load,168,42,seasonal_naive,294619.40476190473
1970-01-01 00:00:00.000000074,ecl,aggregate_load,168,42,seasonal_naive,292641.3333333333
1970-01-01 00:00:00.000000074,ecl,aggregate_load,168,42,seasonal_naive,304218.2380952381
1970-01-01 00:00:00.000000074,ecl,aggregate_load,168,42,seasonal_naive,302866.77976190473
1970-01-01 00:00:00.000000074,ecl,aggregate_load,168,42,seasonal_naive,302649.00595238095
1970-01-01 00:00:00.000000074,ecl,aggregate_load,168,42,seasonal_naive,313926.4404761905
1970-01-01 00:00:00.000000074,ecl,aggregate_load,168,42,seasonal_naive,310319.67261904763
1970-01-01 00:00:00.000000074,ecl,aggregate_load,168,42,seasonal_naive,311859.22023809527
1970-01-01 00:00:00.000000074,ecl,aggregate_load,168,42,seasonal_naive,310881.4345238095
1970-01-01 00:00:00.000000074,ecl,aggregate_load,168,42,seasonal_naive,302787.4345238095
1970-01-01 00:00:00.000000074,ecl,aggregate_load,168,42,seasonal_naive,300421.8154761905
1970-01-01 00:00:00.000000074,ecl,aggregate_load,168,42,seasonal_naive,286959.6785714286
1970-01-01 00:00:00.000000074,ecl,aggregate_load,168,42,seasonal_naive,278425.10714285716
1970-01-01 00:00:00.000000074,ecl,aggregate_load,168,42,seasonal_naive,268584.8333333333
1970-01-01 00:00:00.000000074,ecl,aggregate_load,168,42,seasonal_naive,270187.98214285716
1970-01-01 00:00:00.000000074,ecl,aggregate_load,168,42,seasonal_naive,271800.6904761905
1970-01-01 00:00:00.000000074,ecl,aggregate_load,168,42,seasonal_naive,275903.84523809527
1970-01-01 00:00:00.000000074,ecl,aggregate_load,168,42,seasonal_naive,287797.83928571426
1970-01-01 00:00:00.000000074,ecl,aggregate_load,168,42,seasonal_naive,290274.34523809527
1970-01-01 00:00:00.000000074,ecl,aggregate_load,168,42,seasonal_naive,290820.7380952381
1970-01-01 00:00:00.000000074,ecl,aggregate_load,168,42,seasonal_naive,291017.57738095237
1970-01-01 00:00:00.000000074,ecl,aggregate_load,168,42,seasonal_naive,292100.1904761905
1970-01-01 00:00:00.000000074,ecl,aggregate_load,168,42,seasonal_naive,293145.2380952381
1970-01-01 00:00:00.000000075,ecl,aggregate_load,168,42,seasonal_naive,287323.59523809527
1970-01-01 00:00:00.000000075,ecl,aggregate_load,168,42,seasonal_naive,289436.875
1970-01-01 00:00:00.000000075,ecl,aggregate_load,168,42,seasonal_naive,290442.13095238095
1970-01-01 00:00:00.000000075,ecl,aggregate_load,168,42,seasonal_naive,275550.8988095238
1970-01-01 00:00:00.000000075,ecl,aggregate_load,168,42,seasonal_naive,277572.6845238095
1970-01-01 00:00:00.000000075,ecl,aggregate_load,168,42,seasonal_naive,286307.61904761905
1970-01-01 00:00:00.000000075,ecl,aggregate_load,168,42,seasonal_naive,277844.57738095237
1970-01-01 00:00:00.000000075,ecl,aggregate_load,168,42,seasonal_naive,282387.5119047619
1970-01-01 00:00:00.000000075,ecl,aggregate_load,168,42,seasonal_naive,299876.82738095237
1970-01-01 00:00:00.000000075,ecl,aggregate_load,168,42,seasonal_naive,306463.6785714286
1970-01-01 00:00:00.000000075,ecl,aggregate_load,168,42,seasonal_naive,311716.0238095238
1970-01-01 00:00:00.000000075,ecl,aggregate_load,168,42,seasonal_naive,313278.14285714284
1970-01-01 00:00:00.000000075,ecl,aggregate_load,168,42,seasonal_naive,317317.24404761905
1970-01-01 00:00:00.000000075,ecl,aggregate_load,168,42,seasonal_naive,318901.5595238095
1970-01-01 00:00:00.000000075,ecl,aggregate_load,168,42,seasonal_naive,316166.03571428574
1970-01-01 00:00:00.000000075,ecl,aggregate_load,168,42,seasonal_naive,325937.02976190473
1970-01-01 00:00:00.000000075,ecl,aggregate_load,168,42,seasonal_naive,325367.23214285716
1970-01-01 00:00:00.000000075,ecl,aggregate_load,168,42,seasonal_naive,330855.0119047619
1970-01-01 00:00:00.000000075,ecl,aggregate_load,168,42,seasonal_naive,330056.8333333333
1970-01-01 00:00:00.000000075,ecl,aggregate_load,168,42,seasonal_naive,333165.77976190473
1970-01-01 00:00:00.000000075,ecl,aggregate_load,168,42,seasonal_naive,330607.39285714284
1970-01-01 00:00:00.000000075,ecl,aggregate_load,168,42,seasonal_naive,342374.1785714286
1970-01-01 00:00:00.000000075,ecl,aggregate_load,168,42,seasonal_naive,349719.8630952381
1970-01-01 00:00:00.000000075,ecl,aggregate_load,168,42,seasonal_naive,360547.8154761905
1970-01-01 00:00:00.000000075,ecl,aggregate_load,168,42,seasonal_naive,370244.6488095238
1970-01-01 00:00:00.000000075,ecl,aggregate_load,168,42,seasonal_naive,366027.01785714284
1970-01-01 00:00:00.000000075,ecl,aggregate_load,168,42,seasonal_naive,357506.27976190473
1970-01-01 00:00:00.000000075,ecl,aggregate_load,168,42,seasonal_naive,357309.10714285716
1970-01-01 00:00:00.000000075,ecl,aggregate_load,168,42,seasonal_naive,354223.10714285716
1970-01-01 00:00:00.000000075,ecl,aggregate_load,168,42,seasonal_naive,345224.8988095238
1970-01-01 00:00:00.000000075,ecl,aggregate_load,168,42,seasonal_naive,349030.8630952381
1970-01-01 00:00:00.000000075,ecl,aggregate_load,168,42,seasonal_naive,343877.0
1970-01-01 00:00:00.000000075,ecl,aggregate_load,168,42,seasonal_naive,321707.6964285714
1970-01-01 00:00:00.000000075,ecl,aggregate_load,168,42,seasonal_naive,329300.7619047619
1970-01-01 00:00:00.000000075,ecl,aggregate_load,168,42,seasonal_naive,328566.73214285716
1970-01-01 00:00:00.000000075,ecl,aggregate_load,168,42,seasonal_naive,344562.48214285716
1970-01-01 00:00:00.000000075,ecl,aggregate_load,168,42,seasonal_naive,342401.25
1970-01-01 00:00:00.000000075,ecl,aggregate_load,168,42,seasonal_naive,341974.04761904763
1970-01-01 00:00:00.000000075,ecl,aggregate_load,168,42,seasonal_naive,343309.32738095237
1970-01-01 00:00:00.000000075,ecl,aggregate_load,168,42,seasonal_naive,345387.98214285716
1970-01-01 00:00:00.000000075,ecl,aggregate_load,168,42,seasonal_naive,347351.7619047619
1970-01-01 00:00:00.000000075,ecl,aggregate_load,168,42,seasonal_naive,336168.46428571426
1970-01-01 00:00:00.000000075,ecl,aggregate_load,168,42,seasonal_naive,320621.5833333333
1970-01-01 00:00:00.000000075,ecl,aggregate_load,168,42,seasonal_naive,317899.7261904762
1970-01-01 00:00:00.000000075,ecl,aggregate_load,168,42,seasonal_naive,318346.48214285716
1970-01-01 00:00:00.000000075,ecl,aggregate_load,168,42,seasonal_naive,309906.1011904762
1970-01-01 00:00:00.000000075,ecl,aggregate_load,168,42,seasonal_naive,316067.00595238095
1970-01-01 00:00:00.000000075,ecl,aggregate_load,168,42,seasonal_naive,302282.86904761905
1970-01-01 00:00:00.000000075,ecl,aggregate_load,168,42,seasonal_naive,298541.6130952381
1970-01-01 00:00:00.000000075,ecl,aggregate_load,168,42,seasonal_naive,300434.92261904763
1970-01-01 00:00:00.000000075,ecl,aggregate_load,168,42,seasonal_naive,304576.33928571426
1970-01-01 00:00:00.000000075,ecl,aggregate_load,168,42,seasonal_naive,305610.29761904763
1970-01-01 00:00:00.000000075,ecl,aggregate_load,168,42,seasonal_naive,305991.33928571426
1970-01-01 00:00:00.000000075,ecl,aggregate_load,168,42,seasonal_naive,309729.77976190473
1970-01-01 00:00:00.000000075,ecl,aggregate_load,168,42,seasonal_naive,305425.5833333333
1970-01-01 00:00:00.000000075,ecl,aggregate_load,168,42,seasonal_naive,312194.8333333333
1970-01-01 00:00:00.000000075,ecl,aggregate_load,168,42,seasonal_naive,322176.6369047619
1970-01-01 00:00:00.000000076,ecl,aggregate_load,168,42,seasonal_naive,307444.23214285716
1970-01-01 00:00:00.000000076,ecl,aggregate_load,168,42,seasonal_naive,305251.5416666667
1970-01-01 00:00:00.000000076,ecl,aggregate_load,168,42,seasonal_naive,285399.48214285716
1970-01-01 00:00:00.000000076,ecl,aggregate_load,168,42,seasonal_naive,285644.11904761905
1970-01-01 00:00:00.000000076,ecl,aggregate_load,168,42,seasonal_naive,292512.8333333333
1970-01-01 00:00:00.000000076,ecl,aggregate_load,168,42,seasonal_naive,293597.21428571426
1970-01-01 00:00:00.000000076,ecl,aggregate_load,168,42,seasonal_naive,278095.61904761905
1970-01-01 00:00:00.000000076,ecl,aggregate_load,168,42,seasonal_naive,275933.1011904762
1970-01-01 00:00:00.000000076,ecl,aggregate_load,168,42,seasonal_naive,277473.0595238095
1970-01-01 00:00:00.000000076,ecl,aggregate_load,168,42,seasonal_naive,283770.5119047619
1970-01-01 00:00:00.000000076,ecl,aggregate_load,168,42,seasonal_naive,286737.7619047619
1970-01-01 00:00:00.000000076,ecl,aggregate_load,168,42,seasonal_naive,289664.03571428574
1970-01-01 00:00:00.000000076,ecl,aggregate_load,168,42,seasonal_naive,289758.9166666667
1970-01-01 00:00:00.000000076,ecl,aggregate_load,168,42,seasonal_naive,271687.40476190473
1970-01-01 00:00:00.000000076,ecl,aggregate_load,168,42,seasonal_naive,275666.50595238095
1970-01-01 00:00:00.000000076,ecl,aggregate_load,168,42,seasonal_naive,272897.47023809527
1970-01-01 00:00:00.000000076,ecl,aggregate_load,168,42,seasonal_naive,273618.0595238095
1970-01-01 00:00:00.000000076,ecl,aggregate_load,168,42,seasonal_naive,266966.01785714284
1970-01-01 00:00:00.000000076,ecl,aggregate_load,168,42,seasonal_naive,268236.4345238095
1970-01-01 00:00:00.000000076,ecl,aggregate_load,168,42,seasonal_naive,271318.29761904763
1970-01-01 00:00:00.000000076,ecl,aggregate_load,168,42,seasonal_naive,270963.88095238095
1970-01-01 00:00:00.000000076,ecl,aggregate_load,168,42,seasonal_naive,277838.08928571426
1970-01-01 00:00:00.000000076,ecl,aggregate_load,168,42,seasonal_naive,271517.08928571426
1970-01-01 00:00:00.000000076,ecl,aggregate_load,168,42,seasonal_naive,261244.2619047619
1970-01-01 00:00:00.000000076,ecl,aggregate_load,168,42,seasonal_naive,269630.7916666667
1970-01-01 00:00:00.000000076,ecl,aggregate_load,168,42,seasonal_naive,269587.0
1970-01-01 00:00:00.000000076,ecl,aggregate_load,168,42,seasonal_naive,274035.7738095238
1970-01-01 00:00:00.000000076,ecl,aggregate_load,168,42,seasonal_naive,288844.11904761905
1970-01-01 00:00:00.000000076,ecl,aggregate_load,168,42,seasonal_naive,285130.54761904763
1970-01-01 00:00:00.000000076,ecl,aggregate_load,168,42,seasonal_naive,284153.3630952381
1970-01-01 00:00:00.000000076,ecl,aggregate_load,168,42,seasonal_naive,287818.1785714286
1970-01-01 00:00:00.000000076,ecl,aggregate_load,168,42,seasonal_naive,302032.23214285716
1970-01-01 00:00:00.000000076,ecl,aggregate_load,168,42,seasonal_naive,308936.41071428574
1970-01-01 00:00:00.000000076,ecl,aggregate_load,168,42,seasonal_naive,304519.5595238095
1970-01-01 00:00:00.000000076,ecl,aggregate_load,168,42,seasonal_naive,300352.45238095237
1970-01-01 00:00:00.000000076,ecl,aggregate_load,168,42,seasonal_naive,297612.7083333333
1970-01-01 00:00:00.000000076,ecl,aggregate_load,168,42,seasonal_naive,298754.8988095238
1970-01-01 00:00:00.000000076,ecl,aggregate_load,168,42,seasonal_naive,315977.125
1970-01-01 00:00:00.000000076,ecl,aggregate_load,168,42,seasonal_naive,328128.5119047619
1970-01-01 00:00:00.000000076,ecl,aggregate_load,168,42,seasonal_naive,325064.625
1970-01-01 00:00:00.000000076,ecl,aggregate_load,168,42,seasonal_naive,324575.00595238095
1970-01-01 00:00:00.000000076,ecl,aggregate_load,168,42,seasonal_naive,328846.5833333333
1970-01-01 00:00:00.000000076,ecl,aggregate_load,168,42,seasonal_naive,340094.2083333333
1970-01-01 00:00:00.000000076,ecl,aggregate_load,168,42,seasonal_naive,340668.4583333333
1970-01-01 00:00:00.000000076,ecl,aggregate_load,168,42,seasonal_naive,340193.04761904763
1970-01-01 00:00:00.000000076,ecl,aggregate_load,168,42,seasonal_naive,333281.5535714286
1970-01-01 00:00:00.000000076,ecl,aggregate_load,168,42,seasonal_naive,333461.0238095238
1970-01-01 00:00:00.000000076,ecl,aggregate_load,168,42,seasonal_naive,336055.3630952381
1970-01-01 00:00:00.000000076,ecl,aggregate_load,168,42,seasonal_naive,326665.29761904763
1970-01-01 00:00:00.000000076,ecl,aggregate_load,168,42,seasonal_naive,329622.0714285714
1970-01-01 00:00:00.000000076,ecl,aggregate_load,168,42,seasonal_naive,333956.63095238095
1970-01-01 00:00:00.000000076,ecl,aggregate_load,168,42,seasonal_naive,321426.74404761905
1970-01-01 00:00:00.000000076,ecl,aggregate_load,168,42,seasonal_naive,316396.5416666667
1970-01-01 00:00:00.000000076,ecl,aggregate_load,168,42,seasonal_naive,323906.27976190473
1970-01-01 00:00:00.000000076,ecl,aggregate_load,168,42,seasonal_naive,324162.8630952381
1970-01-01 00:00:00.000000076,ecl,aggregate_load,168,42,seasonal_naive,308322.09523809527
1970-01-01 00:00:00.000000076,ecl,aggregate_load,168,42,seasonal_naive,301670.91071428574
1970-01-01 00:00:00.000000076,ecl,aggregate_load,168,42,seasonal_naive,302057.61904761905
1970-01-01 00:00:00.000000076,ecl,aggregate_load,168,42,seasonal_naive,304139.3154761905
1970-01-01 00:00:00.000000076,ecl,aggregate_load,168,42,seasonal_naive,309469.73214285716
1970-01-01 00:00:00.000000076,ecl,aggregate_load,168,42,seasonal_naive,309593.84523809527
1970-01-01 00:00:00.000000076,ecl,aggregate_load,168,42,seasonal_naive,290987.70238095237
1970-01-01 00:00:00.000000076,ecl,aggregate_load,168,42,seasonal_naive,276256.375
1970-01-01 00:00:00.000000076,ecl,aggregate_load,168,42,seasonal_naive,276425.58928571426
1970-01-01 00:00:00.000000076,ecl,aggregate_load,168,42,seasonal_naive,275073.40476190473
1970-01-01 00:00:00.000000076,ecl,aggregate_load,168,42,seasonal_naive,272446.1011904762
1970-01-01 00:00:00.000000076,ecl,aggregate_load,168,42,seasonal_naive,265702.39285714284
1970-01-01 00:00:00.000000076,ecl,aggregate_load,168,42,seasonal_naive,265103.6904761905
1970-01-01 00:00:00.000000076,ecl,aggregate_load,168,42,seasonal_naive,266545.46428571426
1970-01-01 00:00:00.000000076,ecl,aggregate_load,168,42,seasonal_naive,269044.90476190473
1970-01-01 00:00:00.000000076,ecl,aggregate_load,168,42,seasonal_naive,270885.2083333333
1970-01-01 00:00:00.000000076,ecl,aggregate_load,168,42,seasonal_naive,268815.02976190473
1970-01-01 00:00:00.000000076,ecl,aggregate_load,168,42,seasonal_naive,271571.52976190473
1970-01-01 00:00:00.000000076,ecl,aggregate_load,168,42,seasonal_naive,274753.1130952381
1970-01-01 00:00:00.000000076,ecl,aggregate_load,168,42,seasonal_naive,267253.5833333333
1970-01-01 00:00:00.000000076,ecl,aggregate_load,168,42,seasonal_naive,267720.4464285714
1970-01-01 00:00:00.000000076,ecl,aggregate_load,168,42,seasonal_naive,269671.8630952381
1970-01-01 00:00:00.000000076,ecl,aggregate_load,168,42,seasonal_naive,264650.88095238095
1970-01-01 00:00:00.000000076,ecl,aggregate_load,168,42,seasonal_naive,267256.39285714284
1970-01-01 00:00:00.000000076,ecl,aggregate_load,168,42,seasonal_naive,274692.8511904762
1970-01-01 00:00:00.000000076,ecl,aggregate_load,168,42,seasonal_naive,275352.41071428574
1970-01-01 00:00:00.000000076,ecl,aggregate_load,168,42,seasonal_naive,276951.0238095238
1970-01-01 00:00:00.000000076,ecl,aggregate_load,168,42,seasonal_naive,285008.5
1970-01-01 00:00:00.000000076,ecl,aggregate_load,168,42,seasonal_naive,285390.50595238095
1970-01-01 00:00:00.000000076,ecl,aggregate_load,168,42,seasonal_naive,285612.79761904763
1970-01-01 00:00:00.000000076,ecl,aggregate_load,168,42,seasonal_naive,288200.9761904762
1970-01-01 00:00:00.000000076,ecl,aggregate_load,168,42,seasonal_naive,287821.51785714284
1970-01-01 00:00:00.000000076,ecl,aggregate_load,168,42,seasonal_naive,294114.53571428574
1970-01-01 00:00:00.000000076,ecl,aggregate_load,168,42,seasonal_naive,298415.1011904762
1970-01-01 00:00:00.000000076,ecl,aggregate_load,168,42,seasonal_naive,309312.7380952381
1970-01-01 00:00:00.000000076,ecl,aggregate_load,168,42,seasonal_naive,324806.1785714286
1970-01-01 00:00:00.000000076,ecl,aggregate_load,168,42,seasonal_naive,319435.5714285714
1970-01-01 00:00:00.000000076,ecl,aggregate_load,168,42,seasonal_naive,318769.8154761905
1970-01-01 00:00:00.000000077,ecl,aggregate_load,168,42,seasonal_naive,324204.74404761905
1970-01-01 00:00:00.000000077,ecl,aggregate_load,168,42,seasonal_naive,321174.48214285716
1970-01-01 00:00:00.000000077,ecl,aggregate_load,168,42,seasonal_naive,321098.8214285714
1970-01-01 00:00:00.000000077,ecl,aggregate_load,168,42,seasonal_naive,315887.03571428574
1970-01-01 00:00:00.000000077,ecl,aggregate_load,168,42,seasonal_naive,315018.7738095238
1970-01-01 00:00:00.000000077,ecl,aggregate_load,168,42,seasonal_naive,323866.5595238095
1970-01-01 00:00:00.000000077,ecl,aggregate_load,168,42,seasonal_naive,325988.1845238095
1970-01-01 00:00:00.000000077,ecl,aggregate_load,168,42,seasonal_naive,340022.92261904763
1970-01-01 00:00:00.000000077,ecl,aggregate_load,168,42,seasonal_naive,346914.9166666667
1970-01-01 00:00:00.000000077,ecl,aggregate_load,168,42,seasonal_naive,352929.7083333333
1970-01-01 00:00:00.000000077,ecl,aggregate_load,168,42,seasonal_naive,351208.1011904762
1970-01-01 00:00:00.000000077,ecl,aggregate_load,168,42,seasonal_naive,357389.4345238095
1970-01-01 00:00:00.000000077,ecl,aggregate_load,168,42,seasonal_naive,360464.07738095237
1970-01-01 00:00:00.000000077,ecl,aggregate_load,168,42,seasonal_naive,362327.3095238095
1970-01-01 00:00:00.000000077,ecl,aggregate_load,168,42,seasonal_naive,362539.32738095237
1970-01-01 00:00:00.000000077,ecl,aggregate_load,168,42,seasonal_naive,364124.8035714286
1970-01-01 00:00:00.000000077,ecl,aggregate_load,168,42,seasonal_naive,367922.16071428574
1970-01-01 00:00:00.000000077,ecl,aggregate_load,168,42,seasonal_naive,369939.03571428574
1970-01-01 00:00:00.000000077,ecl,aggregate_load,168,42,seasonal_naive,370688.4464285714
1970-01-01 00:00:00.000000077,ecl,aggregate_load,168,42,seasonal_naive,375668.11904761905
1970-01-01 00:00:00.000000077,ecl,aggregate_load,168,42,seasonal_naive,363242.3869047619
1970-01-01 00:00:00.000000077,ecl,aggregate_load,168,42,seasonal_naive,342290.7738095238
1970-01-01 00:00:00.000000077,ecl,aggregate_load,168,42,seasonal_naive,341541.39285714284
1970-01-01 00:00:00.000000077,ecl,aggregate_load,168,42,seasonal_naive,340351.22023809527
1970-01-01 00:00:00.000000077,ecl,aggregate_load,168,42,seasonal_naive,347327.3869047619
1970-01-01 00:00:00.000000077,ecl,aggregate_load,168,42,seasonal_naive,346225.8154761905
1970-01-01 00:00:00.000000077,ecl,aggregate_load,168,42,seasonal_naive,348087.7380952381
1970-01-01 00:00:00.000000077,ecl,aggregate_load,168,42,seasonal_naive,348296.8154761905
1970-01-01 00:00:00.000000077,ecl,aggregate_load,168,42,seasonal_naive,352061.7380952381
1970-01-01 00:00:00.000000077,ecl,aggregate_load,168,42,seasonal_naive,340664.0119047619
1970-01-01 00:00:00.000000077,ecl,aggregate_load,168,42,seasonal_naive,345509.75595238095
1970-01-01 00:00:00.000000077,ecl,aggregate_load,168,42,seasonal_naive,331296.0833333333
1970-01-01 00:00:00.000000077,ecl,aggregate_load,168,42,seasonal_naive,322181.0416666667
1970-01-01 00:00:00.000000077,ecl,aggregate_load,168,42,seasonal_naive,324480.3333333333
1970-01-01 00:00:00.000000077,ecl,aggregate_load,168,42,seasonal_naive,314964.63095238095
1970-01-01 00:00:00.000000077,ecl,aggregate_load,168,42,seasonal_naive,313505.9880952381
1970-01-01 00:00:00.000000077,ecl,aggregate_load,168,42,seasonal_naive,321054.1011904762
1970-01-01 00:00:00.000000077,ecl,aggregate_load,168,42,seasonal_naive,310242.99404761905
1970-01-01 00:00:00.000000077,ecl,aggregate_load,168,42,seasonal_naive,304777.26785714284
1970-01-01 00:00:00.000000077,ecl,aggregate_load,168,42,seasonal_naive,312005.4285714286
1970-01-01 00:00:00.000000077,ecl,aggregate_load,168,42,seasonal_naive,303884.4345238095
1970-01-01 00:00:00.000000077,ecl,aggregate_load,168,42,seasonal_naive,307123.00595238095
1970-01-01 00:00:00.000000077,ecl,aggregate_load,168,42,seasonal_naive,318772.79761904763
1970-01-01 00:00:00.000000077,ecl,aggregate_load,168,42,seasonal_naive,322937.3154761905
1970-01-01 00:00:00.000000077,ecl,aggregate_load,168,42,seasonal_naive,326047.0654761905
1970-01-01 00:00:00.000000077,ecl,aggregate_load,168,42,seasonal_naive,326634.39285714284
1970-01-01 00:00:00.000000078,ecl,aggregate_load,168,42,seasonal_naive,327602.3630952381
1970-01-01 00:00:00.000000078,ecl,aggregate_load,168,42,seasonal_naive,333398.0119047619
1970-01-01 00:00:00.000000078,ecl,aggregate_load,168,42,seasonal_naive,323389.0654761905
1970-01-01 00:00:00.000000078,ecl,aggregate_load,168,42,seasonal_naive,329494.97023809527
1970-01-01 00:00:00.000000078,ecl,aggregate_load,168,42,seasonal_naive,332257.78571428574
1970-01-01 00:00:00.000000078,ecl,aggregate_load,168,42,seasonal_naive,348928.5119047619
1970-01-01 00:00:00.000000078,ecl,aggregate_load,168,42,seasonal_naive,350269.8511904762
1970-01-01 00:00:00.000000078,ecl,aggregate_load,168,42,seasonal_naive,346224.11904761905
1970-01-01 00:00:00.000000078,ecl,aggregate_load,168,42,seasonal_naive,340752.79761904763
1970-01-01 00:00:00.000000078,ecl,aggregate_load,168,42,seasonal_naive,340953.20238095237
1970-01-01 00:00:00.000000078,ecl,aggregate_load,168,42,seasonal_naive,347696.86904761905
1970-01-01 00:00:00.000000078,ecl,aggregate_load,168,42,seasonal_naive,341287.74404761905
1970-01-01 00:00:00.000000078,ecl,aggregate_load,168,42,seasonal_naive,340903.0238095238
1970-01-01 00:00:00.000000078,ecl,aggregate_load,168,42,seasonal_naive,341710.0595238095
1970-01-01 00:00:00.000000078,ecl,aggregate_load,168,42,seasonal_naive,332328.86904761905
1970-01-01 00:00:00.000000078,ecl,aggregate_load,168,42,seasonal_naive,326103.8869047619
1970-01-01 00:00:00.000000078,ecl,aggregate_load,168,42,seasonal_naive,324635.42261904763
1970-01-01 00:00:00.000000078,ecl,aggregate_load,168,42,seasonal_naive,332090.4880952381
1970-01-01 00:00:00.000000078,ecl,aggregate_load,168,42,seasonal_naive,343539.5595238095
1970-01-01 00:00:00.000000078,ecl,aggregate_load,168,42,seasonal_naive,338951.51785714284
1970-01-01 00:00:00.000000078,ecl,aggregate_load,168,42,seasonal_naive,317465.125
1970-01-01 00:00:00.000000078,ecl,aggregate_load,168,42,seasonal_naive,301509.76785714284
1970-01-01 00:00:00.000000078,ecl,aggregate_load,168,42,seasonal_naive,300698.4166666667
1970-01-01 00:00:00.000000078,ecl,aggregate_load,168,42,seasonal_naive,300545.73214285716
1970-01-01 00:00:00.000000078,ecl,aggregate_load,168,42,seasonal_naive,304531.0
1970-01-01 00:00:00.000000078,ecl,aggregate_load,168,42,seasonal_naive,304671.45238095237
1970-01-01 00:00:00.000000078,ecl,aggregate_load,168,42,seasonal_naive,297023.4166666667
1970-01-01 00:00:00.000000078,ecl,aggregate_load,168,42,seasonal_naive,292482.60714285716
1970-01-01 00:00:00.000000078,ecl,aggregate_load,168,42,seasonal_naive,292652.3333333333
1970-01-01 00:00:00.000000078,ecl,aggregate_load,168,42,seasonal_naive,275336.32738095237
1970-01-01 00:00:00.000000078,ecl,aggregate_load,168,42,seasonal_naive,270104.5654761905
1970-01-01 00:00:00.000000078,ecl,aggregate_load,168,42,seasonal_naive,270075.11904761905
1970-01-01 00:00:00.000000078,ecl,aggregate_load,168,42,seasonal_naive,277775.46428571426
1970-01-01 00:00:00.000000078,ecl,aggregate_load,168,42,seasonal_naive,283250.21428571426
1970-01-01 00:00:00.000000078,ecl,aggregate_load,168,42,seasonal_naive,279462.77976190473
1970-01-01 00:00:00.000000078,ecl,aggregate_load,168,42,seasonal_naive,282155.70238095237
1970-01-01 00:00:00.000000078,ecl,aggregate_load,168,42,seasonal_naive,284440.24404761905
1970-01-01 00:00:00.000000078,ecl,aggregate_load,168,42,seasonal_naive,296912.375
1970-01-01 00:00:00.000000078,ecl,aggregate_load,168,42,seasonal_naive,298807.40476190473
1970-01-01 00:00:00.000000078,ecl,aggregate_load,168,42,seasonal_naive,313032.01785714284
1970-01-01 00:00:00.000000078,ecl,aggregate_load,168,42,seasonal_naive,316131.48214285716
1970-01-01 00:00:00.000000078,ecl,aggregate_load,168,42,seasonal_naive,300332.8630952381
1970-01-01 00:00:00.000000078,ecl,aggregate_load,168,42,seasonal_naive,288741.89285714284
1970-01-01 00:00:00.000000078,ecl,aggregate_load,168,42,seasonal_naive,293815.02976190473
1970-01-01 00:00:00.000000078,ecl,aggregate_load,168,42,seasonal_naive,293638.22023809527
1970-01-01 00:00:00.000000078,ecl,aggregate_load,168,42,seasonal_naive,297063.5416666667
1970-01-01 00:00:00.000000078,ecl,aggregate_load,168,42,seasonal_naive,297488.6488095238
1970-01-01 00:00:00.000000078,ecl,aggregate_load,168,42,seasonal_naive,299461.1785714286
1970-01-01 00:00:00.000000078,ecl,aggregate_load,168,42,seasonal_naive,298283.0654761905
1970-01-01 00:00:00.000000078,ecl,aggregate_load,168,42,seasonal_naive,303729.7619047619
1970-01-01 00:00:00.000000078,ecl,aggregate_load,168,42,seasonal_naive,316416.8154761905
1970-01-01 00:00:00.000000078,ecl,aggregate_load,168,42,seasonal_naive,318619.8988095238
1970-01-01 00:00:00.000000078,ecl,aggregate_load,168,42,seasonal_naive,320118.2619047619
1970-01-01 00:00:00.000000078,ecl,aggregate_load,168,42,seasonal_naive,321748.85714285716
1970-01-01 00:00:00.000000078,ecl,aggregate_load,168,42,seasonal_naive,320816.3035714286
1970-01-01 00:00:00.000000078,ecl,aggregate_load,168,42,seasonal_naive,322550.65476190473
1970-01-01 00:00:00.000000078,ecl,aggregate_load,168,42,seasonal_naive,326686.2380952381
1970-01-01 00:00:00.000000078,ecl,aggregate_load,168,42,seasonal_naive,323121.42261904763
1970-01-01 00:00:00.000000078,ecl,aggregate_load,168,42,seasonal_naive,330496.27976190473
1970-01-01 00:00:00.000000078,ecl,aggregate_load,168,42,seasonal_naive,333604.6488095238
1970-01-01 00:00:00.000000078,ecl,aggregate_load,168,42,seasonal_naive,332214.8333333333
1970-01-01 00:00:00.000000078,ecl,aggregate_load,168,42,seasonal_naive,316726.04761904763
1970-01-01 00:00:00.000000078,ecl,aggregate_load,168,42,seasonal_naive,323488.33928571426
1970-01-01 00:00:00.000000078,ecl,aggregate_load,168,42,seasonal_naive,309709.85714285716
1970-01-01 00:00:00.000000078,ecl,aggregate_load,168,42,seasonal_naive,311545.24404761905
1970-01-01 00:00:00.000000078,ecl,aggregate_load,168,42,seasonal_naive,320956.24404761905
1970-01-01 00:00:00.000000078,ecl,aggregate_load,168,42,seasonal_naive,330193.9464285714
1970-01-01 00:00:00.000000078,ecl,aggregate_load,168,42,seasonal_naive,322458.86904761905
1970-01-01 00:00:00.000000078,ecl,aggregate_load,168,42,seasonal_naive,330054.14285714284
1970-01-01 00:00:00.000000078,ecl,aggregate_load,168,42,seasonal_naive,327067.3095238095
1970-01-01 00:00:00.000000078,ecl,aggregate_load,168,42,seasonal_naive,337012.9464285714
1970-01-01 00:00:00.000000078,ecl,aggregate_load,168,42,seasonal_naive,345105.9345238095
1970-01-01 00:00:00.000000078,ecl,aggregate_load,168,42,seasonal_naive,349430.92261904763
1970-01-01 00:00:00.000000078,ecl,aggregate_load,168,42,seasonal_naive,336099.58928571426
1970-01-01 00:00:00.000000078,ecl,aggregate_load,168,42,seasonal_naive,321693.15476190473
1970-01-01 00:00:00.000000079,ecl,aggregate_load,168,42,seasonal_naive,321728.79761904763
1970-01-01 00:00:00.000000079,ecl,aggregate_load,168,42,seasonal_naive,328454.1904761905
1970-01-01 00:00:00.000000079,ecl,aggregate_load,168,42,seasonal_naive,330274.64285714284
1970-01-01 00:00:00.000000079,ecl,aggregate_load,168,42,seasonal_naive,343337.38095238095
1970-01-01 00:00:00.000000079,ecl,aggregate_load,168,42,seasonal_naive,345127.125
1970-01-01 00:00:00.000000079,ecl,aggregate_load,168,42,seasonal_naive,333025.59523809527
1970-01-01 00:00:00.000000079,ecl,aggregate_load,168,42,seasonal_naive,337065.75
1970-01-01 00:00:00.000000079,ecl,aggregate_load,168,42,seasonal_naive,330874.00595238095
1970-01-01 00:00:00.000000079,ecl,aggregate_load,168,42,seasonal_naive,331072.9583333333
1970-01-01 00:00:00.000000079,ecl,aggregate_load,168,42,seasonal_naive,338264.47023809527
1970-01-01 00:00:00.000000079,ecl,aggregate_load,168,42,seasonal_naive,338406.57738095237
1970-01-01 00:00:00.000000079,ecl,aggregate_load,168,42,seasonal_naive,335112.4880952381
1970-01-01 00:00:00.000000079,ecl,aggregate_load,168,42,seasonal_naive,345249.98214285716
1970-01-01 00:00:00.000000079,ecl,aggregate_load,168,42,seasonal_naive,347168.20238095237
1970-01-01 00:00:00.000000079,ecl,aggregate_load,168,42,seasonal_naive,335289.9404761905
1970-01-01 00:00:00.000000079,ecl,aggregate_load,168,42,seasonal_naive,329574.70238095237
1970-01-01 00:00:00.000000079,ecl,aggregate_load,168,42,seasonal_naive,341377.7083333333
1970-01-01 00:00:00.000000079,ecl,aggregate_load,168,42,seasonal_naive,335777.99404761905
1970-01-01 00:00:00.000000079,ecl,aggregate_load,168,42,seasonal_naive,338995.5654761905
1970-01-01 00:00:00.000000079,ecl,aggregate_load,168,42,seasonal_naive,327312.125
1970-01-01 00:00:00.000000079,ecl,aggregate_load,168,42,seasonal_naive,323402.5
1970-01-01 00:00:00.000000079,ecl,aggregate_load,168,42,seasonal_naive,321934.2619047619
1970-01-01 00:00:00.000000079,ecl,aggregate_load,168,42,seasonal_naive,332710.5535714286
1970-01-01 00:00:00.000000079,ecl,aggregate_load,168,42,seasonal_naive,335200.48214285716
1970-01-01 00:00:00.000000079,ecl,aggregate_load,168,42,seasonal_naive,334435.0714285714
1970-01-01 00:00:00.000000079,ecl,aggregate_load,168,42,seasonal_naive,330149.08928571426
1970-01-01 00:00:00.000000079,ecl,aggregate_load,168,42,seasonal_naive,333461.9404761905
1970-01-01 00:00:00.000000079,ecl,aggregate_load,168,42,seasonal_naive,328677.8630952381
1970-01-01 00:00:00.000000079,ecl,aggregate_load,168,42,seasonal_naive,331188.0833333333
1970-01-01 00:00:00.000000079,ecl,aggregate_load,168,42,seasonal_naive,337983.02976190473
1970-01-01 00:00:00.000000079,ecl,aggregate_load,168,42,seasonal_naive,343499.2261904762
1970-01-01 00:00:00.000000079,ecl,aggregate_load,168,42,seasonal_naive,353142.15476190473
1970-01-01 00:00:00.000000079,ecl,aggregate_load,168,42,seasonal_naive,349901.52976190473
1970-01-01 00:00:00.000000079,ecl,aggregate_load,168,42,seasonal_naive,344240.2916666667
1970-01-01 00:00:00.000000079,ecl,aggregate_load,168,42,seasonal_naive,347792.39285714284
1970-01-01 00:00:00.000000079,ecl,aggregate_load,168,42,seasonal_naive,356014.85714285716
1970-01-01 00:00:00.000000079,ecl,aggregate_load,168,42,seasonal_naive,346645.2261904762
1970-01-01 00:00:00.000000079,ecl,aggregate_load,168,42,seasonal_naive,354390.41071428574
1970-01-01 00:00:00.000000079,ecl,aggregate_load,168,42,seasonal_naive,357032.02976190473
1970-01-01 00:00:00.000000079,ecl,aggregate_load,168,42,seasonal_naive,356438.0238095238
1970-01-01 00:00:00.000000080,ecl,aggregate_load,168,42,seasonal_naive,343579.0416666667
1970-01-01 00:00:00.000000080,ecl,aggregate_load,168,42,seasonal_naive,342165.8630952381
1970-01-01 00:00:00.000000080,ecl,aggregate_load,168,42,seasonal_naive,346277.6130952381
1970-01-01 00:00:00.000000080,ecl,aggregate_load,168,42,seasonal_naive,346212.1845238095
1970-01-01 00:00:00.000000080,ecl,aggregate_load,168,42,seasonal_naive,341201.3154761905
1970-01-01 00:00:00.000000080,ecl,aggregate_load,168,42,seasonal_naive,336597.22023809527
1970-01-01 00:00:00.000000080,ecl,aggregate_load,168,42,seasonal_naive,324181.0238095238
1970-01-01 00:00:00.000000080,ecl,aggregate_load,168,42,seasonal_naive,334630.125
1970-01-01 00:00:00.000000080,ecl,aggregate_load,168,42,seasonal_naive,338769.8333333333
1970-01-01 00:00:00.000000080,ecl,aggregate_load,168,42,seasonal_naive,341414.13095238095
1970-01-01 00:00:00.000000080,ecl,aggregate_load,168,42,seasonal_naive,338916.78571428574
1970-01-01 00:00:00.000000080,ecl,aggregate_load,168,42,seasonal_naive,327911.52976190473
1970-01-01 00:00:00.000000080,ecl,aggregate_load,168,42,seasonal_naive,330957.2619047619
1970-01-01 00:00:00.000000080,ecl,aggregate_load,168,42,seasonal_naive,328073.8333333333
1970-01-01 00:00:00.000000080,ecl,aggregate_load,168,42,seasonal_naive,315339.84523809527
1970-01-01 00:00:00.000000080,ecl,aggregate_load,168,42,seasonal_naive,304612.7380952381
1970-01-01 00:00:00.000000080,ecl,aggregate_load,168,42,seasonal_naive,310810.90476190473
1970-01-01 00:00:00.000000080,ecl,aggregate_load,168,42,seasonal_naive,312795.4761904762
1970-01-01 00:00:00.000000080,ecl,aggregate_load,168,42,seasonal_naive,315254.1904761905
1970-01-01 00:00:00.000000080,ecl,aggregate_load,168,42,seasonal_naive,321099.09523809527
1970-01-01 00:00:00.000000080,ecl,aggregate_load,168,42,seasonal_naive,323291.6369047619
1970-01-01 00:00:00.000000080,ecl,aggregate_load,168,42,seasonal_naive,326646.1130952381
1970-01-01 00:00:00.000000080,ecl,aggregate_load,168,42,seasonal_naive,339296.95238095237
1970-01-01 00:00:00.000000080,ecl,aggregate_load,168,42,seasonal_naive,348574.8511904762
1970-01-01 00:00:00.000000080,ecl,aggregate_load,168,42,seasonal_naive,360010.5654761905
1970-01-01 00:00:00.000000080,ecl,aggregate_load,168,42,seasonal_naive,363910.6845238095
1970-01-01 00:00:00.000000080,ecl,aggregate_load,168,42,seasonal_naive,365607.5654761905
1970-01-01 00:00:00.000000080,ecl,aggregate_load,168,42,seasonal_naive,366327.49404761905
1970-01-01 00:00:00.000000080,ecl,aggregate_load,168,42,seasonal_naive,361313.8154761905
1970-01-01 00:00:00.000000080,ecl,aggregate_load,168,42,seasonal_naive,364208.8511904762
1970-01-01 00:00:00.000000080,ecl,aggregate_load,168,42,seasonal_naive,373462.0535714286
1970-01-01 00:00:00.000000080,ecl,aggregate_load,168,42,seasonal_naive,378639.58928571426
1970-01-01 00:00:00.000000080,ecl,aggregate_load,168,42,seasonal_naive,385491.3095238095
1970-01-01 00:00:00.000000080,ecl,aggregate_load,168,42,seasonal_naive,382242.875
1970-01-01 00:00:00.000000080,ecl,aggregate_load,168,42,seasonal_naive,383082.875
1970-01-01 00:00:00.000000080,ecl,aggregate_load,168,42,seasonal_naive,384222.8095238095
1970-01-01 00:00:00.000000080,ecl,aggregate_load,168,42,seasonal_naive,381704.7619047619
1970-01-01 00:00:00.000000080,ecl,aggregate_load,168,42,seasonal_naive,391865.73214285716
1970-01-01 00:00:00.000000080,ecl,aggregate_load,168,42,seasonal_naive,394783.25595238095
1970-01-01 00:00:00.000000080,ecl,aggregate_load,168,42,seasonal_naive,398918.76785714284
1970-01-01 00:00:00.000000080,ecl,aggregate_load,168,42,seasonal_naive,395578.6488095238
1970-01-01 00:00:00.000000080,ecl,aggregate_load,168,42,seasonal_naive,393526.71428571426
1970-01-01 00:00:00.000000080,ecl,aggregate_load,168,42,seasonal_naive,392708.4404761905
1970-01-01 00:00:00.000000080,ecl,aggregate_load,168,42,seasonal_naive,373779.67261904763
1970-01-01 00:00:00.000000080,ecl,aggregate_load,168,42,seasonal_naive,373412.34523809527
1970-01-01 00:00:00.000000080,ecl,aggregate_load,168,42,seasonal_naive,358777.8095238095
1970-01-01 00:00:00.000000080,ecl,aggregate_load,168,42,seasonal_naive,350154.7916666667
1970-01-01 00:00:00.000000080,ecl,aggregate_load,168,42,seasonal_naive,337915.4761904762
1970-01-01 00:00:00.000000080,ecl,aggregate_load,168,42,seasonal_naive,326031.07738095237
1970-01-01 00:00:00.000000081,ecl,aggregate_load,168,42,seasonal_naive,323092.625
1970-01-01 00:00:00.000000081,ecl,aggregate_load,168,42,seasonal_naive,314723.72023809527
1970-01-01 00:00:00.000000081,ecl,aggregate_load,168,42,seasonal_naive,326060.0
1970-01-01 00:00:00.000000081,ecl,aggregate_load,168,42,seasonal_naive,324648.2738095238
1970-01-01 00:00:00.000000081,ecl,aggregate_load,168,42,seasonal_naive,324358.32738095237
1970-01-01 00:00:00.000000081,ecl,aggregate_load,168,42,seasonal_naive,321071.88095238095
1970-01-01 00:00:00.000000081,ecl,aggregate_load,168,42,seasonal_naive,302107.6130952381
1970-01-01 00:00:00.000000081,ecl,aggregate_load,168,42,seasonal_naive,304197.7083333333
1970-01-01 00:00:00.000000081,ecl,aggregate_load,168,42,seasonal_naive,311396.08928571426
1970-01-01 00:00:00.000000081,ecl,aggregate_load,168,42,seasonal_naive,312561.6130952381
1970-01-01 00:00:00.000000081,ecl,aggregate_load,168,42,seasonal_naive,330396.7619047619
1970-01-01 00:00:00.000000081,ecl,aggregate_load,168,42,seasonal_naive,338801.1488095238
1970-01-01 00:00:00.000000081,ecl,aggregate_load,168,42,seasonal_naive,325439.10714285716
1970-01-01 00:00:00.000000081,ecl,aggregate_load,168,42,seasonal_naive,328290.8869047619
1970-01-01 00:00:00.000000081,ecl,aggregate_load,168,42,seasonal_naive,335186.38095238095
1970-01-01 00:00:00.000000081,ecl,aggregate_load,168,42,seasonal_naive,327136.10714285716
1970-01-01 00:00:00.000000081,ecl,aggregate_load,168,42,seasonal_naive,327432.5595238095
1970-01-01 00:00:00.000000081,ecl,aggregate_load,168,42,seasonal_naive,324053.8988095238
1970-01-01 00:00:00.000000081,ecl,aggregate_load,168,42,seasonal_naive,325904.75
1970-01-01 00:00:00.000000081,ecl,aggregate_load,168,42,seasonal_naive,326180.8869047619
1970-01-01 00:00:00.000000081,ecl,aggregate_load,168,42,seasonal_naive,325431.28571428574
1970-01-01 00:00:00.000000081,ecl,aggregate_load,168,42,seasonal_naive,329794.6964285714
1970-01-01 00:00:00.000000081,ecl,aggregate_load,168,42,seasonal_naive,331011.8154761905
1970-01-01 00:00:00.000000081,ecl,aggregate_load,168,42,seasonal_naive,330956.75
1970-01-01 00:00:00.000000081,ecl,aggregate_load,168,42,seasonal_naive,333708.54761904763
1970-01-01 00:00:00.000000081,ecl,aggregate_load,168,42,seasonal_naive,334583.38095238095
1970-01-01 00:00:00.000000081,ecl,aggregate_load,168,42,seasonal_naive,328141.45238095237
1970-01-01 00:00:00.000000081,ecl,aggregate_load,168,42,seasonal_naive,327551.26785714284
1970-01-01 00:00:00.000000081,ecl,aggregate_load,168,42,seasonal_naive,338026.6904761905
1970-01-01 00:00:00.000000081,ecl,aggregate_load,168,42,seasonal_naive,339518.72023809527
1970-01-01 00:00:00.000000081,ecl,aggregate_load,168,42,seasonal_naive,342322.0535714286
1970-01-01 00:00:00.000000081,ecl,aggregate_load,168,42,seasonal_naive,325866.21428571426
1970-01-01 00:00:00.000000081,ecl,aggregate_load,168,42,seasonal_naive,318900.91071428574
1970-01-01 00:00:00.000000081,ecl,aggregate_load,168,42,seasonal_naive,320868.48214285716
1970-01-01 00:00:00.000000081,ecl,aggregate_load,168,42,seasonal_naive,301568.65476190473
1970-01-01 00:00:00.000000081,ecl,aggregate_load,168,42,seasonal_naive,294164.59523809527
1970-01-01 00:00:00.000000081,ecl,aggregate_load,168,42,seasonal_naive,311728.95238095237
1970-01-01 00:00:00.000000081,ecl,aggregate_load,168,42,seasonal_naive,321986.3988095238
1970-01-01 00:00:00.000000081,ecl,aggregate_load,168,42,seasonal_naive,309577.38095238095
1970-01-01 00:00:00.000000081,ecl,aggregate_load,168,42,seasonal_naive,321689.4583333333
1970-01-01 00:00:00.000000081,ecl,aggregate_load,168,42,seasonal_naive,328987.85714285716
1970-01-01 00:00:00.000000081,ecl,aggregate_load,168,42,seasonal_naive,335926.34523809527
1970-01-01 00:00:00.000000081,ecl,aggregate_load,168,42,seasonal_naive,335216.7916666667
1970-01-01 00:00:00.000000081,ecl,aggregate_load,168,42,seasonal_naive,343829.2083333333
1970-01-01 00:00:00.000000081,ecl,aggregate_load,168,42,seasonal_naive,352428.58928571426
1970-01-01 00:00:00.000000081,ecl,aggregate_load,168,42,seasonal_naive,342243.1904761905
1970-01-01 00:00:00.000000081,ecl,aggregate_load,168,42,seasonal_naive,347953.7916666667
1970-01-01 00:00:00.000000081,ecl,aggregate_load,168,42,seasonal_naive,348041.2083333333
1970-01-01 00:00:00.000000081,ecl,aggregate_load,168,42,seasonal_naive,360536.17261904763
1970-01-01 00:00:00.000000081,ecl,aggregate_load,168,42,seasonal_naive,364986.65476190473
1970-01-01 00:00:00.000000081,ecl,aggregate_load,168,42,seasonal_naive,363030.4761904762
1970-01-01 00:00:00.000000081,ecl,aggregate_load,168,42,seasonal_naive,367262.58928571426
1970-01-01 00:00:00.000000081,ecl,aggregate_load,168,42,seasonal_naive,353260.2738095238
1970-01-01 00:00:00.000000081,ecl,aggregate_load,168,42,seasonal_naive,343917.6845238095
1970-01-01 00:00:00.000000081,ecl,aggregate_load,168,42,seasonal_naive,345062.33928571426
1970-01-01 00:00:00.000000081,ecl,aggregate_load,168,42,seasonal_naive,346237.8630952381
1970-01-01 00:00:00.000000081,ecl,aggregate_load,168,42,seasonal_naive,351680.46428571426
1970-01-01 00:00:00.000000081,ecl,aggregate_load,168,42,seasonal_naive,359199.4285714286
1970-01-01 00:00:00.000000081,ecl,aggregate_load,168,42,seasonal_naive,361268.95238095237
1970-01-01 00:00:00.000000081,ecl,aggregate_load,168,42,seasonal_naive,367161.7916666667
1970-01-01 00:00:00.000000081,ecl,aggregate_load,168,42,seasonal_naive,348056.3095238095
1970-01-01 00:00:00.000000082,ecl,aggregate_load,168,42,seasonal_naive,328698.75
1970-01-01 00:00:00.000000082,ecl,aggregate_load,168,42,seasonal_naive,331553.5714285714
1970-01-01 00:00:00.000000082,ecl,aggregate_load,168,42,seasonal_naive,320155.5595238095
1970-01-01 00:00:00.000000082,ecl,aggregate_load,168,42,seasonal_naive,312567.74404761905
1970-01-01 00:00:00.000000082,ecl,aggregate_load,168,42,seasonal_naive,299791.8988095238
1970-01-01 00:00:00.000000082,ecl,aggregate_load,168,42,seasonal_naive,299167.0535714286
1970-01-01 00:00:00.000000082,ecl,aggregate_load,168,42,seasonal_naive,289098.5535714286
1970-01-01 00:00:00.000000082,ecl,aggregate_load,168,42,seasonal_naive,287716.53571428574
1970-01-01 00:00:00.000000082,ecl,aggregate_load,168,42,seasonal_naive,289081.29761904763
1970-01-01 00:00:00.000000082,ecl,aggregate_load,168,42,seasonal_naive,294391.54761904763
1970-01-01 00:00:00.000000082,ecl,aggregate_load,168,42,seasonal_naive,297136.6904761905
1970-01-01 00:00:00.000000082,ecl,aggregate_load,168,42,seasonal_naive,291521.2083333333
1970-01-01 00:00:00.000000082,ecl,aggregate_load,168,42,seasonal_naive,289999.34523809527
1970-01-01 00:00:00.000000082,ecl,aggregate_load,168,42,seasonal_naive,282607.51785714284
1970-01-01 00:00:00.000000082,ecl,aggregate_load,168,42,seasonal_naive,288424.24404761905
1970-01-01 00:00:00.000000082,ecl,aggregate_load,168,42,seasonal_naive,290384.4285714286
1970-01-01 00:00:00.000000082,ecl,aggregate_load,168,42,seasonal_naive,291760.74404761905
1970-01-01 00:00:00.000000082,ecl,aggregate_load,168,42,seasonal_naive,301941.3630952381
1970-01-01 00:00:00.000000082,ecl,aggregate_load,168,42,seasonal_naive,301712.11904761905
1970-01-01 00:00:00.000000082,ecl,aggregate_load,168,42,seasonal_naive,309350.26785714284
1970-01-01 00:00:00.000000082,ecl,aggregate_load,168,42,seasonal_naive,299396.2083333333
1970-01-01 00:00:00.000000082,ecl,aggregate_load,168,42,seasonal_naive,308185.3095238095
1970-01-01 00:00:00.000000082,ecl,aggregate_load,168,42,seasonal_naive,306825.4880952381
1970-01-01 00:00:00.000000082,ecl,aggregate_load,168,42,seasonal_naive,310564.5119047619
1970-01-01 00:00:00.000000082,ecl,aggregate_load,168,42,seasonal_naive,318187.4761904762
1970-01-01 00:00:00.000000082,ecl,aggregate_load,168,42,seasonal_naive,319941.3154761905
1970-01-01 00:00:00.000000082,ecl,aggregate_load,168,42,seasonal_naive,320388.3214285714
1970-01-01 00:00:00.000000082,ecl,aggregate_load,168,42,seasonal_naive,332477.71428571426
1970-01-01 00:00:00.000000082,ecl,aggregate_load,168,42,seasonal_naive,337426.78571428574
1970-01-01 00:00:00.000000082,ecl,aggregate_load,168,42,seasonal_naive,336655.41071428574
1970-01-01 00:00:00.000000082,ecl,aggregate_load,168,42,seasonal_naive,334519.13095238095
1970-01-01 00:00:00.000000082,ecl,aggregate_load,168,42,seasonal_naive,328344.79761904763
1970-01-01 00:00:00.000000082,ecl,aggregate_load,168,42,seasonal_naive,331681.9880952381
1970-01-01 00:00:00.000000082,ecl,aggregate_load,168,42,seasonal_naive,325965.07738095237
1970-01-01 00:00:00.000000082,ecl,aggregate_load,168,42,seasonal_naive,330130.7380952381
1970-01-01 00:00:00.000000082,ecl,aggregate_load,168,42,seasonal_naive,323838.5
1970-01-01 00:00:00.000000082,ecl,aggregate_load,168,42,seasonal_naive,331750.5238095238
1970-01-01 00:00:00.000000083,ecl,aggregate_load,168,42,seasonal_naive,336914.88095238095
1970-01-01 00:00:00.000000083,ecl,aggregate_load,168,42,seasonal_naive,325932.6904761905
1970-01-01 00:00:00.000000083,ecl,aggregate_load,168,42,seasonal_naive,326251.96428571426
1970-01-01 00:00:00.000000083,ecl,aggregate_load,168,42,seasonal_naive,327912.3214285714
1970-01-01 00:00:00.000000083,ecl,aggregate_load,168,42,seasonal_naive,317996.3214285714
1970-01-01 00:00:00.000000083,ecl,aggregate_load,168,42,seasonal_naive,317076.85714285716
1970-01-01 00:00:00.000000083,ecl,aggregate_load,168,42,seasonal_naive,299247.3988095238
1970-01-01 00:00:00.000000083,ecl,aggregate_load,168,42,seasonal_naive,304382.84523809527
1970-01-01 00:00:00.000000083,ecl,aggregate_load,168,42,seasonal_naive,293348.96428571426
1970-01-01 00:00:00.000000083,ecl,aggregate_load,168,42,seasonal_naive,296118.1666666667
1970-01-01 00:00:00.000000083,ecl,aggregate_load,168,42,seasonal_naive,306042.1130952381
1970-01-01 00:00:00.000000083,ecl,aggregate_load,168,42,seasonal_naive,306322.35714285716
1970-01-01 00:00:00.000000083,ecl,aggregate_load,168,42,seasonal_naive,310210.35714285716
1970-01-01 00:00:00.000000083,ecl,aggregate_load,168,42,seasonal_naive,314825.74404761905
1970-01-01 00:00:00.000000083,ecl,aggregate_load,168,42,seasonal_naive,302602.4285714286
1970-01-01 00:00:00.000000083,ecl,aggregate_load,168,42,seasonal_naive,306714.7261904762
1970-01-01 00:00:00.000000083,ecl,aggregate_load,168,42,seasonal_naive,309122.98214285716
1970-01-01 00:00:00.000000083,ecl,aggregate_load,168,42,seasonal_naive,323171.3630952381
1970-01-01 00:00:00.000000083,ecl,aggregate_load,168,42,seasonal_naive,321989.0
1970-01-01 00:00:00.000000083,ecl,aggregate_load,168,42,seasonal_naive,324678.88095238095
1970-01-01 00:00:00.000000083,ecl,aggregate_load,168,42,seasonal_naive,316331.98214285716
1970-01-01 00:00:00.000000083,ecl,aggregate_load,168,42,seasonal_naive,314500.53571428574
1970-01-01 00:00:00.000000083,ecl,aggregate_load,168,42,seasonal_naive,316357.91071428574
1970-01-01 00:00:00.000000083,ecl,aggregate_load,168,42,seasonal_naive,310219.625
1970-01-01 00:00:00.000000083,ecl,aggregate_load,168,42,seasonal_naive,308732.6964285714
1970-01-01 00:00:00.000000083,ecl,aggregate_load,168,42,seasonal_naive,310763.9880952381
1970-01-01 00:00:00.000000083,ecl,aggregate_load,168,42,seasonal_naive,321970.7619047619
1970-01-01 00:00:00.000000083,ecl,aggregate_load,168,42,seasonal_naive,324437.125
1970-01-01 00:00:00.000000083,ecl,aggregate_load,168,42,seasonal_naive,327797.6904761905
1970-01-01 00:00:00.000000083,ecl,aggregate_load,168,42,seasonal_naive,329913.91071428574
1970-01-01 00:00:00.000000083,ecl,aggregate_load,168,42,seasonal_naive,332183.17261904763
1970-01-01 00:00:00.000000083,ecl,aggregate_load,168,42,seasonal_naive,323343.10714285716
1970-01-01 00:00:00.000000083,ecl,aggregate_load,168,42,seasonal_naive,325557.40476190473
1970-01-01 00:00:00.000000083,ecl,aggregate_load,168,42,seasonal_naive,316398.60714285716
1970-01-01 00:00:00.000000083,ecl,aggregate_load,168,42,seasonal_naive,304646.07738095237
1970-01-01 00:00:00.000000083,ecl,aggregate_load,168,42,seasonal_naive,304113.3095238095
1970-01-01 00:00:00.000000083,ecl,aggregate_load,168,42,seasonal_naive,304933.1845238095
1970-01-01 00:00:00.000000083,ecl,aggregate_load,168,42,seasonal_naive,302253.23214285716
1970-01-01 00:00:00.000000083,ecl,aggregate_load,168,42,seasonal_naive,306039.46428571426
1970-01-01 00:00:00.000000083,ecl,aggregate_load,168,42,seasonal_naive,302825.82738095237
1970-01-01 00:00:00.000000083,ecl,aggregate_load,168,42,seasonal_naive,304408.09523809527
1970-01-01 00:00:00.000000084,ecl,aggregate_load,168,42,seasonal_naive,293176.6785714286
1970-01-01 00:00:00.000000084,ecl,aggregate_load,168,42,seasonal_naive,289535.02976190473
1970-01-01 00:00:00.000000084,ecl,aggregate_load,168,42,seasonal_naive,288214.2619047619
1970-01-01 00:00:00.000000084,ecl,aggregate_load,168,42,seasonal_naive,287531.3630952381
1970-01-01 00:00:00.000000084,ecl,aggregate_load,168,42,seasonal_naive,287596.8333333333
1970-01-01 00:00:00.000000084,ecl,aggregate_load,168,42,seasonal_naive,286251.5
1970-01-01 00:00:00.000000084,ecl,aggregate_load,168,42,seasonal_naive,278252.8154761905
1970-01-01 00:00:00.000000084,ecl,aggregate_load,168,42,seasonal_naive,279722.7261904762
1970-01-01 00:00:00.000000084,ecl,aggregate_load,168,42,seasonal_naive,279267.85714285716
1970-01-01 00:00:00.000000084,ecl,aggregate_load,168,42,seasonal_naive,271395.70238095237
1970-01-01 00:00:00.000000084,ecl,aggregate_load,168,42,seasonal_naive,283401.59523809527
1970-01-01 00:00:00.000000084,ecl,aggregate_load,168,42,seasonal_naive,291718.375
1970-01-01 00:00:00.000000084,ecl,aggregate_load,168,42,seasonal_naive,301088.23214285716
1970-01-01 00:00:00.000000084,ecl,aggregate_load,168,42,seasonal_naive,301933.625
1970-01-01 00:00:00.000000084,ecl,aggregate_load,168,42,seasonal_naive,301503.04761904763
1970-01-01 00:00:00.000000084,ecl,aggregate_load,168,42,seasonal_naive,297892.5595238095
1970-01-01 00:00:00.000000084,ecl,aggregate_load,168,42,seasonal_naive,303255.7083333333
1970-01-01 00:00:00.000000084,ecl,aggregate_load,168,42,seasonal_naive,304441.51785714284
1970-01-01 00:00:00.000000084,ecl,aggregate_load,168,42,seasonal_naive,307766.49404761905
1970-01-01 00:00:00.000000084,ecl,aggregate_load,168,42,seasonal_naive,293912.63095238095
1970-01-01 00:00:00.000000084,ecl,aggregate_load,168,42,seasonal_naive,292251.7916666667
1970-01-01 00:00:00.000000084,ecl,aggregate_load,168,42,seasonal_naive,291515.8154761905
1970-01-01 00:00:00.000000084,ecl,aggregate_load,168,42,seasonal_naive,296664.22023809527
1970-01-01 00:00:00.000000085,ecl,aggregate_load,168,42,seasonal_naive,293454.3154761905
1970-01-01 00:00:00.000000085,ecl,aggregate_load,168,42,seasonal_naive,301676.6964285714
1970-01-01 00:00:00.000000085,ecl,aggregate_load,168,42,seasonal_naive,310298.4761904762
1970-01-01 00:00:00.000000085,ecl,aggregate_load,168,42,seasonal_naive,319590.3988095238
1970-01-01 00:00:00.000000085,ecl,aggregate_load,168,42,seasonal_naive,319600.29761904763
1970-01-01 00:00:00.000000085,ecl,aggregate_load,168,42,seasonal_naive,319633.29761904763
1970-01-01 00:00:00.000000085,ecl,aggregate_load,168,42,seasonal_naive,330704.375
1970-01-01 00:00:00.000000085,ecl,aggregate_load,168,42,seasonal_naive,338891.8333333333
1970-01-01 00:00:00.000000085,ecl,aggregate_load,168,42,seasonal_naive,337849.7261904762
1970-01-01 00:00:00.000000085,ecl,aggregate_load,168,42,seasonal_naive,338464.3511904762
1970-01-01 00:00:00.000000085,ecl,aggregate_load,168,42,seasonal_naive,334942.61904761905
1970-01-01 00:00:00.000000085,ecl,aggregate_load,168,42,seasonal_naive,323204.95238095237
1970-01-01 00:00:00.000000085,ecl,aggregate_load,168,42,seasonal_naive,314112.50595238095
1970-01-01 00:00:00.000000085,ecl,aggregate_load,168,42,seasonal_naive,304817.8869047619
1970-01-01 00:00:00.000000085,ecl,aggregate_load,168,42,seasonal_naive,303790.7916666667
1970-01-01 00:00:00.000000085,ecl,aggregate_load,168,42,seasonal_naive,320506.16071428574
1970-01-01 00:00:00.000000085,ecl,aggregate_load,168,42,seasonal_naive,325678.14285714284
1970-01-01 00:00:00.000000085,ecl,aggregate_load,168,42,seasonal_naive,328242.875
1970-01-01 00:00:00.000000085,ecl,aggregate_load,168,42,seasonal_naive,327217.27976190473
1970-01-01 00:00:00.000000085,ecl,aggregate_load,168,42,seasonal_naive,323846.89285714284
1970-01-01 00:00:00.000000085,ecl,aggregate_load,168,42,seasonal_naive,323273.92261904763
1970-01-01 00:00:00.000000085,ecl,aggregate_load,168,42,seasonal_naive,320426.9464285714
1970-01-01 00:00:00.000000085,ecl,aggregate_load,168,42,seasonal_naive,322846.77976190473
1970-01-01 00:00:00.000000085,ecl,aggregate_load,168,42,seasonal_naive,310845.72023809527
1970-01-01 00:00:00.000000085,ecl,aggregate_load,168,42,seasonal_naive,309880.51785714284
1970-01-01 00:00:00.000000085,ecl,aggregate_load,168,42,seasonal_naive,303420.72023809527
1970-01-01 00:00:00.000000085,ecl,aggregate_load,168,42,seasonal_naive,297430.1488095238
1970-01-01 00:00:00.000000085,ecl,aggregate_load,168,42,seasonal_naive,292440.11904761905
1970-01-01 00:00:00.000000086,ecl,aggregate_load,168,42,seasonal_naive,297804.99404761905
1970-01-01 00:00:00.000000086,ecl,aggregate_load,168,42,seasonal_naive,297969.46428571426
1970-01-01 00:00:00.000000086,ecl,aggregate_load,168,42,seasonal_naive,285336.73214285716
1970-01-01 00:00:00.000000086,ecl,aggregate_load,168,42,seasonal_naive,275524.96428571426
1970-01-01 00:00:00.000000086,ecl,aggregate_load,168,42,seasonal_naive,274734.61904761905
1970-01-01 00:00:00.000000086,ecl,aggregate_load,168,42,seasonal_naive,276328.36904761905
1970-01-01 00:00:00.000000086,ecl,aggregate_load,168,42,seasonal_naive,276760.00595238095
1970-01-01 00:00:00.000000086,ecl,aggregate_load,168,42,seasonal_naive,274464.25595238095
1970-01-01 00:00:00.000000086,ecl,aggregate_load,168,42,seasonal_naive,281210.83928571426
1970-01-01 00:00:00.000000086,ecl,aggregate_load,168,42,seasonal_naive,283278.77976190473
1970-01-01 00:00:00.000000086,ecl,aggregate_load,168,42,seasonal_naive,288425.3511904762
1970-01-01 00:00:00.000000086,ecl,aggregate_load,168,42,seasonal_naive,269597.2261904762
1970-01-01 00:00:00.000000086,ecl,aggregate_load,168,42,seasonal_naive,264593.6011904762
1970-01-01 00:00:00.000000086,ecl,aggregate_load,168,42,seasonal_naive,253768.4880952381
1970-01-01 00:00:00.000000086,ecl,aggregate_load,168,42,seasonal_naive,255001.85714285713
1970-01-01 00:00:00.000000086,ecl,aggregate_load,168,42,seasonal_naive,256322.8630952381
1970-01-01 00:00:00.000000086,ecl,aggregate_load,168,42,seasonal_naive,259147.0
1970-01-01 00:00:00.000000086,ecl,aggregate_load,168,42,seasonal_naive,273661.0119047619
1970-01-01 00:00:00.000000086,ecl,aggregate_load,168,42,seasonal_naive,276028.61904761905
1970-01-01 00:00:00.000000086,ecl,aggregate_load,168,42,seasonal_naive,276149.8035714286
1970-01-01 00:00:00.000000086,ecl,aggregate_load,168,42,seasonal_naive,281353.16071428574
1970-01-01 00:00:00.000000086,ecl,aggregate_load,168,42,seasonal_naive,281626.98214285716
1970-01-01 00:00:00.000000086,ecl,aggregate_load,168,42,seasonal_naive,279587.58928571426
1970-01-01 00:00:00.000000086,ecl,aggregate_load,168,42,seasonal_naive,267023.40476190473
1970-01-01 00:00:00.000000087,ecl,aggregate_load,168,42,seasonal_naive,264635.86904761905
1970-01-01 00:00:00.000000087,ecl,aggregate_load,168,42,seasonal_naive,265467.29761904763
1970-01-01 00:00:00.000000087,ecl,aggregate_load,168,42,seasonal_naive,266708.38095238095
1970-01-01 00:00:00.000000087,ecl,aggregate_load,168,42,seasonal_naive,271109.67261904763
1970-01-01 00:00:00.000000087,ecl,aggregate_load,168,42,seasonal_naive,272622.99404761905
1970-01-01 00:00:00.000000087,ecl,aggregate_load,168,42,seasonal_naive,277273.8511904762
1970-01-01 00:00:00.000000087,ecl,aggregate_load,168,42,seasonal_naive,280771.32738095237
1970-01-01 00:00:00.000000087,ecl,aggregate_load,168,42,seasonal_naive,280572.2916666667
1970-01-01 00:00:00.000000087,ecl,aggregate_load,168,42,seasonal_naive,275163.3214285714
1970-01-01 00:00:00.000000087,ecl,aggregate_load,168,42,seasonal_naive,273362.01785714284
1970-01-01 00:00:00.000000087,ecl,aggregate_load,168,42,seasonal_naive,267230.67261904763
1970-01-01 00:00:00.000000087,ecl,aggregate_load,168,42,seasonal_naive,268436.3333333333
1970-01-01 00:00:00.000000087,ecl,aggregate_load,168,42,seasonal_naive,276223.8333333333
1970-01-01 00:00:00.000000087,ecl,aggregate_load,168,42,seasonal_naive,278442.5535714286
1970-01-01 00:00:00.000000087,ecl,aggregate_load,168,42,seasonal_naive,280926.29761904763
1970-01-01 00:00:00.000000087,ecl,aggregate_load,168,42,seasonal_naive,283137.5
1970-01-01 00:00:00.000000087,ecl,aggregate_load,168,42,seasonal_naive,285356.47023809527
1970-01-01 00:00:00.000000087,ecl,aggregate_load,168,42,seasonal_naive,282684.61904761905
1970-01-01 00:00:00.000000087,ecl,aggregate_load,168,42,seasonal_naive,279132.3154761905
1970-01-01 00:00:00.000000087,ecl,aggregate_load,168,42,seasonal_naive,278823.09523809527
1970-01-01 00:00:00.000000087,ecl,aggregate_load,168,42,seasonal_naive,284796.1369047619
1970-01-01 00:00:00.000000087,ecl,aggregate_load,168,42,seasonal_naive,287224.8333333333
1970-01-01 00:00:00.000000087,ecl,aggregate_load,168,42,seasonal_naive,289521.7738095238
1970-01-01 00:00:00.000000087,ecl,aggregate_load,168,42,seasonal_naive,297073.16071428574
1970-01-01 00:00:00.000000087,ecl,aggregate_load,168,42,seasonal_naive,298171.9285714286
1970-01-01 00:00:00.000000087,ecl,aggregate_load,168,42,seasonal_naive,307380.9404761905
1970-01-01 00:00:00.000000087,ecl,aggregate_load,168,42,seasonal_naive,312909.5
1970-01-01 00:00:00.000000087,ecl,aggregate_load,168,42,seasonal_naive,307486.6130952381
1970-01-01 00:00:00.000000087,ecl,aggregate_load,168,42,seasonal_naive,311495.6130952381
1970-01-01 00:00:00.000000087,ecl,aggregate_load,168,42,seasonal_naive,307614.09523809527
1970-01-01 00:00:00.000000087,ecl,aggregate_load,168,42,seasonal_naive,305090.57738095237
1970-01-01 00:00:00.000000087,ecl,aggregate_load,168,42,seasonal_naive,315914.26785714284
1970-01-01 00:00:00.000000087,ecl,aggregate_load,168,42,seasonal_naive,331117.9345238095
1970-01-01 00:00:00.000000087,ecl,aggregate_load,168,42,seasonal_naive,327880.4464285714
1970-01-01 00:00:00.000000088,ecl,aggregate_load,168,42,seasonal_naive,335209.5535714286
1970-01-01 00:00:00.000000088,ecl,aggregate_load,168,42,seasonal_naive,338555.99404761905
1970-01-01 00:00:00.000000088,ecl,aggregate_load,168,42,seasonal_naive,328568.23214285716
1970-01-01 00:00:00.000000088,ecl,aggregate_load,168,42,seasonal_naive,331107.0
1970-01-01 00:00:00.000000088,ecl,aggregate_load,168,42,seasonal_naive,326405.72023809527
1970-01-01 00:00:00.000000088,ecl,aggregate_load,168,42,seasonal_naive,339651.4761904762
1970-01-01 00:00:00.000000088,ecl,aggregate_load,168,42,seasonal_naive,338755.5
1970-01-01 00:00:00.000000088,ecl,aggregate_load,168,42,seasonal_naive,321948.25
1970-01-01 00:00:00.000000088,ecl,aggregate_load,168,42,seasonal_naive,334422.7619047619
1970-01-01 00:00:00.000000088,ecl,aggregate_load,168,42,seasonal_naive,336867.36904761905
1970-01-01 00:00:00.000000088,ecl,aggregate_load,168,42,seasonal_naive,338390.60714285716
1970-01-01 00:00:00.000000088,ecl,aggregate_load,168,42,seasonal_naive,339332.85714285716
1970-01-01 00:00:00.000000088,ecl,aggregate_load,168,42,seasonal_naive,341213.7916666667
1970-01-01 00:00:00.000000088,ecl,aggregate_load,168,42,seasonal_naive,339145.5
1970-01-01 00:00:00.000000088,ecl,aggregate_load,168,42,seasonal_naive,341295.5119047619
1970-01-01 00:00:00.000000088,ecl,aggregate_load,168,42,seasonal_naive,335449.50595238095
1970-01-01 00:00:00.000000088,ecl,aggregate_load,168,42,seasonal_naive,331038.0714285714
1970-01-01 00:00:00.000000088,ecl,aggregate_load,168,42,seasonal_naive,336581.90476190473
1970-01-01 00:00:00.000000088,ecl,aggregate_load,168,42,seasonal_naive,338045.49404761905
1970-01-01 00:00:00.000000088,ecl,aggregate_load,168,42,seasonal_naive,339151.26785714284
1970-01-01 00:00:00.000000088,ecl,aggregate_load,168,42,seasonal_naive,340511.61904761905
1970-01-01 00:00:00.000000088,ecl,aggregate_load,168,42,seasonal_naive,332113.9761904762
1970-01-01 00:00:00.000000088,ecl,aggregate_load,168,42,seasonal_naive,316074.9166666667
1970-01-01 00:00:00.000000088,ecl,aggregate_load,168,42,seasonal_naive,324500.6904761905
1970-01-01 00:00:00.000000088,ecl,aggregate_load,168,42,seasonal_naive,324709.0119047619
1970-01-01 00:00:00.000000088,ecl,aggregate_load,168,42,seasonal_naive,324916.88095238095
1970-01-01 00:00:00.000000088,ecl,aggregate_load,168,42,seasonal_naive,331260.1785714286
1970-01-01 00:00:00.000000089,ecl,aggregate_load,168,42,seasonal_naive,325638.8154761905
1970-01-01 00:00:00.000000089,ecl,aggregate_load,168,42,seasonal_naive,342728.3988095238
1970-01-01 00:00:00.000000089,ecl,aggregate_load,168,42,seasonal_naive,330123.1488095238
1970-01-01 00:00:00.000000089,ecl,aggregate_load,168,42,seasonal_naive,330284.26785714284
1970-01-01 00:00:00.000000089,ecl,aggregate_load,168,42,seasonal_naive,333422.22023809527
1970-01-01 00:00:00.000000089,ecl,aggregate_load,168,42,seasonal_naive,318092.125
1970-01-01 00:00:00.000000089,ecl,aggregate_load,168,42,seasonal_naive,319536.9345238095
1970-01-01 00:00:00.000000089,ecl,aggregate_load,168,42,seasonal_naive,309094.6130952381
1970-01-01 00:00:00.000000089,ecl,aggregate_load,168,42,seasonal_naive,318611.5119047619
1970-01-01 00:00:00.000000089,ecl,aggregate_load,168,42,seasonal_naive,325377.21428571426
1970-01-01 00:00:00.000000089,ecl,aggregate_load,168,42,seasonal_naive,320595.71428571426
1970-01-01 00:00:00.000000089,ecl,aggregate_load,168,42,seasonal_naive,323104.60714285716
1970-01-01 00:00:00.000000089,ecl,aggregate_load,168,42,seasonal_naive,323955.6845238095
1970-01-01 00:00:00.000000089,ecl,aggregate_load,168,42,seasonal_naive,326209.6845238095
1970-01-01 00:00:00.000000089,ecl,aggregate_load,168,42,seasonal_naive,320700.4583333333
1970-01-01 00:00:00.000000089,ecl,aggregate_load,168,42,seasonal_naive,326440.2083333333
1970-01-01 00:00:00.000000089,ecl,aggregate_load,168,42,seasonal_naive,335877.9166666667
1970-01-01 00:00:00.000000089,ecl,aggregate_load,168,42,seasonal_naive,333755.3869047619
1970-01-01 00:00:00.000000089,ecl,aggregate_load,168,42,seasonal_naive,335476.89285714284
1970-01-01 00:00:00.000000089,ecl,aggregate_load,168,42,seasonal_naive,328998.77976190473
1970-01-01 00:00:00.000000089,ecl,aggregate_load,168,42,seasonal_naive,324924.53571428574
1970-01-01 00:00:00.000000089,ecl,aggregate_load,168,42,seasonal_naive,319234.9464285714
1970-01-01 00:00:00.000000089,ecl,aggregate_load,168,42,seasonal_naive,324708.85714285716
1970-01-01 00:00:00.000000089,ecl,aggregate_load,168,42,seasonal_naive,319860.0595238095
1970-01-01 00:00:00.000000089,ecl,aggregate_load,168,42,seasonal_naive,322372.14285714284
1970-01-01 00:00:00.000000090,ecl,aggregate_load,168,42,seasonal_naive,310954.625
1970-01-01 00:00:00.000000090,ecl,aggregate_load,168,42,seasonal_naive,323254.0119047619
1970-01-01 00:00:00.000000090,ecl,aggregate_load,168,42,seasonal_naive,326189.2738095238
1970-01-01 00:00:00.000000090,ecl,aggregate_load,168,42,seasonal_naive,328412.8095238095
1970-01-01 00:00:00.000000090,ecl,aggregate_load,168,42,seasonal_naive,333744.4285714286
1970-01-01 00:00:00.000000090,ecl,aggregate_load,168,42,seasonal_naive,339187.6011904762
1970-01-01 00:00:00.000000090,ecl,aggregate_load,168,42,seasonal_naive,339081.9464285714
1970-01-01 00:00:00.000000090,ecl,aggregate_load,168,42,seasonal_naive,333513.58928571426
1970-01-01 00:00:00.000000090,ecl,aggregate_load,168,42,seasonal_naive,321486.5
1970-01-01 00:00:00.000000090,ecl,aggregate_load,168,42,seasonal_naive,321530.38095238095
1970-01-01 00:00:00.000000090,ecl,aggregate_load,168,42,seasonal_naive,315487.3333333333
1970-01-01 00:00:00.000000090,ecl,aggregate_load,168,42,seasonal_naive,309643.0833333333
1970-01-01 00:00:00.000000090,ecl,aggregate_load,168,42,seasonal_naive,304753.2738095238
1970-01-01 00:00:00.000000090,ecl,aggregate_load,168,42,seasonal_naive,322827.8214285714
1970-01-01 00:00:00.000000090,ecl,aggregate_load,168,42,seasonal_naive,310439.53571428574
1970-01-01 00:00:00.000000090,ecl,aggregate_load,168,42,seasonal_naive,300812.625
1970-01-01 00:00:00.000000090,ecl,aggregate_load,168,42,seasonal_naive,305385.04761904763
1970-01-01 00:00:00.000000090,ecl,aggregate_load,168,42,seasonal_naive,299075.8095238095
1970-01-01 00:00:00.000000090,ecl,aggregate_load,168,42,seasonal_naive,305634.52976190473
1970-01-01 00:00:00.000000090,ecl,aggregate_load,168,42,seasonal_naive,306923.5416666667
1970-01-01 00:00:00.000000090,ecl,aggregate_load,168,42,seasonal_naive,310259.6785714286
1970-01-01 00:00:00.000000091,ecl,aggregate_load,168,42,seasonal_naive,300687.75
1970-01-01 00:00:00.000000091,ecl,aggregate_load,168,42,seasonal_naive,299388.15476190473
1970-01-01 00:00:00.000000091,ecl,aggregate_load,168,42,seasonal_naive,294538.3869047619
1970-01-01 00:00:00.000000091,ecl,aggregate_load,168,42,seasonal_naive,302316.63095238095
1970-01-01 00:00:00.000000091,ecl,aggregate_load,168,42,seasonal_naive,282375.34523809527
1970-01-01 00:00:00.000000091,ecl,aggregate_load,168,42,seasonal_naive,298869.04761904763
1970-01-01 00:00:00.000000091,ecl,aggregate_load,168,42,seasonal_naive,294367.20238095237
1970-01-01 00:00:00.000000091,ecl,aggregate_load,168,42,seasonal_naive,299771.5119047619
1970-01-01 00:00:00.000000091,ecl,aggregate_load,168,42,seasonal_naive,304886.6964285714
1970-01-01 00:00:00.000000091,ecl,aggregate_load,168,42,seasonal_naive,301978.6666666667
1970-01-01 00:00:00.000000091,ecl,aggregate_load,168,42,seasonal_naive,306381.20238095237
1970-01-01 00:00:00.000000091,ecl,aggregate_load,168,42,seasonal_naive,308873.13095238095
1970-01-01 00:00:00.000000091,ecl,aggregate_load,168,42,seasonal_naive,319994.1666666667
1970-01-01 00:00:00.000000091,ecl,aggregate_load,168,42,seasonal_naive,321027.14285714284
1970-01-01 00:00:00.000000091,ecl,aggregate_load,168,42,seasonal_naive,322199.15476190473
1970-01-01 00:00:00.000000091,ecl,aggregate_load,168,42,seasonal_naive,321870.13095238095
1970-01-01 00:00:00.000000091,ecl,aggregate_load,168,42,seasonal_naive,302632.16071428574
1970-01-01 00:00:00.000000091,ecl,aggregate_load,168,42,seasonal_naive,303511.4761904762
1970-01-01 00:00:00.000000091,ecl,aggregate_load,168,42,seasonal_naive,303045.6011904762
1970-01-01 00:00:00.000000091,ecl,aggregate_load,168,42,seasonal_naive,304714.33928571426
1970-01-01 00:00:00.000000091,ecl,aggregate_load,168,42,seasonal_naive,317081.2916666667
1970-01-01 00:00:00.000000091,ecl,aggregate_load,168,42,seasonal_naive,306285.3154761905
1970-01-01 00:00:00.000000091,ecl,aggregate_load,168,42,seasonal_naive,302547.1904761905
1970-01-01 00:00:00.000000091,ecl,aggregate_load,168,42,seasonal_naive,309039.5238095238
1970-01-01 00:00:00.000000091,ecl,aggregate_load,168,42,seasonal_naive,310600.09523809527
1970-01-01 00:00:00.000000091,ecl,aggregate_load,168,42,seasonal_naive,311256.2380952381
1970-01-01 00:00:00.000000091,ecl,aggregate_load,168,42,seasonal_naive,323942.67261904763
1970-01-01 00:00:00.000000092,ecl,aggregate_load,168,42,seasonal_naive,302574.78571428574
1970-01-01 00:00:00.000000092,ecl,aggregate_load,168,42,seasonal_naive,307055.20238095237
1970-01-01 00:00:00.000000092,ecl,aggregate_load,168,42,seasonal_naive,285969.3154761905
1970-01-01 00:00:00.000000092,ecl,aggregate_load,168,42,seasonal_naive,294702.5535714286
1970-01-01 00:00:00.000000092,ecl,aggregate_load,168,42,seasonal_naive,290776.9761904762
1970-01-01 00:00:00.000000092,ecl,aggregate_load,168,42,seasonal_naive,275393.6964285714
1970-01-01 00:00:00.000000092,ecl,aggregate_load,168,42,seasonal_naive,276476.54761904763
1970-01-01 00:00:00.000000092,ecl,aggregate_load,168,42,seasonal_naive,260266.79166666666
1970-01-01 00:00:00.000000092,ecl,aggregate_load,168,42,seasonal_naive,264410.13095238095
1970-01-01 00:00:00.000000092,ecl,aggregate_load,168,42,seasonal_naive,251294.17261904763
1970-01-01 00:00:00.000000092,ecl,aggregate_load,168,42,seasonal_naive,256050.05357142858
1970-01-01 00:00:00.000000092,ecl,aggregate_load,168,42,seasonal_naive,259280.07142857142
1970-01-01 00:00:00.000000092,ecl,aggregate_load,168,42,seasonal_naive,270857.0119047619
1970-01-01 00:00:00.000000092,ecl,aggregate_load,168,42,seasonal_naive,271544.7619047619
1970-01-01 00:00:00.000000092,ecl,aggregate_load,168,42,seasonal_naive,273919.6964285714
1970-01-01 00:00:00.000000092,ecl,aggregate_load,168,42,seasonal_naive,281048.3511904762
1970-01-01 00:00:00.000000092,ecl,aggregate_load,168,42,seasonal_naive,283277.75595238095
1970-01-01 00:00:00.000000092,ecl,aggregate_load,168,42,seasonal_naive,271015.39285714284
1970-01-01 00:00:00.000000092,ecl,aggregate_load,168,42,seasonal_naive,273121.3988095238
1970-01-01 00:00:00.000000092,ecl,aggregate_load,168,42,seasonal_naive,266088.84523809527
1970-01-01 00:00:00.000000092,ecl,aggregate_load,168,42,seasonal_naive,253957.29761904763
1970-01-01 00:00:00.000000092,ecl,aggregate_load,168,42,seasonal_naive,255884.30952380953
1970-01-01 00:00:00.000000092,ecl,aggregate_load,168,42,seasonal_naive,258268.00595238095
1970-01-01 00:00:00.000000092,ecl,aggregate_load,168,42,seasonal_naive,255550.70238095237
1970-01-01 00:00:00.000000093,ecl,aggregate_load,168,42,seasonal_naive,257403.90476190476
1970-01-01 00:00:00.000000093,ecl,aggregate_load,168,42,seasonal_naive,256758.1607142857
1970-01-01 00:00:00.000000093,ecl,aggregate_load,168,42,seasonal_naive,267841.2380952381
1970-01-01 00:00:00.000000093,ecl,aggregate_load,168,42,seasonal_naive,258832.7857142857
1970-01-01 00:00:00.000000093,ecl,aggregate_load,168,42,seasonal_naive,249429.98214285713
1970-01-01 00:00:00.000000093,ecl,aggregate_load,168,42,seasonal_naive,255563.86904761905
1970-01-01 00:00:00.000000093,ecl,aggregate_load,168,42,seasonal_naive,267701.34523809527
1970-01-01 00:00:00.000000093,ecl,aggregate_load,168,42,seasonal_naive,275010.66071428574
1970-01-01 00:00:00.000000093,ecl,aggregate_load,168,42,seasonal_naive,270363.90476190473
1970-01-01 00:00:00.000000093,ecl,aggregate_load,168,42,seasonal_naive,273347.4285714286
1970-01-01 00:00:00.000000093,ecl,aggregate_load,168,42,seasonal_naive,275041.50595238095
1970-01-01 00:00:00.000000093,ecl,aggregate_load,168,42,seasonal_naive,271295.7083333333
1970-01-01 00:00:00.000000093,ecl,aggregate_load,168,42,seasonal_naive,262339.77976190473
1970-01-01 00:00:00.000000093,ecl,aggregate_load,168,42,seasonal_naive,262719.09523809527
1970-01-01 00:00:00.000000094,ecl,aggregate_load,168,42,seasonal_naive,272472.46428571426
1970-01-01 00:00:00.000000094,ecl,aggregate_load,168,42,seasonal_naive,263250.8095238095
1970-01-01 00:00:00.000000094,ecl,aggregate_load,168,42,seasonal_naive,252288.04166666666
1970-01-01 00:00:00.000000094,ecl,aggregate_load,168,42,seasonal_naive,253772.1607142857
1970-01-01 00:00:00.000000094,ecl,aggregate_load,168,42,seasonal_naive,251913.5357142857
1970-01-01 00:00:00.000000094,ecl,aggregate_load,168,42,seasonal_naive,252030.67261904763
1970-01-01 00:00:00.000000094,ecl,aggregate_load,168,42,seasonal_naive,252352.58333333334
1970-01-01 00:00:00.000000094,ecl,aggregate_load,168,42,seasonal_naive,255432.79761904763
1970-01-01 00:00:00.000000094,ecl,aggregate_load,168,42,seasonal_naive,255985.125
1970-01-01 00:00:00.000000094,ecl,aggregate_load,168,42,seasonal_naive,250580.55357142858
1970-01-01 00:00:00.000000094,ecl,aggregate_load,168,42,seasonal_naive,249351.32738095237
1970-01-01 00:00:00.000000094,ecl,aggregate_load,168,42,seasonal_naive,253618.8630952381
1970-01-01 00:00:00.000000094,ecl,aggregate_load,168,42,seasonal_naive,247950.625
1970-01-01 00:00:00.000000094,ecl,aggregate_load,168,42,seasonal_naive,247500.6607142857
1970-01-01 00:00:00.000000094,ecl,aggregate_load,168,42,seasonal_naive,244943.77976190476
1970-01-01 00:00:00.000000094,ecl,aggregate_load,168,42,seasonal_naive,240589.65476190476
1970-01-01 00:00:00.000000094,ecl,aggregate_load,168,42,seasonal_naive,225764.9880952381
1970-01-01 00:00:00.000000094,ecl,aggregate_load,168,42,seasonal_naive,226529.8869047619
1970-01-01 00:00:00.000000094,ecl,aggregate_load,168,42,seasonal_naive,240568.6130952381
1970-01-01 00:00:00.000000095,ecl,aggregate_load,168,42,seasonal_naive,242213.70238095237
1970-01-01 00:00:00.000000095,ecl,aggregate_load,168,42,seasonal_naive,238235.70833333334
1970-01-01 00:00:00.000000095,ecl,aggregate_load,168,42,seasonal_naive,239600.64880952382
1970-01-01 00:00:00.000000095,ecl,aggregate_load,168,42,seasonal_naive,247418.09523809524
1970-01-01 00:00:00.000000095,ecl,aggregate_load,168,42,seasonal_naive,247970.22619047618
1970-01-01 00:00:00.000000095,ecl,aggregate_load,168,42,seasonal_naive,232559.29761904763
1970-01-01 00:00:00.000000095,ecl,aggregate_load,168,42,seasonal_naive,242626.02976190476
1970-01-01 00:00:00.000000095,ecl,aggregate_load,168,42,seasonal_naive,245241.25595238095
1970-01-01 00:00:00.000000095,ecl,aggregate_load,168,42,seasonal_naive,246156.57738095237
1970-01-01 00:00:00.000000095,ecl,aggregate_load,168,42,seasonal_naive,246071.67261904763
1970-01-01 00:00:00.000000095,ecl,aggregate_load,168,42,seasonal_naive,247964.44047619047
1970-01-01 00:00:00.000000095,ecl,aggregate_load,168,42,seasonal_naive,262862.02976190473
1970-01-01 00:00:00.000000095,ecl,aggregate_load,168,42,seasonal_naive,270957.1785714286
1970-01-01 00:00:00.000000095,ecl,aggregate_load,168,42,seasonal_naive,274249.71428571426
1970-01-01 00:00:00.000000095,ecl,aggregate_load,168,42,seasonal_naive,268161.14285714284
1970-01-01 00:00:00.000000095,ecl,aggregate_load,168,42,seasonal_naive,270033.46428571426
1970-01-01 00:00:00.000000095,ecl,aggregate_load,168,42,seasonal_naive,257183.4642857143
1970-01-01 00:00:00.000000095,ecl,aggregate_load,168,42,seasonal_naive,248663.74404761905
1970-01-01 00:00:00.000000095,ecl,aggregate_load,168,42,seasonal_naive,259014.34523809524
1970-01-01 00:00:00.000000096,ecl,aggregate_load,168,42,seasonal_naive,260062.33333333334
1970-01-01 00:00:00.000000096,ecl,aggregate_load,168,42,seasonal_naive,271413.3511904762
1970-01-01 00:00:00.000000096,ecl,aggregate_load,168,42,seasonal_naive,272486.6904761905
1970-01-01 00:00:00.000000096,ecl,aggregate_load,168,42,seasonal_naive,264585.75
