origin,dataset,target,horizon,seed,model,abs_error
2014-05-26 19:00:00,ecl,aggregate_load,96,44,xgboost,17881.389692590812
2014-05-26 20:00:00,ecl,aggregate_load,96,44,xgboost,16050.212864338662
2014-05-26 21:00:00,ecl,aggregate_load,96,44,xgboost,18391.965902043372
2014-05-26 22:00:00,ecl,aggregate_load,96,44,xgboost,18347.782482049635
2014-05-26 23:00:00,ecl,aggregate_load,96,44,xgboost,17533.169415773158
2014-05-27 00:00:00,ecl,aggregate_load,96,44,xgboost,16814.225556656802
2014-05-27 01:00:00,ecl,aggregate_load,96,44,xgboost,17945.941904493546
2014-05-27 02:00:00,ecl,aggregate_load,96,44,xgboost,18252.420077236315
2014-05-27 03:00:00,ecl,aggregate_load,96,44,xgboost,17546.05406881703
2014-05-27 04:00:00,ecl,aggregate_load,96,44,xgboost,16292.584806272482
2014-05-27 05:00:00,ecl,aggregate_load,96,44,xgboost,16915.27355432606
2014-05-27 06:00:00,ecl,aggregate_load,96,44,xgboost,17385.309148528355
2014-05-27 07:00:00,ecl,aggregate_load,96,44,xgboost,19464.031118715935
2014-05-27 08:00:00,ecl,aggregate_load,96,44,xgboost,16287.712648005241
2014-05-27 09:00:00,ecl,aggregate_load,96,44,xgboost,17789.51446332653
2014-05-27 10:00:00,ecl,aggregate_load,96,44,xgboost,15465.581344608045
2014-05-27 11:00:00,ecl,aggregate_load,96,44,xgboost,15623.834248196916
2014-05-27 12:00:00,ecl,aggregate_load,96,44,xgboost,16317.496092935451
2014-05-27 13:00:00,ecl,aggregate_load,96,44,xgboost,19618.212481632007
2014-05-27 14:00:00,ecl,aggregate_load,96,44,xgboost,20217.534714174308
2014-05-27 15:00:00,ecl,aggregate_load,96,44,xgboost,19035.920396778045
2014-05-27 16:00:00,ecl,aggregate_load,96,44,xgboost,20252.098590679056
2014-05-27 17:00:00,ecl,aggregate_load,96,44,xgboost,23240.60046040786
2014-05-27 18:00:00,ecl,aggregate_load,96,44,xgboost,23678.96614163479
2014-05-27 19:00:00,ecl,aggregate_load,96,44,xgboost,22519.288544694038
2014-05-27 20:00:00,ecl,aggregate_load,96,44,xgboost,24208.686258049365
2014-05-27 21:00:00,ecl,aggregate_load,96,44,xgboost,25100.930311872708
2014-05-27 22:00:00,ecl,aggregate_load,96,44,xgboost,24830.8200080851
2014-05-27 23:00:00,ecl,aggregate_load,96,44,xgboost,23109.865804763667
2014-05-28 00:00:00,ecl,aggregate_load,96,44,xgboost,23046.88999297954
2014-05-28 01:00:00,ecl,aggregate_load,96,44,xgboost,23155.201455828985
2014-05-28 02:00:00,ecl,aggregate_load,96,44,xgboost,24488.50618876389
2014-05-28 03:00:00,ecl,aggregate_load,96,44,xgboost,21473.74586520093
2014-05-28 04:00:00,ecl,aggregate_load,96,44,xgboost,19951.47049540155
2014-05-28 05:00:00,ecl,aggregate_load,96,44,xgboost,23459.73331782692
2014-05-28 06:00:00,ecl,aggregate_load,96,44,xgboost,24625.645332926473
2014-05-28 07:00:00,ecl,aggregate_load,96,44,xgboost,27100.644703327533
2014-05-28 08:00:00,ecl,aggregate_load,96,44,xgboost,23874.05568270433
2014-05-28 09:00:00,ecl,aggregate_load,96,44,xgboost,25288.10218411204
2014-05-28 10:00:00,ecl,aggregate_load,96,44,xgboost,23774.762841527438
2014-05-28 11:00:00,ecl,aggregate_load,96,44,xgboost,23203.81332603806
2014-05-28 12:00:00,ecl,aggregate_load,96,44,xgboost,21066.200521953797
2014-05-28 13:00:00,ecl,aggregate_load,96,44,xgboost,30344.544800731685
2014-05-28 14:00:00,ecl,aggregate_load,96,44,xgboost,31472.69125890407
2014-05-28 15:00:00,ecl,aggregate_load,96,44,xgboost,25012.075304875103
2014-05-28 16:00:00,ecl,aggregate_load,96,44,xgboost,28402.351976322683
2014-05-28 17:00:00,ecl,aggregate_load,96,44,xgboost,32422.68310616796
2014-05-28 18:00:00,ecl,aggregate_load,96,44,xgboost,33049.302734407596
2014-05-28 19:00:00,ecl,aggregate_load,96,44,xgboost,35061.626027837796
2014-05-28 20:00:00,ecl,aggregate_load,96,44,xgboost,37055.471720088746
2014-05-28 21:00:00,ecl,aggregate_load,96,44,xgboost,40814.39454355314
2014-05-28 22:00:00,ecl,aggregate_load,96,44,xgboost,34875.89946345889
2014-05-28 23:00:00,ecl,aggregate_load,96,44,xgboost,34100.51771696541
2014-05-29 00:00:00,ecl,aggregate_load,96,44,xgboost,34600.339741229654
2014-05-29 01:00:00,ecl,aggregate_load,96,44,xgboost,33888.263900685626
2014-05-29 02:00:00,ecl,aggregate_load,96,44,xgboost,35677.08042205614
2014-05-29 03:00:00,ecl,aggregate_load,96,44,xgboost,31791.141237736007
2014-05-29 04:00:00,ecl,aggregate_load,96,44,xgboost,31170.71380685031
2014-05-29 05:00:00,ecl,aggregate_load,96,44,xgboost,37053.862529058766
2014-05-29 06:00:00,ecl,aggregate_load,96,44,xgboost,37006.145941673676
2014-05-29 07:00:00,ecl,aggregate_load,96,44,xgboost,36391.18243873946
2014-05-29 08:00:00,ecl,aggregate_load,96,44,xgboost,36365.56025642226
2014-05-29 09:00:00,ecl,aggregate_load,96,44,xgboost,37845.31608748904
2014-05-29 10:00:00,ecl,aggregate_load,96,44,xgboost,34547.37889162355
2014-05-29 11:00:00,ecl,aggregate_load,96,44,xgboost,29031.545636334446
2014-05-29 12:00:00,ecl,aggregate_load,96,44,xgboost,27532.589100251545
2014-05-29 13:00:00,ecl,aggregate_load,96,44,xgboost,34794.17167842278
2014-05-29 14:00:00,ecl,aggregate_load,96,44,xgboost,34485.02529068023
2014-05-29 15:00:00,ecl,aggregate_load,96,44,xgboost,30270.41814690969
2014-05-29 16:00:00,ecl,aggregate_load,96,44,xgboost,34897.70877297702
2014-05-29 17:00:00,ecl,aggregate_load,96,44,xgboost,38687.16483968146
2014-05-29 18:00:00,ecl,aggregate_load,96,44,xgboost,36130.68604389289
2014-05-29 19:00:00,ecl,aggregate_load,96,44,xgboost,32706.04482389452
2014-05-29 20:00:00,ecl,aggregate_load,96,44,xgboost,40366.758211164364
2014-05-29 21:00:00,ecl,aggregate_load,96,44,xgboost,46561.92062062461
2014-05-29 22:00:00,ecl,aggregate_load,96,44,xgboost,44864.849811249325
2014-05-29 23:00:00,ecl,aggregate_load,96,44,xgboost,41253.18648764502
2014-05-30 00:00:00,ecl,aggregate_load,96,44,xgboost,41547.53716346785
2014-05-30 01:00:00,ecl,aggregate_load,96,44,xgboost,42585.72909103092
2014-05-30 02:00:00,ecl,aggregate_load,96,44,xgboost,44724.471291415255
2014-05-30 03:00:00,ecl,aggregate_load,96,44,xgboost,44708.975727675046
2014-05-30 04:00:00,ecl,aggregate_load,96,44,xgboost,41054.581114266
2014-05-30 05:00:00,ecl,aggregate_load,96,44,xgboost,46825.3161555061
2014-05-30 06:00:00,ecl,aggregate_load,96,44,xgboost,42624.800099392516
2014-05-30 07:00:00,ecl,aggregate_load,96,44,xgboost,42101.74793809795
2014-05-30 08:00:00,ecl,aggregate_load,96,44,xgboost,38218.27989312823
2014-05-30 09:00:00,ecl,aggregate_load,96,44,xgboost,40094.571062783165
2014-05-30 10:00:00,ecl,aggregate_load,96,44,xgboost,37194.23196743845
2014-05-30 11:00:00,ecl,aggregate_load,96,44,xgboost,36691.048859750146
2014-05-30 12:00:00,ecl,aggregate_load,96,44,xgboost,34114.96913313927
2014-05-30 13:00:00,ecl,aggregate_load,96,44,xgboost,41899.19893392914
2014-05-30 14:00:00,ecl,aggregate_load,96,44,xgboost,39648.31632263427
2014-05-30 15:00:00,ecl,aggregate_load,96,44,xgboost,32440.322608906234
2014-05-30 16:00:00,ecl,aggregate_load,96,44,xgboost,31090.59356794422
2014-05-30 17:00:00,ecl,aggregate_load,96,44,xgboost,26247.31173145989
2014-05-30 18:00:00,ecl,aggregate_load,96,44,xgboost,22637.40746045647
2014-05-30 19:00:00,ecl,aggregate_load,96,44,xgboost,25643.126306198275
2014-05-30 20:00:00,ecl,aggregate_load,96,44,xgboost,32556.77101147843
2014-05-30 21:00:00,ecl,aggregate_load,96,44,xgboost,37536.07319180376
2014-05-30 22:00:00,ecl,aggregate_load,96,44,xgboost,35587.13876262365
2014-05-30 23:00:00,ecl,aggregate_load,96,44,xgboost,29643.032533977123
2014-05-31 00:00:00,ecl,aggregate_load,96,44,xgboost,25353.68228362423
2014-05-31 01:00:00,ecl,aggregate_load,96,44,xgboost,23529.200717636402
2014-05-31 02:00:00,ecl,aggregate_load,96,44,xgboost,23157.95479581562
2014-05-31 03:00:00,ecl,aggregate_load,96,44,xgboost,22581.061904083675
2014-05-31 04:00:00,ecl,aggregate_load,96,44,xgboost,21893.32234849929
2014-05-31 05:00:00,ecl,aggregate_load,96,44,xgboost,24587.362119107678
2014-05-31 06:00:00,ecl,aggregate_load,96,44,xgboost,30347.748335940272
2014-05-31 07:00:00,ecl,aggregate_load,96,44,xgboost,28892.838851700868
2014-05-31 08:00:00,ecl,aggregate_load,96,44,xgboost,30607.073387839366
2014-05-31 09:00:00,ecl,aggregate_load,96,44,xgboost,31057.589733273187
2014-05-31 10:00:00,ecl,aggregate_load,96,44,xgboost,30254.122004387365
2014-05-31 11:00:00,ecl,aggregate_load,96,44,xgboost,26624.608103655464
2014-05-31 12:00:00,ecl,aggregate_load,96,44,xgboost,25214.71722904472
2014-05-31 13:00:00,ecl,aggregate_load,96,44,xgboost,28587.8163191045
2014-05-31 14:00:00,ecl,aggregate_load,96,44,xgboost,22457.134779549673
2014-05-31 15:00:00,ecl,aggregate_load,96,44,xgboost,21155.572440351127
2014-05-31 16:00:00,ecl,aggregate_load,96,44,xgboost,20605.96690362058
2014-05-31 17:00:00,ecl,aggregate_load,96,44,xgboost,22172.083012327523
2014-05-31 18:00:00,ecl,aggregate_load,96,44,xgboost,23731.068944434996
2014-05-31 19:00:00,ecl,aggregate_load,96,44,xgboost,25714.960157098172
2014-05-31 20:00:00,ecl,aggregate_load,96,44,xgboost,23982.89369597066
2014-05-31 21:00:00,ecl,aggregate_load,96,44,xgboost,30730.900811104035
2014-05-31 22:00:00,ecl,aggregate_load,96,44,xgboost,30694.530426035246
2014-05-31 23:00:00,ecl,aggregate_load,96,44,xgboost,27657.77275144291
2014-06-01 00:00:00,ecl,aggregate_load,96,44,xgboost,23740.513715682086
2014-06-01 01:00:00,ecl,aggregate_load,96,44,xgboost,24102.642418643343
2014-06-01 02:00:00,ecl,aggregate_load,96,44,xgboost,21804.26731636653
2014-06-01 03:00:00,ecl,aggregate_load,96,44,xgboost,22021.82598650115
2014-06-01 04:00:00,ecl,aggregate_load,96,44,xgboost,21259.949130606266
2014-06-01 05:00:00,ecl,aggregate_load,96,44,xgboost,25211.319550739583
2014-06-01 06:00:00,ecl,aggregate_load,96,44,xgboost,26960.03376751587
2014-06-01 07:00:00,ecl,aggregate_load,96,44,xgboost,28395.242409753428
2014-06-01 08:00:00,ecl,aggregate_load,96,44,xgboost,31290.94131285738
2014-06-01 09:00:00,ecl,aggregate_load,96,44,xgboost,34129.114148149034
2014-06-01 10:00:00,ecl,aggregate_load,96,44,xgboost,25587.584264103858
2014-06-01 11:00:00,ecl,aggregate_load,96,44,xgboost,26780.793817610884
2014-06-01 12:00:00,ecl,aggregate_load,96,44,xgboost,25363.46207097149
2014-06-01 13:00:00,ecl,aggregate_load,96,44,xgboost,23737.234961152804
2014-06-01 14:00:00,ecl,aggregate_load,96,44,xgboost,23863.66777333625
2014-06-01 15:00:00,ecl,aggregate_load,96,44,xgboost,23919.68176569649
2014-06-01 16:00:00,ecl,aggregate_load,96,44,xgboost,23465.531827682047
2014-06-01 17:00:00,ecl,aggregate_load,96,44,xgboost,24724.423860715502
2014-06-01 18:00:00,ecl,aggregate_load,96,44,xgboost,24124.027788370313
2014-06-01 19:00:00,ecl,aggregate_load,96,44,xgboost,25058.048892047624
2014-06-01 20:00:00,ecl,aggregate_load,96,44,xgboost,27527.564993473778
2014-06-01 21:00:00,ecl,aggregate_load,96,44,xgboost,26972.151441699072
2014-06-01 22:00:00,ecl,aggregate_load,96,44,xgboost,34918.5802755057
2014-06-01 23:00:00,ecl,aggregate_load,96,44,xgboost,29032.813993859574
2014-06-02 00:00:00,ecl,aggregate_load,96,44,xgboost,32452.719599808403
2014-06-02 01:00:00,ecl,aggregate_load,96,44,xgboost,30851.016059302074
2014-06-02 02:00:00,ecl,aggregate_load,96,44,xgboost,28444.21868367122
2014-06-02 03:00:00,ecl,aggregate_load,96,44,xgboost,33401.71891820744
2014-06-02 04:00:00,ecl,aggregate_load,96,44,xgboost,36503.92545527331
2014-06-02 05:00:00,ecl,aggregate_load,96,44,xgboost,36828.121729318504
2014-06-02 06:00:00,ecl,aggregate_load,96,44,xgboost,40760.97462422815
2014-06-02 07:00:00,ecl,aggregate_load,96,44,xgboost,37588.594273194285
2014-06-02 08:00:00,ecl,aggregate_load,96,44,xgboost,40019.56843758384
2014-06-02 09:00:00,ecl,aggregate_load,96,44,xgboost,37753.77216349603
2014-06-02 10:00:00,ecl,aggregate_load,96,44,xgboost,29191.078268739886
2014-06-02 11:00:00,ecl,aggregate_load,96,44,xgboost,31073.699349358867
2014-06-02 12:00:00,ecl,aggregate_load,96,44,xgboost,34800.41301458901
2014-06-02 13:00:00,ecl,aggregate_load,96,44,xgboost,27947.878881734392
2014-06-02 14:00:00,ecl,aggregate_load,96,44,xgboost,29567.512035222375
2014-06-02 15:00:00,ecl,aggregate_load,96,44,xgboost,28117.235085681747
2014-06-02 16:00:00,ecl,aggregate_load,96,44,xgboost,30674.74617219841
2014-06-02 17:00:00,ecl,aggregate_load,96,44,xgboost,30910.28997905177
2014-06-02 18:00:00,ecl,aggregate_load,96,44,xgboost,27654.00020259277
2014-06-02 19:00:00,ecl,aggregate_load,96,44,xgboost,28039.41909397503
2014-06-02 20:00:00,ecl,aggregate_load,96,44,xgboost,26304.08657379886
2014-06-02 21:00:00,ecl,aggregate_load,96,44,xgboost,26093.83535015454
2014-06-02 22:00:00,ecl,aggregate_load,96,44,xgboost,35176.240390380764
2014-06-02 23:00:00,ecl,aggregate_load,96,44,xgboost,29216.051696587834
2014-06-03 00:00:00,ecl,aggregate_load,96,44,xgboost,28340.516076319647
2014-06-03 01:00:00,ecl,aggregate_load,96,44,xgboost,27440.005406706547
2014-06-03 02:00:00,ecl,aggregate_load,96,44,xgboost,22594.980742140076
2014-06-03 03:00:00,ecl,aggregate_load,96,44,xgboost,21673.39162449336
2014-06-03 04:00:00,ecl,aggregate_load,96,44,xgboost,24150.99590441643
2014-06-03 05:00:00,ecl,aggregate_load,96,44,xgboost,27404.148387656245
2014-06-03 06:00:00,ecl,aggregate_load,96,44,xgboost,26225.26398386771
2014-06-03 07:00:00,ecl,aggregate_load,96,44,xgboost,31025.9083451749
2014-06-03 08:00:00,ecl,aggregate_load,96,44,xgboost,31923.94081536896
2014-06-03 09:00:00,ecl,aggregate_load,96,44,xgboost,33567.41284743765
2014-06-03 10:00:00,ecl,aggregate_load,96,44,xgboost,26023.516170492232
2014-06-03 11:00:00,ecl,aggregate_load,96,44,xgboost,26970.57743958209
2014-06-03 12:00:00,ecl,aggregate_load,96,44,xgboost,25229.288866527142
2014-06-03 13:00:00,ecl,aggregate_load,96,44,xgboost,19508.19696795693
2014-06-03 14:00:00,ecl,aggregate_load,96,44,xgboost,20026.93852233874
2014-06-03 15:00:00,ecl,aggregate_load,96,44,xgboost,23173.484717725
2014-06-03 16:00:00,ecl,aggregate_load,96,44,xgboost,21421.743001398074
2014-06-03 17:00:00,ecl,aggregate_load,96,44,xgboost,20514.639543154484
2014-06-03 18:00:00,ecl,aggregate_load,96,44,xgboost,20407.49895180842
2014-06-03 19:00:00,ecl,aggregate_load,96,44,xgboost,21172.84721017729
2014-06-03 20:00:00,ecl,aggregate_load,96,44,xgboost,21003.36130468249
2014-06-03 21:00:00,ecl,aggregate_load,96,44,xgboost,22504.739906130253
2014-06-03 22:00:00,ecl,aggregate_load,96,44,xgboost,25306.66083487854
2014-06-03 23:00:00,ecl,aggregate_load,96,44,xgboost,27776.716766899815
2014-06-04 00:00:00,ecl,aggregate_load,96,44,xgboost,25461.52426226338
2014-06-04 01:00:00,ecl,aggregate_load,96,44,xgboost,28514.806430391167
2014-06-04 02:00:00,ecl,aggregate_load,96,44,xgboost,22794.076689592333
2014-06-04 03:00:00,ecl,aggregate_load,96,44,xgboost,21314.013339527763
2014-06-04 04:00:00,ecl,aggregate_load,96,44,xgboost,22438.643584857393
2014-06-04 05:00:00,ecl,aggregate_load,96,44,xgboost,29443.301632879866
2014-06-04 06:00:00,ecl,aggregate_load,96,44,xgboost,25596.654113600074
2014-06-04 07:00:00,ecl,aggregate_load,96,44,xgboost,26289.5552764459
2014-06-04 08:00:00,ecl,aggregate_load,96,44,xgboost,26772.278816054808
2014-06-04 09:00:00,ecl,aggregate_load,96,44,xgboost,27586.523298402524
2014-06-04 10:00:00,ecl,aggregate_load,96,44,xgboost,27029.299173142485
2014-06-04 11:00:00,ecl,aggregate_load,96,44,xgboost,23199.624413858295
2014-06-04 12:00:00,ecl,aggregate_load,96,44,xgboost,28497.40766835569
2014-06-04 13:00:00,ecl,aggregate_load,96,44,xgboost,22252.210398123356
2014-06-04 14:00:00,ecl,aggregate_load,96,44,xgboost,20680.62212254445
2014-06-04 15:00:00,ecl,aggregate_load,96,44,xgboost,24264.474302256825
2014-06-04 16:00:00,ecl,aggregate_load,96,44,xgboost,24584.335055331583
2014-06-04 17:00:00,ecl,aggregate_load,96,44,xgboost,21049.02218101382
2014-06-04 18:00:00,ecl,aggregate_load,96,44,xgboost,20795.691799613287
2014-06-04 19:00:00,ecl,aggregate_load,96,44,xgboost,22970.92265626567
2014-06-04 20:00:00,ecl,aggregate_load,96,44,xgboost,23574.21640756358
2014-06-04 21:00:00,ecl,aggregate_load,96,44,xgboost,21698.39825292837
2014-06-04 22:00:00,ecl,aggregate_load,96,44,xgboost,25077.209726473124
2014-06-04 23:00:00,ecl,aggregate_load,96,44,xgboost,28719.096708529727
2014-06-05 00:00:00,ecl,aggregate_load,96,44,xgboost,25270.143693517934
2014-06-05 01:00:00,ecl,aggregate_load,96,44,xgboost,31394.649112068193
2014-06-05 02:00:00,ecl,aggregate_load,96,44,xgboost,25297.646255497966
2014-06-05 03:00:00,ecl,aggregate_load,96,44,xgboost,23824.975624505663
2014-06-05 04:00:00,ecl,aggregate_load,96,44,xgboost,26548.784720307274
2014-06-05 05:00:00,ecl,aggregate_load,96,44,xgboost,31697.21117347704
2014-06-05 06:00:00,ecl,aggregate_load,96,44,xgboost,23992.695423914065
2014-06-05 07:00:00,ecl,aggregate_load,96,44,xgboost,29332.83659341032
2014-06-05 08:00:00,ecl,aggregate_load,96,44,xgboost,27122.018038407114
2014-06-05 09:00:00,ecl,aggregate_load,96,44,xgboost,25979.486655153396
2014-06-05 10:00:00,ecl,aggregate_load,96,44,xgboost,24306.25471123152
2014-06-05 11:00:00,ecl,aggregate_load,96,44,xgboost,23262.628091117735
2014-06-05 12:00:00,ecl,aggregate_load,96,44,xgboost,23607.583218739357
2014-06-05 13:00:00,ecl,aggregate_load,96,44,xgboost,21301.49422091846
2014-06-05 14:00:00,ecl,aggregate_load,96,44,xgboost,21535.510458645695
2014-06-05 15:00:00,ecl,aggregate_load,96,44,xgboost,19240.896586157785
2014-06-05 16:00:00,ecl,aggregate_load,96,44,xgboost,26920.193261951066
2014-06-05 17:00:00,ecl,aggregate_load,96,44,xgboost,22310.654050952624
2014-06-05 18:00:00,ecl,aggregate_load,96,44,xgboost,20180.050913687315
2014-06-05 19:00:00,ecl,aggregate_load,96,44,xgboost,21088.540797417223
2014-06-05 20:00:00,ecl,aggregate_load,96,44,xgboost,19962.367409906958
2014-06-05 21:00:00,ecl,aggregate_load,96,44,xgboost,23073.096887759228
2014-06-05 22:00:00,ecl,aggregate_load,96,44,xgboost,27335.17316315488
2014-06-05 23:00:00,ecl,aggregate_load,96,44,xgboost,25945.92678499271
2014-06-06 00:00:00,ecl,aggregate_load,96,44,xgboost,22880.15545508248
2014-06-06 01:00:00,ecl,aggregate_load,96,44,xgboost,27667.724731290928
2014-06-06 02:00:00,ecl,aggregate_load,96,44,xgboost,26012.650852775172
2014-06-06 03:00:00,ecl,aggregate_load,96,44,xgboost,27057.031836724917
2014-06-06 04:00:00,ecl,aggregate_load,96,44,xgboost,23966.775488522766
2014-06-06 05:00:00,ecl,aggregate_load,96,44,xgboost,29572.2176758242
2014-06-06 06:00:00,ecl,aggregate_load,96,44,xgboost,31104.91711163431
2014-06-06 07:00:00,ecl,aggregate_load,96,44,xgboost,26139.687190955217
2014-06-06 08:00:00,ecl,aggregate_load,96,44,xgboost,25099.486446027546
2014-06-06 09:00:00,ecl,aggregate_load,96,44,xgboost,27715.37478069609
2014-06-06 10:00:00,ecl,aggregate_load,96,44,xgboost,25728.533718734016
2014-06-06 11:00:00,ecl,aggregate_load,96,44,xgboost,29345.307528318834
2014-06-06 12:00:00,ecl,aggregate_load,96,44,xgboost,27739.478007381724
2014-06-06 13:00:00,ecl,aggregate_load,96,44,xgboost,23917.255571509104
2014-06-06 14:00:00,ecl,aggregate_load,96,44,xgboost,22370.36132416914
2014-06-06 15:00:00,ecl,aggregate_load,96,44,xgboost,20750.864914062484
2014-06-06 16:00:00,ecl,aggregate_load,96,44,xgboost,29772.40461924068
2014-06-06 17:00:00,ecl,aggregate_load,96,44,xgboost,27252.835557045484
2014-06-06 18:00:00,ecl,aggregate_load,96,44,xgboost,22100.820718810748
2014-06-06 19:00:00,ecl,aggregate_load,96,44,xgboost,23959.594712972117
2014-06-06 20:00:00,ecl,aggregate_load,96,44,xgboost,23273.812551130304
2014-06-06 21:00:00,ecl,aggregate_load,96,44,xgboost,27242.93022338023
2014-06-06 22:00:00,ecl,aggregate_load,96,44,xgboost,27174.747936546624
2014-06-06 23:00:00,ecl,aggregate_load,96,44,xgboost,23623.67304519635
2014-06-07 00:00:00,ecl,aggregate_load,96,44,xgboost,21032.151610785433
2014-06-07 01:00:00,ecl,aggregate_load,96,44,xgboost,23352.891424957157
2014-06-07 02:00:00,ecl,aggregate_load,96,44,xgboost,22618.34512815315
2014-06-07 03:00:00,ecl,aggregate_load,96,44,xgboost,23247.232298622548
2014-06-07 04:00:00,ecl,aggregate_load,96,44,xgboost,23385.138648065255
2014-06-07 05:00:00,ecl,aggregate_load,96,44,xgboost,24657.23414496868
2014-06-07 06:00:00,ecl,aggregate_load,96,44,xgboost,24132.14891145064
2014-06-07 07:00:00,ecl,aggregate_load,96,44,xgboost,21983.716275342038
2014-06-07 08:00:00,ecl,aggregate_load,96,44,xgboost,21811.79195690117
2014-06-07 09:00:00,ecl,aggregate_load,96,44,xgboost,22889.295991316507
2014-06-07 10:00:00,ecl,aggregate_load,96,44,xgboost,22302.061636076807
2014-06-07 11:00:00,ecl,aggregate_load,96,44,xgboost,28507.50400286619
2014-06-07 12:00:00,ecl,aggregate_load,96,44,xgboost,27764.56946329251
2014-06-07 13:00:00,ecl,aggregate_load,96,44,xgboost,24473.717432862515
2014-06-07 14:00:00,ecl,aggregate_load,96,44,xgboost,26879.629131886584
2014-06-07 15:00:00,ecl,aggregate_load,96,44,xgboost,32135.638344192936
2014-06-07 16:00:00,ecl,aggregate_load,96,44,xgboost,37540.534282814326
2014-06-07 17:00:00,ecl,aggregate_load,96,44,xgboost,38571.21190609133
2014-06-07 18:00:00,ecl,aggregate_load,96,44,xgboost,37506.448333483764
2014-06-07 19:00:00,ecl,aggregate_load,96,44,xgboost,35304.69771936056
2014-06-07 20:00:00,ecl,aggregate_load,96,44,xgboost,35104.89528021687
2014-06-07 21:00:00,ecl,aggregate_load,96,44,xgboost,38409.1770428738
2014-06-07 22:00:00,ecl,aggregate_load,96,44,xgboost,38754.445318480895
2014-06-07 23:00:00,ecl,aggregate_load,96,44,xgboost,37185.92739322337
2014-06-08 00:00:00,ecl,aggregate_load,96,44,xgboost,32526.808317945135
2014-06-08 01:00:00,ecl,aggregate_load,96,44,xgboost,33725.247454884775
2014-06-08 02:00:00,ecl,aggregate_load,96,44,xgboost,34595.91631194489
2014-06-08 03:00:00,ecl,aggregate_load,96,44,xgboost,34748.535314774716
2014-06-08 04:00:00,ecl,aggregate_load,96,44,xgboost,34969.60911794756
2014-06-08 05:00:00,ecl,aggregate_load,96,44,xgboost,35768.515778565954
2014-06-08 06:00:00,ecl,aggregate_load,96,44,xgboost,33801.4719396049
2014-06-08 07:00:00,ecl,aggregate_load,96,44,xgboost,33889.95765141537
2014-06-08 08:00:00,ecl,aggregate_load,96,44,xgboost,33579.67158414408
2014-06-08 09:00:00,ecl,aggregate_load,96,44,xgboost,33719.54295482673
2014-06-08 10:00:00,ecl,aggregate_load,96,44,xgboost,29991.968784818997
2014-06-08 11:00:00,ecl,aggregate_load,96,44,xgboost,33077.00898792784
2014-06-08 12:00:00,ecl,aggregate_load,96,44,xgboost,36526.54277736744
2014-06-08 13:00:00,ecl,aggregate_load,96,44,xgboost,38443.61393193874
2014-06-08 14:00:00,ecl,aggregate_load,96,44,xgboost,42075.64446155374
2014-06-08 15:00:00,ecl,aggregate_load,96,44,xgboost,37081.93183736678
2014-06-08 16:00:00,ecl,aggregate_load,96,44,xgboost,45271.45652308137
2014-06-08 17:00:00,ecl,aggregate_load,96,44,xgboost,44928.77610291509
2014-06-08 18:00:00,ecl,aggregate_load,96,44,xgboost,48421.61175787026
2014-06-08 19:00:00,ecl,aggregate_load,96,44,xgboost,52097.753929176506
2014-06-08 20:00:00,ecl,aggregate_load,96,44,xgboost,55894.83429722928
2014-06-08 21:00:00,ecl,aggregate_load,96,44,xgboost,57167.48298207005
2014-06-08 22:00:00,ecl,aggregate_load,96,44,xgboost,61786.22100623595
2014-06-08 23:00:00,ecl,aggregate_load,96,44,xgboost,62194.165282240465
2014-06-09 00:00:00,ecl,aggregate_load,96,44,xgboost,57304.72569933045
2014-06-09 01:00:00,ecl,aggregate_load,96,44,xgboost,59267.53166346803
2014-06-09 02:00:00,ecl,aggregate_load,96,44,xgboost,64079.86816609979
2014-06-09 03:00:00,ecl,aggregate_load,96,44,xgboost,62665.33310386821
2014-06-09 04:00:00,ecl,aggregate_load,96,44,xgboost,62667.21336025677
2014-06-09 05:00:00,ecl,aggregate_load,96,44,xgboost,63932.91830663653
2014-06-09 06:00:00,ecl,aggregate_load,96,44,xgboost,63006.56427997669
2014-06-09 07:00:00,ecl,aggregate_load,96,44,xgboost,63792.10057538673
2014-06-09 08:00:00,ecl,aggregate_load,96,44,xgboost,63773.78582825596
2014-06-09 09:00:00,ecl,aggregate_load,96,44,xgboost,62216.696223447914
2014-06-09 10:00:00,ecl,aggregate_load,96,44,xgboost,61170.402555576824
2014-06-09 11:00:00,ecl,aggregate_load,96,44,xgboost,64154.152987924266
2014-06-09 12:00:00,ecl,aggregate_load,96,44,xgboost,69422.8543231221
2014-06-09 13:00:00,ecl,aggregate_load,96,44,xgboost,74805.01127809423
2014-06-09 14:00:00,ecl,aggregate_load,96,44,xgboost,79261.43449551972
2014-06-09 15:00:00,ecl,aggregate_load,96,44,xgboost,77302.16320544558
2014-06-09 16:00:00,ecl,aggregate_load,96,44,xgboost,58134.87415416528
2014-06-09 17:00:00,ecl,aggregate_load,96,44,xgboost,75348.012561803
2014-06-09 18:00:00,ecl,aggregate_load,96,44,xgboost,81007.02480011348
2014-06-09 19:00:00,ecl,aggregate_load,96,44,xgboost,88472.20890058922
2014-06-09 20:00:00,ecl,aggregate_load,96,44,xgboost,85456.27817252532
2014-06-09 21:00:00,ecl,aggregate_load,96,44,xgboost,92710.0127536663
2014-06-09 22:00:00,ecl,aggregate_load,96,44,xgboost,101091.29063708968
2014-06-09 23:00:00,ecl,aggregate_load,96,44,xgboost,100811.11142897602
2014-06-10 00:00:00,ecl,aggregate_load,96,44,xgboost,96171.01915202069
2014-06-10 01:00:00,ecl,aggregate_load,96,44,xgboost,94134.63777689461
2014-06-10 02:00:00,ecl,aggregate_load,96,44,xgboost,97143.74126986692
2014-06-10 03:00:00,ecl,aggregate_load,96,44,xgboost,96465.46101946261
2014-06-10 04:00:00,ecl,aggregate_load,96,44,xgboost,97135.51604394877
2014-06-10 05:00:00,ecl,aggregate_load,96,44,xgboost,94560.31569418697
2014-06-10 06:00:00,ecl,aggregate_load,96,44,xgboost,93405.80932931851
2014-06-10 07:00:00,ecl,aggregate_load,96,44,xgboost,101019.24492565695
2014-06-10 08:00:00,ecl,aggregate_load,96,44,xgboost,98048.62610523523
2014-06-10 09:00:00,ecl,aggregate_load,96,44,xgboost,96717.97715394867
2014-06-10 10:00:00,ecl,aggregate_load,96,44,xgboost,97855.74681025073
2014-06-10 11:00:00,ecl,aggregate_load,96,44,xgboost,97403.01166922138
2014-06-10 12:00:00,ecl,aggregate_load,96,44,xgboost,104997.17754903166
2014-06-10 13:00:00,ecl,aggregate_load,96,44,xgboost,114938.59278968106
2014-06-10 14:00:00,ecl,aggregate_load,96,44,xgboost,104852.9639893411
2014-06-10 15:00:00,ecl,aggregate_load,96,44,xgboost,110753.66725754575
2014-06-10 16:00:00,ecl,aggregate_load,96,44,xgboost,111906.81557811459
2014-06-10 17:00:00,ecl,aggregate_load,96,44,xgboost,123353.24547318353
2014-06-10 18:00:00,ecl,aggregate_load,96,44,xgboost,132322.71856462813
2014-06-10 19:00:00,ecl,aggregate_load,96,44,xgboost,140190.79108818978
2014-06-10 20:00:00,ecl,aggregate_load,96,44,xgboost,149839.4305573201
2014-06-10 21:00:00,ecl,aggregate_load,96,44,xgboost,153734.98065215134
2014-06-10 22:00:00,ecl,aggregate_load,96,44,xgboost,157316.00044100222
2014-06-10 23:00:00,ecl,aggregate_load,96,44,xgboost,161497.46627710402
2014-06-11 00:00:00,ecl,aggregate_load,96,44,xgboost,161728.02445492527
2014-06-11 01:00:00,ecl,aggregate_load,96,44,xgboost,161773.56184004
2014-06-11 02:00:00,ecl,aggregate_load,96,44,xgboost,164052.84869653697
2014-06-11 03:00:00,ecl,aggregate_load,96,44,xgboost,160866.67147395373
2014-06-11 04:00:00,ecl,aggregate_load,96,44,xgboost,160329.25352993608
2014-06-11 05:00:00,ecl,aggregate_load,96,44,xgboost,151264.60549383445
2014-06-11 06:00:00,ecl,aggregate_load,96,44,xgboost,155825.02727765104
2014-06-11 07:00:00,ecl,aggregate_load,96,44,xgboost,163170.61517774683
2014-06-11 08:00:00,ecl,aggregate_load,96,44,xgboost,159045.14637815088
2014-06-11 09:00:00,ecl,aggregate_load,96,44,xgboost,158869.32993604854
2014-06-11 10:00:00,ecl,aggregate_load,96,44,xgboost,162336.8833939656
2014-06-11 11:00:00,ecl,aggregate_load,96,44,xgboost,137390.83655502103
2014-06-11 12:00:00,ecl,aggregate_load,96,44,xgboost,146967.86106520853
2014-06-11 13:00:00,ecl,aggregate_load,96,44,xgboost,161205.68161659758
2014-06-11 14:00:00,ecl,aggregate_load,96,44,xgboost,149851.18237201552
2014-06-11 15:00:00,ecl,aggregate_load,96,44,xgboost,128985.98201369382
2014-06-11 16:00:00,ecl,aggregate_load,96,44,xgboost,138488.52266404775
2014-06-11 17:00:00,ecl,aggregate_load,96,44,xgboost,144225.9290301651
2014-06-11 18:00:00,ecl,aggregate_load,96,44,xgboost,150937.70985129123
2014-06-11 19:00:00,ecl,aggregate_load,96,44,xgboost,150292.700364892
2014-06-11 20:00:00,ecl,aggregate_load,96,44,xgboost,174584.33923593455
2014-06-11 21:00:00,ecl,aggregate_load,96,44,xgboost,184135.87723271237
2014-06-11 22:00:00,ecl,aggregate_load,96,44,xgboost,172378.47697674038
2014-06-11 23:00:00,ecl,aggregate_load,96,44,xgboost,179649.94194114892
2014-06-12 00:00:00,ecl,aggregate_load,96,44,xgboost,176010.1154773895
2014-06-12 01:00:00,ecl,aggregate_load,96,44,xgboost,177087.1699384266
2014-06-12 02:00:00,ecl,aggregate_load,96,44,xgboost,187758.30136251458
2014-06-12 03:00:00,ecl,aggregate_load,96,44,xgboost,191278.43409650572
2014-06-12 04:00:00,ecl,aggregate_load,96,44,xgboost,194646.7054989962
2014-06-12 05:00:00,ecl,aggregate_load,96,44,xgboost,176072.54921137696
2014-06-12 06:00:00,ecl,aggregate_load,96,44,xgboost,169691.56826068254
2014-06-12 07:00:00,ecl,aggregate_load,96,44,xgboost,173709.28083855836
2014-06-12 08:00:00,ecl,aggregate_load,96,44,xgboost,169059.31170318378
2014-06-12 09:00:00,ecl,aggregate_load,96,44,xgboost,168236.6624011707
2014-06-12 10:00:00,ecl,aggregate_load,96,44,xgboost,174727.97013087032
2014-06-12 11:00:00,ecl,aggregate_load,96,44,xgboost,156392.88419966158
2014-06-12 12:00:00,ecl,aggregate_load,96,44,xgboost,126091.94156427514
2014-06-12 13:00:00,ecl,aggregate_load,96,44,xgboost,94338.50029914337
2014-06-12 14:00:00,ecl,aggregate_load,96,44,xgboost,82504.68633245291
2014-06-12 15:00:00,ecl,aggregate_load,96,44,xgboost,65294.9353157946
2014-06-12 16:00:00,ecl,aggregate_load,96,44,xgboost,66088.05329308391
2014-06-12 17:00:00,ecl,aggregate_load,96,44,xgboost,68586.80560719356
2014-06-12 18:00:00,ecl,aggregate_load,96,44,xgboost,68529.93899199508
2014-06-12 19:00:00,ecl,aggregate_load,96,44,xgboost,67900.29437456622
2014-06-12 20:00:00,ecl,aggregate_load,96,44,xgboost,76341.91938019758
2014-06-12 21:00:00,ecl,aggregate_load,96,44,xgboost,78500.95515532845
2014-06-12 22:00:00,ecl,aggregate_load,96,44,xgboost,73362.14287124046
2014-06-12 23:00:00,ecl,aggregate_load,96,44,xgboost,86819.97612664371
2014-06-13 00:00:00,ecl,aggregate_load,96,44,xgboost,83894.68359314084
2014-06-13 01:00:00,ecl,aggregate_load,96,44,xgboost,80452.27334972912
2014-06-13 02:00:00,ecl,aggregate_load,96,44,xgboost,68748.77233663318
2014-06-13 03:00:00,ecl,aggregate_load,96,44,xgboost,67241.8325412745
2014-06-13 04:00:00,ecl,aggregate_load,96,44,xgboost,68994.08045598883
2014-06-13 05:00:00,ecl,aggregate_load,96,44,xgboost,75398.06497061338
2014-06-13 06:00:00,ecl,aggregate_load,96,44,xgboost,80212.20769730567
2014-06-13 07:00:00,ecl,aggregate_load,96,44,xgboost,74752.51773718906
2014-06-13 08:00:00,ecl,aggregate_load,96,44,xgboost,76275.54585384089
2014-06-13 09:00:00,ecl,aggregate_load,96,44,xgboost,75192.40759928043
2014-06-13 10:00:00,ecl,aggregate_load,96,44,xgboost,73037.30370539511
2014-06-13 11:00:00,ecl,aggregate_load,96,44,xgboost,54628.83044383497
2014-06-13 12:00:00,ecl,aggregate_load,96,44,xgboost,55123.8519540732
2014-06-13 13:00:00,ecl,aggregate_load,96,44,xgboost,62833.52723258467
2014-06-13 14:00:00,ecl,aggregate_load,96,44,xgboost,63372.2232926519
2014-06-13 15:00:00,ecl,aggregate_load,96,44,xgboost,61023.56407750968
2014-06-13 16:00:00,ecl,aggregate_load,96,44,xgboost,61857.47166300883
2014-06-13 17:00:00,ecl,aggregate_load,96,44,xgboost,64020.93864836678
2014-06-13 18:00:00,ecl,aggregate_load,96,44,xgboost,67182.2451591576
2014-06-13 19:00:00,ecl,aggregate_load,96,44,xgboost,68166.43523079071
2014-06-13 20:00:00,ecl,aggregate_load,96,44,xgboost,71217.99355908654
2014-06-13 21:00:00,ecl,aggregate_load,96,44,xgboost,74095.24855165755
2014-06-13 22:00:00,ecl,aggregate_load,96,44,xgboost,64125.23752607816
2014-06-13 23:00:00,ecl,aggregate_load,96,44,xgboost,62724.38707429016
2014-06-14 00:00:00,ecl,aggregate_load,96,44,xgboost,67513.23744807804
2014-06-14 01:00:00,ecl,aggregate_load,96,44,xgboost,70285.78072266855
2014-06-14 02:00:00,ecl,aggregate_load,96,44,xgboost,73304.70938273694
2014-06-14 03:00:00,ecl,aggregate_load,96,44,xgboost,71527.7331326786
2014-06-14 04:00:00,ecl,aggregate_load,96,44,xgboost,68942.33980104327
2014-06-14 05:00:00,ecl,aggregate_load,96,44,xgboost,75419.72569360619
2014-06-14 06:00:00,ecl,aggregate_load,96,44,xgboost,74957.32039497442
2014-06-14 07:00:00,ecl,aggregate_load,96,44,xgboost,76910.03722977873
2014-06-14 08:00:00,ecl,aggregate_load,96,44,xgboost,78545.70726007358
2014-06-14 09:00:00,ecl,aggregate_load,96,44,xgboost,75210.7977152069
2014-06-14 10:00:00,ecl,aggregate_load,96,44,xgboost,69255.19870721757
2014-06-14 11:00:00,ecl,aggregate_load,96,44,xgboost,78887.89650426187
2014-06-14 12:00:00,ecl,aggregate_load,96,44,xgboost,86545.35797673279
2014-06-14 13:00:00,ecl,aggregate_load,96,44,xgboost,89595.1964075752
2014-06-14 14:00:00,ecl,aggregate_load,96,44,xgboost,96124.70755216753
2014-06-14 15:00:00,ecl,aggregate_load,96,44,xgboost,96283.35859798263
2014-06-14 16:00:00,ecl,aggregate_load,96,44,xgboost,96339.5692158944
2014-06-14 17:00:00,ecl,aggregate_load,96,44,xgboost,101600.9595327371
2014-06-14 18:00:00,ecl,aggregate_load,96,44,xgboost,105329.4991737686
2014-06-14 19:00:00,ecl,aggregate_load,96,44,xgboost,101490.50654924625
2014-06-14 20:00:00,ecl,aggregate_load,96,44,xgboost,101604.26791750164
2014-06-14 21:00:00,ecl,aggregate_load,96,44,xgboost,97655.43012285202
2014-06-14 22:00:00,ecl,aggregate_load,96,44,xgboost,96783.89417421038
2014-06-14 23:00:00,ecl,aggregate_load,96,44,xgboost,95752.26788645412
2014-06-15 00:00:00,ecl,aggregate_load,96,44,xgboost,97773.26564308972
2014-06-15 01:00:00,ecl,aggregate_load,96,44,xgboost,89454.80171763955
2014-06-15 02:00:00,ecl,aggregate_load,96,44,xgboost,93962.07996535773
2014-06-15 03:00:00,ecl,aggregate_load,96,44,xgboost,99268.46012889962
2014-06-15 04:00:00,ecl,aggregate_load,96,44,xgboost,86296.48489265259
2014-06-15 05:00:00,ecl,aggregate_load,96,44,xgboost,103971.1128381176
2014-06-15 06:00:00,ecl,aggregate_load,96,44,xgboost,99170.45888178592
2014-06-15 07:00:00,ecl,aggregate_load,96,44,xgboost,100745.47733489926
2014-06-15 08:00:00,ecl,aggregate_load,96,44,xgboost,100074.7373810408
2014-06-15 09:00:00,ecl,aggregate_load,96,44,xgboost,92635.64672224394
2014-06-15 10:00:00,ecl,aggregate_load,96,44,xgboost,101549.79422928323
2014-06-15 11:00:00,ecl,aggregate_load,96,44,xgboost,111006.73758450244
2014-06-15 12:00:00,ecl,aggregate_load,96,44,xgboost,121988.69110649434
2014-06-15 13:00:00,ecl,aggregate_load,96,44,xgboost,125726.38156126106
2014-06-15 14:00:00,ecl,aggregate_load,96,44,xgboost,119277.77451624388
2014-06-15 15:00:00,ecl,aggregate_load,96,44,xgboost,116455.65470257479
2014-06-15 16:00:00,ecl,aggregate_load,96,44,xgboost,109396.0218390519
2014-06-15 17:00:00,ecl,aggregate_load,96,44,xgboost,110282.79887029238
2014-06-15 18:00:00,ecl,aggregate_load,96,44,xgboost,112874.4532076374
2014-06-15 19:00:00,ecl,aggregate_load,96,44,xgboost,107128.90911671857
2014-06-15 20:00:00,ecl,aggregate_load,96,44,xgboost,93161.41929535718
2014-06-15 21:00:00,ecl,aggregate_load,96,44,xgboost,99868.76882213564
2014-06-15 22:00:00,ecl,aggregate_load,96,44,xgboost,100309.86670082912
2014-06-15 23:00:00,ecl,aggregate_load,96,44,xgboost,97806.68992489274
2014-06-16 00:00:00,ecl,aggregate_load,96,44,xgboost,113951.76898370642
2014-06-16 01:00:00,ecl,aggregate_load,96,44,xgboost,117138.0870274494
2014-06-16 02:00:00,ecl,aggregate_load,96,44,xgboost,118942.29613010206
2014-06-16 03:00:00,ecl,aggregate_load,96,44,xgboost,118107.84187182908
2014-06-16 04:00:00,ecl,aggregate_load,96,44,xgboost,126884.30740724737
2014-06-16 05:00:00,ecl,aggregate_load,96,44,xgboost,131421.54881124818
2014-06-16 06:00:00,ecl,aggregate_load,96,44,xgboost,128180.39948271895
2014-06-16 07:00:00,ecl,aggregate_load,96,44,xgboost,124469.28332746595
2014-06-16 08:00:00,ecl,aggregate_load,96,44,xgboost,120778.59238239001
2014-06-16 09:00:00,ecl,aggregate_load,96,44,xgboost,107719.50834956412
2014-06-16 10:00:00,ecl,aggregate_load,96,44,xgboost,113700.26698272448
2014-06-16 11:00:00,ecl,aggregate_load,96,44,xgboost,118903.92728133562
2014-06-16 12:00:00,ecl,aggregate_load,96,44,xgboost,113173.90896368172
2014-06-16 13:00:00,ecl,aggregate_load,96,44,xgboost,102776.1976337573
2014-06-16 14:00:00,ecl,aggregate_load,96,44,xgboost,102358.19167917065
2014-06-16 15:00:00,ecl,aggregate_load,96,44,xgboost,99688.82875095501
2014-06-16 16:00:00,ecl,aggregate_load,96,44,xgboost,95827.38713486458
2014-06-16 17:00:00,ecl,aggregate_load,96,44,xgboost,98100.63839270711
2014-06-16 18:00:00,ecl,aggregate_load,96,44,xgboost,92693.86637341905
2014-06-16 19:00:00,ecl,aggregate_load,96,44,xgboost,89807.49354822545
2014-06-16 20:00:00,ecl,aggregate_load,96,44,xgboost,67349.59087818894
2014-06-16 21:00:00,ecl,aggregate_load,96,44,xgboost,62957.967807985224
2014-06-16 22:00:00,ecl,aggregate_load,96,44,xgboost,79918.45572660278
2014-06-16 23:00:00,ecl,aggregate_load,96,44,xgboost,75563.81908680998
2014-06-17 00:00:00,ecl,aggregate_load,96,44,xgboost,68848.25631794262
2014-06-17 01:00:00,ecl,aggregate_load,96,44,xgboost,80119.04281138063
2014-06-17 02:00:00,ecl,aggregate_load,96,44,xgboost,82918.9318908774
2014-06-17 03:00:00,ecl,aggregate_load,96,44,xgboost,85437.52322447002
2014-06-17 04:00:00,ecl,aggregate_load,96,44,xgboost,84155.66378738974
2014-06-17 05:00:00,ecl,aggregate_load,96,44,xgboost,93243.56227830786
2014-06-17 06:00:00,ecl,aggregate_load,96,44,xgboost,87631.32767024751
2014-06-17 07:00:00,ecl,aggregate_load,96,44,xgboost,87834.8018012321
2014-06-17 08:00:00,ecl,aggregate_load,96,44,xgboost,82112.06350454463
2014-06-17 09:00:00,ecl,aggregate_load,96,44,xgboost,78643.10388306784
2014-06-17 10:00:00,ecl,aggregate_load,96,44,xgboost,72568.7540679699
2014-06-17 11:00:00,ecl,aggregate_load,96,44,xgboost,67863.27199206095
2014-06-17 12:00:00,ecl,aggregate_load,96,44,xgboost,57342.166329543245
2014-06-17 13:00:00,ecl,aggregate_load,96,44,xgboost,51441.54806117283
2014-06-17 14:00:00,ecl,aggregate_load,96,44,xgboost,60695.88513790086
2014-06-17 15:00:00,ecl,aggregate_load,96,44,xgboost,53674.321122948604
2014-06-17 16:00:00,ecl,aggregate_load,96,44,xgboost,52911.115072971654
2014-06-17 17:00:00,ecl,aggregate_load,96,44,xgboost,53250.07245560561
2014-06-17 18:00:00,ecl,aggregate_load,96,44,xgboost,56450.925501738115
2014-06-17 19:00:00,ecl,aggregate_load,96,44,xgboost,52213.255278293334
2014-06-17 20:00:00,ecl,aggregate_load,96,44,xgboost,57231.60384040644
2014-06-17 21:00:00,ecl,aggregate_load,96,44,xgboost,51005.901117474714
2014-06-17 22:00:00,ecl,aggregate_load,96,44,xgboost,46178.09386263077
2014-06-17 23:00:00,ecl,aggregate_load,96,44,xgboost,45823.12061546524
2014-06-18 00:00:00,ecl,aggregate_load,96,44,xgboost,48229.47307042277
2014-06-18 01:00:00,ecl,aggregate_load,96,44,xgboost,47260.70491428885
2014-06-18 02:00:00,ecl,aggregate_load,96,44,xgboost,47787.02501159872
2014-06-18 03:00:00,ecl,aggregate_load,96,44,xgboost,46707.56808659425
2014-06-18 04:00:00,ecl,aggregate_load,96,44,xgboost,48649.923001029994
2014-06-18 05:00:00,ecl,aggregate_load,96,44,xgboost,57771.21496430998
2014-06-18 06:00:00,ecl,aggregate_load,96,44,xgboost,57054.686315684135
2014-06-18 07:00:00,ecl,aggregate_load,96,44,xgboost,60447.69593326811
2014-06-18 08:00:00,ecl,aggregate_load,96,44,xgboost,54279.606987021536
2014-06-18 09:00:00,ecl,aggregate_load,96,44,xgboost,60218.01158886007
2014-06-18 10:00:00,ecl,aggregate_load,96,44,xgboost,49293.94618965339
2014-06-18 11:00:00,ecl,aggregate_load,96,44,xgboost,54028.155063834645
2014-06-18 12:00:00,ecl,aggregate_load,96,44,xgboost,46756.020153143596
2014-06-18 13:00:00,ecl,aggregate_load,96,44,xgboost,37983.26679629952
2014-06-18 14:00:00,ecl,aggregate_load,96,44,xgboost,41592.432994560455
2014-06-18 15:00:00,ecl,aggregate_load,96,44,xgboost,46463.806774077915
2014-06-18 16:00:00,ecl,aggregate_load,96,44,xgboost,37364.69442930857
2014-06-18 17:00:00,ecl,aggregate_load,96,44,xgboost,36474.46987420251
2014-06-18 18:00:00,ecl,aggregate_load,96,44,xgboost,39428.847243409116
2014-06-18 19:00:00,ecl,aggregate_load,96,44,xgboost,33175.2340736951
2014-06-18 20:00:00,ecl,aggregate_load,96,44,xgboost,40577.26081595986
2014-06-18 21:00:00,ecl,aggregate_load,96,44,xgboost,35866.31511382235
2014-06-18 22:00:00,ecl,aggregate_load,96,44,xgboost,37231.701783483244
2014-06-18 23:00:00,ecl,aggregate_load,96,44,xgboost,35075.86640246853
2014-06-19 00:00:00,ecl,aggregate_load,96,44,xgboost,36725.7837606634
2014-06-19 01:00:00,ecl,aggregate_load,96,44,xgboost,39661.403085145044
2014-06-19 02:00:00,ecl,aggregate_load,96,44,xgboost,41598.8067539556
2014-06-19 03:00:00,ecl,aggregate_load,96,44,xgboost,49579.11963451346
2014-06-19 04:00:00,ecl,aggregate_load,96,44,xgboost,53445.34049337982
2014-06-19 05:00:00,ecl,aggregate_load,96,44,xgboost,45191.94954392733
2014-06-19 06:00:00,ecl,aggregate_load,96,44,xgboost,45680.89818762464
2014-06-19 07:00:00,ecl,aggregate_load,96,44,xgboost,42472.41374066666
2014-06-19 08:00:00,ecl,aggregate_load,96,44,xgboost,41726.49261125258
2014-06-19 09:00:00,ecl,aggregate_load,96,44,xgboost,42363.85015421145
2014-06-19 10:00:00,ecl,aggregate_load,96,44,xgboost,44473.476336815664
2014-06-19 11:00:00,ecl,aggregate_load,96,44,xgboost,44173.857982718015
2014-06-19 12:00:00,ecl,aggregate_load,96,44,xgboost,40532.628411049234
2014-06-19 13:00:00,ecl,aggregate_load,96,44,xgboost,34617.12753704083
2014-06-19 14:00:00,ecl,aggregate_load,96,44,xgboost,42980.4913536832
2014-06-19 15:00:00,ecl,aggregate_load,96,44,xgboost,36758.46285178859
2014-06-19 16:00:00,ecl,aggregate_load,96,44,xgboost,35141.62761617907
2014-06-19 17:00:00,ecl,aggregate_load,96,44,xgboost,35790.003114912855
2014-06-19 18:00:00,ecl,aggregate_load,96,44,xgboost,35642.86025361339
2014-06-19 19:00:00,ecl,aggregate_load,96,44,xgboost,37288.07376982423
2014-06-19 20:00:00,ecl,aggregate_load,96,44,xgboost,35538.759875405
2014-06-19 21:00:00,ecl,aggregate_load,96,44,xgboost,36115.95848865967
2014-06-19 22:00:00,ecl,aggregate_load,96,44,xgboost,34502.97328024405
2014-06-19 23:00:00,ecl,aggregate_load,96,44,xgboost,32891.6288464773
2014-06-20 00:00:00,ecl,aggregate_load,96,44,xgboost,33846.77919404372
2014-06-20 01:00:00,ecl,aggregate_load,96,44,xgboost,29427.599160326314
2014-06-20 02:00:00,ecl,aggregate_load,96,44,xgboost,31958.456711428113
2014-06-20 03:00:00,ecl,aggregate_load,96,44,xgboost,35311.01889261537
2014-06-20 04:00:00,ecl,aggregate_load,96,44,xgboost,38613.92063590579
2014-06-20 05:00:00,ecl,aggregate_load,96,44,xgboost,36405.64351262113
2014-06-20 06:00:00,ecl,aggregate_load,96,44,xgboost,35618.478095437145
2014-06-20 07:00:00,ecl,aggregate_load,96,44,xgboost,32847.595862031994
2014-06-20 08:00:00,ecl,aggregate_load,96,44,xgboost,30704.904536216374
2014-06-20 09:00:00,ecl,aggregate_load,96,44,xgboost,29636.553064647753
2014-06-20 10:00:00,ecl,aggregate_load,96,44,xgboost,38653.2450170108
2014-06-20 11:00:00,ecl,aggregate_load,96,44,xgboost,35601.55314100787
2014-06-20 12:00:00,ecl,aggregate_load,96,44,xgboost,35871.68208321841
2014-06-20 13:00:00,ecl,aggregate_load,96,44,xgboost,39967.60875409764
2014-06-20 14:00:00,ecl,aggregate_load,96,44,xgboost,37906.90874634617
2014-06-20 15:00:00,ecl,aggregate_load,96,44,xgboost,43931.1458321872
2014-06-20 16:00:00,ecl,aggregate_load,96,44,xgboost,36808.63315679231
2014-06-20 17:00:00,ecl,aggregate_load,96,44,xgboost,40334.10703250064
2014-06-20 18:00:00,ecl,aggregate_load,96,44,xgboost,45240.73910439296
2014-06-20 19:00:00,ecl,aggregate_load,96,44,xgboost,53167.476339096385
2014-06-20 20:00:00,ecl,aggregate_load,96,44,xgboost,51203.19510803715
2014-06-20 21:00:00,ecl,aggregate_load,96,44,xgboost,46112.93458938845
2014-06-20 22:00:00,ecl,aggregate_load,96,44,xgboost,69468.52679318578
2014-06-20 23:00:00,ecl,aggregate_load,96,44,xgboost,61842.17142439205
2014-06-21 00:00:00,ecl,aggregate_load,96,44,xgboost,67963.30445360858
2014-06-21 01:00:00,ecl,aggregate_load,96,44,xgboost,73992.80714809259
2014-06-21 02:00:00,ecl,aggregate_load,96,44,xgboost,76370.65322601127
2014-06-21 03:00:00,ecl,aggregate_load,96,44,xgboost,83912.84508439276
2014-06-21 04:00:00,ecl,aggregate_load,96,44,xgboost,90746.30486339977
2014-06-21 05:00:00,ecl,aggregate_load,96,44,xgboost,83415.58768456143
2014-06-21 06:00:00,ecl,aggregate_load,96,44,xgboost,84102.0191006524
2014-06-21 07:00:00,ecl,aggregate_load,96,44,xgboost,79507.788936112
2014-06-21 08:00:00,ecl,aggregate_load,96,44,xgboost,80753.4906040083
2014-06-21 09:00:00,ecl,aggregate_load,96,44,xgboost,85824.13732322468
2014-06-21 10:00:00,ecl,aggregate_load,96,44,xgboost,102188.27807353542
2014-06-21 11:00:00,ecl,aggregate_load,96,44,xgboost,93043.17283536505
2014-06-21 12:00:00,ecl,aggregate_load,96,44,xgboost,83031.98407459083
2014-06-21 13:00:00,ecl,aggregate_load,96,44,xgboost,85940.02620411398
2014-06-21 14:00:00,ecl,aggregate_load,96,44,xgboost,82821.67631026589
2014-06-21 15:00:00,ecl,aggregate_load,96,44,xgboost,91846.39950908213
2014-06-21 16:00:00,ecl,aggregate_load,96,44,xgboost,83882.69333113806
2014-06-21 17:00:00,ecl,aggregate_load,96,44,xgboost,79387.65169204967
2014-06-21 18:00:00,ecl,aggregate_load,96,44,xgboost,67823.02373254132
2014-06-21 19:00:00,ecl,aggregate_load,96,44,xgboost,74630.44012820382
2014-06-21 20:00:00,ecl,aggregate_load,96,44,xgboost,75319.95828762116
2014-06-21 21:00:00,ecl,aggregate_load,96,44,xgboost,76860.24717347398
2014-06-21 22:00:00,ecl,aggregate_load,96,44,xgboost,81927.3962653748
2014-06-21 23:00:00,ecl,aggregate_load,96,44,xgboost,55659.69270106285
2014-06-22 00:00:00,ecl,aggregate_load,96,44,xgboost,61125.13651258314
2014-06-22 01:00:00,ecl,aggregate_load,96,44,xgboost,56559.827720191075
2014-06-22 02:00:00,ecl,aggregate_load,96,44,xgboost,57666.39292048547
2014-06-22 03:00:00,ecl,aggregate_load,96,44,xgboost,63909.23743695151
2014-06-22 04:00:00,ecl,aggregate_load,96,44,xgboost,66366.53759306732
2014-06-22 05:00:00,ecl,aggregate_load,96,44,xgboost,68369.87925401874
2014-06-22 06:00:00,ecl,aggregate_load,96,44,xgboost,69237.68301379422
2014-06-22 07:00:00,ecl,aggregate_load,96,44,xgboost,53736.54376771225
2014-06-22 08:00:00,ecl,aggregate_load,96,44,xgboost,55886.40798944805
2014-06-22 09:00:00,ecl,aggregate_load,96,44,xgboost,57022.51731678785
2014-06-22 10:00:00,ecl,aggregate_load,96,44,xgboost,81651.90256111456
2014-06-22 11:00:00,ecl,aggregate_load,96,44,xgboost,75167.50365901378
2014-06-22 12:00:00,ecl,aggregate_load,96,44,xgboost,68559.31044288259
2014-06-22 13:00:00,ecl,aggregate_load,96,44,xgboost,69243.87306825707
2014-06-22 14:00:00,ecl,aggregate_load,96,44,xgboost,63918.60421171042
2014-06-22 15:00:00,ecl,aggregate_load,96,44,xgboost,64397.41432614939
2014-06-22 16:00:00,ecl,aggregate_load,96,44,xgboost,61284.879721084646
2014-06-22 17:00:00,ecl,aggregate_load,96,44,xgboost,61276.12944558775
2014-06-22 18:00:00,ecl,aggregate_load,96,44,xgboost,66026.28926607712
2014-06-22 19:00:00,ecl,aggregate_load,96,44,xgboost,66847.59034887968
2014-06-22 20:00:00,ecl,aggregate_load,96,44,xgboost,74330.38153405434
2014-06-22 21:00:00,ecl,aggregate_load,96,44,xgboost,69244.06383267278
2014-06-22 22:00:00,ecl,aggregate_load,96,44,xgboost,70667.9274781411
2014-06-22 23:00:00,ecl,aggregate_load,96,44,xgboost,50281.52832677379
2014-06-23 00:00:00,ecl,aggregate_load,96,44,xgboost,57323.37398358458
2014-06-23 01:00:00,ecl,aggregate_load,96,44,xgboost,41776.696399313274
2014-06-23 02:00:00,ecl,aggregate_load,96,44,xgboost,45144.28441767571
2014-06-23 03:00:00,ecl,aggregate_load,96,44,xgboost,49381.24971670015
2014-06-23 04:00:00,ecl,aggregate_load,96,44,xgboost,55973.64472113117
2014-06-23 05:00:00,ecl,aggregate_load,96,44,xgboost,59516.12120934444
2014-06-23 06:00:00,ecl,aggregate_load,96,44,xgboost,54674.63831142255
2014-06-23 07:00:00,ecl,aggregate_load,96,44,xgboost,47525.641749839175
2014-06-23 08:00:00,ecl,aggregate_load,96,44,xgboost,46951.187629913846
2014-06-23 09:00:00,ecl,aggregate_load,96,44,xgboost,50450.93346484536
2014-06-23 10:00:00,ecl,aggregate_load,96,44,xgboost,62769.896973344
2014-06-23 11:00:00,ecl,aggregate_load,96,44,xgboost,63357.56825463389
2014-06-23 12:00:00,ecl,aggregate_load,96,44,xgboost,58353.232932141305
2014-06-23 13:00:00,ecl,aggregate_load,96,44,xgboost,56388.218626883114
2014-06-23 14:00:00,ecl,aggregate_load,96,44,xgboost,62334.17628104725
2014-06-23 15:00:00,ecl,aggregate_load,96,44,xgboost,61080.1153714029
2014-06-23 16:00:00,ecl,aggregate_load,96,44,xgboost,60131.14958355984
2014-06-23 17:00:00,ecl,aggregate_load,96,44,xgboost,60408.93690190782
2014-06-23 18:00:00,ecl,aggregate_load,96,44,xgboost,50540.43334756497
2014-06-23 19:00:00,ecl,aggregate_load,96,44,xgboost,47506.28023175577
2014-06-23 20:00:00,ecl,aggregate_load,96,44,xgboost,49008.510060273074
2014-06-23 21:00:00,ecl,aggregate_load,96,44,xgboost,48215.69204269691
2014-06-23 22:00:00,ecl,aggregate_load,96,44,xgboost,44916.37316210771
2014-06-23 23:00:00,ecl,aggregate_load,96,44,xgboost,35918.93071052964
2014-06-24 00:00:00,ecl,aggregate_load,96,44,xgboost,34431.425328852514
2014-06-24 01:00:00,ecl,aggregate_load,96,44,xgboost,52160.24732766819
2014-06-24 02:00:00,ecl,aggregate_load,96,44,xgboost,50483.34200247208
2014-06-24 03:00:00,ecl,aggregate_load,96,44,xgboost,53274.98771128282
2014-06-24 04:00:00,ecl,aggregate_load,96,44,xgboost,54787.10949823169
2014-06-24 05:00:00,ecl,aggregate_load,96,44,xgboost,58373.54407984716
2014-06-24 06:00:00,ecl,aggregate_load,96,44,xgboost,54772.16565922372
2014-06-24 07:00:00,ecl,aggregate_load,96,44,xgboost,46047.22880573177
2014-06-24 08:00:00,ecl,aggregate_load,96,44,xgboost,44761.79241735172
2014-06-24 09:00:00,ecl,aggregate_load,96,44,xgboost,45457.67070898311
2014-06-24 10:00:00,ecl,aggregate_load,96,44,xgboost,58059.084539889715
2014-06-24 11:00:00,ecl,aggregate_load,96,44,xgboost,58110.39912965463
2014-06-24 12:00:00,ecl,aggregate_load,96,44,xgboost,49811.37691949173
2014-06-24 13:00:00,ecl,aggregate_load,96,44,xgboost,38863.94410830427
2014-06-24 14:00:00,ecl,aggregate_load,96,44,xgboost,32307.484024261154
2014-06-24 15:00:00,ecl,aggregate_load,96,44,xgboost,31461.493998083097
2014-06-24 16:00:00,ecl,aggregate_load,96,44,xgboost,32487.778090622018
2014-06-24 17:00:00,ecl,aggregate_load,96,44,xgboost,32244.443548299274
2014-06-24 18:00:00,ecl,aggregate_load,96,44,xgboost,32300.097625952054
2014-06-24 19:00:00,ecl,aggregate_load,96,44,xgboost,29486.73734671866
2014-06-24 20:00:00,ecl,aggregate_load,96,44,xgboost,31807.55386545778
2014-06-24 21:00:00,ecl,aggregate_load,96,44,xgboost,35022.28891538856
2014-06-24 22:00:00,ecl,aggregate_load,96,44,xgboost,35428.32530091819
2014-06-24 23:00:00,ecl,aggregate_load,96,44,xgboost,28088.694239358927
2014-06-25 00:00:00,ecl,aggregate_load,96,44,xgboost,23736.62817938677
2014-06-25 01:00:00,ecl,aggregate_load,96,44,xgboost,24840.89433361815
2014-06-25 02:00:00,ecl,aggregate_load,96,44,xgboost,27882.638672968547
2014-06-25 03:00:00,ecl,aggregate_load,96,44,xgboost,28226.025650159678
2014-06-25 04:00:00,ecl,aggregate_load,96,44,xgboost,31221.57233541811
2014-06-25 05:00:00,ecl,aggregate_load,96,44,xgboost,33817.930879932166
2014-06-25 06:00:00,ecl,aggregate_load,96,44,xgboost,31514.123402406443
2014-06-25 07:00:00,ecl,aggregate_load,96,44,xgboost,26731.834096610106
2014-06-25 08:00:00,ecl,aggregate_load,96,44,xgboost,32123.030808416017
2014-06-25 09:00:00,ecl,aggregate_load,96,44,xgboost,30376.533524239087
2014-06-25 10:00:00,ecl,aggregate_load,96,44,xgboost,40507.47660530647
2014-06-25 11:00:00,ecl,aggregate_load,96,44,xgboost,34525.44347120371
2014-06-25 12:00:00,ecl,aggregate_load,96,44,xgboost,31917.07601769772
2014-06-25 13:00:00,ecl,aggregate_load,96,44,xgboost,28362.830071294175
2014-06-25 14:00:00,ecl,aggregate_load,96,44,xgboost,27170.405430869334
2014-06-25 15:00:00,ecl,aggregate_load,96,44,xgboost,28255.106473979966
2014-06-25 16:00:00,ecl,aggregate_load,96,44,xgboost,30725.71867166934
2014-06-25 17:00:00,ecl,aggregate_load,96,44,xgboost,34337.86600953217
2014-06-25 18:00:00,ecl,aggregate_load,96,44,xgboost,33589.96834615291
2014-06-25 19:00:00,ecl,aggregate_load,96,44,xgboost,32126.840620398772
2014-06-25 20:00:00,ecl,aggregate_load,96,44,xgboost,33273.52556594629
2014-06-25 21:00:00,ecl,aggregate_load,96,44,xgboost,34806.59816183222
2014-06-25 22:00:00,ecl,aggregate_load,96,44,xgboost,39711.67985284105
2014-06-25 23:00:00,ecl,aggregate_load,96,44,xgboost,35518.62808300167
2014-06-26 00:00:00,ecl,aggregate_load,96,44,xgboost,30938.36660179962
2014-06-26 01:00:00,ecl,aggregate_load,96,44,xgboost,31756.681853765982
2014-06-26 02:00:00,ecl,aggregate_load,96,44,xgboost,32129.229288592993
2014-06-26 03:00:00,ecl,aggregate_load,96,44,xgboost,32173.26566193636
2014-06-26 04:00:00,ecl,aggregate_load,96,44,xgboost,36243.19015307302
2014-06-26 05:00:00,ecl,aggregate_load,96,44,xgboost,36661.32248991085
2014-06-26 06:00:00,ecl,aggregate_load,96,44,xgboost,36954.726866827434
2014-06-26 07:00:00,ecl,aggregate_load,96,44,xgboost,32600.139540440217
2014-06-26 08:00:00,ecl,aggregate_load,96,44,xgboost,34954.73799475297
2014-06-26 09:00:00,ecl,aggregate_load,96,44,xgboost,34789.54880023621
2014-06-26 10:00:00,ecl,aggregate_load,96,44,xgboost,37591.96294891492
2014-06-26 11:00:00,ecl,aggregate_load,96,44,xgboost,38128.17226484416
2014-06-26 12:00:00,ecl,aggregate_load,96,44,xgboost,36925.83678126208
2014-06-26 13:00:00,ecl,aggregate_load,96,44,xgboost,37056.869855034165
2014-06-26 14:00:00,ecl,aggregate_load,96,44,xgboost,37667.6288481825
2014-06-26 15:00:00,ecl,aggregate_load,96,44,xgboost,37067.36085334297
2014-06-26 16:00:00,ecl,aggregate_load,96,44,xgboost,38740.733398431046
2014-06-26 17:00:00,ecl,aggregate_load,96,44,xgboost,41638.77068222245
2014-06-26 18:00:00,ecl,aggregate_load,96,44,xgboost,41007.7140557851
2014-06-26 19:00:00,ecl,aggregate_load,96,44,xgboost,42104.602670163185
2014-06-26 20:00:00,ecl,aggregate_load,96,44,xgboost,42259.407613788324
2014-06-26 21:00:00,ecl,aggregate_load,96,44,xgboost,46602.74853241179
2014-06-26 22:00:00,ecl,aggregate_load,96,44,xgboost,46699.368181601894
2014-06-26 23:00:00,ecl,aggregate_load,96,44,xgboost,44569.796128849324
2014-06-27 00:00:00,ecl,aggregate_load,96,44,xgboost,43440.55609434579
2014-06-27 01:00:00,ecl,aggregate_load,96,44,xgboost,39666.56282256011
2014-06-27 02:00:00,ecl,aggregate_load,96,44,xgboost,40371.50234061397
2014-06-27 03:00:00,ecl,aggregate_load,96,44,xgboost,40992.69366894919
2014-06-27 04:00:00,ecl,aggregate_load,96,44,xgboost,42724.19850687833
2014-06-27 05:00:00,ecl,aggregate_load,96,44,xgboost,43062.45697463951
2014-06-27 06:00:00,ecl,aggregate_load,96,44,xgboost,45881.682654127166
2014-06-27 07:00:00,ecl,aggregate_load,96,44,xgboost,41500.51515981901
2014-06-27 08:00:00,ecl,aggregate_load,96,44,xgboost,43847.503123576775
2014-06-27 09:00:00,ecl,aggregate_load,96,44,xgboost,44127.34943015068
2014-06-27 10:00:00,ecl,aggregate_load,96,44,xgboost,46760.33441939939
2014-06-27 11:00:00,ecl,aggregate_load,96,44,xgboost,45899.22903708842
2014-06-27 12:00:00,ecl,aggregate_load,96,44,xgboost,45154.92847164633
2014-06-27 13:00:00,ecl,aggregate_load,96,44,xgboost,49622.940884752956
2014-06-27 14:00:00,ecl,aggregate_load,96,44,xgboost,48348.50132506631
2014-06-27 15:00:00,ecl,aggregate_load,96,44,xgboost,47541.79434301334
2014-06-27 16:00:00,ecl,aggregate_load,96,44,xgboost,50322.00213507018
2014-06-27 17:00:00,ecl,aggregate_load,96,44,xgboost,52392.122566430706
2014-06-27 18:00:00,ecl,aggregate_load,96,44,xgboost,55087.56935272354
2014-06-27 19:00:00,ecl,aggregate_load,96,44,xgboost,55609.988519518985
2014-06-27 20:00:00,ecl,aggregate_load,96,44,xgboost,58064.33928004719
2014-06-27 21:00:00,ecl,aggregate_load,96,44,xgboost,55103.27156898051
2014-06-27 22:00:00,ecl,aggregate_load,96,44,xgboost,51092.78537822006
2014-06-27 23:00:00,ecl,aggregate_load,96,44,xgboost,57248.7501464588
2014-06-28 00:00:00,ecl,aggregate_load,96,44,xgboost,58221.4060764681
2014-06-28 01:00:00,ecl,aggregate_load,96,44,xgboost,55532.67116072707
2014-06-28 02:00:00,ecl,aggregate_load,96,44,xgboost,56459.04249301887
2014-06-28 03:00:00,ecl,aggregate_load,96,44,xgboost,53197.128193637276
2014-06-28 04:00:00,ecl,aggregate_load,96,44,xgboost,55222.38193275224
2014-06-28 05:00:00,ecl,aggregate_load,96,44,xgboost,56062.304585060134
2014-06-28 06:00:00,ecl,aggregate_load,96,44,xgboost,62468.93520124841
2014-06-28 07:00:00,ecl,aggregate_load,96,44,xgboost,58032.688962183696
2014-06-28 08:00:00,ecl,aggregate_load,96,44,xgboost,60087.481444303856
2014-06-28 09:00:00,ecl,aggregate_load,96,44,xgboost,61220.43837840619
2014-06-28 10:00:00,ecl,aggregate_load,96,44,xgboost,68764.79971810254
2014-06-28 11:00:00,ecl,aggregate_load,96,44,xgboost,77271.05227703844
2014-06-28 12:00:00,ecl,aggregate_load,96,44,xgboost,73561.3117898291
2014-06-28 13:00:00,ecl,aggregate_load,96,44,xgboost,78187.23349873017
2014-06-28 14:00:00,ecl,aggregate_load,96,44,xgboost,78983.66283836565
2014-06-28 15:00:00,ecl,aggregate_load,96,44,xgboost,93907.86306689093
2014-06-28 16:00:00,ecl,aggregate_load,96,44,xgboost,102774.30975212251
2014-06-28 17:00:00,ecl,aggregate_load,96,44,xgboost,101324.9413720761
2014-06-28 18:00:00,ecl,aggregate_load,96,44,xgboost,105230.23087943472
2014-06-28 19:00:00,ecl,aggregate_load,96,44,xgboost,100482.65375344537
2014-06-28 20:00:00,ecl,aggregate_load,96,44,xgboost,97681.77034672129
2014-06-28 21:00:00,ecl,aggregate_load,96,44,xgboost,91375.73019537928
2014-06-28 22:00:00,ecl,aggregate_load,96,44,xgboost,92245.59297813027
2014-06-28 23:00:00,ecl,aggregate_load,96,44,xgboost,85674.77386285482
2014-06-29 00:00:00,ecl,aggregate_load,96,44,xgboost,90463.6759225217
2014-06-29 01:00:00,ecl,aggregate_load,96,44,xgboost,85966.08177644882
2014-06-29 02:00:00,ecl,aggregate_load,96,44,xgboost,91176.63544497098
2014-06-29 03:00:00,ecl,aggregate_load,96,44,xgboost,95734.73951288375
2014-06-29 04:00:00,ecl,aggregate_load,96,44,xgboost,101457.69148161942
2014-06-29 05:00:00,ecl,aggregate_load,96,44,xgboost,100596.56604416111
2014-06-29 06:00:00,ecl,aggregate_load,96,44,xgboost,95393.7340188496
2014-06-29 07:00:00,ecl,aggregate_load,96,44,xgboost,85451.73622937068
2014-06-29 08:00:00,ecl,aggregate_load,96,44,xgboost,87632.8774684018
2014-06-29 09:00:00,ecl,aggregate_load,96,44,xgboost,86680.37872908716
2014-06-29 10:00:00,ecl,aggregate_load,96,44,xgboost,89211.98637270875
2014-06-29 11:00:00,ecl,aggregate_load,96,44,xgboost,95564.16351801287
2014-06-29 12:00:00,ecl,aggregate_load,96,44,xgboost,86684.26531800156
2014-06-29 13:00:00,ecl,aggregate_load,96,44,xgboost,83400.19284562346
2014-06-29 14:00:00,ecl,aggregate_load,96,44,xgboost,74989.13425593618
2014-06-29 15:00:00,ecl,aggregate_load,96,44,xgboost,73010.40691832734
2014-06-29 16:00:00,ecl,aggregate_load,96,44,xgboost,74970.19562983874
2014-06-29 17:00:00,ecl,aggregate_load,96,44,xgboost,73766.70955186438
2014-06-29 18:00:00,ecl,aggregate_load,96,44,xgboost,69806.33430745332
2014-06-29 19:00:00,ecl,aggregate_load,96,44,xgboost,78791.1359423256
2014-06-29 20:00:00,ecl,aggregate_load,96,44,xgboost,67511.0144578938
2014-06-29 21:00:00,ecl,aggregate_load,96,44,xgboost,65739.54474436761
2014-06-29 22:00:00,ecl,aggregate_load,96,44,xgboost,46836.597205184655
2014-06-29 23:00:00,ecl,aggregate_load,96,44,xgboost,47390.84883399972
2014-06-30 00:00:00,ecl,aggregate_load,96,44,xgboost,49244.964024923764
2014-06-30 01:00:00,ecl,aggregate_load,96,44,xgboost,45523.0508728555
2014-06-30 02:00:00,ecl,aggregate_load,96,44,xgboost,45149.532228140604
2014-06-30 03:00:00,ecl,aggregate_load,96,44,xgboost,46260.06843988549
2014-06-30 04:00:00,ecl,aggregate_load,96,44,xgboost,42964.23047482063
2014-06-30 05:00:00,ecl,aggregate_load,96,44,xgboost,48619.42874994652
2014-06-30 06:00:00,ecl,aggregate_load,96,44,xgboost,49905.39189130897
2014-06-30 07:00:00,ecl,aggregate_load,96,44,xgboost,43492.68341599736
2014-06-30 08:00:00,ecl,aggregate_load,96,44,xgboost,44510.0225508131
2014-06-30 09:00:00,ecl,aggregate_load,96,44,xgboost,46014.07560629353
2014-06-30 10:00:00,ecl,aggregate_load,96,44,xgboost,50516.18177509335
2014-06-30 11:00:00,ecl,aggregate_load,96,44,xgboost,55379.15320151669
2014-06-30 12:00:00,ecl,aggregate_load,96,44,xgboost,46450.287667121775
2014-06-30 13:00:00,ecl,aggregate_load,96,44,xgboost,38967.53227165971
2014-06-30 14:00:00,ecl,aggregate_load,96,44,xgboost,37787.32450289963
2014-06-30 15:00:00,ecl,aggregate_load,96,44,xgboost,36374.4851662043
2014-06-30 16:00:00,ecl,aggregate_load,96,44,xgboost,30612.77001642984
2014-06-30 17:00:00,ecl,aggregate_load,96,44,xgboost,32103.47756329388
2014-06-30 18:00:00,ecl,aggregate_load,96,44,xgboost,40751.57494080431
2014-06-30 19:00:00,ecl,aggregate_load,96,44,xgboost,37184.91937378033
2014-06-30 20:00:00,ecl,aggregate_load,96,44,xgboost,31132.226841782784
2014-06-30 21:00:00,ecl,aggregate_load,96,44,xgboost,25739.093626749618
2014-06-30 22:00:00,ecl,aggregate_load,96,44,xgboost,32143.54362639267
2014-06-30 23:00:00,ecl,aggregate_load,96,44,xgboost,29578.353520975565
2014-07-01 00:00:00,ecl,aggregate_load,96,44,xgboost,36175.408801667836
2014-07-01 01:00:00,ecl,aggregate_load,96,44,xgboost,36706.94095214576
2014-07-01 02:00:00,ecl,aggregate_load,96,44,xgboost,36248.44740717307
2014-07-01 03:00:00,ecl,aggregate_load,96,44,xgboost,35666.28035231984
2014-07-01 04:00:00,ecl,aggregate_load,96,44,xgboost,38150.254973402545
2014-07-01 05:00:00,ecl,aggregate_load,96,44,xgboost,37147.64057693261
2014-07-01 06:00:00,ecl,aggregate_load,96,44,xgboost,41293.837284448695
2014-07-01 07:00:00,ecl,aggregate_load,96,44,xgboost,39180.25466382282
2014-07-01 08:00:00,ecl,aggregate_load,96,44,xgboost,38296.93141121306
2014-07-01 09:00:00,ecl,aggregate_load,96,44,xgboost,34955.707345191186
2014-07-01 10:00:00,ecl,aggregate_load,96,44,xgboost,38644.71355045395
2014-07-01 11:00:00,ecl,aggregate_load,96,44,xgboost,36694.31622852227
2014-07-01 12:00:00,ecl,aggregate_load,96,44,xgboost,35537.69349106613
2014-07-01 13:00:00,ecl,aggregate_load,96,44,xgboost,32152.504150621182
2014-07-01 14:00:00,ecl,aggregate_load,96,44,xgboost,31186.357935492502
2014-07-01 15:00:00,ecl,aggregate_load,96,44,xgboost,32833.804102548514
2014-07-01 16:00:00,ecl,aggregate_load,96,44,xgboost,31036.0930703724
2014-07-01 17:00:00,ecl,aggregate_load,96,44,xgboost,30755.843238688132
2014-07-01 18:00:00,ecl,aggregate_load,96,44,xgboost,30263.857827464406
2014-07-01 19:00:00,ecl,aggregate_load,96,44,xgboost,30636.000284493333
2014-07-01 20:00:00,ecl,aggregate_load,96,44,xgboost,30611.924848243663
2014-07-01 21:00:00,ecl,aggregate_load,96,44,xgboost,30083.802196503744
2014-07-01 22:00:00,ecl,aggregate_load,96,44,xgboost,33305.23464929517
2014-07-01 23:00:00,ecl,aggregate_load,96,44,xgboost,35533.31454871261
2014-07-02 00:00:00,ecl,aggregate_load,96,44,xgboost,31633.26484817898
2014-07-02 01:00:00,ecl,aggregate_load,96,44,xgboost,30543.525570616945
2014-07-02 02:00:00,ecl,aggregate_load,96,44,xgboost,30969.077249907
2014-07-02 03:00:00,ecl,aggregate_load,96,44,xgboost,29967.64163752583
2014-07-02 04:00:00,ecl,aggregate_load,96,44,xgboost,31425.851834188612
2014-07-02 05:00:00,ecl,aggregate_load,96,44,xgboost,30155.136263807024
2014-07-02 06:00:00,ecl,aggregate_load,96,44,xgboost,30857.59835513117
2014-07-02 07:00:00,ecl,aggregate_load,96,44,xgboost,30223.062290378937
2014-07-02 08:00:00,ecl,aggregate_load,96,44,xgboost,31426.716885496116
2014-07-02 09:00:00,ecl,aggregate_load,96,44,xgboost,31538.655538741627
2014-07-02 10:00:00,ecl,aggregate_load,96,44,xgboost,32358.057647633366
2014-07-02 11:00:00,ecl,aggregate_load,96,44,xgboost,31903.730741615323
2014-07-02 12:00:00,ecl,aggregate_load,96,44,xgboost,30866.82074006432
2014-07-02 13:00:00,ecl,aggregate_load,96,44,xgboost,35597.7421894176
2014-07-02 14:00:00,ecl,aggregate_load,96,44,xgboost,35166.896868650794
2014-07-02 15:00:00,ecl,aggregate_load,96,44,xgboost,35418.00858221488
2014-07-02 16:00:00,ecl,aggregate_load,96,44,xgboost,37244.251705918046
2014-07-02 17:00:00,ecl,aggregate_load,96,44,xgboost,40165.51865140829
2014-07-02 18:00:00,ecl,aggregate_load,96,44,xgboost,41255.47444474193
2014-07-02 19:00:00,ecl,aggregate_load,96,44,xgboost,40634.62541124584
2014-07-02 20:00:00,ecl,aggregate_load,96,44,xgboost,44210.3393828584
2014-07-02 21:00:00,ecl,aggregate_load,96,44,xgboost,43638.71879361305
2014-07-02 22:00:00,ecl,aggregate_load,96,44,xgboost,45675.84783769117
2014-07-02 23:00:00,ecl,aggregate_load,96,44,xgboost,39039.686055282975
2014-07-03 00:00:00,ecl,aggregate_load,96,44,xgboost,34610.872973727004
2014-07-03 01:00:00,ecl,aggregate_load,96,44,xgboost,34742.89481644619
2014-07-03 02:00:00,ecl,aggregate_load,96,44,xgboost,35497.49480614132
2014-07-03 03:00:00,ecl,aggregate_load,96,44,xgboost,33436.16127319369
2014-07-03 04:00:00,ecl,aggregate_load,96,44,xgboost,34695.548793065704
2014-07-03 05:00:00,ecl,aggregate_load,96,44,xgboost,35077.588992402714
2014-07-03 06:00:00,ecl,aggregate_load,96,44,xgboost,36134.31003671503
2014-07-03 07:00:00,ecl,aggregate_load,96,44,xgboost,36858.44071918951
2014-07-03 08:00:00,ecl,aggregate_load,96,44,xgboost,37382.90702668147
2014-07-03 09:00:00,ecl,aggregate_load,96,44,xgboost,37025.707476260715
2014-07-03 10:00:00,ecl,aggregate_load,96,44,xgboost,39420.643723608526
2014-07-03 11:00:00,ecl,aggregate_load,96,44,xgboost,33960.14577302297
2014-07-03 12:00:00,ecl,aggregate_load,96,44,xgboost,35853.5502287499
2014-07-03 13:00:00,ecl,aggregate_load,96,44,xgboost,38163.68233732462
2014-07-03 14:00:00,ecl,aggregate_load,96,44,xgboost,40059.06378684521
2014-07-03 15:00:00,ecl,aggregate_load,96,44,xgboost,40480.139913692605
2014-07-03 16:00:00,ecl,aggregate_load,96,44,xgboost,45523.442155431236
2014-07-03 17:00:00,ecl,aggregate_load,96,44,xgboost,45110.50455466169
2014-07-03 18:00:00,ecl,aggregate_load,96,44,xgboost,45183.349323850845
2014-07-03 19:00:00,ecl,aggregate_load,96,44,xgboost,43341.01734322069
2014-07-03 20:00:00,ecl,aggregate_load,96,44,xgboost,47565.406053076345
2014-07-03 21:00:00,ecl,aggregate_load,96,44,xgboost,47881.158460853425
2014-07-03 22:00:00,ecl,aggregate_load,96,44,xgboost,46823.37290859009
2014-07-03 23:00:00,ecl,aggregate_load,96,44,xgboost,45926.49518440629
2014-07-04 00:00:00,ecl,aggregate_load,96,44,xgboost,52055.10695168211
2014-07-04 01:00:00,ecl,aggregate_load,96,44,xgboost,47559.06279760345
2014-07-04 02:00:00,ecl,aggregate_load,96,44,xgboost,45827.83135995021
2014-07-04 03:00:00,ecl,aggregate_load,96,44,xgboost,46490.38357280131
2014-07-04 04:00:00,ecl,aggregate_load,96,44,xgboost,48738.56810785054
2014-07-04 05:00:00,ecl,aggregate_load,96,44,xgboost,49174.18349333792
2014-07-04 06:00:00,ecl,aggregate_load,96,44,xgboost,52725.4732060662
2014-07-04 07:00:00,ecl,aggregate_load,96,44,xgboost,48848.31525045385
2014-07-04 08:00:00,ecl,aggregate_load,96,44,xgboost,50653.351185792846
2014-07-04 09:00:00,ecl,aggregate_load,96,44,xgboost,52798.90170080796
2014-07-04 10:00:00,ecl,aggregate_load,96,44,xgboost,54598.8987373868
2014-07-04 11:00:00,ecl,aggregate_load,96,44,xgboost,53358.96304754226
2014-07-04 12:00:00,ecl,aggregate_load,96,44,xgboost,52938.845553108804
2014-07-04 13:00:00,ecl,aggregate_load,96,44,xgboost,55083.33240541028
2014-07-04 14:00:00,ecl,aggregate_load,96,44,xgboost,61425.54680611432
2014-07-04 15:00:00,ecl,aggregate_load,96,44,xgboost,65126.21170810788
2014-07-04 16:00:00,ecl,aggregate_load,96,44,xgboost,66542.83495764558
2014-07-04 17:00:00,ecl,aggregate_load,96,44,xgboost,68488.99837415153
2014-07-04 18:00:00,ecl,aggregate_load,96,44,xgboost,64724.08230555556
2014-07-04 19:00:00,ecl,aggregate_load,96,44,xgboost,66807.81169607365
2014-07-04 20:00:00,ecl,aggregate_load,96,44,xgboost,64366.04591564222
2014-07-04 21:00:00,ecl,aggregate_load,96,44,xgboost,64851.74128141805
2014-07-04 22:00:00,ecl,aggregate_load,96,44,xgboost,58377.76231511473
2014-07-04 23:00:00,ecl,aggregate_load,96,44,xgboost,62712.709551512264
2014-07-05 00:00:00,ecl,aggregate_load,96,44,xgboost,70994.70241132774
2014-07-05 01:00:00,ecl,aggregate_load,96,44,xgboost,63074.01628637558
2014-07-05 02:00:00,ecl,aggregate_load,96,44,xgboost,61692.06178582835
2014-07-05 03:00:00,ecl,aggregate_load,96,44,xgboost,70483.37498518049
2014-07-05 04:00:00,ecl,aggregate_load,96,44,xgboost,74386.26936089457
2014-07-05 05:00:00,ecl,aggregate_load,96,44,xgboost,67025.78625031283
2014-07-05 06:00:00,ecl,aggregate_load,96,44,xgboost,68895.97530426273
2014-07-05 07:00:00,ecl,aggregate_load,96,44,xgboost,66331.61970962869
2014-07-05 08:00:00,ecl,aggregate_load,96,44,xgboost,64958.32960099333
2014-07-05 09:00:00,ecl,aggregate_load,96,44,xgboost,68829.36987484792
2014-07-05 10:00:00,ecl,aggregate_load,96,44,xgboost,66717.30787275055
2014-07-05 11:00:00,ecl,aggregate_load,96,44,xgboost,66486.81837296231
2014-07-05 12:00:00,ecl,aggregate_load,96,44,xgboost,61394.27670312167
2014-07-05 13:00:00,ecl,aggregate_load,96,44,xgboost,63510.61718630154
2014-07-05 14:00:00,ecl,aggregate_load,96,44,xgboost,66833.81692449804
2014-07-05 15:00:00,ecl,aggregate_load,96,44,xgboost,70703.7725328334
2014-07-05 16:00:00,ecl,aggregate_load,96,44,xgboost,75517.72467228722
2014-07-05 17:00:00,ecl,aggregate_load,96,44,xgboost,74515.68266335737
2014-07-05 18:00:00,ecl,aggregate_load,96,44,xgboost,80610.2875991256
2014-07-05 19:00:00,ecl,aggregate_load,96,44,xgboost,76762.92120335593
2014-07-05 20:00:00,ecl,aggregate_load,96,44,xgboost,65084.63119021547
2014-07-05 21:00:00,ecl,aggregate_load,96,44,xgboost,63834.523813212036
2014-07-05 22:00:00,ecl,aggregate_load,96,44,xgboost,59759.841681844184
2014-07-05 23:00:00,ecl,aggregate_load,96,44,xgboost,63612.59284013394
2014-07-06 00:00:00,ecl,aggregate_load,96,44,xgboost,68086.96067157252
2014-07-06 01:00:00,ecl,aggregate_load,96,44,xgboost,62571.92044331044
2014-07-06 02:00:00,ecl,aggregate_load,96,44,xgboost,56671.5243890475
2014-07-06 03:00:00,ecl,aggregate_load,96,44,xgboost,66052.52385933913
2014-07-06 04:00:00,ecl,aggregate_load,96,44,xgboost,71044.4522342375
2014-07-06 05:00:00,ecl,aggregate_load,96,44,xgboost,66444.19696582088
2014-07-06 06:00:00,ecl,aggregate_load,96,44,xgboost,64855.635453986935
2014-07-06 07:00:00,ecl,aggregate_load,96,44,xgboost,60998.23851755166
2014-07-06 08:00:00,ecl,aggregate_load,96,44,xgboost,61556.896547041135
2014-07-06 09:00:00,ecl,aggregate_load,96,44,xgboost,63610.9457013899
2014-07-06 10:00:00,ecl,aggregate_load,96,44,xgboost,59756.083759333414
2014-07-06 11:00:00,ecl,aggregate_load,96,44,xgboost,62337.61213514471
2014-07-06 12:00:00,ecl,aggregate_load,96,44,xgboost,53755.938047543925
2014-07-06 13:00:00,ecl,aggregate_load,96,44,xgboost,50044.65108779855
2014-07-06 14:00:00,ecl,aggregate_load,96,44,xgboost,42840.82457821601
2014-07-06 15:00:00,ecl,aggregate_load,96,44,xgboost,42086.3864679004
2014-07-06 16:00:00,ecl,aggregate_load,96,44,xgboost,37170.2666330288
2014-07-06 17:00:00,ecl,aggregate_load,96,44,xgboost,37904.055659377635
2014-07-06 18:00:00,ecl,aggregate_load,96,44,xgboost,38428.32308124874
2014-07-06 19:00:00,ecl,aggregate_load,96,44,xgboost,44822.5607541913
2014-07-06 20:00:00,ecl,aggregate_load,96,44,xgboost,42342.847153914285
2014-07-06 21:00:00,ecl,aggregate_load,96,44,xgboost,40871.08866219455
2014-07-06 22:00:00,ecl,aggregate_load,96,44,xgboost,43815.37508931192
2014-07-06 23:00:00,ecl,aggregate_load,96,44,xgboost,47715.266222409846
2014-07-07 00:00:00,ecl,aggregate_load,96,44,xgboost,43549.028645707025
2014-07-07 01:00:00,ecl,aggregate_load,96,44,xgboost,44682.1193971063
2014-07-07 02:00:00,ecl,aggregate_load,96,44,xgboost,43501.884568652014
2014-07-07 03:00:00,ecl,aggregate_load,96,44,xgboost,39644.797227187846
2014-07-07 04:00:00,ecl,aggregate_load,96,44,xgboost,46307.81003922468
2014-07-07 05:00:00,ecl,aggregate_load,96,44,xgboost,45256.89709954138
2014-07-07 06:00:00,ecl,aggregate_load,96,44,xgboost,44250.63902235252
2014-07-07 07:00:00,ecl,aggregate_load,96,44,xgboost,51611.341413530114
2014-07-07 08:00:00,ecl,aggregate_load,96,44,xgboost,49052.84230362597
2014-07-07 09:00:00,ecl,aggregate_load,96,44,xgboost,50697.44233290082
2014-07-07 10:00:00,ecl,aggregate_load,96,44,xgboost,52270.10670317206
2014-07-07 11:00:00,ecl,aggregate_load,96,44,xgboost,52708.79933895951
2014-07-07 12:00:00,ecl,aggregate_load,96,44,xgboost,52827.83568077192
2014-07-07 13:00:00,ecl,aggregate_load,96,44,xgboost,58594.21047292803
2014-07-07 14:00:00,ecl,aggregate_load,96,44,xgboost,56380.72099412069
2014-07-07 15:00:00,ecl,aggregate_load,96,44,xgboost,56740.020279500175
2014-07-07 16:00:00,ecl,aggregate_load,96,44,xgboost,64034.29563449036
2014-07-07 17:00:00,ecl,aggregate_load,96,44,xgboost,68945.28665373946
2014-07-07 18:00:00,ecl,aggregate_load,96,44,xgboost,60889.90680981757
2014-07-07 19:00:00,ecl,aggregate_load,96,44,xgboost,64457.167693197356
2014-07-07 20:00:00,ecl,aggregate_load,96,44,xgboost,72171.45322569886
2014-07-07 21:00:00,ecl,aggregate_load,96,44,xgboost,77497.50213406181
2014-07-07 22:00:00,ecl,aggregate_load,96,44,xgboost,84205.29448453966
2014-07-07 23:00:00,ecl,aggregate_load,96,44,xgboost,76737.28262146127
2014-07-08 00:00:00,ecl,aggregate_load,96,44,xgboost,71581.46000979187
2014-07-08 01:00:00,ecl,aggregate_load,96,44,xgboost,74249.58991024824
2014-07-08 02:00:00,ecl,aggregate_load,96,44,xgboost,70883.89855603188
2014-07-08 03:00:00,ecl,aggregate_load,96,44,xgboost,68642.10581385337
2014-07-08 04:00:00,ecl,aggregate_load,96,44,xgboost,69591.44673561868
2014-07-08 05:00:00,ecl,aggregate_load,96,44,xgboost,69369.08003064613
2014-07-08 06:00:00,ecl,aggregate_load,96,44,xgboost,73421.63997771869
2014-07-08 07:00:00,ecl,aggregate_load,96,44,xgboost,77288.48618707921
2014-07-08 08:00:00,ecl,aggregate_load,96,44,xgboost,73070.17367419293
2014-07-08 09:00:00,ecl,aggregate_load,96,44,xgboost,73767.971456874
2014-07-08 10:00:00,ecl,aggregate_load,96,44,xgboost,76315.23149830224
2014-07-08 11:00:00,ecl,aggregate_load,96,44,xgboost,77692.70321389583
2014-07-08 12:00:00,ecl,aggregate_load,96,44,xgboost,80775.67186036425
2014-07-08 13:00:00,ecl,aggregate_load,96,44,xgboost,83803.43869676821
2014-07-08 14:00:00,ecl,aggregate_load,96,44,xgboost,67636.20047634933
2014-07-08 15:00:00,ecl,aggregate_load,96,44,xgboost,47999.52003467085
2014-07-08 16:00:00,ecl,aggregate_load,96,44,xgboost,39114.31038069742
2014-07-08 17:00:00,ecl,aggregate_load,96,44,xgboost,45562.85211090647
2014-07-08 18:00:00,ecl,aggregate_load,96,44,xgboost,43461.08583128827
2014-07-08 19:00:00,ecl,aggregate_load,96,44,xgboost,40814.35083507408
2014-07-08 20:00:00,ecl,aggregate_load,96,44,xgboost,47886.59947006936
2014-07-08 21:00:00,ecl,aggregate_load,96,44,xgboost,50226.66256600504
2014-07-08 22:00:00,ecl,aggregate_load,96,44,xgboost,45526.368066118965
2014-07-08 23:00:00,ecl,aggregate_load,96,44,xgboost,49289.7465913404
2014-07-09 00:00:00,ecl,aggregate_load,96,44,xgboost,51241.96936567085
2014-07-09 01:00:00,ecl,aggregate_load,96,44,xgboost,56183.10382933726
2014-07-09 02:00:00,ecl,aggregate_load,96,44,xgboost,46589.16707854974
2014-07-09 03:00:00,ecl,aggregate_load,96,44,xgboost,41835.362249270496
2014-07-09 04:00:00,ecl,aggregate_load,96,44,xgboost,36047.36542391756
2014-07-09 05:00:00,ecl,aggregate_load,96,44,xgboost,39665.53055874333
2014-07-09 06:00:00,ecl,aggregate_load,96,44,xgboost,41301.10181737702
2014-07-09 07:00:00,ecl,aggregate_load,96,44,xgboost,48378.92423675936
2014-07-09 08:00:00,ecl,aggregate_load,96,44,xgboost,45671.64892313889
2014-07-09 09:00:00,ecl,aggregate_load,96,44,xgboost,45679.157541641376
2014-07-09 10:00:00,ecl,aggregate_load,96,44,xgboost,50504.020827785025
2014-07-09 11:00:00,ecl,aggregate_load,96,44,xgboost,52293.81442775783
2014-07-09 12:00:00,ecl,aggregate_load,96,44,xgboost,46078.04363718231
2014-07-09 13:00:00,ecl,aggregate_load,96,44,xgboost,57177.627306012495
2014-07-09 14:00:00,ecl,aggregate_load,96,44,xgboost,55107.56653767062
2014-07-09 15:00:00,ecl,aggregate_load,96,44,xgboost,50972.91482084561
2014-07-09 16:00:00,ecl,aggregate_load,96,44,xgboost,38647.22281067151
2014-07-09 17:00:00,ecl,aggregate_load,96,44,xgboost,41284.100141760435
2014-07-09 18:00:00,ecl,aggregate_load,96,44,xgboost,44108.457422312706
2014-07-09 19:00:00,ecl,aggregate_load,96,44,xgboost,44543.14910680914
2014-07-09 20:00:00,ecl,aggregate_load,96,44,xgboost,50681.80970912662
2014-07-09 21:00:00,ecl,aggregate_load,96,44,xgboost,62709.43964091758
2014-07-09 22:00:00,ecl,aggregate_load,96,44,xgboost,59586.40819306223
2014-07-09 23:00:00,ecl,aggregate_load,96,44,xgboost,56259.399478784275
2014-07-10 00:00:00,ecl,aggregate_load,96,44,xgboost,58861.18239038368
2014-07-10 01:00:00,ecl,aggregate_load,96,44,xgboost,63720.365892740665
2014-07-10 02:00:00,ecl,aggregate_load,96,44,xgboost,51453.00834567291
2014-07-10 03:00:00,ecl,aggregate_load,96,44,xgboost,47904.13526665303
2014-07-10 04:00:00,ecl,aggregate_load,96,44,xgboost,44045.87530504165
2014-07-10 05:00:00,ecl,aggregate_load,96,44,xgboost,47781.33330205615
2014-07-10 06:00:00,ecl,aggregate_load,96,44,xgboost,51243.622152388045
2014-07-10 07:00:00,ecl,aggregate_load,96,44,xgboost,58662.457948210234
2014-07-10 08:00:00,ecl,aggregate_load,96,44,xgboost,54477.76180814055
2014-07-10 09:00:00,ecl,aggregate_load,96,44,xgboost,54311.92577593681
2014-07-10 10:00:00,ecl,aggregate_load,96,44,xgboost,55311.988122494025
2014-07-10 11:00:00,ecl,aggregate_load,96,44,xgboost,54871.787235464675
2014-07-10 12:00:00,ecl,aggregate_load,96,44,xgboost,58306.58984540863
2014-07-10 13:00:00,ecl,aggregate_load,96,44,xgboost,68569.02951053598
2014-07-10 14:00:00,ecl,aggregate_load,96,44,xgboost,54082.851060467096
2014-07-10 15:00:00,ecl,aggregate_load,96,44,xgboost,52105.55497264768
2014-07-10 16:00:00,ecl,aggregate_load,96,44,xgboost,49312.600973718356
2014-07-10 17:00:00,ecl,aggregate_load,96,44,xgboost,42782.92008704731
2014-07-10 18:00:00,ecl,aggregate_load,96,44,xgboost,40380.85991730663
2014-07-10 19:00:00,ecl,aggregate_load,96,44,xgboost,41072.78809651925
2014-07-10 20:00:00,ecl,aggregate_load,96,44,xgboost,46584.88223931364
2014-07-10 21:00:00,ecl,aggregate_load,96,44,xgboost,53580.57572623621
2014-07-10 22:00:00,ecl,aggregate_load,96,44,xgboost,54418.746140849755
2014-07-10 23:00:00,ecl,aggregate_load,96,44,xgboost,54907.542161118065
2014-07-11 00:00:00,ecl,aggregate_load,96,44,xgboost,52642.46470492196
2014-07-11 01:00:00,ecl,aggregate_load,96,44,xgboost,57176.06401974962
2014-07-11 02:00:00,ecl,aggregate_load,96,44,xgboost,54502.52877320941
2014-07-11 03:00:00,ecl,aggregate_load,96,44,xgboost,49410.81024861231
2014-07-11 04:00:00,ecl,aggregate_load,96,44,xgboost,42727.68994786471
2014-07-11 05:00:00,ecl,aggregate_load,96,44,xgboost,45621.20588589743
2014-07-11 06:00:00,ecl,aggregate_load,96,44,xgboost,49100.641439293824
2014-07-11 07:00:00,ecl,aggregate_load,96,44,xgboost,49817.01873989401
2014-07-11 08:00:00,ecl,aggregate_load,96,44,xgboost,49469.027168348424
2014-07-11 09:00:00,ecl,aggregate_load,96,44,xgboost,49400.78997369827
2014-07-11 10:00:00,ecl,aggregate_load,96,44,xgboost,50436.27344825924
2014-07-11 11:00:00,ecl,aggregate_load,96,44,xgboost,38992.18459171136
2014-07-11 12:00:00,ecl,aggregate_load,96,44,xgboost,43509.880677821486
2014-07-11 13:00:00,ecl,aggregate_load,96,44,xgboost,47456.544762498146
2014-07-11 14:00:00,ecl,aggregate_load,96,44,xgboost,40281.96636770166
2014-07-11 15:00:00,ecl,aggregate_load,96,44,xgboost,37406.492769060125
2014-07-11 16:00:00,ecl,aggregate_load,96,44,xgboost,51105.828058942745
2014-07-11 17:00:00,ecl,aggregate_load,96,44,xgboost,49923.50066253538
2014-07-11 18:00:00,ecl,aggregate_load,96,44,xgboost,41070.92762014686
2014-07-11 19:00:00,ecl,aggregate_load,96,44,xgboost,39649.258278924266
2014-07-11 20:00:00,ecl,aggregate_load,96,44,xgboost,36420.53663153994
2014-07-11 21:00:00,ecl,aggregate_load,96,44,xgboost,38754.21138527076
2014-07-11 22:00:00,ecl,aggregate_load,96,44,xgboost,37909.28264850136
2014-07-11 23:00:00,ecl,aggregate_load,96,44,xgboost,42046.31982280565
2014-07-12 00:00:00,ecl,aggregate_load,96,44,xgboost,38806.61359794531
2014-07-12 01:00:00,ecl,aggregate_load,96,44,xgboost,39612.39870485536
2014-07-12 02:00:00,ecl,aggregate_load,96,44,xgboost,39532.34087216139
2014-07-12 03:00:00,ecl,aggregate_load,96,44,xgboost,43166.557719161276
2014-07-12 04:00:00,ecl,aggregate_load,96,44,xgboost,39474.139307609315
2014-07-12 05:00:00,ecl,aggregate_load,96,44,xgboost,41508.25006694201
2014-07-12 06:00:00,ecl,aggregate_load,96,44,xgboost,43266.0495295714
2014-07-12 07:00:00,ecl,aggregate_load,96,44,xgboost,46727.37545960831
2014-07-12 08:00:00,ecl,aggregate_load,96,44,xgboost,45094.63252025445
2014-07-12 09:00:00,ecl,aggregate_load,96,44,xgboost,47980.09312063528
2014-07-12 10:00:00,ecl,aggregate_load,96,44,xgboost,40411.2712607342
2014-07-12 11:00:00,ecl,aggregate_load,96,44,xgboost,38924.30652341887
2014-07-12 12:00:00,ecl,aggregate_load,96,44,xgboost,39670.05644248336
2014-07-12 13:00:00,ecl,aggregate_load,96,44,xgboost,44739.91996314815
2014-07-12 14:00:00,ecl,aggregate_load,96,44,xgboost,42152.49531626219
2014-07-12 15:00:00,ecl,aggregate_load,96,44,xgboost,35298.133817277114
2014-07-12 16:00:00,ecl,aggregate_load,96,44,xgboost,29300.07109157842
2014-07-12 17:00:00,ecl,aggregate_load,96,44,xgboost,28870.057969249105
2014-07-12 18:00:00,ecl,aggregate_load,96,44,xgboost,37261.28680306173
2014-07-12 19:00:00,ecl,aggregate_load,96,44,xgboost,42878.553174102
2014-07-12 20:00:00,ecl,aggregate_load,96,44,xgboost,45335.84292851794
2014-07-12 21:00:00,ecl,aggregate_load,96,44,xgboost,44473.78731409056
2014-07-12 22:00:00,ecl,aggregate_load,96,44,xgboost,41095.94481481123
2014-07-12 23:00:00,ecl,aggregate_load,96,44,xgboost,45925.02384530112
2014-07-13 00:00:00,ecl,aggregate_load,96,44,xgboost,45664.49482038273
2014-07-13 01:00:00,ecl,aggregate_load,96,44,xgboost,45473.53233759883
2014-07-13 02:00:00,ecl,aggregate_load,96,44,xgboost,43413.376241298385
2014-07-13 03:00:00,ecl,aggregate_load,96,44,xgboost,49784.04552848936
2014-07-13 04:00:00,ecl,aggregate_load,96,44,xgboost,46140.70734298105
2014-07-13 05:00:00,ecl,aggregate_load,96,44,xgboost,44288.24278237149
2014-07-13 06:00:00,ecl,aggregate_load,96,44,xgboost,44930.763386101135
2014-07-13 07:00:00,ecl,aggregate_load,96,44,xgboost,51623.77830783499
2014-07-13 08:00:00,ecl,aggregate_load,96,44,xgboost,51701.960078668315
2014-07-13 09:00:00,ecl,aggregate_load,96,44,xgboost,51915.455810661835
2014-07-13 10:00:00,ecl,aggregate_load,96,44,xgboost,50897.36380887342
2014-07-13 11:00:00,ecl,aggregate_load,96,44,xgboost,44924.27440007351
2014-07-13 12:00:00,ecl,aggregate_load,96,44,xgboost,44256.72671160589
2014-07-13 13:00:00,ecl,aggregate_load,96,44,xgboost,42928.26925517211
2014-07-13 14:00:00,ecl,aggregate_load,96,44,xgboost,45689.60437918978
2014-07-13 15:00:00,ecl,aggregate_load,96,44,xgboost,56638.89163001402
2014-07-13 16:00:00,ecl,aggregate_load,96,44,xgboost,60891.237472942856
2014-07-13 17:00:00,ecl,aggregate_load,96,44,xgboost,58635.15558483612
2014-07-13 18:00:00,ecl,aggregate_load,96,44,xgboost,50762.23906282175
2014-07-13 19:00:00,ecl,aggregate_load,96,44,xgboost,48954.42480211833
2014-07-13 20:00:00,ecl,aggregate_load,96,44,xgboost,55927.1352607464
2014-07-13 21:00:00,ecl,aggregate_load,96,44,xgboost,52514.17239705793
2014-07-13 22:00:00,ecl,aggregate_load,96,44,xgboost,64021.095488392515
2014-07-13 23:00:00,ecl,aggregate_load,96,44,xgboost,63680.849365472815
2014-07-14 00:00:00,ecl,aggregate_load,96,44,xgboost,59764.00595315835
2014-07-14 01:00:00,ecl,aggregate_load,96,44,xgboost,66494.0129008589
2014-07-14 02:00:00,ecl,aggregate_load,96,44,xgboost,60009.13115422052
2014-07-14 03:00:00,ecl,aggregate_load,96,44,xgboost,60158.78656912411
2014-07-14 04:00:00,ecl,aggregate_load,96,44,xgboost,49244.51041365488
2014-07-14 05:00:00,ecl,aggregate_load,96,44,xgboost,52141.454626991916
2014-07-14 06:00:00,ecl,aggregate_load,96,44,xgboost,55263.02172418521
2014-07-14 07:00:00,ecl,aggregate_load,96,44,xgboost,61460.90352206386
2014-07-14 08:00:00,ecl,aggregate_load,96,44,xgboost,60778.34442841545
2014-07-14 09:00:00,ecl,aggregate_load,96,44,xgboost,57216.6154013836
2014-07-14 10:00:00,ecl,aggregate_load,96,44,xgboost,54828.10606155279
2014-07-14 11:00:00,ecl,aggregate_load,96,44,xgboost,57080.78045204355
2014-07-14 12:00:00,ecl,aggregate_load,96,44,xgboost,51363.780315893884
2014-07-14 13:00:00,ecl,aggregate_load,96,44,xgboost,36156.07700272834
2014-07-14 14:00:00,ecl,aggregate_load,96,44,xgboost,35028.18699470512
2014-07-14 15:00:00,ecl,aggregate_load,96,44,xgboost,36661.924090035034
2014-07-14 16:00:00,ecl,aggregate_load,96,44,xgboost,41974.95113059368
2014-07-14 17:00:00,ecl,aggregate_load,96,44,xgboost,43650.81266637694
2014-07-14 18:00:00,ecl,aggregate_load,96,44,xgboost,48657.5153501301
2014-07-14 19:00:00,ecl,aggregate_load,96,44,xgboost,45634.731141047516
2014-07-14 20:00:00,ecl,aggregate_load,96,44,xgboost,44340.385993515556
2014-07-14 21:00:00,ecl,aggregate_load,96,44,xgboost,47356.51246004091
2014-07-14 22:00:00,ecl,aggregate_load,96,44,xgboost,49331.71911505743
2014-07-14 23:00:00,ecl,aggregate_load,96,44,xgboost,54030.071817112745
2014-07-15 00:00:00,ecl,aggregate_load,96,44,xgboost,41611.89865634818
2014-07-15 01:00:00,ecl,aggregate_load,96,44,xgboost,41673.512100404514
2014-07-15 02:00:00,ecl,aggregate_load,96,44,xgboost,45564.69848736282
2014-07-15 03:00:00,ecl,aggregate_load,96,44,xgboost,47072.061162696664
2014-07-15 04:00:00,ecl,aggregate_load,96,44,xgboost,47942.59515830011
2014-07-15 05:00:00,ecl,aggregate_load,96,44,xgboost,45518.51929333964
2014-07-15 06:00:00,ecl,aggregate_load,96,44,xgboost,45816.07420409071
2014-07-15 07:00:00,ecl,aggregate_load,96,44,xgboost,53574.60388072674
2014-07-15 08:00:00,ecl,aggregate_load,96,44,xgboost,49498.93441692621
2014-07-15 09:00:00,ecl,aggregate_load,96,44,xgboost,49236.04673826266
2014-07-15 10:00:00,ecl,aggregate_load,96,44,xgboost,46012.81977057847
2014-07-15 11:00:00,ecl,aggregate_load,96,44,xgboost,47754.18724636689
2014-07-15 12:00:00,ecl,aggregate_load,96,44,xgboost,45864.55340368167
2014-07-15 13:00:00,ecl,aggregate_load,96,44,xgboost,42222.001435788006
2014-07-15 14:00:00,ecl,aggregate_load,96,44,xgboost,45114.66532731223
2014-07-15 15:00:00,ecl,aggregate_load,96,44,xgboost,51882.933587376414
2014-07-15 16:00:00,ecl,aggregate_load,96,44,xgboost,51781.09732181914
2014-07-15 17:00:00,ecl,aggregate_load,96,44,xgboost,49407.07614497313
2014-07-15 18:00:00,ecl,aggregate_load,96,44,xgboost,74929.55551888667
2014-07-15 19:00:00,ecl,aggregate_load,96,44,xgboost,73449.54762722469
2014-07-15 20:00:00,ecl,aggregate_load,96,44,xgboost,68728.67243056987
2014-07-15 21:00:00,ecl,aggregate_load,96,44,xgboost,61972.06317064158
2014-07-15 22:00:00,ecl,aggregate_load,96,44,xgboost,71278.87151502173
2014-07-15 23:00:00,ecl,aggregate_load,96,44,xgboost,79956.83806691518
2014-07-16 00:00:00,ecl,aggregate_load,96,44,xgboost,61396.39053368804
2014-07-16 01:00:00,ecl,aggregate_load,96,44,xgboost,63839.37841618096
2014-07-16 02:00:00,ecl,aggregate_load,96,44,xgboost,67734.85908597155
2014-07-16 03:00:00,ecl,aggregate_load,96,44,xgboost,70300.40683712043
2014-07-16 04:00:00,ecl,aggregate_load,96,44,xgboost,71904.86496020942
2014-07-16 05:00:00,ecl,aggregate_load,96,44,xgboost,62733.68013325962
2014-07-16 06:00:00,ecl,aggregate_load,96,44,xgboost,63724.41886515503
2014-07-16 07:00:00,ecl,aggregate_load,96,44,xgboost,67535.0024863722
2014-07-16 08:00:00,ecl,aggregate_load,96,44,xgboost,65733.49830380116
2014-07-16 09:00:00,ecl,aggregate_load,96,44,xgboost,61249.85895397881
2014-07-16 10:00:00,ecl,aggregate_load,96,44,xgboost,67406.06707927871
2014-07-16 11:00:00,ecl,aggregate_load,96,44,xgboost,66940.14214779557
2014-07-16 12:00:00,ecl,aggregate_load,96,44,xgboost,70316.21797893173
2014-07-16 13:00:00,ecl,aggregate_load,96,44,xgboost,61957.782786388125
2014-07-16 14:00:00,ecl,aggregate_load,96,44,xgboost,64637.940558001224
2014-07-16 15:00:00,ecl,aggregate_load,96,44,xgboost,67158.48634120698
2014-07-16 16:00:00,ecl,aggregate_load,96,44,xgboost,71682.4341144791
2014-07-16 17:00:00,ecl,aggregate_load,96,44,xgboost,68285.83614024454
2014-07-16 18:00:00,ecl,aggregate_load,96,44,xgboost,61230.906629261306
2014-07-16 19:00:00,ecl,aggregate_load,96,44,xgboost,61312.725822856744
2014-07-16 20:00:00,ecl,aggregate_load,96,44,xgboost,55896.21524344384
2014-07-16 21:00:00,ecl,aggregate_load,96,44,xgboost,51428.330976881436
2014-07-16 22:00:00,ecl,aggregate_load,96,44,xgboost,61738.32039405976
2014-07-16 23:00:00,ecl,aggregate_load,96,44,xgboost,67100.54201004638
2014-07-17 00:00:00,ecl,aggregate_load,96,44,xgboost,52466.64481744865
2014-07-17 01:00:00,ecl,aggregate_load,96,44,xgboost,52556.724918894666
2014-07-17 02:00:00,ecl,aggregate_load,96,44,xgboost,58242.32285158999
2014-07-17 03:00:00,ecl,aggregate_load,96,44,xgboost,58075.40239264919
2014-07-17 04:00:00,ecl,aggregate_load,96,44,xgboost,60828.98712559641
2014-07-17 05:00:00,ecl,aggregate_load,96,44,xgboost,58455.76857142241
2014-07-17 06:00:00,ecl,aggregate_load,96,44,xgboost,62567.597595643834
2014-07-17 07:00:00,ecl,aggregate_load,96,44,xgboost,65220.49882378904
2014-07-17 08:00:00,ecl,aggregate_load,96,44,xgboost,62347.272695237865
2014-07-17 09:00:00,ecl,aggregate_load,96,44,xgboost,56620.49934276453
2014-07-17 10:00:00,ecl,aggregate_load,96,44,xgboost,58401.4633135828
2014-07-17 11:00:00,ecl,aggregate_load,96,44,xgboost,48649.6108629304
2014-07-17 12:00:00,ecl,aggregate_load,96,44,xgboost,47373.20257023142
2014-07-17 13:00:00,ecl,aggregate_load,96,44,xgboost,55409.55038011714
2014-07-17 14:00:00,ecl,aggregate_load,96,44,xgboost,58955.00673393717
2014-07-17 15:00:00,ecl,aggregate_load,96,44,xgboost,53939.08250262161
2014-07-17 16:00:00,ecl,aggregate_load,96,44,xgboost,48606.51923296505
2014-07-17 17:00:00,ecl,aggregate_load,96,44,xgboost,53674.92078058759
2014-07-17 18:00:00,ecl,aggregate_load,96,44,xgboost,49415.29090915428
2014-07-17 19:00:00,ecl,aggregate_load,96,44,xgboost,56547.2553723134
2014-07-17 20:00:00,ecl,aggregate_load,96,44,xgboost,51030.3839608462
2014-07-17 21:00:00,ecl,aggregate_load,96,44,xgboost,49881.83132206128
2014-07-17 22:00:00,ecl,aggregate_load,96,44,xgboost,44369.281109792384
2014-07-17 23:00:00,ecl,aggregate_load,96,44,xgboost,51771.721931345564
2014-07-18 00:00:00,ecl,aggregate_load,96,44,xgboost,46789.46997689221
2014-07-18 01:00:00,ecl,aggregate_load,96,44,xgboost,48331.59392636849
2014-07-18 02:00:00,ecl,aggregate_load,96,44,xgboost,48293.626579604665
2014-07-18 03:00:00,ecl,aggregate_load,96,44,xgboost,52040.086153082964
2014-07-18 04:00:00,ecl,aggregate_load,96,44,xgboost,54547.641656720756
2014-07-18 05:00:00,ecl,aggregate_load,96,44,xgboost,53983.67376821253
2014-07-18 06:00:00,ecl,aggregate_load,96,44,xgboost,54753.4805061509
2014-07-18 07:00:00,ecl,aggregate_load,96,44,xgboost,59462.078093764365
2014-07-18 08:00:00,ecl,aggregate_load,96,44,xgboost,54330.9436606527
2014-07-18 09:00:00,ecl,aggregate_load,96,44,xgboost,53903.41393517278
2014-07-18 10:00:00,ecl,aggregate_load,96,44,xgboost,52928.47201520778
2014-07-18 11:00:00,ecl,aggregate_load,96,44,xgboost,44826.11035680508
2014-07-18 12:00:00,ecl,aggregate_load,96,44,xgboost,43921.83040473907
2014-07-18 13:00:00,ecl,aggregate_load,96,44,xgboost,41237.13421802902
2014-07-18 14:00:00,ecl,aggregate_load,96,44,xgboost,36433.02017619936
2014-07-18 15:00:00,ecl,aggregate_load,96,44,xgboost,29093.733212521252
2014-07-18 16:00:00,ecl,aggregate_load,96,44,xgboost,30266.513410417483
2014-07-18 17:00:00,ecl,aggregate_load,96,44,xgboost,29722.1644189112
2014-07-18 18:00:00,ecl,aggregate_load,96,44,xgboost,31710.727624202686
2014-07-18 19:00:00,ecl,aggregate_load,96,44,xgboost,34431.10267264133
2014-07-18 20:00:00,ecl,aggregate_load,96,44,xgboost,30485.383574798423
2014-07-18 21:00:00,ecl,aggregate_load,96,44,xgboost,33167.79725039079
2014-07-18 22:00:00,ecl,aggregate_load,96,44,xgboost,38070.18421315724
2014-07-18 23:00:00,ecl,aggregate_load,96,44,xgboost,38117.20619359251
2014-07-19 00:00:00,ecl,aggregate_load,96,44,xgboost,31316.192577436374
2014-07-19 01:00:00,ecl,aggregate_load,96,44,xgboost,32655.79386721889
2014-07-19 02:00:00,ecl,aggregate_load,96,44,xgboost,30961.3862455535
2014-07-19 03:00:00,ecl,aggregate_load,96,44,xgboost,30629.91679330467
2014-07-19 04:00:00,ecl,aggregate_load,96,44,xgboost,29827.13613458689
2014-07-19 05:00:00,ecl,aggregate_load,96,44,xgboost,28883.48266649156
2014-07-19 06:00:00,ecl,aggregate_load,96,44,xgboost,29934.307953582043
2014-07-19 07:00:00,ecl,aggregate_load,96,44,xgboost,28381.480742945027
2014-07-19 08:00:00,ecl,aggregate_load,96,44,xgboost,28322.294811272277
2014-07-19 09:00:00,ecl,aggregate_load,96,44,xgboost,30708.075846584616
2014-07-19 10:00:00,ecl,aggregate_load,96,44,xgboost,31061.69708990508
2014-07-19 11:00:00,ecl,aggregate_load,96,44,xgboost,31515.998599565955
2014-07-19 12:00:00,ecl,aggregate_load,96,44,xgboost,34561.61702856758
2014-07-19 13:00:00,ecl,aggregate_load,96,44,xgboost,33136.613442375696
2014-07-19 14:00:00,ecl,aggregate_load,96,44,xgboost,28112.887688290793
2014-07-19 15:00:00,ecl,aggregate_load,96,44,xgboost,26467.845180037286
2014-07-19 16:00:00,ecl,aggregate_load,96,44,xgboost,25398.910271992456
2014-07-19 17:00:00,ecl,aggregate_load,96,44,xgboost,26226.544235307014
2014-07-19 18:00:00,ecl,aggregate_load,96,44,xgboost,25364.12974374935
2014-07-19 19:00:00,ecl,aggregate_load,96,44,xgboost,26898.605986958322
2014-07-19 20:00:00,ecl,aggregate_load,96,44,xgboost,30625.606954855204
2014-07-19 21:00:00,ecl,aggregate_load,96,44,xgboost,26396.33633686503
2014-07-19 22:00:00,ecl,aggregate_load,96,44,xgboost,28057.360830927817
2014-07-19 23:00:00,ecl,aggregate_load,96,44,xgboost,31348.4574071755
2014-07-20 00:00:00,ecl,aggregate_load,96,44,xgboost,30391.750554011174
2014-07-20 01:00:00,ecl,aggregate_load,96,44,xgboost,29897.1834992017
2014-07-20 02:00:00,ecl,aggregate_load,96,44,xgboost,28026.447097496228
2014-07-20 03:00:00,ecl,aggregate_load,96,44,xgboost,29678.34572499059
2014-07-20 04:00:00,ecl,aggregate_load,96,44,xgboost,29084.158946539435
2014-07-20 05:00:00,ecl,aggregate_load,96,44,xgboost,28532.65133212492
2014-07-20 06:00:00,ecl,aggregate_load,96,44,xgboost,28706.221507283215
2014-07-20 07:00:00,ecl,aggregate_load,96,44,xgboost,30668.05859714143
2014-07-20 08:00:00,ecl,aggregate_load,96,44,xgboost,30447.356056547735
2014-07-20 09:00:00,ecl,aggregate_load,96,44,xgboost,27534.018017582886
2014-07-20 10:00:00,ecl,aggregate_load,96,44,xgboost,29480.72880988874
2014-07-20 11:00:00,ecl,aggregate_load,96,44,xgboost,28105.556143278995
2014-07-20 12:00:00,ecl,aggregate_load,96,44,xgboost,29678.22012754125
2014-07-20 13:00:00,ecl,aggregate_load,96,44,xgboost,30053.472550513605
2014-07-20 14:00:00,ecl,aggregate_load,96,44,xgboost,37081.07438165307
2014-07-20 15:00:00,ecl,aggregate_load,96,44,xgboost,37668.14303973596
2014-07-20 16:00:00,ecl,aggregate_load,96,44,xgboost,38505.79997343344
2014-07-20 17:00:00,ecl,aggregate_load,96,44,xgboost,39294.2448973789
2014-07-20 18:00:00,ecl,aggregate_load,96,44,xgboost,35957.43192439993
2014-07-20 19:00:00,ecl,aggregate_load,96,44,xgboost,42375.86026889609
2014-07-20 20:00:00,ecl,aggregate_load,96,44,xgboost,43667.24769058725
2014-07-20 21:00:00,ecl,aggregate_load,96,44,xgboost,47163.59459455744
2014-07-20 22:00:00,ecl,aggregate_load,96,44,xgboost,50354.39596394042
2014-07-20 23:00:00,ecl,aggregate_load,96,44,xgboost,52232.51322097147
2014-07-21 00:00:00,ecl,aggregate_load,96,44,xgboost,44775.31680411277
2014-07-21 01:00:00,ecl,aggregate_load,96,44,xgboost,49032.48378975721
2014-07-21 02:00:00,ecl,aggregate_load,96,44,xgboost,49195.43130934299
2014-07-21 03:00:00,ecl,aggregate_load,96,44,xgboost,49503.09216318099
2014-07-21 04:00:00,ecl,aggregate_load,96,44,xgboost,50741.32290768934
2014-07-21 05:00:00,ecl,aggregate_load,96,44,xgboost,54408.78824980815
2014-07-21 06:00:00,ecl,aggregate_load,96,44,xgboost,54594.56394714121
2014-07-21 07:00:00,ecl,aggregate_load,96,44,xgboost,60833.22665196483
2014-07-21 08:00:00,ecl,aggregate_load,96,44,xgboost,58695.48307056358
2014-07-21 09:00:00,ecl,aggregate_load,96,44,xgboost,54567.32453076076
2014-07-21 10:00:00,ecl,aggregate_load,96,44,xgboost,52744.83992255577
2014-07-21 11:00:00,ecl,aggregate_load,96,44,xgboost,50289.68690565903
2014-07-21 12:00:00,ecl,aggregate_load,96,44,xgboost,48452.17657565248
2014-07-21 13:00:00,ecl,aggregate_load,96,44,xgboost,46651.210617460216
2014-07-21 14:00:00,ecl,aggregate_load,96,44,xgboost,45521.648411601025
2014-07-21 15:00:00,ecl,aggregate_load,96,44,xgboost,46583.04387237607
2014-07-21 16:00:00,ecl,aggregate_load,96,44,xgboost,45538.67745921251
2014-07-21 17:00:00,ecl,aggregate_load,96,44,xgboost,41800.795549178045
2014-07-21 18:00:00,ecl,aggregate_load,96,44,xgboost,48533.293598218064
2014-07-21 19:00:00,ecl,aggregate_load,96,44,xgboost,49360.21929251007
2014-07-21 20:00:00,ecl,aggregate_load,96,44,xgboost,52434.28443176198
2014-07-21 21:00:00,ecl,aggregate_load,96,44,xgboost,49255.829794341
2014-07-21 22:00:00,ecl,aggregate_load,96,44,xgboost,45969.54094960342
2014-07-21 23:00:00,ecl,aggregate_load,96,44,xgboost,43318.70225334149
2014-07-22 00:00:00,ecl,aggregate_load,96,44,xgboost,37814.73335326053
2014-07-22 01:00:00,ecl,aggregate_load,96,44,xgboost,36687.42505854715
2014-07-22 02:00:00,ecl,aggregate_load,96,44,xgboost,34570.54236294481
2014-07-22 03:00:00,ecl,aggregate_load,96,44,xgboost,38353.27022743944
2014-07-22 04:00:00,ecl,aggregate_load,96,44,xgboost,45455.622405899376
2014-07-22 05:00:00,ecl,aggregate_load,96,44,xgboost,40181.616839129965
2014-07-22 06:00:00,ecl,aggregate_load,96,44,xgboost,39776.148160221645
2014-07-22 07:00:00,ecl,aggregate_load,96,44,xgboost,45249.05353160639
2014-07-22 08:00:00,ecl,aggregate_load,96,44,xgboost,40886.79324381507
2014-07-22 09:00:00,ecl,aggregate_load,96,44,xgboost,41561.23556200705
2014-07-22 10:00:00,ecl,aggregate_load,96,44,xgboost,39999.53815368473
2014-07-22 11:00:00,ecl,aggregate_load,96,44,xgboost,50438.966248480916
2014-07-22 12:00:00,ecl,aggregate_load,96,44,xgboost,36258.91274051755
2014-07-22 13:00:00,ecl,aggregate_load,96,44,xgboost,36826.42696682494
2014-07-22 14:00:00,ecl,aggregate_load,96,44,xgboost,42270.91626147244
2014-07-22 15:00:00,ecl,aggregate_load,96,44,xgboost,43315.66985621927
2014-07-22 16:00:00,ecl,aggregate_load,96,44,xgboost,49462.247098947664
2014-07-22 17:00:00,ecl,aggregate_load,96,44,xgboost,45992.918101607844
2014-07-22 18:00:00,ecl,aggregate_load,96,44,xgboost,41754.67057506435
2014-07-22 19:00:00,ecl,aggregate_load,96,44,xgboost,50301.44011058214
2014-07-22 20:00:00,ecl,aggregate_load,96,44,xgboost,47514.57633280094
2014-07-22 21:00:00,ecl,aggregate_load,96,44,xgboost,39002.81207256544
2014-07-22 22:00:00,ecl,aggregate_load,96,44,xgboost,40505.426745438126
2014-07-22 23:00:00,ecl,aggregate_load,96,44,xgboost,42870.35118180693
2014-07-23 00:00:00,ecl,aggregate_load,96,44,xgboost,29089.30263893834
2014-07-23 01:00:00,ecl,aggregate_load,96,44,xgboost,30787.847069754807
2014-07-23 02:00:00,ecl,aggregate_load,96,44,xgboost,28499.86182240007
2014-07-23 03:00:00,ecl,aggregate_load,96,44,xgboost,29130.252653327374
2014-07-23 04:00:00,ecl,aggregate_load,96,44,xgboost,32686.712376454772
2014-07-23 05:00:00,ecl,aggregate_load,96,44,xgboost,31440.466761471052
2014-07-23 06:00:00,ecl,aggregate_load,96,44,xgboost,32160.40822633025
2014-07-23 07:00:00,ecl,aggregate_load,96,44,xgboost,34933.665755647286
2014-07-23 08:00:00,ecl,aggregate_load,96,44,xgboost,30066.60611008933
2014-07-23 09:00:00,ecl,aggregate_load,96,44,xgboost,31045.467666934474
2014-07-23 10:00:00,ecl,aggregate_load,96,44,xgboost,30515.015517712232
2014-07-23 11:00:00,ecl,aggregate_load,96,44,xgboost,27764.00788000517
2014-07-23 12:00:00,ecl,aggregate_load,96,44,xgboost,31017.001845162085
2014-07-23 13:00:00,ecl,aggregate_load,96,44,xgboost,33061.26918561133
2014-07-23 14:00:00,ecl,aggregate_load,96,44,xgboost,31606.988206317892
2014-07-23 15:00:00,ecl,aggregate_load,96,44,xgboost,27492.450375148415
2014-07-23 16:00:00,ecl,aggregate_load,96,44,xgboost,30333.367705245895
2014-07-23 17:00:00,ecl,aggregate_load,96,44,xgboost,32677.81736651027
2014-07-23 18:00:00,ecl,aggregate_load,96,44,xgboost,29917.10849943665
2014-07-23 19:00:00,ecl,aggregate_load,96,44,xgboost,35641.891011224034
2014-07-23 20:00:00,ecl,aggregate_load,96,44,xgboost,34450.663167776795
2014-07-23 21:00:00,ecl,aggregate_load,96,44,xgboost,34545.01596801018
2014-07-23 22:00:00,ecl,aggregate_load,96,44,xgboost,34372.15366125687
2014-07-23 23:00:00,ecl,aggregate_load,96,44,xgboost,29654.66164880114
2014-07-24 00:00:00,ecl,aggregate_load,96,44,xgboost,32339.514182888506
2014-07-24 01:00:00,ecl,aggregate_load,96,44,xgboost,32429.05960788818
2014-07-24 02:00:00,ecl,aggregate_load,96,44,xgboost,29507.369068878124
2014-07-24 03:00:00,ecl,aggregate_load,96,44,xgboost,30516.771704585368
2014-07-24 04:00:00,ecl,aggregate_load,96,44,xgboost,31134.73651243727
2014-07-24 05:00:00,ecl,aggregate_load,96,44,xgboost,30921.16423945519
2014-07-24 06:00:00,ecl,aggregate_load,96,44,xgboost,29654.316131492797
2014-07-24 07:00:00,ecl,aggregate_load,96,44,xgboost,31902.82635333524
2014-07-24 08:00:00,ecl,aggregate_load,96,44,xgboost,30236.46254108628
2014-07-24 09:00:00,ecl,aggregate_load,96,44,xgboost,26615.21703694262
2014-07-24 10:00:00,ecl,aggregate_load,96,44,xgboost,34516.177652542414
2014-07-24 11:00:00,ecl,aggregate_load,96,44,xgboost,39658.69565235199
2014-07-24 12:00:00,ecl,aggregate_load,96,44,xgboost,35547.374786171385
2014-07-24 13:00:00,ecl,aggregate_load,96,44,xgboost,31272.527799273652
2014-07-24 14:00:00,ecl,aggregate_load,96,44,xgboost,34908.37043163769
2014-07-24 15:00:00,ecl,aggregate_load,96,44,xgboost,37953.506605075105
2014-07-24 16:00:00,ecl,aggregate_load,96,44,xgboost,37634.1998333968
2014-07-24 17:00:00,ecl,aggregate_load,96,44,xgboost,37914.32547171036
2014-07-24 18:00:00,ecl,aggregate_load,96,44,xgboost,32056.869192455895
2014-07-24 19:00:00,ecl,aggregate_load,96,44,xgboost,31835.62003496391
2014-07-24 20:00:00,ecl,aggregate_load,96,44,xgboost,30428.42470920007
2014-07-24 21:00:00,ecl,aggregate_load,96,44,xgboost,35656.46496693747
2014-07-24 22:00:00,ecl,aggregate_load,96,44,xgboost,32537.419687260568
2014-07-24 23:00:00,ecl,aggregate_load,96,44,xgboost,34320.788169076695
2014-07-25 00:00:00,ecl,aggregate_load,96,44,xgboost,36493.59561964326
2014-07-25 01:00:00,ecl,aggregate_load,96,44,xgboost,41670.481670880814
2014-07-25 02:00:00,ecl,aggregate_load,96,44,xgboost,37501.35036990896
2014-07-25 03:00:00,ecl,aggregate_load,96,44,xgboost,39470.43068380355
2014-07-25 04:00:00,ecl,aggregate_load,96,44,xgboost,35036.094215295314
2014-07-25 05:00:00,ecl,aggregate_load,96,44,xgboost,33757.46037798235
2014-07-25 06:00:00,ecl,aggregate_load,96,44,xgboost,32337.82509667953
2014-07-25 07:00:00,ecl,aggregate_load,96,44,xgboost,32432.043177335097
2014-07-25 08:00:00,ecl,aggregate_load,96,44,xgboost,33897.16819928909
2014-07-25 09:00:00,ecl,aggregate_load,96,44,xgboost,35613.68104725626
2014-07-25 10:00:00,ecl,aggregate_load,96,44,xgboost,36021.866852837295
2014-07-25 11:00:00,ecl,aggregate_load,96,44,xgboost,31330.983114057744
2014-07-25 12:00:00,ecl,aggregate_load,96,44,xgboost,38033.957306932665
2014-07-25 13:00:00,ecl,aggregate_load,96,44,xgboost,39163.35155012598
2014-07-25 14:00:00,ecl,aggregate_load,96,44,xgboost,36643.092632851214
2014-07-25 15:00:00,ecl,aggregate_load,96,44,xgboost,35557.72759838602
2014-07-25 16:00:00,ecl,aggregate_load,96,44,xgboost,20752.020969015084
2014-07-25 17:00:00,ecl,aggregate_load,96,44,xgboost,20953.555513332267
2014-07-25 18:00:00,ecl,aggregate_load,96,44,xgboost,25646.249976588166
2014-07-25 19:00:00,ecl,aggregate_load,96,44,xgboost,22686.607265367293
2014-07-25 20:00:00,ecl,aggregate_load,96,44,xgboost,25462.608046645928
2014-07-25 21:00:00,ecl,aggregate_load,96,44,xgboost,29020.403640531335
2014-07-25 22:00:00,ecl,aggregate_load,96,44,xgboost,29004.96964982346
2014-07-25 23:00:00,ecl,aggregate_load,96,44,xgboost,29525.564937475865
2014-07-26 00:00:00,ecl,aggregate_load,96,44,xgboost,33268.831863807216
2014-07-26 01:00:00,ecl,aggregate_load,96,44,xgboost,34929.203289360514
2014-07-26 02:00:00,ecl,aggregate_load,96,44,xgboost,34153.31615681905
2014-07-26 03:00:00,ecl,aggregate_load,96,44,xgboost,40094.6780696814
2014-07-26 04:00:00,ecl,aggregate_load,96,44,xgboost,37347.912386980934
2014-07-26 05:00:00,ecl,aggregate_load,96,44,xgboost,34491.96847446717
2014-07-26 06:00:00,ecl,aggregate_load,96,44,xgboost,32746.074350964143
2014-07-26 07:00:00,ecl,aggregate_load,96,44,xgboost,32397.823247174998
2014-07-26 08:00:00,ecl,aggregate_load,96,44,xgboost,35134.40847616897
2014-07-26 09:00:00,ecl,aggregate_load,96,44,xgboost,37043.98685574112
2014-07-26 10:00:00,ecl,aggregate_load,96,44,xgboost,31670.537585874423
2014-07-26 11:00:00,ecl,aggregate_load,96,44,xgboost,29022.886595213477
2014-07-26 12:00:00,ecl,aggregate_load,96,44,xgboost,26197.16775516997
2014-07-26 13:00:00,ecl,aggregate_load,96,44,xgboost,28477.97143177474
2014-07-26 14:00:00,ecl,aggregate_load,96,44,xgboost,31644.94229975529
2014-07-26 15:00:00,ecl,aggregate_load,96,44,xgboost,29577.04048029723
2014-07-26 16:00:00,ecl,aggregate_load,96,44,xgboost,28231.827169178938
2014-07-26 17:00:00,ecl,aggregate_load,96,44,xgboost,28807.23488646092
2014-07-26 18:00:00,ecl,aggregate_load,96,44,xgboost,31157.935504357185
2014-07-26 19:00:00,ecl,aggregate_load,96,44,xgboost,32690.82109911832
2014-07-26 20:00:00,ecl,aggregate_load,96,44,xgboost,36892.18788284212
2014-07-26 21:00:00,ecl,aggregate_load,96,44,xgboost,37032.1084756681
2014-07-26 22:00:00,ecl,aggregate_load,96,44,xgboost,32560.399003876064
2014-07-26 23:00:00,ecl,aggregate_load,96,44,xgboost,37201.46747025843
2014-07-27 00:00:00,ecl,aggregate_load,96,44,xgboost,33013.77405533348
2014-07-27 01:00:00,ecl,aggregate_load,96,44,xgboost,33338.011586713146
2014-07-27 02:00:00,ecl,aggregate_load,96,44,xgboost,31578.132572323175
2014-07-27 03:00:00,ecl,aggregate_load,96,44,xgboost,30931.032769571622
2014-07-27 04:00:00,ecl,aggregate_load,96,44,xgboost,36234.19857734729
2014-07-27 05:00:00,ecl,aggregate_load,96,44,xgboost,31847.233718938438
2014-07-27 06:00:00,ecl,aggregate_load,96,44,xgboost,36235.03629848687
2014-07-27 07:00:00,ecl,aggregate_load,96,44,xgboost,41195.00539298909
2014-07-27 08:00:00,ecl,aggregate_load,96,44,xgboost,35831.85535569353
2014-07-27 09:00:00,ecl,aggregate_load,96,44,xgboost,29056.134298106324
2014-07-27 10:00:00,ecl,aggregate_load,96,44,xgboost,34411.65195014272
2014-07-27 11:00:00,ecl,aggregate_load,96,44,xgboost,30528.59783163987
2014-07-27 12:00:00,ecl,aggregate_load,96,44,xgboost,29067.034023678643
2014-07-27 13:00:00,ecl,aggregate_load,96,44,xgboost,35495.23332002914
2014-07-27 14:00:00,ecl,aggregate_load,96,44,xgboost,32795.19699824107
2014-07-27 15:00:00,ecl,aggregate_load,96,44,xgboost,32998.41355745069
2014-07-27 16:00:00,ecl,aggregate_load,96,44,xgboost,33898.303748558166
2014-07-27 17:00:00,ecl,aggregate_load,96,44,xgboost,38240.397766099755
2014-07-27 18:00:00,ecl,aggregate_load,96,44,xgboost,34587.37774428758
2014-07-27 19:00:00,ecl,aggregate_load,96,44,xgboost,36061.404025724674
2014-07-27 20:00:00,ecl,aggregate_load,96,44,xgboost,34781.68066161697
2014-07-27 21:00:00,ecl,aggregate_load,96,44,xgboost,37096.25746004286
2014-07-27 22:00:00,ecl,aggregate_load,96,44,xgboost,42506.982451821335
2014-07-27 23:00:00,ecl,aggregate_load,96,44,xgboost,40839.58363305326
2014-07-28 00:00:00,ecl,aggregate_load,96,44,xgboost,35013.30476111739
2014-07-28 01:00:00,ecl,aggregate_load,96,44,xgboost,36850.591762828066
2014-07-28 02:00:00,ecl,aggregate_load,96,44,xgboost,35681.75259679849
2014-07-28 03:00:00,ecl,aggregate_load,96,44,xgboost,36064.34918826684
2014-07-28 04:00:00,ecl,aggregate_load,96,44,xgboost,37196.089590489246
2014-07-28 05:00:00,ecl,aggregate_load,96,44,xgboost,37025.2586178259
2014-07-28 06:00:00,ecl,aggregate_load,96,44,xgboost,37054.382924202604
2014-07-28 07:00:00,ecl,aggregate_load,96,44,xgboost,40750.46667061819
2014-07-28 08:00:00,ecl,aggregate_load,96,44,xgboost,35971.0982699239
2014-07-28 09:00:00,ecl,aggregate_load,96,44,xgboost,35068.66512498876
2014-07-28 10:00:00,ecl,aggregate_load,96,44,xgboost,38465.911019227344
2014-07-28 11:00:00,ecl,aggregate_load,96,44,xgboost,38598.19709380887
2014-07-28 12:00:00,ecl,aggregate_load,96,44,xgboost,43049.28048181043
2014-07-28 13:00:00,ecl,aggregate_load,96,44,xgboost,41883.28162363334
2014-07-28 14:00:00,ecl,aggregate_load,96,44,xgboost,41221.863020017365
2014-07-28 15:00:00,ecl,aggregate_load,96,44,xgboost,43973.08141676908
2014-07-28 16:00:00,ecl,aggregate_load,96,44,xgboost,42859.60444690974
2014-07-28 17:00:00,ecl,aggregate_load,96,44,xgboost,41406.00856194285
2014-07-28 18:00:00,ecl,aggregate_load,96,44,xgboost,47150.51415271999
2014-07-28 19:00:00,ecl,aggregate_load,96,44,xgboost,49031.42893639982
2014-07-28 20:00:00,ecl,aggregate_load,96,44,xgboost,47135.79605184836
2014-07-28 21:00:00,ecl,aggregate_load,96,44,xgboost,47145.70849215128
2014-07-28 22:00:00,ecl,aggregate_load,96,44,xgboost,52032.86647750562
2014-07-28 23:00:00,ecl,aggregate_load,96,44,xgboost,51720.67160851749
2014-07-29 00:00:00,ecl,aggregate_load,96,44,xgboost,41652.31609103201
2014-07-29 01:00:00,ecl,aggregate_load,96,44,xgboost,44107.60666053811
2014-07-29 02:00:00,ecl,aggregate_load,96,44,xgboost,44560.73887312424
2014-07-29 03:00:00,ecl,aggregate_load,96,44,xgboost,45056.04494370208
2014-07-29 04:00:00,ecl,aggregate_load,96,44,xgboost,44836.65564898803
2014-07-29 05:00:00,ecl,aggregate_load,96,44,xgboost,45471.383836969595
2014-07-29 06:00:00,ecl,aggregate_load,96,44,xgboost,43975.62245923648
2014-07-29 07:00:00,ecl,aggregate_load,96,44,xgboost,46165.588131513745
2014-07-29 08:00:00,ecl,aggregate_load,96,44,xgboost,42331.44324466434
2014-07-29 09:00:00,ecl,aggregate_load,96,44,xgboost,43572.332654124846
2014-07-29 10:00:00,ecl,aggregate_load,96,44,xgboost,43153.485990295754
2014-07-29 11:00:00,ecl,aggregate_load,96,44,xgboost,48685.92394960483
2014-07-29 12:00:00,ecl,aggregate_load,96,44,xgboost,49539.51249399152
2014-07-29 13:00:00,ecl,aggregate_load,96,44,xgboost,48884.40334290598
2014-07-29 14:00:00,ecl,aggregate_load,96,44,xgboost,45696.44137701049
2014-07-29 15:00:00,ecl,aggregate_load,96,44,xgboost,47807.99783471591
2014-07-29 16:00:00,ecl,aggregate_load,96,44,xgboost,58712.79105204266
2014-07-29 17:00:00,ecl,aggregate_load,96,44,xgboost,58198.19889413755
2014-07-29 18:00:00,ecl,aggregate_load,96,44,xgboost,54354.90651851826
2014-07-29 19:00:00,ecl,aggregate_load,96,44,xgboost,63889.53650545737
2014-07-29 20:00:00,ecl,aggregate_load,96,44,xgboost,68895.25469001425
2014-07-29 21:00:00,ecl,aggregate_load,96,44,xgboost,58096.752581028886
2014-07-29 22:00:00,ecl,aggregate_load,96,44,xgboost,71656.97936823111
2014-07-29 23:00:00,ecl,aggregate_load,96,44,xgboost,70035.81860988848
2014-07-30 00:00:00,ecl,aggregate_load,96,44,xgboost,50362.92376089337
2014-07-30 01:00:00,ecl,aggregate_load,96,44,xgboost,56069.467974793835
2014-07-30 02:00:00,ecl,aggregate_load,96,44,xgboost,55871.87883987226
2014-07-30 03:00:00,ecl,aggregate_load,96,44,xgboost,56232.161571120145
2014-07-30 04:00:00,ecl,aggregate_load,96,44,xgboost,58249.420489018165
2014-07-30 05:00:00,ecl,aggregate_load,96,44,xgboost,60653.306394939136
2014-07-30 06:00:00,ecl,aggregate_load,96,44,xgboost,54180.99358883486
2014-07-30 07:00:00,ecl,aggregate_load,96,44,xgboost,59271.953930966636
2014-07-30 08:00:00,ecl,aggregate_load,96,44,xgboost,57098.470764342645
2014-07-30 09:00:00,ecl,aggregate_load,96,44,xgboost,52388.21218823043
2014-07-30 10:00:00,ecl,aggregate_load,96,44,xgboost,52011.606576478465
2014-07-30 11:00:00,ecl,aggregate_load,96,44,xgboost,43722.33179548808
2014-07-30 12:00:00,ecl,aggregate_load,96,44,xgboost,50587.69166935372
2014-07-30 13:00:00,ecl,aggregate_load,96,44,xgboost,50780.8715976963
2014-07-30 14:00:00,ecl,aggregate_load,96,44,xgboost,46124.79399148532
2014-07-30 15:00:00,ecl,aggregate_load,96,44,xgboost,41513.74765792789
2014-07-30 16:00:00,ecl,aggregate_load,96,44,xgboost,44400.789045340694
2014-07-30 17:00:00,ecl,aggregate_load,96,44,xgboost,41205.009843709704
2014-07-30 18:00:00,ecl,aggregate_load,96,44,xgboost,61391.368049675075
2014-07-30 19:00:00,ecl,aggregate_load,96,44,xgboost,53636.610410627
2014-07-30 20:00:00,ecl,aggregate_load,96,44,xgboost,54578.5104472351
2014-07-30 21:00:00,ecl,aggregate_load,96,44,xgboost,52874.120684298374
2014-07-30 22:00:00,ecl,aggregate_load,96,44,xgboost,61209.81797527158
2014-07-30 23:00:00,ecl,aggregate_load,96,44,xgboost,65069.09893355068
2014-07-31 00:00:00,ecl,aggregate_load,96,44,xgboost,48517.587598732505
2014-07-31 01:00:00,ecl,aggregate_load,96,44,xgboost,47201.287676811335
2014-07-31 02:00:00,ecl,aggregate_load,96,44,xgboost,46001.2927983728
2014-07-31 03:00:00,ecl,aggregate_load,96,44,xgboost,47846.034014514145
2014-07-31 04:00:00,ecl,aggregate_load,96,44,xgboost,51172.77896712504
2014-07-31 05:00:00,ecl,aggregate_load,96,44,xgboost,53563.94683102099
2014-07-31 06:00:00,ecl,aggregate_load,96,44,xgboost,52596.98538874163
2014-07-31 07:00:00,ecl,aggregate_load,96,44,xgboost,53897.35739155657
2014-07-31 08:00:00,ecl,aggregate_load,96,44,xgboost,52478.43495795369
2014-07-31 09:00:00,ecl,aggregate_load,96,44,xgboost,53679.39580648678
2014-07-31 10:00:00,ecl,aggregate_load,96,44,xgboost,48328.882609599066
2014-07-31 11:00:00,ecl,aggregate_load,96,44,xgboost,44718.11472061236
2014-07-31 12:00:00,ecl,aggregate_load,96,44,xgboost,46476.38417258052
2014-07-31 13:00:00,ecl,aggregate_load,96,44,xgboost,38919.71733727219
2014-07-31 14:00:00,ecl,aggregate_load,96,44,xgboost,44027.57778639137
2014-07-31 15:00:00,ecl,aggregate_load,96,44,xgboost,45593.329733253835
2014-07-31 16:00:00,ecl,aggregate_load,96,44,xgboost,43862.96970065735
2014-07-31 17:00:00,ecl,aggregate_load,96,44,xgboost,44682.73419531798
2014-07-31 18:00:00,ecl,aggregate_load,96,44,xgboost,38239.25068640868
2014-07-31 19:00:00,ecl,aggregate_load,96,44,xgboost,39337.86411160546
2014-07-31 20:00:00,ecl,aggregate_load,96,44,xgboost,38813.82977608418
2014-07-31 21:00:00,ecl,aggregate_load,96,44,xgboost,35456.86633910722
2014-07-31 22:00:00,ecl,aggregate_load,96,44,xgboost,48235.97115975762
2014-07-31 23:00:00,ecl,aggregate_load,96,44,xgboost,48846.865963278666
2014-08-01 00:00:00,ecl,aggregate_load,96,44,xgboost,43695.786963310275
2014-08-01 01:00:00,ecl,aggregate_load,96,44,xgboost,40954.073092971164
2014-08-01 02:00:00,ecl,aggregate_load,96,44,xgboost,38670.4054592349
2014-08-01 03:00:00,ecl,aggregate_load,96,44,xgboost,39313.49496128845
2014-08-01 04:00:00,ecl,aggregate_load,96,44,xgboost,40743.50848813639
2014-08-01 05:00:00,ecl,aggregate_load,96,44,xgboost,42717.62676139698
2014-08-01 06:00:00,ecl,aggregate_load,96,44,xgboost,43898.37947775807
2014-08-01 07:00:00,ecl,aggregate_load,96,44,xgboost,40855.45768869973
2014-08-01 08:00:00,ecl,aggregate_load,96,44,xgboost,46532.06924698476
2014-08-01 09:00:00,ecl,aggregate_load,96,44,xgboost,45034.90145647162
2014-08-01 10:00:00,ecl,aggregate_load,96,44,xgboost,42980.232352753825
2014-08-01 11:00:00,ecl,aggregate_load,96,44,xgboost,36935.89420659599
2014-08-01 12:00:00,ecl,aggregate_load,96,44,xgboost,35775.40326893071
2014-08-01 13:00:00,ecl,aggregate_load,96,44,xgboost,42225.180730308115
2014-08-01 14:00:00,ecl,aggregate_load,96,44,xgboost,38582.66717384212
2014-08-01 15:00:00,ecl,aggregate_load,96,44,xgboost,47609.189540617226
2014-08-01 16:00:00,ecl,aggregate_load,96,44,xgboost,44636.849043553906
2014-08-01 17:00:00,ecl,aggregate_load,96,44,xgboost,51827.5168545573
2014-08-01 18:00:00,ecl,aggregate_load,96,44,xgboost,37850.510129837996
2014-08-01 19:00:00,ecl,aggregate_load,96,44,xgboost,44286.77607870675
2014-08-01 20:00:00,ecl,aggregate_load,96,44,xgboost,34976.100618852775
2014-08-01 21:00:00,ecl,aggregate_load,96,44,xgboost,30904.87240816884
2014-08-01 22:00:00,ecl,aggregate_load,96,44,xgboost,36355.776418562644
2014-08-01 23:00:00,ecl,aggregate_load,96,44,xgboost,36288.33285230041
2014-08-02 00:00:00,ecl,aggregate_load,96,44,xgboost,35865.71088663124
2014-08-02 01:00:00,ecl,aggregate_load,96,44,xgboost,37203.173228024956
2014-08-02 02:00:00,ecl,aggregate_load,96,44,xgboost,38737.448300296
2014-08-02 03:00:00,ecl,aggregate_load,96,44,xgboost,35124.930142341414
2014-08-02 04:00:00,ecl,aggregate_load,96,44,xgboost,35431.00297634693
2014-08-02 05:00:00,ecl,aggregate_load,96,44,xgboost,36200.74303002821
2014-08-02 06:00:00,ecl,aggregate_load,96,44,xgboost,33211.95252449711
2014-08-02 07:00:00,ecl,aggregate_load,96,44,xgboost,35854.61140406076
2014-08-02 08:00:00,ecl,aggregate_load,96,44,xgboost,33041.954551497656
2014-08-02 09:00:00,ecl,aggregate_load,96,44,xgboost,35689.642714011796
2014-08-02 10:00:00,ecl,aggregate_load,96,44,xgboost,33760.018060857816
2014-08-02 11:00:00,ecl,aggregate_load,96,44,xgboost,33664.447353504605
2014-08-02 12:00:00,ecl,aggregate_load,96,44,xgboost,39680.80614342617
2014-08-02 13:00:00,ecl,aggregate_load,96,44,xgboost,37593.01441422344
2014-08-02 14:00:00,ecl,aggregate_load,96,44,xgboost,34215.20711687333
2014-08-02 15:00:00,ecl,aggregate_load,96,44,xgboost,33117.072116417374
2014-08-02 16:00:00,ecl,aggregate_load,96,44,xgboost,31465.601062187965
2014-08-02 17:00:00,ecl,aggregate_load,96,44,xgboost,35626.14766541467
2014-08-02 18:00:00,ecl,aggregate_load,96,44,xgboost,32198.096345027356
2014-08-02 19:00:00,ecl,aggregate_load,96,44,xgboost,35329.56472991081
2014-08-02 20:00:00,ecl,aggregate_load,96,44,xgboost,35461.924553651894
2014-08-02 21:00:00,ecl,aggregate_load,96,44,xgboost,34147.76107744322
2014-08-02 22:00:00,ecl,aggregate_load,96,44,xgboost,32580.79189228605
2014-08-02 23:00:00,ecl,aggregate_load,96,44,xgboost,33154.681475244164
2014-08-03 00:00:00,ecl,aggregate_load,96,44,xgboost,36203.66243833802
2014-08-03 01:00:00,ecl,aggregate_load,96,44,xgboost,40819.67953279976
2014-08-03 02:00:00,ecl,aggregate_load,96,44,xgboost,36356.678364417014
2014-08-03 03:00:00,ecl,aggregate_load,96,44,xgboost,38408.44098024189
2014-08-03 04:00:00,ecl,aggregate_load,96,44,xgboost,37104.43250924338
2014-08-03 05:00:00,ecl,aggregate_load,96,44,xgboost,38290.344341045384
2014-08-03 06:00:00,ecl,aggregate_load,96,44,xgboost,34048.71595580856
2014-08-03 07:00:00,ecl,aggregate_load,96,44,xgboost,33139.17329984999
2014-08-03 08:00:00,ecl,aggregate_load,96,44,xgboost,31191.96497334567
2014-08-03 09:00:00,ecl,aggregate_load,96,44,xgboost,29031.771662346775
2014-08-03 10:00:00,ecl,aggregate_load,96,44,xgboost,33586.335074067356
2014-08-03 11:00:00,ecl,aggregate_load,96,44,xgboost,32037.084330147994
2014-08-03 12:00:00,ecl,aggregate_load,96,44,xgboost,33796.10248952067
2014-08-03 13:00:00,ecl,aggregate_load,96,44,xgboost,33808.89308597668
2014-08-03 14:00:00,ecl,aggregate_load,96,44,xgboost,35790.831705223456
2014-08-03 15:00:00,ecl,aggregate_load,96,44,xgboost,29854.9950413441
2014-08-03 16:00:00,ecl,aggregate_load,96,44,xgboost,28339.537195387264
2014-08-03 17:00:00,ecl,aggregate_load,96,44,xgboost,30774.767829228524
2014-08-03 18:00:00,ecl,aggregate_load,96,44,xgboost,31844.718649623508
2014-08-03 19:00:00,ecl,aggregate_load,96,44,xgboost,34958.7180085922
2014-08-03 20:00:00,ecl,aggregate_load,96,44,xgboost,44163.70853845224
2014-08-03 21:00:00,ecl,aggregate_load,96,44,xgboost,53587.72700445723
2014-08-03 22:00:00,ecl,aggregate_load,96,44,xgboost,51625.38403883282
2014-08-03 23:00:00,ecl,aggregate_load,96,44,xgboost,55899.930970173875
2014-08-04 00:00:00,ecl,aggregate_load,96,44,xgboost,56980.83477431722
2014-08-04 01:00:00,ecl,aggregate_load,96,44,xgboost,60654.94462831976
2014-08-04 02:00:00,ecl,aggregate_load,96,44,xgboost,70019.8945206584
2014-08-04 03:00:00,ecl,aggregate_load,96,44,xgboost,68584.17814665612
2014-08-04 04:00:00,ecl,aggregate_load,96,44,xgboost,61419.96271434076
2014-08-04 05:00:00,ecl,aggregate_load,96,44,xgboost,60398.96987338326
2014-08-04 06:00:00,ecl,aggregate_load,96,44,xgboost,62192.9063207038
2014-08-04 07:00:00,ecl,aggregate_load,96,44,xgboost,67041.57687530569
2014-08-04 08:00:00,ecl,aggregate_load,96,44,xgboost,65457.72912357634
2014-08-04 09:00:00,ecl,aggregate_load,96,44,xgboost,63758.61439583372
2014-08-04 10:00:00,ecl,aggregate_load,96,44,xgboost,65706.14630951478
2014-08-04 11:00:00,ecl,aggregate_load,96,44,xgboost,65547.5683613014
2014-08-04 12:00:00,ecl,aggregate_load,96,44,xgboost,74226.72249351129
2014-08-04 13:00:00,ecl,aggregate_load,96,44,xgboost,59525.35936327797
2014-08-04 14:00:00,ecl,aggregate_load,96,44,xgboost,64162.62326566406
2014-08-04 15:00:00,ecl,aggregate_load,96,44,xgboost,46279.48945940164
2014-08-04 16:00:00,ecl,aggregate_load,96,44,xgboost,46029.78832596616
2014-08-04 17:00:00,ecl,aggregate_load,96,44,xgboost,38331.08170162615
2014-08-04 18:00:00,ecl,aggregate_load,96,44,xgboost,51876.3514899456
2014-08-04 19:00:00,ecl,aggregate_load,96,44,xgboost,48672.105527511456
2014-08-04 20:00:00,ecl,aggregate_load,96,44,xgboost,63643.40104172318
2014-08-04 21:00:00,ecl,aggregate_load,96,44,xgboost,70801.41259836916
2014-08-04 22:00:00,ecl,aggregate_load,96,44,xgboost,73726.63755839092
2014-08-04 23:00:00,ecl,aggregate_load,96,44,xgboost,76024.32593411196
2014-08-05 00:00:00,ecl,aggregate_load,96,44,xgboost,79578.71721589779
2014-08-05 01:00:00,ecl,aggregate_load,96,44,xgboost,88437.47435580536
2014-08-05 02:00:00,ecl,aggregate_load,96,44,xgboost,85943.33101103969
2014-08-05 03:00:00,ecl,aggregate_load,96,44,xgboost,83419.41685343494
2014-08-05 04:00:00,ecl,aggregate_load,96,44,xgboost,79748.70324479016
2014-08-05 05:00:00,ecl,aggregate_load,96,44,xgboost,80289.82971942896
2014-08-05 06:00:00,ecl,aggregate_load,96,44,xgboost,79537.75786717354
2014-08-05 07:00:00,ecl,aggregate_load,96,44,xgboost,82089.14567300188
2014-08-05 08:00:00,ecl,aggregate_load,96,44,xgboost,79896.7238869248
2014-08-05 09:00:00,ecl,aggregate_load,96,44,xgboost,79869.31536103234
2014-08-05 10:00:00,ecl,aggregate_load,96,44,xgboost,75572.53793838086
2014-08-05 11:00:00,ecl,aggregate_load,96,44,xgboost,78016.50974416883
2014-08-05 12:00:00,ecl,aggregate_load,96,44,xgboost,59288.59852558506
2014-08-05 13:00:00,ecl,aggregate_load,96,44,xgboost,49376.294670103955
2014-08-05 14:00:00,ecl,aggregate_load,96,44,xgboost,48582.27161264521
2014-08-05 15:00:00,ecl,aggregate_load,96,44,xgboost,43566.42452407194
2014-08-05 16:00:00,ecl,aggregate_load,96,44,xgboost,34675.28044626682
2014-08-05 17:00:00,ecl,aggregate_load,96,44,xgboost,34789.37179908207
2014-08-05 18:00:00,ecl,aggregate_load,96,44,xgboost,38045.298245365484
2014-08-05 19:00:00,ecl,aggregate_load,96,44,xgboost,45083.314447703306
2014-08-05 20:00:00,ecl,aggregate_load,96,44,xgboost,48726.70860019757
2014-08-05 21:00:00,ecl,aggregate_load,96,44,xgboost,49550.433907530365
2014-08-05 22:00:00,ecl,aggregate_load,96,44,xgboost,53487.77498312544
2014-08-05 23:00:00,ecl,aggregate_load,96,44,xgboost,51000.464398569915
2014-08-06 00:00:00,ecl,aggregate_load,96,44,xgboost,67288.27520297747
2014-08-06 01:00:00,ecl,aggregate_load,96,44,xgboost,69440.53456778331
2014-08-06 02:00:00,ecl,aggregate_load,96,44,xgboost,65679.76164630435
2014-08-06 03:00:00,ecl,aggregate_load,96,44,xgboost,64020.61956153387
2014-08-06 04:00:00,ecl,aggregate_load,96,44,xgboost,64764.05441421369
2014-08-06 05:00:00,ecl,aggregate_load,96,44,xgboost,61126.513845217945
2014-08-06 06:00:00,ecl,aggregate_load,96,44,xgboost,60615.60707454779
2014-08-06 07:00:00,ecl,aggregate_load,96,44,xgboost,62364.57851703342
2014-08-06 08:00:00,ecl,aggregate_load,96,44,xgboost,65093.56099498423
2014-08-06 09:00:00,ecl,aggregate_load,96,44,xgboost,67962.89827096074
2014-08-06 10:00:00,ecl,aggregate_load,96,44,xgboost,77609.50525770879
2014-08-06 11:00:00,ecl,aggregate_load,96,44,xgboost,65945.56821675501
2014-08-06 12:00:00,ecl,aggregate_load,96,44,xgboost,65286.70988579988
2014-08-06 13:00:00,ecl,aggregate_load,96,44,xgboost,62684.03570607311
2014-08-06 14:00:00,ecl,aggregate_load,96,44,xgboost,52278.43159153755
2014-08-06 15:00:00,ecl,aggregate_load,96,44,xgboost,52736.61905136132
2014-08-06 16:00:00,ecl,aggregate_load,96,44,xgboost,47196.75152086135
2014-08-06 17:00:00,ecl,aggregate_load,96,44,xgboost,47536.52202997194
2014-08-06 18:00:00,ecl,aggregate_load,96,44,xgboost,55670.960848081995
2014-08-06 19:00:00,ecl,aggregate_load,96,44,xgboost,57535.765930190195
2014-08-06 20:00:00,ecl,aggregate_load,96,44,xgboost,62324.85440599382
2014-08-06 21:00:00,ecl,aggregate_load,96,44,xgboost,64821.15588884813
2014-08-06 22:00:00,ecl,aggregate_load,96,44,xgboost,63022.822667598804
2014-08-06 23:00:00,ecl,aggregate_load,96,44,xgboost,65286.62426552014
2014-08-07 00:00:00,ecl,aggregate_load,96,44,xgboost,70375.92578989851
2014-08-07 01:00:00,ecl,aggregate_load,96,44,xgboost,71227.38441039597
2014-08-07 02:00:00,ecl,aggregate_load,96,44,xgboost,71154.39862065355
2014-08-07 03:00:00,ecl,aggregate_load,96,44,xgboost,71101.82076811574
2014-08-07 04:00:00,ecl,aggregate_load,96,44,xgboost,69673.26352991493
2014-08-07 05:00:00,ecl,aggregate_load,96,44,xgboost,65956.089046265
2014-08-07 06:00:00,ecl,aggregate_load,96,44,xgboost,65396.44568324087
2014-08-07 07:00:00,ecl,aggregate_load,96,44,xgboost,68404.8062381455
2014-08-07 08:00:00,ecl,aggregate_load,96,44,xgboost,70536.25655563419
2014-08-07 09:00:00,ecl,aggregate_load,96,44,xgboost,71069.87426583181
2014-08-07 10:00:00,ecl,aggregate_load,96,44,xgboost,74727.78757504023
2014-08-07 11:00:00,ecl,aggregate_load,96,44,xgboost,66941.3146945011
2014-08-07 12:00:00,ecl,aggregate_load,96,44,xgboost,76371.3578769331
2014-08-07 13:00:00,ecl,aggregate_load,96,44,xgboost,59505.58644402467
2014-08-07 14:00:00,ecl,aggregate_load,96,44,xgboost,54864.66208068273
2014-08-07 15:00:00,ecl,aggregate_load,96,44,xgboost,32355.94482521844
2014-08-07 16:00:00,ecl,aggregate_load,96,44,xgboost,29977.740055782037
2014-08-07 17:00:00,ecl,aggregate_load,96,44,xgboost,22732.283248516498
2014-08-07 18:00:00,ecl,aggregate_load,96,44,xgboost,24361.163206834623
2014-08-07 19:00:00,ecl,aggregate_load,96,44,xgboost,27045.629211869847
2014-08-07 20:00:00,ecl,aggregate_load,96,44,xgboost,25390.306705342362
2014-08-07 21:00:00,ecl,aggregate_load,96,44,xgboost,30361.655351089863
2014-08-07 22:00:00,ecl,aggregate_load,96,44,xgboost,26509.63825815114
2014-08-07 23:00:00,ecl,aggregate_load,96,44,xgboost,27051.836879768816
2014-08-08 00:00:00,ecl,aggregate_load,96,44,xgboost,30167.11268927764
2014-08-08 01:00:00,ecl,aggregate_load,96,44,xgboost,29804.82182652054
2014-08-08 02:00:00,ecl,aggregate_load,96,44,xgboost,30414.331689426308
2014-08-08 03:00:00,ecl,aggregate_load,96,44,xgboost,30663.536120896024
2014-08-08 04:00:00,ecl,aggregate_load,96,44,xgboost,29004.850947703515
2014-08-08 05:00:00,ecl,aggregate_load,96,44,xgboost,30355.568589971575
2014-08-08 06:00:00,ecl,aggregate_load,96,44,xgboost,29985.60051117583
2014-08-08 07:00:00,ecl,aggregate_load,96,44,xgboost,30739.329385295892
2014-08-08 08:00:00,ecl,aggregate_load,96,44,xgboost,29068.64744277606
2014-08-08 09:00:00,ecl,aggregate_load,96,44,xgboost,34223.42205346289
2014-08-08 10:00:00,ecl,aggregate_load,96,44,xgboost,29951.729032250292
2014-08-08 11:00:00,ecl,aggregate_load,96,44,xgboost,37320.010374373815
2014-08-08 12:00:00,ecl,aggregate_load,96,44,xgboost,32494.22982155616
2014-08-08 13:00:00,ecl,aggregate_load,96,44,xgboost,33061.65277693012
2014-08-08 14:00:00,ecl,aggregate_load,96,44,xgboost,32842.90127807512
2014-08-08 15:00:00,ecl,aggregate_load,96,44,xgboost,36935.345895370934
2014-08-08 16:00:00,ecl,aggregate_load,96,44,xgboost,36876.370749286085
2014-08-08 17:00:00,ecl,aggregate_load,96,44,xgboost,36412.90804924146
2014-08-08 18:00:00,ecl,aggregate_load,96,44,xgboost,36330.97204257307
2014-08-08 19:00:00,ecl,aggregate_load,96,44,xgboost,30475.634243063832
2014-08-08 20:00:00,ecl,aggregate_load,96,44,xgboost,24611.01335391215
2014-08-08 21:00:00,ecl,aggregate_load,96,44,xgboost,22723.0645508158
2014-08-08 22:00:00,ecl,aggregate_load,96,44,xgboost,23997.772446873427
2014-08-08 23:00:00,ecl,aggregate_load,96,44,xgboost,22325.381830177856
2014-08-09 00:00:00,ecl,aggregate_load,96,44,xgboost,22079.76389427784
2014-08-09 01:00:00,ecl,aggregate_load,96,44,xgboost,25045.00703445888
2014-08-09 02:00:00,ecl,aggregate_load,96,44,xgboost,27103.014884230815
2014-08-09 03:00:00,ecl,aggregate_load,96,44,xgboost,28353.908037422923
2014-08-09 04:00:00,ecl,aggregate_load,96,44,xgboost,29487.62943811427
2014-08-09 05:00:00,ecl,aggregate_load,96,44,xgboost,30979.551514072937
2014-08-09 06:00:00,ecl,aggregate_load,96,44,xgboost,29727.874028351052
2014-08-09 07:00:00,ecl,aggregate_load,96,44,xgboost,32619.92698422202
2014-08-09 08:00:00,ecl,aggregate_load,96,44,xgboost,32319.392816308875
2014-08-09 09:00:00,ecl,aggregate_load,96,44,xgboost,31620.29326738825
2014-08-09 10:00:00,ecl,aggregate_load,96,44,xgboost,29783.618168987654
2014-08-09 11:00:00,ecl,aggregate_load,96,44,xgboost,31587.36270667616
2014-08-09 12:00:00,ecl,aggregate_load,96,44,xgboost,35927.89436863739
2014-08-09 13:00:00,ecl,aggregate_load,96,44,xgboost,35461.60967580523
2014-08-09 14:00:00,ecl,aggregate_load,96,44,xgboost,35786.76604634329
2014-08-09 15:00:00,ecl,aggregate_load,96,44,xgboost,33321.18993344432
2014-08-09 16:00:00,ecl,aggregate_load,96,44,xgboost,35618.65408268085
2014-08-09 17:00:00,ecl,aggregate_load,96,44,xgboost,35077.391011696694
2014-08-09 18:00:00,ecl,aggregate_load,96,44,xgboost,40561.89401942952
2014-08-09 19:00:00,ecl,aggregate_load,96,44,xgboost,37238.273376360594
2014-08-09 20:00:00,ecl,aggregate_load,96,44,xgboost,37587.08838799418
2014-08-09 21:00:00,ecl,aggregate_load,96,44,xgboost,36236.708837101956
2014-08-09 22:00:00,ecl,aggregate_load,96,44,xgboost,35917.264545672435
2014-08-09 23:00:00,ecl,aggregate_load,96,44,xgboost,39483.71595873289
2014-08-10 00:00:00,ecl,aggregate_load,96,44,xgboost,37128.721254524746
2014-08-10 01:00:00,ecl,aggregate_load,96,44,xgboost,39058.958532502176
2014-08-10 02:00:00,ecl,aggregate_load,96,44,xgboost,43648.76354836727
2014-08-10 03:00:00,ecl,aggregate_load,96,44,xgboost,45624.71437931478
2014-08-10 04:00:00,ecl,aggregate_load,96,44,xgboost,45832.10344267829
2014-08-10 05:00:00,ecl,aggregate_load,96,44,xgboost,45340.99425565241
2014-08-10 06:00:00,ecl,aggregate_load,96,44,xgboost,45512.94320418688
2014-08-10 07:00:00,ecl,aggregate_load,96,44,xgboost,45713.08787002572
2014-08-10 08:00:00,ecl,aggregate_load,96,44,xgboost,43951.47645861016
2014-08-10 09:00:00,ecl,aggregate_load,96,44,xgboost,39656.2460757358
2014-08-10 10:00:00,ecl,aggregate_load,96,44,xgboost,40945.50977253143
2014-08-10 11:00:00,ecl,aggregate_load,96,44,xgboost,44204.13984107614
2014-08-10 12:00:00,ecl,aggregate_load,96,44,xgboost,44660.62555445171
2014-08-10 13:00:00,ecl,aggregate_load,96,44,xgboost,47754.37057839298
2014-08-10 14:00:00,ecl,aggregate_load,96,44,xgboost,48553.92385788293
2014-08-10 15:00:00,ecl,aggregate_load,96,44,xgboost,48761.87234491166
2014-08-10 16:00:00,ecl,aggregate_load,96,44,xgboost,49279.61705355689
2014-08-10 17:00:00,ecl,aggregate_load,96,44,xgboost,49966.52548032825
2014-08-10 18:00:00,ecl,aggregate_load,96,44,xgboost,43228.523130553505
2014-08-10 19:00:00,ecl,aggregate_load,96,44,xgboost,40614.25378395164
2014-08-10 20:00:00,ecl,aggregate_load,96,44,xgboost,36064.07251623852
2014-08-10 21:00:00,ecl,aggregate_load,96,44,xgboost,37797.08622106461
2014-08-10 22:00:00,ecl,aggregate_load,96,44,xgboost,37926.20506860453
2014-08-10 23:00:00,ecl,aggregate_load,96,44,xgboost,38480.35431932889
2014-08-11 00:00:00,ecl,aggregate_load,96,44,xgboost,42352.27475548963
2014-08-11 01:00:00,ecl,aggregate_load,96,44,xgboost,41915.24899743212
2014-08-11 02:00:00,ecl,aggregate_load,96,44,xgboost,43955.65811182475
2014-08-11 03:00:00,ecl,aggregate_load,96,44,xgboost,48971.99775356631
2014-08-11 04:00:00,ecl,aggregate_load,96,44,xgboost,47144.688526258506
2014-08-11 05:00:00,ecl,aggregate_load,96,44,xgboost,50405.52853098477
2014-08-11 06:00:00,ecl,aggregate_load,96,44,xgboost,49677.42428669776
2014-08-11 07:00:00,ecl,aggregate_load,96,44,xgboost,55304.57888077228
2014-08-11 08:00:00,ecl,aggregate_load,96,44,xgboost,50034.96973857697
2014-08-11 09:00:00,ecl,aggregate_load,96,44,xgboost,46709.47410911118
2014-08-11 10:00:00,ecl,aggregate_load,96,44,xgboost,44780.36682853848
2014-08-11 11:00:00,ecl,aggregate_load,96,44,xgboost,45284.70829081747
2014-08-11 12:00:00,ecl,aggregate_load,96,44,xgboost,46881.19472998789
2014-08-11 13:00:00,ecl,aggregate_load,96,44,xgboost,47719.51110303707
2014-08-11 14:00:00,ecl,aggregate_load,96,44,xgboost,53536.73430279578
2014-08-11 15:00:00,ecl,aggregate_load,96,44,xgboost,49523.62135623535
2014-08-11 16:00:00,ecl,aggregate_load,96,44,xgboost,51747.89370382641
2014-08-11 17:00:00,ecl,aggregate_load,96,44,xgboost,55636.01831659758
2014-08-11 18:00:00,ecl,aggregate_load,96,44,xgboost,53143.858116730546
2014-08-11 19:00:00,ecl,aggregate_load,96,44,xgboost,48443.22434601389
2014-08-11 20:00:00,ecl,aggregate_load,96,44,xgboost,43085.1235295093
2014-08-11 21:00:00,ecl,aggregate_load,96,44,xgboost,36831.99993039302
2014-08-11 22:00:00,ecl,aggregate_load,96,44,xgboost,37593.32326350153
2014-08-11 23:00:00,ecl,aggregate_load,96,44,xgboost,39257.37783704131
2014-08-12 00:00:00,ecl,aggregate_load,96,44,xgboost,37092.67607197178
2014-08-12 01:00:00,ecl,aggregate_load,96,44,xgboost,39785.45447210638
2014-08-12 02:00:00,ecl,aggregate_load,96,44,xgboost,40500.943055399584
2014-08-12 03:00:00,ecl,aggregate_load,96,44,xgboost,43658.286185403245
2014-08-12 04:00:00,ecl,aggregate_load,96,44,xgboost,45005.817281029515
2014-08-12 05:00:00,ecl,aggregate_load,96,44,xgboost,47161.233772620595
2014-08-12 06:00:00,ecl,aggregate_load,96,44,xgboost,43470.53710030637
2014-08-12 07:00:00,ecl,aggregate_load,96,44,xgboost,46669.7833967841
2014-08-12 08:00:00,ecl,aggregate_load,96,44,xgboost,46175.78134482546
2014-08-12 09:00:00,ecl,aggregate_load,96,44,xgboost,46029.60226064617
2014-08-12 10:00:00,ecl,aggregate_load,96,44,xgboost,45475.43435286059
2014-08-12 11:00:00,ecl,aggregate_load,96,44,xgboost,42978.25041140746
2014-08-12 12:00:00,ecl,aggregate_load,96,44,xgboost,45673.31937934424
2014-08-12 13:00:00,ecl,aggregate_load,96,44,xgboost,45909.19161534807
2014-08-12 14:00:00,ecl,aggregate_load,96,44,xgboost,53037.05442189467
2014-08-12 15:00:00,ecl,aggregate_load,96,44,xgboost,53807.935772573364
2014-08-12 16:00:00,ecl,aggregate_load,96,44,xgboost,57474.659347485685
2014-08-12 17:00:00,ecl,aggregate_load,96,44,xgboost,72980.92773090924
2014-08-12 18:00:00,ecl,aggregate_load,96,44,xgboost,58104.50203904649
2014-08-12 19:00:00,ecl,aggregate_load,96,44,xgboost,51300.8777912555
2014-08-12 20:00:00,ecl,aggregate_load,96,44,xgboost,54063.934769295265
2014-08-12 21:00:00,ecl,aggregate_load,96,44,xgboost,44878.09872502855
2014-08-12 22:00:00,ecl,aggregate_load,96,44,xgboost,50859.84986525169
2014-08-12 23:00:00,ecl,aggregate_load,96,44,xgboost,50928.31558160921
2014-08-13 00:00:00,ecl,aggregate_load,96,44,xgboost,36696.11677802234
2014-08-13 01:00:00,ecl,aggregate_load,96,44,xgboost,37645.20410811928
2014-08-13 02:00:00,ecl,aggregate_load,96,44,xgboost,40294.22329980225
2014-08-13 03:00:00,ecl,aggregate_load,96,44,xgboost,43264.27860449347
2014-08-13 04:00:00,ecl,aggregate_load,96,44,xgboost,43223.21356884947
2014-08-13 05:00:00,ecl,aggregate_load,96,44,xgboost,43878.22726736558
2014-08-13 06:00:00,ecl,aggregate_load,96,44,xgboost,44097.30869629248
2014-08-13 07:00:00,ecl,aggregate_load,96,44,xgboost,47302.22969913317
2014-08-13 08:00:00,ecl,aggregate_load,96,44,xgboost,46386.445999916
2014-08-13 09:00:00,ecl,aggregate_load,96,44,xgboost,43261.81244670342
2014-08-13 10:00:00,ecl,aggregate_load,96,44,xgboost,47070.61817455022
2014-08-13 11:00:00,ecl,aggregate_load,96,44,xgboost,44676.93637612695
2014-08-13 12:00:00,ecl,aggregate_load,96,44,xgboost,43424.70454808682
2014-08-13 13:00:00,ecl,aggregate_load,96,44,xgboost,39606.00315706883
2014-08-13 14:00:00,ecl,aggregate_load,96,44,xgboost,37142.173626679316
2014-08-13 15:00:00,ecl,aggregate_load,96,44,xgboost,35947.39078857964
2014-08-13 16:00:00,ecl,aggregate_load,96,44,xgboost,39190.115502608525
2014-08-13 17:00:00,ecl,aggregate_load,96,44,xgboost,38695.21325826371
2014-08-13 18:00:00,ecl,aggregate_load,96,44,xgboost,37626.15600173163
2014-08-13 19:00:00,ecl,aggregate_load,96,44,xgboost,39474.63239889025
2014-08-13 20:00:00,ecl,aggregate_load,96,44,xgboost,37535.92782574021
2014-08-13 21:00:00,ecl,aggregate_load,96,44,xgboost,36680.671969208626
2014-08-13 22:00:00,ecl,aggregate_load,96,44,xgboost,42590.16392084839
2014-08-13 23:00:00,ecl,aggregate_load,96,44,xgboost,37672.56597457849
2014-08-14 00:00:00,ecl,aggregate_load,96,44,xgboost,31740.22072733162
2014-08-14 01:00:00,ecl,aggregate_load,96,44,xgboost,38145.38020910902
2014-08-14 02:00:00,ecl,aggregate_load,96,44,xgboost,34536.76601164119
2014-08-14 03:00:00,ecl,aggregate_load,96,44,xgboost,32557.0766342674
2014-08-14 04:00:00,ecl,aggregate_load,96,44,xgboost,37019.42111751516
2014-08-14 05:00:00,ecl,aggregate_load,96,44,xgboost,36500.01007706646
2014-08-14 06:00:00,ecl,aggregate_load,96,44,xgboost,33184.052652428574
2014-08-14 07:00:00,ecl,aggregate_load,96,44,xgboost,32623.084733939217
2014-08-14 08:00:00,ecl,aggregate_load,96,44,xgboost,33408.719171464334
2014-08-14 09:00:00,ecl,aggregate_load,96,44,xgboost,38019.913374628195
2014-08-14 10:00:00,ecl,aggregate_load,96,44,xgboost,34431.1805898939
2014-08-14 11:00:00,ecl,aggregate_load,96,44,xgboost,39996.01360775112
2014-08-14 12:00:00,ecl,aggregate_load,96,44,xgboost,31532.968114849034
2014-08-14 13:00:00,ecl,aggregate_load,96,44,xgboost,33563.08202849443
2014-08-14 14:00:00,ecl,aggregate_load,96,44,xgboost,30348.53428493122
2014-08-14 15:00:00,ecl,aggregate_load,96,44,xgboost,32211.775981393166
2014-08-14 16:00:00,ecl,aggregate_load,96,44,xgboost,33054.732075568834
2014-08-14 17:00:00,ecl,aggregate_load,96,44,xgboost,33369.09692575549
2014-08-14 18:00:00,ecl,aggregate_load,96,44,xgboost,29109.386656155915
2014-08-14 19:00:00,ecl,aggregate_load,96,44,xgboost,32371.04759964426
2014-08-14 20:00:00,ecl,aggregate_load,96,44,xgboost,35740.971138467336
2014-08-14 21:00:00,ecl,aggregate_load,96,44,xgboost,38136.54659011811
2014-08-14 22:00:00,ecl,aggregate_load,96,44,xgboost,35767.74264252684
2014-08-14 23:00:00,ecl,aggregate_load,96,44,xgboost,39832.67224699006
2014-08-15 00:00:00,ecl,aggregate_load,96,44,xgboost,38104.43132563724
2014-08-15 01:00:00,ecl,aggregate_load,96,44,xgboost,42789.95506080443
2014-08-15 02:00:00,ecl,aggregate_load,96,44,xgboost,43143.54472695798
2014-08-15 03:00:00,ecl,aggregate_load,96,44,xgboost,38104.4619443414
2014-08-15 04:00:00,ecl,aggregate_load,96,44,xgboost,34488.5831732006
2014-08-15 05:00:00,ecl,aggregate_load,96,44,xgboost,36482.33390702855
2014-08-15 06:00:00,ecl,aggregate_load,96,44,xgboost,39298.57538542158
2014-08-15 07:00:00,ecl,aggregate_load,96,44,xgboost,47550.778170554906
2014-08-15 08:00:00,ecl,aggregate_load,96,44,xgboost,42123.93982679885
2014-08-15 09:00:00,ecl,aggregate_load,96,44,xgboost,41794.458678219096
2014-08-15 10:00:00,ecl,aggregate_load,96,44,xgboost,45486.63604196523
2014-08-15 11:00:00,ecl,aggregate_load,96,44,xgboost,44355.372744877146
2014-08-15 12:00:00,ecl,aggregate_load,96,44,xgboost,35555.50016840379
2014-08-15 13:00:00,ecl,aggregate_load,96,44,xgboost,38368.56841186773
2014-08-15 14:00:00,ecl,aggregate_load,96,44,xgboost,40450.054703581416
2014-08-15 15:00:00,ecl,aggregate_load,96,44,xgboost,45741.84815948035
2014-08-15 16:00:00,ecl,aggregate_load,96,44,xgboost,45185.263004621585
2014-08-15 17:00:00,ecl,aggregate_load,96,44,xgboost,38665.73980745221
2014-08-15 18:00:00,ecl,aggregate_load,96,44,xgboost,42843.01699344472
2014-08-15 19:00:00,ecl,aggregate_load,96,44,xgboost,54653.26287107598
2014-08-15 20:00:00,ecl,aggregate_load,96,44,xgboost,49485.11418003499
2014-08-15 21:00:00,ecl,aggregate_load,96,44,xgboost,50644.16644669883
2014-08-15 22:00:00,ecl,aggregate_load,96,44,xgboost,42636.174969556385
2014-08-15 23:00:00,ecl,aggregate_load,96,44,xgboost,41923.0788390642
2014-08-16 00:00:00,ecl,aggregate_load,96,44,xgboost,36517.80997127427
2014-08-16 01:00:00,ecl,aggregate_load,96,44,xgboost,38185.11147282922
2014-08-16 02:00:00,ecl,aggregate_load,96,44,xgboost,40183.78491428322
2014-08-16 03:00:00,ecl,aggregate_load,96,44,xgboost,40466.29609029019
2014-08-16 04:00:00,ecl,aggregate_load,96,44,xgboost,41858.665351994125
2014-08-16 05:00:00,ecl,aggregate_load,96,44,xgboost,43218.486219285216
2014-08-16 06:00:00,ecl,aggregate_load,96,44,xgboost,44566.72920599477
2014-08-16 07:00:00,ecl,aggregate_load,96,44,xgboost,49867.646608016956
2014-08-16 08:00:00,ecl,aggregate_load,96,44,xgboost,44312.17260394261
2014-08-16 09:00:00,ecl,aggregate_load,96,44,xgboost,44327.542698761645
2014-08-16 10:00:00,ecl,aggregate_load,96,44,xgboost,45332.272396607266
2014-08-16 11:00:00,ecl,aggregate_load,96,44,xgboost,48836.786362018356
2014-08-16 12:00:00,ecl,aggregate_load,96,44,xgboost,49913.649281207145
2014-08-16 13:00:00,ecl,aggregate_load,96,44,xgboost,49135.296035650324
2014-08-16 14:00:00,ecl,aggregate_load,96,44,xgboost,51626.07431175387
2014-08-16 15:00:00,ecl,aggregate_load,96,44,xgboost,50913.45011957372
2014-08-16 16:00:00,ecl,aggregate_load,96,44,xgboost,51319.25767078286
2014-08-16 17:00:00,ecl,aggregate_load,96,44,xgboost,53679.20796669002
2014-08-16 18:00:00,ecl,aggregate_load,96,44,xgboost,57979.587728220526
2014-08-16 19:00:00,ecl,aggregate_load,96,44,xgboost,56236.302869687985
2014-08-16 20:00:00,ecl,aggregate_load,96,44,xgboost,59049.76456542162
2014-08-16 21:00:00,ecl,aggregate_load,96,44,xgboost,58255.77098490968
2014-08-16 22:00:00,ecl,aggregate_load,96,44,xgboost,56309.582280094524
2014-08-16 23:00:00,ecl,aggregate_load,96,44,xgboost,56860.51874882528
2014-08-17 00:00:00,ecl,aggregate_load,96,44,xgboost,51317.10901390648
2014-08-17 01:00:00,ecl,aggregate_load,96,44,xgboost,51645.53179913165
2014-08-17 02:00:00,ecl,aggregate_load,96,44,xgboost,56141.55151508944
2014-08-17 03:00:00,ecl,aggregate_load,96,44,xgboost,57166.338545445506
2014-08-17 04:00:00,ecl,aggregate_load,96,44,xgboost,61731.0611551496
2014-08-17 05:00:00,ecl,aggregate_load,96,44,xgboost,60319.15883690608
2014-08-17 06:00:00,ecl,aggregate_load,96,44,xgboost,59492.322451188
2014-08-17 07:00:00,ecl,aggregate_load,96,44,xgboost,66385.29372511791
2014-08-17 08:00:00,ecl,aggregate_load,96,44,xgboost,61718.94309162253
2014-08-17 09:00:00,ecl,aggregate_load,96,44,xgboost,61277.27797693587
2014-08-17 10:00:00,ecl,aggregate_load,96,44,xgboost,61587.952050908534
2014-08-17 11:00:00,ecl,aggregate_load,96,44,xgboost,73644.14157726399
2014-08-17 12:00:00,ecl,aggregate_load,96,44,xgboost,72396.81126476983
2014-08-17 13:00:00,ecl,aggregate_load,96,44,xgboost,86004.35835000157
2014-08-17 14:00:00,ecl,aggregate_load,96,44,xgboost,75622.29699788766
2014-08-17 15:00:00,ecl,aggregate_load,96,44,xgboost,74913.67845526616
2014-08-17 16:00:00,ecl,aggregate_load,96,44,xgboost,77220.6321897987
2014-08-17 17:00:00,ecl,aggregate_load,96,44,xgboost,76217.48915959311
2014-08-17 18:00:00,ecl,aggregate_load,96,44,xgboost,75990.99196739198
2014-08-17 19:00:00,ecl,aggregate_load,96,44,xgboost,74722.26930981374
2014-08-17 20:00:00,ecl,aggregate_load,96,44,xgboost,79480.13107574196
2014-08-17 21:00:00,ecl,aggregate_load,96,44,xgboost,73591.06217449678
2014-08-17 22:00:00,ecl,aggregate_load,96,44,xgboost,80134.96770524055
2014-08-17 23:00:00,ecl,aggregate_load,96,44,xgboost,74005.59710011113
2014-08-18 00:00:00,ecl,aggregate_load,96,44,xgboost,79450.88209575588
2014-08-18 01:00:00,ecl,aggregate_load,96,44,xgboost,80552.34474530291
2014-08-18 02:00:00,ecl,aggregate_load,96,44,xgboost,83695.96653966985
2014-08-18 03:00:00,ecl,aggregate_load,96,44,xgboost,86742.9532679736
2014-08-18 04:00:00,ecl,aggregate_load,96,44,xgboost,94840.08901705204
2014-08-18 05:00:00,ecl,aggregate_load,96,44,xgboost,89958.12732343488
2014-08-18 06:00:00,ecl,aggregate_load,96,44,xgboost,94424.79292133432
2014-08-18 07:00:00,ecl,aggregate_load,96,44,xgboost,98591.1027054793
2014-08-18 08:00:00,ecl,aggregate_load,96,44,xgboost,93817.98769343064
2014-08-18 09:00:00,ecl,aggregate_load,96,44,xgboost,92363.41816335129
2014-08-18 10:00:00,ecl,aggregate_load,96,44,xgboost,89887.52215128469
2014-08-18 11:00:00,ecl,aggregate_load,96,44,xgboost,89851.7379697706
2014-08-18 12:00:00,ecl,aggregate_load,96,44,xgboost,96930.36800688469
2014-08-18 13:00:00,ecl,aggregate_load,96,44,xgboost,107898.57138214206
2014-08-18 14:00:00,ecl,aggregate_load,96,44,xgboost,104530.97469211806
2014-08-18 15:00:00,ecl,aggregate_load,96,44,xgboost,103599.88060773422
2014-08-18 16:00:00,ecl,aggregate_load,96,44,xgboost,102913.21984425683
2014-08-18 17:00:00,ecl,aggregate_load,96,44,xgboost,107660.10361258608
2014-08-18 18:00:00,ecl,aggregate_load,96,44,xgboost,108259.96781106906
2014-08-18 19:00:00,ecl,aggregate_load,96,44,xgboost,113766.65105468284
2014-08-18 20:00:00,ecl,aggregate_load,96,44,xgboost,89676.75052119179
2014-08-18 21:00:00,ecl,aggregate_load,96,44,xgboost,83935.76353782542
2014-08-18 22:00:00,ecl,aggregate_load,96,44,xgboost,87355.45974735897
2014-08-18 23:00:00,ecl,aggregate_load,96,44,xgboost,95063.83875399391
2014-08-19 00:00:00,ecl,aggregate_load,96,44,xgboost,90899.96028437091
2014-08-19 01:00:00,ecl,aggregate_load,96,44,xgboost,93597.71390394428
2014-08-19 02:00:00,ecl,aggregate_load,96,44,xgboost,98644.07517513026
2014-08-19 03:00:00,ecl,aggregate_load,96,44,xgboost,101543.6282907494
2014-08-19 04:00:00,ecl,aggregate_load,96,44,xgboost,103814.97089106555
2014-08-19 05:00:00,ecl,aggregate_load,96,44,xgboost,104090.8987750961
2014-08-19 06:00:00,ecl,aggregate_load,96,44,xgboost,102271.91551163573
2014-08-19 07:00:00,ecl,aggregate_load,96,44,xgboost,104615.78078049967
2014-08-19 08:00:00,ecl,aggregate_load,96,44,xgboost,99787.68669368215
2014-08-19 09:00:00,ecl,aggregate_load,96,44,xgboost,97309.5742975539
2014-08-19 10:00:00,ecl,aggregate_load,96,44,xgboost,94223.48934517843
2014-08-19 11:00:00,ecl,aggregate_load,96,44,xgboost,78477.33186046699
2014-08-19 12:00:00,ecl,aggregate_load,96,44,xgboost,77625.09211446915
2014-08-19 13:00:00,ecl,aggregate_load,96,44,xgboost,79782.50118472354
2014-08-19 14:00:00,ecl,aggregate_load,96,44,xgboost,83984.00448500535
2014-08-19 15:00:00,ecl,aggregate_load,96,44,xgboost,64233.67606257236
2014-08-19 16:00:00,ecl,aggregate_load,96,44,xgboost,61477.59283965861
2014-08-19 17:00:00,ecl,aggregate_load,96,44,xgboost,92585.76368196844
2014-08-19 18:00:00,ecl,aggregate_load,96,44,xgboost,62095.29896159449
2014-08-19 19:00:00,ecl,aggregate_load,96,44,xgboost,55761.0309529451
2014-08-19 20:00:00,ecl,aggregate_load,96,44,xgboost,47793.49311306254
2014-08-19 21:00:00,ecl,aggregate_load,96,44,xgboost,40772.32160637668
2014-08-19 22:00:00,ecl,aggregate_load,96,44,xgboost,49432.47811643012
2014-08-19 23:00:00,ecl,aggregate_load,96,44,xgboost,44008.77115628929
2014-08-20 00:00:00,ecl,aggregate_load,96,44,xgboost,44441.49803808581
2014-08-20 01:00:00,ecl,aggregate_load,96,44,xgboost,45577.41375748654
2014-08-20 02:00:00,ecl,aggregate_load,96,44,xgboost,45908.26859298573
2014-08-20 03:00:00,ecl,aggregate_load,96,44,xgboost,47163.197265233124
2014-08-20 04:00:00,ecl,aggregate_load,96,44,xgboost,51646.33657945753
2014-08-20 05:00:00,ecl,aggregate_load,96,44,xgboost,51185.37417388009
2014-08-20 06:00:00,ecl,aggregate_load,96,44,xgboost,53534.73652516242
2014-08-20 07:00:00,ecl,aggregate_load,96,44,xgboost,53492.61523085701
2014-08-20 08:00:00,ecl,aggregate_load,96,44,xgboost,49701.001058846225
2014-08-20 09:00:00,ecl,aggregate_load,96,44,xgboost,49969.281887620455
2014-08-20 10:00:00,ecl,aggregate_load,96,44,xgboost,48096.59682143886
2014-08-20 11:00:00,ecl,aggregate_load,96,44,xgboost,46516.989608268865
2014-08-20 12:00:00,ecl,aggregate_load,96,44,xgboost,51318.90219850469
2014-08-20 13:00:00,ecl,aggregate_load,96,44,xgboost,43487.834138329396
2014-08-20 14:00:00,ecl,aggregate_load,96,44,xgboost,52292.37760810391
2014-08-20 15:00:00,ecl,aggregate_load,96,44,xgboost,55362.28595582398
2014-08-20 16:00:00,ecl,aggregate_load,96,44,xgboost,62164.124720650485
2014-08-20 17:00:00,ecl,aggregate_load,96,44,xgboost,57627.65864639037
2014-08-20 18:00:00,ecl,aggregate_load,96,44,xgboost,58145.10098890846
2014-08-20 19:00:00,ecl,aggregate_load,96,44,xgboost,55289.49821710546
2014-08-20 20:00:00,ecl,aggregate_load,96,44,xgboost,49864.01777341382
2014-08-20 21:00:00,ecl,aggregate_load,96,44,xgboost,52628.32654104669
2014-08-20 22:00:00,ecl,aggregate_load,96,44,xgboost,47934.951989982445
2014-08-20 23:00:00,ecl,aggregate_load,96,44,xgboost,44393.13679498314
2014-08-21 00:00:00,ecl,aggregate_load,96,44,xgboost,36210.71999895434
2014-08-21 01:00:00,ecl,aggregate_load,96,44,xgboost,34899.73450689318
2014-08-21 02:00:00,ecl,aggregate_load,96,44,xgboost,35378.66225415415
2014-08-21 03:00:00,ecl,aggregate_load,96,44,xgboost,38911.7258445218
2014-08-21 04:00:00,ecl,aggregate_load,96,44,xgboost,42962.610873951555
2014-08-21 05:00:00,ecl,aggregate_load,96,44,xgboost,43090.747465641405
2014-08-21 06:00:00,ecl,aggregate_load,96,44,xgboost,43416.56322496058
2014-08-21 07:00:00,ecl,aggregate_load,96,44,xgboost,46542.0343163696
2014-08-21 08:00:00,ecl,aggregate_load,96,44,xgboost,43422.592390042686
2014-08-21 09:00:00,ecl,aggregate_load,96,44,xgboost,41443.12315394992
2014-08-21 10:00:00,ecl,aggregate_load,96,44,xgboost,36306.00895747801
2014-08-21 11:00:00,ecl,aggregate_load,96,44,xgboost,36387.315281201176
2014-08-21 12:00:00,ecl,aggregate_load,96,44,xgboost,37914.12557677561
2014-08-21 13:00:00,ecl,aggregate_load,96,44,xgboost,47368.1417741265
2014-08-21 14:00:00,ecl,aggregate_load,96,44,xgboost,47099.99063626609
2014-08-21 15:00:00,ecl,aggregate_load,96,44,xgboost,50301.41897927646
2014-08-21 16:00:00,ecl,aggregate_load,96,44,xgboost,45541.12885652657
2014-08-21 17:00:00,ecl,aggregate_load,96,44,xgboost,44198.33776654791
2014-08-21 18:00:00,ecl,aggregate_load,96,44,xgboost,43416.878430457116
2014-08-21 19:00:00,ecl,aggregate_load,96,44,xgboost,48370.342696555854
2014-08-21 20:00:00,ecl,aggregate_load,96,44,xgboost,35420.46740323524
2014-08-21 21:00:00,ecl,aggregate_load,96,44,xgboost,35137.01471679121
2014-08-21 22:00:00,ecl,aggregate_load,96,44,xgboost,37629.56750625096
2014-08-21 23:00:00,ecl,aggregate_load,96,44,xgboost,35475.76955253839
2014-08-22 00:00:00,ecl,aggregate_load,96,44,xgboost,33451.23605451381
2014-08-22 01:00:00,ecl,aggregate_load,96,44,xgboost,34393.997232278576
2014-08-22 02:00:00,ecl,aggregate_load,96,44,xgboost,31603.822233231942
2014-08-22 03:00:00,ecl,aggregate_load,96,44,xgboost,33305.65562583987
2014-08-22 04:00:00,ecl,aggregate_load,96,44,xgboost,39961.6964348756
2014-08-22 05:00:00,ecl,aggregate_load,96,44,xgboost,36984.83432777758
2014-08-22 06:00:00,ecl,aggregate_load,96,44,xgboost,37078.03984218066
2014-08-22 07:00:00,ecl,aggregate_load,96,44,xgboost,36559.98827872973
2014-08-22 08:00:00,ecl,aggregate_load,96,44,xgboost,34462.37207580622
2014-08-22 09:00:00,ecl,aggregate_load,96,44,xgboost,33852.52120457224
2014-08-22 10:00:00,ecl,aggregate_load,96,44,xgboost,32093.478300257848
2014-08-22 11:00:00,ecl,aggregate_load,96,44,xgboost,30646.101886306253
2014-08-22 12:00:00,ecl,aggregate_load,96,44,xgboost,29013.14218912723
2014-08-22 13:00:00,ecl,aggregate_load,96,44,xgboost,35787.935545516
2014-08-22 14:00:00,ecl,aggregate_load,96,44,xgboost,33524.27661221127
2014-08-22 15:00:00,ecl,aggregate_load,96,44,xgboost,32695.136506819836
2014-08-22 16:00:00,ecl,aggregate_load,96,44,xgboost,33464.46963439891
2014-08-22 17:00:00,ecl,aggregate_load,96,44,xgboost,33619.56846817418
2014-08-22 18:00:00,ecl,aggregate_load,96,44,xgboost,42358.39604892693
2014-08-22 19:00:00,ecl,aggregate_load,96,44,xgboost,41580.814636905445
2014-08-22 20:00:00,ecl,aggregate_load,96,44,xgboost,42068.964839327295
2014-08-22 21:00:00,ecl,aggregate_load,96,44,xgboost,38944.5234803282
2014-08-22 22:00:00,ecl,aggregate_load,96,44,xgboost,41609.137107957264
2014-08-22 23:00:00,ecl,aggregate_load,96,44,xgboost,42092.04378248923
2014-08-23 00:00:00,ecl,aggregate_load,96,44,xgboost,37750.21956529608
2014-08-23 01:00:00,ecl,aggregate_load,96,44,xgboost,39399.58723586637
2014-08-23 02:00:00,ecl,aggregate_load,96,44,xgboost,37261.81439148291
2014-08-23 03:00:00,ecl,aggregate_load,96,44,xgboost,37520.04195181135
2014-08-23 04:00:00,ecl,aggregate_load,96,44,xgboost,37466.88702960607
2014-08-23 05:00:00,ecl,aggregate_load,96,44,xgboost,39912.011026454544
2014-08-23 06:00:00,ecl,aggregate_load,96,44,xgboost,38023.75026301359
2014-08-23 07:00:00,ecl,aggregate_load,96,44,xgboost,38350.22183989498
2014-08-23 08:00:00,ecl,aggregate_load,96,44,xgboost,36392.201976251636
2014-08-23 09:00:00,ecl,aggregate_load,96,44,xgboost,35530.20644263953
2014-08-23 10:00:00,ecl,aggregate_load,96,44,xgboost,39533.79540702932
2014-08-23 11:00:00,ecl,aggregate_load,96,44,xgboost,37565.980735491736
2014-08-23 12:00:00,ecl,aggregate_load,96,44,xgboost,35461.454361816235
2014-08-23 13:00:00,ecl,aggregate_load,96,44,xgboost,34554.06361269223
2014-08-23 14:00:00,ecl,aggregate_load,96,44,xgboost,36896.68359229087
2014-08-23 15:00:00,ecl,aggregate_load,96,44,xgboost,35883.286177543494
2014-08-23 16:00:00,ecl,aggregate_load,96,44,xgboost,39837.429519685975
2014-08-23 17:00:00,ecl,aggregate_load,96,44,xgboost,43511.18855006129
2014-08-23 18:00:00,ecl,aggregate_load,96,44,xgboost,42753.20482784858
2014-08-23 19:00:00,ecl,aggregate_load,96,44,xgboost,45603.660967487405
2014-08-23 20:00:00,ecl,aggregate_load,96,44,xgboost,42234.256012816506
2014-08-23 21:00:00,ecl,aggregate_load,96,44,xgboost,50076.13593931153
2014-08-23 22:00:00,ecl,aggregate_load,96,44,xgboost,48170.1393456016
2014-08-23 23:00:00,ecl,aggregate_load,96,44,xgboost,53670.56498751118
2014-08-24 00:00:00,ecl,aggregate_load,96,44,xgboost,51250.9226500132
2014-08-24 01:00:00,ecl,aggregate_load,96,44,xgboost,53780.364429087735
2014-08-24 02:00:00,ecl,aggregate_load,96,44,xgboost,50417.38536080141
2014-08-24 03:00:00,ecl,aggregate_load,96,44,xgboost,45263.97919031217
2014-08-24 04:00:00,ecl,aggregate_load,96,44,xgboost,45603.98784593341
2014-08-24 05:00:00,ecl,aggregate_load,96,44,xgboost,44856.71190005764
2014-08-24 06:00:00,ecl,aggregate_load,96,44,xgboost,45824.644239435576
2014-08-24 07:00:00,ecl,aggregate_load,96,44,xgboost,50352.78958707708
2014-08-24 08:00:00,ecl,aggregate_load,96,44,xgboost,47982.14642401387
2014-08-24 09:00:00,ecl,aggregate_load,96,44,xgboost,45682.05209838069
2014-08-24 10:00:00,ecl,aggregate_load,96,44,xgboost,49056.04122210102
2014-08-24 11:00:00,ecl,aggregate_load,96,44,xgboost,45559.49602501011
2014-08-24 12:00:00,ecl,aggregate_load,96,44,xgboost,56966.01053511965
2014-08-24 13:00:00,ecl,aggregate_load,96,44,xgboost,52552.49494573105
2014-08-24 14:00:00,ecl,aggregate_load,96,44,xgboost,59270.87290325543
2014-08-24 15:00:00,ecl,aggregate_load,96,44,xgboost,57774.60015320639
2014-08-24 16:00:00,ecl,aggregate_load,96,44,xgboost,51599.7052620134
2014-08-24 17:00:00,ecl,aggregate_load,96,44,xgboost,53185.99951116025
2014-08-24 18:00:00,ecl,aggregate_load,96,44,xgboost,60063.73333799105
2014-08-24 19:00:00,ecl,aggregate_load,96,44,xgboost,63048.90481473808
2014-08-24 20:00:00,ecl,aggregate_load,96,44,xgboost,69598.5777044893
2014-08-24 21:00:00,ecl,aggregate_load,96,44,xgboost,85330.4354337917
2014-08-24 22:00:00,ecl,aggregate_load,96,44,xgboost,85189.30665927092
2014-08-24 23:00:00,ecl,aggregate_load,96,44,xgboost,101577.5180144125
2014-08-25 00:00:00,ecl,aggregate_load,96,44,xgboost,99304.12866267383
2014-08-25 01:00:00,ecl,aggregate_load,96,44,xgboost,101465.85226909228
2014-08-25 02:00:00,ecl,aggregate_load,96,44,xgboost,99343.87405956136
2014-08-25 03:00:00,ecl,aggregate_load,96,44,xgboost,96196.23725302308
2014-08-25 04:00:00,ecl,aggregate_load,96,44,xgboost,79391.36260991845
2014-08-25 05:00:00,ecl,aggregate_load,96,44,xgboost,88108.99666932435
2014-08-25 06:00:00,ecl,aggregate_load,96,44,xgboost,90268.64668772543
2014-08-25 07:00:00,ecl,aggregate_load,96,44,xgboost,91676.13847819487
2014-08-25 08:00:00,ecl,aggregate_load,96,44,xgboost,94238.52783156105
2014-08-25 09:00:00,ecl,aggregate_load,96,44,xgboost,89797.215144018
2014-08-25 10:00:00,ecl,aggregate_load,96,44,xgboost,87055.3268333809
2014-08-25 11:00:00,ecl,aggregate_load,96,44,xgboost,77565.53029805321
2014-08-25 12:00:00,ecl,aggregate_load,96,44,xgboost,71492.72497985205
2014-08-25 13:00:00,ecl,aggregate_load,96,44,xgboost,48871.58852179273
2014-08-25 14:00:00,ecl,aggregate_load,96,44,xgboost,50179.55858170794
2014-08-25 15:00:00,ecl,aggregate_load,96,44,xgboost,56465.348698670794
2014-08-25 16:00:00,ecl,aggregate_load,96,44,xgboost,52851.91429592437
2014-08-25 17:00:00,ecl,aggregate_load,96,44,xgboost,45777.23984225092
2014-08-25 18:00:00,ecl,aggregate_load,96,44,xgboost,49608.10309740878
2014-08-25 19:00:00,ecl,aggregate_load,96,44,xgboost,44570.97774757875
2014-08-25 20:00:00,ecl,aggregate_load,96,44,xgboost,50610.95315715657
2014-08-25 21:00:00,ecl,aggregate_load,96,44,xgboost,65352.25810837819
2014-08-25 22:00:00,ecl,aggregate_load,96,44,xgboost,60963.38304757179
2014-08-25 23:00:00,ecl,aggregate_load,96,44,xgboost,70397.60733684053
2014-08-26 00:00:00,ecl,aggregate_load,96,44,xgboost,72245.183296269
2014-08-26 01:00:00,ecl,aggregate_load,96,44,xgboost,76186.60977578505
2014-08-26 02:00:00,ecl,aggregate_load,96,44,xgboost,67451.27653847217
2014-08-26 03:00:00,ecl,aggregate_load,96,44,xgboost,69944.37001189176
2014-08-26 04:00:00,ecl,aggregate_load,96,44,xgboost,66552.6139673099
2014-08-26 05:00:00,ecl,aggregate_load,96,44,xgboost,67497.0336657491
2014-08-26 06:00:00,ecl,aggregate_load,96,44,xgboost,64397.462950379675
2014-08-26 07:00:00,ecl,aggregate_load,96,44,xgboost,73858.60508578691
2014-08-26 08:00:00,ecl,aggregate_load,96,44,xgboost,69251.14366261395
2014-08-26 09:00:00,ecl,aggregate_load,96,44,xgboost,65048.10916928432
2014-08-26 10:00:00,ecl,aggregate_load,96,44,xgboost,61904.97372238276
2014-08-26 11:00:00,ecl,aggregate_load,96,44,xgboost,58867.08328180687
2014-08-26 12:00:00,ecl,aggregate_load,96,44,xgboost,39262.4293305775
2014-08-26 13:00:00,ecl,aggregate_load,96,44,xgboost,43038.860508316895
2014-08-26 14:00:00,ecl,aggregate_load,96,44,xgboost,39563.35551209126
2014-08-26 15:00:00,ecl,aggregate_load,96,44,xgboost,30090.521356571397
2014-08-26 16:00:00,ecl,aggregate_load,96,44,xgboost,30852.140132790693
2014-08-26 17:00:00,ecl,aggregate_load,96,44,xgboost,37235.45741110416
2014-08-26 18:00:00,ecl,aggregate_load,96,44,xgboost,31156.36630637836
2014-08-26 19:00:00,ecl,aggregate_load,96,44,xgboost,42481.82088662716
2014-08-26 20:00:00,ecl,aggregate_load,96,44,xgboost,33972.429128355674
2014-08-26 21:00:00,ecl,aggregate_load,96,44,xgboost,32778.164032906265
2014-08-26 22:00:00,ecl,aggregate_load,96,44,xgboost,40150.6776204381
2014-08-26 23:00:00,ecl,aggregate_load,96,44,xgboost,42924.29493175531
2014-08-27 00:00:00,ecl,aggregate_load,96,44,xgboost,32116.22384941712
2014-08-27 01:00:00,ecl,aggregate_load,96,44,xgboost,31768.874178096576
2014-08-27 02:00:00,ecl,aggregate_load,96,44,xgboost,36876.70235141817
2014-08-27 03:00:00,ecl,aggregate_load,96,44,xgboost,39451.832772183625
2014-08-27 04:00:00,ecl,aggregate_load,96,44,xgboost,42503.99439702667
2014-08-27 05:00:00,ecl,aggregate_load,96,44,xgboost,42092.68120879851
2014-08-27 06:00:00,ecl,aggregate_load,96,44,xgboost,39654.04738638468
2014-08-27 07:00:00,ecl,aggregate_load,96,44,xgboost,43267.88842704715
2014-08-27 08:00:00,ecl,aggregate_load,96,44,xgboost,44313.88806380155
2014-08-27 09:00:00,ecl,aggregate_load,96,44,xgboost,40703.58364620066
2014-08-27 10:00:00,ecl,aggregate_load,96,44,xgboost,41003.49388261019
2014-08-27 11:00:00,ecl,aggregate_load,96,44,xgboost,41646.61058394291
2014-08-27 12:00:00,ecl,aggregate_load,96,44,xgboost,39136.98636175075
2014-08-27 13:00:00,ecl,aggregate_load,96,44,xgboost,43086.971760685476
2014-08-27 14:00:00,ecl,aggregate_load,96,44,xgboost,42888.80370829513
2014-08-27 15:00:00,ecl,aggregate_load,96,44,xgboost,50362.08886897322
2014-08-27 16:00:00,ecl,aggregate_load,96,44,xgboost,59746.006842454684
2014-08-27 17:00:00,ecl,aggregate_load,96,44,xgboost,52830.03359095756
2014-08-27 18:00:00,ecl,aggregate_load,96,44,xgboost,43545.76876738601
2014-08-27 19:00:00,ecl,aggregate_load,96,44,xgboost,55431.0197317147
2014-08-27 20:00:00,ecl,aggregate_load,96,44,xgboost,53066.87822592632
2014-08-27 21:00:00,ecl,aggregate_load,96,44,xgboost,51408.46101255972
2014-08-27 22:00:00,ecl,aggregate_load,96,44,xgboost,46346.734105614254
2014-08-27 23:00:00,ecl,aggregate_load,96,44,xgboost,49018.96626420209
2014-08-28 00:00:00,ecl,aggregate_load,96,44,xgboost,35611.82044440275
2014-08-28 01:00:00,ecl,aggregate_load,96,44,xgboost,34593.35834196695
2014-08-28 02:00:00,ecl,aggregate_load,96,44,xgboost,34366.98858821335
2014-08-28 03:00:00,ecl,aggregate_load,96,44,xgboost,37119.81129748613
2014-08-28 04:00:00,ecl,aggregate_load,96,44,xgboost,39265.03618993804
2014-08-28 05:00:00,ecl,aggregate_load,96,44,xgboost,38600.37952052743
2014-08-28 06:00:00,ecl,aggregate_load,96,44,xgboost,38481.15580679124
2014-08-28 07:00:00,ecl,aggregate_load,96,44,xgboost,40840.88916172133
2014-08-28 08:00:00,ecl,aggregate_load,96,44,xgboost,33779.65653644583
2014-08-28 09:00:00,ecl,aggregate_load,96,44,xgboost,31356.718325687598
2014-08-28 10:00:00,ecl,aggregate_load,96,44,xgboost,31825.52416782989
2014-08-28 11:00:00,ecl,aggregate_load,96,44,xgboost,30920.16006131034
2014-08-28 12:00:00,ecl,aggregate_load,96,44,xgboost,31636.419449303565
2014-08-28 13:00:00,ecl,aggregate_load,96,44,xgboost,44858.216587971685
2014-08-28 14:00:00,ecl,aggregate_load,96,44,xgboost,41954.345599021624
2014-08-28 15:00:00,ecl,aggregate_load,96,44,xgboost,36418.12734977296
2014-08-28 16:00:00,ecl,aggregate_load,96,44,xgboost,53542.17486777242
2014-08-28 17:00:00,ecl,aggregate_load,96,44,xgboost,56747.65459862881
2014-08-28 18:00:00,ecl,aggregate_load,96,44,xgboost,57531.50457585083
2014-08-28 19:00:00,ecl,aggregate_load,96,44,xgboost,54258.355446023714
2014-08-28 20:00:00,ecl,aggregate_load,96,44,xgboost,47803.21456955259
2014-08-28 21:00:00,ecl,aggregate_load,96,44,xgboost,41350.539406280215
2014-08-28 22:00:00,ecl,aggregate_load,96,44,xgboost,43398.31134284825
2014-08-28 23:00:00,ecl,aggregate_load,96,44,xgboost,45129.83568830034
2014-08-29 00:00:00,ecl,aggregate_load,96,44,xgboost,31767.058250492362
2014-08-29 01:00:00,ecl,aggregate_load,96,44,xgboost,35403.39549862377
2014-08-29 02:00:00,ecl,aggregate_load,96,44,xgboost,32207.93596056273
2014-08-29 03:00:00,ecl,aggregate_load,96,44,xgboost,34760.729157715105
2014-08-29 04:00:00,ecl,aggregate_load,96,44,xgboost,39580.42031978135
2014-08-29 05:00:00,ecl,aggregate_load,96,44,xgboost,38502.81959574298
2014-08-29 06:00:00,ecl,aggregate_load,96,44,xgboost,37040.1961526879
2014-08-29 07:00:00,ecl,aggregate_load,96,44,xgboost,36940.52560981876
2014-08-29 08:00:00,ecl,aggregate_load,96,44,xgboost,35099.344460630935
2014-08-29 09:00:00,ecl,aggregate_load,96,44,xgboost,36528.82521510925
2014-08-29 10:00:00,ecl,aggregate_load,96,44,xgboost,31603.363562973227
2014-08-29 11:00:00,ecl,aggregate_load,96,44,xgboost,34810.20666521432
2014-08-29 12:00:00,ecl,aggregate_load,96,44,xgboost,32713.368454579842
2014-08-29 13:00:00,ecl,aggregate_load,96,44,xgboost,32924.24885779098
2014-08-29 14:00:00,ecl,aggregate_load,96,44,xgboost,32211.431016060098
2014-08-29 15:00:00,ecl,aggregate_load,96,44,xgboost,34012.03450614191
2014-08-29 16:00:00,ecl,aggregate_load,96,44,xgboost,32269.376362195355
2014-08-29 17:00:00,ecl,aggregate_load,96,44,xgboost,33754.72072354038
2014-08-29 18:00:00,ecl,aggregate_load,96,44,xgboost,37317.00246130746
2014-08-29 19:00:00,ecl,aggregate_load,96,44,xgboost,39736.98252272298
2014-08-29 20:00:00,ecl,aggregate_load,96,44,xgboost,33220.87048716764
2014-08-29 21:00:00,ecl,aggregate_load,96,44,xgboost,31905.318582786287
2014-08-29 22:00:00,ecl,aggregate_load,96,44,xgboost,26598.57165977503
2014-08-29 23:00:00,ecl,aggregate_load,96,44,xgboost,31051.572923286465
2014-08-30 00:00:00,ecl,aggregate_load,96,44,xgboost,29507.11129605313
2014-08-30 01:00:00,ecl,aggregate_load,96,44,xgboost,32319.019744935835
2014-08-30 02:00:00,ecl,aggregate_load,96,44,xgboost,32807.07128991324
2014-08-30 03:00:00,ecl,aggregate_load,96,44,xgboost,32571.152364106452
2014-08-30 04:00:00,ecl,aggregate_load,96,44,xgboost,31642.93896826735
2014-08-30 05:00:00,ecl,aggregate_load,96,44,xgboost,32288.81279794304
2014-08-30 06:00:00,ecl,aggregate_load,96,44,xgboost,32078.638671243785
2014-08-30 07:00:00,ecl,aggregate_load,96,44,xgboost,32455.261652500485
2014-08-30 08:00:00,ecl,aggregate_load,96,44,xgboost,31567.204529015824
2014-08-30 09:00:00,ecl,aggregate_load,96,44,xgboost,30465.44012452115
2014-08-30 10:00:00,ecl,aggregate_load,96,44,xgboost,37734.32585827397
2014-08-30 11:00:00,ecl,aggregate_load,96,44,xgboost,34857.721526898684
2014-08-30 12:00:00,ecl,aggregate_load,96,44,xgboost,29759.72451852164
2014-08-30 13:00:00,ecl,aggregate_load,96,44,xgboost,29702.78258738559
2014-08-30 14:00:00,ecl,aggregate_load,96,44,xgboost,27146.385066063423
2014-08-30 15:00:00,ecl,aggregate_load,96,44,xgboost,27707.250924344957
2014-08-30 16:00:00,ecl,aggregate_load,96,44,xgboost,29419.13877183229
2014-08-30 17:00:00,ecl,aggregate_load,96,44,xgboost,30347.133208657313
2014-08-30 18:00:00,ecl,aggregate_load,96,44,xgboost,31182.556510429637
2014-08-30 19:00:00,ecl,aggregate_load,96,44,xgboost,33223.48839629957
2014-08-30 20:00:00,ecl,aggregate_load,96,44,xgboost,35765.739188362524
2014-08-30 21:00:00,ecl,aggregate_load,96,44,xgboost,46129.37862955224
2014-08-30 22:00:00,ecl,aggregate_load,96,44,xgboost,43404.11763281622
2014-08-30 23:00:00,ecl,aggregate_load,96,44,xgboost,44300.24223759528
2014-08-31 00:00:00,ecl,aggregate_load,96,44,xgboost,40628.056289436434
2014-08-31 01:00:00,ecl,aggregate_load,96,44,xgboost,43187.190716980556
2014-08-31 02:00:00,ecl,aggregate_load,96,44,xgboost,45038.423890885744
2014-08-31 03:00:00,ecl,aggregate_load,96,44,xgboost,44976.05657945419
2014-08-31 04:00:00,ecl,aggregate_load,96,44,xgboost,44869.09207896502
2014-08-31 05:00:00,ecl,aggregate_load,96,44,xgboost,44786.249006787206
2014-08-31 06:00:00,ecl,aggregate_load,96,44,xgboost,42084.86326214247
2014-08-31 07:00:00,ecl,aggregate_load,96,44,xgboost,45654.855433611985
2014-08-31 08:00:00,ecl,aggregate_load,96,44,xgboost,45746.26933147048
2014-08-31 09:00:00,ecl,aggregate_load,96,44,xgboost,41798.29814277382
2014-08-31 10:00:00,ecl,aggregate_load,96,44,xgboost,39591.00285960641
2014-08-31 11:00:00,ecl,aggregate_load,96,44,xgboost,41729.357074570515
2014-08-31 12:00:00,ecl,aggregate_load,96,44,xgboost,39470.14653957434
2014-08-31 13:00:00,ecl,aggregate_load,96,44,xgboost,35314.60887776898
2014-08-31 14:00:00,ecl,aggregate_load,96,44,xgboost,39475.84593531631
2014-08-31 15:00:00,ecl,aggregate_load,96,44,xgboost,40657.333494621795
2014-08-31 16:00:00,ecl,aggregate_load,96,44,xgboost,45339.95527552014
2014-08-31 17:00:00,ecl,aggregate_load,96,44,xgboost,42466.2751720914
2014-08-31 18:00:00,ecl,aggregate_load,96,44,xgboost,43430.57930577777
2014-08-31 19:00:00,ecl,aggregate_load,96,44,xgboost,43523.78191882217
2014-08-31 20:00:00,ecl,aggregate_load,96,44,xgboost,41654.21250629831
2014-08-31 21:00:00,ecl,aggregate_load,96,44,xgboost,38390.849575615655
2014-08-31 22:00:00,ecl,aggregate_load,96,44,xgboost,45219.037898448354
2014-08-31 23:00:00,ecl,aggregate_load,96,44,xgboost,46322.09073022361
2014-09-01 00:00:00,ecl,aggregate_load,96,44,xgboost,62424.27497879622
2014-09-01 01:00:00,ecl,aggregate_load,96,44,xgboost,63672.03368878324
2014-09-01 02:00:00,ecl,aggregate_load,96,44,xgboost,67661.25858342928
2014-09-01 03:00:00,ecl,aggregate_load,96,44,xgboost,62501.89501435801
2014-09-01 04:00:00,ecl,aggregate_load,96,44,xgboost,55852.393477681966
2014-09-01 05:00:00,ecl,aggregate_load,96,44,xgboost,58680.16727611493
2014-09-01 06:00:00,ecl,aggregate_load,96,44,xgboost,56711.116889041565
2014-09-01 07:00:00,ecl,aggregate_load,96,44,xgboost,63933.8722733869
2014-09-01 08:00:00,ecl,aggregate_load,96,44,xgboost,66225.20275144996
2014-09-01 09:00:00,ecl,aggregate_load,96,44,xgboost,58745.883451412104
2014-09-01 10:00:00,ecl,aggregate_load,96,44,xgboost,59524.340938963425
2014-09-01 11:00:00,ecl,aggregate_load,96,44,xgboost,51397.934107171684
2014-09-01 12:00:00,ecl,aggregate_load,96,44,xgboost,36987.07219043765
2014-09-01 13:00:00,ecl,aggregate_load,96,44,xgboost,24724.178123310616
2014-09-01 14:00:00,ecl,aggregate_load,96,44,xgboost,30038.662810628666
2014-09-01 15:00:00,ecl,aggregate_load,96,44,xgboost,26386.36960808487
2014-09-01 16:00:00,ecl,aggregate_load,96,44,xgboost,27135.536398468113
2014-09-01 17:00:00,ecl,aggregate_load,96,44,xgboost,30877.689073040485
2014-09-01 18:00:00,ecl,aggregate_load,96,44,xgboost,22221.29936118844
2014-09-01 19:00:00,ecl,aggregate_load,96,44,xgboost,23975.354053804764
2014-09-01 20:00:00,ecl,aggregate_load,96,44,xgboost,22192.32052499108
2014-09-01 21:00:00,ecl,aggregate_load,96,44,xgboost,23259.56765969491
2014-09-01 22:00:00,ecl,aggregate_load,96,44,xgboost,25207.405550679297
2014-09-01 23:00:00,ecl,aggregate_load,96,44,xgboost,23049.619231679768
2014-09-02 00:00:00,ecl,aggregate_load,96,44,xgboost,24186.414402300026
2014-09-02 01:00:00,ecl,aggregate_load,96,44,xgboost,24705.217451149365
2014-09-02 02:00:00,ecl,aggregate_load,96,44,xgboost,24821.327762923913
2014-09-02 03:00:00,ecl,aggregate_load,96,44,xgboost,23155.642295191443
2014-09-02 04:00:00,ecl,aggregate_load,96,44,xgboost,23427.933234503027
2014-09-02 05:00:00,ecl,aggregate_load,96,44,xgboost,22704.886176007858
2014-09-02 06:00:00,ecl,aggregate_load,96,44,xgboost,25377.938640688644
2014-09-02 07:00:00,ecl,aggregate_load,96,44,xgboost,28998.431523377978
2014-09-02 08:00:00,ecl,aggregate_load,96,44,xgboost,28854.94772273963
2014-09-02 09:00:00,ecl,aggregate_load,96,44,xgboost,25685.57798908338
2014-09-02 10:00:00,ecl,aggregate_load,96,44,xgboost,25758.032161012805
2014-09-02 11:00:00,ecl,aggregate_load,96,44,xgboost,25341.02751050094
2014-09-02 12:00:00,ecl,aggregate_load,96,44,xgboost,30531.06175842139
2014-09-02 13:00:00,ecl,aggregate_load,96,44,xgboost,37037.46311396275
2014-09-02 14:00:00,ecl,aggregate_load,96,44,xgboost,35685.227844164416
2014-09-02 15:00:00,ecl,aggregate_load,96,44,xgboost,29134.06605407588
2014-09-02 16:00:00,ecl,aggregate_load,96,44,xgboost,30683.679493705306
2014-09-02 17:00:00,ecl,aggregate_load,96,44,xgboost,31400.667340322154
2014-09-02 18:00:00,ecl,aggregate_load,96,44,xgboost,29906.334151202598
2014-09-02 19:00:00,ecl,aggregate_load,96,44,xgboost,33807.77923202817
2014-09-02 20:00:00,ecl,aggregate_load,96,44,xgboost,36335.12692667476
2014-09-02 21:00:00,ecl,aggregate_load,96,44,xgboost,34296.811515372625
2014-09-02 22:00:00,ecl,aggregate_load,96,44,xgboost,33260.73728104494
2014-09-02 23:00:00,ecl,aggregate_load,96,44,xgboost,29845.24089256312
2014-09-03 00:00:00,ecl,aggregate_load,96,44,xgboost,34073.98172346019
2014-09-03 01:00:00,ecl,aggregate_load,96,44,xgboost,36515.1346549368
2014-09-03 02:00:00,ecl,aggregate_load,96,44,xgboost,34604.42523447029
2014-09-03 03:00:00,ecl,aggregate_load,96,44,xgboost,35079.22366540612
2014-09-03 04:00:00,ecl,aggregate_load,96,44,xgboost,35062.337582324515
2014-09-03 05:00:00,ecl,aggregate_load,96,44,xgboost,32674.017098346918
2014-09-03 06:00:00,ecl,aggregate_load,96,44,xgboost,33290.619608627465
2014-09-03 07:00:00,ecl,aggregate_load,96,44,xgboost,35110.40071491316
2014-09-03 08:00:00,ecl,aggregate_load,96,44,xgboost,33736.85183223541
2014-09-03 09:00:00,ecl,aggregate_load,96,44,xgboost,36024.533664896844
2014-09-03 10:00:00,ecl,aggregate_load,96,44,xgboost,36152.70064960083
2014-09-03 11:00:00,ecl,aggregate_load,96,44,xgboost,37063.76720141587
2014-09-03 12:00:00,ecl,aggregate_load,96,44,xgboost,36484.61347829094
2014-09-03 13:00:00,ecl,aggregate_load,96,44,xgboost,39141.76476772359
2014-09-03 14:00:00,ecl,aggregate_load,96,44,xgboost,44191.74663220748
2014-09-03 15:00:00,ecl,aggregate_load,96,44,xgboost,42649.18334768172
2014-09-03 16:00:00,ecl,aggregate_load,96,44,xgboost,41443.74424039815
2014-09-03 17:00:00,ecl,aggregate_load,96,44,xgboost,37016.27443988783
2014-09-03 18:00:00,ecl,aggregate_load,96,44,xgboost,34772.353215728646
2014-09-03 19:00:00,ecl,aggregate_load,96,44,xgboost,32550.752437897074
2014-09-03 20:00:00,ecl,aggregate_load,96,44,xgboost,35324.79611716626
2014-09-03 21:00:00,ecl,aggregate_load,96,44,xgboost,32760.904809303804
2014-09-03 22:00:00,ecl,aggregate_load,96,44,xgboost,30907.527944889593
2014-09-03 23:00:00,ecl,aggregate_load,96,44,xgboost,21344.32128421983
2014-09-04 00:00:00,ecl,aggregate_load,96,44,xgboost,26928.468839475612
2014-09-04 01:00:00,ecl,aggregate_load,96,44,xgboost,28852.76544775865
2014-09-04 02:00:00,ecl,aggregate_load,96,44,xgboost,26454.83135272583
2014-09-04 03:00:00,ecl,aggregate_load,96,44,xgboost,26278.06859461953
2014-09-04 04:00:00,ecl,aggregate_load,96,44,xgboost,26721.86340309113
2014-09-04 05:00:00,ecl,aggregate_load,96,44,xgboost,28011.12311988298
2014-09-04 06:00:00,ecl,aggregate_load,96,44,xgboost,29479.04775648106
2014-09-04 07:00:00,ecl,aggregate_load,96,44,xgboost,28870.995459404887
2014-09-04 08:00:00,ecl,aggregate_load,96,44,xgboost,27465.319802361413
2014-09-04 09:00:00,ecl,aggregate_load,96,44,xgboost,29298.582707849066
2014-09-04 10:00:00,ecl,aggregate_load,96,44,xgboost,26871.177754196204
2014-09-04 11:00:00,ecl,aggregate_load,96,44,xgboost,28749.23115362517
2014-09-04 12:00:00,ecl,aggregate_load,96,44,xgboost,25757.435098394355
2014-09-04 13:00:00,ecl,aggregate_load,96,44,xgboost,29419.241068596686
2014-09-04 14:00:00,ecl,aggregate_load,96,44,xgboost,31635.284430982978
2014-09-04 15:00:00,ecl,aggregate_load,96,44,xgboost,25927.007665620622
2014-09-04 16:00:00,ecl,aggregate_load,96,44,xgboost,32451.26323565866
2014-09-04 17:00:00,ecl,aggregate_load,96,44,xgboost,34137.90271085651
2014-09-04 18:00:00,ecl,aggregate_load,96,44,xgboost,30938.176203036226
2014-09-04 19:00:00,ecl,aggregate_load,96,44,xgboost,36115.29315768581
2014-09-04 20:00:00,ecl,aggregate_load,96,44,xgboost,36244.75630040519
2014-09-04 21:00:00,ecl,aggregate_load,96,44,xgboost,37077.60257550026
2014-09-04 22:00:00,ecl,aggregate_load,96,44,xgboost,32914.881935478064
2014-09-04 23:00:00,ecl,aggregate_load,96,44,xgboost,33130.98315442478
2014-09-05 00:00:00,ecl,aggregate_load,96,44,xgboost,35745.59657245821
2014-09-05 01:00:00,ecl,aggregate_load,96,44,xgboost,38528.30848191972
2014-09-05 02:00:00,ecl,aggregate_load,96,44,xgboost,36798.11661894577
2014-09-05 03:00:00,ecl,aggregate_load,96,44,xgboost,32135.778356398445
2014-09-05 04:00:00,ecl,aggregate_load,96,44,xgboost,28184.52176884055
2014-09-05 05:00:00,ecl,aggregate_load,96,44,xgboost,31536.93007426649
2014-09-05 06:00:00,ecl,aggregate_load,96,44,xgboost,32931.64806103827
2014-09-05 07:00:00,ecl,aggregate_load,96,44,xgboost,30861.946903632837
2014-09-05 08:00:00,ecl,aggregate_load,96,44,xgboost,32687.63286284905
2014-09-05 09:00:00,ecl,aggregate_load,96,44,xgboost,32571.77403794952
2014-09-05 10:00:00,ecl,aggregate_load,96,44,xgboost,35813.806534968695
2014-09-05 11:00:00,ecl,aggregate_load,96,44,xgboost,44695.413970441274
2014-09-05 12:00:00,ecl,aggregate_load,96,44,xgboost,40118.54729010715
2014-09-05 13:00:00,ecl,aggregate_load,96,44,xgboost,41141.89445737115
2014-09-05 14:00:00,ecl,aggregate_load,96,44,xgboost,54639.56304890643
2014-09-05 15:00:00,ecl,aggregate_load,96,44,xgboost,52263.212066908985
2014-09-05 16:00:00,ecl,aggregate_load,96,44,xgboost,43329.006282567854
2014-09-05 17:00:00,ecl,aggregate_load,96,44,xgboost,32507.469685256026
2014-09-05 18:00:00,ecl,aggregate_load,96,44,xgboost,34990.684493765526
2014-09-05 19:00:00,ecl,aggregate_load,96,44,xgboost,38614.46465006189
2014-09-05 20:00:00,ecl,aggregate_load,96,44,xgboost,46792.9276517845
2014-09-05 21:00:00,ecl,aggregate_load,96,44,xgboost,38407.39060111193
2014-09-05 22:00:00,ecl,aggregate_load,96,44,xgboost,33870.64483044678
2014-09-05 23:00:00,ecl,aggregate_load,96,44,xgboost,32962.30269264704
2014-09-06 00:00:00,ecl,aggregate_load,96,44,xgboost,46550.05587031812
2014-09-06 01:00:00,ecl,aggregate_load,96,44,xgboost,51918.095525612494
2014-09-06 02:00:00,ecl,aggregate_load,96,44,xgboost,51982.32352995499
2014-09-06 03:00:00,ecl,aggregate_load,96,44,xgboost,50403.400731376976
2014-09-06 04:00:00,ecl,aggregate_load,96,44,xgboost,44936.93176720769
2014-09-06 05:00:00,ecl,aggregate_load,96,44,xgboost,51886.75085051155
2014-09-06 06:00:00,ecl,aggregate_load,96,44,xgboost,42652.44692187397
2014-09-06 07:00:00,ecl,aggregate_load,96,44,xgboost,45627.9302427485
2014-09-06 08:00:00,ecl,aggregate_load,96,44,xgboost,46138.20605482362
2014-09-06 09:00:00,ecl,aggregate_load,96,44,xgboost,43142.999366987635
2014-09-06 10:00:00,ecl,aggregate_load,96,44,xgboost,38187.96328688734
2014-09-06 11:00:00,ecl,aggregate_load,96,44,xgboost,27109.602123936045
2014-09-06 12:00:00,ecl,aggregate_load,96,44,xgboost,27068.621551191714
2014-09-06 13:00:00,ecl,aggregate_load,96,44,xgboost,29048.98731776841
2014-09-06 14:00:00,ecl,aggregate_load,96,44,xgboost,39418.068667755986
2014-09-06 15:00:00,ecl,aggregate_load,96,44,xgboost,30796.11806588816
2014-09-06 16:00:00,ecl,aggregate_load,96,44,xgboost,25636.947596619488
2014-09-06 17:00:00,ecl,aggregate_load,96,44,xgboost,26900.726132455402
2014-09-06 18:00:00,ecl,aggregate_load,96,44,xgboost,28601.273842929342
2014-09-06 19:00:00,ecl,aggregate_load,96,44,xgboost,28778.0475743529
2014-09-06 20:00:00,ecl,aggregate_load,96,44,xgboost,30431.214013596862
2014-09-06 21:00:00,ecl,aggregate_load,96,44,xgboost,28204.634725851833
2014-09-06 22:00:00,ecl,aggregate_load,96,44,xgboost,19685.974117591417
2014-09-06 23:00:00,ecl,aggregate_load,96,44,xgboost,16984.688854055326
2014-09-07 00:00:00,ecl,aggregate_load,96,44,xgboost,15963.146563732835
2014-09-07 01:00:00,ecl,aggregate_load,96,44,xgboost,19964.86153882391
2014-09-07 02:00:00,ecl,aggregate_load,96,44,xgboost,22607.36969427773
2014-09-07 03:00:00,ecl,aggregate_load,96,44,xgboost,22723.040950715415
2014-09-07 04:00:00,ecl,aggregate_load,96,44,xgboost,20168.426694745587
2014-09-07 05:00:00,ecl,aggregate_load,96,44,xgboost,21181.986177445182
2014-09-07 06:00:00,ecl,aggregate_load,96,44,xgboost,20407.794260088765
2014-09-07 07:00:00,ecl,aggregate_load,96,44,xgboost,23329.68601393724
2014-09-07 08:00:00,ecl,aggregate_load,96,44,xgboost,22920.94302197502
2014-09-07 09:00:00,ecl,aggregate_load,96,44,xgboost,21895.074162101748
2014-09-07 10:00:00,ecl,aggregate_load,96,44,xgboost,18698.739643497323
2014-09-07 11:00:00,ecl,aggregate_load,96,44,xgboost,22945.85838967065
2014-09-07 12:00:00,ecl,aggregate_load,96,44,xgboost,20043.929564403476
2014-09-07 13:00:00,ecl,aggregate_load,96,44,xgboost,22868.682576803385
2014-09-07 14:00:00,ecl,aggregate_load,96,44,xgboost,23286.982995655155
2014-09-07 15:00:00,ecl,aggregate_load,96,44,xgboost,22093.096230067244
2014-09-07 16:00:00,ecl,aggregate_load,96,44,xgboost,21971.52865059789
2014-09-07 17:00:00,ecl,aggregate_load,96,44,xgboost,24629.24406197708
2014-09-07 18:00:00,ecl,aggregate_load,96,44,xgboost,23418.33477159409
2014-09-07 19:00:00,ecl,aggregate_load,96,44,xgboost,24332.362351523192
2014-09-07 20:00:00,ecl,aggregate_load,96,44,xgboost,28474.58888204659
2014-09-07 21:00:00,ecl,aggregate_load,96,44,xgboost,27808.932449288808
2014-09-07 22:00:00,ecl,aggregate_load,96,44,xgboost,26334.883078663246
2014-09-07 23:00:00,ecl,aggregate_load,96,44,xgboost,25834.108165557893
2014-09-08 00:00:00,ecl,aggregate_load,96,44,xgboost,23726.225914635186
2014-09-08 01:00:00,ecl,aggregate_load,96,44,xgboost,24091.412665320484
2014-09-08 02:00:00,ecl,aggregate_load,96,44,xgboost,25733.958153225874
2014-09-08 03:00:00,ecl,aggregate_load,96,44,xgboost,22175.21700695802
2014-09-08 04:00:00,ecl,aggregate_load,96,44,xgboost,20206.419505248577
2014-09-08 05:00:00,ecl,aggregate_load,96,44,xgboost,21740.54022402241
2014-09-08 06:00:00,ecl,aggregate_load,96,44,xgboost,21011.397290149867
2014-09-08 07:00:00,ecl,aggregate_load,96,44,xgboost,28630.462235159055
2014-09-08 08:00:00,ecl,aggregate_load,96,44,xgboost,29858.114342786528
2014-09-08 09:00:00,ecl,aggregate_load,96,44,xgboost,28996.30053129347
2014-09-08 10:00:00,ecl,aggregate_load,96,44,xgboost,26532.25977188691
2014-09-08 11:00:00,ecl,aggregate_load,96,44,xgboost,26885.44332609094
2014-09-08 12:00:00,ecl,aggregate_load,96,44,xgboost,31924.738247274716
2014-09-08 13:00:00,ecl,aggregate_load,96,44,xgboost,31844.07487195638
2014-09-08 14:00:00,ecl,aggregate_load,96,44,xgboost,36319.84146396863
2014-09-08 15:00:00,ecl,aggregate_load,96,44,xgboost,29591.85895632704
2014-09-08 16:00:00,ecl,aggregate_load,96,44,xgboost,24313.701984152274
2014-09-08 17:00:00,ecl,aggregate_load,96,44,xgboost,24059.341106723226
2014-09-08 18:00:00,ecl,aggregate_load,96,44,xgboost,29386.957649608714
2014-09-08 19:00:00,ecl,aggregate_load,96,44,xgboost,24571.78679165603
2014-09-08 20:00:00,ecl,aggregate_load,96,44,xgboost,28280.50980972289
2014-09-08 21:00:00,ecl,aggregate_load,96,44,xgboost,29154.089914030974
2014-09-08 22:00:00,ecl,aggregate_load,96,44,xgboost,26228.086848069284
2014-09-08 23:00:00,ecl,aggregate_load,96,44,xgboost,22493.63628332356
2014-09-09 00:00:00,ecl,aggregate_load,96,44,xgboost,27052.786593741155
2014-09-09 01:00:00,ecl,aggregate_load,96,44,xgboost,24508.826164849637
2014-09-09 02:00:00,ecl,aggregate_load,96,44,xgboost,23291.856393823004
2014-09-09 03:00:00,ecl,aggregate_load,96,44,xgboost,22496.576997759945
2014-09-09 04:00:00,ecl,aggregate_load,96,44,xgboost,23028.145288640673
2014-09-09 05:00:00,ecl,aggregate_load,96,44,xgboost,23432.34328992209
2014-09-09 06:00:00,ecl,aggregate_load,96,44,xgboost,25279.780563923847
2014-09-09 07:00:00,ecl,aggregate_load,96,44,xgboost,24910.161393280374
2014-09-09 08:00:00,ecl,aggregate_load,96,44,xgboost,26825.775167657965
2014-09-09 09:00:00,ecl,aggregate_load,96,44,xgboost,26473.43624092136
2014-09-09 10:00:00,ecl,aggregate_load,96,44,xgboost,22928.38694480994
2014-09-09 11:00:00,ecl,aggregate_load,96,44,xgboost,28223.372403988196
2014-09-09 12:00:00,ecl,aggregate_load,96,44,xgboost,23645.18041764255
2014-09-09 13:00:00,ecl,aggregate_load,96,44,xgboost,27968.49644121202
2014-09-09 14:00:00,ecl,aggregate_load,96,44,xgboost,27727.08557146355
2014-09-09 15:00:00,ecl,aggregate_load,96,44,xgboost,26316.96700155088
2014-09-09 16:00:00,ecl,aggregate_load,96,44,xgboost,23808.295476220363
2014-09-09 17:00:00,ecl,aggregate_load,96,44,xgboost,25477.591986943688
2014-09-09 18:00:00,ecl,aggregate_load,96,44,xgboost,24182.95924055169
2014-09-09 19:00:00,ecl,aggregate_load,96,44,xgboost,23488.96997414897
2014-09-09 20:00:00,ecl,aggregate_load,96,44,xgboost,20860.61397142003
2014-09-09 21:00:00,ecl,aggregate_load,96,44,xgboost,23301.460134897687
2014-09-09 22:00:00,ecl,aggregate_load,96,44,xgboost,22783.06005677702
2014-09-09 23:00:00,ecl,aggregate_load,96,44,xgboost,24328.024522334465
2014-09-10 00:00:00,ecl,aggregate_load,96,44,xgboost,21495.136715796965
2014-09-10 01:00:00,ecl,aggregate_load,96,44,xgboost,24614.185300020166
2014-09-10 02:00:00,ecl,aggregate_load,96,44,xgboost,23870.31743711684
2014-09-10 03:00:00,ecl,aggregate_load,96,44,xgboost,24510.902724296615
2014-09-10 04:00:00,ecl,aggregate_load,96,44,xgboost,24134.01340308069
2014-09-10 05:00:00,ecl,aggregate_load,96,44,xgboost,23315.41055879545
2014-09-10 06:00:00,ecl,aggregate_load,96,44,xgboost,25039.845203028748
2014-09-10 07:00:00,ecl,aggregate_load,96,44,xgboost,23828.16606097222
2014-09-10 08:00:00,ecl,aggregate_load,96,44,xgboost,24728.59944138715
2014-09-10 09:00:00,ecl,aggregate_load,96,44,xgboost,23596.297426273784
2014-09-10 10:00:00,ecl,aggregate_load,96,44,xgboost,24268.80664466736
2014-09-10 11:00:00,ecl,aggregate_load,96,44,xgboost,26611.888062462007
2014-09-10 12:00:00,ecl,aggregate_load,96,44,xgboost,26707.66935164748
2014-09-10 13:00:00,ecl,aggregate_load,96,44,xgboost,25370.445026110072
2014-09-10 14:00:00,ecl,aggregate_load,96,44,xgboost,23699.687351656845
2014-09-10 15:00:00,ecl,aggregate_load,96,44,xgboost,26719.31983477174
2014-09-10 16:00:00,ecl,aggregate_load,96,44,xgboost,25563.114368358456
2014-09-10 17:00:00,ecl,aggregate_load,96,44,xgboost,33487.0847473082
2014-09-10 18:00:00,ecl,aggregate_load,96,44,xgboost,21192.230239322133
2014-09-10 19:00:00,ecl,aggregate_load,96,44,xgboost,24747.916353656754
2014-09-10 20:00:00,ecl,aggregate_load,96,44,xgboost,24762.669496455812
2014-09-10 21:00:00,ecl,aggregate_load,96,44,xgboost,24295.596181585166
2014-09-10 22:00:00,ecl,aggregate_load,96,44,xgboost,26430.334638981207
2014-09-10 23:00:00,ecl,aggregate_load,96,44,xgboost,29037.596312400143
2014-09-11 00:00:00,ecl,aggregate_load,96,44,xgboost,21754.48066837467
2014-09-11 01:00:00,ecl,aggregate_load,96,44,xgboost,25919.77939868657
2014-09-11 02:00:00,ecl,aggregate_load,96,44,xgboost,23815.59713410535
2014-09-11 03:00:00,ecl,aggregate_load,96,44,xgboost,23576.962522081016
2014-09-11 04:00:00,ecl,aggregate_load,96,44,xgboost,23549.463446282436
2014-09-11 05:00:00,ecl,aggregate_load,96,44,xgboost,23534.5216090522
2014-09-11 06:00:00,ecl,aggregate_load,96,44,xgboost,22060.733559702
2014-09-11 07:00:00,ecl,aggregate_load,96,44,xgboost,24351.448573308462
2014-09-11 08:00:00,ecl,aggregate_load,96,44,xgboost,22763.908765331696
2014-09-11 09:00:00,ecl,aggregate_load,96,44,xgboost,23960.049410885924
2014-09-11 10:00:00,ecl,aggregate_load,96,44,xgboost,26304.431248357607
2014-09-11 11:00:00,ecl,aggregate_load,96,44,xgboost,24966.88229250157
2014-09-11 12:00:00,ecl,aggregate_load,96,44,xgboost,24154.736581636138
2014-09-11 13:00:00,ecl,aggregate_load,96,44,xgboost,24598.442232391113
2014-09-11 14:00:00,ecl,aggregate_load,96,44,xgboost,22610.698286986764
2014-09-11 15:00:00,ecl,aggregate_load,96,44,xgboost,19987.89155155422
2014-09-11 16:00:00,ecl,aggregate_load,96,44,xgboost,27963.446152714754
2014-09-11 17:00:00,ecl,aggregate_load,96,44,xgboost,21298.359745365644
2014-09-11 18:00:00,ecl,aggregate_load,96,44,xgboost,21100.766073443057
2014-09-11 19:00:00,ecl,aggregate_load,96,44,xgboost,19884.10136169445
2014-09-11 20:00:00,ecl,aggregate_load,96,44,xgboost,23109.230102366884
2014-09-11 21:00:00,ecl,aggregate_load,96,44,xgboost,23742.051759126956
2014-09-11 22:00:00,ecl,aggregate_load,96,44,xgboost,29559.54381388838
2014-09-11 23:00:00,ecl,aggregate_load,96,44,xgboost,30486.100505992345
2014-09-12 00:00:00,ecl,aggregate_load,96,44,xgboost,23212.541818733658
2014-09-12 01:00:00,ecl,aggregate_load,96,44,xgboost,26446.996618296824
2014-09-12 02:00:00,ecl,aggregate_load,96,44,xgboost,24372.75563843361
2014-09-12 03:00:00,ecl,aggregate_load,96,44,xgboost,24886.39450947597
2014-09-12 04:00:00,ecl,aggregate_load,96,44,xgboost,24123.608695036895
2014-09-12 05:00:00,ecl,aggregate_load,96,44,xgboost,23759.60006374469
2014-09-12 06:00:00,ecl,aggregate_load,96,44,xgboost,25537.4554151132
2014-09-12 07:00:00,ecl,aggregate_load,96,44,xgboost,24389.432689390043
2014-09-12 08:00:00,ecl,aggregate_load,96,44,xgboost,24969.600392999888
2014-09-12 09:00:00,ecl,aggregate_load,96,44,xgboost,28252.91072917842
2014-09-12 10:00:00,ecl,aggregate_load,96,44,xgboost,20572.879046769765
2014-09-12 11:00:00,ecl,aggregate_load,96,44,xgboost,26809.6538200824
2014-09-12 12:00:00,ecl,aggregate_load,96,44,xgboost,28503.494562245458
2014-09-12 13:00:00,ecl,aggregate_load,96,44,xgboost,23536.751845392737
2014-09-12 14:00:00,ecl,aggregate_load,96,44,xgboost,23459.472249169597
2014-09-12 15:00:00,ecl,aggregate_load,96,44,xgboost,20532.70315551368
2014-09-12 16:00:00,ecl,aggregate_load,96,44,xgboost,21083.83031257305
2014-09-12 17:00:00,ecl,aggregate_load,96,44,xgboost,22367.782678860964
2014-09-12 18:00:00,ecl,aggregate_load,96,44,xgboost,22815.535926724464
2014-09-12 19:00:00,ecl,aggregate_load,96,44,xgboost,23789.563749155466
2014-09-12 20:00:00,ecl,aggregate_load,96,44,xgboost,23938.047553304223
2014-09-12 21:00:00,ecl,aggregate_load,96,44,xgboost,27443.267628425456
2014-09-12 22:00:00,ecl,aggregate_load,96,44,xgboost,26845.763427534916
2014-09-12 23:00:00,ecl,aggregate_load,96,44,xgboost,35999.909053515854
2014-09-13 00:00:00,ecl,aggregate_load,96,44,xgboost,29696.937443109768
2014-09-13 01:00:00,ecl,aggregate_load,96,44,xgboost,34183.46793172332
2014-09-13 02:00:00,ecl,aggregate_load,96,44,xgboost,32199.85993820518
2014-09-13 03:00:00,ecl,aggregate_load,96,44,xgboost,32962.90562955258
2014-09-13 04:00:00,ecl,aggregate_load,96,44,xgboost,30852.30727436541
2014-09-13 05:00:00,ecl,aggregate_load,96,44,xgboost,31621.56126270087
2014-09-13 06:00:00,ecl,aggregate_load,96,44,xgboost,29791.623427043523
2014-09-13 07:00:00,ecl,aggregate_load,96,44,xgboost,27643.412332692707
2014-09-13 08:00:00,ecl,aggregate_load,96,44,xgboost,28744.098785476992
2014-09-13 09:00:00,ecl,aggregate_load,96,44,xgboost,30488.190303603526
2014-09-13 10:00:00,ecl,aggregate_load,96,44,xgboost,27535.634392176074
2014-09-13 11:00:00,ecl,aggregate_load,96,44,xgboost,29407.702443592847
2014-09-13 12:00:00,ecl,aggregate_load,96,44,xgboost,36388.40964443202
2014-09-13 13:00:00,ecl,aggregate_load,96,44,xgboost,31279.9869860836
2014-09-13 14:00:00,ecl,aggregate_load,96,44,xgboost,31304.475755340198
2014-09-13 15:00:00,ecl,aggregate_load,96,44,xgboost,29790.016554493614
2014-09-13 16:00:00,ecl,aggregate_load,96,44,xgboost,32344.513261556614
2014-09-13 17:00:00,ecl,aggregate_load,96,44,xgboost,32217.032117613213
2014-09-13 18:00:00,ecl,aggregate_load,96,44,xgboost,31323.531720104384
2014-09-13 19:00:00,ecl,aggregate_load,96,44,xgboost,35638.80679353804
2014-09-13 20:00:00,ecl,aggregate_load,96,44,xgboost,36991.104183305564
2014-09-13 21:00:00,ecl,aggregate_load,96,44,xgboost,38683.12287147415
2014-09-13 22:00:00,ecl,aggregate_load,96,44,xgboost,38353.301307829955
2014-09-13 23:00:00,ecl,aggregate_load,96,44,xgboost,38848.959310053666
2014-09-14 00:00:00,ecl,aggregate_load,96,44,xgboost,40219.816674031616
2014-09-14 01:00:00,ecl,aggregate_load,96,44,xgboost,40017.47762966133
2014-09-14 02:00:00,ecl,aggregate_load,96,44,xgboost,39311.926549558855
2014-09-14 03:00:00,ecl,aggregate_load,96,44,xgboost,40199.10826723182
2014-09-14 04:00:00,ecl,aggregate_load,96,44,xgboost,44067.35841733223
2014-09-14 05:00:00,ecl,aggregate_load,96,44,xgboost,39899.53224166263
2014-09-14 06:00:00,ecl,aggregate_load,96,44,xgboost,37090.447444926016
2014-09-14 07:00:00,ecl,aggregate_load,96,44,xgboost,41510.115995590335
2014-09-14 08:00:00,ecl,aggregate_load,96,44,xgboost,41122.20274803414
2014-09-14 09:00:00,ecl,aggregate_load,96,44,xgboost,41741.158817857904
2014-09-14 10:00:00,ecl,aggregate_load,96,44,xgboost,36105.35808397286
2014-09-14 11:00:00,ecl,aggregate_load,96,44,xgboost,37033.55083954821
2014-09-14 12:00:00,ecl,aggregate_load,96,44,xgboost,45060.52712016204
2014-09-14 13:00:00,ecl,aggregate_load,96,44,xgboost,46840.3390861406
2014-09-14 14:00:00,ecl,aggregate_load,96,44,xgboost,43419.80134372046
2014-09-14 15:00:00,ecl,aggregate_load,96,44,xgboost,44452.139601741124
2014-09-14 16:00:00,ecl,aggregate_load,96,44,xgboost,46399.47102564981
2014-09-14 17:00:00,ecl,aggregate_load,96,44,xgboost,48423.47800708599
2014-09-14 18:00:00,ecl,aggregate_load,96,44,xgboost,52756.00588812632
2014-09-14 19:00:00,ecl,aggregate_load,96,44,xgboost,46435.56950206944
2014-09-14 20:00:00,ecl,aggregate_load,96,44,xgboost,43926.15225252197
2014-09-14 21:00:00,ecl,aggregate_load,96,44,xgboost,47748.52059407424
2014-09-14 22:00:00,ecl,aggregate_load,96,44,xgboost,50658.74712591594
2014-09-14 23:00:00,ecl,aggregate_load,96,44,xgboost,39371.04578227078
2014-09-15 00:00:00,ecl,aggregate_load,96,44,xgboost,39793.24711395779
2014-09-15 01:00:00,ecl,aggregate_load,96,44,xgboost,40073.283553975685
2014-09-15 02:00:00,ecl,aggregate_load,96,44,xgboost,38303.08235462971
2014-09-15 03:00:00,ecl,aggregate_load,96,44,xgboost,38287.74397722788
2014-09-15 04:00:00,ecl,aggregate_load,96,44,xgboost,41302.62570826433
2014-09-15 05:00:00,ecl,aggregate_load,96,44,xgboost,36720.023522024494
2014-09-15 06:00:00,ecl,aggregate_load,96,44,xgboost,34473.228294476045
2014-09-15 07:00:00,ecl,aggregate_load,96,44,xgboost,34805.279495935414
2014-09-15 08:00:00,ecl,aggregate_load,96,44,xgboost,34189.478395227576
2014-09-15 09:00:00,ecl,aggregate_load,96,44,xgboost,33815.63874993157
2014-09-15 10:00:00,ecl,aggregate_load,96,44,xgboost,33610.94367925029
2014-09-15 11:00:00,ecl,aggregate_load,96,44,xgboost,32663.68390882397
2014-09-15 12:00:00,ecl,aggregate_load,96,44,xgboost,40156.87719478875
2014-09-15 13:00:00,ecl,aggregate_load,96,44,xgboost,58229.386329321635
2014-09-15 14:00:00,ecl,aggregate_load,96,44,xgboost,56541.57097331387
2014-09-15 15:00:00,ecl,aggregate_load,96,44,xgboost,50711.17970470645
2014-09-15 16:00:00,ecl,aggregate_load,96,44,xgboost,49202.274876895266
2014-09-15 17:00:00,ecl,aggregate_load,96,44,xgboost,68073.34309691325
2014-09-15 18:00:00,ecl,aggregate_load,96,44,xgboost,56591.52671207936
2014-09-15 19:00:00,ecl,aggregate_load,96,44,xgboost,52927.61053146736
2014-09-15 20:00:00,ecl,aggregate_load,96,44,xgboost,38050.4577608785
2014-09-15 21:00:00,ecl,aggregate_load,96,44,xgboost,42737.4795521322
2014-09-15 22:00:00,ecl,aggregate_load,96,44,xgboost,45993.41069574931
2014-09-15 23:00:00,ecl,aggregate_load,96,44,xgboost,45270.11158319679
2014-09-16 00:00:00,ecl,aggregate_load,96,44,xgboost,41331.399572116265
2014-09-16 01:00:00,ecl,aggregate_load,96,44,xgboost,43303.37044491033
2014-09-16 02:00:00,ecl,aggregate_load,96,44,xgboost,42994.903052330745
2014-09-16 03:00:00,ecl,aggregate_load,96,44,xgboost,44970.88798476615
2014-09-16 04:00:00,ecl,aggregate_load,96,44,xgboost,43769.275131662165
2014-09-16 05:00:00,ecl,aggregate_load,96,44,xgboost,43576.80614015854
2014-09-16 06:00:00,ecl,aggregate_load,96,44,xgboost,42395.33440409648
2014-09-16 07:00:00,ecl,aggregate_load,96,44,xgboost,44417.782255038685
2014-09-16 08:00:00,ecl,aggregate_load,96,44,xgboost,43690.36367054176
2014-09-16 09:00:00,ecl,aggregate_load,96,44,xgboost,44772.846855815034
2014-09-16 10:00:00,ecl,aggregate_load,96,44,xgboost,43385.87956867087
2014-09-16 11:00:00,ecl,aggregate_load,96,44,xgboost,44347.07945732216
2014-09-16 12:00:00,ecl,aggregate_load,96,44,xgboost,45544.82136336595
2014-09-16 13:00:00,ecl,aggregate_load,96,44,xgboost,55317.48286150718
2014-09-16 14:00:00,ecl,aggregate_load,96,44,xgboost,58107.116268587124
2014-09-16 15:00:00,ecl,aggregate_load,96,44,xgboost,47333.83046232453
2014-09-16 16:00:00,ecl,aggregate_load,96,44,xgboost,49028.07498442346
2014-09-16 17:00:00,ecl,aggregate_load,96,44,xgboost,54360.45776882822
2014-09-16 18:00:00,ecl,aggregate_load,96,44,xgboost,55553.95281030813
2014-09-16 19:00:00,ecl,aggregate_load,96,44,xgboost,36510.65189126683
2014-09-16 20:00:00,ecl,aggregate_load,96,44,xgboost,38601.21106302442
2014-09-16 21:00:00,ecl,aggregate_load,96,44,xgboost,40268.85174306004
2014-09-16 22:00:00,ecl,aggregate_load,96,44,xgboost,43064.27866129143
2014-09-16 23:00:00,ecl,aggregate_load,96,44,xgboost,38811.67854329099
2014-09-17 00:00:00,ecl,aggregate_load,96,44,xgboost,37517.061967487214
2014-09-17 01:00:00,ecl,aggregate_load,96,44,xgboost,42467.43326597394
2014-09-17 02:00:00,ecl,aggregate_load,96,44,xgboost,43895.15860705861
2014-09-17 03:00:00,ecl,aggregate_load,96,44,xgboost,43612.75116782847
2014-09-17 04:00:00,ecl,aggregate_load,96,44,xgboost,42616.87481960254
2014-09-17 05:00:00,ecl,aggregate_load,96,44,xgboost,44526.256365664514
2014-09-17 06:00:00,ecl,aggregate_load,96,44,xgboost,41200.1812705685
2014-09-17 07:00:00,ecl,aggregate_load,96,44,xgboost,41525.81933910909
2014-09-17 08:00:00,ecl,aggregate_load,96,44,xgboost,41912.43422657731
2014-09-17 09:00:00,ecl,aggregate_load,96,44,xgboost,42550.580418412
2014-09-17 10:00:00,ecl,aggregate_load,96,44,xgboost,44180.25466394328
2014-09-17 11:00:00,ecl,aggregate_load,96,44,xgboost,40243.04840627754
2014-09-17 12:00:00,ecl,aggregate_load,96,44,xgboost,46810.12112288277
2014-09-17 13:00:00,ecl,aggregate_load,96,44,xgboost,46883.61241308157
2014-09-17 14:00:00,ecl,aggregate_load,96,44,xgboost,43441.8620828857
2014-09-17 15:00:00,ecl,aggregate_load,96,44,xgboost,43028.87824843458
2014-09-17 16:00:00,ecl,aggregate_load,96,44,xgboost,36621.45807860596
2014-09-17 17:00:00,ecl,aggregate_load,96,44,xgboost,51119.280082208155
2014-09-17 18:00:00,ecl,aggregate_load,96,44,xgboost,42861.45777007477
2014-09-17 19:00:00,ecl,aggregate_load,96,44,xgboost,28993.944903861917
2014-09-17 20:00:00,ecl,aggregate_load,96,44,xgboost,25911.662995678344
2014-09-17 21:00:00,ecl,aggregate_load,96,44,xgboost,29724.88927008382
2014-09-17 22:00:00,ecl,aggregate_load,96,44,xgboost,42201.75860042623
2014-09-17 23:00:00,ecl,aggregate_load,96,44,xgboost,31905.61083941122
2014-09-18 00:00:00,ecl,aggregate_load,96,44,xgboost,33852.04432718916
2014-09-18 01:00:00,ecl,aggregate_load,96,44,xgboost,37810.793500581865
2014-09-18 02:00:00,ecl,aggregate_load,96,44,xgboost,38609.74080401536
2014-09-18 03:00:00,ecl,aggregate_load,96,44,xgboost,41834.08993637347
2014-09-18 04:00:00,ecl,aggregate_load,96,44,xgboost,46828.55114009487
2014-09-18 05:00:00,ecl,aggregate_load,96,44,xgboost,42389.90526595503
2014-09-18 06:00:00,ecl,aggregate_load,96,44,xgboost,38814.19373982212
2014-09-18 07:00:00,ecl,aggregate_load,96,44,xgboost,44883.866893717925
2014-09-18 08:00:00,ecl,aggregate_load,96,44,xgboost,42417.87285457622
2014-09-18 09:00:00,ecl,aggregate_load,96,44,xgboost,39332.49806828745
2014-09-18 10:00:00,ecl,aggregate_load,96,44,xgboost,40764.68450452451
2014-09-18 11:00:00,ecl,aggregate_load,96,44,xgboost,37276.62966462248
2014-09-18 12:00:00,ecl,aggregate_load,96,44,xgboost,33358.76046410764
2014-09-18 13:00:00,ecl,aggregate_load,96,44,xgboost,32376.92101865681
2014-09-18 14:00:00,ecl,aggregate_load,96,44,xgboost,30969.758078101073
2014-09-18 15:00:00,ecl,aggregate_load,96,44,xgboost,35326.24061194347
2014-09-18 16:00:00,ecl,aggregate_load,96,44,xgboost,30627.144677734203
2014-09-18 17:00:00,ecl,aggregate_load,96,44,xgboost,34621.87692756521
2014-09-18 18:00:00,ecl,aggregate_load,96,44,xgboost,30239.768489585622
2014-09-18 19:00:00,ecl,aggregate_load,96,44,xgboost,29427.58640518443
2014-09-18 20:00:00,ecl,aggregate_load,96,44,xgboost,34434.46046280844
2014-09-18 21:00:00,ecl,aggregate_load,96,44,xgboost,36502.577737750835
2014-09-18 22:00:00,ecl,aggregate_load,96,44,xgboost,32353.476926865173
2014-09-18 23:00:00,ecl,aggregate_load,96,44,xgboost,34508.643147203744
2014-09-19 00:00:00,ecl,aggregate_load,96,44,xgboost,26683.337191361017
2014-09-19 01:00:00,ecl,aggregate_load,96,44,xgboost,30127.151432136347
2014-09-19 02:00:00,ecl,aggregate_load,96,44,xgboost,29089.92222193028
2014-09-19 03:00:00,ecl,aggregate_load,96,44,xgboost,30375.031861796222
2014-09-19 04:00:00,ecl,aggregate_load,96,44,xgboost,33423.81175536132
2014-09-19 05:00:00,ecl,aggregate_load,96,44,xgboost,32043.31009586008
2014-09-19 06:00:00,ecl,aggregate_load,96,44,xgboost,30851.48707943158
2014-09-19 07:00:00,ecl,aggregate_load,96,44,xgboost,30203.674527372845
2014-09-19 08:00:00,ecl,aggregate_load,96,44,xgboost,29640.07464553145
2014-09-19 09:00:00,ecl,aggregate_load,96,44,xgboost,30039.783066957007
2014-09-19 10:00:00,ecl,aggregate_load,96,44,xgboost,28881.09002744124
2014-09-19 11:00:00,ecl,aggregate_load,96,44,xgboost,30337.017523704708
2014-09-19 12:00:00,ecl,aggregate_load,96,44,xgboost,29458.898965833792
2014-09-19 13:00:00,ecl,aggregate_load,96,44,xgboost,32029.57452398876
2014-09-19 14:00:00,ecl,aggregate_load,96,44,xgboost,35548.58770594154
2014-09-19 15:00:00,ecl,aggregate_load,96,44,xgboost,38486.58236393391
2014-09-19 16:00:00,ecl,aggregate_load,96,44,xgboost,37262.20469789458
2014-09-19 17:00:00,ecl,aggregate_load,96,44,xgboost,36814.90996708361
2014-09-19 18:00:00,ecl,aggregate_load,96,44,xgboost,36775.745801590674
2014-09-19 19:00:00,ecl,aggregate_load,96,44,xgboost,32462.77136172884
2014-09-19 20:00:00,ecl,aggregate_load,96,44,xgboost,35444.277174105555
2014-09-19 21:00:00,ecl,aggregate_load,96,44,xgboost,41268.57692691684
2014-09-19 22:00:00,ecl,aggregate_load,96,44,xgboost,44753.90179581519
2014-09-19 23:00:00,ecl,aggregate_load,96,44,xgboost,43484.22051839725
2014-09-20 00:00:00,ecl,aggregate_load,96,44,xgboost,35242.93884593462
2014-09-20 01:00:00,ecl,aggregate_load,96,44,xgboost,38419.62539488905
2014-09-20 02:00:00,ecl,aggregate_load,96,44,xgboost,42797.83752957792
2014-09-20 03:00:00,ecl,aggregate_load,96,44,xgboost,45201.09172444365
2014-09-20 04:00:00,ecl,aggregate_load,96,44,xgboost,50352.94419861236
2014-09-20 05:00:00,ecl,aggregate_load,96,44,xgboost,40952.34304938274
2014-09-20 06:00:00,ecl,aggregate_load,96,44,xgboost,40313.876940655646
2014-09-20 07:00:00,ecl,aggregate_load,96,44,xgboost,37787.993523782636
2014-09-20 08:00:00,ecl,aggregate_load,96,44,xgboost,37543.77191049574
2014-09-20 09:00:00,ecl,aggregate_load,96,44,xgboost,37242.39014312578
2014-09-20 10:00:00,ecl,aggregate_load,96,44,xgboost,37074.42853806566
2014-09-20 11:00:00,ecl,aggregate_load,96,44,xgboost,38989.571894286324
2014-09-20 12:00:00,ecl,aggregate_load,96,44,xgboost,38083.32988684772
2014-09-20 13:00:00,ecl,aggregate_load,96,44,xgboost,33383.935178559266
2014-09-20 14:00:00,ecl,aggregate_load,96,44,xgboost,37827.17942912032
2014-09-20 15:00:00,ecl,aggregate_load,96,44,xgboost,38436.90313138155
2014-09-20 16:00:00,ecl,aggregate_load,96,44,xgboost,38543.5460807171
2014-09-20 17:00:00,ecl,aggregate_load,96,44,xgboost,38014.79314929348
2014-09-20 18:00:00,ecl,aggregate_load,96,44,xgboost,27595.687524849287
2014-09-20 19:00:00,ecl,aggregate_load,96,44,xgboost,24841.307018765572
2014-09-20 20:00:00,ecl,aggregate_load,96,44,xgboost,22871.189934470982
2014-09-20 21:00:00,ecl,aggregate_load,96,44,xgboost,30773.0755195009
2014-09-20 22:00:00,ecl,aggregate_load,96,44,xgboost,33056.488222917375
2014-09-20 23:00:00,ecl,aggregate_load,96,44,xgboost,32345.52347741918
2014-09-21 00:00:00,ecl,aggregate_load,96,44,xgboost,28691.90597240002
2014-09-21 01:00:00,ecl,aggregate_load,96,44,xgboost,32301.786600903823
2014-09-21 02:00:00,ecl,aggregate_load,96,44,xgboost,31549.52291047716
2014-09-21 03:00:00,ecl,aggregate_load,96,44,xgboost,39921.53261964289
2014-09-21 04:00:00,ecl,aggregate_load,96,44,xgboost,48564.32958131158
2014-09-21 05:00:00,ecl,aggregate_load,96,44,xgboost,39691.164542600876
2014-09-21 06:00:00,ecl,aggregate_load,96,44,xgboost,37597.69239056521
2014-09-21 07:00:00,ecl,aggregate_load,96,44,xgboost,36336.27065961371
2014-09-21 08:00:00,ecl,aggregate_load,96,44,xgboost,35590.70974895976
2014-09-21 09:00:00,ecl,aggregate_load,96,44,xgboost,32425.884465196188
2014-09-21 10:00:00,ecl,aggregate_load,96,44,xgboost,30478.60880556695
2014-09-21 11:00:00,ecl,aggregate_load,96,44,xgboost,32961.087010985735
2014-09-21 12:00:00,ecl,aggregate_load,96,44,xgboost,29962.24119780421
2014-09-21 13:00:00,ecl,aggregate_load,96,44,xgboost,30987.72555064343
2014-09-21 14:00:00,ecl,aggregate_load,96,44,xgboost,24846.930536603726
2014-09-21 15:00:00,ecl,aggregate_load,96,44,xgboost,25152.801514853218
2014-09-21 16:00:00,ecl,aggregate_load,96,44,xgboost,30299.74800998863
2014-09-21 17:00:00,ecl,aggregate_load,96,44,xgboost,27788.98033564789
2014-09-21 18:00:00,ecl,aggregate_load,96,44,xgboost,30169.252309022875
2014-09-21 19:00:00,ecl,aggregate_load,96,44,xgboost,22845.173513844795
2014-09-21 20:00:00,ecl,aggregate_load,96,44,xgboost,23729.290534710435
2014-09-21 21:00:00,ecl,aggregate_load,96,44,xgboost,33229.55476445612
2014-09-21 22:00:00,ecl,aggregate_load,96,44,xgboost,32445.093757921164
2014-09-21 23:00:00,ecl,aggregate_load,96,44,xgboost,26456.71614829144
2014-09-22 00:00:00,ecl,aggregate_load,96,44,xgboost,31474.85069784134
2014-09-22 01:00:00,ecl,aggregate_load,96,44,xgboost,32976.377740297925
2014-09-22 02:00:00,ecl,aggregate_load,96,44,xgboost,35313.50924159993
2014-09-22 03:00:00,ecl,aggregate_load,96,44,xgboost,41018.62070904964
2014-09-22 04:00:00,ecl,aggregate_load,96,44,xgboost,56870.13540743899
2014-09-22 05:00:00,ecl,aggregate_load,96,44,xgboost,46782.456094531866
2014-09-22 06:00:00,ecl,aggregate_load,96,44,xgboost,44503.38084719766
2014-09-22 07:00:00,ecl,aggregate_load,96,44,xgboost,46204.8756900013
2014-09-22 08:00:00,ecl,aggregate_load,96,44,xgboost,45703.65306070391
2014-09-22 09:00:00,ecl,aggregate_load,96,44,xgboost,48135.43273524974
2014-09-22 10:00:00,ecl,aggregate_load,96,44,xgboost,43556.98178221465
2014-09-22 11:00:00,ecl,aggregate_load,96,44,xgboost,47769.3753706904
2014-09-22 12:00:00,ecl,aggregate_load,96,44,xgboost,42084.60236929208
2014-09-22 13:00:00,ecl,aggregate_load,96,44,xgboost,34529.65024756885
2014-09-22 14:00:00,ecl,aggregate_load,96,44,xgboost,32869.41214876406
2014-09-22 15:00:00,ecl,aggregate_load,96,44,xgboost,30447.427892706633
2014-09-22 16:00:00,ecl,aggregate_load,96,44,xgboost,31918.54468447388
2014-09-22 17:00:00,ecl,aggregate_load,96,44,xgboost,31238.490732792987
2014-09-22 18:00:00,ecl,aggregate_load,96,44,xgboost,26427.053912344967
2014-09-22 19:00:00,ecl,aggregate_load,96,44,xgboost,23960.854163499407
2014-09-22 20:00:00,ecl,aggregate_load,96,44,xgboost,26447.536554779155
2014-09-22 21:00:00,ecl,aggregate_load,96,44,xgboost,26215.910206825454
2014-09-22 22:00:00,ecl,aggregate_load,96,44,xgboost,28129.175433774184
2014-09-22 23:00:00,ecl,aggregate_load,96,44,xgboost,24200.88690258778
2014-09-23 00:00:00,ecl,aggregate_load,96,44,xgboost,19752.699753598976
2014-09-23 01:00:00,ecl,aggregate_load,96,44,xgboost,20517.699748124465
2014-09-23 02:00:00,ecl,aggregate_load,96,44,xgboost,20345.29384487505
2014-09-23 03:00:00,ecl,aggregate_load,96,44,xgboost,24538.35489954267
2014-09-23 04:00:00,ecl,aggregate_load,96,44,xgboost,25749.49722554356
2014-09-23 05:00:00,ecl,aggregate_load,96,44,xgboost,27173.74418950175
2014-09-23 06:00:00,ecl,aggregate_load,96,44,xgboost,21777.091627847778
2014-09-23 07:00:00,ecl,aggregate_load,96,44,xgboost,21440.563592812458
2014-09-23 08:00:00,ecl,aggregate_load,96,44,xgboost,22742.940161673632
2014-09-23 09:00:00,ecl,aggregate_load,96,44,xgboost,20979.00010888911
2014-09-23 10:00:00,ecl,aggregate_load,96,44,xgboost,20629.54548971628
2014-09-23 11:00:00,ecl,aggregate_load,96,44,xgboost,21560.839103606373
2014-09-23 12:00:00,ecl,aggregate_load,96,44,xgboost,21547.181615622136
2014-09-23 13:00:00,ecl,aggregate_load,96,44,xgboost,30933.422816495262
2014-09-23 14:00:00,ecl,aggregate_load,96,44,xgboost,26150.502769208815
2014-09-23 15:00:00,ecl,aggregate_load,96,44,xgboost,24972.61420745915
2014-09-23 16:00:00,ecl,aggregate_load,96,44,xgboost,27095.04274486908
2014-09-23 17:00:00,ecl,aggregate_load,96,44,xgboost,30774.900397898808
2014-09-23 18:00:00,ecl,aggregate_load,96,44,xgboost,30493.95016679208
2014-09-23 19:00:00,ecl,aggregate_load,96,44,xgboost,24948.137815831793
2014-09-23 20:00:00,ecl,aggregate_load,96,44,xgboost,24668.183720335208
2014-09-23 21:00:00,ecl,aggregate_load,96,44,xgboost,26047.654570517578
2014-09-23 22:00:00,ecl,aggregate_load,96,44,xgboost,25887.313598246827
2014-09-23 23:00:00,ecl,aggregate_load,96,44,xgboost,26686.853778660286
2014-09-24 00:00:00,ecl,aggregate_load,96,44,xgboost,22597.821119237033
2014-09-24 01:00:00,ecl,aggregate_load,96,44,xgboost,25411.348062835994
2014-09-24 02:00:00,ecl,aggregate_load,96,44,xgboost,23420.778774704184
2014-09-24 03:00:00,ecl,aggregate_load,96,44,xgboost,26015.95621749402
2014-09-24 04:00:00,ecl,aggregate_load,96,44,xgboost,28736.58536151369
2014-09-24 05:00:00,ecl,aggregate_load,96,44,xgboost,28795.673078878328
2014-09-24 06:00:00,ecl,aggregate_load,96,44,xgboost,28300.891971770863
2014-09-24 07:00:00,ecl,aggregate_load,96,44,xgboost,26915.03264349398
2014-09-24 08:00:00,ecl,aggregate_load,96,44,xgboost,27502.513819889355
2014-09-24 09:00:00,ecl,aggregate_load,96,44,xgboost,24979.1881488527
2014-09-24 10:00:00,ecl,aggregate_load,96,44,xgboost,25268.463152655557
2014-09-24 11:00:00,ecl,aggregate_load,96,44,xgboost,26219.956673101173
2014-09-24 12:00:00,ecl,aggregate_load,96,44,xgboost,25455.53535791053
2014-09-24 13:00:00,ecl,aggregate_load,96,44,xgboost,28827.169009971996
2014-09-24 14:00:00,ecl,aggregate_load,96,44,xgboost,26955.544052064983
2014-09-24 15:00:00,ecl,aggregate_load,96,44,xgboost,26634.049234900045
2014-09-24 16:00:00,ecl,aggregate_load,96,44,xgboost,31197.29194307233
2014-09-24 17:00:00,ecl,aggregate_load,96,44,xgboost,32879.499696091225
2014-09-24 18:00:00,ecl,aggregate_load,96,44,xgboost,28006.559940293955
2014-09-24 19:00:00,ecl,aggregate_load,96,44,xgboost,28464.49062900701
2014-09-24 20:00:00,ecl,aggregate_load,96,44,xgboost,29422.578699310412
2014-09-24 21:00:00,ecl,aggregate_load,96,44,xgboost,31043.685686170265
2014-09-24 22:00:00,ecl,aggregate_load,96,44,xgboost,32304.525907148734
2014-09-24 23:00:00,ecl,aggregate_load,96,44,xgboost,27352.642783371208
2014-09-25 00:00:00,ecl,aggregate_load,96,44,xgboost,24184.246661929355
2014-09-25 01:00:00,ecl,aggregate_load,96,44,xgboost,25493.27163369446
2014-09-25 02:00:00,ecl,aggregate_load,96,44,xgboost,22826.28048704301
2014-09-25 03:00:00,ecl,aggregate_load,96,44,xgboost,23860.103874967182
2014-09-25 04:00:00,ecl,aggregate_load,96,44,xgboost,27424.106321121028
2014-09-25 05:00:00,ecl,aggregate_load,96,44,xgboost,28783.449858689997
2014-09-25 06:00:00,ecl,aggregate_load,96,44,xgboost,26014.953985811702
2014-09-25 07:00:00,ecl,aggregate_load,96,44,xgboost,25843.663278282893
2014-09-25 08:00:00,ecl,aggregate_load,96,44,xgboost,25610.57531754758
2014-09-25 09:00:00,ecl,aggregate_load,96,44,xgboost,24868.576180097163
2014-09-25 10:00:00,ecl,aggregate_load,96,44,xgboost,25075.179252669663
2014-09-25 11:00:00,ecl,aggregate_load,96,44,xgboost,26132.160282943656
2014-09-25 12:00:00,ecl,aggregate_load,96,44,xgboost,26537.180528391775
2014-09-25 13:00:00,ecl,aggregate_load,96,44,xgboost,28056.395825385465
2014-09-25 14:00:00,ecl,aggregate_load,96,44,xgboost,31434.22907544493
2014-09-25 15:00:00,ecl,aggregate_load,96,44,xgboost,29051.884837110254
2014-09-25 16:00:00,ecl,aggregate_load,96,44,xgboost,34542.57229664831
2014-09-25 17:00:00,ecl,aggregate_load,96,44,xgboost,37227.30523641617
2014-09-25 18:00:00,ecl,aggregate_load,96,44,xgboost,32464.14842806644
2014-09-25 19:00:00,ecl,aggregate_load,96,44,xgboost,31522.43200677159
2014-09-25 20:00:00,ecl,aggregate_load,96,44,xgboost,31005.832817131934
2014-09-25 21:00:00,ecl,aggregate_load,96,44,xgboost,32926.335399555355
2014-09-25 22:00:00,ecl,aggregate_load,96,44,xgboost,35583.89580190407
2014-09-25 23:00:00,ecl,aggregate_load,96,44,xgboost,31095.97587861256
2014-09-26 00:00:00,ecl,aggregate_load,96,44,xgboost,25954.754937852937
2014-09-26 01:00:00,ecl,aggregate_load,96,44,xgboost,24095.271887643932
2014-09-26 02:00:00,ecl,aggregate_load,96,44,xgboost,20714.317448034042
2014-09-26 03:00:00,ecl,aggregate_load,96,44,xgboost,22259.86607014936
2014-09-26 04:00:00,ecl,aggregate_load,96,44,xgboost,26104.52637862641
2014-09-26 05:00:00,ecl,aggregate_load,96,44,xgboost,28192.08127613325
2014-09-26 06:00:00,ecl,aggregate_load,96,44,xgboost,26763.923894305466
2014-09-26 07:00:00,ecl,aggregate_load,96,44,xgboost,26792.304129106185
2014-09-26 08:00:00,ecl,aggregate_load,96,44,xgboost,28754.203025857732
2014-09-26 09:00:00,ecl,aggregate_load,96,44,xgboost,26340.154388457577
2014-09-26 10:00:00,ecl,aggregate_load,96,44,xgboost,26678.922865140532
2014-09-26 11:00:00,ecl,aggregate_load,96,44,xgboost,19553.84786402777
2014-09-26 12:00:00,ecl,aggregate_load,96,44,xgboost,23127.186517822764
2014-09-26 13:00:00,ecl,aggregate_load,96,44,xgboost,27963.16898158219
2014-09-26 14:00:00,ecl,aggregate_load,96,44,xgboost,26071.12668077246
2014-09-26 15:00:00,ecl,aggregate_load,96,44,xgboost,22880.546591258124
2014-09-26 16:00:00,ecl,aggregate_load,96,44,xgboost,22778.395610149542
2014-09-26 17:00:00,ecl,aggregate_load,96,44,xgboost,25301.019276772564
2014-09-26 18:00:00,ecl,aggregate_load,96,44,xgboost,23806.101151210565
2014-09-26 19:00:00,ecl,aggregate_load,96,44,xgboost,25186.147450486722
2014-09-26 20:00:00,ecl,aggregate_load,96,44,xgboost,23084.991034454655
2014-09-26 21:00:00,ecl,aggregate_load,96,44,xgboost,22041.936885892257
2014-09-26 22:00:00,ecl,aggregate_load,96,44,xgboost,25850.695779526013
2014-09-26 23:00:00,ecl,aggregate_load,96,44,xgboost,27945.870435750403
2014-09-27 00:00:00,ecl,aggregate_load,96,44,xgboost,23988.422871444156
2014-09-27 01:00:00,ecl,aggregate_load,96,44,xgboost,26102.602738412465
2014-09-27 02:00:00,ecl,aggregate_load,96,44,xgboost,34632.37421902363
2014-09-27 03:00:00,ecl,aggregate_load,96,44,xgboost,39707.21305337728
2014-09-27 04:00:00,ecl,aggregate_load,96,44,xgboost,45957.5694866252
2014-09-27 05:00:00,ecl,aggregate_load,96,44,xgboost,34486.93004134894
2014-09-27 06:00:00,ecl,aggregate_load,96,44,xgboost,34476.07153263204
2014-09-27 07:00:00,ecl,aggregate_load,96,44,xgboost,38312.61902791267
2014-09-27 08:00:00,ecl,aggregate_load,96,44,xgboost,34870.8193296013
2014-09-27 09:00:00,ecl,aggregate_load,96,44,xgboost,39753.81088428993
2014-09-27 10:00:00,ecl,aggregate_load,96,44,xgboost,33358.73248349671
2014-09-27 11:00:00,ecl,aggregate_load,96,44,xgboost,35160.05310555663
2014-09-27 12:00:00,ecl,aggregate_load,96,44,xgboost,33589.27776042079
2014-09-27 13:00:00,ecl,aggregate_load,96,44,xgboost,35232.28937162154
2014-09-27 14:00:00,ecl,aggregate_load,96,44,xgboost,31925.95143906216
2014-09-27 15:00:00,ecl,aggregate_load,96,44,xgboost,37689.646914272074
2014-09-27 16:00:00,ecl,aggregate_load,96,44,xgboost,37942.3405408139
2014-09-27 17:00:00,ecl,aggregate_load,96,44,xgboost,33512.998122838646
2014-09-27 18:00:00,ecl,aggregate_load,96,44,xgboost,34282.89417241994
2014-09-27 19:00:00,ecl,aggregate_load,96,44,xgboost,32857.48702476823
2014-09-27 20:00:00,ecl,aggregate_load,96,44,xgboost,26405.76579002127
2014-09-27 21:00:00,ecl,aggregate_load,96,44,xgboost,30374.398167609063
2014-09-27 22:00:00,ecl,aggregate_load,96,44,xgboost,32260.377295691127
2014-09-27 23:00:00,ecl,aggregate_load,96,44,xgboost,34145.31151336782
2014-09-28 00:00:00,ecl,aggregate_load,96,44,xgboost,30098.193472996572
2014-09-28 01:00:00,ecl,aggregate_load,96,44,xgboost,30826.761023628525
2014-09-28 02:00:00,ecl,aggregate_load,96,44,xgboost,29209.48627306131
2014-09-28 03:00:00,ecl,aggregate_load,96,44,xgboost,29698.811379876526
2014-09-28 04:00:00,ecl,aggregate_load,96,44,xgboost,37674.60844294432
2014-09-28 05:00:00,ecl,aggregate_load,96,44,xgboost,31546.162859126798
2014-09-28 06:00:00,ecl,aggregate_load,96,44,xgboost,32457.712398510343
2014-09-28 07:00:00,ecl,aggregate_load,96,44,xgboost,30976.4385013928
2014-09-28 08:00:00,ecl,aggregate_load,96,44,xgboost,31943.005336876435
2014-09-28 09:00:00,ecl,aggregate_load,96,44,xgboost,33829.34280895124
2014-09-28 10:00:00,ecl,aggregate_load,96,44,xgboost,31665.92980698438
2014-09-28 11:00:00,ecl,aggregate_load,96,44,xgboost,32833.58221784982
2014-09-28 12:00:00,ecl,aggregate_load,96,44,xgboost,32466.509463175844
2014-09-28 13:00:00,ecl,aggregate_load,96,44,xgboost,28950.25851408551
2014-09-28 14:00:00,ecl,aggregate_load,96,44,xgboost,30899.18311626282
2014-09-28 15:00:00,ecl,aggregate_load,96,44,xgboost,33701.55961297088
2014-09-28 16:00:00,ecl,aggregate_load,96,44,xgboost,37039.6075679724
2014-09-28 17:00:00,ecl,aggregate_load,96,44,xgboost,46945.576347828035
2014-09-28 18:00:00,ecl,aggregate_load,96,44,xgboost,36732.34596531297
2014-09-28 19:00:00,ecl,aggregate_load,96,44,xgboost,39416.686414023345
2014-09-28 20:00:00,ecl,aggregate_load,96,44,xgboost,37213.544757448544
2014-09-28 21:00:00,ecl,aggregate_load,96,44,xgboost,35854.00177280881
2014-09-28 22:00:00,ecl,aggregate_load,96,44,xgboost,45709.03759083697
2014-09-28 23:00:00,ecl,aggregate_load,96,44,xgboost,41518.00139732002
2014-09-29 00:00:00,ecl,aggregate_load,96,44,xgboost,31252.546657617077
2014-09-29 01:00:00,ecl,aggregate_load,96,44,xgboost,33830.323331078565
2014-09-29 02:00:00,ecl,aggregate_load,96,44,xgboost,32692.57271566628
2014-09-29 03:00:00,ecl,aggregate_load,96,44,xgboost,30986.28737049838
2014-09-29 04:00:00,ecl,aggregate_load,96,44,xgboost,33717.497369646175
2014-09-29 05:00:00,ecl,aggregate_load,96,44,xgboost,37012.39347209957
2014-09-29 06:00:00,ecl,aggregate_load,96,44,xgboost,34965.31775744829
2014-09-29 07:00:00,ecl,aggregate_load,96,44,xgboost,34338.256868021446
2014-09-29 08:00:00,ecl,aggregate_load,96,44,xgboost,35992.25324717013
2014-09-29 09:00:00,ecl,aggregate_load,96,44,xgboost,34306.35059115321
2014-09-29 10:00:00,ecl,aggregate_load,96,44,xgboost,33075.726898356
2014-09-29 11:00:00,ecl,aggregate_load,96,44,xgboost,34203.205309965495
2014-09-29 12:00:00,ecl,aggregate_load,96,44,xgboost,38078.49259738114
2014-09-29 13:00:00,ecl,aggregate_load,96,44,xgboost,39519.21981789863
2014-09-29 14:00:00,ecl,aggregate_load,96,44,xgboost,37210.89432308834
2014-09-29 15:00:00,ecl,aggregate_load,96,44,xgboost,40972.25749525839
2014-09-29 16:00:00,ecl,aggregate_load,96,44,xgboost,45816.876323477576
2014-09-29 17:00:00,ecl,aggregate_load,96,44,xgboost,45009.73733001266
2014-09-29 18:00:00,ecl,aggregate_load,96,44,xgboost,45153.14115692747
2014-09-29 19:00:00,ecl,aggregate_load,96,44,xgboost,47528.72689356387
2014-09-29 20:00:00,ecl,aggregate_load,96,44,xgboost,47690.199370781345
2014-09-29 21:00:00,ecl,aggregate_load,96,44,xgboost,50290.0853649524
2014-09-29 22:00:00,ecl,aggregate_load,96,44,xgboost,53788.328558916495
2014-09-29 23:00:00,ecl,aggregate_load,96,44,xgboost,48889.33526743139
2014-09-30 00:00:00,ecl,aggregate_load,96,44,xgboost,46309.4900898179
2014-09-30 01:00:00,ecl,aggregate_load,96,44,xgboost,47862.54368871236
2014-09-30 02:00:00,ecl,aggregate_load,96,44,xgboost,43517.96215136824
2014-09-30 03:00:00,ecl,aggregate_load,96,44,xgboost,44123.79032985375
2014-09-30 04:00:00,ecl,aggregate_load,96,44,xgboost,47018.44226248944
2014-09-30 05:00:00,ecl,aggregate_load,96,44,xgboost,49198.39226388696
2014-09-30 06:00:00,ecl,aggregate_load,96,44,xgboost,49264.619981295684
2014-09-30 07:00:00,ecl,aggregate_load,96,44,xgboost,48956.46023177443
2014-09-30 08:00:00,ecl,aggregate_load,96,44,xgboost,50723.25932114286
2014-09-30 09:00:00,ecl,aggregate_load,96,44,xgboost,48314.67141150291
2014-09-30 10:00:00,ecl,aggregate_load,96,44,xgboost,47026.75835050972
2014-09-30 11:00:00,ecl,aggregate_load,96,44,xgboost,47305.19228248462
2014-09-30 12:00:00,ecl,aggregate_load,96,44,xgboost,52143.89202481582
2014-09-30 13:00:00,ecl,aggregate_load,96,44,xgboost,57266.40762492309
2014-09-30 14:00:00,ecl,aggregate_load,96,44,xgboost,59614.44910749977
2014-09-30 15:00:00,ecl,aggregate_load,96,44,xgboost,58760.88116535612
2014-09-30 16:00:00,ecl,aggregate_load,96,44,xgboost,59467.29584411093
2014-09-30 17:00:00,ecl,aggregate_load,96,44,xgboost,63034.24595621546
2014-09-30 18:00:00,ecl,aggregate_load,96,44,xgboost,61075.36259883336
2014-09-30 19:00:00,ecl,aggregate_load,96,44,xgboost,58715.43399759556
2014-09-30 20:00:00,ecl,aggregate_load,96,44,xgboost,57603.62662062998
2014-09-30 21:00:00,ecl,aggregate_load,96,44,xgboost,61929.28883693906
2014-09-30 22:00:00,ecl,aggregate_load,96,44,xgboost,64970.79266612857
2014-09-30 23:00:00,ecl,aggregate_load,96,44,xgboost,59029.305353623255
2014-10-01 00:00:00,ecl,aggregate_load,96,44,xgboost,68131.77223692973
2014-10-01 01:00:00,ecl,aggregate_load,96,44,xgboost,64878.87764311646
2014-10-01 02:00:00,ecl,aggregate_load,96,44,xgboost,64801.99400451479
2014-10-01 03:00:00,ecl,aggregate_load,96,44,xgboost,63987.9419406946
2014-10-01 04:00:00,ecl,aggregate_load,96,44,xgboost,66889.0551229083
2014-10-01 05:00:00,ecl,aggregate_load,96,44,xgboost,71371.11499293287
2014-10-01 06:00:00,ecl,aggregate_load,96,44,xgboost,68673.3575874986
2014-10-01 07:00:00,ecl,aggregate_load,96,44,xgboost,69558.17742381008
2014-10-01 08:00:00,ecl,aggregate_load,96,44,xgboost,71936.37063498919
2014-10-01 09:00:00,ecl,aggregate_load,96,44,xgboost,68545.56333217955
2014-10-01 10:00:00,ecl,aggregate_load,96,44,xgboost,67466.54692082961
2014-10-01 11:00:00,ecl,aggregate_load,96,44,xgboost,60374.987558066285
2014-10-01 12:00:00,ecl,aggregate_load,96,44,xgboost,64481.001296601724
2014-10-01 13:00:00,ecl,aggregate_load,96,44,xgboost,62771.04697123638
2014-10-01 14:00:00,ecl,aggregate_load,96,44,xgboost,46442.847395736644
2014-10-01 15:00:00,ecl,aggregate_load,96,44,xgboost,35929.592187651
2014-10-01 16:00:00,ecl,aggregate_load,96,44,xgboost,33153.5149599801
2014-10-01 17:00:00,ecl,aggregate_load,96,44,xgboost,34805.97959888671
2014-10-01 18:00:00,ecl,aggregate_load,96,44,xgboost,34360.424717238166
2014-10-01 19:00:00,ecl,aggregate_load,96,44,xgboost,40803.725502786685
2014-10-01 20:00:00,ecl,aggregate_load,96,44,xgboost,43242.8430286149
2014-10-01 21:00:00,ecl,aggregate_load,96,44,xgboost,39978.102026200584
2014-10-01 22:00:00,ecl,aggregate_load,96,44,xgboost,44992.56927873604
2014-10-01 23:00:00,ecl,aggregate_load,96,44,xgboost,35788.67780719621
2014-10-02 00:00:00,ecl,aggregate_load,96,44,xgboost,38182.3386202171
2014-10-02 01:00:00,ecl,aggregate_load,96,44,xgboost,41189.098405349934
2014-10-02 02:00:00,ecl,aggregate_load,96,44,xgboost,38871.79818296054
2014-10-02 03:00:00,ecl,aggregate_load,96,44,xgboost,40555.66216205694
2014-10-02 04:00:00,ecl,aggregate_load,96,44,xgboost,44668.71956954454
2014-10-02 05:00:00,ecl,aggregate_load,96,44,xgboost,42919.3998529552
2014-10-02 06:00:00,ecl,aggregate_load,96,44,xgboost,43023.879783540186
2014-10-02 07:00:00,ecl,aggregate_load,96,44,xgboost,45926.413896289916
2014-10-02 08:00:00,ecl,aggregate_load,96,44,xgboost,42057.09349389562
2014-10-02 09:00:00,ecl,aggregate_load,96,44,xgboost,45265.8572999553
2014-10-02 10:00:00,ecl,aggregate_load,96,44,xgboost,44794.682781037875
2014-10-02 11:00:00,ecl,aggregate_load,96,44,xgboost,47913.80093127458
2014-10-02 12:00:00,ecl,aggregate_load,96,44,xgboost,43609.395364637894
2014-10-02 13:00:00,ecl,aggregate_load,96,44,xgboost,44323.68462553052
2014-10-02 14:00:00,ecl,aggregate_load,96,44,xgboost,46832.85114498081
2014-10-02 15:00:00,ecl,aggregate_load,96,44,xgboost,47737.7295369664
2014-10-02 16:00:00,ecl,aggregate_load,96,44,xgboost,49042.93668761349
2014-10-02 17:00:00,ecl,aggregate_load,96,44,xgboost,47857.5300193629
2014-10-02 18:00:00,ecl,aggregate_load,96,44,xgboost,50197.72341594264
2014-10-02 19:00:00,ecl,aggregate_load,96,44,xgboost,51012.792722739694
2014-10-02 20:00:00,ecl,aggregate_load,96,44,xgboost,46740.89489386403
2014-10-02 21:00:00,ecl,aggregate_load,96,44,xgboost,51093.548053554354
2014-10-02 22:00:00,ecl,aggregate_load,96,44,xgboost,52637.85986825328
2014-10-02 23:00:00,ecl,aggregate_load,96,44,xgboost,44376.979565951304
2014-10-03 00:00:00,ecl,aggregate_load,96,44,xgboost,44944.72052046267
2014-10-03 01:00:00,ecl,aggregate_load,96,44,xgboost,48680.95404583183
2014-10-03 02:00:00,ecl,aggregate_load,96,44,xgboost,48024.53353078722
2014-10-03 03:00:00,ecl,aggregate_load,96,44,xgboost,44850.64142493581
2014-10-03 04:00:00,ecl,aggregate_load,96,44,xgboost,47590.998035604855
2014-10-03 05:00:00,ecl,aggregate_load,96,44,xgboost,44802.809044873
2014-10-03 06:00:00,ecl,aggregate_load,96,44,xgboost,46278.4884476476
2014-10-03 07:00:00,ecl,aggregate_load,96,44,xgboost,47032.698792252886
2014-10-03 08:00:00,ecl,aggregate_load,96,44,xgboost,43786.284297826794
2014-10-03 09:00:00,ecl,aggregate_load,96,44,xgboost,47661.67298115556
2014-10-03 10:00:00,ecl,aggregate_load,96,44,xgboost,48874.300717238184
2014-10-03 11:00:00,ecl,aggregate_load,96,44,xgboost,44711.30038061697
2014-10-03 12:00:00,ecl,aggregate_load,96,44,xgboost,45057.510732070834
2014-10-03 13:00:00,ecl,aggregate_load,96,44,xgboost,49007.749745078676
2014-10-03 14:00:00,ecl,aggregate_load,96,44,xgboost,46252.751354557106
2014-10-03 15:00:00,ecl,aggregate_load,96,44,xgboost,54716.667821431416
2014-10-03 16:00:00,ecl,aggregate_load,96,44,xgboost,50757.63923325783
2014-10-03 17:00:00,ecl,aggregate_load,96,44,xgboost,53884.93396707767
2014-10-03 18:00:00,ecl,aggregate_load,96,44,xgboost,49505.27097033492
2014-10-03 19:00:00,ecl,aggregate_load,96,44,xgboost,47533.00978423065
2014-10-03 20:00:00,ecl,aggregate_load,96,44,xgboost,49854.7805175101
2014-10-03 21:00:00,ecl,aggregate_load,96,44,xgboost,48819.57165919826
2014-10-03 22:00:00,ecl,aggregate_load,96,44,xgboost,51418.64087654042
2014-10-03 23:00:00,ecl,aggregate_load,96,44,xgboost,44378.86079058645
2014-10-04 00:00:00,ecl,aggregate_load,96,44,xgboost,45502.32916536229
2014-10-04 01:00:00,ecl,aggregate_load,96,44,xgboost,45751.876017336435
2014-10-04 02:00:00,ecl,aggregate_load,96,44,xgboost,47299.952647384554
2014-10-04 03:00:00,ecl,aggregate_load,96,44,xgboost,47915.57898822998
2014-10-04 04:00:00,ecl,aggregate_load,96,44,xgboost,55113.751945129545
2014-10-04 05:00:00,ecl,aggregate_load,96,44,xgboost,50969.29839594604
2014-10-04 06:00:00,ecl,aggregate_load,96,44,xgboost,54967.70203285418
2014-10-04 07:00:00,ecl,aggregate_load,96,44,xgboost,58613.1648706614
2014-10-04 08:00:00,ecl,aggregate_load,96,44,xgboost,56338.21481971931
2014-10-04 09:00:00,ecl,aggregate_load,96,44,xgboost,62373.18341783508
2014-10-04 10:00:00,ecl,aggregate_load,96,44,xgboost,60778.68071950864
2014-10-04 11:00:00,ecl,aggregate_load,96,44,xgboost,65113.9992116479
2014-10-04 12:00:00,ecl,aggregate_load,96,44,xgboost,54779.695310004405
2014-10-04 13:00:00,ecl,aggregate_load,96,44,xgboost,47486.61713891474
2014-10-04 14:00:00,ecl,aggregate_load,96,44,xgboost,50156.72684855748
2014-10-04 15:00:00,ecl,aggregate_load,96,44,xgboost,50995.68071352595
2014-10-04 16:00:00,ecl,aggregate_load,96,44,xgboost,55548.41352293504
2014-10-04 17:00:00,ecl,aggregate_load,96,44,xgboost,51383.047702915304
2014-10-04 18:00:00,ecl,aggregate_load,96,44,xgboost,56479.03269020232
2014-10-04 19:00:00,ecl,aggregate_load,96,44,xgboost,44032.873338139114
2014-10-04 20:00:00,ecl,aggregate_load,96,44,xgboost,43719.769701154415
2014-10-04 21:00:00,ecl,aggregate_load,96,44,xgboost,46987.74057717356
2014-10-04 22:00:00,ecl,aggregate_load,96,44,xgboost,47531.14454630172
2014-10-04 23:00:00,ecl,aggregate_load,96,44,xgboost,44061.41565198224
2014-10-05 00:00:00,ecl,aggregate_load,96,44,xgboost,45756.958515031256
2014-10-05 01:00:00,ecl,aggregate_load,96,44,xgboost,47959.66703197857
2014-10-05 02:00:00,ecl,aggregate_load,96,44,xgboost,45978.5081589754
2014-10-05 03:00:00,ecl,aggregate_load,96,44,xgboost,47222.91500097414
2014-10-05 04:00:00,ecl,aggregate_load,96,44,xgboost,51367.97141991427
2014-10-05 05:00:00,ecl,aggregate_load,96,44,xgboost,46901.87004175425
2014-10-05 06:00:00,ecl,aggregate_load,96,44,xgboost,48061.308086520025
2014-10-05 07:00:00,ecl,aggregate_load,96,44,xgboost,44613.650658683815
2014-10-05 08:00:00,ecl,aggregate_load,96,44,xgboost,42474.43845859217
2014-10-05 09:00:00,ecl,aggregate_load,96,44,xgboost,46250.20691036325
2014-10-05 10:00:00,ecl,aggregate_load,96,44,xgboost,40881.407982468714
2014-10-05 11:00:00,ecl,aggregate_load,96,44,xgboost,45420.926693086054
2014-10-05 12:00:00,ecl,aggregate_load,96,44,xgboost,41343.581749418765
2014-10-05 13:00:00,ecl,aggregate_load,96,44,xgboost,38003.18237564805
2014-10-05 14:00:00,ecl,aggregate_load,96,44,xgboost,40478.71438921037
2014-10-05 15:00:00,ecl,aggregate_load,96,44,xgboost,38139.90513185648
2014-10-05 16:00:00,ecl,aggregate_load,96,44,xgboost,46730.329326908824
2014-10-05 17:00:00,ecl,aggregate_load,96,44,xgboost,45594.52232006006
2014-10-05 18:00:00,ecl,aggregate_load,96,44,xgboost,38722.500988343345
2014-10-05 19:00:00,ecl,aggregate_load,96,44,xgboost,37362.94721748292
2014-10-05 20:00:00,ecl,aggregate_load,96,44,xgboost,43012.32142302639
2014-10-05 21:00:00,ecl,aggregate_load,96,44,xgboost,48606.06024241253
2014-10-05 22:00:00,ecl,aggregate_load,96,44,xgboost,54525.56912318878
2014-10-05 23:00:00,ecl,aggregate_load,96,44,xgboost,51920.866118811515
2014-10-06 00:00:00,ecl,aggregate_load,96,44,xgboost,44221.02643692653
2014-10-06 01:00:00,ecl,aggregate_load,96,44,xgboost,43431.60570059167
2014-10-06 02:00:00,ecl,aggregate_load,96,44,xgboost,43351.646642108295
2014-10-06 03:00:00,ecl,aggregate_load,96,44,xgboost,42730.12681632226
2014-10-06 04:00:00,ecl,aggregate_load,96,44,xgboost,41010.16054411056
2014-10-06 05:00:00,ecl,aggregate_load,96,44,xgboost,43406.24053334406
2014-10-06 06:00:00,ecl,aggregate_load,96,44,xgboost,45139.26715026075
2014-10-06 07:00:00,ecl,aggregate_load,96,44,xgboost,41709.529365792194
2014-10-06 08:00:00,ecl,aggregate_load,96,44,xgboost,44946.40149241221
2014-10-06 09:00:00,ecl,aggregate_load,96,44,xgboost,40285.640127433355
2014-10-06 10:00:00,ecl,aggregate_load,96,44,xgboost,42181.15431416703
2014-10-06 11:00:00,ecl,aggregate_load,96,44,xgboost,39386.10573624407
2014-10-06 12:00:00,ecl,aggregate_load,96,44,xgboost,40611.95542828997
2014-10-06 13:00:00,ecl,aggregate_load,96,44,xgboost,41685.5339081743
2014-10-06 14:00:00,ecl,aggregate_load,96,44,xgboost,44104.341239659196
2014-10-06 15:00:00,ecl,aggregate_load,96,44,xgboost,43590.03711712797
2014-10-06 16:00:00,ecl,aggregate_load,96,44,xgboost,39375.30429285342
2014-10-06 17:00:00,ecl,aggregate_load,96,44,xgboost,38235.22967211152
2014-10-06 18:00:00,ecl,aggregate_load,96,44,xgboost,38684.15360884984
2014-10-06 19:00:00,ecl,aggregate_load,96,44,xgboost,47776.08736262185
2014-10-06 20:00:00,ecl,aggregate_load,96,44,xgboost,39807.0917839964
2014-10-06 21:00:00,ecl,aggregate_load,96,44,xgboost,38391.780202762566
2014-10-06 22:00:00,ecl,aggregate_load,96,44,xgboost,41686.87193966037
2014-10-06 23:00:00,ecl,aggregate_load,96,44,xgboost,44303.62179667436
2014-10-07 00:00:00,ecl,aggregate_load,96,44,xgboost,40263.980621752075
2014-10-07 01:00:00,ecl,aggregate_load,96,44,xgboost,37182.297084712336
2014-10-07 02:00:00,ecl,aggregate_load,96,44,xgboost,33547.69877618577
2014-10-07 03:00:00,ecl,aggregate_load,96,44,xgboost,36812.28185327264
2014-10-07 04:00:00,ecl,aggregate_load,96,44,xgboost,38856.863919098985
2014-10-07 05:00:00,ecl,aggregate_load,96,44,xgboost,41963.88606545853
2014-10-07 06:00:00,ecl,aggregate_load,96,44,xgboost,32539.4514343492
2014-10-07 07:00:00,ecl,aggregate_load,96,44,xgboost,30045.941117499664
2014-10-07 08:00:00,ecl,aggregate_load,96,44,xgboost,32512.19847443396
2014-10-07 09:00:00,ecl,aggregate_load,96,44,xgboost,34615.6620373947
2014-10-07 10:00:00,ecl,aggregate_load,96,44,xgboost,30426.11604651698
2014-10-07 11:00:00,ecl,aggregate_load,96,44,xgboost,26129.30087775482
2014-10-07 12:00:00,ecl,aggregate_load,96,44,xgboost,29898.785695659975
2014-10-07 13:00:00,ecl,aggregate_load,96,44,xgboost,28552.718635219917
2014-10-07 14:00:00,ecl,aggregate_load,96,44,xgboost,29992.206613415925
2014-10-07 15:00:00,ecl,aggregate_load,96,44,xgboost,26267.27921666853
2014-10-07 16:00:00,ecl,aggregate_load,96,44,xgboost,29230.78835722661
2014-10-07 17:00:00,ecl,aggregate_load,96,44,xgboost,29191.003385286527
2014-10-07 18:00:00,ecl,aggregate_load,96,44,xgboost,28568.703455778956
2014-10-07 19:00:00,ecl,aggregate_load,96,44,xgboost,30236.52950843709
2014-10-07 20:00:00,ecl,aggregate_load,96,44,xgboost,29986.858358884583
2014-10-07 21:00:00,ecl,aggregate_load,96,44,xgboost,30989.605486063472
2014-10-07 22:00:00,ecl,aggregate_load,96,44,xgboost,27559.158372304042
2014-10-07 23:00:00,ecl,aggregate_load,96,44,xgboost,28815.912799914615
2014-10-08 00:00:00,ecl,aggregate_load,96,44,xgboost,24696.13632761459
2014-10-08 01:00:00,ecl,aggregate_load,96,44,xgboost,25822.19724813117
2014-10-08 02:00:00,ecl,aggregate_load,96,44,xgboost,26244.005880875324
2014-10-08 03:00:00,ecl,aggregate_load,96,44,xgboost,29486.26619642875
2014-10-08 04:00:00,ecl,aggregate_load,96,44,xgboost,31938.158811726305
2014-10-08 05:00:00,ecl,aggregate_load,96,44,xgboost,31768.70639187124
2014-10-08 06:00:00,ecl,aggregate_load,96,44,xgboost,27800.90000684843
2014-10-08 07:00:00,ecl,aggregate_load,96,44,xgboost,27402.142429806332
2014-10-08 08:00:00,ecl,aggregate_load,96,44,xgboost,28775.604326978053
2014-10-08 09:00:00,ecl,aggregate_load,96,44,xgboost,31345.575035842747
2014-10-08 10:00:00,ecl,aggregate_load,96,44,xgboost,29162.30826629284
2014-10-08 11:00:00,ecl,aggregate_load,96,44,xgboost,27023.891964962415
2014-10-08 12:00:00,ecl,aggregate_load,96,44,xgboost,36987.23028367706
2014-10-08 13:00:00,ecl,aggregate_load,96,44,xgboost,38948.762787910884
2014-10-08 14:00:00,ecl,aggregate_load,96,44,xgboost,42227.10315892842
2014-10-08 15:00:00,ecl,aggregate_load,96,44,xgboost,52052.362244616284
2014-10-08 16:00:00,ecl,aggregate_load,96,44,xgboost,49827.62000429502
2014-10-08 17:00:00,ecl,aggregate_load,96,44,xgboost,47795.626010918895
2014-10-08 18:00:00,ecl,aggregate_load,96,44,xgboost,52388.75165145621
2014-10-08 19:00:00,ecl,aggregate_load,96,44,xgboost,47959.13252843253
2014-10-08 20:00:00,ecl,aggregate_load,96,44,xgboost,54268.89473715232
2014-10-08 21:00:00,ecl,aggregate_load,96,44,xgboost,56098.484150539436
2014-10-08 22:00:00,ecl,aggregate_load,96,44,xgboost,58672.59432141904
2014-10-08 23:00:00,ecl,aggregate_load,96,44,xgboost,59951.86105329973
2014-10-09 00:00:00,ecl,aggregate_load,96,44,xgboost,59421.90108414701
2014-10-09 01:00:00,ecl,aggregate_load,96,44,xgboost,57717.53265543626
2014-10-09 02:00:00,ecl,aggregate_load,96,44,xgboost,60267.65460395755
2014-10-09 03:00:00,ecl,aggregate_load,96,44,xgboost,63388.40287778148
2014-10-09 04:00:00,ecl,aggregate_load,96,44,xgboost,65414.11790897513
2014-10-09 05:00:00,ecl,aggregate_load,96,44,xgboost,60975.69909037183
2014-10-09 06:00:00,ecl,aggregate_load,96,44,xgboost,61914.16797913382
2014-10-09 07:00:00,ecl,aggregate_load,96,44,xgboost,66528.05860620397
2014-10-09 08:00:00,ecl,aggregate_load,96,44,xgboost,67403.30109762175
2014-10-09 09:00:00,ecl,aggregate_load,96,44,xgboost,65040.49368360842
2014-10-09 10:00:00,ecl,aggregate_load,96,44,xgboost,65120.80468638769
2014-10-09 11:00:00,ecl,aggregate_load,96,44,xgboost,68187.05667845474
2014-10-09 12:00:00,ecl,aggregate_load,96,44,xgboost,60497.99749864407
2014-10-09 13:00:00,ecl,aggregate_load,96,44,xgboost,62457.86591561135
2014-10-09 14:00:00,ecl,aggregate_load,96,44,xgboost,62593.83895038255
2014-10-09 15:00:00,ecl,aggregate_load,96,44,xgboost,65956.43930308428
2014-10-09 16:00:00,ecl,aggregate_load,96,44,xgboost,65314.02602926948
2014-10-09 17:00:00,ecl,aggregate_load,96,44,xgboost,62290.799507777694
2014-10-09 18:00:00,ecl,aggregate_load,96,44,xgboost,57378.91103490888
2014-10-09 19:00:00,ecl,aggregate_load,96,44,xgboost,53643.43765192258
2014-10-09 20:00:00,ecl,aggregate_load,96,44,xgboost,55131.96906462733
2014-10-09 21:00:00,ecl,aggregate_load,96,44,xgboost,61055.19172198696
2014-10-09 22:00:00,ecl,aggregate_load,96,44,xgboost,60324.59441452135
2014-10-09 23:00:00,ecl,aggregate_load,96,44,xgboost,53236.980731024356
2014-10-10 00:00:00,ecl,aggregate_load,96,44,xgboost,51374.04791144843
2014-10-10 01:00:00,ecl,aggregate_load,96,44,xgboost,52536.3121373301
2014-10-10 02:00:00,ecl,aggregate_load,96,44,xgboost,57144.50040949636
2014-10-10 03:00:00,ecl,aggregate_load,96,44,xgboost,58329.62270395879
2014-10-10 04:00:00,ecl,aggregate_load,96,44,xgboost,55697.173914521736
2014-10-10 05:00:00,ecl,aggregate_load,96,44,xgboost,53548.250647902896
2014-10-10 06:00:00,ecl,aggregate_load,96,44,xgboost,53089.359253472074
2014-10-10 07:00:00,ecl,aggregate_load,96,44,xgboost,53872.23767022375
2014-10-10 08:00:00,ecl,aggregate_load,96,44,xgboost,53274.36855953445
2014-10-10 09:00:00,ecl,aggregate_load,96,44,xgboost,53300.27675956525
2014-10-10 10:00:00,ecl,aggregate_load,96,44,xgboost,52818.38858190103
2014-10-10 11:00:00,ecl,aggregate_load,96,44,xgboost,58513.39999749461
2014-10-10 12:00:00,ecl,aggregate_load,96,44,xgboost,49368.98473966178
2014-10-10 13:00:00,ecl,aggregate_load,96,44,xgboost,54906.41399671126
2014-10-10 14:00:00,ecl,aggregate_load,96,44,xgboost,57256.34146147777
2014-10-10 15:00:00,ecl,aggregate_load,96,44,xgboost,53539.28837797546
2014-10-10 16:00:00,ecl,aggregate_load,96,44,xgboost,62662.968932753334
2014-10-10 17:00:00,ecl,aggregate_load,96,44,xgboost,54039.67524211167
2014-10-10 18:00:00,ecl,aggregate_load,96,44,xgboost,52278.01332167088
2014-10-10 19:00:00,ecl,aggregate_load,96,44,xgboost,54276.056788834416
2014-10-10 20:00:00,ecl,aggregate_load,96,44,xgboost,62592.999041374074
2014-10-10 21:00:00,ecl,aggregate_load,96,44,xgboost,73434.28710044724
2014-10-10 22:00:00,ecl,aggregate_load,96,44,xgboost,62760.89081344095
2014-10-10 23:00:00,ecl,aggregate_load,96,44,xgboost,66798.99535976541
2014-10-11 00:00:00,ecl,aggregate_load,96,44,xgboost,65850.31475822332
2014-10-11 01:00:00,ecl,aggregate_load,96,44,xgboost,69506.54209821716
2014-10-11 02:00:00,ecl,aggregate_load,96,44,xgboost,71438.21605980699
2014-10-11 03:00:00,ecl,aggregate_load,96,44,xgboost,72062.57407519249
2014-10-11 04:00:00,ecl,aggregate_load,96,44,xgboost,69973.0130746812
2014-10-11 05:00:00,ecl,aggregate_load,96,44,xgboost,68005.29625518818
2014-10-11 06:00:00,ecl,aggregate_load,96,44,xgboost,69058.8516182523
2014-10-11 07:00:00,ecl,aggregate_load,96,44,xgboost,68480.25256978704
2014-10-11 08:00:00,ecl,aggregate_load,96,44,xgboost,66133.62482116299
2014-10-11 09:00:00,ecl,aggregate_load,96,44,xgboost,69988.62741426889
2014-10-11 10:00:00,ecl,aggregate_load,96,44,xgboost,73717.43249255132
2014-10-11 11:00:00,ecl,aggregate_load,96,44,xgboost,70812.26712770278
2014-10-11 12:00:00,ecl,aggregate_load,96,44,xgboost,61493.69831713485
2014-10-11 13:00:00,ecl,aggregate_load,96,44,xgboost,55801.599275764485
2014-10-11 14:00:00,ecl,aggregate_load,96,44,xgboost,52568.271150880646
2014-10-11 15:00:00,ecl,aggregate_load,96,44,xgboost,46410.53197046993
2014-10-11 16:00:00,ecl,aggregate_load,96,44,xgboost,48259.76503442802
2014-10-11 17:00:00,ecl,aggregate_load,96,44,xgboost,45919.99606712428
2014-10-11 18:00:00,ecl,aggregate_load,96,44,xgboost,48485.59522714163
2014-10-11 19:00:00,ecl,aggregate_load,96,44,xgboost,50330.953049339936
2014-10-11 20:00:00,ecl,aggregate_load,96,44,xgboost,49012.11747074739
2014-10-11 21:00:00,ecl,aggregate_load,96,44,xgboost,48305.70625471876
2014-10-11 22:00:00,ecl,aggregate_load,96,44,xgboost,45110.72356969578
2014-10-11 23:00:00,ecl,aggregate_load,96,44,xgboost,42788.318577789956
2014-10-12 00:00:00,ecl,aggregate_load,96,44,xgboost,45492.77244504338
2014-10-12 01:00:00,ecl,aggregate_load,96,44,xgboost,47819.83875376061
2014-10-12 02:00:00,ecl,aggregate_load,96,44,xgboost,46130.65256869648
2014-10-12 03:00:00,ecl,aggregate_load,96,44,xgboost,48023.26972820452
2014-10-12 04:00:00,ecl,aggregate_load,96,44,xgboost,47824.24912249596
2014-10-12 05:00:00,ecl,aggregate_load,96,44,xgboost,46254.11381389642
2014-10-12 06:00:00,ecl,aggregate_load,96,44,xgboost,45887.13106651593
2014-10-12 07:00:00,ecl,aggregate_load,96,44,xgboost,46496.840781840496
2014-10-12 08:00:00,ecl,aggregate_load,96,44,xgboost,47287.097383045744
2014-10-12 09:00:00,ecl,aggregate_load,96,44,xgboost,45266.6345978049
2014-10-12 10:00:00,ecl,aggregate_load,96,44,xgboost,50398.32915303423
2014-10-12 11:00:00,ecl,aggregate_load,96,44,xgboost,46992.28551438156
2014-10-12 12:00:00,ecl,aggregate_load,96,44,xgboost,41366.204714467465
2014-10-12 13:00:00,ecl,aggregate_load,96,44,xgboost,39288.679004381775
2014-10-12 14:00:00,ecl,aggregate_load,96,44,xgboost,38591.02176310827
2014-10-12 15:00:00,ecl,aggregate_load,96,44,xgboost,39270.673160328966
2014-10-12 16:00:00,ecl,aggregate_load,96,44,xgboost,41044.74789152644
2014-10-12 17:00:00,ecl,aggregate_load,96,44,xgboost,41632.78833481424
2014-10-12 18:00:00,ecl,aggregate_load,96,44,xgboost,40974.56766611335
2014-10-12 19:00:00,ecl,aggregate_load,96,44,xgboost,41381.32842679711
2014-10-12 20:00:00,ecl,aggregate_load,96,44,xgboost,44464.006265999866
2014-10-12 21:00:00,ecl,aggregate_load,96,44,xgboost,43366.95671750338
2014-10-12 22:00:00,ecl,aggregate_load,96,44,xgboost,42969.36807104159
2014-10-12 23:00:00,ecl,aggregate_load,96,44,xgboost,40398.75142820618
2014-10-13 00:00:00,ecl,aggregate_load,96,44,xgboost,39949.89615380068
2014-10-13 01:00:00,ecl,aggregate_load,96,44,xgboost,40176.04955325949
2014-10-13 02:00:00,ecl,aggregate_load,96,44,xgboost,42166.8552607865
2014-10-13 03:00:00,ecl,aggregate_load,96,44,xgboost,42988.71281763135
2014-10-13 04:00:00,ecl,aggregate_load,96,44,xgboost,44906.56426104782
2014-10-13 05:00:00,ecl,aggregate_load,96,44,xgboost,44858.79369263144
2014-10-13 06:00:00,ecl,aggregate_load,96,44,xgboost,45822.8537763131
2014-10-13 07:00:00,ecl,aggregate_load,96,44,xgboost,44314.00980492646
2014-10-13 08:00:00,ecl,aggregate_load,96,44,xgboost,46324.99593874882
2014-10-13 09:00:00,ecl,aggregate_load,96,44,xgboost,42574.50792298769
2014-10-13 10:00:00,ecl,aggregate_load,96,44,xgboost,46675.24517709124
2014-10-13 11:00:00,ecl,aggregate_load,96,44,xgboost,40437.42318327566
2014-10-13 12:00:00,ecl,aggregate_load,96,44,xgboost,40559.967930274055
2014-10-13 13:00:00,ecl,aggregate_load,96,44,xgboost,40496.800806146864
2014-10-13 14:00:00,ecl,aggregate_load,96,44,xgboost,43152.269192246014
2014-10-13 15:00:00,ecl,aggregate_load,96,44,xgboost,46174.78715147043
2014-10-13 16:00:00,ecl,aggregate_load,96,44,xgboost,46809.10543836135
2014-10-13 17:00:00,ecl,aggregate_load,96,44,xgboost,50203.84901538393
2014-10-13 18:00:00,ecl,aggregate_load,96,44,xgboost,55401.77939756185
2014-10-13 19:00:00,ecl,aggregate_load,96,44,xgboost,54500.48640754217
2014-10-13 20:00:00,ecl,aggregate_load,96,44,xgboost,56367.734067465026
2014-10-13 21:00:00,ecl,aggregate_load,96,44,xgboost,56850.47301241736
2014-10-13 22:00:00,ecl,aggregate_load,96,44,xgboost,64492.69102254116
2014-10-13 23:00:00,ecl,aggregate_load,96,44,xgboost,61441.98418748998
2014-10-14 00:00:00,ecl,aggregate_load,96,44,xgboost,61793.0164901068
2014-10-14 01:00:00,ecl,aggregate_load,96,44,xgboost,61287.72506905079
2014-10-14 02:00:00,ecl,aggregate_load,96,44,xgboost,63280.30036558708
2014-10-14 03:00:00,ecl,aggregate_load,96,44,xgboost,64384.03320194537
2014-10-14 04:00:00,ecl,aggregate_load,96,44,xgboost,64613.74253818113
2014-10-14 05:00:00,ecl,aggregate_load,96,44,xgboost,64929.615214481455
2014-10-14 06:00:00,ecl,aggregate_load,96,44,xgboost,68388.69574915218
2014-10-14 07:00:00,ecl,aggregate_load,96,44,xgboost,70905.20862457475
2014-10-14 08:00:00,ecl,aggregate_load,96,44,xgboost,72515.82677527076
2014-10-14 09:00:00,ecl,aggregate_load,96,44,xgboost,71447.74229785016
2014-10-14 10:00:00,ecl,aggregate_load,96,44,xgboost,65973.61321947681
2014-10-14 11:00:00,ecl,aggregate_load,96,44,xgboost,66203.3226849613
2014-10-14 12:00:00,ecl,aggregate_load,96,44,xgboost,74357.19200405355
2014-10-14 13:00:00,ecl,aggregate_load,96,44,xgboost,68221.33698093881
2014-10-14 14:00:00,ecl,aggregate_load,96,44,xgboost,69303.53175935183
2014-10-14 15:00:00,ecl,aggregate_load,96,44,xgboost,61807.11031260083
2014-10-14 16:00:00,ecl,aggregate_load,96,44,xgboost,64239.72478130872
2014-10-14 17:00:00,ecl,aggregate_load,96,44,xgboost,76412.3672846058
2014-10-14 18:00:00,ecl,aggregate_load,96,44,xgboost,85320.79240304699
2014-10-14 19:00:00,ecl,aggregate_load,96,44,xgboost,89623.43800576078
2014-10-14 20:00:00,ecl,aggregate_load,96,44,xgboost,85734.14148159027
2014-10-14 21:00:00,ecl,aggregate_load,96,44,xgboost,91611.6830526539
2014-10-14 22:00:00,ecl,aggregate_load,96,44,xgboost,89937.97647086957
2014-10-14 23:00:00,ecl,aggregate_load,96,44,xgboost,92099.9008560457
2014-10-15 00:00:00,ecl,aggregate_load,96,44,xgboost,91185.31454629933
2014-10-15 01:00:00,ecl,aggregate_load,96,44,xgboost,89097.02796017111
2014-10-15 02:00:00,ecl,aggregate_load,96,44,xgboost,90945.90539691407
2014-10-15 03:00:00,ecl,aggregate_load,96,44,xgboost,90929.72059129378
2014-10-15 04:00:00,ecl,aggregate_load,96,44,xgboost,89741.89406040101
2014-10-15 05:00:00,ecl,aggregate_load,96,44,xgboost,86665.16298408697
2014-10-15 06:00:00,ecl,aggregate_load,96,44,xgboost,90352.72372162266
2014-10-15 07:00:00,ecl,aggregate_load,96,44,xgboost,89594.67306190298
2014-10-15 08:00:00,ecl,aggregate_load,96,44,xgboost,88414.50850119912
2014-10-15 09:00:00,ecl,aggregate_load,96,44,xgboost,89525.9600868672
2014-10-15 10:00:00,ecl,aggregate_load,96,44,xgboost,87071.82470542422
2014-10-15 11:00:00,ecl,aggregate_load,96,44,xgboost,73775.29692533718
2014-10-15 12:00:00,ecl,aggregate_load,96,44,xgboost,73290.31142018193
2014-10-15 13:00:00,ecl,aggregate_load,96,44,xgboost,71296.45268677399
2014-10-15 14:00:00,ecl,aggregate_load,96,44,xgboost,67950.24797854782
2014-10-15 15:00:00,ecl,aggregate_load,96,44,xgboost,65082.82595362102
2014-10-15 16:00:00,ecl,aggregate_load,96,44,xgboost,68632.86795148742
2014-10-15 17:00:00,ecl,aggregate_load,96,44,xgboost,66754.0619699724
2014-10-15 18:00:00,ecl,aggregate_load,96,44,xgboost,70476.37744810687
2014-10-15 19:00:00,ecl,aggregate_load,96,44,xgboost,69116.4126104024
2014-10-15 20:00:00,ecl,aggregate_load,96,44,xgboost,58441.939810339485
2014-10-15 21:00:00,ecl,aggregate_load,96,44,xgboost,63717.67126111348
2014-10-15 22:00:00,ecl,aggregate_load,96,44,xgboost,77802.79674183339
2014-10-15 23:00:00,ecl,aggregate_load,96,44,xgboost,79895.13712021254
2014-10-16 00:00:00,ecl,aggregate_load,96,44,xgboost,79472.02290792698
2014-10-16 01:00:00,ecl,aggregate_load,96,44,xgboost,76044.9217055113
2014-10-16 02:00:00,ecl,aggregate_load,96,44,xgboost,72428.6134994589
2014-10-16 03:00:00,ecl,aggregate_load,96,44,xgboost,70562.08565486515
2014-10-16 04:00:00,ecl,aggregate_load,96,44,xgboost,71980.95779338176
2014-10-16 05:00:00,ecl,aggregate_load,96,44,xgboost,71340.1579236554
2014-10-16 06:00:00,ecl,aggregate_load,96,44,xgboost,72864.04859351256
2014-10-16 07:00:00,ecl,aggregate_load,96,44,xgboost,71915.08974876825
2014-10-16 08:00:00,ecl,aggregate_load,96,44,xgboost,74824.12073626951
2014-10-16 09:00:00,ecl,aggregate_load,96,44,xgboost,75038.90742384156
2014-10-16 10:00:00,ecl,aggregate_load,96,44,xgboost,72336.33409758394
2014-10-16 11:00:00,ecl,aggregate_load,96,44,xgboost,67021.47922098805
2014-10-16 12:00:00,ecl,aggregate_load,96,44,xgboost,71626.88007509668
2014-10-16 13:00:00,ecl,aggregate_load,96,44,xgboost,56076.25112532064
2014-10-16 14:00:00,ecl,aggregate_load,96,44,xgboost,68937.64617056007
2014-10-16 15:00:00,ecl,aggregate_load,96,44,xgboost,64405.79995635379
2014-10-16 16:00:00,ecl,aggregate_load,96,44,xgboost,68691.0715736667
2014-10-16 17:00:00,ecl,aggregate_load,96,44,xgboost,63498.28858972148
2014-10-16 18:00:00,ecl,aggregate_load,96,44,xgboost,63588.25280068782
2014-10-16 19:00:00,ecl,aggregate_load,96,44,xgboost,66733.35313957495
2014-10-16 20:00:00,ecl,aggregate_load,96,44,xgboost,62991.457885588716
2014-10-16 21:00:00,ecl,aggregate_load,96,44,xgboost,66498.23478548728
2014-10-16 22:00:00,ecl,aggregate_load,96,44,xgboost,64265.224594686624
2014-10-16 23:00:00,ecl,aggregate_load,96,44,xgboost,68064.11673030451
2014-10-17 00:00:00,ecl,aggregate_load,96,44,xgboost,72775.61192586206
2014-10-17 01:00:00,ecl,aggregate_load,96,44,xgboost,71845.20701557568
2014-10-17 02:00:00,ecl,aggregate_load,96,44,xgboost,71765.46341521056
2014-10-17 03:00:00,ecl,aggregate_load,96,44,xgboost,69913.15677593977
2014-10-17 04:00:00,ecl,aggregate_load,96,44,xgboost,71746.36452633188
2014-10-17 05:00:00,ecl,aggregate_load,96,44,xgboost,74253.8786847177
2014-10-17 06:00:00,ecl,aggregate_load,96,44,xgboost,70290.02168188889
2014-10-17 07:00:00,ecl,aggregate_load,96,44,xgboost,71019.97986728932
2014-10-17 08:00:00,ecl,aggregate_load,96,44,xgboost,71421.88648671871
2014-10-17 09:00:00,ecl,aggregate_load,96,44,xgboost,77056.01063872392
2014-10-17 10:00:00,ecl,aggregate_load,96,44,xgboost,69971.50280524597
2014-10-17 11:00:00,ecl,aggregate_load,96,44,xgboost,73650.74430994428
2014-10-17 12:00:00,ecl,aggregate_load,96,44,xgboost,58261.91252621306
2014-10-17 13:00:00,ecl,aggregate_load,96,44,xgboost,55609.42124291785
2014-10-17 14:00:00,ecl,aggregate_load,96,44,xgboost,65773.17666793118
2014-10-17 15:00:00,ecl,aggregate_load,96,44,xgboost,60661.520924028104
2014-10-17 16:00:00,ecl,aggregate_load,96,44,xgboost,68398.89191719958
2014-10-17 17:00:00,ecl,aggregate_load,96,44,xgboost,67381.18302785813
2014-10-17 18:00:00,ecl,aggregate_load,96,44,xgboost,67646.61677210547
2014-10-17 19:00:00,ecl,aggregate_load,96,44,xgboost,70725.97049030922
2014-10-17 20:00:00,ecl,aggregate_load,96,44,xgboost,70069.71147507546
2014-10-17 21:00:00,ecl,aggregate_load,96,44,xgboost,70956.83543747223
2014-10-17 22:00:00,ecl,aggregate_load,96,44,xgboost,77132.98297553812
2014-10-17 23:00:00,ecl,aggregate_load,96,44,xgboost,78025.0467106123
2014-10-18 00:00:00,ecl,aggregate_load,96,44,xgboost,82559.78000950841
2014-10-18 01:00:00,ecl,aggregate_load,96,44,xgboost,79489.49034712507
2014-10-18 02:00:00,ecl,aggregate_load,96,44,xgboost,81677.04220322694
2014-10-18 03:00:00,ecl,aggregate_load,96,44,xgboost,78132.31462034541
2014-10-18 04:00:00,ecl,aggregate_load,96,44,xgboost,81842.07909831313
2014-10-18 05:00:00,ecl,aggregate_load,96,44,xgboost,82769.97506116521
2014-10-18 06:00:00,ecl,aggregate_load,96,44,xgboost,78583.4075780121
2014-10-18 07:00:00,ecl,aggregate_load,96,44,xgboost,79862.94126329834
2014-10-18 08:00:00,ecl,aggregate_load,96,44,xgboost,79515.25364947577
2014-10-18 09:00:00,ecl,aggregate_load,96,44,xgboost,82562.61746946348
2014-10-18 10:00:00,ecl,aggregate_load,96,44,xgboost,83587.2810224252
2014-10-18 11:00:00,ecl,aggregate_load,96,44,xgboost,74238.31282501739
2014-10-18 12:00:00,ecl,aggregate_load,96,44,xgboost,70138.64381047926
2014-10-18 13:00:00,ecl,aggregate_load,96,44,xgboost,82255.80409968407
2014-10-18 14:00:00,ecl,aggregate_load,96,44,xgboost,75887.9385767419
2014-10-18 15:00:00,ecl,aggregate_load,96,44,xgboost,78042.68849130334
2014-10-18 16:00:00,ecl,aggregate_load,96,44,xgboost,75376.47784219925
2014-10-18 17:00:00,ecl,aggregate_load,96,44,xgboost,74544.05599873951
2014-10-18 18:00:00,ecl,aggregate_load,96,44,xgboost,76137.34678451043
2014-10-18 19:00:00,ecl,aggregate_load,96,44,xgboost,78779.41970776104
2014-10-18 20:00:00,ecl,aggregate_load,96,44,xgboost,81034.62111049732
2014-10-18 21:00:00,ecl,aggregate_load,96,44,xgboost,87329.46228362636
2014-10-18 22:00:00,ecl,aggregate_load,96,44,xgboost,89435.2658475691
2014-10-18 23:00:00,ecl,aggregate_load,96,44,xgboost,97224.72230539715
2014-10-19 00:00:00,ecl,aggregate_load,96,44,xgboost,95336.47530966338
2014-10-19 01:00:00,ecl,aggregate_load,96,44,xgboost,94092.91274512792
2014-10-19 02:00:00,ecl,aggregate_load,96,44,xgboost,97351.2178556942
2014-10-19 03:00:00,ecl,aggregate_load,96,44,xgboost,93117.9007917057
2014-10-19 04:00:00,ecl,aggregate_load,96,44,xgboost,101862.74834456958
2014-10-19 05:00:00,ecl,aggregate_load,96,44,xgboost,99341.69371338561
2014-10-19 06:00:00,ecl,aggregate_load,96,44,xgboost,94648.46375536399
2014-10-19 07:00:00,ecl,aggregate_load,96,44,xgboost,100437.71966564911
2014-10-19 08:00:00,ecl,aggregate_load,96,44,xgboost,101876.21460135195
2014-10-19 09:00:00,ecl,aggregate_load,96,44,xgboost,102092.11582308305
2014-10-19 10:00:00,ecl,aggregate_load,96,44,xgboost,102250.25235934906
2014-10-19 11:00:00,ecl,aggregate_load,96,44,xgboost,91823.3179175378
2014-10-19 12:00:00,ecl,aggregate_load,96,44,xgboost,79429.489493407
2014-10-19 13:00:00,ecl,aggregate_load,96,44,xgboost,81100.6158965679
2014-10-19 14:00:00,ecl,aggregate_load,96,44,xgboost,84016.72579731153
2014-10-19 15:00:00,ecl,aggregate_load,96,44,xgboost,68946.44260739408
2014-10-19 16:00:00,ecl,aggregate_load,96,44,xgboost,75597.75907440759
2014-10-19 17:00:00,ecl,aggregate_load,96,44,xgboost,66357.22295926935
2014-10-19 18:00:00,ecl,aggregate_load,96,44,xgboost,59605.32458968512
2014-10-19 19:00:00,ecl,aggregate_load,96,44,xgboost,59602.64603922769
2014-10-19 20:00:00,ecl,aggregate_load,96,44,xgboost,51561.21258603859
2014-10-19 21:00:00,ecl,aggregate_load,96,44,xgboost,44506.275442107966
2014-10-19 22:00:00,ecl,aggregate_load,96,44,xgboost,56948.60697910461
2014-10-19 23:00:00,ecl,aggregate_load,96,44,xgboost,63491.5333604358
2014-10-20 00:00:00,ecl,aggregate_load,96,44,xgboost,50181.509830417264
2014-10-20 01:00:00,ecl,aggregate_load,96,44,xgboost,53577.07610961087
2014-10-20 02:00:00,ecl,aggregate_load,96,44,xgboost,53918.66286952631
2014-10-20 03:00:00,ecl,aggregate_load,96,44,xgboost,51321.92734935569
2014-10-20 04:00:00,ecl,aggregate_load,96,44,xgboost,53626.48690412267
2014-10-20 05:00:00,ecl,aggregate_load,96,44,xgboost,51684.82393084898
2014-10-20 06:00:00,ecl,aggregate_load,96,44,xgboost,51023.73048099206
2014-10-20 07:00:00,ecl,aggregate_load,96,44,xgboost,40950.00832365703
2014-10-20 08:00:00,ecl,aggregate_load,96,44,xgboost,40328.44640791163
2014-10-20 09:00:00,ecl,aggregate_load,96,44,xgboost,41215.629155371425
2014-10-20 10:00:00,ecl,aggregate_load,96,44,xgboost,41202.196922820345
2014-10-20 11:00:00,ecl,aggregate_load,96,44,xgboost,33730.93634133249
2014-10-20 12:00:00,ecl,aggregate_load,96,44,xgboost,33454.31963665093
2014-10-20 13:00:00,ecl,aggregate_load,96,44,xgboost,41383.04278270118
2014-10-20 14:00:00,ecl,aggregate_load,96,44,xgboost,36397.12216509998
2014-10-20 15:00:00,ecl,aggregate_load,96,44,xgboost,33831.987511896725
2014-10-20 16:00:00,ecl,aggregate_load,96,44,xgboost,32147.139015179204
2014-10-20 17:00:00,ecl,aggregate_load,96,44,xgboost,33262.29740067894
2014-10-20 18:00:00,ecl,aggregate_load,96,44,xgboost,35096.51892390753
2014-10-20 19:00:00,ecl,aggregate_load,96,44,xgboost,34708.53048988646
2014-10-20 20:00:00,ecl,aggregate_load,96,44,xgboost,38789.299034982636
2014-10-20 21:00:00,ecl,aggregate_load,96,44,xgboost,32903.992809836076
2014-10-20 22:00:00,ecl,aggregate_load,96,44,xgboost,28299.57201491015
2014-10-20 23:00:00,ecl,aggregate_load,96,44,xgboost,26539.077580269444
2014-10-21 00:00:00,ecl,aggregate_load,96,44,xgboost,32054.50730000198
2014-10-21 01:00:00,ecl,aggregate_load,96,44,xgboost,35160.670180751185
2014-10-21 02:00:00,ecl,aggregate_load,96,44,xgboost,35240.22677399474
2014-10-21 03:00:00,ecl,aggregate_load,96,44,xgboost,35021.60886345538
2014-10-21 04:00:00,ecl,aggregate_load,96,44,xgboost,36165.408355117244
2014-10-21 05:00:00,ecl,aggregate_load,96,44,xgboost,36345.01995632512
2014-10-21 06:00:00,ecl,aggregate_load,96,44,xgboost,34078.682049921794
2014-10-21 07:00:00,ecl,aggregate_load,96,44,xgboost,36228.79326879544
2014-10-21 08:00:00,ecl,aggregate_load,96,44,xgboost,34408.29497588705
2014-10-21 09:00:00,ecl,aggregate_load,96,44,xgboost,34025.1167361212
2014-10-21 10:00:00,ecl,aggregate_load,96,44,xgboost,33072.829704856515
2014-10-21 11:00:00,ecl,aggregate_load,96,44,xgboost,32958.45544108934
2014-10-21 12:00:00,ecl,aggregate_load,96,44,xgboost,33761.17483088539
2014-10-21 13:00:00,ecl,aggregate_load,96,44,xgboost,37359.30676640798
2014-10-21 14:00:00,ecl,aggregate_load,96,44,xgboost,34955.09284668811
2014-10-21 15:00:00,ecl,aggregate_load,96,44,xgboost,36126.71635285351
2014-10-21 16:00:00,ecl,aggregate_load,96,44,xgboost,42632.17141317176
2014-10-21 17:00:00,ecl,aggregate_load,96,44,xgboost,42216.07815168088
2014-10-21 18:00:00,ecl,aggregate_load,96,44,xgboost,37459.15964763623
2014-10-21 19:00:00,ecl,aggregate_load,96,44,xgboost,35488.954145160395
2014-10-21 20:00:00,ecl,aggregate_load,96,44,xgboost,39068.08597550076
2014-10-21 21:00:00,ecl,aggregate_load,96,44,xgboost,30500.46706562975
2014-10-21 22:00:00,ecl,aggregate_load,96,44,xgboost,32469.229525110557
2014-10-21 23:00:00,ecl,aggregate_load,96,44,xgboost,27240.301151525375
2014-10-22 00:00:00,ecl,aggregate_load,96,44,xgboost,28870.557837950037
2014-10-22 01:00:00,ecl,aggregate_load,96,44,xgboost,32507.57410095105
2014-10-22 02:00:00,ecl,aggregate_load,96,44,xgboost,38398.83670346553
2014-10-22 03:00:00,ecl,aggregate_load,96,44,xgboost,38022.990569808484
2014-10-22 04:00:00,ecl,aggregate_load,96,44,xgboost,39058.7198051359
2014-10-22 05:00:00,ecl,aggregate_load,96,44,xgboost,38774.29603045336
2014-10-22 06:00:00,ecl,aggregate_load,96,44,xgboost,37273.28298161993
2014-10-22 07:00:00,ecl,aggregate_load,96,44,xgboost,39460.85432905195
2014-10-22 08:00:00,ecl,aggregate_load,96,44,xgboost,37800.95672244026
2014-10-22 09:00:00,ecl,aggregate_load,96,44,xgboost,40630.83311098072
2014-10-22 10:00:00,ecl,aggregate_load,96,44,xgboost,41450.61592529347
2014-10-22 11:00:00,ecl,aggregate_load,96,44,xgboost,41507.73551515466
2014-10-22 12:00:00,ecl,aggregate_load,96,44,xgboost,41491.84906361784
2014-10-22 13:00:00,ecl,aggregate_load,96,44,xgboost,51802.45827632433
2014-10-22 14:00:00,ecl,aggregate_load,96,44,xgboost,75648.52788347701
2014-10-22 15:00:00,ecl,aggregate_load,96,44,xgboost,59949.48175800539
2014-10-22 16:00:00,ecl,aggregate_load,96,44,xgboost,63742.03833768173
2014-10-22 17:00:00,ecl,aggregate_load,96,44,xgboost,65205.9213234276
2014-10-22 18:00:00,ecl,aggregate_load,96,44,xgboost,65501.68369369544
2014-10-22 19:00:00,ecl,aggregate_load,96,44,xgboost,56053.85648271965
2014-10-22 20:00:00,ecl,aggregate_load,96,44,xgboost,59832.99564359736
2014-10-22 21:00:00,ecl,aggregate_load,96,44,xgboost,58047.88842619338
2014-10-22 22:00:00,ecl,aggregate_load,96,44,xgboost,47500.09215904659
2014-10-22 23:00:00,ecl,aggregate_load,96,44,xgboost,37706.06955461218
2014-10-23 00:00:00,ecl,aggregate_load,96,44,xgboost,38881.90122232031
2014-10-23 01:00:00,ecl,aggregate_load,96,44,xgboost,40345.84271284682
2014-10-23 02:00:00,ecl,aggregate_load,96,44,xgboost,40162.59687633835
2014-10-23 03:00:00,ecl,aggregate_load,96,44,xgboost,42231.907335257645
2014-10-23 04:00:00,ecl,aggregate_load,96,44,xgboost,45131.72638831296
2014-10-23 05:00:00,ecl,aggregate_load,96,44,xgboost,42163.1857283184
2014-10-23 06:00:00,ecl,aggregate_load,96,44,xgboost,46443.8021172939
2014-10-23 07:00:00,ecl,aggregate_load,96,44,xgboost,46429.710576894875
2014-10-23 08:00:00,ecl,aggregate_load,96,44,xgboost,43171.673402292006
2014-10-23 09:00:00,ecl,aggregate_load,96,44,xgboost,43580.40843399801
2014-10-23 10:00:00,ecl,aggregate_load,96,44,xgboost,47188.89338787008
2014-10-23 11:00:00,ecl,aggregate_load,96,44,xgboost,47622.39571589691
2014-10-23 12:00:00,ecl,aggregate_load,96,44,xgboost,40406.01315873919
2014-10-23 13:00:00,ecl,aggregate_load,96,44,xgboost,38150.121084115555
2014-10-23 14:00:00,ecl,aggregate_load,96,44,xgboost,33790.47908021956
2014-10-23 15:00:00,ecl,aggregate_load,96,44,xgboost,35423.04833261227
2014-10-23 16:00:00,ecl,aggregate_load,96,44,xgboost,33883.57651279109
2014-10-23 17:00:00,ecl,aggregate_load,96,44,xgboost,34805.348174445455
2014-10-23 18:00:00,ecl,aggregate_load,96,44,xgboost,31288.634323115595
2014-10-23 19:00:00,ecl,aggregate_load,96,44,xgboost,28436.944059500096
2014-10-23 20:00:00,ecl,aggregate_load,96,44,xgboost,28662.660299864423
2014-10-23 21:00:00,ecl,aggregate_load,96,44,xgboost,33177.763221607405
2014-10-23 22:00:00,ecl,aggregate_load,96,44,xgboost,30273.278424728032
2014-10-23 23:00:00,ecl,aggregate_load,96,44,xgboost,26331.42423630533
2014-10-24 00:00:00,ecl,aggregate_load,96,44,xgboost,25383.35769620079
2014-10-24 01:00:00,ecl,aggregate_load,96,44,xgboost,25458.497993272224
2014-10-24 02:00:00,ecl,aggregate_load,96,44,xgboost,26024.030381985594
2014-10-24 03:00:00,ecl,aggregate_load,96,44,xgboost,28586.378202199277
2014-10-24 04:00:00,ecl,aggregate_load,96,44,xgboost,28482.51394503293
2014-10-24 05:00:00,ecl,aggregate_load,96,44,xgboost,32279.370987049904
2014-10-24 06:00:00,ecl,aggregate_load,96,44,xgboost,29381.935281502916
2014-10-24 07:00:00,ecl,aggregate_load,96,44,xgboost,28673.117579485184
2014-10-24 08:00:00,ecl,aggregate_load,96,44,xgboost,27437.70043856684
2014-10-24 09:00:00,ecl,aggregate_load,96,44,xgboost,27637.35182944495
2014-10-24 10:00:00,ecl,aggregate_load,96,44,xgboost,26890.608351858828
2014-10-24 11:00:00,ecl,aggregate_load,96,44,xgboost,29635.733718680134
2014-10-24 12:00:00,ecl,aggregate_load,96,44,xgboost,27413.88378950134
2014-10-24 13:00:00,ecl,aggregate_load,96,44,xgboost,31599.23793269201
2014-10-24 14:00:00,ecl,aggregate_load,96,44,xgboost,28450.66971039052
2014-10-24 15:00:00,ecl,aggregate_load,96,44,xgboost,34386.95885157699
2014-10-24 16:00:00,ecl,aggregate_load,96,44,xgboost,36753.87373067341
2014-10-24 17:00:00,ecl,aggregate_load,96,44,xgboost,38469.21644549915
2014-10-24 18:00:00,ecl,aggregate_load,96,44,xgboost,40274.847045258175
2014-10-24 19:00:00,ecl,aggregate_load,96,44,xgboost,34547.84656950031
2014-10-24 20:00:00,ecl,aggregate_load,96,44,xgboost,38374.34346292471
2014-10-24 21:00:00,ecl,aggregate_load,96,44,xgboost,35064.64653052489
2014-10-24 22:00:00,ecl,aggregate_load,96,44,xgboost,37434.281853580185
2014-10-24 23:00:00,ecl,aggregate_load,96,44,xgboost,37450.14903756901
2014-10-25 00:00:00,ecl,aggregate_load,96,44,xgboost,42790.11938455101
2014-10-25 01:00:00,ecl,aggregate_load,96,44,xgboost,43526.45018986072
2014-10-25 02:00:00,ecl,aggregate_load,96,44,xgboost,43906.112531132276
2014-10-25 03:00:00,ecl,aggregate_load,96,44,xgboost,49959.67836712181
2014-10-25 04:00:00,ecl,aggregate_load,96,44,xgboost,52501.054500610015
2014-10-25 05:00:00,ecl,aggregate_load,96,44,xgboost,46064.1348125381
2014-10-25 06:00:00,ecl,aggregate_load,96,44,xgboost,49281.50084358146
2014-10-25 07:00:00,ecl,aggregate_load,96,44,xgboost,51008.846108646634
2014-10-25 08:00:00,ecl,aggregate_load,96,44,xgboost,48159.098149355734
2014-10-25 09:00:00,ecl,aggregate_load,96,44,xgboost,51935.91084499407
2014-10-25 10:00:00,ecl,aggregate_load,96,44,xgboost,51531.63682471953
2014-10-25 11:00:00,ecl,aggregate_load,96,44,xgboost,54029.62848750607
2014-10-25 12:00:00,ecl,aggregate_load,96,44,xgboost,53003.944285293655
2014-10-25 13:00:00,ecl,aggregate_load,96,44,xgboost,44582.71614793249
2014-10-25 14:00:00,ecl,aggregate_load,96,44,xgboost,48822.618790001135
2014-10-25 15:00:00,ecl,aggregate_load,96,44,xgboost,36336.64799034058
2014-10-25 16:00:00,ecl,aggregate_load,96,44,xgboost,39677.39391161021
2014-10-25 17:00:00,ecl,aggregate_load,96,44,xgboost,37652.16284836247
2014-10-25 18:00:00,ecl,aggregate_load,96,44,xgboost,43153.34241287322
2014-10-25 19:00:00,ecl,aggregate_load,96,44,xgboost,29110.812399607967
2014-10-25 20:00:00,ecl,aggregate_load,96,44,xgboost,35753.420123455966
2014-10-25 21:00:00,ecl,aggregate_load,96,44,xgboost,36052.1775143487
2014-10-25 22:00:00,ecl,aggregate_load,96,44,xgboost,34361.361029098625
2014-10-25 23:00:00,ecl,aggregate_load,96,44,xgboost,36593.41744898288
2014-10-26 00:00:00,ecl,aggregate_load,96,44,xgboost,40268.05902713969
2014-10-26 01:00:00,ecl,aggregate_load,96,44,xgboost,43849.482358035464
2014-10-26 02:00:00,ecl,aggregate_load,96,44,xgboost,69175.6836868764
2014-10-26 03:00:00,ecl,aggregate_load,96,44,xgboost,47228.67967492711
2014-10-26 04:00:00,ecl,aggregate_load,96,44,xgboost,55109.09506214579
2014-10-26 05:00:00,ecl,aggregate_load,96,44,xgboost,45555.87339090049
2014-10-26 06:00:00,ecl,aggregate_load,96,44,xgboost,49753.1559707886
2014-10-26 07:00:00,ecl,aggregate_load,96,44,xgboost,49002.83005928223
2014-10-26 08:00:00,ecl,aggregate_load,96,44,xgboost,48034.5952943434
2014-10-26 09:00:00,ecl,aggregate_load,96,44,xgboost,50704.265825524424
2014-10-26 10:00:00,ecl,aggregate_load,96,44,xgboost,53006.3812771725
2014-10-26 11:00:00,ecl,aggregate_load,96,44,xgboost,50767.76887906364
2014-10-26 12:00:00,ecl,aggregate_load,96,44,xgboost,44553.492086688355
2014-10-26 13:00:00,ecl,aggregate_load,96,44,xgboost,39825.569177598285
2014-10-26 14:00:00,ecl,aggregate_load,96,44,xgboost,42258.04713143969
2014-10-26 15:00:00,ecl,aggregate_load,96,44,xgboost,40791.40985810381
2014-10-26 16:00:00,ecl,aggregate_load,96,44,xgboost,37173.65541629954
2014-10-26 17:00:00,ecl,aggregate_load,96,44,xgboost,30502.10950634458
2014-10-26 18:00:00,ecl,aggregate_load,96,44,xgboost,33497.05399265856
2014-10-26 19:00:00,ecl,aggregate_load,96,44,xgboost,38856.961432659176
2014-10-26 20:00:00,ecl,aggregate_load,96,44,xgboost,31809.643362855048
2014-10-26 21:00:00,ecl,aggregate_load,96,44,xgboost,27361.403732269304
2014-10-26 22:00:00,ecl,aggregate_load,96,44,xgboost,28239.5824435485
2014-10-26 23:00:00,ecl,aggregate_load,96,44,xgboost,26952.502780334307
2014-10-27 00:00:00,ecl,aggregate_load,96,44,xgboost,30510.033394128743
2014-10-27 01:00:00,ecl,aggregate_load,96,44,xgboost,47892.46285463524
2014-10-27 02:00:00,ecl,aggregate_load,96,44,xgboost,21740.37262684081
2014-10-27 03:00:00,ecl,aggregate_load,96,44,xgboost,22056.331818488074
2014-10-27 04:00:00,ecl,aggregate_load,96,44,xgboost,22620.96070651077
2014-10-27 05:00:00,ecl,aggregate_load,96,44,xgboost,24567.93073533512
2014-10-27 06:00:00,ecl,aggregate_load,96,44,xgboost,23261.218814064796
2014-10-27 07:00:00,ecl,aggregate_load,96,44,xgboost,23600.25169927198
2014-10-27 08:00:00,ecl,aggregate_load,96,44,xgboost,26375.05852731754
2014-10-27 09:00:00,ecl,aggregate_load,96,44,xgboost,29477.93070105711
2014-10-27 10:00:00,ecl,aggregate_load,96,44,xgboost,25895.12436177179
2014-10-27 11:00:00,ecl,aggregate_load,96,44,xgboost,30464.173214780865
2014-10-27 12:00:00,ecl,aggregate_load,96,44,xgboost,25083.353177130408
2014-10-27 13:00:00,ecl,aggregate_load,96,44,xgboost,22455.73276554675
2014-10-27 14:00:00,ecl,aggregate_load,96,44,xgboost,23397.619943742047
2014-10-27 15:00:00,ecl,aggregate_load,96,44,xgboost,23519.921131844403
2014-10-27 16:00:00,ecl,aggregate_load,96,44,xgboost,22269.18347931374
2014-10-27 17:00:00,ecl,aggregate_load,96,44,xgboost,22254.438082737845
2014-10-27 18:00:00,ecl,aggregate_load,96,44,xgboost,23438.025973513315
2014-10-27 19:00:00,ecl,aggregate_load,96,44,xgboost,22360.688279370443
2014-10-27 20:00:00,ecl,aggregate_load,96,44,xgboost,23025.910802973114
2014-10-27 21:00:00,ecl,aggregate_load,96,44,xgboost,22891.04680400911
2014-10-27 22:00:00,ecl,aggregate_load,96,44,xgboost,22787.191862016713
2014-10-27 23:00:00,ecl,aggregate_load,96,44,xgboost,20437.03316103974
2014-10-28 00:00:00,ecl,aggregate_load,96,44,xgboost,18933.30327548339
2014-10-28 01:00:00,ecl,aggregate_load,96,44,xgboost,22337.399226418143
2014-10-28 02:00:00,ecl,aggregate_load,96,44,xgboost,23534.086307943846
2014-10-28 03:00:00,ecl,aggregate_load,96,44,xgboost,26771.429206378292
2014-10-28 04:00:00,ecl,aggregate_load,96,44,xgboost,27512.055730226886
2014-10-28 05:00:00,ecl,aggregate_load,96,44,xgboost,26971.65353805525
2014-10-28 06:00:00,ecl,aggregate_load,96,44,xgboost,23839.159427366085
2014-10-28 07:00:00,ecl,aggregate_load,96,44,xgboost,26726.282307848916
2014-10-28 08:00:00,ecl,aggregate_load,96,44,xgboost,26737.05940121539
2014-10-28 09:00:00,ecl,aggregate_load,96,44,xgboost,29824.769696425836
2014-10-28 10:00:00,ecl,aggregate_load,96,44,xgboost,31271.81500010363
2014-10-28 11:00:00,ecl,aggregate_load,96,44,xgboost,27524.338505734147
2014-10-28 12:00:00,ecl,aggregate_load,96,44,xgboost,31245.533506757653
2014-10-28 13:00:00,ecl,aggregate_load,96,44,xgboost,22669.440996289468
2014-10-28 14:00:00,ecl,aggregate_load,96,44,xgboost,25994.456490763358
2014-10-28 15:00:00,ecl,aggregate_load,96,44,xgboost,24281.943910029902
2014-10-28 16:00:00,ecl,aggregate_load,96,44,xgboost,26017.063313921124
2014-10-28 17:00:00,ecl,aggregate_load,96,44,xgboost,26031.76234445874
2014-10-28 18:00:00,ecl,aggregate_load,96,44,xgboost,25292.80902823698
2014-10-28 19:00:00,ecl,aggregate_load,96,44,xgboost,25406.260010575304
2014-10-28 20:00:00,ecl,aggregate_load,96,44,xgboost,23106.47688488809
2014-10-28 21:00:00,ecl,aggregate_load,96,44,xgboost,23590.501194406435
2014-10-28 22:00:00,ecl,aggregate_load,96,44,xgboost,23682.879495758814
2014-10-28 23:00:00,ecl,aggregate_load,96,44,xgboost,18386.907782549006
2014-10-29 00:00:00,ecl,aggregate_load,96,44,xgboost,19391.351655363993
2014-10-29 01:00:00,ecl,aggregate_load,96,44,xgboost,20589.860072759737
2014-10-29 02:00:00,ecl,aggregate_load,96,44,xgboost,21667.412540029847
2014-10-29 03:00:00,ecl,aggregate_load,96,44,xgboost,25016.99509438143
2014-10-29 04:00:00,ecl,aggregate_load,96,44,xgboost,26036.835976486862
2014-10-29 05:00:00,ecl,aggregate_load,96,44,xgboost,27690.01129287829
2014-10-29 06:00:00,ecl,aggregate_load,96,44,xgboost,21489.37167721672
2014-10-29 07:00:00,ecl,aggregate_load,96,44,xgboost,25007.618559475402
2014-10-29 08:00:00,ecl,aggregate_load,96,44,xgboost,24624.550863681045
2014-10-29 09:00:00,ecl,aggregate_load,96,44,xgboost,28462.26274669469
2014-10-29 10:00:00,ecl,aggregate_load,96,44,xgboost,26883.42924840711
2014-10-29 11:00:00,ecl,aggregate_load,96,44,xgboost,26511.42460390879
2014-10-29 12:00:00,ecl,aggregate_load,96,44,xgboost,26196.682841931517
2014-10-29 13:00:00,ecl,aggregate_load,96,44,xgboost,32837.30002441076
2014-10-29 14:00:00,ecl,aggregate_load,96,44,xgboost,25576.606494724096
2014-10-29 15:00:00,ecl,aggregate_load,96,44,xgboost,29747.73174682773
2014-10-29 16:00:00,ecl,aggregate_load,96,44,xgboost,27130.37868073837
2014-10-29 17:00:00,ecl,aggregate_load,96,44,xgboost,26240.1579449615
2014-10-29 18:00:00,ecl,aggregate_load,96,44,xgboost,24492.53347582345
2014-10-29 19:00:00,ecl,aggregate_load,96,44,xgboost,25289.211076466036
2014-10-29 20:00:00,ecl,aggregate_load,96,44,xgboost,24327.05250891876
2014-10-29 21:00:00,ecl,aggregate_load,96,44,xgboost,27381.760784049704
2014-10-29 22:00:00,ecl,aggregate_load,96,44,xgboost,24280.88990131429
2014-10-29 23:00:00,ecl,aggregate_load,96,44,xgboost,23629.388525968632
2014-10-30 00:00:00,ecl,aggregate_load,96,44,xgboost,22485.729005557034
2014-10-30 01:00:00,ecl,aggregate_load,96,44,xgboost,23127.34654344435
2014-10-30 02:00:00,ecl,aggregate_load,96,44,xgboost,25937.63539821899
2014-10-30 03:00:00,ecl,aggregate_load,96,44,xgboost,27076.337785881613
2014-10-30 04:00:00,ecl,aggregate_load,96,44,xgboost,28226.481881614727
2014-10-30 05:00:00,ecl,aggregate_load,96,44,xgboost,28665.01016813434
2014-10-30 06:00:00,ecl,aggregate_load,96,44,xgboost,24421.46874629275
2014-10-30 07:00:00,ecl,aggregate_load,96,44,xgboost,27138.895446527156
2014-10-30 08:00:00,ecl,aggregate_load,96,44,xgboost,26640.909875195055
2014-10-30 09:00:00,ecl,aggregate_load,96,44,xgboost,26846.707406659803
2014-10-30 10:00:00,ecl,aggregate_load,96,44,xgboost,26823.64440008148
2014-10-30 11:00:00,ecl,aggregate_load,96,44,xgboost,30789.110566432908
2014-10-30 12:00:00,ecl,aggregate_load,96,44,xgboost,27988.60810085907
2014-10-30 13:00:00,ecl,aggregate_load,96,44,xgboost,26207.27129053116
2014-10-30 14:00:00,ecl,aggregate_load,96,44,xgboost,27327.240567668767
2014-10-30 15:00:00,ecl,aggregate_load,96,44,xgboost,27607.425226696985
2014-10-30 16:00:00,ecl,aggregate_load,96,44,xgboost,28798.072513386596
2014-10-30 17:00:00,ecl,aggregate_load,96,44,xgboost,27431.10603377002
2014-10-30 18:00:00,ecl,aggregate_load,96,44,xgboost,30098.965769194776
2014-10-30 19:00:00,ecl,aggregate_load,96,44,xgboost,31740.32110801958
2014-10-30 20:00:00,ecl,aggregate_load,96,44,xgboost,30031.759984411998
2014-10-30 21:00:00,ecl,aggregate_load,96,44,xgboost,30874.590412401154
2014-10-30 22:00:00,ecl,aggregate_load,96,44,xgboost,30263.374722382334
2014-10-30 23:00:00,ecl,aggregate_load,96,44,xgboost,28289.64936439524
2014-10-31 00:00:00,ecl,aggregate_load,96,44,xgboost,28329.346720015088
2014-10-31 01:00:00,ecl,aggregate_load,96,44,xgboost,32528.274868563352
2014-10-31 02:00:00,ecl,aggregate_load,96,44,xgboost,32992.856020856605
2014-10-31 03:00:00,ecl,aggregate_load,96,44,xgboost,31797.07450045848
2014-10-31 04:00:00,ecl,aggregate_load,96,44,xgboost,34267.487866814095
2014-10-31 05:00:00,ecl,aggregate_load,96,44,xgboost,34211.563575201275
2014-10-31 06:00:00,ecl,aggregate_load,96,44,xgboost,32596.12326880686
2014-10-31 07:00:00,ecl,aggregate_load,96,44,xgboost,31328.053284535865
2014-10-31 08:00:00,ecl,aggregate_load,96,44,xgboost,32072.28327882834
2014-10-31 09:00:00,ecl,aggregate_load,96,44,xgboost,32507.30561405724
2014-10-31 10:00:00,ecl,aggregate_load,96,44,xgboost,35335.695801934104
2014-10-31 11:00:00,ecl,aggregate_load,96,44,xgboost,37761.211824880884
2014-10-31 12:00:00,ecl,aggregate_load,96,44,xgboost,33964.07765595146
2014-10-31 13:00:00,ecl,aggregate_load,96,44,xgboost,33883.970778996394
2014-10-31 14:00:00,ecl,aggregate_load,96,44,xgboost,34536.03053059277
2014-10-31 15:00:00,ecl,aggregate_load,96,44,xgboost,35150.57520588072
2014-10-31 16:00:00,ecl,aggregate_load,96,44,xgboost,37613.544522410324
2014-10-31 17:00:00,ecl,aggregate_load,96,44,xgboost,38037.19295594263
2014-10-31 18:00:00,ecl,aggregate_load,96,44,xgboost,43817.249973333935
2014-10-31 19:00:00,ecl,aggregate_load,96,44,xgboost,43445.52515365292
2014-10-31 20:00:00,ecl,aggregate_load,96,44,xgboost,44027.232077684275
2014-10-31 21:00:00,ecl,aggregate_load,96,44,xgboost,45584.307203376724
2014-10-31 22:00:00,ecl,aggregate_load,96,44,xgboost,42290.889011211555
2014-10-31 23:00:00,ecl,aggregate_load,96,44,xgboost,41912.15026781609
2014-11-01 00:00:00,ecl,aggregate_load,96,44,xgboost,42356.63001239733
2014-11-01 01:00:00,ecl,aggregate_load,96,44,xgboost,45877.9393820176
2014-11-01 02:00:00,ecl,aggregate_load,96,44,xgboost,44817.455726062275
2014-11-01 03:00:00,ecl,aggregate_load,96,44,xgboost,46561.50795702868
2014-11-01 04:00:00,ecl,aggregate_load,96,44,xgboost,49463.66793540495
2014-11-01 05:00:00,ecl,aggregate_load,96,44,xgboost,47368.29109774759
2014-11-01 06:00:00,ecl,aggregate_load,96,44,xgboost,44438.86457276001
2014-11-01 07:00:00,ecl,aggregate_load,96,44,xgboost,48815.005103408446
2014-11-01 08:00:00,ecl,aggregate_load,96,44,xgboost,46099.93144279252
2014-11-01 09:00:00,ecl,aggregate_load,96,44,xgboost,48386.99201750811
2014-11-01 10:00:00,ecl,aggregate_load,96,44,xgboost,52089.63253959967
2014-11-01 11:00:00,ecl,aggregate_load,96,44,xgboost,49717.88552367237
2014-11-01 12:00:00,ecl,aggregate_load,96,44,xgboost,51629.05603983158
2014-11-01 13:00:00,ecl,aggregate_load,96,44,xgboost,58276.9731118804
2014-11-01 14:00:00,ecl,aggregate_load,96,44,xgboost,48606.242768079705
2014-11-01 15:00:00,ecl,aggregate_load,96,44,xgboost,49574.10128033658
2014-11-01 16:00:00,ecl,aggregate_load,96,44,xgboost,49341.6527512685
2014-11-01 17:00:00,ecl,aggregate_load,96,44,xgboost,48738.12684923818
2014-11-01 18:00:00,ecl,aggregate_load,96,44,xgboost,48656.06107513245
2014-11-01 19:00:00,ecl,aggregate_load,96,44,xgboost,56366.74661617522
2014-11-01 20:00:00,ecl,aggregate_load,96,44,xgboost,51826.17568942279
2014-11-01 21:00:00,ecl,aggregate_load,96,44,xgboost,47591.405244284
2014-11-01 22:00:00,ecl,aggregate_load,96,44,xgboost,42632.1897774148
2014-11-01 23:00:00,ecl,aggregate_load,96,44,xgboost,44505.987500017836
2014-11-02 00:00:00,ecl,aggregate_load,96,44,xgboost,47437.821063793665
2014-11-02 01:00:00,ecl,aggregate_load,96,44,xgboost,51444.813896464904
2014-11-02 02:00:00,ecl,aggregate_load,96,44,xgboost,48554.20007317488
2014-11-02 03:00:00,ecl,aggregate_load,96,44,xgboost,46113.54012933952
2014-11-02 04:00:00,ecl,aggregate_load,96,44,xgboost,44961.25008780193
2014-11-02 05:00:00,ecl,aggregate_load,96,44,xgboost,43620.069964286115
2014-11-02 06:00:00,ecl,aggregate_load,96,44,xgboost,40590.32689967262
2014-11-02 07:00:00,ecl,aggregate_load,96,44,xgboost,41446.640965254635
2014-11-02 08:00:00,ecl,aggregate_load,96,44,xgboost,40592.81755352354
2014-11-02 09:00:00,ecl,aggregate_load,96,44,xgboost,41359.772411359074
2014-11-02 10:00:00,ecl,aggregate_load,96,44,xgboost,45255.31901814257
2014-11-02 11:00:00,ecl,aggregate_load,96,44,xgboost,48724.99689397446
2014-11-02 12:00:00,ecl,aggregate_load,96,44,xgboost,46116.5875911944
2014-11-02 13:00:00,ecl,aggregate_load,96,44,xgboost,49247.69715791717
2014-11-02 14:00:00,ecl,aggregate_load,96,44,xgboost,44993.48064763946
2014-11-02 15:00:00,ecl,aggregate_load,96,44,xgboost,34665.621492145125
2014-11-02 16:00:00,ecl,aggregate_load,96,44,xgboost,32717.26642497584
2014-11-02 17:00:00,ecl,aggregate_load,96,44,xgboost,32118.164947135283
2014-11-02 18:00:00,ecl,aggregate_load,96,44,xgboost,33503.278618104894
2014-11-02 19:00:00,ecl,aggregate_load,96,44,xgboost,40044.15001320044
2014-11-02 20:00:00,ecl,aggregate_load,96,44,xgboost,38308.49317449928
2014-11-02 21:00:00,ecl,aggregate_load,96,44,xgboost,39480.7520268756
2014-11-02 22:00:00,ecl,aggregate_load,96,44,xgboost,40452.63239695649
2014-11-02 23:00:00,ecl,aggregate_load,96,44,xgboost,40900.56189525832
2014-11-03 00:00:00,ecl,aggregate_load,96,44,xgboost,40871.10273998028
2014-11-03 01:00:00,ecl,aggregate_load,96,44,xgboost,45121.95551617184
2014-11-03 02:00:00,ecl,aggregate_load,96,44,xgboost,47043.68118072794
2014-11-03 03:00:00,ecl,aggregate_load,96,44,xgboost,47558.89308414044
2014-11-03 04:00:00,ecl,aggregate_load,96,44,xgboost,43960.25194726169
2014-11-03 05:00:00,ecl,aggregate_load,96,44,xgboost,46116.19255859813
2014-11-03 06:00:00,ecl,aggregate_load,96,44,xgboost,41278.96174859803
2014-11-03 07:00:00,ecl,aggregate_load,96,44,xgboost,39933.75486200308
2014-11-03 08:00:00,ecl,aggregate_load,96,44,xgboost,40459.883866595126
2014-11-03 09:00:00,ecl,aggregate_load,96,44,xgboost,38136.840191341296
2014-11-03 10:00:00,ecl,aggregate_load,96,44,xgboost,43235.02937278263
2014-11-03 11:00:00,ecl,aggregate_load,96,44,xgboost,43813.052149269606
2014-11-03 12:00:00,ecl,aggregate_load,96,44,xgboost,43542.75463631744
2014-11-03 13:00:00,ecl,aggregate_load,96,44,xgboost,48081.33457765067
2014-11-03 14:00:00,ecl,aggregate_load,96,44,xgboost,44370.144608892086
2014-11-03 15:00:00,ecl,aggregate_load,96,44,xgboost,43937.391033646905
2014-11-03 16:00:00,ecl,aggregate_load,96,44,xgboost,41448.908804376435
2014-11-03 17:00:00,ecl,aggregate_load,96,44,xgboost,34947.58968961689
2014-11-03 18:00:00,ecl,aggregate_load,96,44,xgboost,35376.208793902
2014-11-03 19:00:00,ecl,aggregate_load,96,44,xgboost,37959.07801572766
2014-11-03 20:00:00,ecl,aggregate_load,96,44,xgboost,37456.99208824714
2014-11-03 21:00:00,ecl,aggregate_load,96,44,xgboost,36801.779064775445
2014-11-03 22:00:00,ecl,aggregate_load,96,44,xgboost,38730.911182226955
2014-11-03 23:00:00,ecl,aggregate_load,96,44,xgboost,35350.15037146568
2014-11-04 00:00:00,ecl,aggregate_load,96,44,xgboost,37409.929786882094
2014-11-04 01:00:00,ecl,aggregate_load,96,44,xgboost,37180.155332031805
2014-11-04 02:00:00,ecl,aggregate_load,96,44,xgboost,40724.32318445607
2014-11-04 03:00:00,ecl,aggregate_load,96,44,xgboost,39799.64844104723
2014-11-04 04:00:00,ecl,aggregate_load,96,44,xgboost,37257.508239583054
2014-11-04 05:00:00,ecl,aggregate_load,96,44,xgboost,37712.90716045829
2014-11-04 06:00:00,ecl,aggregate_load,96,44,xgboost,35441.18575833679
2014-11-04 07:00:00,ecl,aggregate_load,96,44,xgboost,35432.635272391846
2014-11-04 08:00:00,ecl,aggregate_load,96,44,xgboost,35797.66050604573
2014-11-04 09:00:00,ecl,aggregate_load,96,44,xgboost,36391.30867589975
2014-11-04 10:00:00,ecl,aggregate_load,96,44,xgboost,34014.42362238933
2014-11-04 11:00:00,ecl,aggregate_load,96,44,xgboost,39937.03468320879
2014-11-04 12:00:00,ecl,aggregate_load,96,44,xgboost,30516.031542500466
2014-11-04 13:00:00,ecl,aggregate_load,96,44,xgboost,32331.346781974975
2014-11-04 14:00:00,ecl,aggregate_load,96,44,xgboost,30599.581327740965
2014-11-04 15:00:00,ecl,aggregate_load,96,44,xgboost,27894.276647198985
2014-11-04 16:00:00,ecl,aggregate_load,96,44,xgboost,27923.18693184549
2014-11-04 17:00:00,ecl,aggregate_load,96,44,xgboost,27002.861656367877
2014-11-04 18:00:00,ecl,aggregate_load,96,44,xgboost,26510.687199510518
2014-11-04 19:00:00,ecl,aggregate_load,96,44,xgboost,25295.253588066902
2014-11-04 20:00:00,ecl,aggregate_load,96,44,xgboost,26799.320141461096
2014-11-04 21:00:00,ecl,aggregate_load,96,44,xgboost,31273.48649124782
2014-11-04 22:00:00,ecl,aggregate_load,96,44,xgboost,30830.68148376611
2014-11-04 23:00:00,ecl,aggregate_load,96,44,xgboost,29049.602840136853
2014-11-05 00:00:00,ecl,aggregate_load,96,44,xgboost,28941.61699876322
2014-11-05 01:00:00,ecl,aggregate_load,96,44,xgboost,32815.298286074474
2014-11-05 02:00:00,ecl,aggregate_load,96,44,xgboost,36866.974488806714
2014-11-05 03:00:00,ecl,aggregate_load,96,44,xgboost,34630.62045694811
2014-11-05 04:00:00,ecl,aggregate_load,96,44,xgboost,33952.15529434181
2014-11-05 05:00:00,ecl,aggregate_load,96,44,xgboost,32289.78830923834
2014-11-05 06:00:00,ecl,aggregate_load,96,44,xgboost,31561.10544949349
2014-11-05 07:00:00,ecl,aggregate_load,96,44,xgboost,32599.385316933374
2014-11-05 08:00:00,ecl,aggregate_load,96,44,xgboost,32579.565978527753
2014-11-05 09:00:00,ecl,aggregate_load,96,44,xgboost,31627.659041313123
2014-11-05 10:00:00,ecl,aggregate_load,96,44,xgboost,29436.85860404446
2014-11-05 11:00:00,ecl,aggregate_load,96,44,xgboost,25938.608956865442
2014-11-05 12:00:00,ecl,aggregate_load,96,44,xgboost,27865.406425068835
2014-11-05 13:00:00,ecl,aggregate_load,96,44,xgboost,28252.826323241316
2014-11-05 14:00:00,ecl,aggregate_load,96,44,xgboost,28365.56784666808
2014-11-05 15:00:00,ecl,aggregate_load,96,44,xgboost,28446.106163824967
2014-11-05 16:00:00,ecl,aggregate_load,96,44,xgboost,24288.631457877815
2014-11-05 17:00:00,ecl,aggregate_load,96,44,xgboost,24159.111407935412
2014-11-05 18:00:00,ecl,aggregate_load,96,44,xgboost,22877.080255327746
2014-11-05 19:00:00,ecl,aggregate_load,96,44,xgboost,23356.763760271384
2014-11-05 20:00:00,ecl,aggregate_load,96,44,xgboost,20556.097817279464
2014-11-05 21:00:00,ecl,aggregate_load,96,44,xgboost,19136.95261466506
2014-11-05 22:00:00,ecl,aggregate_load,96,44,xgboost,21557.81049991727
2014-11-05 23:00:00,ecl,aggregate_load,96,44,xgboost,21778.90325772537
2014-11-06 00:00:00,ecl,aggregate_load,96,44,xgboost,22151.159710424185
2014-11-06 01:00:00,ecl,aggregate_load,96,44,xgboost,22264.94366782901
2014-11-06 02:00:00,ecl,aggregate_load,96,44,xgboost,22645.583070222638
2014-11-06 03:00:00,ecl,aggregate_load,96,44,xgboost,22643.617988645114
2014-11-06 04:00:00,ecl,aggregate_load,96,44,xgboost,20348.00511963975
2014-11-06 05:00:00,ecl,aggregate_load,96,44,xgboost,20276.942749684724
2014-11-06 06:00:00,ecl,aggregate_load,96,44,xgboost,19768.248699848282
2014-11-06 07:00:00,ecl,aggregate_load,96,44,xgboost,20404.51409677204
2014-11-06 08:00:00,ecl,aggregate_load,96,44,xgboost,19971.79216397982
2014-11-06 09:00:00,ecl,aggregate_load,96,44,xgboost,20841.906438146467
2014-11-06 10:00:00,ecl,aggregate_load,96,44,xgboost,21207.608729466094
2014-11-06 11:00:00,ecl,aggregate_load,96,44,xgboost,23427.25252449044
2014-11-06 12:00:00,ecl,aggregate_load,96,44,xgboost,22138.545689528895
2014-11-06 13:00:00,ecl,aggregate_load,96,44,xgboost,23232.26409273483
2014-11-06 14:00:00,ecl,aggregate_load,96,44,xgboost,23842.999917717945
2014-11-06 15:00:00,ecl,aggregate_load,96,44,xgboost,21366.26782213316
2014-11-06 16:00:00,ecl,aggregate_load,96,44,xgboost,20055.21686409654
2014-11-06 17:00:00,ecl,aggregate_load,96,44,xgboost,19380.487027250052
2014-11-06 18:00:00,ecl,aggregate_load,96,44,xgboost,19575.68887112549
2014-11-06 19:00:00,ecl,aggregate_load,96,44,xgboost,22563.203058670664
2014-11-06 20:00:00,ecl,aggregate_load,96,44,xgboost,21316.940239680534
2014-11-06 21:00:00,ecl,aggregate_load,96,44,xgboost,22720.858752026634
2014-11-06 22:00:00,ecl,aggregate_load,96,44,xgboost,24955.264260636668
2014-11-06 23:00:00,ecl,aggregate_load,96,44,xgboost,24629.710721118918
2014-11-07 00:00:00,ecl,aggregate_load,96,44,xgboost,24106.82231806887
2014-11-07 01:00:00,ecl,aggregate_load,96,44,xgboost,25868.975889085472
2014-11-07 02:00:00,ecl,aggregate_load,96,44,xgboost,27475.12367304431
2014-11-07 03:00:00,ecl,aggregate_load,96,44,xgboost,27090.938631769273
2014-11-07 04:00:00,ecl,aggregate_load,96,44,xgboost,26842.89595523609
2014-11-07 05:00:00,ecl,aggregate_load,96,44,xgboost,26765.089485376015
2014-11-07 06:00:00,ecl,aggregate_load,96,44,xgboost,26301.50945616625
2014-11-07 07:00:00,ecl,aggregate_load,96,44,xgboost,24766.23817448324
2014-11-07 08:00:00,ecl,aggregate_load,96,44,xgboost,23952.540112877865
2014-11-07 09:00:00,ecl,aggregate_load,96,44,xgboost,22468.25292252902
2014-11-07 10:00:00,ecl,aggregate_load,96,44,xgboost,25535.695503696712
2014-11-07 11:00:00,ecl,aggregate_load,96,44,xgboost,24306.057786920148
2014-11-07 12:00:00,ecl,aggregate_load,96,44,xgboost,25199.83301747976
2014-11-07 13:00:00,ecl,aggregate_load,96,44,xgboost,26051.41651564432
2014-11-07 14:00:00,ecl,aggregate_load,96,44,xgboost,25628.123071442402
2014-11-07 15:00:00,ecl,aggregate_load,96,44,xgboost,24664.628605178572
2014-11-07 16:00:00,ecl,aggregate_load,96,44,xgboost,24318.26798927113
2014-11-07 17:00:00,ecl,aggregate_load,96,44,xgboost,24313.538753987188
2014-11-07 18:00:00,ecl,aggregate_load,96,44,xgboost,26421.202136467113
2014-11-07 19:00:00,ecl,aggregate_load,96,44,xgboost,29705.462069801924
2014-11-07 20:00:00,ecl,aggregate_load,96,44,xgboost,25749.6062243738
2014-11-07 21:00:00,ecl,aggregate_load,96,44,xgboost,25023.01736357357
2014-11-07 22:00:00,ecl,aggregate_load,96,44,xgboost,25304.546585104206
2014-11-07 23:00:00,ecl,aggregate_load,96,44,xgboost,27264.394193668355
2014-11-08 00:00:00,ecl,aggregate_load,96,44,xgboost,25552.59228746104
2014-11-08 01:00:00,ecl,aggregate_load,96,44,xgboost,26158.203992920364
2014-11-08 02:00:00,ecl,aggregate_load,96,44,xgboost,27757.7591352361
2014-11-08 03:00:00,ecl,aggregate_load,96,44,xgboost,28307.73831012331
2014-11-08 04:00:00,ecl,aggregate_load,96,44,xgboost,26166.779423367305
2014-11-08 05:00:00,ecl,aggregate_load,96,44,xgboost,27327.462277433293
2014-11-08 06:00:00,ecl,aggregate_load,96,44,xgboost,26077.288919482267
2014-11-08 07:00:00,ecl,aggregate_load,96,44,xgboost,26662.82860404733
2014-11-08 08:00:00,ecl,aggregate_load,96,44,xgboost,26581.782824685215
2014-11-08 09:00:00,ecl,aggregate_load,96,44,xgboost,26670.40423095551
2014-11-08 10:00:00,ecl,aggregate_load,96,44,xgboost,27562.592413285136
2014-11-08 11:00:00,ecl,aggregate_load,96,44,xgboost,30875.251486712834
2014-11-08 12:00:00,ecl,aggregate_load,96,44,xgboost,32262.117086244503
2014-11-08 13:00:00,ecl,aggregate_load,96,44,xgboost,30985.257415965476
2014-11-08 14:00:00,ecl,aggregate_load,96,44,xgboost,29210.398985820433
2014-11-08 15:00:00,ecl,aggregate_load,96,44,xgboost,28771.407986747672
2014-11-08 16:00:00,ecl,aggregate_load,96,44,xgboost,29597.197612333675
2014-11-08 17:00:00,ecl,aggregate_load,96,44,xgboost,30490.10005152739
2014-11-08 18:00:00,ecl,aggregate_load,96,44,xgboost,35401.28663663116
2014-11-08 19:00:00,ecl,aggregate_load,96,44,xgboost,35820.0776096353
2014-11-08 20:00:00,ecl,aggregate_load,96,44,xgboost,29360.178009141953
2014-11-08 21:00:00,ecl,aggregate_load,96,44,xgboost,27135.19221977647
2014-11-08 22:00:00,ecl,aggregate_load,96,44,xgboost,24607.36062848238
2014-11-08 23:00:00,ecl,aggregate_load,96,44,xgboost,24403.238395062963
2014-11-09 00:00:00,ecl,aggregate_load,96,44,xgboost,25386.579210880907
2014-11-09 01:00:00,ecl,aggregate_load,96,44,xgboost,25529.027500367218
2014-11-09 02:00:00,ecl,aggregate_load,96,44,xgboost,26580.61054351037
2014-11-09 03:00:00,ecl,aggregate_load,96,44,xgboost,25568.10925064898
2014-11-09 04:00:00,ecl,aggregate_load,96,44,xgboost,25065.070128315027
2014-11-09 05:00:00,ecl,aggregate_load,96,44,xgboost,25594.00306570913
2014-11-09 06:00:00,ecl,aggregate_load,96,44,xgboost,26668.6183256381
2014-11-09 07:00:00,ecl,aggregate_load,96,44,xgboost,26146.381508514885
2014-11-09 08:00:00,ecl,aggregate_load,96,44,xgboost,27069.200873239664
2014-11-09 09:00:00,ecl,aggregate_load,96,44,xgboost,27272.70150290678
2014-11-09 10:00:00,ecl,aggregate_load,96,44,xgboost,29336.738508975835
2014-11-09 11:00:00,ecl,aggregate_load,96,44,xgboost,29158.160098058845
2014-11-09 12:00:00,ecl,aggregate_load,96,44,xgboost,28727.90245435962
2014-11-09 13:00:00,ecl,aggregate_load,96,44,xgboost,27951.761645484803
2014-11-09 14:00:00,ecl,aggregate_load,96,44,xgboost,26181.8281457764
2014-11-09 15:00:00,ecl,aggregate_load,96,44,xgboost,26230.058227259975
2014-11-09 16:00:00,ecl,aggregate_load,96,44,xgboost,25128.721932371234
2014-11-09 17:00:00,ecl,aggregate_load,96,44,xgboost,23846.44065899128
2014-11-09 18:00:00,ecl,aggregate_load,96,44,xgboost,24379.121657693304
2014-11-09 19:00:00,ecl,aggregate_load,96,44,xgboost,23966.889184066935
2014-11-09 20:00:00,ecl,aggregate_load,96,44,xgboost,26365.437273762804
2014-11-09 21:00:00,ecl,aggregate_load,96,44,xgboost,27285.152741401736
2014-11-09 22:00:00,ecl,aggregate_load,96,44,xgboost,27060.898372856653
2014-11-09 23:00:00,ecl,aggregate_load,96,44,xgboost,24935.412181694526
2014-11-10 00:00:00,ecl,aggregate_load,96,44,xgboost,21499.296413258082
2014-11-10 01:00:00,ecl,aggregate_load,96,44,xgboost,21547.615248720405
2014-11-10 02:00:00,ecl,aggregate_load,96,44,xgboost,22454.10674500673
2014-11-10 03:00:00,ecl,aggregate_load,96,44,xgboost,22692.40177396061
2014-11-10 04:00:00,ecl,aggregate_load,96,44,xgboost,22435.830758963886
2014-11-10 05:00:00,ecl,aggregate_load,96,44,xgboost,24546.230447190464
2014-11-10 06:00:00,ecl,aggregate_load,96,44,xgboost,23544.814340809226
2014-11-10 07:00:00,ecl,aggregate_load,96,44,xgboost,27906.699058918817
2014-11-10 08:00:00,ecl,aggregate_load,96,44,xgboost,27092.26375633365
2014-11-10 09:00:00,ecl,aggregate_load,96,44,xgboost,24726.45288342315
2014-11-10 10:00:00,ecl,aggregate_load,96,44,xgboost,22677.694199100224
2014-11-10 11:00:00,ecl,aggregate_load,96,44,xgboost,24457.42342124527
2014-11-10 12:00:00,ecl,aggregate_load,96,44,xgboost,27342.937209590906
2014-11-10 13:00:00,ecl,aggregate_load,96,44,xgboost,29170.10204501978
2014-11-10 14:00:00,ecl,aggregate_load,96,44,xgboost,32551.086872558866
2014-11-10 15:00:00,ecl,aggregate_load,96,44,xgboost,31607.259738317724
2014-11-10 16:00:00,ecl,aggregate_load,96,44,xgboost,34070.2413966987
2014-11-10 17:00:00,ecl,aggregate_load,96,44,xgboost,33400.901749372446
2014-11-10 18:00:00,ecl,aggregate_load,96,44,xgboost,32191.114830906623
2014-11-10 19:00:00,ecl,aggregate_load,96,44,xgboost,32639.22994951706
2014-11-10 20:00:00,ecl,aggregate_load,96,44,xgboost,34728.69343370031
2014-11-10 21:00:00,ecl,aggregate_load,96,44,xgboost,33972.04503723348
2014-11-10 22:00:00,ecl,aggregate_load,96,44,xgboost,35064.61670864478
2014-11-10 23:00:00,ecl,aggregate_load,96,44,xgboost,34300.20008327204
2014-11-11 00:00:00,ecl,aggregate_load,96,44,xgboost,34991.059683616644
2014-11-11 01:00:00,ecl,aggregate_load,96,44,xgboost,33465.672519616906
2014-11-11 02:00:00,ecl,aggregate_load,96,44,xgboost,32247.804362386407
2014-11-11 03:00:00,ecl,aggregate_load,96,44,xgboost,31046.25659301611
2014-11-11 04:00:00,ecl,aggregate_load,96,44,xgboost,29469.631856300603
2014-11-11 05:00:00,ecl,aggregate_load,96,44,xgboost,27496.74005805276
2014-11-11 06:00:00,ecl,aggregate_load,96,44,xgboost,27801.543714999872
2014-11-11 07:00:00,ecl,aggregate_load,96,44,xgboost,28025.621479526675
2014-11-11 08:00:00,ecl,aggregate_load,96,44,xgboost,28674.45050400747
2014-11-11 09:00:00,ecl,aggregate_load,96,44,xgboost,27160.506147013915
2014-11-11 10:00:00,ecl,aggregate_load,96,44,xgboost,27404.33079335139
2014-11-11 11:00:00,ecl,aggregate_load,96,44,xgboost,27525.406869893734
2014-11-11 12:00:00,ecl,aggregate_load,96,44,xgboost,23049.82635189593
2014-11-11 13:00:00,ecl,aggregate_load,96,44,xgboost,21312.941390049386
2014-11-11 14:00:00,ecl,aggregate_load,96,44,xgboost,25092.178867196646
2014-11-11 15:00:00,ecl,aggregate_load,96,44,xgboost,24803.21457288475
2014-11-11 16:00:00,ecl,aggregate_load,96,44,xgboost,24252.56931861129
2014-11-11 17:00:00,ecl,aggregate_load,96,44,xgboost,22795.717614521225
2014-11-11 18:00:00,ecl,aggregate_load,96,44,xgboost,21930.17097891062
2014-11-11 19:00:00,ecl,aggregate_load,96,44,xgboost,22248.548837868166
2014-11-11 20:00:00,ecl,aggregate_load,96,44,xgboost,21845.922233042886
2014-11-11 21:00:00,ecl,aggregate_load,96,44,xgboost,24252.46436210333
2014-11-11 22:00:00,ecl,aggregate_load,96,44,xgboost,20016.068174412118
2014-11-11 23:00:00,ecl,aggregate_load,96,44,xgboost,17777.49820763339
2014-11-12 00:00:00,ecl,aggregate_load,96,44,xgboost,17090.74351185271
2014-11-12 01:00:00,ecl,aggregate_load,96,44,xgboost,16717.062997130113
2014-11-12 02:00:00,ecl,aggregate_load,96,44,xgboost,19721.810186706578
2014-11-12 03:00:00,ecl,aggregate_load,96,44,xgboost,21432.481571086402
2014-11-12 04:00:00,ecl,aggregate_load,96,44,xgboost,21166.947262902188
2014-11-12 05:00:00,ecl,aggregate_load,96,44,xgboost,21058.720985415115
2014-11-12 06:00:00,ecl,aggregate_load,96,44,xgboost,21837.31155746792
2014-11-12 07:00:00,ecl,aggregate_load,96,44,xgboost,21013.77893349921
2014-11-12 08:00:00,ecl,aggregate_load,96,44,xgboost,21872.417035523027
2014-11-12 09:00:00,ecl,aggregate_load,96,44,xgboost,20505.762534924772
2014-11-12 10:00:00,ecl,aggregate_load,96,44,xgboost,18679.35378781058
2014-11-12 11:00:00,ecl,aggregate_load,96,44,xgboost,20095.69142558061
2014-11-12 12:00:00,ecl,aggregate_load,96,44,xgboost,20280.759519883853
2014-11-12 13:00:00,ecl,aggregate_load,96,44,xgboost,20904.358256007494
2014-11-12 14:00:00,ecl,aggregate_load,96,44,xgboost,19448.168985148048
2014-11-12 15:00:00,ecl,aggregate_load,96,44,xgboost,20935.608453839526
2014-11-12 16:00:00,ecl,aggregate_load,96,44,xgboost,19077.285787496006
2014-11-12 17:00:00,ecl,aggregate_load,96,44,xgboost,20253.35402740676
2014-11-12 18:00:00,ecl,aggregate_load,96,44,xgboost,20528.929357492394
2014-11-12 19:00:00,ecl,aggregate_load,96,44,xgboost,19568.071691642926
2014-11-12 20:00:00,ecl,aggregate_load,96,44,xgboost,18961.98949032709
2014-11-12 21:00:00,ecl,aggregate_load,96,44,xgboost,18497.52194126065
2014-11-12 22:00:00,ecl,aggregate_load,96,44,xgboost,20376.97756948005
2014-11-12 23:00:00,ecl,aggregate_load,96,44,xgboost,18117.644764334033
2014-11-13 00:00:00,ecl,aggregate_load,96,44,xgboost,16247.404358944937
2014-11-13 01:00:00,ecl,aggregate_load,96,44,xgboost,19307.47922191299
2014-11-13 02:00:00,ecl,aggregate_load,96,44,xgboost,20060.610397334865
2014-11-13 03:00:00,ecl,aggregate_load,96,44,xgboost,20728.334091159548
2014-11-13 04:00:00,ecl,aggregate_load,96,44,xgboost,21767.39805461543
2014-11-13 05:00:00,ecl,aggregate_load,96,44,xgboost,22250.69647554045
2014-11-13 06:00:00,ecl,aggregate_load,96,44,xgboost,21402.64328057774
2014-11-13 07:00:00,ecl,aggregate_load,96,44,xgboost,21002.30050033957
2014-11-13 08:00:00,ecl,aggregate_load,96,44,xgboost,20318.407802864196
2014-11-13 09:00:00,ecl,aggregate_load,96,44,xgboost,19519.612699634705
2014-11-13 10:00:00,ecl,aggregate_load,96,44,xgboost,20915.471121801398
2014-11-13 11:00:00,ecl,aggregate_load,96,44,xgboost,21522.26774559741
2014-11-13 12:00:00,ecl,aggregate_load,96,44,xgboost,19205.094789664745
2014-11-13 13:00:00,ecl,aggregate_load,96,44,xgboost,21229.03317930114
2014-11-13 14:00:00,ecl,aggregate_load,96,44,xgboost,19829.609747132155
2014-11-13 15:00:00,ecl,aggregate_load,96,44,xgboost,21498.360676853004
2014-11-13 16:00:00,ecl,aggregate_load,96,44,xgboost,22615.940793509315
2014-11-13 17:00:00,ecl,aggregate_load,96,44,xgboost,20623.257411252627
2014-11-13 18:00:00,ecl,aggregate_load,96,44,xgboost,22266.009184453305
2014-11-13 19:00:00,ecl,aggregate_load,96,44,xgboost,22686.6207080005
2014-11-13 20:00:00,ecl,aggregate_load,96,44,xgboost,22413.44377275933
2014-11-13 21:00:00,ecl,aggregate_load,96,44,xgboost,26044.34256904872
2014-11-13 22:00:00,ecl,aggregate_load,96,44,xgboost,28678.1164107939
2014-11-13 23:00:00,ecl,aggregate_load,96,44,xgboost,24641.14367612409
2014-11-14 00:00:00,ecl,aggregate_load,96,44,xgboost,21280.078019224275
2014-11-14 01:00:00,ecl,aggregate_load,96,44,xgboost,25505.31422145796
2014-11-14 02:00:00,ecl,aggregate_load,96,44,xgboost,25036.264117143717
2014-11-14 03:00:00,ecl,aggregate_load,96,44,xgboost,25107.33404001844
2014-11-14 04:00:00,ecl,aggregate_load,96,44,xgboost,23850.496250929238
2014-11-14 05:00:00,ecl,aggregate_load,96,44,xgboost,25240.220255583274
2014-11-14 06:00:00,ecl,aggregate_load,96,44,xgboost,27141.64075324438
2014-11-14 07:00:00,ecl,aggregate_load,96,44,xgboost,24433.98231353711
2014-11-14 08:00:00,ecl,aggregate_load,96,44,xgboost,23656.75309199987
2014-11-14 09:00:00,ecl,aggregate_load,96,44,xgboost,22110.6745821058
2014-11-14 10:00:00,ecl,aggregate_load,96,44,xgboost,22222.90582348626
2014-11-14 11:00:00,ecl,aggregate_load,96,44,xgboost,31474.60749066752
2014-11-14 12:00:00,ecl,aggregate_load,96,44,xgboost,25574.892057091256
2014-11-14 13:00:00,ecl,aggregate_load,96,44,xgboost,23730.164813142223
2014-11-14 14:00:00,ecl,aggregate_load,96,44,xgboost,22789.782998771105
2014-11-14 15:00:00,ecl,aggregate_load,96,44,xgboost,21771.974190354795
2014-11-14 16:00:00,ecl,aggregate_load,96,44,xgboost,22476.829345948983
2014-11-14 17:00:00,ecl,aggregate_load,96,44,xgboost,18715.524825062053
2014-11-14 18:00:00,ecl,aggregate_load,96,44,xgboost,18027.5087075915
2014-11-14 19:00:00,ecl,aggregate_load,96,44,xgboost,21538.9047564695
2014-11-14 20:00:00,ecl,aggregate_load,96,44,xgboost,20460.576755743103
2014-11-14 21:00:00,ecl,aggregate_load,96,44,xgboost,20189.6076789997
2014-11-14 22:00:00,ecl,aggregate_load,96,44,xgboost,18697.554069388283
2014-11-14 23:00:00,ecl,aggregate_load,96,44,xgboost,21214.967498307313
2014-11-15 00:00:00,ecl,aggregate_load,96,44,xgboost,15875.566622355997
2014-11-15 01:00:00,ecl,aggregate_load,96,44,xgboost,17453.11685206273
2014-11-15 02:00:00,ecl,aggregate_load,96,44,xgboost,17732.114865028187
2014-11-15 03:00:00,ecl,aggregate_load,96,44,xgboost,17982.23408408544
2014-11-15 04:00:00,ecl,aggregate_load,96,44,xgboost,16561.85731452955
2014-11-15 05:00:00,ecl,aggregate_load,96,44,xgboost,17191.460566948183
2014-11-15 06:00:00,ecl,aggregate_load,96,44,xgboost,20779.538083400777
2014-11-15 07:00:00,ecl,aggregate_load,96,44,xgboost,18283.788984954885
2014-11-15 08:00:00,ecl,aggregate_load,96,44,xgboost,19222.573098193392
2014-11-15 09:00:00,ecl,aggregate_load,96,44,xgboost,18484.20686935472
2014-11-15 10:00:00,ecl,aggregate_load,96,44,xgboost,19531.751059663457
2014-11-15 11:00:00,ecl,aggregate_load,96,44,xgboost,22292.494820437976
2014-11-15 12:00:00,ecl,aggregate_load,96,44,xgboost,20172.892472198448
2014-11-15 13:00:00,ecl,aggregate_load,96,44,xgboost,18777.491628018695
2014-11-15 14:00:00,ecl,aggregate_load,96,44,xgboost,17225.666456925155
2014-11-15 15:00:00,ecl,aggregate_load,96,44,xgboost,18175.265027557543
2014-11-15 16:00:00,ecl,aggregate_load,96,44,xgboost,17819.648689657242
2014-11-15 17:00:00,ecl,aggregate_load,96,44,xgboost,17665.811137315508
2014-11-15 18:00:00,ecl,aggregate_load,96,44,xgboost,17802.066908384153
2014-11-15 19:00:00,ecl,aggregate_load,96,44,xgboost,17847.299262512224
2014-11-15 20:00:00,ecl,aggregate_load,96,44,xgboost,16544.175430889223
2014-11-15 21:00:00,ecl,aggregate_load,96,44,xgboost,17137.208582754505
2014-11-15 22:00:00,ecl,aggregate_load,96,44,xgboost,17376.064486102387
2014-11-15 23:00:00,ecl,aggregate_load,96,44,xgboost,18564.76393081623
2014-11-16 00:00:00,ecl,aggregate_load,96,44,xgboost,15791.413297079618
2014-11-16 01:00:00,ecl,aggregate_load,96,44,xgboost,15517.004226234423
2014-11-16 02:00:00,ecl,aggregate_load,96,44,xgboost,15354.075550791158
2014-11-16 03:00:00,ecl,aggregate_load,96,44,xgboost,14334.86175842213
2014-11-16 04:00:00,ecl,aggregate_load,96,44,xgboost,13772.899811583848
2014-11-16 05:00:00,ecl,aggregate_load,96,44,xgboost,15017.857882560878
2014-11-16 06:00:00,ecl,aggregate_load,96,44,xgboost,15300.653556354897
2014-11-16 07:00:00,ecl,aggregate_load,96,44,xgboost,16859.785229326313
2014-11-16 08:00:00,ecl,aggregate_load,96,44,xgboost,17765.308741145782
2014-11-16 09:00:00,ecl,aggregate_load,96,44,xgboost,16736.359753428318
2014-11-16 10:00:00,ecl,aggregate_load,96,44,xgboost,16082.304569409423
2014-11-16 11:00:00,ecl,aggregate_load,96,44,xgboost,16214.524476289864
2014-11-16 12:00:00,ecl,aggregate_load,96,44,xgboost,16957.75528379131
2014-11-16 13:00:00,ecl,aggregate_load,96,44,xgboost,17079.414856552714
2014-11-16 14:00:00,ecl,aggregate_load,96,44,xgboost,15879.75271041522
2014-11-16 15:00:00,ecl,aggregate_load,96,44,xgboost,15920.074825192969
2014-11-16 16:00:00,ecl,aggregate_load,96,44,xgboost,16529.307492709017
2014-11-16 17:00:00,ecl,aggregate_load,96,44,xgboost,15389.229264630381
2014-11-16 18:00:00,ecl,aggregate_load,96,44,xgboost,16539.505941540323
2014-11-16 19:00:00,ecl,aggregate_load,96,44,xgboost,15282.26823715299
2014-11-16 20:00:00,ecl,aggregate_load,96,44,xgboost,16864.14007660629
2014-11-16 21:00:00,ecl,aggregate_load,96,44,xgboost,16360.10285544565
2014-11-16 22:00:00,ecl,aggregate_load,96,44,xgboost,20120.77543755508
2014-11-16 23:00:00,ecl,aggregate_load,96,44,xgboost,18182.8797979271
2014-11-17 00:00:00,ecl,aggregate_load,96,44,xgboost,15474.943774283582
2014-11-17 01:00:00,ecl,aggregate_load,96,44,xgboost,16589.481787066234
2014-11-17 02:00:00,ecl,aggregate_load,96,44,xgboost,16233.706035004352
2014-11-17 03:00:00,ecl,aggregate_load,96,44,xgboost,15303.90434664399
2014-11-17 04:00:00,ecl,aggregate_load,96,44,xgboost,14712.968437896632
2014-11-17 05:00:00,ecl,aggregate_load,96,44,xgboost,16658.074239569443
2014-11-17 06:00:00,ecl,aggregate_load,96,44,xgboost,16049.33827072535
2014-11-17 07:00:00,ecl,aggregate_load,96,44,xgboost,16690.223596879598
2014-11-17 08:00:00,ecl,aggregate_load,96,44,xgboost,17470.143137315546
2014-11-17 09:00:00,ecl,aggregate_load,96,44,xgboost,16776.31074417791
2014-11-17 10:00:00,ecl,aggregate_load,96,44,xgboost,17191.78908686609
2014-11-17 11:00:00,ecl,aggregate_load,96,44,xgboost,16621.130756247756
2014-11-17 12:00:00,ecl,aggregate_load,96,44,xgboost,17960.70640002948
2014-11-17 13:00:00,ecl,aggregate_load,96,44,xgboost,16612.98314995434
2014-11-17 14:00:00,ecl,aggregate_load,96,44,xgboost,17747.545576898505
2014-11-17 15:00:00,ecl,aggregate_load,96,44,xgboost,16578.360856577867
2014-11-17 16:00:00,ecl,aggregate_load,96,44,xgboost,16038.31831056998
2014-11-17 17:00:00,ecl,aggregate_load,96,44,xgboost,15558.081812767845
2014-11-17 18:00:00,ecl,aggregate_load,96,44,xgboost,16159.915730576846
2014-11-17 19:00:00,ecl,aggregate_load,96,44,xgboost,15556.906734707523
2014-11-17 20:00:00,ecl,aggregate_load,96,44,xgboost,16246.205312236076
2014-11-17 21:00:00,ecl,aggregate_load,96,44,xgboost,15907.323554497905
2014-11-17 22:00:00,ecl,aggregate_load,96,44,xgboost,17943.79440628315
2014-11-17 23:00:00,ecl,aggregate_load,96,44,xgboost,14803.739080842637
2014-11-18 00:00:00,ecl,aggregate_load,96,44,xgboost,15485.41434183601
2014-11-18 01:00:00,ecl,aggregate_load,96,44,xgboost,16060.593726413266
2014-11-18 02:00:00,ecl,aggregate_load,96,44,xgboost,15482.574037305734
2014-11-18 03:00:00,ecl,aggregate_load,96,44,xgboost,15020.36361462574
2014-11-18 04:00:00,ecl,aggregate_load,96,44,xgboost,13217.702623851796
2014-11-18 05:00:00,ecl,aggregate_load,96,44,xgboost,14329.984609844212
2014-11-18 06:00:00,ecl,aggregate_load,96,44,xgboost,14482.970117641999
2014-11-18 07:00:00,ecl,aggregate_load,96,44,xgboost,15382.826626833723
2014-11-18 08:00:00,ecl,aggregate_load,96,44,xgboost,15246.841643077976
2014-11-18 09:00:00,ecl,aggregate_load,96,44,xgboost,14767.27268750725
2014-11-18 10:00:00,ecl,aggregate_load,96,44,xgboost,15442.446546379666
2014-11-18 11:00:00,ecl,aggregate_load,96,44,xgboost,15904.807514242515
2014-11-18 12:00:00,ecl,aggregate_load,96,44,xgboost,19226.99539680291
2014-11-18 13:00:00,ecl,aggregate_load,96,44,xgboost,17661.49079952196
2014-11-18 14:00:00,ecl,aggregate_load,96,44,xgboost,18681.55674596062
2014-11-18 15:00:00,ecl,aggregate_load,96,44,xgboost,18963.97432141325
2014-11-18 16:00:00,ecl,aggregate_load,96,44,xgboost,18908.693534664588
2014-11-18 17:00:00,ecl,aggregate_load,96,44,xgboost,19736.67903658416
2014-11-18 18:00:00,ecl,aggregate_load,96,44,xgboost,18831.46852013087
2014-11-18 19:00:00,ecl,aggregate_load,96,44,xgboost,19175.705435190317
2014-11-18 20:00:00,ecl,aggregate_load,96,44,xgboost,18619.573242084894
2014-11-18 21:00:00,ecl,aggregate_load,96,44,xgboost,19842.29361527212
2014-11-18 22:00:00,ecl,aggregate_load,96,44,xgboost,17497.48700167651
2014-11-18 23:00:00,ecl,aggregate_load,96,44,xgboost,15973.460069372226
2014-11-19 00:00:00,ecl,aggregate_load,96,44,xgboost,17463.333518055504
2014-11-19 01:00:00,ecl,aggregate_load,96,44,xgboost,17165.50747583286
2014-11-19 02:00:00,ecl,aggregate_load,96,44,xgboost,16534.471342360313
2014-11-19 03:00:00,ecl,aggregate_load,96,44,xgboost,17156.15491666993
2014-11-19 04:00:00,ecl,aggregate_load,96,44,xgboost,15524.097960460369
2014-11-19 05:00:00,ecl,aggregate_load,96,44,xgboost,16239.057142874395
2014-11-19 06:00:00,ecl,aggregate_load,96,44,xgboost,16064.462874265539
2014-11-19 07:00:00,ecl,aggregate_load,96,44,xgboost,15596.738727019174
2014-11-19 08:00:00,ecl,aggregate_load,96,44,xgboost,15132.60253442759
2014-11-19 09:00:00,ecl,aggregate_load,96,44,xgboost,15165.721444056704
2014-11-19 10:00:00,ecl,aggregate_load,96,44,xgboost,15550.511658295824
2014-11-19 11:00:00,ecl,aggregate_load,96,44,xgboost,14686.808217718097
2014-11-19 12:00:00,ecl,aggregate_load,96,44,xgboost,14436.98088096853
2014-11-19 13:00:00,ecl,aggregate_load,96,44,xgboost,15697.120958927646
2014-11-19 14:00:00,ecl,aggregate_load,96,44,xgboost,16400.095287092106
2014-11-19 15:00:00,ecl,aggregate_load,96,44,xgboost,17270.197313891116
2014-11-19 16:00:00,ecl,aggregate_load,96,44,xgboost,16530.65380245257
2014-11-19 17:00:00,ecl,aggregate_load,96,44,xgboost,15473.502394112807
2014-11-19 18:00:00,ecl,aggregate_load,96,44,xgboost,14304.146658944135
2014-11-19 19:00:00,ecl,aggregate_load,96,44,xgboost,15267.715221106757
2014-11-19 20:00:00,ecl,aggregate_load,96,44,xgboost,14816.211409376148
2014-11-19 21:00:00,ecl,aggregate_load,96,44,xgboost,16370.460898509727
2014-11-19 22:00:00,ecl,aggregate_load,96,44,xgboost,16187.597080154192
2014-11-19 23:00:00,ecl,aggregate_load,96,44,xgboost,14397.28606586036
2014-11-20 00:00:00,ecl,aggregate_load,96,44,xgboost,13878.125233255298
2014-11-20 01:00:00,ecl,aggregate_load,96,44,xgboost,14553.822428799409
2014-11-20 02:00:00,ecl,aggregate_load,96,44,xgboost,14844.371326908959
2014-11-20 03:00:00,ecl,aggregate_load,96,44,xgboost,15965.256192104353
2014-11-20 04:00:00,ecl,aggregate_load,96,44,xgboost,14675.955838286367
2014-11-20 05:00:00,ecl,aggregate_load,96,44,xgboost,15430.968246064214
2014-11-20 06:00:00,ecl,aggregate_load,96,44,xgboost,15025.326452989679
2014-11-20 07:00:00,ecl,aggregate_load,96,44,xgboost,15222.946507336013
2014-11-20 08:00:00,ecl,aggregate_load,96,44,xgboost,14290.304337875705
2014-11-20 09:00:00,ecl,aggregate_load,96,44,xgboost,14413.788844143093
2014-11-20 10:00:00,ecl,aggregate_load,96,44,xgboost,12583.430339654658
2014-11-20 11:00:00,ecl,aggregate_load,96,44,xgboost,16002.217472068032
2014-11-20 12:00:00,ecl,aggregate_load,96,44,xgboost,13556.643797156003
2014-11-20 13:00:00,ecl,aggregate_load,96,44,xgboost,14596.026410617023
2014-11-20 14:00:00,ecl,aggregate_load,96,44,xgboost,15401.115802547463
2014-11-20 15:00:00,ecl,aggregate_load,96,44,xgboost,16406.43447891405
2014-11-20 16:00:00,ecl,aggregate_load,96,44,xgboost,14967.880200647249
2014-11-20 17:00:00,ecl,aggregate_load,96,44,xgboost,17205.284873196942
2014-11-20 18:00:00,ecl,aggregate_load,96,44,xgboost,15480.68075546155
2014-11-20 19:00:00,ecl,aggregate_load,96,44,xgboost,17456.0318986334
2014-11-20 20:00:00,ecl,aggregate_load,96,44,xgboost,17289.644638884754
2014-11-20 21:00:00,ecl,aggregate_load,96,44,xgboost,17471.449532393683
2014-11-20 22:00:00,ecl,aggregate_load,96,44,xgboost,19872.47280839968
2014-11-20 23:00:00,ecl,aggregate_load,96,44,xgboost,15943.869282882579
2014-11-21 00:00:00,ecl,aggregate_load,96,44,xgboost,14628.556390492404
2014-11-21 01:00:00,ecl,aggregate_load,96,44,xgboost,15854.389903527217
2014-11-21 02:00:00,ecl,aggregate_load,96,44,xgboost,14439.165386714818
2014-11-21 03:00:00,ecl,aggregate_load,96,44,xgboost,14917.314716279967
2014-11-21 04:00:00,ecl,aggregate_load,96,44,xgboost,15084.162423923806
2014-11-21 05:00:00,ecl,aggregate_load,96,44,xgboost,15196.184486816142
2014-11-21 06:00:00,ecl,aggregate_load,96,44,xgboost,14948.44430606043
2014-11-21 07:00:00,ecl,aggregate_load,96,44,xgboost,14334.913285053337
2014-11-21 08:00:00,ecl,aggregate_load,96,44,xgboost,12474.875791427507
2014-11-21 09:00:00,ecl,aggregate_load,96,44,xgboost,13301.826583313725
2014-11-21 10:00:00,ecl,aggregate_load,96,44,xgboost,12663.16690604789
2014-11-21 11:00:00,ecl,aggregate_load,96,44,xgboost,14431.100071143926
2014-11-21 12:00:00,ecl,aggregate_load,96,44,xgboost,12975.08298581875
2014-11-21 13:00:00,ecl,aggregate_load,96,44,xgboost,15185.534659186267
2014-11-21 14:00:00,ecl,aggregate_load,96,44,xgboost,14619.141816525012
2014-11-21 15:00:00,ecl,aggregate_load,96,44,xgboost,14269.993490130953
2014-11-21 16:00:00,ecl,aggregate_load,96,44,xgboost,15757.915127427588
2014-11-21 17:00:00,ecl,aggregate_load,96,44,xgboost,14812.27874772383
2014-11-21 18:00:00,ecl,aggregate_load,96,44,xgboost,14843.209381160928
2014-11-21 19:00:00,ecl,aggregate_load,96,44,xgboost,13386.96080043308
2014-11-21 20:00:00,ecl,aggregate_load,96,44,xgboost,13640.448566118625
2014-11-21 21:00:00,ecl,aggregate_load,96,44,xgboost,14542.836476219883
2014-11-21 22:00:00,ecl,aggregate_load,96,44,xgboost,13788.66903280813
2014-11-21 23:00:00,ecl,aggregate_load,96,44,xgboost,13607.760345127206
2014-11-22 00:00:00,ecl,aggregate_load,96,44,xgboost,12304.00882945503
2014-11-22 01:00:00,ecl,aggregate_load,96,44,xgboost,12926.965331847969
2014-11-22 02:00:00,ecl,aggregate_load,96,44,xgboost,13021.909801635447
2014-11-22 03:00:00,ecl,aggregate_load,96,44,xgboost,15479.35703151897
2014-11-22 04:00:00,ecl,aggregate_load,96,44,xgboost,14463.160988124742
2014-11-22 05:00:00,ecl,aggregate_load,96,44,xgboost,17336.254568295055
2014-11-22 06:00:00,ecl,aggregate_load,96,44,xgboost,17272.384035125906
2014-11-22 07:00:00,ecl,aggregate_load,96,44,xgboost,14781.790114032154
2014-11-22 08:00:00,ecl,aggregate_load,96,44,xgboost,14653.309600460561
2014-11-22 09:00:00,ecl,aggregate_load,96,44,xgboost,14402.969604827455
2014-11-22 10:00:00,ecl,aggregate_load,96,44,xgboost,14710.316142559517
2014-11-22 11:00:00,ecl,aggregate_load,96,44,xgboost,15905.920494013631
2014-11-22 12:00:00,ecl,aggregate_load,96,44,xgboost,14216.354876277494
2014-11-22 13:00:00,ecl,aggregate_load,96,44,xgboost,15122.959975035621
2014-11-22 14:00:00,ecl,aggregate_load,96,44,xgboost,15766.579167035452
2014-11-22 15:00:00,ecl,aggregate_load,96,44,xgboost,17512.622663692477
2014-11-22 16:00:00,ecl,aggregate_load,96,44,xgboost,18775.1413832208
2014-11-22 17:00:00,ecl,aggregate_load,96,44,xgboost,19070.431289918863
2014-11-22 18:00:00,ecl,aggregate_load,96,44,xgboost,19591.90880422841
2014-11-22 19:00:00,ecl,aggregate_load,96,44,xgboost,18804.216272855087
2014-11-22 20:00:00,ecl,aggregate_load,96,44,xgboost,18574.072465470977
2014-11-22 21:00:00,ecl,aggregate_load,96,44,xgboost,20091.463719390726
2014-11-22 22:00:00,ecl,aggregate_load,96,44,xgboost,23397.214364560175
2014-11-22 23:00:00,ecl,aggregate_load,96,44,xgboost,21594.142763236123
2014-11-23 00:00:00,ecl,aggregate_load,96,44,xgboost,21946.77730868776
2014-11-23 01:00:00,ecl,aggregate_load,96,44,xgboost,21724.518698090902
2014-11-23 02:00:00,ecl,aggregate_load,96,44,xgboost,21973.95258617451
2014-11-23 03:00:00,ecl,aggregate_load,96,44,xgboost,23695.03037674546
2014-11-23 04:00:00,ecl,aggregate_load,96,44,xgboost,21926.91220523384
2014-11-23 05:00:00,ecl,aggregate_load,96,44,xgboost,20424.63915908078
2014-11-23 06:00:00,ecl,aggregate_load,96,44,xgboost,20572.37872091067
2014-11-23 07:00:00,ecl,aggregate_load,96,44,xgboost,21444.82709897863
2014-11-23 08:00:00,ecl,aggregate_load,96,44,xgboost,23509.393522016308
2014-11-23 09:00:00,ecl,aggregate_load,96,44,xgboost,21216.734788292404
2014-11-23 10:00:00,ecl,aggregate_load,96,44,xgboost,23283.4950338865
2014-11-23 11:00:00,ecl,aggregate_load,96,44,xgboost,24494.44373297153
2014-11-23 12:00:00,ecl,aggregate_load,96,44,xgboost,23759.953428482244
2014-11-23 13:00:00,ecl,aggregate_load,96,44,xgboost,25976.86431881665
2014-11-23 14:00:00,ecl,aggregate_load,96,44,xgboost,24270.567959271666
2014-11-23 15:00:00,ecl,aggregate_load,96,44,xgboost,25301.504718027074
2014-11-23 16:00:00,ecl,aggregate_load,96,44,xgboost,25729.655159171594
2014-11-23 17:00:00,ecl,aggregate_load,96,44,xgboost,25270.861691242473
2014-11-23 18:00:00,ecl,aggregate_load,96,44,xgboost,29225.050821056735
2014-11-23 19:00:00,ecl,aggregate_load,96,44,xgboost,27928.696734801666
2014-11-23 20:00:00,ecl,aggregate_load,96,44,xgboost,25579.92096110765
2014-11-23 21:00:00,ecl,aggregate_load,96,44,xgboost,26635.446158936993
2014-11-23 22:00:00,ecl,aggregate_load,96,44,xgboost,29456.077678506084
2014-11-23 23:00:00,ecl,aggregate_load,96,44,xgboost,24626.13568406869
2014-11-24 00:00:00,ecl,aggregate_load,96,44,xgboost,27270.233814066538
2014-11-24 01:00:00,ecl,aggregate_load,96,44,xgboost,26551.580446775246
2014-11-24 02:00:00,ecl,aggregate_load,96,44,xgboost,27069.690593076914
2014-11-24 03:00:00,ecl,aggregate_load,96,44,xgboost,25878.629869599274
2014-11-24 04:00:00,ecl,aggregate_load,96,44,xgboost,24588.73121905549
2014-11-24 05:00:00,ecl,aggregate_load,96,44,xgboost,25271.143777372232
2014-11-24 06:00:00,ecl,aggregate_load,96,44,xgboost,26815.39608484782
2014-11-24 07:00:00,ecl,aggregate_load,96,44,xgboost,25605.706752929913
2014-11-24 08:00:00,ecl,aggregate_load,96,44,xgboost,23605.28788487373
2014-11-24 09:00:00,ecl,aggregate_load,96,44,xgboost,24315.747570201045
2014-11-24 10:00:00,ecl,aggregate_load,96,44,xgboost,25838.062291743394
2014-11-24 11:00:00,ecl,aggregate_load,96,44,xgboost,25508.884086258506
2014-11-24 12:00:00,ecl,aggregate_load,96,44,xgboost,29533.852425102832
2014-11-24 13:00:00,ecl,aggregate_load,96,44,xgboost,27307.172495158262
2014-11-24 14:00:00,ecl,aggregate_load,96,44,xgboost,26610.045563791264
2014-11-24 15:00:00,ecl,aggregate_load,96,44,xgboost,27409.36253849447
2014-11-24 16:00:00,ecl,aggregate_load,96,44,xgboost,29126.672330129397
2014-11-24 17:00:00,ecl,aggregate_load,96,44,xgboost,28229.367032790517
2014-11-24 18:00:00,ecl,aggregate_load,96,44,xgboost,29986.45510479437
2014-11-24 19:00:00,ecl,aggregate_load,96,44,xgboost,32078.335760068545
2014-11-24 20:00:00,ecl,aggregate_load,96,44,xgboost,30363.20454484659
2014-11-24 21:00:00,ecl,aggregate_load,96,44,xgboost,29256.194339115795
2014-11-24 22:00:00,ecl,aggregate_load,96,44,xgboost,33678.74457391326
2014-11-24 23:00:00,ecl,aggregate_load,96,44,xgboost,29010.26773040569
2014-11-25 00:00:00,ecl,aggregate_load,96,44,xgboost,29504.246230332268
2014-11-25 01:00:00,ecl,aggregate_load,96,44,xgboost,30678.52360936651
2014-11-25 02:00:00,ecl,aggregate_load,96,44,xgboost,30341.504230774288
2014-11-25 03:00:00,ecl,aggregate_load,96,44,xgboost,31190.604177499674
2014-11-25 04:00:00,ecl,aggregate_load,96,44,xgboost,30213.521343141605
2014-11-25 05:00:00,ecl,aggregate_load,96,44,xgboost,31626.63871666227
2014-11-25 06:00:00,ecl,aggregate_load,96,44,xgboost,33916.19850038253
2014-11-25 07:00:00,ecl,aggregate_load,96,44,xgboost,31381.121338900877
2014-11-25 08:00:00,ecl,aggregate_load,96,44,xgboost,30364.54962435855
2014-11-25 09:00:00,ecl,aggregate_load,96,44,xgboost,30657.476264589834
2014-11-25 10:00:00,ecl,aggregate_load,96,44,xgboost,31994.463913735268
2014-11-25 11:00:00,ecl,aggregate_load,96,44,xgboost,37940.8048563407
2014-11-25 12:00:00,ecl,aggregate_load,96,44,xgboost,34044.12224335204
2014-11-25 13:00:00,ecl,aggregate_load,96,44,xgboost,31039.236965412765
2014-11-25 14:00:00,ecl,aggregate_load,96,44,xgboost,29373.973162686438
2014-11-25 15:00:00,ecl,aggregate_load,96,44,xgboost,28434.511646403833
2014-11-25 16:00:00,ecl,aggregate_load,96,44,xgboost,28974.40064388238
2014-11-25 17:00:00,ecl,aggregate_load,96,44,xgboost,28825.321947814868
2014-11-25 18:00:00,ecl,aggregate_load,96,44,xgboost,31243.48828604408
2014-11-25 19:00:00,ecl,aggregate_load,96,44,xgboost,29432.52941033164
2014-11-25 20:00:00,ecl,aggregate_load,96,44,xgboost,25565.63122392236
2014-11-25 21:00:00,ecl,aggregate_load,96,44,xgboost,24755.437113067048
2014-11-25 22:00:00,ecl,aggregate_load,96,44,xgboost,25260.397217368027
2014-11-25 23:00:00,ecl,aggregate_load,96,44,xgboost,25608.308218424674
2014-11-26 00:00:00,ecl,aggregate_load,96,44,xgboost,22306.286015206864
2014-11-26 01:00:00,ecl,aggregate_load,96,44,xgboost,22112.492997837486
2014-11-26 02:00:00,ecl,aggregate_load,96,44,xgboost,22766.889770919865
2014-11-26 03:00:00,ecl,aggregate_load,96,44,xgboost,23275.239597382224
2014-11-26 04:00:00,ecl,aggregate_load,96,44,xgboost,22144.322369443933
2014-11-26 05:00:00,ecl,aggregate_load,96,44,xgboost,24056.73763162317
2014-11-26 06:00:00,ecl,aggregate_load,96,44,xgboost,23746.81599257962
2014-11-26 07:00:00,ecl,aggregate_load,96,44,xgboost,22332.5444089988
2014-11-26 08:00:00,ecl,aggregate_load,96,44,xgboost,22714.757215838184
2014-11-26 09:00:00,ecl,aggregate_load,96,44,xgboost,22311.89136352573
2014-11-26 10:00:00,ecl,aggregate_load,96,44,xgboost,25656.65881792911
2014-11-26 11:00:00,ecl,aggregate_load,96,44,xgboost,24340.56452361582
2014-11-26 12:00:00,ecl,aggregate_load,96,44,xgboost,21726.594656644374
2014-11-26 13:00:00,ecl,aggregate_load,96,44,xgboost,20142.574118478115
2014-11-26 14:00:00,ecl,aggregate_load,96,44,xgboost,17561.809763074292
2014-11-26 15:00:00,ecl,aggregate_load,96,44,xgboost,17437.110013619847
2014-11-26 16:00:00,ecl,aggregate_load,96,44,xgboost,21327.2552732887
2014-11-26 17:00:00,ecl,aggregate_load,96,44,xgboost,21618.91189791135
2014-11-26 18:00:00,ecl,aggregate_load,96,44,xgboost,21479.215820234545
2014-11-26 19:00:00,ecl,aggregate_load,96,44,xgboost,21077.749063675757
2014-11-26 20:00:00,ecl,aggregate_load,96,44,xgboost,19396.729176299184
2014-11-26 21:00:00,ecl,aggregate_load,96,44,xgboost,17774.031847013128
2014-11-26 22:00:00,ecl,aggregate_load,96,44,xgboost,20976.626170593114
2014-11-26 23:00:00,ecl,aggregate_load,96,44,xgboost,20906.10218770035
2014-11-27 00:00:00,ecl,aggregate_load,96,44,xgboost,19140.613704499716
2014-11-27 01:00:00,ecl,aggregate_load,96,44,xgboost,20680.233649643316
2014-11-27 02:00:00,ecl,aggregate_load,96,44,xgboost,19162.841849185537
2014-11-27 03:00:00,ecl,aggregate_load,96,44,xgboost,17701.662966297958
2014-11-27 04:00:00,ecl,aggregate_load,96,44,xgboost,18096.354106036062
2014-11-27 05:00:00,ecl,aggregate_load,96,44,xgboost,18229.052007343726
2014-11-27 06:00:00,ecl,aggregate_load,96,44,xgboost,18923.316003644923
2014-11-27 07:00:00,ecl,aggregate_load,96,44,xgboost,18019.145546809537
2014-11-27 08:00:00,ecl,aggregate_load,96,44,xgboost,17302.90769937095
2014-11-27 09:00:00,ecl,aggregate_load,96,44,xgboost,18092.87533451848
2014-11-27 10:00:00,ecl,aggregate_load,96,44,xgboost,18813.485175744856
2014-11-27 11:00:00,ecl,aggregate_load,96,44,xgboost,20205.449134630966
2014-11-27 12:00:00,ecl,aggregate_load,96,44,xgboost,16495.689490291625
2014-11-27 13:00:00,ecl,aggregate_load,96,44,xgboost,15687.666443328999
2014-11-27 14:00:00,ecl,aggregate_load,96,44,xgboost,13901.369811727243
2014-11-27 15:00:00,ecl,aggregate_load,96,44,xgboost,15956.759116290908
2014-11-27 16:00:00,ecl,aggregate_load,96,44,xgboost,15230.22867383883
2014-11-27 17:00:00,ecl,aggregate_load,96,44,xgboost,14834.295915706592
2014-11-27 18:00:00,ecl,aggregate_load,96,44,xgboost,17346.29353219378
2014-11-27 19:00:00,ecl,aggregate_load,96,44,xgboost,16692.831612118986
2014-11-27 20:00:00,ecl,aggregate_load,96,44,xgboost,14943.721987610204
2014-11-27 21:00:00,ecl,aggregate_load,96,44,xgboost,16841.577539172293
2014-11-27 22:00:00,ecl,aggregate_load,96,44,xgboost,15971.54596577803
2014-11-27 23:00:00,ecl,aggregate_load,96,44,xgboost,17290.209351800735
2014-11-28 00:00:00,ecl,aggregate_load,96,44,xgboost,13496.241174203775
2014-11-28 01:00:00,ecl,aggregate_load,96,44,xgboost,14736.104435655774
2014-11-28 02:00:00,ecl,aggregate_load,96,44,xgboost,13755.268891829755
2014-11-28 03:00:00,ecl,aggregate_load,96,44,xgboost,13169.71018006282
2014-11-28 04:00:00,ecl,aggregate_load,96,44,xgboost,13236.850547523789
2014-11-28 05:00:00,ecl,aggregate_load,96,44,xgboost,15492.376933677786
2014-11-28 06:00:00,ecl,aggregate_load,96,44,xgboost,15622.709861085226
2014-11-28 07:00:00,ecl,aggregate_load,96,44,xgboost,17649.093614123045
2014-11-28 08:00:00,ecl,aggregate_load,96,44,xgboost,14221.975227492387
2014-11-28 09:00:00,ecl,aggregate_load,96,44,xgboost,15261.985134244276
2014-11-28 10:00:00,ecl,aggregate_load,96,44,xgboost,16151.769793949323
2014-11-28 11:00:00,ecl,aggregate_load,96,44,xgboost,16108.769963459994
2014-11-28 12:00:00,ecl,aggregate_load,96,44,xgboost,14344.321261364288
2014-11-28 13:00:00,ecl,aggregate_load,96,44,xgboost,13333.024693389767
2014-11-28 14:00:00,ecl,aggregate_load,96,44,xgboost,11646.462442767814
2014-11-28 15:00:00,ecl,aggregate_load,96,44,xgboost,12189.974066131186
2014-11-28 16:00:00,ecl,aggregate_load,96,44,xgboost,13233.181069438548
2014-11-28 17:00:00,ecl,aggregate_load,96,44,xgboost,13157.760545509436
2014-11-28 18:00:00,ecl,aggregate_load,96,44,xgboost,14774.951177065892
2014-11-28 19:00:00,ecl,aggregate_load,96,44,xgboost,14672.508058910302
2014-11-28 20:00:00,ecl,aggregate_load,96,44,xgboost,15010.117223273914
2014-11-28 21:00:00,ecl,aggregate_load,96,44,xgboost,13844.406583259633
2014-11-28 22:00:00,ecl,aggregate_load,96,44,xgboost,15661.71848830356
2014-11-28 23:00:00,ecl,aggregate_load,96,44,xgboost,15875.77210306921
2014-11-29 00:00:00,ecl,aggregate_load,96,44,xgboost,11506.394531406995
2014-11-29 01:00:00,ecl,aggregate_load,96,44,xgboost,12362.24537453176
2014-11-29 02:00:00,ecl,aggregate_load,96,44,xgboost,11358.429950151572
2014-11-29 03:00:00,ecl,aggregate_load,96,44,xgboost,11982.812145445605
2014-11-29 04:00:00,ecl,aggregate_load,96,44,xgboost,11112.592764975654
2014-11-29 05:00:00,ecl,aggregate_load,96,44,xgboost,12144.64583903071
2014-11-29 06:00:00,ecl,aggregate_load,96,44,xgboost,12753.648628454219
2014-11-29 07:00:00,ecl,aggregate_load,96,44,xgboost,12336.17182457201
2014-11-29 08:00:00,ecl,aggregate_load,96,44,xgboost,12107.500163098948
2014-11-29 09:00:00,ecl,aggregate_load,96,44,xgboost,12347.990193318657
2014-11-29 10:00:00,ecl,aggregate_load,96,44,xgboost,12178.332854708142
2014-11-29 11:00:00,ecl,aggregate_load,96,44,xgboost,12037.846203458872
2014-11-29 12:00:00,ecl,aggregate_load,96,44,xgboost,13464.575794695886
2014-11-29 13:00:00,ecl,aggregate_load,96,44,xgboost,13380.226414357065
2014-11-29 14:00:00,ecl,aggregate_load,96,44,xgboost,12945.66415154224
2014-11-29 15:00:00,ecl,aggregate_load,96,44,xgboost,13346.189468099132
2014-11-29 16:00:00,ecl,aggregate_load,96,44,xgboost,12798.797838864994
2014-11-29 17:00:00,ecl,aggregate_load,96,44,xgboost,12441.342722484207
2014-11-29 18:00:00,ecl,aggregate_load,96,44,xgboost,15279.795638337857
2014-11-29 19:00:00,ecl,aggregate_load,96,44,xgboost,14993.7608674082
2014-11-29 20:00:00,ecl,aggregate_load,96,44,xgboost,13272.817109154363
2014-11-29 21:00:00,ecl,aggregate_load,96,44,xgboost,14258.18704429524
2014-11-29 22:00:00,ecl,aggregate_load,96,44,xgboost,15575.44690850561
2014-11-29 23:00:00,ecl,aggregate_load,96,44,xgboost,14712.107521104883
2014-11-30 00:00:00,ecl,aggregate_load,96,44,xgboost,14597.238217200269
2014-11-30 01:00:00,ecl,aggregate_load,96,44,xgboost,16489.741525794958
2014-11-30 02:00:00,ecl,aggregate_load,96,44,xgboost,15866.668736650043
2014-11-30 03:00:00,ecl,aggregate_load,96,44,xgboost,15820.820361104401
2014-11-30 04:00:00,ecl,aggregate_load,96,44,xgboost,14725.455322348047
2014-11-30 05:00:00,ecl,aggregate_load,96,44,xgboost,14843.421524382517
2014-11-30 06:00:00,ecl,aggregate_load,96,44,xgboost,15252.372811420077
2014-11-30 07:00:00,ecl,aggregate_load,96,44,xgboost,16647.735976445383
2014-11-30 08:00:00,ecl,aggregate_load,96,44,xgboost,17356.93465837682
2014-11-30 09:00:00,ecl,aggregate_load,96,44,xgboost,15935.677482904182
2014-11-30 10:00:00,ecl,aggregate_load,96,44,xgboost,17372.20095655142
2014-11-30 11:00:00,ecl,aggregate_load,96,44,xgboost,17630.27520560554
2014-11-30 12:00:00,ecl,aggregate_load,96,44,xgboost,17140.450368858375
2014-11-30 13:00:00,ecl,aggregate_load,96,44,xgboost,17914.056295804756
2014-11-30 14:00:00,ecl,aggregate_load,96,44,xgboost,17653.796195761006
2014-11-30 15:00:00,ecl,aggregate_load,96,44,xgboost,17382.185515298774
2014-11-30 16:00:00,ecl,aggregate_load,96,44,xgboost,16865.39631573825
2014-11-30 17:00:00,ecl,aggregate_load,96,44,xgboost,16801.474577822
2014-11-30 18:00:00,ecl,aggregate_load,96,44,xgboost,17256.582553623542
2014-11-30 19:00:00,ecl,aggregate_load,96,44,xgboost,18584.613554016803
2014-11-30 20:00:00,ecl,aggregate_load,96,44,xgboost,18256.955659551662
2014-11-30 21:00:00,ecl,aggregate_load,96,44,xgboost,17814.949074673845
2014-11-30 22:00:00,ecl,aggregate_load,96,44,xgboost,19803.616021912614
2014-11-30 23:00:00,ecl,aggregate_load,96,44,xgboost,18422.964222852726
2014-12-01 00:00:00,ecl,aggregate_load,96,44,xgboost,24341.12011585856
2014-12-01 01:00:00,ecl,aggregate_load,96,44,xgboost,27864.230159394687
2014-12-01 02:00:00,ecl,aggregate_load,96,44,xgboost,24904.327911436954
2014-12-01 03:00:00,ecl,aggregate_load,96,44,xgboost,23451.55357690006
2014-12-01 04:00:00,ecl,aggregate_load,96,44,xgboost,22250.614972393058
2014-12-01 05:00:00,ecl,aggregate_load,96,44,xgboost,21318.965853932546
2014-12-01 06:00:00,ecl,aggregate_load,96,44,xgboost,21999.862232546777
2014-12-01 07:00:00,ecl,aggregate_load,96,44,xgboost,22450.198287242547
2014-12-01 08:00:00,ecl,aggregate_load,96,44,xgboost,21048.760500939996
2014-12-01 09:00:00,ecl,aggregate_load,96,44,xgboost,20921.2839271736
2014-12-01 10:00:00,ecl,aggregate_load,96,44,xgboost,20423.129973931027
2014-12-01 11:00:00,ecl,aggregate_load,96,44,xgboost,20518.76681379273
2014-12-01 12:00:00,ecl,aggregate_load,96,44,xgboost,20206.603538599735
2014-12-01 13:00:00,ecl,aggregate_load,96,44,xgboost,21939.82316609471
2014-12-01 14:00:00,ecl,aggregate_load,96,44,xgboost,21184.54078877808
2014-12-01 15:00:00,ecl,aggregate_load,96,44,xgboost,23096.196261430883
2014-12-01 16:00:00,ecl,aggregate_load,96,44,xgboost,21057.20249877963
2014-12-01 17:00:00,ecl,aggregate_load,96,44,xgboost,20792.247067302087
2014-12-01 18:00:00,ecl,aggregate_load,96,44,xgboost,20783.41697921833
2014-12-01 19:00:00,ecl,aggregate_load,96,44,xgboost,22773.51563677557
2014-12-01 20:00:00,ecl,aggregate_load,96,44,xgboost,22022.75668059148
2014-12-01 21:00:00,ecl,aggregate_load,96,44,xgboost,20533.222821601023
2014-12-01 22:00:00,ecl,aggregate_load,96,44,xgboost,19954.994081222594
2014-12-01 23:00:00,ecl,aggregate_load,96,44,xgboost,18871.6910125537
2014-12-02 00:00:00,ecl,aggregate_load,96,44,xgboost,19934.312316707048
2014-12-02 01:00:00,ecl,aggregate_load,96,44,xgboost,22420.669424982363
2014-12-02 02:00:00,ecl,aggregate_load,96,44,xgboost,21215.016888188096
2014-12-02 03:00:00,ecl,aggregate_load,96,44,xgboost,20614.451034723254
2014-12-02 04:00:00,ecl,aggregate_load,96,44,xgboost,20639.837593416665
2014-12-02 05:00:00,ecl,aggregate_load,96,44,xgboost,21714.040542216117
2014-12-02 06:00:00,ecl,aggregate_load,96,44,xgboost,21833.306381736842
2014-12-02 07:00:00,ecl,aggregate_load,96,44,xgboost,21293.520046731854
2014-12-02 08:00:00,ecl,aggregate_load,96,44,xgboost,18275.744002563188
2014-12-02 09:00:00,ecl,aggregate_load,96,44,xgboost,18977.92736117484
2014-12-02 10:00:00,ecl,aggregate_load,96,44,xgboost,21929.453471395245
2014-12-02 11:00:00,ecl,aggregate_load,96,44,xgboost,21572.884348976106
2014-12-02 12:00:00,ecl,aggregate_load,96,44,xgboost,19823.079216280472
2014-12-02 13:00:00,ecl,aggregate_load,96,44,xgboost,21071.72542913169
2014-12-02 14:00:00,ecl,aggregate_load,96,44,xgboost,19187.156842637207
2014-12-02 15:00:00,ecl,aggregate_load,96,44,xgboost,19738.677234175182
2014-12-02 16:00:00,ecl,aggregate_load,96,44,xgboost,18250.00431725036
2014-12-02 17:00:00,ecl,aggregate_load,96,44,xgboost,17743.047756348056
2014-12-02 18:00:00,ecl,aggregate_load,96,44,xgboost,20767.026443620496
2014-12-02 19:00:00,ecl,aggregate_load,96,44,xgboost,20226.286408777494
2014-12-02 20:00:00,ecl,aggregate_load,96,44,xgboost,18697.85812557247
2014-12-02 21:00:00,ecl,aggregate_load,96,44,xgboost,17697.00161439296
2014-12-02 22:00:00,ecl,aggregate_load,96,44,xgboost,21442.085052827606
2014-12-02 23:00:00,ecl,aggregate_load,96,44,xgboost,19203.711262203356
2014-12-03 00:00:00,ecl,aggregate_load,96,44,xgboost,19244.42803924666
2014-12-03 01:00:00,ecl,aggregate_load,96,44,xgboost,20574.33152628341
2014-12-03 02:00:00,ecl,aggregate_load,96,44,xgboost,21319.657732115036
2014-12-03 03:00:00,ecl,aggregate_load,96,44,xgboost,21279.622917217046
2014-12-03 04:00:00,ecl,aggregate_load,96,44,xgboost,21580.394569574946
2014-12-03 05:00:00,ecl,aggregate_load,96,44,xgboost,21580.584590857157
2014-12-03 06:00:00,ecl,aggregate_load,96,44,xgboost,21278.25310345052
2014-12-03 07:00:00,ecl,aggregate_load,96,44,xgboost,20269.982318798542
2014-12-03 08:00:00,ecl,aggregate_load,96,44,xgboost,18292.954363058107
2014-12-03 09:00:00,ecl,aggregate_load,96,44,xgboost,19457.02574756808
2014-12-03 10:00:00,ecl,aggregate_load,96,44,xgboost,21417.35120790602
2014-12-03 11:00:00,ecl,aggregate_load,96,44,xgboost,20971.549839003117
2014-12-03 12:00:00,ecl,aggregate_load,96,44,xgboost,20634.99973597175
2014-12-03 13:00:00,ecl,aggregate_load,96,44,xgboost,20798.905027837394
2014-12-03 14:00:00,ecl,aggregate_load,96,44,xgboost,20870.289086496083
2014-12-03 15:00:00,ecl,aggregate_load,96,44,xgboost,20575.58152944478
2014-12-03 16:00:00,ecl,aggregate_load,96,44,xgboost,20844.747398450123
2014-12-03 17:00:00,ecl,aggregate_load,96,44,xgboost,22597.49193342196
2014-12-03 18:00:00,ecl,aggregate_load,96,44,xgboost,24997.39397049963
2014-12-03 19:00:00,ecl,aggregate_load,96,44,xgboost,23912.909467053727
2014-12-03 20:00:00,ecl,aggregate_load,96,44,xgboost,22731.74011840598
2014-12-03 21:00:00,ecl,aggregate_load,96,44,xgboost,20601.952928719464
2014-12-03 22:00:00,ecl,aggregate_load,96,44,xgboost,22907.657026702513
2014-12-03 23:00:00,ecl,aggregate_load,96,44,xgboost,21619.66999581148
2014-12-04 00:00:00,ecl,aggregate_load,96,44,xgboost,23360.175818910317
2014-12-04 01:00:00,ecl,aggregate_load,96,44,xgboost,26891.750996120838
2014-12-04 02:00:00,ecl,aggregate_load,96,44,xgboost,27548.94687184578
2014-12-04 03:00:00,ecl,aggregate_load,96,44,xgboost,27660.858873665275
2014-12-04 04:00:00,ecl,aggregate_load,96,44,xgboost,27457.52826571652
2014-12-04 05:00:00,ecl,aggregate_load,96,44,xgboost,27128.704491885615
2014-12-04 06:00:00,ecl,aggregate_load,96,44,xgboost,27386.313985953806
2014-12-04 07:00:00,ecl,aggregate_load,96,44,xgboost,25405.40993150331
2014-12-04 08:00:00,ecl,aggregate_load,96,44,xgboost,24692.55546531001
2014-12-04 09:00:00,ecl,aggregate_load,96,44,xgboost,24968.13332000237
2014-12-04 10:00:00,ecl,aggregate_load,96,44,xgboost,26546.450552908896
2014-12-04 11:00:00,ecl,aggregate_load,96,44,xgboost,25170.680310900923
2014-12-04 12:00:00,ecl,aggregate_load,96,44,xgboost,25928.27637915098
2014-12-04 13:00:00,ecl,aggregate_load,96,44,xgboost,26816.398337004463
2014-12-04 14:00:00,ecl,aggregate_load,96,44,xgboost,24487.674204431096
2014-12-04 15:00:00,ecl,aggregate_load,96,44,xgboost,25962.87747628715
2014-12-04 16:00:00,ecl,aggregate_load,96,44,xgboost,24897.088399329554
2014-12-04 17:00:00,ecl,aggregate_load,96,44,xgboost,25623.14853391188
2014-12-04 18:00:00,ecl,aggregate_load,96,44,xgboost,26669.858943555733
2014-12-04 19:00:00,ecl,aggregate_load,96,44,xgboost,26265.307464184774
2014-12-04 20:00:00,ecl,aggregate_load,96,44,xgboost,24688.166635401187
2014-12-04 21:00:00,ecl,aggregate_load,96,44,xgboost,23721.749958123295
2014-12-04 22:00:00,ecl,aggregate_load,96,44,xgboost,25909.100906915195
2014-12-04 23:00:00,ecl,aggregate_load,96,44,xgboost,24186.235591940593
2014-12-05 00:00:00,ecl,aggregate_load,96,44,xgboost,20997.99996879049
2014-12-05 01:00:00,ecl,aggregate_load,96,44,xgboost,23277.59312328264
2014-12-05 02:00:00,ecl,aggregate_load,96,44,xgboost,23534.844109671743
2014-12-05 03:00:00,ecl,aggregate_load,96,44,xgboost,24479.169171807745
2014-12-05 04:00:00,ecl,aggregate_load,96,44,xgboost,25312.649379249793
2014-12-05 05:00:00,ecl,aggregate_load,96,44,xgboost,25338.63606494301
2014-12-05 06:00:00,ecl,aggregate_load,96,44,xgboost,24589.563673117984
2014-12-05 07:00:00,ecl,aggregate_load,96,44,xgboost,23284.621213625967
2014-12-05 08:00:00,ecl,aggregate_load,96,44,xgboost,22409.70737536762
2014-12-05 09:00:00,ecl,aggregate_load,96,44,xgboost,23175.656040828428
2014-12-05 10:00:00,ecl,aggregate_load,96,44,xgboost,24109.46581659402
2014-12-05 11:00:00,ecl,aggregate_load,96,44,xgboost,25689.66326182816
2014-12-05 12:00:00,ecl,aggregate_load,96,44,xgboost,24253.81348430991
2014-12-05 13:00:00,ecl,aggregate_load,96,44,xgboost,23956.819219145418
2014-12-05 14:00:00,ecl,aggregate_load,96,44,xgboost,21367.73822484132
2014-12-05 15:00:00,ecl,aggregate_load,96,44,xgboost,22658.773506781075
2014-12-05 16:00:00,ecl,aggregate_load,96,44,xgboost,22385.528317957887
2014-12-05 17:00:00,ecl,aggregate_load,96,44,xgboost,23002.073887410912
2014-12-05 18:00:00,ecl,aggregate_load,96,44,xgboost,25993.132713801024
2014-12-05 19:00:00,ecl,aggregate_load,96,44,xgboost,24820.96119001707
2014-12-05 20:00:00,ecl,aggregate_load,96,44,xgboost,23655.641305678117
2014-12-05 21:00:00,ecl,aggregate_load,96,44,xgboost,23916.28239548253
2014-12-05 22:00:00,ecl,aggregate_load,96,44,xgboost,24653.274487871287
2014-12-05 23:00:00,ecl,aggregate_load,96,44,xgboost,26778.68293829339
2014-12-06 00:00:00,ecl,aggregate_load,96,44,xgboost,27528.0048961766
2014-12-06 01:00:00,ecl,aggregate_load,96,44,xgboost,28111.107407573465
2014-12-06 02:00:00,ecl,aggregate_load,96,44,xgboost,29288.336188898582
2014-12-06 03:00:00,ecl,aggregate_load,96,44,xgboost,29007.869455319702
2014-12-06 04:00:00,ecl,aggregate_load,96,44,xgboost,28596.784495709082
2014-12-06 05:00:00,ecl,aggregate_load,96,44,xgboost,28957.109550040794
2014-12-06 06:00:00,ecl,aggregate_load,96,44,xgboost,27844.124470741557
2014-12-06 07:00:00,ecl,aggregate_load,96,44,xgboost,26276.46956993298
2014-12-06 08:00:00,ecl,aggregate_load,96,44,xgboost,27188.403900449033
2014-12-06 09:00:00,ecl,aggregate_load,96,44,xgboost,25552.397611237437
2014-12-06 10:00:00,ecl,aggregate_load,96,44,xgboost,26867.558824946453
2014-12-06 11:00:00,ecl,aggregate_load,96,44,xgboost,28052.42268393343
2014-12-06 12:00:00,ecl,aggregate_load,96,44,xgboost,28779.73696095384
2014-12-06 13:00:00,ecl,aggregate_load,96,44,xgboost,29549.947586618942
2014-12-06 14:00:00,ecl,aggregate_load,96,44,xgboost,28101.757494448615
2014-12-06 15:00:00,ecl,aggregate_load,96,44,xgboost,28757.742341042234
2014-12-06 16:00:00,ecl,aggregate_load,96,44,xgboost,26996.798919922458
2014-12-06 17:00:00,ecl,aggregate_load,96,44,xgboost,27108.968468165996
2014-12-06 18:00:00,ecl,aggregate_load,96,44,xgboost,29466.14982881284
2014-12-06 19:00:00,ecl,aggregate_load,96,44,xgboost,28175.482669852558
2014-12-06 20:00:00,ecl,aggregate_load,96,44,xgboost,28025.822123276685
2014-12-06 21:00:00,ecl,aggregate_load,96,44,xgboost,27038.071761380415
2014-12-06 22:00:00,ecl,aggregate_load,96,44,xgboost,26874.384655175458
2014-12-06 23:00:00,ecl,aggregate_load,96,44,xgboost,27073.660667733056
2014-12-07 00:00:00,ecl,aggregate_load,96,44,xgboost,28964.670255790465
2014-12-07 01:00:00,ecl,aggregate_load,96,44,xgboost,28353.3387799109
2014-12-07 02:00:00,ecl,aggregate_load,96,44,xgboost,27964.037308657465
2014-12-07 03:00:00,ecl,aggregate_load,96,44,xgboost,28636.24977771258
2014-12-07 04:00:00,ecl,aggregate_load,96,44,xgboost,28815.385937179613
2014-12-07 05:00:00,ecl,aggregate_load,96,44,xgboost,31709.20543182483
2014-12-07 06:00:00,ecl,aggregate_load,96,44,xgboost,32542.7847647945
2014-12-07 07:00:00,ecl,aggregate_load,96,44,xgboost,30658.8096204117
2014-12-07 08:00:00,ecl,aggregate_load,96,44,xgboost,33146.90143410635
2014-12-07 09:00:00,ecl,aggregate_load,96,44,xgboost,31525.705139709098
2014-12-07 10:00:00,ecl,aggregate_load,96,44,xgboost,30815.225218303443
2014-12-07 11:00:00,ecl,aggregate_load,96,44,xgboost,31726.578526175614
2014-12-07 12:00:00,ecl,aggregate_load,96,44,xgboost,34063.56064564837
2014-12-07 13:00:00,ecl,aggregate_load,96,44,xgboost,33708.907008640286
2014-12-07 14:00:00,ecl,aggregate_load,96,44,xgboost,35370.74779622629
2014-12-07 15:00:00,ecl,aggregate_load,96,44,xgboost,38007.31962575568
2014-12-07 16:00:00,ecl,aggregate_load,96,44,xgboost,37906.99331857474
2014-12-07 17:00:00,ecl,aggregate_load,96,44,xgboost,33041.40317455581
2014-12-07 18:00:00,ecl,aggregate_load,96,44,xgboost,34992.57373832299
2014-12-07 19:00:00,ecl,aggregate_load,96,44,xgboost,36511.72269021055
2014-12-07 20:00:00,ecl,aggregate_load,96,44,xgboost,36471.72943964877
2014-12-07 21:00:00,ecl,aggregate_load,96,44,xgboost,37360.03511993337
2014-12-07 22:00:00,ecl,aggregate_load,96,44,xgboost,39408.2600182663
2014-12-07 23:00:00,ecl,aggregate_load,96,44,xgboost,40694.15486147671
2014-12-08 00:00:00,ecl,aggregate_load,96,44,xgboost,41491.67502092018
2014-12-08 01:00:00,ecl,aggregate_load,96,44,xgboost,40072.01233099416
2014-12-08 02:00:00,ecl,aggregate_load,96,44,xgboost,44163.519986786996
2014-12-08 03:00:00,ecl,aggregate_load,96,44,xgboost,43249.57185146279
2014-12-08 04:00:00,ecl,aggregate_load,96,44,xgboost,42534.92765123705
2014-12-08 05:00:00,ecl,aggregate_load,96,44,xgboost,43934.26327951515
2014-12-08 06:00:00,ecl,aggregate_load,96,44,xgboost,44152.23998163206
2014-12-08 07:00:00,ecl,aggregate_load,96,44,xgboost,41962.40222722159
2014-12-08 08:00:00,ecl,aggregate_load,96,44,xgboost,43778.607627656485
2014-12-08 09:00:00,ecl,aggregate_load,96,44,xgboost,41834.56353858331
2014-12-08 10:00:00,ecl,aggregate_load,96,44,xgboost,39509.9166492359
2014-12-08 11:00:00,ecl,aggregate_load,96,44,xgboost,40449.535019793235
2014-12-08 12:00:00,ecl,aggregate_load,96,44,xgboost,38865.105259920616
2014-12-08 13:00:00,ecl,aggregate_load,96,44,xgboost,42950.49302224986
2014-12-08 14:00:00,ecl,aggregate_load,96,44,xgboost,38261.52172960941
2014-12-08 15:00:00,ecl,aggregate_load,96,44,xgboost,40500.7011317717
2014-12-08 16:00:00,ecl,aggregate_load,96,44,xgboost,36635.3370936346
2014-12-08 17:00:00,ecl,aggregate_load,96,44,xgboost,36493.9624562714
2014-12-08 18:00:00,ecl,aggregate_load,96,44,xgboost,38584.005367153455
2014-12-08 19:00:00,ecl,aggregate_load,96,44,xgboost,40084.61819118469
2014-12-08 20:00:00,ecl,aggregate_load,96,44,xgboost,38141.03635634792
2014-12-08 21:00:00,ecl,aggregate_load,96,44,xgboost,39425.990850426795
2014-12-08 22:00:00,ecl,aggregate_load,96,44,xgboost,39452.93384880517
2014-12-08 23:00:00,ecl,aggregate_load,96,44,xgboost,39373.62246488989
2014-12-09 00:00:00,ecl,aggregate_load,96,44,xgboost,36002.48104662959
2014-12-09 01:00:00,ecl,aggregate_load,96,44,xgboost,38326.04751312987
2014-12-09 02:00:00,ecl,aggregate_load,96,44,xgboost,38915.06657028487
2014-12-09 03:00:00,ecl,aggregate_load,96,44,xgboost,36525.80779214363
2014-12-09 04:00:00,ecl,aggregate_load,96,44,xgboost,36072.470887653704
2014-12-09 05:00:00,ecl,aggregate_load,96,44,xgboost,35928.9972623328
2014-12-09 06:00:00,ecl,aggregate_load,96,44,xgboost,35528.87560095737
2014-12-09 07:00:00,ecl,aggregate_load,96,44,xgboost,34874.74568101958
2014-12-09 08:00:00,ecl,aggregate_load,96,44,xgboost,36790.408287693914
2014-12-09 09:00:00,ecl,aggregate_load,96,44,xgboost,35517.56944075917
2014-12-09 10:00:00,ecl,aggregate_load,96,44,xgboost,37289.6211987457
2014-12-09 11:00:00,ecl,aggregate_load,96,44,xgboost,37208.00875570963
2014-12-09 12:00:00,ecl,aggregate_load,96,44,xgboost,37106.06951205513
2014-12-09 13:00:00,ecl,aggregate_load,96,44,xgboost,36127.40207720848
2014-12-09 14:00:00,ecl,aggregate_load,96,44,xgboost,36631.59380236236
2014-12-09 15:00:00,ecl,aggregate_load,96,44,xgboost,34177.04420895696
2014-12-09 16:00:00,ecl,aggregate_load,96,44,xgboost,33537.434604616596
2014-12-09 17:00:00,ecl,aggregate_load,96,44,xgboost,34379.35215104784
2014-12-09 18:00:00,ecl,aggregate_load,96,44,xgboost,35469.183257159864
2014-12-09 19:00:00,ecl,aggregate_load,96,44,xgboost,36386.04312899523
2014-12-09 20:00:00,ecl,aggregate_load,96,44,xgboost,36451.14008594788
2014-12-09 21:00:00,ecl,aggregate_load,96,44,xgboost,37413.70629014971
2014-12-09 22:00:00,ecl,aggregate_load,96,44,xgboost,37669.90596523398
2014-12-09 23:00:00,ecl,aggregate_load,96,44,xgboost,38696.09782654374
2014-12-10 00:00:00,ecl,aggregate_load,96,44,xgboost,36412.66019699148
2014-12-10 01:00:00,ecl,aggregate_load,96,44,xgboost,38443.14751289077
2014-12-10 02:00:00,ecl,aggregate_load,96,44,xgboost,40210.537775427314
2014-12-10 03:00:00,ecl,aggregate_load,96,44,xgboost,39598.983045614375
2014-12-10 04:00:00,ecl,aggregate_load,96,44,xgboost,39477.66926911797
2014-12-10 05:00:00,ecl,aggregate_load,96,44,xgboost,38096.30701921051
2014-12-10 06:00:00,ecl,aggregate_load,96,44,xgboost,36288.85530142591
2014-12-10 07:00:00,ecl,aggregate_load,96,44,xgboost,34083.21120196646
2014-12-10 08:00:00,ecl,aggregate_load,96,44,xgboost,33159.57123484951
2014-12-10 09:00:00,ecl,aggregate_load,96,44,xgboost,33566.57760461883
2014-12-10 10:00:00,ecl,aggregate_load,96,44,xgboost,35486.67511895397
2014-12-10 11:00:00,ecl,aggregate_load,96,44,xgboost,36458.451923583176
2014-12-10 12:00:00,ecl,aggregate_load,96,44,xgboost,35210.11644973519
2014-12-10 13:00:00,ecl,aggregate_load,96,44,xgboost,36138.45418860811
2014-12-10 14:00:00,ecl,aggregate_load,96,44,xgboost,34437.84070378797
2014-12-10 15:00:00,ecl,aggregate_load,96,44,xgboost,33713.28808700788
2014-12-10 16:00:00,ecl,aggregate_load,96,44,xgboost,33724.61626932092
2014-12-10 17:00:00,ecl,aggregate_load,96,44,xgboost,35988.29419504044
2014-12-10 18:00:00,ecl,aggregate_load,96,44,xgboost,35212.53093594128
2014-12-10 19:00:00,ecl,aggregate_load,96,44,xgboost,37873.28452926617
2014-12-10 20:00:00,ecl,aggregate_load,96,44,xgboost,39046.93296219343
2014-12-10 21:00:00,ecl,aggregate_load,96,44,xgboost,41004.029739964164
2014-12-10 22:00:00,ecl,aggregate_load,96,44,xgboost,43516.98699780378
2014-12-10 23:00:00,ecl,aggregate_load,96,44,xgboost,44098.719759925014
2014-12-11 00:00:00,ecl,aggregate_load,96,44,xgboost,38289.63571756712
2014-12-11 01:00:00,ecl,aggregate_load,96,44,xgboost,40981.2546372303
2014-12-11 02:00:00,ecl,aggregate_load,96,44,xgboost,37999.33008671257
2014-12-11 03:00:00,ecl,aggregate_load,96,44,xgboost,37054.10846142913
2014-12-11 04:00:00,ecl,aggregate_load,96,44,xgboost,36605.18050836739
2014-12-11 05:00:00,ecl,aggregate_load,96,44,xgboost,36676.25783230842
2014-12-11 06:00:00,ecl,aggregate_load,96,44,xgboost,36569.72787506019
2014-12-11 07:00:00,ecl,aggregate_load,96,44,xgboost,36518.04341208491
2014-12-11 08:00:00,ecl,aggregate_load,96,44,xgboost,36758.71329584835
2014-12-11 09:00:00,ecl,aggregate_load,96,44,xgboost,37657.96356539112
2014-12-11 10:00:00,ecl,aggregate_load,96,44,xgboost,38426.778260014595
2014-12-11 11:00:00,ecl,aggregate_load,96,44,xgboost,37775.07277903954
2014-12-11 12:00:00,ecl,aggregate_load,96,44,xgboost,39236.14041027624
2014-12-11 13:00:00,ecl,aggregate_load,96,44,xgboost,39438.05762779978
2014-12-11 14:00:00,ecl,aggregate_load,96,44,xgboost,40333.181787304755
2014-12-11 15:00:00,ecl,aggregate_load,96,44,xgboost,38115.18500957591
2014-12-11 16:00:00,ecl,aggregate_load,96,44,xgboost,37657.569735818244
2014-12-11 17:00:00,ecl,aggregate_load,96,44,xgboost,38754.33291203119
2014-12-11 18:00:00,ecl,aggregate_load,96,44,xgboost,38441.23704997944
2014-12-11 19:00:00,ecl,aggregate_load,96,44,xgboost,40851.93221675441
2014-12-11 20:00:00,ecl,aggregate_load,96,44,xgboost,41501.92505008212
2014-12-11 21:00:00,ecl,aggregate_load,96,44,xgboost,39700.172647773376
2014-12-11 22:00:00,ecl,aggregate_load,96,44,xgboost,44511.429194765886
2014-12-11 23:00:00,ecl,aggregate_load,96,44,xgboost,44137.220909451375
2014-12-12 00:00:00,ecl,aggregate_load,96,44,xgboost,40127.768276529154
2014-12-12 01:00:00,ecl,aggregate_load,96,44,xgboost,37853.0874345089
2014-12-12 02:00:00,ecl,aggregate_load,96,44,xgboost,36237.33852879897
2014-12-12 03:00:00,ecl,aggregate_load,96,44,xgboost,34911.76190752568
2014-12-12 04:00:00,ecl,aggregate_load,96,44,xgboost,32817.95752399601
2014-12-12 05:00:00,ecl,aggregate_load,96,44,xgboost,31760.64846338512
2014-12-12 06:00:00,ecl,aggregate_load,96,44,xgboost,32058.671831703963
2014-12-12 07:00:00,ecl,aggregate_load,96,44,xgboost,32991.278927686704
2014-12-12 08:00:00,ecl,aggregate_load,96,44,xgboost,32035.29723276653
2014-12-12 09:00:00,ecl,aggregate_load,96,44,xgboost,31828.456860666298
2014-12-12 10:00:00,ecl,aggregate_load,96,44,xgboost,31894.40516561091
2014-12-12 11:00:00,ecl,aggregate_load,96,44,xgboost,32101.89604799774
2014-12-12 12:00:00,ecl,aggregate_load,96,44,xgboost,31721.08298995111
2014-12-12 13:00:00,ecl,aggregate_load,96,44,xgboost,31823.92683943031
2014-12-12 14:00:00,ecl,aggregate_load,96,44,xgboost,30809.08668955333
2014-12-12 15:00:00,ecl,aggregate_load,96,44,xgboost,29416.18136172164
2014-12-12 16:00:00,ecl,aggregate_load,96,44,xgboost,30524.098032028047
2014-12-12 17:00:00,ecl,aggregate_load,96,44,xgboost,28251.892686437466
2014-12-12 18:00:00,ecl,aggregate_load,96,44,xgboost,29213.362122275244
2014-12-12 19:00:00,ecl,aggregate_load,96,44,xgboost,26075.743798050553
2014-12-12 20:00:00,ecl,aggregate_load,96,44,xgboost,24183.032930411082
2014-12-12 21:00:00,ecl,aggregate_load,96,44,xgboost,24602.27805752847
2014-12-12 22:00:00,ecl,aggregate_load,96,44,xgboost,27390.853374613245
2014-12-12 23:00:00,ecl,aggregate_load,96,44,xgboost,24592.66612207048
2014-12-13 00:00:00,ecl,aggregate_load,96,44,xgboost,35099.26092195561
2014-12-13 01:00:00,ecl,aggregate_load,96,44,xgboost,35135.18479551227
2014-12-13 02:00:00,ecl,aggregate_load,96,44,xgboost,35208.87849155245
2014-12-13 03:00:00,ecl,aggregate_load,96,44,xgboost,35348.54259869526
2014-12-13 04:00:00,ecl,aggregate_load,96,44,xgboost,36882.567328600235
2014-12-13 05:00:00,ecl,aggregate_load,96,44,xgboost,38089.35069901198
2014-12-13 06:00:00,ecl,aggregate_load,96,44,xgboost,38534.83573446862
2014-12-13 07:00:00,ecl,aggregate_load,96,44,xgboost,38197.31817657172
2014-12-13 08:00:00,ecl,aggregate_load,96,44,xgboost,39496.53723625591
2014-12-13 09:00:00,ecl,aggregate_load,96,44,xgboost,40598.90302187952
2014-12-13 10:00:00,ecl,aggregate_load,96,44,xgboost,38952.68306375988
2014-12-13 11:00:00,ecl,aggregate_load,96,44,xgboost,40995.60600110148
2014-12-13 12:00:00,ecl,aggregate_load,96,44,xgboost,40171.896702302874
2014-12-13 13:00:00,ecl,aggregate_load,96,44,xgboost,36905.03540296785
2014-12-13 14:00:00,ecl,aggregate_load,96,44,xgboost,34610.05390116193
2014-12-13 15:00:00,ecl,aggregate_load,96,44,xgboost,35045.003638897506
2014-12-13 16:00:00,ecl,aggregate_load,96,44,xgboost,36130.70388348961
2014-12-13 17:00:00,ecl,aggregate_load,96,44,xgboost,34226.10131766658
2014-12-13 18:00:00,ecl,aggregate_load,96,44,xgboost,34618.99298802251
2014-12-13 19:00:00,ecl,aggregate_load,96,44,xgboost,34267.368220442935
2014-12-13 20:00:00,ecl,aggregate_load,96,44,xgboost,36513.05909766446
2014-12-13 21:00:00,ecl,aggregate_load,96,44,xgboost,35547.781590793915
2014-12-13 22:00:00,ecl,aggregate_load,96,44,xgboost,36389.127483351396
2014-12-13 23:00:00,ecl,aggregate_load,96,44,xgboost,34541.2843990711
2014-12-14 00:00:00,ecl,aggregate_load,96,44,xgboost,37200.54431869173
2014-12-14 01:00:00,ecl,aggregate_load,96,44,xgboost,37060.649525739915
2014-12-14 02:00:00,ecl,aggregate_load,96,44,xgboost,35460.621960231794
2014-12-14 03:00:00,ecl,aggregate_load,96,44,xgboost,35175.13765949594
2014-12-14 04:00:00,ecl,aggregate_load,96,44,xgboost,36655.56759269036
2014-12-14 05:00:00,ecl,aggregate_load,96,44,xgboost,35583.068828025745
2014-12-14 06:00:00,ecl,aggregate_load,96,44,xgboost,36884.16644660524
2014-12-14 07:00:00,ecl,aggregate_load,96,44,xgboost,35440.068024099855
2014-12-14 08:00:00,ecl,aggregate_load,96,44,xgboost,37411.47042801953
2014-12-14 09:00:00,ecl,aggregate_load,96,44,xgboost,36269.421925684874
2014-12-14 10:00:00,ecl,aggregate_load,96,44,xgboost,38998.479315249846
2014-12-14 11:00:00,ecl,aggregate_load,96,44,xgboost,38432.35645479873
2014-12-14 12:00:00,ecl,aggregate_load,96,44,xgboost,36944.08383914177
2014-12-14 13:00:00,ecl,aggregate_load,96,44,xgboost,34861.6903579218
2014-12-14 14:00:00,ecl,aggregate_load,96,44,xgboost,25881.040665926954
2014-12-14 15:00:00,ecl,aggregate_load,96,44,xgboost,24276.245055345735
2014-12-14 16:00:00,ecl,aggregate_load,96,44,xgboost,23665.296713345935
2014-12-14 17:00:00,ecl,aggregate_load,96,44,xgboost,22086.466739960142
2014-12-14 18:00:00,ecl,aggregate_load,96,44,xgboost,25161.866136639117
2014-12-14 19:00:00,ecl,aggregate_load,96,44,xgboost,32893.4523587201
2014-12-14 20:00:00,ecl,aggregate_load,96,44,xgboost,34248.93168158904
2014-12-14 21:00:00,ecl,aggregate_load,96,44,xgboost,32711.394407242642
2014-12-14 22:00:00,ecl,aggregate_load,96,44,xgboost,32884.116843399876
2014-12-14 23:00:00,ecl,aggregate_load,96,44,xgboost,33652.26152503602
2014-12-15 00:00:00,ecl,aggregate_load,96,44,xgboost,15299.094856535783
2014-12-15 01:00:00,ecl,aggregate_load,96,44,xgboost,17963.51211271806
2014-12-15 02:00:00,ecl,aggregate_load,96,44,xgboost,18187.916141713773
2014-12-15 03:00:00,ecl,aggregate_load,96,44,xgboost,20983.905445000873
2014-12-15 04:00:00,ecl,aggregate_load,96,44,xgboost,20752.756958866055
2014-12-15 05:00:00,ecl,aggregate_load,96,44,xgboost,19374.242703633914
2014-12-15 06:00:00,ecl,aggregate_load,96,44,xgboost,20474.728027896203
2014-12-15 07:00:00,ecl,aggregate_load,96,44,xgboost,18842.97428943171
2014-12-15 08:00:00,ecl,aggregate_load,96,44,xgboost,20534.092586984105
2014-12-15 09:00:00,ecl,aggregate_load,96,44,xgboost,18942.27988094204
2014-12-15 10:00:00,ecl,aggregate_load,96,44,xgboost,17765.593174094207
2014-12-15 11:00:00,ecl,aggregate_load,96,44,xgboost,16286.37997575679
2014-12-15 12:00:00,ecl,aggregate_load,96,44,xgboost,15533.671346091345
2014-12-15 13:00:00,ecl,aggregate_load,96,44,xgboost,15920.144828780341
2014-12-15 14:00:00,ecl,aggregate_load,96,44,xgboost,18640.73482014415
2014-12-15 15:00:00,ecl,aggregate_load,96,44,xgboost,17414.73468844417
2014-12-15 16:00:00,ecl,aggregate_load,96,44,xgboost,17365.454830573322
2014-12-15 17:00:00,ecl,aggregate_load,96,44,xgboost,15344.185883596
2014-12-15 18:00:00,ecl,aggregate_load,96,44,xgboost,16647.659278167965
2014-12-15 19:00:00,ecl,aggregate_load,96,44,xgboost,17697.655414031356
2014-12-15 20:00:00,ecl,aggregate_load,96,44,xgboost,18794.719598746433
2014-12-15 21:00:00,ecl,aggregate_load,96,44,xgboost,18549.391013770157
2014-12-15 22:00:00,ecl,aggregate_load,96,44,xgboost,17953.032993149227
2014-12-15 23:00:00,ecl,aggregate_load,96,44,xgboost,15857.045701481524
2014-12-16 00:00:00,ecl,aggregate_load,96,44,xgboost,15836.675617182633
2014-12-16 01:00:00,ecl,aggregate_load,96,44,xgboost,13830.91625188038
2014-12-16 02:00:00,ecl,aggregate_load,96,44,xgboost,14081.77329330451
2014-12-16 03:00:00,ecl,aggregate_load,96,44,xgboost,14046.79194058441
2014-12-16 04:00:00,ecl,aggregate_load,96,44,xgboost,13974.636772511549
2014-12-16 05:00:00,ecl,aggregate_load,96,44,xgboost,12807.976293747228
2014-12-16 06:00:00,ecl,aggregate_load,96,44,xgboost,13451.25239933405
2014-12-16 07:00:00,ecl,aggregate_load,96,44,xgboost,13140.247605148534
2014-12-16 08:00:00,ecl,aggregate_load,96,44,xgboost,13010.346685471624
2014-12-16 09:00:00,ecl,aggregate_load,96,44,xgboost,14165.887857677028
2014-12-16 10:00:00,ecl,aggregate_load,96,44,xgboost,16374.664664227936
2014-12-16 11:00:00,ecl,aggregate_load,96,44,xgboost,15176.176615491853
2014-12-16 12:00:00,ecl,aggregate_load,96,44,xgboost,16799.88554004552
2014-12-16 13:00:00,ecl,aggregate_load,96,44,xgboost,16889.070709911302
2014-12-16 14:00:00,ecl,aggregate_load,96,44,xgboost,17059.96781168152
2014-12-16 15:00:00,ecl,aggregate_load,96,44,xgboost,18292.959142614724
2014-12-16 16:00:00,ecl,aggregate_load,96,44,xgboost,18252.97570917167
2014-12-16 17:00:00,ecl,aggregate_load,96,44,xgboost,17540.112309636836
2014-12-16 18:00:00,ecl,aggregate_load,96,44,xgboost,20704.44217424131
2014-12-16 19:00:00,ecl,aggregate_load,96,44,xgboost,22639.607358806097
2014-12-16 20:00:00,ecl,aggregate_load,96,44,xgboost,21815.47248662842
2014-12-16 21:00:00,ecl,aggregate_load,96,44,xgboost,19329.45698179885
2014-12-16 22:00:00,ecl,aggregate_load,96,44,xgboost,20868.066133810124
2014-12-16 23:00:00,ecl,aggregate_load,96,44,xgboost,20535.91146983565
2014-12-17 00:00:00,ecl,aggregate_load,96,44,xgboost,17409.259504215246
2014-12-17 01:00:00,ecl,aggregate_load,96,44,xgboost,18488.085218806875
2014-12-17 02:00:00,ecl,aggregate_load,96,44,xgboost,18630.757695297
2014-12-17 03:00:00,ecl,aggregate_load,96,44,xgboost,17925.7408947574
2014-12-17 04:00:00,ecl,aggregate_load,96,44,xgboost,18344.893534336534
2014-12-17 05:00:00,ecl,aggregate_load,96,44,xgboost,18788.703229208873
2014-12-17 06:00:00,ecl,aggregate_load,96,44,xgboost,17455.84623760796
2014-12-17 07:00:00,ecl,aggregate_load,96,44,xgboost,19082.533397952033
2014-12-17 08:00:00,ecl,aggregate_load,96,44,xgboost,18638.470300842917
2014-12-17 09:00:00,ecl,aggregate_load,96,44,xgboost,19998.298856234007
2014-12-17 10:00:00,ecl,aggregate_load,96,44,xgboost,21547.785277173036
2014-12-17 11:00:00,ecl,aggregate_load,96,44,xgboost,20228.00240396208
2014-12-17 12:00:00,ecl,aggregate_load,96,44,xgboost,18897.118575075994
2014-12-17 13:00:00,ecl,aggregate_load,96,44,xgboost,18407.180268594642
2014-12-17 14:00:00,ecl,aggregate_load,96,44,xgboost,17561.31348171127
2014-12-17 15:00:00,ecl,aggregate_load,96,44,xgboost,16871.533139977608
2014-12-17 16:00:00,ecl,aggregate_load,96,44,xgboost,17381.9978748515
2014-12-17 17:00:00,ecl,aggregate_load,96,44,xgboost,16374.941886088092
2014-12-17 18:00:00,ecl,aggregate_load,96,44,xgboost,18318.61584845291
2014-12-17 19:00:00,ecl,aggregate_load,96,44,xgboost,17130.36299024387
2014-12-17 20:00:00,ecl,aggregate_load,96,44,xgboost,17623.172235036654
2014-12-17 21:00:00,ecl,aggregate_load,96,44,xgboost,17455.976572512773
2014-12-17 22:00:00,ecl,aggregate_load,96,44,xgboost,20642.64799729546
2014-12-17 23:00:00,ecl,aggregate_load,96,44,xgboost,16806.92907261979
2014-12-18 00:00:00,ecl,aggregate_load,96,44,xgboost,14527.399402383604
2014-12-18 01:00:00,ecl,aggregate_load,96,44,xgboost,14950.664487691378
2014-12-18 02:00:00,ecl,aggregate_load,96,44,xgboost,14456.021096531207
2014-12-18 03:00:00,ecl,aggregate_load,96,44,xgboost,12833.314277671154
2014-12-18 04:00:00,ecl,aggregate_load,96,44,xgboost,12855.57859023686
2014-12-18 05:00:00,ecl,aggregate_load,96,44,xgboost,13011.805279498973
2014-12-18 06:00:00,ecl,aggregate_load,96,44,xgboost,12640.887356827128
2014-12-18 07:00:00,ecl,aggregate_load,96,44,xgboost,13118.784258935762
2014-12-18 08:00:00,ecl,aggregate_load,96,44,xgboost,12665.45097906374
2014-12-18 09:00:00,ecl,aggregate_load,96,44,xgboost,13428.827420444048
2014-12-18 10:00:00,ecl,aggregate_load,96,44,xgboost,13895.32700951963
2014-12-18 11:00:00,ecl,aggregate_load,96,44,xgboost,14155.926685791672
2014-12-18 12:00:00,ecl,aggregate_load,96,44,xgboost,12825.706297251083
2014-12-18 13:00:00,ecl,aggregate_load,96,44,xgboost,12359.367477881264
2014-12-18 14:00:00,ecl,aggregate_load,96,44,xgboost,12226.88373400238
2014-12-18 15:00:00,ecl,aggregate_load,96,44,xgboost,12424.62600213136
2014-12-18 16:00:00,ecl,aggregate_load,96,44,xgboost,12599.13958328026
2014-12-18 17:00:00,ecl,aggregate_load,96,44,xgboost,12844.547962148332
2014-12-18 18:00:00,ecl,aggregate_load,96,44,xgboost,13935.448479128512
2014-12-18 19:00:00,ecl,aggregate_load,96,44,xgboost,13996.573154326878
2014-12-18 20:00:00,ecl,aggregate_load,96,44,xgboost,14367.428642974279
2014-12-18 21:00:00,ecl,aggregate_load,96,44,xgboost,15082.869455560614
2014-12-18 22:00:00,ecl,aggregate_load,96,44,xgboost,17488.439980967898
2014-12-18 23:00:00,ecl,aggregate_load,96,44,xgboost,16248.563127670226
2014-12-19 00:00:00,ecl,aggregate_load,96,44,xgboost,17759.549839580868
2014-12-19 01:00:00,ecl,aggregate_load,96,44,xgboost,15484.863800232835
2014-12-19 02:00:00,ecl,aggregate_load,96,44,xgboost,17960.039794283864
2014-12-19 03:00:00,ecl,aggregate_load,96,44,xgboost,17346.196313875545
2014-12-19 04:00:00,ecl,aggregate_load,96,44,xgboost,16109.970355927828
2014-12-19 05:00:00,ecl,aggregate_load,96,44,xgboost,16698.97843013583
2014-12-19 06:00:00,ecl,aggregate_load,96,44,xgboost,17040.321511153063
2014-12-19 07:00:00,ecl,aggregate_load,96,44,xgboost,17681.38639013946
2014-12-19 08:00:00,ecl,aggregate_load,96,44,xgboost,17726.17728279068
2014-12-19 09:00:00,ecl,aggregate_load,96,44,xgboost,18272.40642464007
2014-12-19 10:00:00,ecl,aggregate_load,96,44,xgboost,17523.792261670413
2014-12-19 11:00:00,ecl,aggregate_load,96,44,xgboost,18822.05671434202
2014-12-19 12:00:00,ecl,aggregate_load,96,44,xgboost,18342.394805838314
2014-12-19 13:00:00,ecl,aggregate_load,96,44,xgboost,17441.40877170672
2014-12-19 14:00:00,ecl,aggregate_load,96,44,xgboost,21588.09473468056
2014-12-19 15:00:00,ecl,aggregate_load,96,44,xgboost,17729.8074364635
2014-12-19 16:00:00,ecl,aggregate_load,96,44,xgboost,19464.782721484236
2014-12-19 17:00:00,ecl,aggregate_load,96,44,xgboost,20889.36389482887
2014-12-19 18:00:00,ecl,aggregate_load,96,44,xgboost,21355.358716773957
2014-12-19 19:00:00,ecl,aggregate_load,96,44,xgboost,22544.271188411356
2014-12-19 20:00:00,ecl,aggregate_load,96,44,xgboost,22261.94474244998
2014-12-19 21:00:00,ecl,aggregate_load,96,44,xgboost,25155.352635029765
2014-12-19 22:00:00,ecl,aggregate_load,96,44,xgboost,22618.848696725105
2014-12-19 23:00:00,ecl,aggregate_load,96,44,xgboost,21347.438377929702
2014-12-20 00:00:00,ecl,aggregate_load,96,44,xgboost,26782.22264836813
2014-12-20 01:00:00,ecl,aggregate_load,96,44,xgboost,27551.305078508303
2014-12-20 02:00:00,ecl,aggregate_load,96,44,xgboost,27967.742649322277
2014-12-20 03:00:00,ecl,aggregate_load,96,44,xgboost,27344.911345303786
2014-12-20 04:00:00,ecl,aggregate_load,96,44,xgboost,27958.49844803526
2014-12-20 05:00:00,ecl,aggregate_load,96,44,xgboost,27647.359765152378
2014-12-20 06:00:00,ecl,aggregate_load,96,44,xgboost,29209.65318426419
2014-12-20 07:00:00,ecl,aggregate_load,96,44,xgboost,30968.413926297693
2014-12-20 08:00:00,ecl,aggregate_load,96,44,xgboost,33236.56253255241
2014-12-20 09:00:00,ecl,aggregate_load,96,44,xgboost,31858.113506200618
2014-12-20 10:00:00,ecl,aggregate_load,96,44,xgboost,29885.177960678335
2014-12-20 11:00:00,ecl,aggregate_load,96,44,xgboost,31606.67656748569
2014-12-20 12:00:00,ecl,aggregate_load,96,44,xgboost,33801.58885368879
2014-12-20 13:00:00,ecl,aggregate_load,96,44,xgboost,33947.07372057929
2014-12-20 14:00:00,ecl,aggregate_load,96,44,xgboost,33647.001258852164
2014-12-20 15:00:00,ecl,aggregate_load,96,44,xgboost,33242.35325313953
2014-12-20 16:00:00,ecl,aggregate_load,96,44,xgboost,32413.094062787542
2014-12-20 17:00:00,ecl,aggregate_load,96,44,xgboost,33587.71544804396
2014-12-20 18:00:00,ecl,aggregate_load,96,44,xgboost,33503.6304267681
2014-12-20 19:00:00,ecl,aggregate_load,96,44,xgboost,34082.55182834403
2014-12-20 20:00:00,ecl,aggregate_load,96,44,xgboost,35670.720459335826
2014-12-20 21:00:00,ecl,aggregate_load,96,44,xgboost,38062.33674985947
2014-12-20 22:00:00,ecl,aggregate_load,96,44,xgboost,39090.568153197804
2014-12-20 23:00:00,ecl,aggregate_load,96,44,xgboost,39987.57548494806
2014-12-21 00:00:00,ecl,aggregate_load,96,44,xgboost,39746.35892497292
2014-12-21 01:00:00,ecl,aggregate_load,96,44,xgboost,41627.74150786907
2014-12-21 02:00:00,ecl,aggregate_load,96,44,xgboost,43173.26572403121
2014-12-21 03:00:00,ecl,aggregate_load,96,44,xgboost,42782.21903150339
2014-12-21 04:00:00,ecl,aggregate_load,96,44,xgboost,43729.746047133485
2014-12-21 05:00:00,ecl,aggregate_load,96,44,xgboost,45707.950273469585
2014-12-21 06:00:00,ecl,aggregate_load,96,44,xgboost,47296.9577742556
2014-12-21 07:00:00,ecl,aggregate_load,96,44,xgboost,49549.66365268545
2014-12-21 08:00:00,ecl,aggregate_load,96,44,xgboost,55801.26504561141
2014-12-21 09:00:00,ecl,aggregate_load,96,44,xgboost,56099.72529551771
2014-12-21 10:00:00,ecl,aggregate_load,96,44,xgboost,57319.03567222498
2014-12-21 11:00:00,ecl,aggregate_load,96,44,xgboost,62737.3293877023
2014-12-21 12:00:00,ecl,aggregate_load,96,44,xgboost,64882.06488149714
2014-12-21 13:00:00,ecl,aggregate_load,96,44,xgboost,69463.3201680563
2014-12-21 14:00:00,ecl,aggregate_load,96,44,xgboost,74729.78612196939
2014-12-21 15:00:00,ecl,aggregate_load,96,44,xgboost,79413.05804649695
2014-12-21 16:00:00,ecl,aggregate_load,96,44,xgboost,80959.64274444374
2014-12-21 17:00:00,ecl,aggregate_load,96,44,xgboost,81480.56932961992
2014-12-21 18:00:00,ecl,aggregate_load,96,44,xgboost,87785.3159673823
2014-12-21 19:00:00,ecl,aggregate_load,96,44,xgboost,91450.90095700645
2014-12-21 20:00:00,ecl,aggregate_load,96,44,xgboost,96234.7895566001
2014-12-21 21:00:00,ecl,aggregate_load,96,44,xgboost,98657.09816937362
2014-12-21 22:00:00,ecl,aggregate_load,96,44,xgboost,102853.66156618996
2014-12-21 23:00:00,ecl,aggregate_load,96,44,xgboost,105750.83034404971
2014-12-22 00:00:00,ecl,aggregate_load,96,44,xgboost,109907.42924797795
2014-12-22 01:00:00,ecl,aggregate_load,96,44,xgboost,110806.96938570711
2014-12-22 02:00:00,ecl,aggregate_load,96,44,xgboost,108759.41262153226
2014-12-22 03:00:00,ecl,aggregate_load,96,44,xgboost,107124.76938103163
2014-12-22 04:00:00,ecl,aggregate_load,96,44,xgboost,106497.72605349896
2014-12-22 05:00:00,ecl,aggregate_load,96,44,xgboost,106192.00649760402
2014-12-22 06:00:00,ecl,aggregate_load,96,44,xgboost,106306.17839421165
2014-12-22 07:00:00,ecl,aggregate_load,96,44,xgboost,107318.58790678061
2014-12-22 08:00:00,ecl,aggregate_load,96,44,xgboost,107144.2781084769
2014-12-22 09:00:00,ecl,aggregate_load,96,44,xgboost,105484.21981062849
2014-12-22 10:00:00,ecl,aggregate_load,96,44,xgboost,104851.78814637814
2014-12-22 11:00:00,ecl,aggregate_load,96,44,xgboost,106181.5834107905
2014-12-22 12:00:00,ecl,aggregate_load,96,44,xgboost,106237.30025927156
2014-12-22 13:00:00,ecl,aggregate_load,96,44,xgboost,105800.19174147921
2014-12-22 14:00:00,ecl,aggregate_load,96,44,xgboost,105933.08988246198
2014-12-22 15:00:00,ecl,aggregate_load,96,44,xgboost,105177.22091899747
2014-12-22 16:00:00,ecl,aggregate_load,96,44,xgboost,104049.8247950072
2014-12-22 17:00:00,ecl,aggregate_load,96,44,xgboost,104114.01580501026
2014-12-22 18:00:00,ecl,aggregate_load,96,44,xgboost,106588.92388765216
2014-12-22 19:00:00,ecl,aggregate_load,96,44,xgboost,106040.27199323506
2014-12-22 20:00:00,ecl,aggregate_load,96,44,xgboost,103864.1691191487
2014-12-22 21:00:00,ecl,aggregate_load,96,44,xgboost,102547.82436184958
2014-12-22 22:00:00,ecl,aggregate_load,96,44,xgboost,102803.07232019806
2014-12-22 23:00:00,ecl,aggregate_load,96,44,xgboost,102007.10170308221
2014-12-23 00:00:00,ecl,aggregate_load,96,44,xgboost,106981.67438915989
2014-12-23 01:00:00,ecl,aggregate_load,96,44,xgboost,105358.71383678952
2014-12-23 02:00:00,ecl,aggregate_load,96,44,xgboost,104941.11713525583
2014-12-23 03:00:00,ecl,aggregate_load,96,44,xgboost,104193.94744827373
2014-12-23 04:00:00,ecl,aggregate_load,96,44,xgboost,104039.36076063996
2014-12-23 05:00:00,ecl,aggregate_load,96,44,xgboost,103936.9447809386
2014-12-23 06:00:00,ecl,aggregate_load,96,44,xgboost,103248.01574766624
2014-12-23 07:00:00,ecl,aggregate_load,96,44,xgboost,104726.02152687167
2014-12-23 08:00:00,ecl,aggregate_load,96,44,xgboost,102402.96064375855
2014-12-23 09:00:00,ecl,aggregate_load,96,44,xgboost,102405.52789791778
2014-12-23 10:00:00,ecl,aggregate_load,96,44,xgboost,103869.38456213102
2014-12-23 11:00:00,ecl,aggregate_load,96,44,xgboost,104591.76196684274
2014-12-23 12:00:00,ecl,aggregate_load,96,44,xgboost,103254.34749658608
2014-12-23 13:00:00,ecl,aggregate_load,96,44,xgboost,103571.19254754263
2014-12-23 14:00:00,ecl,aggregate_load,96,44,xgboost,101966.4200759271
2014-12-23 15:00:00,ecl,aggregate_load,96,44,xgboost,102821.09447992795
2014-12-23 16:00:00,ecl,aggregate_load,96,44,xgboost,104862.41304683127
2014-12-23 17:00:00,ecl,aggregate_load,96,44,xgboost,105531.92687074757
2014-12-23 18:00:00,ecl,aggregate_load,96,44,xgboost,107715.91009324347
2014-12-23 19:00:00,ecl,aggregate_load,96,44,xgboost,108010.48939611415
2014-12-23 20:00:00,ecl,aggregate_load,96,44,xgboost,105758.34981216212
2014-12-23 21:00:00,ecl,aggregate_load,96,44,xgboost,106079.96559220912
2014-12-23 22:00:00,ecl,aggregate_load,96,44,xgboost,108756.56817301059
2014-12-23 23:00:00,ecl,aggregate_load,96,44,xgboost,106566.72568413976
2014-12-24 00:00:00,ecl,aggregate_load,96,44,xgboost,111310.38242860408
2014-12-24 01:00:00,ecl,aggregate_load,96,44,xgboost,113262.79289284367
2014-12-24 02:00:00,ecl,aggregate_load,96,44,xgboost,111056.43726033461
2014-12-24 03:00:00,ecl,aggregate_load,96,44,xgboost,112462.75542229736
2014-12-24 04:00:00,ecl,aggregate_load,96,44,xgboost,111782.45385644124
2014-12-24 05:00:00,ecl,aggregate_load,96,44,xgboost,111188.19573178429
2014-12-24 06:00:00,ecl,aggregate_load,96,44,xgboost,113061.74196478368
2014-12-24 07:00:00,ecl,aggregate_load,96,44,xgboost,112605.09913336986
2014-12-24 08:00:00,ecl,aggregate_load,96,44,xgboost,110598.00469561385
2014-12-24 09:00:00,ecl,aggregate_load,96,44,xgboost,111035.5780744684
2014-12-24 10:00:00,ecl,aggregate_load,96,44,xgboost,116024.88739650858
2014-12-24 11:00:00,ecl,aggregate_load,96,44,xgboost,113878.87719667277
2014-12-24 12:00:00,ecl,aggregate_load,96,44,xgboost,113187.78635376722
2014-12-24 13:00:00,ecl,aggregate_load,96,44,xgboost,111435.57127644705
2014-12-24 14:00:00,ecl,aggregate_load,96,44,xgboost,109714.83192093589
2014-12-24 15:00:00,ecl,aggregate_load,96,44,xgboost,112037.54989120341
2014-12-24 16:00:00,ecl,aggregate_load,96,44,xgboost,111070.99993081496
2014-12-24 17:00:00,ecl,aggregate_load,96,44,xgboost,109260.3964506106
2014-12-24 18:00:00,ecl,aggregate_load,96,44,xgboost,102454.71987622837
2014-12-24 19:00:00,ecl,aggregate_load,96,44,xgboost,100291.42582193326
2014-12-24 20:00:00,ecl,aggregate_load,96,44,xgboost,96849.09557975714
2014-12-24 21:00:00,ecl,aggregate_load,96,44,xgboost,75017.49077749754
2014-12-24 22:00:00,ecl,aggregate_load,96,44,xgboost,81252.41103691809
2014-12-24 23:00:00,ecl,aggregate_load,96,44,xgboost,74218.54376674365
2014-12-25 00:00:00,ecl,aggregate_load,96,44,xgboost,69111.66109558548
2014-12-25 01:00:00,ecl,aggregate_load,96,44,xgboost,51018.44548210003
2014-12-25 02:00:00,ecl,aggregate_load,96,44,xgboost,64600.227343527855
2014-12-25 03:00:00,ecl,aggregate_load,96,44,xgboost,72775.00386899934
2014-12-25 04:00:00,ecl,aggregate_load,96,44,xgboost,74961.1811326953
2014-12-25 05:00:00,ecl,aggregate_load,96,44,xgboost,70606.42725791699
2014-12-25 06:00:00,ecl,aggregate_load,96,44,xgboost,59179.756065262365
2014-12-25 07:00:00,ecl,aggregate_load,96,44,xgboost,43315.82509240564
2014-12-25 08:00:00,ecl,aggregate_load,96,44,xgboost,31098.451010116656
2014-12-25 09:00:00,ecl,aggregate_load,96,44,xgboost,27032.984293105223
2014-12-25 10:00:00,ecl,aggregate_load,96,44,xgboost,32488.965216821864
2014-12-25 11:00:00,ecl,aggregate_load,96,44,xgboost,36816.52251772297
2014-12-25 12:00:00,ecl,aggregate_load,96,44,xgboost,32795.97081426103
2014-12-25 13:00:00,ecl,aggregate_load,96,44,xgboost,43733.58115257584
2014-12-25 14:00:00,ecl,aggregate_load,96,44,xgboost,47192.20008086248
2014-12-25 15:00:00,ecl,aggregate_load,96,44,xgboost,50598.119049289344
2014-12-25 16:00:00,ecl,aggregate_load,96,44,xgboost,52212.437622277685
2014-12-25 17:00:00,ecl,aggregate_load,96,44,xgboost,50263.49682887477
2014-12-25 18:00:00,ecl,aggregate_load,96,44,xgboost,44180.768633389496
2014-12-25 19:00:00,ecl,aggregate_load,96,44,xgboost,39164.94258847404
2014-12-25 20:00:00,ecl,aggregate_load,96,44,xgboost,37339.621591335694
2014-12-25 21:00:00,ecl,aggregate_load,96,44,xgboost,46797.115280529244
2014-12-25 22:00:00,ecl,aggregate_load,96,44,xgboost,47600.475313066
2014-12-25 23:00:00,ecl,aggregate_load,96,44,xgboost,41697.18055875642
2014-12-26 00:00:00,ecl,aggregate_load,96,44,xgboost,43420.46210970141
2014-12-26 01:00:00,ecl,aggregate_load,96,44,xgboost,28434.190649960834
2014-12-26 02:00:00,ecl,aggregate_load,96,44,xgboost,22723.476909220743
2014-12-26 03:00:00,ecl,aggregate_load,96,44,xgboost,25097.16324761341
2014-12-26 04:00:00,ecl,aggregate_load,96,44,xgboost,24548.206643864847
2014-12-26 05:00:00,ecl,aggregate_load,96,44,xgboost,25228.745666469007
2014-12-26 06:00:00,ecl,aggregate_load,96,44,xgboost,25362.69675661413
2014-12-26 07:00:00,ecl,aggregate_load,96,44,xgboost,25027.931734799582
2014-12-26 08:00:00,ecl,aggregate_load,96,44,xgboost,25445.9750300787
2014-12-26 09:00:00,ecl,aggregate_load,96,44,xgboost,29194.997226086376
2014-12-26 10:00:00,ecl,aggregate_load,96,44,xgboost,30041.293110070907
2014-12-26 11:00:00,ecl,aggregate_load,96,44,xgboost,31913.08844292686
2014-12-26 12:00:00,ecl,aggregate_load,96,44,xgboost,34724.277415739954
2014-12-26 13:00:00,ecl,aggregate_load,96,44,xgboost,34264.64937804678
2014-12-26 14:00:00,ecl,aggregate_load,96,44,xgboost,31628.089045064396
2014-12-26 15:00:00,ecl,aggregate_load,96,44,xgboost,32069.537066645804
2014-12-26 16:00:00,ecl,aggregate_load,96,44,xgboost,29577.07006098378
2014-12-26 17:00:00,ecl,aggregate_load,96,44,xgboost,30724.617311312726
2014-12-26 18:00:00,ecl,aggregate_load,96,44,xgboost,33754.49687745515
2014-12-26 19:00:00,ecl,aggregate_load,96,44,xgboost,34775.279633514794
2014-12-26 20:00:00,ecl,aggregate_load,96,44,xgboost,36114.791935277666
2014-12-26 21:00:00,ecl,aggregate_load,96,44,xgboost,40551.38745814491
2014-12-26 22:00:00,ecl,aggregate_load,96,44,xgboost,36455.75722409295
2014-12-26 23:00:00,ecl,aggregate_load,96,44,xgboost,38593.622296708265
2014-12-27 00:00:00,ecl,aggregate_load,96,44,xgboost,42407.71976803951
2014-12-27 01:00:00,ecl,aggregate_load,96,44,xgboost,40408.036297585146
2014-12-27 02:00:00,ecl,aggregate_load,96,44,xgboost,36836.425331545026
2014-12-27 03:00:00,ecl,aggregate_load,96,44,xgboost,36084.32348176348
2014-12-27 04:00:00,ecl,aggregate_load,96,44,xgboost,36770.01926787597
2014-12-27 05:00:00,ecl,aggregate_load,96,44,xgboost,40215.848988274665
2014-12-27 06:00:00,ecl,aggregate_load,96,44,xgboost,41518.08839277699
2014-12-27 07:00:00,ecl,aggregate_load,96,44,xgboost,40252.96497743566
2014-12-27 08:00:00,ecl,aggregate_load,96,44,xgboost,41936.079079774056
2014-12-27 09:00:00,ecl,aggregate_load,96,44,xgboost,41928.613880148136
2014-12-27 10:00:00,ecl,aggregate_load,96,44,xgboost,40511.47688686124
2014-12-27 11:00:00,ecl,aggregate_load,96,44,xgboost,41137.96168777911
2014-12-27 12:00:00,ecl,aggregate_load,96,44,xgboost,43696.149616060255
2014-12-27 13:00:00,ecl,aggregate_load,96,44,xgboost,42768.33933606177
2014-12-27 14:00:00,ecl,aggregate_load,96,44,xgboost,44298.52820201388
2014-12-27 15:00:00,ecl,aggregate_load,96,44,xgboost,41851.18404283563
2014-12-27 16:00:00,ecl,aggregate_load,96,44,xgboost,37300.906674978025
2014-12-27 17:00:00,ecl,aggregate_load,96,44,xgboost,39546.08959231777
2014-12-27 18:00:00,ecl,aggregate_load,96,44,xgboost,42868.46093193543
2014-12-27 19:00:00,ecl,aggregate_load,96,44,xgboost,43039.23213846365
2014-12-27 20:00:00,ecl,aggregate_load,96,44,xgboost,44624.069411702694
2014-12-27 21:00:00,ecl,aggregate_load,96,44,xgboost,46882.267314449105
2014-12-27 22:00:00,ecl,aggregate_load,96,44,xgboost,46242.074363064145
2014-12-27 23:00:00,ecl,aggregate_load,96,44,xgboost,48113.84995307263
2014-12-28 00:00:00,ecl,aggregate_load,96,44,xgboost,57573.67302716339
