origin,dataset,target,horizon,seed,model,abs_error
2014-05-26 19:00:00,ecl,aggregate_load,168,45,xgboost,28607.931018892774
2014-05-26 20:00:00,ecl,aggregate_load,168,45,xgboost,28991.393103201262
2014-05-26 21:00:00,ecl,aggregate_load,168,45,xgboost,30802.237960077768
2014-05-26 22:00:00,ecl,aggregate_load,168,45,xgboost,31328.565353468548
2014-05-26 23:00:00,ecl,aggregate_load,168,45,xgboost,30097.962136650745
2014-05-27 00:00:00,ecl,aggregate_load,168,45,xgboost,29859.617917417774
2014-05-27 01:00:00,ecl,aggregate_load,168,45,xgboost,30697.04894809034
2014-05-27 02:00:00,ecl,aggregate_load,168,45,xgboost,30053.509892535334
2014-05-27 03:00:00,ecl,aggregate_load,168,45,xgboost,28259.28887700302
2014-05-27 04:00:00,ecl,aggregate_load,168,45,xgboost,29054.36010851815
2014-05-27 05:00:00,ecl,aggregate_load,168,45,xgboost,29847.940076569972
2014-05-27 06:00:00,ecl,aggregate_load,168,45,xgboost,28778.95883103479
2014-05-27 07:00:00,ecl,aggregate_load,168,45,xgboost,31772.421276501304
2014-05-27 08:00:00,ecl,aggregate_load,168,45,xgboost,28512.19411700525
2014-05-27 09:00:00,ecl,aggregate_load,168,45,xgboost,27030.22229950507
2014-05-27 10:00:00,ecl,aggregate_load,168,45,xgboost,25986.565425292556
2014-05-27 11:00:00,ecl,aggregate_load,168,45,xgboost,25958.598401543397
2014-05-27 12:00:00,ecl,aggregate_load,168,45,xgboost,25867.436327569652
2014-05-27 13:00:00,ecl,aggregate_load,168,45,xgboost,32338.124688816533
2014-05-27 14:00:00,ecl,aggregate_load,168,45,xgboost,30447.522243888485
2014-05-27 15:00:00,ecl,aggregate_load,168,45,xgboost,25571.352754892625
2014-05-27 16:00:00,ecl,aggregate_load,168,45,xgboost,24683.673641402533
2014-05-27 17:00:00,ecl,aggregate_load,168,45,xgboost,27313.431775935765
2014-05-27 18:00:00,ecl,aggregate_load,168,45,xgboost,27653.9015788109
2014-05-27 19:00:00,ecl,aggregate_load,168,45,xgboost,29400.802789573925
2014-05-27 20:00:00,ecl,aggregate_load,168,45,xgboost,30870.513325162592
2014-05-27 21:00:00,ecl,aggregate_load,168,45,xgboost,31570.064855920966
2014-05-27 22:00:00,ecl,aggregate_load,168,45,xgboost,32880.67352612242
2014-05-27 23:00:00,ecl,aggregate_load,168,45,xgboost,30605.524700353897
2014-05-28 00:00:00,ecl,aggregate_load,168,45,xgboost,30200.22301550783
2014-05-28 01:00:00,ecl,aggregate_load,168,45,xgboost,27376.156202998965
2014-05-28 02:00:00,ecl,aggregate_load,168,45,xgboost,30488.434303831375
2014-05-28 03:00:00,ecl,aggregate_load,168,45,xgboost,25825.722259139187
2014-05-28 04:00:00,ecl,aggregate_load,168,45,xgboost,25236.655565463152
2014-05-28 05:00:00,ecl,aggregate_load,168,45,xgboost,30220.514607132278
2014-05-28 06:00:00,ecl,aggregate_load,168,45,xgboost,32149.92885315374
2014-05-28 07:00:00,ecl,aggregate_load,168,45,xgboost,36091.04542478983
2014-05-28 08:00:00,ecl,aggregate_load,168,45,xgboost,30652.12925899537
2014-05-28 09:00:00,ecl,aggregate_load,168,45,xgboost,30250.73728785298
2014-05-28 10:00:00,ecl,aggregate_load,168,45,xgboost,30005.08462297023
2014-05-28 11:00:00,ecl,aggregate_load,168,45,xgboost,27769.97444643507
2014-05-28 12:00:00,ecl,aggregate_load,168,45,xgboost,24975.364980279424
2014-05-28 13:00:00,ecl,aggregate_load,168,45,xgboost,35513.19006811793
2014-05-28 14:00:00,ecl,aggregate_load,168,45,xgboost,32974.43505158733
2014-05-28 15:00:00,ecl,aggregate_load,168,45,xgboost,27012.104602755695
2014-05-28 16:00:00,ecl,aggregate_load,168,45,xgboost,29772.63022018817
2014-05-28 17:00:00,ecl,aggregate_load,168,45,xgboost,34904.866405605826
2014-05-28 18:00:00,ecl,aggregate_load,168,45,xgboost,33067.03413888776
2014-05-28 19:00:00,ecl,aggregate_load,168,45,xgboost,35224.31630443419
2014-05-28 20:00:00,ecl,aggregate_load,168,45,xgboost,35647.9440125815
2014-05-28 21:00:00,ecl,aggregate_load,168,45,xgboost,37866.24876440699
2014-05-28 22:00:00,ecl,aggregate_load,168,45,xgboost,31475.186106399
2014-05-28 23:00:00,ecl,aggregate_load,168,45,xgboost,33746.55814280524
2014-05-29 00:00:00,ecl,aggregate_load,168,45,xgboost,31090.5827001639
2014-05-29 01:00:00,ecl,aggregate_load,168,45,xgboost,29015.388447703146
2014-05-29 02:00:00,ecl,aggregate_load,168,45,xgboost,31706.093551219165
2014-05-29 03:00:00,ecl,aggregate_load,168,45,xgboost,29766.701194495694
2014-05-29 04:00:00,ecl,aggregate_load,168,45,xgboost,28253.196905420107
2014-05-29 05:00:00,ecl,aggregate_load,168,45,xgboost,34642.08004463472
2014-05-29 06:00:00,ecl,aggregate_load,168,45,xgboost,35727.756902289795
2014-05-29 07:00:00,ecl,aggregate_load,168,45,xgboost,36513.7494032707
2014-05-29 08:00:00,ecl,aggregate_load,168,45,xgboost,34348.21005463862
2014-05-29 09:00:00,ecl,aggregate_load,168,45,xgboost,35217.71281344
2014-05-29 10:00:00,ecl,aggregate_load,168,45,xgboost,31415.13315387864
2014-05-29 11:00:00,ecl,aggregate_load,168,45,xgboost,25322.620174053613
2014-05-29 12:00:00,ecl,aggregate_load,168,45,xgboost,25267.37182257417
2014-05-29 13:00:00,ecl,aggregate_load,168,45,xgboost,31777.55406453106
2014-05-29 14:00:00,ecl,aggregate_load,168,45,xgboost,30131.654143054704
2014-05-29 15:00:00,ecl,aggregate_load,168,45,xgboost,27926.723231522206
2014-05-29 16:00:00,ecl,aggregate_load,168,45,xgboost,33411.10790638831
2014-05-29 17:00:00,ecl,aggregate_load,168,45,xgboost,35154.51210070354
2014-05-29 18:00:00,ecl,aggregate_load,168,45,xgboost,31557.579839213467
2014-05-29 19:00:00,ecl,aggregate_load,168,45,xgboost,33077.42716037057
2014-05-29 20:00:00,ecl,aggregate_load,168,45,xgboost,35297.3471445826
2014-05-29 21:00:00,ecl,aggregate_load,168,45,xgboost,41261.59470941816
2014-05-29 22:00:00,ecl,aggregate_load,168,45,xgboost,39221.6486466
2014-05-29 23:00:00,ecl,aggregate_load,168,45,xgboost,34119.57877011792
2014-05-30 00:00:00,ecl,aggregate_load,168,45,xgboost,32180.68864808125
2014-05-30 01:00:00,ecl,aggregate_load,168,45,xgboost,31970.654683711833
2014-05-30 02:00:00,ecl,aggregate_load,168,45,xgboost,35796.619538029154
2014-05-30 03:00:00,ecl,aggregate_load,168,45,xgboost,35757.717541602244
2014-05-30 04:00:00,ecl,aggregate_load,168,45,xgboost,33770.19048734415
2014-05-30 05:00:00,ecl,aggregate_load,168,45,xgboost,39925.02592605871
2014-05-30 06:00:00,ecl,aggregate_load,168,45,xgboost,34412.952861959944
2014-05-30 07:00:00,ecl,aggregate_load,168,45,xgboost,33690.74276244492
2014-05-30 08:00:00,ecl,aggregate_load,168,45,xgboost,32106.251717237257
2014-05-30 09:00:00,ecl,aggregate_load,168,45,xgboost,33176.148003371796
2014-05-30 10:00:00,ecl,aggregate_load,168,45,xgboost,28407.127252576724
2014-05-30 11:00:00,ecl,aggregate_load,168,45,xgboost,29861.519796463483
2014-05-30 12:00:00,ecl,aggregate_load,168,45,xgboost,27814.07864359549
2014-05-30 13:00:00,ecl,aggregate_load,168,45,xgboost,33143.7597964303
2014-05-30 14:00:00,ecl,aggregate_load,168,45,xgboost,32903.76611464822
2014-05-30 15:00:00,ecl,aggregate_load,168,45,xgboost,28882.441630987334
2014-05-30 16:00:00,ecl,aggregate_load,168,45,xgboost,28897.290868756318
2014-05-30 17:00:00,ecl,aggregate_load,168,45,xgboost,25122.863038531166
2014-05-30 18:00:00,ecl,aggregate_load,168,45,xgboost,21396.046757121763
2014-05-30 19:00:00,ecl,aggregate_load,168,45,xgboost,26625.57768060498
2014-05-30 20:00:00,ecl,aggregate_load,168,45,xgboost,31478.4443623762
2014-05-30 21:00:00,ecl,aggregate_load,168,45,xgboost,34727.58864376944
2014-05-30 22:00:00,ecl,aggregate_load,168,45,xgboost,32851.88245696896
2014-05-30 23:00:00,ecl,aggregate_load,168,45,xgboost,28109.533165739518
2014-05-31 00:00:00,ecl,aggregate_load,168,45,xgboost,22669.43818261852
2014-05-31 01:00:00,ecl,aggregate_load,168,45,xgboost,21888.601703273198
2014-05-31 02:00:00,ecl,aggregate_load,168,45,xgboost,21687.143299712
2014-05-31 03:00:00,ecl,aggregate_load,168,45,xgboost,22317.287940344828
2014-05-31 04:00:00,ecl,aggregate_load,168,45,xgboost,22866.880447163992
2014-05-31 05:00:00,ecl,aggregate_load,168,45,xgboost,24447.383713667834
2014-05-31 06:00:00,ecl,aggregate_load,168,45,xgboost,26822.35750875916
2014-05-31 07:00:00,ecl,aggregate_load,168,45,xgboost,28732.95978160611
2014-05-31 08:00:00,ecl,aggregate_load,168,45,xgboost,27400.570259335334
2014-05-31 09:00:00,ecl,aggregate_load,168,45,xgboost,28824.835950869252
2014-05-31 10:00:00,ecl,aggregate_load,168,45,xgboost,26883.980331946215
2014-05-31 11:00:00,ecl,aggregate_load,168,45,xgboost,25725.263151109008
2014-05-31 12:00:00,ecl,aggregate_load,168,45,xgboost,26722.009787664516
2014-05-31 13:00:00,ecl,aggregate_load,168,45,xgboost,25578.131664810837
2014-05-31 14:00:00,ecl,aggregate_load,168,45,xgboost,22057.424052966708
2014-05-31 15:00:00,ecl,aggregate_load,168,45,xgboost,21715.697341031642
2014-05-31 16:00:00,ecl,aggregate_load,168,45,xgboost,22346.55617222858
2014-05-31 17:00:00,ecl,aggregate_load,168,45,xgboost,24205.890031566803
2014-05-31 18:00:00,ecl,aggregate_load,168,45,xgboost,24733.885316700434
2014-05-31 19:00:00,ecl,aggregate_load,168,45,xgboost,26102.633744993724
2014-05-31 20:00:00,ecl,aggregate_load,168,45,xgboost,26200.374225433196
2014-05-31 21:00:00,ecl,aggregate_load,168,45,xgboost,31492.787078102752
2014-05-31 22:00:00,ecl,aggregate_load,168,45,xgboost,28840.18514869294
2014-05-31 23:00:00,ecl,aggregate_load,168,45,xgboost,25978.113575263647
2014-06-01 00:00:00,ecl,aggregate_load,168,45,xgboost,21858.33166854874
2014-06-01 01:00:00,ecl,aggregate_load,168,45,xgboost,22677.551439179475
2014-06-01 02:00:00,ecl,aggregate_load,168,45,xgboost,21761.634362196874
2014-06-01 03:00:00,ecl,aggregate_load,168,45,xgboost,20521.085491499274
2014-06-01 04:00:00,ecl,aggregate_load,168,45,xgboost,21609.184325860664
2014-06-01 05:00:00,ecl,aggregate_load,168,45,xgboost,21555.280812980338
2014-06-01 06:00:00,ecl,aggregate_load,168,45,xgboost,22751.372839248852
2014-06-01 07:00:00,ecl,aggregate_load,168,45,xgboost,27650.468068026727
2014-06-01 08:00:00,ecl,aggregate_load,168,45,xgboost,25573.79997322699
2014-06-01 09:00:00,ecl,aggregate_load,168,45,xgboost,29019.331706173474
2014-06-01 10:00:00,ecl,aggregate_load,168,45,xgboost,23036.536244118928
2014-06-01 11:00:00,ecl,aggregate_load,168,45,xgboost,20773.47369521541
2014-06-01 12:00:00,ecl,aggregate_load,168,45,xgboost,21501.927252193
2014-06-01 13:00:00,ecl,aggregate_load,168,45,xgboost,21144.322145555518
2014-06-01 14:00:00,ecl,aggregate_load,168,45,xgboost,21633.98657627601
2014-06-01 15:00:00,ecl,aggregate_load,168,45,xgboost,21372.752794787033
2014-06-01 16:00:00,ecl,aggregate_load,168,45,xgboost,20806.538075515713
2014-06-01 17:00:00,ecl,aggregate_load,168,45,xgboost,22282.00025021201
2014-06-01 18:00:00,ecl,aggregate_load,168,45,xgboost,20492.059419248926
2014-06-01 19:00:00,ecl,aggregate_load,168,45,xgboost,23442.691505921026
2014-06-01 20:00:00,ecl,aggregate_load,168,45,xgboost,25797.476439938946
2014-06-01 21:00:00,ecl,aggregate_load,168,45,xgboost,22313.022527208053
2014-06-01 22:00:00,ecl,aggregate_load,168,45,xgboost,30031.340336412744
2014-06-01 23:00:00,ecl,aggregate_load,168,45,xgboost,25247.646225287463
2014-06-02 00:00:00,ecl,aggregate_load,168,45,xgboost,30140.33536595461
2014-06-02 01:00:00,ecl,aggregate_load,168,45,xgboost,29854.62872375061
2014-06-02 02:00:00,ecl,aggregate_load,168,45,xgboost,28626.690157344798
2014-06-02 03:00:00,ecl,aggregate_load,168,45,xgboost,33004.03820928175
2014-06-02 04:00:00,ecl,aggregate_load,168,45,xgboost,33610.14800205127
2014-06-02 05:00:00,ecl,aggregate_load,168,45,xgboost,29121.39629381732
2014-06-02 06:00:00,ecl,aggregate_load,168,45,xgboost,33990.29381581452
2014-06-02 07:00:00,ecl,aggregate_load,168,45,xgboost,35765.61985589452
2014-06-02 08:00:00,ecl,aggregate_load,168,45,xgboost,33600.28561012936
2014-06-02 09:00:00,ecl,aggregate_load,168,45,xgboost,31234.530586135596
2014-06-02 10:00:00,ecl,aggregate_load,168,45,xgboost,24374.05484660243
2014-06-02 11:00:00,ecl,aggregate_load,168,45,xgboost,23835.369097549945
2014-06-02 12:00:00,ecl,aggregate_load,168,45,xgboost,26754.55879538063
2014-06-02 13:00:00,ecl,aggregate_load,168,45,xgboost,23909.13603418605
2014-06-02 14:00:00,ecl,aggregate_load,168,45,xgboost,24219.308907511007
2014-06-02 15:00:00,ecl,aggregate_load,168,45,xgboost,23381.573584908558
2014-06-02 16:00:00,ecl,aggregate_load,168,45,xgboost,26391.115477660896
2014-06-02 17:00:00,ecl,aggregate_load,168,45,xgboost,24384.628112543098
2014-06-02 18:00:00,ecl,aggregate_load,168,45,xgboost,23804.58815901804
2014-06-02 19:00:00,ecl,aggregate_load,168,45,xgboost,25877.861591362533
2014-06-02 20:00:00,ecl,aggregate_load,168,45,xgboost,25424.323544294894
2014-06-02 21:00:00,ecl,aggregate_load,168,45,xgboost,23397.92198405108
2014-06-02 22:00:00,ecl,aggregate_load,168,45,xgboost,30559.713927700035
2014-06-02 23:00:00,ecl,aggregate_load,168,45,xgboost,27127.596285806292
2014-06-03 00:00:00,ecl,aggregate_load,168,45,xgboost,25867.512778029544
2014-06-03 01:00:00,ecl,aggregate_load,168,45,xgboost,27325.228319735666
2014-06-03 02:00:00,ecl,aggregate_load,168,45,xgboost,23423.956734371986
2014-06-03 03:00:00,ecl,aggregate_load,168,45,xgboost,25931.354815173672
2014-06-03 04:00:00,ecl,aggregate_load,168,45,xgboost,27079.423333736657
2014-06-03 05:00:00,ecl,aggregate_load,168,45,xgboost,26650.514256056078
2014-06-03 06:00:00,ecl,aggregate_load,168,45,xgboost,27588.87230450328
2014-06-03 07:00:00,ecl,aggregate_load,168,45,xgboost,28585.618732158277
2014-06-03 08:00:00,ecl,aggregate_load,168,45,xgboost,27213.87420004679
2014-06-03 09:00:00,ecl,aggregate_load,168,45,xgboost,28424.123987080573
2014-06-03 10:00:00,ecl,aggregate_load,168,45,xgboost,24919.539074961973
2014-06-03 11:00:00,ecl,aggregate_load,168,45,xgboost,22835.83772862644
2014-06-03 12:00:00,ecl,aggregate_load,168,45,xgboost,23235.52008676955
2014-06-03 13:00:00,ecl,aggregate_load,168,45,xgboost,20120.430738114734
2014-06-03 14:00:00,ecl,aggregate_load,168,45,xgboost,19660.83392214202
2014-06-03 15:00:00,ecl,aggregate_load,168,45,xgboost,22427.794530851213
2014-06-03 16:00:00,ecl,aggregate_load,168,45,xgboost,22221.730135662285
2014-06-03 17:00:00,ecl,aggregate_load,168,45,xgboost,21361.25581235295
2014-06-03 18:00:00,ecl,aggregate_load,168,45,xgboost,22025.523862868304
2014-06-03 19:00:00,ecl,aggregate_load,168,45,xgboost,24315.863310437453
2014-06-03 20:00:00,ecl,aggregate_load,168,45,xgboost,20507.714076212713
2014-06-03 21:00:00,ecl,aggregate_load,168,45,xgboost,24426.357467898146
2014-06-03 22:00:00,ecl,aggregate_load,168,45,xgboost,26583.063651124838
2014-06-03 23:00:00,ecl,aggregate_load,168,45,xgboost,28288.782081749734
2014-06-04 00:00:00,ecl,aggregate_load,168,45,xgboost,25042.09846167893
2014-06-04 01:00:00,ecl,aggregate_load,168,45,xgboost,27418.159766571363
2014-06-04 02:00:00,ecl,aggregate_load,168,45,xgboost,24535.114946171747
2014-06-04 03:00:00,ecl,aggregate_load,168,45,xgboost,25119.321446058206
2014-06-04 04:00:00,ecl,aggregate_load,168,45,xgboost,27540.739160441888
2014-06-04 05:00:00,ecl,aggregate_load,168,45,xgboost,28839.144702449867
2014-06-04 06:00:00,ecl,aggregate_load,168,45,xgboost,28919.638297986217
2014-06-04 07:00:00,ecl,aggregate_load,168,45,xgboost,28111.288098173227
2014-06-04 08:00:00,ecl,aggregate_load,168,45,xgboost,28808.562346605064
2014-06-04 09:00:00,ecl,aggregate_load,168,45,xgboost,29381.721831015024
2014-06-04 10:00:00,ecl,aggregate_load,168,45,xgboost,28967.43772121745
2014-06-04 11:00:00,ecl,aggregate_load,168,45,xgboost,26191.17618965678
2014-06-04 12:00:00,ecl,aggregate_load,168,45,xgboost,29872.604351351525
2014-06-04 13:00:00,ecl,aggregate_load,168,45,xgboost,25233.21980495125
2014-06-04 14:00:00,ecl,aggregate_load,168,45,xgboost,26156.51703533162
2014-06-04 15:00:00,ecl,aggregate_load,168,45,xgboost,26931.932129375295
2014-06-04 16:00:00,ecl,aggregate_load,168,45,xgboost,27590.683996426236
2014-06-04 17:00:00,ecl,aggregate_load,168,45,xgboost,26917.025965985853
2014-06-04 18:00:00,ecl,aggregate_load,168,45,xgboost,25919.816799715318
2014-06-04 19:00:00,ecl,aggregate_load,168,45,xgboost,28950.17435861035
2014-06-04 20:00:00,ecl,aggregate_load,168,45,xgboost,28584.66505986201
2014-06-04 21:00:00,ecl,aggregate_load,168,45,xgboost,29430.231533655122
2014-06-04 22:00:00,ecl,aggregate_load,168,45,xgboost,31574.598828046954
2014-06-04 23:00:00,ecl,aggregate_load,168,45,xgboost,32044.49854561313
2014-06-05 00:00:00,ecl,aggregate_load,168,45,xgboost,29584.942950174678
2014-06-05 01:00:00,ecl,aggregate_load,168,45,xgboost,29784.989391902767
2014-06-05 02:00:00,ecl,aggregate_load,168,45,xgboost,29206.049195313182
2014-06-05 03:00:00,ecl,aggregate_load,168,45,xgboost,25787.847619798267
2014-06-05 04:00:00,ecl,aggregate_load,168,45,xgboost,29027.595666905578
2014-06-05 05:00:00,ecl,aggregate_load,168,45,xgboost,33461.4060159572
2014-06-05 06:00:00,ecl,aggregate_load,168,45,xgboost,30050.74494001795
2014-06-05 07:00:00,ecl,aggregate_load,168,45,xgboost,32328.453866668162
2014-06-05 08:00:00,ecl,aggregate_load,168,45,xgboost,30618.567326256252
2014-06-05 09:00:00,ecl,aggregate_load,168,45,xgboost,30622.844196000082
2014-06-05 10:00:00,ecl,aggregate_load,168,45,xgboost,28571.704660683914
2014-06-05 11:00:00,ecl,aggregate_load,168,45,xgboost,28738.904609490695
2014-06-05 12:00:00,ecl,aggregate_load,168,45,xgboost,30651.97996845001
2014-06-05 13:00:00,ecl,aggregate_load,168,45,xgboost,32565.040071551488
2014-06-05 14:00:00,ecl,aggregate_load,168,45,xgboost,33451.42077949998
2014-06-05 15:00:00,ecl,aggregate_load,168,45,xgboost,33883.373427848455
2014-06-05 16:00:00,ecl,aggregate_load,168,45,xgboost,38735.148314260776
2014-06-05 17:00:00,ecl,aggregate_load,168,45,xgboost,38076.29491089202
2014-06-05 18:00:00,ecl,aggregate_load,168,45,xgboost,36954.381203858706
2014-06-05 19:00:00,ecl,aggregate_load,168,45,xgboost,39758.868750662645
2014-06-05 20:00:00,ecl,aggregate_load,168,45,xgboost,39589.454999925925
2014-06-05 21:00:00,ecl,aggregate_load,168,45,xgboost,40877.602601845894
2014-06-05 22:00:00,ecl,aggregate_load,168,45,xgboost,46142.88198777
2014-06-05 23:00:00,ecl,aggregate_load,168,45,xgboost,45900.23252442981
2014-06-06 00:00:00,ecl,aggregate_load,168,45,xgboost,43220.98135781059
2014-06-06 01:00:00,ecl,aggregate_load,168,45,xgboost,45384.08676207241
2014-06-06 02:00:00,ecl,aggregate_load,168,45,xgboost,46363.316661604666
2014-06-06 03:00:00,ecl,aggregate_load,168,45,xgboost,46443.18265589592
2014-06-06 04:00:00,ecl,aggregate_load,168,45,xgboost,45945.16586017487
2014-06-06 05:00:00,ecl,aggregate_load,168,45,xgboost,47976.04875941905
2014-06-06 06:00:00,ecl,aggregate_load,168,45,xgboost,47974.091761366304
2014-06-06 07:00:00,ecl,aggregate_load,168,45,xgboost,47334.23291371149
2014-06-06 08:00:00,ecl,aggregate_load,168,45,xgboost,45153.76357235025
2014-06-06 09:00:00,ecl,aggregate_load,168,45,xgboost,45930.699249475794
2014-06-06 10:00:00,ecl,aggregate_load,168,45,xgboost,42549.47476589134
2014-06-06 11:00:00,ecl,aggregate_load,168,45,xgboost,46462.64652040335
2014-06-06 12:00:00,ecl,aggregate_load,168,45,xgboost,49727.700332362285
2014-06-06 13:00:00,ecl,aggregate_load,168,45,xgboost,52775.74390904362
2014-06-06 14:00:00,ecl,aggregate_load,168,45,xgboost,51582.60445861529
2014-06-06 15:00:00,ecl,aggregate_load,168,45,xgboost,53779.441393405956
2014-06-06 16:00:00,ecl,aggregate_load,168,45,xgboost,59013.619686913014
2014-06-06 17:00:00,ecl,aggregate_load,168,45,xgboost,60817.10452860825
2014-06-06 18:00:00,ecl,aggregate_load,168,45,xgboost,62357.16697062381
2014-06-06 19:00:00,ecl,aggregate_load,168,45,xgboost,66087.42071721847
2014-06-06 20:00:00,ecl,aggregate_load,168,45,xgboost,67422.64200365376
2014-06-06 21:00:00,ecl,aggregate_load,168,45,xgboost,69464.09251013171
2014-06-06 22:00:00,ecl,aggregate_load,168,45,xgboost,70879.74635856813
2014-06-06 23:00:00,ecl,aggregate_load,168,45,xgboost,71806.09179800765
2014-06-07 00:00:00,ecl,aggregate_load,168,45,xgboost,67811.61494574774
2014-06-07 01:00:00,ecl,aggregate_load,168,45,xgboost,71629.67168261168
2014-06-07 02:00:00,ecl,aggregate_load,168,45,xgboost,69537.84281581284
2014-06-07 03:00:00,ecl,aggregate_load,168,45,xgboost,68243.74328082048
2014-06-07 04:00:00,ecl,aggregate_load,168,45,xgboost,67121.4541595397
2014-06-07 05:00:00,ecl,aggregate_load,168,45,xgboost,71019.10705865378
2014-06-07 06:00:00,ecl,aggregate_load,168,45,xgboost,67457.2239375271
2014-06-07 07:00:00,ecl,aggregate_load,168,45,xgboost,69518.79579218326
2014-06-07 08:00:00,ecl,aggregate_load,168,45,xgboost,68963.37637651523
2014-06-07 09:00:00,ecl,aggregate_load,168,45,xgboost,70185.95084435635
2014-06-07 10:00:00,ecl,aggregate_load,168,45,xgboost,70054.61310125414
2014-06-07 11:00:00,ecl,aggregate_load,168,45,xgboost,71704.14610259209
2014-06-07 12:00:00,ecl,aggregate_load,168,45,xgboost,73554.57246052299
2014-06-07 13:00:00,ecl,aggregate_load,168,45,xgboost,76383.95006811923
2014-06-07 14:00:00,ecl,aggregate_load,168,45,xgboost,81063.73864423772
2014-06-07 15:00:00,ecl,aggregate_load,168,45,xgboost,83379.14164208205
2014-06-07 16:00:00,ecl,aggregate_load,168,45,xgboost,85632.1055038725
2014-06-07 17:00:00,ecl,aggregate_load,168,45,xgboost,87779.56550999028
2014-06-07 18:00:00,ecl,aggregate_load,168,45,xgboost,88159.0176302339
2014-06-07 19:00:00,ecl,aggregate_load,168,45,xgboost,93269.8859408458
2014-06-07 20:00:00,ecl,aggregate_load,168,45,xgboost,96252.74026091186
2014-06-07 21:00:00,ecl,aggregate_load,168,45,xgboost,99145.60063526356
2014-06-07 22:00:00,ecl,aggregate_load,168,45,xgboost,102303.38261809776
2014-06-07 23:00:00,ecl,aggregate_load,168,45,xgboost,103431.99826678394
2014-06-08 00:00:00,ecl,aggregate_load,168,45,xgboost,101229.22845910543
2014-06-08 01:00:00,ecl,aggregate_load,168,45,xgboost,102817.01364677877
2014-06-08 02:00:00,ecl,aggregate_load,168,45,xgboost,101741.38986454059
2014-06-08 03:00:00,ecl,aggregate_load,168,45,xgboost,100962.67822560156
2014-06-08 04:00:00,ecl,aggregate_load,168,45,xgboost,99588.97536577792
2014-06-08 05:00:00,ecl,aggregate_load,168,45,xgboost,102876.82795089459
2014-06-08 06:00:00,ecl,aggregate_load,168,45,xgboost,101098.29213105192
2014-06-08 07:00:00,ecl,aggregate_load,168,45,xgboost,102609.14230477472
2014-06-08 08:00:00,ecl,aggregate_load,168,45,xgboost,103546.88212925923
2014-06-08 09:00:00,ecl,aggregate_load,168,45,xgboost,103218.52993903132
2014-06-08 10:00:00,ecl,aggregate_load,168,45,xgboost,98527.27886066143
2014-06-08 11:00:00,ecl,aggregate_load,168,45,xgboost,96475.23749902438
2014-06-08 12:00:00,ecl,aggregate_load,168,45,xgboost,101974.42283437565
2014-06-08 13:00:00,ecl,aggregate_load,168,45,xgboost,109753.62414872886
2014-06-08 14:00:00,ecl,aggregate_load,168,45,xgboost,112483.44439929453
2014-06-08 15:00:00,ecl,aggregate_load,168,45,xgboost,107157.28744481542
2014-06-08 16:00:00,ecl,aggregate_load,168,45,xgboost,115844.21302227878
2014-06-08 17:00:00,ecl,aggregate_load,168,45,xgboost,115739.54244665371
2014-06-08 18:00:00,ecl,aggregate_load,168,45,xgboost,115089.78263300662
2014-06-08 19:00:00,ecl,aggregate_load,168,45,xgboost,118634.72035137664
2014-06-08 20:00:00,ecl,aggregate_load,168,45,xgboost,123688.07669748281
2014-06-08 21:00:00,ecl,aggregate_load,168,45,xgboost,121513.68547065069
2014-06-08 22:00:00,ecl,aggregate_load,168,45,xgboost,131635.15289423076
2014-06-08 23:00:00,ecl,aggregate_load,168,45,xgboost,133249.2160981006
2014-06-09 00:00:00,ecl,aggregate_load,168,45,xgboost,128956.18594398083
2014-06-09 01:00:00,ecl,aggregate_load,168,45,xgboost,126392.94943067987
2014-06-09 02:00:00,ecl,aggregate_load,168,45,xgboost,126408.96909278861
2014-06-09 03:00:00,ecl,aggregate_load,168,45,xgboost,117437.01159643743
2014-06-09 04:00:00,ecl,aggregate_load,168,45,xgboost,122529.67753301302
2014-06-09 05:00:00,ecl,aggregate_load,168,45,xgboost,121986.71031943662
2014-06-09 06:00:00,ecl,aggregate_load,168,45,xgboost,123190.51643741783
2014-06-09 07:00:00,ecl,aggregate_load,168,45,xgboost,127511.3083869865
2014-06-09 08:00:00,ecl,aggregate_load,168,45,xgboost,130959.69280624401
2014-06-09 09:00:00,ecl,aggregate_load,168,45,xgboost,130132.75356331869
2014-06-09 10:00:00,ecl,aggregate_load,168,45,xgboost,123725.7494913627
2014-06-09 11:00:00,ecl,aggregate_load,168,45,xgboost,125113.50429211573
2014-06-09 12:00:00,ecl,aggregate_load,168,45,xgboost,125368.98447336379
2014-06-09 13:00:00,ecl,aggregate_load,168,45,xgboost,129940.24828465286
2014-06-09 14:00:00,ecl,aggregate_load,168,45,xgboost,132326.59391943613
2014-06-09 15:00:00,ecl,aggregate_load,168,45,xgboost,131464.2029776215
2014-06-09 16:00:00,ecl,aggregate_load,168,45,xgboost,109266.1703677118
2014-06-09 17:00:00,ecl,aggregate_load,168,45,xgboost,132469.90061797568
2014-06-09 18:00:00,ecl,aggregate_load,168,45,xgboost,135745.94626936776
2014-06-09 19:00:00,ecl,aggregate_load,168,45,xgboost,137249.36055577782
2014-06-09 20:00:00,ecl,aggregate_load,168,45,xgboost,136118.23324485624
2014-06-09 21:00:00,ecl,aggregate_load,168,45,xgboost,136366.5453642301
2014-06-09 22:00:00,ecl,aggregate_load,168,45,xgboost,146282.3187778249
2014-06-09 23:00:00,ecl,aggregate_load,168,45,xgboost,148285.19648634823
2014-06-10 00:00:00,ecl,aggregate_load,168,45,xgboost,143701.83368705912
2014-06-10 01:00:00,ecl,aggregate_load,168,45,xgboost,143808.55082165508
2014-06-10 02:00:00,ecl,aggregate_load,168,45,xgboost,146548.16732932595
2014-06-10 03:00:00,ecl,aggregate_load,168,45,xgboost,144041.43393463126
2014-06-10 04:00:00,ecl,aggregate_load,168,45,xgboost,145293.41428878778
2014-06-10 05:00:00,ecl,aggregate_load,168,45,xgboost,142522.20994067076
2014-06-10 06:00:00,ecl,aggregate_load,168,45,xgboost,140531.87880928384
2014-06-10 07:00:00,ecl,aggregate_load,168,45,xgboost,145992.5669473232
2014-06-10 08:00:00,ecl,aggregate_load,168,45,xgboost,145352.66728885786
2014-06-10 09:00:00,ecl,aggregate_load,168,45,xgboost,139534.95578935737
2014-06-10 10:00:00,ecl,aggregate_load,168,45,xgboost,139520.9081360194
2014-06-10 11:00:00,ecl,aggregate_load,168,45,xgboost,132129.98563872057
2014-06-10 12:00:00,ecl,aggregate_load,168,45,xgboost,138906.34267576877
2014-06-10 13:00:00,ecl,aggregate_load,168,45,xgboost,145346.2916137841
2014-06-10 14:00:00,ecl,aggregate_load,168,45,xgboost,138092.43292495245
2014-06-10 15:00:00,ecl,aggregate_load,168,45,xgboost,144570.79643583146
2014-06-10 16:00:00,ecl,aggregate_load,168,45,xgboost,143076.93428764152
2014-06-10 17:00:00,ecl,aggregate_load,168,45,xgboost,149636.58412929444
2014-06-10 18:00:00,ecl,aggregate_load,168,45,xgboost,153799.7027746762
2014-06-10 19:00:00,ecl,aggregate_load,168,45,xgboost,156824.66260842342
2014-06-10 20:00:00,ecl,aggregate_load,168,45,xgboost,159376.97618291332
2014-06-10 21:00:00,ecl,aggregate_load,168,45,xgboost,158559.9342636388
2014-06-10 22:00:00,ecl,aggregate_load,168,45,xgboost,163132.0627949148
2014-06-10 23:00:00,ecl,aggregate_load,168,45,xgboost,166106.22295411074
2014-06-11 00:00:00,ecl,aggregate_load,168,45,xgboost,163830.55513895597
2014-06-11 01:00:00,ecl,aggregate_load,168,45,xgboost,163176.80471065492
2014-06-11 02:00:00,ecl,aggregate_load,168,45,xgboost,165356.67124934497
2014-06-11 03:00:00,ecl,aggregate_load,168,45,xgboost,161146.4473398595
2014-06-11 04:00:00,ecl,aggregate_load,168,45,xgboost,162385.09799698886
2014-06-11 05:00:00,ecl,aggregate_load,168,45,xgboost,154507.29893819956
2014-06-11 06:00:00,ecl,aggregate_load,168,45,xgboost,157804.59300430346
2014-06-11 07:00:00,ecl,aggregate_load,168,45,xgboost,162023.71297667123
2014-06-11 08:00:00,ecl,aggregate_load,168,45,xgboost,159585.88845875036
2014-06-11 09:00:00,ecl,aggregate_load,168,45,xgboost,158207.8978360738
2014-06-11 10:00:00,ecl,aggregate_load,168,45,xgboost,157328.89308551056
2014-06-11 11:00:00,ecl,aggregate_load,168,45,xgboost,136840.6877244424
2014-06-11 12:00:00,ecl,aggregate_load,168,45,xgboost,147413.0780016056
2014-06-11 13:00:00,ecl,aggregate_load,168,45,xgboost,158095.7354882996
2014-06-11 14:00:00,ecl,aggregate_load,168,45,xgboost,147456.48646746646
2014-06-11 15:00:00,ecl,aggregate_load,168,45,xgboost,134707.41086221585
2014-06-11 16:00:00,ecl,aggregate_load,168,45,xgboost,130408.15282319728
2014-06-11 17:00:00,ecl,aggregate_load,168,45,xgboost,132482.603429788
2014-06-11 18:00:00,ecl,aggregate_load,168,45,xgboost,135070.8957712477
2014-06-11 19:00:00,ecl,aggregate_load,168,45,xgboost,133741.6636616882
2014-06-11 20:00:00,ecl,aggregate_load,168,45,xgboost,147964.3172097021
2014-06-11 21:00:00,ecl,aggregate_load,168,45,xgboost,155955.8025794477
2014-06-11 22:00:00,ecl,aggregate_load,168,45,xgboost,142442.25097760648
2014-06-11 23:00:00,ecl,aggregate_load,168,45,xgboost,148951.18326335558
2014-06-12 00:00:00,ecl,aggregate_load,168,45,xgboost,144185.8704632429
2014-06-12 01:00:00,ecl,aggregate_load,168,45,xgboost,147911.27479355712
2014-06-12 02:00:00,ecl,aggregate_load,168,45,xgboost,156549.2651711571
2014-06-12 03:00:00,ecl,aggregate_load,168,45,xgboost,159193.27296032957
2014-06-12 04:00:00,ecl,aggregate_load,168,45,xgboost,161498.68200198037
2014-06-12 05:00:00,ecl,aggregate_load,168,45,xgboost,149335.86064830484
2014-06-12 06:00:00,ecl,aggregate_load,168,45,xgboost,129789.60114801268
2014-06-12 07:00:00,ecl,aggregate_load,168,45,xgboost,131718.5491133299
2014-06-12 08:00:00,ecl,aggregate_load,168,45,xgboost,129561.2314618629
2014-06-12 09:00:00,ecl,aggregate_load,168,45,xgboost,130769.70164076683
2014-06-12 10:00:00,ecl,aggregate_load,168,45,xgboost,132289.6703130496
2014-06-12 11:00:00,ecl,aggregate_load,168,45,xgboost,112835.8993286517
2014-06-12 12:00:00,ecl,aggregate_load,168,45,xgboost,96149.35666570347
2014-06-12 13:00:00,ecl,aggregate_load,168,45,xgboost,82202.56958721777
2014-06-12 14:00:00,ecl,aggregate_load,168,45,xgboost,81580.51830917854
2014-06-12 15:00:00,ecl,aggregate_load,168,45,xgboost,82810.66252027769
2014-06-12 16:00:00,ecl,aggregate_load,168,45,xgboost,81472.43510360864
2014-06-12 17:00:00,ecl,aggregate_load,168,45,xgboost,82747.26888397083
2014-06-12 18:00:00,ecl,aggregate_load,168,45,xgboost,84024.6298439064
2014-06-12 19:00:00,ecl,aggregate_load,168,45,xgboost,85072.02908597491
2014-06-12 20:00:00,ecl,aggregate_load,168,45,xgboost,78223.52217697159
2014-06-12 21:00:00,ecl,aggregate_load,168,45,xgboost,76663.55141324367
2014-06-12 22:00:00,ecl,aggregate_load,168,45,xgboost,79031.46768732698
2014-06-12 23:00:00,ecl,aggregate_load,168,45,xgboost,79833.4722140067
2014-06-13 00:00:00,ecl,aggregate_load,168,45,xgboost,77622.86500739197
2014-06-13 01:00:00,ecl,aggregate_load,168,45,xgboost,80105.77657633771
2014-06-13 02:00:00,ecl,aggregate_load,168,45,xgboost,75828.24279557785
2014-06-13 03:00:00,ecl,aggregate_load,168,45,xgboost,78325.85071990066
2014-06-13 04:00:00,ecl,aggregate_load,168,45,xgboost,77354.63035388842
2014-06-13 05:00:00,ecl,aggregate_load,168,45,xgboost,82934.20720890406
2014-06-13 06:00:00,ecl,aggregate_load,168,45,xgboost,87774.48952658524
2014-06-13 07:00:00,ecl,aggregate_load,168,45,xgboost,88541.29035878622
2014-06-13 08:00:00,ecl,aggregate_load,168,45,xgboost,85987.9583728051
2014-06-13 09:00:00,ecl,aggregate_load,168,45,xgboost,87889.45995769557
2014-06-13 10:00:00,ecl,aggregate_load,168,45,xgboost,86388.87678434722
2014-06-13 11:00:00,ecl,aggregate_load,168,45,xgboost,85042.27196524425
2014-06-13 12:00:00,ecl,aggregate_load,168,45,xgboost,88830.89685726364
2014-06-13 13:00:00,ecl,aggregate_load,168,45,xgboost,92470.78565721994
2014-06-13 14:00:00,ecl,aggregate_load,168,45,xgboost,97979.20108122716
2014-06-13 15:00:00,ecl,aggregate_load,168,45,xgboost,105519.7027664542
2014-06-13 16:00:00,ecl,aggregate_load,168,45,xgboost,111839.62676517789
2014-06-13 17:00:00,ecl,aggregate_load,168,45,xgboost,112075.63713590335
2014-06-13 18:00:00,ecl,aggregate_load,168,45,xgboost,113212.07010035073
2014-06-13 19:00:00,ecl,aggregate_load,168,45,xgboost,103878.86522337697
2014-06-13 20:00:00,ecl,aggregate_load,168,45,xgboost,99738.89565948246
2014-06-13 21:00:00,ecl,aggregate_load,168,45,xgboost,101170.20362458375
2014-06-13 22:00:00,ecl,aggregate_load,168,45,xgboost,90149.52133945031
2014-06-13 23:00:00,ecl,aggregate_load,168,45,xgboost,83574.04164417542
2014-06-14 00:00:00,ecl,aggregate_load,168,45,xgboost,87453.57011277085
2014-06-14 01:00:00,ecl,aggregate_load,168,45,xgboost,91185.56028885162
2014-06-14 02:00:00,ecl,aggregate_load,168,45,xgboost,93429.89743357223
2014-06-14 03:00:00,ecl,aggregate_load,168,45,xgboost,96787.12796786721
2014-06-14 04:00:00,ecl,aggregate_load,168,45,xgboost,92089.01587372596
2014-06-14 05:00:00,ecl,aggregate_load,168,45,xgboost,100811.65739936226
2014-06-14 06:00:00,ecl,aggregate_load,168,45,xgboost,98054.34949326288
2014-06-14 07:00:00,ecl,aggregate_load,168,45,xgboost,99046.94030630721
2014-06-14 08:00:00,ecl,aggregate_load,168,45,xgboost,100420.86036981188
2014-06-14 09:00:00,ecl,aggregate_load,168,45,xgboost,98717.34847787776
2014-06-14 10:00:00,ecl,aggregate_load,168,45,xgboost,99974.03104068947
2014-06-14 11:00:00,ecl,aggregate_load,168,45,xgboost,119286.4515183866
2014-06-14 12:00:00,ecl,aggregate_load,168,45,xgboost,132506.0348512029
2014-06-14 13:00:00,ecl,aggregate_load,168,45,xgboost,142012.57623502187
2014-06-14 14:00:00,ecl,aggregate_load,168,45,xgboost,150626.11321234316
2014-06-14 15:00:00,ecl,aggregate_load,168,45,xgboost,151383.01376551477
2014-06-14 16:00:00,ecl,aggregate_load,168,45,xgboost,147982.17093188257
2014-06-14 17:00:00,ecl,aggregate_load,168,45,xgboost,148111.19519835818
2014-06-14 18:00:00,ecl,aggregate_load,168,45,xgboost,146532.73212042695
2014-06-14 19:00:00,ecl,aggregate_load,168,45,xgboost,137004.89700760445
2014-06-14 20:00:00,ecl,aggregate_load,168,45,xgboost,133083.48659125358
2014-06-14 21:00:00,ecl,aggregate_load,168,45,xgboost,128497.90874772679
2014-06-14 22:00:00,ecl,aggregate_load,168,45,xgboost,129876.90125008559
2014-06-14 23:00:00,ecl,aggregate_load,168,45,xgboost,127434.202104257
2014-06-15 00:00:00,ecl,aggregate_load,168,45,xgboost,127691.82558249425
2014-06-15 01:00:00,ecl,aggregate_load,168,45,xgboost,122126.86975758386
2014-06-15 02:00:00,ecl,aggregate_load,168,45,xgboost,125669.43265476632
2014-06-15 03:00:00,ecl,aggregate_load,168,45,xgboost,131883.17900170368
2014-06-15 04:00:00,ecl,aggregate_load,168,45,xgboost,121836.4673153441
2014-06-15 05:00:00,ecl,aggregate_load,168,45,xgboost,134322.4103566429
2014-06-15 06:00:00,ecl,aggregate_load,168,45,xgboost,130318.30226466093
2014-06-15 07:00:00,ecl,aggregate_load,168,45,xgboost,134214.73183714758
2014-06-15 08:00:00,ecl,aggregate_load,168,45,xgboost,139836.8450153768
2014-06-15 09:00:00,ecl,aggregate_load,168,45,xgboost,124664.98370809111
2014-06-15 10:00:00,ecl,aggregate_load,168,45,xgboost,123423.40711984885
2014-06-15 11:00:00,ecl,aggregate_load,168,45,xgboost,138685.26380069883
2014-06-15 12:00:00,ecl,aggregate_load,168,45,xgboost,144636.5405274899
2014-06-15 13:00:00,ecl,aggregate_load,168,45,xgboost,150474.7426558792
2014-06-15 14:00:00,ecl,aggregate_load,168,45,xgboost,140218.43432693384
2014-06-15 15:00:00,ecl,aggregate_load,168,45,xgboost,141607.57144018362
2014-06-15 16:00:00,ecl,aggregate_load,168,45,xgboost,131756.94262455814
2014-06-15 17:00:00,ecl,aggregate_load,168,45,xgboost,129802.64700340593
2014-06-15 18:00:00,ecl,aggregate_load,168,45,xgboost,128624.03215945263
2014-06-15 19:00:00,ecl,aggregate_load,168,45,xgboost,114167.67068153819
2014-06-15 20:00:00,ecl,aggregate_load,168,45,xgboost,101414.14349589882
2014-06-15 21:00:00,ecl,aggregate_load,168,45,xgboost,110845.28467796011
2014-06-15 22:00:00,ecl,aggregate_load,168,45,xgboost,112056.46131743479
2014-06-15 23:00:00,ecl,aggregate_load,168,45,xgboost,111664.9059283771
2014-06-16 00:00:00,ecl,aggregate_load,168,45,xgboost,100723.39313353975
2014-06-16 01:00:00,ecl,aggregate_load,168,45,xgboost,113027.36534323807
2014-06-16 02:00:00,ecl,aggregate_load,168,45,xgboost,138779.83213581596
2014-06-16 03:00:00,ecl,aggregate_load,168,45,xgboost,139618.9900475815
2014-06-16 04:00:00,ecl,aggregate_load,168,45,xgboost,142922.87320520528
2014-06-16 05:00:00,ecl,aggregate_load,168,45,xgboost,140505.32510086804
2014-06-16 06:00:00,ecl,aggregate_load,168,45,xgboost,141716.7173694992
2014-06-16 07:00:00,ecl,aggregate_load,168,45,xgboost,139230.83044083338
2014-06-16 08:00:00,ecl,aggregate_load,168,45,xgboost,136199.98100570063
2014-06-16 09:00:00,ecl,aggregate_load,168,45,xgboost,121025.51584990376
2014-06-16 10:00:00,ecl,aggregate_load,168,45,xgboost,114361.26810240347
2014-06-16 11:00:00,ecl,aggregate_load,168,45,xgboost,118009.03424689297
2014-06-16 12:00:00,ecl,aggregate_load,168,45,xgboost,115490.66885680091
2014-06-16 13:00:00,ecl,aggregate_load,168,45,xgboost,121469.04411740623
2014-06-16 14:00:00,ecl,aggregate_load,168,45,xgboost,110364.41240882616
2014-06-16 15:00:00,ecl,aggregate_load,168,45,xgboost,104323.4444230174
2014-06-16 16:00:00,ecl,aggregate_load,168,45,xgboost,104332.63923656974
2014-06-16 17:00:00,ecl,aggregate_load,168,45,xgboost,104865.07853196134
2014-06-16 18:00:00,ecl,aggregate_load,168,45,xgboost,96907.08364239338
2014-06-16 19:00:00,ecl,aggregate_load,168,45,xgboost,98906.39551831645
2014-06-16 20:00:00,ecl,aggregate_load,168,45,xgboost,85632.7032029215
2014-06-16 21:00:00,ecl,aggregate_load,168,45,xgboost,71931.7915890538
2014-06-16 22:00:00,ecl,aggregate_load,168,45,xgboost,84267.38304527807
2014-06-16 23:00:00,ecl,aggregate_load,168,45,xgboost,79223.4369498453
2014-06-17 00:00:00,ecl,aggregate_load,168,45,xgboost,81900.40863131465
2014-06-17 01:00:00,ecl,aggregate_load,168,45,xgboost,91165.08240997614
2014-06-17 02:00:00,ecl,aggregate_load,168,45,xgboost,96564.16068765866
2014-06-17 03:00:00,ecl,aggregate_load,168,45,xgboost,95448.43710176485
2014-06-17 04:00:00,ecl,aggregate_load,168,45,xgboost,95345.26606728678
2014-06-17 05:00:00,ecl,aggregate_load,168,45,xgboost,102346.09249141107
2014-06-17 06:00:00,ecl,aggregate_load,168,45,xgboost,98957.023142347
2014-06-17 07:00:00,ecl,aggregate_load,168,45,xgboost,98153.18704643151
2014-06-17 08:00:00,ecl,aggregate_load,168,45,xgboost,94240.58163450807
2014-06-17 09:00:00,ecl,aggregate_load,168,45,xgboost,90600.08251139971
2014-06-17 10:00:00,ecl,aggregate_load,168,45,xgboost,90296.10319968991
2014-06-17 11:00:00,ecl,aggregate_load,168,45,xgboost,85956.96800783041
2014-06-17 12:00:00,ecl,aggregate_load,168,45,xgboost,75799.93346359345
2014-06-17 13:00:00,ecl,aggregate_load,168,45,xgboost,80644.7115081087
2014-06-17 14:00:00,ecl,aggregate_load,168,45,xgboost,79710.57720807122
2014-06-17 15:00:00,ecl,aggregate_load,168,45,xgboost,72152.23385929235
2014-06-17 16:00:00,ecl,aggregate_load,168,45,xgboost,71610.3368809921
2014-06-17 17:00:00,ecl,aggregate_load,168,45,xgboost,72786.85624955386
2014-06-17 18:00:00,ecl,aggregate_load,168,45,xgboost,75358.33450019627
2014-06-17 19:00:00,ecl,aggregate_load,168,45,xgboost,75802.86904708917
2014-06-17 20:00:00,ecl,aggregate_load,168,45,xgboost,75588.02621018529
2014-06-17 21:00:00,ecl,aggregate_load,168,45,xgboost,74023.25051814936
2014-06-17 22:00:00,ecl,aggregate_load,168,45,xgboost,70255.45733091774
2014-06-17 23:00:00,ecl,aggregate_load,168,45,xgboost,67708.83663683015
2014-06-18 00:00:00,ecl,aggregate_load,168,45,xgboost,75522.58733420561
2014-06-18 01:00:00,ecl,aggregate_load,168,45,xgboost,79826.96086977229
2014-06-18 02:00:00,ecl,aggregate_load,168,45,xgboost,76637.17289837902
2014-06-18 03:00:00,ecl,aggregate_load,168,45,xgboost,73740.10758514989
2014-06-18 04:00:00,ecl,aggregate_load,168,45,xgboost,78865.05721560265
2014-06-18 05:00:00,ecl,aggregate_load,168,45,xgboost,88290.03916290721
2014-06-18 06:00:00,ecl,aggregate_load,168,45,xgboost,84126.49166472806
2014-06-18 07:00:00,ecl,aggregate_load,168,45,xgboost,86823.33358709805
2014-06-18 08:00:00,ecl,aggregate_load,168,45,xgboost,82449.06265457459
2014-06-18 09:00:00,ecl,aggregate_load,168,45,xgboost,87061.79090790154
2014-06-18 10:00:00,ecl,aggregate_load,168,45,xgboost,82687.06022677648
2014-06-18 11:00:00,ecl,aggregate_load,168,45,xgboost,88988.26066947177
2014-06-18 12:00:00,ecl,aggregate_load,168,45,xgboost,82333.80085668735
2014-06-18 13:00:00,ecl,aggregate_load,168,45,xgboost,76892.20019510688
2014-06-18 14:00:00,ecl,aggregate_load,168,45,xgboost,75766.456055509
2014-06-18 15:00:00,ecl,aggregate_load,168,45,xgboost,76524.90406238403
2014-06-18 16:00:00,ecl,aggregate_load,168,45,xgboost,72428.81437837772
2014-06-18 17:00:00,ecl,aggregate_load,168,45,xgboost,72870.13109959713
2014-06-18 18:00:00,ecl,aggregate_load,168,45,xgboost,74669.7751286173
2014-06-18 19:00:00,ecl,aggregate_load,168,45,xgboost,67723.82817572301
2014-06-18 20:00:00,ecl,aggregate_load,168,45,xgboost,76058.30121206198
2014-06-18 21:00:00,ecl,aggregate_load,168,45,xgboost,71588.61656577916
2014-06-18 22:00:00,ecl,aggregate_load,168,45,xgboost,69285.16153363034
2014-06-18 23:00:00,ecl,aggregate_load,168,45,xgboost,65237.56068245411
2014-06-19 00:00:00,ecl,aggregate_load,168,45,xgboost,67089.67893530425
2014-06-19 01:00:00,ecl,aggregate_load,168,45,xgboost,68188.5365555982
2014-06-19 02:00:00,ecl,aggregate_load,168,45,xgboost,68984.55255052622
2014-06-19 03:00:00,ecl,aggregate_load,168,45,xgboost,73774.0715228478
2014-06-19 04:00:00,ecl,aggregate_load,168,45,xgboost,80176.276548118
2014-06-19 05:00:00,ecl,aggregate_load,168,45,xgboost,73489.75142158927
2014-06-19 06:00:00,ecl,aggregate_load,168,45,xgboost,75709.87401592993
2014-06-19 07:00:00,ecl,aggregate_load,168,45,xgboost,73313.03476327394
2014-06-19 08:00:00,ecl,aggregate_load,168,45,xgboost,73337.67489935074
2014-06-19 09:00:00,ecl,aggregate_load,168,45,xgboost,74301.25709441242
2014-06-19 10:00:00,ecl,aggregate_load,168,45,xgboost,78868.40384303687
2014-06-19 11:00:00,ecl,aggregate_load,168,45,xgboost,76446.83835904955
2014-06-19 12:00:00,ecl,aggregate_load,168,45,xgboost,74210.01826610447
2014-06-19 13:00:00,ecl,aggregate_load,168,45,xgboost,68909.33996428356
2014-06-19 14:00:00,ecl,aggregate_load,168,45,xgboost,63665.734331418076
2014-06-19 15:00:00,ecl,aggregate_load,168,45,xgboost,57046.48090091278
2014-06-19 16:00:00,ecl,aggregate_load,168,45,xgboost,59081.54676263576
2014-06-19 17:00:00,ecl,aggregate_load,168,45,xgboost,60993.08689325136
2014-06-19 18:00:00,ecl,aggregate_load,168,45,xgboost,62104.005518165584
2014-06-19 19:00:00,ecl,aggregate_load,168,45,xgboost,73536.50040585111
2014-06-19 20:00:00,ecl,aggregate_load,168,45,xgboost,66427.58721841681
2014-06-19 21:00:00,ecl,aggregate_load,168,45,xgboost,69990.30494118684
2014-06-19 22:00:00,ecl,aggregate_load,168,45,xgboost,66041.45513642524
2014-06-19 23:00:00,ecl,aggregate_load,168,45,xgboost,61845.76641978184
2014-06-20 00:00:00,ecl,aggregate_load,168,45,xgboost,65524.56825916916
2014-06-20 01:00:00,ecl,aggregate_load,168,45,xgboost,59804.411291558354
2014-06-20 02:00:00,ecl,aggregate_load,168,45,xgboost,59805.53871688315
2014-06-20 03:00:00,ecl,aggregate_load,168,45,xgboost,62287.385828424434
2014-06-20 04:00:00,ecl,aggregate_load,168,45,xgboost,67581.93948909534
2014-06-20 05:00:00,ecl,aggregate_load,168,45,xgboost,65663.55897298046
2014-06-20 06:00:00,ecl,aggregate_load,168,45,xgboost,66080.06591473034
2014-06-20 07:00:00,ecl,aggregate_load,168,45,xgboost,63350.3394012848
2014-06-20 08:00:00,ecl,aggregate_load,168,45,xgboost,64984.795310575406
2014-06-20 09:00:00,ecl,aggregate_load,168,45,xgboost,61116.678338681224
2014-06-20 10:00:00,ecl,aggregate_load,168,45,xgboost,70560.72567231719
2014-06-20 11:00:00,ecl,aggregate_load,168,45,xgboost,64036.18546515606
2014-06-20 12:00:00,ecl,aggregate_load,168,45,xgboost,64838.652187937536
2014-06-20 13:00:00,ecl,aggregate_load,168,45,xgboost,64867.52082556983
2014-06-20 14:00:00,ecl,aggregate_load,168,45,xgboost,60333.41128677507
2014-06-20 15:00:00,ecl,aggregate_load,168,45,xgboost,69155.12501420644
2014-06-20 16:00:00,ecl,aggregate_load,168,45,xgboost,63950.46753315077
2014-06-20 17:00:00,ecl,aggregate_load,168,45,xgboost,68886.46392842763
2014-06-20 18:00:00,ecl,aggregate_load,168,45,xgboost,71197.3169818289
2014-06-20 19:00:00,ecl,aggregate_load,168,45,xgboost,76744.36688442608
2014-06-20 20:00:00,ecl,aggregate_load,168,45,xgboost,80440.19807306722
2014-06-20 21:00:00,ecl,aggregate_load,168,45,xgboost,90599.96371656095
2014-06-20 22:00:00,ecl,aggregate_load,168,45,xgboost,92255.50463203255
2014-06-20 23:00:00,ecl,aggregate_load,168,45,xgboost,78811.88536185013
2014-06-21 00:00:00,ecl,aggregate_load,168,45,xgboost,80007.51472969337
2014-06-21 01:00:00,ecl,aggregate_load,168,45,xgboost,83438.60877560156
2014-06-21 02:00:00,ecl,aggregate_load,168,45,xgboost,88445.85177207095
2014-06-21 03:00:00,ecl,aggregate_load,168,45,xgboost,91493.52518043025
2014-06-21 04:00:00,ecl,aggregate_load,168,45,xgboost,97324.83238812431
2014-06-21 05:00:00,ecl,aggregate_load,168,45,xgboost,91369.2852462316
2014-06-21 06:00:00,ecl,aggregate_load,168,45,xgboost,93825.04544181896
2014-06-21 07:00:00,ecl,aggregate_load,168,45,xgboost,90910.17008808299
2014-06-21 08:00:00,ecl,aggregate_load,168,45,xgboost,91214.10058463893
2014-06-21 09:00:00,ecl,aggregate_load,168,45,xgboost,99446.1179835704
2014-06-21 10:00:00,ecl,aggregate_load,168,45,xgboost,105108.93932586166
2014-06-21 11:00:00,ecl,aggregate_load,168,45,xgboost,97551.59160004168
2014-06-21 12:00:00,ecl,aggregate_load,168,45,xgboost,91361.801845547
2014-06-21 13:00:00,ecl,aggregate_load,168,45,xgboost,106348.01115677506
2014-06-21 14:00:00,ecl,aggregate_load,168,45,xgboost,101741.83890294621
2014-06-21 15:00:00,ecl,aggregate_load,168,45,xgboost,108141.96609454635
2014-06-21 16:00:00,ecl,aggregate_load,168,45,xgboost,101603.80630355103
2014-06-21 17:00:00,ecl,aggregate_load,168,45,xgboost,95731.47295426743
2014-06-21 18:00:00,ecl,aggregate_load,168,45,xgboost,96237.21602067821
2014-06-21 19:00:00,ecl,aggregate_load,168,45,xgboost,69855.76431440485
2014-06-21 20:00:00,ecl,aggregate_load,168,45,xgboost,68319.00129953338
2014-06-21 21:00:00,ecl,aggregate_load,168,45,xgboost,68405.19282184748
2014-06-21 22:00:00,ecl,aggregate_load,168,45,xgboost,78593.33475281006
2014-06-21 23:00:00,ecl,aggregate_load,168,45,xgboost,57028.83910548346
2014-06-22 00:00:00,ecl,aggregate_load,168,45,xgboost,59677.12485809702
2014-06-22 01:00:00,ecl,aggregate_load,168,45,xgboost,54190.69238904848
2014-06-22 02:00:00,ecl,aggregate_load,168,45,xgboost,55960.9554114082
2014-06-22 03:00:00,ecl,aggregate_load,168,45,xgboost,62409.070070231865
2014-06-22 04:00:00,ecl,aggregate_load,168,45,xgboost,64028.225850798044
2014-06-22 05:00:00,ecl,aggregate_load,168,45,xgboost,61555.45910758948
2014-06-22 06:00:00,ecl,aggregate_load,168,45,xgboost,62290.36713108059
2014-06-22 07:00:00,ecl,aggregate_load,168,45,xgboost,52117.306394014864
2014-06-22 08:00:00,ecl,aggregate_load,168,45,xgboost,58332.68477451748
2014-06-22 09:00:00,ecl,aggregate_load,168,45,xgboost,62260.76557955503
2014-06-22 10:00:00,ecl,aggregate_load,168,45,xgboost,71031.79372852005
2014-06-22 11:00:00,ecl,aggregate_load,168,45,xgboost,58823.02268644761
2014-06-22 12:00:00,ecl,aggregate_load,168,45,xgboost,55839.13675972987
2014-06-22 13:00:00,ecl,aggregate_load,168,45,xgboost,55374.81268252934
2014-06-22 14:00:00,ecl,aggregate_load,168,45,xgboost,54018.510990046576
2014-06-22 15:00:00,ecl,aggregate_load,168,45,xgboost,52706.79474383692
2014-06-22 16:00:00,ecl,aggregate_load,168,45,xgboost,55272.87776019553
2014-06-22 17:00:00,ecl,aggregate_load,168,45,xgboost,54754.70737485905
2014-06-22 18:00:00,ecl,aggregate_load,168,45,xgboost,56094.569316416266
2014-06-22 19:00:00,ecl,aggregate_load,168,45,xgboost,57601.1445724392
2014-06-22 20:00:00,ecl,aggregate_load,168,45,xgboost,60603.84982054643
2014-06-22 21:00:00,ecl,aggregate_load,168,45,xgboost,58532.341585471884
2014-06-22 22:00:00,ecl,aggregate_load,168,45,xgboost,65665.79907965803
2014-06-22 23:00:00,ecl,aggregate_load,168,45,xgboost,48281.2480210483
2014-06-23 00:00:00,ecl,aggregate_load,168,45,xgboost,39039.86103161082
2014-06-23 01:00:00,ecl,aggregate_load,168,45,xgboost,33997.25605242716
2014-06-23 02:00:00,ecl,aggregate_load,168,45,xgboost,37703.74740696553
2014-06-23 03:00:00,ecl,aggregate_load,168,45,xgboost,40161.874573376146
2014-06-23 04:00:00,ecl,aggregate_load,168,45,xgboost,44646.13762664861
2014-06-23 05:00:00,ecl,aggregate_load,168,45,xgboost,47653.96736563601
2014-06-23 06:00:00,ecl,aggregate_load,168,45,xgboost,43620.12524494593
2014-06-23 07:00:00,ecl,aggregate_load,168,45,xgboost,41239.77060756482
2014-06-23 08:00:00,ecl,aggregate_load,168,45,xgboost,40634.48736668396
2014-06-23 09:00:00,ecl,aggregate_load,168,45,xgboost,44900.88331763963
2014-06-23 10:00:00,ecl,aggregate_load,168,45,xgboost,56547.81690000836
2014-06-23 11:00:00,ecl,aggregate_load,168,45,xgboost,53653.656667478164
2014-06-23 12:00:00,ecl,aggregate_load,168,45,xgboost,47698.555217612105
2014-06-23 13:00:00,ecl,aggregate_load,168,45,xgboost,45393.50802308779
2014-06-23 14:00:00,ecl,aggregate_load,168,45,xgboost,50607.63396986716
2014-06-23 15:00:00,ecl,aggregate_load,168,45,xgboost,50354.828688077265
2014-06-23 16:00:00,ecl,aggregate_load,168,45,xgboost,48910.98595866598
2014-06-23 17:00:00,ecl,aggregate_load,168,45,xgboost,52632.66523765225
2014-06-23 18:00:00,ecl,aggregate_load,168,45,xgboost,47318.09435165155
2014-06-23 19:00:00,ecl,aggregate_load,168,45,xgboost,51045.31770428077
2014-06-23 20:00:00,ecl,aggregate_load,168,45,xgboost,49889.06836022707
2014-06-23 21:00:00,ecl,aggregate_load,168,45,xgboost,54190.776568977846
2014-06-23 22:00:00,ecl,aggregate_load,168,45,xgboost,53050.599819510986
2014-06-23 23:00:00,ecl,aggregate_load,168,45,xgboost,42096.14675315468
2014-06-24 00:00:00,ecl,aggregate_load,168,45,xgboost,44083.326594674465
2014-06-24 01:00:00,ecl,aggregate_load,168,45,xgboost,60987.98437577308
2014-06-24 02:00:00,ecl,aggregate_load,168,45,xgboost,58564.38155478282
2014-06-24 03:00:00,ecl,aggregate_load,168,45,xgboost,58042.16805816766
2014-06-24 04:00:00,ecl,aggregate_load,168,45,xgboost,58643.01026741269
2014-06-24 05:00:00,ecl,aggregate_load,168,45,xgboost,62081.06145262754
2014-06-24 06:00:00,ecl,aggregate_load,168,45,xgboost,61414.396211419065
2014-06-24 07:00:00,ecl,aggregate_load,168,45,xgboost,56324.93369421314
2014-06-24 08:00:00,ecl,aggregate_load,168,45,xgboost,56830.62081408308
2014-06-24 09:00:00,ecl,aggregate_load,168,45,xgboost,57366.877854191865
2014-06-24 10:00:00,ecl,aggregate_load,168,45,xgboost,66547.7474033556
2014-06-24 11:00:00,ecl,aggregate_load,168,45,xgboost,64858.94581259931
2014-06-24 12:00:00,ecl,aggregate_load,168,45,xgboost,59817.79933979985
2014-06-24 13:00:00,ecl,aggregate_load,168,45,xgboost,53468.19831925518
2014-06-24 14:00:00,ecl,aggregate_load,168,45,xgboost,47211.09345811097
2014-06-24 15:00:00,ecl,aggregate_load,168,45,xgboost,42447.75437953986
2014-06-24 16:00:00,ecl,aggregate_load,168,45,xgboost,44197.04844682221
2014-06-24 17:00:00,ecl,aggregate_load,168,45,xgboost,45369.87065709474
2014-06-24 18:00:00,ecl,aggregate_load,168,45,xgboost,50162.46828800017
2014-06-24 19:00:00,ecl,aggregate_load,168,45,xgboost,50888.2177312222
2014-06-24 20:00:00,ecl,aggregate_load,168,45,xgboost,52873.59726474773
2014-06-24 21:00:00,ecl,aggregate_load,168,45,xgboost,55055.470191919674
2014-06-24 22:00:00,ecl,aggregate_load,168,45,xgboost,53399.9388909137
2014-06-24 23:00:00,ecl,aggregate_load,168,45,xgboost,48421.80446211182
2014-06-25 00:00:00,ecl,aggregate_load,168,45,xgboost,46098.702753309444
2014-06-25 01:00:00,ecl,aggregate_load,168,45,xgboost,43571.6699470776
2014-06-25 02:00:00,ecl,aggregate_load,168,45,xgboost,43514.12368689578
2014-06-25 03:00:00,ecl,aggregate_load,168,45,xgboost,45296.96821794099
2014-06-25 04:00:00,ecl,aggregate_load,168,45,xgboost,47937.330644515045
2014-06-25 05:00:00,ecl,aggregate_load,168,45,xgboost,50710.76439645008
2014-06-25 06:00:00,ecl,aggregate_load,168,45,xgboost,50252.15015954165
2014-06-25 07:00:00,ecl,aggregate_load,168,45,xgboost,47938.14304896706
2014-06-25 08:00:00,ecl,aggregate_load,168,45,xgboost,49178.39010277578
2014-06-25 09:00:00,ecl,aggregate_load,168,45,xgboost,50183.64181114193
2014-06-25 10:00:00,ecl,aggregate_load,168,45,xgboost,61263.13456769398
2014-06-25 11:00:00,ecl,aggregate_load,168,45,xgboost,57068.618061823625
2014-06-25 12:00:00,ecl,aggregate_load,168,45,xgboost,55820.383081520406
2014-06-25 13:00:00,ecl,aggregate_load,168,45,xgboost,51980.1627459922
2014-06-25 14:00:00,ecl,aggregate_load,168,45,xgboost,50692.79823713376
2014-06-25 15:00:00,ecl,aggregate_load,168,45,xgboost,56709.10039188907
2014-06-25 16:00:00,ecl,aggregate_load,168,45,xgboost,62463.80067394812
2014-06-25 17:00:00,ecl,aggregate_load,168,45,xgboost,63225.29871929096
2014-06-25 18:00:00,ecl,aggregate_load,168,45,xgboost,71749.79035700984
2014-06-25 19:00:00,ecl,aggregate_load,168,45,xgboost,70655.36108034535
2014-06-25 20:00:00,ecl,aggregate_load,168,45,xgboost,69523.20263858512
2014-06-25 21:00:00,ecl,aggregate_load,168,45,xgboost,59699.205877011605
2014-06-25 22:00:00,ecl,aggregate_load,168,45,xgboost,61023.367778599706
2014-06-25 23:00:00,ecl,aggregate_load,168,45,xgboost,52706.62820790475
2014-06-26 00:00:00,ecl,aggregate_load,168,45,xgboost,54048.08003334572
2014-06-26 01:00:00,ecl,aggregate_load,168,45,xgboost,50867.9964713572
2014-06-26 02:00:00,ecl,aggregate_load,168,45,xgboost,50769.284207641314
2014-06-26 03:00:00,ecl,aggregate_load,168,45,xgboost,51846.37686618515
2014-06-26 04:00:00,ecl,aggregate_load,168,45,xgboost,55116.210016593046
2014-06-26 05:00:00,ecl,aggregate_load,168,45,xgboost,57431.186526196325
2014-06-26 06:00:00,ecl,aggregate_load,168,45,xgboost,60062.148583983915
2014-06-26 07:00:00,ecl,aggregate_load,168,45,xgboost,56741.14968021532
2014-06-26 08:00:00,ecl,aggregate_load,168,45,xgboost,58665.03273019922
2014-06-26 09:00:00,ecl,aggregate_load,168,45,xgboost,57756.79047311133
2014-06-26 10:00:00,ecl,aggregate_load,168,45,xgboost,61739.93715074078
2014-06-26 11:00:00,ecl,aggregate_load,168,45,xgboost,60324.71013648641
2014-06-26 12:00:00,ecl,aggregate_load,168,45,xgboost,58411.58269052662
2014-06-26 13:00:00,ecl,aggregate_load,168,45,xgboost,56687.15652549207
2014-06-26 14:00:00,ecl,aggregate_load,168,45,xgboost,56643.17702898605
2014-06-26 15:00:00,ecl,aggregate_load,168,45,xgboost,57362.00465035328
2014-06-26 16:00:00,ecl,aggregate_load,168,45,xgboost,59785.61629738632
2014-06-26 17:00:00,ecl,aggregate_load,168,45,xgboost,61498.78927363434
2014-06-26 18:00:00,ecl,aggregate_load,168,45,xgboost,62553.1790651083
2014-06-26 19:00:00,ecl,aggregate_load,168,45,xgboost,65331.12848107627
2014-06-26 20:00:00,ecl,aggregate_load,168,45,xgboost,62460.2003405596
2014-06-26 21:00:00,ecl,aggregate_load,168,45,xgboost,62883.04983757861
2014-06-26 22:00:00,ecl,aggregate_load,168,45,xgboost,58742.71430590444
2014-06-26 23:00:00,ecl,aggregate_load,168,45,xgboost,65886.00336021972
2014-06-27 00:00:00,ecl,aggregate_load,168,45,xgboost,67986.11228434529
2014-06-27 01:00:00,ecl,aggregate_load,168,45,xgboost,65466.38897424886
2014-06-27 02:00:00,ecl,aggregate_load,168,45,xgboost,65798.7444128093
2014-06-27 03:00:00,ecl,aggregate_load,168,45,xgboost,67044.80538976296
2014-06-27 04:00:00,ecl,aggregate_load,168,45,xgboost,68211.5937217745
2014-06-27 05:00:00,ecl,aggregate_load,168,45,xgboost,68605.00358121782
2014-06-27 06:00:00,ecl,aggregate_load,168,45,xgboost,71055.70487663256
2014-06-27 07:00:00,ecl,aggregate_load,168,45,xgboost,66184.9263282897
2014-06-27 08:00:00,ecl,aggregate_load,168,45,xgboost,67983.19662275763
2014-06-27 09:00:00,ecl,aggregate_load,168,45,xgboost,67503.12705780269
2014-06-27 10:00:00,ecl,aggregate_load,168,45,xgboost,73320.05474811094
2014-06-27 11:00:00,ecl,aggregate_load,168,45,xgboost,70344.61931022423
2014-06-27 12:00:00,ecl,aggregate_load,168,45,xgboost,68481.9832028226
2014-06-27 13:00:00,ecl,aggregate_load,168,45,xgboost,77092.65036588702
2014-06-27 14:00:00,ecl,aggregate_load,168,45,xgboost,74356.05504127304
2014-06-27 15:00:00,ecl,aggregate_load,168,45,xgboost,70480.22860444561
2014-06-27 16:00:00,ecl,aggregate_load,168,45,xgboost,75563.59648982987
2014-06-27 17:00:00,ecl,aggregate_load,168,45,xgboost,77039.95698010994
2014-06-27 18:00:00,ecl,aggregate_load,168,45,xgboost,83187.62572991081
2014-06-27 19:00:00,ecl,aggregate_load,168,45,xgboost,79895.41111830327
2014-06-27 20:00:00,ecl,aggregate_load,168,45,xgboost,85490.93485029109
2014-06-27 21:00:00,ecl,aggregate_load,168,45,xgboost,83714.88034073757
2014-06-27 22:00:00,ecl,aggregate_load,168,45,xgboost,76898.49133460905
2014-06-27 23:00:00,ecl,aggregate_load,168,45,xgboost,74326.75558461972
2014-06-28 00:00:00,ecl,aggregate_load,168,45,xgboost,72555.81513360798
2014-06-28 01:00:00,ecl,aggregate_load,168,45,xgboost,76586.1850743567
2014-06-28 02:00:00,ecl,aggregate_load,168,45,xgboost,78093.81269770085
2014-06-28 03:00:00,ecl,aggregate_load,168,45,xgboost,78866.05679809797
2014-06-28 04:00:00,ecl,aggregate_load,168,45,xgboost,80928.92630665076
2014-06-28 05:00:00,ecl,aggregate_load,168,45,xgboost,79800.05991022383
2014-06-28 06:00:00,ecl,aggregate_load,168,45,xgboost,88825.0758902982
2014-06-28 07:00:00,ecl,aggregate_load,168,45,xgboost,83468.86082157076
2014-06-28 08:00:00,ecl,aggregate_load,168,45,xgboost,84627.9248378987
2014-06-28 09:00:00,ecl,aggregate_load,168,45,xgboost,87175.46887561075
2014-06-28 10:00:00,ecl,aggregate_load,168,45,xgboost,93918.82348382448
2014-06-28 11:00:00,ecl,aggregate_load,168,45,xgboost,92655.35918680295
2014-06-28 12:00:00,ecl,aggregate_load,168,45,xgboost,94277.59470475443
2014-06-28 13:00:00,ecl,aggregate_load,168,45,xgboost,94493.47966682864
2014-06-28 14:00:00,ecl,aggregate_load,168,45,xgboost,92804.57999674825
2014-06-28 15:00:00,ecl,aggregate_load,168,45,xgboost,103270.50719614935
2014-06-28 16:00:00,ecl,aggregate_load,168,45,xgboost,102968.02363944448
2014-06-28 17:00:00,ecl,aggregate_load,168,45,xgboost,100861.20707300301
2014-06-28 18:00:00,ecl,aggregate_load,168,45,xgboost,109110.30422536867
2014-06-28 19:00:00,ecl,aggregate_load,168,45,xgboost,106073.02789931741
2014-06-28 20:00:00,ecl,aggregate_load,168,45,xgboost,100543.98802719913
2014-06-28 21:00:00,ecl,aggregate_load,168,45,xgboost,96346.95573868253
2014-06-28 22:00:00,ecl,aggregate_load,168,45,xgboost,93081.49627263445
2014-06-28 23:00:00,ecl,aggregate_load,168,45,xgboost,86768.13070877125
2014-06-29 00:00:00,ecl,aggregate_load,168,45,xgboost,92932.06811291512
2014-06-29 01:00:00,ecl,aggregate_load,168,45,xgboost,91241.70368856247
2014-06-29 02:00:00,ecl,aggregate_load,168,45,xgboost,95391.52577580203
2014-06-29 03:00:00,ecl,aggregate_load,168,45,xgboost,99100.06556300962
2014-06-29 04:00:00,ecl,aggregate_load,168,45,xgboost,104104.50635336411
2014-06-29 05:00:00,ecl,aggregate_load,168,45,xgboost,102320.65206559745
2014-06-29 06:00:00,ecl,aggregate_load,168,45,xgboost,103202.21751757844
2014-06-29 07:00:00,ecl,aggregate_load,168,45,xgboost,93827.81797745361
2014-06-29 08:00:00,ecl,aggregate_load,168,45,xgboost,92545.62814426437
2014-06-29 09:00:00,ecl,aggregate_load,168,45,xgboost,92632.79024786552
2014-06-29 10:00:00,ecl,aggregate_load,168,45,xgboost,94442.31613885911
2014-06-29 11:00:00,ecl,aggregate_load,168,45,xgboost,96452.19092241091
2014-06-29 12:00:00,ecl,aggregate_load,168,45,xgboost,87699.35944750946
2014-06-29 13:00:00,ecl,aggregate_load,168,45,xgboost,92506.04550973955
2014-06-29 14:00:00,ecl,aggregate_load,168,45,xgboost,83764.18768629205
2014-06-29 15:00:00,ecl,aggregate_load,168,45,xgboost,79535.94723169718
2014-06-29 16:00:00,ecl,aggregate_load,168,45,xgboost,82386.58663906605
2014-06-29 17:00:00,ecl,aggregate_load,168,45,xgboost,80306.00036222946
2014-06-29 18:00:00,ecl,aggregate_load,168,45,xgboost,73734.40088622455
2014-06-29 19:00:00,ecl,aggregate_load,168,45,xgboost,84246.10068561873
2014-06-29 20:00:00,ecl,aggregate_load,168,45,xgboost,81106.73554498858
2014-06-29 21:00:00,ecl,aggregate_load,168,45,xgboost,76694.54148096935
2014-06-29 22:00:00,ecl,aggregate_load,168,45,xgboost,54348.432040091415
2014-06-29 23:00:00,ecl,aggregate_load,168,45,xgboost,55033.642801093534
2014-06-30 00:00:00,ecl,aggregate_load,168,45,xgboost,54348.02852932776
2014-06-30 01:00:00,ecl,aggregate_load,168,45,xgboost,51033.1228837312
2014-06-30 02:00:00,ecl,aggregate_load,168,45,xgboost,51967.59303863159
2014-06-30 03:00:00,ecl,aggregate_load,168,45,xgboost,52611.95523465081
2014-06-30 04:00:00,ecl,aggregate_load,168,45,xgboost,51408.952943738106
2014-06-30 05:00:00,ecl,aggregate_load,168,45,xgboost,56247.71284469833
2014-06-30 06:00:00,ecl,aggregate_load,168,45,xgboost,60336.39554229738
2014-06-30 07:00:00,ecl,aggregate_load,168,45,xgboost,50614.18932778196
2014-06-30 08:00:00,ecl,aggregate_load,168,45,xgboost,51492.45916429202
2014-06-30 09:00:00,ecl,aggregate_load,168,45,xgboost,53275.70577289166
2014-06-30 10:00:00,ecl,aggregate_load,168,45,xgboost,56349.77435257646
2014-06-30 11:00:00,ecl,aggregate_load,168,45,xgboost,57838.37080033189
2014-06-30 12:00:00,ecl,aggregate_load,168,45,xgboost,52269.071095569445
2014-06-30 13:00:00,ecl,aggregate_load,168,45,xgboost,48152.08197600789
2014-06-30 14:00:00,ecl,aggregate_load,168,45,xgboost,49041.32534483045
2014-06-30 15:00:00,ecl,aggregate_load,168,45,xgboost,50135.24568732154
2014-06-30 16:00:00,ecl,aggregate_load,168,45,xgboost,47435.361891940025
2014-06-30 17:00:00,ecl,aggregate_load,168,45,xgboost,42761.26150373723
2014-06-30 18:00:00,ecl,aggregate_load,168,45,xgboost,51360.425554058194
2014-06-30 19:00:00,ecl,aggregate_load,168,45,xgboost,51620.244088546075
2014-06-30 20:00:00,ecl,aggregate_load,168,45,xgboost,43598.89475683883
2014-06-30 21:00:00,ecl,aggregate_load,168,45,xgboost,38521.873754312765
2014-06-30 22:00:00,ecl,aggregate_load,168,45,xgboost,41228.3613635264
2014-06-30 23:00:00,ecl,aggregate_load,168,45,xgboost,42592.09328064565
2014-07-01 00:00:00,ecl,aggregate_load,168,45,xgboost,48605.45910925482
2014-07-01 01:00:00,ecl,aggregate_load,168,45,xgboost,49230.86333735461
2014-07-01 02:00:00,ecl,aggregate_load,168,45,xgboost,48190.86634616454
2014-07-01 03:00:00,ecl,aggregate_load,168,45,xgboost,47562.74689518883
2014-07-01 04:00:00,ecl,aggregate_load,168,45,xgboost,48754.80910124493
2014-07-01 05:00:00,ecl,aggregate_load,168,45,xgboost,50980.198535679585
2014-07-01 06:00:00,ecl,aggregate_load,168,45,xgboost,51178.32692173979
2014-07-01 07:00:00,ecl,aggregate_load,168,45,xgboost,50139.84659394715
2014-07-01 08:00:00,ecl,aggregate_load,168,45,xgboost,49933.835067163556
2014-07-01 09:00:00,ecl,aggregate_load,168,45,xgboost,50330.685331149114
2014-07-01 10:00:00,ecl,aggregate_load,168,45,xgboost,51762.60444031095
2014-07-01 11:00:00,ecl,aggregate_load,168,45,xgboost,46898.938015106934
2014-07-01 12:00:00,ecl,aggregate_load,168,45,xgboost,45206.10611441229
2014-07-01 13:00:00,ecl,aggregate_load,168,45,xgboost,47400.02287380224
2014-07-01 14:00:00,ecl,aggregate_load,168,45,xgboost,49546.02287104462
2014-07-01 15:00:00,ecl,aggregate_load,168,45,xgboost,47336.46663641718
2014-07-01 16:00:00,ecl,aggregate_load,168,45,xgboost,46665.24852809409
2014-07-01 17:00:00,ecl,aggregate_load,168,45,xgboost,45537.78558339386
2014-07-01 18:00:00,ecl,aggregate_load,168,45,xgboost,42399.60709979583
2014-07-01 19:00:00,ecl,aggregate_load,168,45,xgboost,45178.39145166191
2014-07-01 20:00:00,ecl,aggregate_load,168,45,xgboost,44218.164478050494
2014-07-01 21:00:00,ecl,aggregate_load,168,45,xgboost,42464.99509592862
2014-07-01 22:00:00,ecl,aggregate_load,168,45,xgboost,42935.945713959634
2014-07-01 23:00:00,ecl,aggregate_load,168,45,xgboost,45302.27165657804
2014-07-02 00:00:00,ecl,aggregate_load,168,45,xgboost,43680.200754499005
2014-07-02 01:00:00,ecl,aggregate_load,168,45,xgboost,44698.237895907645
2014-07-02 02:00:00,ecl,aggregate_load,168,45,xgboost,44538.91324312316
2014-07-02 03:00:00,ecl,aggregate_load,168,45,xgboost,42967.58760144874
2014-07-02 04:00:00,ecl,aggregate_load,168,45,xgboost,43368.29103402515
2014-07-02 05:00:00,ecl,aggregate_load,168,45,xgboost,39742.97063004739
2014-07-02 06:00:00,ecl,aggregate_load,168,45,xgboost,38956.537000097764
2014-07-02 07:00:00,ecl,aggregate_load,168,45,xgboost,40653.73538511074
2014-07-02 08:00:00,ecl,aggregate_load,168,45,xgboost,39101.58709186647
2014-07-02 09:00:00,ecl,aggregate_load,168,45,xgboost,43770.289682115676
2014-07-02 10:00:00,ecl,aggregate_load,168,45,xgboost,42389.18144976658
2014-07-02 11:00:00,ecl,aggregate_load,168,45,xgboost,40507.292880748384
2014-07-02 12:00:00,ecl,aggregate_load,168,45,xgboost,37784.2232070617
2014-07-02 13:00:00,ecl,aggregate_load,168,45,xgboost,44624.14226086015
2014-07-02 14:00:00,ecl,aggregate_load,168,45,xgboost,43950.040836366476
2014-07-02 15:00:00,ecl,aggregate_load,168,45,xgboost,40502.96636167266
2014-07-02 16:00:00,ecl,aggregate_load,168,45,xgboost,40926.84039579473
2014-07-02 17:00:00,ecl,aggregate_load,168,45,xgboost,44022.70273978551
2014-07-02 18:00:00,ecl,aggregate_load,168,45,xgboost,45075.64623844279
2014-07-02 19:00:00,ecl,aggregate_load,168,45,xgboost,46706.74969101295
2014-07-02 20:00:00,ecl,aggregate_load,168,45,xgboost,49225.19071503738
2014-07-02 21:00:00,ecl,aggregate_load,168,45,xgboost,47506.92859817341
2014-07-02 22:00:00,ecl,aggregate_load,168,45,xgboost,49500.71205238372
2014-07-02 23:00:00,ecl,aggregate_load,168,45,xgboost,46163.98071271427
2014-07-03 00:00:00,ecl,aggregate_load,168,45,xgboost,44640.44860614987
2014-07-03 01:00:00,ecl,aggregate_load,168,45,xgboost,43204.325328250925
2014-07-03 02:00:00,ecl,aggregate_load,168,45,xgboost,42911.869613372684
2014-07-03 03:00:00,ecl,aggregate_load,168,45,xgboost,41686.79950143676
2014-07-03 04:00:00,ecl,aggregate_load,168,45,xgboost,43088.864773601024
2014-07-03 05:00:00,ecl,aggregate_load,168,45,xgboost,42194.435287846405
2014-07-03 06:00:00,ecl,aggregate_load,168,45,xgboost,42161.85870152926
2014-07-03 07:00:00,ecl,aggregate_load,168,45,xgboost,43353.10414506089
2014-07-03 08:00:00,ecl,aggregate_load,168,45,xgboost,42501.32293661719
2014-07-03 09:00:00,ecl,aggregate_load,168,45,xgboost,45646.348759470755
2014-07-03 10:00:00,ecl,aggregate_load,168,45,xgboost,47070.29976422667
2014-07-03 11:00:00,ecl,aggregate_load,168,45,xgboost,42795.5484493702
2014-07-03 12:00:00,ecl,aggregate_load,168,45,xgboost,40019.89623896411
2014-07-03 13:00:00,ecl,aggregate_load,168,45,xgboost,47938.03727515744
2014-07-03 14:00:00,ecl,aggregate_load,168,45,xgboost,46598.11049636929
2014-07-03 15:00:00,ecl,aggregate_load,168,45,xgboost,42225.612273627296
2014-07-03 16:00:00,ecl,aggregate_load,168,45,xgboost,44642.950150980905
2014-07-03 17:00:00,ecl,aggregate_load,168,45,xgboost,44694.95600104588
2014-07-03 18:00:00,ecl,aggregate_load,168,45,xgboost,44630.54146079525
2014-07-03 19:00:00,ecl,aggregate_load,168,45,xgboost,46982.49567727377
2014-07-03 20:00:00,ecl,aggregate_load,168,45,xgboost,48341.29136127025
2014-07-03 21:00:00,ecl,aggregate_load,168,45,xgboost,49193.500276578096
2014-07-03 22:00:00,ecl,aggregate_load,168,45,xgboost,46219.53589190276
2014-07-03 23:00:00,ecl,aggregate_load,168,45,xgboost,45812.59231849016
2014-07-04 00:00:00,ecl,aggregate_load,168,45,xgboost,44412.949855271596
2014-07-04 01:00:00,ecl,aggregate_load,168,45,xgboost,43651.492985201956
2014-07-04 02:00:00,ecl,aggregate_load,168,45,xgboost,43762.35442807007
2014-07-04 03:00:00,ecl,aggregate_load,168,45,xgboost,42081.07147015418
2014-07-04 04:00:00,ecl,aggregate_load,168,45,xgboost,46496.52176958773
2014-07-04 05:00:00,ecl,aggregate_load,168,45,xgboost,46079.61117225711
2014-07-04 06:00:00,ecl,aggregate_load,168,45,xgboost,49845.111361460695
2014-07-04 07:00:00,ecl,aggregate_load,168,45,xgboost,49653.15804567569
2014-07-04 08:00:00,ecl,aggregate_load,168,45,xgboost,49528.363283965715
2014-07-04 09:00:00,ecl,aggregate_load,168,45,xgboost,51850.880844471
2014-07-04 10:00:00,ecl,aggregate_load,168,45,xgboost,48686.192783941064
2014-07-04 11:00:00,ecl,aggregate_load,168,45,xgboost,46661.76064339259
2014-07-04 12:00:00,ecl,aggregate_load,168,45,xgboost,45942.8440101159
2014-07-04 13:00:00,ecl,aggregate_load,168,45,xgboost,51681.20834215057
2014-07-04 14:00:00,ecl,aggregate_load,168,45,xgboost,52753.63245857774
2014-07-04 15:00:00,ecl,aggregate_load,168,45,xgboost,48900.65845024436
2014-07-04 16:00:00,ecl,aggregate_load,168,45,xgboost,54148.20397551737
2014-07-04 17:00:00,ecl,aggregate_load,168,45,xgboost,57103.23816472973
2014-07-04 18:00:00,ecl,aggregate_load,168,45,xgboost,54108.24793734772
2014-07-04 19:00:00,ecl,aggregate_load,168,45,xgboost,57350.62702012322
2014-07-04 20:00:00,ecl,aggregate_load,168,45,xgboost,57207.32630037476
2014-07-04 21:00:00,ecl,aggregate_load,168,45,xgboost,56812.75591633898
2014-07-04 22:00:00,ecl,aggregate_load,168,45,xgboost,55653.904184759725
2014-07-04 23:00:00,ecl,aggregate_load,168,45,xgboost,53517.663639798484
2014-07-05 00:00:00,ecl,aggregate_load,168,45,xgboost,53311.51151185079
2014-07-05 01:00:00,ecl,aggregate_load,168,45,xgboost,55736.952672478656
2014-07-05 02:00:00,ecl,aggregate_load,168,45,xgboost,56259.037227650086
2014-07-05 03:00:00,ecl,aggregate_load,168,45,xgboost,59771.474131539464
2014-07-05 04:00:00,ecl,aggregate_load,168,45,xgboost,61126.516342346426
2014-07-05 05:00:00,ecl,aggregate_load,168,45,xgboost,59602.56043618689
2014-07-05 06:00:00,ecl,aggregate_load,168,45,xgboost,59781.20357472875
2014-07-05 07:00:00,ecl,aggregate_load,168,45,xgboost,59903.19751032562
2014-07-05 08:00:00,ecl,aggregate_load,168,45,xgboost,56474.16471667194
2014-07-05 09:00:00,ecl,aggregate_load,168,45,xgboost,58839.757040463606
2014-07-05 10:00:00,ecl,aggregate_load,168,45,xgboost,57179.8537638023
2014-07-05 11:00:00,ecl,aggregate_load,168,45,xgboost,58320.61478569934
2014-07-05 12:00:00,ecl,aggregate_load,168,45,xgboost,54307.954658941264
2014-07-05 13:00:00,ecl,aggregate_load,168,45,xgboost,62575.389803410704
2014-07-05 14:00:00,ecl,aggregate_load,168,45,xgboost,61892.980339830705
2014-07-05 15:00:00,ecl,aggregate_load,168,45,xgboost,62748.88497445373
2014-07-05 16:00:00,ecl,aggregate_load,168,45,xgboost,65150.40568187761
2014-07-05 17:00:00,ecl,aggregate_load,168,45,xgboost,68836.0030642267
2014-07-05 18:00:00,ecl,aggregate_load,168,45,xgboost,70668.78233970441
2014-07-05 19:00:00,ecl,aggregate_load,168,45,xgboost,71425.47592419066
2014-07-05 20:00:00,ecl,aggregate_load,168,45,xgboost,68023.67450859914
2014-07-05 21:00:00,ecl,aggregate_load,168,45,xgboost,68614.39161924765
2014-07-05 22:00:00,ecl,aggregate_load,168,45,xgboost,68247.2604555968
2014-07-05 23:00:00,ecl,aggregate_load,168,45,xgboost,70322.16147720192
2014-07-06 00:00:00,ecl,aggregate_load,168,45,xgboost,62445.89117842233
2014-07-06 01:00:00,ecl,aggregate_load,168,45,xgboost,64022.2766075216
2014-07-06 02:00:00,ecl,aggregate_load,168,45,xgboost,64151.91248186551
2014-07-06 03:00:00,ecl,aggregate_load,168,45,xgboost,66928.62545233166
2014-07-06 04:00:00,ecl,aggregate_load,168,45,xgboost,68237.83533518393
2014-07-06 05:00:00,ecl,aggregate_load,168,45,xgboost,66722.56301659666
2014-07-06 06:00:00,ecl,aggregate_load,168,45,xgboost,65541.10531092969
2014-07-06 07:00:00,ecl,aggregate_load,168,45,xgboost,65317.22048527453
2014-07-06 08:00:00,ecl,aggregate_load,168,45,xgboost,63444.85721433199
2014-07-06 09:00:00,ecl,aggregate_load,168,45,xgboost,62741.38723931752
2014-07-06 10:00:00,ecl,aggregate_load,168,45,xgboost,64500.1068430207
2014-07-06 11:00:00,ecl,aggregate_load,168,45,xgboost,65105.444845250895
2014-07-06 12:00:00,ecl,aggregate_load,168,45,xgboost,62760.401540533116
2014-07-06 13:00:00,ecl,aggregate_load,168,45,xgboost,67169.89479346227
2014-07-06 14:00:00,ecl,aggregate_load,168,45,xgboost,58533.0282269232
2014-07-06 15:00:00,ecl,aggregate_load,168,45,xgboost,52364.3715544764
2014-07-06 16:00:00,ecl,aggregate_load,168,45,xgboost,53407.2536614704
2014-07-06 17:00:00,ecl,aggregate_load,168,45,xgboost,53877.63877939833
2014-07-06 18:00:00,ecl,aggregate_load,168,45,xgboost,53996.06232444137
2014-07-06 19:00:00,ecl,aggregate_load,168,45,xgboost,60931.44337512701
2014-07-06 20:00:00,ecl,aggregate_load,168,45,xgboost,57563.194430940195
2014-07-06 21:00:00,ecl,aggregate_load,168,45,xgboost,55801.37042348859
2014-07-06 22:00:00,ecl,aggregate_load,168,45,xgboost,62003.68714259239
2014-07-06 23:00:00,ecl,aggregate_load,168,45,xgboost,61162.98725177225
2014-07-07 00:00:00,ecl,aggregate_load,168,45,xgboost,55262.47715950377
2014-07-07 01:00:00,ecl,aggregate_load,168,45,xgboost,54590.986667914796
2014-07-07 02:00:00,ecl,aggregate_load,168,45,xgboost,58036.111943689655
2014-07-07 03:00:00,ecl,aggregate_load,168,45,xgboost,59488.26239171416
2014-07-07 04:00:00,ecl,aggregate_load,168,45,xgboost,57732.09405383955
2014-07-07 05:00:00,ecl,aggregate_load,168,45,xgboost,58820.91625263665
2014-07-07 06:00:00,ecl,aggregate_load,168,45,xgboost,54038.233376264994
2014-07-07 07:00:00,ecl,aggregate_load,168,45,xgboost,62403.475053680726
2014-07-07 08:00:00,ecl,aggregate_load,168,45,xgboost,57711.092834605304
2014-07-07 09:00:00,ecl,aggregate_load,168,45,xgboost,58978.662469573406
2014-07-07 10:00:00,ecl,aggregate_load,168,45,xgboost,64132.66326668414
2014-07-07 11:00:00,ecl,aggregate_load,168,45,xgboost,70247.30981781667
2014-07-07 12:00:00,ecl,aggregate_load,168,45,xgboost,66036.70208943382
2014-07-07 13:00:00,ecl,aggregate_load,168,45,xgboost,86697.16128464887
2014-07-07 14:00:00,ecl,aggregate_load,168,45,xgboost,79098.35090077182
2014-07-07 15:00:00,ecl,aggregate_load,168,45,xgboost,74925.71087126674
2014-07-07 16:00:00,ecl,aggregate_load,168,45,xgboost,79685.9592141834
2014-07-07 17:00:00,ecl,aggregate_load,168,45,xgboost,81803.24978973053
2014-07-07 18:00:00,ecl,aggregate_load,168,45,xgboost,76627.18971374944
2014-07-07 19:00:00,ecl,aggregate_load,168,45,xgboost,76334.41636434861
2014-07-07 20:00:00,ecl,aggregate_load,168,45,xgboost,84515.54152092032
2014-07-07 21:00:00,ecl,aggregate_load,168,45,xgboost,92313.25965112222
2014-07-07 22:00:00,ecl,aggregate_load,168,45,xgboost,98964.93527061163
2014-07-07 23:00:00,ecl,aggregate_load,168,45,xgboost,88984.11719681395
2014-07-08 00:00:00,ecl,aggregate_load,168,45,xgboost,82134.73378370481
2014-07-08 01:00:00,ecl,aggregate_load,168,45,xgboost,86947.67672171551
2014-07-08 02:00:00,ecl,aggregate_load,168,45,xgboost,87031.7131645036
2014-07-08 03:00:00,ecl,aggregate_load,168,45,xgboost,85894.38467209502
2014-07-08 04:00:00,ecl,aggregate_load,168,45,xgboost,86549.13140747698
2014-07-08 05:00:00,ecl,aggregate_load,168,45,xgboost,85655.10610338832
2014-07-08 06:00:00,ecl,aggregate_load,168,45,xgboost,84812.40653407731
2014-07-08 07:00:00,ecl,aggregate_load,168,45,xgboost,88024.85124372758
2014-07-08 08:00:00,ecl,aggregate_load,168,45,xgboost,85001.10882424185
2014-07-08 09:00:00,ecl,aggregate_load,168,45,xgboost,83471.90343940251
2014-07-08 10:00:00,ecl,aggregate_load,168,45,xgboost,86299.14216291446
2014-07-08 11:00:00,ecl,aggregate_load,168,45,xgboost,82824.27795483418
2014-07-08 12:00:00,ecl,aggregate_load,168,45,xgboost,85578.05569213476
2014-07-08 13:00:00,ecl,aggregate_load,168,45,xgboost,91844.05565957195
2014-07-08 14:00:00,ecl,aggregate_load,168,45,xgboost,76784.06322036535
2014-07-08 15:00:00,ecl,aggregate_load,168,45,xgboost,54618.184629200805
2014-07-08 16:00:00,ecl,aggregate_load,168,45,xgboost,45439.00048147457
2014-07-08 17:00:00,ecl,aggregate_load,168,45,xgboost,51177.573623646495
2014-07-08 18:00:00,ecl,aggregate_load,168,45,xgboost,48255.55740493952
2014-07-08 19:00:00,ecl,aggregate_load,168,45,xgboost,48559.598922298
2014-07-08 20:00:00,ecl,aggregate_load,168,45,xgboost,55082.13213989602
2014-07-08 21:00:00,ecl,aggregate_load,168,45,xgboost,63736.78518466964
2014-07-08 22:00:00,ecl,aggregate_load,168,45,xgboost,58719.12862609084
2014-07-08 23:00:00,ecl,aggregate_load,168,45,xgboost,64473.723578277044
2014-07-09 00:00:00,ecl,aggregate_load,168,45,xgboost,59455.12503619403
2014-07-09 01:00:00,ecl,aggregate_load,168,45,xgboost,67371.3679426938
2014-07-09 02:00:00,ecl,aggregate_load,168,45,xgboost,64635.737853585546
2014-07-09 03:00:00,ecl,aggregate_load,168,45,xgboost,59728.78495374646
2014-07-09 04:00:00,ecl,aggregate_load,168,45,xgboost,55260.64243034513
2014-07-09 05:00:00,ecl,aggregate_load,168,45,xgboost,59145.379871772566
2014-07-09 06:00:00,ecl,aggregate_load,168,45,xgboost,58068.82533876968
2014-07-09 07:00:00,ecl,aggregate_load,168,45,xgboost,64351.42801937266
2014-07-09 08:00:00,ecl,aggregate_load,168,45,xgboost,59729.45031206189
2014-07-09 09:00:00,ecl,aggregate_load,168,45,xgboost,56638.35323716395
2014-07-09 10:00:00,ecl,aggregate_load,168,45,xgboost,65249.28519952884
2014-07-09 11:00:00,ecl,aggregate_load,168,45,xgboost,66241.83487600261
2014-07-09 12:00:00,ecl,aggregate_load,168,45,xgboost,58296.64581051704
2014-07-09 13:00:00,ecl,aggregate_load,168,45,xgboost,68444.70218773186
2014-07-09 14:00:00,ecl,aggregate_load,168,45,xgboost,70271.1854078365
2014-07-09 15:00:00,ecl,aggregate_load,168,45,xgboost,61678.28693472621
2014-07-09 16:00:00,ecl,aggregate_load,168,45,xgboost,48028.57621045292
2014-07-09 17:00:00,ecl,aggregate_load,168,45,xgboost,50938.62319258061
2014-07-09 18:00:00,ecl,aggregate_load,168,45,xgboost,52905.42429073053
2014-07-09 19:00:00,ecl,aggregate_load,168,45,xgboost,56892.47089557744
2014-07-09 20:00:00,ecl,aggregate_load,168,45,xgboost,70245.00424766108
2014-07-09 21:00:00,ecl,aggregate_load,168,45,xgboost,76817.09330143027
2014-07-09 22:00:00,ecl,aggregate_load,168,45,xgboost,77411.59216575137
2014-07-09 23:00:00,ecl,aggregate_load,168,45,xgboost,82545.08388726038
2014-07-10 00:00:00,ecl,aggregate_load,168,45,xgboost,81432.81729018202
2014-07-10 01:00:00,ecl,aggregate_load,168,45,xgboost,90220.50728608623
2014-07-10 02:00:00,ecl,aggregate_load,168,45,xgboost,84796.64466056031
2014-07-10 03:00:00,ecl,aggregate_load,168,45,xgboost,77133.58393629557
2014-07-10 04:00:00,ecl,aggregate_load,168,45,xgboost,73665.86004520711
2014-07-10 05:00:00,ecl,aggregate_load,168,45,xgboost,79712.50606601531
2014-07-10 06:00:00,ecl,aggregate_load,168,45,xgboost,81344.33863784267
2014-07-10 07:00:00,ecl,aggregate_load,168,45,xgboost,85075.51165007369
2014-07-10 08:00:00,ecl,aggregate_load,168,45,xgboost,80268.31233103693
2014-07-10 09:00:00,ecl,aggregate_load,168,45,xgboost,75439.02645169638
2014-07-10 10:00:00,ecl,aggregate_load,168,45,xgboost,78071.15038764299
2014-07-10 11:00:00,ecl,aggregate_load,168,45,xgboost,79251.88699814425
2014-07-10 12:00:00,ecl,aggregate_load,168,45,xgboost,80460.02237055943
2014-07-10 13:00:00,ecl,aggregate_load,168,45,xgboost,86663.39149642274
2014-07-10 14:00:00,ecl,aggregate_load,168,45,xgboost,74540.43667949732
2014-07-10 15:00:00,ecl,aggregate_load,168,45,xgboost,66996.81069590068
2014-07-10 16:00:00,ecl,aggregate_load,168,45,xgboost,63987.269734570844
2014-07-10 17:00:00,ecl,aggregate_load,168,45,xgboost,59768.26765208006
2014-07-10 18:00:00,ecl,aggregate_load,168,45,xgboost,55700.96685406079
2014-07-10 19:00:00,ecl,aggregate_load,168,45,xgboost,59252.62576248203
2014-07-10 20:00:00,ecl,aggregate_load,168,45,xgboost,68655.14582591863
2014-07-10 21:00:00,ecl,aggregate_load,168,45,xgboost,64524.73436464706
2014-07-10 22:00:00,ecl,aggregate_load,168,45,xgboost,63614.83619714082
2014-07-10 23:00:00,ecl,aggregate_load,168,45,xgboost,62626.812701723204
2014-07-11 00:00:00,ecl,aggregate_load,168,45,xgboost,68038.47761101434
2014-07-11 01:00:00,ecl,aggregate_load,168,45,xgboost,76017.85578304867
2014-07-11 02:00:00,ecl,aggregate_load,168,45,xgboost,74327.20561936274
2014-07-11 03:00:00,ecl,aggregate_load,168,45,xgboost,71732.82189344284
2014-07-11 04:00:00,ecl,aggregate_load,168,45,xgboost,63817.907119059404
2014-07-11 05:00:00,ecl,aggregate_load,168,45,xgboost,67283.78730686598
2014-07-11 06:00:00,ecl,aggregate_load,168,45,xgboost,71007.65965096829
2014-07-11 07:00:00,ecl,aggregate_load,168,45,xgboost,73513.73674581792
2014-07-11 08:00:00,ecl,aggregate_load,168,45,xgboost,65712.89914350932
2014-07-11 09:00:00,ecl,aggregate_load,168,45,xgboost,61653.95024165122
2014-07-11 10:00:00,ecl,aggregate_load,168,45,xgboost,65940.39979833487
2014-07-11 11:00:00,ecl,aggregate_load,168,45,xgboost,44161.122169413735
2014-07-11 12:00:00,ecl,aggregate_load,168,45,xgboost,46480.93960932553
2014-07-11 13:00:00,ecl,aggregate_load,168,45,xgboost,43749.00642293727
2014-07-11 14:00:00,ecl,aggregate_load,168,45,xgboost,37033.27349768532
2014-07-11 15:00:00,ecl,aggregate_load,168,45,xgboost,36362.06357459023
2014-07-11 16:00:00,ecl,aggregate_load,168,45,xgboost,49929.56180311702
2014-07-11 17:00:00,ecl,aggregate_load,168,45,xgboost,44231.50410563785
2014-07-11 18:00:00,ecl,aggregate_load,168,45,xgboost,44554.560657757946
2014-07-11 19:00:00,ecl,aggregate_load,168,45,xgboost,48242.042998964884
2014-07-11 20:00:00,ecl,aggregate_load,168,45,xgboost,45022.85927361146
2014-07-11 21:00:00,ecl,aggregate_load,168,45,xgboost,44475.960883247164
2014-07-11 22:00:00,ecl,aggregate_load,168,45,xgboost,48957.154278073496
2014-07-11 23:00:00,ecl,aggregate_load,168,45,xgboost,52919.79622664756
2014-07-12 00:00:00,ecl,aggregate_load,168,45,xgboost,49448.63483981855
2014-07-12 01:00:00,ecl,aggregate_load,168,45,xgboost,47220.43300112883
2014-07-12 02:00:00,ecl,aggregate_load,168,45,xgboost,49035.763345632426
2014-07-12 03:00:00,ecl,aggregate_load,168,45,xgboost,48329.71150966849
2014-07-12 04:00:00,ecl,aggregate_load,168,45,xgboost,46320.141363494375
2014-07-12 05:00:00,ecl,aggregate_load,168,45,xgboost,45361.878177379855
2014-07-12 06:00:00,ecl,aggregate_load,168,45,xgboost,47252.13666454629
2014-07-12 07:00:00,ecl,aggregate_load,168,45,xgboost,53250.11682959553
2014-07-12 08:00:00,ecl,aggregate_load,168,45,xgboost,47142.58936095381
2014-07-12 09:00:00,ecl,aggregate_load,168,45,xgboost,50368.554878511044
2014-07-12 10:00:00,ecl,aggregate_load,168,45,xgboost,46368.9427106143
2014-07-12 11:00:00,ecl,aggregate_load,168,45,xgboost,45400.96562730729
2014-07-12 12:00:00,ecl,aggregate_load,168,45,xgboost,45642.74354515834
2014-07-12 13:00:00,ecl,aggregate_load,168,45,xgboost,53505.570337505764
2014-07-12 14:00:00,ecl,aggregate_load,168,45,xgboost,50751.94998969614
2014-07-12 15:00:00,ecl,aggregate_load,168,45,xgboost,45296.42039637143
2014-07-12 16:00:00,ecl,aggregate_load,168,45,xgboost,42528.86584504655
2014-07-12 17:00:00,ecl,aggregate_load,168,45,xgboost,44565.02335229514
2014-07-12 18:00:00,ecl,aggregate_load,168,45,xgboost,50672.10897540426
2014-07-12 19:00:00,ecl,aggregate_load,168,45,xgboost,56303.16555097584
2014-07-12 20:00:00,ecl,aggregate_load,168,45,xgboost,61551.365595456504
2014-07-12 21:00:00,ecl,aggregate_load,168,45,xgboost,50503.55771492982
2014-07-12 22:00:00,ecl,aggregate_load,168,45,xgboost,49860.48927537327
2014-07-12 23:00:00,ecl,aggregate_load,168,45,xgboost,53985.478018291295
2014-07-13 00:00:00,ecl,aggregate_load,168,45,xgboost,48567.19608285206
2014-07-13 01:00:00,ecl,aggregate_load,168,45,xgboost,47500.23965546256
2014-07-13 02:00:00,ecl,aggregate_load,168,45,xgboost,48255.873435371745
2014-07-13 03:00:00,ecl,aggregate_load,168,45,xgboost,50457.55202139936
2014-07-13 04:00:00,ecl,aggregate_load,168,45,xgboost,57666.26970032019
2014-07-13 05:00:00,ecl,aggregate_load,168,45,xgboost,49347.64580850146
2014-07-13 06:00:00,ecl,aggregate_load,168,45,xgboost,51287.59050703605
2014-07-13 07:00:00,ecl,aggregate_load,168,45,xgboost,57608.98028481592
2014-07-13 08:00:00,ecl,aggregate_load,168,45,xgboost,56732.34339511461
2014-07-13 09:00:00,ecl,aggregate_load,168,45,xgboost,55902.947786716155
2014-07-13 10:00:00,ecl,aggregate_load,168,45,xgboost,57178.00003561413
2014-07-13 11:00:00,ecl,aggregate_load,168,45,xgboost,51619.41503350151
2014-07-13 12:00:00,ecl,aggregate_load,168,45,xgboost,52121.54337539604
2014-07-13 13:00:00,ecl,aggregate_load,168,45,xgboost,55865.95995753966
2014-07-13 14:00:00,ecl,aggregate_load,168,45,xgboost,56854.474134355725
2014-07-13 15:00:00,ecl,aggregate_load,168,45,xgboost,58064.163342419546
2014-07-13 16:00:00,ecl,aggregate_load,168,45,xgboost,60412.86768690389
2014-07-13 17:00:00,ecl,aggregate_load,168,45,xgboost,58963.44903300634
2014-07-13 18:00:00,ecl,aggregate_load,168,45,xgboost,55053.01432809887
2014-07-13 19:00:00,ecl,aggregate_load,168,45,xgboost,54167.158467121655
2014-07-13 20:00:00,ecl,aggregate_load,168,45,xgboost,51059.99994738688
2014-07-13 21:00:00,ecl,aggregate_load,168,45,xgboost,44294.09973170277
2014-07-13 22:00:00,ecl,aggregate_load,168,45,xgboost,49466.743770154564
2014-07-13 23:00:00,ecl,aggregate_load,168,45,xgboost,50528.78583555311
2014-07-14 00:00:00,ecl,aggregate_load,168,45,xgboost,46617.814348098684
2014-07-14 01:00:00,ecl,aggregate_load,168,45,xgboost,48533.48913630875
2014-07-14 02:00:00,ecl,aggregate_load,168,45,xgboost,49326.87773204839
2014-07-14 03:00:00,ecl,aggregate_load,168,45,xgboost,54471.483841173416
2014-07-14 04:00:00,ecl,aggregate_load,168,45,xgboost,48459.75550504643
2014-07-14 05:00:00,ecl,aggregate_load,168,45,xgboost,47019.26744570664
2014-07-14 06:00:00,ecl,aggregate_load,168,45,xgboost,50951.39374669017
2014-07-14 07:00:00,ecl,aggregate_load,168,45,xgboost,54122.58761363519
2014-07-14 08:00:00,ecl,aggregate_load,168,45,xgboost,50018.55112471148
2014-07-14 09:00:00,ecl,aggregate_load,168,45,xgboost,46935.68116799536
2014-07-14 10:00:00,ecl,aggregate_load,168,45,xgboost,43539.956370470434
2014-07-14 11:00:00,ecl,aggregate_load,168,45,xgboost,53540.65846076085
2014-07-14 12:00:00,ecl,aggregate_load,168,45,xgboost,52842.12334951235
2014-07-14 13:00:00,ecl,aggregate_load,168,45,xgboost,52341.167847524084
2014-07-14 14:00:00,ecl,aggregate_load,168,45,xgboost,65744.02166724621
2014-07-14 15:00:00,ecl,aggregate_load,168,45,xgboost,64279.63162353372
2014-07-14 16:00:00,ecl,aggregate_load,168,45,xgboost,94522.05411235659
2014-07-14 17:00:00,ecl,aggregate_load,168,45,xgboost,88961.4366446585
2014-07-14 18:00:00,ecl,aggregate_load,168,45,xgboost,95450.76043649962
2014-07-14 19:00:00,ecl,aggregate_load,168,45,xgboost,90329.46844600208
2014-07-14 20:00:00,ecl,aggregate_load,168,45,xgboost,86649.97715782066
2014-07-14 21:00:00,ecl,aggregate_load,168,45,xgboost,85331.84445231406
2014-07-14 22:00:00,ecl,aggregate_load,168,45,xgboost,81224.53967440627
2014-07-14 23:00:00,ecl,aggregate_load,168,45,xgboost,90016.97275682718
2014-07-15 00:00:00,ecl,aggregate_load,168,45,xgboost,68887.80582927538
2014-07-15 01:00:00,ecl,aggregate_load,168,45,xgboost,67757.31900776441
2014-07-15 02:00:00,ecl,aggregate_load,168,45,xgboost,71261.01880672977
2014-07-15 03:00:00,ecl,aggregate_load,168,45,xgboost,76061.661416344
2014-07-15 04:00:00,ecl,aggregate_load,168,45,xgboost,84999.28362993697
2014-07-15 05:00:00,ecl,aggregate_load,168,45,xgboost,73178.43462856377
2014-07-15 06:00:00,ecl,aggregate_load,168,45,xgboost,71784.89707955922
2014-07-15 07:00:00,ecl,aggregate_load,168,45,xgboost,80032.91228769138
2014-07-15 08:00:00,ecl,aggregate_load,168,45,xgboost,76107.112887862
2014-07-15 09:00:00,ecl,aggregate_load,168,45,xgboost,70770.50539332241
2014-07-15 10:00:00,ecl,aggregate_load,168,45,xgboost,76643.74256842374
2014-07-15 11:00:00,ecl,aggregate_load,168,45,xgboost,79694.72584210343
2014-07-15 12:00:00,ecl,aggregate_load,168,45,xgboost,73563.16280402691
2014-07-15 13:00:00,ecl,aggregate_load,168,45,xgboost,79536.95665444846
2014-07-15 14:00:00,ecl,aggregate_load,168,45,xgboost,74747.97362500297
2014-07-15 15:00:00,ecl,aggregate_load,168,45,xgboost,80298.2543451628
2014-07-15 16:00:00,ecl,aggregate_load,168,45,xgboost,78730.6626879609
2014-07-15 17:00:00,ecl,aggregate_load,168,45,xgboost,70187.297442826
2014-07-15 18:00:00,ecl,aggregate_load,168,45,xgboost,75528.12998061077
2014-07-15 19:00:00,ecl,aggregate_load,168,45,xgboost,83216.27702635035
2014-07-15 20:00:00,ecl,aggregate_load,168,45,xgboost,79472.4215578365
2014-07-15 21:00:00,ecl,aggregate_load,168,45,xgboost,74148.35447217495
2014-07-15 22:00:00,ecl,aggregate_load,168,45,xgboost,81589.84055892957
2014-07-15 23:00:00,ecl,aggregate_load,168,45,xgboost,87691.07108640538
2014-07-16 00:00:00,ecl,aggregate_load,168,45,xgboost,72113.5896453568
2014-07-16 01:00:00,ecl,aggregate_load,168,45,xgboost,71481.55634802778
2014-07-16 02:00:00,ecl,aggregate_load,168,45,xgboost,73228.04613824544
2014-07-16 03:00:00,ecl,aggregate_load,168,45,xgboost,77393.3485256769
2014-07-16 04:00:00,ecl,aggregate_load,168,45,xgboost,83210.52971351561
2014-07-16 05:00:00,ecl,aggregate_load,168,45,xgboost,74080.38886147657
2014-07-16 06:00:00,ecl,aggregate_load,168,45,xgboost,76066.51015943928
2014-07-16 07:00:00,ecl,aggregate_load,168,45,xgboost,81302.60939430348
2014-07-16 08:00:00,ecl,aggregate_load,168,45,xgboost,63865.73625222185
2014-07-16 09:00:00,ecl,aggregate_load,168,45,xgboost,58156.7856808283
2014-07-16 10:00:00,ecl,aggregate_load,168,45,xgboost,65801.32092146346
2014-07-16 11:00:00,ecl,aggregate_load,168,45,xgboost,66899.85653242652
2014-07-16 12:00:00,ecl,aggregate_load,168,45,xgboost,66067.08405315169
2014-07-16 13:00:00,ecl,aggregate_load,168,45,xgboost,70115.2868026496
2014-07-16 14:00:00,ecl,aggregate_load,168,45,xgboost,63717.443453599546
2014-07-16 15:00:00,ecl,aggregate_load,168,45,xgboost,61685.512016186854
2014-07-16 16:00:00,ecl,aggregate_load,168,45,xgboost,64698.650265065764
2014-07-16 17:00:00,ecl,aggregate_load,168,45,xgboost,59717.97512841878
2014-07-16 18:00:00,ecl,aggregate_load,168,45,xgboost,52041.37022589917
2014-07-16 19:00:00,ecl,aggregate_load,168,45,xgboost,53935.86795131623
2014-07-16 20:00:00,ecl,aggregate_load,168,45,xgboost,48275.95801659563
2014-07-16 21:00:00,ecl,aggregate_load,168,45,xgboost,43970.115029078894
2014-07-16 22:00:00,ecl,aggregate_load,168,45,xgboost,56085.21886277008
2014-07-16 23:00:00,ecl,aggregate_load,168,45,xgboost,55737.34559052486
2014-07-17 00:00:00,ecl,aggregate_load,168,45,xgboost,47935.818367268184
2014-07-17 01:00:00,ecl,aggregate_load,168,45,xgboost,47415.4308889282
2014-07-17 02:00:00,ecl,aggregate_load,168,45,xgboost,50506.03944009547
2014-07-17 03:00:00,ecl,aggregate_load,168,45,xgboost,51913.92120841121
2014-07-17 04:00:00,ecl,aggregate_load,168,45,xgboost,54127.0316706658
2014-07-17 05:00:00,ecl,aggregate_load,168,45,xgboost,48472.132403176525
2014-07-17 06:00:00,ecl,aggregate_load,168,45,xgboost,53827.598947701066
2014-07-17 07:00:00,ecl,aggregate_load,168,45,xgboost,56612.980605792196
2014-07-17 08:00:00,ecl,aggregate_load,168,45,xgboost,53939.94403865692
2014-07-17 09:00:00,ecl,aggregate_load,168,45,xgboost,47613.08877354282
2014-07-17 10:00:00,ecl,aggregate_load,168,45,xgboost,53915.25654327539
2014-07-17 11:00:00,ecl,aggregate_load,168,45,xgboost,44565.397464800815
2014-07-17 12:00:00,ecl,aggregate_load,168,45,xgboost,42698.203470944485
2014-07-17 13:00:00,ecl,aggregate_load,168,45,xgboost,47320.34456638602
2014-07-17 14:00:00,ecl,aggregate_load,168,45,xgboost,51246.139453455915
2014-07-17 15:00:00,ecl,aggregate_load,168,45,xgboost,47832.08135365188
2014-07-17 16:00:00,ecl,aggregate_load,168,45,xgboost,44434.85023765627
2014-07-17 17:00:00,ecl,aggregate_load,168,45,xgboost,45180.55201133051
2014-07-17 18:00:00,ecl,aggregate_load,168,45,xgboost,45070.72331782281
2014-07-17 19:00:00,ecl,aggregate_load,168,45,xgboost,51801.973506857394
2014-07-17 20:00:00,ecl,aggregate_load,168,45,xgboost,46088.239579248606
2014-07-17 21:00:00,ecl,aggregate_load,168,45,xgboost,47773.66676353238
2014-07-17 22:00:00,ecl,aggregate_load,168,45,xgboost,42194.60308610394
2014-07-17 23:00:00,ecl,aggregate_load,168,45,xgboost,43252.69382961329
2014-07-18 00:00:00,ecl,aggregate_load,168,45,xgboost,38205.960499286084
2014-07-18 01:00:00,ecl,aggregate_load,168,45,xgboost,38812.03845504374
2014-07-18 02:00:00,ecl,aggregate_load,168,45,xgboost,40486.61919915015
2014-07-18 03:00:00,ecl,aggregate_load,168,45,xgboost,44323.53511475235
2014-07-18 04:00:00,ecl,aggregate_load,168,45,xgboost,45396.40077012242
2014-07-18 05:00:00,ecl,aggregate_load,168,45,xgboost,43320.69150732366
2014-07-18 06:00:00,ecl,aggregate_load,168,45,xgboost,45298.50060257603
2014-07-18 07:00:00,ecl,aggregate_load,168,45,xgboost,50155.34390071479
2014-07-18 08:00:00,ecl,aggregate_load,168,45,xgboost,45932.9346901887
2014-07-18 09:00:00,ecl,aggregate_load,168,45,xgboost,46046.06759307329
2014-07-18 10:00:00,ecl,aggregate_load,168,45,xgboost,46194.9718207859
2014-07-18 11:00:00,ecl,aggregate_load,168,45,xgboost,39829.30996411651
2014-07-18 12:00:00,ecl,aggregate_load,168,45,xgboost,38124.04457311698
2014-07-18 13:00:00,ecl,aggregate_load,168,45,xgboost,34326.75304413019
2014-07-18 14:00:00,ecl,aggregate_load,168,45,xgboost,34630.84483303712
2014-07-18 15:00:00,ecl,aggregate_load,168,45,xgboost,29752.528316451557
2014-07-18 16:00:00,ecl,aggregate_load,168,45,xgboost,29868.95830747162
2014-07-18 17:00:00,ecl,aggregate_load,168,45,xgboost,30530.714165858426
2014-07-18 18:00:00,ecl,aggregate_load,168,45,xgboost,31898.870618878973
2014-07-18 19:00:00,ecl,aggregate_load,168,45,xgboost,34603.22728193282
2014-07-18 20:00:00,ecl,aggregate_load,168,45,xgboost,30502.33100077401
2014-07-18 21:00:00,ecl,aggregate_load,168,45,xgboost,31708.268689534936
2014-07-18 22:00:00,ecl,aggregate_load,168,45,xgboost,32998.00730025289
2014-07-18 23:00:00,ecl,aggregate_load,168,45,xgboost,34184.759563164866
2014-07-19 00:00:00,ecl,aggregate_load,168,45,xgboost,29339.071016760838
2014-07-19 01:00:00,ecl,aggregate_load,168,45,xgboost,32229.891494353193
2014-07-19 02:00:00,ecl,aggregate_load,168,45,xgboost,30524.015096752628
2014-07-19 03:00:00,ecl,aggregate_load,168,45,xgboost,29860.354410527096
2014-07-19 04:00:00,ecl,aggregate_load,168,45,xgboost,29468.308872090758
2014-07-19 05:00:00,ecl,aggregate_load,168,45,xgboost,29914.525692657506
2014-07-19 06:00:00,ecl,aggregate_load,168,45,xgboost,31074.710830391447
2014-07-19 07:00:00,ecl,aggregate_load,168,45,xgboost,30631.004905047903
2014-07-19 08:00:00,ecl,aggregate_load,168,45,xgboost,29142.55885458226
2014-07-19 09:00:00,ecl,aggregate_load,168,45,xgboost,29868.90585641162
2014-07-19 10:00:00,ecl,aggregate_load,168,45,xgboost,30788.736657428482
2014-07-19 11:00:00,ecl,aggregate_load,168,45,xgboost,32081.09406673482
2014-07-19 12:00:00,ecl,aggregate_load,168,45,xgboost,34680.259483908434
2014-07-19 13:00:00,ecl,aggregate_load,168,45,xgboost,34182.886638272284
2014-07-19 14:00:00,ecl,aggregate_load,168,45,xgboost,31962.538193438246
2014-07-19 15:00:00,ecl,aggregate_load,168,45,xgboost,30261.48505942517
2014-07-19 16:00:00,ecl,aggregate_load,168,45,xgboost,29290.487113113948
2014-07-19 17:00:00,ecl,aggregate_load,168,45,xgboost,29363.39823271159
2014-07-19 18:00:00,ecl,aggregate_load,168,45,xgboost,28530.117708089223
2014-07-19 19:00:00,ecl,aggregate_load,168,45,xgboost,30543.73541067243
2014-07-19 20:00:00,ecl,aggregate_load,168,45,xgboost,32376.890801661524
2014-07-19 21:00:00,ecl,aggregate_load,168,45,xgboost,31045.934804464923
2014-07-19 22:00:00,ecl,aggregate_load,168,45,xgboost,33763.43008054418
2014-07-19 23:00:00,ecl,aggregate_load,168,45,xgboost,35854.282502278416
2014-07-20 00:00:00,ecl,aggregate_load,168,45,xgboost,35178.74015528975
2014-07-20 01:00:00,ecl,aggregate_load,168,45,xgboost,34353.933750148855
2014-07-20 02:00:00,ecl,aggregate_load,168,45,xgboost,35947.50905788624
2014-07-20 03:00:00,ecl,aggregate_load,168,45,xgboost,39654.80584370952
2014-07-20 04:00:00,ecl,aggregate_load,168,45,xgboost,38222.30411932257
2014-07-20 05:00:00,ecl,aggregate_load,168,45,xgboost,37776.37773832622
2014-07-20 06:00:00,ecl,aggregate_load,168,45,xgboost,39901.14263158124
2014-07-20 07:00:00,ecl,aggregate_load,168,45,xgboost,44743.02889634628
2014-07-20 08:00:00,ecl,aggregate_load,168,45,xgboost,40261.645321564945
2014-07-20 09:00:00,ecl,aggregate_load,168,45,xgboost,39796.86337034995
2014-07-20 10:00:00,ecl,aggregate_load,168,45,xgboost,40000.57430022043
2014-07-20 11:00:00,ecl,aggregate_load,168,45,xgboost,31980.744751964707
2014-07-20 12:00:00,ecl,aggregate_load,168,45,xgboost,31799.03881823007
2014-07-20 13:00:00,ecl,aggregate_load,168,45,xgboost,32898.533689460746
2014-07-20 14:00:00,ecl,aggregate_load,168,45,xgboost,34825.31536319289
2014-07-20 15:00:00,ecl,aggregate_load,168,45,xgboost,34028.216562365975
2014-07-20 16:00:00,ecl,aggregate_load,168,45,xgboost,36059.152402913496
2014-07-20 17:00:00,ecl,aggregate_load,168,45,xgboost,33111.256943058215
2014-07-20 18:00:00,ecl,aggregate_load,168,45,xgboost,31998.816240805707
2014-07-20 19:00:00,ecl,aggregate_load,168,45,xgboost,35097.84846761198
2014-07-20 20:00:00,ecl,aggregate_load,168,45,xgboost,35136.193644293395
2014-07-20 21:00:00,ecl,aggregate_load,168,45,xgboost,40896.76477941725
2014-07-20 22:00:00,ecl,aggregate_load,168,45,xgboost,41142.580586776894
2014-07-20 23:00:00,ecl,aggregate_load,168,45,xgboost,39347.30715689687
2014-07-21 00:00:00,ecl,aggregate_load,168,45,xgboost,35612.151348290965
2014-07-21 01:00:00,ecl,aggregate_load,168,45,xgboost,38603.86518314619
2014-07-21 02:00:00,ecl,aggregate_load,168,45,xgboost,42741.04246207209
2014-07-21 03:00:00,ecl,aggregate_load,168,45,xgboost,42434.5736617909
2014-07-21 04:00:00,ecl,aggregate_load,168,45,xgboost,43000.18816419774
2014-07-21 05:00:00,ecl,aggregate_load,168,45,xgboost,44988.01120040157
2014-07-21 06:00:00,ecl,aggregate_load,168,45,xgboost,46711.478433943295
2014-07-21 07:00:00,ecl,aggregate_load,168,45,xgboost,52167.4077048097
2014-07-21 08:00:00,ecl,aggregate_load,168,45,xgboost,46762.89671396597
2014-07-21 09:00:00,ecl,aggregate_load,168,45,xgboost,44936.805729175394
2014-07-21 10:00:00,ecl,aggregate_load,168,45,xgboost,43875.07441888598
2014-07-21 11:00:00,ecl,aggregate_load,168,45,xgboost,42570.66161855886
2014-07-21 12:00:00,ecl,aggregate_load,168,45,xgboost,43881.70796185564
2014-07-21 13:00:00,ecl,aggregate_load,168,45,xgboost,45416.2072326742
2014-07-21 14:00:00,ecl,aggregate_load,168,45,xgboost,41398.833025937776
2014-07-21 15:00:00,ecl,aggregate_load,168,45,xgboost,41034.252834235165
2014-07-21 16:00:00,ecl,aggregate_load,168,45,xgboost,42437.69983690945
2014-07-21 17:00:00,ecl,aggregate_load,168,45,xgboost,44347.61874035735
2014-07-21 18:00:00,ecl,aggregate_load,168,45,xgboost,45948.14643880284
2014-07-21 19:00:00,ecl,aggregate_load,168,45,xgboost,45462.32983973458
2014-07-21 20:00:00,ecl,aggregate_load,168,45,xgboost,46097.98183013843
2014-07-21 21:00:00,ecl,aggregate_load,168,45,xgboost,49361.98085012097
2014-07-21 22:00:00,ecl,aggregate_load,168,45,xgboost,47167.37697755274
2014-07-21 23:00:00,ecl,aggregate_load,168,45,xgboost,42069.70763242292
2014-07-22 00:00:00,ecl,aggregate_load,168,45,xgboost,46474.990705520126
2014-07-22 01:00:00,ecl,aggregate_load,168,45,xgboost,41680.66647343418
2014-07-22 02:00:00,ecl,aggregate_load,168,45,xgboost,42092.19401205454
2014-07-22 03:00:00,ecl,aggregate_load,168,45,xgboost,47672.53249571737
2014-07-22 04:00:00,ecl,aggregate_load,168,45,xgboost,51208.27563017571
2014-07-22 05:00:00,ecl,aggregate_load,168,45,xgboost,48136.30155888602
2014-07-22 06:00:00,ecl,aggregate_load,168,45,xgboost,50327.99939470668
2014-07-22 07:00:00,ecl,aggregate_load,168,45,xgboost,52896.69491474186
2014-07-22 08:00:00,ecl,aggregate_load,168,45,xgboost,49939.61736997421
2014-07-22 09:00:00,ecl,aggregate_load,168,45,xgboost,46581.3863462868
2014-07-22 10:00:00,ecl,aggregate_load,168,45,xgboost,45288.58577752946
2014-07-22 11:00:00,ecl,aggregate_load,168,45,xgboost,51276.301358468874
2014-07-22 12:00:00,ecl,aggregate_load,168,45,xgboost,38464.16964501872
2014-07-22 13:00:00,ecl,aggregate_load,168,45,xgboost,39970.30978597948
2014-07-22 14:00:00,ecl,aggregate_load,168,45,xgboost,44151.69708099925
2014-07-22 15:00:00,ecl,aggregate_load,168,45,xgboost,44861.775613359954
2014-07-22 16:00:00,ecl,aggregate_load,168,45,xgboost,56444.58209835004
2014-07-22 17:00:00,ecl,aggregate_load,168,45,xgboost,54263.91702262867
2014-07-22 18:00:00,ecl,aggregate_load,168,45,xgboost,51259.45816185977
2014-07-22 19:00:00,ecl,aggregate_load,168,45,xgboost,54396.709283443946
2014-07-22 20:00:00,ecl,aggregate_load,168,45,xgboost,48627.451829901795
2014-07-22 21:00:00,ecl,aggregate_load,168,45,xgboost,44946.6416510665
2014-07-22 22:00:00,ecl,aggregate_load,168,45,xgboost,45962.35861579076
2014-07-22 23:00:00,ecl,aggregate_load,168,45,xgboost,51156.655285005945
2014-07-23 00:00:00,ecl,aggregate_load,168,45,xgboost,36146.60612516255
2014-07-23 01:00:00,ecl,aggregate_load,168,45,xgboost,32796.41239291457
2014-07-23 02:00:00,ecl,aggregate_load,168,45,xgboost,32851.16117370624
2014-07-23 03:00:00,ecl,aggregate_load,168,45,xgboost,33946.305462368946
2014-07-23 04:00:00,ecl,aggregate_load,168,45,xgboost,34895.666797878985
2014-07-23 05:00:00,ecl,aggregate_load,168,45,xgboost,35463.78908951909
2014-07-23 06:00:00,ecl,aggregate_load,168,45,xgboost,35078.04670412636
2014-07-23 07:00:00,ecl,aggregate_load,168,45,xgboost,38282.30538397574
2014-07-23 08:00:00,ecl,aggregate_load,168,45,xgboost,35373.1916316493
2014-07-23 09:00:00,ecl,aggregate_load,168,45,xgboost,34048.75393974333
2014-07-23 10:00:00,ecl,aggregate_load,168,45,xgboost,35380.02597375072
2014-07-23 11:00:00,ecl,aggregate_load,168,45,xgboost,29969.231925929875
2014-07-23 12:00:00,ecl,aggregate_load,168,45,xgboost,31822.33070513544
2014-07-23 13:00:00,ecl,aggregate_load,168,45,xgboost,35483.592491810545
2014-07-23 14:00:00,ecl,aggregate_load,168,45,xgboost,32474.64952171228
2014-07-23 15:00:00,ecl,aggregate_load,168,45,xgboost,31259.66919745019
2014-07-23 16:00:00,ecl,aggregate_load,168,45,xgboost,33269.2000081762
2014-07-23 17:00:00,ecl,aggregate_load,168,45,xgboost,34431.636989458086
2014-07-23 18:00:00,ecl,aggregate_load,168,45,xgboost,31914.607526662672
2014-07-23 19:00:00,ecl,aggregate_load,168,45,xgboost,35808.14183697793
2014-07-23 20:00:00,ecl,aggregate_load,168,45,xgboost,34155.09798024551
2014-07-23 21:00:00,ecl,aggregate_load,168,45,xgboost,32756.84435944757
2014-07-23 22:00:00,ecl,aggregate_load,168,45,xgboost,40927.11136580313
2014-07-23 23:00:00,ecl,aggregate_load,168,45,xgboost,33549.31070225389
2014-07-24 00:00:00,ecl,aggregate_load,168,45,xgboost,32210.953123331852
2014-07-24 01:00:00,ecl,aggregate_load,168,45,xgboost,34431.61384967402
2014-07-24 02:00:00,ecl,aggregate_load,168,45,xgboost,30788.88801000397
2014-07-24 03:00:00,ecl,aggregate_load,168,45,xgboost,31965.38046705805
2014-07-24 04:00:00,ecl,aggregate_load,168,45,xgboost,30709.179076353314
2014-07-24 05:00:00,ecl,aggregate_load,168,45,xgboost,28895.725805368074
2014-07-24 06:00:00,ecl,aggregate_load,168,45,xgboost,27555.570334772434
2014-07-24 07:00:00,ecl,aggregate_load,168,45,xgboost,26550.60992220783
2014-07-24 08:00:00,ecl,aggregate_load,168,45,xgboost,26391.25760879588
2014-07-24 09:00:00,ecl,aggregate_load,168,45,xgboost,29551.305621143918
2014-07-24 10:00:00,ecl,aggregate_load,168,45,xgboost,29870.7921568811
2014-07-24 11:00:00,ecl,aggregate_load,168,45,xgboost,27845.940987514216
2014-07-24 12:00:00,ecl,aggregate_load,168,45,xgboost,28369.887095751084
2014-07-24 13:00:00,ecl,aggregate_load,168,45,xgboost,28128.5414429512
2014-07-24 14:00:00,ecl,aggregate_load,168,45,xgboost,32326.983676756645
2014-07-24 15:00:00,ecl,aggregate_load,168,45,xgboost,34495.25525265645
2014-07-24 16:00:00,ecl,aggregate_load,168,45,xgboost,37456.950622096345
2014-07-24 17:00:00,ecl,aggregate_load,168,45,xgboost,41890.39569832861
2014-07-24 18:00:00,ecl,aggregate_load,168,45,xgboost,37166.890044789514
2014-07-24 19:00:00,ecl,aggregate_load,168,45,xgboost,33899.14168442759
2014-07-24 20:00:00,ecl,aggregate_load,168,45,xgboost,31973.59776887444
2014-07-24 21:00:00,ecl,aggregate_load,168,45,xgboost,35888.98870641425
2014-07-24 22:00:00,ecl,aggregate_load,168,45,xgboost,32181.678776843084
2014-07-24 23:00:00,ecl,aggregate_load,168,45,xgboost,35173.42746888138
2014-07-25 00:00:00,ecl,aggregate_load,168,45,xgboost,33999.409088930384
2014-07-25 01:00:00,ecl,aggregate_load,168,45,xgboost,39336.724212778165
2014-07-25 02:00:00,ecl,aggregate_load,168,45,xgboost,37429.06297964638
2014-07-25 03:00:00,ecl,aggregate_load,168,45,xgboost,38897.424980457465
2014-07-25 04:00:00,ecl,aggregate_load,168,45,xgboost,33666.89929902875
2014-07-25 05:00:00,ecl,aggregate_load,168,45,xgboost,33058.27130510016
2014-07-25 06:00:00,ecl,aggregate_load,168,45,xgboost,34187.737671108174
2014-07-25 07:00:00,ecl,aggregate_load,168,45,xgboost,33763.15344666686
2014-07-25 08:00:00,ecl,aggregate_load,168,45,xgboost,35550.70458495271
2014-07-25 09:00:00,ecl,aggregate_load,168,45,xgboost,37526.67312107618
2014-07-25 10:00:00,ecl,aggregate_load,168,45,xgboost,37681.325626716985
2014-07-25 11:00:00,ecl,aggregate_load,168,45,xgboost,33463.626563082646
2014-07-25 12:00:00,ecl,aggregate_load,168,45,xgboost,34896.82381625254
2014-07-25 13:00:00,ecl,aggregate_load,168,45,xgboost,36013.88791226413
2014-07-25 14:00:00,ecl,aggregate_load,168,45,xgboost,36678.61166466493
2014-07-25 15:00:00,ecl,aggregate_load,168,45,xgboost,37074.70479414788
2014-07-25 16:00:00,ecl,aggregate_load,168,45,xgboost,28562.93581043563
2014-07-25 17:00:00,ecl,aggregate_load,168,45,xgboost,35872.08787137046
2014-07-25 18:00:00,ecl,aggregate_load,168,45,xgboost,43609.66798493242
2014-07-25 19:00:00,ecl,aggregate_load,168,45,xgboost,34174.965171767144
2014-07-25 20:00:00,ecl,aggregate_load,168,45,xgboost,35048.461005196834
2014-07-25 21:00:00,ecl,aggregate_load,168,45,xgboost,34166.28566083646
2014-07-25 22:00:00,ecl,aggregate_load,168,45,xgboost,33081.838967594165
2014-07-25 23:00:00,ecl,aggregate_load,168,45,xgboost,35963.74813683138
2014-07-26 00:00:00,ecl,aggregate_load,168,45,xgboost,33252.32239396945
2014-07-26 01:00:00,ecl,aggregate_load,168,45,xgboost,35168.16470916817
2014-07-26 02:00:00,ecl,aggregate_load,168,45,xgboost,35848.508505515856
2014-07-26 03:00:00,ecl,aggregate_load,168,45,xgboost,38675.398968288544
2014-07-26 04:00:00,ecl,aggregate_load,168,45,xgboost,36309.55870438774
2014-07-26 05:00:00,ecl,aggregate_load,168,45,xgboost,35851.59944675958
2014-07-26 06:00:00,ecl,aggregate_load,168,45,xgboost,35218.70157878256
2014-07-26 07:00:00,ecl,aggregate_load,168,45,xgboost,36233.16121752971
2014-07-26 08:00:00,ecl,aggregate_load,168,45,xgboost,38497.809970136455
2014-07-26 09:00:00,ecl,aggregate_load,168,45,xgboost,41687.034594869154
2014-07-26 10:00:00,ecl,aggregate_load,168,45,xgboost,41077.717098763016
2014-07-26 11:00:00,ecl,aggregate_load,168,45,xgboost,38957.19811974748
2014-07-26 12:00:00,ecl,aggregate_load,168,45,xgboost,42434.46371355625
2014-07-26 13:00:00,ecl,aggregate_load,168,45,xgboost,47165.228850694526
2014-07-26 14:00:00,ecl,aggregate_load,168,45,xgboost,51661.827860831494
2014-07-26 15:00:00,ecl,aggregate_load,168,45,xgboost,52481.163353641874
2014-07-26 16:00:00,ecl,aggregate_load,168,45,xgboost,53980.1620454708
2014-07-26 17:00:00,ecl,aggregate_load,168,45,xgboost,76427.59660451137
2014-07-26 18:00:00,ecl,aggregate_load,168,45,xgboost,83179.86684394011
2014-07-26 19:00:00,ecl,aggregate_load,168,45,xgboost,78137.66828118682
2014-07-26 20:00:00,ecl,aggregate_load,168,45,xgboost,78634.14525677133
2014-07-26 21:00:00,ecl,aggregate_load,168,45,xgboost,74012.68586984518
2014-07-26 22:00:00,ecl,aggregate_load,168,45,xgboost,74705.57552364611
2014-07-26 23:00:00,ecl,aggregate_load,168,45,xgboost,75687.59322501911
2014-07-27 00:00:00,ecl,aggregate_load,168,45,xgboost,68997.09370721623
2014-07-27 01:00:00,ecl,aggregate_load,168,45,xgboost,65930.42805469142
2014-07-27 02:00:00,ecl,aggregate_load,168,45,xgboost,66279.19705729563
2014-07-27 03:00:00,ecl,aggregate_load,168,45,xgboost,67062.83507149165
2014-07-27 04:00:00,ecl,aggregate_load,168,45,xgboost,77509.8710784186
2014-07-27 05:00:00,ecl,aggregate_load,168,45,xgboost,67076.58567607681
2014-07-27 06:00:00,ecl,aggregate_load,168,45,xgboost,71790.20032549805
2014-07-27 07:00:00,ecl,aggregate_load,168,45,xgboost,78385.04154799308
2014-07-27 08:00:00,ecl,aggregate_load,168,45,xgboost,72875.82904402728
2014-07-27 09:00:00,ecl,aggregate_load,168,45,xgboost,67851.93313027458
2014-07-27 10:00:00,ecl,aggregate_load,168,45,xgboost,73585.28455495431
2014-07-27 11:00:00,ecl,aggregate_load,168,45,xgboost,72149.89987188904
2014-07-27 12:00:00,ecl,aggregate_load,168,45,xgboost,69976.63414706221
2014-07-27 13:00:00,ecl,aggregate_load,168,45,xgboost,77333.88067111035
2014-07-27 14:00:00,ecl,aggregate_load,168,45,xgboost,72875.9478038782
2014-07-27 15:00:00,ecl,aggregate_load,168,45,xgboost,72071.73794749737
2014-07-27 16:00:00,ecl,aggregate_load,168,45,xgboost,75037.48417035416
2014-07-27 17:00:00,ecl,aggregate_load,168,45,xgboost,70824.71189588303
2014-07-27 18:00:00,ecl,aggregate_load,168,45,xgboost,69065.67253891025
2014-07-27 19:00:00,ecl,aggregate_load,168,45,xgboost,73294.30230694765
2014-07-27 20:00:00,ecl,aggregate_load,168,45,xgboost,67709.75398421906
2014-07-27 21:00:00,ecl,aggregate_load,168,45,xgboost,63696.133545844794
2014-07-27 22:00:00,ecl,aggregate_load,168,45,xgboost,67928.11754984438
2014-07-27 23:00:00,ecl,aggregate_load,168,45,xgboost,62754.98538722212
2014-07-28 00:00:00,ecl,aggregate_load,168,45,xgboost,61419.18708153243
2014-07-28 01:00:00,ecl,aggregate_load,168,45,xgboost,54882.034363631916
2014-07-28 02:00:00,ecl,aggregate_load,168,45,xgboost,55791.06596802614
2014-07-28 03:00:00,ecl,aggregate_load,168,45,xgboost,58695.3474942857
2014-07-28 04:00:00,ecl,aggregate_load,168,45,xgboost,63978.94945222032
2014-07-28 05:00:00,ecl,aggregate_load,168,45,xgboost,58978.16048771833
2014-07-28 06:00:00,ecl,aggregate_load,168,45,xgboost,61811.88764796076
2014-07-28 07:00:00,ecl,aggregate_load,168,45,xgboost,64524.848316350064
2014-07-28 08:00:00,ecl,aggregate_load,168,45,xgboost,59560.97186359583
2014-07-28 09:00:00,ecl,aggregate_load,168,45,xgboost,60797.553834306345
2014-07-28 10:00:00,ecl,aggregate_load,168,45,xgboost,63603.770042823606
2014-07-28 11:00:00,ecl,aggregate_load,168,45,xgboost,65207.91934908562
2014-07-28 12:00:00,ecl,aggregate_load,168,45,xgboost,67233.93036248737
2014-07-28 13:00:00,ecl,aggregate_load,168,45,xgboost,64909.73991793955
2014-07-28 14:00:00,ecl,aggregate_load,168,45,xgboost,60605.33443814565
2014-07-28 15:00:00,ecl,aggregate_load,168,45,xgboost,66370.24947863065
2014-07-28 16:00:00,ecl,aggregate_load,168,45,xgboost,64892.53647816437
2014-07-28 17:00:00,ecl,aggregate_load,168,45,xgboost,63742.52500700762
2014-07-28 18:00:00,ecl,aggregate_load,168,45,xgboost,68210.54778750587
2014-07-28 19:00:00,ecl,aggregate_load,168,45,xgboost,66638.16768716855
2014-07-28 20:00:00,ecl,aggregate_load,168,45,xgboost,71459.65175797723
2014-07-28 21:00:00,ecl,aggregate_load,168,45,xgboost,71132.2607480859
2014-07-28 22:00:00,ecl,aggregate_load,168,45,xgboost,80623.7430872265
2014-07-28 23:00:00,ecl,aggregate_load,168,45,xgboost,69291.54574331203
2014-07-29 00:00:00,ecl,aggregate_load,168,45,xgboost,63504.82748142577
2014-07-29 01:00:00,ecl,aggregate_load,168,45,xgboost,65504.1715839709
2014-07-29 02:00:00,ecl,aggregate_load,168,45,xgboost,63743.467466751004
2014-07-29 03:00:00,ecl,aggregate_load,168,45,xgboost,65940.3718970169
2014-07-29 04:00:00,ecl,aggregate_load,168,45,xgboost,65702.07524387504
2014-07-29 05:00:00,ecl,aggregate_load,168,45,xgboost,67076.96471607224
2014-07-29 06:00:00,ecl,aggregate_load,168,45,xgboost,65738.84618786274
2014-07-29 07:00:00,ecl,aggregate_load,168,45,xgboost,67406.51592486611
2014-07-29 08:00:00,ecl,aggregate_load,168,45,xgboost,64736.62620495398
2014-07-29 09:00:00,ecl,aggregate_load,168,45,xgboost,65041.922594373034
2014-07-29 10:00:00,ecl,aggregate_load,168,45,xgboost,64589.09121308052
2014-07-29 11:00:00,ecl,aggregate_load,168,45,xgboost,67244.67679007867
2014-07-29 12:00:00,ecl,aggregate_load,168,45,xgboost,64532.96393927507
2014-07-29 13:00:00,ecl,aggregate_load,168,45,xgboost,61623.79541341183
2014-07-29 14:00:00,ecl,aggregate_load,168,45,xgboost,59662.409035431396
2014-07-29 15:00:00,ecl,aggregate_load,168,45,xgboost,60526.969900791955
2014-07-29 16:00:00,ecl,aggregate_load,168,45,xgboost,68220.41548940426
2014-07-29 17:00:00,ecl,aggregate_load,168,45,xgboost,65577.92014656456
2014-07-29 18:00:00,ecl,aggregate_load,168,45,xgboost,61636.960582163054
2014-07-29 19:00:00,ecl,aggregate_load,168,45,xgboost,63165.72782630463
2014-07-29 20:00:00,ecl,aggregate_load,168,45,xgboost,68446.65844824917
2014-07-29 21:00:00,ecl,aggregate_load,168,45,xgboost,64010.80459368195
2014-07-29 22:00:00,ecl,aggregate_load,168,45,xgboost,71835.56688379381
2014-07-29 23:00:00,ecl,aggregate_load,168,45,xgboost,73259.4868180566
2014-07-30 00:00:00,ecl,aggregate_load,168,45,xgboost,58220.593473180816
2014-07-30 01:00:00,ecl,aggregate_load,168,45,xgboost,60572.055241402435
2014-07-30 02:00:00,ecl,aggregate_load,168,45,xgboost,58787.928084884305
2014-07-30 03:00:00,ecl,aggregate_load,168,45,xgboost,60195.89739431233
2014-07-30 04:00:00,ecl,aggregate_load,168,45,xgboost,61027.30843931217
2014-07-30 05:00:00,ecl,aggregate_load,168,45,xgboost,62780.64988372617
2014-07-30 06:00:00,ecl,aggregate_load,168,45,xgboost,57993.88438300101
2014-07-30 07:00:00,ecl,aggregate_load,168,45,xgboost,62160.72418553298
2014-07-30 08:00:00,ecl,aggregate_load,168,45,xgboost,60489.60557715808
2014-07-30 09:00:00,ecl,aggregate_load,168,45,xgboost,56790.741270356826
2014-07-30 10:00:00,ecl,aggregate_load,168,45,xgboost,60247.8597443649
2014-07-30 11:00:00,ecl,aggregate_load,168,45,xgboost,51651.820127229716
2014-07-30 12:00:00,ecl,aggregate_load,168,45,xgboost,54599.41344341428
2014-07-30 13:00:00,ecl,aggregate_load,168,45,xgboost,58653.70260909757
2014-07-30 14:00:00,ecl,aggregate_load,168,45,xgboost,53382.83297882981
2014-07-30 15:00:00,ecl,aggregate_load,168,45,xgboost,46517.132989035425
2014-07-30 16:00:00,ecl,aggregate_load,168,45,xgboost,46072.45936264866
2014-07-30 17:00:00,ecl,aggregate_load,168,45,xgboost,43591.895705841016
2014-07-30 18:00:00,ecl,aggregate_load,168,45,xgboost,58206.20509083691
2014-07-30 19:00:00,ecl,aggregate_load,168,45,xgboost,53706.89211505667
2014-07-30 20:00:00,ecl,aggregate_load,168,45,xgboost,53499.19348005333
2014-07-30 21:00:00,ecl,aggregate_load,168,45,xgboost,54606.85594856161
2014-07-30 22:00:00,ecl,aggregate_load,168,45,xgboost,62588.333055935334
2014-07-30 23:00:00,ecl,aggregate_load,168,45,xgboost,63591.102512700796
2014-07-31 00:00:00,ecl,aggregate_load,168,45,xgboost,59770.44520212393
2014-07-31 01:00:00,ecl,aggregate_load,168,45,xgboost,57615.02799902257
2014-07-31 02:00:00,ecl,aggregate_load,168,45,xgboost,56450.26340643241
2014-07-31 03:00:00,ecl,aggregate_load,168,45,xgboost,57562.34230366063
2014-07-31 04:00:00,ecl,aggregate_load,168,45,xgboost,58838.555242030205
2014-07-31 05:00:00,ecl,aggregate_load,168,45,xgboost,60360.48279532767
2014-07-31 06:00:00,ecl,aggregate_load,168,45,xgboost,59040.712017501195
2014-07-31 07:00:00,ecl,aggregate_load,168,45,xgboost,60876.88744243434
2014-07-31 08:00:00,ecl,aggregate_load,168,45,xgboost,59117.95889497654
2014-07-31 09:00:00,ecl,aggregate_load,168,45,xgboost,60540.74386710392
2014-07-31 10:00:00,ecl,aggregate_load,168,45,xgboost,57767.28350344788
2014-07-31 11:00:00,ecl,aggregate_load,168,45,xgboost,54900.07517920066
2014-07-31 12:00:00,ecl,aggregate_load,168,45,xgboost,52361.150687340734
2014-07-31 13:00:00,ecl,aggregate_load,168,45,xgboost,48275.63745596316
2014-07-31 14:00:00,ecl,aggregate_load,168,45,xgboost,48292.5319519173
2014-07-31 15:00:00,ecl,aggregate_load,168,45,xgboost,51904.76129046335
2014-07-31 16:00:00,ecl,aggregate_load,168,45,xgboost,52077.62307650401
2014-07-31 17:00:00,ecl,aggregate_load,168,45,xgboost,51466.93024408986
2014-07-31 18:00:00,ecl,aggregate_load,168,45,xgboost,44800.75924661724
2014-07-31 19:00:00,ecl,aggregate_load,168,45,xgboost,44728.10993427414
2014-07-31 20:00:00,ecl,aggregate_load,168,45,xgboost,42050.72369245281
2014-07-31 21:00:00,ecl,aggregate_load,168,45,xgboost,40986.64262866741
2014-07-31 22:00:00,ecl,aggregate_load,168,45,xgboost,49756.79932113197
2014-07-31 23:00:00,ecl,aggregate_load,168,45,xgboost,46943.482972514365
2014-08-01 00:00:00,ecl,aggregate_load,168,45,xgboost,37607.444845560814
2014-08-01 01:00:00,ecl,aggregate_load,168,45,xgboost,37271.31259875359
2014-08-01 02:00:00,ecl,aggregate_load,168,45,xgboost,38205.36846100109
2014-08-01 03:00:00,ecl,aggregate_load,168,45,xgboost,39000.85474691676
2014-08-01 04:00:00,ecl,aggregate_load,168,45,xgboost,39577.47864716129
2014-08-01 05:00:00,ecl,aggregate_load,168,45,xgboost,39884.06974037909
2014-08-01 06:00:00,ecl,aggregate_load,168,45,xgboost,39552.850241536566
2014-08-01 07:00:00,ecl,aggregate_load,168,45,xgboost,38952.386603106446
2014-08-01 08:00:00,ecl,aggregate_load,168,45,xgboost,40358.087555744896
2014-08-01 09:00:00,ecl,aggregate_load,168,45,xgboost,37124.76070313405
2014-08-01 10:00:00,ecl,aggregate_load,168,45,xgboost,41130.76983234277
2014-08-01 11:00:00,ecl,aggregate_load,168,45,xgboost,34046.48196419532
2014-08-01 12:00:00,ecl,aggregate_load,168,45,xgboost,33651.88873924116
2014-08-01 13:00:00,ecl,aggregate_load,168,45,xgboost,40702.30812775174
2014-08-01 14:00:00,ecl,aggregate_load,168,45,xgboost,37165.98809430974
2014-08-01 15:00:00,ecl,aggregate_load,168,45,xgboost,38571.963278473675
2014-08-01 16:00:00,ecl,aggregate_load,168,45,xgboost,39063.93728058223
2014-08-01 17:00:00,ecl,aggregate_load,168,45,xgboost,42937.102722973534
2014-08-01 18:00:00,ecl,aggregate_load,168,45,xgboost,36524.49602437568
2014-08-01 19:00:00,ecl,aggregate_load,168,45,xgboost,42786.13940177849
2014-08-01 20:00:00,ecl,aggregate_load,168,45,xgboost,34888.57631998482
2014-08-01 21:00:00,ecl,aggregate_load,168,45,xgboost,33168.21224222296
2014-08-01 22:00:00,ecl,aggregate_load,168,45,xgboost,34271.76353469268
2014-08-01 23:00:00,ecl,aggregate_load,168,45,xgboost,36292.65317361584
2014-08-02 00:00:00,ecl,aggregate_load,168,45,xgboost,32260.594531459785
2014-08-02 01:00:00,ecl,aggregate_load,168,45,xgboost,35601.668730005986
2014-08-02 02:00:00,ecl,aggregate_load,168,45,xgboost,36650.37977217943
2014-08-02 03:00:00,ecl,aggregate_load,168,45,xgboost,35240.77528184579
2014-08-02 04:00:00,ecl,aggregate_load,168,45,xgboost,34584.70341312306
2014-08-02 05:00:00,ecl,aggregate_load,168,45,xgboost,35509.88289315571
2014-08-02 06:00:00,ecl,aggregate_load,168,45,xgboost,33686.40252152817
2014-08-02 07:00:00,ecl,aggregate_load,168,45,xgboost,34891.43827975434
2014-08-02 08:00:00,ecl,aggregate_load,168,45,xgboost,33431.01861879079
2014-08-02 09:00:00,ecl,aggregate_load,168,45,xgboost,33680.12307852699
2014-08-02 10:00:00,ecl,aggregate_load,168,45,xgboost,34322.43273607938
2014-08-02 11:00:00,ecl,aggregate_load,168,45,xgboost,34983.180856517894
2014-08-02 12:00:00,ecl,aggregate_load,168,45,xgboost,33498.912294621776
2014-08-02 13:00:00,ecl,aggregate_load,168,45,xgboost,36298.66307276213
2014-08-02 14:00:00,ecl,aggregate_load,168,45,xgboost,31048.367270547165
2014-08-02 15:00:00,ecl,aggregate_load,168,45,xgboost,28633.53909878403
2014-08-02 16:00:00,ecl,aggregate_load,168,45,xgboost,29191.44356220893
2014-08-02 17:00:00,ecl,aggregate_load,168,45,xgboost,31689.285498499015
2014-08-02 18:00:00,ecl,aggregate_load,168,45,xgboost,32923.25417267605
2014-08-02 19:00:00,ecl,aggregate_load,168,45,xgboost,37284.1533426118
2014-08-02 20:00:00,ecl,aggregate_load,168,45,xgboost,35004.07744011824
2014-08-02 21:00:00,ecl,aggregate_load,168,45,xgboost,35812.696056900815
2014-08-02 22:00:00,ecl,aggregate_load,168,45,xgboost,32873.69403441363
2014-08-02 23:00:00,ecl,aggregate_load,168,45,xgboost,33333.47780738464
2014-08-03 00:00:00,ecl,aggregate_load,168,45,xgboost,35192.88574880319
2014-08-03 01:00:00,ecl,aggregate_load,168,45,xgboost,40940.76523789163
2014-08-03 02:00:00,ecl,aggregate_load,168,45,xgboost,34256.25785575051
2014-08-03 03:00:00,ecl,aggregate_load,168,45,xgboost,35171.628499754624
2014-08-03 04:00:00,ecl,aggregate_load,168,45,xgboost,34771.46840171177
2014-08-03 05:00:00,ecl,aggregate_load,168,45,xgboost,35278.72204359695
2014-08-03 06:00:00,ecl,aggregate_load,168,45,xgboost,32277.213392532303
2014-08-03 07:00:00,ecl,aggregate_load,168,45,xgboost,32622.580546453522
2014-08-03 08:00:00,ecl,aggregate_load,168,45,xgboost,30843.409511462734
2014-08-03 09:00:00,ecl,aggregate_load,168,45,xgboost,30022.512833303383
2014-08-03 10:00:00,ecl,aggregate_load,168,45,xgboost,48070.96267407121
2014-08-03 11:00:00,ecl,aggregate_load,168,45,xgboost,42146.291216844795
2014-08-03 12:00:00,ecl,aggregate_load,168,45,xgboost,41572.64609180289
2014-08-03 13:00:00,ecl,aggregate_load,168,45,xgboost,43393.62693126339
2014-08-03 14:00:00,ecl,aggregate_load,168,45,xgboost,49656.84740967763
2014-08-03 15:00:00,ecl,aggregate_load,168,45,xgboost,43608.973718679954
2014-08-03 16:00:00,ecl,aggregate_load,168,45,xgboost,41070.49111814816
2014-08-03 17:00:00,ecl,aggregate_load,168,45,xgboost,39926.567367721334
2014-08-03 18:00:00,ecl,aggregate_load,168,45,xgboost,42171.95923439174
2014-08-03 19:00:00,ecl,aggregate_load,168,45,xgboost,45770.58026087115
2014-08-03 20:00:00,ecl,aggregate_load,168,45,xgboost,48965.81172370319
2014-08-03 21:00:00,ecl,aggregate_load,168,45,xgboost,56608.01563566403
2014-08-03 22:00:00,ecl,aggregate_load,168,45,xgboost,50612.57717473848
2014-08-03 23:00:00,ecl,aggregate_load,168,45,xgboost,58420.19728906465
2014-08-04 00:00:00,ecl,aggregate_load,168,45,xgboost,59562.177363070725
2014-08-04 01:00:00,ecl,aggregate_load,168,45,xgboost,64683.24525678641
2014-08-04 02:00:00,ecl,aggregate_load,168,45,xgboost,67404.73935796789
2014-08-04 03:00:00,ecl,aggregate_load,168,45,xgboost,67066.02645683852
2014-08-04 04:00:00,ecl,aggregate_load,168,45,xgboost,60890.49605845594
2014-08-04 05:00:00,ecl,aggregate_load,168,45,xgboost,60729.98640824274
2014-08-04 06:00:00,ecl,aggregate_load,168,45,xgboost,60763.29148107371
2014-08-04 07:00:00,ecl,aggregate_load,168,45,xgboost,63670.925611315564
2014-08-04 08:00:00,ecl,aggregate_load,168,45,xgboost,60397.53148107446
2014-08-04 09:00:00,ecl,aggregate_load,168,45,xgboost,54780.048252390196
2014-08-04 10:00:00,ecl,aggregate_load,168,45,xgboost,54580.93150410464
2014-08-04 11:00:00,ecl,aggregate_load,168,45,xgboost,59977.74866421489
2014-08-04 12:00:00,ecl,aggregate_load,168,45,xgboost,62270.675873920765
2014-08-04 13:00:00,ecl,aggregate_load,168,45,xgboost,59589.53772855484
2014-08-04 14:00:00,ecl,aggregate_load,168,45,xgboost,62873.3865578354
2014-08-04 15:00:00,ecl,aggregate_load,168,45,xgboost,51198.35010497926
2014-08-04 16:00:00,ecl,aggregate_load,168,45,xgboost,49660.10058306939
2014-08-04 17:00:00,ecl,aggregate_load,168,45,xgboost,44366.36207457764
2014-08-04 18:00:00,ecl,aggregate_load,168,45,xgboost,52471.591300188644
2014-08-04 19:00:00,ecl,aggregate_load,168,45,xgboost,50792.368733643576
2014-08-04 20:00:00,ecl,aggregate_load,168,45,xgboost,63882.76938744568
2014-08-04 21:00:00,ecl,aggregate_load,168,45,xgboost,63046.64006983154
2014-08-04 22:00:00,ecl,aggregate_load,168,45,xgboost,61077.20779644515
2014-08-04 23:00:00,ecl,aggregate_load,168,45,xgboost,65537.6572993921
2014-08-05 00:00:00,ecl,aggregate_load,168,45,xgboost,73847.12034773089
2014-08-05 01:00:00,ecl,aggregate_load,168,45,xgboost,72656.35485270107
2014-08-05 02:00:00,ecl,aggregate_load,168,45,xgboost,69948.56744163255
2014-08-05 03:00:00,ecl,aggregate_load,168,45,xgboost,71640.75554562669
2014-08-05 04:00:00,ecl,aggregate_load,168,45,xgboost,67423.08234762443
2014-08-05 05:00:00,ecl,aggregate_load,168,45,xgboost,69128.66794548146
2014-08-05 06:00:00,ecl,aggregate_load,168,45,xgboost,70547.52632794532
2014-08-05 07:00:00,ecl,aggregate_load,168,45,xgboost,72757.10516225311
2014-08-05 08:00:00,ecl,aggregate_load,168,45,xgboost,67575.62487394591
2014-08-05 09:00:00,ecl,aggregate_load,168,45,xgboost,66520.52113816595
2014-08-05 10:00:00,ecl,aggregate_load,168,45,xgboost,69547.88575275199
2014-08-05 11:00:00,ecl,aggregate_load,168,45,xgboost,63241.588412610734
2014-08-05 12:00:00,ecl,aggregate_load,168,45,xgboost,56535.79689837239
2014-08-05 13:00:00,ecl,aggregate_load,168,45,xgboost,46818.199313591365
2014-08-05 14:00:00,ecl,aggregate_load,168,45,xgboost,43173.22635314631
2014-08-05 15:00:00,ecl,aggregate_load,168,45,xgboost,37862.79655729587
2014-08-05 16:00:00,ecl,aggregate_load,168,45,xgboost,36084.00263015274
2014-08-05 17:00:00,ecl,aggregate_load,168,45,xgboost,34992.105860980904
2014-08-05 18:00:00,ecl,aggregate_load,168,45,xgboost,35205.969507079855
2014-08-05 19:00:00,ecl,aggregate_load,168,45,xgboost,40884.95061625816
2014-08-05 20:00:00,ecl,aggregate_load,168,45,xgboost,46690.94098533681
2014-08-05 21:00:00,ecl,aggregate_load,168,45,xgboost,48602.61738721251
2014-08-05 22:00:00,ecl,aggregate_load,168,45,xgboost,49370.979928995956
2014-08-05 23:00:00,ecl,aggregate_load,168,45,xgboost,49950.11885736317
2014-08-06 00:00:00,ecl,aggregate_load,168,45,xgboost,65741.46846684649
2014-08-06 01:00:00,ecl,aggregate_load,168,45,xgboost,69300.961640066
2014-08-06 02:00:00,ecl,aggregate_load,168,45,xgboost,67575.98992554445
2014-08-06 03:00:00,ecl,aggregate_load,168,45,xgboost,67630.49901638537
2014-08-06 04:00:00,ecl,aggregate_load,168,45,xgboost,66402.82583189751
2014-08-06 05:00:00,ecl,aggregate_load,168,45,xgboost,63831.49952353872
2014-08-06 06:00:00,ecl,aggregate_load,168,45,xgboost,64089.3363484962
2014-08-06 07:00:00,ecl,aggregate_load,168,45,xgboost,63640.382791736294
2014-08-06 08:00:00,ecl,aggregate_load,168,45,xgboost,66526.30915060772
2014-08-06 09:00:00,ecl,aggregate_load,168,45,xgboost,68067.1928711887
2014-08-06 10:00:00,ecl,aggregate_load,168,45,xgboost,75114.49901547348
2014-08-06 11:00:00,ecl,aggregate_load,168,45,xgboost,63135.409306411784
2014-08-06 12:00:00,ecl,aggregate_load,168,45,xgboost,62898.520252980954
2014-08-06 13:00:00,ecl,aggregate_load,168,45,xgboost,57800.88335646877
2014-08-06 14:00:00,ecl,aggregate_load,168,45,xgboost,50400.91438782786
2014-08-06 15:00:00,ecl,aggregate_load,168,45,xgboost,49365.16127282268
2014-08-06 16:00:00,ecl,aggregate_load,168,45,xgboost,45941.63734494903
2014-08-06 17:00:00,ecl,aggregate_load,168,45,xgboost,45994.374592669585
2014-08-06 18:00:00,ecl,aggregate_load,168,45,xgboost,53410.905648622596
2014-08-06 19:00:00,ecl,aggregate_load,168,45,xgboost,57841.57869044666
2014-08-06 20:00:00,ecl,aggregate_load,168,45,xgboost,61964.96510620016
2014-08-06 21:00:00,ecl,aggregate_load,168,45,xgboost,63336.52336365579
2014-08-06 22:00:00,ecl,aggregate_load,168,45,xgboost,63652.49858136176
2014-08-06 23:00:00,ecl,aggregate_load,168,45,xgboost,63966.18635834281
2014-08-07 00:00:00,ecl,aggregate_load,168,45,xgboost,61408.97132889268
2014-08-07 01:00:00,ecl,aggregate_load,168,45,xgboost,61464.67728684369
2014-08-07 02:00:00,ecl,aggregate_load,168,45,xgboost,61393.36696118921
2014-08-07 03:00:00,ecl,aggregate_load,168,45,xgboost,62969.62762325142
2014-08-07 04:00:00,ecl,aggregate_load,168,45,xgboost,60864.44593328866
2014-08-07 05:00:00,ecl,aggregate_load,168,45,xgboost,58575.66644246497
2014-08-07 06:00:00,ecl,aggregate_load,168,45,xgboost,59385.403096403905
2014-08-07 07:00:00,ecl,aggregate_load,168,45,xgboost,58352.71332861896
2014-08-07 08:00:00,ecl,aggregate_load,168,45,xgboost,59301.808674152606
2014-08-07 09:00:00,ecl,aggregate_load,168,45,xgboost,62688.393714099904
2014-08-07 10:00:00,ecl,aggregate_load,168,45,xgboost,63663.97533760912
2014-08-07 11:00:00,ecl,aggregate_load,168,45,xgboost,58153.094771014796
2014-08-07 12:00:00,ecl,aggregate_load,168,45,xgboost,64930.93753200873
2014-08-07 13:00:00,ecl,aggregate_load,168,45,xgboost,59068.047227798874
2014-08-07 14:00:00,ecl,aggregate_load,168,45,xgboost,55585.65932316151
2014-08-07 15:00:00,ecl,aggregate_load,168,45,xgboost,49384.20382837045
2014-08-07 16:00:00,ecl,aggregate_load,168,45,xgboost,51743.561784464444
2014-08-07 17:00:00,ecl,aggregate_load,168,45,xgboost,46866.20385203889
2014-08-07 18:00:00,ecl,aggregate_load,168,45,xgboost,47173.40774851114
2014-08-07 19:00:00,ecl,aggregate_load,168,45,xgboost,50594.089972037844
2014-08-07 20:00:00,ecl,aggregate_load,168,45,xgboost,50462.72523462969
2014-08-07 21:00:00,ecl,aggregate_load,168,45,xgboost,47307.79530572872
2014-08-07 22:00:00,ecl,aggregate_load,168,45,xgboost,47270.51352095356
2014-08-07 23:00:00,ecl,aggregate_load,168,45,xgboost,45005.10604038889
2014-08-08 00:00:00,ecl,aggregate_load,168,45,xgboost,49897.4250411481
2014-08-08 01:00:00,ecl,aggregate_load,168,45,xgboost,48124.090754593235
2014-08-08 02:00:00,ecl,aggregate_load,168,45,xgboost,50936.41707313353
2014-08-08 03:00:00,ecl,aggregate_load,168,45,xgboost,49522.596694385276
2014-08-08 04:00:00,ecl,aggregate_load,168,45,xgboost,48447.177370472265
2014-08-08 05:00:00,ecl,aggregate_load,168,45,xgboost,50906.63274802518
2014-08-08 06:00:00,ecl,aggregate_load,168,45,xgboost,51513.737838459565
2014-08-08 07:00:00,ecl,aggregate_load,168,45,xgboost,49668.19653884772
2014-08-08 08:00:00,ecl,aggregate_load,168,45,xgboost,49749.28763629712
2014-08-08 09:00:00,ecl,aggregate_load,168,45,xgboost,50894.7672271368
2014-08-08 10:00:00,ecl,aggregate_load,168,45,xgboost,49046.053896199715
2014-08-08 11:00:00,ecl,aggregate_load,168,45,xgboost,56320.942021468276
2014-08-08 12:00:00,ecl,aggregate_load,168,45,xgboost,56183.96001691553
2014-08-08 13:00:00,ecl,aggregate_load,168,45,xgboost,58743.99228555525
2014-08-08 14:00:00,ecl,aggregate_load,168,45,xgboost,55054.627205275756
2014-08-08 15:00:00,ecl,aggregate_load,168,45,xgboost,58968.055466678125
2014-08-08 16:00:00,ecl,aggregate_load,168,45,xgboost,64231.39798888735
2014-08-08 17:00:00,ecl,aggregate_load,168,45,xgboost,66734.55687518737
2014-08-08 18:00:00,ecl,aggregate_load,168,45,xgboost,67349.33590940229
2014-08-08 19:00:00,ecl,aggregate_load,168,45,xgboost,61587.436364820926
2014-08-08 20:00:00,ecl,aggregate_load,168,45,xgboost,60635.239646750255
2014-08-08 21:00:00,ecl,aggregate_load,168,45,xgboost,53926.17794584743
2014-08-08 22:00:00,ecl,aggregate_load,168,45,xgboost,50883.719373706015
2014-08-08 23:00:00,ecl,aggregate_load,168,45,xgboost,54168.90061297471
2014-08-09 00:00:00,ecl,aggregate_load,168,45,xgboost,52206.64898441122
2014-08-09 01:00:00,ecl,aggregate_load,168,45,xgboost,53620.363982830306
2014-08-09 02:00:00,ecl,aggregate_load,168,45,xgboost,57910.28396181435
2014-08-09 03:00:00,ecl,aggregate_load,168,45,xgboost,57978.34351388706
2014-08-09 04:00:00,ecl,aggregate_load,168,45,xgboost,59147.43293769631
2014-08-09 05:00:00,ecl,aggregate_load,168,45,xgboost,60077.7471844635
2014-08-09 06:00:00,ecl,aggregate_load,168,45,xgboost,58690.92884110956
2014-08-09 07:00:00,ecl,aggregate_load,168,45,xgboost,62893.789028211344
2014-08-09 08:00:00,ecl,aggregate_load,168,45,xgboost,62124.17195701815
2014-08-09 09:00:00,ecl,aggregate_load,168,45,xgboost,54972.93133017463
2014-08-09 10:00:00,ecl,aggregate_load,168,45,xgboost,60695.51802768383
2014-08-09 11:00:00,ecl,aggregate_load,168,45,xgboost,65302.565323167015
2014-08-09 12:00:00,ecl,aggregate_load,168,45,xgboost,69739.3364934915
2014-08-09 13:00:00,ecl,aggregate_load,168,45,xgboost,71306.63877303009
2014-08-09 14:00:00,ecl,aggregate_load,168,45,xgboost,65728.3722574016
2014-08-09 15:00:00,ecl,aggregate_load,168,45,xgboost,54372.00724834435
2014-08-09 16:00:00,ecl,aggregate_load,168,45,xgboost,57994.587097953096
2014-08-09 17:00:00,ecl,aggregate_load,168,45,xgboost,56722.09669222477
2014-08-09 18:00:00,ecl,aggregate_load,168,45,xgboost,60005.59479761312
2014-08-09 19:00:00,ecl,aggregate_load,168,45,xgboost,61524.863299152195
2014-08-09 20:00:00,ecl,aggregate_load,168,45,xgboost,53484.279428249836
2014-08-09 21:00:00,ecl,aggregate_load,168,45,xgboost,52854.69924338026
2014-08-09 22:00:00,ecl,aggregate_load,168,45,xgboost,49950.88075415212
2014-08-09 23:00:00,ecl,aggregate_load,168,45,xgboost,51084.47627467486
2014-08-10 00:00:00,ecl,aggregate_load,168,45,xgboost,48652.37945416823
2014-08-10 01:00:00,ecl,aggregate_load,168,45,xgboost,48620.36836838158
2014-08-10 02:00:00,ecl,aggregate_load,168,45,xgboost,56871.30413885548
2014-08-10 03:00:00,ecl,aggregate_load,168,45,xgboost,58340.18926006274
2014-08-10 04:00:00,ecl,aggregate_load,168,45,xgboost,60469.76950381995
2014-08-10 05:00:00,ecl,aggregate_load,168,45,xgboost,57140.970868385884
2014-08-10 06:00:00,ecl,aggregate_load,168,45,xgboost,59334.33857162889
2014-08-10 07:00:00,ecl,aggregate_load,168,45,xgboost,57360.8182548892
2014-08-10 08:00:00,ecl,aggregate_load,168,45,xgboost,52376.24018625693
2014-08-10 09:00:00,ecl,aggregate_load,168,45,xgboost,43626.0530588876
2014-08-10 10:00:00,ecl,aggregate_load,168,45,xgboost,46592.51682591565
2014-08-10 11:00:00,ecl,aggregate_load,168,45,xgboost,49149.96251859938
2014-08-10 12:00:00,ecl,aggregate_load,168,45,xgboost,50840.2957152058
2014-08-10 13:00:00,ecl,aggregate_load,168,45,xgboost,50490.12360166043
2014-08-10 14:00:00,ecl,aggregate_load,168,45,xgboost,47075.30167656773
2014-08-10 15:00:00,ecl,aggregate_load,168,45,xgboost,48420.10281913584
2014-08-10 16:00:00,ecl,aggregate_load,168,45,xgboost,50620.016984847854
2014-08-10 17:00:00,ecl,aggregate_load,168,45,xgboost,50311.031245503844
2014-08-10 18:00:00,ecl,aggregate_load,168,45,xgboost,44415.492941705204
2014-08-10 19:00:00,ecl,aggregate_load,168,45,xgboost,41835.064500332366
2014-08-10 20:00:00,ecl,aggregate_load,168,45,xgboost,39540.446867314415
2014-08-10 21:00:00,ecl,aggregate_load,168,45,xgboost,38700.05844170435
2014-08-10 22:00:00,ecl,aggregate_load,168,45,xgboost,35912.52066757706
2014-08-10 23:00:00,ecl,aggregate_load,168,45,xgboost,37179.77618493076
2014-08-11 00:00:00,ecl,aggregate_load,168,45,xgboost,41209.76195343845
2014-08-11 01:00:00,ecl,aggregate_load,168,45,xgboost,41314.58624780756
2014-08-11 02:00:00,ecl,aggregate_load,168,45,xgboost,43174.02368483742
2014-08-11 03:00:00,ecl,aggregate_load,168,45,xgboost,47090.94469545808
2014-08-11 04:00:00,ecl,aggregate_load,168,45,xgboost,45760.989844718286
2014-08-11 05:00:00,ecl,aggregate_load,168,45,xgboost,48117.237785412595
2014-08-11 06:00:00,ecl,aggregate_load,168,45,xgboost,46979.697139594624
2014-08-11 07:00:00,ecl,aggregate_load,168,45,xgboost,54111.11874332211
2014-08-11 08:00:00,ecl,aggregate_load,168,45,xgboost,46822.3732549462
2014-08-11 09:00:00,ecl,aggregate_load,168,45,xgboost,42433.76757985844
2014-08-11 10:00:00,ecl,aggregate_load,168,45,xgboost,44943.14965845613
2014-08-11 11:00:00,ecl,aggregate_load,168,45,xgboost,44946.55626101572
2014-08-11 12:00:00,ecl,aggregate_load,168,45,xgboost,45273.41173014122
2014-08-11 13:00:00,ecl,aggregate_load,168,45,xgboost,47438.34419550033
2014-08-11 14:00:00,ecl,aggregate_load,168,45,xgboost,48879.787672268656
2014-08-11 15:00:00,ecl,aggregate_load,168,45,xgboost,46839.30366730105
2014-08-11 16:00:00,ecl,aggregate_load,168,45,xgboost,49158.372457788115
2014-08-11 17:00:00,ecl,aggregate_load,168,45,xgboost,53054.641653050516
2014-08-11 18:00:00,ecl,aggregate_load,168,45,xgboost,51469.40132987467
2014-08-11 19:00:00,ecl,aggregate_load,168,45,xgboost,47975.53167267126
2014-08-11 20:00:00,ecl,aggregate_load,168,45,xgboost,44838.33349699935
2014-08-11 21:00:00,ecl,aggregate_load,168,45,xgboost,35435.237729029155
2014-08-11 22:00:00,ecl,aggregate_load,168,45,xgboost,40193.623900289494
2014-08-11 23:00:00,ecl,aggregate_load,168,45,xgboost,43229.24731569867
2014-08-12 00:00:00,ecl,aggregate_load,168,45,xgboost,32640.50326224187
2014-08-12 01:00:00,ecl,aggregate_load,168,45,xgboost,34914.4024264264
2014-08-12 02:00:00,ecl,aggregate_load,168,45,xgboost,38339.26088270622
2014-08-12 03:00:00,ecl,aggregate_load,168,45,xgboost,41398.47578347721
2014-08-12 04:00:00,ecl,aggregate_load,168,45,xgboost,41445.96035844102
2014-08-12 05:00:00,ecl,aggregate_load,168,45,xgboost,42360.522108117984
2014-08-12 06:00:00,ecl,aggregate_load,168,45,xgboost,37910.57546663974
2014-08-12 07:00:00,ecl,aggregate_load,168,45,xgboost,42226.21563640706
2014-08-12 08:00:00,ecl,aggregate_load,168,45,xgboost,41520.42836935317
2014-08-12 09:00:00,ecl,aggregate_load,168,45,xgboost,42292.74519421845
2014-08-12 10:00:00,ecl,aggregate_load,168,45,xgboost,43471.049047168686
2014-08-12 11:00:00,ecl,aggregate_load,168,45,xgboost,38979.52849600055
2014-08-12 12:00:00,ecl,aggregate_load,168,45,xgboost,43210.5155631617
2014-08-12 13:00:00,ecl,aggregate_load,168,45,xgboost,43937.94137609375
2014-08-12 14:00:00,ecl,aggregate_load,168,45,xgboost,48827.63724292871
2014-08-12 15:00:00,ecl,aggregate_load,168,45,xgboost,48415.25971050559
2014-08-12 16:00:00,ecl,aggregate_load,168,45,xgboost,53688.28615290117
2014-08-12 17:00:00,ecl,aggregate_load,168,45,xgboost,60904.964800097645
2014-08-12 18:00:00,ecl,aggregate_load,168,45,xgboost,53392.86944976815
2014-08-12 19:00:00,ecl,aggregate_load,168,45,xgboost,51370.06517669797
2014-08-12 20:00:00,ecl,aggregate_load,168,45,xgboost,50699.29395381057
2014-08-12 21:00:00,ecl,aggregate_load,168,45,xgboost,43692.964309260846
2014-08-12 22:00:00,ecl,aggregate_load,168,45,xgboost,48535.628198006496
2014-08-12 23:00:00,ecl,aggregate_load,168,45,xgboost,48170.20435910224
2014-08-13 00:00:00,ecl,aggregate_load,168,45,xgboost,41260.97566942523
2014-08-13 01:00:00,ecl,aggregate_load,168,45,xgboost,40317.424163950054
2014-08-13 02:00:00,ecl,aggregate_load,168,45,xgboost,44252.532983240504
2014-08-13 03:00:00,ecl,aggregate_load,168,45,xgboost,46831.42544613437
2014-08-13 04:00:00,ecl,aggregate_load,168,45,xgboost,47220.82066603018
2014-08-13 05:00:00,ecl,aggregate_load,168,45,xgboost,47579.37155441429
2014-08-13 06:00:00,ecl,aggregate_load,168,45,xgboost,47602.73375981805
2014-08-13 07:00:00,ecl,aggregate_load,168,45,xgboost,49676.226173350005
2014-08-13 08:00:00,ecl,aggregate_load,168,45,xgboost,47074.8483663005
2014-08-13 09:00:00,ecl,aggregate_load,168,45,xgboost,48358.30646500994
2014-08-13 10:00:00,ecl,aggregate_load,168,45,xgboost,48376.056977043496
2014-08-13 11:00:00,ecl,aggregate_load,168,45,xgboost,47187.11788870291
2014-08-13 12:00:00,ecl,aggregate_load,168,45,xgboost,47111.74351853503
2014-08-13 13:00:00,ecl,aggregate_load,168,45,xgboost,44134.437350685155
2014-08-13 14:00:00,ecl,aggregate_load,168,45,xgboost,42938.63510851214
2014-08-13 15:00:00,ecl,aggregate_load,168,45,xgboost,42149.24461506185
2014-08-13 16:00:00,ecl,aggregate_load,168,45,xgboost,43743.20250224302
2014-08-13 17:00:00,ecl,aggregate_load,168,45,xgboost,44207.02774147586
2014-08-13 18:00:00,ecl,aggregate_load,168,45,xgboost,44307.47035830101
2014-08-13 19:00:00,ecl,aggregate_load,168,45,xgboost,45522.6648458616
2014-08-13 20:00:00,ecl,aggregate_load,168,45,xgboost,46213.421196713076
2014-08-13 21:00:00,ecl,aggregate_load,168,45,xgboost,43984.786747673985
2014-08-13 22:00:00,ecl,aggregate_load,168,45,xgboost,46887.614265353375
2014-08-13 23:00:00,ecl,aggregate_load,168,45,xgboost,48267.29062273972
2014-08-14 00:00:00,ecl,aggregate_load,168,45,xgboost,41693.214206312194
2014-08-14 01:00:00,ecl,aggregate_load,168,45,xgboost,41660.62323388547
2014-08-14 02:00:00,ecl,aggregate_load,168,45,xgboost,43181.43533171194
2014-08-14 03:00:00,ecl,aggregate_load,168,45,xgboost,46454.01273341585
2014-08-14 04:00:00,ecl,aggregate_load,168,45,xgboost,48333.825525205524
2014-08-14 05:00:00,ecl,aggregate_load,168,45,xgboost,48540.39311102476
2014-08-14 06:00:00,ecl,aggregate_load,168,45,xgboost,45727.73086427018
2014-08-14 07:00:00,ecl,aggregate_load,168,45,xgboost,46197.42287313995
2014-08-14 08:00:00,ecl,aggregate_load,168,45,xgboost,44865.46046829268
2014-08-14 09:00:00,ecl,aggregate_load,168,45,xgboost,43809.58823212813
2014-08-14 10:00:00,ecl,aggregate_load,168,45,xgboost,44730.63820296967
2014-08-14 11:00:00,ecl,aggregate_load,168,45,xgboost,44208.00387843923
2014-08-14 12:00:00,ecl,aggregate_load,168,45,xgboost,40929.75354838426
2014-08-14 13:00:00,ecl,aggregate_load,168,45,xgboost,47329.24007690359
2014-08-14 14:00:00,ecl,aggregate_load,168,45,xgboost,42370.5207565233
2014-08-14 15:00:00,ecl,aggregate_load,168,45,xgboost,45984.13508672512
2014-08-14 16:00:00,ecl,aggregate_load,168,45,xgboost,47236.05379318233
2014-08-14 17:00:00,ecl,aggregate_load,168,45,xgboost,52062.02845969775
2014-08-14 18:00:00,ecl,aggregate_load,168,45,xgboost,47740.42978457683
2014-08-14 19:00:00,ecl,aggregate_load,168,45,xgboost,49329.15978370201
2014-08-14 20:00:00,ecl,aggregate_load,168,45,xgboost,52840.34050729249
2014-08-14 21:00:00,ecl,aggregate_load,168,45,xgboost,52061.439741329
2014-08-14 22:00:00,ecl,aggregate_load,168,45,xgboost,55523.07166003106
2014-08-14 23:00:00,ecl,aggregate_load,168,45,xgboost,53324.26592057363
2014-08-15 00:00:00,ecl,aggregate_load,168,45,xgboost,51251.35705830223
2014-08-15 01:00:00,ecl,aggregate_load,168,45,xgboost,50714.370409162075
2014-08-15 02:00:00,ecl,aggregate_load,168,45,xgboost,53094.1772821574
2014-08-15 03:00:00,ecl,aggregate_load,168,45,xgboost,53248.08823544758
2014-08-15 04:00:00,ecl,aggregate_load,168,45,xgboost,52758.55748142219
2014-08-15 05:00:00,ecl,aggregate_load,168,45,xgboost,52393.511740505055
2014-08-15 06:00:00,ecl,aggregate_load,168,45,xgboost,55888.78365147027
2014-08-15 07:00:00,ecl,aggregate_load,168,45,xgboost,62306.79418690166
2014-08-15 08:00:00,ecl,aggregate_load,168,45,xgboost,57592.885976677026
2014-08-15 09:00:00,ecl,aggregate_load,168,45,xgboost,56877.96606878446
2014-08-15 10:00:00,ecl,aggregate_load,168,45,xgboost,58108.35088241638
2014-08-15 11:00:00,ecl,aggregate_load,168,45,xgboost,54411.588127493684
2014-08-15 12:00:00,ecl,aggregate_load,168,45,xgboost,55046.48858804091
2014-08-15 13:00:00,ecl,aggregate_load,168,45,xgboost,55442.64535842113
2014-08-15 14:00:00,ecl,aggregate_load,168,45,xgboost,54877.52808897426
2014-08-15 15:00:00,ecl,aggregate_load,168,45,xgboost,51443.942626307
2014-08-15 16:00:00,ecl,aggregate_load,168,45,xgboost,51788.743596489185
2014-08-15 17:00:00,ecl,aggregate_load,168,45,xgboost,49419.83321492108
2014-08-15 18:00:00,ecl,aggregate_load,168,45,xgboost,57529.455865241136
2014-08-15 19:00:00,ecl,aggregate_load,168,45,xgboost,71990.43433139546
2014-08-15 20:00:00,ecl,aggregate_load,168,45,xgboost,57442.07584249243
2014-08-15 21:00:00,ecl,aggregate_load,168,45,xgboost,56726.55903546611
2014-08-15 22:00:00,ecl,aggregate_load,168,45,xgboost,56058.15881706121
2014-08-15 23:00:00,ecl,aggregate_load,168,45,xgboost,52239.65862693109
2014-08-16 00:00:00,ecl,aggregate_load,168,45,xgboost,45713.374030419945
2014-08-16 01:00:00,ecl,aggregate_load,168,45,xgboost,42068.24962831339
2014-08-16 02:00:00,ecl,aggregate_load,168,45,xgboost,44938.350579984566
2014-08-16 03:00:00,ecl,aggregate_load,168,45,xgboost,48621.495031688515
2014-08-16 04:00:00,ecl,aggregate_load,168,45,xgboost,49478.23815314359
2014-08-16 05:00:00,ecl,aggregate_load,168,45,xgboost,49748.00992103311
2014-08-16 06:00:00,ecl,aggregate_load,168,45,xgboost,51547.254083968124
2014-08-16 07:00:00,ecl,aggregate_load,168,45,xgboost,56470.65121632785
2014-08-16 08:00:00,ecl,aggregate_load,168,45,xgboost,51247.942943723494
2014-08-16 09:00:00,ecl,aggregate_load,168,45,xgboost,52919.68290199979
2014-08-16 10:00:00,ecl,aggregate_load,168,45,xgboost,54834.94796241629
2014-08-16 11:00:00,ecl,aggregate_load,168,45,xgboost,52852.05758290048
2014-08-16 12:00:00,ecl,aggregate_load,168,45,xgboost,53570.828777006805
2014-08-16 13:00:00,ecl,aggregate_load,168,45,xgboost,68165.52932413884
2014-08-16 14:00:00,ecl,aggregate_load,168,45,xgboost,67982.02813445686
2014-08-16 15:00:00,ecl,aggregate_load,168,45,xgboost,67700.53515911846
2014-08-16 16:00:00,ecl,aggregate_load,168,45,xgboost,68580.6996539647
2014-08-16 17:00:00,ecl,aggregate_load,168,45,xgboost,64839.89880401495
2014-08-16 18:00:00,ecl,aggregate_load,168,45,xgboost,77446.6002128346
2014-08-16 19:00:00,ecl,aggregate_load,168,45,xgboost,74383.27638907757
2014-08-16 20:00:00,ecl,aggregate_load,168,45,xgboost,79441.79558974958
2014-08-16 21:00:00,ecl,aggregate_load,168,45,xgboost,73798.07992159673
2014-08-16 22:00:00,ecl,aggregate_load,168,45,xgboost,73457.12025578681
2014-08-16 23:00:00,ecl,aggregate_load,168,45,xgboost,75731.84966435432
2014-08-17 00:00:00,ecl,aggregate_load,168,45,xgboost,70790.57962262748
2014-08-17 01:00:00,ecl,aggregate_load,168,45,xgboost,71364.66614911838
2014-08-17 02:00:00,ecl,aggregate_load,168,45,xgboost,75288.15443522373
2014-08-17 03:00:00,ecl,aggregate_load,168,45,xgboost,78038.89143772863
2014-08-17 04:00:00,ecl,aggregate_load,168,45,xgboost,81855.48159981612
2014-08-17 05:00:00,ecl,aggregate_load,168,45,xgboost,80604.4988093247
2014-08-17 06:00:00,ecl,aggregate_load,168,45,xgboost,78758.83903236676
2014-08-17 07:00:00,ecl,aggregate_load,168,45,xgboost,84648.10705268492
2014-08-17 08:00:00,ecl,aggregate_load,168,45,xgboost,78547.96063827293
2014-08-17 09:00:00,ecl,aggregate_load,168,45,xgboost,81819.33874340508
2014-08-17 10:00:00,ecl,aggregate_load,168,45,xgboost,82819.61171624865
2014-08-17 11:00:00,ecl,aggregate_load,168,45,xgboost,89243.70977782163
2014-08-17 12:00:00,ecl,aggregate_load,168,45,xgboost,86677.31874977189
2014-08-17 13:00:00,ecl,aggregate_load,168,45,xgboost,96239.87914959986
2014-08-17 14:00:00,ecl,aggregate_load,168,45,xgboost,91319.89586048336
2014-08-17 15:00:00,ecl,aggregate_load,168,45,xgboost,90456.99242393675
2014-08-17 16:00:00,ecl,aggregate_load,168,45,xgboost,97972.89401586785
2014-08-17 17:00:00,ecl,aggregate_load,168,45,xgboost,94188.06573222877
2014-08-17 18:00:00,ecl,aggregate_load,168,45,xgboost,93112.36011629942
2014-08-17 19:00:00,ecl,aggregate_load,168,45,xgboost,90387.4736172054
2014-08-17 20:00:00,ecl,aggregate_load,168,45,xgboost,90811.35089314388
2014-08-17 21:00:00,ecl,aggregate_load,168,45,xgboost,90882.51436352129
2014-08-17 22:00:00,ecl,aggregate_load,168,45,xgboost,97881.55210793584
2014-08-17 23:00:00,ecl,aggregate_load,168,45,xgboost,93508.12004092296
2014-08-18 00:00:00,ecl,aggregate_load,168,45,xgboost,95419.1287845845
2014-08-18 01:00:00,ecl,aggregate_load,168,45,xgboost,95013.15970351559
2014-08-18 02:00:00,ecl,aggregate_load,168,45,xgboost,100166.19760679643
2014-08-18 03:00:00,ecl,aggregate_load,168,45,xgboost,104855.30107495406
2014-08-18 04:00:00,ecl,aggregate_load,168,45,xgboost,108311.94659999239
2014-08-18 05:00:00,ecl,aggregate_load,168,45,xgboost,103988.5187983419
2014-08-18 06:00:00,ecl,aggregate_load,168,45,xgboost,106723.75534952228
2014-08-18 07:00:00,ecl,aggregate_load,168,45,xgboost,111844.84374370541
2014-08-18 08:00:00,ecl,aggregate_load,168,45,xgboost,108111.33674113156
2014-08-18 09:00:00,ecl,aggregate_load,168,45,xgboost,106286.20882681764
2014-08-18 10:00:00,ecl,aggregate_load,168,45,xgboost,103150.70620513291
2014-08-18 11:00:00,ecl,aggregate_load,168,45,xgboost,100386.1187574239
2014-08-18 12:00:00,ecl,aggregate_load,168,45,xgboost,105362.93792966951
2014-08-18 13:00:00,ecl,aggregate_load,168,45,xgboost,111501.97740216689
2014-08-18 14:00:00,ecl,aggregate_load,168,45,xgboost,110252.01738532895
2014-08-18 15:00:00,ecl,aggregate_load,168,45,xgboost,108677.20489454696
2014-08-18 16:00:00,ecl,aggregate_load,168,45,xgboost,109920.26710004642
2014-08-18 17:00:00,ecl,aggregate_load,168,45,xgboost,112490.3681532769
2014-08-18 18:00:00,ecl,aggregate_load,168,45,xgboost,113576.81134642873
2014-08-18 19:00:00,ecl,aggregate_load,168,45,xgboost,116426.11594735767
2014-08-18 20:00:00,ecl,aggregate_load,168,45,xgboost,100775.66073324865
2014-08-18 21:00:00,ecl,aggregate_load,168,45,xgboost,95143.75451029668
2014-08-18 22:00:00,ecl,aggregate_load,168,45,xgboost,95676.56196700908
2014-08-18 23:00:00,ecl,aggregate_load,168,45,xgboost,95587.83031513433
2014-08-19 00:00:00,ecl,aggregate_load,168,45,xgboost,90692.59224593712
2014-08-19 01:00:00,ecl,aggregate_load,168,45,xgboost,90252.4325084083
2014-08-19 02:00:00,ecl,aggregate_load,168,45,xgboost,98167.92233077498
2014-08-19 03:00:00,ecl,aggregate_load,168,45,xgboost,100574.9105520791
2014-08-19 04:00:00,ecl,aggregate_load,168,45,xgboost,100399.74510554911
2014-08-19 05:00:00,ecl,aggregate_load,168,45,xgboost,100345.71526810664
2014-08-19 06:00:00,ecl,aggregate_load,168,45,xgboost,99383.17514201227
2014-08-19 07:00:00,ecl,aggregate_load,168,45,xgboost,101803.2167186351
2014-08-19 08:00:00,ecl,aggregate_load,168,45,xgboost,95745.74330311271
2014-08-19 09:00:00,ecl,aggregate_load,168,45,xgboost,93096.92838080793
2014-08-19 10:00:00,ecl,aggregate_load,168,45,xgboost,90937.06589718873
2014-08-19 11:00:00,ecl,aggregate_load,168,45,xgboost,74216.30154679167
2014-08-19 12:00:00,ecl,aggregate_load,168,45,xgboost,67064.17976453493
2014-08-19 13:00:00,ecl,aggregate_load,168,45,xgboost,71456.37594670265
2014-08-19 14:00:00,ecl,aggregate_load,168,45,xgboost,74690.88238401517
2014-08-19 15:00:00,ecl,aggregate_load,168,45,xgboost,63970.723335407965
2014-08-19 16:00:00,ecl,aggregate_load,168,45,xgboost,64534.35579925536
2014-08-19 17:00:00,ecl,aggregate_load,168,45,xgboost,80112.33719381317
2014-08-19 18:00:00,ecl,aggregate_load,168,45,xgboost,66062.20383764486
2014-08-19 19:00:00,ecl,aggregate_load,168,45,xgboost,61677.67566137832
2014-08-19 20:00:00,ecl,aggregate_load,168,45,xgboost,52593.56538311722
2014-08-19 21:00:00,ecl,aggregate_load,168,45,xgboost,44882.93723987515
2014-08-19 22:00:00,ecl,aggregate_load,168,45,xgboost,48398.056518395
2014-08-19 23:00:00,ecl,aggregate_load,168,45,xgboost,49339.30685421978
2014-08-20 00:00:00,ecl,aggregate_load,168,45,xgboost,53201.03810582039
2014-08-20 01:00:00,ecl,aggregate_load,168,45,xgboost,52036.46264838681
2014-08-20 02:00:00,ecl,aggregate_load,168,45,xgboost,54476.955187389285
2014-08-20 03:00:00,ecl,aggregate_load,168,45,xgboost,55977.51894050989
2014-08-20 04:00:00,ecl,aggregate_load,168,45,xgboost,58008.66086331903
2014-08-20 05:00:00,ecl,aggregate_load,168,45,xgboost,56801.28778965278
2014-08-20 06:00:00,ecl,aggregate_load,168,45,xgboost,58460.88159395174
2014-08-20 07:00:00,ecl,aggregate_load,168,45,xgboost,58421.36829495485
2014-08-20 08:00:00,ecl,aggregate_load,168,45,xgboost,54525.658231422174
2014-08-20 09:00:00,ecl,aggregate_load,168,45,xgboost,54540.430393631235
2014-08-20 10:00:00,ecl,aggregate_load,168,45,xgboost,53326.725198150016
2014-08-20 11:00:00,ecl,aggregate_load,168,45,xgboost,52912.03495465605
2014-08-20 12:00:00,ecl,aggregate_load,168,45,xgboost,56653.45573726929
2014-08-20 13:00:00,ecl,aggregate_load,168,45,xgboost,55570.66157759303
2014-08-20 14:00:00,ecl,aggregate_load,168,45,xgboost,58129.68053427485
2014-08-20 15:00:00,ecl,aggregate_load,168,45,xgboost,57258.8444398136
2014-08-20 16:00:00,ecl,aggregate_load,168,45,xgboost,62463.90243390325
2014-08-20 17:00:00,ecl,aggregate_load,168,45,xgboost,58721.116744137566
2014-08-20 18:00:00,ecl,aggregate_load,168,45,xgboost,58909.20048394158
2014-08-20 19:00:00,ecl,aggregate_load,168,45,xgboost,57355.82111743802
2014-08-20 20:00:00,ecl,aggregate_load,168,45,xgboost,52577.350707493315
2014-08-20 21:00:00,ecl,aggregate_load,168,45,xgboost,52103.241049217846
2014-08-20 22:00:00,ecl,aggregate_load,168,45,xgboost,47183.92976664897
2014-08-20 23:00:00,ecl,aggregate_load,168,45,xgboost,47051.95214748193
2014-08-21 00:00:00,ecl,aggregate_load,168,45,xgboost,40669.24382825993
2014-08-21 01:00:00,ecl,aggregate_load,168,45,xgboost,42322.42490770844
2014-08-21 02:00:00,ecl,aggregate_load,168,45,xgboost,42484.22236535377
2014-08-21 03:00:00,ecl,aggregate_load,168,45,xgboost,41777.96539924421
2014-08-21 04:00:00,ecl,aggregate_load,168,45,xgboost,42345.50185610163
2014-08-21 05:00:00,ecl,aggregate_load,168,45,xgboost,43944.225438999696
2014-08-21 06:00:00,ecl,aggregate_load,168,45,xgboost,46203.87871458447
2014-08-21 07:00:00,ecl,aggregate_load,168,45,xgboost,51123.42151340268
2014-08-21 08:00:00,ecl,aggregate_load,168,45,xgboost,44209.732033308275
2014-08-21 09:00:00,ecl,aggregate_load,168,45,xgboost,43369.71365960709
2014-08-21 10:00:00,ecl,aggregate_load,168,45,xgboost,45095.87188810354
2014-08-21 11:00:00,ecl,aggregate_load,168,45,xgboost,40965.430075268065
2014-08-21 12:00:00,ecl,aggregate_load,168,45,xgboost,40581.40363405528
2014-08-21 13:00:00,ecl,aggregate_load,168,45,xgboost,49735.56275516474
2014-08-21 14:00:00,ecl,aggregate_load,168,45,xgboost,46568.63473713252
2014-08-21 15:00:00,ecl,aggregate_load,168,45,xgboost,43544.84743550358
2014-08-21 16:00:00,ecl,aggregate_load,168,45,xgboost,43353.088705034635
2014-08-21 17:00:00,ecl,aggregate_load,168,45,xgboost,42287.772950479826
2014-08-21 18:00:00,ecl,aggregate_load,168,45,xgboost,41936.31069096539
2014-08-21 19:00:00,ecl,aggregate_load,168,45,xgboost,47475.93752810685
2014-08-21 20:00:00,ecl,aggregate_load,168,45,xgboost,38762.93790084644
2014-08-21 21:00:00,ecl,aggregate_load,168,45,xgboost,38546.9033255346
2014-08-21 22:00:00,ecl,aggregate_load,168,45,xgboost,36310.682858826294
2014-08-21 23:00:00,ecl,aggregate_load,168,45,xgboost,40926.641597866765
2014-08-22 00:00:00,ecl,aggregate_load,168,45,xgboost,35792.38554584847
2014-08-22 01:00:00,ecl,aggregate_load,168,45,xgboost,39643.22413055404
2014-08-22 02:00:00,ecl,aggregate_load,168,45,xgboost,39032.01481670348
2014-08-22 03:00:00,ecl,aggregate_load,168,45,xgboost,39505.4756456145
2014-08-22 04:00:00,ecl,aggregate_load,168,45,xgboost,42931.34026715193
2014-08-22 05:00:00,ecl,aggregate_load,168,45,xgboost,41415.945142164055
2014-08-22 06:00:00,ecl,aggregate_load,168,45,xgboost,42462.13643407867
2014-08-22 07:00:00,ecl,aggregate_load,168,45,xgboost,48158.74424312207
2014-08-22 08:00:00,ecl,aggregate_load,168,45,xgboost,40276.81551939774
2014-08-22 09:00:00,ecl,aggregate_load,168,45,xgboost,41272.59999222107
2014-08-22 10:00:00,ecl,aggregate_load,168,45,xgboost,42399.54312010672
2014-08-22 11:00:00,ecl,aggregate_load,168,45,xgboost,39093.69367815476
2014-08-22 12:00:00,ecl,aggregate_load,168,45,xgboost,37995.25122707489
2014-08-22 13:00:00,ecl,aggregate_load,168,45,xgboost,40387.22086662998
2014-08-22 14:00:00,ecl,aggregate_load,168,45,xgboost,38848.50743136584
2014-08-22 15:00:00,ecl,aggregate_load,168,45,xgboost,37833.74856980426
2014-08-22 16:00:00,ecl,aggregate_load,168,45,xgboost,40080.190952661644
2014-08-22 17:00:00,ecl,aggregate_load,168,45,xgboost,41412.29189532819
2014-08-22 18:00:00,ecl,aggregate_load,168,45,xgboost,45262.82901499844
2014-08-22 19:00:00,ecl,aggregate_load,168,45,xgboost,45472.3691780065
2014-08-22 20:00:00,ecl,aggregate_load,168,45,xgboost,42820.49709964737
2014-08-22 21:00:00,ecl,aggregate_load,168,45,xgboost,42446.80407837778
2014-08-22 22:00:00,ecl,aggregate_load,168,45,xgboost,41542.753390873375
2014-08-22 23:00:00,ecl,aggregate_load,168,45,xgboost,40816.59391481384
2014-08-23 00:00:00,ecl,aggregate_load,168,45,xgboost,37606.536791837236
2014-08-23 01:00:00,ecl,aggregate_load,168,45,xgboost,38761.355541374425
2014-08-23 02:00:00,ecl,aggregate_load,168,45,xgboost,39332.275142039914
2014-08-23 03:00:00,ecl,aggregate_load,168,45,xgboost,39086.949248218225
2014-08-23 04:00:00,ecl,aggregate_load,168,45,xgboost,41811.85650582878
2014-08-23 05:00:00,ecl,aggregate_load,168,45,xgboost,41356.08648937283
2014-08-23 06:00:00,ecl,aggregate_load,168,45,xgboost,42793.558466980416
2014-08-23 07:00:00,ecl,aggregate_load,168,45,xgboost,45458.64771005362
2014-08-23 08:00:00,ecl,aggregate_load,168,45,xgboost,41835.70945099452
2014-08-23 09:00:00,ecl,aggregate_load,168,45,xgboost,41155.37148032737
2014-08-23 10:00:00,ecl,aggregate_load,168,45,xgboost,44126.97254057627
2014-08-23 11:00:00,ecl,aggregate_load,168,45,xgboost,40575.717979571236
2014-08-23 12:00:00,ecl,aggregate_load,168,45,xgboost,39944.90648610314
2014-08-23 13:00:00,ecl,aggregate_load,168,45,xgboost,41022.73505585237
2014-08-23 14:00:00,ecl,aggregate_load,168,45,xgboost,40381.97967321936
2014-08-23 15:00:00,ecl,aggregate_load,168,45,xgboost,43065.82739340796
2014-08-23 16:00:00,ecl,aggregate_load,168,45,xgboost,46018.277589193916
2014-08-23 17:00:00,ecl,aggregate_load,168,45,xgboost,50017.90978320159
2014-08-23 18:00:00,ecl,aggregate_load,168,45,xgboost,45796.87080336372
2014-08-23 19:00:00,ecl,aggregate_load,168,45,xgboost,44319.01504548413
2014-08-23 20:00:00,ecl,aggregate_load,168,45,xgboost,39624.61037900155
2014-08-23 21:00:00,ecl,aggregate_load,168,45,xgboost,43940.90110394481
2014-08-23 22:00:00,ecl,aggregate_load,168,45,xgboost,41834.2978089249
2014-08-23 23:00:00,ecl,aggregate_load,168,45,xgboost,45998.558282047896
2014-08-24 00:00:00,ecl,aggregate_load,168,45,xgboost,46268.37013809777
2014-08-24 01:00:00,ecl,aggregate_load,168,45,xgboost,45053.38933047143
2014-08-24 02:00:00,ecl,aggregate_load,168,45,xgboost,46661.982688445
2014-08-24 03:00:00,ecl,aggregate_load,168,45,xgboost,44672.99141403586
2014-08-24 04:00:00,ecl,aggregate_load,168,45,xgboost,50378.94164187851
2014-08-24 05:00:00,ecl,aggregate_load,168,45,xgboost,45431.35785961894
2014-08-24 06:00:00,ecl,aggregate_load,168,45,xgboost,46867.78241457613
2014-08-24 07:00:00,ecl,aggregate_load,168,45,xgboost,52783.97708912207
2014-08-24 08:00:00,ecl,aggregate_load,168,45,xgboost,49499.417689274334
2014-08-24 09:00:00,ecl,aggregate_load,168,45,xgboost,57343.220183672085
2014-08-24 10:00:00,ecl,aggregate_load,168,45,xgboost,56434.665162414356
2014-08-24 11:00:00,ecl,aggregate_load,168,45,xgboost,51717.11277659006
2014-08-24 12:00:00,ecl,aggregate_load,168,45,xgboost,49314.760629102035
2014-08-24 13:00:00,ecl,aggregate_load,168,45,xgboost,49240.776132521365
2014-08-24 14:00:00,ecl,aggregate_load,168,45,xgboost,52219.171348315955
2014-08-24 15:00:00,ecl,aggregate_load,168,45,xgboost,52455.49529852667
2014-08-24 16:00:00,ecl,aggregate_load,168,45,xgboost,46534.55467879753
2014-08-24 17:00:00,ecl,aggregate_load,168,45,xgboost,47796.98801841106
2014-08-24 18:00:00,ecl,aggregate_load,168,45,xgboost,49073.9922604858
2014-08-24 19:00:00,ecl,aggregate_load,168,45,xgboost,50094.15354541301
2014-08-24 20:00:00,ecl,aggregate_load,168,45,xgboost,53830.132935306836
2014-08-24 21:00:00,ecl,aggregate_load,168,45,xgboost,66357.40650325593
2014-08-24 22:00:00,ecl,aggregate_load,168,45,xgboost,61365.56386671896
2014-08-24 23:00:00,ecl,aggregate_load,168,45,xgboost,75879.96866349186
2014-08-25 00:00:00,ecl,aggregate_load,168,45,xgboost,73200.25320022613
2014-08-25 01:00:00,ecl,aggregate_load,168,45,xgboost,77057.44331757411
2014-08-25 02:00:00,ecl,aggregate_load,168,45,xgboost,76971.77172012941
2014-08-25 03:00:00,ecl,aggregate_load,168,45,xgboost,74135.84534387806
2014-08-25 04:00:00,ecl,aggregate_load,168,45,xgboost,62156.30348384784
2014-08-25 05:00:00,ecl,aggregate_load,168,45,xgboost,67283.93658252155
2014-08-25 06:00:00,ecl,aggregate_load,168,45,xgboost,69698.86384730802
2014-08-25 07:00:00,ecl,aggregate_load,168,45,xgboost,71031.94254822757
2014-08-25 08:00:00,ecl,aggregate_load,168,45,xgboost,71575.56586005173
2014-08-25 09:00:00,ecl,aggregate_load,168,45,xgboost,65214.579017886135
2014-08-25 10:00:00,ecl,aggregate_load,168,45,xgboost,63181.175745338965
2014-08-25 11:00:00,ecl,aggregate_load,168,45,xgboost,57232.93677408685
2014-08-25 12:00:00,ecl,aggregate_load,168,45,xgboost,54871.75007917455
2014-08-25 13:00:00,ecl,aggregate_load,168,45,xgboost,38851.177578740244
2014-08-25 14:00:00,ecl,aggregate_load,168,45,xgboost,41295.75307928333
2014-08-25 15:00:00,ecl,aggregate_load,168,45,xgboost,45237.08744501946
2014-08-25 16:00:00,ecl,aggregate_load,168,45,xgboost,45038.6714980821
2014-08-25 17:00:00,ecl,aggregate_load,168,45,xgboost,44217.360624901354
2014-08-25 18:00:00,ecl,aggregate_load,168,45,xgboost,44975.707703404325
2014-08-25 19:00:00,ecl,aggregate_load,168,45,xgboost,42919.06726228315
2014-08-25 20:00:00,ecl,aggregate_load,168,45,xgboost,49756.41005019519
2014-08-25 21:00:00,ecl,aggregate_load,168,45,xgboost,54625.954356689916
2014-08-25 22:00:00,ecl,aggregate_load,168,45,xgboost,49031.80426552068
2014-08-25 23:00:00,ecl,aggregate_load,168,45,xgboost,60612.91999591161
2014-08-26 00:00:00,ecl,aggregate_load,168,45,xgboost,62923.25341590077
2014-08-26 01:00:00,ecl,aggregate_load,168,45,xgboost,67117.45574722963
2014-08-26 02:00:00,ecl,aggregate_load,168,45,xgboost,61038.15463470306
2014-08-26 03:00:00,ecl,aggregate_load,168,45,xgboost,60818.84742320187
2014-08-26 04:00:00,ecl,aggregate_load,168,45,xgboost,58640.11945737009
2014-08-26 05:00:00,ecl,aggregate_load,168,45,xgboost,58245.64282131051
2014-08-26 06:00:00,ecl,aggregate_load,168,45,xgboost,59861.885979601226
2014-08-26 07:00:00,ecl,aggregate_load,168,45,xgboost,69557.97401480137
2014-08-26 08:00:00,ecl,aggregate_load,168,45,xgboost,64042.94450068442
2014-08-26 09:00:00,ecl,aggregate_load,168,45,xgboost,60661.36453764157
2014-08-26 10:00:00,ecl,aggregate_load,168,45,xgboost,60846.29205355106
2014-08-26 11:00:00,ecl,aggregate_load,168,45,xgboost,49386.3349034733
2014-08-26 12:00:00,ecl,aggregate_load,168,45,xgboost,38714.83861363436
2014-08-26 13:00:00,ecl,aggregate_load,168,45,xgboost,40029.25743878081
2014-08-26 14:00:00,ecl,aggregate_load,168,45,xgboost,34159.454466497795
2014-08-26 15:00:00,ecl,aggregate_load,168,45,xgboost,30833.19964746185
2014-08-26 16:00:00,ecl,aggregate_load,168,45,xgboost,32094.571640696882
2014-08-26 17:00:00,ecl,aggregate_load,168,45,xgboost,34875.10360895106
2014-08-26 18:00:00,ecl,aggregate_load,168,45,xgboost,28194.488069523457
2014-08-26 19:00:00,ecl,aggregate_load,168,45,xgboost,38612.36686055345
2014-08-26 20:00:00,ecl,aggregate_load,168,45,xgboost,31939.427793745705
2014-08-26 21:00:00,ecl,aggregate_load,168,45,xgboost,33078.039879950986
2014-08-26 22:00:00,ecl,aggregate_load,168,45,xgboost,31250.9949100426
2014-08-26 23:00:00,ecl,aggregate_load,168,45,xgboost,44046.89857683136
2014-08-27 00:00:00,ecl,aggregate_load,168,45,xgboost,31399.630386190714
2014-08-27 01:00:00,ecl,aggregate_load,168,45,xgboost,32399.81911494171
2014-08-27 02:00:00,ecl,aggregate_load,168,45,xgboost,32463.392309625804
2014-08-27 03:00:00,ecl,aggregate_load,168,45,xgboost,33811.83346273756
2014-08-27 04:00:00,ecl,aggregate_load,168,45,xgboost,35305.7846690708
2014-08-27 05:00:00,ecl,aggregate_load,168,45,xgboost,36423.33579873963
2014-08-27 06:00:00,ecl,aggregate_load,168,45,xgboost,34442.796817555536
2014-08-27 07:00:00,ecl,aggregate_load,168,45,xgboost,37158.50534877048
2014-08-27 08:00:00,ecl,aggregate_load,168,45,xgboost,37137.54413406381
2014-08-27 09:00:00,ecl,aggregate_load,168,45,xgboost,35584.273934743615
2014-08-27 10:00:00,ecl,aggregate_load,168,45,xgboost,36664.41080152878
2014-08-27 11:00:00,ecl,aggregate_load,168,45,xgboost,40482.184986809334
2014-08-27 12:00:00,ecl,aggregate_load,168,45,xgboost,40268.539465725386
2014-08-27 13:00:00,ecl,aggregate_load,168,45,xgboost,48051.91154112638
2014-08-27 14:00:00,ecl,aggregate_load,168,45,xgboost,42297.83865063726
2014-08-27 15:00:00,ecl,aggregate_load,168,45,xgboost,48611.700242250714
2014-08-27 16:00:00,ecl,aggregate_load,168,45,xgboost,55879.142807370896
2014-08-27 17:00:00,ecl,aggregate_load,168,45,xgboost,48593.4217799774
2014-08-27 18:00:00,ecl,aggregate_load,168,45,xgboost,46973.563408489004
2014-08-27 19:00:00,ecl,aggregate_load,168,45,xgboost,50904.63998113772
2014-08-27 20:00:00,ecl,aggregate_load,168,45,xgboost,54635.077231658135
2014-08-27 21:00:00,ecl,aggregate_load,168,45,xgboost,53005.94887232262
2014-08-27 22:00:00,ecl,aggregate_load,168,45,xgboost,49432.86012099047
2014-08-27 23:00:00,ecl,aggregate_load,168,45,xgboost,49208.91488928781
2014-08-28 00:00:00,ecl,aggregate_load,168,45,xgboost,38334.12605814982
2014-08-28 01:00:00,ecl,aggregate_load,168,45,xgboost,35495.652317574546
2014-08-28 02:00:00,ecl,aggregate_load,168,45,xgboost,38550.9015703771
2014-08-28 03:00:00,ecl,aggregate_load,168,45,xgboost,40075.201943431086
2014-08-28 04:00:00,ecl,aggregate_load,168,45,xgboost,40879.65156339741
2014-08-28 05:00:00,ecl,aggregate_load,168,45,xgboost,40625.156388690506
2014-08-28 06:00:00,ecl,aggregate_load,168,45,xgboost,41554.3301235692
2014-08-28 07:00:00,ecl,aggregate_load,168,45,xgboost,44770.73925039888
2014-08-28 08:00:00,ecl,aggregate_load,168,45,xgboost,42103.155683850535
2014-08-28 09:00:00,ecl,aggregate_load,168,45,xgboost,40565.320990511005
2014-08-28 10:00:00,ecl,aggregate_load,168,45,xgboost,43978.89282500574
2014-08-28 11:00:00,ecl,aggregate_load,168,45,xgboost,43384.88332033093
2014-08-28 12:00:00,ecl,aggregate_load,168,45,xgboost,35672.348920641525
2014-08-28 13:00:00,ecl,aggregate_load,168,45,xgboost,40180.2106526567
2014-08-28 14:00:00,ecl,aggregate_load,168,45,xgboost,50522.21034413002
2014-08-28 15:00:00,ecl,aggregate_load,168,45,xgboost,45041.86009722414
2014-08-28 16:00:00,ecl,aggregate_load,168,45,xgboost,53022.46298062817
2014-08-28 17:00:00,ecl,aggregate_load,168,45,xgboost,58230.30431424441
2014-08-28 18:00:00,ecl,aggregate_load,168,45,xgboost,60401.976862949145
2014-08-28 19:00:00,ecl,aggregate_load,168,45,xgboost,61820.59699645221
2014-08-28 20:00:00,ecl,aggregate_load,168,45,xgboost,54514.71394811598
2014-08-28 21:00:00,ecl,aggregate_load,168,45,xgboost,51408.143740043386
2014-08-28 22:00:00,ecl,aggregate_load,168,45,xgboost,42948.407302300664
2014-08-28 23:00:00,ecl,aggregate_load,168,45,xgboost,43172.072049867376
2014-08-29 00:00:00,ecl,aggregate_load,168,45,xgboost,37333.555839527806
2014-08-29 01:00:00,ecl,aggregate_load,168,45,xgboost,36875.14515168163
2014-08-29 02:00:00,ecl,aggregate_load,168,45,xgboost,36918.139291663865
2014-08-29 03:00:00,ecl,aggregate_load,168,45,xgboost,38144.9220383579
2014-08-29 04:00:00,ecl,aggregate_load,168,45,xgboost,40994.93968722657
2014-08-29 05:00:00,ecl,aggregate_load,168,45,xgboost,39875.63514386565
2014-08-29 06:00:00,ecl,aggregate_load,168,45,xgboost,39922.70938257894
2014-08-29 07:00:00,ecl,aggregate_load,168,45,xgboost,42167.91665866221
2014-08-29 08:00:00,ecl,aggregate_load,168,45,xgboost,39886.6793511592
2014-08-29 09:00:00,ecl,aggregate_load,168,45,xgboost,39274.420806595925
2014-08-29 10:00:00,ecl,aggregate_load,168,45,xgboost,41342.35371251911
2014-08-29 11:00:00,ecl,aggregate_load,168,45,xgboost,39104.18073677257
2014-08-29 12:00:00,ecl,aggregate_load,168,45,xgboost,36956.842381472234
2014-08-29 13:00:00,ecl,aggregate_load,168,45,xgboost,38111.96830288479
2014-08-29 14:00:00,ecl,aggregate_load,168,45,xgboost,37839.082120514366
2014-08-29 15:00:00,ecl,aggregate_load,168,45,xgboost,38741.46309453063
2014-08-29 16:00:00,ecl,aggregate_load,168,45,xgboost,42029.61070185298
2014-08-29 17:00:00,ecl,aggregate_load,168,45,xgboost,44424.65730789537
2014-08-29 18:00:00,ecl,aggregate_load,168,45,xgboost,55983.64985836397
2014-08-29 19:00:00,ecl,aggregate_load,168,45,xgboost,56173.2013282307
2014-08-29 20:00:00,ecl,aggregate_load,168,45,xgboost,44555.27221332574
2014-08-29 21:00:00,ecl,aggregate_load,168,45,xgboost,39209.07169935606
2014-08-29 22:00:00,ecl,aggregate_load,168,45,xgboost,37794.03875993997
2014-08-29 23:00:00,ecl,aggregate_load,168,45,xgboost,36047.330850979415
2014-08-30 00:00:00,ecl,aggregate_load,168,45,xgboost,33671.32111538287
2014-08-30 01:00:00,ecl,aggregate_load,168,45,xgboost,34588.81934991147
2014-08-30 02:00:00,ecl,aggregate_load,168,45,xgboost,37602.894483903736
2014-08-30 03:00:00,ecl,aggregate_load,168,45,xgboost,37150.90389963035
2014-08-30 04:00:00,ecl,aggregate_load,168,45,xgboost,40363.186683401495
2014-08-30 05:00:00,ecl,aggregate_load,168,45,xgboost,37622.24917669192
2014-08-30 06:00:00,ecl,aggregate_load,168,45,xgboost,37054.9525300088
2014-08-30 07:00:00,ecl,aggregate_load,168,45,xgboost,38224.61840461929
2014-08-30 08:00:00,ecl,aggregate_load,168,45,xgboost,38517.278267469665
2014-08-30 09:00:00,ecl,aggregate_load,168,45,xgboost,35531.75778919118
2014-08-30 10:00:00,ecl,aggregate_load,168,45,xgboost,40008.025239627736
2014-08-30 11:00:00,ecl,aggregate_load,168,45,xgboost,40186.88071314731
2014-08-30 12:00:00,ecl,aggregate_load,168,45,xgboost,35516.600740113005
2014-08-30 13:00:00,ecl,aggregate_load,168,45,xgboost,35791.56361696425
2014-08-30 14:00:00,ecl,aggregate_load,168,45,xgboost,33706.73721553317
2014-08-30 15:00:00,ecl,aggregate_load,168,45,xgboost,31659.880517595353
2014-08-30 16:00:00,ecl,aggregate_load,168,45,xgboost,34924.338558176874
2014-08-30 17:00:00,ecl,aggregate_load,168,45,xgboost,40421.46276321288
2014-08-30 18:00:00,ecl,aggregate_load,168,45,xgboost,36212.72938019749
2014-08-30 19:00:00,ecl,aggregate_load,168,45,xgboost,39917.977343422
2014-08-30 20:00:00,ecl,aggregate_load,168,45,xgboost,37125.312260972234
2014-08-30 21:00:00,ecl,aggregate_load,168,45,xgboost,39938.87430709525
2014-08-30 22:00:00,ecl,aggregate_load,168,45,xgboost,44215.37529515198
2014-08-30 23:00:00,ecl,aggregate_load,168,45,xgboost,43954.039884198515
2014-08-31 00:00:00,ecl,aggregate_load,168,45,xgboost,41412.801259039064
2014-08-31 01:00:00,ecl,aggregate_load,168,45,xgboost,43603.739802475844
2014-08-31 02:00:00,ecl,aggregate_load,168,45,xgboost,44670.45596369131
2014-08-31 03:00:00,ecl,aggregate_load,168,45,xgboost,45009.774515495956
2014-08-31 04:00:00,ecl,aggregate_load,168,45,xgboost,52231.542170269524
2014-08-31 05:00:00,ecl,aggregate_load,168,45,xgboost,43966.5834222793
2014-08-31 06:00:00,ecl,aggregate_load,168,45,xgboost,42409.76678476605
2014-08-31 07:00:00,ecl,aggregate_load,168,45,xgboost,49432.15929396029
2014-08-31 08:00:00,ecl,aggregate_load,168,45,xgboost,45995.38797784123
2014-08-31 09:00:00,ecl,aggregate_load,168,45,xgboost,42303.71760636968
2014-08-31 10:00:00,ecl,aggregate_load,168,45,xgboost,42760.39334304818
2014-08-31 11:00:00,ecl,aggregate_load,168,45,xgboost,43345.25381951442
2014-08-31 12:00:00,ecl,aggregate_load,168,45,xgboost,42219.72022370666
2014-08-31 13:00:00,ecl,aggregate_load,168,45,xgboost,43265.43367678792
2014-08-31 14:00:00,ecl,aggregate_load,168,45,xgboost,41775.22300439604
2014-08-31 15:00:00,ecl,aggregate_load,168,45,xgboost,43909.11727523037
2014-08-31 16:00:00,ecl,aggregate_load,168,45,xgboost,47498.46909064514
2014-08-31 17:00:00,ecl,aggregate_load,168,45,xgboost,44620.67392576539
2014-08-31 18:00:00,ecl,aggregate_load,168,45,xgboost,44745.02976138951
2014-08-31 19:00:00,ecl,aggregate_load,168,45,xgboost,45138.06009678709
2014-08-31 20:00:00,ecl,aggregate_load,168,45,xgboost,42527.025966629495
2014-08-31 21:00:00,ecl,aggregate_load,168,45,xgboost,40681.94892570748
2014-08-31 22:00:00,ecl,aggregate_load,168,45,xgboost,45418.23634007571
2014-08-31 23:00:00,ecl,aggregate_load,168,45,xgboost,45021.79843544244
2014-09-01 00:00:00,ecl,aggregate_load,168,45,xgboost,50637.97061101608
2014-09-01 01:00:00,ecl,aggregate_load,168,45,xgboost,55023.30593593729
2014-09-01 02:00:00,ecl,aggregate_load,168,45,xgboost,57542.40568340583
2014-09-01 03:00:00,ecl,aggregate_load,168,45,xgboost,49899.84954405756
2014-09-01 04:00:00,ecl,aggregate_load,168,45,xgboost,41909.31430261045
2014-09-01 05:00:00,ecl,aggregate_load,168,45,xgboost,48464.46535143059
2014-09-01 06:00:00,ecl,aggregate_load,168,45,xgboost,48869.761468065684
2014-09-01 07:00:00,ecl,aggregate_load,168,45,xgboost,56980.58382401437
2014-09-01 08:00:00,ecl,aggregate_load,168,45,xgboost,57266.868740614074
2014-09-01 09:00:00,ecl,aggregate_load,168,45,xgboost,49960.04085597015
2014-09-01 10:00:00,ecl,aggregate_load,168,45,xgboost,51149.43431140345
2014-09-01 11:00:00,ecl,aggregate_load,168,45,xgboost,44553.98353092449
2014-09-01 12:00:00,ecl,aggregate_load,168,45,xgboost,33017.324784314456
2014-09-01 13:00:00,ecl,aggregate_load,168,45,xgboost,30426.757372272405
2014-09-01 14:00:00,ecl,aggregate_load,168,45,xgboost,31050.992977164275
2014-09-01 15:00:00,ecl,aggregate_load,168,45,xgboost,27906.72161321601
2014-09-01 16:00:00,ecl,aggregate_load,168,45,xgboost,36002.1216556109
2014-09-01 17:00:00,ecl,aggregate_load,168,45,xgboost,40160.15675185885
2014-09-01 18:00:00,ecl,aggregate_load,168,45,xgboost,35874.370713146134
2014-09-01 19:00:00,ecl,aggregate_load,168,45,xgboost,38070.77176228106
2014-09-01 20:00:00,ecl,aggregate_load,168,45,xgboost,39206.64014897324
2014-09-01 21:00:00,ecl,aggregate_load,168,45,xgboost,44553.764207294415
2014-09-01 22:00:00,ecl,aggregate_load,168,45,xgboost,38298.86716077674
2014-09-01 23:00:00,ecl,aggregate_load,168,45,xgboost,37004.60930672066
2014-09-02 00:00:00,ecl,aggregate_load,168,45,xgboost,44420.57881269062
2014-09-02 01:00:00,ecl,aggregate_load,168,45,xgboost,45284.63265619623
2014-09-02 02:00:00,ecl,aggregate_load,168,45,xgboost,43575.20359231852
2014-09-02 03:00:00,ecl,aggregate_load,168,45,xgboost,41959.8524617588
2014-09-02 04:00:00,ecl,aggregate_load,168,45,xgboost,41246.803943540945
2014-09-02 05:00:00,ecl,aggregate_load,168,45,xgboost,41515.523288602664
2014-09-02 06:00:00,ecl,aggregate_load,168,45,xgboost,42350.52355783707
2014-09-02 07:00:00,ecl,aggregate_load,168,45,xgboost,48937.51467894233
2014-09-02 08:00:00,ecl,aggregate_load,168,45,xgboost,46286.617316240015
2014-09-02 09:00:00,ecl,aggregate_load,168,45,xgboost,41460.55164016165
2014-09-02 10:00:00,ecl,aggregate_load,168,45,xgboost,45081.82053003106
2014-09-02 11:00:00,ecl,aggregate_load,168,45,xgboost,46634.51242725469
2014-09-02 12:00:00,ecl,aggregate_load,168,45,xgboost,48042.181732376004
2014-09-02 13:00:00,ecl,aggregate_load,168,45,xgboost,60934.35856841367
2014-09-02 14:00:00,ecl,aggregate_load,168,45,xgboost,53615.184082017346
2014-09-02 15:00:00,ecl,aggregate_load,168,45,xgboost,53950.607202409105
2014-09-02 16:00:00,ecl,aggregate_load,168,45,xgboost,63160.48276520383
2014-09-02 17:00:00,ecl,aggregate_load,168,45,xgboost,67172.30753708837
2014-09-02 18:00:00,ecl,aggregate_load,168,45,xgboost,63384.341666040964
2014-09-02 19:00:00,ecl,aggregate_load,168,45,xgboost,56517.78598585484
2014-09-02 20:00:00,ecl,aggregate_load,168,45,xgboost,50438.28820610504
2014-09-02 21:00:00,ecl,aggregate_load,168,45,xgboost,50602.559138532946
2014-09-02 22:00:00,ecl,aggregate_load,168,45,xgboost,40749.46498197181
2014-09-02 23:00:00,ecl,aggregate_load,168,45,xgboost,39400.5460051069
2014-09-03 00:00:00,ecl,aggregate_load,168,45,xgboost,47555.23150329834
2014-09-03 01:00:00,ecl,aggregate_load,168,45,xgboost,49413.037113296
2014-09-03 02:00:00,ecl,aggregate_load,168,45,xgboost,47704.94737987457
2014-09-03 03:00:00,ecl,aggregate_load,168,45,xgboost,45303.65728013917
2014-09-03 04:00:00,ecl,aggregate_load,168,45,xgboost,45939.34645740459
2014-09-03 05:00:00,ecl,aggregate_load,168,45,xgboost,46475.027805204
2014-09-03 06:00:00,ecl,aggregate_load,168,45,xgboost,47332.32490966693
2014-09-03 07:00:00,ecl,aggregate_load,168,45,xgboost,47293.41781865721
2014-09-03 08:00:00,ecl,aggregate_load,168,45,xgboost,47096.49376015596
2014-09-03 09:00:00,ecl,aggregate_load,168,45,xgboost,50122.6514983663
2014-09-03 10:00:00,ecl,aggregate_load,168,45,xgboost,49274.9765912825
2014-09-03 11:00:00,ecl,aggregate_load,168,45,xgboost,50433.41310707704
2014-09-03 12:00:00,ecl,aggregate_load,168,45,xgboost,65161.504433302165
2014-09-03 13:00:00,ecl,aggregate_load,168,45,xgboost,63927.67935278089
2014-09-03 14:00:00,ecl,aggregate_load,168,45,xgboost,75978.2214621093
2014-09-03 15:00:00,ecl,aggregate_load,168,45,xgboost,75903.82512738889
2014-09-03 16:00:00,ecl,aggregate_load,168,45,xgboost,73402.177651276
2014-09-03 17:00:00,ecl,aggregate_load,168,45,xgboost,67201.49873722844
2014-09-03 18:00:00,ecl,aggregate_load,168,45,xgboost,63872.25408671847
2014-09-03 19:00:00,ecl,aggregate_load,168,45,xgboost,37136.42658700027
2014-09-03 20:00:00,ecl,aggregate_load,168,45,xgboost,39608.035761051615
2014-09-03 21:00:00,ecl,aggregate_load,168,45,xgboost,36374.64343071617
2014-09-03 22:00:00,ecl,aggregate_load,168,45,xgboost,32566.798233988196
2014-09-03 23:00:00,ecl,aggregate_load,168,45,xgboost,25345.544495880782
2014-09-04 00:00:00,ecl,aggregate_load,168,45,xgboost,27887.432199574385
2014-09-04 01:00:00,ecl,aggregate_load,168,45,xgboost,30058.371818910884
2014-09-04 02:00:00,ecl,aggregate_load,168,45,xgboost,30559.86278521352
2014-09-04 03:00:00,ecl,aggregate_load,168,45,xgboost,29210.76376351783
2014-09-04 04:00:00,ecl,aggregate_load,168,45,xgboost,29303.397214921857
2014-09-04 05:00:00,ecl,aggregate_load,168,45,xgboost,29194.210466049557
2014-09-04 06:00:00,ecl,aggregate_load,168,45,xgboost,31541.06652562196
2014-09-04 07:00:00,ecl,aggregate_load,168,45,xgboost,29606.700752719167
2014-09-04 08:00:00,ecl,aggregate_load,168,45,xgboost,30619.043390538587
2014-09-04 09:00:00,ecl,aggregate_load,168,45,xgboost,31466.63090609054
2014-09-04 10:00:00,ecl,aggregate_load,168,45,xgboost,30041.30199286616
2014-09-04 11:00:00,ecl,aggregate_load,168,45,xgboost,30706.786403514612
2014-09-04 12:00:00,ecl,aggregate_load,168,45,xgboost,25684.948099529676
2014-09-04 13:00:00,ecl,aggregate_load,168,45,xgboost,31968.25828413733
2014-09-04 14:00:00,ecl,aggregate_load,168,45,xgboost,31726.45633825754
2014-09-04 15:00:00,ecl,aggregate_load,168,45,xgboost,26227.076066638987
2014-09-04 16:00:00,ecl,aggregate_load,168,45,xgboost,40095.00858886337
2014-09-04 17:00:00,ecl,aggregate_load,168,45,xgboost,38369.48759999234
2014-09-04 18:00:00,ecl,aggregate_load,168,45,xgboost,29857.85226426503
2014-09-04 19:00:00,ecl,aggregate_load,168,45,xgboost,33306.91447915602
2014-09-04 20:00:00,ecl,aggregate_load,168,45,xgboost,27718.117569347047
2014-09-04 21:00:00,ecl,aggregate_load,168,45,xgboost,30491.493387285143
2014-09-04 22:00:00,ecl,aggregate_load,168,45,xgboost,26507.734290435114
2014-09-04 23:00:00,ecl,aggregate_load,168,45,xgboost,29313.767360044778
2014-09-05 00:00:00,ecl,aggregate_load,168,45,xgboost,31503.330913160302
2014-09-05 01:00:00,ecl,aggregate_load,168,45,xgboost,33114.18946031541
2014-09-05 02:00:00,ecl,aggregate_load,168,45,xgboost,33924.098528842784
2014-09-05 03:00:00,ecl,aggregate_load,168,45,xgboost,31152.436891068082
2014-09-05 04:00:00,ecl,aggregate_load,168,45,xgboost,31039.76073572577
2014-09-05 05:00:00,ecl,aggregate_load,168,45,xgboost,31235.26481884169
2014-09-05 06:00:00,ecl,aggregate_load,168,45,xgboost,32277.893153896417
2014-09-05 07:00:00,ecl,aggregate_load,168,45,xgboost,31455.989331872413
2014-09-05 08:00:00,ecl,aggregate_load,168,45,xgboost,31738.55233332394
2014-09-05 09:00:00,ecl,aggregate_load,168,45,xgboost,32371.836739314815
2014-09-05 10:00:00,ecl,aggregate_load,168,45,xgboost,34433.08206988072
2014-09-05 11:00:00,ecl,aggregate_load,168,45,xgboost,37009.34906735226
2014-09-05 12:00:00,ecl,aggregate_load,168,45,xgboost,33172.99713089616
2014-09-05 13:00:00,ecl,aggregate_load,168,45,xgboost,38808.2273645255
2014-09-05 14:00:00,ecl,aggregate_load,168,45,xgboost,42779.904597210865
2014-09-05 15:00:00,ecl,aggregate_load,168,45,xgboost,43827.16580226443
2014-09-05 16:00:00,ecl,aggregate_load,168,45,xgboost,37455.795712242354
2014-09-05 17:00:00,ecl,aggregate_load,168,45,xgboost,34131.893583619465
2014-09-05 18:00:00,ecl,aggregate_load,168,45,xgboost,37053.615134189735
2014-09-05 19:00:00,ecl,aggregate_load,168,45,xgboost,35264.816514394224
2014-09-05 20:00:00,ecl,aggregate_load,168,45,xgboost,35214.759424687
2014-09-05 21:00:00,ecl,aggregate_load,168,45,xgboost,34443.01766210883
2014-09-05 22:00:00,ecl,aggregate_load,168,45,xgboost,31965.76129700322
2014-09-05 23:00:00,ecl,aggregate_load,168,45,xgboost,33435.07361765034
2014-09-06 00:00:00,ecl,aggregate_load,168,45,xgboost,36813.110321532455
2014-09-06 01:00:00,ecl,aggregate_load,168,45,xgboost,42605.62735716641
2014-09-06 02:00:00,ecl,aggregate_load,168,45,xgboost,40187.94730474455
2014-09-06 03:00:00,ecl,aggregate_load,168,45,xgboost,39691.11268024823
2014-09-06 04:00:00,ecl,aggregate_load,168,45,xgboost,41568.21128802844
2014-09-06 05:00:00,ecl,aggregate_load,168,45,xgboost,40497.89361101266
2014-09-06 06:00:00,ecl,aggregate_load,168,45,xgboost,37875.47804551837
2014-09-06 07:00:00,ecl,aggregate_load,168,45,xgboost,35624.94337073157
2014-09-06 08:00:00,ecl,aggregate_load,168,45,xgboost,37450.483009054915
2014-09-06 09:00:00,ecl,aggregate_load,168,45,xgboost,36842.446475107754
2014-09-06 10:00:00,ecl,aggregate_load,168,45,xgboost,34080.35592310993
2014-09-06 11:00:00,ecl,aggregate_load,168,45,xgboost,25874.411224279942
2014-09-06 12:00:00,ecl,aggregate_load,168,45,xgboost,24546.002195795347
2014-09-06 13:00:00,ecl,aggregate_load,168,45,xgboost,28046.958981432737
2014-09-06 14:00:00,ecl,aggregate_load,168,45,xgboost,31179.02316031891
2014-09-06 15:00:00,ecl,aggregate_load,168,45,xgboost,30683.128413557046
2014-09-06 16:00:00,ecl,aggregate_load,168,45,xgboost,28408.17095773061
2014-09-06 17:00:00,ecl,aggregate_load,168,45,xgboost,25937.028494356255
2014-09-06 18:00:00,ecl,aggregate_load,168,45,xgboost,27921.231074292766
2014-09-06 19:00:00,ecl,aggregate_load,168,45,xgboost,28037.601953174504
2014-09-06 20:00:00,ecl,aggregate_load,168,45,xgboost,32477.178391432524
2014-09-06 21:00:00,ecl,aggregate_load,168,45,xgboost,28684.958635990697
2014-09-06 22:00:00,ecl,aggregate_load,168,45,xgboost,25596.85674771151
2014-09-06 23:00:00,ecl,aggregate_load,168,45,xgboost,22443.565923399823
2014-09-07 00:00:00,ecl,aggregate_load,168,45,xgboost,18398.719293713813
2014-09-07 01:00:00,ecl,aggregate_load,168,45,xgboost,22201.11227093129
2014-09-07 02:00:00,ecl,aggregate_load,168,45,xgboost,22909.181969349964
2014-09-07 03:00:00,ecl,aggregate_load,168,45,xgboost,24475.894279638636
2014-09-07 04:00:00,ecl,aggregate_load,168,45,xgboost,28488.814504907066
2014-09-07 05:00:00,ecl,aggregate_load,168,45,xgboost,24125.318748878508
2014-09-07 06:00:00,ecl,aggregate_load,168,45,xgboost,24582.863791917574
2014-09-07 07:00:00,ecl,aggregate_load,168,45,xgboost,25945.39205038022
2014-09-07 08:00:00,ecl,aggregate_load,168,45,xgboost,24653.885962706532
2014-09-07 09:00:00,ecl,aggregate_load,168,45,xgboost,25568.62409438813
2014-09-07 10:00:00,ecl,aggregate_load,168,45,xgboost,24292.234224262374
2014-09-07 11:00:00,ecl,aggregate_load,168,45,xgboost,23890.418030485693
2014-09-07 12:00:00,ecl,aggregate_load,168,45,xgboost,23681.777454503554
2014-09-07 13:00:00,ecl,aggregate_load,168,45,xgboost,24655.462237343385
2014-09-07 14:00:00,ecl,aggregate_load,168,45,xgboost,26810.91992919986
2014-09-07 15:00:00,ecl,aggregate_load,168,45,xgboost,25080.663593355406
2014-09-07 16:00:00,ecl,aggregate_load,168,45,xgboost,28012.047748593825
2014-09-07 17:00:00,ecl,aggregate_load,168,45,xgboost,28798.891543915805
2014-09-07 18:00:00,ecl,aggregate_load,168,45,xgboost,27443.13301871948
2014-09-07 19:00:00,ecl,aggregate_load,168,45,xgboost,28843.97985619496
2014-09-07 20:00:00,ecl,aggregate_load,168,45,xgboost,29016.154980006628
2014-09-07 21:00:00,ecl,aggregate_load,168,45,xgboost,31641.158216788066
2014-09-07 22:00:00,ecl,aggregate_load,168,45,xgboost,32386.551761325805
2014-09-07 23:00:00,ecl,aggregate_load,168,45,xgboost,32786.87357826899
2014-09-08 00:00:00,ecl,aggregate_load,168,45,xgboost,27344.68681060229
2014-09-08 01:00:00,ecl,aggregate_load,168,45,xgboost,29488.580446166863
2014-09-08 02:00:00,ecl,aggregate_load,168,45,xgboost,30248.421821024862
2014-09-08 03:00:00,ecl,aggregate_load,168,45,xgboost,29758.900507654052
2014-09-08 04:00:00,ecl,aggregate_load,168,45,xgboost,32894.01527260025
2014-09-08 05:00:00,ecl,aggregate_load,168,45,xgboost,34376.862723854414
2014-09-08 06:00:00,ecl,aggregate_load,168,45,xgboost,33621.44117142824
2014-09-08 07:00:00,ecl,aggregate_load,168,45,xgboost,35883.228186211614
2014-09-08 08:00:00,ecl,aggregate_load,168,45,xgboost,36591.95784385457
2014-09-08 09:00:00,ecl,aggregate_load,168,45,xgboost,35645.6438815375
2014-09-08 10:00:00,ecl,aggregate_load,168,45,xgboost,33145.46267750587
2014-09-08 11:00:00,ecl,aggregate_load,168,45,xgboost,28022.09990534126
2014-09-08 12:00:00,ecl,aggregate_load,168,45,xgboost,31773.273774615056
2014-09-08 13:00:00,ecl,aggregate_load,168,45,xgboost,38162.50557693549
2014-09-08 14:00:00,ecl,aggregate_load,168,45,xgboost,40105.894272775455
2014-09-08 15:00:00,ecl,aggregate_load,168,45,xgboost,34506.56089341828
2014-09-08 16:00:00,ecl,aggregate_load,168,45,xgboost,31504.714807986755
2014-09-08 17:00:00,ecl,aggregate_load,168,45,xgboost,27467.4333920509
2014-09-08 18:00:00,ecl,aggregate_load,168,45,xgboost,32806.75125778465
2014-09-08 19:00:00,ecl,aggregate_load,168,45,xgboost,24718.74167878689
2014-09-08 20:00:00,ecl,aggregate_load,168,45,xgboost,25362.59989414894
2014-09-08 21:00:00,ecl,aggregate_load,168,45,xgboost,28589.438826704776
2014-09-08 22:00:00,ecl,aggregate_load,168,45,xgboost,31531.558901348228
2014-09-08 23:00:00,ecl,aggregate_load,168,45,xgboost,31326.240374592726
2014-09-09 00:00:00,ecl,aggregate_load,168,45,xgboost,25149.281847348364
2014-09-09 01:00:00,ecl,aggregate_load,168,45,xgboost,24912.25029028327
2014-09-09 02:00:00,ecl,aggregate_load,168,45,xgboost,25996.094002644386
2014-09-09 03:00:00,ecl,aggregate_load,168,45,xgboost,25172.611072143754
2014-09-09 04:00:00,ecl,aggregate_load,168,45,xgboost,25311.583894649488
2014-09-09 05:00:00,ecl,aggregate_load,168,45,xgboost,23539.38123748019
2014-09-09 06:00:00,ecl,aggregate_load,168,45,xgboost,26731.396503809457
2014-09-09 07:00:00,ecl,aggregate_load,168,45,xgboost,24750.23588909488
2014-09-09 08:00:00,ecl,aggregate_load,168,45,xgboost,25796.068408460247
2014-09-09 09:00:00,ecl,aggregate_load,168,45,xgboost,25681.152772506066
2014-09-09 10:00:00,ecl,aggregate_load,168,45,xgboost,24470.078041879133
2014-09-09 11:00:00,ecl,aggregate_load,168,45,xgboost,26559.323222113413
2014-09-09 12:00:00,ecl,aggregate_load,168,45,xgboost,25052.62037041105
2014-09-09 13:00:00,ecl,aggregate_load,168,45,xgboost,33589.56827947262
2014-09-09 14:00:00,ecl,aggregate_load,168,45,xgboost,34136.98023833635
2014-09-09 15:00:00,ecl,aggregate_load,168,45,xgboost,29589.48865036086
2014-09-09 16:00:00,ecl,aggregate_load,168,45,xgboost,27871.893504321244
2014-09-09 17:00:00,ecl,aggregate_load,168,45,xgboost,30122.419190881094
2014-09-09 18:00:00,ecl,aggregate_load,168,45,xgboost,29347.71341089011
2014-09-09 19:00:00,ecl,aggregate_load,168,45,xgboost,26316.39334384096
2014-09-09 20:00:00,ecl,aggregate_load,168,45,xgboost,25605.58736517638
2014-09-09 21:00:00,ecl,aggregate_load,168,45,xgboost,28714.051493903455
2014-09-09 22:00:00,ecl,aggregate_load,168,45,xgboost,31224.385738810844
2014-09-09 23:00:00,ecl,aggregate_load,168,45,xgboost,32245.508677440375
2014-09-10 00:00:00,ecl,aggregate_load,168,45,xgboost,27254.646384689175
2014-09-10 01:00:00,ecl,aggregate_load,168,45,xgboost,28471.067920593086
2014-09-10 02:00:00,ecl,aggregate_load,168,45,xgboost,29714.31887570945
2014-09-10 03:00:00,ecl,aggregate_load,168,45,xgboost,30749.1053249563
2014-09-10 04:00:00,ecl,aggregate_load,168,45,xgboost,30948.53946670553
2014-09-10 05:00:00,ecl,aggregate_load,168,45,xgboost,30299.19147701068
2014-09-10 06:00:00,ecl,aggregate_load,168,45,xgboost,30813.492917714935
2014-09-10 07:00:00,ecl,aggregate_load,168,45,xgboost,29099.66165824918
2014-09-10 08:00:00,ecl,aggregate_load,168,45,xgboost,29596.550714247234
2014-09-10 09:00:00,ecl,aggregate_load,168,45,xgboost,28817.27075611045
2014-09-10 10:00:00,ecl,aggregate_load,168,45,xgboost,31352.76657365276
2014-09-10 11:00:00,ecl,aggregate_load,168,45,xgboost,32218.354143811932
2014-09-10 12:00:00,ecl,aggregate_load,168,45,xgboost,35741.63626899106
2014-09-10 13:00:00,ecl,aggregate_load,168,45,xgboost,39621.97209307303
2014-09-10 14:00:00,ecl,aggregate_load,168,45,xgboost,44255.21753907166
2014-09-10 15:00:00,ecl,aggregate_load,168,45,xgboost,43044.33019338578
2014-09-10 16:00:00,ecl,aggregate_load,168,45,xgboost,46100.66983773543
2014-09-10 17:00:00,ecl,aggregate_load,168,45,xgboost,44249.983376995035
2014-09-10 18:00:00,ecl,aggregate_load,168,45,xgboost,42609.74402368222
2014-09-10 19:00:00,ecl,aggregate_load,168,45,xgboost,44220.755924862926
2014-09-10 20:00:00,ecl,aggregate_load,168,45,xgboost,43118.68709741732
2014-09-10 21:00:00,ecl,aggregate_load,168,45,xgboost,43780.92220407383
2014-09-10 22:00:00,ecl,aggregate_load,168,45,xgboost,47002.6911929906
2014-09-10 23:00:00,ecl,aggregate_load,168,45,xgboost,46535.21051891152
2014-09-11 00:00:00,ecl,aggregate_load,168,45,xgboost,37205.08454306923
2014-09-11 01:00:00,ecl,aggregate_load,168,45,xgboost,37188.477773127626
2014-09-11 02:00:00,ecl,aggregate_load,168,45,xgboost,38238.48395702521
2014-09-11 03:00:00,ecl,aggregate_load,168,45,xgboost,39867.2533305516
2014-09-11 04:00:00,ecl,aggregate_load,168,45,xgboost,40478.424250092445
2014-09-11 05:00:00,ecl,aggregate_load,168,45,xgboost,40362.17899468091
2014-09-11 06:00:00,ecl,aggregate_load,168,45,xgboost,39461.57862760068
2014-09-11 07:00:00,ecl,aggregate_load,168,45,xgboost,39790.770248421446
2014-09-11 08:00:00,ecl,aggregate_load,168,45,xgboost,38297.23086693435
2014-09-11 09:00:00,ecl,aggregate_load,168,45,xgboost,39894.33825596299
2014-09-11 10:00:00,ecl,aggregate_load,168,45,xgboost,40383.11260766463
2014-09-11 11:00:00,ecl,aggregate_load,168,45,xgboost,43958.90065013772
2014-09-11 12:00:00,ecl,aggregate_load,168,45,xgboost,41857.509009240974
2014-09-11 13:00:00,ecl,aggregate_load,168,45,xgboost,39138.60510185735
2014-09-11 14:00:00,ecl,aggregate_load,168,45,xgboost,35970.32848648142
2014-09-11 15:00:00,ecl,aggregate_load,168,45,xgboost,39608.85338777801
2014-09-11 16:00:00,ecl,aggregate_load,168,45,xgboost,50017.05103056504
2014-09-11 17:00:00,ecl,aggregate_load,168,45,xgboost,48286.47260322241
2014-09-11 18:00:00,ecl,aggregate_load,168,45,xgboost,48035.871653851995
2014-09-11 19:00:00,ecl,aggregate_load,168,45,xgboost,47595.61666137457
2014-09-11 20:00:00,ecl,aggregate_load,168,45,xgboost,51370.434788729915
2014-09-11 21:00:00,ecl,aggregate_load,168,45,xgboost,52366.78633679704
2014-09-11 22:00:00,ecl,aggregate_load,168,45,xgboost,60199.96195694733
2014-09-11 23:00:00,ecl,aggregate_load,168,45,xgboost,59184.514824189464
2014-09-12 00:00:00,ecl,aggregate_load,168,45,xgboost,54097.50555232492
2014-09-12 01:00:00,ecl,aggregate_load,168,45,xgboost,52919.88454083537
2014-09-12 02:00:00,ecl,aggregate_load,168,45,xgboost,55156.426258527266
2014-09-12 03:00:00,ecl,aggregate_load,168,45,xgboost,58322.13424348342
2014-09-12 04:00:00,ecl,aggregate_load,168,45,xgboost,59202.57957570714
2014-09-12 05:00:00,ecl,aggregate_load,168,45,xgboost,56104.515866162976
2014-09-12 06:00:00,ecl,aggregate_load,168,45,xgboost,58355.54731638778
2014-09-12 07:00:00,ecl,aggregate_load,168,45,xgboost,57680.54993650738
2014-09-12 08:00:00,ecl,aggregate_load,168,45,xgboost,51456.555720532866
2014-09-12 09:00:00,ecl,aggregate_load,168,45,xgboost,55092.34680485378
2014-09-12 10:00:00,ecl,aggregate_load,168,45,xgboost,57311.94707603103
2014-09-12 11:00:00,ecl,aggregate_load,168,45,xgboost,58465.12220872308
2014-09-12 12:00:00,ecl,aggregate_load,168,45,xgboost,59066.96959466718
2014-09-12 13:00:00,ecl,aggregate_load,168,45,xgboost,52419.696462986925
2014-09-12 14:00:00,ecl,aggregate_load,168,45,xgboost,56677.261565611945
2014-09-12 15:00:00,ecl,aggregate_load,168,45,xgboost,56482.0365291213
2014-09-12 16:00:00,ecl,aggregate_load,168,45,xgboost,55753.366238082206
2014-09-12 17:00:00,ecl,aggregate_load,168,45,xgboost,54381.93459568044
2014-09-12 18:00:00,ecl,aggregate_load,168,45,xgboost,53621.61549067268
2014-09-12 19:00:00,ecl,aggregate_load,168,45,xgboost,55401.40309456623
2014-09-12 20:00:00,ecl,aggregate_load,168,45,xgboost,52970.80281101506
2014-09-12 21:00:00,ecl,aggregate_load,168,45,xgboost,57312.77878788465
2014-09-12 22:00:00,ecl,aggregate_load,168,45,xgboost,57133.07726962861
2014-09-12 23:00:00,ecl,aggregate_load,168,45,xgboost,63738.70938657865
2014-09-13 00:00:00,ecl,aggregate_load,168,45,xgboost,61479.07826184638
2014-09-13 01:00:00,ecl,aggregate_load,168,45,xgboost,61276.65129145738
2014-09-13 02:00:00,ecl,aggregate_load,168,45,xgboost,62132.17327082809
2014-09-13 03:00:00,ecl,aggregate_load,168,45,xgboost,63656.42345643181
2014-09-13 04:00:00,ecl,aggregate_load,168,45,xgboost,63274.4938147141
2014-09-13 05:00:00,ecl,aggregate_load,168,45,xgboost,64167.50822651842
2014-09-13 06:00:00,ecl,aggregate_load,168,45,xgboost,62550.27878778548
2014-09-13 07:00:00,ecl,aggregate_load,168,45,xgboost,61907.71960010523
2014-09-13 08:00:00,ecl,aggregate_load,168,45,xgboost,60788.25133515279
2014-09-13 09:00:00,ecl,aggregate_load,168,45,xgboost,61906.876779514365
2014-09-13 10:00:00,ecl,aggregate_load,168,45,xgboost,64576.09987034263
2014-09-13 11:00:00,ecl,aggregate_load,168,45,xgboost,60275.61664123948
2014-09-13 12:00:00,ecl,aggregate_load,168,45,xgboost,66351.61306542752
2014-09-13 13:00:00,ecl,aggregate_load,168,45,xgboost,66660.70104820147
2014-09-13 14:00:00,ecl,aggregate_load,168,45,xgboost,63319.506569823934
2014-09-13 15:00:00,ecl,aggregate_load,168,45,xgboost,64530.905828775176
2014-09-13 16:00:00,ecl,aggregate_load,168,45,xgboost,67122.23052360385
2014-09-13 17:00:00,ecl,aggregate_load,168,45,xgboost,66805.48880206996
2014-09-13 18:00:00,ecl,aggregate_load,168,45,xgboost,64960.70732456426
2014-09-13 19:00:00,ecl,aggregate_load,168,45,xgboost,62379.60504391174
2014-09-13 20:00:00,ecl,aggregate_load,168,45,xgboost,62999.5166804717
2014-09-13 21:00:00,ecl,aggregate_load,168,45,xgboost,65415.70251388677
2014-09-13 22:00:00,ecl,aggregate_load,168,45,xgboost,64327.12502262485
2014-09-13 23:00:00,ecl,aggregate_load,168,45,xgboost,67370.3319730384
2014-09-14 00:00:00,ecl,aggregate_load,168,45,xgboost,65711.47152085285
2014-09-14 01:00:00,ecl,aggregate_load,168,45,xgboost,61452.88572083636
2014-09-14 02:00:00,ecl,aggregate_load,168,45,xgboost,62043.89949856368
2014-09-14 03:00:00,ecl,aggregate_load,168,45,xgboost,65527.14812284187
2014-09-14 04:00:00,ecl,aggregate_load,168,45,xgboost,73935.92766576244
2014-09-14 05:00:00,ecl,aggregate_load,168,45,xgboost,69495.85649054225
2014-09-14 06:00:00,ecl,aggregate_load,168,45,xgboost,65408.15401468476
2014-09-14 07:00:00,ecl,aggregate_load,168,45,xgboost,69046.02599642187
2014-09-14 08:00:00,ecl,aggregate_load,168,45,xgboost,65504.37317206002
2014-09-14 09:00:00,ecl,aggregate_load,168,45,xgboost,69421.80170891993
2014-09-14 10:00:00,ecl,aggregate_load,168,45,xgboost,65478.80865880002
2014-09-14 11:00:00,ecl,aggregate_load,168,45,xgboost,62482.51944253861
2014-09-14 12:00:00,ecl,aggregate_load,168,45,xgboost,68182.84640551482
2014-09-14 13:00:00,ecl,aggregate_load,168,45,xgboost,69545.84410772326
2014-09-14 14:00:00,ecl,aggregate_load,168,45,xgboost,65269.20574634837
2014-09-14 15:00:00,ecl,aggregate_load,168,45,xgboost,63531.221427668796
2014-09-14 16:00:00,ecl,aggregate_load,168,45,xgboost,64374.52777478033
2014-09-14 17:00:00,ecl,aggregate_load,168,45,xgboost,65972.93735933125
2014-09-14 18:00:00,ecl,aggregate_load,168,45,xgboost,66514.98486092837
2014-09-14 19:00:00,ecl,aggregate_load,168,45,xgboost,45637.87055801402
2014-09-14 20:00:00,ecl,aggregate_load,168,45,xgboost,44359.58810423017
2014-09-14 21:00:00,ecl,aggregate_load,168,45,xgboost,46427.88710813373
2014-09-14 22:00:00,ecl,aggregate_load,168,45,xgboost,46900.66776750264
2014-09-14 23:00:00,ecl,aggregate_load,168,45,xgboost,45335.40597425153
2014-09-15 00:00:00,ecl,aggregate_load,168,45,xgboost,42905.70161867365
2014-09-15 01:00:00,ecl,aggregate_load,168,45,xgboost,38161.309990462534
2014-09-15 02:00:00,ecl,aggregate_load,168,45,xgboost,37463.186422591134
2014-09-15 03:00:00,ecl,aggregate_load,168,45,xgboost,37700.24050754444
2014-09-15 04:00:00,ecl,aggregate_load,168,45,xgboost,41641.60334727849
2014-09-15 05:00:00,ecl,aggregate_load,168,45,xgboost,40154.01336817941
2014-09-15 06:00:00,ecl,aggregate_load,168,45,xgboost,37019.23809373945
2014-09-15 07:00:00,ecl,aggregate_load,168,45,xgboost,41218.4898723557
2014-09-15 08:00:00,ecl,aggregate_load,168,45,xgboost,38404.51193872974
2014-09-15 09:00:00,ecl,aggregate_load,168,45,xgboost,41628.49574562285
2014-09-15 10:00:00,ecl,aggregate_load,168,45,xgboost,40066.96852169467
2014-09-15 11:00:00,ecl,aggregate_load,168,45,xgboost,45550.544851808074
2014-09-15 12:00:00,ecl,aggregate_load,168,45,xgboost,47883.089739953386
2014-09-15 13:00:00,ecl,aggregate_load,168,45,xgboost,62931.52277423428
2014-09-15 14:00:00,ecl,aggregate_load,168,45,xgboost,57431.24692201102
2014-09-15 15:00:00,ecl,aggregate_load,168,45,xgboost,49534.946716825645
2014-09-15 16:00:00,ecl,aggregate_load,168,45,xgboost,44816.38919337276
2014-09-15 17:00:00,ecl,aggregate_load,168,45,xgboost,59618.59012858351
2014-09-15 18:00:00,ecl,aggregate_load,168,45,xgboost,52040.256485235164
2014-09-15 19:00:00,ecl,aggregate_load,168,45,xgboost,49591.93906301779
2014-09-15 20:00:00,ecl,aggregate_load,168,45,xgboost,41474.82734389563
2014-09-15 21:00:00,ecl,aggregate_load,168,45,xgboost,46862.49764027437
2014-09-15 22:00:00,ecl,aggregate_load,168,45,xgboost,52314.92557489338
2014-09-15 23:00:00,ecl,aggregate_load,168,45,xgboost,52168.61312795266
2014-09-16 00:00:00,ecl,aggregate_load,168,45,xgboost,37547.94439712213
2014-09-16 01:00:00,ecl,aggregate_load,168,45,xgboost,39681.16880765773
2014-09-16 02:00:00,ecl,aggregate_load,168,45,xgboost,48093.580345924565
2014-09-16 03:00:00,ecl,aggregate_load,168,45,xgboost,49307.11573939844
2014-09-16 04:00:00,ecl,aggregate_load,168,45,xgboost,50003.04991779093
2014-09-16 05:00:00,ecl,aggregate_load,168,45,xgboost,48122.02008733943
2014-09-16 06:00:00,ecl,aggregate_load,168,45,xgboost,44895.68406319211
2014-09-16 07:00:00,ecl,aggregate_load,168,45,xgboost,47142.59615056391
2014-09-16 08:00:00,ecl,aggregate_load,168,45,xgboost,45683.09270695209
2014-09-16 09:00:00,ecl,aggregate_load,168,45,xgboost,47815.21579052256
2014-09-16 10:00:00,ecl,aggregate_load,168,45,xgboost,47610.01772081148
2014-09-16 11:00:00,ecl,aggregate_load,168,45,xgboost,44275.13998250265
2014-09-16 12:00:00,ecl,aggregate_load,168,45,xgboost,44941.63640814425
2014-09-16 13:00:00,ecl,aggregate_load,168,45,xgboost,50577.90873964055
2014-09-16 14:00:00,ecl,aggregate_load,168,45,xgboost,48565.463822549216
2014-09-16 15:00:00,ecl,aggregate_load,168,45,xgboost,40249.37304383503
2014-09-16 16:00:00,ecl,aggregate_load,168,45,xgboost,41927.72999566045
2014-09-16 17:00:00,ecl,aggregate_load,168,45,xgboost,43590.910976992775
2014-09-16 18:00:00,ecl,aggregate_load,168,45,xgboost,46874.04368028703
2014-09-16 19:00:00,ecl,aggregate_load,168,45,xgboost,32858.80292558279
2014-09-16 20:00:00,ecl,aggregate_load,168,45,xgboost,34076.15766008202
2014-09-16 21:00:00,ecl,aggregate_load,168,45,xgboost,36353.90432692254
2014-09-16 22:00:00,ecl,aggregate_load,168,45,xgboost,39229.27772739905
2014-09-16 23:00:00,ecl,aggregate_load,168,45,xgboost,35236.74296507876
2014-09-17 00:00:00,ecl,aggregate_load,168,45,xgboost,33821.25777753241
2014-09-17 01:00:00,ecl,aggregate_load,168,45,xgboost,37677.15928445691
2014-09-17 02:00:00,ecl,aggregate_load,168,45,xgboost,39784.03077199824
2014-09-17 03:00:00,ecl,aggregate_load,168,45,xgboost,39445.72990751027
2014-09-17 04:00:00,ecl,aggregate_load,168,45,xgboost,39102.5967478094
2014-09-17 05:00:00,ecl,aggregate_load,168,45,xgboost,40570.28246763329
2014-09-17 06:00:00,ecl,aggregate_load,168,45,xgboost,37079.66889404031
2014-09-17 07:00:00,ecl,aggregate_load,168,45,xgboost,38413.06451224972
2014-09-17 08:00:00,ecl,aggregate_load,168,45,xgboost,38459.60219536753
2014-09-17 09:00:00,ecl,aggregate_load,168,45,xgboost,41637.93291135247
2014-09-17 10:00:00,ecl,aggregate_load,168,45,xgboost,40910.62752117348
2014-09-17 11:00:00,ecl,aggregate_load,168,45,xgboost,40511.09944222201
2014-09-17 12:00:00,ecl,aggregate_load,168,45,xgboost,47250.07635604312
2014-09-17 13:00:00,ecl,aggregate_load,168,45,xgboost,44322.676742443364
2014-09-17 14:00:00,ecl,aggregate_load,168,45,xgboost,40806.58331532144
2014-09-17 15:00:00,ecl,aggregate_load,168,45,xgboost,40512.78499657748
2014-09-17 16:00:00,ecl,aggregate_load,168,45,xgboost,37687.863356868555
2014-09-17 17:00:00,ecl,aggregate_load,168,45,xgboost,48827.83278297699
2014-09-17 18:00:00,ecl,aggregate_load,168,45,xgboost,39681.96229778489
2014-09-17 19:00:00,ecl,aggregate_load,168,45,xgboost,33359.288448141946
2014-09-17 20:00:00,ecl,aggregate_load,168,45,xgboost,31137.5599503281
2014-09-17 21:00:00,ecl,aggregate_load,168,45,xgboost,37196.88780943394
2014-09-17 22:00:00,ecl,aggregate_load,168,45,xgboost,46701.56072498062
2014-09-17 23:00:00,ecl,aggregate_load,168,45,xgboost,33766.848867130386
2014-09-18 00:00:00,ecl,aggregate_load,168,45,xgboost,33189.46782565309
2014-09-18 01:00:00,ecl,aggregate_load,168,45,xgboost,39550.009923651254
2014-09-18 02:00:00,ecl,aggregate_load,168,45,xgboost,40596.85821597915
2014-09-18 03:00:00,ecl,aggregate_load,168,45,xgboost,43473.09390867912
2014-09-18 04:00:00,ecl,aggregate_load,168,45,xgboost,48277.39387858791
2014-09-18 05:00:00,ecl,aggregate_load,168,45,xgboost,44763.1244343725
2014-09-18 06:00:00,ecl,aggregate_load,168,45,xgboost,41377.08685695556
2014-09-18 07:00:00,ecl,aggregate_load,168,45,xgboost,45760.54168584173
2014-09-18 08:00:00,ecl,aggregate_load,168,45,xgboost,43007.5367284865
2014-09-18 09:00:00,ecl,aggregate_load,168,45,xgboost,43228.255452516576
2014-09-18 10:00:00,ecl,aggregate_load,168,45,xgboost,43543.544286266006
2014-09-18 11:00:00,ecl,aggregate_load,168,45,xgboost,43870.944831247405
2014-09-18 12:00:00,ecl,aggregate_load,168,45,xgboost,37474.947007093935
2014-09-18 13:00:00,ecl,aggregate_load,168,45,xgboost,36825.435464032635
2014-09-18 14:00:00,ecl,aggregate_load,168,45,xgboost,30675.553732512035
2014-09-18 15:00:00,ecl,aggregate_load,168,45,xgboost,36882.92890977677
2014-09-18 16:00:00,ecl,aggregate_load,168,45,xgboost,31243.345071822383
2014-09-18 17:00:00,ecl,aggregate_load,168,45,xgboost,33317.33840141765
2014-09-18 18:00:00,ecl,aggregate_load,168,45,xgboost,30792.02607533218
2014-09-18 19:00:00,ecl,aggregate_load,168,45,xgboost,32972.49863329901
2014-09-18 20:00:00,ecl,aggregate_load,168,45,xgboost,33716.46345880603
2014-09-18 21:00:00,ecl,aggregate_load,168,45,xgboost,40388.11824273231
2014-09-18 22:00:00,ecl,aggregate_load,168,45,xgboost,36830.32158785464
2014-09-18 23:00:00,ecl,aggregate_load,168,45,xgboost,33800.49783516072
2014-09-19 00:00:00,ecl,aggregate_load,168,45,xgboost,30140.209368050964
2014-09-19 01:00:00,ecl,aggregate_load,168,45,xgboost,35550.076267829434
2014-09-19 02:00:00,ecl,aggregate_load,168,45,xgboost,36576.05071789232
2014-09-19 03:00:00,ecl,aggregate_load,168,45,xgboost,36336.54623215554
2014-09-19 04:00:00,ecl,aggregate_load,168,45,xgboost,39459.3245290855
2014-09-19 05:00:00,ecl,aggregate_load,168,45,xgboost,40006.38305345054
2014-09-19 06:00:00,ecl,aggregate_load,168,45,xgboost,38148.245299462826
2014-09-19 07:00:00,ecl,aggregate_load,168,45,xgboost,38487.2177805876
2014-09-19 08:00:00,ecl,aggregate_load,168,45,xgboost,37128.690249982115
2014-09-19 09:00:00,ecl,aggregate_load,168,45,xgboost,38574.0752796174
2014-09-19 10:00:00,ecl,aggregate_load,168,45,xgboost,39811.4279479456
2014-09-19 11:00:00,ecl,aggregate_load,168,45,xgboost,42187.62905529617
2014-09-19 12:00:00,ecl,aggregate_load,168,45,xgboost,38202.41485183839
2014-09-19 13:00:00,ecl,aggregate_load,168,45,xgboost,40344.62746559642
2014-09-19 14:00:00,ecl,aggregate_load,168,45,xgboost,39046.8871007763
2014-09-19 15:00:00,ecl,aggregate_load,168,45,xgboost,55777.8034332753
2014-09-19 16:00:00,ecl,aggregate_load,168,45,xgboost,52305.71517291745
2014-09-19 17:00:00,ecl,aggregate_load,168,45,xgboost,49151.24001511233
2014-09-19 18:00:00,ecl,aggregate_load,168,45,xgboost,51130.90955354225
2014-09-19 19:00:00,ecl,aggregate_load,168,45,xgboost,50411.20492052861
2014-09-19 20:00:00,ecl,aggregate_load,168,45,xgboost,60964.745229836444
2014-09-19 21:00:00,ecl,aggregate_load,168,45,xgboost,67201.49135693438
2014-09-19 22:00:00,ecl,aggregate_load,168,45,xgboost,63767.407360260506
2014-09-19 23:00:00,ecl,aggregate_load,168,45,xgboost,60111.04491613497
2014-09-20 00:00:00,ecl,aggregate_load,168,45,xgboost,43286.65335212476
2014-09-20 01:00:00,ecl,aggregate_load,168,45,xgboost,46937.320134793576
2014-09-20 02:00:00,ecl,aggregate_load,168,45,xgboost,51668.98721734382
2014-09-20 03:00:00,ecl,aggregate_load,168,45,xgboost,52500.27242400913
2014-09-20 04:00:00,ecl,aggregate_load,168,45,xgboost,57355.81279338674
2014-09-20 05:00:00,ecl,aggregate_load,168,45,xgboost,51544.29112293258
2014-09-20 06:00:00,ecl,aggregate_load,168,45,xgboost,52192.16611483071
2014-09-20 07:00:00,ecl,aggregate_load,168,45,xgboost,52592.81666018331
2014-09-20 08:00:00,ecl,aggregate_load,168,45,xgboost,49576.38920045909
2014-09-20 09:00:00,ecl,aggregate_load,168,45,xgboost,51099.44958713236
2014-09-20 10:00:00,ecl,aggregate_load,168,45,xgboost,52593.14458214837
2014-09-20 11:00:00,ecl,aggregate_load,168,45,xgboost,51933.78716302307
2014-09-20 12:00:00,ecl,aggregate_load,168,45,xgboost,47630.602037630895
2014-09-20 13:00:00,ecl,aggregate_load,168,45,xgboost,46542.588962267444
2014-09-20 14:00:00,ecl,aggregate_load,168,45,xgboost,48693.51115449978
2014-09-20 15:00:00,ecl,aggregate_load,168,45,xgboost,48391.49093249956
2014-09-20 16:00:00,ecl,aggregate_load,168,45,xgboost,48886.831716273395
2014-09-20 17:00:00,ecl,aggregate_load,168,45,xgboost,31243.24664004851
2014-09-20 18:00:00,ecl,aggregate_load,168,45,xgboost,27804.86089014538
2014-09-20 19:00:00,ecl,aggregate_load,168,45,xgboost,25072.408091927457
2014-09-20 20:00:00,ecl,aggregate_load,168,45,xgboost,25268.448533169183
2014-09-20 21:00:00,ecl,aggregate_load,168,45,xgboost,32781.251209870345
2014-09-20 22:00:00,ecl,aggregate_load,168,45,xgboost,28475.969687731325
2014-09-20 23:00:00,ecl,aggregate_load,168,45,xgboost,29379.315752400973
2014-09-21 00:00:00,ecl,aggregate_load,168,45,xgboost,27546.99923996345
2014-09-21 01:00:00,ecl,aggregate_load,168,45,xgboost,28151.73498404062
2014-09-21 02:00:00,ecl,aggregate_load,168,45,xgboost,26089.195575702768
2014-09-21 03:00:00,ecl,aggregate_load,168,45,xgboost,28518.59217267172
2014-09-21 04:00:00,ecl,aggregate_load,168,45,xgboost,32176.399842433366
2014-09-21 05:00:00,ecl,aggregate_load,168,45,xgboost,28214.329667333004
2014-09-21 06:00:00,ecl,aggregate_load,168,45,xgboost,27391.91088062926
2014-09-21 07:00:00,ecl,aggregate_load,168,45,xgboost,26378.77635820851
2014-09-21 08:00:00,ecl,aggregate_load,168,45,xgboost,25716.586802903
2014-09-21 09:00:00,ecl,aggregate_load,168,45,xgboost,23609.006015950225
2014-09-21 10:00:00,ecl,aggregate_load,168,45,xgboost,22839.5522329245
2014-09-21 11:00:00,ecl,aggregate_load,168,45,xgboost,27251.409861274653
2014-09-21 12:00:00,ecl,aggregate_load,168,45,xgboost,27652.035811804024
2014-09-21 13:00:00,ecl,aggregate_load,168,45,xgboost,27022.943493182145
2014-09-21 14:00:00,ecl,aggregate_load,168,45,xgboost,25453.30460862505
2014-09-21 15:00:00,ecl,aggregate_load,168,45,xgboost,26502.94893120932
2014-09-21 16:00:00,ecl,aggregate_load,168,45,xgboost,30608.034630638915
2014-09-21 17:00:00,ecl,aggregate_load,168,45,xgboost,31427.89426812289
2014-09-21 18:00:00,ecl,aggregate_load,168,45,xgboost,30873.66296552677
2014-09-21 19:00:00,ecl,aggregate_load,168,45,xgboost,24090.99397865757
2014-09-21 20:00:00,ecl,aggregate_load,168,45,xgboost,26779.975978124454
2014-09-21 21:00:00,ecl,aggregate_load,168,45,xgboost,34136.17231884998
2014-09-21 22:00:00,ecl,aggregate_load,168,45,xgboost,30654.282248400163
2014-09-21 23:00:00,ecl,aggregate_load,168,45,xgboost,28113.15368134173
2014-09-22 00:00:00,ecl,aggregate_load,168,45,xgboost,26529.280496975247
2014-09-22 01:00:00,ecl,aggregate_load,168,45,xgboost,27519.428004447676
2014-09-22 02:00:00,ecl,aggregate_load,168,45,xgboost,28491.550218279644
2014-09-22 03:00:00,ecl,aggregate_load,168,45,xgboost,31308.006000778085
2014-09-22 04:00:00,ecl,aggregate_load,168,45,xgboost,40308.996207594995
2014-09-22 05:00:00,ecl,aggregate_load,168,45,xgboost,36596.080682082604
2014-09-22 06:00:00,ecl,aggregate_load,168,45,xgboost,32257.361191141365
2014-09-22 07:00:00,ecl,aggregate_load,168,45,xgboost,33031.96952106912
2014-09-22 08:00:00,ecl,aggregate_load,168,45,xgboost,31376.08658139464
2014-09-22 09:00:00,ecl,aggregate_load,168,45,xgboost,33146.85568729983
2014-09-22 10:00:00,ecl,aggregate_load,168,45,xgboost,31190.023843690044
2014-09-22 11:00:00,ecl,aggregate_load,168,45,xgboost,35754.82526161617
2014-09-22 12:00:00,ecl,aggregate_load,168,45,xgboost,35053.626754951954
2014-09-22 13:00:00,ecl,aggregate_load,168,45,xgboost,29145.76008876574
2014-09-22 14:00:00,ecl,aggregate_load,168,45,xgboost,28722.80303598805
2014-09-22 15:00:00,ecl,aggregate_load,168,45,xgboost,28433.443828698546
2014-09-22 16:00:00,ecl,aggregate_load,168,45,xgboost,32033.05581965128
2014-09-22 17:00:00,ecl,aggregate_load,168,45,xgboost,31022.0935193793
2014-09-22 18:00:00,ecl,aggregate_load,168,45,xgboost,25833.65390237331
2014-09-22 19:00:00,ecl,aggregate_load,168,45,xgboost,22313.4256500729
2014-09-22 20:00:00,ecl,aggregate_load,168,45,xgboost,27398.329173907106
2014-09-22 21:00:00,ecl,aggregate_load,168,45,xgboost,30329.676978556534
2014-09-22 22:00:00,ecl,aggregate_load,168,45,xgboost,30279.002601923276
2014-09-22 23:00:00,ecl,aggregate_load,168,45,xgboost,25387.298664046386
2014-09-23 00:00:00,ecl,aggregate_load,168,45,xgboost,21030.374081692782
2014-09-23 01:00:00,ecl,aggregate_load,168,45,xgboost,22687.273149164852
2014-09-23 02:00:00,ecl,aggregate_load,168,45,xgboost,22450.41487410777
2014-09-23 03:00:00,ecl,aggregate_load,168,45,xgboost,24957.399532331365
2014-09-23 04:00:00,ecl,aggregate_load,168,45,xgboost,27571.827852320857
2014-09-23 05:00:00,ecl,aggregate_load,168,45,xgboost,29434.650606370287
2014-09-23 06:00:00,ecl,aggregate_load,168,45,xgboost,25393.773576775675
2014-09-23 07:00:00,ecl,aggregate_load,168,45,xgboost,24298.136841313764
2014-09-23 08:00:00,ecl,aggregate_load,168,45,xgboost,24629.359704991755
2014-09-23 09:00:00,ecl,aggregate_load,168,45,xgboost,24357.140642175375
2014-09-23 10:00:00,ecl,aggregate_load,168,45,xgboost,23048.36161270393
2014-09-23 11:00:00,ecl,aggregate_load,168,45,xgboost,23551.138693777233
2014-09-23 12:00:00,ecl,aggregate_load,168,45,xgboost,25139.899250697083
2014-09-23 13:00:00,ecl,aggregate_load,168,45,xgboost,30172.7412341517
2014-09-23 14:00:00,ecl,aggregate_load,168,45,xgboost,27742.219985980097
2014-09-23 15:00:00,ecl,aggregate_load,168,45,xgboost,26353.45106290699
2014-09-23 16:00:00,ecl,aggregate_load,168,45,xgboost,27168.910040711606
2014-09-23 17:00:00,ecl,aggregate_load,168,45,xgboost,29420.359174219615
2014-09-23 18:00:00,ecl,aggregate_load,168,45,xgboost,28493.361131462567
2014-09-23 19:00:00,ecl,aggregate_load,168,45,xgboost,25821.122851031036
2014-09-23 20:00:00,ecl,aggregate_load,168,45,xgboost,25757.487716802007
2014-09-23 21:00:00,ecl,aggregate_load,168,45,xgboost,27587.304919606686
2014-09-23 22:00:00,ecl,aggregate_load,168,45,xgboost,26631.38315969194
2014-09-23 23:00:00,ecl,aggregate_load,168,45,xgboost,26573.066453930915
2014-09-24 00:00:00,ecl,aggregate_load,168,45,xgboost,24517.074990988243
2014-09-24 01:00:00,ecl,aggregate_load,168,45,xgboost,26572.20071166164
2014-09-24 02:00:00,ecl,aggregate_load,168,45,xgboost,25986.77915952452
2014-09-24 03:00:00,ecl,aggregate_load,168,45,xgboost,27500.36630530989
2014-09-24 04:00:00,ecl,aggregate_load,168,45,xgboost,31396.025734773393
2014-09-24 05:00:00,ecl,aggregate_load,168,45,xgboost,31722.462132253306
2014-09-24 06:00:00,ecl,aggregate_load,168,45,xgboost,31818.88475455072
2014-09-24 07:00:00,ecl,aggregate_load,168,45,xgboost,29633.262786497413
2014-09-24 08:00:00,ecl,aggregate_load,168,45,xgboost,29924.4027289293
2014-09-24 09:00:00,ecl,aggregate_load,168,45,xgboost,28591.619277369144
2014-09-24 10:00:00,ecl,aggregate_load,168,45,xgboost,27132.3963063528
2014-09-24 11:00:00,ecl,aggregate_load,168,45,xgboost,28183.697599917294
2014-09-24 12:00:00,ecl,aggregate_load,168,45,xgboost,27868.554532360446
2014-09-24 13:00:00,ecl,aggregate_load,168,45,xgboost,29619.953149220717
2014-09-24 14:00:00,ecl,aggregate_load,168,45,xgboost,30398.638624637104
2014-09-24 15:00:00,ecl,aggregate_load,168,45,xgboost,29674.156287553305
2014-09-24 16:00:00,ecl,aggregate_load,168,45,xgboost,32086.43104844394
2014-09-24 17:00:00,ecl,aggregate_load,168,45,xgboost,33989.380225374945
2014-09-24 18:00:00,ecl,aggregate_load,168,45,xgboost,31840.1781470166
2014-09-24 19:00:00,ecl,aggregate_load,168,45,xgboost,30858.463084245188
2014-09-24 20:00:00,ecl,aggregate_load,168,45,xgboost,33778.03445921652
2014-09-24 21:00:00,ecl,aggregate_load,168,45,xgboost,34977.67961133586
2014-09-24 22:00:00,ecl,aggregate_load,168,45,xgboost,34068.79987198508
2014-09-24 23:00:00,ecl,aggregate_load,168,45,xgboost,32153.868002649353
2014-09-25 00:00:00,ecl,aggregate_load,168,45,xgboost,24794.8415605197
2014-09-25 01:00:00,ecl,aggregate_load,168,45,xgboost,27407.879279354034
2014-09-25 02:00:00,ecl,aggregate_load,168,45,xgboost,25427.098443310773
2014-09-25 03:00:00,ecl,aggregate_load,168,45,xgboost,25846.845562916453
2014-09-25 04:00:00,ecl,aggregate_load,168,45,xgboost,28585.25136004364
2014-09-25 05:00:00,ecl,aggregate_load,168,45,xgboost,30283.759980019757
2014-09-25 06:00:00,ecl,aggregate_load,168,45,xgboost,27770.945652347524
2014-09-25 07:00:00,ecl,aggregate_load,168,45,xgboost,27928.250064054046
2014-09-25 08:00:00,ecl,aggregate_load,168,45,xgboost,29192.60094371498
2014-09-25 09:00:00,ecl,aggregate_load,168,45,xgboost,29069.94614319094
2014-09-25 10:00:00,ecl,aggregate_load,168,45,xgboost,27749.064523774494
2014-09-25 11:00:00,ecl,aggregate_load,168,45,xgboost,27519.129525746386
2014-09-25 12:00:00,ecl,aggregate_load,168,45,xgboost,30326.343326657203
2014-09-25 13:00:00,ecl,aggregate_load,168,45,xgboost,32214.250861337972
2014-09-25 14:00:00,ecl,aggregate_load,168,45,xgboost,33768.66977682111
2014-09-25 15:00:00,ecl,aggregate_load,168,45,xgboost,34151.71307314075
2014-09-25 16:00:00,ecl,aggregate_load,168,45,xgboost,38435.807564466726
2014-09-25 17:00:00,ecl,aggregate_load,168,45,xgboost,40216.304744001995
2014-09-25 18:00:00,ecl,aggregate_load,168,45,xgboost,37666.383325671326
2014-09-25 19:00:00,ecl,aggregate_load,168,45,xgboost,36178.26122604795
2014-09-25 20:00:00,ecl,aggregate_load,168,45,xgboost,39012.94386359643
2014-09-25 21:00:00,ecl,aggregate_load,168,45,xgboost,38784.56286068744
2014-09-25 22:00:00,ecl,aggregate_load,168,45,xgboost,41390.799984609446
2014-09-25 23:00:00,ecl,aggregate_load,168,45,xgboost,39153.443056237826
2014-09-26 00:00:00,ecl,aggregate_load,168,45,xgboost,32995.096452688245
2014-09-26 01:00:00,ecl,aggregate_load,168,45,xgboost,29725.714776364977
2014-09-26 02:00:00,ecl,aggregate_load,168,45,xgboost,30403.207985274494
2014-09-26 03:00:00,ecl,aggregate_load,168,45,xgboost,31214.224262791264
2014-09-26 04:00:00,ecl,aggregate_load,168,45,xgboost,34489.76491764648
2014-09-26 05:00:00,ecl,aggregate_load,168,45,xgboost,37684.34335354141
2014-09-26 06:00:00,ecl,aggregate_load,168,45,xgboost,34177.93541074506
2014-09-26 07:00:00,ecl,aggregate_load,168,45,xgboost,36705.14387447074
2014-09-26 08:00:00,ecl,aggregate_load,168,45,xgboost,37515.99700959425
2014-09-26 09:00:00,ecl,aggregate_load,168,45,xgboost,36379.07743698401
2014-09-26 10:00:00,ecl,aggregate_load,168,45,xgboost,39516.304654617794
2014-09-26 11:00:00,ecl,aggregate_load,168,45,xgboost,30903.21812847169
2014-09-26 12:00:00,ecl,aggregate_load,168,45,xgboost,33013.94775090168
2014-09-26 13:00:00,ecl,aggregate_load,168,45,xgboost,37821.64341846978
2014-09-26 14:00:00,ecl,aggregate_load,168,45,xgboost,33172.89874488966
2014-09-26 15:00:00,ecl,aggregate_load,168,45,xgboost,29856.219946691926
2014-09-26 16:00:00,ecl,aggregate_load,168,45,xgboost,32302.689528742467
2014-09-26 17:00:00,ecl,aggregate_load,168,45,xgboost,35442.26902351251
2014-09-26 18:00:00,ecl,aggregate_load,168,45,xgboost,33789.77562239072
2014-09-26 19:00:00,ecl,aggregate_load,168,45,xgboost,33631.57337688118
2014-09-26 20:00:00,ecl,aggregate_load,168,45,xgboost,33869.286102747355
2014-09-26 21:00:00,ecl,aggregate_load,168,45,xgboost,30838.803316243026
2014-09-26 22:00:00,ecl,aggregate_load,168,45,xgboost,32295.25820363274
2014-09-26 23:00:00,ecl,aggregate_load,168,45,xgboost,32729.602015779863
2014-09-27 00:00:00,ecl,aggregate_load,168,45,xgboost,29934.975742408547
2014-09-27 01:00:00,ecl,aggregate_load,168,45,xgboost,33441.66670938238
2014-09-27 02:00:00,ecl,aggregate_load,168,45,xgboost,32584.75374910086
2014-09-27 03:00:00,ecl,aggregate_load,168,45,xgboost,37443.002861443834
2014-09-27 04:00:00,ecl,aggregate_load,168,45,xgboost,39597.61295023702
2014-09-27 05:00:00,ecl,aggregate_load,168,45,xgboost,37365.45157102423
2014-09-27 06:00:00,ecl,aggregate_load,168,45,xgboost,38229.424124025885
2014-09-27 07:00:00,ecl,aggregate_load,168,45,xgboost,38964.02085765921
2014-09-27 08:00:00,ecl,aggregate_load,168,45,xgboost,36231.33440883651
2014-09-27 09:00:00,ecl,aggregate_load,168,45,xgboost,39799.8746624648
2014-09-27 10:00:00,ecl,aggregate_load,168,45,xgboost,36113.8498900734
2014-09-27 11:00:00,ecl,aggregate_load,168,45,xgboost,37505.90732023468
2014-09-27 12:00:00,ecl,aggregate_load,168,45,xgboost,36377.10927662708
2014-09-27 13:00:00,ecl,aggregate_load,168,45,xgboost,39966.08398465755
2014-09-27 14:00:00,ecl,aggregate_load,168,45,xgboost,41539.36333801794
2014-09-27 15:00:00,ecl,aggregate_load,168,45,xgboost,41680.208751700455
2014-09-27 16:00:00,ecl,aggregate_load,168,45,xgboost,43382.05388885611
2014-09-27 17:00:00,ecl,aggregate_load,168,45,xgboost,42449.537782116444
2014-09-27 18:00:00,ecl,aggregate_load,168,45,xgboost,39821.56608389587
2014-09-27 19:00:00,ecl,aggregate_load,168,45,xgboost,35326.60957750221
2014-09-27 20:00:00,ecl,aggregate_load,168,45,xgboost,35318.35793402092
2014-09-27 21:00:00,ecl,aggregate_load,168,45,xgboost,36891.93922641144
2014-09-27 22:00:00,ecl,aggregate_load,168,45,xgboost,35375.385101210915
2014-09-27 23:00:00,ecl,aggregate_load,168,45,xgboost,34451.6495526352
2014-09-28 00:00:00,ecl,aggregate_load,168,45,xgboost,31836.37101303006
2014-09-28 01:00:00,ecl,aggregate_load,168,45,xgboost,33136.295334649556
2014-09-28 02:00:00,ecl,aggregate_load,168,45,xgboost,33619.65585706068
2014-09-28 03:00:00,ecl,aggregate_load,168,45,xgboost,33020.89941428909
2014-09-28 04:00:00,ecl,aggregate_load,168,45,xgboost,34477.27118878481
2014-09-28 05:00:00,ecl,aggregate_load,168,45,xgboost,33908.24274290138
2014-09-28 06:00:00,ecl,aggregate_load,168,45,xgboost,33175.43797710731
2014-09-28 07:00:00,ecl,aggregate_load,168,45,xgboost,34985.599238760384
2014-09-28 08:00:00,ecl,aggregate_load,168,45,xgboost,33767.73471576002
2014-09-28 09:00:00,ecl,aggregate_load,168,45,xgboost,33428.816531064665
2014-09-28 10:00:00,ecl,aggregate_load,168,45,xgboost,32675.821922685853
2014-09-28 11:00:00,ecl,aggregate_load,168,45,xgboost,34898.21894366975
2014-09-28 12:00:00,ecl,aggregate_load,168,45,xgboost,34176.430852354206
2014-09-28 13:00:00,ecl,aggregate_load,168,45,xgboost,36157.33354121027
2014-09-28 14:00:00,ecl,aggregate_load,168,45,xgboost,37622.12204287995
2014-09-28 15:00:00,ecl,aggregate_load,168,45,xgboost,38112.44533351866
2014-09-28 16:00:00,ecl,aggregate_load,168,45,xgboost,47656.748244526825
2014-09-28 17:00:00,ecl,aggregate_load,168,45,xgboost,52198.279151347866
2014-09-28 18:00:00,ecl,aggregate_load,168,45,xgboost,44995.533242862104
2014-09-28 19:00:00,ecl,aggregate_load,168,45,xgboost,44880.66248504583
2014-09-28 20:00:00,ecl,aggregate_load,168,45,xgboost,44439.18935944511
2014-09-28 21:00:00,ecl,aggregate_load,168,45,xgboost,46367.22618787379
2014-09-28 22:00:00,ecl,aggregate_load,168,45,xgboost,51138.5490472311
2014-09-28 23:00:00,ecl,aggregate_load,168,45,xgboost,48229.072232383915
2014-09-29 00:00:00,ecl,aggregate_load,168,45,xgboost,39059.50699630792
2014-09-29 01:00:00,ecl,aggregate_load,168,45,xgboost,41169.72872335622
2014-09-29 02:00:00,ecl,aggregate_load,168,45,xgboost,42298.655203678216
2014-09-29 03:00:00,ecl,aggregate_load,168,45,xgboost,41696.144170368636
2014-09-29 04:00:00,ecl,aggregate_load,168,45,xgboost,44344.76044406553
2014-09-29 05:00:00,ecl,aggregate_load,168,45,xgboost,46287.377970735535
2014-09-29 06:00:00,ecl,aggregate_load,168,45,xgboost,43836.819273093955
2014-09-29 07:00:00,ecl,aggregate_load,168,45,xgboost,42148.177127484334
2014-09-29 08:00:00,ecl,aggregate_load,168,45,xgboost,42394.62474300944
2014-09-29 09:00:00,ecl,aggregate_load,168,45,xgboost,41404.63637803901
2014-09-29 10:00:00,ecl,aggregate_load,168,45,xgboost,40284.20400176811
2014-09-29 11:00:00,ecl,aggregate_load,168,45,xgboost,42156.24240455542
2014-09-29 12:00:00,ecl,aggregate_load,168,45,xgboost,42744.597014521634
2014-09-29 13:00:00,ecl,aggregate_load,168,45,xgboost,45873.802185678025
2014-09-29 14:00:00,ecl,aggregate_load,168,45,xgboost,44853.89148316381
2014-09-29 15:00:00,ecl,aggregate_load,168,45,xgboost,44020.99642769691
2014-09-29 16:00:00,ecl,aggregate_load,168,45,xgboost,48123.86601018171
2014-09-29 17:00:00,ecl,aggregate_load,168,45,xgboost,49358.438241242155
2014-09-29 18:00:00,ecl,aggregate_load,168,45,xgboost,48659.18214577831
2014-09-29 19:00:00,ecl,aggregate_load,168,45,xgboost,47416.04317544169
2014-09-29 20:00:00,ecl,aggregate_load,168,45,xgboost,46788.77906386245
2014-09-29 21:00:00,ecl,aggregate_load,168,45,xgboost,50283.39169855642
2014-09-29 22:00:00,ecl,aggregate_load,168,45,xgboost,51651.8897043727
2014-09-29 23:00:00,ecl,aggregate_load,168,45,xgboost,47407.2832461839
2014-09-30 00:00:00,ecl,aggregate_load,168,45,xgboost,46361.07173564118
2014-09-30 01:00:00,ecl,aggregate_load,168,45,xgboost,48219.18390323718
2014-09-30 02:00:00,ecl,aggregate_load,168,45,xgboost,44621.5793200064
2014-09-30 03:00:00,ecl,aggregate_load,168,45,xgboost,45876.80975796947
2014-09-30 04:00:00,ecl,aggregate_load,168,45,xgboost,50450.34542157615
2014-09-30 05:00:00,ecl,aggregate_load,168,45,xgboost,51549.029375930695
2014-09-30 06:00:00,ecl,aggregate_load,168,45,xgboost,51286.50431414287
2014-09-30 07:00:00,ecl,aggregate_load,168,45,xgboost,49519.216912688855
2014-09-30 08:00:00,ecl,aggregate_load,168,45,xgboost,50043.470446917185
2014-09-30 09:00:00,ecl,aggregate_load,168,45,xgboost,47923.23152543865
2014-09-30 10:00:00,ecl,aggregate_load,168,45,xgboost,45342.862899212865
2014-09-30 11:00:00,ecl,aggregate_load,168,45,xgboost,45125.02752139862
2014-09-30 12:00:00,ecl,aggregate_load,168,45,xgboost,47473.517125392485
2014-09-30 13:00:00,ecl,aggregate_load,168,45,xgboost,49897.85307235833
2014-09-30 14:00:00,ecl,aggregate_load,168,45,xgboost,49431.572938151745
2014-09-30 15:00:00,ecl,aggregate_load,168,45,xgboost,49669.16413630083
2014-09-30 16:00:00,ecl,aggregate_load,168,45,xgboost,50488.320387795626
2014-09-30 17:00:00,ecl,aggregate_load,168,45,xgboost,50795.75850770077
2014-09-30 18:00:00,ecl,aggregate_load,168,45,xgboost,47000.32906804422
2014-09-30 19:00:00,ecl,aggregate_load,168,45,xgboost,45503.21209827716
2014-09-30 20:00:00,ecl,aggregate_load,168,45,xgboost,46765.10065561994
2014-09-30 21:00:00,ecl,aggregate_load,168,45,xgboost,45818.87659777127
2014-09-30 22:00:00,ecl,aggregate_load,168,45,xgboost,46613.2972445123
2014-09-30 23:00:00,ecl,aggregate_load,168,45,xgboost,44246.456632079295
2014-10-01 00:00:00,ecl,aggregate_load,168,45,xgboost,49799.64780616239
2014-10-01 01:00:00,ecl,aggregate_load,168,45,xgboost,48605.94381543325
2014-10-01 02:00:00,ecl,aggregate_load,168,45,xgboost,49655.57751395848
2014-10-01 03:00:00,ecl,aggregate_load,168,45,xgboost,48307.56967270391
2014-10-01 04:00:00,ecl,aggregate_load,168,45,xgboost,52231.41956912541
2014-10-01 05:00:00,ecl,aggregate_load,168,45,xgboost,56287.25242692789
2014-10-01 06:00:00,ecl,aggregate_load,168,45,xgboost,53952.52185374404
2014-10-01 07:00:00,ecl,aggregate_load,168,45,xgboost,55706.101877850924
2014-10-01 08:00:00,ecl,aggregate_load,168,45,xgboost,59580.80272202524
2014-10-01 09:00:00,ecl,aggregate_load,168,45,xgboost,55025.07527199986
2014-10-01 10:00:00,ecl,aggregate_load,168,45,xgboost,54144.77917172536
2014-10-01 11:00:00,ecl,aggregate_load,168,45,xgboost,46546.12631643618
2014-10-01 12:00:00,ecl,aggregate_load,168,45,xgboost,50445.540943835265
2014-10-01 13:00:00,ecl,aggregate_load,168,45,xgboost,49709.5282102943
2014-10-01 14:00:00,ecl,aggregate_load,168,45,xgboost,39158.96357600838
2014-10-01 15:00:00,ecl,aggregate_load,168,45,xgboost,36475.82080397014
2014-10-01 16:00:00,ecl,aggregate_load,168,45,xgboost,33303.129053427474
2014-10-01 17:00:00,ecl,aggregate_load,168,45,xgboost,36956.976748132336
2014-10-01 18:00:00,ecl,aggregate_load,168,45,xgboost,36893.22087984604
2014-10-01 19:00:00,ecl,aggregate_load,168,45,xgboost,36593.07899430313
2014-10-01 20:00:00,ecl,aggregate_load,168,45,xgboost,36452.803017765415
2014-10-01 21:00:00,ecl,aggregate_load,168,45,xgboost,36621.604289762974
2014-10-01 22:00:00,ecl,aggregate_load,168,45,xgboost,35686.750382533515
2014-10-01 23:00:00,ecl,aggregate_load,168,45,xgboost,29228.495368435648
2014-10-02 00:00:00,ecl,aggregate_load,168,45,xgboost,30886.259606458112
2014-10-02 01:00:00,ecl,aggregate_load,168,45,xgboost,33450.62682117244
2014-10-02 02:00:00,ecl,aggregate_load,168,45,xgboost,31106.651839674163
2014-10-02 03:00:00,ecl,aggregate_load,168,45,xgboost,33321.67263606297
2014-10-02 04:00:00,ecl,aggregate_load,168,45,xgboost,37209.918325844184
2014-10-02 05:00:00,ecl,aggregate_load,168,45,xgboost,39014.13553491832
2014-10-02 06:00:00,ecl,aggregate_load,168,45,xgboost,37426.471607784995
2014-10-02 07:00:00,ecl,aggregate_load,168,45,xgboost,39524.61420286946
2014-10-02 08:00:00,ecl,aggregate_load,168,45,xgboost,36762.18488622521
2014-10-02 09:00:00,ecl,aggregate_load,168,45,xgboost,39347.006818315036
2014-10-02 10:00:00,ecl,aggregate_load,168,45,xgboost,38628.00612390889
2014-10-02 11:00:00,ecl,aggregate_load,168,45,xgboost,41416.90334072005
2014-10-02 12:00:00,ecl,aggregate_load,168,45,xgboost,43527.44382510167
2014-10-02 13:00:00,ecl,aggregate_load,168,45,xgboost,41218.59656708868
2014-10-02 14:00:00,ecl,aggregate_load,168,45,xgboost,41077.46216387241
2014-10-02 15:00:00,ecl,aggregate_load,168,45,xgboost,42259.73109002487
2014-10-02 16:00:00,ecl,aggregate_load,168,45,xgboost,42820.8764199064
2014-10-02 17:00:00,ecl,aggregate_load,168,45,xgboost,43903.57736605003
2014-10-02 18:00:00,ecl,aggregate_load,168,45,xgboost,43245.39961645483
2014-10-02 19:00:00,ecl,aggregate_load,168,45,xgboost,43627.51976827796
2014-10-02 20:00:00,ecl,aggregate_load,168,45,xgboost,40629.71330549106
2014-10-02 21:00:00,ecl,aggregate_load,168,45,xgboost,43594.08676337424
2014-10-02 22:00:00,ecl,aggregate_load,168,45,xgboost,40217.175560582175
2014-10-02 23:00:00,ecl,aggregate_load,168,45,xgboost,35464.99946757705
2014-10-03 00:00:00,ecl,aggregate_load,168,45,xgboost,36147.89935543154
2014-10-03 01:00:00,ecl,aggregate_load,168,45,xgboost,39066.0922705131
2014-10-03 02:00:00,ecl,aggregate_load,168,45,xgboost,37690.03711109993
2014-10-03 03:00:00,ecl,aggregate_load,168,45,xgboost,39932.44962425524
2014-10-03 04:00:00,ecl,aggregate_load,168,45,xgboost,42725.04656667992
2014-10-03 05:00:00,ecl,aggregate_load,168,45,xgboost,40243.55465014138
2014-10-03 06:00:00,ecl,aggregate_load,168,45,xgboost,41954.19392938608
2014-10-03 07:00:00,ecl,aggregate_load,168,45,xgboost,41205.87107623013
2014-10-03 08:00:00,ecl,aggregate_load,168,45,xgboost,40033.191689126696
2014-10-03 09:00:00,ecl,aggregate_load,168,45,xgboost,43543.245663382986
2014-10-03 10:00:00,ecl,aggregate_load,168,45,xgboost,39960.21976711375
2014-10-03 11:00:00,ecl,aggregate_load,168,45,xgboost,39146.35922512445
2014-10-03 12:00:00,ecl,aggregate_load,168,45,xgboost,42451.9369746186
2014-10-03 13:00:00,ecl,aggregate_load,168,45,xgboost,39198.33728664529
2014-10-03 14:00:00,ecl,aggregate_load,168,45,xgboost,38444.578275035004
2014-10-03 15:00:00,ecl,aggregate_load,168,45,xgboost,38093.280777756976
2014-10-03 16:00:00,ecl,aggregate_load,168,45,xgboost,38694.16948796337
2014-10-03 17:00:00,ecl,aggregate_load,168,45,xgboost,43398.83487892834
2014-10-03 18:00:00,ecl,aggregate_load,168,45,xgboost,43500.76345690003
2014-10-03 19:00:00,ecl,aggregate_load,168,45,xgboost,41606.446835029594
2014-10-03 20:00:00,ecl,aggregate_load,168,45,xgboost,45488.01657297014
2014-10-03 21:00:00,ecl,aggregate_load,168,45,xgboost,46400.28418418953
2014-10-03 22:00:00,ecl,aggregate_load,168,45,xgboost,39163.470279340116
2014-10-03 23:00:00,ecl,aggregate_load,168,45,xgboost,37110.7905471947
2014-10-04 00:00:00,ecl,aggregate_load,168,45,xgboost,39837.44810603011
2014-10-04 01:00:00,ecl,aggregate_load,168,45,xgboost,40964.62593341552
2014-10-04 02:00:00,ecl,aggregate_load,168,45,xgboost,40177.454002112674
2014-10-04 03:00:00,ecl,aggregate_load,168,45,xgboost,41359.602967426894
2014-10-04 04:00:00,ecl,aggregate_load,168,45,xgboost,45342.10388447526
2014-10-04 05:00:00,ecl,aggregate_load,168,45,xgboost,43469.982610289204
2014-10-04 06:00:00,ecl,aggregate_load,168,45,xgboost,45147.114754798364
2014-10-04 07:00:00,ecl,aggregate_load,168,45,xgboost,45475.234679602465
2014-10-04 08:00:00,ecl,aggregate_load,168,45,xgboost,45280.42937965786
2014-10-04 09:00:00,ecl,aggregate_load,168,45,xgboost,48062.58078608906
2014-10-04 10:00:00,ecl,aggregate_load,168,45,xgboost,45269.456923438134
2014-10-04 11:00:00,ecl,aggregate_load,168,45,xgboost,50024.19733646083
2014-10-04 12:00:00,ecl,aggregate_load,168,45,xgboost,44050.31183568881
2014-10-04 13:00:00,ecl,aggregate_load,168,45,xgboost,38067.45788844296
2014-10-04 14:00:00,ecl,aggregate_load,168,45,xgboost,39075.78809048502
2014-10-04 15:00:00,ecl,aggregate_load,168,45,xgboost,38472.867592981886
2014-10-04 16:00:00,ecl,aggregate_load,168,45,xgboost,40381.393770632276
2014-10-04 17:00:00,ecl,aggregate_load,168,45,xgboost,39989.48764189316
2014-10-04 18:00:00,ecl,aggregate_load,168,45,xgboost,44095.00207330652
2014-10-04 19:00:00,ecl,aggregate_load,168,45,xgboost,37171.19009878853
2014-10-04 20:00:00,ecl,aggregate_load,168,45,xgboost,35956.59727024432
2014-10-04 21:00:00,ecl,aggregate_load,168,45,xgboost,39413.39869419899
2014-10-04 22:00:00,ecl,aggregate_load,168,45,xgboost,36766.17707647466
2014-10-04 23:00:00,ecl,aggregate_load,168,45,xgboost,33132.97433188829
2014-10-05 00:00:00,ecl,aggregate_load,168,45,xgboost,35793.44896195071
2014-10-05 01:00:00,ecl,aggregate_load,168,45,xgboost,38431.243416597616
2014-10-05 02:00:00,ecl,aggregate_load,168,45,xgboost,37908.44030614642
2014-10-05 03:00:00,ecl,aggregate_load,168,45,xgboost,40771.29423153057
2014-10-05 04:00:00,ecl,aggregate_load,168,45,xgboost,44084.69902032315
2014-10-05 05:00:00,ecl,aggregate_load,168,45,xgboost,39103.95422694437
2014-10-05 06:00:00,ecl,aggregate_load,168,45,xgboost,39140.29498966844
2014-10-05 07:00:00,ecl,aggregate_load,168,45,xgboost,38910.81676552356
2014-10-05 08:00:00,ecl,aggregate_load,168,45,xgboost,36406.04436415051
2014-10-05 09:00:00,ecl,aggregate_load,168,45,xgboost,40023.83431720549
2014-10-05 10:00:00,ecl,aggregate_load,168,45,xgboost,39112.08139828298
2014-10-05 11:00:00,ecl,aggregate_load,168,45,xgboost,38234.81698194299
2014-10-05 12:00:00,ecl,aggregate_load,168,45,xgboost,35582.35758795998
2014-10-05 13:00:00,ecl,aggregate_load,168,45,xgboost,32537.13533040195
2014-10-05 14:00:00,ecl,aggregate_load,168,45,xgboost,31542.78088940495
2014-10-05 15:00:00,ecl,aggregate_load,168,45,xgboost,32912.318889115
2014-10-05 16:00:00,ecl,aggregate_load,168,45,xgboost,41032.92954058325
2014-10-05 17:00:00,ecl,aggregate_load,168,45,xgboost,43180.74668395346
2014-10-05 18:00:00,ecl,aggregate_load,168,45,xgboost,31468.110086452107
2014-10-05 19:00:00,ecl,aggregate_load,168,45,xgboost,31766.32258122329
2014-10-05 20:00:00,ecl,aggregate_load,168,45,xgboost,37340.90429550632
2014-10-05 21:00:00,ecl,aggregate_load,168,45,xgboost,43833.85929885458
2014-10-05 22:00:00,ecl,aggregate_load,168,45,xgboost,50144.34545068028
2014-10-05 23:00:00,ecl,aggregate_load,168,45,xgboost,47910.781708378054
2014-10-06 00:00:00,ecl,aggregate_load,168,45,xgboost,42805.32460689201
2014-10-06 01:00:00,ecl,aggregate_load,168,45,xgboost,43254.499038460286
2014-10-06 02:00:00,ecl,aggregate_load,168,45,xgboost,43907.58336129024
2014-10-06 03:00:00,ecl,aggregate_load,168,45,xgboost,41739.94383437719
2014-10-06 04:00:00,ecl,aggregate_load,168,45,xgboost,43274.20874638994
2014-10-06 05:00:00,ecl,aggregate_load,168,45,xgboost,42551.71398870469
2014-10-06 06:00:00,ecl,aggregate_load,168,45,xgboost,45252.10219053304
2014-10-06 07:00:00,ecl,aggregate_load,168,45,xgboost,43608.42141896301
2014-10-06 08:00:00,ecl,aggregate_load,168,45,xgboost,45713.37981723226
2014-10-06 09:00:00,ecl,aggregate_load,168,45,xgboost,40171.632394230786
2014-10-06 10:00:00,ecl,aggregate_load,168,45,xgboost,43004.77317617113
2014-10-06 11:00:00,ecl,aggregate_load,168,45,xgboost,39995.34795277618
2014-10-06 12:00:00,ecl,aggregate_load,168,45,xgboost,42138.06623073348
2014-10-06 13:00:00,ecl,aggregate_load,168,45,xgboost,43524.8766906382
2014-10-06 14:00:00,ecl,aggregate_load,168,45,xgboost,44813.39373062468
2014-10-06 15:00:00,ecl,aggregate_load,168,45,xgboost,43183.15550131626
2014-10-06 16:00:00,ecl,aggregate_load,168,45,xgboost,38709.079828249676
2014-10-06 17:00:00,ecl,aggregate_load,168,45,xgboost,40097.22823029865
2014-10-06 18:00:00,ecl,aggregate_load,168,45,xgboost,43125.727887900466
2014-10-06 19:00:00,ecl,aggregate_load,168,45,xgboost,44699.16419472064
2014-10-06 20:00:00,ecl,aggregate_load,168,45,xgboost,39606.703225613186
2014-10-06 21:00:00,ecl,aggregate_load,168,45,xgboost,35824.66129965312
2014-10-06 22:00:00,ecl,aggregate_load,168,45,xgboost,37319.10032027532
2014-10-06 23:00:00,ecl,aggregate_load,168,45,xgboost,38849.50845978652
2014-10-07 00:00:00,ecl,aggregate_load,168,45,xgboost,37294.793498691004
2014-10-07 01:00:00,ecl,aggregate_load,168,45,xgboost,36992.836551899876
2014-10-07 02:00:00,ecl,aggregate_load,168,45,xgboost,35664.54811538701
2014-10-07 03:00:00,ecl,aggregate_load,168,45,xgboost,35662.139614061605
2014-10-07 04:00:00,ecl,aggregate_load,168,45,xgboost,37044.696831495276
2014-10-07 05:00:00,ecl,aggregate_load,168,45,xgboost,37466.50192401111
2014-10-07 06:00:00,ecl,aggregate_load,168,45,xgboost,36806.25379190569
2014-10-07 07:00:00,ecl,aggregate_load,168,45,xgboost,32957.44671896606
2014-10-07 08:00:00,ecl,aggregate_load,168,45,xgboost,35520.80883975416
2014-10-07 09:00:00,ecl,aggregate_load,168,45,xgboost,35571.48145058501
2014-10-07 10:00:00,ecl,aggregate_load,168,45,xgboost,31866.53687374983
2014-10-07 11:00:00,ecl,aggregate_load,168,45,xgboost,30186.259078195475
2014-10-07 12:00:00,ecl,aggregate_load,168,45,xgboost,33146.89714281769
2014-10-07 13:00:00,ecl,aggregate_load,168,45,xgboost,39969.86897898569
2014-10-07 14:00:00,ecl,aggregate_load,168,45,xgboost,37544.510196821495
2014-10-07 15:00:00,ecl,aggregate_load,168,45,xgboost,37896.69247003887
2014-10-07 16:00:00,ecl,aggregate_load,168,45,xgboost,38571.70701884659
2014-10-07 17:00:00,ecl,aggregate_load,168,45,xgboost,41244.30175396552
2014-10-07 18:00:00,ecl,aggregate_load,168,45,xgboost,40335.09705147849
2014-10-07 19:00:00,ecl,aggregate_load,168,45,xgboost,41550.320896045865
2014-10-07 20:00:00,ecl,aggregate_load,168,45,xgboost,42860.325943311094
2014-10-07 21:00:00,ecl,aggregate_load,168,45,xgboost,44867.76223980823
2014-10-07 22:00:00,ecl,aggregate_load,168,45,xgboost,39885.5017274219
2014-10-07 23:00:00,ecl,aggregate_load,168,45,xgboost,48993.2966575133
2014-10-08 00:00:00,ecl,aggregate_load,168,45,xgboost,48843.4173546581
2014-10-08 01:00:00,ecl,aggregate_load,168,45,xgboost,51343.13780119186
2014-10-08 02:00:00,ecl,aggregate_load,168,45,xgboost,52827.51913491889
2014-10-08 03:00:00,ecl,aggregate_load,168,45,xgboost,54361.13985095334
2014-10-08 04:00:00,ecl,aggregate_load,168,45,xgboost,55881.24763697869
2014-10-08 05:00:00,ecl,aggregate_load,168,45,xgboost,53593.56224324891
2014-10-08 06:00:00,ecl,aggregate_load,168,45,xgboost,54845.32992824497
2014-10-08 07:00:00,ecl,aggregate_load,168,45,xgboost,53517.33881827671
2014-10-08 08:00:00,ecl,aggregate_load,168,45,xgboost,53711.9195758139
2014-10-08 09:00:00,ecl,aggregate_load,168,45,xgboost,54156.40017757597
2014-10-08 10:00:00,ecl,aggregate_load,168,45,xgboost,56342.04282761204
2014-10-08 11:00:00,ecl,aggregate_load,168,45,xgboost,58674.36481101303
2014-10-08 12:00:00,ecl,aggregate_load,168,45,xgboost,61840.54851726212
2014-10-08 13:00:00,ecl,aggregate_load,168,45,xgboost,64359.363742246656
2014-10-08 14:00:00,ecl,aggregate_load,168,45,xgboost,69146.04240838214
2014-10-08 15:00:00,ecl,aggregate_load,168,45,xgboost,71148.7850341909
2014-10-08 16:00:00,ecl,aggregate_load,168,45,xgboost,68570.15312708805
2014-10-08 17:00:00,ecl,aggregate_load,168,45,xgboost,65447.31583317014
2014-10-08 18:00:00,ecl,aggregate_load,168,45,xgboost,72111.38236138449
2014-10-08 19:00:00,ecl,aggregate_load,168,45,xgboost,61953.26896536701
2014-10-08 20:00:00,ecl,aggregate_load,168,45,xgboost,67774.82781502152
2014-10-08 21:00:00,ecl,aggregate_load,168,45,xgboost,72018.60709800578
2014-10-08 22:00:00,ecl,aggregate_load,168,45,xgboost,74022.92536259137
2014-10-08 23:00:00,ecl,aggregate_load,168,45,xgboost,61964.56336572954
2014-10-09 00:00:00,ecl,aggregate_load,168,45,xgboost,64861.913308858406
2014-10-09 01:00:00,ecl,aggregate_load,168,45,xgboost,67201.84467490863
2014-10-09 02:00:00,ecl,aggregate_load,168,45,xgboost,69155.12619722946
2014-10-09 03:00:00,ecl,aggregate_load,168,45,xgboost,72144.06367727826
2014-10-09 04:00:00,ecl,aggregate_load,168,45,xgboost,74916.43210798468
2014-10-09 05:00:00,ecl,aggregate_load,168,45,xgboost,69050.04332316227
2014-10-09 06:00:00,ecl,aggregate_load,168,45,xgboost,71829.02932373268
2014-10-09 07:00:00,ecl,aggregate_load,168,45,xgboost,73456.57465658049
2014-10-09 08:00:00,ecl,aggregate_load,168,45,xgboost,73636.55306856727
2014-10-09 09:00:00,ecl,aggregate_load,168,45,xgboost,76751.94237143414
2014-10-09 10:00:00,ecl,aggregate_load,168,45,xgboost,76379.4665635025
2014-10-09 11:00:00,ecl,aggregate_load,168,45,xgboost,77017.76363411694
2014-10-09 12:00:00,ecl,aggregate_load,168,45,xgboost,71019.97519639212
2014-10-09 13:00:00,ecl,aggregate_load,168,45,xgboost,77444.00898622832
2014-10-09 14:00:00,ecl,aggregate_load,168,45,xgboost,71292.30533594219
2014-10-09 15:00:00,ecl,aggregate_load,168,45,xgboost,69717.1770752218
2014-10-09 16:00:00,ecl,aggregate_load,168,45,xgboost,66076.18430640412
2014-10-09 17:00:00,ecl,aggregate_load,168,45,xgboost,63956.74823035355
2014-10-09 18:00:00,ecl,aggregate_load,168,45,xgboost,64214.7825884411
2014-10-09 19:00:00,ecl,aggregate_load,168,45,xgboost,54259.47369962184
2014-10-09 20:00:00,ecl,aggregate_load,168,45,xgboost,59333.40097732357
2014-10-09 21:00:00,ecl,aggregate_load,168,45,xgboost,60223.78817654814
2014-10-09 22:00:00,ecl,aggregate_load,168,45,xgboost,57779.560555422875
2014-10-09 23:00:00,ecl,aggregate_load,168,45,xgboost,49379.41788702212
2014-10-10 00:00:00,ecl,aggregate_load,168,45,xgboost,47700.27115787081
2014-10-10 01:00:00,ecl,aggregate_load,168,45,xgboost,47771.93325186933
2014-10-10 02:00:00,ecl,aggregate_load,168,45,xgboost,49667.43505574258
2014-10-10 03:00:00,ecl,aggregate_load,168,45,xgboost,49173.03933667745
2014-10-10 04:00:00,ecl,aggregate_load,168,45,xgboost,49680.27841646759
2014-10-10 05:00:00,ecl,aggregate_load,168,45,xgboost,48218.28763589566
2014-10-10 06:00:00,ecl,aggregate_load,168,45,xgboost,49616.55667690028
2014-10-10 07:00:00,ecl,aggregate_load,168,45,xgboost,48816.82256380074
2014-10-10 08:00:00,ecl,aggregate_load,168,45,xgboost,49371.87071294051
2014-10-10 09:00:00,ecl,aggregate_load,168,45,xgboost,49588.40060008977
2014-10-10 10:00:00,ecl,aggregate_load,168,45,xgboost,51142.502832857695
2014-10-10 11:00:00,ecl,aggregate_load,168,45,xgboost,51948.15949209976
2014-10-10 12:00:00,ecl,aggregate_load,168,45,xgboost,44736.38707426969
2014-10-10 13:00:00,ecl,aggregate_load,168,45,xgboost,48622.15579511524
2014-10-10 14:00:00,ecl,aggregate_load,168,45,xgboost,50761.87880318906
2014-10-10 15:00:00,ecl,aggregate_load,168,45,xgboost,50761.71744985991
2014-10-10 16:00:00,ecl,aggregate_load,168,45,xgboost,54581.66119633744
2014-10-10 17:00:00,ecl,aggregate_load,168,45,xgboost,47231.29888796734
2014-10-10 18:00:00,ecl,aggregate_load,168,45,xgboost,46511.061282455856
2014-10-10 19:00:00,ecl,aggregate_load,168,45,xgboost,46769.78494132355
2014-10-10 20:00:00,ecl,aggregate_load,168,45,xgboost,48714.37981477155
2014-10-10 21:00:00,ecl,aggregate_load,168,45,xgboost,52063.343888035684
2014-10-10 22:00:00,ecl,aggregate_load,168,45,xgboost,51807.261158150795
2014-10-10 23:00:00,ecl,aggregate_load,168,45,xgboost,47757.20063402342
2014-10-11 00:00:00,ecl,aggregate_load,168,45,xgboost,48705.76412332409
2014-10-11 01:00:00,ecl,aggregate_load,168,45,xgboost,51578.85855890642
2014-10-11 02:00:00,ecl,aggregate_load,168,45,xgboost,52435.039735538754
2014-10-11 03:00:00,ecl,aggregate_load,168,45,xgboost,52279.927187982124
2014-10-11 04:00:00,ecl,aggregate_load,168,45,xgboost,51236.855960116176
2014-10-11 05:00:00,ecl,aggregate_load,168,45,xgboost,52105.57539727866
2014-10-11 06:00:00,ecl,aggregate_load,168,45,xgboost,53284.38289587925
2014-10-11 07:00:00,ecl,aggregate_load,168,45,xgboost,52798.61011814707
2014-10-11 08:00:00,ecl,aggregate_load,168,45,xgboost,51258.46444857543
2014-10-11 09:00:00,ecl,aggregate_load,168,45,xgboost,50969.99746685221
2014-10-11 10:00:00,ecl,aggregate_load,168,45,xgboost,53924.02187847848
2014-10-11 11:00:00,ecl,aggregate_load,168,45,xgboost,53112.13877785784
2014-10-11 12:00:00,ecl,aggregate_load,168,45,xgboost,48065.70767595201
2014-10-11 13:00:00,ecl,aggregate_load,168,45,xgboost,46819.410455385165
2014-10-11 14:00:00,ecl,aggregate_load,168,45,xgboost,43442.08818103668
2014-10-11 15:00:00,ecl,aggregate_load,168,45,xgboost,42002.7640205187
2014-10-11 16:00:00,ecl,aggregate_load,168,45,xgboost,45183.85170180679
2014-10-11 17:00:00,ecl,aggregate_load,168,45,xgboost,44257.22825582888
2014-10-11 18:00:00,ecl,aggregate_load,168,45,xgboost,47569.23402270132
2014-10-11 19:00:00,ecl,aggregate_load,168,45,xgboost,50336.88742922955
2014-10-11 20:00:00,ecl,aggregate_load,168,45,xgboost,49758.36650094777
2014-10-11 21:00:00,ecl,aggregate_load,168,45,xgboost,50424.55808245736
2014-10-11 22:00:00,ecl,aggregate_load,168,45,xgboost,45405.097231298314
2014-10-11 23:00:00,ecl,aggregate_load,168,45,xgboost,41225.012978299856
2014-10-12 00:00:00,ecl,aggregate_load,168,45,xgboost,41255.960159388145
2014-10-12 01:00:00,ecl,aggregate_load,168,45,xgboost,41823.660060913266
2014-10-12 02:00:00,ecl,aggregate_load,168,45,xgboost,41023.52718332239
2014-10-12 03:00:00,ecl,aggregate_load,168,45,xgboost,42952.86536996687
2014-10-12 04:00:00,ecl,aggregate_load,168,45,xgboost,43946.45907367267
2014-10-12 05:00:00,ecl,aggregate_load,168,45,xgboost,43408.67574552006
2014-10-12 06:00:00,ecl,aggregate_load,168,45,xgboost,42904.56580343309
2014-10-12 07:00:00,ecl,aggregate_load,168,45,xgboost,44403.93739660765
2014-10-12 08:00:00,ecl,aggregate_load,168,45,xgboost,43692.28444493517
2014-10-12 09:00:00,ecl,aggregate_load,168,45,xgboost,40843.08766545286
2014-10-12 10:00:00,ecl,aggregate_load,168,45,xgboost,44100.45630568695
2014-10-12 11:00:00,ecl,aggregate_load,168,45,xgboost,44358.852984781435
2014-10-12 12:00:00,ecl,aggregate_load,168,45,xgboost,43399.79492823978
2014-10-12 13:00:00,ecl,aggregate_load,168,45,xgboost,43799.57706560984
2014-10-12 14:00:00,ecl,aggregate_load,168,45,xgboost,45694.245586167825
2014-10-12 15:00:00,ecl,aggregate_load,168,45,xgboost,46693.39033244134
2014-10-12 16:00:00,ecl,aggregate_load,168,45,xgboost,47719.05087263895
2014-10-12 17:00:00,ecl,aggregate_load,168,45,xgboost,49693.227143875505
2014-10-12 18:00:00,ecl,aggregate_load,168,45,xgboost,50660.97780969123
2014-10-12 19:00:00,ecl,aggregate_load,168,45,xgboost,50647.97283284406
2014-10-12 20:00:00,ecl,aggregate_load,168,45,xgboost,50370.5664928767
2014-10-12 21:00:00,ecl,aggregate_load,168,45,xgboost,51303.851120259395
2014-10-12 22:00:00,ecl,aggregate_load,168,45,xgboost,51697.861877518626
2014-10-12 23:00:00,ecl,aggregate_load,168,45,xgboost,48749.87038527456
2014-10-13 00:00:00,ecl,aggregate_load,168,45,xgboost,46543.135978044804
2014-10-13 01:00:00,ecl,aggregate_load,168,45,xgboost,45325.49013503804
2014-10-13 02:00:00,ecl,aggregate_load,168,45,xgboost,46129.583184747535
2014-10-13 03:00:00,ecl,aggregate_load,168,45,xgboost,47083.66104844115
2014-10-13 04:00:00,ecl,aggregate_load,168,45,xgboost,49977.33918050171
2014-10-13 05:00:00,ecl,aggregate_load,168,45,xgboost,49131.47146032277
2014-10-13 06:00:00,ecl,aggregate_load,168,45,xgboost,51670.04321536199
2014-10-13 07:00:00,ecl,aggregate_load,168,45,xgboost,52419.54606954687
2014-10-13 08:00:00,ecl,aggregate_load,168,45,xgboost,52723.75526426409
2014-10-13 09:00:00,ecl,aggregate_load,168,45,xgboost,50018.021031390796
2014-10-13 10:00:00,ecl,aggregate_load,168,45,xgboost,52185.61691870128
2014-10-13 11:00:00,ecl,aggregate_load,168,45,xgboost,50652.03948323176
2014-10-13 12:00:00,ecl,aggregate_load,168,45,xgboost,53161.76277576021
2014-10-13 13:00:00,ecl,aggregate_load,168,45,xgboost,54556.91522911441
2014-10-13 14:00:00,ecl,aggregate_load,168,45,xgboost,54220.0153311754
2014-10-13 15:00:00,ecl,aggregate_load,168,45,xgboost,55088.67960154511
2014-10-13 16:00:00,ecl,aggregate_load,168,45,xgboost,54487.102606403896
2014-10-13 17:00:00,ecl,aggregate_load,168,45,xgboost,58515.40206231247
2014-10-13 18:00:00,ecl,aggregate_load,168,45,xgboost,64522.84361726052
2014-10-13 19:00:00,ecl,aggregate_load,168,45,xgboost,62128.860973631694
2014-10-13 20:00:00,ecl,aggregate_load,168,45,xgboost,61854.01956054026
2014-10-13 21:00:00,ecl,aggregate_load,168,45,xgboost,63035.88280216964
2014-10-13 22:00:00,ecl,aggregate_load,168,45,xgboost,71569.81694927173
2014-10-13 23:00:00,ecl,aggregate_load,168,45,xgboost,66193.51255290252
2014-10-14 00:00:00,ecl,aggregate_load,168,45,xgboost,65890.71722026588
2014-10-14 01:00:00,ecl,aggregate_load,168,45,xgboost,63546.911673632094
2014-10-14 02:00:00,ecl,aggregate_load,168,45,xgboost,64994.38705943436
2014-10-14 03:00:00,ecl,aggregate_load,168,45,xgboost,68136.01409818295
2014-10-14 04:00:00,ecl,aggregate_load,168,45,xgboost,68549.64614670804
2014-10-14 05:00:00,ecl,aggregate_load,168,45,xgboost,67472.38703074171
2014-10-14 06:00:00,ecl,aggregate_load,168,45,xgboost,68687.53868372727
2014-10-14 07:00:00,ecl,aggregate_load,168,45,xgboost,72774.57816422099
2014-10-14 08:00:00,ecl,aggregate_load,168,45,xgboost,72094.97251621081
2014-10-14 09:00:00,ecl,aggregate_load,168,45,xgboost,70858.74872667181
2014-10-14 10:00:00,ecl,aggregate_load,168,45,xgboost,69528.76026787664
2014-10-14 11:00:00,ecl,aggregate_load,168,45,xgboost,82493.45502389262
2014-10-14 12:00:00,ecl,aggregate_load,168,45,xgboost,87039.281969748
2014-10-14 13:00:00,ecl,aggregate_load,168,45,xgboost,82667.67059894622
2014-10-14 14:00:00,ecl,aggregate_load,168,45,xgboost,86153.72307986821
2014-10-14 15:00:00,ecl,aggregate_load,168,45,xgboost,81978.44571807218
2014-10-14 16:00:00,ecl,aggregate_load,168,45,xgboost,83057.743894399
2014-10-14 17:00:00,ecl,aggregate_load,168,45,xgboost,84442.8596220658
2014-10-14 18:00:00,ecl,aggregate_load,168,45,xgboost,92857.33864533059
2014-10-14 19:00:00,ecl,aggregate_load,168,45,xgboost,101367.2309520853
2014-10-14 20:00:00,ecl,aggregate_load,168,45,xgboost,99211.04570546128
2014-10-14 21:00:00,ecl,aggregate_load,168,45,xgboost,98487.48051830484
2014-10-14 22:00:00,ecl,aggregate_load,168,45,xgboost,103609.38796461775
2014-10-14 23:00:00,ecl,aggregate_load,168,45,xgboost,105205.34193289548
2014-10-15 00:00:00,ecl,aggregate_load,168,45,xgboost,105414.96407483106
2014-10-15 01:00:00,ecl,aggregate_load,168,45,xgboost,104536.80885112836
2014-10-15 02:00:00,ecl,aggregate_load,168,45,xgboost,105679.10786229835
2014-10-15 03:00:00,ecl,aggregate_load,168,45,xgboost,104899.25292343347
2014-10-15 04:00:00,ecl,aggregate_load,168,45,xgboost,105080.73658163499
2014-10-15 05:00:00,ecl,aggregate_load,168,45,xgboost,101951.56460924895
2014-10-15 06:00:00,ecl,aggregate_load,168,45,xgboost,105339.25905749423
2014-10-15 07:00:00,ecl,aggregate_load,168,45,xgboost,105222.43683342784
2014-10-15 08:00:00,ecl,aggregate_load,168,45,xgboost,105489.51239091759
2014-10-15 09:00:00,ecl,aggregate_load,168,45,xgboost,103973.40834763172
2014-10-15 10:00:00,ecl,aggregate_load,168,45,xgboost,96963.97686989389
2014-10-15 11:00:00,ecl,aggregate_load,168,45,xgboost,91247.50485471914
2014-10-15 12:00:00,ecl,aggregate_load,168,45,xgboost,87793.76137918804
2014-10-15 13:00:00,ecl,aggregate_load,168,45,xgboost,88484.24402493339
2014-10-15 14:00:00,ecl,aggregate_load,168,45,xgboost,81609.74830139217
2014-10-15 15:00:00,ecl,aggregate_load,168,45,xgboost,80127.09810850963
2014-10-15 16:00:00,ecl,aggregate_load,168,45,xgboost,87267.50469818388
2014-10-15 17:00:00,ecl,aggregate_load,168,45,xgboost,83307.67664724277
2014-10-15 18:00:00,ecl,aggregate_load,168,45,xgboost,89129.79351369917
2014-10-15 19:00:00,ecl,aggregate_load,168,45,xgboost,84749.8720529632
2014-10-15 20:00:00,ecl,aggregate_load,168,45,xgboost,82722.14849385322
2014-10-15 21:00:00,ecl,aggregate_load,168,45,xgboost,92877.84044990392
2014-10-15 22:00:00,ecl,aggregate_load,168,45,xgboost,110131.3001718044
2014-10-15 23:00:00,ecl,aggregate_load,168,45,xgboost,113482.68561598791
2014-10-16 00:00:00,ecl,aggregate_load,168,45,xgboost,110423.19973118098
2014-10-16 01:00:00,ecl,aggregate_load,168,45,xgboost,109161.85972978777
2014-10-16 02:00:00,ecl,aggregate_load,168,45,xgboost,106911.85395668083
2014-10-16 03:00:00,ecl,aggregate_load,168,45,xgboost,105876.96358147629
2014-10-16 04:00:00,ecl,aggregate_load,168,45,xgboost,105829.07319347443
2014-10-16 05:00:00,ecl,aggregate_load,168,45,xgboost,103978.42182730045
2014-10-16 06:00:00,ecl,aggregate_load,168,45,xgboost,107359.10182671773
2014-10-16 07:00:00,ecl,aggregate_load,168,45,xgboost,105334.69276863283
2014-10-16 08:00:00,ecl,aggregate_load,168,45,xgboost,108977.91015967977
2014-10-16 09:00:00,ecl,aggregate_load,168,45,xgboost,107493.13382181792
2014-10-16 10:00:00,ecl,aggregate_load,168,45,xgboost,102061.42567081568
2014-10-16 11:00:00,ecl,aggregate_load,168,45,xgboost,100272.9919466092
2014-10-16 12:00:00,ecl,aggregate_load,168,45,xgboost,103617.67729499127
2014-10-16 13:00:00,ecl,aggregate_load,168,45,xgboost,87015.25674591014
2014-10-16 14:00:00,ecl,aggregate_load,168,45,xgboost,99562.45471967114
2014-10-16 15:00:00,ecl,aggregate_load,168,45,xgboost,93932.75536185659
2014-10-16 16:00:00,ecl,aggregate_load,168,45,xgboost,101488.69683867593
2014-10-16 17:00:00,ecl,aggregate_load,168,45,xgboost,92507.48410510345
2014-10-16 18:00:00,ecl,aggregate_load,168,45,xgboost,98623.77241957418
2014-10-16 19:00:00,ecl,aggregate_load,168,45,xgboost,83273.38944738582
2014-10-16 20:00:00,ecl,aggregate_load,168,45,xgboost,83318.16533909964
2014-10-16 21:00:00,ecl,aggregate_load,168,45,xgboost,82953.22078928888
2014-10-16 22:00:00,ecl,aggregate_load,168,45,xgboost,89386.77704189332
2014-10-16 23:00:00,ecl,aggregate_load,168,45,xgboost,87700.41944509732
2014-10-17 00:00:00,ecl,aggregate_load,168,45,xgboost,89573.60408532724
2014-10-17 01:00:00,ecl,aggregate_load,168,45,xgboost,87883.65233998513
2014-10-17 02:00:00,ecl,aggregate_load,168,45,xgboost,88397.41464149114
2014-10-17 03:00:00,ecl,aggregate_load,168,45,xgboost,87684.62831040706
2014-10-17 04:00:00,ecl,aggregate_load,168,45,xgboost,87319.33585975191
2014-10-17 05:00:00,ecl,aggregate_load,168,45,xgboost,89803.12313574077
2014-10-17 06:00:00,ecl,aggregate_load,168,45,xgboost,86346.22349393106
2014-10-17 07:00:00,ecl,aggregate_load,168,45,xgboost,87750.23778837897
2014-10-17 08:00:00,ecl,aggregate_load,168,45,xgboost,90479.75029265939
2014-10-17 09:00:00,ecl,aggregate_load,168,45,xgboost,92941.27789313447
2014-10-17 10:00:00,ecl,aggregate_load,168,45,xgboost,83094.33482788656
2014-10-17 11:00:00,ecl,aggregate_load,168,45,xgboost,91619.61398833513
2014-10-17 12:00:00,ecl,aggregate_load,168,45,xgboost,85758.1076353275
2014-10-17 13:00:00,ecl,aggregate_load,168,45,xgboost,75887.08757448944
2014-10-17 14:00:00,ecl,aggregate_load,168,45,xgboost,81499.45382261902
2014-10-17 15:00:00,ecl,aggregate_load,168,45,xgboost,74634.96739168094
2014-10-17 16:00:00,ecl,aggregate_load,168,45,xgboost,84574.95832301506
2014-10-17 17:00:00,ecl,aggregate_load,168,45,xgboost,82418.12514434203
2014-10-17 18:00:00,ecl,aggregate_load,168,45,xgboost,80591.73965041913
2014-10-17 19:00:00,ecl,aggregate_load,168,45,xgboost,84321.53233901992
2014-10-17 20:00:00,ecl,aggregate_load,168,45,xgboost,82169.64599430482
2014-10-17 21:00:00,ecl,aggregate_load,168,45,xgboost,82877.71095990326
2014-10-17 22:00:00,ecl,aggregate_load,168,45,xgboost,89666.80178833964
2014-10-17 23:00:00,ecl,aggregate_load,168,45,xgboost,88719.23139370602
2014-10-18 00:00:00,ecl,aggregate_load,168,45,xgboost,86356.16033625568
2014-10-18 01:00:00,ecl,aggregate_load,168,45,xgboost,82905.81251271142
2014-10-18 02:00:00,ecl,aggregate_load,168,45,xgboost,83356.4271350553
2014-10-18 03:00:00,ecl,aggregate_load,168,45,xgboost,80516.27298543838
2014-10-18 04:00:00,ecl,aggregate_load,168,45,xgboost,81221.2544777779
2014-10-18 05:00:00,ecl,aggregate_load,168,45,xgboost,82576.28527520264
2014-10-18 06:00:00,ecl,aggregate_load,168,45,xgboost,76036.84407695183
2014-10-18 07:00:00,ecl,aggregate_load,168,45,xgboost,74801.02830776993
2014-10-18 08:00:00,ecl,aggregate_load,168,45,xgboost,76045.0845556866
2014-10-18 09:00:00,ecl,aggregate_load,168,45,xgboost,90150.69950527915
2014-10-18 10:00:00,ecl,aggregate_load,168,45,xgboost,89111.51930733588
2014-10-18 11:00:00,ecl,aggregate_load,168,45,xgboost,76444.05892974407
2014-10-18 12:00:00,ecl,aggregate_load,168,45,xgboost,72718.52064197269
2014-10-18 13:00:00,ecl,aggregate_load,168,45,xgboost,82040.82440000471
2014-10-18 14:00:00,ecl,aggregate_load,168,45,xgboost,73818.74551478765
2014-10-18 15:00:00,ecl,aggregate_load,168,45,xgboost,77125.02493898237
2014-10-18 16:00:00,ecl,aggregate_load,168,45,xgboost,76577.48079928862
2014-10-18 17:00:00,ecl,aggregate_load,168,45,xgboost,69945.74268851767
2014-10-18 18:00:00,ecl,aggregate_load,168,45,xgboost,67383.3800586556
2014-10-18 19:00:00,ecl,aggregate_load,168,45,xgboost,70492.06682105607
2014-10-18 20:00:00,ecl,aggregate_load,168,45,xgboost,72653.15962642201
2014-10-18 21:00:00,ecl,aggregate_load,168,45,xgboost,76929.73811611591
2014-10-18 22:00:00,ecl,aggregate_load,168,45,xgboost,79930.41640662235
2014-10-18 23:00:00,ecl,aggregate_load,168,45,xgboost,81031.65359937401
2014-10-19 00:00:00,ecl,aggregate_load,168,45,xgboost,77570.45457551998
2014-10-19 01:00:00,ecl,aggregate_load,168,45,xgboost,77929.00428419565
2014-10-19 02:00:00,ecl,aggregate_load,168,45,xgboost,81497.1102498832
2014-10-19 03:00:00,ecl,aggregate_load,168,45,xgboost,79335.03059113178
2014-10-19 04:00:00,ecl,aggregate_load,168,45,xgboost,83158.55809454752
2014-10-19 05:00:00,ecl,aggregate_load,168,45,xgboost,84042.00118931236
2014-10-19 06:00:00,ecl,aggregate_load,168,45,xgboost,77511.31773133184
2014-10-19 07:00:00,ecl,aggregate_load,168,45,xgboost,81736.83087088336
2014-10-19 08:00:00,ecl,aggregate_load,168,45,xgboost,84943.94670645308
2014-10-19 09:00:00,ecl,aggregate_load,168,45,xgboost,82698.885459253
2014-10-19 10:00:00,ecl,aggregate_load,168,45,xgboost,86277.84459411881
2014-10-19 11:00:00,ecl,aggregate_load,168,45,xgboost,81678.67323864275
2014-10-19 12:00:00,ecl,aggregate_load,168,45,xgboost,69507.09052496945
2014-10-19 13:00:00,ecl,aggregate_load,168,45,xgboost,71573.67551415914
2014-10-19 14:00:00,ecl,aggregate_load,168,45,xgboost,75750.80373824408
2014-10-19 15:00:00,ecl,aggregate_load,168,45,xgboost,63107.860838088374
2014-10-19 16:00:00,ecl,aggregate_load,168,45,xgboost,63526.18767845427
2014-10-19 17:00:00,ecl,aggregate_load,168,45,xgboost,62782.95866011364
2014-10-19 18:00:00,ecl,aggregate_load,168,45,xgboost,54424.441483292154
2014-10-19 19:00:00,ecl,aggregate_load,168,45,xgboost,41673.19719939954
2014-10-19 20:00:00,ecl,aggregate_load,168,45,xgboost,40843.43040813765
2014-10-19 21:00:00,ecl,aggregate_load,168,45,xgboost,42139.16800106402
2014-10-19 22:00:00,ecl,aggregate_load,168,45,xgboost,52367.8208949505
2014-10-19 23:00:00,ecl,aggregate_load,168,45,xgboost,49890.07075352506
2014-10-20 00:00:00,ecl,aggregate_load,168,45,xgboost,39913.90894447654
2014-10-20 01:00:00,ecl,aggregate_load,168,45,xgboost,55389.55993040336
2014-10-20 02:00:00,ecl,aggregate_load,168,45,xgboost,54658.6721357272
2014-10-20 03:00:00,ecl,aggregate_load,168,45,xgboost,46029.824464061276
2014-10-20 04:00:00,ecl,aggregate_load,168,45,xgboost,45561.8093634921
2014-10-20 05:00:00,ecl,aggregate_load,168,45,xgboost,39865.39000967884
2014-10-20 06:00:00,ecl,aggregate_load,168,45,xgboost,41655.95039472772
2014-10-20 07:00:00,ecl,aggregate_load,168,45,xgboost,40193.52131009152
2014-10-20 08:00:00,ecl,aggregate_load,168,45,xgboost,36791.31730640199
2014-10-20 09:00:00,ecl,aggregate_load,168,45,xgboost,41399.260897406064
2014-10-20 10:00:00,ecl,aggregate_load,168,45,xgboost,39819.18700446336
2014-10-20 11:00:00,ecl,aggregate_load,168,45,xgboost,33051.25875009551
2014-10-20 12:00:00,ecl,aggregate_load,168,45,xgboost,36853.608290391145
2014-10-20 13:00:00,ecl,aggregate_load,168,45,xgboost,40129.95645972358
2014-10-20 14:00:00,ecl,aggregate_load,168,45,xgboost,37936.46105741329
2014-10-20 15:00:00,ecl,aggregate_load,168,45,xgboost,38426.19728443409
2014-10-20 16:00:00,ecl,aggregate_load,168,45,xgboost,42241.613233786615
2014-10-20 17:00:00,ecl,aggregate_load,168,45,xgboost,44528.951809987506
2014-10-20 18:00:00,ecl,aggregate_load,168,45,xgboost,46826.121377245916
2014-10-20 19:00:00,ecl,aggregate_load,168,45,xgboost,47128.330322035945
2014-10-20 20:00:00,ecl,aggregate_load,168,45,xgboost,47370.11020978617
2014-10-20 21:00:00,ecl,aggregate_load,168,45,xgboost,41819.610687743385
2014-10-20 22:00:00,ecl,aggregate_load,168,45,xgboost,37012.37435590474
2014-10-20 23:00:00,ecl,aggregate_load,168,45,xgboost,33256.61142270508
2014-10-21 00:00:00,ecl,aggregate_load,168,45,xgboost,33233.22343357097
2014-10-21 01:00:00,ecl,aggregate_load,168,45,xgboost,38954.44523924009
2014-10-21 02:00:00,ecl,aggregate_load,168,45,xgboost,41819.87914715726
2014-10-21 03:00:00,ecl,aggregate_load,168,45,xgboost,44702.439644355276
2014-10-21 04:00:00,ecl,aggregate_load,168,45,xgboost,44881.10475752251
2014-10-21 05:00:00,ecl,aggregate_load,168,45,xgboost,44729.314030702575
2014-10-21 06:00:00,ecl,aggregate_load,168,45,xgboost,45120.40689892825
2014-10-21 07:00:00,ecl,aggregate_load,168,45,xgboost,46164.49869707438
2014-10-21 08:00:00,ecl,aggregate_load,168,45,xgboost,41640.30027247076
2014-10-21 09:00:00,ecl,aggregate_load,168,45,xgboost,43546.32435401825
2014-10-21 10:00:00,ecl,aggregate_load,168,45,xgboost,42721.85129227312
2014-10-21 11:00:00,ecl,aggregate_load,168,45,xgboost,39021.18346474314
2014-10-21 12:00:00,ecl,aggregate_load,168,45,xgboost,49037.137828411105
2014-10-21 13:00:00,ecl,aggregate_load,168,45,xgboost,52858.45198968084
2014-10-21 14:00:00,ecl,aggregate_load,168,45,xgboost,49635.86338642334
2014-10-21 15:00:00,ecl,aggregate_load,168,45,xgboost,54556.57366233541
2014-10-21 16:00:00,ecl,aggregate_load,168,45,xgboost,58460.127335683275
2014-10-21 17:00:00,ecl,aggregate_load,168,45,xgboost,58716.34243509252
2014-10-21 18:00:00,ecl,aggregate_load,168,45,xgboost,53103.69131713867
2014-10-21 19:00:00,ecl,aggregate_load,168,45,xgboost,48943.35764917793
2014-10-21 20:00:00,ecl,aggregate_load,168,45,xgboost,51196.410119595006
2014-10-21 21:00:00,ecl,aggregate_load,168,45,xgboost,46302.15698066943
2014-10-21 22:00:00,ecl,aggregate_load,168,45,xgboost,39297.8181110007
2014-10-21 23:00:00,ecl,aggregate_load,168,45,xgboost,32609.49685756873
2014-10-22 00:00:00,ecl,aggregate_load,168,45,xgboost,35568.351306837234
2014-10-22 01:00:00,ecl,aggregate_load,168,45,xgboost,36631.90364673192
2014-10-22 02:00:00,ecl,aggregate_load,168,45,xgboost,38343.26076265996
2014-10-22 03:00:00,ecl,aggregate_load,168,45,xgboost,39184.09577772042
2014-10-22 04:00:00,ecl,aggregate_load,168,45,xgboost,41490.43606652569
2014-10-22 05:00:00,ecl,aggregate_load,168,45,xgboost,38993.02424669332
2014-10-22 06:00:00,ecl,aggregate_load,168,45,xgboost,39695.944057641565
2014-10-22 07:00:00,ecl,aggregate_load,168,45,xgboost,39022.93549430008
2014-10-22 08:00:00,ecl,aggregate_load,168,45,xgboost,37723.300689440206
2014-10-22 09:00:00,ecl,aggregate_load,168,45,xgboost,41306.93434947087
2014-10-22 10:00:00,ecl,aggregate_load,168,45,xgboost,42871.55731812987
2014-10-22 11:00:00,ecl,aggregate_load,168,45,xgboost,42238.48432034548
2014-10-22 12:00:00,ecl,aggregate_load,168,45,xgboost,47920.77312120349
2014-10-22 13:00:00,ecl,aggregate_load,168,45,xgboost,59613.461225004845
2014-10-22 14:00:00,ecl,aggregate_load,168,45,xgboost,78310.19097317442
2014-10-22 15:00:00,ecl,aggregate_load,168,45,xgboost,60448.57231890998
2014-10-22 16:00:00,ecl,aggregate_load,168,45,xgboost,62603.69700406361
2014-10-22 17:00:00,ecl,aggregate_load,168,45,xgboost,64570.34952313089
2014-10-22 18:00:00,ecl,aggregate_load,168,45,xgboost,58049.09773750951
2014-10-22 19:00:00,ecl,aggregate_load,168,45,xgboost,45824.19639600853
2014-10-22 20:00:00,ecl,aggregate_load,168,45,xgboost,51313.576761559365
2014-10-22 21:00:00,ecl,aggregate_load,168,45,xgboost,49648.610646219975
2014-10-22 22:00:00,ecl,aggregate_load,168,45,xgboost,45930.84851596162
2014-10-22 23:00:00,ecl,aggregate_load,168,45,xgboost,32443.212028396687
2014-10-23 00:00:00,ecl,aggregate_load,168,45,xgboost,33486.348030223344
2014-10-23 01:00:00,ecl,aggregate_load,168,45,xgboost,35587.0058356281
2014-10-23 02:00:00,ecl,aggregate_load,168,45,xgboost,36482.317655189276
2014-10-23 03:00:00,ecl,aggregate_load,168,45,xgboost,38116.84392147852
2014-10-23 04:00:00,ecl,aggregate_load,168,45,xgboost,41635.47154970807
2014-10-23 05:00:00,ecl,aggregate_load,168,45,xgboost,39059.224697505226
2014-10-23 06:00:00,ecl,aggregate_load,168,45,xgboost,41951.43739599164
2014-10-23 07:00:00,ecl,aggregate_load,168,45,xgboost,41325.06797510186
2014-10-23 08:00:00,ecl,aggregate_load,168,45,xgboost,39711.31919224781
2014-10-23 09:00:00,ecl,aggregate_load,168,45,xgboost,40569.69383482392
2014-10-23 10:00:00,ecl,aggregate_load,168,45,xgboost,42194.119772162056
2014-10-23 11:00:00,ecl,aggregate_load,168,45,xgboost,41951.70549927439
2014-10-23 12:00:00,ecl,aggregate_load,168,45,xgboost,38897.521894527046
2014-10-23 13:00:00,ecl,aggregate_load,168,45,xgboost,51840.07927223337
2014-10-23 14:00:00,ecl,aggregate_load,168,45,xgboost,36463.14733943402
2014-10-23 15:00:00,ecl,aggregate_load,168,45,xgboost,34859.81322692629
2014-10-23 16:00:00,ecl,aggregate_load,168,45,xgboost,35089.257533638614
2014-10-23 17:00:00,ecl,aggregate_load,168,45,xgboost,34879.44678835297
2014-10-23 18:00:00,ecl,aggregate_load,168,45,xgboost,33589.05004308765
2014-10-23 19:00:00,ecl,aggregate_load,168,45,xgboost,30844.869252769247
2014-10-23 20:00:00,ecl,aggregate_load,168,45,xgboost,31624.345353630215
2014-10-23 21:00:00,ecl,aggregate_load,168,45,xgboost,39232.260401912135
2014-10-23 22:00:00,ecl,aggregate_load,168,45,xgboost,33151.51292867015
2014-10-23 23:00:00,ecl,aggregate_load,168,45,xgboost,28079.540987441334
2014-10-24 00:00:00,ecl,aggregate_load,168,45,xgboost,30343.069266981456
2014-10-24 01:00:00,ecl,aggregate_load,168,45,xgboost,31712.511965072823
2014-10-24 02:00:00,ecl,aggregate_load,168,45,xgboost,32949.982179380844
2014-10-24 03:00:00,ecl,aggregate_load,168,45,xgboost,34336.47118546267
2014-10-24 04:00:00,ecl,aggregate_load,168,45,xgboost,36126.28341683424
2014-10-24 05:00:00,ecl,aggregate_load,168,45,xgboost,36737.11435133726
2014-10-24 06:00:00,ecl,aggregate_load,168,45,xgboost,35258.557353899916
2014-10-24 07:00:00,ecl,aggregate_load,168,45,xgboost,33421.80291379404
2014-10-24 08:00:00,ecl,aggregate_load,168,45,xgboost,33451.474869392536
2014-10-24 09:00:00,ecl,aggregate_load,168,45,xgboost,34772.43832962705
2014-10-24 10:00:00,ecl,aggregate_load,168,45,xgboost,33989.54826474027
2014-10-24 11:00:00,ecl,aggregate_load,168,45,xgboost,33614.91089627583
2014-10-24 12:00:00,ecl,aggregate_load,168,45,xgboost,32472.314744367606
2014-10-24 13:00:00,ecl,aggregate_load,168,45,xgboost,39436.185553554446
2014-10-24 14:00:00,ecl,aggregate_load,168,45,xgboost,32248.040345555466
2014-10-24 15:00:00,ecl,aggregate_load,168,45,xgboost,33250.92475669535
2014-10-24 16:00:00,ecl,aggregate_load,168,45,xgboost,38260.00005598065
2014-10-24 17:00:00,ecl,aggregate_load,168,45,xgboost,39139.31342609493
2014-10-24 18:00:00,ecl,aggregate_load,168,45,xgboost,41921.39537266198
2014-10-24 19:00:00,ecl,aggregate_load,168,45,xgboost,35259.54282185732
2014-10-24 20:00:00,ecl,aggregate_load,168,45,xgboost,37249.44580784497
2014-10-24 21:00:00,ecl,aggregate_load,168,45,xgboost,37589.92833007881
2014-10-24 22:00:00,ecl,aggregate_load,168,45,xgboost,39024.85940102594
2014-10-24 23:00:00,ecl,aggregate_load,168,45,xgboost,37010.86180487394
2014-10-25 00:00:00,ecl,aggregate_load,168,45,xgboost,39172.86888416955
2014-10-25 01:00:00,ecl,aggregate_load,168,45,xgboost,41740.40237643152
2014-10-25 02:00:00,ecl,aggregate_load,168,45,xgboost,42405.01357905348
2014-10-25 03:00:00,ecl,aggregate_load,168,45,xgboost,45305.76605664242
2014-10-25 04:00:00,ecl,aggregate_load,168,45,xgboost,47046.92085672516
2014-10-25 05:00:00,ecl,aggregate_load,168,45,xgboost,41470.06266573959
2014-10-25 06:00:00,ecl,aggregate_load,168,45,xgboost,45791.75342661204
2014-10-25 07:00:00,ecl,aggregate_load,168,45,xgboost,46082.03073595647
2014-10-25 08:00:00,ecl,aggregate_load,168,45,xgboost,44832.47741763784
2014-10-25 09:00:00,ecl,aggregate_load,168,45,xgboost,49745.264966388255
2014-10-25 10:00:00,ecl,aggregate_load,168,45,xgboost,48722.117603544364
2014-10-25 11:00:00,ecl,aggregate_load,168,45,xgboost,48291.40771853963
2014-10-25 12:00:00,ecl,aggregate_load,168,45,xgboost,51643.93754824773
2014-10-25 13:00:00,ecl,aggregate_load,168,45,xgboost,44639.17292555007
2014-10-25 14:00:00,ecl,aggregate_load,168,45,xgboost,42663.95596282856
2014-10-25 15:00:00,ecl,aggregate_load,168,45,xgboost,39912.155380098186
2014-10-25 16:00:00,ecl,aggregate_load,168,45,xgboost,38880.77711061744
2014-10-25 17:00:00,ecl,aggregate_load,168,45,xgboost,40683.49310615697
2014-10-25 18:00:00,ecl,aggregate_load,168,45,xgboost,45405.55123014541
2014-10-25 19:00:00,ecl,aggregate_load,168,45,xgboost,35325.27266459465
2014-10-25 20:00:00,ecl,aggregate_load,168,45,xgboost,40628.72190654244
2014-10-25 21:00:00,ecl,aggregate_load,168,45,xgboost,42904.672443862
2014-10-25 22:00:00,ecl,aggregate_load,168,45,xgboost,38620.498748761915
2014-10-25 23:00:00,ecl,aggregate_load,168,45,xgboost,38900.708438241294
2014-10-26 00:00:00,ecl,aggregate_load,168,45,xgboost,43274.040486360034
2014-10-26 01:00:00,ecl,aggregate_load,168,45,xgboost,47161.119945491955
2014-10-26 02:00:00,ecl,aggregate_load,168,45,xgboost,60844.1320627054
2014-10-26 03:00:00,ecl,aggregate_load,168,45,xgboost,44198.305365055305
2014-10-26 04:00:00,ecl,aggregate_load,168,45,xgboost,50046.87729424223
2014-10-26 05:00:00,ecl,aggregate_load,168,45,xgboost,41767.89947456807
2014-10-26 06:00:00,ecl,aggregate_load,168,45,xgboost,48243.70558149192
2014-10-26 07:00:00,ecl,aggregate_load,168,45,xgboost,47122.44001321221
2014-10-26 08:00:00,ecl,aggregate_load,168,45,xgboost,45869.84363767009
2014-10-26 09:00:00,ecl,aggregate_load,168,45,xgboost,48749.702656153255
2014-10-26 10:00:00,ecl,aggregate_load,168,45,xgboost,46075.668374518595
2014-10-26 11:00:00,ecl,aggregate_load,168,45,xgboost,47398.77833561894
2014-10-26 12:00:00,ecl,aggregate_load,168,45,xgboost,42932.07601122124
2014-10-26 13:00:00,ecl,aggregate_load,168,45,xgboost,42148.42053197253
2014-10-26 14:00:00,ecl,aggregate_load,168,45,xgboost,42474.53894924522
2014-10-26 15:00:00,ecl,aggregate_load,168,45,xgboost,39390.79961898307
2014-10-26 16:00:00,ecl,aggregate_load,168,45,xgboost,39708.866490703076
2014-10-26 17:00:00,ecl,aggregate_load,168,45,xgboost,38843.74752810573
2014-10-26 18:00:00,ecl,aggregate_load,168,45,xgboost,37383.33604221336
2014-10-26 19:00:00,ecl,aggregate_load,168,45,xgboost,40392.298286103665
2014-10-26 20:00:00,ecl,aggregate_load,168,45,xgboost,39308.431397614346
2014-10-26 21:00:00,ecl,aggregate_load,168,45,xgboost,38551.63299219798
2014-10-26 22:00:00,ecl,aggregate_load,168,45,xgboost,31026.50267028447
2014-10-26 23:00:00,ecl,aggregate_load,168,45,xgboost,27056.82090637104
2014-10-27 00:00:00,ecl,aggregate_load,168,45,xgboost,29645.229507358556
2014-10-27 01:00:00,ecl,aggregate_load,168,45,xgboost,49634.54507549594
2014-10-27 02:00:00,ecl,aggregate_load,168,45,xgboost,26523.67903220097
2014-10-27 03:00:00,ecl,aggregate_load,168,45,xgboost,26020.679525340896
2014-10-27 04:00:00,ecl,aggregate_load,168,45,xgboost,27558.02761292031
2014-10-27 05:00:00,ecl,aggregate_load,168,45,xgboost,27211.996398324074
2014-10-27 06:00:00,ecl,aggregate_load,168,45,xgboost,26913.586630413458
2014-10-27 07:00:00,ecl,aggregate_load,168,45,xgboost,27705.143589170482
2014-10-27 08:00:00,ecl,aggregate_load,168,45,xgboost,29586.008500668355
2014-10-27 09:00:00,ecl,aggregate_load,168,45,xgboost,29780.994399941992
2014-10-27 10:00:00,ecl,aggregate_load,168,45,xgboost,28433.78889520442
2014-10-27 11:00:00,ecl,aggregate_load,168,45,xgboost,27736.171615907868
2014-10-27 12:00:00,ecl,aggregate_load,168,45,xgboost,24431.977377045867
2014-10-27 13:00:00,ecl,aggregate_load,168,45,xgboost,23685.278831800515
2014-10-27 14:00:00,ecl,aggregate_load,168,45,xgboost,26551.32129816458
2014-10-27 15:00:00,ecl,aggregate_load,168,45,xgboost,24071.306880352142
2014-10-27 16:00:00,ecl,aggregate_load,168,45,xgboost,25121.64276214891
2014-10-27 17:00:00,ecl,aggregate_load,168,45,xgboost,26397.740988302154
2014-10-27 18:00:00,ecl,aggregate_load,168,45,xgboost,26616.489904209768
2014-10-27 19:00:00,ecl,aggregate_load,168,45,xgboost,26012.246687535724
2014-10-27 20:00:00,ecl,aggregate_load,168,45,xgboost,26396.133444089748
2014-10-27 21:00:00,ecl,aggregate_load,168,45,xgboost,24892.932023859903
2014-10-27 22:00:00,ecl,aggregate_load,168,45,xgboost,25574.374595344423
2014-10-27 23:00:00,ecl,aggregate_load,168,45,xgboost,22519.23290852182
2014-10-28 00:00:00,ecl,aggregate_load,168,45,xgboost,22000.175753983545
2014-10-28 01:00:00,ecl,aggregate_load,168,45,xgboost,23625.784708058163
2014-10-28 02:00:00,ecl,aggregate_load,168,45,xgboost,24340.644509894653
2014-10-28 03:00:00,ecl,aggregate_load,168,45,xgboost,25770.471279551475
2014-10-28 04:00:00,ecl,aggregate_load,168,45,xgboost,25251.60505624594
2014-10-28 05:00:00,ecl,aggregate_load,168,45,xgboost,26714.187126277935
2014-10-28 06:00:00,ecl,aggregate_load,168,45,xgboost,23489.39995488482
2014-10-28 07:00:00,ecl,aggregate_load,168,45,xgboost,26740.060692887248
2014-10-28 08:00:00,ecl,aggregate_load,168,45,xgboost,26574.99564055434
2014-10-28 09:00:00,ecl,aggregate_load,168,45,xgboost,30184.481699624197
2014-10-28 10:00:00,ecl,aggregate_load,168,45,xgboost,29519.92879537751
2014-10-28 11:00:00,ecl,aggregate_load,168,45,xgboost,25558.79375896444
2014-10-28 12:00:00,ecl,aggregate_load,168,45,xgboost,28814.311044652393
2014-10-28 13:00:00,ecl,aggregate_load,168,45,xgboost,25997.108633406016
2014-10-28 14:00:00,ecl,aggregate_load,168,45,xgboost,29621.775674569253
2014-10-28 15:00:00,ecl,aggregate_load,168,45,xgboost,28820.487153075548
2014-10-28 16:00:00,ecl,aggregate_load,168,45,xgboost,30006.156237967723
2014-10-28 17:00:00,ecl,aggregate_load,168,45,xgboost,30256.250352645
2014-10-28 18:00:00,ecl,aggregate_load,168,45,xgboost,31724.82208408136
2014-10-28 19:00:00,ecl,aggregate_load,168,45,xgboost,34722.07378699915
2014-10-28 20:00:00,ecl,aggregate_load,168,45,xgboost,30576.606980232435
2014-10-28 21:00:00,ecl,aggregate_load,168,45,xgboost,30976.718216877263
2014-10-28 22:00:00,ecl,aggregate_load,168,45,xgboost,33399.82296358127
2014-10-28 23:00:00,ecl,aggregate_load,168,45,xgboost,28929.7752241714
2014-10-29 00:00:00,ecl,aggregate_load,168,45,xgboost,30200.23576068917
2014-10-29 01:00:00,ecl,aggregate_load,168,45,xgboost,33464.924042943254
2014-10-29 02:00:00,ecl,aggregate_load,168,45,xgboost,34774.61160981806
2014-10-29 03:00:00,ecl,aggregate_load,168,45,xgboost,36929.91070061057
2014-10-29 04:00:00,ecl,aggregate_load,168,45,xgboost,37777.117322048354
2014-10-29 05:00:00,ecl,aggregate_load,168,45,xgboost,38604.49157604306
2014-10-29 06:00:00,ecl,aggregate_load,168,45,xgboost,34117.03833269847
2014-10-29 07:00:00,ecl,aggregate_load,168,45,xgboost,36371.230764305394
2014-10-29 08:00:00,ecl,aggregate_load,168,45,xgboost,36236.97387112662
2014-10-29 09:00:00,ecl,aggregate_load,168,45,xgboost,37869.531577653266
2014-10-29 10:00:00,ecl,aggregate_load,168,45,xgboost,38198.740974083805
2014-10-29 11:00:00,ecl,aggregate_load,168,45,xgboost,38341.41206912123
2014-10-29 12:00:00,ecl,aggregate_load,168,45,xgboost,39660.222225307676
2014-10-29 13:00:00,ecl,aggregate_load,168,45,xgboost,48047.83909169593
2014-10-29 14:00:00,ecl,aggregate_load,168,45,xgboost,46996.52866502701
2014-10-29 15:00:00,ecl,aggregate_load,168,45,xgboost,48768.54986136366
2014-10-29 16:00:00,ecl,aggregate_load,168,45,xgboost,48785.259042430356
2014-10-29 17:00:00,ecl,aggregate_load,168,45,xgboost,51218.13527436099
2014-10-29 18:00:00,ecl,aggregate_load,168,45,xgboost,50478.117026395776
2014-10-29 19:00:00,ecl,aggregate_load,168,45,xgboost,51081.45725541276
2014-10-29 20:00:00,ecl,aggregate_load,168,45,xgboost,48980.28489012142
2014-10-29 21:00:00,ecl,aggregate_load,168,45,xgboost,51629.019995265
2014-10-29 22:00:00,ecl,aggregate_load,168,45,xgboost,49170.85191471564
2014-10-29 23:00:00,ecl,aggregate_load,168,45,xgboost,47893.14689459824
2014-10-30 00:00:00,ecl,aggregate_load,168,45,xgboost,51139.38379966246
2014-10-30 01:00:00,ecl,aggregate_load,168,45,xgboost,52861.16981317114
2014-10-30 02:00:00,ecl,aggregate_load,168,45,xgboost,53379.295012765564
2014-10-30 03:00:00,ecl,aggregate_load,168,45,xgboost,54937.56242472695
2014-10-30 04:00:00,ecl,aggregate_load,168,45,xgboost,56706.60747435949
2014-10-30 05:00:00,ecl,aggregate_load,168,45,xgboost,59199.88232657923
2014-10-30 06:00:00,ecl,aggregate_load,168,45,xgboost,56387.86319672874
2014-10-30 07:00:00,ecl,aggregate_load,168,45,xgboost,58312.20646741214
2014-10-30 08:00:00,ecl,aggregate_load,168,45,xgboost,55152.459235564886
2014-10-30 09:00:00,ecl,aggregate_load,168,45,xgboost,57308.59578965243
2014-10-30 10:00:00,ecl,aggregate_load,168,45,xgboost,54954.493943368885
2014-10-30 11:00:00,ecl,aggregate_load,168,45,xgboost,59262.42813907198
2014-10-30 12:00:00,ecl,aggregate_load,168,45,xgboost,58917.53245726515
2014-10-30 13:00:00,ecl,aggregate_load,168,45,xgboost,57659.57880175457
2014-10-30 14:00:00,ecl,aggregate_load,168,45,xgboost,56749.38617946341
2014-10-30 15:00:00,ecl,aggregate_load,168,45,xgboost,58756.65786699109
2014-10-30 16:00:00,ecl,aggregate_load,168,45,xgboost,59331.7993132489
2014-10-30 17:00:00,ecl,aggregate_load,168,45,xgboost,59976.146786452315
2014-10-30 18:00:00,ecl,aggregate_load,168,45,xgboost,63163.4731068931
2014-10-30 19:00:00,ecl,aggregate_load,168,45,xgboost,65467.57889282909
2014-10-30 20:00:00,ecl,aggregate_load,168,45,xgboost,62674.759172801685
2014-10-30 21:00:00,ecl,aggregate_load,168,45,xgboost,62627.194432544944
2014-10-30 22:00:00,ecl,aggregate_load,168,45,xgboost,60607.239099791805
2014-10-30 23:00:00,ecl,aggregate_load,168,45,xgboost,57752.51143218907
2014-10-31 00:00:00,ecl,aggregate_load,168,45,xgboost,59369.36857922906
2014-10-31 01:00:00,ecl,aggregate_load,168,45,xgboost,64405.47546730133
2014-10-31 02:00:00,ecl,aggregate_load,168,45,xgboost,63786.7677058383
2014-10-31 03:00:00,ecl,aggregate_load,168,45,xgboost,63229.3864545541
2014-10-31 04:00:00,ecl,aggregate_load,168,45,xgboost,64855.744079502314
2014-10-31 05:00:00,ecl,aggregate_load,168,45,xgboost,66181.52394383478
2014-10-31 06:00:00,ecl,aggregate_load,168,45,xgboost,65762.30613911503
2014-10-31 07:00:00,ecl,aggregate_load,168,45,xgboost,63663.675290839965
2014-10-31 08:00:00,ecl,aggregate_load,168,45,xgboost,63199.562395323555
2014-10-31 09:00:00,ecl,aggregate_load,168,45,xgboost,64415.63369119057
2014-10-31 10:00:00,ecl,aggregate_load,168,45,xgboost,67422.45968276872
2014-10-31 11:00:00,ecl,aggregate_load,168,45,xgboost,70750.19071565813
2014-10-31 12:00:00,ecl,aggregate_load,168,45,xgboost,67872.69723894559
2014-10-31 13:00:00,ecl,aggregate_load,168,45,xgboost,67219.25918507774
2014-10-31 14:00:00,ecl,aggregate_load,168,45,xgboost,65483.731557472034
2014-10-31 15:00:00,ecl,aggregate_load,168,45,xgboost,66967.20246555816
2014-10-31 16:00:00,ecl,aggregate_load,168,45,xgboost,68094.34927737294
2014-10-31 17:00:00,ecl,aggregate_load,168,45,xgboost,68604.60302472835
2014-10-31 18:00:00,ecl,aggregate_load,168,45,xgboost,71429.84815118213
2014-10-31 19:00:00,ecl,aggregate_load,168,45,xgboost,72175.3279269908
2014-10-31 20:00:00,ecl,aggregate_load,168,45,xgboost,71025.7409798141
2014-10-31 21:00:00,ecl,aggregate_load,168,45,xgboost,71065.9849266022
2014-10-31 22:00:00,ecl,aggregate_load,168,45,xgboost,65917.50856718277
2014-10-31 23:00:00,ecl,aggregate_load,168,45,xgboost,65174.069041843104
2014-11-01 00:00:00,ecl,aggregate_load,168,45,xgboost,66845.85126492885
2014-11-01 01:00:00,ecl,aggregate_load,168,45,xgboost,68868.4888909552
2014-11-01 02:00:00,ecl,aggregate_load,168,45,xgboost,66531.54268338226
2014-11-01 03:00:00,ecl,aggregate_load,168,45,xgboost,67184.90188327979
2014-11-01 04:00:00,ecl,aggregate_load,168,45,xgboost,67847.03693512747
2014-11-01 05:00:00,ecl,aggregate_load,168,45,xgboost,65760.02985401044
2014-11-01 06:00:00,ecl,aggregate_load,168,45,xgboost,64966.853501103506
2014-11-01 07:00:00,ecl,aggregate_load,168,45,xgboost,67991.78485292257
2014-11-01 08:00:00,ecl,aggregate_load,168,45,xgboost,65524.10292610863
2014-11-01 09:00:00,ecl,aggregate_load,168,45,xgboost,67652.55852740954
2014-11-01 10:00:00,ecl,aggregate_load,168,45,xgboost,66060.55210475654
2014-11-01 11:00:00,ecl,aggregate_load,168,45,xgboost,70114.60173268759
2014-11-01 12:00:00,ecl,aggregate_load,168,45,xgboost,66856.53263042969
2014-11-01 13:00:00,ecl,aggregate_load,168,45,xgboost,80749.77977721544
2014-11-01 14:00:00,ecl,aggregate_load,168,45,xgboost,67775.36886978066
2014-11-01 15:00:00,ecl,aggregate_load,168,45,xgboost,68098.67759857008
2014-11-01 16:00:00,ecl,aggregate_load,168,45,xgboost,66687.35174683628
2014-11-01 17:00:00,ecl,aggregate_load,168,45,xgboost,65641.71546466315
2014-11-01 18:00:00,ecl,aggregate_load,168,45,xgboost,64612.886582975545
2014-11-01 19:00:00,ecl,aggregate_load,168,45,xgboost,70992.6150249434
2014-11-01 20:00:00,ecl,aggregate_load,168,45,xgboost,63824.61373579123
2014-11-01 21:00:00,ecl,aggregate_load,168,45,xgboost,58749.554750896445
2014-11-01 22:00:00,ecl,aggregate_load,168,45,xgboost,56657.09362073213
2014-11-01 23:00:00,ecl,aggregate_load,168,45,xgboost,59054.836814030714
2014-11-02 00:00:00,ecl,aggregate_load,168,45,xgboost,57390.37031236204
2014-11-02 01:00:00,ecl,aggregate_load,168,45,xgboost,59204.59109364625
2014-11-02 02:00:00,ecl,aggregate_load,168,45,xgboost,47086.65361901074
2014-11-02 03:00:00,ecl,aggregate_load,168,45,xgboost,46046.31299302709
2014-11-02 04:00:00,ecl,aggregate_load,168,45,xgboost,44910.52378308945
2014-11-02 05:00:00,ecl,aggregate_load,168,45,xgboost,43026.57058108647
2014-11-02 06:00:00,ecl,aggregate_load,168,45,xgboost,42178.46557635124
2014-11-02 07:00:00,ecl,aggregate_load,168,45,xgboost,42082.990103772645
2014-11-02 08:00:00,ecl,aggregate_load,168,45,xgboost,43089.62627234168
2014-11-02 09:00:00,ecl,aggregate_load,168,45,xgboost,44332.943536166
2014-11-02 10:00:00,ecl,aggregate_load,168,45,xgboost,47527.28907172704
2014-11-02 11:00:00,ecl,aggregate_load,168,45,xgboost,47068.92567962943
2014-11-02 12:00:00,ecl,aggregate_load,168,45,xgboost,38005.22900018567
2014-11-02 13:00:00,ecl,aggregate_load,168,45,xgboost,41187.4253666509
2014-11-02 14:00:00,ecl,aggregate_load,168,45,xgboost,36271.54749631845
2014-11-02 15:00:00,ecl,aggregate_load,168,45,xgboost,35863.71912259257
2014-11-02 16:00:00,ecl,aggregate_load,168,45,xgboost,34453.38793653321
2014-11-02 17:00:00,ecl,aggregate_load,168,45,xgboost,34976.008119939754
2014-11-02 18:00:00,ecl,aggregate_load,168,45,xgboost,32674.44191340651
2014-11-02 19:00:00,ecl,aggregate_load,168,45,xgboost,35998.68843624905
2014-11-02 20:00:00,ecl,aggregate_load,168,45,xgboost,32752.101093613466
2014-11-02 21:00:00,ecl,aggregate_load,168,45,xgboost,34833.37821071596
2014-11-02 22:00:00,ecl,aggregate_load,168,45,xgboost,40422.48854128334
2014-11-02 23:00:00,ecl,aggregate_load,168,45,xgboost,37911.39118756569
2014-11-03 00:00:00,ecl,aggregate_load,168,45,xgboost,37706.57669051742
2014-11-03 01:00:00,ecl,aggregate_load,168,45,xgboost,40983.72782833298
2014-11-03 02:00:00,ecl,aggregate_load,168,45,xgboost,44108.628608897234
2014-11-03 03:00:00,ecl,aggregate_load,168,45,xgboost,44022.791474066886
2014-11-03 04:00:00,ecl,aggregate_load,168,45,xgboost,42637.47329762111
2014-11-03 05:00:00,ecl,aggregate_load,168,45,xgboost,43401.4362265198
2014-11-03 06:00:00,ecl,aggregate_load,168,45,xgboost,41421.139815676004
2014-11-03 07:00:00,ecl,aggregate_load,168,45,xgboost,40335.401823448905
2014-11-03 08:00:00,ecl,aggregate_load,168,45,xgboost,40231.17812078268
2014-11-03 09:00:00,ecl,aggregate_load,168,45,xgboost,40747.18480078835
2014-11-03 10:00:00,ecl,aggregate_load,168,45,xgboost,46059.47400687451
2014-11-03 11:00:00,ecl,aggregate_load,168,45,xgboost,46640.137965601556
2014-11-03 12:00:00,ecl,aggregate_load,168,45,xgboost,48116.77944074018
2014-11-03 13:00:00,ecl,aggregate_load,168,45,xgboost,50816.559269500285
2014-11-03 14:00:00,ecl,aggregate_load,168,45,xgboost,51855.35938511208
2014-11-03 15:00:00,ecl,aggregate_load,168,45,xgboost,52266.56057027566
2014-11-03 16:00:00,ecl,aggregate_load,168,45,xgboost,47913.76085868076
2014-11-03 17:00:00,ecl,aggregate_load,168,45,xgboost,45857.54472731082
2014-11-03 18:00:00,ecl,aggregate_load,168,45,xgboost,41832.37513467524
2014-11-03 19:00:00,ecl,aggregate_load,168,45,xgboost,47880.25016990287
2014-11-03 20:00:00,ecl,aggregate_load,168,45,xgboost,45674.10962215216
2014-11-03 21:00:00,ecl,aggregate_load,168,45,xgboost,46763.82255540852
2014-11-03 22:00:00,ecl,aggregate_load,168,45,xgboost,47350.57438617965
2014-11-03 23:00:00,ecl,aggregate_load,168,45,xgboost,44339.40750827618
2014-11-04 00:00:00,ecl,aggregate_load,168,45,xgboost,42654.94821640511
2014-11-04 01:00:00,ecl,aggregate_load,168,45,xgboost,43491.53061167974
2014-11-04 02:00:00,ecl,aggregate_load,168,45,xgboost,44584.21580050847
2014-11-04 03:00:00,ecl,aggregate_load,168,45,xgboost,44772.689501023706
2014-11-04 04:00:00,ecl,aggregate_load,168,45,xgboost,45341.445464369965
2014-11-04 05:00:00,ecl,aggregate_load,168,45,xgboost,45263.264390764794
2014-11-04 06:00:00,ecl,aggregate_load,168,45,xgboost,44093.77726838167
2014-11-04 07:00:00,ecl,aggregate_load,168,45,xgboost,45211.43839112691
2014-11-04 08:00:00,ecl,aggregate_load,168,45,xgboost,43256.62806831307
2014-11-04 09:00:00,ecl,aggregate_load,168,45,xgboost,44767.68354960541
2014-11-04 10:00:00,ecl,aggregate_load,168,45,xgboost,41863.89115452872
2014-11-04 11:00:00,ecl,aggregate_load,168,45,xgboost,49533.83687041973
2014-11-04 12:00:00,ecl,aggregate_load,168,45,xgboost,39178.65662183011
2014-11-04 13:00:00,ecl,aggregate_load,168,45,xgboost,37154.830311615595
2014-11-04 14:00:00,ecl,aggregate_load,168,45,xgboost,35612.066207453034
2014-11-04 15:00:00,ecl,aggregate_load,168,45,xgboost,29322.35433741802
2014-11-04 16:00:00,ecl,aggregate_load,168,45,xgboost,28065.950874223774
2014-11-04 17:00:00,ecl,aggregate_load,168,45,xgboost,27237.816947951247
2014-11-04 18:00:00,ecl,aggregate_load,168,45,xgboost,28546.452490653122
2014-11-04 19:00:00,ecl,aggregate_load,168,45,xgboost,29250.020843962957
2014-11-04 20:00:00,ecl,aggregate_load,168,45,xgboost,29131.789747710733
2014-11-04 21:00:00,ecl,aggregate_load,168,45,xgboost,30519.041070347062
2014-11-04 22:00:00,ecl,aggregate_load,168,45,xgboost,34634.074913812765
2014-11-04 23:00:00,ecl,aggregate_load,168,45,xgboost,32771.97841008866
2014-11-05 00:00:00,ecl,aggregate_load,168,45,xgboost,33203.901547955975
2014-11-05 01:00:00,ecl,aggregate_load,168,45,xgboost,36798.430047531445
2014-11-05 02:00:00,ecl,aggregate_load,168,45,xgboost,36211.22416206925
2014-11-05 03:00:00,ecl,aggregate_load,168,45,xgboost,34585.962252473226
2014-11-05 04:00:00,ecl,aggregate_load,168,45,xgboost,33742.04989379521
2014-11-05 05:00:00,ecl,aggregate_load,168,45,xgboost,32867.468864971954
2014-11-05 06:00:00,ecl,aggregate_load,168,45,xgboost,33098.90043567139
2014-11-05 07:00:00,ecl,aggregate_load,168,45,xgboost,33169.20581279121
2014-11-05 08:00:00,ecl,aggregate_load,168,45,xgboost,32509.939333423772
2014-11-05 09:00:00,ecl,aggregate_load,168,45,xgboost,33429.91209172447
2014-11-05 10:00:00,ecl,aggregate_load,168,45,xgboost,30577.225525844
2014-11-05 11:00:00,ecl,aggregate_load,168,45,xgboost,28801.145113251714
2014-11-05 12:00:00,ecl,aggregate_load,168,45,xgboost,29254.605333459807
2014-11-05 13:00:00,ecl,aggregate_load,168,45,xgboost,30184.061538569036
2014-11-05 14:00:00,ecl,aggregate_load,168,45,xgboost,29090.81111907296
2014-11-05 15:00:00,ecl,aggregate_load,168,45,xgboost,27756.013751759445
2014-11-05 16:00:00,ecl,aggregate_load,168,45,xgboost,25636.597103282453
2014-11-05 17:00:00,ecl,aggregate_load,168,45,xgboost,25288.949455554033
2014-11-05 18:00:00,ecl,aggregate_load,168,45,xgboost,26563.74102486966
2014-11-05 19:00:00,ecl,aggregate_load,168,45,xgboost,26564.495652437443
2014-11-05 20:00:00,ecl,aggregate_load,168,45,xgboost,24652.34617529551
2014-11-05 21:00:00,ecl,aggregate_load,168,45,xgboost,22582.823983393548
2014-11-05 22:00:00,ecl,aggregate_load,168,45,xgboost,22986.20023381098
2014-11-05 23:00:00,ecl,aggregate_load,168,45,xgboost,23384.664484125355
2014-11-06 00:00:00,ecl,aggregate_load,168,45,xgboost,24267.77568112913
2014-11-06 01:00:00,ecl,aggregate_load,168,45,xgboost,24655.862301295678
2014-11-06 02:00:00,ecl,aggregate_load,168,45,xgboost,25316.8059119694
2014-11-06 03:00:00,ecl,aggregate_load,168,45,xgboost,23862.857130801112
2014-11-06 04:00:00,ecl,aggregate_load,168,45,xgboost,22371.374636406876
2014-11-06 05:00:00,ecl,aggregate_load,168,45,xgboost,21742.698247123608
2014-11-06 06:00:00,ecl,aggregate_load,168,45,xgboost,22695.463720940734
2014-11-06 07:00:00,ecl,aggregate_load,168,45,xgboost,23863.82282471972
2014-11-06 08:00:00,ecl,aggregate_load,168,45,xgboost,24019.23026789292
2014-11-06 09:00:00,ecl,aggregate_load,168,45,xgboost,23593.750419962485
2014-11-06 10:00:00,ecl,aggregate_load,168,45,xgboost,25315.243276385423
2014-11-06 11:00:00,ecl,aggregate_load,168,45,xgboost,23788.93730661551
2014-11-06 12:00:00,ecl,aggregate_load,168,45,xgboost,23500.28474042687
2014-11-06 13:00:00,ecl,aggregate_load,168,45,xgboost,25843.398296295443
2014-11-06 14:00:00,ecl,aggregate_load,168,45,xgboost,26145.85404796037
2014-11-06 15:00:00,ecl,aggregate_load,168,45,xgboost,24550.771283198508
2014-11-06 16:00:00,ecl,aggregate_load,168,45,xgboost,23000.302893768858
2014-11-06 17:00:00,ecl,aggregate_load,168,45,xgboost,22417.975982243028
2014-11-06 18:00:00,ecl,aggregate_load,168,45,xgboost,24049.50695353854
2014-11-06 19:00:00,ecl,aggregate_load,168,45,xgboost,25791.187671589432
2014-11-06 20:00:00,ecl,aggregate_load,168,45,xgboost,24855.567869105766
2014-11-06 21:00:00,ecl,aggregate_load,168,45,xgboost,26461.63133587298
2014-11-06 22:00:00,ecl,aggregate_load,168,45,xgboost,27175.449273333208
2014-11-06 23:00:00,ecl,aggregate_load,168,45,xgboost,26921.472983497806
2014-11-07 00:00:00,ecl,aggregate_load,168,45,xgboost,25916.985554295923
2014-11-07 01:00:00,ecl,aggregate_load,168,45,xgboost,25788.46622746878
2014-11-07 02:00:00,ecl,aggregate_load,168,45,xgboost,28063.919549295035
2014-11-07 03:00:00,ecl,aggregate_load,168,45,xgboost,26280.58173919177
2014-11-07 04:00:00,ecl,aggregate_load,168,45,xgboost,26046.939099437124
2014-11-07 05:00:00,ecl,aggregate_load,168,45,xgboost,24356.575598318497
2014-11-07 06:00:00,ecl,aggregate_load,168,45,xgboost,24448.181349673592
2014-11-07 07:00:00,ecl,aggregate_load,168,45,xgboost,24710.248969004228
2014-11-07 08:00:00,ecl,aggregate_load,168,45,xgboost,24255.63285477791
2014-11-07 09:00:00,ecl,aggregate_load,168,45,xgboost,24208.632945662524
2014-11-07 10:00:00,ecl,aggregate_load,168,45,xgboost,24670.65795160039
2014-11-07 11:00:00,ecl,aggregate_load,168,45,xgboost,24018.83810894849
2014-11-07 12:00:00,ecl,aggregate_load,168,45,xgboost,25558.51406004157
2014-11-07 13:00:00,ecl,aggregate_load,168,45,xgboost,25400.95458317359
2014-11-07 14:00:00,ecl,aggregate_load,168,45,xgboost,26412.65808434471
2014-11-07 15:00:00,ecl,aggregate_load,168,45,xgboost,24437.73911035532
2014-11-07 16:00:00,ecl,aggregate_load,168,45,xgboost,24244.41097964126
2014-11-07 17:00:00,ecl,aggregate_load,168,45,xgboost,23666.133505700098
2014-11-07 18:00:00,ecl,aggregate_load,168,45,xgboost,26983.037246363703
2014-11-07 19:00:00,ecl,aggregate_load,168,45,xgboost,28059.752767405258
2014-11-07 20:00:00,ecl,aggregate_load,168,45,xgboost,24641.387176375374
2014-11-07 21:00:00,ecl,aggregate_load,168,45,xgboost,23087.524598972956
2014-11-07 22:00:00,ecl,aggregate_load,168,45,xgboost,24744.071545152266
2014-11-07 23:00:00,ecl,aggregate_load,168,45,xgboost,23898.26847522478
2014-11-08 00:00:00,ecl,aggregate_load,168,45,xgboost,22590.10351531419
2014-11-08 01:00:00,ecl,aggregate_load,168,45,xgboost,24431.998910533945
2014-11-08 02:00:00,ecl,aggregate_load,168,45,xgboost,25217.738212270844
2014-11-08 03:00:00,ecl,aggregate_load,168,45,xgboost,25351.098448608893
2014-11-08 04:00:00,ecl,aggregate_load,168,45,xgboost,23775.430380232592
2014-11-08 05:00:00,ecl,aggregate_load,168,45,xgboost,25204.815408469432
2014-11-08 06:00:00,ecl,aggregate_load,168,45,xgboost,23476.291693007246
2014-11-08 07:00:00,ecl,aggregate_load,168,45,xgboost,24928.408751385152
2014-11-08 08:00:00,ecl,aggregate_load,168,45,xgboost,25566.522715891457
2014-11-08 09:00:00,ecl,aggregate_load,168,45,xgboost,25290.671835180372
2014-11-08 10:00:00,ecl,aggregate_load,168,45,xgboost,25387.037488688515
2014-11-08 11:00:00,ecl,aggregate_load,168,45,xgboost,27201.884393550532
2014-11-08 12:00:00,ecl,aggregate_load,168,45,xgboost,32285.208921564714
2014-11-08 13:00:00,ecl,aggregate_load,168,45,xgboost,29325.24832821071
2014-11-08 14:00:00,ecl,aggregate_load,168,45,xgboost,28261.195428601728
2014-11-08 15:00:00,ecl,aggregate_load,168,45,xgboost,28132.82350649434
2014-11-08 16:00:00,ecl,aggregate_load,168,45,xgboost,28115.73499550049
2014-11-08 17:00:00,ecl,aggregate_load,168,45,xgboost,29415.12812087882
2014-11-08 18:00:00,ecl,aggregate_load,168,45,xgboost,32198.566528382922
2014-11-08 19:00:00,ecl,aggregate_load,168,45,xgboost,30153.309497755
2014-11-08 20:00:00,ecl,aggregate_load,168,45,xgboost,26215.968848756158
2014-11-08 21:00:00,ecl,aggregate_load,168,45,xgboost,24502.262942258636
2014-11-08 22:00:00,ecl,aggregate_load,168,45,xgboost,24793.156015624216
2014-11-08 23:00:00,ecl,aggregate_load,168,45,xgboost,23663.448731699464
2014-11-09 00:00:00,ecl,aggregate_load,168,45,xgboost,22976.053223915143
2014-11-09 01:00:00,ecl,aggregate_load,168,45,xgboost,23447.380922775632
2014-11-09 02:00:00,ecl,aggregate_load,168,45,xgboost,25158.859125011735
2014-11-09 03:00:00,ecl,aggregate_load,168,45,xgboost,24694.25633401026
2014-11-09 04:00:00,ecl,aggregate_load,168,45,xgboost,24169.873648704463
2014-11-09 05:00:00,ecl,aggregate_load,168,45,xgboost,24912.279742219343
2014-11-09 06:00:00,ecl,aggregate_load,168,45,xgboost,24598.397449993285
2014-11-09 07:00:00,ecl,aggregate_load,168,45,xgboost,24315.590979467066
2014-11-09 08:00:00,ecl,aggregate_load,168,45,xgboost,25579.482530115034
2014-11-09 09:00:00,ecl,aggregate_load,168,45,xgboost,25748.887419127626
2014-11-09 10:00:00,ecl,aggregate_load,168,45,xgboost,26481.781386571547
2014-11-09 11:00:00,ecl,aggregate_load,168,45,xgboost,27213.81304422349
2014-11-09 12:00:00,ecl,aggregate_load,168,45,xgboost,28119.81059575989
2014-11-09 13:00:00,ecl,aggregate_load,168,45,xgboost,25900.197474214347
2014-11-09 14:00:00,ecl,aggregate_load,168,45,xgboost,24561.674642738137
2014-11-09 15:00:00,ecl,aggregate_load,168,45,xgboost,24531.458923874357
2014-11-09 16:00:00,ecl,aggregate_load,168,45,xgboost,23265.662165278896
2014-11-09 17:00:00,ecl,aggregate_load,168,45,xgboost,22373.959036164862
2014-11-09 18:00:00,ecl,aggregate_load,168,45,xgboost,21877.48944372939
2014-11-09 19:00:00,ecl,aggregate_load,168,45,xgboost,21985.382034766997
2014-11-09 20:00:00,ecl,aggregate_load,168,45,xgboost,23830.719280820635
2014-11-09 21:00:00,ecl,aggregate_load,168,45,xgboost,26150.161293196812
2014-11-09 22:00:00,ecl,aggregate_load,168,45,xgboost,24618.90889889259
2014-11-09 23:00:00,ecl,aggregate_load,168,45,xgboost,22567.88225835251
2014-11-10 00:00:00,ecl,aggregate_load,168,45,xgboost,19612.567242812733
2014-11-10 01:00:00,ecl,aggregate_load,168,45,xgboost,19797.136121505057
2014-11-10 02:00:00,ecl,aggregate_load,168,45,xgboost,21047.598408066966
2014-11-10 03:00:00,ecl,aggregate_load,168,45,xgboost,20625.872826672286
2014-11-10 04:00:00,ecl,aggregate_load,168,45,xgboost,20627.216480755167
2014-11-10 05:00:00,ecl,aggregate_load,168,45,xgboost,21502.731160967778
2014-11-10 06:00:00,ecl,aggregate_load,168,45,xgboost,21057.949958681897
2014-11-10 07:00:00,ecl,aggregate_load,168,45,xgboost,24464.80208312575
2014-11-10 08:00:00,ecl,aggregate_load,168,45,xgboost,22877.166899155738
2014-11-10 09:00:00,ecl,aggregate_load,168,45,xgboost,20983.84679986068
2014-11-10 10:00:00,ecl,aggregate_load,168,45,xgboost,19341.368184776984
2014-11-10 11:00:00,ecl,aggregate_load,168,45,xgboost,19918.015179719394
2014-11-10 12:00:00,ecl,aggregate_load,168,45,xgboost,22266.707150101633
2014-11-10 13:00:00,ecl,aggregate_load,168,45,xgboost,22671.775036072388
2014-11-10 14:00:00,ecl,aggregate_load,168,45,xgboost,24574.201860340298
2014-11-10 15:00:00,ecl,aggregate_load,168,45,xgboost,24841.887058851087
2014-11-10 16:00:00,ecl,aggregate_load,168,45,xgboost,25659.06863874362
2014-11-10 17:00:00,ecl,aggregate_load,168,45,xgboost,26540.998748097678
2014-11-10 18:00:00,ecl,aggregate_load,168,45,xgboost,25404.03983876884
2014-11-10 19:00:00,ecl,aggregate_load,168,45,xgboost,25831.451744719347
2014-11-10 20:00:00,ecl,aggregate_load,168,45,xgboost,26584.102326645283
2014-11-10 21:00:00,ecl,aggregate_load,168,45,xgboost,27539.546867448847
2014-11-10 22:00:00,ecl,aggregate_load,168,45,xgboost,28944.680156969807
2014-11-10 23:00:00,ecl,aggregate_load,168,45,xgboost,27012.211412390894
2014-11-11 00:00:00,ecl,aggregate_load,168,45,xgboost,29341.650621489058
2014-11-11 01:00:00,ecl,aggregate_load,168,45,xgboost,27847.178841001132
2014-11-11 02:00:00,ecl,aggregate_load,168,45,xgboost,26482.268686432348
2014-11-11 03:00:00,ecl,aggregate_load,168,45,xgboost,25264.637382234585
2014-11-11 04:00:00,ecl,aggregate_load,168,45,xgboost,23488.102826055998
2014-11-11 05:00:00,ecl,aggregate_load,168,45,xgboost,22729.433579433924
2014-11-11 06:00:00,ecl,aggregate_load,168,45,xgboost,22832.355687693827
2014-11-11 07:00:00,ecl,aggregate_load,168,45,xgboost,23800.39968762206
2014-11-11 08:00:00,ecl,aggregate_load,168,45,xgboost,24294.833685019
2014-11-11 09:00:00,ecl,aggregate_load,168,45,xgboost,21694.886752787537
2014-11-11 10:00:00,ecl,aggregate_load,168,45,xgboost,22590.530227142397
2014-11-11 11:00:00,ecl,aggregate_load,168,45,xgboost,22747.7019866024
2014-11-11 12:00:00,ecl,aggregate_load,168,45,xgboost,20052.34543557782
2014-11-11 13:00:00,ecl,aggregate_load,168,45,xgboost,19652.86201411212
2014-11-11 14:00:00,ecl,aggregate_load,168,45,xgboost,19720.390363729122
2014-11-11 15:00:00,ecl,aggregate_load,168,45,xgboost,20594.202966923192
2014-11-11 16:00:00,ecl,aggregate_load,168,45,xgboost,20388.081386060476
2014-11-11 17:00:00,ecl,aggregate_load,168,45,xgboost,20038.765709132844
2014-11-11 18:00:00,ecl,aggregate_load,168,45,xgboost,20612.0091360802
2014-11-11 19:00:00,ecl,aggregate_load,168,45,xgboost,20072.542501166557
2014-11-11 20:00:00,ecl,aggregate_load,168,45,xgboost,19888.70224951775
2014-11-11 21:00:00,ecl,aggregate_load,168,45,xgboost,21502.816224758473
2014-11-11 22:00:00,ecl,aggregate_load,168,45,xgboost,21993.202765215752
2014-11-11 23:00:00,ecl,aggregate_load,168,45,xgboost,18566.5764488074
2014-11-12 00:00:00,ecl,aggregate_load,168,45,xgboost,16668.577996726257
2014-11-12 01:00:00,ecl,aggregate_load,168,45,xgboost,17328.387852849573
2014-11-12 02:00:00,ecl,aggregate_load,168,45,xgboost,18089.98412918168
2014-11-12 03:00:00,ecl,aggregate_load,168,45,xgboost,18719.115962266766
2014-11-12 04:00:00,ecl,aggregate_load,168,45,xgboost,17898.98274162006
2014-11-12 05:00:00,ecl,aggregate_load,168,45,xgboost,18364.88197084583
2014-11-12 06:00:00,ecl,aggregate_load,168,45,xgboost,19451.934289073793
2014-11-12 07:00:00,ecl,aggregate_load,168,45,xgboost,18840.22478541397
2014-11-12 08:00:00,ecl,aggregate_load,168,45,xgboost,19032.063872705494
2014-11-12 09:00:00,ecl,aggregate_load,168,45,xgboost,17312.85679171768
2014-11-12 10:00:00,ecl,aggregate_load,168,45,xgboost,17397.661869386073
2014-11-12 11:00:00,ecl,aggregate_load,168,45,xgboost,18815.350685023044
2014-11-12 12:00:00,ecl,aggregate_load,168,45,xgboost,19755.137474892206
2014-11-12 13:00:00,ecl,aggregate_load,168,45,xgboost,18557.804582643384
2014-11-12 14:00:00,ecl,aggregate_load,168,45,xgboost,17894.257864980056
2014-11-12 15:00:00,ecl,aggregate_load,168,45,xgboost,18166.81845501812
2014-11-12 16:00:00,ecl,aggregate_load,168,45,xgboost,17739.622370903246
2014-11-12 17:00:00,ecl,aggregate_load,168,45,xgboost,18461.505403704636
2014-11-12 18:00:00,ecl,aggregate_load,168,45,xgboost,18934.37656189928
2014-11-12 19:00:00,ecl,aggregate_load,168,45,xgboost,18074.48123573022
2014-11-12 20:00:00,ecl,aggregate_load,168,45,xgboost,18368.472409804755
2014-11-12 21:00:00,ecl,aggregate_load,168,45,xgboost,17884.555210966373
2014-11-12 22:00:00,ecl,aggregate_load,168,45,xgboost,23332.032425947764
2014-11-12 23:00:00,ecl,aggregate_load,168,45,xgboost,16771.70710688042
2014-11-13 00:00:00,ecl,aggregate_load,168,45,xgboost,15862.321189298957
2014-11-13 01:00:00,ecl,aggregate_load,168,45,xgboost,16934.497422621305
2014-11-13 02:00:00,ecl,aggregate_load,168,45,xgboost,17546.705972790594
2014-11-13 03:00:00,ecl,aggregate_load,168,45,xgboost,17832.0461392288
2014-11-13 04:00:00,ecl,aggregate_load,168,45,xgboost,18125.168437385753
2014-11-13 05:00:00,ecl,aggregate_load,168,45,xgboost,17930.475194861174
2014-11-13 06:00:00,ecl,aggregate_load,168,45,xgboost,18005.383934974827
2014-11-13 07:00:00,ecl,aggregate_load,168,45,xgboost,17854.98075806648
2014-11-13 08:00:00,ecl,aggregate_load,168,45,xgboost,17378.98134766045
2014-11-13 09:00:00,ecl,aggregate_load,168,45,xgboost,16929.62633420166
2014-11-13 10:00:00,ecl,aggregate_load,168,45,xgboost,17188.377937331687
2014-11-13 11:00:00,ecl,aggregate_load,168,45,xgboost,18459.13962661669
2014-11-13 12:00:00,ecl,aggregate_load,168,45,xgboost,18605.807827533128
2014-11-13 13:00:00,ecl,aggregate_load,168,45,xgboost,19300.29961558166
2014-11-13 14:00:00,ecl,aggregate_load,168,45,xgboost,18005.07592366184
2014-11-13 15:00:00,ecl,aggregate_load,168,45,xgboost,18179.92317708415
2014-11-13 16:00:00,ecl,aggregate_load,168,45,xgboost,18762.60880814009
2014-11-13 17:00:00,ecl,aggregate_load,168,45,xgboost,17957.62294754015
2014-11-13 18:00:00,ecl,aggregate_load,168,45,xgboost,19149.442280576455
2014-11-13 19:00:00,ecl,aggregate_load,168,45,xgboost,19279.60130097544
2014-11-13 20:00:00,ecl,aggregate_load,168,45,xgboost,21057.74346826667
2014-11-13 21:00:00,ecl,aggregate_load,168,45,xgboost,21833.106939587888
2014-11-13 22:00:00,ecl,aggregate_load,168,45,xgboost,22790.211937759508
2014-11-13 23:00:00,ecl,aggregate_load,168,45,xgboost,20513.852778834273
2014-11-14 00:00:00,ecl,aggregate_load,168,45,xgboost,18378.349861095925
2014-11-14 01:00:00,ecl,aggregate_load,168,45,xgboost,20761.05984921182
2014-11-14 02:00:00,ecl,aggregate_load,168,45,xgboost,21588.156524431066
2014-11-14 03:00:00,ecl,aggregate_load,168,45,xgboost,21200.78875903022
2014-11-14 04:00:00,ecl,aggregate_load,168,45,xgboost,19774.105208246347
2014-11-14 05:00:00,ecl,aggregate_load,168,45,xgboost,20578.95420230852
2014-11-14 06:00:00,ecl,aggregate_load,168,45,xgboost,22649.2222741238
2014-11-14 07:00:00,ecl,aggregate_load,168,45,xgboost,21031.999790604
2014-11-14 08:00:00,ecl,aggregate_load,168,45,xgboost,21068.83672526127
2014-11-14 09:00:00,ecl,aggregate_load,168,45,xgboost,19788.136184321873
2014-11-14 10:00:00,ecl,aggregate_load,168,45,xgboost,19787.76663765595
2014-11-14 11:00:00,ecl,aggregate_load,168,45,xgboost,24876.903159349236
2014-11-14 12:00:00,ecl,aggregate_load,168,45,xgboost,22374.093695192576
2014-11-14 13:00:00,ecl,aggregate_load,168,45,xgboost,21363.106636168184
2014-11-14 14:00:00,ecl,aggregate_load,168,45,xgboost,20592.963895837398
2014-11-14 15:00:00,ecl,aggregate_load,168,45,xgboost,19892.935793555404
2014-11-14 16:00:00,ecl,aggregate_load,168,45,xgboost,19860.8258889259
2014-11-14 17:00:00,ecl,aggregate_load,168,45,xgboost,19059.841159896143
2014-11-14 18:00:00,ecl,aggregate_load,168,45,xgboost,18113.572910967374
2014-11-14 19:00:00,ecl,aggregate_load,168,45,xgboost,20755.02400351622
2014-11-14 20:00:00,ecl,aggregate_load,168,45,xgboost,20247.66468092351
2014-11-14 21:00:00,ecl,aggregate_load,168,45,xgboost,20282.014166856367
2014-11-14 22:00:00,ecl,aggregate_load,168,45,xgboost,19928.630199125575
2014-11-14 23:00:00,ecl,aggregate_load,168,45,xgboost,19979.70656059684
2014-11-15 00:00:00,ecl,aggregate_load,168,45,xgboost,17077.47994220738
2014-11-15 01:00:00,ecl,aggregate_load,168,45,xgboost,17685.168505769438
2014-11-15 02:00:00,ecl,aggregate_load,168,45,xgboost,18420.811605410123
2014-11-15 03:00:00,ecl,aggregate_load,168,45,xgboost,17771.958649840595
2014-11-15 04:00:00,ecl,aggregate_load,168,45,xgboost,16422.406080535777
2014-11-15 05:00:00,ecl,aggregate_load,168,45,xgboost,16558.374284895628
2014-11-15 06:00:00,ecl,aggregate_load,168,45,xgboost,18168.35612299555
2014-11-15 07:00:00,ecl,aggregate_load,168,45,xgboost,17269.049371116973
2014-11-15 08:00:00,ecl,aggregate_load,168,45,xgboost,17952.20058895097
2014-11-15 09:00:00,ecl,aggregate_load,168,45,xgboost,17548.053167548773
2014-11-15 10:00:00,ecl,aggregate_load,168,45,xgboost,17406.747841597098
2014-11-15 11:00:00,ecl,aggregate_load,168,45,xgboost,18943.11140481896
2014-11-15 12:00:00,ecl,aggregate_load,168,45,xgboost,17640.87539329936
2014-11-15 13:00:00,ecl,aggregate_load,168,45,xgboost,16914.631825549193
2014-11-15 14:00:00,ecl,aggregate_load,168,45,xgboost,16547.266146241185
2014-11-15 15:00:00,ecl,aggregate_load,168,45,xgboost,16935.157522832054
2014-11-15 16:00:00,ecl,aggregate_load,168,45,xgboost,17038.196026367197
2014-11-15 17:00:00,ecl,aggregate_load,168,45,xgboost,17162.5927383127
2014-11-15 18:00:00,ecl,aggregate_load,168,45,xgboost,17371.05737092351
2014-11-15 19:00:00,ecl,aggregate_load,168,45,xgboost,18292.02467605327
2014-11-15 20:00:00,ecl,aggregate_load,168,45,xgboost,17354.63756481589
2014-11-15 21:00:00,ecl,aggregate_load,168,45,xgboost,18341.216282681205
2014-11-15 22:00:00,ecl,aggregate_load,168,45,xgboost,19222.629403520936
2014-11-15 23:00:00,ecl,aggregate_load,168,45,xgboost,19341.659543830414
2014-11-16 00:00:00,ecl,aggregate_load,168,45,xgboost,17698.655038595658
2014-11-16 01:00:00,ecl,aggregate_load,168,45,xgboost,17110.896830965867
2014-11-16 02:00:00,ecl,aggregate_load,168,45,xgboost,17349.783410383505
2014-11-16 03:00:00,ecl,aggregate_load,168,45,xgboost,16327.294970146004
2014-11-16 04:00:00,ecl,aggregate_load,168,45,xgboost,16213.741679496969
2014-11-16 05:00:00,ecl,aggregate_load,168,45,xgboost,16855.85976992914
2014-11-16 06:00:00,ecl,aggregate_load,168,45,xgboost,17628.600818131457
2014-11-16 07:00:00,ecl,aggregate_load,168,45,xgboost,18763.732413573092
2014-11-16 08:00:00,ecl,aggregate_load,168,45,xgboost,19621.109908016515
2014-11-16 09:00:00,ecl,aggregate_load,168,45,xgboost,17549.52487584778
2014-11-16 10:00:00,ecl,aggregate_load,168,45,xgboost,16387.07239225633
2014-11-16 11:00:00,ecl,aggregate_load,168,45,xgboost,17080.971310936162
2014-11-16 12:00:00,ecl,aggregate_load,168,45,xgboost,17110.025890389526
2014-11-16 13:00:00,ecl,aggregate_load,168,45,xgboost,17528.035438591985
2014-11-16 14:00:00,ecl,aggregate_load,168,45,xgboost,17345.185989501497
2014-11-16 15:00:00,ecl,aggregate_load,168,45,xgboost,17574.9079963444
2014-11-16 16:00:00,ecl,aggregate_load,168,45,xgboost,18619.828930204025
2014-11-16 17:00:00,ecl,aggregate_load,168,45,xgboost,18427.83333548858
2014-11-16 18:00:00,ecl,aggregate_load,168,45,xgboost,19006.779222041518
2014-11-16 19:00:00,ecl,aggregate_load,168,45,xgboost,18968.963608826427
2014-11-16 20:00:00,ecl,aggregate_load,168,45,xgboost,21077.664328926592
2014-11-16 21:00:00,ecl,aggregate_load,168,45,xgboost,23198.35891067429
2014-11-16 22:00:00,ecl,aggregate_load,168,45,xgboost,23770.438341442525
2014-11-16 23:00:00,ecl,aggregate_load,168,45,xgboost,22632.817596297176
2014-11-17 00:00:00,ecl,aggregate_load,168,45,xgboost,18414.780906975488
2014-11-17 01:00:00,ecl,aggregate_load,168,45,xgboost,18428.103855417223
2014-11-17 02:00:00,ecl,aggregate_load,168,45,xgboost,18400.599433759126
2014-11-17 03:00:00,ecl,aggregate_load,168,45,xgboost,18006.539360556166
2014-11-17 04:00:00,ecl,aggregate_load,168,45,xgboost,17797.050399508753
2014-11-17 05:00:00,ecl,aggregate_load,168,45,xgboost,18598.45959331033
2014-11-17 06:00:00,ecl,aggregate_load,168,45,xgboost,18183.745305798166
2014-11-17 07:00:00,ecl,aggregate_load,168,45,xgboost,19056.746535127208
2014-11-17 08:00:00,ecl,aggregate_load,168,45,xgboost,20585.366680646264
2014-11-17 09:00:00,ecl,aggregate_load,168,45,xgboost,17449.202395571334
2014-11-17 10:00:00,ecl,aggregate_load,168,45,xgboost,17748.027473344395
2014-11-17 11:00:00,ecl,aggregate_load,168,45,xgboost,17604.552791100876
2014-11-17 12:00:00,ecl,aggregate_load,168,45,xgboost,18040.200393680894
2014-11-17 13:00:00,ecl,aggregate_load,168,45,xgboost,17880.348864094216
2014-11-17 14:00:00,ecl,aggregate_load,168,45,xgboost,18549.243593276853
2014-11-17 15:00:00,ecl,aggregate_load,168,45,xgboost,18688.548894714688
2014-11-17 16:00:00,ecl,aggregate_load,168,45,xgboost,18979.917199375857
2014-11-17 17:00:00,ecl,aggregate_load,168,45,xgboost,16991.034513986117
2014-11-17 18:00:00,ecl,aggregate_load,168,45,xgboost,17815.62005918468
2014-11-17 19:00:00,ecl,aggregate_load,168,45,xgboost,17009.600624441464
2014-11-17 20:00:00,ecl,aggregate_load,168,45,xgboost,18286.253405515858
2014-11-17 21:00:00,ecl,aggregate_load,168,45,xgboost,18122.02659283574
2014-11-17 22:00:00,ecl,aggregate_load,168,45,xgboost,19354.539513082065
2014-11-17 23:00:00,ecl,aggregate_load,168,45,xgboost,18663.142575172536
2014-11-18 00:00:00,ecl,aggregate_load,168,45,xgboost,19667.694868139497
2014-11-18 01:00:00,ecl,aggregate_load,168,45,xgboost,20670.772268593446
2014-11-18 02:00:00,ecl,aggregate_load,168,45,xgboost,20378.962518699984
2014-11-18 03:00:00,ecl,aggregate_load,168,45,xgboost,19598.48816979019
2014-11-18 04:00:00,ecl,aggregate_load,168,45,xgboost,17745.581628048112
2014-11-18 05:00:00,ecl,aggregate_load,168,45,xgboost,17027.045096748596
2014-11-18 06:00:00,ecl,aggregate_load,168,45,xgboost,17933.208420382212
2014-11-18 07:00:00,ecl,aggregate_load,168,45,xgboost,17637.875092027105
2014-11-18 08:00:00,ecl,aggregate_load,168,45,xgboost,17710.27636467455
2014-11-18 09:00:00,ecl,aggregate_load,168,45,xgboost,17289.50015747966
2014-11-18 10:00:00,ecl,aggregate_load,168,45,xgboost,17566.915397988403
2014-11-18 11:00:00,ecl,aggregate_load,168,45,xgboost,16848.756919373183
2014-11-18 12:00:00,ecl,aggregate_load,168,45,xgboost,18597.51837961364
2014-11-18 13:00:00,ecl,aggregate_load,168,45,xgboost,18413.905405233596
2014-11-18 14:00:00,ecl,aggregate_load,168,45,xgboost,18154.378452774
2014-11-18 15:00:00,ecl,aggregate_load,168,45,xgboost,19261.679464825345
2014-11-18 16:00:00,ecl,aggregate_load,168,45,xgboost,19634.994082699697
2014-11-18 17:00:00,ecl,aggregate_load,168,45,xgboost,19898.9822208098
2014-11-18 18:00:00,ecl,aggregate_load,168,45,xgboost,17941.18855981407
2014-11-18 19:00:00,ecl,aggregate_load,168,45,xgboost,18336.717471463122
2014-11-18 20:00:00,ecl,aggregate_load,168,45,xgboost,18484.745609215224
2014-11-18 21:00:00,ecl,aggregate_load,168,45,xgboost,18997.85473115262
2014-11-18 22:00:00,ecl,aggregate_load,168,45,xgboost,18452.911504116957
2014-11-18 23:00:00,ecl,aggregate_load,168,45,xgboost,16613.041920888114
2014-11-19 00:00:00,ecl,aggregate_load,168,45,xgboost,17209.95336401223
2014-11-19 01:00:00,ecl,aggregate_load,168,45,xgboost,17698.10400708054
2014-11-19 02:00:00,ecl,aggregate_load,168,45,xgboost,17777.515928576955
2014-11-19 03:00:00,ecl,aggregate_load,168,45,xgboost,18605.221531854153
2014-11-19 04:00:00,ecl,aggregate_load,168,45,xgboost,17221.96145138123
2014-11-19 05:00:00,ecl,aggregate_load,168,45,xgboost,17027.989823461576
2014-11-19 06:00:00,ecl,aggregate_load,168,45,xgboost,16888.170635741244
2014-11-19 07:00:00,ecl,aggregate_load,168,45,xgboost,17128.498183736665
2014-11-19 08:00:00,ecl,aggregate_load,168,45,xgboost,16251.981133571964
2014-11-19 09:00:00,ecl,aggregate_load,168,45,xgboost,16383.463636596556
2014-11-19 10:00:00,ecl,aggregate_load,168,45,xgboost,16933.395927443966
2014-11-19 11:00:00,ecl,aggregate_load,168,45,xgboost,16943.33883554748
2014-11-19 12:00:00,ecl,aggregate_load,168,45,xgboost,15527.970661095793
2014-11-19 13:00:00,ecl,aggregate_load,168,45,xgboost,16664.382501280466
2014-11-19 14:00:00,ecl,aggregate_load,168,45,xgboost,17536.337332154526
2014-11-19 15:00:00,ecl,aggregate_load,168,45,xgboost,18231.141560327418
2014-11-19 16:00:00,ecl,aggregate_load,168,45,xgboost,18507.45524433236
2014-11-19 17:00:00,ecl,aggregate_load,168,45,xgboost,17306.133643936104
2014-11-19 18:00:00,ecl,aggregate_load,168,45,xgboost,17480.64609779851
2014-11-19 19:00:00,ecl,aggregate_load,168,45,xgboost,17891.45258797877
2014-11-19 20:00:00,ecl,aggregate_load,168,45,xgboost,17947.202879623095
2014-11-19 21:00:00,ecl,aggregate_load,168,45,xgboost,18919.062600052108
2014-11-19 22:00:00,ecl,aggregate_load,168,45,xgboost,19991.697793723433
2014-11-19 23:00:00,ecl,aggregate_load,168,45,xgboost,17976.47445183616
2014-11-20 00:00:00,ecl,aggregate_load,168,45,xgboost,16522.4762373836
2014-11-20 01:00:00,ecl,aggregate_load,168,45,xgboost,17297.244258538165
2014-11-20 02:00:00,ecl,aggregate_load,168,45,xgboost,18089.820357628127
2014-11-20 03:00:00,ecl,aggregate_load,168,45,xgboost,20145.228407707153
2014-11-20 04:00:00,ecl,aggregate_load,168,45,xgboost,18771.123223050647
2014-11-20 05:00:00,ecl,aggregate_load,168,45,xgboost,18638.05972205056
2014-11-20 06:00:00,ecl,aggregate_load,168,45,xgboost,19105.283542213707
2014-11-20 07:00:00,ecl,aggregate_load,168,45,xgboost,18743.333308900248
2014-11-20 08:00:00,ecl,aggregate_load,168,45,xgboost,18037.910255336104
2014-11-20 09:00:00,ecl,aggregate_load,168,45,xgboost,17540.809584591985
2014-11-20 10:00:00,ecl,aggregate_load,168,45,xgboost,17217.144638850812
2014-11-20 11:00:00,ecl,aggregate_load,168,45,xgboost,19494.96605926179
2014-11-20 12:00:00,ecl,aggregate_load,168,45,xgboost,17746.807805949662
2014-11-20 13:00:00,ecl,aggregate_load,168,45,xgboost,18662.312852334228
2014-11-20 14:00:00,ecl,aggregate_load,168,45,xgboost,18655.525690916416
2014-11-20 15:00:00,ecl,aggregate_load,168,45,xgboost,19225.519602164517
2014-11-20 16:00:00,ecl,aggregate_load,168,45,xgboost,19627.523007734777
2014-11-20 17:00:00,ecl,aggregate_load,168,45,xgboost,19622.231940100963
2014-11-20 18:00:00,ecl,aggregate_load,168,45,xgboost,20215.914283057016
2014-11-20 19:00:00,ecl,aggregate_load,168,45,xgboost,20564.298996037785
2014-11-20 20:00:00,ecl,aggregate_load,168,45,xgboost,19622.1562264244
2014-11-20 21:00:00,ecl,aggregate_load,168,45,xgboost,19888.927863199195
2014-11-20 22:00:00,ecl,aggregate_load,168,45,xgboost,22607.770451367644
2014-11-20 23:00:00,ecl,aggregate_load,168,45,xgboost,19215.79062373067
2014-11-21 00:00:00,ecl,aggregate_load,168,45,xgboost,18497.636371217835
2014-11-21 01:00:00,ecl,aggregate_load,168,45,xgboost,18204.570630798436
2014-11-21 02:00:00,ecl,aggregate_load,168,45,xgboost,18639.28296241861
2014-11-21 03:00:00,ecl,aggregate_load,168,45,xgboost,19561.860558701203
2014-11-21 04:00:00,ecl,aggregate_load,168,45,xgboost,19394.66519911075
2014-11-21 05:00:00,ecl,aggregate_load,168,45,xgboost,19234.137393479767
2014-11-21 06:00:00,ecl,aggregate_load,168,45,xgboost,19757.378449884105
2014-11-21 07:00:00,ecl,aggregate_load,168,45,xgboost,18768.0990615008
2014-11-21 08:00:00,ecl,aggregate_load,168,45,xgboost,16303.088552825808
2014-11-21 09:00:00,ecl,aggregate_load,168,45,xgboost,17227.910617037647
2014-11-21 10:00:00,ecl,aggregate_load,168,45,xgboost,17107.22756444434
2014-11-21 11:00:00,ecl,aggregate_load,168,45,xgboost,19493.7524168194
2014-11-21 12:00:00,ecl,aggregate_load,168,45,xgboost,18022.272572603873
2014-11-21 13:00:00,ecl,aggregate_load,168,45,xgboost,18835.80571898285
2014-11-21 14:00:00,ecl,aggregate_load,168,45,xgboost,19318.627080143582
2014-11-21 15:00:00,ecl,aggregate_load,168,45,xgboost,19478.780555191635
2014-11-21 16:00:00,ecl,aggregate_load,168,45,xgboost,19986.745336191037
2014-11-21 17:00:00,ecl,aggregate_load,168,45,xgboost,19409.75111767476
2014-11-21 18:00:00,ecl,aggregate_load,168,45,xgboost,18999.70827117162
2014-11-21 19:00:00,ecl,aggregate_load,168,45,xgboost,17575.070561788594
2014-11-21 20:00:00,ecl,aggregate_load,168,45,xgboost,17464.286850538472
2014-11-21 21:00:00,ecl,aggregate_load,168,45,xgboost,18093.96692658018
2014-11-21 22:00:00,ecl,aggregate_load,168,45,xgboost,19824.461808377757
2014-11-21 23:00:00,ecl,aggregate_load,168,45,xgboost,17535.400354789137
2014-11-22 00:00:00,ecl,aggregate_load,168,45,xgboost,17566.60135273279
2014-11-22 01:00:00,ecl,aggregate_load,168,45,xgboost,18296.37061938069
2014-11-22 02:00:00,ecl,aggregate_load,168,45,xgboost,19712.67793586624
2014-11-22 03:00:00,ecl,aggregate_load,168,45,xgboost,21183.04025929867
2014-11-22 04:00:00,ecl,aggregate_load,168,45,xgboost,21962.102612404207
2014-11-22 05:00:00,ecl,aggregate_load,168,45,xgboost,23130.940724501204
2014-11-22 06:00:00,ecl,aggregate_load,168,45,xgboost,23215.281627339176
2014-11-22 07:00:00,ecl,aggregate_load,168,45,xgboost,19890.631274410924
2014-11-22 08:00:00,ecl,aggregate_load,168,45,xgboost,19566.527093708217
2014-11-22 09:00:00,ecl,aggregate_load,168,45,xgboost,19043.104172910942
2014-11-22 10:00:00,ecl,aggregate_load,168,45,xgboost,19208.75317825561
2014-11-22 11:00:00,ecl,aggregate_load,168,45,xgboost,21285.26307832312
2014-11-22 12:00:00,ecl,aggregate_load,168,45,xgboost,19974.487796970905
2014-11-22 13:00:00,ecl,aggregate_load,168,45,xgboost,21140.954675251844
2014-11-22 14:00:00,ecl,aggregate_load,168,45,xgboost,23537.509044409548
2014-11-22 15:00:00,ecl,aggregate_load,168,45,xgboost,22568.433558486206
2014-11-22 16:00:00,ecl,aggregate_load,168,45,xgboost,24896.414753265573
2014-11-22 17:00:00,ecl,aggregate_load,168,45,xgboost,24751.349621096364
2014-11-22 18:00:00,ecl,aggregate_load,168,45,xgboost,24927.87046747318
2014-11-22 19:00:00,ecl,aggregate_load,168,45,xgboost,23402.665294051705
2014-11-22 20:00:00,ecl,aggregate_load,168,45,xgboost,22683.852719151797
2014-11-22 21:00:00,ecl,aggregate_load,168,45,xgboost,24682.561457621334
2014-11-22 22:00:00,ecl,aggregate_load,168,45,xgboost,28996.255949282786
2014-11-22 23:00:00,ecl,aggregate_load,168,45,xgboost,24080.5811297278
2014-11-23 00:00:00,ecl,aggregate_load,168,45,xgboost,24109.951886651415
2014-11-23 01:00:00,ecl,aggregate_load,168,45,xgboost,25416.520267554104
2014-11-23 02:00:00,ecl,aggregate_load,168,45,xgboost,25138.57007535018
2014-11-23 03:00:00,ecl,aggregate_load,168,45,xgboost,27274.317028214275
2014-11-23 04:00:00,ecl,aggregate_load,168,45,xgboost,26640.311470359637
2014-11-23 05:00:00,ecl,aggregate_load,168,45,xgboost,24701.078648926334
2014-11-23 06:00:00,ecl,aggregate_load,168,45,xgboost,23928.571374682982
2014-11-23 07:00:00,ecl,aggregate_load,168,45,xgboost,23941.192777093573
2014-11-23 08:00:00,ecl,aggregate_load,168,45,xgboost,24024.914774626915
2014-11-23 09:00:00,ecl,aggregate_load,168,45,xgboost,23359.76585487686
2014-11-23 10:00:00,ecl,aggregate_load,168,45,xgboost,26238.055613112923
2014-11-23 11:00:00,ecl,aggregate_load,168,45,xgboost,28038.070643292496
2014-11-23 12:00:00,ecl,aggregate_load,168,45,xgboost,26930.631076889546
2014-11-23 13:00:00,ecl,aggregate_load,168,45,xgboost,28585.064542216707
2014-11-23 14:00:00,ecl,aggregate_load,168,45,xgboost,27701.40730352721
2014-11-23 15:00:00,ecl,aggregate_load,168,45,xgboost,29738.537568921543
2014-11-23 16:00:00,ecl,aggregate_load,168,45,xgboost,29720.730131498472
2014-11-23 17:00:00,ecl,aggregate_load,168,45,xgboost,27672.587474128486
2014-11-23 18:00:00,ecl,aggregate_load,168,45,xgboost,33023.17837415573
2014-11-23 19:00:00,ecl,aggregate_load,168,45,xgboost,30949.134471750775
2014-11-23 20:00:00,ecl,aggregate_load,168,45,xgboost,28396.99833921608
2014-11-23 21:00:00,ecl,aggregate_load,168,45,xgboost,28946.69273898255
2014-11-23 22:00:00,ecl,aggregate_load,168,45,xgboost,30766.876698585234
2014-11-23 23:00:00,ecl,aggregate_load,168,45,xgboost,25740.887220067016
2014-11-24 00:00:00,ecl,aggregate_load,168,45,xgboost,27107.30212618693
2014-11-24 01:00:00,ecl,aggregate_load,168,45,xgboost,26142.403905210194
2014-11-24 02:00:00,ecl,aggregate_load,168,45,xgboost,26860.296167775778
2014-11-24 03:00:00,ecl,aggregate_load,168,45,xgboost,25494.290670404764
2014-11-24 04:00:00,ecl,aggregate_load,168,45,xgboost,23853.976191151
2014-11-24 05:00:00,ecl,aggregate_load,168,45,xgboost,25103.55566087588
2014-11-24 06:00:00,ecl,aggregate_load,168,45,xgboost,26450.08089622965
2014-11-24 07:00:00,ecl,aggregate_load,168,45,xgboost,23962.2109780453
2014-11-24 08:00:00,ecl,aggregate_load,168,45,xgboost,23402.978298010672
2014-11-24 09:00:00,ecl,aggregate_load,168,45,xgboost,24047.427326887828
2014-11-24 10:00:00,ecl,aggregate_load,168,45,xgboost,26708.52011765623
2014-11-24 11:00:00,ecl,aggregate_load,168,45,xgboost,24929.63098779277
2014-11-24 12:00:00,ecl,aggregate_load,168,45,xgboost,29072.43447294465
2014-11-24 13:00:00,ecl,aggregate_load,168,45,xgboost,27602.214296134844
2014-11-24 14:00:00,ecl,aggregate_load,168,45,xgboost,27699.871458258578
2014-11-24 15:00:00,ecl,aggregate_load,168,45,xgboost,27614.219591129775
2014-11-24 16:00:00,ecl,aggregate_load,168,45,xgboost,28517.366752796413
2014-11-24 17:00:00,ecl,aggregate_load,168,45,xgboost,26837.268454968802
2014-11-24 18:00:00,ecl,aggregate_load,168,45,xgboost,30547.783775316686
2014-11-24 19:00:00,ecl,aggregate_load,168,45,xgboost,31309.8575228088
2014-11-24 20:00:00,ecl,aggregate_load,168,45,xgboost,29111.34596837969
2014-11-24 21:00:00,ecl,aggregate_load,168,45,xgboost,29279.729874309927
2014-11-24 22:00:00,ecl,aggregate_load,168,45,xgboost,34564.48428336534
2014-11-24 23:00:00,ecl,aggregate_load,168,45,xgboost,29968.82810941776
2014-11-25 00:00:00,ecl,aggregate_load,168,45,xgboost,27926.671257407233
2014-11-25 01:00:00,ecl,aggregate_load,168,45,xgboost,29470.670630007604
2014-11-25 02:00:00,ecl,aggregate_load,168,45,xgboost,29852.493978176022
2014-11-25 03:00:00,ecl,aggregate_load,168,45,xgboost,30901.205596868116
2014-11-25 04:00:00,ecl,aggregate_load,168,45,xgboost,30487.73841842161
2014-11-25 05:00:00,ecl,aggregate_load,168,45,xgboost,32211.131143565355
2014-11-25 06:00:00,ecl,aggregate_load,168,45,xgboost,34369.066127100035
2014-11-25 07:00:00,ecl,aggregate_load,168,45,xgboost,30819.696721446413
2014-11-25 08:00:00,ecl,aggregate_load,168,45,xgboost,30004.439041930462
2014-11-25 09:00:00,ecl,aggregate_load,168,45,xgboost,30794.98835730419
2014-11-25 10:00:00,ecl,aggregate_load,168,45,xgboost,32431.945936167835
2014-11-25 11:00:00,ecl,aggregate_load,168,45,xgboost,37748.00257169303
2014-11-25 12:00:00,ecl,aggregate_load,168,45,xgboost,32404.23840940674
2014-11-25 13:00:00,ecl,aggregate_load,168,45,xgboost,31143.31984504356
2014-11-25 14:00:00,ecl,aggregate_load,168,45,xgboost,30781.946710154592
2014-11-25 15:00:00,ecl,aggregate_load,168,45,xgboost,29335.615823491727
2014-11-25 16:00:00,ecl,aggregate_load,168,45,xgboost,28375.918794571662
2014-11-25 17:00:00,ecl,aggregate_load,168,45,xgboost,28257.836417434006
2014-11-25 18:00:00,ecl,aggregate_load,168,45,xgboost,29543.00979738832
2014-11-25 19:00:00,ecl,aggregate_load,168,45,xgboost,29745.700041791395
2014-11-25 20:00:00,ecl,aggregate_load,168,45,xgboost,26180.898983312847
2014-11-25 21:00:00,ecl,aggregate_load,168,45,xgboost,22403.518547868272
2014-11-25 22:00:00,ecl,aggregate_load,168,45,xgboost,22478.920369487205
2014-11-25 23:00:00,ecl,aggregate_load,168,45,xgboost,22867.66046223882
2014-11-26 00:00:00,ecl,aggregate_load,168,45,xgboost,20009.680954320378
2014-11-26 01:00:00,ecl,aggregate_load,168,45,xgboost,19977.465471130487
2014-11-26 02:00:00,ecl,aggregate_load,168,45,xgboost,20553.24136495093
2014-11-26 03:00:00,ecl,aggregate_load,168,45,xgboost,20946.69985488134
2014-11-26 04:00:00,ecl,aggregate_load,168,45,xgboost,20666.82867559229
2014-11-26 05:00:00,ecl,aggregate_load,168,45,xgboost,22061.291272824852
2014-11-26 06:00:00,ecl,aggregate_load,168,45,xgboost,21503.13482201472
2014-11-26 07:00:00,ecl,aggregate_load,168,45,xgboost,20320.809056889353
2014-11-26 08:00:00,ecl,aggregate_load,168,45,xgboost,19150.77827647227
2014-11-26 09:00:00,ecl,aggregate_load,168,45,xgboost,18713.860683117247
2014-11-26 10:00:00,ecl,aggregate_load,168,45,xgboost,22472.676268481795
2014-11-26 11:00:00,ecl,aggregate_load,168,45,xgboost,20052.866410566723
2014-11-26 12:00:00,ecl,aggregate_load,168,45,xgboost,19265.141995512564
2014-11-26 13:00:00,ecl,aggregate_load,168,45,xgboost,18752.391625013886
2014-11-26 14:00:00,ecl,aggregate_load,168,45,xgboost,17204.884675331
2014-11-26 15:00:00,ecl,aggregate_load,168,45,xgboost,16816.45262739348
2014-11-26 16:00:00,ecl,aggregate_load,168,45,xgboost,19617.37375942662
2014-11-26 17:00:00,ecl,aggregate_load,168,45,xgboost,20789.739581567734
2014-11-26 18:00:00,ecl,aggregate_load,168,45,xgboost,20277.707647417767
2014-11-26 19:00:00,ecl,aggregate_load,168,45,xgboost,20268.88437940654
2014-11-26 20:00:00,ecl,aggregate_load,168,45,xgboost,18082.611795103603
2014-11-26 21:00:00,ecl,aggregate_load,168,45,xgboost,16174.723012653634
2014-11-26 22:00:00,ecl,aggregate_load,168,45,xgboost,19624.979418533887
2014-11-26 23:00:00,ecl,aggregate_load,168,45,xgboost,18455.168209056486
2014-11-27 00:00:00,ecl,aggregate_load,168,45,xgboost,16866.78077183381
2014-11-27 01:00:00,ecl,aggregate_load,168,45,xgboost,18774.887631241218
2014-11-27 02:00:00,ecl,aggregate_load,168,45,xgboost,17563.453690671853
2014-11-27 03:00:00,ecl,aggregate_load,168,45,xgboost,17823.524911700915
2014-11-27 04:00:00,ecl,aggregate_load,168,45,xgboost,18362.79727975661
2014-11-27 05:00:00,ecl,aggregate_load,168,45,xgboost,17197.943765615095
2014-11-27 06:00:00,ecl,aggregate_load,168,45,xgboost,17857.190087139767
2014-11-27 07:00:00,ecl,aggregate_load,168,45,xgboost,17060.913469592742
2014-11-27 08:00:00,ecl,aggregate_load,168,45,xgboost,16468.803347435354
2014-11-27 09:00:00,ecl,aggregate_load,168,45,xgboost,16279.879301082055
2014-11-27 10:00:00,ecl,aggregate_load,168,45,xgboost,17776.151793075234
2014-11-27 11:00:00,ecl,aggregate_load,168,45,xgboost,19351.186690198025
2014-11-27 12:00:00,ecl,aggregate_load,168,45,xgboost,16752.94416753691
2014-11-27 13:00:00,ecl,aggregate_load,168,45,xgboost,15760.962482917865
2014-11-27 14:00:00,ecl,aggregate_load,168,45,xgboost,14951.94096082058
2014-11-27 15:00:00,ecl,aggregate_load,168,45,xgboost,16667.313178894354
2014-11-27 16:00:00,ecl,aggregate_load,168,45,xgboost,16180.33817122684
2014-11-27 17:00:00,ecl,aggregate_load,168,45,xgboost,15576.571037708272
2014-11-27 18:00:00,ecl,aggregate_load,168,45,xgboost,17814.475413473112
2014-11-27 19:00:00,ecl,aggregate_load,168,45,xgboost,17627.68356831948
2014-11-27 20:00:00,ecl,aggregate_load,168,45,xgboost,15777.57761583598
2014-11-27 21:00:00,ecl,aggregate_load,168,45,xgboost,16680.859159815278
2014-11-27 22:00:00,ecl,aggregate_load,168,45,xgboost,16417.701069481885
2014-11-27 23:00:00,ecl,aggregate_load,168,45,xgboost,16432.667123576666
2014-11-28 00:00:00,ecl,aggregate_load,168,45,xgboost,14022.086940643987
2014-11-28 01:00:00,ecl,aggregate_load,168,45,xgboost,14859.850653705886
2014-11-28 02:00:00,ecl,aggregate_load,168,45,xgboost,15220.201106004792
2014-11-28 03:00:00,ecl,aggregate_load,168,45,xgboost,14937.570777911631
2014-11-28 04:00:00,ecl,aggregate_load,168,45,xgboost,14416.851215882218
2014-11-28 05:00:00,ecl,aggregate_load,168,45,xgboost,15385.505098205575
2014-11-28 06:00:00,ecl,aggregate_load,168,45,xgboost,17058.99244254613
2014-11-28 07:00:00,ecl,aggregate_load,168,45,xgboost,18358.12754698579
2014-11-28 08:00:00,ecl,aggregate_load,168,45,xgboost,16232.6690475877
2014-11-28 09:00:00,ecl,aggregate_load,168,45,xgboost,16685.640309438382
2014-11-28 10:00:00,ecl,aggregate_load,168,45,xgboost,16883.722712668463
2014-11-28 11:00:00,ecl,aggregate_load,168,45,xgboost,16894.17464443733
2014-11-28 12:00:00,ecl,aggregate_load,168,45,xgboost,15742.402919922723
2014-11-28 13:00:00,ecl,aggregate_load,168,45,xgboost,14329.374018961793
2014-11-28 14:00:00,ecl,aggregate_load,168,45,xgboost,13739.320219669158
2014-11-28 15:00:00,ecl,aggregate_load,168,45,xgboost,14737.721909573978
2014-11-28 16:00:00,ecl,aggregate_load,168,45,xgboost,15978.747040478047
2014-11-28 17:00:00,ecl,aggregate_load,168,45,xgboost,14726.71884511227
2014-11-28 18:00:00,ecl,aggregate_load,168,45,xgboost,17130.602099318457
2014-11-28 19:00:00,ecl,aggregate_load,168,45,xgboost,17687.907207142223
2014-11-28 20:00:00,ecl,aggregate_load,168,45,xgboost,17229.33377167683
2014-11-28 21:00:00,ecl,aggregate_load,168,45,xgboost,16504.95325566679
2014-11-28 22:00:00,ecl,aggregate_load,168,45,xgboost,16458.12063812473
2014-11-28 23:00:00,ecl,aggregate_load,168,45,xgboost,16843.939175467327
2014-11-29 00:00:00,ecl,aggregate_load,168,45,xgboost,15314.51732435613
2014-11-29 01:00:00,ecl,aggregate_load,168,45,xgboost,14913.644888296214
2014-11-29 02:00:00,ecl,aggregate_load,168,45,xgboost,14948.464059137019
2014-11-29 03:00:00,ecl,aggregate_load,168,45,xgboost,15760.313914596996
2014-11-29 04:00:00,ecl,aggregate_load,168,45,xgboost,15685.928800516602
2014-11-29 05:00:00,ecl,aggregate_load,168,45,xgboost,15688.965309493555
2014-11-29 06:00:00,ecl,aggregate_load,168,45,xgboost,16815.266715977246
2014-11-29 07:00:00,ecl,aggregate_load,168,45,xgboost,15736.786299253554
2014-11-29 08:00:00,ecl,aggregate_load,168,45,xgboost,14152.10253032501
2014-11-29 09:00:00,ecl,aggregate_load,168,45,xgboost,13691.61953873485
2014-11-29 10:00:00,ecl,aggregate_load,168,45,xgboost,15079.021771225656
2014-11-29 11:00:00,ecl,aggregate_load,168,45,xgboost,14642.958807677935
2014-11-29 12:00:00,ecl,aggregate_load,168,45,xgboost,15847.084859320888
2014-11-29 13:00:00,ecl,aggregate_load,168,45,xgboost,15760.063190077606
2014-11-29 14:00:00,ecl,aggregate_load,168,45,xgboost,14887.32618397295
2014-11-29 15:00:00,ecl,aggregate_load,168,45,xgboost,15435.002505698872
2014-11-29 16:00:00,ecl,aggregate_load,168,45,xgboost,15972.495214395485
2014-11-29 17:00:00,ecl,aggregate_load,168,45,xgboost,16031.91639245024
2014-11-29 18:00:00,ecl,aggregate_load,168,45,xgboost,17781.929998718268
2014-11-29 19:00:00,ecl,aggregate_load,168,45,xgboost,19177.80646989096
2014-11-29 20:00:00,ecl,aggregate_load,168,45,xgboost,16684.583441246177
2014-11-29 21:00:00,ecl,aggregate_load,168,45,xgboost,16009.262684519064
2014-11-29 22:00:00,ecl,aggregate_load,168,45,xgboost,16450.7899143431
2014-11-29 23:00:00,ecl,aggregate_load,168,45,xgboost,16869.012642140606
2014-11-30 00:00:00,ecl,aggregate_load,168,45,xgboost,16696.916049212556
2014-11-30 01:00:00,ecl,aggregate_load,168,45,xgboost,16694.5914443085
2014-11-30 02:00:00,ecl,aggregate_load,168,45,xgboost,16292.071750951101
2014-11-30 03:00:00,ecl,aggregate_load,168,45,xgboost,16334.018582688555
2014-11-30 04:00:00,ecl,aggregate_load,168,45,xgboost,16248.743696722147
2014-11-30 05:00:00,ecl,aggregate_load,168,45,xgboost,16536.08047419976
2014-11-30 06:00:00,ecl,aggregate_load,168,45,xgboost,17017.721870342015
2014-11-30 07:00:00,ecl,aggregate_load,168,45,xgboost,17302.614124066567
2014-11-30 08:00:00,ecl,aggregate_load,168,45,xgboost,18960.572968368884
2014-11-30 09:00:00,ecl,aggregate_load,168,45,xgboost,16515.82488357645
2014-11-30 10:00:00,ecl,aggregate_load,168,45,xgboost,18187.947503965763
2014-11-30 11:00:00,ecl,aggregate_load,168,45,xgboost,16792.73752837827
2014-11-30 12:00:00,ecl,aggregate_load,168,45,xgboost,19555.066273828244
2014-11-30 13:00:00,ecl,aggregate_load,168,45,xgboost,18172.98778018214
2014-11-30 14:00:00,ecl,aggregate_load,168,45,xgboost,18906.93951313189
2014-11-30 15:00:00,ecl,aggregate_load,168,45,xgboost,17970.564476847903
2014-11-30 16:00:00,ecl,aggregate_load,168,45,xgboost,19301.818674294664
2014-11-30 17:00:00,ecl,aggregate_load,168,45,xgboost,18902.016822571175
2014-11-30 18:00:00,ecl,aggregate_load,168,45,xgboost,19519.435024142378
2014-11-30 19:00:00,ecl,aggregate_load,168,45,xgboost,19650.484703051618
2014-11-30 20:00:00,ecl,aggregate_load,168,45,xgboost,19571.948943372656
2014-11-30 21:00:00,ecl,aggregate_load,168,45,xgboost,17409.10367323547
2014-11-30 22:00:00,ecl,aggregate_load,168,45,xgboost,21602.827631858294
2014-11-30 23:00:00,ecl,aggregate_load,168,45,xgboost,20033.2834622322
2014-12-01 00:00:00,ecl,aggregate_load,168,45,xgboost,25320.22021569645
2014-12-01 01:00:00,ecl,aggregate_load,168,45,xgboost,26119.136126197915
2014-12-01 02:00:00,ecl,aggregate_load,168,45,xgboost,24957.76879048292
2014-12-01 03:00:00,ecl,aggregate_load,168,45,xgboost,24417.40598510877
2014-12-01 04:00:00,ecl,aggregate_load,168,45,xgboost,23819.224798254738
2014-12-01 05:00:00,ecl,aggregate_load,168,45,xgboost,23618.744800798882
2014-12-01 06:00:00,ecl,aggregate_load,168,45,xgboost,24588.493378793002
2014-12-01 07:00:00,ecl,aggregate_load,168,45,xgboost,24584.23228664497
2014-12-01 08:00:00,ecl,aggregate_load,168,45,xgboost,22709.749536125542
2014-12-01 09:00:00,ecl,aggregate_load,168,45,xgboost,22143.07130013743
2014-12-01 10:00:00,ecl,aggregate_load,168,45,xgboost,22966.189085933795
2014-12-01 11:00:00,ecl,aggregate_load,168,45,xgboost,24187.529353717397
2014-12-01 12:00:00,ecl,aggregate_load,168,45,xgboost,23366.969132009184
2014-12-01 13:00:00,ecl,aggregate_load,168,45,xgboost,24790.3502256402
2014-12-01 14:00:00,ecl,aggregate_load,168,45,xgboost,23995.940785337552
2014-12-01 15:00:00,ecl,aggregate_load,168,45,xgboost,25985.752384413543
2014-12-01 16:00:00,ecl,aggregate_load,168,45,xgboost,24169.34093668963
2014-12-01 17:00:00,ecl,aggregate_load,168,45,xgboost,22929.588202799176
2014-12-01 18:00:00,ecl,aggregate_load,168,45,xgboost,22636.464973194797
2014-12-01 19:00:00,ecl,aggregate_load,168,45,xgboost,23740.16808804922
2014-12-01 20:00:00,ecl,aggregate_load,168,45,xgboost,23153.800525565217
2014-12-01 21:00:00,ecl,aggregate_load,168,45,xgboost,22666.251015699614
2014-12-01 22:00:00,ecl,aggregate_load,168,45,xgboost,24650.902696341876
2014-12-01 23:00:00,ecl,aggregate_load,168,45,xgboost,23191.2628671825
2014-12-02 00:00:00,ecl,aggregate_load,168,45,xgboost,24125.227636520776
2014-12-02 01:00:00,ecl,aggregate_load,168,45,xgboost,26125.98561421005
2014-12-02 02:00:00,ecl,aggregate_load,168,45,xgboost,24806.099082045388
2014-12-02 03:00:00,ecl,aggregate_load,168,45,xgboost,24829.84806491391
2014-12-02 04:00:00,ecl,aggregate_load,168,45,xgboost,25114.597791848395
2014-12-02 05:00:00,ecl,aggregate_load,168,45,xgboost,25458.6942769396
2014-12-02 06:00:00,ecl,aggregate_load,168,45,xgboost,26981.092103667113
2014-12-02 07:00:00,ecl,aggregate_load,168,45,xgboost,25620.54298662225
2014-12-02 08:00:00,ecl,aggregate_load,168,45,xgboost,23125.322866724113
2014-12-02 09:00:00,ecl,aggregate_load,168,45,xgboost,23707.373113695026
2014-12-02 10:00:00,ecl,aggregate_load,168,45,xgboost,25227.014655187813
2014-12-02 11:00:00,ecl,aggregate_load,168,45,xgboost,23733.810043631012
2014-12-02 12:00:00,ecl,aggregate_load,168,45,xgboost,23279.85596388231
2014-12-02 13:00:00,ecl,aggregate_load,168,45,xgboost,24090.88638055586
2014-12-02 14:00:00,ecl,aggregate_load,168,45,xgboost,24416.563339692108
2014-12-02 15:00:00,ecl,aggregate_load,168,45,xgboost,23101.413581534216
2014-12-02 16:00:00,ecl,aggregate_load,168,45,xgboost,22037.997968212152
2014-12-02 17:00:00,ecl,aggregate_load,168,45,xgboost,21679.519593150868
2014-12-02 18:00:00,ecl,aggregate_load,168,45,xgboost,23908.016738678903
2014-12-02 19:00:00,ecl,aggregate_load,168,45,xgboost,24594.48969852604
2014-12-02 20:00:00,ecl,aggregate_load,168,45,xgboost,21570.070916539888
2014-12-02 21:00:00,ecl,aggregate_load,168,45,xgboost,20862.011684908477
2014-12-02 22:00:00,ecl,aggregate_load,168,45,xgboost,24946.092320450338
2014-12-02 23:00:00,ecl,aggregate_load,168,45,xgboost,22200.123146431342
2014-12-03 00:00:00,ecl,aggregate_load,168,45,xgboost,21233.03638549733
2014-12-03 01:00:00,ecl,aggregate_load,168,45,xgboost,23203.816185998137
2014-12-03 02:00:00,ecl,aggregate_load,168,45,xgboost,21916.824223743668
2014-12-03 03:00:00,ecl,aggregate_load,168,45,xgboost,22501.156588691665
2014-12-03 04:00:00,ecl,aggregate_load,168,45,xgboost,23303.222049589054
2014-12-03 05:00:00,ecl,aggregate_load,168,45,xgboost,24011.43905014601
2014-12-03 06:00:00,ecl,aggregate_load,168,45,xgboost,22997.918814468703
2014-12-03 07:00:00,ecl,aggregate_load,168,45,xgboost,21697.154312642255
2014-12-03 08:00:00,ecl,aggregate_load,168,45,xgboost,20802.04266836472
2014-12-03 09:00:00,ecl,aggregate_load,168,45,xgboost,21288.568887402052
2014-12-03 10:00:00,ecl,aggregate_load,168,45,xgboost,22343.9476643561
2014-12-03 11:00:00,ecl,aggregate_load,168,45,xgboost,20610.942975400383
2014-12-03 12:00:00,ecl,aggregate_load,168,45,xgboost,20366.942698634746
2014-12-03 13:00:00,ecl,aggregate_load,168,45,xgboost,21106.61127490072
2014-12-03 14:00:00,ecl,aggregate_load,168,45,xgboost,21378.29664820572
2014-12-03 15:00:00,ecl,aggregate_load,168,45,xgboost,20785.552071538244
2014-12-03 16:00:00,ecl,aggregate_load,168,45,xgboost,22298.376179195948
2014-12-03 17:00:00,ecl,aggregate_load,168,45,xgboost,20588.5352727339
2014-12-03 18:00:00,ecl,aggregate_load,168,45,xgboost,23046.670377952596
2014-12-03 19:00:00,ecl,aggregate_load,168,45,xgboost,22472.083276124034
2014-12-03 20:00:00,ecl,aggregate_load,168,45,xgboost,21515.682820666127
2014-12-03 21:00:00,ecl,aggregate_load,168,45,xgboost,21777.261846169324
2014-12-03 22:00:00,ecl,aggregate_load,168,45,xgboost,23767.745431090414
2014-12-03 23:00:00,ecl,aggregate_load,168,45,xgboost,22974.55182738206
2014-12-04 00:00:00,ecl,aggregate_load,168,45,xgboost,24078.831141793067
2014-12-04 01:00:00,ecl,aggregate_load,168,45,xgboost,26072.20025521825
2014-12-04 02:00:00,ecl,aggregate_load,168,45,xgboost,25891.31247718677
2014-12-04 03:00:00,ecl,aggregate_load,168,45,xgboost,26086.75686882795
2014-12-04 04:00:00,ecl,aggregate_load,168,45,xgboost,26433.33724109277
2014-12-04 05:00:00,ecl,aggregate_load,168,45,xgboost,26485.303224635503
2014-12-04 06:00:00,ecl,aggregate_load,168,45,xgboost,26325.76477634018
2014-12-04 07:00:00,ecl,aggregate_load,168,45,xgboost,24721.97221776442
2014-12-04 08:00:00,ecl,aggregate_load,168,45,xgboost,24062.26801471992
2014-12-04 09:00:00,ecl,aggregate_load,168,45,xgboost,23627.082220819713
2014-12-04 10:00:00,ecl,aggregate_load,168,45,xgboost,24698.350640219644
2014-12-04 11:00:00,ecl,aggregate_load,168,45,xgboost,23641.11204733529
2014-12-04 12:00:00,ecl,aggregate_load,168,45,xgboost,23977.043970517785
2014-12-04 13:00:00,ecl,aggregate_load,168,45,xgboost,22640.44702611211
2014-12-04 14:00:00,ecl,aggregate_load,168,45,xgboost,22725.35856210385
2014-12-04 15:00:00,ecl,aggregate_load,168,45,xgboost,23273.888667712403
2014-12-04 16:00:00,ecl,aggregate_load,168,45,xgboost,24059.279766127078
2014-12-04 17:00:00,ecl,aggregate_load,168,45,xgboost,23522.090422680318
2014-12-04 18:00:00,ecl,aggregate_load,168,45,xgboost,25397.934688870213
2014-12-04 19:00:00,ecl,aggregate_load,168,45,xgboost,25099.188989761617
2014-12-04 20:00:00,ecl,aggregate_load,168,45,xgboost,24766.905298856258
2014-12-04 21:00:00,ecl,aggregate_load,168,45,xgboost,25022.10085388837
2014-12-04 22:00:00,ecl,aggregate_load,168,45,xgboost,26946.316767350367
2014-12-04 23:00:00,ecl,aggregate_load,168,45,xgboost,26245.168682653348
2014-12-05 00:00:00,ecl,aggregate_load,168,45,xgboost,23546.69356963772
2014-12-05 01:00:00,ecl,aggregate_load,168,45,xgboost,24888.312977637197
2014-12-05 02:00:00,ecl,aggregate_load,168,45,xgboost,25429.232514157702
2014-12-05 03:00:00,ecl,aggregate_load,168,45,xgboost,25532.598355441693
2014-12-05 04:00:00,ecl,aggregate_load,168,45,xgboost,26712.611192098364
2014-12-05 05:00:00,ecl,aggregate_load,168,45,xgboost,27083.507967361384
2014-12-05 06:00:00,ecl,aggregate_load,168,45,xgboost,26694.003206671165
2014-12-05 07:00:00,ecl,aggregate_load,168,45,xgboost,31509.4499596607
2014-12-05 08:00:00,ecl,aggregate_load,168,45,xgboost,30787.999206659933
2014-12-05 09:00:00,ecl,aggregate_load,168,45,xgboost,29609.829084854995
2014-12-05 10:00:00,ecl,aggregate_load,168,45,xgboost,30526.23066509224
2014-12-05 11:00:00,ecl,aggregate_load,168,45,xgboost,30183.713008606785
2014-12-05 12:00:00,ecl,aggregate_load,168,45,xgboost,29396.705384598146
2014-12-05 13:00:00,ecl,aggregate_load,168,45,xgboost,28554.003955012275
2014-12-05 14:00:00,ecl,aggregate_load,168,45,xgboost,27976.876409425826
2014-12-05 15:00:00,ecl,aggregate_load,168,45,xgboost,28025.557404639854
2014-12-05 16:00:00,ecl,aggregate_load,168,45,xgboost,27989.462082380673
2014-12-05 17:00:00,ecl,aggregate_load,168,45,xgboost,26533.273288678345
2014-12-05 18:00:00,ecl,aggregate_load,168,45,xgboost,29883.882673718534
2014-12-05 19:00:00,ecl,aggregate_load,168,45,xgboost,28696.951161941608
2014-12-05 20:00:00,ecl,aggregate_load,168,45,xgboost,30014.290965246302
2014-12-05 21:00:00,ecl,aggregate_load,168,45,xgboost,31038.97740145595
2014-12-05 22:00:00,ecl,aggregate_load,168,45,xgboost,32715.630525018543
2014-12-05 23:00:00,ecl,aggregate_load,168,45,xgboost,34048.72802891559
2014-12-06 00:00:00,ecl,aggregate_load,168,45,xgboost,25576.511052829755
2014-12-06 01:00:00,ecl,aggregate_load,168,45,xgboost,25488.79833714811
2014-12-06 02:00:00,ecl,aggregate_load,168,45,xgboost,23332.166297452564
2014-12-06 03:00:00,ecl,aggregate_load,168,45,xgboost,23248.60888260582
2014-12-06 04:00:00,ecl,aggregate_load,168,45,xgboost,24007.12599951373
2014-12-06 05:00:00,ecl,aggregate_load,168,45,xgboost,24354.146320277156
2014-12-06 06:00:00,ecl,aggregate_load,168,45,xgboost,23338.982793886218
2014-12-06 07:00:00,ecl,aggregate_load,168,45,xgboost,23956.44661362549
2014-12-06 08:00:00,ecl,aggregate_load,168,45,xgboost,23515.866996426706
2014-12-06 09:00:00,ecl,aggregate_load,168,45,xgboost,22519.67556749009
2014-12-06 10:00:00,ecl,aggregate_load,168,45,xgboost,23709.126378313547
2014-12-06 11:00:00,ecl,aggregate_load,168,45,xgboost,23494.881158036405
2014-12-06 12:00:00,ecl,aggregate_load,168,45,xgboost,23415.73546715559
2014-12-06 13:00:00,ecl,aggregate_load,168,45,xgboost,23322.984854875172
2014-12-06 14:00:00,ecl,aggregate_load,168,45,xgboost,22422.945425821435
2014-12-06 15:00:00,ecl,aggregate_load,168,45,xgboost,23588.417870433877
2014-12-06 16:00:00,ecl,aggregate_load,168,45,xgboost,23770.310014440074
2014-12-06 17:00:00,ecl,aggregate_load,168,45,xgboost,22639.67472504833
2014-12-06 18:00:00,ecl,aggregate_load,168,45,xgboost,24517.682009454944
2014-12-06 19:00:00,ecl,aggregate_load,168,45,xgboost,22698.648017542546
2014-12-06 20:00:00,ecl,aggregate_load,168,45,xgboost,24770.630706778837
2014-12-06 21:00:00,ecl,aggregate_load,168,45,xgboost,23814.766438186383
2014-12-06 22:00:00,ecl,aggregate_load,168,45,xgboost,24419.721965760556
2014-12-06 23:00:00,ecl,aggregate_load,168,45,xgboost,22861.190437609854
2014-12-07 00:00:00,ecl,aggregate_load,168,45,xgboost,26764.86277113186
2014-12-07 01:00:00,ecl,aggregate_load,168,45,xgboost,26157.763409031177
2014-12-07 02:00:00,ecl,aggregate_load,168,45,xgboost,25793.39768037016
2014-12-07 03:00:00,ecl,aggregate_load,168,45,xgboost,25739.588745456625
2014-12-07 04:00:00,ecl,aggregate_load,168,45,xgboost,25851.350193221166
2014-12-07 05:00:00,ecl,aggregate_load,168,45,xgboost,27041.612296898205
2014-12-07 06:00:00,ecl,aggregate_load,168,45,xgboost,28460.405781386842
2014-12-07 07:00:00,ecl,aggregate_load,168,45,xgboost,27839.24635410532
2014-12-07 08:00:00,ecl,aggregate_load,168,45,xgboost,30389.508924671758
2014-12-07 09:00:00,ecl,aggregate_load,168,45,xgboost,26681.618947235074
2014-12-07 10:00:00,ecl,aggregate_load,168,45,xgboost,26285.740663251174
2014-12-07 11:00:00,ecl,aggregate_load,168,45,xgboost,27588.689762838014
2014-12-07 12:00:00,ecl,aggregate_load,168,45,xgboost,26105.66509961002
2014-12-07 13:00:00,ecl,aggregate_load,168,45,xgboost,25162.891522432452
2014-12-07 14:00:00,ecl,aggregate_load,168,45,xgboost,27168.95173316337
2014-12-07 15:00:00,ecl,aggregate_load,168,45,xgboost,27934.448312399836
2014-12-07 16:00:00,ecl,aggregate_load,168,45,xgboost,28950.971127847843
2014-12-07 17:00:00,ecl,aggregate_load,168,45,xgboost,28877.799054346855
2014-12-07 18:00:00,ecl,aggregate_load,168,45,xgboost,29522.453175953167
2014-12-07 19:00:00,ecl,aggregate_load,168,45,xgboost,29622.5940849543
2014-12-07 20:00:00,ecl,aggregate_load,168,45,xgboost,29475.016989542317
2014-12-07 21:00:00,ecl,aggregate_load,168,45,xgboost,28542.611875806535
2014-12-07 22:00:00,ecl,aggregate_load,168,45,xgboost,29359.653747495373
2014-12-07 23:00:00,ecl,aggregate_load,168,45,xgboost,30892.043083356035
2014-12-08 00:00:00,ecl,aggregate_load,168,45,xgboost,31050.73603218537
2014-12-08 01:00:00,ecl,aggregate_load,168,45,xgboost,31822.80462670775
2014-12-08 02:00:00,ecl,aggregate_load,168,45,xgboost,32188.752977967943
2014-12-08 03:00:00,ecl,aggregate_load,168,45,xgboost,32538.13678602919
2014-12-08 04:00:00,ecl,aggregate_load,168,45,xgboost,33305.922572765405
2014-12-08 05:00:00,ecl,aggregate_load,168,45,xgboost,33900.77272815061
2014-12-08 06:00:00,ecl,aggregate_load,168,45,xgboost,33977.49134013896
2014-12-08 07:00:00,ecl,aggregate_load,168,45,xgboost,33997.94104137914
2014-12-08 08:00:00,ecl,aggregate_load,168,45,xgboost,35373.89642481364
2014-12-08 09:00:00,ecl,aggregate_load,168,45,xgboost,32858.337211067024
2014-12-08 10:00:00,ecl,aggregate_load,168,45,xgboost,31804.436654788187
2014-12-08 11:00:00,ecl,aggregate_load,168,45,xgboost,32453.770967554057
2014-12-08 12:00:00,ecl,aggregate_load,168,45,xgboost,29460.375748226063
2014-12-08 13:00:00,ecl,aggregate_load,168,45,xgboost,38075.76749324546
2014-12-08 14:00:00,ecl,aggregate_load,168,45,xgboost,33492.22079456121
2014-12-08 15:00:00,ecl,aggregate_load,168,45,xgboost,31603.788270523197
2014-12-08 16:00:00,ecl,aggregate_load,168,45,xgboost,29103.6900372861
2014-12-08 17:00:00,ecl,aggregate_load,168,45,xgboost,29119.831845551467
2014-12-08 18:00:00,ecl,aggregate_load,168,45,xgboost,31009.7434445569
2014-12-08 19:00:00,ecl,aggregate_load,168,45,xgboost,30681.222024715993
2014-12-08 20:00:00,ecl,aggregate_load,168,45,xgboost,29059.52814737976
2014-12-08 21:00:00,ecl,aggregate_load,168,45,xgboost,30232.4834056594
2014-12-08 22:00:00,ecl,aggregate_load,168,45,xgboost,30300.02640950795
2014-12-08 23:00:00,ecl,aggregate_load,168,45,xgboost,31176.077439676083
2014-12-09 00:00:00,ecl,aggregate_load,168,45,xgboost,30292.03388550812
2014-12-09 01:00:00,ecl,aggregate_load,168,45,xgboost,31985.16276477797
2014-12-09 02:00:00,ecl,aggregate_load,168,45,xgboost,30524.07993723378
2014-12-09 03:00:00,ecl,aggregate_load,168,45,xgboost,28696.68088163481
2014-12-09 04:00:00,ecl,aggregate_load,168,45,xgboost,29232.063888143544
2014-12-09 05:00:00,ecl,aggregate_load,168,45,xgboost,29597.162249639972
2014-12-09 06:00:00,ecl,aggregate_load,168,45,xgboost,30298.337213812596
2014-12-09 07:00:00,ecl,aggregate_load,168,45,xgboost,30766.382654547917
2014-12-09 08:00:00,ecl,aggregate_load,168,45,xgboost,30162.196396668576
2014-12-09 09:00:00,ecl,aggregate_load,168,45,xgboost,29230.63602258648
2014-12-09 10:00:00,ecl,aggregate_load,168,45,xgboost,30102.590282295707
2014-12-09 11:00:00,ecl,aggregate_load,168,45,xgboost,29686.910135090267
2014-12-09 12:00:00,ecl,aggregate_load,168,45,xgboost,29033.20672687975
2014-12-09 13:00:00,ecl,aggregate_load,168,45,xgboost,29377.163226713183
2014-12-09 14:00:00,ecl,aggregate_load,168,45,xgboost,27747.203974237666
2014-12-09 15:00:00,ecl,aggregate_load,168,45,xgboost,27784.215913503198
2014-12-09 16:00:00,ecl,aggregate_load,168,45,xgboost,27167.61467062828
2014-12-09 17:00:00,ecl,aggregate_load,168,45,xgboost,27209.642761525647
2014-12-09 18:00:00,ecl,aggregate_load,168,45,xgboost,28770.10822154678
2014-12-09 19:00:00,ecl,aggregate_load,168,45,xgboost,29185.124103801747
2014-12-09 20:00:00,ecl,aggregate_load,168,45,xgboost,31360.247885956724
2014-12-09 21:00:00,ecl,aggregate_load,168,45,xgboost,31411.10604014579
2014-12-09 22:00:00,ecl,aggregate_load,168,45,xgboost,31234.77961090623
2014-12-09 23:00:00,ecl,aggregate_load,168,45,xgboost,34598.56772229276
2014-12-10 00:00:00,ecl,aggregate_load,168,45,xgboost,34663.72756309799
2014-12-10 01:00:00,ecl,aggregate_load,168,45,xgboost,36586.08706560856
2014-12-10 02:00:00,ecl,aggregate_load,168,45,xgboost,35810.360375018936
2014-12-10 03:00:00,ecl,aggregate_load,168,45,xgboost,35300.93567652298
2014-12-10 04:00:00,ecl,aggregate_load,168,45,xgboost,35371.117806219896
2014-12-10 05:00:00,ecl,aggregate_load,168,45,xgboost,34722.462959392586
2014-12-10 06:00:00,ecl,aggregate_load,168,45,xgboost,34609.80426980005
2014-12-10 07:00:00,ecl,aggregate_load,168,45,xgboost,33114.160916065666
2014-12-10 08:00:00,ecl,aggregate_load,168,45,xgboost,32530.517746104826
2014-12-10 09:00:00,ecl,aggregate_load,168,45,xgboost,31312.550412666784
2014-12-10 10:00:00,ecl,aggregate_load,168,45,xgboost,32959.273239761926
2014-12-10 11:00:00,ecl,aggregate_load,168,45,xgboost,33678.702600689256
2014-12-10 12:00:00,ecl,aggregate_load,168,45,xgboost,31276.47063983256
2014-12-10 13:00:00,ecl,aggregate_load,168,45,xgboost,31454.95521813897
2014-12-10 14:00:00,ecl,aggregate_load,168,45,xgboost,30342.08216275681
2014-12-10 15:00:00,ecl,aggregate_load,168,45,xgboost,29383.721058205912
2014-12-10 16:00:00,ecl,aggregate_load,168,45,xgboost,29763.964085017447
2014-12-10 17:00:00,ecl,aggregate_load,168,45,xgboost,30125.85631552933
2014-12-10 18:00:00,ecl,aggregate_load,168,45,xgboost,31010.670184779414
2014-12-10 19:00:00,ecl,aggregate_load,168,45,xgboost,32977.59678599141
2014-12-10 20:00:00,ecl,aggregate_load,168,45,xgboost,33852.177793182374
2014-12-10 21:00:00,ecl,aggregate_load,168,45,xgboost,34818.149286627195
2014-12-10 22:00:00,ecl,aggregate_load,168,45,xgboost,35619.2591584493
2014-12-10 23:00:00,ecl,aggregate_load,168,45,xgboost,37425.565470880145
2014-12-11 00:00:00,ecl,aggregate_load,168,45,xgboost,43040.13982797433
2014-12-11 01:00:00,ecl,aggregate_load,168,45,xgboost,44580.72904459847
2014-12-11 02:00:00,ecl,aggregate_load,168,45,xgboost,40514.231745207035
2014-12-11 03:00:00,ecl,aggregate_load,168,45,xgboost,38534.294182968275
2014-12-11 04:00:00,ecl,aggregate_load,168,45,xgboost,38359.770873353664
2014-12-11 05:00:00,ecl,aggregate_load,168,45,xgboost,38562.95979097296
2014-12-11 06:00:00,ecl,aggregate_load,168,45,xgboost,39084.39363392674
2014-12-11 07:00:00,ecl,aggregate_load,168,45,xgboost,38249.56732560935
2014-12-11 08:00:00,ecl,aggregate_load,168,45,xgboost,37934.71387444768
2014-12-11 09:00:00,ecl,aggregate_load,168,45,xgboost,37156.83313788661
2014-12-11 10:00:00,ecl,aggregate_load,168,45,xgboost,39194.41865709579
2014-12-11 11:00:00,ecl,aggregate_load,168,45,xgboost,37350.43616389473
2014-12-11 12:00:00,ecl,aggregate_load,168,45,xgboost,37133.98791988882
2014-12-11 13:00:00,ecl,aggregate_load,168,45,xgboost,37988.08057590483
2014-12-11 14:00:00,ecl,aggregate_load,168,45,xgboost,37497.49522426594
2014-12-11 15:00:00,ecl,aggregate_load,168,45,xgboost,36453.54233186835
2014-12-11 16:00:00,ecl,aggregate_load,168,45,xgboost,35364.588497917684
2014-12-11 17:00:00,ecl,aggregate_load,168,45,xgboost,35911.158424949565
2014-12-11 18:00:00,ecl,aggregate_load,168,45,xgboost,36574.66591115581
2014-12-11 19:00:00,ecl,aggregate_load,168,45,xgboost,38101.78787998579
2014-12-11 20:00:00,ecl,aggregate_load,168,45,xgboost,38866.716289619835
2014-12-11 21:00:00,ecl,aggregate_load,168,45,xgboost,38232.940715543664
2014-12-11 22:00:00,ecl,aggregate_load,168,45,xgboost,40966.6555203515
2014-12-11 23:00:00,ecl,aggregate_load,168,45,xgboost,42601.80914852749
2014-12-12 00:00:00,ecl,aggregate_load,168,45,xgboost,39294.880352984925
2014-12-12 01:00:00,ecl,aggregate_load,168,45,xgboost,38223.98449424532
2014-12-12 02:00:00,ecl,aggregate_load,168,45,xgboost,35774.279797948126
2014-12-12 03:00:00,ecl,aggregate_load,168,45,xgboost,34581.49205350086
2014-12-12 04:00:00,ecl,aggregate_load,168,45,xgboost,33233.94946189799
2014-12-12 05:00:00,ecl,aggregate_load,168,45,xgboost,32928.75151156584
2014-12-12 06:00:00,ecl,aggregate_load,168,45,xgboost,32767.468036472943
2014-12-12 07:00:00,ecl,aggregate_load,168,45,xgboost,33350.950103857846
2014-12-12 08:00:00,ecl,aggregate_load,168,45,xgboost,32275.86483424303
2014-12-12 09:00:00,ecl,aggregate_load,168,45,xgboost,31981.666290583456
2014-12-12 10:00:00,ecl,aggregate_load,168,45,xgboost,30635.559265011147
2014-12-12 11:00:00,ecl,aggregate_load,168,45,xgboost,30992.43022334979
2014-12-12 12:00:00,ecl,aggregate_load,168,45,xgboost,31265.434764116788
2014-12-12 13:00:00,ecl,aggregate_load,168,45,xgboost,30661.082955960992
2014-12-12 14:00:00,ecl,aggregate_load,168,45,xgboost,30717.447939371967
2014-12-12 15:00:00,ecl,aggregate_load,168,45,xgboost,28962.693934572053
2014-12-12 16:00:00,ecl,aggregate_load,168,45,xgboost,30117.986077719943
2014-12-12 17:00:00,ecl,aggregate_load,168,45,xgboost,29283.739495886468
2014-12-12 18:00:00,ecl,aggregate_load,168,45,xgboost,29913.825603881734
2014-12-12 19:00:00,ecl,aggregate_load,168,45,xgboost,29003.08435230229
2014-12-12 20:00:00,ecl,aggregate_load,168,45,xgboost,29443.788023361853
2014-12-12 21:00:00,ecl,aggregate_load,168,45,xgboost,28996.634714344
2014-12-12 22:00:00,ecl,aggregate_load,168,45,xgboost,32013.313538990293
2014-12-12 23:00:00,ecl,aggregate_load,168,45,xgboost,30076.5761624276
2014-12-13 00:00:00,ecl,aggregate_load,168,45,xgboost,27719.135436929857
2014-12-13 01:00:00,ecl,aggregate_load,168,45,xgboost,25007.237375080196
2014-12-13 02:00:00,ecl,aggregate_load,168,45,xgboost,25249.91094132369
2014-12-13 03:00:00,ecl,aggregate_load,168,45,xgboost,25804.49325378305
2014-12-13 04:00:00,ecl,aggregate_load,168,45,xgboost,27702.859134240076
2014-12-13 05:00:00,ecl,aggregate_load,168,45,xgboost,27781.12199987561
2014-12-13 06:00:00,ecl,aggregate_load,168,45,xgboost,28116.957386941194
2014-12-13 07:00:00,ecl,aggregate_load,168,45,xgboost,27451.530816028062
2014-12-13 08:00:00,ecl,aggregate_load,168,45,xgboost,27974.086818427313
2014-12-13 09:00:00,ecl,aggregate_load,168,45,xgboost,28297.42924248279
2014-12-13 10:00:00,ecl,aggregate_load,168,45,xgboost,28146.004293038975
2014-12-13 11:00:00,ecl,aggregate_load,168,45,xgboost,28186.01321274024
2014-12-13 12:00:00,ecl,aggregate_load,168,45,xgboost,27909.992153253046
2014-12-13 13:00:00,ecl,aggregate_load,168,45,xgboost,26654.5601448485
2014-12-13 14:00:00,ecl,aggregate_load,168,45,xgboost,25526.79848584097
2014-12-13 15:00:00,ecl,aggregate_load,168,45,xgboost,27332.518278337324
2014-12-13 16:00:00,ecl,aggregate_load,168,45,xgboost,27662.39888680883
2014-12-13 17:00:00,ecl,aggregate_load,168,45,xgboost,26166.938114976067
2014-12-13 18:00:00,ecl,aggregate_load,168,45,xgboost,26803.043173925445
2014-12-13 19:00:00,ecl,aggregate_load,168,45,xgboost,25632.240241771393
2014-12-13 20:00:00,ecl,aggregate_load,168,45,xgboost,26832.076986010386
2014-12-13 21:00:00,ecl,aggregate_load,168,45,xgboost,26446.86963255513
2014-12-13 22:00:00,ecl,aggregate_load,168,45,xgboost,29756.19036513207
2014-12-13 23:00:00,ecl,aggregate_load,168,45,xgboost,26575.592447218187
2014-12-14 00:00:00,ecl,aggregate_load,168,45,xgboost,29042.170046271844
2014-12-14 01:00:00,ecl,aggregate_load,168,45,xgboost,27755.097559178474
2014-12-14 02:00:00,ecl,aggregate_load,168,45,xgboost,27882.024732128728
2014-12-14 03:00:00,ecl,aggregate_load,168,45,xgboost,27890.35508263638
2014-12-14 04:00:00,ecl,aggregate_load,168,45,xgboost,28448.734906518555
2014-12-14 05:00:00,ecl,aggregate_load,168,45,xgboost,28695.732755296158
2014-12-14 06:00:00,ecl,aggregate_load,168,45,xgboost,29089.68503826302
2014-12-14 07:00:00,ecl,aggregate_load,168,45,xgboost,28360.1023781879
2014-12-14 08:00:00,ecl,aggregate_load,168,45,xgboost,29916.94464408929
2014-12-14 09:00:00,ecl,aggregate_load,168,45,xgboost,29027.18320196555
2014-12-14 10:00:00,ecl,aggregate_load,168,45,xgboost,28813.54014225914
2014-12-14 11:00:00,ecl,aggregate_load,168,45,xgboost,27937.266082659607
2014-12-14 12:00:00,ecl,aggregate_load,168,45,xgboost,28254.348764395025
2014-12-14 13:00:00,ecl,aggregate_load,168,45,xgboost,24162.265965883234
2014-12-14 14:00:00,ecl,aggregate_load,168,45,xgboost,25490.575998447253
2014-12-14 15:00:00,ecl,aggregate_load,168,45,xgboost,19327.622849256797
2014-12-14 16:00:00,ecl,aggregate_load,168,45,xgboost,18954.907068057866
2014-12-14 17:00:00,ecl,aggregate_load,168,45,xgboost,18297.20072317728
2014-12-14 18:00:00,ecl,aggregate_load,168,45,xgboost,20122.21193211238
2014-12-14 19:00:00,ecl,aggregate_load,168,45,xgboost,25066.196552066824
2014-12-14 20:00:00,ecl,aggregate_load,168,45,xgboost,26334.598364779747
2014-12-14 21:00:00,ecl,aggregate_load,168,45,xgboost,27699.622874009918
2014-12-14 22:00:00,ecl,aggregate_load,168,45,xgboost,27013.509761559108
2014-12-14 23:00:00,ecl,aggregate_load,168,45,xgboost,24246.320637414065
2014-12-15 00:00:00,ecl,aggregate_load,168,45,xgboost,18438.413049569917
2014-12-15 01:00:00,ecl,aggregate_load,168,45,xgboost,19335.093405282725
2014-12-15 02:00:00,ecl,aggregate_load,168,45,xgboost,20614.87792455876
2014-12-15 03:00:00,ecl,aggregate_load,168,45,xgboost,20628.656490884172
2014-12-15 04:00:00,ecl,aggregate_load,168,45,xgboost,20867.940672870416
2014-12-15 05:00:00,ecl,aggregate_load,168,45,xgboost,19972.095243124484
2014-12-15 06:00:00,ecl,aggregate_load,168,45,xgboost,20677.777305762527
2014-12-15 07:00:00,ecl,aggregate_load,168,45,xgboost,19224.73259298254
2014-12-15 08:00:00,ecl,aggregate_load,168,45,xgboost,21933.719275200834
2014-12-15 09:00:00,ecl,aggregate_load,168,45,xgboost,19025.940154050288
2014-12-15 10:00:00,ecl,aggregate_load,168,45,xgboost,17877.343273494946
2014-12-15 11:00:00,ecl,aggregate_load,168,45,xgboost,17278.828356347673
2014-12-15 12:00:00,ecl,aggregate_load,168,45,xgboost,16926.38763139635
2014-12-15 13:00:00,ecl,aggregate_load,168,45,xgboost,15415.651867164559
2014-12-15 14:00:00,ecl,aggregate_load,168,45,xgboost,16944.688415903885
2014-12-15 15:00:00,ecl,aggregate_load,168,45,xgboost,16329.322959468122
2014-12-15 16:00:00,ecl,aggregate_load,168,45,xgboost,17160.868203313552
2014-12-15 17:00:00,ecl,aggregate_load,168,45,xgboost,16324.336397330631
2014-12-15 18:00:00,ecl,aggregate_load,168,45,xgboost,17641.34629321866
2014-12-15 19:00:00,ecl,aggregate_load,168,45,xgboost,18913.943017233843
2014-12-15 20:00:00,ecl,aggregate_load,168,45,xgboost,20941.59060480965
2014-12-15 21:00:00,ecl,aggregate_load,168,45,xgboost,21005.661482209474
2014-12-15 22:00:00,ecl,aggregate_load,168,45,xgboost,20077.59864604612
2014-12-15 23:00:00,ecl,aggregate_load,168,45,xgboost,19912.60274077788
2014-12-16 00:00:00,ecl,aggregate_load,168,45,xgboost,20323.09403022362
2014-12-16 01:00:00,ecl,aggregate_load,168,45,xgboost,19649.323696246887
2014-12-16 02:00:00,ecl,aggregate_load,168,45,xgboost,18422.642887741902
2014-12-16 03:00:00,ecl,aggregate_load,168,45,xgboost,16505.08954193081
2014-12-16 04:00:00,ecl,aggregate_load,168,45,xgboost,15932.916502719818
2014-12-16 05:00:00,ecl,aggregate_load,168,45,xgboost,15086.098363880052
2014-12-16 06:00:00,ecl,aggregate_load,168,45,xgboost,15372.717535000473
2014-12-16 07:00:00,ecl,aggregate_load,168,45,xgboost,14712.89435449522
2014-12-16 08:00:00,ecl,aggregate_load,168,45,xgboost,14762.566210617575
2014-12-16 09:00:00,ecl,aggregate_load,168,45,xgboost,15899.348976124262
2014-12-16 10:00:00,ecl,aggregate_load,168,45,xgboost,18680.041066369093
2014-12-16 11:00:00,ecl,aggregate_load,168,45,xgboost,17521.490278427387
2014-12-16 12:00:00,ecl,aggregate_load,168,45,xgboost,17733.266135217527
2014-12-16 13:00:00,ecl,aggregate_load,168,45,xgboost,16829.92709761895
2014-12-16 14:00:00,ecl,aggregate_load,168,45,xgboost,16903.59268101518
2014-12-16 15:00:00,ecl,aggregate_load,168,45,xgboost,16939.29920474956
2014-12-16 16:00:00,ecl,aggregate_load,168,45,xgboost,17824.187165305826
2014-12-16 17:00:00,ecl,aggregate_load,168,45,xgboost,17743.077857985012
2014-12-16 18:00:00,ecl,aggregate_load,168,45,xgboost,19175.59324528782
2014-12-16 19:00:00,ecl,aggregate_load,168,45,xgboost,21077.623825386097
2014-12-16 20:00:00,ecl,aggregate_load,168,45,xgboost,21070.173474168652
2014-12-16 21:00:00,ecl,aggregate_load,168,45,xgboost,18786.628011265504
2014-12-16 22:00:00,ecl,aggregate_load,168,45,xgboost,21459.100845324698
2014-12-16 23:00:00,ecl,aggregate_load,168,45,xgboost,20611.514669374617
2014-12-17 00:00:00,ecl,aggregate_load,168,45,xgboost,19874.29161020482
2014-12-17 01:00:00,ecl,aggregate_load,168,45,xgboost,19652.968579641172
2014-12-17 02:00:00,ecl,aggregate_load,168,45,xgboost,19824.332417908012
2014-12-17 03:00:00,ecl,aggregate_load,168,45,xgboost,19067.068556388203
2014-12-17 04:00:00,ecl,aggregate_load,168,45,xgboost,19047.901693362273
2014-12-17 05:00:00,ecl,aggregate_load,168,45,xgboost,19221.133284307794
2014-12-17 06:00:00,ecl,aggregate_load,168,45,xgboost,19247.06244452773
2014-12-17 07:00:00,ecl,aggregate_load,168,45,xgboost,19464.970030235858
2014-12-17 08:00:00,ecl,aggregate_load,168,45,xgboost,20150.974533601133
2014-12-17 09:00:00,ecl,aggregate_load,168,45,xgboost,21025.8382379065
2014-12-17 10:00:00,ecl,aggregate_load,168,45,xgboost,21577.21881434126
2014-12-17 11:00:00,ecl,aggregate_load,168,45,xgboost,21742.866525166304
2014-12-17 12:00:00,ecl,aggregate_load,168,45,xgboost,21684.342687258464
2014-12-17 13:00:00,ecl,aggregate_load,168,45,xgboost,20412.063917156975
2014-12-17 14:00:00,ecl,aggregate_load,168,45,xgboost,20154.928286602924
2014-12-17 15:00:00,ecl,aggregate_load,168,45,xgboost,19878.24073383319
2014-12-17 16:00:00,ecl,aggregate_load,168,45,xgboost,19833.477531600984
2014-12-17 17:00:00,ecl,aggregate_load,168,45,xgboost,19487.405491711314
2014-12-17 18:00:00,ecl,aggregate_load,168,45,xgboost,19937.06924412574
2014-12-17 19:00:00,ecl,aggregate_load,168,45,xgboost,20446.527101683747
2014-12-17 20:00:00,ecl,aggregate_load,168,45,xgboost,22937.340569634645
2014-12-17 21:00:00,ecl,aggregate_load,168,45,xgboost,23994.437674416018
2014-12-17 22:00:00,ecl,aggregate_load,168,45,xgboost,24555.332572841067
2014-12-17 23:00:00,ecl,aggregate_load,168,45,xgboost,24781.584899843863
2014-12-18 00:00:00,ecl,aggregate_load,168,45,xgboost,28203.07549015362
2014-12-18 01:00:00,ecl,aggregate_load,168,45,xgboost,29260.292247076846
2014-12-18 02:00:00,ecl,aggregate_load,168,45,xgboost,29534.161323714303
2014-12-18 03:00:00,ecl,aggregate_load,168,45,xgboost,28936.260942028326
2014-12-18 04:00:00,ecl,aggregate_load,168,45,xgboost,29507.660768723465
2014-12-18 05:00:00,ecl,aggregate_load,168,45,xgboost,29625.992942489534
2014-12-18 06:00:00,ecl,aggregate_load,168,45,xgboost,31084.354113937978
2014-12-18 07:00:00,ecl,aggregate_load,168,45,xgboost,32643.26777373342
2014-12-18 08:00:00,ecl,aggregate_load,168,45,xgboost,33318.104572620345
2014-12-18 09:00:00,ecl,aggregate_load,168,45,xgboost,35245.22763892157
2014-12-18 10:00:00,ecl,aggregate_load,168,45,xgboost,36968.106655858355
2014-12-18 11:00:00,ecl,aggregate_load,168,45,xgboost,39519.03127743351
2014-12-18 12:00:00,ecl,aggregate_load,168,45,xgboost,41780.207408214126
2014-12-18 13:00:00,ecl,aggregate_load,168,45,xgboost,43089.62981418214
2014-12-18 14:00:00,ecl,aggregate_load,168,45,xgboost,45716.51555935038
2014-12-18 15:00:00,ecl,aggregate_load,168,45,xgboost,48627.247086559575
2014-12-18 16:00:00,ecl,aggregate_load,168,45,xgboost,50450.684030696735
2014-12-18 17:00:00,ecl,aggregate_load,168,45,xgboost,54487.51081345184
2014-12-18 18:00:00,ecl,aggregate_load,168,45,xgboost,57767.18223180298
2014-12-18 19:00:00,ecl,aggregate_load,168,45,xgboost,59784.424432466105
2014-12-18 20:00:00,ecl,aggregate_load,168,45,xgboost,60962.59628465589
2014-12-18 21:00:00,ecl,aggregate_load,168,45,xgboost,63457.28167381876
2014-12-18 22:00:00,ecl,aggregate_load,168,45,xgboost,67110.23229310532
2014-12-18 23:00:00,ecl,aggregate_load,168,45,xgboost,67033.4527847166
2014-12-19 00:00:00,ecl,aggregate_load,168,45,xgboost,67414.48498486301
2014-12-19 01:00:00,ecl,aggregate_load,168,45,xgboost,67897.06440883987
2014-12-19 02:00:00,ecl,aggregate_load,168,45,xgboost,67612.24995076173
2014-12-19 03:00:00,ecl,aggregate_load,168,45,xgboost,68211.12651213884
2014-12-19 04:00:00,ecl,aggregate_load,168,45,xgboost,67060.08233537314
2014-12-19 05:00:00,ecl,aggregate_load,168,45,xgboost,67188.33284248972
2014-12-19 06:00:00,ecl,aggregate_load,168,45,xgboost,67823.31082240262
2014-12-19 07:00:00,ecl,aggregate_load,168,45,xgboost,68279.43373315143
2014-12-19 08:00:00,ecl,aggregate_load,168,45,xgboost,67515.02666197212
2014-12-19 09:00:00,ecl,aggregate_load,168,45,xgboost,68662.17967861344
2014-12-19 10:00:00,ecl,aggregate_load,168,45,xgboost,68079.56632052523
2014-12-19 11:00:00,ecl,aggregate_load,168,45,xgboost,68002.00595845019
2014-12-19 12:00:00,ecl,aggregate_load,168,45,xgboost,67742.50547325957
2014-12-19 13:00:00,ecl,aggregate_load,168,45,xgboost,66323.76145976862
2014-12-19 14:00:00,ecl,aggregate_load,168,45,xgboost,67554.21872528405
2014-12-19 15:00:00,ecl,aggregate_load,168,45,xgboost,65736.164360353
2014-12-19 16:00:00,ecl,aggregate_load,168,45,xgboost,65706.693322576
2014-12-19 17:00:00,ecl,aggregate_load,168,45,xgboost,66121.90963398802
2014-12-19 18:00:00,ecl,aggregate_load,168,45,xgboost,66162.70150647413
2014-12-19 19:00:00,ecl,aggregate_load,168,45,xgboost,66029.68942765289
2014-12-19 20:00:00,ecl,aggregate_load,168,45,xgboost,63414.0276372267
2014-12-19 21:00:00,ecl,aggregate_load,168,45,xgboost,63162.939996619876
2014-12-19 22:00:00,ecl,aggregate_load,168,45,xgboost,61913.06701713531
2014-12-19 23:00:00,ecl,aggregate_load,168,45,xgboost,61007.08867958848
2014-12-20 00:00:00,ecl,aggregate_load,168,45,xgboost,68542.34277272473
2014-12-20 01:00:00,ecl,aggregate_load,168,45,xgboost,67635.79329661473
2014-12-20 02:00:00,ecl,aggregate_load,168,45,xgboost,69436.47607770028
2014-12-20 03:00:00,ecl,aggregate_load,168,45,xgboost,69990.65898903731
2014-12-20 04:00:00,ecl,aggregate_load,168,45,xgboost,70532.9627651003
2014-12-20 05:00:00,ecl,aggregate_load,168,45,xgboost,70142.13235164018
2014-12-20 06:00:00,ecl,aggregate_load,168,45,xgboost,70971.37303696435
2014-12-20 07:00:00,ecl,aggregate_load,168,45,xgboost,70394.18253466127
2014-12-20 08:00:00,ecl,aggregate_load,168,45,xgboost,71539.37803480455
2014-12-20 09:00:00,ecl,aggregate_load,168,45,xgboost,71499.34198561937
2014-12-20 10:00:00,ecl,aggregate_load,168,45,xgboost,71311.84871691282
2014-12-20 11:00:00,ecl,aggregate_load,168,45,xgboost,71375.85866754701
2014-12-20 12:00:00,ecl,aggregate_load,168,45,xgboost,71268.93359862547
2014-12-20 13:00:00,ecl,aggregate_load,168,45,xgboost,72597.62731399336
2014-12-20 14:00:00,ecl,aggregate_load,168,45,xgboost,72111.58411038868
2014-12-20 15:00:00,ecl,aggregate_load,168,45,xgboost,72235.92162621484
2014-12-20 16:00:00,ecl,aggregate_load,168,45,xgboost,71786.90080088761
2014-12-20 17:00:00,ecl,aggregate_load,168,45,xgboost,71748.35597319948
2014-12-20 18:00:00,ecl,aggregate_load,168,45,xgboost,72864.13206201636
2014-12-20 19:00:00,ecl,aggregate_load,168,45,xgboost,73090.6491157694
2014-12-20 20:00:00,ecl,aggregate_load,168,45,xgboost,72147.05779863728
2014-12-20 21:00:00,ecl,aggregate_load,168,45,xgboost,71080.63202488869
2014-12-20 22:00:00,ecl,aggregate_load,168,45,xgboost,72310.16559759055
2014-12-20 23:00:00,ecl,aggregate_load,168,45,xgboost,70533.7144744188
2014-12-21 00:00:00,ecl,aggregate_load,168,45,xgboost,72861.94024844897
2014-12-21 01:00:00,ecl,aggregate_load,168,45,xgboost,73059.65500985282
2014-12-21 02:00:00,ecl,aggregate_load,168,45,xgboost,73749.62766296
2014-12-21 03:00:00,ecl,aggregate_load,168,45,xgboost,73531.46544419281
2014-12-21 04:00:00,ecl,aggregate_load,168,45,xgboost,74190.875652427
2014-12-21 05:00:00,ecl,aggregate_load,168,45,xgboost,74653.5368996838
2014-12-21 06:00:00,ecl,aggregate_load,168,45,xgboost,74731.63432526805
2014-12-21 07:00:00,ecl,aggregate_load,168,45,xgboost,75173.8132096397
2014-12-21 08:00:00,ecl,aggregate_load,168,45,xgboost,76145.97074223569
2014-12-21 09:00:00,ecl,aggregate_load,168,45,xgboost,74748.86890657789
2014-12-21 10:00:00,ecl,aggregate_load,168,45,xgboost,74429.82363187667
2014-12-21 11:00:00,ecl,aggregate_load,168,45,xgboost,75205.92815138961
2014-12-21 12:00:00,ecl,aggregate_load,168,45,xgboost,73643.46581734033
2014-12-21 13:00:00,ecl,aggregate_load,168,45,xgboost,73228.94799485842
2014-12-21 14:00:00,ecl,aggregate_load,168,45,xgboost,73329.19490522688
2014-12-21 15:00:00,ecl,aggregate_load,168,45,xgboost,72757.34859627692
2014-12-21 16:00:00,ecl,aggregate_load,168,45,xgboost,72224.89868078947
2014-12-21 17:00:00,ecl,aggregate_load,168,45,xgboost,72185.91116104492
2014-12-21 18:00:00,ecl,aggregate_load,168,45,xgboost,74019.8847581676
2014-12-21 19:00:00,ecl,aggregate_load,168,45,xgboost,72801.03469178242
2014-12-21 20:00:00,ecl,aggregate_load,168,45,xgboost,71987.98643237514
2014-12-21 21:00:00,ecl,aggregate_load,168,45,xgboost,69771.10449532769
2014-12-21 22:00:00,ecl,aggregate_load,168,45,xgboost,71734.58792760536
2014-12-21 23:00:00,ecl,aggregate_load,168,45,xgboost,70509.41088692039
2014-12-22 00:00:00,ecl,aggregate_load,168,45,xgboost,73374.20542312328
2014-12-22 01:00:00,ecl,aggregate_load,168,45,xgboost,74014.1504168377
2014-12-22 02:00:00,ecl,aggregate_load,168,45,xgboost,72171.01154034401
2014-12-22 03:00:00,ecl,aggregate_load,168,45,xgboost,70716.57063256495
2014-12-22 04:00:00,ecl,aggregate_load,168,45,xgboost,70489.3257880798
2014-12-22 05:00:00,ecl,aggregate_load,168,45,xgboost,69694.97174867864
2014-12-22 06:00:00,ecl,aggregate_load,168,45,xgboost,68947.238593925
2014-12-22 07:00:00,ecl,aggregate_load,168,45,xgboost,70009.3359341326
2014-12-22 08:00:00,ecl,aggregate_load,168,45,xgboost,70548.81252782264
2014-12-22 09:00:00,ecl,aggregate_load,168,45,xgboost,68529.61266960435
2014-12-22 10:00:00,ecl,aggregate_load,168,45,xgboost,69055.82763471032
2014-12-22 11:00:00,ecl,aggregate_load,168,45,xgboost,70321.63630758796
2014-12-22 12:00:00,ecl,aggregate_load,168,45,xgboost,68984.27898939571
2014-12-22 13:00:00,ecl,aggregate_load,168,45,xgboost,69761.37172429015
2014-12-22 14:00:00,ecl,aggregate_load,168,45,xgboost,68756.91444323065
2014-12-22 15:00:00,ecl,aggregate_load,168,45,xgboost,68441.35568325642
2014-12-22 16:00:00,ecl,aggregate_load,168,45,xgboost,67477.85740248479
2014-12-22 17:00:00,ecl,aggregate_load,168,45,xgboost,68007.79983603506
2014-12-22 18:00:00,ecl,aggregate_load,168,45,xgboost,72493.19018653671
2014-12-22 19:00:00,ecl,aggregate_load,168,45,xgboost,71381.62788667128
2014-12-22 20:00:00,ecl,aggregate_load,168,45,xgboost,70074.76775390691
2014-12-22 21:00:00,ecl,aggregate_load,168,45,xgboost,68989.99247199479
2014-12-22 22:00:00,ecl,aggregate_load,168,45,xgboost,72455.36935892364
2014-12-22 23:00:00,ecl,aggregate_load,168,45,xgboost,70630.19819099491
2014-12-23 00:00:00,ecl,aggregate_load,168,45,xgboost,70544.75336059014
2014-12-23 01:00:00,ecl,aggregate_load,168,45,xgboost,69630.9919899085
2014-12-23 02:00:00,ecl,aggregate_load,168,45,xgboost,68547.66143029842
2014-12-23 03:00:00,ecl,aggregate_load,168,45,xgboost,69083.32294388258
2014-12-23 04:00:00,ecl,aggregate_load,168,45,xgboost,69326.08811057854
2014-12-23 05:00:00,ecl,aggregate_load,168,45,xgboost,68894.50451544757
2014-12-23 06:00:00,ecl,aggregate_load,168,45,xgboost,68581.15238274648
2014-12-23 07:00:00,ecl,aggregate_load,168,45,xgboost,68086.48216974485
2014-12-23 08:00:00,ecl,aggregate_load,168,45,xgboost,66914.66761906089
2014-12-23 09:00:00,ecl,aggregate_load,168,45,xgboost,67416.21791955065
2014-12-23 10:00:00,ecl,aggregate_load,168,45,xgboost,67981.62852011785
2014-12-23 11:00:00,ecl,aggregate_load,168,45,xgboost,69897.18883489263
2014-12-23 12:00:00,ecl,aggregate_load,168,45,xgboost,66875.64481312734
2014-12-23 13:00:00,ecl,aggregate_load,168,45,xgboost,68447.71960230803
2014-12-23 14:00:00,ecl,aggregate_load,168,45,xgboost,66840.39928273931
2014-12-23 15:00:00,ecl,aggregate_load,168,45,xgboost,66092.77398570467
2014-12-23 16:00:00,ecl,aggregate_load,168,45,xgboost,67616.0501023931
2014-12-23 17:00:00,ecl,aggregate_load,168,45,xgboost,67808.24762636323
2014-12-23 18:00:00,ecl,aggregate_load,168,45,xgboost,70007.89879587948
2014-12-23 19:00:00,ecl,aggregate_load,168,45,xgboost,71428.13863823627
2014-12-23 20:00:00,ecl,aggregate_load,168,45,xgboost,68394.06079648685
2014-12-23 21:00:00,ecl,aggregate_load,168,45,xgboost,69563.73915669948
2014-12-23 22:00:00,ecl,aggregate_load,168,45,xgboost,72275.39335645697
2014-12-23 23:00:00,ecl,aggregate_load,168,45,xgboost,70730.21931489569
2014-12-24 00:00:00,ecl,aggregate_load,168,45,xgboost,70765.28371781495
2014-12-24 01:00:00,ecl,aggregate_load,168,45,xgboost,71752.14889567842
2014-12-24 02:00:00,ecl,aggregate_load,168,45,xgboost,70718.29143215518
2014-12-24 03:00:00,ecl,aggregate_load,168,45,xgboost,71578.24865876013
2014-12-24 04:00:00,ecl,aggregate_load,168,45,xgboost,71507.607147044
2014-12-24 05:00:00,ecl,aggregate_load,168,45,xgboost,71069.79535969134
2014-12-24 06:00:00,ecl,aggregate_load,168,45,xgboost,70908.89714142552
2014-12-24 07:00:00,ecl,aggregate_load,168,45,xgboost,70710.54702430205
2014-12-24 08:00:00,ecl,aggregate_load,168,45,xgboost,70714.65188591213
2014-12-24 09:00:00,ecl,aggregate_load,168,45,xgboost,72372.89960753362
2014-12-24 10:00:00,ecl,aggregate_load,168,45,xgboost,74209.14158817916
2014-12-24 11:00:00,ecl,aggregate_load,168,45,xgboost,72673.96881152708
2014-12-24 12:00:00,ecl,aggregate_load,168,45,xgboost,72792.44476305855
2014-12-24 13:00:00,ecl,aggregate_load,168,45,xgboost,73945.19566467503
2014-12-24 14:00:00,ecl,aggregate_load,168,45,xgboost,71078.75502902396
2014-12-24 15:00:00,ecl,aggregate_load,168,45,xgboost,72496.20554749778
2014-12-24 16:00:00,ecl,aggregate_load,168,45,xgboost,70980.5313666597
2014-12-24 17:00:00,ecl,aggregate_load,168,45,xgboost,69632.2135341399
2014-12-24 18:00:00,ecl,aggregate_load,168,45,xgboost,67373.1009667014
2014-12-24 19:00:00,ecl,aggregate_load,168,45,xgboost,65964.62177144608
2014-12-24 20:00:00,ecl,aggregate_load,168,45,xgboost,60890.87786750045
2014-12-24 21:00:00,ecl,aggregate_load,168,45,xgboost,52097.59963727128
2014-12-24 22:00:00,ecl,aggregate_load,168,45,xgboost,55664.89239184135
2014-12-24 23:00:00,ecl,aggregate_load,168,45,xgboost,54733.16002569321
2014-12-25 00:00:00,ecl,aggregate_load,168,45,xgboost,52770.02034311373
