origin,dataset,target,horizon,seed,model,abs_error
2014-05-26 18:00:00,ecl,aggregate_load,96,43,itransformer,34165.392903979846
2014-05-26 19:00:00,ecl,aggregate_load,96,43,itransformer,32560.672178375167
2014-05-26 20:00:00,ecl,aggregate_load,96,43,itransformer,34018.454142780014
2014-05-26 21:00:00,ecl,aggregate_load,96,43,itransformer,34796.231976888266
2014-05-26 22:00:00,ecl,aggregate_load,96,43,itransformer,37006.976423965236
2014-05-26 23:00:00,ecl,aggregate_load,96,43,itransformer,34671.1994014912
2014-05-27 00:00:00,ecl,aggregate_load,96,43,itransformer,34703.55020467837
2014-05-27 01:00:00,ecl,aggregate_load,96,43,itransformer,34444.38559358101
2014-05-27 02:00:00,ecl,aggregate_load,96,43,itransformer,35917.900208997264
2014-05-27 03:00:00,ecl,aggregate_load,96,43,itransformer,34144.94230802621
2014-05-27 04:00:00,ecl,aggregate_load,96,43,itransformer,32314.36953179051
2014-05-27 05:00:00,ecl,aggregate_load,96,43,itransformer,31069.89904587712
2014-05-27 06:00:00,ecl,aggregate_load,96,43,itransformer,30843.23952187477
2014-05-27 07:00:00,ecl,aggregate_load,96,43,itransformer,32235.789195262634
2014-05-27 08:00:00,ecl,aggregate_load,96,43,itransformer,32220.438252383337
2014-05-27 09:00:00,ecl,aggregate_load,96,43,itransformer,34131.27198341344
2014-05-27 10:00:00,ecl,aggregate_load,96,43,itransformer,32760.974825269746
2014-05-27 11:00:00,ecl,aggregate_load,96,43,itransformer,31607.895390927744
2014-05-27 12:00:00,ecl,aggregate_load,96,43,itransformer,32262.026223070967
2014-05-27 13:00:00,ecl,aggregate_load,96,43,itransformer,37493.719051350716
2014-05-27 14:00:00,ecl,aggregate_load,96,43,itransformer,41699.96258680706
2014-05-27 15:00:00,ecl,aggregate_load,96,43,itransformer,43130.236133344035
2014-05-27 16:00:00,ecl,aggregate_load,96,43,itransformer,42595.67461367742
2014-05-27 17:00:00,ecl,aggregate_load,96,43,itransformer,46451.072484866134
2014-05-27 18:00:00,ecl,aggregate_load,96,43,itransformer,48024.384957517184
2014-05-27 19:00:00,ecl,aggregate_load,96,43,itransformer,47732.43950430901
2014-05-27 20:00:00,ecl,aggregate_load,96,43,itransformer,44966.90546116555
2014-05-27 21:00:00,ecl,aggregate_load,96,43,itransformer,46881.77033677746
2014-05-27 22:00:00,ecl,aggregate_load,96,43,itransformer,47114.29022880655
2014-05-27 23:00:00,ecl,aggregate_load,96,43,itransformer,47342.8967860729
2014-05-28 00:00:00,ecl,aggregate_load,96,43,itransformer,44910.0497906242
2014-05-28 01:00:00,ecl,aggregate_load,96,43,itransformer,46366.930870146934
2014-05-28 02:00:00,ecl,aggregate_load,96,43,itransformer,46928.33795680594
2014-05-28 03:00:00,ecl,aggregate_load,96,43,itransformer,47174.78067101181
2014-05-28 04:00:00,ecl,aggregate_load,96,43,itransformer,43082.92126047241
2014-05-28 05:00:00,ecl,aggregate_load,96,43,itransformer,42700.76676076972
2014-05-28 06:00:00,ecl,aggregate_load,96,43,itransformer,41753.648673451615
2014-05-28 07:00:00,ecl,aggregate_load,96,43,itransformer,43731.60456536522
2014-05-28 08:00:00,ecl,aggregate_load,96,43,itransformer,39093.42022284274
2014-05-28 09:00:00,ecl,aggregate_load,96,43,itransformer,42486.6813412043
2014-05-28 10:00:00,ecl,aggregate_load,96,43,itransformer,38069.56311316228
2014-05-28 11:00:00,ecl,aggregate_load,96,43,itransformer,38292.440117017424
2014-05-28 12:00:00,ecl,aggregate_load,96,43,itransformer,39143.36807762965
2014-05-28 13:00:00,ecl,aggregate_load,96,43,itransformer,44939.19634378879
2014-05-28 14:00:00,ecl,aggregate_load,96,43,itransformer,46579.61287719428
2014-05-28 15:00:00,ecl,aggregate_load,96,43,itransformer,46305.872223102364
2014-05-28 16:00:00,ecl,aggregate_load,96,43,itransformer,45959.07717663701
2014-05-28 17:00:00,ecl,aggregate_load,96,43,itransformer,47433.5676434194
2014-05-28 18:00:00,ecl,aggregate_load,96,43,itransformer,49280.78073072411
2014-05-28 19:00:00,ecl,aggregate_load,96,43,itransformer,51072.82294360974
2014-05-28 20:00:00,ecl,aggregate_load,96,43,itransformer,48843.990461751026
2014-05-28 21:00:00,ecl,aggregate_load,96,43,itransformer,50057.82303454162
2014-05-28 22:00:00,ecl,aggregate_load,96,43,itransformer,50745.04039704096
2014-05-28 23:00:00,ecl,aggregate_load,96,43,itransformer,51769.52518047173
2014-05-29 00:00:00,ecl,aggregate_load,96,43,itransformer,50658.36275840306
2014-05-29 01:00:00,ecl,aggregate_load,96,43,itransformer,51193.726414588375
2014-05-29 02:00:00,ecl,aggregate_load,96,43,itransformer,50697.41357563726
2014-05-29 03:00:00,ecl,aggregate_load,96,43,itransformer,51605.53895521568
2014-05-29 04:00:00,ecl,aggregate_load,96,43,itransformer,45864.31508343166
2014-05-29 05:00:00,ecl,aggregate_load,96,43,itransformer,45676.550267663784
2014-05-29 06:00:00,ecl,aggregate_load,96,43,itransformer,47220.70899315318
2014-05-29 07:00:00,ecl,aggregate_load,96,43,itransformer,48526.09227457063
2014-05-29 08:00:00,ecl,aggregate_load,96,43,itransformer,48368.22067949645
2014-05-29 09:00:00,ecl,aggregate_load,96,43,itransformer,45765.885783553684
2014-05-29 10:00:00,ecl,aggregate_load,96,43,itransformer,44819.77802144445
2014-05-29 11:00:00,ecl,aggregate_load,96,43,itransformer,39376.2490249484
2014-05-29 12:00:00,ecl,aggregate_load,96,43,itransformer,41838.289566009196
2014-05-29 13:00:00,ecl,aggregate_load,96,43,itransformer,46755.16113661896
2014-05-29 14:00:00,ecl,aggregate_load,96,43,itransformer,46717.1513907382
2014-05-29 15:00:00,ecl,aggregate_load,96,43,itransformer,44928.07752426134
2014-05-29 16:00:00,ecl,aggregate_load,96,43,itransformer,42929.81740666528
2014-05-29 17:00:00,ecl,aggregate_load,96,43,itransformer,42555.54113263405
2014-05-29 18:00:00,ecl,aggregate_load,96,43,itransformer,42347.35225249781
2014-05-29 19:00:00,ecl,aggregate_load,96,43,itransformer,44684.39358965675
2014-05-29 20:00:00,ecl,aggregate_load,96,43,itransformer,45767.57561335533
2014-05-29 21:00:00,ecl,aggregate_load,96,43,itransformer,47409.19464739692
2014-05-29 22:00:00,ecl,aggregate_load,96,43,itransformer,52335.06500501523
2014-05-29 23:00:00,ecl,aggregate_load,96,43,itransformer,55189.86711701966
2014-05-30 00:00:00,ecl,aggregate_load,96,43,itransformer,53614.68789341907
2014-05-30 01:00:00,ecl,aggregate_load,96,43,itransformer,54126.95524988531
2014-05-30 02:00:00,ecl,aggregate_load,96,43,itransformer,54887.212631860144
2014-05-30 03:00:00,ecl,aggregate_load,96,43,itransformer,52437.12749183929
2014-05-30 04:00:00,ecl,aggregate_load,96,43,itransformer,48641.630706667405
2014-05-30 05:00:00,ecl,aggregate_load,96,43,itransformer,45502.25755146033
2014-05-30 06:00:00,ecl,aggregate_load,96,43,itransformer,48230.53961606119
2014-05-30 07:00:00,ecl,aggregate_load,96,43,itransformer,49246.033046600525
2014-05-30 08:00:00,ecl,aggregate_load,96,43,itransformer,49878.91017005482
2014-05-30 09:00:00,ecl,aggregate_load,96,43,itransformer,51375.000550787314
2014-05-30 10:00:00,ecl,aggregate_load,96,43,itransformer,53693.853313197695
2014-05-30 11:00:00,ecl,aggregate_load,96,43,itransformer,48279.95733402679
2014-05-30 12:00:00,ecl,aggregate_load,96,43,itransformer,52461.60409856181
2014-05-30 13:00:00,ecl,aggregate_load,96,43,itransformer,50060.16268488138
2014-05-30 14:00:00,ecl,aggregate_load,96,43,itransformer,48884.79034916487
2014-05-30 15:00:00,ecl,aggregate_load,96,43,itransformer,41839.71921725661
2014-05-30 16:00:00,ecl,aggregate_load,96,43,itransformer,35185.926899655264
2014-05-30 17:00:00,ecl,aggregate_load,96,43,itransformer,31405.332526599377
2014-05-30 18:00:00,ecl,aggregate_load,96,43,itransformer,32140.26397202451
2014-05-30 19:00:00,ecl,aggregate_load,96,43,itransformer,35263.49818480984
2014-05-30 20:00:00,ecl,aggregate_load,96,43,itransformer,37068.82090207227
2014-05-30 21:00:00,ecl,aggregate_load,96,43,itransformer,40827.06737716811
2014-05-30 22:00:00,ecl,aggregate_load,96,43,itransformer,43822.263541698405
2014-05-30 23:00:00,ecl,aggregate_load,96,43,itransformer,43047.382912896384
2014-05-31 00:00:00,ecl,aggregate_load,96,43,itransformer,39541.72018790879
2014-05-31 01:00:00,ecl,aggregate_load,96,43,itransformer,38055.12989769398
2014-05-31 02:00:00,ecl,aggregate_load,96,43,itransformer,39323.4379524874
2014-05-31 03:00:00,ecl,aggregate_load,96,43,itransformer,37231.356686890154
2014-05-31 04:00:00,ecl,aggregate_load,96,43,itransformer,33675.20987610825
2014-05-31 05:00:00,ecl,aggregate_load,96,43,itransformer,34935.11909436217
2014-05-31 06:00:00,ecl,aggregate_load,96,43,itransformer,37314.41508651917
2014-05-31 07:00:00,ecl,aggregate_load,96,43,itransformer,39232.42728018353
2014-05-31 08:00:00,ecl,aggregate_load,96,43,itransformer,40376.006584316434
2014-05-31 09:00:00,ecl,aggregate_load,96,43,itransformer,48175.98156125473
2014-05-31 10:00:00,ecl,aggregate_load,96,43,itransformer,42798.30592262268
2014-05-31 11:00:00,ecl,aggregate_load,96,43,itransformer,37373.92166623175
2014-05-31 12:00:00,ecl,aggregate_load,96,43,itransformer,38071.23975920313
2014-05-31 13:00:00,ecl,aggregate_load,96,43,itransformer,32450.10204110219
2014-05-31 14:00:00,ecl,aggregate_load,96,43,itransformer,27901.370732223175
2014-05-31 15:00:00,ecl,aggregate_load,96,43,itransformer,22139.4234189688
2014-05-31 16:00:00,ecl,aggregate_load,96,43,itransformer,16569.218834025716
2014-05-31 17:00:00,ecl,aggregate_load,96,43,itransformer,18772.17012467625
2014-05-31 18:00:00,ecl,aggregate_load,96,43,itransformer,20031.20470337506
2014-05-31 19:00:00,ecl,aggregate_load,96,43,itransformer,18713.278974903213
2014-05-31 20:00:00,ecl,aggregate_load,96,43,itransformer,16834.961369934605
2014-05-31 21:00:00,ecl,aggregate_load,96,43,itransformer,16176.732169417679
2014-05-31 22:00:00,ecl,aggregate_load,96,43,itransformer,20873.820978401975
2014-05-31 23:00:00,ecl,aggregate_load,96,43,itransformer,21890.98057731583
2014-06-01 00:00:00,ecl,aggregate_load,96,43,itransformer,16763.002352911066
2014-06-01 01:00:00,ecl,aggregate_load,96,43,itransformer,14784.083372723771
2014-06-01 02:00:00,ecl,aggregate_load,96,43,itransformer,14482.382477772708
2014-06-01 03:00:00,ecl,aggregate_load,96,43,itransformer,14515.63866127109
2014-06-01 04:00:00,ecl,aggregate_load,96,43,itransformer,18167.881789210227
2014-06-01 05:00:00,ecl,aggregate_load,96,43,itransformer,17943.723699774135
2014-06-01 06:00:00,ecl,aggregate_load,96,43,itransformer,17105.197784116466
2014-06-01 07:00:00,ecl,aggregate_load,96,43,itransformer,16368.925582948073
2014-06-01 08:00:00,ecl,aggregate_load,96,43,itransformer,17881.307749438118
2014-06-01 09:00:00,ecl,aggregate_load,96,43,itransformer,23063.354169984592
2014-06-01 10:00:00,ecl,aggregate_load,96,43,itransformer,18261.418763883867
2014-06-01 11:00:00,ecl,aggregate_load,96,43,itransformer,14891.051768991727
2014-06-01 12:00:00,ecl,aggregate_load,96,43,itransformer,15763.28557224512
2014-06-01 13:00:00,ecl,aggregate_load,96,43,itransformer,14429.779004216238
2014-06-01 14:00:00,ecl,aggregate_load,96,43,itransformer,15421.367110182486
2014-06-01 15:00:00,ecl,aggregate_load,96,43,itransformer,15449.418437597617
2014-06-01 16:00:00,ecl,aggregate_load,96,43,itransformer,14479.648803261347
2014-06-01 17:00:00,ecl,aggregate_load,96,43,itransformer,18004.511575781147
2014-06-01 18:00:00,ecl,aggregate_load,96,43,itransformer,20409.456836269488
2014-06-01 19:00:00,ecl,aggregate_load,96,43,itransformer,18530.090615532303
2014-06-01 20:00:00,ecl,aggregate_load,96,43,itransformer,16026.650465405475
2014-06-01 21:00:00,ecl,aggregate_load,96,43,itransformer,15408.783825216196
2014-06-01 22:00:00,ecl,aggregate_load,96,43,itransformer,15514.41605516136
2014-06-01 23:00:00,ecl,aggregate_load,96,43,itransformer,15974.047165374383
2014-06-02 00:00:00,ecl,aggregate_load,96,43,itransformer,12346.94153608346
2014-06-02 01:00:00,ecl,aggregate_load,96,43,itransformer,12401.602490997233
2014-06-02 02:00:00,ecl,aggregate_load,96,43,itransformer,13215.75722465605
2014-06-02 03:00:00,ecl,aggregate_load,96,43,itransformer,14323.103686143566
2014-06-02 04:00:00,ecl,aggregate_load,96,43,itransformer,15944.1816510172
2014-06-02 05:00:00,ecl,aggregate_load,96,43,itransformer,17577.225053854923
2014-06-02 06:00:00,ecl,aggregate_load,96,43,itransformer,18807.13553789283
2014-06-02 07:00:00,ecl,aggregate_load,96,43,itransformer,14880.721626155726
2014-06-02 08:00:00,ecl,aggregate_load,96,43,itransformer,13569.387417457103
2014-06-02 09:00:00,ecl,aggregate_load,96,43,itransformer,17931.35408590031
2014-06-02 10:00:00,ecl,aggregate_load,96,43,itransformer,14684.120567441432
2014-06-02 11:00:00,ecl,aggregate_load,96,43,itransformer,17663.905477708937
2014-06-02 12:00:00,ecl,aggregate_load,96,43,itransformer,18169.103727190843
2014-06-02 13:00:00,ecl,aggregate_load,96,43,itransformer,15511.987581040832
2014-06-02 14:00:00,ecl,aggregate_load,96,43,itransformer,14733.350174536192
2014-06-02 15:00:00,ecl,aggregate_load,96,43,itransformer,15605.91885869176
2014-06-02 16:00:00,ecl,aggregate_load,96,43,itransformer,15692.44079768497
2014-06-02 17:00:00,ecl,aggregate_load,96,43,itransformer,17553.36336443829
2014-06-02 18:00:00,ecl,aggregate_load,96,43,itransformer,15747.341829440129
2014-06-02 19:00:00,ecl,aggregate_load,96,43,itransformer,16836.96099699818
2014-06-02 20:00:00,ecl,aggregate_load,96,43,itransformer,17377.303362722123
2014-06-02 21:00:00,ecl,aggregate_load,96,43,itransformer,17369.941008196703
2014-06-02 22:00:00,ecl,aggregate_load,96,43,itransformer,18398.228986782728
2014-06-02 23:00:00,ecl,aggregate_load,96,43,itransformer,18014.360363015625
2014-06-03 00:00:00,ecl,aggregate_load,96,43,itransformer,14394.827723929622
2014-06-03 01:00:00,ecl,aggregate_load,96,43,itransformer,15273.00702167589
2014-06-03 02:00:00,ecl,aggregate_load,96,43,itransformer,16177.7839795459
2014-06-03 03:00:00,ecl,aggregate_load,96,43,itransformer,16477.48234962379
2014-06-03 04:00:00,ecl,aggregate_load,96,43,itransformer,16798.350510674172
2014-06-03 05:00:00,ecl,aggregate_load,96,43,itransformer,18185.106711132816
2014-06-03 06:00:00,ecl,aggregate_load,96,43,itransformer,18529.427535473264
2014-06-03 07:00:00,ecl,aggregate_load,96,43,itransformer,16538.061800958752
2014-06-03 08:00:00,ecl,aggregate_load,96,43,itransformer,17490.071451908258
2014-06-03 09:00:00,ecl,aggregate_load,96,43,itransformer,19330.476510367935
2014-06-03 10:00:00,ecl,aggregate_load,96,43,itransformer,22922.484598926963
2014-06-03 11:00:00,ecl,aggregate_load,96,43,itransformer,17945.322074633517
2014-06-03 12:00:00,ecl,aggregate_load,96,43,itransformer,19666.178484110384
2014-06-03 13:00:00,ecl,aggregate_load,96,43,itransformer,20688.246680382457
2014-06-03 14:00:00,ecl,aggregate_load,96,43,itransformer,19565.592834265473
2014-06-03 15:00:00,ecl,aggregate_load,96,43,itransformer,18543.140259192118
2014-06-03 16:00:00,ecl,aggregate_load,96,43,itransformer,17091.707573645646
2014-06-03 17:00:00,ecl,aggregate_load,96,43,itransformer,16975.6605759032
2014-06-03 18:00:00,ecl,aggregate_load,96,43,itransformer,19322.572774812532
2014-06-03 19:00:00,ecl,aggregate_load,96,43,itransformer,22743.935059818064
2014-06-03 20:00:00,ecl,aggregate_load,96,43,itransformer,26636.501313990622
2014-06-03 21:00:00,ecl,aggregate_load,96,43,itransformer,33546.77869107143
2014-06-03 22:00:00,ecl,aggregate_load,96,43,itransformer,33354.27592430887
2014-06-03 23:00:00,ecl,aggregate_load,96,43,itransformer,30016.46343891836
2014-06-04 00:00:00,ecl,aggregate_load,96,43,itransformer,26637.852790030254
2014-06-04 01:00:00,ecl,aggregate_load,96,43,itransformer,25489.024961045303
2014-06-04 02:00:00,ecl,aggregate_load,96,43,itransformer,22971.242683445365
2014-06-04 03:00:00,ecl,aggregate_load,96,43,itransformer,22226.83587959404
2014-06-04 04:00:00,ecl,aggregate_load,96,43,itransformer,22117.76011473159
2014-06-04 05:00:00,ecl,aggregate_load,96,43,itransformer,17458.432641687996
2014-06-04 06:00:00,ecl,aggregate_load,96,43,itransformer,16995.35427171198
2014-06-04 07:00:00,ecl,aggregate_load,96,43,itransformer,26503.914236107743
2014-06-04 08:00:00,ecl,aggregate_load,96,43,itransformer,26405.018324720702
2014-06-04 09:00:00,ecl,aggregate_load,96,43,itransformer,28033.233322648477
2014-06-04 10:00:00,ecl,aggregate_load,96,43,itransformer,28197.79664019927
2014-06-04 11:00:00,ecl,aggregate_load,96,43,itransformer,23286.741804589972
2014-06-04 12:00:00,ecl,aggregate_load,96,43,itransformer,22234.340991068035
2014-06-04 13:00:00,ecl,aggregate_load,96,43,itransformer,20384.675220135774
2014-06-04 14:00:00,ecl,aggregate_load,96,43,itransformer,18612.064429703547
2014-06-04 15:00:00,ecl,aggregate_load,96,43,itransformer,16907.199076967383
2014-06-04 16:00:00,ecl,aggregate_load,96,43,itransformer,16763.849694690696
2014-06-04 17:00:00,ecl,aggregate_load,96,43,itransformer,16229.701566893777
2014-06-04 18:00:00,ecl,aggregate_load,96,43,itransformer,16536.324233640302
2014-06-04 19:00:00,ecl,aggregate_load,96,43,itransformer,17057.066854066365
2014-06-04 20:00:00,ecl,aggregate_load,96,43,itransformer,18003.23091395824
2014-06-04 21:00:00,ecl,aggregate_load,96,43,itransformer,19785.213574525038
2014-06-04 22:00:00,ecl,aggregate_load,96,43,itransformer,19808.094337543527
2014-06-04 23:00:00,ecl,aggregate_load,96,43,itransformer,21683.548114321846
2014-06-05 00:00:00,ecl,aggregate_load,96,43,itransformer,19970.855928498288
2014-06-05 01:00:00,ecl,aggregate_load,96,43,itransformer,18395.435768562504
2014-06-05 02:00:00,ecl,aggregate_load,96,43,itransformer,17717.47106882113
2014-06-05 03:00:00,ecl,aggregate_load,96,43,itransformer,17375.668680483097
2014-06-05 04:00:00,ecl,aggregate_load,96,43,itransformer,15779.087659181889
2014-06-05 05:00:00,ecl,aggregate_load,96,43,itransformer,16469.038731066332
2014-06-05 06:00:00,ecl,aggregate_load,96,43,itransformer,16773.74775713925
2014-06-05 07:00:00,ecl,aggregate_load,96,43,itransformer,21323.034580951513
2014-06-05 08:00:00,ecl,aggregate_load,96,43,itransformer,20912.225892420745
2014-06-05 09:00:00,ecl,aggregate_load,96,43,itransformer,25687.082170956986
2014-06-05 10:00:00,ecl,aggregate_load,96,43,itransformer,24325.5662866651
2014-06-05 11:00:00,ecl,aggregate_load,96,43,itransformer,20135.09513312703
2014-06-05 12:00:00,ecl,aggregate_load,96,43,itransformer,18749.727047363675
2014-06-05 13:00:00,ecl,aggregate_load,96,43,itransformer,19516.013156062723
2014-06-05 14:00:00,ecl,aggregate_load,96,43,itransformer,20831.72421245239
2014-06-05 15:00:00,ecl,aggregate_load,96,43,itransformer,20470.869055647607
2014-06-05 16:00:00,ecl,aggregate_load,96,43,itransformer,20317.55179713452
2014-06-05 17:00:00,ecl,aggregate_load,96,43,itransformer,20999.899314264458
2014-06-05 18:00:00,ecl,aggregate_load,96,43,itransformer,22055.63524256795
2014-06-05 19:00:00,ecl,aggregate_load,96,43,itransformer,22947.592453747082
2014-06-05 20:00:00,ecl,aggregate_load,96,43,itransformer,21954.85754899695
2014-06-05 21:00:00,ecl,aggregate_load,96,43,itransformer,20370.349489942848
2014-06-05 22:00:00,ecl,aggregate_load,96,43,itransformer,19555.73641278704
2014-06-05 23:00:00,ecl,aggregate_load,96,43,itransformer,21081.13438213531
2014-06-06 00:00:00,ecl,aggregate_load,96,43,itransformer,18995.38254128418
2014-06-06 01:00:00,ecl,aggregate_load,96,43,itransformer,18419.69042650691
2014-06-06 02:00:00,ecl,aggregate_load,96,43,itransformer,18777.404118943654
2014-06-06 03:00:00,ecl,aggregate_load,96,43,itransformer,18452.495277374084
2014-06-06 04:00:00,ecl,aggregate_load,96,43,itransformer,18681.466699588393
2014-06-06 05:00:00,ecl,aggregate_load,96,43,itransformer,19139.13401306145
2014-06-06 06:00:00,ecl,aggregate_load,96,43,itransformer,18222.409579875926
2014-06-06 07:00:00,ecl,aggregate_load,96,43,itransformer,18261.419472795053
2014-06-06 08:00:00,ecl,aggregate_load,96,43,itransformer,18109.97041852708
2014-06-06 09:00:00,ecl,aggregate_load,96,43,itransformer,17890.840743582357
2014-06-06 10:00:00,ecl,aggregate_load,96,43,itransformer,18649.5578299023
2014-06-06 11:00:00,ecl,aggregate_load,96,43,itransformer,19512.053912020645
2014-06-06 12:00:00,ecl,aggregate_load,96,43,itransformer,17735.80793041897
2014-06-06 13:00:00,ecl,aggregate_load,96,43,itransformer,18505.737869358098
2014-06-06 14:00:00,ecl,aggregate_load,96,43,itransformer,18503.886930868382
2014-06-06 15:00:00,ecl,aggregate_load,96,43,itransformer,18893.300090837685
2014-06-06 16:00:00,ecl,aggregate_load,96,43,itransformer,19989.178169303505
2014-06-06 17:00:00,ecl,aggregate_load,96,43,itransformer,22050.132084999757
2014-06-06 18:00:00,ecl,aggregate_load,96,43,itransformer,29318.31968846502
2014-06-06 19:00:00,ecl,aggregate_load,96,43,itransformer,29592.74698846442
2014-06-06 20:00:00,ecl,aggregate_load,96,43,itransformer,29218.4130081632
2014-06-06 21:00:00,ecl,aggregate_load,96,43,itransformer,31241.15032356929
2014-06-06 22:00:00,ecl,aggregate_load,96,43,itransformer,28194.680596118542
2014-06-06 23:00:00,ecl,aggregate_load,96,43,itransformer,26112.037713993344
2014-06-07 00:00:00,ecl,aggregate_load,96,43,itransformer,24763.153228424755
2014-06-07 01:00:00,ecl,aggregate_load,96,43,itransformer,22065.11369177274
2014-06-07 02:00:00,ecl,aggregate_load,96,43,itransformer,19769.015926481337
2014-06-07 03:00:00,ecl,aggregate_load,96,43,itransformer,20686.01626677407
2014-06-07 04:00:00,ecl,aggregate_load,96,43,itransformer,19650.259913114875
2014-06-07 05:00:00,ecl,aggregate_load,96,43,itransformer,19493.17234807659
2014-06-07 06:00:00,ecl,aggregate_load,96,43,itransformer,19519.214572087927
2014-06-07 07:00:00,ecl,aggregate_load,96,43,itransformer,20577.012359805387
2014-06-07 08:00:00,ecl,aggregate_load,96,43,itransformer,22504.734806096356
2014-06-07 09:00:00,ecl,aggregate_load,96,43,itransformer,25027.762143229225
2014-06-07 10:00:00,ecl,aggregate_load,96,43,itransformer,24853.101908044668
2014-06-07 11:00:00,ecl,aggregate_load,96,43,itransformer,25511.9615821046
2014-06-07 12:00:00,ecl,aggregate_load,96,43,itransformer,26166.3961740318
2014-06-07 13:00:00,ecl,aggregate_load,96,43,itransformer,26776.281652540772
2014-06-07 14:00:00,ecl,aggregate_load,96,43,itransformer,27058.01108207116
2014-06-07 15:00:00,ecl,aggregate_load,96,43,itransformer,27718.6749003476
2014-06-07 16:00:00,ecl,aggregate_load,96,43,itransformer,29083.410264029186
2014-06-07 17:00:00,ecl,aggregate_load,96,43,itransformer,30711.636702902626
2014-06-07 18:00:00,ecl,aggregate_load,96,43,itransformer,31404.88693763191
2014-06-07 19:00:00,ecl,aggregate_load,96,43,itransformer,32624.5966027192
2014-06-07 20:00:00,ecl,aggregate_load,96,43,itransformer,36174.41924058262
2014-06-07 21:00:00,ecl,aggregate_load,96,43,itransformer,39511.41924214716
2014-06-07 22:00:00,ecl,aggregate_load,96,43,itransformer,39367.510678583094
2014-06-07 23:00:00,ecl,aggregate_load,96,43,itransformer,39839.3235413343
2014-06-08 00:00:00,ecl,aggregate_load,96,43,itransformer,39298.7905488615
2014-06-08 01:00:00,ecl,aggregate_load,96,43,itransformer,37421.79297996467
2014-06-08 02:00:00,ecl,aggregate_load,96,43,itransformer,36131.24710591758
2014-06-08 03:00:00,ecl,aggregate_load,96,43,itransformer,38147.049304546024
2014-06-08 04:00:00,ecl,aggregate_load,96,43,itransformer,37712.31061959896
2014-06-08 05:00:00,ecl,aggregate_load,96,43,itransformer,36675.78703174141
2014-06-08 06:00:00,ecl,aggregate_load,96,43,itransformer,35437.02721300879
2014-06-08 07:00:00,ecl,aggregate_load,96,43,itransformer,37106.05744983628
2014-06-08 08:00:00,ecl,aggregate_load,96,43,itransformer,37955.936832768355
2014-06-08 09:00:00,ecl,aggregate_load,96,43,itransformer,39685.126838227596
2014-06-08 10:00:00,ecl,aggregate_load,96,43,itransformer,40353.677336107554
2014-06-08 11:00:00,ecl,aggregate_load,96,43,itransformer,44266.70297350331
2014-06-08 12:00:00,ecl,aggregate_load,96,43,itransformer,45913.47266239476
2014-06-08 13:00:00,ecl,aggregate_load,96,43,itransformer,51599.60121773882
2014-06-08 14:00:00,ecl,aggregate_load,96,43,itransformer,53350.024524430664
2014-06-08 15:00:00,ecl,aggregate_load,96,43,itransformer,53866.09378102517
2014-06-08 16:00:00,ecl,aggregate_load,96,43,itransformer,55201.63399884306
2014-06-08 17:00:00,ecl,aggregate_load,96,43,itransformer,54503.54974560498
2014-06-08 18:00:00,ecl,aggregate_load,96,43,itransformer,56868.23492473389
2014-06-08 19:00:00,ecl,aggregate_load,96,43,itransformer,62645.599233991255
2014-06-08 20:00:00,ecl,aggregate_load,96,43,itransformer,66128.07985704814
2014-06-08 21:00:00,ecl,aggregate_load,96,43,itransformer,71494.87982871752
2014-06-08 22:00:00,ecl,aggregate_load,96,43,itransformer,71780.39726898495
2014-06-08 23:00:00,ecl,aggregate_load,96,43,itransformer,74777.5346128475
2014-06-09 00:00:00,ecl,aggregate_load,96,43,itransformer,70069.16446318178
2014-06-09 01:00:00,ecl,aggregate_load,96,43,itransformer,67899.2684696445
2014-06-09 02:00:00,ecl,aggregate_load,96,43,itransformer,66606.9972741599
2014-06-09 03:00:00,ecl,aggregate_load,96,43,itransformer,69070.96697091412
2014-06-09 04:00:00,ecl,aggregate_load,96,43,itransformer,66822.07167430509
2014-06-09 05:00:00,ecl,aggregate_load,96,43,itransformer,66582.22914139
2014-06-09 06:00:00,ecl,aggregate_load,96,43,itransformer,64764.972755191186
2014-06-09 07:00:00,ecl,aggregate_load,96,43,itransformer,66802.5282461825
2014-06-09 08:00:00,ecl,aggregate_load,96,43,itransformer,70100.01092591214
2014-06-09 09:00:00,ecl,aggregate_load,96,43,itransformer,72012.43680792041
2014-06-09 10:00:00,ecl,aggregate_load,96,43,itransformer,75411.31932763541
2014-06-09 11:00:00,ecl,aggregate_load,96,43,itransformer,83400.53339404272
2014-06-09 12:00:00,ecl,aggregate_load,96,43,itransformer,89840.4608431006
2014-06-09 13:00:00,ecl,aggregate_load,96,43,itransformer,99995.68389326415
2014-06-09 14:00:00,ecl,aggregate_load,96,43,itransformer,105236.01628685254
2014-06-09 15:00:00,ecl,aggregate_load,96,43,itransformer,86739.96096751832
2014-06-09 16:00:00,ecl,aggregate_load,96,43,itransformer,88239.04494512179
2014-06-09 17:00:00,ecl,aggregate_load,96,43,itransformer,88909.7891068395
2014-06-09 18:00:00,ecl,aggregate_load,96,43,itransformer,90817.92360555432
2014-06-09 19:00:00,ecl,aggregate_load,96,43,itransformer,96456.2656064537
2014-06-09 20:00:00,ecl,aggregate_load,96,43,itransformer,104499.09157075854
2014-06-09 21:00:00,ecl,aggregate_load,96,43,itransformer,112509.9468044497
2014-06-09 22:00:00,ecl,aggregate_load,96,43,itransformer,114210.13622824434
2014-06-09 23:00:00,ecl,aggregate_load,96,43,itransformer,115780.34690614545
2014-06-10 00:00:00,ecl,aggregate_load,96,43,itransformer,110457.90288823812
2014-06-10 01:00:00,ecl,aggregate_load,96,43,itransformer,110092.45859842205
2014-06-10 02:00:00,ecl,aggregate_load,96,43,itransformer,106433.62342579977
2014-06-10 03:00:00,ecl,aggregate_load,96,43,itransformer,106739.51945854446
2014-06-10 04:00:00,ecl,aggregate_load,96,43,itransformer,103629.52440272807
2014-06-10 05:00:00,ecl,aggregate_load,96,43,itransformer,105765.2717382433
2014-06-10 06:00:00,ecl,aggregate_load,96,43,itransformer,105597.96773119642
2014-06-10 07:00:00,ecl,aggregate_load,96,43,itransformer,105891.00485781749
2014-06-10 08:00:00,ecl,aggregate_load,96,43,itransformer,112640.13828011579
2014-06-10 09:00:00,ecl,aggregate_load,96,43,itransformer,118384.07994559691
2014-06-10 10:00:00,ecl,aggregate_load,96,43,itransformer,125523.55375241993
2014-06-10 11:00:00,ecl,aggregate_load,96,43,itransformer,128110.78221166688
2014-06-10 12:00:00,ecl,aggregate_load,96,43,itransformer,130114.14435248614
2014-06-10 13:00:00,ecl,aggregate_load,96,43,itransformer,131461.9270592311
2014-06-10 14:00:00,ecl,aggregate_load,96,43,itransformer,129401.97563543526
2014-06-10 15:00:00,ecl,aggregate_load,96,43,itransformer,128353.01708198113
2014-06-10 16:00:00,ecl,aggregate_load,96,43,itransformer,132858.28850077325
2014-06-10 17:00:00,ecl,aggregate_load,96,43,itransformer,131608.90151587155
2014-06-10 18:00:00,ecl,aggregate_load,96,43,itransformer,139838.49053037702
2014-06-10 19:00:00,ecl,aggregate_load,96,43,itransformer,147095.9344468835
2014-06-10 20:00:00,ecl,aggregate_load,96,43,itransformer,163531.27930678191
2014-06-10 21:00:00,ecl,aggregate_load,96,43,itransformer,171261.34418178085
2014-06-10 22:00:00,ecl,aggregate_load,96,43,itransformer,172215.4259752957
2014-06-10 23:00:00,ecl,aggregate_load,96,43,itransformer,176578.281472775
2014-06-11 00:00:00,ecl,aggregate_load,96,43,itransformer,172240.32309374568
2014-06-11 01:00:00,ecl,aggregate_load,96,43,itransformer,164564.41211130432
2014-06-11 02:00:00,ecl,aggregate_load,96,43,itransformer,164135.74051565328
2014-06-11 03:00:00,ecl,aggregate_load,96,43,itransformer,162269.05952945095
2014-06-11 04:00:00,ecl,aggregate_load,96,43,itransformer,160807.11414338526
2014-06-11 05:00:00,ecl,aggregate_load,96,43,itransformer,162592.2754480805
2014-06-11 06:00:00,ecl,aggregate_load,96,43,itransformer,164088.6333918835
2014-06-11 07:00:00,ecl,aggregate_load,96,43,itransformer,170158.91618617403
2014-06-11 08:00:00,ecl,aggregate_load,96,43,itransformer,174469.17098328433
2014-06-11 09:00:00,ecl,aggregate_load,96,43,itransformer,187254.1317554022
2014-06-11 10:00:00,ecl,aggregate_load,96,43,itransformer,163067.8628789064
2014-06-11 11:00:00,ecl,aggregate_load,96,43,itransformer,148841.86852801836
2014-06-11 12:00:00,ecl,aggregate_load,96,43,itransformer,147461.7000529567
2014-06-11 13:00:00,ecl,aggregate_load,96,43,itransformer,143500.2686806027
2014-06-11 14:00:00,ecl,aggregate_load,96,43,itransformer,136335.96591043644
2014-06-11 15:00:00,ecl,aggregate_load,96,43,itransformer,139863.3103528619
2014-06-11 16:00:00,ecl,aggregate_load,96,43,itransformer,126369.61253193389
2014-06-11 17:00:00,ecl,aggregate_load,96,43,itransformer,121912.72470706461
2014-06-11 18:00:00,ecl,aggregate_load,96,43,itransformer,123953.95073983869
2014-06-11 19:00:00,ecl,aggregate_load,96,43,itransformer,132988.88413348308
2014-06-11 20:00:00,ecl,aggregate_load,96,43,itransformer,140749.25858176887
2014-06-11 21:00:00,ecl,aggregate_load,96,43,itransformer,148590.1734232146
2014-06-11 22:00:00,ecl,aggregate_load,96,43,itransformer,154481.19950223155
2014-06-11 23:00:00,ecl,aggregate_load,96,43,itransformer,154520.61838484582
2014-06-12 00:00:00,ecl,aggregate_load,96,43,itransformer,149302.5294545393
2014-06-12 01:00:00,ecl,aggregate_load,96,43,itransformer,143681.9010686557
2014-06-12 02:00:00,ecl,aggregate_load,96,43,itransformer,147223.0127020533
2014-06-12 03:00:00,ecl,aggregate_load,96,43,itransformer,139212.29077830384
2014-06-12 04:00:00,ecl,aggregate_load,96,43,itransformer,135916.4393959817
2014-06-12 05:00:00,ecl,aggregate_load,96,43,itransformer,130783.85958835715
2014-06-12 06:00:00,ecl,aggregate_load,96,43,itransformer,132049.25462009883
2014-06-12 07:00:00,ecl,aggregate_load,96,43,itransformer,133411.45578457287
2014-06-12 08:00:00,ecl,aggregate_load,96,43,itransformer,148045.28765020744
2014-06-12 09:00:00,ecl,aggregate_load,96,43,itransformer,156064.5632485854
2014-06-12 10:00:00,ecl,aggregate_load,96,43,itransformer,132361.96557714607
2014-06-12 11:00:00,ecl,aggregate_load,96,43,itransformer,115275.33085844752
2014-06-12 12:00:00,ecl,aggregate_load,96,43,itransformer,103055.31690143507
2014-06-12 13:00:00,ecl,aggregate_load,96,43,itransformer,106992.60429741968
2014-06-12 14:00:00,ecl,aggregate_load,96,43,itransformer,93123.33512149741
2014-06-12 15:00:00,ecl,aggregate_load,96,43,itransformer,82449.76470864099
2014-06-12 16:00:00,ecl,aggregate_load,96,43,itransformer,74752.68538684223
2014-06-12 17:00:00,ecl,aggregate_load,96,43,itransformer,66971.99174621089
2014-06-12 18:00:00,ecl,aggregate_load,96,43,itransformer,63469.406656640545
2014-06-12 19:00:00,ecl,aggregate_load,96,43,itransformer,73378.93950117011
2014-06-12 20:00:00,ecl,aggregate_load,96,43,itransformer,84924.5792482641
2014-06-12 21:00:00,ecl,aggregate_load,96,43,itransformer,97152.91371595145
2014-06-12 22:00:00,ecl,aggregate_load,96,43,itransformer,102720.01915567671
2014-06-12 23:00:00,ecl,aggregate_load,96,43,itransformer,104847.85741162383
2014-06-13 00:00:00,ecl,aggregate_load,96,43,itransformer,102430.5773465841
2014-06-13 01:00:00,ecl,aggregate_load,96,43,itransformer,94241.45762122486
2014-06-13 02:00:00,ecl,aggregate_load,96,43,itransformer,94314.98074653531
2014-06-13 03:00:00,ecl,aggregate_load,96,43,itransformer,90103.0224939913
2014-06-13 04:00:00,ecl,aggregate_load,96,43,itransformer,83639.93596219653
2014-06-13 05:00:00,ecl,aggregate_load,96,43,itransformer,77783.77222799648
2014-06-13 06:00:00,ecl,aggregate_load,96,43,itransformer,79065.88019134877
2014-06-13 07:00:00,ecl,aggregate_load,96,43,itransformer,86421.47289263802
2014-06-13 08:00:00,ecl,aggregate_load,96,43,itransformer,99460.76307811424
2014-06-13 09:00:00,ecl,aggregate_load,96,43,itransformer,108021.57269047218
2014-06-13 10:00:00,ecl,aggregate_load,96,43,itransformer,79786.06292585796
2014-06-13 11:00:00,ecl,aggregate_load,96,43,itransformer,64622.991765944906
2014-06-13 12:00:00,ecl,aggregate_load,96,43,itransformer,58457.98022735412
2014-06-13 13:00:00,ecl,aggregate_load,96,43,itransformer,51012.27229386247
2014-06-13 14:00:00,ecl,aggregate_load,96,43,itransformer,45703.611867590895
2014-06-13 15:00:00,ecl,aggregate_load,96,43,itransformer,43394.827634467445
2014-06-13 16:00:00,ecl,aggregate_load,96,43,itransformer,51157.7293733462
2014-06-13 17:00:00,ecl,aggregate_load,96,43,itransformer,56169.032380247176
2014-06-13 18:00:00,ecl,aggregate_load,96,43,itransformer,56380.007652522996
2014-06-13 19:00:00,ecl,aggregate_load,96,43,itransformer,49278.72350619652
2014-06-13 20:00:00,ecl,aggregate_load,96,43,itransformer,50418.075527301546
2014-06-13 21:00:00,ecl,aggregate_load,96,43,itransformer,46527.09150477491
2014-06-13 22:00:00,ecl,aggregate_load,96,43,itransformer,43487.235193865265
2014-06-13 23:00:00,ecl,aggregate_load,96,43,itransformer,44389.621043731546
2014-06-14 00:00:00,ecl,aggregate_load,96,43,itransformer,49616.90966010053
2014-06-14 01:00:00,ecl,aggregate_load,96,43,itransformer,50175.49716964891
2014-06-14 02:00:00,ecl,aggregate_load,96,43,itransformer,50193.499230203066
2014-06-14 03:00:00,ecl,aggregate_load,96,43,itransformer,51550.57059947421
2014-06-14 04:00:00,ecl,aggregate_load,96,43,itransformer,53344.01000842528
2014-06-14 05:00:00,ecl,aggregate_load,96,43,itransformer,53835.87875367549
2014-06-14 06:00:00,ecl,aggregate_load,96,43,itransformer,51682.74689219415
2014-06-14 07:00:00,ecl,aggregate_load,96,43,itransformer,48594.79083680412
2014-06-14 08:00:00,ecl,aggregate_load,96,43,itransformer,45279.75478001621
2014-06-14 09:00:00,ecl,aggregate_load,96,43,itransformer,42355.068613474396
2014-06-14 10:00:00,ecl,aggregate_load,96,43,itransformer,55144.69672704238
2014-06-14 11:00:00,ecl,aggregate_load,96,43,itransformer,66728.38072046587
2014-06-14 12:00:00,ecl,aggregate_load,96,43,itransformer,70120.10806237874
2014-06-14 13:00:00,ecl,aggregate_load,96,43,itransformer,71061.30535996486
2014-06-14 14:00:00,ecl,aggregate_load,96,43,itransformer,70011.17712942224
2014-06-14 15:00:00,ecl,aggregate_load,96,43,itransformer,72887.85769488303
2014-06-14 16:00:00,ecl,aggregate_load,96,43,itransformer,78755.49380401954
2014-06-14 17:00:00,ecl,aggregate_load,96,43,itransformer,87980.48050859664
2014-06-14 18:00:00,ecl,aggregate_load,96,43,itransformer,93418.96410865591
2014-06-14 19:00:00,ecl,aggregate_load,96,43,itransformer,94048.92888953793
2014-06-14 20:00:00,ecl,aggregate_load,96,43,itransformer,95782.39550560736
2014-06-14 21:00:00,ecl,aggregate_load,96,43,itransformer,93135.29171974708
2014-06-14 22:00:00,ecl,aggregate_load,96,43,itransformer,95084.50599411422
2014-06-14 23:00:00,ecl,aggregate_load,96,43,itransformer,100641.56480026989
2014-06-15 00:00:00,ecl,aggregate_load,96,43,itransformer,99231.62685525061
2014-06-15 01:00:00,ecl,aggregate_load,96,43,itransformer,94808.81276375875
2014-06-15 02:00:00,ecl,aggregate_load,96,43,itransformer,97257.54576215961
2014-06-15 03:00:00,ecl,aggregate_load,96,43,itransformer,91823.00258888052
2014-06-15 04:00:00,ecl,aggregate_load,96,43,itransformer,92199.63471122168
2014-06-15 05:00:00,ecl,aggregate_load,96,43,itransformer,105145.11714625609
2014-06-15 06:00:00,ecl,aggregate_load,96,43,itransformer,102945.58231338754
2014-06-15 07:00:00,ecl,aggregate_load,96,43,itransformer,85536.03163610124
2014-06-15 08:00:00,ecl,aggregate_load,96,43,itransformer,58462.68464438711
2014-06-15 09:00:00,ecl,aggregate_load,96,43,itransformer,59173.92984543733
2014-06-15 10:00:00,ecl,aggregate_load,96,43,itransformer,66467.29920981593
2014-06-15 11:00:00,ecl,aggregate_load,96,43,itransformer,83846.17465739214
2014-06-15 12:00:00,ecl,aggregate_load,96,43,itransformer,95780.69300281833
2014-06-15 13:00:00,ecl,aggregate_load,96,43,itransformer,81937.05299638746
2014-06-15 14:00:00,ecl,aggregate_load,96,43,itransformer,73691.31040782547
2014-06-15 15:00:00,ecl,aggregate_load,96,43,itransformer,72403.83139656401
2014-06-15 16:00:00,ecl,aggregate_load,96,43,itransformer,77820.68716563785
2014-06-15 17:00:00,ecl,aggregate_load,96,43,itransformer,77065.6416053961
2014-06-15 18:00:00,ecl,aggregate_load,96,43,itransformer,67530.64584897224
2014-06-15 19:00:00,ecl,aggregate_load,96,43,itransformer,60840.029063727205
2014-06-15 20:00:00,ecl,aggregate_load,96,43,itransformer,64023.405616525146
2014-06-15 21:00:00,ecl,aggregate_load,96,43,itransformer,63381.643598074326
2014-06-15 22:00:00,ecl,aggregate_load,96,43,itransformer,66032.20980710024
2014-06-15 23:00:00,ecl,aggregate_load,96,43,itransformer,61939.73550218186
2014-06-16 00:00:00,ecl,aggregate_load,96,43,itransformer,62258.21081559628
2014-06-16 01:00:00,ecl,aggregate_load,96,43,itransformer,62051.69990399762
2014-06-16 02:00:00,ecl,aggregate_load,96,43,itransformer,63919.039817133256
2014-06-16 03:00:00,ecl,aggregate_load,96,43,itransformer,61454.45610536998
2014-06-16 04:00:00,ecl,aggregate_load,96,43,itransformer,67583.21009364708
2014-06-16 05:00:00,ecl,aggregate_load,96,43,itransformer,81406.77727834543
2014-06-16 06:00:00,ecl,aggregate_load,96,43,itransformer,79544.0699961204
2014-06-16 07:00:00,ecl,aggregate_load,96,43,itransformer,64734.42335122315
2014-06-16 08:00:00,ecl,aggregate_load,96,43,itransformer,50176.743583085095
2014-06-16 09:00:00,ecl,aggregate_load,96,43,itransformer,49065.291054270834
2014-06-16 10:00:00,ecl,aggregate_load,96,43,itransformer,41576.272929986815
2014-06-16 11:00:00,ecl,aggregate_load,96,43,itransformer,39227.36803522365
2014-06-16 12:00:00,ecl,aggregate_load,96,43,itransformer,41506.47509738084
2014-06-16 13:00:00,ecl,aggregate_load,96,43,itransformer,35247.483045607565
2014-06-16 14:00:00,ecl,aggregate_load,96,43,itransformer,39010.06223003975
2014-06-16 15:00:00,ecl,aggregate_load,96,43,itransformer,40249.78650730857
2014-06-16 16:00:00,ecl,aggregate_load,96,43,itransformer,43784.67295450711
2014-06-16 17:00:00,ecl,aggregate_load,96,43,itransformer,42128.85552184112
2014-06-16 18:00:00,ecl,aggregate_load,96,43,itransformer,34125.99952679658
2014-06-16 19:00:00,ecl,aggregate_load,96,43,itransformer,28346.213788916644
2014-06-16 20:00:00,ecl,aggregate_load,96,43,itransformer,23141.181372059964
2014-06-16 21:00:00,ecl,aggregate_load,96,43,itransformer,20834.555012368877
2014-06-16 22:00:00,ecl,aggregate_load,96,43,itransformer,28458.318874661316
2014-06-16 23:00:00,ecl,aggregate_load,96,43,itransformer,24942.39883092682
2014-06-17 00:00:00,ecl,aggregate_load,96,43,itransformer,27835.56374265034
2014-06-17 01:00:00,ecl,aggregate_load,96,43,itransformer,29666.153076127986
2014-06-17 02:00:00,ecl,aggregate_load,96,43,itransformer,30709.409107786738
2014-06-17 03:00:00,ecl,aggregate_load,96,43,itransformer,29694.56077791467
2014-06-17 04:00:00,ecl,aggregate_load,96,43,itransformer,32637.46343722534
2014-06-17 05:00:00,ecl,aggregate_load,96,43,itransformer,38815.9204789524
2014-06-17 06:00:00,ecl,aggregate_load,96,43,itransformer,40267.59574046509
2014-06-17 07:00:00,ecl,aggregate_load,96,43,itransformer,32048.52588317976
2014-06-17 08:00:00,ecl,aggregate_load,96,43,itransformer,29702.507997972
2014-06-17 09:00:00,ecl,aggregate_load,96,43,itransformer,23156.57033207238
2014-06-17 10:00:00,ecl,aggregate_load,96,43,itransformer,22792.67488253502
2014-06-17 11:00:00,ecl,aggregate_load,96,43,itransformer,25133.826032659115
2014-06-17 12:00:00,ecl,aggregate_load,96,43,itransformer,19135.863698009704
2014-06-17 13:00:00,ecl,aggregate_load,96,43,itransformer,20596.3723612476
2014-06-17 14:00:00,ecl,aggregate_load,96,43,itransformer,24144.96520423828
2014-06-17 15:00:00,ecl,aggregate_load,96,43,itransformer,26465.172502959133
2014-06-17 16:00:00,ecl,aggregate_load,96,43,itransformer,27265.380527948146
2014-06-17 17:00:00,ecl,aggregate_load,96,43,itransformer,26508.621280273812
2014-06-17 18:00:00,ecl,aggregate_load,96,43,itransformer,27659.21326832996
2014-06-17 19:00:00,ecl,aggregate_load,96,43,itransformer,26655.78787434062
2014-06-17 20:00:00,ecl,aggregate_load,96,43,itransformer,23958.373343485884
2014-06-17 21:00:00,ecl,aggregate_load,96,43,itransformer,20476.414711184752
2014-06-17 22:00:00,ecl,aggregate_load,96,43,itransformer,24840.63413742879
2014-06-17 23:00:00,ecl,aggregate_load,96,43,itransformer,23511.165551282465
2014-06-18 00:00:00,ecl,aggregate_load,96,43,itransformer,24219.16341171328
2014-06-18 01:00:00,ecl,aggregate_load,96,43,itransformer,22954.999446332407
2014-06-18 02:00:00,ecl,aggregate_load,96,43,itransformer,28657.142603639277
2014-06-18 03:00:00,ecl,aggregate_load,96,43,itransformer,29268.96598890518
2014-06-18 04:00:00,ecl,aggregate_load,96,43,itransformer,32624.318824802194
2014-06-18 05:00:00,ecl,aggregate_load,96,43,itransformer,35208.173340431546
2014-06-18 06:00:00,ecl,aggregate_load,96,43,itransformer,32740.31318172601
2014-06-18 07:00:00,ecl,aggregate_load,96,43,itransformer,24962.499797789304
2014-06-18 08:00:00,ecl,aggregate_load,96,43,itransformer,28145.05826332147
2014-06-18 09:00:00,ecl,aggregate_load,96,43,itransformer,27671.204405912198
2014-06-18 10:00:00,ecl,aggregate_load,96,43,itransformer,28485.214306555852
2014-06-18 11:00:00,ecl,aggregate_load,96,43,itransformer,30960.915864901453
2014-06-18 12:00:00,ecl,aggregate_load,96,43,itransformer,30887.90369999917
2014-06-18 13:00:00,ecl,aggregate_load,96,43,itransformer,32982.52601474411
2014-06-18 14:00:00,ecl,aggregate_load,96,43,itransformer,35295.82127969254
2014-06-18 15:00:00,ecl,aggregate_load,96,43,itransformer,34612.57870582816
2014-06-18 16:00:00,ecl,aggregate_load,96,43,itransformer,32972.130309186905
2014-06-18 17:00:00,ecl,aggregate_load,96,43,itransformer,29538.72874667495
2014-06-18 18:00:00,ecl,aggregate_load,96,43,itransformer,29229.324843025814
2014-06-18 19:00:00,ecl,aggregate_load,96,43,itransformer,25944.97718130917
2014-06-18 20:00:00,ecl,aggregate_load,96,43,itransformer,24237.04423931016
2014-06-18 21:00:00,ecl,aggregate_load,96,43,itransformer,25114.77276812885
2014-06-18 22:00:00,ecl,aggregate_load,96,43,itransformer,26337.930958623958
2014-06-18 23:00:00,ecl,aggregate_load,96,43,itransformer,27346.35848155089
2014-06-19 00:00:00,ecl,aggregate_load,96,43,itransformer,26871.800739319133
2014-06-19 01:00:00,ecl,aggregate_load,96,43,itransformer,27677.31971447912
2014-06-19 02:00:00,ecl,aggregate_load,96,43,itransformer,29328.85824221947
2014-06-19 03:00:00,ecl,aggregate_load,96,43,itransformer,31413.039014262806
2014-06-19 04:00:00,ecl,aggregate_load,96,43,itransformer,33716.58750953852
2014-06-19 05:00:00,ecl,aggregate_load,96,43,itransformer,34298.93161028438
2014-06-19 06:00:00,ecl,aggregate_load,96,43,itransformer,33078.993641300556
2014-06-19 07:00:00,ecl,aggregate_load,96,43,itransformer,26205.347598304175
2014-06-19 08:00:00,ecl,aggregate_load,96,43,itransformer,27878.659326082765
2014-06-19 09:00:00,ecl,aggregate_load,96,43,itransformer,30292.0208316818
2014-06-19 10:00:00,ecl,aggregate_load,96,43,itransformer,25805.670739499637
2014-06-19 11:00:00,ecl,aggregate_load,96,43,itransformer,27522.6784418798
2014-06-19 12:00:00,ecl,aggregate_load,96,43,itransformer,26779.52745229586
2014-06-19 13:00:00,ecl,aggregate_load,96,43,itransformer,29877.799899101257
2014-06-19 14:00:00,ecl,aggregate_load,96,43,itransformer,31680.806428131345
2014-06-19 15:00:00,ecl,aggregate_load,96,43,itransformer,31265.044003962656
2014-06-19 16:00:00,ecl,aggregate_load,96,43,itransformer,28851.16293197543
2014-06-19 17:00:00,ecl,aggregate_load,96,43,itransformer,31276.334599757392
2014-06-19 18:00:00,ecl,aggregate_load,96,43,itransformer,34262.121782928145
2014-06-19 19:00:00,ecl,aggregate_load,96,43,itransformer,30690.697127473526
2014-06-19 20:00:00,ecl,aggregate_load,96,43,itransformer,29124.47336868854
2014-06-19 21:00:00,ecl,aggregate_load,96,43,itransformer,28797.510067451676
2014-06-19 22:00:00,ecl,aggregate_load,96,43,itransformer,29021.589617279562
2014-06-19 23:00:00,ecl,aggregate_load,96,43,itransformer,30079.560997334596
2014-06-20 00:00:00,ecl,aggregate_load,96,43,itransformer,31275.64047282067
2014-06-20 01:00:00,ecl,aggregate_load,96,43,itransformer,32219.288030876738
2014-06-20 02:00:00,ecl,aggregate_load,96,43,itransformer,33317.344414385276
2014-06-20 03:00:00,ecl,aggregate_load,96,43,itransformer,34745.90104787502
2014-06-20 04:00:00,ecl,aggregate_load,96,43,itransformer,38293.508553139945
2014-06-20 05:00:00,ecl,aggregate_load,96,43,itransformer,37577.14788239216
2014-06-20 06:00:00,ecl,aggregate_load,96,43,itransformer,38556.026547081645
2014-06-20 07:00:00,ecl,aggregate_load,96,43,itransformer,33435.57354391373
2014-06-20 08:00:00,ecl,aggregate_load,96,43,itransformer,31651.90065701301
2014-06-20 09:00:00,ecl,aggregate_load,96,43,itransformer,35223.00501555307
2014-06-20 10:00:00,ecl,aggregate_load,96,43,itransformer,32217.610334411995
2014-06-20 11:00:00,ecl,aggregate_load,96,43,itransformer,34922.72293322627
2014-06-20 12:00:00,ecl,aggregate_load,96,43,itransformer,33430.12833513554
2014-06-20 13:00:00,ecl,aggregate_load,96,43,itransformer,40297.52643870929
2014-06-20 14:00:00,ecl,aggregate_load,96,43,itransformer,44375.0960708069
2014-06-20 15:00:00,ecl,aggregate_load,96,43,itransformer,54843.15937335629
2014-06-20 16:00:00,ecl,aggregate_load,96,43,itransformer,52315.02215768568
2014-06-20 17:00:00,ecl,aggregate_load,96,43,itransformer,49554.76840092886
2014-06-20 18:00:00,ecl,aggregate_load,96,43,itransformer,58704.3475605966
2014-06-20 19:00:00,ecl,aggregate_load,96,43,itransformer,55009.82093665295
2014-06-20 20:00:00,ecl,aggregate_load,96,43,itransformer,45936.33288836447
2014-06-20 21:00:00,ecl,aggregate_load,96,43,itransformer,41732.246547928786
2014-06-20 22:00:00,ecl,aggregate_load,96,43,itransformer,41030.85504235306
2014-06-20 23:00:00,ecl,aggregate_load,96,43,itransformer,43988.93167250117
2014-06-21 00:00:00,ecl,aggregate_load,96,43,itransformer,45415.12428435483
2014-06-21 01:00:00,ecl,aggregate_load,96,43,itransformer,49413.51462786698
2014-06-21 02:00:00,ecl,aggregate_load,96,43,itransformer,53207.31999327413
2014-06-21 03:00:00,ecl,aggregate_load,96,43,itransformer,58011.470358215425
2014-06-21 04:00:00,ecl,aggregate_load,96,43,itransformer,60198.17674527079
2014-06-21 05:00:00,ecl,aggregate_load,96,43,itransformer,60615.234101619375
2014-06-21 06:00:00,ecl,aggregate_load,96,43,itransformer,61082.50363314722
2014-06-21 07:00:00,ecl,aggregate_load,96,43,itransformer,59441.35700514901
2014-06-21 08:00:00,ecl,aggregate_load,96,43,itransformer,58752.75955787793
2014-06-21 09:00:00,ecl,aggregate_load,96,43,itransformer,68588.67813096724
2014-06-21 10:00:00,ecl,aggregate_load,96,43,itransformer,54805.42989930583
2014-06-21 11:00:00,ecl,aggregate_load,96,43,itransformer,58930.91081593014
2014-06-21 12:00:00,ecl,aggregate_load,96,43,itransformer,45791.69593454831
2014-06-21 13:00:00,ecl,aggregate_load,96,43,itransformer,47042.13755479915
2014-06-21 14:00:00,ecl,aggregate_load,96,43,itransformer,43004.630681086855
2014-06-21 15:00:00,ecl,aggregate_load,96,43,itransformer,46913.29559676695
2014-06-21 16:00:00,ecl,aggregate_load,96,43,itransformer,44959.05325737633
2014-06-21 17:00:00,ecl,aggregate_load,96,43,itransformer,41077.08937245052
2014-06-21 18:00:00,ecl,aggregate_load,96,43,itransformer,38441.85286973918
2014-06-21 19:00:00,ecl,aggregate_load,96,43,itransformer,40647.894750448526
2014-06-21 20:00:00,ecl,aggregate_load,96,43,itransformer,32923.793401145456
2014-06-21 21:00:00,ecl,aggregate_load,96,43,itransformer,30027.131182591682
2014-06-21 22:00:00,ecl,aggregate_load,96,43,itransformer,29747.97661983369
2014-06-21 23:00:00,ecl,aggregate_load,96,43,itransformer,27347.850705922163
2014-06-22 00:00:00,ecl,aggregate_load,96,43,itransformer,32263.428676619453
2014-06-22 01:00:00,ecl,aggregate_load,96,43,itransformer,36045.483355133685
2014-06-22 02:00:00,ecl,aggregate_load,96,43,itransformer,40275.68882573075
2014-06-22 03:00:00,ecl,aggregate_load,96,43,itransformer,35451.789141453206
2014-06-22 04:00:00,ecl,aggregate_load,96,43,itransformer,41715.84891696126
2014-06-22 05:00:00,ecl,aggregate_load,96,43,itransformer,40738.92746030997
2014-06-22 06:00:00,ecl,aggregate_load,96,43,itransformer,42003.382519438914
2014-06-22 07:00:00,ecl,aggregate_load,96,43,itransformer,39345.01728547015
2014-06-22 08:00:00,ecl,aggregate_load,96,43,itransformer,40036.45552945282
2014-06-22 09:00:00,ecl,aggregate_load,96,43,itransformer,44303.64882908206
2014-06-22 10:00:00,ecl,aggregate_load,96,43,itransformer,37114.925564788406
2014-06-22 11:00:00,ecl,aggregate_load,96,43,itransformer,45148.46704760157
2014-06-22 12:00:00,ecl,aggregate_load,96,43,itransformer,42414.903939965414
2014-06-22 13:00:00,ecl,aggregate_load,96,43,itransformer,38545.464138160925
2014-06-22 14:00:00,ecl,aggregate_load,96,43,itransformer,31927.90833017437
2014-06-22 15:00:00,ecl,aggregate_load,96,43,itransformer,34841.38796180338
2014-06-22 16:00:00,ecl,aggregate_load,96,43,itransformer,34346.46614855691
2014-06-22 17:00:00,ecl,aggregate_load,96,43,itransformer,32247.430999305983
2014-06-22 18:00:00,ecl,aggregate_load,96,43,itransformer,28775.19619952544
2014-06-22 19:00:00,ecl,aggregate_load,96,43,itransformer,31889.99381593907
2014-06-22 20:00:00,ecl,aggregate_load,96,43,itransformer,24982.166040121967
2014-06-22 21:00:00,ecl,aggregate_load,96,43,itransformer,21660.8617135877
2014-06-22 22:00:00,ecl,aggregate_load,96,43,itransformer,22074.938472076912
2014-06-22 23:00:00,ecl,aggregate_load,96,43,itransformer,16829.32926177982
2014-06-23 00:00:00,ecl,aggregate_load,96,43,itransformer,22060.917305564522
2014-06-23 01:00:00,ecl,aggregate_load,96,43,itransformer,24761.049705400088
2014-06-23 02:00:00,ecl,aggregate_load,96,43,itransformer,27498.363962228712
2014-06-23 03:00:00,ecl,aggregate_load,96,43,itransformer,27011.11364938931
2014-06-23 04:00:00,ecl,aggregate_load,96,43,itransformer,29467.461607035086
2014-06-23 05:00:00,ecl,aggregate_load,96,43,itransformer,31781.360238908976
2014-06-23 06:00:00,ecl,aggregate_load,96,43,itransformer,28552.963040810082
2014-06-23 07:00:00,ecl,aggregate_load,96,43,itransformer,23045.773853253148
2014-06-23 08:00:00,ecl,aggregate_load,96,43,itransformer,23292.53230591281
2014-06-23 09:00:00,ecl,aggregate_load,96,43,itransformer,23236.118295756198
2014-06-23 10:00:00,ecl,aggregate_load,96,43,itransformer,26717.872271992634
2014-06-23 11:00:00,ecl,aggregate_load,96,43,itransformer,30233.296793301288
2014-06-23 12:00:00,ecl,aggregate_load,96,43,itransformer,26965.29488184246
2014-06-23 13:00:00,ecl,aggregate_load,96,43,itransformer,25773.953681700583
2014-06-23 14:00:00,ecl,aggregate_load,96,43,itransformer,26518.063216836937
2014-06-23 15:00:00,ecl,aggregate_load,96,43,itransformer,29442.719418306096
2014-06-23 16:00:00,ecl,aggregate_load,96,43,itransformer,27839.205336430663
2014-06-23 17:00:00,ecl,aggregate_load,96,43,itransformer,25367.151613335882
2014-06-23 18:00:00,ecl,aggregate_load,96,43,itransformer,23147.123185021275
2014-06-23 19:00:00,ecl,aggregate_load,96,43,itransformer,23291.293146983615
2014-06-23 20:00:00,ecl,aggregate_load,96,43,itransformer,20039.695278199895
2014-06-23 21:00:00,ecl,aggregate_load,96,43,itransformer,20446.20564043932
2014-06-23 22:00:00,ecl,aggregate_load,96,43,itransformer,20573.108432218298
2014-06-23 23:00:00,ecl,aggregate_load,96,43,itransformer,20001.30086832533
2014-06-24 00:00:00,ecl,aggregate_load,96,43,itransformer,23157.428557413776
2014-06-24 01:00:00,ecl,aggregate_load,96,43,itransformer,25917.837071134843
2014-06-24 02:00:00,ecl,aggregate_load,96,43,itransformer,26855.666558504385
2014-06-24 03:00:00,ecl,aggregate_load,96,43,itransformer,27541.593004294293
2014-06-24 04:00:00,ecl,aggregate_load,96,43,itransformer,30163.941762435203
2014-06-24 05:00:00,ecl,aggregate_load,96,43,itransformer,28799.46640240001
2014-06-24 06:00:00,ecl,aggregate_load,96,43,itransformer,27339.04347895402
2014-06-24 07:00:00,ecl,aggregate_load,96,43,itransformer,24763.751634658154
2014-06-24 08:00:00,ecl,aggregate_load,96,43,itransformer,20957.730698329236
2014-06-24 09:00:00,ecl,aggregate_load,96,43,itransformer,21779.60149127732
2014-06-24 10:00:00,ecl,aggregate_load,96,43,itransformer,23117.262122648932
2014-06-24 11:00:00,ecl,aggregate_load,96,43,itransformer,22075.697963596973
2014-06-24 12:00:00,ecl,aggregate_load,96,43,itransformer,21322.701973149477
2014-06-24 13:00:00,ecl,aggregate_load,96,43,itransformer,22706.894086303568
2014-06-24 14:00:00,ecl,aggregate_load,96,43,itransformer,27162.03491160506
2014-06-24 15:00:00,ecl,aggregate_load,96,43,itransformer,26512.332505085196
2014-06-24 16:00:00,ecl,aggregate_load,96,43,itransformer,27752.371770479192
2014-06-24 17:00:00,ecl,aggregate_load,96,43,itransformer,30469.83621193159
2014-06-24 18:00:00,ecl,aggregate_load,96,43,itransformer,33442.75736011172
2014-06-24 19:00:00,ecl,aggregate_load,96,43,itransformer,31315.424639474953
2014-06-24 20:00:00,ecl,aggregate_load,96,43,itransformer,31504.074906360212
2014-06-24 21:00:00,ecl,aggregate_load,96,43,itransformer,31986.076973617823
2014-06-24 22:00:00,ecl,aggregate_load,96,43,itransformer,35732.80181304771
2014-06-24 23:00:00,ecl,aggregate_load,96,43,itransformer,34137.01667506973
2014-06-25 00:00:00,ecl,aggregate_load,96,43,itransformer,31093.728254286932
2014-06-25 01:00:00,ecl,aggregate_load,96,43,itransformer,31505.941084183472
2014-06-25 02:00:00,ecl,aggregate_load,96,43,itransformer,33450.345037151106
2014-06-25 03:00:00,ecl,aggregate_load,96,43,itransformer,34303.47869259189
2014-06-25 04:00:00,ecl,aggregate_load,96,43,itransformer,34669.37969612546
2014-06-25 05:00:00,ecl,aggregate_load,96,43,itransformer,34020.83111533325
2014-06-25 06:00:00,ecl,aggregate_load,96,43,itransformer,32310.115447982815
2014-06-25 07:00:00,ecl,aggregate_load,96,43,itransformer,34725.84228316093
2014-06-25 08:00:00,ecl,aggregate_load,96,43,itransformer,35244.160990825934
2014-06-25 09:00:00,ecl,aggregate_load,96,43,itransformer,37497.91293173923
2014-06-25 10:00:00,ecl,aggregate_load,96,43,itransformer,38754.750546784715
2014-06-25 11:00:00,ecl,aggregate_load,96,43,itransformer,32053.579053250258
2014-06-25 12:00:00,ecl,aggregate_load,96,43,itransformer,31636.796123559947
2014-06-25 13:00:00,ecl,aggregate_load,96,43,itransformer,31740.51419032241
2014-06-25 14:00:00,ecl,aggregate_load,96,43,itransformer,34509.47190510304
2014-06-25 15:00:00,ecl,aggregate_load,96,43,itransformer,31834.4205584679
2014-06-25 16:00:00,ecl,aggregate_load,96,43,itransformer,31573.35060473384
2014-06-25 17:00:00,ecl,aggregate_load,96,43,itransformer,32447.790350926738
2014-06-25 18:00:00,ecl,aggregate_load,96,43,itransformer,33648.785286482256
2014-06-25 19:00:00,ecl,aggregate_load,96,43,itransformer,32852.428833656915
2014-06-25 20:00:00,ecl,aggregate_load,96,43,itransformer,33789.30788908857
2014-06-25 21:00:00,ecl,aggregate_load,96,43,itransformer,35068.58400399364
2014-06-25 22:00:00,ecl,aggregate_load,96,43,itransformer,37567.288501519804
2014-06-25 23:00:00,ecl,aggregate_load,96,43,itransformer,37118.15800528273
2014-06-26 00:00:00,ecl,aggregate_load,96,43,itransformer,31990.269581963785
2014-06-26 01:00:00,ecl,aggregate_load,96,43,itransformer,32537.80984299749
2014-06-26 02:00:00,ecl,aggregate_load,96,43,itransformer,33929.848685826226
2014-06-26 03:00:00,ecl,aggregate_load,96,43,itransformer,34522.84906019517
2014-06-26 04:00:00,ecl,aggregate_load,96,43,itransformer,31987.244320877464
2014-06-26 05:00:00,ecl,aggregate_load,96,43,itransformer,31165.12477850584
2014-06-26 06:00:00,ecl,aggregate_load,96,43,itransformer,32805.345761596844
2014-06-26 07:00:00,ecl,aggregate_load,96,43,itransformer,31438.480448186467
2014-06-26 08:00:00,ecl,aggregate_load,96,43,itransformer,32733.793755863706
2014-06-26 09:00:00,ecl,aggregate_load,96,43,itransformer,34370.13722149166
2014-06-26 10:00:00,ecl,aggregate_load,96,43,itransformer,36564.322892809636
2014-06-26 11:00:00,ecl,aggregate_load,96,43,itransformer,31790.990029190685
2014-06-26 12:00:00,ecl,aggregate_load,96,43,itransformer,32609.936346304195
2014-06-26 13:00:00,ecl,aggregate_load,96,43,itransformer,32250.923797066935
2014-06-26 14:00:00,ecl,aggregate_load,96,43,itransformer,36556.95722513294
2014-06-26 15:00:00,ecl,aggregate_load,96,43,itransformer,32065.130995770673
2014-06-26 16:00:00,ecl,aggregate_load,96,43,itransformer,30406.021313257927
2014-06-26 17:00:00,ecl,aggregate_load,96,43,itransformer,30772.165443987866
2014-06-26 18:00:00,ecl,aggregate_load,96,43,itransformer,31596.262439259808
2014-06-26 19:00:00,ecl,aggregate_load,96,43,itransformer,31158.93322142528
2014-06-26 20:00:00,ecl,aggregate_load,96,43,itransformer,30974.91075240158
2014-06-26 21:00:00,ecl,aggregate_load,96,43,itransformer,29773.157070646685
2014-06-26 22:00:00,ecl,aggregate_load,96,43,itransformer,30872.570754401033
2014-06-26 23:00:00,ecl,aggregate_load,96,43,itransformer,30471.23830454623
2014-06-27 00:00:00,ecl,aggregate_load,96,43,itransformer,27439.01586347433
2014-06-27 01:00:00,ecl,aggregate_load,96,43,itransformer,28871.25860118262
2014-06-27 02:00:00,ecl,aggregate_load,96,43,itransformer,27853.358475469435
2014-06-27 03:00:00,ecl,aggregate_load,96,43,itransformer,26870.72281067312
2014-06-27 04:00:00,ecl,aggregate_load,96,43,itransformer,24531.837682849276
2014-06-27 05:00:00,ecl,aggregate_load,96,43,itransformer,24998.403141894345
2014-06-27 06:00:00,ecl,aggregate_load,96,43,itransformer,26058.848887762462
2014-06-27 07:00:00,ecl,aggregate_load,96,43,itransformer,25406.488393598804
2014-06-27 08:00:00,ecl,aggregate_load,96,43,itransformer,26707.624279296142
2014-06-27 09:00:00,ecl,aggregate_load,96,43,itransformer,27238.181751032713
2014-06-27 10:00:00,ecl,aggregate_load,96,43,itransformer,28838.34624320597
2014-06-27 11:00:00,ecl,aggregate_load,96,43,itransformer,26583.63284490084
2014-06-27 12:00:00,ecl,aggregate_load,96,43,itransformer,25559.347555869124
2014-06-27 13:00:00,ecl,aggregate_load,96,43,itransformer,25311.87800899186
2014-06-27 14:00:00,ecl,aggregate_load,96,43,itransformer,27212.30002244361
2014-06-27 15:00:00,ecl,aggregate_load,96,43,itransformer,24862.341901384574
2014-06-27 16:00:00,ecl,aggregate_load,96,43,itransformer,25973.774593634036
2014-06-27 17:00:00,ecl,aggregate_load,96,43,itransformer,27005.253389358568
2014-06-27 18:00:00,ecl,aggregate_load,96,43,itransformer,27676.540334274254
2014-06-27 19:00:00,ecl,aggregate_load,96,43,itransformer,27303.434862174236
2014-06-27 20:00:00,ecl,aggregate_load,96,43,itransformer,26756.865695919278
2014-06-27 21:00:00,ecl,aggregate_load,96,43,itransformer,26887.432784867182
2014-06-27 22:00:00,ecl,aggregate_load,96,43,itransformer,23735.49562548268
2014-06-27 23:00:00,ecl,aggregate_load,96,43,itransformer,25744.444032408715
2014-06-28 00:00:00,ecl,aggregate_load,96,43,itransformer,25877.727213717313
2014-06-28 01:00:00,ecl,aggregate_load,96,43,itransformer,24835.491884249164
2014-06-28 02:00:00,ecl,aggregate_load,96,43,itransformer,25675.915612475234
2014-06-28 03:00:00,ecl,aggregate_load,96,43,itransformer,26645.113595792285
2014-06-28 04:00:00,ecl,aggregate_load,96,43,itransformer,32222.691886043885
2014-06-28 05:00:00,ecl,aggregate_load,96,43,itransformer,30868.40371851328
2014-06-28 06:00:00,ecl,aggregate_load,96,43,itransformer,30353.990401490126
2014-06-28 07:00:00,ecl,aggregate_load,96,43,itransformer,34055.68888341328
2014-06-28 08:00:00,ecl,aggregate_load,96,43,itransformer,31185.534323942895
2014-06-28 09:00:00,ecl,aggregate_load,96,43,itransformer,30152.458510433655
2014-06-28 10:00:00,ecl,aggregate_load,96,43,itransformer,28996.771639062474
2014-06-28 11:00:00,ecl,aggregate_load,96,43,itransformer,31245.775214463767
2014-06-28 12:00:00,ecl,aggregate_load,96,43,itransformer,32509.263322237628
2014-06-28 13:00:00,ecl,aggregate_load,96,43,itransformer,28627.875450109732
2014-06-28 14:00:00,ecl,aggregate_load,96,43,itransformer,33480.483170765765
2014-06-28 15:00:00,ecl,aggregate_load,96,43,itransformer,43947.40774012924
2014-06-28 16:00:00,ecl,aggregate_load,96,43,itransformer,49564.02065276549
2014-06-28 17:00:00,ecl,aggregate_load,96,43,itransformer,53056.62101653577
2014-06-28 18:00:00,ecl,aggregate_load,96,43,itransformer,50541.941089565895
2014-06-28 19:00:00,ecl,aggregate_load,96,43,itransformer,46593.42893533526
2014-06-28 20:00:00,ecl,aggregate_load,96,43,itransformer,45307.00416895244
2014-06-28 21:00:00,ecl,aggregate_load,96,43,itransformer,43320.89835375865
2014-06-28 22:00:00,ecl,aggregate_load,96,43,itransformer,40038.00886996041
2014-06-28 23:00:00,ecl,aggregate_load,96,43,itransformer,36037.617708191254
2014-06-29 00:00:00,ecl,aggregate_load,96,43,itransformer,40274.75900081051
2014-06-29 01:00:00,ecl,aggregate_load,96,43,itransformer,44895.56884136503
2014-06-29 02:00:00,ecl,aggregate_load,96,43,itransformer,45927.26058522358
2014-06-29 03:00:00,ecl,aggregate_load,96,43,itransformer,45339.60557739068
2014-06-29 04:00:00,ecl,aggregate_load,96,43,itransformer,52415.3367132477
2014-06-29 05:00:00,ecl,aggregate_load,96,43,itransformer,51984.45401559254
2014-06-29 06:00:00,ecl,aggregate_load,96,43,itransformer,50408.06899719825
2014-06-29 07:00:00,ecl,aggregate_load,96,43,itransformer,50342.2364167964
2014-06-29 08:00:00,ecl,aggregate_load,96,43,itransformer,40812.955119982624
2014-06-29 09:00:00,ecl,aggregate_load,96,43,itransformer,39054.89597291443
2014-06-29 10:00:00,ecl,aggregate_load,96,43,itransformer,31747.551786320622
2014-06-29 11:00:00,ecl,aggregate_load,96,43,itransformer,31269.096350072432
2014-06-29 12:00:00,ecl,aggregate_load,96,43,itransformer,25698.232823903774
2014-06-29 13:00:00,ecl,aggregate_load,96,43,itransformer,21449.496942731563
2014-06-29 14:00:00,ecl,aggregate_load,96,43,itransformer,20854.473479911332
2014-06-29 15:00:00,ecl,aggregate_load,96,43,itransformer,23682.027760827757
2014-06-29 16:00:00,ecl,aggregate_load,96,43,itransformer,27026.17365000186
2014-06-29 17:00:00,ecl,aggregate_load,96,43,itransformer,27298.980176426896
2014-06-29 18:00:00,ecl,aggregate_load,96,43,itransformer,29351.017739331277
2014-06-29 19:00:00,ecl,aggregate_load,96,43,itransformer,28011.74171308396
2014-06-29 20:00:00,ecl,aggregate_load,96,43,itransformer,24759.19785538048
2014-06-29 21:00:00,ecl,aggregate_load,96,43,itransformer,23344.09455441592
2014-06-29 22:00:00,ecl,aggregate_load,96,43,itransformer,21916.635579324266
2014-06-29 23:00:00,ecl,aggregate_load,96,43,itransformer,21578.695846965787
2014-06-30 00:00:00,ecl,aggregate_load,96,43,itransformer,24262.33568110586
2014-06-30 01:00:00,ecl,aggregate_load,96,43,itransformer,25561.94509201175
2014-06-30 02:00:00,ecl,aggregate_load,96,43,itransformer,27198.30316762066
2014-06-30 03:00:00,ecl,aggregate_load,96,43,itransformer,27288.48503795297
2014-06-30 04:00:00,ecl,aggregate_load,96,43,itransformer,30160.16121570319
2014-06-30 05:00:00,ecl,aggregate_load,96,43,itransformer,29169.36471434996
2014-06-30 06:00:00,ecl,aggregate_load,96,43,itransformer,26770.341237058485
2014-06-30 07:00:00,ecl,aggregate_load,96,43,itransformer,25783.808152469323
2014-06-30 08:00:00,ecl,aggregate_load,96,43,itransformer,26341.077659272287
2014-06-30 09:00:00,ecl,aggregate_load,96,43,itransformer,25878.69570934919
2014-06-30 10:00:00,ecl,aggregate_load,96,43,itransformer,27194.558870691573
2014-06-30 11:00:00,ecl,aggregate_load,96,43,itransformer,24513.054484687887
2014-06-30 12:00:00,ecl,aggregate_load,96,43,itransformer,24964.833900894377
2014-06-30 13:00:00,ecl,aggregate_load,96,43,itransformer,26991.973940708613
2014-06-30 14:00:00,ecl,aggregate_load,96,43,itransformer,27662.341299948068
2014-06-30 15:00:00,ecl,aggregate_load,96,43,itransformer,28737.833341873036
2014-06-30 16:00:00,ecl,aggregate_load,96,43,itransformer,30853.853295287026
2014-06-30 17:00:00,ecl,aggregate_load,96,43,itransformer,30900.061338977564
2014-06-30 18:00:00,ecl,aggregate_load,96,43,itransformer,32570.666279709694
2014-06-30 19:00:00,ecl,aggregate_load,96,43,itransformer,35552.91706833779
2014-06-30 20:00:00,ecl,aggregate_load,96,43,itransformer,36828.88580794592
2014-06-30 21:00:00,ecl,aggregate_load,96,43,itransformer,39450.77818740591
2014-06-30 22:00:00,ecl,aggregate_load,96,43,itransformer,39202.004032618475
2014-06-30 23:00:00,ecl,aggregate_load,96,43,itransformer,36925.33145325413
2014-07-01 00:00:00,ecl,aggregate_load,96,43,itransformer,37712.6224777874
2014-07-01 01:00:00,ecl,aggregate_load,96,43,itransformer,38710.12067925275
2014-07-01 02:00:00,ecl,aggregate_load,96,43,itransformer,38470.408042703624
2014-07-01 03:00:00,ecl,aggregate_load,96,43,itransformer,38490.96400615828
2014-07-01 04:00:00,ecl,aggregate_load,96,43,itransformer,38786.90215142008
2014-07-01 05:00:00,ecl,aggregate_load,96,43,itransformer,38342.70007682799
2014-07-01 06:00:00,ecl,aggregate_load,96,43,itransformer,36460.81889953583
2014-07-01 07:00:00,ecl,aggregate_load,96,43,itransformer,37976.00321139305
2014-07-01 08:00:00,ecl,aggregate_load,96,43,itransformer,39971.56574239408
2014-07-01 09:00:00,ecl,aggregate_load,96,43,itransformer,39661.1552185547
2014-07-01 10:00:00,ecl,aggregate_load,96,43,itransformer,40642.058171023855
2014-07-01 11:00:00,ecl,aggregate_load,96,43,itransformer,41037.9969674305
2014-07-01 12:00:00,ecl,aggregate_load,96,43,itransformer,42226.37114746437
2014-07-01 13:00:00,ecl,aggregate_load,96,43,itransformer,44019.31871601559
2014-07-01 14:00:00,ecl,aggregate_load,96,43,itransformer,45032.78139719181
2014-07-01 15:00:00,ecl,aggregate_load,96,43,itransformer,44809.0660388144
2014-07-01 16:00:00,ecl,aggregate_load,96,43,itransformer,47052.76089111863
2014-07-01 17:00:00,ecl,aggregate_load,96,43,itransformer,49546.626862826706
2014-07-01 18:00:00,ecl,aggregate_load,96,43,itransformer,54369.680947990535
2014-07-01 19:00:00,ecl,aggregate_load,96,43,itransformer,56153.421354647064
2014-07-01 20:00:00,ecl,aggregate_load,96,43,itransformer,57246.830303686096
2014-07-01 21:00:00,ecl,aggregate_load,96,43,itransformer,60520.3149185413
2014-07-01 22:00:00,ecl,aggregate_load,96,43,itransformer,62900.81702983562
2014-07-01 23:00:00,ecl,aggregate_load,96,43,itransformer,59490.598958542054
2014-07-02 00:00:00,ecl,aggregate_load,96,43,itransformer,55757.78527173542
2014-07-02 01:00:00,ecl,aggregate_load,96,43,itransformer,56572.750317971884
2014-07-02 02:00:00,ecl,aggregate_load,96,43,itransformer,55385.610321735505
2014-07-02 03:00:00,ecl,aggregate_load,96,43,itransformer,53420.664705380135
2014-07-02 04:00:00,ecl,aggregate_load,96,43,itransformer,50481.242216695384
2014-07-02 05:00:00,ecl,aggregate_load,96,43,itransformer,51163.937251602205
2014-07-02 06:00:00,ecl,aggregate_load,96,43,itransformer,51745.55047214621
2014-07-02 07:00:00,ecl,aggregate_load,96,43,itransformer,53147.788284976144
2014-07-02 08:00:00,ecl,aggregate_load,96,43,itransformer,58995.20009285262
2014-07-02 09:00:00,ecl,aggregate_load,96,43,itransformer,59226.465221068625
2014-07-02 10:00:00,ecl,aggregate_load,96,43,itransformer,62042.54971499966
2014-07-02 11:00:00,ecl,aggregate_load,96,43,itransformer,59576.030283613065
2014-07-02 12:00:00,ecl,aggregate_load,96,43,itransformer,62723.26988632387
2014-07-02 13:00:00,ecl,aggregate_load,96,43,itransformer,63438.23625177019
2014-07-02 14:00:00,ecl,aggregate_load,96,43,itransformer,63491.81871264826
2014-07-02 15:00:00,ecl,aggregate_load,96,43,itransformer,58005.376039395305
2014-07-02 16:00:00,ecl,aggregate_load,96,43,itransformer,59450.71382114944
2014-07-02 17:00:00,ecl,aggregate_load,96,43,itransformer,60817.35116070904
2014-07-02 18:00:00,ecl,aggregate_load,96,43,itransformer,61243.7658913712
2014-07-02 19:00:00,ecl,aggregate_load,96,43,itransformer,62953.57728108065
2014-07-02 20:00:00,ecl,aggregate_load,96,43,itransformer,62723.50172720137
2014-07-02 21:00:00,ecl,aggregate_load,96,43,itransformer,64708.322191387844
2014-07-02 22:00:00,ecl,aggregate_load,96,43,itransformer,64334.21533345629
2014-07-02 23:00:00,ecl,aggregate_load,96,43,itransformer,56642.96499981601
2014-07-03 00:00:00,ecl,aggregate_load,96,43,itransformer,54612.4790693364
2014-07-03 01:00:00,ecl,aggregate_load,96,43,itransformer,53373.92111051351
2014-07-03 02:00:00,ecl,aggregate_load,96,43,itransformer,54506.40412601029
2014-07-03 03:00:00,ecl,aggregate_load,96,43,itransformer,50895.57721279874
2014-07-03 04:00:00,ecl,aggregate_load,96,43,itransformer,48328.76802449813
2014-07-03 05:00:00,ecl,aggregate_load,96,43,itransformer,49779.96362018434
2014-07-03 06:00:00,ecl,aggregate_load,96,43,itransformer,51429.120578023336
2014-07-03 07:00:00,ecl,aggregate_load,96,43,itransformer,51804.479034144526
2014-07-03 08:00:00,ecl,aggregate_load,96,43,itransformer,54987.89660226274
2014-07-03 09:00:00,ecl,aggregate_load,96,43,itransformer,57116.39962157513
2014-07-03 10:00:00,ecl,aggregate_load,96,43,itransformer,54219.883905169154
2014-07-03 11:00:00,ecl,aggregate_load,96,43,itransformer,48200.91817462817
2014-07-03 12:00:00,ecl,aggregate_load,96,43,itransformer,41721.63422579294
2014-07-03 13:00:00,ecl,aggregate_load,96,43,itransformer,44116.25207915431
2014-07-03 14:00:00,ecl,aggregate_load,96,43,itransformer,41089.331955400856
2014-07-03 15:00:00,ecl,aggregate_load,96,43,itransformer,36842.05632278232
2014-07-03 16:00:00,ecl,aggregate_load,96,43,itransformer,36199.35335144522
2014-07-03 17:00:00,ecl,aggregate_load,96,43,itransformer,36517.62262162816
2014-07-03 18:00:00,ecl,aggregate_load,96,43,itransformer,33729.441217599815
2014-07-03 19:00:00,ecl,aggregate_load,96,43,itransformer,34368.31511992341
2014-07-03 20:00:00,ecl,aggregate_load,96,43,itransformer,33933.93782652924
2014-07-03 21:00:00,ecl,aggregate_load,96,43,itransformer,34605.083662146986
2014-07-03 22:00:00,ecl,aggregate_load,96,43,itransformer,33369.04653668199
2014-07-03 23:00:00,ecl,aggregate_load,96,43,itransformer,30289.458477967575
2014-07-04 00:00:00,ecl,aggregate_load,96,43,itransformer,29958.77056640592
2014-07-04 01:00:00,ecl,aggregate_load,96,43,itransformer,30559.676566774677
2014-07-04 02:00:00,ecl,aggregate_load,96,43,itransformer,29658.249661806378
2014-07-04 03:00:00,ecl,aggregate_load,96,43,itransformer,28921.866509852047
2014-07-04 04:00:00,ecl,aggregate_load,96,43,itransformer,28379.282408730927
2014-07-04 05:00:00,ecl,aggregate_load,96,43,itransformer,27288.53184356134
2014-07-04 06:00:00,ecl,aggregate_load,96,43,itransformer,27969.24027610542
2014-07-04 07:00:00,ecl,aggregate_load,96,43,itransformer,28299.133388025166
2014-07-04 08:00:00,ecl,aggregate_load,96,43,itransformer,31679.686960927775
2014-07-04 09:00:00,ecl,aggregate_load,96,43,itransformer,32694.9410347294
2014-07-04 10:00:00,ecl,aggregate_load,96,43,itransformer,31782.817492645656
2014-07-04 11:00:00,ecl,aggregate_load,96,43,itransformer,30451.483552263515
2014-07-04 12:00:00,ecl,aggregate_load,96,43,itransformer,30933.15204990852
2014-07-04 13:00:00,ecl,aggregate_load,96,43,itransformer,26831.27477719974
2014-07-04 14:00:00,ecl,aggregate_load,96,43,itransformer,28622.926373564493
2014-07-04 15:00:00,ecl,aggregate_load,96,43,itransformer,36411.25760341043
2014-07-04 16:00:00,ecl,aggregate_load,96,43,itransformer,43011.0594786919
2014-07-04 17:00:00,ecl,aggregate_load,96,43,itransformer,57445.14491384515
2014-07-04 18:00:00,ecl,aggregate_load,96,43,itransformer,59797.69998275462
2014-07-04 19:00:00,ecl,aggregate_load,96,43,itransformer,54788.81853042031
2014-07-04 20:00:00,ecl,aggregate_load,96,43,itransformer,48806.71905045439
2014-07-04 21:00:00,ecl,aggregate_load,96,43,itransformer,44969.52160947343
2014-07-04 22:00:00,ecl,aggregate_load,96,43,itransformer,42380.2189263149
2014-07-04 23:00:00,ecl,aggregate_load,96,43,itransformer,44075.11309362209
2014-07-05 00:00:00,ecl,aggregate_load,96,43,itransformer,46863.457927899995
2014-07-05 01:00:00,ecl,aggregate_load,96,43,itransformer,50330.4438946575
2014-07-05 02:00:00,ecl,aggregate_load,96,43,itransformer,52712.26173809741
2014-07-05 03:00:00,ecl,aggregate_load,96,43,itransformer,53370.554199182276
2014-07-05 04:00:00,ecl,aggregate_load,96,43,itransformer,58203.880679764
2014-07-05 05:00:00,ecl,aggregate_load,96,43,itransformer,55250.90220985183
2014-07-05 06:00:00,ecl,aggregate_load,96,43,itransformer,54750.66332645542
2014-07-05 07:00:00,ecl,aggregate_load,96,43,itransformer,51000.31742641258
2014-07-05 08:00:00,ecl,aggregate_load,96,43,itransformer,45295.57156763677
2014-07-05 09:00:00,ecl,aggregate_load,96,43,itransformer,43083.21398943191
2014-07-05 10:00:00,ecl,aggregate_load,96,43,itransformer,42187.540695779
2014-07-05 11:00:00,ecl,aggregate_load,96,43,itransformer,43574.04797121537
2014-07-05 12:00:00,ecl,aggregate_load,96,43,itransformer,43006.66022984732
2014-07-05 13:00:00,ecl,aggregate_load,96,43,itransformer,42752.669639165164
2014-07-05 14:00:00,ecl,aggregate_load,96,43,itransformer,45067.05155381095
2014-07-05 15:00:00,ecl,aggregate_load,96,43,itransformer,48290.261087654675
2014-07-05 16:00:00,ecl,aggregate_load,96,43,itransformer,52789.54931771779
2014-07-05 17:00:00,ecl,aggregate_load,96,43,itransformer,58232.301156194044
2014-07-05 18:00:00,ecl,aggregate_load,96,43,itransformer,61340.29391767358
2014-07-05 19:00:00,ecl,aggregate_load,96,43,itransformer,58823.36980828387
2014-07-05 20:00:00,ecl,aggregate_load,96,43,itransformer,54160.7064580182
2014-07-05 21:00:00,ecl,aggregate_load,96,43,itransformer,52430.26777882872
2014-07-05 22:00:00,ecl,aggregate_load,96,43,itransformer,52821.4314228097
2014-07-05 23:00:00,ecl,aggregate_load,96,43,itransformer,53443.49489634307
2014-07-06 00:00:00,ecl,aggregate_load,96,43,itransformer,56222.936002266964
2014-07-06 01:00:00,ecl,aggregate_load,96,43,itransformer,60030.15495141182
2014-07-06 02:00:00,ecl,aggregate_load,96,43,itransformer,60380.96258616294
2014-07-06 03:00:00,ecl,aggregate_load,96,43,itransformer,61360.61193303596
2014-07-06 04:00:00,ecl,aggregate_load,96,43,itransformer,60090.04589636351
2014-07-06 05:00:00,ecl,aggregate_load,96,43,itransformer,61014.80070715209
2014-07-06 06:00:00,ecl,aggregate_load,96,43,itransformer,59641.6893081415
2014-07-06 07:00:00,ecl,aggregate_load,96,43,itransformer,58448.9627329374
2014-07-06 08:00:00,ecl,aggregate_load,96,43,itransformer,55434.03688974533
2014-07-06 09:00:00,ecl,aggregate_load,96,43,itransformer,56792.17212886672
2014-07-06 10:00:00,ecl,aggregate_load,96,43,itransformer,55065.810565076805
2014-07-06 11:00:00,ecl,aggregate_load,96,43,itransformer,55287.98262456432
2014-07-06 12:00:00,ecl,aggregate_load,96,43,itransformer,55188.56363990537
2014-07-06 13:00:00,ecl,aggregate_load,96,43,itransformer,57069.57239910942
2014-07-06 14:00:00,ecl,aggregate_load,96,43,itransformer,59116.904219408876
2014-07-06 15:00:00,ecl,aggregate_load,96,43,itransformer,60473.698720485176
2014-07-06 16:00:00,ecl,aggregate_load,96,43,itransformer,62997.122769857895
2014-07-06 17:00:00,ecl,aggregate_load,96,43,itransformer,63231.77486783759
2014-07-06 18:00:00,ecl,aggregate_load,96,43,itransformer,64729.5473505164
2014-07-06 19:00:00,ecl,aggregate_load,96,43,itransformer,65932.49513766768
2014-07-06 20:00:00,ecl,aggregate_load,96,43,itransformer,69506.77903707857
2014-07-06 21:00:00,ecl,aggregate_load,96,43,itransformer,70446.69462216813
2014-07-06 22:00:00,ecl,aggregate_load,96,43,itransformer,70274.61003351178
2014-07-06 23:00:00,ecl,aggregate_load,96,43,itransformer,70175.10771740529
2014-07-07 00:00:00,ecl,aggregate_load,96,43,itransformer,66164.21801314392
2014-07-07 01:00:00,ecl,aggregate_load,96,43,itransformer,64107.4237491022
2014-07-07 02:00:00,ecl,aggregate_load,96,43,itransformer,63267.24688541979
2014-07-07 03:00:00,ecl,aggregate_load,96,43,itransformer,65534.2255342222
2014-07-07 04:00:00,ecl,aggregate_load,96,43,itransformer,63770.98392636981
2014-07-07 05:00:00,ecl,aggregate_load,96,43,itransformer,63692.58893283185
2014-07-07 06:00:00,ecl,aggregate_load,96,43,itransformer,61904.90114777241
2014-07-07 07:00:00,ecl,aggregate_load,96,43,itransformer,63471.82194868188
2014-07-07 08:00:00,ecl,aggregate_load,96,43,itransformer,68844.93903001746
2014-07-07 09:00:00,ecl,aggregate_load,96,43,itransformer,74051.24007596275
2014-07-07 10:00:00,ecl,aggregate_load,96,43,itransformer,79781.18927796098
2014-07-07 11:00:00,ecl,aggregate_load,96,43,itransformer,83192.8580680517
2014-07-07 12:00:00,ecl,aggregate_load,96,43,itransformer,84820.09657633035
2014-07-07 13:00:00,ecl,aggregate_load,96,43,itransformer,86938.26091093832
2014-07-07 14:00:00,ecl,aggregate_load,96,43,itransformer,88873.67044039156
2014-07-07 15:00:00,ecl,aggregate_load,96,43,itransformer,89988.84103068103
2014-07-07 16:00:00,ecl,aggregate_load,96,43,itransformer,92188.22713309618
2014-07-07 17:00:00,ecl,aggregate_load,96,43,itransformer,88625.86190436738
2014-07-07 18:00:00,ecl,aggregate_load,96,43,itransformer,91845.8770657895
2014-07-07 19:00:00,ecl,aggregate_load,96,43,itransformer,96054.82058224788
2014-07-07 20:00:00,ecl,aggregate_load,96,43,itransformer,105733.22599800669
2014-07-07 21:00:00,ecl,aggregate_load,96,43,itransformer,113422.84528844553
2014-07-07 22:00:00,ecl,aggregate_load,96,43,itransformer,119157.86464717153
2014-07-07 23:00:00,ecl,aggregate_load,96,43,itransformer,112226.10014228841
2014-07-08 00:00:00,ecl,aggregate_load,96,43,itransformer,106409.89203968576
2014-07-08 01:00:00,ecl,aggregate_load,96,43,itransformer,103243.7126409483
2014-07-08 02:00:00,ecl,aggregate_load,96,43,itransformer,103520.5171354611
2014-07-08 03:00:00,ecl,aggregate_load,96,43,itransformer,104729.50002802187
2014-07-08 04:00:00,ecl,aggregate_load,96,43,itransformer,104454.89232622343
2014-07-08 05:00:00,ecl,aggregate_load,96,43,itransformer,99048.7181070128
2014-07-08 06:00:00,ecl,aggregate_load,96,43,itransformer,96497.16313271389
2014-07-08 07:00:00,ecl,aggregate_load,96,43,itransformer,101676.50452491175
2014-07-08 08:00:00,ecl,aggregate_load,96,43,itransformer,105726.9169814865
2014-07-08 09:00:00,ecl,aggregate_load,96,43,itransformer,116199.83868407081
2014-07-08 10:00:00,ecl,aggregate_load,96,43,itransformer,116361.77408412036
2014-07-08 11:00:00,ecl,aggregate_load,96,43,itransformer,110654.69820308032
2014-07-08 12:00:00,ecl,aggregate_load,96,43,itransformer,108672.7778813326
2014-07-08 13:00:00,ecl,aggregate_load,96,43,itransformer,93257.19999486674
2014-07-08 14:00:00,ecl,aggregate_load,96,43,itransformer,81755.64840292056
2014-07-08 15:00:00,ecl,aggregate_load,96,43,itransformer,58706.817998205595
2014-07-08 16:00:00,ecl,aggregate_load,96,43,itransformer,46128.74736110534
2014-07-08 17:00:00,ecl,aggregate_load,96,43,itransformer,43075.12865186575
2014-07-08 18:00:00,ecl,aggregate_load,96,43,itransformer,43062.44645521094
2014-07-08 19:00:00,ecl,aggregate_load,96,43,itransformer,41782.90196798407
2014-07-08 20:00:00,ecl,aggregate_load,96,43,itransformer,43475.916467663024
2014-07-08 21:00:00,ecl,aggregate_load,96,43,itransformer,48385.16431529328
2014-07-08 22:00:00,ecl,aggregate_load,96,43,itransformer,53207.077118289686
2014-07-08 23:00:00,ecl,aggregate_load,96,43,itransformer,54381.36424782927
2014-07-09 00:00:00,ecl,aggregate_load,96,43,itransformer,55385.92257891665
2014-07-09 01:00:00,ecl,aggregate_load,96,43,itransformer,55996.636881855164
2014-07-09 02:00:00,ecl,aggregate_load,96,43,itransformer,53972.73723231716
2014-07-09 03:00:00,ecl,aggregate_load,96,43,itransformer,51284.617080096294
2014-07-09 04:00:00,ecl,aggregate_load,96,43,itransformer,48363.33094944212
2014-07-09 05:00:00,ecl,aggregate_load,96,43,itransformer,45984.288377592056
2014-07-09 06:00:00,ecl,aggregate_load,96,43,itransformer,46125.18800692849
2014-07-09 07:00:00,ecl,aggregate_load,96,43,itransformer,47274.22917466719
2014-07-09 08:00:00,ecl,aggregate_load,96,43,itransformer,54989.812526295
2014-07-09 09:00:00,ecl,aggregate_load,96,43,itransformer,59226.46734366843
2014-07-09 10:00:00,ecl,aggregate_load,96,43,itransformer,64853.69439410851
2014-07-09 11:00:00,ecl,aggregate_load,96,43,itransformer,62595.801863134235
2014-07-09 12:00:00,ecl,aggregate_load,96,43,itransformer,63594.379878545406
2014-07-09 13:00:00,ecl,aggregate_load,96,43,itransformer,66632.1576603505
2014-07-09 14:00:00,ecl,aggregate_load,96,43,itransformer,69265.15629306623
2014-07-09 15:00:00,ecl,aggregate_load,96,43,itransformer,70405.19348989193
2014-07-09 16:00:00,ecl,aggregate_load,96,43,itransformer,73415.25650356461
2014-07-09 17:00:00,ecl,aggregate_load,96,43,itransformer,73276.69251261785
2014-07-09 18:00:00,ecl,aggregate_load,96,43,itransformer,72261.58149071212
2014-07-09 19:00:00,ecl,aggregate_load,96,43,itransformer,79036.09792847502
2014-07-09 20:00:00,ecl,aggregate_load,96,43,itransformer,85305.24960524244
2014-07-09 21:00:00,ecl,aggregate_load,96,43,itransformer,88505.25491801598
2014-07-09 22:00:00,ecl,aggregate_load,96,43,itransformer,85212.75151317354
2014-07-09 23:00:00,ecl,aggregate_load,96,43,itransformer,84776.48165087945
2014-07-10 00:00:00,ecl,aggregate_load,96,43,itransformer,77832.46782806597
2014-07-10 01:00:00,ecl,aggregate_load,96,43,itransformer,74146.18056821857
2014-07-10 02:00:00,ecl,aggregate_load,96,43,itransformer,72523.75324123011
2014-07-10 03:00:00,ecl,aggregate_load,96,43,itransformer,71137.05667390536
2014-07-10 04:00:00,ecl,aggregate_load,96,43,itransformer,65160.2077934384
2014-07-10 05:00:00,ecl,aggregate_load,96,43,itransformer,61780.04509906709
2014-07-10 06:00:00,ecl,aggregate_load,96,43,itransformer,68777.67138792963
2014-07-10 07:00:00,ecl,aggregate_load,96,43,itransformer,74264.44740268895
2014-07-10 08:00:00,ecl,aggregate_load,96,43,itransformer,85824.89032416155
2014-07-10 09:00:00,ecl,aggregate_load,96,43,itransformer,87637.40677844042
2014-07-10 10:00:00,ecl,aggregate_load,96,43,itransformer,88840.96645988016
2014-07-10 11:00:00,ecl,aggregate_load,96,43,itransformer,87935.00209803392
2014-07-10 12:00:00,ecl,aggregate_load,96,43,itransformer,84316.66985087749
2014-07-10 13:00:00,ecl,aggregate_load,96,43,itransformer,72578.12766092853
2014-07-10 14:00:00,ecl,aggregate_load,96,43,itransformer,68201.34669601507
2014-07-10 15:00:00,ecl,aggregate_load,96,43,itransformer,56763.112301184185
2014-07-10 16:00:00,ecl,aggregate_load,96,43,itransformer,54229.56346546558
2014-07-10 17:00:00,ecl,aggregate_load,96,43,itransformer,49923.094915158996
2014-07-10 18:00:00,ecl,aggregate_load,96,43,itransformer,47210.04149203249
2014-07-10 19:00:00,ecl,aggregate_load,96,43,itransformer,51562.76821368327
2014-07-10 20:00:00,ecl,aggregate_load,96,43,itransformer,59932.37536143981
2014-07-10 21:00:00,ecl,aggregate_load,96,43,itransformer,64263.46774885922
2014-07-10 22:00:00,ecl,aggregate_load,96,43,itransformer,66200.25504753948
2014-07-10 23:00:00,ecl,aggregate_load,96,43,itransformer,67803.2989192175
2014-07-11 00:00:00,ecl,aggregate_load,96,43,itransformer,63534.26545756379
2014-07-11 01:00:00,ecl,aggregate_load,96,43,itransformer,56389.58986417656
2014-07-11 02:00:00,ecl,aggregate_load,96,43,itransformer,55567.29962422171
2014-07-11 03:00:00,ecl,aggregate_load,96,43,itransformer,52584.6329989029
2014-07-11 04:00:00,ecl,aggregate_load,96,43,itransformer,50455.84418580975
2014-07-11 05:00:00,ecl,aggregate_load,96,43,itransformer,47941.52339084717
2014-07-11 06:00:00,ecl,aggregate_load,96,43,itransformer,49437.25645728285
2014-07-11 07:00:00,ecl,aggregate_load,96,43,itransformer,54031.50989755624
2014-07-11 08:00:00,ecl,aggregate_load,96,43,itransformer,61833.44790573564
2014-07-11 09:00:00,ecl,aggregate_load,96,43,itransformer,61304.639782263956
2014-07-11 10:00:00,ecl,aggregate_load,96,43,itransformer,49626.78623495825
2014-07-11 11:00:00,ecl,aggregate_load,96,43,itransformer,42487.26601330049
2014-07-11 12:00:00,ecl,aggregate_load,96,43,itransformer,37790.92248678814
2014-07-11 13:00:00,ecl,aggregate_load,96,43,itransformer,36058.00485571526
2014-07-11 14:00:00,ecl,aggregate_load,96,43,itransformer,35728.1676486829
2014-07-11 15:00:00,ecl,aggregate_load,96,43,itransformer,35252.84841214162
2014-07-11 16:00:00,ecl,aggregate_load,96,43,itransformer,39044.56223466888
2014-07-11 17:00:00,ecl,aggregate_load,96,43,itransformer,41826.1357971676
2014-07-11 18:00:00,ecl,aggregate_load,96,43,itransformer,39540.28969665024
2014-07-11 19:00:00,ecl,aggregate_load,96,43,itransformer,39004.82033119144
2014-07-11 20:00:00,ecl,aggregate_load,96,43,itransformer,34142.61841863933
2014-07-11 21:00:00,ecl,aggregate_load,96,43,itransformer,37978.575049064355
2014-07-11 22:00:00,ecl,aggregate_load,96,43,itransformer,37359.782294030774
2014-07-11 23:00:00,ecl,aggregate_load,96,43,itransformer,34678.526914378366
2014-07-12 00:00:00,ecl,aggregate_load,96,43,itransformer,33675.95682018305
2014-07-12 01:00:00,ecl,aggregate_load,96,43,itransformer,36039.05328685973
2014-07-12 02:00:00,ecl,aggregate_load,96,43,itransformer,37039.676631743365
2014-07-12 03:00:00,ecl,aggregate_load,96,43,itransformer,36018.39551244848
2014-07-12 04:00:00,ecl,aggregate_load,96,43,itransformer,34872.6577335065
2014-07-12 05:00:00,ecl,aggregate_load,96,43,itransformer,35172.55031832942
2014-07-12 06:00:00,ecl,aggregate_load,96,43,itransformer,30783.681943234697
2014-07-12 07:00:00,ecl,aggregate_load,96,43,itransformer,31069.72272090791
2014-07-12 08:00:00,ecl,aggregate_load,96,43,itransformer,42054.617633649534
2014-07-12 09:00:00,ecl,aggregate_load,96,43,itransformer,41107.688603340735
2014-07-12 10:00:00,ecl,aggregate_load,96,43,itransformer,44129.60679145172
2014-07-12 11:00:00,ecl,aggregate_load,96,43,itransformer,36582.39358726658
2014-07-12 12:00:00,ecl,aggregate_load,96,43,itransformer,37251.978730854964
2014-07-12 13:00:00,ecl,aggregate_load,96,43,itransformer,36246.952607743784
2014-07-12 14:00:00,ecl,aggregate_load,96,43,itransformer,35824.74483387245
2014-07-12 15:00:00,ecl,aggregate_load,96,43,itransformer,37102.46359175246
2014-07-12 16:00:00,ecl,aggregate_load,96,43,itransformer,34806.77751566248
2014-07-12 17:00:00,ecl,aggregate_load,96,43,itransformer,33554.23201524935
2014-07-12 18:00:00,ecl,aggregate_load,96,43,itransformer,33357.77938066609
2014-07-12 19:00:00,ecl,aggregate_load,96,43,itransformer,33497.5085478148
2014-07-12 20:00:00,ecl,aggregate_load,96,43,itransformer,33148.21634017233
2014-07-12 21:00:00,ecl,aggregate_load,96,43,itransformer,35689.43854511703
2014-07-12 22:00:00,ecl,aggregate_load,96,43,itransformer,38054.55979767096
2014-07-12 23:00:00,ecl,aggregate_load,96,43,itransformer,37583.79756743748
2014-07-13 00:00:00,ecl,aggregate_load,96,43,itransformer,35132.93158033532
2014-07-13 01:00:00,ecl,aggregate_load,96,43,itransformer,33836.15324456926
2014-07-13 02:00:00,ecl,aggregate_load,96,43,itransformer,36018.74180457297
2014-07-13 03:00:00,ecl,aggregate_load,96,43,itransformer,37055.136087883955
2014-07-13 04:00:00,ecl,aggregate_load,96,43,itransformer,35401.356496447224
2014-07-13 05:00:00,ecl,aggregate_load,96,43,itransformer,34069.17258597212
2014-07-13 06:00:00,ecl,aggregate_load,96,43,itransformer,29482.109843065027
2014-07-13 07:00:00,ecl,aggregate_load,96,43,itransformer,31110.59364707401
2014-07-13 08:00:00,ecl,aggregate_load,96,43,itransformer,47742.62503428068
2014-07-13 09:00:00,ecl,aggregate_load,96,43,itransformer,54582.627039034385
2014-07-13 10:00:00,ecl,aggregate_load,96,43,itransformer,57146.6874421982
2014-07-13 11:00:00,ecl,aggregate_load,96,43,itransformer,50159.58577117789
2014-07-13 12:00:00,ecl,aggregate_load,96,43,itransformer,42954.59245533267
2014-07-13 13:00:00,ecl,aggregate_load,96,43,itransformer,46774.99233403963
2014-07-13 14:00:00,ecl,aggregate_load,96,43,itransformer,55631.791626587954
2014-07-13 15:00:00,ecl,aggregate_load,96,43,itransformer,67508.67077695836
2014-07-13 16:00:00,ecl,aggregate_load,96,43,itransformer,66519.18401783174
2014-07-13 17:00:00,ecl,aggregate_load,96,43,itransformer,63498.14620036535
2014-07-13 18:00:00,ecl,aggregate_load,96,43,itransformer,71765.0293340789
2014-07-13 19:00:00,ecl,aggregate_load,96,43,itransformer,75474.18655876744
2014-07-13 20:00:00,ecl,aggregate_load,96,43,itransformer,77130.62509556346
2014-07-13 21:00:00,ecl,aggregate_load,96,43,itransformer,82881.07723053223
2014-07-13 22:00:00,ecl,aggregate_load,96,43,itransformer,87444.90755537176
2014-07-13 23:00:00,ecl,aggregate_load,96,43,itransformer,89718.1508704932
2014-07-14 00:00:00,ecl,aggregate_load,96,43,itransformer,82771.08349780158
2014-07-14 01:00:00,ecl,aggregate_load,96,43,itransformer,72052.99731731566
2014-07-14 02:00:00,ecl,aggregate_load,96,43,itransformer,75451.79909870647
2014-07-14 03:00:00,ecl,aggregate_load,96,43,itransformer,76081.00573502315
2014-07-14 04:00:00,ecl,aggregate_load,96,43,itransformer,70225.63501286897
2014-07-14 05:00:00,ecl,aggregate_load,96,43,itransformer,56077.22256807445
2014-07-14 06:00:00,ecl,aggregate_load,96,43,itransformer,58847.53748877704
2014-07-14 07:00:00,ecl,aggregate_load,96,43,itransformer,63626.11997312683
2014-07-14 08:00:00,ecl,aggregate_load,96,43,itransformer,76578.43662098717
2014-07-14 09:00:00,ecl,aggregate_load,96,43,itransformer,70540.78783649736
2014-07-14 10:00:00,ecl,aggregate_load,96,43,itransformer,63654.51199292947
2014-07-14 11:00:00,ecl,aggregate_load,96,43,itransformer,47692.849739691
2014-07-14 12:00:00,ecl,aggregate_load,96,43,itransformer,34623.72047788511
2014-07-14 13:00:00,ecl,aggregate_load,96,43,itransformer,28292.83487598768
2014-07-14 14:00:00,ecl,aggregate_load,96,43,itransformer,27913.924816414423
2014-07-14 15:00:00,ecl,aggregate_load,96,43,itransformer,25160.699837566426
2014-07-14 16:00:00,ecl,aggregate_load,96,43,itransformer,26271.681711083405
2014-07-14 17:00:00,ecl,aggregate_load,96,43,itransformer,30058.076000601654
2014-07-14 18:00:00,ecl,aggregate_load,96,43,itransformer,29800.73402590356
2014-07-14 19:00:00,ecl,aggregate_load,96,43,itransformer,28951.41677817387
2014-07-14 20:00:00,ecl,aggregate_load,96,43,itransformer,28385.543436207794
2014-07-14 21:00:00,ecl,aggregate_load,96,43,itransformer,32525.69859499349
2014-07-14 22:00:00,ecl,aggregate_load,96,43,itransformer,36877.461344493095
2014-07-14 23:00:00,ecl,aggregate_load,96,43,itransformer,34815.146016012695
2014-07-15 00:00:00,ecl,aggregate_load,96,43,itransformer,31880.044729241283
2014-07-15 01:00:00,ecl,aggregate_load,96,43,itransformer,30938.007824084652
2014-07-15 02:00:00,ecl,aggregate_load,96,43,itransformer,31158.264644574563
2014-07-15 03:00:00,ecl,aggregate_load,96,43,itransformer,31465.79892537967
2014-07-15 04:00:00,ecl,aggregate_load,96,43,itransformer,29304.405159770307
2014-07-15 05:00:00,ecl,aggregate_load,96,43,itransformer,27757.508277377503
2014-07-15 06:00:00,ecl,aggregate_load,96,43,itransformer,26777.96960114714
2014-07-15 07:00:00,ecl,aggregate_load,96,43,itransformer,28949.488707143744
2014-07-15 08:00:00,ecl,aggregate_load,96,43,itransformer,32991.84546835585
2014-07-15 09:00:00,ecl,aggregate_load,96,43,itransformer,31235.51248627003
2014-07-15 10:00:00,ecl,aggregate_load,96,43,itransformer,28964.532190957427
2014-07-15 11:00:00,ecl,aggregate_load,96,43,itransformer,28026.510974085628
2014-07-15 12:00:00,ecl,aggregate_load,96,43,itransformer,26964.25657808028
2014-07-15 13:00:00,ecl,aggregate_load,96,43,itransformer,27483.142936254462
2014-07-15 14:00:00,ecl,aggregate_load,96,43,itransformer,29478.418729811263
2014-07-15 15:00:00,ecl,aggregate_load,96,43,itransformer,31508.32911842268
2014-07-15 16:00:00,ecl,aggregate_load,96,43,itransformer,32218.47049228361
2014-07-15 17:00:00,ecl,aggregate_load,96,43,itransformer,35509.45280036004
2014-07-15 18:00:00,ecl,aggregate_load,96,43,itransformer,39293.75798528693
2014-07-15 19:00:00,ecl,aggregate_load,96,43,itransformer,41528.435195711085
2014-07-15 20:00:00,ecl,aggregate_load,96,43,itransformer,41343.90651023673
2014-07-15 21:00:00,ecl,aggregate_load,96,43,itransformer,42425.700932069325
2014-07-15 22:00:00,ecl,aggregate_load,96,43,itransformer,40427.82151856584
2014-07-15 23:00:00,ecl,aggregate_load,96,43,itransformer,39949.29915679741
2014-07-16 00:00:00,ecl,aggregate_load,96,43,itransformer,38407.5131348375
2014-07-16 01:00:00,ecl,aggregate_load,96,43,itransformer,37415.85047199889
2014-07-16 02:00:00,ecl,aggregate_load,96,43,itransformer,37438.28004683762
2014-07-16 03:00:00,ecl,aggregate_load,96,43,itransformer,38599.49828963971
2014-07-16 04:00:00,ecl,aggregate_load,96,43,itransformer,37495.48761516935
2014-07-16 05:00:00,ecl,aggregate_load,96,43,itransformer,37339.72867287457
2014-07-16 06:00:00,ecl,aggregate_load,96,43,itransformer,37497.353173655174
2014-07-16 07:00:00,ecl,aggregate_load,96,43,itransformer,37891.148236716304
2014-07-16 08:00:00,ecl,aggregate_load,96,43,itransformer,41370.68372848095
2014-07-16 09:00:00,ecl,aggregate_load,96,43,itransformer,39872.993937410065
2014-07-16 10:00:00,ecl,aggregate_load,96,43,itransformer,36582.71284856474
2014-07-16 11:00:00,ecl,aggregate_load,96,43,itransformer,34278.55167902497
2014-07-16 12:00:00,ecl,aggregate_load,96,43,itransformer,34549.5437568846
2014-07-16 13:00:00,ecl,aggregate_load,96,43,itransformer,38897.109268674925
2014-07-16 14:00:00,ecl,aggregate_load,96,43,itransformer,41588.405532117504
2014-07-16 15:00:00,ecl,aggregate_load,96,43,itransformer,46521.135616675914
2014-07-16 16:00:00,ecl,aggregate_load,96,43,itransformer,49573.903326078034
2014-07-16 17:00:00,ecl,aggregate_load,96,43,itransformer,56783.970496569935
2014-07-16 18:00:00,ecl,aggregate_load,96,43,itransformer,54092.40658095349
2014-07-16 19:00:00,ecl,aggregate_load,96,43,itransformer,50911.20384056753
2014-07-16 20:00:00,ecl,aggregate_load,96,43,itransformer,45953.69486551194
2014-07-16 21:00:00,ecl,aggregate_load,96,43,itransformer,44434.70274032684
2014-07-16 22:00:00,ecl,aggregate_load,96,43,itransformer,42953.7083525326
2014-07-16 23:00:00,ecl,aggregate_load,96,43,itransformer,43720.30929534083
2014-07-17 00:00:00,ecl,aggregate_load,96,43,itransformer,49427.19126487987
2014-07-17 01:00:00,ecl,aggregate_load,96,43,itransformer,58310.6375453398
2014-07-17 02:00:00,ecl,aggregate_load,96,43,itransformer,55973.55325411048
2014-07-17 03:00:00,ecl,aggregate_load,96,43,itransformer,58429.944897368034
2014-07-17 04:00:00,ecl,aggregate_load,96,43,itransformer,59351.16855542289
2014-07-17 05:00:00,ecl,aggregate_load,96,43,itransformer,64964.014172777184
2014-07-17 06:00:00,ecl,aggregate_load,96,43,itransformer,56880.80649324397
2014-07-17 07:00:00,ecl,aggregate_load,96,43,itransformer,54949.474529644016
2014-07-17 08:00:00,ecl,aggregate_load,96,43,itransformer,45300.07549497569
2014-07-17 09:00:00,ecl,aggregate_load,96,43,itransformer,43970.18317598677
2014-07-17 10:00:00,ecl,aggregate_load,96,43,itransformer,40945.178583702895
2014-07-17 11:00:00,ecl,aggregate_load,96,43,itransformer,43190.42143687604
2014-07-17 12:00:00,ecl,aggregate_load,96,43,itransformer,46242.314093442714
2014-07-17 13:00:00,ecl,aggregate_load,96,43,itransformer,47119.499525651416
2014-07-17 14:00:00,ecl,aggregate_load,96,43,itransformer,46670.63046818477
2014-07-17 15:00:00,ecl,aggregate_load,96,43,itransformer,51581.35589921946
2014-07-17 16:00:00,ecl,aggregate_load,96,43,itransformer,55117.30300876304
2014-07-17 17:00:00,ecl,aggregate_load,96,43,itransformer,57573.61535286657
2014-07-17 18:00:00,ecl,aggregate_load,96,43,itransformer,56581.560293539274
2014-07-17 19:00:00,ecl,aggregate_load,96,43,itransformer,49150.87585102404
2014-07-17 20:00:00,ecl,aggregate_load,96,43,itransformer,41455.29915932974
2014-07-17 21:00:00,ecl,aggregate_load,96,43,itransformer,34383.69191245242
2014-07-17 22:00:00,ecl,aggregate_load,96,43,itransformer,33600.540921957145
2014-07-17 23:00:00,ecl,aggregate_load,96,43,itransformer,33994.55289234468
2014-07-18 00:00:00,ecl,aggregate_load,96,43,itransformer,37882.53047111416
2014-07-18 01:00:00,ecl,aggregate_load,96,43,itransformer,44455.40713170179
2014-07-18 02:00:00,ecl,aggregate_load,96,43,itransformer,43769.85991426781
2014-07-18 03:00:00,ecl,aggregate_load,96,43,itransformer,47095.81863499003
2014-07-18 04:00:00,ecl,aggregate_load,96,43,itransformer,50947.740754823266
2014-07-18 05:00:00,ecl,aggregate_load,96,43,itransformer,53461.93473434813
2014-07-18 06:00:00,ecl,aggregate_load,96,43,itransformer,49778.5654591567
2014-07-18 07:00:00,ecl,aggregate_load,96,43,itransformer,46729.44267770499
2014-07-18 08:00:00,ecl,aggregate_load,96,43,itransformer,39308.811638209074
2014-07-18 09:00:00,ecl,aggregate_load,96,43,itransformer,38847.1299229236
2014-07-18 10:00:00,ecl,aggregate_load,96,43,itransformer,35867.032120319236
2014-07-18 11:00:00,ecl,aggregate_load,96,43,itransformer,36378.242644358616
2014-07-18 12:00:00,ecl,aggregate_load,96,43,itransformer,36236.6990878216
2014-07-18 13:00:00,ecl,aggregate_load,96,43,itransformer,35263.677576596914
2014-07-18 14:00:00,ecl,aggregate_load,96,43,itransformer,34300.78819434613
2014-07-18 15:00:00,ecl,aggregate_load,96,43,itransformer,34512.477939705896
2014-07-18 16:00:00,ecl,aggregate_load,96,43,itransformer,34603.1987340188
2014-07-18 17:00:00,ecl,aggregate_load,96,43,itransformer,35001.76360916641
2014-07-18 18:00:00,ecl,aggregate_load,96,43,itransformer,36068.01462003553
2014-07-18 19:00:00,ecl,aggregate_load,96,43,itransformer,38930.14267071392
2014-07-18 20:00:00,ecl,aggregate_load,96,43,itransformer,40722.17589986027
2014-07-18 21:00:00,ecl,aggregate_load,96,43,itransformer,42584.07285500925
2014-07-18 22:00:00,ecl,aggregate_load,96,43,itransformer,41301.215340045164
2014-07-18 23:00:00,ecl,aggregate_load,96,43,itransformer,40121.14641740737
2014-07-19 00:00:00,ecl,aggregate_load,96,43,itransformer,38687.49155666487
2014-07-19 01:00:00,ecl,aggregate_load,96,43,itransformer,39179.81149288299
2014-07-19 02:00:00,ecl,aggregate_load,96,43,itransformer,39287.97150367303
2014-07-19 03:00:00,ecl,aggregate_load,96,43,itransformer,38801.351229530694
2014-07-19 04:00:00,ecl,aggregate_load,96,43,itransformer,40588.14016339114
2014-07-19 05:00:00,ecl,aggregate_load,96,43,itransformer,39067.666142059454
2014-07-19 06:00:00,ecl,aggregate_load,96,43,itransformer,37861.59751614204
2014-07-19 07:00:00,ecl,aggregate_load,96,43,itransformer,37222.542736264404
2014-07-19 08:00:00,ecl,aggregate_load,96,43,itransformer,37506.0732967206
2014-07-19 09:00:00,ecl,aggregate_load,96,43,itransformer,37618.807738847565
2014-07-19 10:00:00,ecl,aggregate_load,96,43,itransformer,40333.08002670395
2014-07-19 11:00:00,ecl,aggregate_load,96,43,itransformer,43854.62349214548
2014-07-19 12:00:00,ecl,aggregate_load,96,43,itransformer,44174.78482468374
2014-07-19 13:00:00,ecl,aggregate_load,96,43,itransformer,43102.312116701345
2014-07-19 14:00:00,ecl,aggregate_load,96,43,itransformer,43062.809638107225
2014-07-19 15:00:00,ecl,aggregate_load,96,43,itransformer,41259.85121741755
2014-07-19 16:00:00,ecl,aggregate_load,96,43,itransformer,42781.21338838315
2014-07-19 17:00:00,ecl,aggregate_load,96,43,itransformer,42630.08612265241
2014-07-19 18:00:00,ecl,aggregate_load,96,43,itransformer,43848.528221065026
2014-07-19 19:00:00,ecl,aggregate_load,96,43,itransformer,45163.92531444272
2014-07-19 20:00:00,ecl,aggregate_load,96,43,itransformer,49966.998244872746
2014-07-19 21:00:00,ecl,aggregate_load,96,43,itransformer,55711.786791401704
2014-07-19 22:00:00,ecl,aggregate_load,96,43,itransformer,56908.722723867075
2014-07-19 23:00:00,ecl,aggregate_load,96,43,itransformer,57742.432225879194
2014-07-20 00:00:00,ecl,aggregate_load,96,43,itransformer,52871.123778624875
2014-07-20 01:00:00,ecl,aggregate_load,96,43,itransformer,48034.07686598508
2014-07-20 02:00:00,ecl,aggregate_load,96,43,itransformer,48247.0570574961
2014-07-20 03:00:00,ecl,aggregate_load,96,43,itransformer,47153.793199181346
2014-07-20 04:00:00,ecl,aggregate_load,96,43,itransformer,43486.09264826397
2014-07-20 05:00:00,ecl,aggregate_load,96,43,itransformer,42300.82524675971
2014-07-20 06:00:00,ecl,aggregate_load,96,43,itransformer,39320.303972791844
2014-07-20 07:00:00,ecl,aggregate_load,96,43,itransformer,44596.14665568134
2014-07-20 08:00:00,ecl,aggregate_load,96,43,itransformer,49511.35271226604
2014-07-20 09:00:00,ecl,aggregate_load,96,43,itransformer,48257.39380561842
2014-07-20 10:00:00,ecl,aggregate_load,96,43,itransformer,52711.529817894894
2014-07-20 11:00:00,ecl,aggregate_load,96,43,itransformer,51260.413126994776
2014-07-20 12:00:00,ecl,aggregate_load,96,43,itransformer,48400.97463016598
2014-07-20 13:00:00,ecl,aggregate_load,96,43,itransformer,49015.00715603287
2014-07-20 14:00:00,ecl,aggregate_load,96,43,itransformer,48280.83278771806
2014-07-20 15:00:00,ecl,aggregate_load,96,43,itransformer,49738.10722511172
2014-07-20 16:00:00,ecl,aggregate_load,96,43,itransformer,49184.50677623072
2014-07-20 17:00:00,ecl,aggregate_load,96,43,itransformer,44438.31435852916
2014-07-20 18:00:00,ecl,aggregate_load,96,43,itransformer,43705.103131168384
2014-07-20 19:00:00,ecl,aggregate_load,96,43,itransformer,47790.49992681132
2014-07-20 20:00:00,ecl,aggregate_load,96,43,itransformer,55095.84846223012
2014-07-20 21:00:00,ecl,aggregate_load,96,43,itransformer,61585.10940155965
2014-07-20 22:00:00,ecl,aggregate_load,96,43,itransformer,65550.01679357998
2014-07-20 23:00:00,ecl,aggregate_load,96,43,itransformer,62706.89297014915
2014-07-21 00:00:00,ecl,aggregate_load,96,43,itransformer,55130.99116139911
2014-07-21 01:00:00,ecl,aggregate_load,96,43,itransformer,47907.25095297579
2014-07-21 02:00:00,ecl,aggregate_load,96,43,itransformer,49383.7362686916
2014-07-21 03:00:00,ecl,aggregate_load,96,43,itransformer,47198.25831163739
2014-07-21 04:00:00,ecl,aggregate_load,96,43,itransformer,45509.46146713671
2014-07-21 05:00:00,ecl,aggregate_load,96,43,itransformer,45555.158894049324
2014-07-21 06:00:00,ecl,aggregate_load,96,43,itransformer,46363.38907893933
2014-07-21 07:00:00,ecl,aggregate_load,96,43,itransformer,54515.7563805864
2014-07-21 08:00:00,ecl,aggregate_load,96,43,itransformer,62201.168863022736
2014-07-21 09:00:00,ecl,aggregate_load,96,43,itransformer,56977.753695105646
2014-07-21 10:00:00,ecl,aggregate_load,96,43,itransformer,56481.472290235186
2014-07-21 11:00:00,ecl,aggregate_load,96,43,itransformer,42444.80204133826
2014-07-21 12:00:00,ecl,aggregate_load,96,43,itransformer,29226.47196019575
2014-07-21 13:00:00,ecl,aggregate_load,96,43,itransformer,30414.31501935629
2014-07-21 14:00:00,ecl,aggregate_load,96,43,itransformer,27266.335140173585
2014-07-21 15:00:00,ecl,aggregate_load,96,43,itransformer,24652.061094181947
2014-07-21 16:00:00,ecl,aggregate_load,96,43,itransformer,24311.02340341908
2014-07-21 17:00:00,ecl,aggregate_load,96,43,itransformer,25272.06538798092
2014-07-21 18:00:00,ecl,aggregate_load,96,43,itransformer,24488.019629234466
2014-07-21 19:00:00,ecl,aggregate_load,96,43,itransformer,27065.90694239277
2014-07-21 20:00:00,ecl,aggregate_load,96,43,itransformer,29889.41294319559
2014-07-21 21:00:00,ecl,aggregate_load,96,43,itransformer,31895.313838251266
2014-07-21 22:00:00,ecl,aggregate_load,96,43,itransformer,36927.004906482915
2014-07-21 23:00:00,ecl,aggregate_load,96,43,itransformer,39807.48721421144
2014-07-22 00:00:00,ecl,aggregate_load,96,43,itransformer,36336.27768026983
2014-07-22 01:00:00,ecl,aggregate_load,96,43,itransformer,30945.29351701871
2014-07-22 02:00:00,ecl,aggregate_load,96,43,itransformer,31480.8390151881
2014-07-22 03:00:00,ecl,aggregate_load,96,43,itransformer,30555.205888315686
2014-07-22 04:00:00,ecl,aggregate_load,96,43,itransformer,30809.058650207666
2014-07-22 05:00:00,ecl,aggregate_load,96,43,itransformer,30444.09017547371
2014-07-22 06:00:00,ecl,aggregate_load,96,43,itransformer,31957.91525061415
2014-07-22 07:00:00,ecl,aggregate_load,96,43,itransformer,32093.8006706241
2014-07-22 08:00:00,ecl,aggregate_load,96,43,itransformer,35329.68284813466
2014-07-22 09:00:00,ecl,aggregate_load,96,43,itransformer,38039.60961137025
2014-07-22 10:00:00,ecl,aggregate_load,96,43,itransformer,31125.19138933916
2014-07-22 11:00:00,ecl,aggregate_load,96,43,itransformer,28093.184903902325
2014-07-22 12:00:00,ecl,aggregate_load,96,43,itransformer,28405.66251770467
2014-07-22 13:00:00,ecl,aggregate_load,96,43,itransformer,29043.623262850248
2014-07-22 14:00:00,ecl,aggregate_load,96,43,itransformer,29355.80292227062
2014-07-22 15:00:00,ecl,aggregate_load,96,43,itransformer,31222.80806447619
2014-07-22 16:00:00,ecl,aggregate_load,96,43,itransformer,32391.469130670983
2014-07-22 17:00:00,ecl,aggregate_load,96,43,itransformer,33109.94084093351
2014-07-22 18:00:00,ecl,aggregate_load,96,43,itransformer,33333.74783742342
2014-07-22 19:00:00,ecl,aggregate_load,96,43,itransformer,33067.01933048069
2014-07-22 20:00:00,ecl,aggregate_load,96,43,itransformer,32915.1372475263
2014-07-22 21:00:00,ecl,aggregate_load,96,43,itransformer,32465.943635731324
2014-07-22 22:00:00,ecl,aggregate_load,96,43,itransformer,34637.97803636494
2014-07-22 23:00:00,ecl,aggregate_load,96,43,itransformer,33335.53887309141
2014-07-23 00:00:00,ecl,aggregate_load,96,43,itransformer,33060.59034617179
2014-07-23 01:00:00,ecl,aggregate_load,96,43,itransformer,36196.070305566325
2014-07-23 02:00:00,ecl,aggregate_load,96,43,itransformer,34928.91372072036
2014-07-23 03:00:00,ecl,aggregate_load,96,43,itransformer,37788.500380504054
2014-07-23 04:00:00,ecl,aggregate_load,96,43,itransformer,39869.246467181234
2014-07-23 05:00:00,ecl,aggregate_load,96,43,itransformer,39542.48008349041
2014-07-23 06:00:00,ecl,aggregate_load,96,43,itransformer,36185.09575567631
2014-07-23 07:00:00,ecl,aggregate_load,96,43,itransformer,35258.565434080905
2014-07-23 08:00:00,ecl,aggregate_load,96,43,itransformer,33923.84384189715
2014-07-23 09:00:00,ecl,aggregate_load,96,43,itransformer,35536.292742377496
2014-07-23 10:00:00,ecl,aggregate_load,96,43,itransformer,36507.703635373524
2014-07-23 11:00:00,ecl,aggregate_load,96,43,itransformer,35715.765653629824
2014-07-23 12:00:00,ecl,aggregate_load,96,43,itransformer,35335.17242397495
2014-07-23 13:00:00,ecl,aggregate_load,96,43,itransformer,39916.988108233774
2014-07-23 14:00:00,ecl,aggregate_load,96,43,itransformer,40496.65646705258
2014-07-23 15:00:00,ecl,aggregate_load,96,43,itransformer,36086.4995713802
2014-07-23 16:00:00,ecl,aggregate_load,96,43,itransformer,34897.82408608182
2014-07-23 17:00:00,ecl,aggregate_load,96,43,itransformer,35123.23117781848
2014-07-23 18:00:00,ecl,aggregate_load,96,43,itransformer,34381.49910007278
2014-07-23 19:00:00,ecl,aggregate_load,96,43,itransformer,33039.82350395618
2014-07-23 20:00:00,ecl,aggregate_load,96,43,itransformer,38332.45701136572
2014-07-23 21:00:00,ecl,aggregate_load,96,43,itransformer,43265.04939430469
2014-07-23 22:00:00,ecl,aggregate_load,96,43,itransformer,43778.88829889468
2014-07-23 23:00:00,ecl,aggregate_load,96,43,itransformer,44995.73307419806
2014-07-24 00:00:00,ecl,aggregate_load,96,43,itransformer,38426.94818345846
2014-07-24 01:00:00,ecl,aggregate_load,96,43,itransformer,35612.95117471151
2014-07-24 02:00:00,ecl,aggregate_load,96,43,itransformer,37346.455980317965
2014-07-24 03:00:00,ecl,aggregate_load,96,43,itransformer,36210.30447740194
2014-07-24 04:00:00,ecl,aggregate_load,96,43,itransformer,36118.48953121095
2014-07-24 05:00:00,ecl,aggregate_load,96,43,itransformer,36029.40161119802
2014-07-24 06:00:00,ecl,aggregate_load,96,43,itransformer,35643.91944847414
2014-07-24 07:00:00,ecl,aggregate_load,96,43,itransformer,37388.87955836193
2014-07-24 08:00:00,ecl,aggregate_load,96,43,itransformer,42411.46660393122
2014-07-24 09:00:00,ecl,aggregate_load,96,43,itransformer,43966.89450523488
2014-07-24 10:00:00,ecl,aggregate_load,96,43,itransformer,50058.32438424389
2014-07-24 11:00:00,ecl,aggregate_load,96,43,itransformer,47595.00256084829
2014-07-24 12:00:00,ecl,aggregate_load,96,43,itransformer,44651.652776260475
2014-07-24 13:00:00,ecl,aggregate_load,96,43,itransformer,49778.513184811396
2014-07-24 14:00:00,ecl,aggregate_load,96,43,itransformer,50571.95092646228
2014-07-24 15:00:00,ecl,aggregate_load,96,43,itransformer,46192.55784544924
2014-07-24 16:00:00,ecl,aggregate_load,96,43,itransformer,46469.97777636157
2014-07-24 17:00:00,ecl,aggregate_load,96,43,itransformer,51318.63342596223
2014-07-24 18:00:00,ecl,aggregate_load,96,43,itransformer,53639.79167827768
2014-07-24 19:00:00,ecl,aggregate_load,96,43,itransformer,55711.89441265187
2014-07-24 20:00:00,ecl,aggregate_load,96,43,itransformer,57084.67577424191
2014-07-24 21:00:00,ecl,aggregate_load,96,43,itransformer,58576.613220096355
2014-07-24 22:00:00,ecl,aggregate_load,96,43,itransformer,61562.06383231689
2014-07-24 23:00:00,ecl,aggregate_load,96,43,itransformer,60416.40138444644
2014-07-25 00:00:00,ecl,aggregate_load,96,43,itransformer,54444.23093616343
2014-07-25 01:00:00,ecl,aggregate_load,96,43,itransformer,48482.327166226256
2014-07-25 02:00:00,ecl,aggregate_load,96,43,itransformer,49350.54290166588
2014-07-25 03:00:00,ecl,aggregate_load,96,43,itransformer,50527.17935507841
2014-07-25 04:00:00,ecl,aggregate_load,96,43,itransformer,47527.25554264335
2014-07-25 05:00:00,ecl,aggregate_load,96,43,itransformer,43516.31612543793
2014-07-25 06:00:00,ecl,aggregate_load,96,43,itransformer,44968.34345353345
2014-07-25 07:00:00,ecl,aggregate_load,96,43,itransformer,44355.59375283649
2014-07-25 08:00:00,ecl,aggregate_load,96,43,itransformer,50787.820049345704
2014-07-25 09:00:00,ecl,aggregate_load,96,43,itransformer,51176.43430955766
2014-07-25 10:00:00,ecl,aggregate_load,96,43,itransformer,48884.772126464115
2014-07-25 11:00:00,ecl,aggregate_load,96,43,itransformer,44545.10170337211
2014-07-25 12:00:00,ecl,aggregate_load,96,43,itransformer,39736.29728154912
2014-07-25 13:00:00,ecl,aggregate_load,96,43,itransformer,41440.128062088705
2014-07-25 14:00:00,ecl,aggregate_load,96,43,itransformer,39643.38915542456
2014-07-25 15:00:00,ecl,aggregate_load,96,43,itransformer,30383.19432084535
2014-07-25 16:00:00,ecl,aggregate_load,96,43,itransformer,28091.405967078183
2014-07-25 17:00:00,ecl,aggregate_load,96,43,itransformer,27035.842733607307
2014-07-25 18:00:00,ecl,aggregate_load,96,43,itransformer,27270.92817982619
2014-07-25 19:00:00,ecl,aggregate_load,96,43,itransformer,27415.208735758486
2014-07-25 20:00:00,ecl,aggregate_load,96,43,itransformer,27826.4199172489
2014-07-25 21:00:00,ecl,aggregate_load,96,43,itransformer,30010.444726854883
2014-07-25 22:00:00,ecl,aggregate_load,96,43,itransformer,33580.301690550616
2014-07-25 23:00:00,ecl,aggregate_load,96,43,itransformer,31572.968252975126
2014-07-26 00:00:00,ecl,aggregate_load,96,43,itransformer,27673.036496491444
2014-07-26 01:00:00,ecl,aggregate_load,96,43,itransformer,27368.186062835408
2014-07-26 02:00:00,ecl,aggregate_load,96,43,itransformer,25183.66637474329
2014-07-26 03:00:00,ecl,aggregate_load,96,43,itransformer,24859.733550669098
2014-07-26 04:00:00,ecl,aggregate_load,96,43,itransformer,21788.63342110846
2014-07-26 05:00:00,ecl,aggregate_load,96,43,itransformer,20479.37921523092
2014-07-26 06:00:00,ecl,aggregate_load,96,43,itransformer,22189.34074115052
2014-07-26 07:00:00,ecl,aggregate_load,96,43,itransformer,22562.821274590304
2014-07-26 08:00:00,ecl,aggregate_load,96,43,itransformer,27668.224518997584
2014-07-26 09:00:00,ecl,aggregate_load,96,43,itransformer,29379.378714671864
2014-07-26 10:00:00,ecl,aggregate_load,96,43,itransformer,29769.034800868933
2014-07-26 11:00:00,ecl,aggregate_load,96,43,itransformer,22883.538533448227
2014-07-26 12:00:00,ecl,aggregate_load,96,43,itransformer,21445.567333327086
2014-07-26 13:00:00,ecl,aggregate_load,96,43,itransformer,23278.27247611013
2014-07-26 14:00:00,ecl,aggregate_load,96,43,itransformer,24400.373010083345
2014-07-26 15:00:00,ecl,aggregate_load,96,43,itransformer,23771.792537404704
2014-07-26 16:00:00,ecl,aggregate_load,96,43,itransformer,24085.46298395375
2014-07-26 17:00:00,ecl,aggregate_load,96,43,itransformer,22753.333015278986
2014-07-26 18:00:00,ecl,aggregate_load,96,43,itransformer,24318.341030653144
2014-07-26 19:00:00,ecl,aggregate_load,96,43,itransformer,21971.731816817493
2014-07-26 20:00:00,ecl,aggregate_load,96,43,itransformer,22452.372425480786
2014-07-26 21:00:00,ecl,aggregate_load,96,43,itransformer,24362.5725598789
2014-07-26 22:00:00,ecl,aggregate_load,96,43,itransformer,26097.7376308503
2014-07-26 23:00:00,ecl,aggregate_load,96,43,itransformer,26114.98758207281
2014-07-27 00:00:00,ecl,aggregate_load,96,43,itransformer,22851.903984202876
2014-07-27 01:00:00,ecl,aggregate_load,96,43,itransformer,24704.457684613157
2014-07-27 02:00:00,ecl,aggregate_load,96,43,itransformer,24875.53049493584
2014-07-27 03:00:00,ecl,aggregate_load,96,43,itransformer,24561.410520460428
2014-07-27 04:00:00,ecl,aggregate_load,96,43,itransformer,24706.38811222519
2014-07-27 05:00:00,ecl,aggregate_load,96,43,itransformer,24494.45694313324
2014-07-27 06:00:00,ecl,aggregate_load,96,43,itransformer,22460.07413310706
2014-07-27 07:00:00,ecl,aggregate_load,96,43,itransformer,23131.431264628492
2014-07-27 08:00:00,ecl,aggregate_load,96,43,itransformer,25104.324481243908
2014-07-27 09:00:00,ecl,aggregate_load,96,43,itransformer,26604.384625396913
2014-07-27 10:00:00,ecl,aggregate_load,96,43,itransformer,30281.35413072274
2014-07-27 11:00:00,ecl,aggregate_load,96,43,itransformer,25829.523281785256
2014-07-27 12:00:00,ecl,aggregate_load,96,43,itransformer,24714.747262694185
2014-07-27 13:00:00,ecl,aggregate_load,96,43,itransformer,29327.134173953586
2014-07-27 14:00:00,ecl,aggregate_load,96,43,itransformer,32578.26028543229
2014-07-27 15:00:00,ecl,aggregate_load,96,43,itransformer,30029.899153503677
2014-07-27 16:00:00,ecl,aggregate_load,96,43,itransformer,29550.017349143687
2014-07-27 17:00:00,ecl,aggregate_load,96,43,itransformer,29593.989962147098
2014-07-27 18:00:00,ecl,aggregate_load,96,43,itransformer,32734.111514663222
2014-07-27 19:00:00,ecl,aggregate_load,96,43,itransformer,33889.88193857319
2014-07-27 20:00:00,ecl,aggregate_load,96,43,itransformer,30296.73098422849
2014-07-27 21:00:00,ecl,aggregate_load,96,43,itransformer,29938.945239161858
2014-07-27 22:00:00,ecl,aggregate_load,96,43,itransformer,32878.05409698579
2014-07-27 23:00:00,ecl,aggregate_load,96,43,itransformer,33088.05512852021
2014-07-28 00:00:00,ecl,aggregate_load,96,43,itransformer,28512.422544254732
2014-07-28 01:00:00,ecl,aggregate_load,96,43,itransformer,26295.377251833008
2014-07-28 02:00:00,ecl,aggregate_load,96,43,itransformer,27700.13765689277
2014-07-28 03:00:00,ecl,aggregate_load,96,43,itransformer,26686.88744292351
2014-07-28 04:00:00,ecl,aggregate_load,96,43,itransformer,24865.13534648121
2014-07-28 05:00:00,ecl,aggregate_load,96,43,itransformer,25657.270703083745
2014-07-28 06:00:00,ecl,aggregate_load,96,43,itransformer,25784.58844078674
2014-07-28 07:00:00,ecl,aggregate_load,96,43,itransformer,27390.060900037333
2014-07-28 08:00:00,ecl,aggregate_load,96,43,itransformer,30207.722687430854
2014-07-28 09:00:00,ecl,aggregate_load,96,43,itransformer,26476.23378715206
2014-07-28 10:00:00,ecl,aggregate_load,96,43,itransformer,26828.162560197652
2014-07-28 11:00:00,ecl,aggregate_load,96,43,itransformer,24205.3617726682
2014-07-28 12:00:00,ecl,aggregate_load,96,43,itransformer,24562.77628286873
2014-07-28 13:00:00,ecl,aggregate_load,96,43,itransformer,25027.929814004117
2014-07-28 14:00:00,ecl,aggregate_load,96,43,itransformer,25548.91637736266
2014-07-28 15:00:00,ecl,aggregate_load,96,43,itransformer,24914.42418625196
2014-07-28 16:00:00,ecl,aggregate_load,96,43,itransformer,25277.261448998634
2014-07-28 17:00:00,ecl,aggregate_load,96,43,itransformer,26549.124242736925
2014-07-28 18:00:00,ecl,aggregate_load,96,43,itransformer,27041.03892739212
2014-07-28 19:00:00,ecl,aggregate_load,96,43,itransformer,29418.119636213956
2014-07-28 20:00:00,ecl,aggregate_load,96,43,itransformer,27514.35113062148
2014-07-28 21:00:00,ecl,aggregate_load,96,43,itransformer,25573.669006690285
2014-07-28 22:00:00,ecl,aggregate_load,96,43,itransformer,25604.14360597282
2014-07-28 23:00:00,ecl,aggregate_load,96,43,itransformer,24236.11097341655
2014-07-29 00:00:00,ecl,aggregate_load,96,43,itransformer,21843.642585860838
2014-07-29 01:00:00,ecl,aggregate_load,96,43,itransformer,23189.561747663956
2014-07-29 02:00:00,ecl,aggregate_load,96,43,itransformer,25233.19337829486
2014-07-29 03:00:00,ecl,aggregate_load,96,43,itransformer,24904.564118533308
2014-07-29 04:00:00,ecl,aggregate_load,96,43,itransformer,26769.345905213093
2014-07-29 05:00:00,ecl,aggregate_load,96,43,itransformer,26535.51380254416
2014-07-29 06:00:00,ecl,aggregate_load,96,43,itransformer,25269.153935334343
2014-07-29 07:00:00,ecl,aggregate_load,96,43,itransformer,27513.636843998003
2014-07-29 08:00:00,ecl,aggregate_load,96,43,itransformer,23175.465676282915
2014-07-29 09:00:00,ecl,aggregate_load,96,43,itransformer,22521.790179755946
2014-07-29 10:00:00,ecl,aggregate_load,96,43,itransformer,24336.182556464686
2014-07-29 11:00:00,ecl,aggregate_load,96,43,itransformer,23816.55182693704
2014-07-29 12:00:00,ecl,aggregate_load,96,43,itransformer,22736.67408135388
2014-07-29 13:00:00,ecl,aggregate_load,96,43,itransformer,23910.758540661194
2014-07-29 14:00:00,ecl,aggregate_load,96,43,itransformer,24572.801092725902
2014-07-29 15:00:00,ecl,aggregate_load,96,43,itransformer,29469.74821514353
2014-07-29 16:00:00,ecl,aggregate_load,96,43,itransformer,32665.412480269548
2014-07-29 17:00:00,ecl,aggregate_load,96,43,itransformer,38479.511755097075
2014-07-29 18:00:00,ecl,aggregate_load,96,43,itransformer,38645.82528710156
2014-07-29 19:00:00,ecl,aggregate_load,96,43,itransformer,39669.18890860522
2014-07-29 20:00:00,ecl,aggregate_load,96,43,itransformer,36182.16950462263
2014-07-29 21:00:00,ecl,aggregate_load,96,43,itransformer,32577.844898252984
2014-07-29 22:00:00,ecl,aggregate_load,96,43,itransformer,30772.072140018045
2014-07-29 23:00:00,ecl,aggregate_load,96,43,itransformer,30168.269228893525
2014-07-30 00:00:00,ecl,aggregate_load,96,43,itransformer,33085.47389054782
2014-07-30 01:00:00,ecl,aggregate_load,96,43,itransformer,38793.506660370644
2014-07-30 02:00:00,ecl,aggregate_load,96,43,itransformer,37711.23633120389
2014-07-30 03:00:00,ecl,aggregate_load,96,43,itransformer,41671.17058140341
2014-07-30 04:00:00,ecl,aggregate_load,96,43,itransformer,46365.66193034459
2014-07-30 05:00:00,ecl,aggregate_load,96,43,itransformer,46804.91838341276
2014-07-30 06:00:00,ecl,aggregate_load,96,43,itransformer,44815.292555533095
2014-07-30 07:00:00,ecl,aggregate_load,96,43,itransformer,43149.76589861206
2014-07-30 08:00:00,ecl,aggregate_load,96,43,itransformer,34593.33957759402
2014-07-30 09:00:00,ecl,aggregate_load,96,43,itransformer,33056.27033794359
2014-07-30 10:00:00,ecl,aggregate_load,96,43,itransformer,30222.679344515473
2014-07-30 11:00:00,ecl,aggregate_load,96,43,itransformer,34825.53730941809
2014-07-30 12:00:00,ecl,aggregate_load,96,43,itransformer,33240.84868422178
2014-07-30 13:00:00,ecl,aggregate_load,96,43,itransformer,32032.77619664435
2014-07-30 14:00:00,ecl,aggregate_load,96,43,itransformer,32238.444994608388
2014-07-30 15:00:00,ecl,aggregate_load,96,43,itransformer,36025.18254951803
2014-07-30 16:00:00,ecl,aggregate_load,96,43,itransformer,36632.10525966625
2014-07-30 17:00:00,ecl,aggregate_load,96,43,itransformer,40850.231490920036
2014-07-30 18:00:00,ecl,aggregate_load,96,43,itransformer,39393.21400725376
2014-07-30 19:00:00,ecl,aggregate_load,96,43,itransformer,35704.37715642644
2014-07-30 20:00:00,ecl,aggregate_load,96,43,itransformer,33141.2773287886
2014-07-30 21:00:00,ecl,aggregate_load,96,43,itransformer,30399.36116866388
2014-07-30 22:00:00,ecl,aggregate_load,96,43,itransformer,31521.97712752683
2014-07-30 23:00:00,ecl,aggregate_load,96,43,itransformer,29222.320616153902
2014-07-31 00:00:00,ecl,aggregate_load,96,43,itransformer,33686.55734113079
2014-07-31 01:00:00,ecl,aggregate_load,96,43,itransformer,40859.90742992493
2014-07-31 02:00:00,ecl,aggregate_load,96,43,itransformer,41540.84067563929
2014-07-31 03:00:00,ecl,aggregate_load,96,43,itransformer,46873.535188106995
2014-07-31 04:00:00,ecl,aggregate_load,96,43,itransformer,50075.97896002976
2014-07-31 05:00:00,ecl,aggregate_load,96,43,itransformer,48568.86351999894
2014-07-31 06:00:00,ecl,aggregate_load,96,43,itransformer,44973.09684356718
2014-07-31 07:00:00,ecl,aggregate_load,96,43,itransformer,44713.028828063536
2014-07-31 08:00:00,ecl,aggregate_load,96,43,itransformer,38502.12886620241
2014-07-31 09:00:00,ecl,aggregate_load,96,43,itransformer,32096.611041920758
2014-07-31 10:00:00,ecl,aggregate_load,96,43,itransformer,30778.928613753727
2014-07-31 11:00:00,ecl,aggregate_load,96,43,itransformer,34029.36981716359
2014-07-31 12:00:00,ecl,aggregate_load,96,43,itransformer,26446.468720920715
2014-07-31 13:00:00,ecl,aggregate_load,96,43,itransformer,23150.388320928672
2014-07-31 14:00:00,ecl,aggregate_load,96,43,itransformer,25005.560685371824
2014-07-31 15:00:00,ecl,aggregate_load,96,43,itransformer,26528.170785013182
2014-07-31 16:00:00,ecl,aggregate_load,96,43,itransformer,25205.779861850086
2014-07-31 17:00:00,ecl,aggregate_load,96,43,itransformer,24876.27472160904
2014-07-31 18:00:00,ecl,aggregate_load,96,43,itransformer,26547.445572235112
2014-07-31 19:00:00,ecl,aggregate_load,96,43,itransformer,26870.731550140947
2014-07-31 20:00:00,ecl,aggregate_load,96,43,itransformer,26051.128317265113
2014-07-31 21:00:00,ecl,aggregate_load,96,43,itransformer,25782.690770167712
2014-07-31 22:00:00,ecl,aggregate_load,96,43,itransformer,25286.990820327996
2014-07-31 23:00:00,ecl,aggregate_load,96,43,itransformer,24810.161493010353
2014-08-01 00:00:00,ecl,aggregate_load,96,43,itransformer,22553.576267046217
2014-08-01 01:00:00,ecl,aggregate_load,96,43,itransformer,23856.820741269115
2014-08-01 02:00:00,ecl,aggregate_load,96,43,itransformer,23701.14198949936
2014-08-01 03:00:00,ecl,aggregate_load,96,43,itransformer,26179.653263114393
2014-08-01 04:00:00,ecl,aggregate_load,96,43,itransformer,26779.272385346045
2014-08-01 05:00:00,ecl,aggregate_load,96,43,itransformer,26445.22491448617
2014-08-01 06:00:00,ecl,aggregate_load,96,43,itransformer,25166.375370540063
2014-08-01 07:00:00,ecl,aggregate_load,96,43,itransformer,23772.458037007822
2014-08-01 08:00:00,ecl,aggregate_load,96,43,itransformer,23749.302341032995
2014-08-01 09:00:00,ecl,aggregate_load,96,43,itransformer,24077.015330823586
2014-08-01 10:00:00,ecl,aggregate_load,96,43,itransformer,25196.657298046437
2014-08-01 11:00:00,ecl,aggregate_load,96,43,itransformer,26841.964889477782
2014-08-01 12:00:00,ecl,aggregate_load,96,43,itransformer,24927.975997831865
2014-08-01 13:00:00,ecl,aggregate_load,96,43,itransformer,24198.374343035885
2014-08-01 14:00:00,ecl,aggregate_load,96,43,itransformer,24622.498333423107
2014-08-01 15:00:00,ecl,aggregate_load,96,43,itransformer,26715.274960967534
2014-08-01 16:00:00,ecl,aggregate_load,96,43,itransformer,28536.495003672364
2014-08-01 17:00:00,ecl,aggregate_load,96,43,itransformer,29798.151528087456
2014-08-01 18:00:00,ecl,aggregate_load,96,43,itransformer,30446.21591186713
2014-08-01 19:00:00,ecl,aggregate_load,96,43,itransformer,32896.69206606234
2014-08-01 20:00:00,ecl,aggregate_load,96,43,itransformer,37580.05206161424
2014-08-01 21:00:00,ecl,aggregate_load,96,43,itransformer,40411.674744817836
2014-08-01 22:00:00,ecl,aggregate_load,96,43,itransformer,40840.18649070835
2014-08-01 23:00:00,ecl,aggregate_load,96,43,itransformer,39124.97137137354
2014-08-02 00:00:00,ecl,aggregate_load,96,43,itransformer,32871.01535596941
2014-08-02 01:00:00,ecl,aggregate_load,96,43,itransformer,31812.641892714648
2014-08-02 02:00:00,ecl,aggregate_load,96,43,itransformer,31155.246252927376
2014-08-02 03:00:00,ecl,aggregate_load,96,43,itransformer,32000.102595549444
2014-08-02 04:00:00,ecl,aggregate_load,96,43,itransformer,29555.210350346388
2014-08-02 05:00:00,ecl,aggregate_load,96,43,itransformer,30074.000760174826
2014-08-02 06:00:00,ecl,aggregate_load,96,43,itransformer,31128.760244816003
2014-08-02 07:00:00,ecl,aggregate_load,96,43,itransformer,29094.372875254532
2014-08-02 08:00:00,ecl,aggregate_load,96,43,itransformer,29381.635561560994
2014-08-02 09:00:00,ecl,aggregate_load,96,43,itransformer,33675.600193154845
2014-08-02 10:00:00,ecl,aggregate_load,96,43,itransformer,41857.05774724173
2014-08-02 11:00:00,ecl,aggregate_load,96,43,itransformer,36898.26274595687
2014-08-02 12:00:00,ecl,aggregate_load,96,43,itransformer,38568.09368614954
2014-08-02 13:00:00,ecl,aggregate_load,96,43,itransformer,39096.19992674448
2014-08-02 14:00:00,ecl,aggregate_load,96,43,itransformer,41826.66245779493
2014-08-02 15:00:00,ecl,aggregate_load,96,43,itransformer,40925.21298636118
2014-08-02 16:00:00,ecl,aggregate_load,96,43,itransformer,39412.98909774213
2014-08-02 17:00:00,ecl,aggregate_load,96,43,itransformer,41601.01979767419
2014-08-02 18:00:00,ecl,aggregate_load,96,43,itransformer,44728.615907611624
2014-08-02 19:00:00,ecl,aggregate_load,96,43,itransformer,45163.55822094736
2014-08-02 20:00:00,ecl,aggregate_load,96,43,itransformer,43869.83695527946
2014-08-02 21:00:00,ecl,aggregate_load,96,43,itransformer,45586.41870731256
2014-08-02 22:00:00,ecl,aggregate_load,96,43,itransformer,45163.22807707061
2014-08-02 23:00:00,ecl,aggregate_load,96,43,itransformer,44645.29461805528
2014-08-03 00:00:00,ecl,aggregate_load,96,43,itransformer,43571.98796479847
2014-08-03 01:00:00,ecl,aggregate_load,96,43,itransformer,42074.53076705566
2014-08-03 02:00:00,ecl,aggregate_load,96,43,itransformer,41256.71430656442
2014-08-03 03:00:00,ecl,aggregate_load,96,43,itransformer,43447.293699716916
2014-08-03 04:00:00,ecl,aggregate_load,96,43,itransformer,40639.9074250535
2014-08-03 05:00:00,ecl,aggregate_load,96,43,itransformer,40245.7458952565
2014-08-03 06:00:00,ecl,aggregate_load,96,43,itransformer,39325.16997628736
2014-08-03 07:00:00,ecl,aggregate_load,96,43,itransformer,40646.324808762445
2014-08-03 08:00:00,ecl,aggregate_load,96,43,itransformer,42173.40453290434
2014-08-03 09:00:00,ecl,aggregate_load,96,43,itransformer,43906.94250733018
2014-08-03 10:00:00,ecl,aggregate_load,96,43,itransformer,43195.397293611604
2014-08-03 11:00:00,ecl,aggregate_load,96,43,itransformer,45425.247124631984
2014-08-03 12:00:00,ecl,aggregate_load,96,43,itransformer,45283.61383016044
2014-08-03 13:00:00,ecl,aggregate_load,96,43,itransformer,47514.256672095835
2014-08-03 14:00:00,ecl,aggregate_load,96,43,itransformer,47926.86860443731
2014-08-03 15:00:00,ecl,aggregate_load,96,43,itransformer,47465.83726807476
2014-08-03 16:00:00,ecl,aggregate_load,96,43,itransformer,47942.480531917165
2014-08-03 17:00:00,ecl,aggregate_load,96,43,itransformer,50565.09103957927
2014-08-03 18:00:00,ecl,aggregate_load,96,43,itransformer,52369.70336138102
2014-08-03 19:00:00,ecl,aggregate_load,96,43,itransformer,55874.147488094575
2014-08-03 20:00:00,ecl,aggregate_load,96,43,itransformer,60140.266533311165
2014-08-03 21:00:00,ecl,aggregate_load,96,43,itransformer,64125.13756865674
2014-08-03 22:00:00,ecl,aggregate_load,96,43,itransformer,68404.79285808909
2014-08-03 23:00:00,ecl,aggregate_load,96,43,itransformer,69361.44248343637
2014-08-04 00:00:00,ecl,aggregate_load,96,43,itransformer,63500.38242458323
2014-08-04 01:00:00,ecl,aggregate_load,96,43,itransformer,60646.45737291308
2014-08-04 02:00:00,ecl,aggregate_load,96,43,itransformer,59548.965056321154
2014-08-04 03:00:00,ecl,aggregate_load,96,43,itransformer,62273.681169563126
2014-08-04 04:00:00,ecl,aggregate_load,96,43,itransformer,59876.111958223635
2014-08-04 05:00:00,ecl,aggregate_load,96,43,itransformer,60434.71839044768
2014-08-04 06:00:00,ecl,aggregate_load,96,43,itransformer,61236.769109553214
2014-08-04 07:00:00,ecl,aggregate_load,96,43,itransformer,61481.33831207085
2014-08-04 08:00:00,ecl,aggregate_load,96,43,itransformer,69406.20405764335
2014-08-04 09:00:00,ecl,aggregate_load,96,43,itransformer,72344.81546370231
2014-08-04 10:00:00,ecl,aggregate_load,96,43,itransformer,80024.12694411537
2014-08-04 11:00:00,ecl,aggregate_load,96,43,itransformer,81104.68433977604
2014-08-04 12:00:00,ecl,aggregate_load,96,43,itransformer,81550.42696307781
2014-08-04 13:00:00,ecl,aggregate_load,96,43,itransformer,84653.06598117466
2014-08-04 14:00:00,ecl,aggregate_load,96,43,itransformer,77061.99551635406
2014-08-04 15:00:00,ecl,aggregate_load,96,43,itransformer,67717.51185548044
2014-08-04 16:00:00,ecl,aggregate_load,96,43,itransformer,60970.57075234275
2014-08-04 17:00:00,ecl,aggregate_load,96,43,itransformer,60114.86058160223
2014-08-04 18:00:00,ecl,aggregate_load,96,43,itransformer,62166.477610773836
2014-08-04 19:00:00,ecl,aggregate_load,96,43,itransformer,69559.24313572032
2014-08-04 20:00:00,ecl,aggregate_load,96,43,itransformer,72953.44272805126
2014-08-04 21:00:00,ecl,aggregate_load,96,43,itransformer,79901.28651497666
2014-08-04 22:00:00,ecl,aggregate_load,96,43,itransformer,86417.39125607134
2014-08-04 23:00:00,ecl,aggregate_load,96,43,itransformer,86248.54440317863
2014-08-05 00:00:00,ecl,aggregate_load,96,43,itransformer,81045.40226927711
2014-08-05 01:00:00,ecl,aggregate_load,96,43,itransformer,78572.7726685999
2014-08-05 02:00:00,ecl,aggregate_load,96,43,itransformer,78101.59102651452
2014-08-05 03:00:00,ecl,aggregate_load,96,43,itransformer,77812.90721919981
2014-08-05 04:00:00,ecl,aggregate_load,96,43,itransformer,74890.49025816166
2014-08-05 05:00:00,ecl,aggregate_load,96,43,itransformer,73375.34669119371
2014-08-05 06:00:00,ecl,aggregate_load,96,43,itransformer,72937.18405804587
2014-08-05 07:00:00,ecl,aggregate_load,96,43,itransformer,73032.51409356794
2014-08-05 08:00:00,ecl,aggregate_load,96,43,itransformer,77967.56785088226
2014-08-05 09:00:00,ecl,aggregate_load,96,43,itransformer,82562.91563386405
2014-08-05 10:00:00,ecl,aggregate_load,96,43,itransformer,87524.5563605043
2014-08-05 11:00:00,ecl,aggregate_load,96,43,itransformer,82122.79410485247
2014-08-05 12:00:00,ecl,aggregate_load,96,43,itransformer,75687.96716636715
2014-08-05 13:00:00,ecl,aggregate_load,96,43,itransformer,72302.30159396007
2014-08-05 14:00:00,ecl,aggregate_load,96,43,itransformer,63742.302489371
2014-08-05 15:00:00,ecl,aggregate_load,96,43,itransformer,49823.31110462252
2014-08-05 16:00:00,ecl,aggregate_load,96,43,itransformer,43587.55954719705
2014-08-05 17:00:00,ecl,aggregate_load,96,43,itransformer,40790.98921142314
2014-08-05 18:00:00,ecl,aggregate_load,96,43,itransformer,39832.22681214725
2014-08-05 19:00:00,ecl,aggregate_load,96,43,itransformer,37745.7458784542
2014-08-05 20:00:00,ecl,aggregate_load,96,43,itransformer,43356.07871394254
2014-08-05 21:00:00,ecl,aggregate_load,96,43,itransformer,50697.186618236265
2014-08-05 22:00:00,ecl,aggregate_load,96,43,itransformer,51375.85286122346
2014-08-05 23:00:00,ecl,aggregate_load,96,43,itransformer,54769.52497405072
2014-08-06 00:00:00,ecl,aggregate_load,96,43,itransformer,50246.7514521066
2014-08-06 01:00:00,ecl,aggregate_load,96,43,itransformer,46342.94282324463
2014-08-06 02:00:00,ecl,aggregate_load,96,43,itransformer,43309.20817703095
2014-08-06 03:00:00,ecl,aggregate_load,96,43,itransformer,41932.39038214788
2014-08-06 04:00:00,ecl,aggregate_load,96,43,itransformer,38045.58610444901
2014-08-06 05:00:00,ecl,aggregate_load,96,43,itransformer,34226.8171627872
2014-08-06 06:00:00,ecl,aggregate_load,96,43,itransformer,38583.264951658115
2014-08-06 07:00:00,ecl,aggregate_load,96,43,itransformer,40759.163788867976
2014-08-06 08:00:00,ecl,aggregate_load,96,43,itransformer,50762.8638495754
2014-08-06 09:00:00,ecl,aggregate_load,96,43,itransformer,68472.62057806108
2014-08-06 10:00:00,ecl,aggregate_load,96,43,itransformer,65219.12508367429
2014-08-06 11:00:00,ecl,aggregate_load,96,43,itransformer,56279.299711244974
2014-08-06 12:00:00,ecl,aggregate_load,96,43,itransformer,50998.519708741434
2014-08-06 13:00:00,ecl,aggregate_load,96,43,itransformer,46962.54621260918
2014-08-06 14:00:00,ecl,aggregate_load,96,43,itransformer,39727.324114176095
2014-08-06 15:00:00,ecl,aggregate_load,96,43,itransformer,37145.70473004986
2014-08-06 16:00:00,ecl,aggregate_load,96,43,itransformer,39130.56048974269
2014-08-06 17:00:00,ecl,aggregate_load,96,43,itransformer,37933.70181928253
2014-08-06 18:00:00,ecl,aggregate_load,96,43,itransformer,38607.47706585234
2014-08-06 19:00:00,ecl,aggregate_load,96,43,itransformer,39896.445418950745
2014-08-06 20:00:00,ecl,aggregate_load,96,43,itransformer,48913.21238628196
2014-08-06 21:00:00,ecl,aggregate_load,96,43,itransformer,57845.86126424762
2014-08-06 22:00:00,ecl,aggregate_load,96,43,itransformer,58575.8165785753
2014-08-06 23:00:00,ecl,aggregate_load,96,43,itransformer,57448.79031941968
2014-08-07 00:00:00,ecl,aggregate_load,96,43,itransformer,50853.876763079956
2014-08-07 01:00:00,ecl,aggregate_load,96,43,itransformer,45274.271632854674
2014-08-07 02:00:00,ecl,aggregate_load,96,43,itransformer,41633.423677260056
2014-08-07 03:00:00,ecl,aggregate_load,96,43,itransformer,39995.042546519144
2014-08-07 04:00:00,ecl,aggregate_load,96,43,itransformer,34285.58572339315
2014-08-07 05:00:00,ecl,aggregate_load,96,43,itransformer,33312.625179482246
2014-08-07 06:00:00,ecl,aggregate_load,96,43,itransformer,38411.67522691211
2014-08-07 07:00:00,ecl,aggregate_load,96,43,itransformer,37582.60059484811
2014-08-07 08:00:00,ecl,aggregate_load,96,43,itransformer,52259.0715019576
2014-08-07 09:00:00,ecl,aggregate_load,96,43,itransformer,63212.91362642901
2014-08-07 10:00:00,ecl,aggregate_load,96,43,itransformer,49309.93302670063
2014-08-07 11:00:00,ecl,aggregate_load,96,43,itransformer,42217.51473193211
2014-08-07 12:00:00,ecl,aggregate_load,96,43,itransformer,30921.741955633664
2014-08-07 13:00:00,ecl,aggregate_load,96,43,itransformer,27496.08046434038
2014-08-07 14:00:00,ecl,aggregate_load,96,43,itransformer,21991.534177599886
2014-08-07 15:00:00,ecl,aggregate_load,96,43,itransformer,21662.888022017683
2014-08-07 16:00:00,ecl,aggregate_load,96,43,itransformer,20672.583290510993
2014-08-07 17:00:00,ecl,aggregate_load,96,43,itransformer,24209.65150059882
2014-08-07 18:00:00,ecl,aggregate_load,96,43,itransformer,23748.65145356896
2014-08-07 19:00:00,ecl,aggregate_load,96,43,itransformer,21102.90834172383
2014-08-07 20:00:00,ecl,aggregate_load,96,43,itransformer,20459.52460673668
2014-08-07 21:00:00,ecl,aggregate_load,96,43,itransformer,21009.857878630784
2014-08-07 22:00:00,ecl,aggregate_load,96,43,itransformer,22792.385100229367
2014-08-07 23:00:00,ecl,aggregate_load,96,43,itransformer,25033.747059535643
2014-08-08 00:00:00,ecl,aggregate_load,96,43,itransformer,22555.802197007124
2014-08-08 01:00:00,ecl,aggregate_load,96,43,itransformer,22950.51734458093
2014-08-08 02:00:00,ecl,aggregate_load,96,43,itransformer,23534.855501927683
2014-08-08 03:00:00,ecl,aggregate_load,96,43,itransformer,27006.790226166184
2014-08-08 04:00:00,ecl,aggregate_load,96,43,itransformer,26512.61526277654
2014-08-08 05:00:00,ecl,aggregate_load,96,43,itransformer,29642.279927738564
2014-08-08 06:00:00,ecl,aggregate_load,96,43,itransformer,25360.004079014932
2014-08-08 07:00:00,ecl,aggregate_load,96,43,itransformer,25377.38779036682
2014-08-08 08:00:00,ecl,aggregate_load,96,43,itransformer,22316.23315246783
2014-08-08 09:00:00,ecl,aggregate_load,96,43,itransformer,23876.732107005882
2014-08-08 10:00:00,ecl,aggregate_load,96,43,itransformer,25218.17499830519
2014-08-08 11:00:00,ecl,aggregate_load,96,43,itransformer,20614.391695607654
2014-08-08 12:00:00,ecl,aggregate_load,96,43,itransformer,22194.47582266357
2014-08-08 13:00:00,ecl,aggregate_load,96,43,itransformer,21864.965641262508
2014-08-08 14:00:00,ecl,aggregate_load,96,43,itransformer,24425.346642827062
2014-08-08 15:00:00,ecl,aggregate_load,96,43,itransformer,22088.496013156637
2014-08-08 16:00:00,ecl,aggregate_load,96,43,itransformer,24116.477285411518
2014-08-08 17:00:00,ecl,aggregate_load,96,43,itransformer,25599.358608318067
2014-08-08 18:00:00,ecl,aggregate_load,96,43,itransformer,24321.022061274893
2014-08-08 19:00:00,ecl,aggregate_load,96,43,itransformer,23890.09698515519
2014-08-08 20:00:00,ecl,aggregate_load,96,43,itransformer,26518.67413644107
2014-08-08 21:00:00,ecl,aggregate_load,96,43,itransformer,27502.62081933088
2014-08-08 22:00:00,ecl,aggregate_load,96,43,itransformer,31067.17878589038
2014-08-08 23:00:00,ecl,aggregate_load,96,43,itransformer,30729.5545614663
2014-08-09 00:00:00,ecl,aggregate_load,96,43,itransformer,27142.494434110482
2014-08-09 01:00:00,ecl,aggregate_load,96,43,itransformer,26786.406384646834
2014-08-09 02:00:00,ecl,aggregate_load,96,43,itransformer,26413.43915912435
2014-08-09 03:00:00,ecl,aggregate_load,96,43,itransformer,25769.975566608773
2014-08-09 04:00:00,ecl,aggregate_load,96,43,itransformer,27030.082518589392
2014-08-09 05:00:00,ecl,aggregate_load,96,43,itransformer,25952.873288398125
2014-08-09 06:00:00,ecl,aggregate_load,96,43,itransformer,25908.9208639047
2014-08-09 07:00:00,ecl,aggregate_load,96,43,itransformer,25349.329819019793
2014-08-09 08:00:00,ecl,aggregate_load,96,43,itransformer,30282.734592609355
2014-08-09 09:00:00,ecl,aggregate_load,96,43,itransformer,30413.09815383509
2014-08-09 10:00:00,ecl,aggregate_load,96,43,itransformer,27466.428459834675
2014-08-09 11:00:00,ecl,aggregate_load,96,43,itransformer,27193.71615233154
2014-08-09 12:00:00,ecl,aggregate_load,96,43,itransformer,28792.793825695608
2014-08-09 13:00:00,ecl,aggregate_load,96,43,itransformer,28232.019318816467
2014-08-09 14:00:00,ecl,aggregate_load,96,43,itransformer,27582.88972664088
2014-08-09 15:00:00,ecl,aggregate_load,96,43,itransformer,28095.42650627899
2014-08-09 16:00:00,ecl,aggregate_load,96,43,itransformer,29059.699721038367
2014-08-09 17:00:00,ecl,aggregate_load,96,43,itransformer,30971.32445290098
2014-08-09 18:00:00,ecl,aggregate_load,96,43,itransformer,29709.287429377295
2014-08-09 19:00:00,ecl,aggregate_load,96,43,itransformer,29864.256082102347
2014-08-09 20:00:00,ecl,aggregate_load,96,43,itransformer,29407.626286218165
2014-08-09 21:00:00,ecl,aggregate_load,96,43,itransformer,31818.732664636602
2014-08-09 22:00:00,ecl,aggregate_load,96,43,itransformer,30716.05724221852
2014-08-09 23:00:00,ecl,aggregate_load,96,43,itransformer,33184.920195962564
2014-08-10 00:00:00,ecl,aggregate_load,96,43,itransformer,30787.49393547626
2014-08-10 01:00:00,ecl,aggregate_load,96,43,itransformer,29759.63478593405
2014-08-10 02:00:00,ecl,aggregate_load,96,43,itransformer,29326.673928041226
2014-08-10 03:00:00,ecl,aggregate_load,96,43,itransformer,29503.741042576305
2014-08-10 04:00:00,ecl,aggregate_load,96,43,itransformer,28271.612141363905
2014-08-10 05:00:00,ecl,aggregate_load,96,43,itransformer,29120.68714212537
2014-08-10 06:00:00,ecl,aggregate_load,96,43,itransformer,29867.38829166874
2014-08-10 07:00:00,ecl,aggregate_load,96,43,itransformer,30273.75935472001
2014-08-10 08:00:00,ecl,aggregate_load,96,43,itransformer,34747.764894741005
2014-08-10 09:00:00,ecl,aggregate_load,96,43,itransformer,33166.51754835949
2014-08-10 10:00:00,ecl,aggregate_load,96,43,itransformer,32052.70589274802
2014-08-10 11:00:00,ecl,aggregate_load,96,43,itransformer,32194.56881447766
2014-08-10 12:00:00,ecl,aggregate_load,96,43,itransformer,31165.935503928788
2014-08-10 13:00:00,ecl,aggregate_load,96,43,itransformer,31136.225658311683
2014-08-10 14:00:00,ecl,aggregate_load,96,43,itransformer,31499.015062387498
2014-08-10 15:00:00,ecl,aggregate_load,96,43,itransformer,33422.50883173787
2014-08-10 16:00:00,ecl,aggregate_load,96,43,itransformer,34886.684007387434
2014-08-10 17:00:00,ecl,aggregate_load,96,43,itransformer,34955.76269811921
2014-08-10 18:00:00,ecl,aggregate_load,96,43,itransformer,36452.65349770114
2014-08-10 19:00:00,ecl,aggregate_load,96,43,itransformer,34570.59296729995
2014-08-10 20:00:00,ecl,aggregate_load,96,43,itransformer,32945.36104690726
2014-08-10 21:00:00,ecl,aggregate_load,96,43,itransformer,33635.237521575684
2014-08-10 22:00:00,ecl,aggregate_load,96,43,itransformer,32870.99801508869
2014-08-10 23:00:00,ecl,aggregate_load,96,43,itransformer,34057.96656628523
2014-08-11 00:00:00,ecl,aggregate_load,96,43,itransformer,32464.016727994807
2014-08-11 01:00:00,ecl,aggregate_load,96,43,itransformer,31604.53649118294
2014-08-11 02:00:00,ecl,aggregate_load,96,43,itransformer,30739.72543252414
2014-08-11 03:00:00,ecl,aggregate_load,96,43,itransformer,32430.534325109824
2014-08-11 04:00:00,ecl,aggregate_load,96,43,itransformer,30745.3051421321
2014-08-11 05:00:00,ecl,aggregate_load,96,43,itransformer,32745.467428643693
2014-08-11 06:00:00,ecl,aggregate_load,96,43,itransformer,31918.36197140044
2014-08-11 07:00:00,ecl,aggregate_load,96,43,itransformer,31443.533861542062
2014-08-11 08:00:00,ecl,aggregate_load,96,43,itransformer,32179.992786489212
2014-08-11 09:00:00,ecl,aggregate_load,96,43,itransformer,31822.444363075792
2014-08-11 10:00:00,ecl,aggregate_load,96,43,itransformer,31527.09772051667
2014-08-11 11:00:00,ecl,aggregate_load,96,43,itransformer,32479.766011068703
2014-08-11 12:00:00,ecl,aggregate_load,96,43,itransformer,34664.09989551815
2014-08-11 13:00:00,ecl,aggregate_load,96,43,itransformer,34021.647068208425
2014-08-11 14:00:00,ecl,aggregate_load,96,43,itransformer,34071.81480651328
2014-08-11 15:00:00,ecl,aggregate_load,96,43,itransformer,34832.76135508681
2014-08-11 16:00:00,ecl,aggregate_load,96,43,itransformer,36159.29320074322
2014-08-11 17:00:00,ecl,aggregate_load,96,43,itransformer,38222.356662009304
2014-08-11 18:00:00,ecl,aggregate_load,96,43,itransformer,32821.26180590894
2014-08-11 19:00:00,ecl,aggregate_load,96,43,itransformer,31404.11551108114
2014-08-11 20:00:00,ecl,aggregate_load,96,43,itransformer,31877.590513708517
2014-08-11 21:00:00,ecl,aggregate_load,96,43,itransformer,32611.767565264072
2014-08-11 22:00:00,ecl,aggregate_load,96,43,itransformer,32635.724309321307
2014-08-11 23:00:00,ecl,aggregate_load,96,43,itransformer,32237.406061408095
2014-08-12 00:00:00,ecl,aggregate_load,96,43,itransformer,32207.368267891434
2014-08-12 01:00:00,ecl,aggregate_load,96,43,itransformer,31491.470044154034
2014-08-12 02:00:00,ecl,aggregate_load,96,43,itransformer,29716.77353808544
2014-08-12 03:00:00,ecl,aggregate_load,96,43,itransformer,29556.020505902776
2014-08-12 04:00:00,ecl,aggregate_load,96,43,itransformer,29135.14114400207
2014-08-12 05:00:00,ecl,aggregate_load,96,43,itransformer,29413.128039022715
2014-08-12 06:00:00,ecl,aggregate_load,96,43,itransformer,31254.992792868554
2014-08-12 07:00:00,ecl,aggregate_load,96,43,itransformer,31486.230624473556
2014-08-12 08:00:00,ecl,aggregate_load,96,43,itransformer,31655.045384941808
2014-08-12 09:00:00,ecl,aggregate_load,96,43,itransformer,32689.65012699939
2014-08-12 10:00:00,ecl,aggregate_load,96,43,itransformer,34618.847328419775
2014-08-12 11:00:00,ecl,aggregate_load,96,43,itransformer,34243.319387442265
2014-08-12 12:00:00,ecl,aggregate_load,96,43,itransformer,33244.39584135844
2014-08-12 13:00:00,ecl,aggregate_load,96,43,itransformer,31279.9443421982
2014-08-12 14:00:00,ecl,aggregate_load,96,43,itransformer,29014.871252156783
2014-08-12 15:00:00,ecl,aggregate_load,96,43,itransformer,32486.022572466736
2014-08-12 16:00:00,ecl,aggregate_load,96,43,itransformer,40690.831126722005
2014-08-12 17:00:00,ecl,aggregate_load,96,43,itransformer,44670.23430911426
2014-08-12 18:00:00,ecl,aggregate_load,96,43,itransformer,48064.86920809018
2014-08-12 19:00:00,ecl,aggregate_load,96,43,itransformer,44149.04342140971
2014-08-12 20:00:00,ecl,aggregate_load,96,43,itransformer,38716.899816815334
2014-08-12 21:00:00,ecl,aggregate_load,96,43,itransformer,36184.30498112843
2014-08-12 22:00:00,ecl,aggregate_load,96,43,itransformer,36688.2928594258
2014-08-12 23:00:00,ecl,aggregate_load,96,43,itransformer,38154.29295786676
2014-08-13 00:00:00,ecl,aggregate_load,96,43,itransformer,39170.02869547979
2014-08-13 01:00:00,ecl,aggregate_load,96,43,itransformer,41390.44257125086
2014-08-13 02:00:00,ecl,aggregate_load,96,43,itransformer,43330.07530226627
2014-08-13 03:00:00,ecl,aggregate_load,96,43,itransformer,43305.19135105112
2014-08-13 04:00:00,ecl,aggregate_load,96,43,itransformer,50894.56069894676
2014-08-13 05:00:00,ecl,aggregate_load,96,43,itransformer,50574.82124682304
2014-08-13 06:00:00,ecl,aggregate_load,96,43,itransformer,49249.18488917727
2014-08-13 07:00:00,ecl,aggregate_load,96,43,itransformer,42113.19385693549
2014-08-13 08:00:00,ecl,aggregate_load,96,43,itransformer,34512.088652312355
2014-08-13 09:00:00,ecl,aggregate_load,96,43,itransformer,34338.33980114301
2014-08-13 10:00:00,ecl,aggregate_load,96,43,itransformer,36452.47750898877
2014-08-13 11:00:00,ecl,aggregate_load,96,43,itransformer,37078.28721629263
2014-08-13 12:00:00,ecl,aggregate_load,96,43,itransformer,33229.988843090716
2014-08-13 13:00:00,ecl,aggregate_load,96,43,itransformer,32048.687838383456
2014-08-13 14:00:00,ecl,aggregate_load,96,43,itransformer,31867.277138434583
2014-08-13 15:00:00,ecl,aggregate_load,96,43,itransformer,30212.070255456067
2014-08-13 16:00:00,ecl,aggregate_load,96,43,itransformer,29821.411331619678
2014-08-13 17:00:00,ecl,aggregate_load,96,43,itransformer,33072.37566761983
2014-08-13 18:00:00,ecl,aggregate_load,96,43,itransformer,35600.58537239882
2014-08-13 19:00:00,ecl,aggregate_load,96,43,itransformer,35990.65513911837
2014-08-13 20:00:00,ecl,aggregate_load,96,43,itransformer,42036.57324179138
2014-08-13 21:00:00,ecl,aggregate_load,96,43,itransformer,47910.36561193658
2014-08-13 22:00:00,ecl,aggregate_load,96,43,itransformer,48812.60971799479
2014-08-13 23:00:00,ecl,aggregate_load,96,43,itransformer,45364.930543210765
2014-08-14 00:00:00,ecl,aggregate_load,96,43,itransformer,40318.1291312201
2014-08-14 01:00:00,ecl,aggregate_load,96,43,itransformer,36451.69384498702
2014-08-14 02:00:00,ecl,aggregate_load,96,43,itransformer,34258.500314319564
2014-08-14 03:00:00,ecl,aggregate_load,96,43,itransformer,35966.00572027929
2014-08-14 04:00:00,ecl,aggregate_load,96,43,itransformer,32950.605673818405
2014-08-14 05:00:00,ecl,aggregate_load,96,43,itransformer,32791.09678516913
2014-08-14 06:00:00,ecl,aggregate_load,96,43,itransformer,32809.22925904081
2014-08-14 07:00:00,ecl,aggregate_load,96,43,itransformer,35808.073995888466
2014-08-14 08:00:00,ecl,aggregate_load,96,43,itransformer,39961.60890188869
2014-08-14 09:00:00,ecl,aggregate_load,96,43,itransformer,44296.040794456676
2014-08-14 10:00:00,ecl,aggregate_load,96,43,itransformer,49731.633248361286
2014-08-14 11:00:00,ecl,aggregate_load,96,43,itransformer,45896.45988763272
2014-08-14 12:00:00,ecl,aggregate_load,96,43,itransformer,43249.201109937494
2014-08-14 13:00:00,ecl,aggregate_load,96,43,itransformer,40716.926003848006
2014-08-14 14:00:00,ecl,aggregate_load,96,43,itransformer,34033.69010324483
2014-08-14 15:00:00,ecl,aggregate_load,96,43,itransformer,29035.209332836024
2014-08-14 16:00:00,ecl,aggregate_load,96,43,itransformer,27526.366434954867
2014-08-14 17:00:00,ecl,aggregate_load,96,43,itransformer,28295.846280902635
2014-08-14 18:00:00,ecl,aggregate_load,96,43,itransformer,27375.738204992576
2014-08-14 19:00:00,ecl,aggregate_load,96,43,itransformer,26852.27786482334
2014-08-14 20:00:00,ecl,aggregate_load,96,43,itransformer,33041.93941827912
2014-08-14 21:00:00,ecl,aggregate_load,96,43,itransformer,38530.08701453708
2014-08-14 22:00:00,ecl,aggregate_load,96,43,itransformer,42442.361749863885
2014-08-14 23:00:00,ecl,aggregate_load,96,43,itransformer,39128.08714866496
2014-08-15 00:00:00,ecl,aggregate_load,96,43,itransformer,37252.65658624909
2014-08-15 01:00:00,ecl,aggregate_load,96,43,itransformer,33366.27698481435
2014-08-15 02:00:00,ecl,aggregate_load,96,43,itransformer,30354.022432440077
2014-08-15 03:00:00,ecl,aggregate_load,96,43,itransformer,30421.955322228954
2014-08-15 04:00:00,ecl,aggregate_load,96,43,itransformer,28281.823963264556
2014-08-15 05:00:00,ecl,aggregate_load,96,43,itransformer,27465.0683904248
2014-08-15 06:00:00,ecl,aggregate_load,96,43,itransformer,26664.338613384956
2014-08-15 07:00:00,ecl,aggregate_load,96,43,itransformer,26954.98638615308
2014-08-15 08:00:00,ecl,aggregate_load,96,43,itransformer,31023.907613179006
2014-08-15 09:00:00,ecl,aggregate_load,96,43,itransformer,32271.867914210812
2014-08-15 10:00:00,ecl,aggregate_load,96,43,itransformer,38495.826755788825
2014-08-15 11:00:00,ecl,aggregate_load,96,43,itransformer,32445.6136885809
2014-08-15 12:00:00,ecl,aggregate_load,96,43,itransformer,28902.39363005274
2014-08-15 13:00:00,ecl,aggregate_load,96,43,itransformer,28661.795014418825
2014-08-15 14:00:00,ecl,aggregate_load,96,43,itransformer,29184.489107829
2014-08-15 15:00:00,ecl,aggregate_load,96,43,itransformer,28442.400293720664
2014-08-15 16:00:00,ecl,aggregate_load,96,43,itransformer,29805.593197375885
2014-08-15 17:00:00,ecl,aggregate_load,96,43,itransformer,32649.67581106604
2014-08-15 18:00:00,ecl,aggregate_load,96,43,itransformer,32040.729190374495
2014-08-15 19:00:00,ecl,aggregate_load,96,43,itransformer,32248.434683411022
2014-08-15 20:00:00,ecl,aggregate_load,96,43,itransformer,35165.08890871794
2014-08-15 21:00:00,ecl,aggregate_load,96,43,itransformer,35790.7266915677
2014-08-15 22:00:00,ecl,aggregate_load,96,43,itransformer,37525.163655062635
2014-08-15 23:00:00,ecl,aggregate_load,96,43,itransformer,38833.83761247628
2014-08-16 00:00:00,ecl,aggregate_load,96,43,itransformer,37289.705197824114
2014-08-16 01:00:00,ecl,aggregate_load,96,43,itransformer,34529.23131173287
2014-08-16 02:00:00,ecl,aggregate_load,96,43,itransformer,34155.434236402085
2014-08-16 03:00:00,ecl,aggregate_load,96,43,itransformer,35304.374654393694
2014-08-16 04:00:00,ecl,aggregate_load,96,43,itransformer,33641.66979213422
2014-08-16 05:00:00,ecl,aggregate_load,96,43,itransformer,33711.00219908526
2014-08-16 06:00:00,ecl,aggregate_load,96,43,itransformer,32207.882559802412
2014-08-16 07:00:00,ecl,aggregate_load,96,43,itransformer,31092.15482233559
2014-08-16 08:00:00,ecl,aggregate_load,96,43,itransformer,31431.815496550797
2014-08-16 09:00:00,ecl,aggregate_load,96,43,itransformer,30937.557959851303
2014-08-16 10:00:00,ecl,aggregate_load,96,43,itransformer,33474.95062786722
2014-08-16 11:00:00,ecl,aggregate_load,96,43,itransformer,34473.60837281672
2014-08-16 12:00:00,ecl,aggregate_load,96,43,itransformer,33994.07819226499
2014-08-16 13:00:00,ecl,aggregate_load,96,43,itransformer,34737.503770723306
2014-08-16 14:00:00,ecl,aggregate_load,96,43,itransformer,36605.696668944795
2014-08-16 15:00:00,ecl,aggregate_load,96,43,itransformer,35731.1993068645
2014-08-16 16:00:00,ecl,aggregate_load,96,43,itransformer,37134.90537400846
2014-08-16 17:00:00,ecl,aggregate_load,96,43,itransformer,39603.68397426928
2014-08-16 18:00:00,ecl,aggregate_load,96,43,itransformer,39406.30477498821
2014-08-16 19:00:00,ecl,aggregate_load,96,43,itransformer,41646.235914752986
2014-08-16 20:00:00,ecl,aggregate_load,96,43,itransformer,38817.74226218135
2014-08-16 21:00:00,ecl,aggregate_load,96,43,itransformer,39377.06328453188
2014-08-16 22:00:00,ecl,aggregate_load,96,43,itransformer,39743.967435506136
2014-08-16 23:00:00,ecl,aggregate_load,96,43,itransformer,41998.102273395336
2014-08-17 00:00:00,ecl,aggregate_load,96,43,itransformer,39797.61739432916
2014-08-17 01:00:00,ecl,aggregate_load,96,43,itransformer,36221.817508182656
2014-08-17 02:00:00,ecl,aggregate_load,96,43,itransformer,37873.07759577425
2014-08-17 03:00:00,ecl,aggregate_load,96,43,itransformer,37933.1315736092
2014-08-17 04:00:00,ecl,aggregate_load,96,43,itransformer,37768.386366530605
2014-08-17 05:00:00,ecl,aggregate_load,96,43,itransformer,36728.14862046688
2014-08-17 06:00:00,ecl,aggregate_load,96,43,itransformer,36961.54625997262
2014-08-17 07:00:00,ecl,aggregate_load,96,43,itransformer,37297.53124095285
2014-08-17 08:00:00,ecl,aggregate_load,96,43,itransformer,37191.699559086795
2014-08-17 09:00:00,ecl,aggregate_load,96,43,itransformer,38166.01789548676
2014-08-17 10:00:00,ecl,aggregate_load,96,43,itransformer,33615.989089895535
2014-08-17 11:00:00,ecl,aggregate_load,96,43,itransformer,37247.156741318315
2014-08-17 12:00:00,ecl,aggregate_load,96,43,itransformer,45562.13706356449
2014-08-17 13:00:00,ecl,aggregate_load,96,43,itransformer,52494.4670170389
2014-08-17 14:00:00,ecl,aggregate_load,96,43,itransformer,48336.32412424115
2014-08-17 15:00:00,ecl,aggregate_load,96,43,itransformer,44112.45705326927
2014-08-17 16:00:00,ecl,aggregate_load,96,43,itransformer,45414.195813545644
2014-08-17 17:00:00,ecl,aggregate_load,96,43,itransformer,45651.56038938076
2014-08-17 18:00:00,ecl,aggregate_load,96,43,itransformer,39922.12068975108
2014-08-17 19:00:00,ecl,aggregate_load,96,43,itransformer,39783.519344259235
2014-08-17 20:00:00,ecl,aggregate_load,96,43,itransformer,35431.198879501266
2014-08-17 21:00:00,ecl,aggregate_load,96,43,itransformer,31880.904179232766
2014-08-17 22:00:00,ecl,aggregate_load,96,43,itransformer,28280.677229052308
2014-08-17 23:00:00,ecl,aggregate_load,96,43,itransformer,24603.524227521324
2014-08-18 00:00:00,ecl,aggregate_load,96,43,itransformer,25688.564973843382
2014-08-18 01:00:00,ecl,aggregate_load,96,43,itransformer,33167.640493902436
2014-08-18 02:00:00,ecl,aggregate_load,96,43,itransformer,36468.736090898594
2014-08-18 03:00:00,ecl,aggregate_load,96,43,itransformer,38505.95345353005
2014-08-18 04:00:00,ecl,aggregate_load,96,43,itransformer,40756.75987991262
2014-08-18 05:00:00,ecl,aggregate_load,96,43,itransformer,43101.911736463786
2014-08-18 06:00:00,ecl,aggregate_load,96,43,itransformer,38654.004022691275
2014-08-18 07:00:00,ecl,aggregate_load,96,43,itransformer,31815.227969022217
2014-08-18 08:00:00,ecl,aggregate_load,96,43,itransformer,25364.035529476503
2014-08-18 09:00:00,ecl,aggregate_load,96,43,itransformer,25480.752499129372
2014-08-18 10:00:00,ecl,aggregate_load,96,43,itransformer,28621.95698762701
2014-08-18 11:00:00,ecl,aggregate_load,96,43,itransformer,34276.735576890045
2014-08-18 12:00:00,ecl,aggregate_load,96,43,itransformer,37184.46011646742
2014-08-18 13:00:00,ecl,aggregate_load,96,43,itransformer,38348.9639938646
2014-08-18 14:00:00,ecl,aggregate_load,96,43,itransformer,40686.756497885995
2014-08-18 15:00:00,ecl,aggregate_load,96,43,itransformer,45776.8841090155
2014-08-18 16:00:00,ecl,aggregate_load,96,43,itransformer,43713.18897243178
2014-08-18 17:00:00,ecl,aggregate_load,96,43,itransformer,47192.769846429605
2014-08-18 18:00:00,ecl,aggregate_load,96,43,itransformer,45037.71522546549
2014-08-18 19:00:00,ecl,aggregate_load,96,43,itransformer,39619.89911314259
2014-08-18 20:00:00,ecl,aggregate_load,96,43,itransformer,30884.444234960447
2014-08-18 21:00:00,ecl,aggregate_load,96,43,itransformer,26357.95754978978
2014-08-18 22:00:00,ecl,aggregate_load,96,43,itransformer,25531.32393649434
2014-08-18 23:00:00,ecl,aggregate_load,96,43,itransformer,23549.691227302927
2014-08-19 00:00:00,ecl,aggregate_load,96,43,itransformer,28551.134518789622
2014-08-19 01:00:00,ecl,aggregate_load,96,43,itransformer,35345.856980683304
2014-08-19 02:00:00,ecl,aggregate_load,96,43,itransformer,37638.35614615199
2014-08-19 03:00:00,ecl,aggregate_load,96,43,itransformer,40078.10766764396
2014-08-19 04:00:00,ecl,aggregate_load,96,43,itransformer,43795.474756691605
2014-08-19 05:00:00,ecl,aggregate_load,96,43,itransformer,45517.74733086681
2014-08-19 06:00:00,ecl,aggregate_load,96,43,itransformer,39753.30897404921
2014-08-19 07:00:00,ecl,aggregate_load,96,43,itransformer,33595.45043093099
2014-08-19 08:00:00,ecl,aggregate_load,96,43,itransformer,26730.5246396352
2014-08-19 09:00:00,ecl,aggregate_load,96,43,itransformer,21021.79941200646
2014-08-19 10:00:00,ecl,aggregate_load,96,43,itransformer,18383.896760658026
2014-08-19 11:00:00,ecl,aggregate_load,96,43,itransformer,18916.07029412191
2014-08-19 12:00:00,ecl,aggregate_load,96,43,itransformer,19123.5091224025
2014-08-19 13:00:00,ecl,aggregate_load,96,43,itransformer,20691.345631558976
2014-08-19 14:00:00,ecl,aggregate_load,96,43,itransformer,22727.167184548114
2014-08-19 15:00:00,ecl,aggregate_load,96,43,itransformer,21512.977063594222
2014-08-19 16:00:00,ecl,aggregate_load,96,43,itransformer,19354.626354616237
2014-08-19 17:00:00,ecl,aggregate_load,96,43,itransformer,18540.084456029646
2014-08-19 18:00:00,ecl,aggregate_load,96,43,itransformer,20269.888100036656
2014-08-19 19:00:00,ecl,aggregate_load,96,43,itransformer,20715.574215081964
2014-08-19 20:00:00,ecl,aggregate_load,96,43,itransformer,21039.58949271025
2014-08-19 21:00:00,ecl,aggregate_load,96,43,itransformer,21959.168217708193
2014-08-19 22:00:00,ecl,aggregate_load,96,43,itransformer,22031.904187881348
2014-08-19 23:00:00,ecl,aggregate_load,96,43,itransformer,21878.133980472077
2014-08-20 00:00:00,ecl,aggregate_load,96,43,itransformer,19141.135531554773
2014-08-20 01:00:00,ecl,aggregate_load,96,43,itransformer,16957.24909416944
2014-08-20 02:00:00,ecl,aggregate_load,96,43,itransformer,18905.660479962156
2014-08-20 03:00:00,ecl,aggregate_load,96,43,itransformer,21977.617052028654
2014-08-20 04:00:00,ecl,aggregate_load,96,43,itransformer,20424.211422690034
2014-08-20 05:00:00,ecl,aggregate_load,96,43,itransformer,16416.663979023022
2014-08-20 06:00:00,ecl,aggregate_load,96,43,itransformer,17035.142820993136
2014-08-20 07:00:00,ecl,aggregate_load,96,43,itransformer,18073.19903263227
2014-08-20 08:00:00,ecl,aggregate_load,96,43,itransformer,20072.807717100048
2014-08-20 09:00:00,ecl,aggregate_load,96,43,itransformer,18376.4904432998
2014-08-20 10:00:00,ecl,aggregate_load,96,43,itransformer,19250.67698174444
2014-08-20 11:00:00,ecl,aggregate_load,96,43,itransformer,19575.400110369614
2014-08-20 12:00:00,ecl,aggregate_load,96,43,itransformer,19037.675155445748
2014-08-20 13:00:00,ecl,aggregate_load,96,43,itransformer,18208.285853242127
2014-08-20 14:00:00,ecl,aggregate_load,96,43,itransformer,19537.290289532273
2014-08-20 15:00:00,ecl,aggregate_load,96,43,itransformer,18784.87763624668
2014-08-20 16:00:00,ecl,aggregate_load,96,43,itransformer,19838.688984136355
2014-08-20 17:00:00,ecl,aggregate_load,96,43,itransformer,19695.99816477533
2014-08-20 18:00:00,ecl,aggregate_load,96,43,itransformer,22182.12125694797
2014-08-20 19:00:00,ecl,aggregate_load,96,43,itransformer,24085.67213356114
2014-08-20 20:00:00,ecl,aggregate_load,96,43,itransformer,22001.380623797257
2014-08-20 21:00:00,ecl,aggregate_load,96,43,itransformer,21137.233697987398
2014-08-20 22:00:00,ecl,aggregate_load,96,43,itransformer,21211.336643702296
2014-08-20 23:00:00,ecl,aggregate_load,96,43,itransformer,21633.36682221123
2014-08-21 00:00:00,ecl,aggregate_load,96,43,itransformer,22395.700042661887
2014-08-21 01:00:00,ecl,aggregate_load,96,43,itransformer,21901.821660475893
2014-08-21 02:00:00,ecl,aggregate_load,96,43,itransformer,22862.904117182083
2014-08-21 03:00:00,ecl,aggregate_load,96,43,itransformer,26037.008912821748
2014-08-21 04:00:00,ecl,aggregate_load,96,43,itransformer,28617.130019283923
2014-08-21 05:00:00,ecl,aggregate_load,96,43,itransformer,26890.458923497335
2014-08-21 06:00:00,ecl,aggregate_load,96,43,itransformer,22119.551613442378
2014-08-21 07:00:00,ecl,aggregate_load,96,43,itransformer,21954.2908570891
2014-08-21 08:00:00,ecl,aggregate_load,96,43,itransformer,20992.069023415195
2014-08-21 09:00:00,ecl,aggregate_load,96,43,itransformer,21640.217409783443
2014-08-21 10:00:00,ecl,aggregate_load,96,43,itransformer,22288.688946418155
2014-08-21 11:00:00,ecl,aggregate_load,96,43,itransformer,24757.683734517097
2014-08-21 12:00:00,ecl,aggregate_load,96,43,itransformer,24890.767299668998
2014-08-21 13:00:00,ecl,aggregate_load,96,43,itransformer,24040.802317994196
2014-08-21 14:00:00,ecl,aggregate_load,96,43,itransformer,24202.051354377938
2014-08-21 15:00:00,ecl,aggregate_load,96,43,itransformer,25600.300948912725
2014-08-21 16:00:00,ecl,aggregate_load,96,43,itransformer,23698.63800210495
2014-08-21 17:00:00,ecl,aggregate_load,96,43,itransformer,24779.624422771896
2014-08-21 18:00:00,ecl,aggregate_load,96,43,itransformer,24880.12445821911
2014-08-21 19:00:00,ecl,aggregate_load,96,43,itransformer,24324.382154905146
2014-08-21 20:00:00,ecl,aggregate_load,96,43,itransformer,24328.46872703239
2014-08-21 21:00:00,ecl,aggregate_load,96,43,itransformer,23674.06748623466
2014-08-21 22:00:00,ecl,aggregate_load,96,43,itransformer,23743.141020389205
2014-08-21 23:00:00,ecl,aggregate_load,96,43,itransformer,24281.489209516178
2014-08-22 00:00:00,ecl,aggregate_load,96,43,itransformer,22619.792044569866
2014-08-22 01:00:00,ecl,aggregate_load,96,43,itransformer,24349.398624790312
2014-08-22 02:00:00,ecl,aggregate_load,96,43,itransformer,25317.440189742396
2014-08-22 03:00:00,ecl,aggregate_load,96,43,itransformer,25513.24379806458
2014-08-22 04:00:00,ecl,aggregate_load,96,43,itransformer,26398.313239210158
2014-08-22 05:00:00,ecl,aggregate_load,96,43,itransformer,25711.929884527606
2014-08-22 06:00:00,ecl,aggregate_load,96,43,itransformer,25065.28289748318
2014-08-22 07:00:00,ecl,aggregate_load,96,43,itransformer,24720.04029800471
2014-08-22 08:00:00,ecl,aggregate_load,96,43,itransformer,25161.07405414889
2014-08-22 09:00:00,ecl,aggregate_load,96,43,itransformer,27216.753349299906
2014-08-22 10:00:00,ecl,aggregate_load,96,43,itransformer,30087.652237940416
2014-08-22 11:00:00,ecl,aggregate_load,96,43,itransformer,33030.396930894734
2014-08-22 12:00:00,ecl,aggregate_load,96,43,itransformer,31273.388949994714
2014-08-22 13:00:00,ecl,aggregate_load,96,43,itransformer,34578.463200724414
2014-08-22 14:00:00,ecl,aggregate_load,96,43,itransformer,34917.258673486576
2014-08-22 15:00:00,ecl,aggregate_load,96,43,itransformer,33595.30063037291
2014-08-22 16:00:00,ecl,aggregate_load,96,43,itransformer,36031.71444149919
2014-08-22 17:00:00,ecl,aggregate_load,96,43,itransformer,39332.08051150007
2014-08-22 18:00:00,ecl,aggregate_load,96,43,itransformer,42153.93400077513
2014-08-22 19:00:00,ecl,aggregate_load,96,43,itransformer,45078.01189319588
2014-08-22 20:00:00,ecl,aggregate_load,96,43,itransformer,48571.57050646638
2014-08-22 21:00:00,ecl,aggregate_load,96,43,itransformer,52211.90311077583
2014-08-22 22:00:00,ecl,aggregate_load,96,43,itransformer,54894.024301747006
2014-08-22 23:00:00,ecl,aggregate_load,96,43,itransformer,53777.32087277782
2014-08-23 00:00:00,ecl,aggregate_load,96,43,itransformer,50058.19922310926
2014-08-23 01:00:00,ecl,aggregate_load,96,43,itransformer,50936.245552169414
2014-08-23 02:00:00,ecl,aggregate_load,96,43,itransformer,51562.341592626886
2014-08-23 03:00:00,ecl,aggregate_load,96,43,itransformer,51310.34524900379
2014-08-23 04:00:00,ecl,aggregate_load,96,43,itransformer,49950.32624307539
2014-08-23 05:00:00,ecl,aggregate_load,96,43,itransformer,49852.44772598634
2014-08-23 06:00:00,ecl,aggregate_load,96,43,itransformer,49223.35812995167
2014-08-23 07:00:00,ecl,aggregate_load,96,43,itransformer,47684.6585576272
2014-08-23 08:00:00,ecl,aggregate_load,96,43,itransformer,50422.55967042894
2014-08-23 09:00:00,ecl,aggregate_load,96,43,itransformer,53528.1105518094
2014-08-23 10:00:00,ecl,aggregate_load,96,43,itransformer,57815.00886795687
2014-08-23 11:00:00,ecl,aggregate_load,96,43,itransformer,58980.81081072302
2014-08-23 12:00:00,ecl,aggregate_load,96,43,itransformer,60223.18799976068
2014-08-23 13:00:00,ecl,aggregate_load,96,43,itransformer,63076.86127729132
2014-08-23 14:00:00,ecl,aggregate_load,96,43,itransformer,63313.84879742635
2014-08-23 15:00:00,ecl,aggregate_load,96,43,itransformer,59227.979833716236
2014-08-23 16:00:00,ecl,aggregate_load,96,43,itransformer,60717.42004034481
2014-08-23 17:00:00,ecl,aggregate_load,96,43,itransformer,63047.27241470162
2014-08-23 18:00:00,ecl,aggregate_load,96,43,itransformer,64348.529663197995
2014-08-23 19:00:00,ecl,aggregate_load,96,43,itransformer,65670.72694205602
2014-08-23 20:00:00,ecl,aggregate_load,96,43,itransformer,72144.19975936193
2014-08-23 21:00:00,ecl,aggregate_load,96,43,itransformer,75461.32962967757
2014-08-23 22:00:00,ecl,aggregate_load,96,43,itransformer,78850.43691378566
2014-08-23 23:00:00,ecl,aggregate_load,96,43,itransformer,77860.54212922227
2014-08-24 00:00:00,ecl,aggregate_load,96,43,itransformer,73787.85553746203
2014-08-24 01:00:00,ecl,aggregate_load,96,43,itransformer,73196.77063134794
2014-08-24 02:00:00,ecl,aggregate_load,96,43,itransformer,72705.30071705299
2014-08-24 03:00:00,ecl,aggregate_load,96,43,itransformer,71450.66948439824
2014-08-24 04:00:00,ecl,aggregate_load,96,43,itransformer,68564.24406871026
2014-08-24 05:00:00,ecl,aggregate_load,96,43,itransformer,69463.3742517012
2014-08-24 06:00:00,ecl,aggregate_load,96,43,itransformer,69031.88534527348
2014-08-24 07:00:00,ecl,aggregate_load,96,43,itransformer,70127.05159360495
2014-08-24 08:00:00,ecl,aggregate_load,96,43,itransformer,74058.18478909641
2014-08-24 09:00:00,ecl,aggregate_load,96,43,itransformer,75672.80261651946
2014-08-24 10:00:00,ecl,aggregate_load,96,43,itransformer,75555.44378909135
2014-08-24 11:00:00,ecl,aggregate_load,96,43,itransformer,74894.65239101335
2014-08-24 12:00:00,ecl,aggregate_load,96,43,itransformer,75779.08521565887
2014-08-24 13:00:00,ecl,aggregate_load,96,43,itransformer,86074.71841326145
2014-08-24 14:00:00,ecl,aggregate_load,96,43,itransformer,89121.98076483952
2014-08-24 15:00:00,ecl,aggregate_load,96,43,itransformer,85401.78291191663
2014-08-24 16:00:00,ecl,aggregate_load,96,43,itransformer,89177.87612819375
2014-08-24 17:00:00,ecl,aggregate_load,96,43,itransformer,89387.28234545096
2014-08-24 18:00:00,ecl,aggregate_load,96,43,itransformer,93818.18967033089
2014-08-24 19:00:00,ecl,aggregate_load,96,43,itransformer,96722.11551654921
2014-08-24 20:00:00,ecl,aggregate_load,96,43,itransformer,98066.21731277037
2014-08-24 21:00:00,ecl,aggregate_load,96,43,itransformer,102006.03869653505
2014-08-24 22:00:00,ecl,aggregate_load,96,43,itransformer,110388.23748177045
2014-08-24 23:00:00,ecl,aggregate_load,96,43,itransformer,109763.75167843812
2014-08-25 00:00:00,ecl,aggregate_load,96,43,itransformer,101601.96233725244
2014-08-25 01:00:00,ecl,aggregate_load,96,43,itransformer,95351.43200161058
2014-08-25 02:00:00,ecl,aggregate_load,96,43,itransformer,100339.41673706222
2014-08-25 03:00:00,ecl,aggregate_load,96,43,itransformer,94956.05410819549
2014-08-25 04:00:00,ecl,aggregate_load,96,43,itransformer,89862.09350000402
2014-08-25 05:00:00,ecl,aggregate_load,96,43,itransformer,92108.68568148992
2014-08-25 06:00:00,ecl,aggregate_load,96,43,itransformer,93760.71720495987
2014-08-25 07:00:00,ecl,aggregate_load,96,43,itransformer,98878.19228497951
2014-08-25 08:00:00,ecl,aggregate_load,96,43,itransformer,108135.75335992106
2014-08-25 09:00:00,ecl,aggregate_load,96,43,itransformer,104441.72694690102
2014-08-25 10:00:00,ecl,aggregate_load,96,43,itransformer,105111.57962204718
2014-08-25 11:00:00,ecl,aggregate_load,96,43,itransformer,87799.21668439062
2014-08-25 12:00:00,ecl,aggregate_load,96,43,itransformer,83269.26614638357
2014-08-25 13:00:00,ecl,aggregate_load,96,43,itransformer,89020.63256524043
2014-08-25 14:00:00,ecl,aggregate_load,96,43,itransformer,90528.33235535522
2014-08-25 15:00:00,ecl,aggregate_load,96,43,itransformer,87023.70673216303
2014-08-25 16:00:00,ecl,aggregate_load,96,43,itransformer,86425.83437116603
2014-08-25 17:00:00,ecl,aggregate_load,96,43,itransformer,83379.40345945263
2014-08-25 18:00:00,ecl,aggregate_load,96,43,itransformer,73113.38983243097
2014-08-25 19:00:00,ecl,aggregate_load,96,43,itransformer,71148.92959443477
2014-08-25 20:00:00,ecl,aggregate_load,96,43,itransformer,72788.03771832038
2014-08-25 21:00:00,ecl,aggregate_load,96,43,itransformer,73726.30680794845
2014-08-25 22:00:00,ecl,aggregate_load,96,43,itransformer,76932.2079685928
2014-08-25 23:00:00,ecl,aggregate_load,96,43,itransformer,75114.15956566362
2014-08-26 00:00:00,ecl,aggregate_load,96,43,itransformer,69077.46632071468
2014-08-26 01:00:00,ecl,aggregate_load,96,43,itransformer,66467.92494924621
2014-08-26 02:00:00,ecl,aggregate_load,96,43,itransformer,64842.452580780315
2014-08-26 03:00:00,ecl,aggregate_load,96,43,itransformer,60987.6147294727
2014-08-26 04:00:00,ecl,aggregate_load,96,43,itransformer,51406.164781866384
2014-08-26 05:00:00,ecl,aggregate_load,96,43,itransformer,49725.21725131866
2014-08-26 06:00:00,ecl,aggregate_load,96,43,itransformer,46449.42795999942
2014-08-26 07:00:00,ecl,aggregate_load,96,43,itransformer,45244.29461508459
2014-08-26 08:00:00,ecl,aggregate_load,96,43,itransformer,56733.2671810665
2014-08-26 09:00:00,ecl,aggregate_load,96,43,itransformer,63975.857216038996
2014-08-26 10:00:00,ecl,aggregate_load,96,43,itransformer,51070.97338795569
2014-08-26 11:00:00,ecl,aggregate_load,96,43,itransformer,31617.126494217242
2014-08-26 12:00:00,ecl,aggregate_load,96,43,itransformer,26100.828836753557
2014-08-26 13:00:00,ecl,aggregate_load,96,43,itransformer,21327.531570857303
2014-08-26 14:00:00,ecl,aggregate_load,96,43,itransformer,22089.377557884047
2014-08-26 15:00:00,ecl,aggregate_load,96,43,itransformer,21195.15282238391
2014-08-26 16:00:00,ecl,aggregate_load,96,43,itransformer,24921.467388309946
2014-08-26 17:00:00,ecl,aggregate_load,96,43,itransformer,33558.088893572836
2014-08-26 18:00:00,ecl,aggregate_load,96,43,itransformer,44943.74867634379
2014-08-26 19:00:00,ecl,aggregate_load,96,43,itransformer,40378.36238302891
2014-08-26 20:00:00,ecl,aggregate_load,96,43,itransformer,32559.840691807854
2014-08-26 21:00:00,ecl,aggregate_load,96,43,itransformer,27138.84503712851
2014-08-26 22:00:00,ecl,aggregate_load,96,43,itransformer,27207.713299780993
2014-08-26 23:00:00,ecl,aggregate_load,96,43,itransformer,26719.00970102521
2014-08-27 00:00:00,ecl,aggregate_load,96,43,itransformer,29547.46975113421
2014-08-27 01:00:00,ecl,aggregate_load,96,43,itransformer,33311.44886620165
2014-08-27 02:00:00,ecl,aggregate_load,96,43,itransformer,35115.81538098375
2014-08-27 03:00:00,ecl,aggregate_load,96,43,itransformer,42837.42846634382
2014-08-27 04:00:00,ecl,aggregate_load,96,43,itransformer,43780.82443384641
2014-08-27 05:00:00,ecl,aggregate_load,96,43,itransformer,51780.53045491406
2014-08-27 06:00:00,ecl,aggregate_load,96,43,itransformer,46348.01496245081
2014-08-27 07:00:00,ecl,aggregate_load,96,43,itransformer,42863.92463641002
2014-08-27 08:00:00,ecl,aggregate_load,96,43,itransformer,25408.024912532244
2014-08-27 09:00:00,ecl,aggregate_load,96,43,itransformer,22724.62235092634
2014-08-27 10:00:00,ecl,aggregate_load,96,43,itransformer,22666.13180834525
2014-08-27 11:00:00,ecl,aggregate_load,96,43,itransformer,27089.30763289572
2014-08-27 12:00:00,ecl,aggregate_load,96,43,itransformer,34686.10888903995
2014-08-27 13:00:00,ecl,aggregate_load,96,43,itransformer,34866.12680477339
2014-08-27 14:00:00,ecl,aggregate_load,96,43,itransformer,37877.55499889532
2014-08-27 15:00:00,ecl,aggregate_load,96,43,itransformer,45694.94872719839
2014-08-27 16:00:00,ecl,aggregate_load,96,43,itransformer,44128.820685619896
2014-08-27 17:00:00,ecl,aggregate_load,96,43,itransformer,43529.49115120616
2014-08-27 18:00:00,ecl,aggregate_load,96,43,itransformer,39581.59300795713
2014-08-27 19:00:00,ecl,aggregate_load,96,43,itransformer,36223.416928186365
2014-08-27 20:00:00,ecl,aggregate_load,96,43,itransformer,25572.879694035626
2014-08-27 21:00:00,ecl,aggregate_load,96,43,itransformer,22766.187036112708
2014-08-27 22:00:00,ecl,aggregate_load,96,43,itransformer,19390.811789718602
2014-08-27 23:00:00,ecl,aggregate_load,96,43,itransformer,18353.076554880987
2014-08-28 00:00:00,ecl,aggregate_load,96,43,itransformer,23859.969370666924
2014-08-28 01:00:00,ecl,aggregate_load,96,43,itransformer,35527.612681864
2014-08-28 02:00:00,ecl,aggregate_load,96,43,itransformer,33358.4727669068
2014-08-28 03:00:00,ecl,aggregate_load,96,43,itransformer,38300.487778721326
2014-08-28 04:00:00,ecl,aggregate_load,96,43,itransformer,44057.21531425326
2014-08-28 05:00:00,ecl,aggregate_load,96,43,itransformer,45469.76793284011
2014-08-28 06:00:00,ecl,aggregate_load,96,43,itransformer,33577.18996196062
2014-08-28 07:00:00,ecl,aggregate_load,96,43,itransformer,23802.518219287467
2014-08-28 08:00:00,ecl,aggregate_load,96,43,itransformer,18712.519831127778
2014-08-28 09:00:00,ecl,aggregate_load,96,43,itransformer,17200.242272193736
2014-08-28 10:00:00,ecl,aggregate_load,96,43,itransformer,19508.765954505074
2014-08-28 11:00:00,ecl,aggregate_load,96,43,itransformer,23623.901969739567
2014-08-28 12:00:00,ecl,aggregate_load,96,43,itransformer,24968.60182424665
2014-08-28 13:00:00,ecl,aggregate_load,96,43,itransformer,24251.938962930155
2014-08-28 14:00:00,ecl,aggregate_load,96,43,itransformer,24000.379328176452
2014-08-28 15:00:00,ecl,aggregate_load,96,43,itransformer,24652.11635706131
2014-08-28 16:00:00,ecl,aggregate_load,96,43,itransformer,26189.23217270702
2014-08-28 17:00:00,ecl,aggregate_load,96,43,itransformer,28254.358834562532
2014-08-28 18:00:00,ecl,aggregate_load,96,43,itransformer,25782.34552235901
2014-08-28 19:00:00,ecl,aggregate_load,96,43,itransformer,25627.094070546053
2014-08-28 20:00:00,ecl,aggregate_load,96,43,itransformer,27182.201057297818
2014-08-28 21:00:00,ecl,aggregate_load,96,43,itransformer,31187.53721272726
2014-08-28 22:00:00,ecl,aggregate_load,96,43,itransformer,32541.96848930596
2014-08-28 23:00:00,ecl,aggregate_load,96,43,itransformer,33176.8033518105
2014-08-29 00:00:00,ecl,aggregate_load,96,43,itransformer,30131.250338692753
2014-08-29 01:00:00,ecl,aggregate_load,96,43,itransformer,28546.68120408311
2014-08-29 02:00:00,ecl,aggregate_load,96,43,itransformer,29206.27170463603
2014-08-29 03:00:00,ecl,aggregate_load,96,43,itransformer,29416.288867941217
2014-08-29 04:00:00,ecl,aggregate_load,96,43,itransformer,29012.6766676577
2014-08-29 05:00:00,ecl,aggregate_load,96,43,itransformer,29002.32837102296
2014-08-29 06:00:00,ecl,aggregate_load,96,43,itransformer,28350.460826627965
2014-08-29 07:00:00,ecl,aggregate_load,96,43,itransformer,29310.749450068874
2014-08-29 08:00:00,ecl,aggregate_load,96,43,itransformer,33317.30562869121
2014-08-29 09:00:00,ecl,aggregate_load,96,43,itransformer,36257.7383414452
2014-08-29 10:00:00,ecl,aggregate_load,96,43,itransformer,42190.72414840329
2014-08-29 11:00:00,ecl,aggregate_load,96,43,itransformer,39890.74455141156
2014-08-29 12:00:00,ecl,aggregate_load,96,43,itransformer,36110.85760337022
2014-08-29 13:00:00,ecl,aggregate_load,96,43,itransformer,40827.113484185
2014-08-29 14:00:00,ecl,aggregate_load,96,43,itransformer,40117.5321055661
2014-08-29 15:00:00,ecl,aggregate_load,96,43,itransformer,39095.6361279794
2014-08-29 16:00:00,ecl,aggregate_load,96,43,itransformer,39350.896813792
2014-08-29 17:00:00,ecl,aggregate_load,96,43,itransformer,36242.98557126008
2014-08-29 18:00:00,ecl,aggregate_load,96,43,itransformer,36500.137191642505
2014-08-29 19:00:00,ecl,aggregate_load,96,43,itransformer,37983.36616754709
2014-08-29 20:00:00,ecl,aggregate_load,96,43,itransformer,39188.02027468681
2014-08-29 21:00:00,ecl,aggregate_load,96,43,itransformer,43244.93273737739
2014-08-29 22:00:00,ecl,aggregate_load,96,43,itransformer,45407.61499457711
2014-08-29 23:00:00,ecl,aggregate_load,96,43,itransformer,44907.78668575368
2014-08-30 00:00:00,ecl,aggregate_load,96,43,itransformer,40576.87669552002
2014-08-30 01:00:00,ecl,aggregate_load,96,43,itransformer,39090.89481515952
2014-08-30 02:00:00,ecl,aggregate_load,96,43,itransformer,39635.94606239243
2014-08-30 03:00:00,ecl,aggregate_load,96,43,itransformer,40230.81863377245
2014-08-30 04:00:00,ecl,aggregate_load,96,43,itransformer,36131.75358227398
2014-08-30 05:00:00,ecl,aggregate_load,96,43,itransformer,34728.26865787626
2014-08-30 06:00:00,ecl,aggregate_load,96,43,itransformer,35115.68946646416
2014-08-30 07:00:00,ecl,aggregate_load,96,43,itransformer,36859.621003687964
2014-08-30 08:00:00,ecl,aggregate_load,96,43,itransformer,42043.27803042075
2014-08-30 09:00:00,ecl,aggregate_load,96,43,itransformer,44753.652032306825
2014-08-30 10:00:00,ecl,aggregate_load,96,43,itransformer,48414.87676519476
2014-08-30 11:00:00,ecl,aggregate_load,96,43,itransformer,41554.66726312448
2014-08-30 12:00:00,ecl,aggregate_load,96,43,itransformer,38882.37404442985
2014-08-30 13:00:00,ecl,aggregate_load,96,43,itransformer,40211.030582537125
2014-08-30 14:00:00,ecl,aggregate_load,96,43,itransformer,39132.51041165811
2014-08-30 15:00:00,ecl,aggregate_load,96,43,itransformer,38360.33738491116
2014-08-30 16:00:00,ecl,aggregate_load,96,43,itransformer,38555.04112628324
2014-08-30 17:00:00,ecl,aggregate_load,96,43,itransformer,37385.68433869732
2014-08-30 18:00:00,ecl,aggregate_load,96,43,itransformer,38083.07133881561
2014-08-30 19:00:00,ecl,aggregate_load,96,43,itransformer,41589.167876061256
2014-08-30 20:00:00,ecl,aggregate_load,96,43,itransformer,40926.16316219044
2014-08-30 21:00:00,ecl,aggregate_load,96,43,itransformer,46935.2208234588
2014-08-30 22:00:00,ecl,aggregate_load,96,43,itransformer,48485.98810577072
2014-08-30 23:00:00,ecl,aggregate_load,96,43,itransformer,46483.05390879376
2014-08-31 00:00:00,ecl,aggregate_load,96,43,itransformer,43495.322786942415
2014-08-31 01:00:00,ecl,aggregate_load,96,43,itransformer,41782.70375586178
2014-08-31 02:00:00,ecl,aggregate_load,96,43,itransformer,41446.24985897291
2014-08-31 03:00:00,ecl,aggregate_load,96,43,itransformer,39763.71266510926
2014-08-31 04:00:00,ecl,aggregate_load,96,43,itransformer,36369.746590449715
2014-08-31 05:00:00,ecl,aggregate_load,96,43,itransformer,34905.99600212456
2014-08-31 06:00:00,ecl,aggregate_load,96,43,itransformer,34133.07551118062
2014-08-31 07:00:00,ecl,aggregate_load,96,43,itransformer,37469.7346365177
2014-08-31 08:00:00,ecl,aggregate_load,96,43,itransformer,43640.41186744582
2014-08-31 09:00:00,ecl,aggregate_load,96,43,itransformer,39713.70675684013
2014-08-31 10:00:00,ecl,aggregate_load,96,43,itransformer,41304.344973576495
2014-08-31 11:00:00,ecl,aggregate_load,96,43,itransformer,36660.987388965244
2014-08-31 12:00:00,ecl,aggregate_load,96,43,itransformer,36071.08862745821
2014-08-31 13:00:00,ecl,aggregate_load,96,43,itransformer,40823.58892003135
2014-08-31 14:00:00,ecl,aggregate_load,96,43,itransformer,40205.65874770516
2014-08-31 15:00:00,ecl,aggregate_load,96,43,itransformer,39864.903370581465
2014-08-31 16:00:00,ecl,aggregate_load,96,43,itransformer,43330.661530916266
2014-08-31 17:00:00,ecl,aggregate_load,96,43,itransformer,43295.995613547675
2014-08-31 18:00:00,ecl,aggregate_load,96,43,itransformer,44710.92805133766
2014-08-31 19:00:00,ecl,aggregate_load,96,43,itransformer,45450.18951121397
2014-08-31 20:00:00,ecl,aggregate_load,96,43,itransformer,39719.73297055365
2014-08-31 21:00:00,ecl,aggregate_load,96,43,itransformer,40631.04071939221
2014-08-31 22:00:00,ecl,aggregate_load,96,43,itransformer,41978.668283310515
2014-08-31 23:00:00,ecl,aggregate_load,96,43,itransformer,39993.826790307634
2014-09-01 00:00:00,ecl,aggregate_load,96,43,itransformer,37747.95002956693
2014-09-01 01:00:00,ecl,aggregate_load,96,43,itransformer,35587.204395680594
2014-09-01 02:00:00,ecl,aggregate_load,96,43,itransformer,36702.236232874966
2014-09-01 03:00:00,ecl,aggregate_load,96,43,itransformer,35042.73142009687
2014-09-01 04:00:00,ecl,aggregate_load,96,43,itransformer,33660.500994696245
2014-09-01 05:00:00,ecl,aggregate_load,96,43,itransformer,32275.384473920116
2014-09-01 06:00:00,ecl,aggregate_load,96,43,itransformer,33001.34047246918
2014-09-01 07:00:00,ecl,aggregate_load,96,43,itransformer,34873.150467137566
2014-09-01 08:00:00,ecl,aggregate_load,96,43,itransformer,34897.364774588896
2014-09-01 09:00:00,ecl,aggregate_load,96,43,itransformer,35416.821614957975
2014-09-01 10:00:00,ecl,aggregate_load,96,43,itransformer,31299.67089459144
2014-09-01 11:00:00,ecl,aggregate_load,96,43,itransformer,23852.625247372776
2014-09-01 12:00:00,ecl,aggregate_load,96,43,itransformer,23195.149901726832
2014-09-01 13:00:00,ecl,aggregate_load,96,43,itransformer,25942.07289773029
2014-09-01 14:00:00,ecl,aggregate_load,96,43,itransformer,31926.650421746348
2014-09-01 15:00:00,ecl,aggregate_load,96,43,itransformer,33244.84667511425
2014-09-01 16:00:00,ecl,aggregate_load,96,43,itransformer,29484.53941693035
2014-09-01 17:00:00,ecl,aggregate_load,96,43,itransformer,30854.485134013958
2014-09-01 18:00:00,ecl,aggregate_load,96,43,itransformer,30164.73397451281
2014-09-01 19:00:00,ecl,aggregate_load,96,43,itransformer,29550.01895691922
2014-09-01 20:00:00,ecl,aggregate_load,96,43,itransformer,27532.32076504287
2014-09-01 21:00:00,ecl,aggregate_load,96,43,itransformer,24642.38984911138
2014-09-01 22:00:00,ecl,aggregate_load,96,43,itransformer,21267.368589937458
2014-09-01 23:00:00,ecl,aggregate_load,96,43,itransformer,22876.730480803224
2014-09-02 00:00:00,ecl,aggregate_load,96,43,itransformer,24046.082275748176
2014-09-02 01:00:00,ecl,aggregate_load,96,43,itransformer,27228.25097741985
2014-09-02 02:00:00,ecl,aggregate_load,96,43,itransformer,27353.042908897336
2014-09-02 03:00:00,ecl,aggregate_load,96,43,itransformer,29917.49374636148
2014-09-02 04:00:00,ecl,aggregate_load,96,43,itransformer,34879.8813877673
2014-09-02 05:00:00,ecl,aggregate_load,96,43,itransformer,37557.649090471234
2014-09-02 06:00:00,ecl,aggregate_load,96,43,itransformer,36201.56464403212
2014-09-02 07:00:00,ecl,aggregate_load,96,43,itransformer,36674.25816329881
2014-09-02 08:00:00,ecl,aggregate_load,96,43,itransformer,27376.058321660847
2014-09-02 09:00:00,ecl,aggregate_load,96,43,itransformer,27017.27100757336
2014-09-02 10:00:00,ecl,aggregate_load,96,43,itransformer,27984.67764100057
2014-09-02 11:00:00,ecl,aggregate_load,96,43,itransformer,31524.43124512746
2014-09-02 12:00:00,ecl,aggregate_load,96,43,itransformer,33458.510413422744
2014-09-02 13:00:00,ecl,aggregate_load,96,43,itransformer,35993.08912336449
2014-09-02 14:00:00,ecl,aggregate_load,96,43,itransformer,33683.394637959456
2014-09-02 15:00:00,ecl,aggregate_load,96,43,itransformer,39445.97450487984
2014-09-02 16:00:00,ecl,aggregate_load,96,43,itransformer,36291.873453679356
2014-09-02 17:00:00,ecl,aggregate_load,96,43,itransformer,33934.57746697805
2014-09-02 18:00:00,ecl,aggregate_load,96,43,itransformer,30738.61615591662
2014-09-02 19:00:00,ecl,aggregate_load,96,43,itransformer,30448.039421975234
2014-09-02 20:00:00,ecl,aggregate_load,96,43,itransformer,30920.357727251347
2014-09-02 21:00:00,ecl,aggregate_load,96,43,itransformer,27297.86969794777
2014-09-02 22:00:00,ecl,aggregate_load,96,43,itransformer,25596.626120083965
2014-09-02 23:00:00,ecl,aggregate_load,96,43,itransformer,24281.649655973102
2014-09-03 00:00:00,ecl,aggregate_load,96,43,itransformer,24452.23443711019
2014-09-03 01:00:00,ecl,aggregate_load,96,43,itransformer,29277.212393117254
2014-09-03 02:00:00,ecl,aggregate_load,96,43,itransformer,31272.986707580767
2014-09-03 03:00:00,ecl,aggregate_load,96,43,itransformer,31839.193189364654
2014-09-03 04:00:00,ecl,aggregate_load,96,43,itransformer,38367.31308932529
2014-09-03 05:00:00,ecl,aggregate_load,96,43,itransformer,40667.701002318216
2014-09-03 06:00:00,ecl,aggregate_load,96,43,itransformer,35081.331893835486
2014-09-03 07:00:00,ecl,aggregate_load,96,43,itransformer,31181.927287568822
2014-09-03 08:00:00,ecl,aggregate_load,96,43,itransformer,30174.201638188057
2014-09-03 09:00:00,ecl,aggregate_load,96,43,itransformer,30415.372223877104
2014-09-03 10:00:00,ecl,aggregate_load,96,43,itransformer,27483.498207055658
2014-09-03 11:00:00,ecl,aggregate_load,96,43,itransformer,25707.424800048964
2014-09-03 12:00:00,ecl,aggregate_load,96,43,itransformer,24088.94612724363
2014-09-03 13:00:00,ecl,aggregate_load,96,43,itransformer,24792.623106459574
2014-09-03 14:00:00,ecl,aggregate_load,96,43,itransformer,25651.160435392376
2014-09-03 15:00:00,ecl,aggregate_load,96,43,itransformer,26645.80776195961
2014-09-03 16:00:00,ecl,aggregate_load,96,43,itransformer,27162.111290586774
2014-09-03 17:00:00,ecl,aggregate_load,96,43,itransformer,25151.169865377607
2014-09-03 18:00:00,ecl,aggregate_load,96,43,itransformer,24130.498559912114
2014-09-03 19:00:00,ecl,aggregate_load,96,43,itransformer,24455.917419147096
2014-09-03 20:00:00,ecl,aggregate_load,96,43,itransformer,24372.813807117505
2014-09-03 21:00:00,ecl,aggregate_load,96,43,itransformer,25436.8289471258
2014-09-03 22:00:00,ecl,aggregate_load,96,43,itransformer,25810.149288718825
2014-09-03 23:00:00,ecl,aggregate_load,96,43,itransformer,29389.4849841257
2014-09-04 00:00:00,ecl,aggregate_load,96,43,itransformer,24033.699938615737
2014-09-04 01:00:00,ecl,aggregate_load,96,43,itransformer,22989.759067697236
2014-09-04 02:00:00,ecl,aggregate_load,96,43,itransformer,26140.852628855948
2014-09-04 03:00:00,ecl,aggregate_load,96,43,itransformer,23928.808657197438
2014-09-04 04:00:00,ecl,aggregate_load,96,43,itransformer,24680.53449084314
2014-09-04 05:00:00,ecl,aggregate_load,96,43,itransformer,25856.580089071173
2014-09-04 06:00:00,ecl,aggregate_load,96,43,itransformer,23636.514553997546
2014-09-04 07:00:00,ecl,aggregate_load,96,43,itransformer,22749.978543775378
2014-09-04 08:00:00,ecl,aggregate_load,96,43,itransformer,25073.844371146104
2014-09-04 09:00:00,ecl,aggregate_load,96,43,itransformer,25865.58383935188
2014-09-04 10:00:00,ecl,aggregate_load,96,43,itransformer,25150.91440700516
2014-09-04 11:00:00,ecl,aggregate_load,96,43,itransformer,25146.08370797716
2014-09-04 12:00:00,ecl,aggregate_load,96,43,itransformer,23656.491869284975
2014-09-04 13:00:00,ecl,aggregate_load,96,43,itransformer,25239.45670708372
2014-09-04 14:00:00,ecl,aggregate_load,96,43,itransformer,25548.556636332552
2014-09-04 15:00:00,ecl,aggregate_load,96,43,itransformer,26078.9071958111
2014-09-04 16:00:00,ecl,aggregate_load,96,43,itransformer,26422.22421597132
2014-09-04 17:00:00,ecl,aggregate_load,96,43,itransformer,25367.039863698814
2014-09-04 18:00:00,ecl,aggregate_load,96,43,itransformer,25711.956020394384
2014-09-04 19:00:00,ecl,aggregate_load,96,43,itransformer,30681.635983683227
2014-09-04 20:00:00,ecl,aggregate_load,96,43,itransformer,33792.79850994474
2014-09-04 21:00:00,ecl,aggregate_load,96,43,itransformer,39860.694849445696
2014-09-04 22:00:00,ecl,aggregate_load,96,43,itransformer,41061.99730758411
2014-09-04 23:00:00,ecl,aggregate_load,96,43,itransformer,42294.182957281686
2014-09-05 00:00:00,ecl,aggregate_load,96,43,itransformer,33996.11360416665
2014-09-05 01:00:00,ecl,aggregate_load,96,43,itransformer,27146.947109208802
2014-09-05 02:00:00,ecl,aggregate_load,96,43,itransformer,26128.947099068162
2014-09-05 03:00:00,ecl,aggregate_load,96,43,itransformer,25924.583497711672
2014-09-05 04:00:00,ecl,aggregate_load,96,43,itransformer,23927.09723071515
2014-09-05 05:00:00,ecl,aggregate_load,96,43,itransformer,25101.112538494242
2014-09-05 06:00:00,ecl,aggregate_load,96,43,itransformer,25163.06820095101
2014-09-05 07:00:00,ecl,aggregate_load,96,43,itransformer,25353.79543671032
2014-09-05 08:00:00,ecl,aggregate_load,96,43,itransformer,33649.41316735736
2014-09-05 09:00:00,ecl,aggregate_load,96,43,itransformer,37773.18228711494
2014-09-05 10:00:00,ecl,aggregate_load,96,43,itransformer,39824.25079332912
2014-09-05 11:00:00,ecl,aggregate_load,96,43,itransformer,36382.31393201785
2014-09-05 12:00:00,ecl,aggregate_load,96,43,itransformer,33200.84863081412
2014-09-05 13:00:00,ecl,aggregate_load,96,43,itransformer,39183.97666807277
2014-09-05 14:00:00,ecl,aggregate_load,96,43,itransformer,39784.60004955515
2014-09-05 15:00:00,ecl,aggregate_load,96,43,itransformer,32474.32908886582
2014-09-05 16:00:00,ecl,aggregate_load,96,43,itransformer,26512.499756175315
2014-09-05 17:00:00,ecl,aggregate_load,96,43,itransformer,25123.773863874492
2014-09-05 18:00:00,ecl,aggregate_load,96,43,itransformer,28744.908683307574
2014-09-05 19:00:00,ecl,aggregate_load,96,43,itransformer,30088.391358996127
2014-09-05 20:00:00,ecl,aggregate_load,96,43,itransformer,27438.60389010118
2014-09-05 21:00:00,ecl,aggregate_load,96,43,itransformer,29954.786730509823
2014-09-05 22:00:00,ecl,aggregate_load,96,43,itransformer,28068.194782221155
2014-09-05 23:00:00,ecl,aggregate_load,96,43,itransformer,28481.857106029533
2014-09-06 00:00:00,ecl,aggregate_load,96,43,itransformer,21234.629968869867
2014-09-06 01:00:00,ecl,aggregate_load,96,43,itransformer,19202.44276421885
2014-09-06 02:00:00,ecl,aggregate_load,96,43,itransformer,20489.485597986164
2014-09-06 03:00:00,ecl,aggregate_load,96,43,itransformer,21149.628413242852
2014-09-06 04:00:00,ecl,aggregate_load,96,43,itransformer,20593.812442108323
2014-09-06 05:00:00,ecl,aggregate_load,96,43,itransformer,20419.520460504373
2014-09-06 06:00:00,ecl,aggregate_load,96,43,itransformer,20493.677092021022
2014-09-06 07:00:00,ecl,aggregate_load,96,43,itransformer,21349.377248757348
2014-09-06 08:00:00,ecl,aggregate_load,96,43,itransformer,24032.560417162967
2014-09-06 09:00:00,ecl,aggregate_load,96,43,itransformer,22312.297246613747
2014-09-06 10:00:00,ecl,aggregate_load,96,43,itransformer,20376.018481004645
2014-09-06 11:00:00,ecl,aggregate_load,96,43,itransformer,20294.585242709596
2014-09-06 12:00:00,ecl,aggregate_load,96,43,itransformer,18646.975701104977
2014-09-06 13:00:00,ecl,aggregate_load,96,43,itransformer,21210.376952990347
2014-09-06 14:00:00,ecl,aggregate_load,96,43,itransformer,23271.04132413121
2014-09-06 15:00:00,ecl,aggregate_load,96,43,itransformer,22573.85138723232
2014-09-06 16:00:00,ecl,aggregate_load,96,43,itransformer,23761.75042096837
2014-09-06 17:00:00,ecl,aggregate_load,96,43,itransformer,25189.839487151836
2014-09-06 18:00:00,ecl,aggregate_load,96,43,itransformer,26443.86313310116
2014-09-06 19:00:00,ecl,aggregate_load,96,43,itransformer,27670.090509877595
2014-09-06 20:00:00,ecl,aggregate_load,96,43,itransformer,25467.126172458356
2014-09-06 21:00:00,ecl,aggregate_load,96,43,itransformer,25462.1085296118
2014-09-06 22:00:00,ecl,aggregate_load,96,43,itransformer,23596.598664164
2014-09-06 23:00:00,ecl,aggregate_load,96,43,itransformer,26270.583259231833
2014-09-07 00:00:00,ecl,aggregate_load,96,43,itransformer,21277.011924147057
2014-09-07 01:00:00,ecl,aggregate_load,96,43,itransformer,20493.39128593574
2014-09-07 02:00:00,ecl,aggregate_load,96,43,itransformer,22076.444547729032
2014-09-07 03:00:00,ecl,aggregate_load,96,43,itransformer,23492.666858612647
2014-09-07 04:00:00,ecl,aggregate_load,96,43,itransformer,23077.33442382299
2014-09-07 05:00:00,ecl,aggregate_load,96,43,itransformer,23342.885952578352
2014-09-07 06:00:00,ecl,aggregate_load,96,43,itransformer,21941.198216703448
2014-09-07 07:00:00,ecl,aggregate_load,96,43,itransformer,20882.522718487147
2014-09-07 08:00:00,ecl,aggregate_load,96,43,itransformer,24054.538970571768
2014-09-07 09:00:00,ecl,aggregate_load,96,43,itransformer,24954.497360728852
2014-09-07 10:00:00,ecl,aggregate_load,96,43,itransformer,24902.46589914746
2014-09-07 11:00:00,ecl,aggregate_load,96,43,itransformer,21852.22838877933
2014-09-07 12:00:00,ecl,aggregate_load,96,43,itransformer,20822.589761863437
2014-09-07 13:00:00,ecl,aggregate_load,96,43,itransformer,22053.151011201815
2014-09-07 14:00:00,ecl,aggregate_load,96,43,itransformer,25467.782395997114
2014-09-07 15:00:00,ecl,aggregate_load,96,43,itransformer,25646.069608088146
2014-09-07 16:00:00,ecl,aggregate_load,96,43,itransformer,24097.879984336978
2014-09-07 17:00:00,ecl,aggregate_load,96,43,itransformer,26169.269403501345
2014-09-07 18:00:00,ecl,aggregate_load,96,43,itransformer,27403.891992694
2014-09-07 19:00:00,ecl,aggregate_load,96,43,itransformer,28627.38018261937
2014-09-07 20:00:00,ecl,aggregate_load,96,43,itransformer,25620.94695569129
2014-09-07 21:00:00,ecl,aggregate_load,96,43,itransformer,25414.63548453819
2014-09-07 22:00:00,ecl,aggregate_load,96,43,itransformer,26535.712404875143
2014-09-07 23:00:00,ecl,aggregate_load,96,43,itransformer,27482.90710350058
2014-09-08 00:00:00,ecl,aggregate_load,96,43,itransformer,23651.948331565723
2014-09-08 01:00:00,ecl,aggregate_load,96,43,itransformer,24404.80328705223
2014-09-08 02:00:00,ecl,aggregate_load,96,43,itransformer,24549.358614154553
2014-09-08 03:00:00,ecl,aggregate_load,96,43,itransformer,26572.46289264617
2014-09-08 04:00:00,ecl,aggregate_load,96,43,itransformer,25364.879910550993
2014-09-08 05:00:00,ecl,aggregate_load,96,43,itransformer,22942.39310080506
2014-09-08 06:00:00,ecl,aggregate_load,96,43,itransformer,23505.25974021833
2014-09-08 07:00:00,ecl,aggregate_load,96,43,itransformer,23614.68611362649
2014-09-08 08:00:00,ecl,aggregate_load,96,43,itransformer,23649.666828043497
2014-09-08 09:00:00,ecl,aggregate_load,96,43,itransformer,24177.335229058208
2014-09-08 10:00:00,ecl,aggregate_load,96,43,itransformer,25226.317736515746
2014-09-08 11:00:00,ecl,aggregate_load,96,43,itransformer,23543.633580096895
2014-09-08 12:00:00,ecl,aggregate_load,96,43,itransformer,22884.299552722456
2014-09-08 13:00:00,ecl,aggregate_load,96,43,itransformer,24014.686628313444
2014-09-08 14:00:00,ecl,aggregate_load,96,43,itransformer,24939.702494866535
2014-09-08 15:00:00,ecl,aggregate_load,96,43,itransformer,26245.225305578922
2014-09-08 16:00:00,ecl,aggregate_load,96,43,itransformer,25632.198265218332
2014-09-08 17:00:00,ecl,aggregate_load,96,43,itransformer,26274.2366989928
2014-09-08 18:00:00,ecl,aggregate_load,96,43,itransformer,24763.444745627658
2014-09-08 19:00:00,ecl,aggregate_load,96,43,itransformer,25566.689894415093
2014-09-08 20:00:00,ecl,aggregate_load,96,43,itransformer,24758.532837908748
2014-09-08 21:00:00,ecl,aggregate_load,96,43,itransformer,24687.11341596341
2014-09-08 22:00:00,ecl,aggregate_load,96,43,itransformer,26119.768002899367
2014-09-08 23:00:00,ecl,aggregate_load,96,43,itransformer,24837.592828037505
2014-09-09 00:00:00,ecl,aggregate_load,96,43,itransformer,24020.814459465724
2014-09-09 01:00:00,ecl,aggregate_load,96,43,itransformer,25252.975039516536
2014-09-09 02:00:00,ecl,aggregate_load,96,43,itransformer,24825.022811394796
2014-09-09 03:00:00,ecl,aggregate_load,96,43,itransformer,25881.41716043859
2014-09-09 04:00:00,ecl,aggregate_load,96,43,itransformer,26012.025046461713
2014-09-09 05:00:00,ecl,aggregate_load,96,43,itransformer,24819.18435303897
2014-09-09 06:00:00,ecl,aggregate_load,96,43,itransformer,23137.099448952667
2014-09-09 07:00:00,ecl,aggregate_load,96,43,itransformer,23185.744850045285
2014-09-09 08:00:00,ecl,aggregate_load,96,43,itransformer,23545.813403759883
2014-09-09 09:00:00,ecl,aggregate_load,96,43,itransformer,24278.5298104643
2014-09-09 10:00:00,ecl,aggregate_load,96,43,itransformer,24170.97896468123
2014-09-09 11:00:00,ecl,aggregate_load,96,43,itransformer,24672.363422133825
2014-09-09 12:00:00,ecl,aggregate_load,96,43,itransformer,23536.22344285158
2014-09-09 13:00:00,ecl,aggregate_load,96,43,itransformer,24941.2598717964
2014-09-09 14:00:00,ecl,aggregate_load,96,43,itransformer,24500.8931696713
2014-09-09 15:00:00,ecl,aggregate_load,96,43,itransformer,24086.13588557363
2014-09-09 16:00:00,ecl,aggregate_load,96,43,itransformer,25482.41870861094
2014-09-09 17:00:00,ecl,aggregate_load,96,43,itransformer,25007.695212399238
2014-09-09 18:00:00,ecl,aggregate_load,96,43,itransformer,24916.998813974875
2014-09-09 19:00:00,ecl,aggregate_load,96,43,itransformer,26280.327324393595
2014-09-09 20:00:00,ecl,aggregate_load,96,43,itransformer,25306.610163474095
2014-09-09 21:00:00,ecl,aggregate_load,96,43,itransformer,26467.585465270637
2014-09-09 22:00:00,ecl,aggregate_load,96,43,itransformer,26615.56457536717
2014-09-09 23:00:00,ecl,aggregate_load,96,43,itransformer,26277.593214503606
2014-09-10 00:00:00,ecl,aggregate_load,96,43,itransformer,25208.162285759045
2014-09-10 01:00:00,ecl,aggregate_load,96,43,itransformer,25872.742085815455
2014-09-10 02:00:00,ecl,aggregate_load,96,43,itransformer,26832.514244285045
2014-09-10 03:00:00,ecl,aggregate_load,96,43,itransformer,26125.553366983902
2014-09-10 04:00:00,ecl,aggregate_load,96,43,itransformer,25879.217855505703
2014-09-10 05:00:00,ecl,aggregate_load,96,43,itransformer,24844.20806474493
2014-09-10 06:00:00,ecl,aggregate_load,96,43,itransformer,23606.279436148994
2014-09-10 07:00:00,ecl,aggregate_load,96,43,itransformer,23079.348456560256
2014-09-10 08:00:00,ecl,aggregate_load,96,43,itransformer,25558.216872461013
2014-09-10 09:00:00,ecl,aggregate_load,96,43,itransformer,25406.31810275053
2014-09-10 10:00:00,ecl,aggregate_load,96,43,itransformer,26441.41380643609
2014-09-10 11:00:00,ecl,aggregate_load,96,43,itransformer,25902.268795279928
2014-09-10 12:00:00,ecl,aggregate_load,96,43,itransformer,23736.399292511574
2014-09-10 13:00:00,ecl,aggregate_load,96,43,itransformer,24959.44389909321
2014-09-10 14:00:00,ecl,aggregate_load,96,43,itransformer,27975.34244527566
2014-09-10 15:00:00,ecl,aggregate_load,96,43,itransformer,28612.8633422904
2014-09-10 16:00:00,ecl,aggregate_load,96,43,itransformer,31119.7842056428
2014-09-10 17:00:00,ecl,aggregate_load,96,43,itransformer,30403.686456541775
2014-09-10 18:00:00,ecl,aggregate_load,96,43,itransformer,32419.553561630502
2014-09-10 19:00:00,ecl,aggregate_load,96,43,itransformer,32174.40361852989
2014-09-10 20:00:00,ecl,aggregate_load,96,43,itransformer,30975.372001831885
2014-09-10 21:00:00,ecl,aggregate_load,96,43,itransformer,30191.464212686697
2014-09-10 22:00:00,ecl,aggregate_load,96,43,itransformer,29328.347524440516
2014-09-10 23:00:00,ecl,aggregate_load,96,43,itransformer,30684.469310139422
2014-09-11 00:00:00,ecl,aggregate_load,96,43,itransformer,28606.82083603169
2014-09-11 01:00:00,ecl,aggregate_load,96,43,itransformer,26187.338459126342
2014-09-11 02:00:00,ecl,aggregate_load,96,43,itransformer,27080.788756491267
2014-09-11 03:00:00,ecl,aggregate_load,96,43,itransformer,28662.983644205397
2014-09-11 04:00:00,ecl,aggregate_load,96,43,itransformer,25864.463532236987
2014-09-11 05:00:00,ecl,aggregate_load,96,43,itransformer,25201.13845828462
2014-09-11 06:00:00,ecl,aggregate_load,96,43,itransformer,26189.42254969501
2014-09-11 07:00:00,ecl,aggregate_load,96,43,itransformer,26533.526719743324
2014-09-11 08:00:00,ecl,aggregate_load,96,43,itransformer,29743.36222415506
2014-09-11 09:00:00,ecl,aggregate_load,96,43,itransformer,36341.044941392596
2014-09-11 10:00:00,ecl,aggregate_load,96,43,itransformer,26413.899254992535
2014-09-11 11:00:00,ecl,aggregate_load,96,43,itransformer,23678.575669160102
2014-09-11 12:00:00,ecl,aggregate_load,96,43,itransformer,24863.54464674648
2014-09-11 13:00:00,ecl,aggregate_load,96,43,itransformer,25252.59704208795
2014-09-11 14:00:00,ecl,aggregate_load,96,43,itransformer,23433.90052145632
2014-09-11 15:00:00,ecl,aggregate_load,96,43,itransformer,22869.146349472427
2014-09-11 16:00:00,ecl,aggregate_load,96,43,itransformer,23272.26497660366
2014-09-11 17:00:00,ecl,aggregate_load,96,43,itransformer,23906.045236366732
2014-09-11 18:00:00,ecl,aggregate_load,96,43,itransformer,24590.172219547647
2014-09-11 19:00:00,ecl,aggregate_load,96,43,itransformer,25631.125876957452
2014-09-11 20:00:00,ecl,aggregate_load,96,43,itransformer,22701.037794668435
2014-09-11 21:00:00,ecl,aggregate_load,96,43,itransformer,21109.18637241854
2014-09-11 22:00:00,ecl,aggregate_load,96,43,itransformer,19006.21183068871
2014-09-11 23:00:00,ecl,aggregate_load,96,43,itransformer,20676.95019017963
2014-09-12 00:00:00,ecl,aggregate_load,96,43,itransformer,19435.302391227076
2014-09-12 01:00:00,ecl,aggregate_load,96,43,itransformer,21840.734662737243
2014-09-12 02:00:00,ecl,aggregate_load,96,43,itransformer,23192.7936485301
2014-09-12 03:00:00,ecl,aggregate_load,96,43,itransformer,22127.161327439968
2014-09-12 04:00:00,ecl,aggregate_load,96,43,itransformer,22616.843118620844
2014-09-12 05:00:00,ecl,aggregate_load,96,43,itransformer,25223.012962909048
2014-09-12 06:00:00,ecl,aggregate_load,96,43,itransformer,23259.267770193095
2014-09-12 07:00:00,ecl,aggregate_load,96,43,itransformer,22032.60216074792
2014-09-12 08:00:00,ecl,aggregate_load,96,43,itransformer,21429.284298499304
2014-09-12 09:00:00,ecl,aggregate_load,96,43,itransformer,20858.799993716548
2014-09-12 10:00:00,ecl,aggregate_load,96,43,itransformer,19902.756134692478
2014-09-12 11:00:00,ecl,aggregate_load,96,43,itransformer,21195.396871378874
2014-09-12 12:00:00,ecl,aggregate_load,96,43,itransformer,19616.436713009563
2014-09-12 13:00:00,ecl,aggregate_load,96,43,itransformer,18924.78486504672
2014-09-12 14:00:00,ecl,aggregate_load,96,43,itransformer,20612.92358162651
2014-09-12 15:00:00,ecl,aggregate_load,96,43,itransformer,23205.14284351083
2014-09-12 16:00:00,ecl,aggregate_load,96,43,itransformer,25769.684621514843
2014-09-12 17:00:00,ecl,aggregate_load,96,43,itransformer,28789.679734735157
2014-09-12 18:00:00,ecl,aggregate_load,96,43,itransformer,27021.050547396957
2014-09-12 19:00:00,ecl,aggregate_load,96,43,itransformer,23925.007658715942
2014-09-12 20:00:00,ecl,aggregate_load,96,43,itransformer,23472.506412870152
2014-09-12 21:00:00,ecl,aggregate_load,96,43,itransformer,20748.070203300984
2014-09-12 22:00:00,ecl,aggregate_load,96,43,itransformer,20162.944366101266
2014-09-12 23:00:00,ecl,aggregate_load,96,43,itransformer,20298.024282990114
2014-09-13 00:00:00,ecl,aggregate_load,96,43,itransformer,21562.732623971937
2014-09-13 01:00:00,ecl,aggregate_load,96,43,itransformer,27450.09095489445
2014-09-13 02:00:00,ecl,aggregate_load,96,43,itransformer,28605.962556281378
2014-09-13 03:00:00,ecl,aggregate_load,96,43,itransformer,26277.172640683373
2014-09-13 04:00:00,ecl,aggregate_load,96,43,itransformer,30790.99662640988
2014-09-13 05:00:00,ecl,aggregate_load,96,43,itransformer,33193.77720817061
2014-09-13 06:00:00,ecl,aggregate_load,96,43,itransformer,29044.001447581704
2014-09-13 07:00:00,ecl,aggregate_load,96,43,itransformer,27807.415396348664
2014-09-13 08:00:00,ecl,aggregate_load,96,43,itransformer,25191.200784543733
2014-09-13 09:00:00,ecl,aggregate_load,96,43,itransformer,22326.05104607721
2014-09-13 10:00:00,ecl,aggregate_load,96,43,itransformer,21237.807418208395
2014-09-13 11:00:00,ecl,aggregate_load,96,43,itransformer,23908.03726070355
2014-09-13 12:00:00,ecl,aggregate_load,96,43,itransformer,26574.08364880631
2014-09-13 13:00:00,ecl,aggregate_load,96,43,itransformer,25386.24910749886
2014-09-13 14:00:00,ecl,aggregate_load,96,43,itransformer,25759.917473137382
2014-09-13 15:00:00,ecl,aggregate_load,96,43,itransformer,29405.841100678943
2014-09-13 16:00:00,ecl,aggregate_load,96,43,itransformer,30938.155415176345
2014-09-13 17:00:00,ecl,aggregate_load,96,43,itransformer,30020.51270258173
2014-09-13 18:00:00,ecl,aggregate_load,96,43,itransformer,28677.101002064504
2014-09-13 19:00:00,ecl,aggregate_load,96,43,itransformer,30424.113737540265
2014-09-13 20:00:00,ecl,aggregate_load,96,43,itransformer,29292.480522448273
2014-09-13 21:00:00,ecl,aggregate_load,96,43,itransformer,26164.77205945204
2014-09-13 22:00:00,ecl,aggregate_load,96,43,itransformer,25058.62280830595
2014-09-13 23:00:00,ecl,aggregate_load,96,43,itransformer,25821.246651782592
2014-09-14 00:00:00,ecl,aggregate_load,96,43,itransformer,28706.243435114866
2014-09-14 01:00:00,ecl,aggregate_load,96,43,itransformer,34624.97839951053
2014-09-14 02:00:00,ecl,aggregate_load,96,43,itransformer,32672.485438864416
2014-09-14 03:00:00,ecl,aggregate_load,96,43,itransformer,31921.717992299615
2014-09-14 04:00:00,ecl,aggregate_load,96,43,itransformer,35823.845902142195
2014-09-14 05:00:00,ecl,aggregate_load,96,43,itransformer,40636.36684682621
2014-09-14 06:00:00,ecl,aggregate_load,96,43,itransformer,34154.674643068836
2014-09-14 07:00:00,ecl,aggregate_load,96,43,itransformer,27104.77083082471
2014-09-14 08:00:00,ecl,aggregate_load,96,43,itransformer,27160.3911109372
2014-09-14 09:00:00,ecl,aggregate_load,96,43,itransformer,26171.022800993476
2014-09-14 10:00:00,ecl,aggregate_load,96,43,itransformer,23300.051463940534
2014-09-14 11:00:00,ecl,aggregate_load,96,43,itransformer,25073.653633392383
2014-09-14 12:00:00,ecl,aggregate_load,96,43,itransformer,29892.03644367655
2014-09-14 13:00:00,ecl,aggregate_load,96,43,itransformer,32212.488385205215
2014-09-14 14:00:00,ecl,aggregate_load,96,43,itransformer,30359.23771823251
2014-09-14 15:00:00,ecl,aggregate_load,96,43,itransformer,35112.06993606172
2014-09-14 16:00:00,ecl,aggregate_load,96,43,itransformer,37913.50757716221
2014-09-14 17:00:00,ecl,aggregate_load,96,43,itransformer,38350.05132034862
2014-09-14 18:00:00,ecl,aggregate_load,96,43,itransformer,39217.64586296425
2014-09-14 19:00:00,ecl,aggregate_load,96,43,itransformer,40867.798173710646
2014-09-14 20:00:00,ecl,aggregate_load,96,43,itransformer,37729.36404263237
2014-09-14 21:00:00,ecl,aggregate_load,96,43,itransformer,38619.45593046455
2014-09-14 22:00:00,ecl,aggregate_load,96,43,itransformer,35984.677598356626
2014-09-14 23:00:00,ecl,aggregate_load,96,43,itransformer,37102.872299564035
2014-09-15 00:00:00,ecl,aggregate_load,96,43,itransformer,41920.55536997633
2014-09-15 01:00:00,ecl,aggregate_load,96,43,itransformer,42551.34362375725
2014-09-15 02:00:00,ecl,aggregate_load,96,43,itransformer,45626.43836255069
2014-09-15 03:00:00,ecl,aggregate_load,96,43,itransformer,44986.211573552166
2014-09-15 04:00:00,ecl,aggregate_load,96,43,itransformer,47860.70086863412
2014-09-15 05:00:00,ecl,aggregate_load,96,43,itransformer,51018.333340271354
2014-09-15 06:00:00,ecl,aggregate_load,96,43,itransformer,45466.58601653991
2014-09-15 07:00:00,ecl,aggregate_load,96,43,itransformer,43005.603489161105
2014-09-15 08:00:00,ecl,aggregate_load,96,43,itransformer,40127.696194446355
2014-09-15 09:00:00,ecl,aggregate_load,96,43,itransformer,38522.760888964556
2014-09-15 10:00:00,ecl,aggregate_load,96,43,itransformer,39448.785494062315
2014-09-15 11:00:00,ecl,aggregate_load,96,43,itransformer,43532.092362357056
2014-09-15 12:00:00,ecl,aggregate_load,96,43,itransformer,48592.97014254268
2014-09-15 13:00:00,ecl,aggregate_load,96,43,itransformer,47181.46116391125
2014-09-15 14:00:00,ecl,aggregate_load,96,43,itransformer,46708.94239103864
2014-09-15 15:00:00,ecl,aggregate_load,96,43,itransformer,49226.88697925897
2014-09-15 16:00:00,ecl,aggregate_load,96,43,itransformer,57076.54586456608
2014-09-15 17:00:00,ecl,aggregate_load,96,43,itransformer,52298.84649173622
2014-09-15 18:00:00,ecl,aggregate_load,96,43,itransformer,49530.80546563751
2014-09-15 19:00:00,ecl,aggregate_load,96,43,itransformer,47196.74086208793
2014-09-15 20:00:00,ecl,aggregate_load,96,43,itransformer,42864.64882110762
2014-09-15 21:00:00,ecl,aggregate_load,96,43,itransformer,43774.06127654535
2014-09-15 22:00:00,ecl,aggregate_load,96,43,itransformer,39603.18896479468
2014-09-15 23:00:00,ecl,aggregate_load,96,43,itransformer,38703.46034131938
2014-09-16 00:00:00,ecl,aggregate_load,96,43,itransformer,43762.129136607364
2014-09-16 01:00:00,ecl,aggregate_load,96,43,itransformer,46962.84823048557
2014-09-16 02:00:00,ecl,aggregate_load,96,43,itransformer,49975.2285439522
2014-09-16 03:00:00,ecl,aggregate_load,96,43,itransformer,47583.22282599561
2014-09-16 04:00:00,ecl,aggregate_load,96,43,itransformer,53270.20420640101
2014-09-16 05:00:00,ecl,aggregate_load,96,43,itransformer,57235.829922686156
2014-09-16 06:00:00,ecl,aggregate_load,96,43,itransformer,56818.69351210792
2014-09-16 07:00:00,ecl,aggregate_load,96,43,itransformer,49958.56498269562
2014-09-16 08:00:00,ecl,aggregate_load,96,43,itransformer,44906.42527023336
2014-09-16 09:00:00,ecl,aggregate_load,96,43,itransformer,42970.13779672102
2014-09-16 10:00:00,ecl,aggregate_load,96,43,itransformer,37069.462272723445
2014-09-16 11:00:00,ecl,aggregate_load,96,43,itransformer,38522.84217508938
2014-09-16 12:00:00,ecl,aggregate_load,96,43,itransformer,41089.99626743649
2014-09-16 13:00:00,ecl,aggregate_load,96,43,itransformer,39500.80346712957
2014-09-16 14:00:00,ecl,aggregate_load,96,43,itransformer,38306.78079422156
2014-09-16 15:00:00,ecl,aggregate_load,96,43,itransformer,37937.37487468219
2014-09-16 16:00:00,ecl,aggregate_load,96,43,itransformer,39826.624463354216
2014-09-16 17:00:00,ecl,aggregate_load,96,43,itransformer,39142.357966894546
2014-09-16 18:00:00,ecl,aggregate_load,96,43,itransformer,35842.17443497523
2014-09-16 19:00:00,ecl,aggregate_load,96,43,itransformer,38638.960286504356
2014-09-16 20:00:00,ecl,aggregate_load,96,43,itransformer,36593.12008314154
2014-09-16 21:00:00,ecl,aggregate_load,96,43,itransformer,36035.402188689055
2014-09-16 22:00:00,ecl,aggregate_load,96,43,itransformer,30146.73787010043
2014-09-16 23:00:00,ecl,aggregate_load,96,43,itransformer,30771.252959731355
2014-09-17 00:00:00,ecl,aggregate_load,96,43,itransformer,35335.1815088171
2014-09-17 01:00:00,ecl,aggregate_load,96,43,itransformer,35731.56442446728
2014-09-17 02:00:00,ecl,aggregate_load,96,43,itransformer,35611.61117888121
2014-09-17 03:00:00,ecl,aggregate_load,96,43,itransformer,35005.12546340161
2014-09-17 04:00:00,ecl,aggregate_load,96,43,itransformer,40974.711961967485
2014-09-17 05:00:00,ecl,aggregate_load,96,43,itransformer,42874.91621117925
2014-09-17 06:00:00,ecl,aggregate_load,96,43,itransformer,39480.64434178968
2014-09-17 07:00:00,ecl,aggregate_load,96,43,itransformer,35589.9259145598
2014-09-17 08:00:00,ecl,aggregate_load,96,43,itransformer,31429.425669144985
2014-09-17 09:00:00,ecl,aggregate_load,96,43,itransformer,30910.88674947401
2014-09-17 10:00:00,ecl,aggregate_load,96,43,itransformer,28206.270882088047
2014-09-17 11:00:00,ecl,aggregate_load,96,43,itransformer,37406.66590281918
2014-09-17 12:00:00,ecl,aggregate_load,96,43,itransformer,36932.885263110285
2014-09-17 13:00:00,ecl,aggregate_load,96,43,itransformer,36117.00705735938
2014-09-17 14:00:00,ecl,aggregate_load,96,43,itransformer,36457.93620828633
2014-09-17 15:00:00,ecl,aggregate_load,96,43,itransformer,36502.836473194584
2014-09-17 16:00:00,ecl,aggregate_load,96,43,itransformer,36009.99754238312
2014-09-17 17:00:00,ecl,aggregate_load,96,43,itransformer,35564.42197918061
2014-09-17 18:00:00,ecl,aggregate_load,96,43,itransformer,30053.93687318993
2014-09-17 19:00:00,ecl,aggregate_load,96,43,itransformer,29441.12490306979
2014-09-17 20:00:00,ecl,aggregate_load,96,43,itransformer,25987.626207251684
2014-09-17 21:00:00,ecl,aggregate_load,96,43,itransformer,28342.967313367175
2014-09-17 22:00:00,ecl,aggregate_load,96,43,itransformer,25331.76297105859
2014-09-17 23:00:00,ecl,aggregate_load,96,43,itransformer,23214.98760981756
2014-09-18 00:00:00,ecl,aggregate_load,96,43,itransformer,27671.94686515877
2014-09-18 01:00:00,ecl,aggregate_load,96,43,itransformer,28740.615008898745
2014-09-18 02:00:00,ecl,aggregate_load,96,43,itransformer,28106.666444287635
2014-09-18 03:00:00,ecl,aggregate_load,96,43,itransformer,29685.8578204938
2014-09-18 04:00:00,ecl,aggregate_load,96,43,itransformer,33544.53248340883
2014-09-18 05:00:00,ecl,aggregate_load,96,43,itransformer,35424.097638932835
2014-09-18 06:00:00,ecl,aggregate_load,96,43,itransformer,31252.315306572185
2014-09-18 07:00:00,ecl,aggregate_load,96,43,itransformer,26709.480861153745
2014-09-18 08:00:00,ecl,aggregate_load,96,43,itransformer,26432.168932459084
2014-09-18 09:00:00,ecl,aggregate_load,96,43,itransformer,25072.564455299394
2014-09-18 10:00:00,ecl,aggregate_load,96,43,itransformer,26565.95956135141
2014-09-18 11:00:00,ecl,aggregate_load,96,43,itransformer,25010.608069961396
2014-09-18 12:00:00,ecl,aggregate_load,96,43,itransformer,25200.894581642442
2014-09-18 13:00:00,ecl,aggregate_load,96,43,itransformer,22450.594648090453
2014-09-18 14:00:00,ecl,aggregate_load,96,43,itransformer,23683.006855212618
2014-09-18 15:00:00,ecl,aggregate_load,96,43,itransformer,23265.120053453993
2014-09-18 16:00:00,ecl,aggregate_load,96,43,itransformer,24482.150106384783
2014-09-18 17:00:00,ecl,aggregate_load,96,43,itransformer,25691.602508027572
2014-09-18 18:00:00,ecl,aggregate_load,96,43,itransformer,25827.326026452745
2014-09-18 19:00:00,ecl,aggregate_load,96,43,itransformer,28244.61997789137
2014-09-18 20:00:00,ecl,aggregate_load,96,43,itransformer,25960.003204826833
2014-09-18 21:00:00,ecl,aggregate_load,96,43,itransformer,26085.80630631545
2014-09-18 22:00:00,ecl,aggregate_load,96,43,itransformer,25490.64308895642
2014-09-18 23:00:00,ecl,aggregate_load,96,43,itransformer,26705.874354328884
2014-09-19 00:00:00,ecl,aggregate_load,96,43,itransformer,25286.363150267207
2014-09-19 01:00:00,ecl,aggregate_load,96,43,itransformer,24225.960699120376
2014-09-19 02:00:00,ecl,aggregate_load,96,43,itransformer,25110.69307124915
2014-09-19 03:00:00,ecl,aggregate_load,96,43,itransformer,25254.025583342987
2014-09-19 04:00:00,ecl,aggregate_load,96,43,itransformer,26463.442935009934
2014-09-19 05:00:00,ecl,aggregate_load,96,43,itransformer,25547.217720180113
2014-09-19 06:00:00,ecl,aggregate_load,96,43,itransformer,25373.657226830303
2014-09-19 07:00:00,ecl,aggregate_load,96,43,itransformer,24682.792324017504
2014-09-19 08:00:00,ecl,aggregate_load,96,43,itransformer,25120.842013742757
2014-09-19 09:00:00,ecl,aggregate_load,96,43,itransformer,23762.27811475851
2014-09-19 10:00:00,ecl,aggregate_load,96,43,itransformer,24008.46983065909
2014-09-19 11:00:00,ecl,aggregate_load,96,43,itransformer,25391.371106703034
2014-09-19 12:00:00,ecl,aggregate_load,96,43,itransformer,24153.800988797342
2014-09-19 13:00:00,ecl,aggregate_load,96,43,itransformer,25081.111526278833
2014-09-19 14:00:00,ecl,aggregate_load,96,43,itransformer,26839.431774722023
2014-09-19 15:00:00,ecl,aggregate_load,96,43,itransformer,28195.98684251084
2014-09-19 16:00:00,ecl,aggregate_load,96,43,itransformer,28625.921414596985
2014-09-19 17:00:00,ecl,aggregate_load,96,43,itransformer,29552.40591159039
2014-09-19 18:00:00,ecl,aggregate_load,96,43,itransformer,27039.548159564914
2014-09-19 19:00:00,ecl,aggregate_load,96,43,itransformer,27365.61071239514
2014-09-19 20:00:00,ecl,aggregate_load,96,43,itransformer,27348.190038478788
2014-09-19 21:00:00,ecl,aggregate_load,96,43,itransformer,27669.22973607303
2014-09-19 22:00:00,ecl,aggregate_load,96,43,itransformer,25019.687340719003
2014-09-19 23:00:00,ecl,aggregate_load,96,43,itransformer,24523.464985077022
2014-09-20 00:00:00,ecl,aggregate_load,96,43,itransformer,25698.5656159754
2014-09-20 01:00:00,ecl,aggregate_load,96,43,itransformer,27230.679206840792
2014-09-20 02:00:00,ecl,aggregate_load,96,43,itransformer,24821.173873817927
2014-09-20 03:00:00,ecl,aggregate_load,96,43,itransformer,25639.122713540255
2014-09-20 04:00:00,ecl,aggregate_load,96,43,itransformer,32210.167502200497
2014-09-20 05:00:00,ecl,aggregate_load,96,43,itransformer,28519.69370149171
2014-09-20 06:00:00,ecl,aggregate_load,96,43,itransformer,26676.039432901758
2014-09-20 07:00:00,ecl,aggregate_load,96,43,itransformer,26816.421581893344
2014-09-20 08:00:00,ecl,aggregate_load,96,43,itransformer,24796.09200968803
2014-09-20 09:00:00,ecl,aggregate_load,96,43,itransformer,22724.033359352106
2014-09-20 10:00:00,ecl,aggregate_load,96,43,itransformer,20670.45143564621
2014-09-20 11:00:00,ecl,aggregate_load,96,43,itransformer,25246.315582610794
2014-09-20 12:00:00,ecl,aggregate_load,96,43,itransformer,26067.353988110524
2014-09-20 13:00:00,ecl,aggregate_load,96,43,itransformer,24242.438374187102
2014-09-20 14:00:00,ecl,aggregate_load,96,43,itransformer,25199.547809976804
2014-09-20 15:00:00,ecl,aggregate_load,96,43,itransformer,27409.81038783537
2014-09-20 16:00:00,ecl,aggregate_load,96,43,itransformer,28647.12129388691
2014-09-20 17:00:00,ecl,aggregate_load,96,43,itransformer,31074.76954103816
2014-09-20 18:00:00,ecl,aggregate_load,96,43,itransformer,28261.41016641527
2014-09-20 19:00:00,ecl,aggregate_load,96,43,itransformer,27279.467609110437
2014-09-20 20:00:00,ecl,aggregate_load,96,43,itransformer,28808.26425362041
2014-09-20 21:00:00,ecl,aggregate_load,96,43,itransformer,28427.311067479033
2014-09-20 22:00:00,ecl,aggregate_load,96,43,itransformer,25544.7121296316
2014-09-20 23:00:00,ecl,aggregate_load,96,43,itransformer,23095.60709053268
2014-09-21 00:00:00,ecl,aggregate_load,96,43,itransformer,27818.406353582337
2014-09-21 01:00:00,ecl,aggregate_load,96,43,itransformer,29690.87066592991
2014-09-21 02:00:00,ecl,aggregate_load,96,43,itransformer,27218.587051457518
2014-09-21 03:00:00,ecl,aggregate_load,96,43,itransformer,28163.75559117155
2014-09-21 04:00:00,ecl,aggregate_load,96,43,itransformer,31703.768780746916
2014-09-21 05:00:00,ecl,aggregate_load,96,43,itransformer,34386.85694221656
2014-09-21 06:00:00,ecl,aggregate_load,96,43,itransformer,29348.89348682597
2014-09-21 07:00:00,ecl,aggregate_load,96,43,itransformer,29910.772867352352
2014-09-21 08:00:00,ecl,aggregate_load,96,43,itransformer,25559.990013223436
2014-09-21 09:00:00,ecl,aggregate_load,96,43,itransformer,23247.534550437704
2014-09-21 10:00:00,ecl,aggregate_load,96,43,itransformer,19024.76355753741
2014-09-21 11:00:00,ecl,aggregate_load,96,43,itransformer,24896.148474129728
2014-09-21 12:00:00,ecl,aggregate_load,96,43,itransformer,28612.772271715778
2014-09-21 13:00:00,ecl,aggregate_load,96,43,itransformer,25394.78793068421
2014-09-21 14:00:00,ecl,aggregate_load,96,43,itransformer,24692.751767435257
2014-09-21 15:00:00,ecl,aggregate_load,96,43,itransformer,27474.57216212104
2014-09-21 16:00:00,ecl,aggregate_load,96,43,itransformer,31027.56783925772
2014-09-21 17:00:00,ecl,aggregate_load,96,43,itransformer,32013.076575739706
2014-09-21 18:00:00,ecl,aggregate_load,96,43,itransformer,31493.29557421437
2014-09-21 19:00:00,ecl,aggregate_load,96,43,itransformer,27830.416008539654
2014-09-21 20:00:00,ecl,aggregate_load,96,43,itransformer,28590.047335968597
2014-09-21 21:00:00,ecl,aggregate_load,96,43,itransformer,28955.267736512902
2014-09-21 22:00:00,ecl,aggregate_load,96,43,itransformer,28592.23526614981
2014-09-21 23:00:00,ecl,aggregate_load,96,43,itransformer,19844.993674889778
2014-09-22 00:00:00,ecl,aggregate_load,96,43,itransformer,27735.341092279017
2014-09-22 01:00:00,ecl,aggregate_load,96,43,itransformer,32354.87831752686
2014-09-22 02:00:00,ecl,aggregate_load,96,43,itransformer,27039.733829626522
2014-09-22 03:00:00,ecl,aggregate_load,96,43,itransformer,29164.47202129246
2014-09-22 04:00:00,ecl,aggregate_load,96,43,itransformer,33508.13943514322
2014-09-22 05:00:00,ecl,aggregate_load,96,43,itransformer,34616.48084296213
2014-09-22 06:00:00,ecl,aggregate_load,96,43,itransformer,30403.28164555741
2014-09-22 07:00:00,ecl,aggregate_load,96,43,itransformer,28019.563292670457
2014-09-22 08:00:00,ecl,aggregate_load,96,43,itransformer,28814.658243685408
2014-09-22 09:00:00,ecl,aggregate_load,96,43,itransformer,26049.614716212265
2014-09-22 10:00:00,ecl,aggregate_load,96,43,itransformer,20546.834895085503
2014-09-22 11:00:00,ecl,aggregate_load,96,43,itransformer,23661.699329347437
2014-09-22 12:00:00,ecl,aggregate_load,96,43,itransformer,21886.90587812239
2014-09-22 13:00:00,ecl,aggregate_load,96,43,itransformer,17041.744795468992
2014-09-22 14:00:00,ecl,aggregate_load,96,43,itransformer,16615.740195125938
2014-09-22 15:00:00,ecl,aggregate_load,96,43,itransformer,16603.829911337067
2014-09-22 16:00:00,ecl,aggregate_load,96,43,itransformer,16996.293758051026
2014-09-22 17:00:00,ecl,aggregate_load,96,43,itransformer,17607.089093921386
2014-09-22 18:00:00,ecl,aggregate_load,96,43,itransformer,18585.807391078644
2014-09-22 19:00:00,ecl,aggregate_load,96,43,itransformer,18711.22201482518
2014-09-22 20:00:00,ecl,aggregate_load,96,43,itransformer,17647.092253798473
2014-09-22 21:00:00,ecl,aggregate_load,96,43,itransformer,18815.70427291405
2014-09-22 22:00:00,ecl,aggregate_load,96,43,itransformer,19629.978665572973
2014-09-22 23:00:00,ecl,aggregate_load,96,43,itransformer,17088.913476562757
2014-09-23 00:00:00,ecl,aggregate_load,96,43,itransformer,16385.320951778966
2014-09-23 01:00:00,ecl,aggregate_load,96,43,itransformer,18696.303415897797
2014-09-23 02:00:00,ecl,aggregate_load,96,43,itransformer,18311.77986023469
2014-09-23 03:00:00,ecl,aggregate_load,96,43,itransformer,19725.996159213766
2014-09-23 04:00:00,ecl,aggregate_load,96,43,itransformer,21123.158235273102
2014-09-23 05:00:00,ecl,aggregate_load,96,43,itransformer,20042.78893039627
2014-09-23 06:00:00,ecl,aggregate_load,96,43,itransformer,20479.957135477547
2014-09-23 07:00:00,ecl,aggregate_load,96,43,itransformer,19423.62804967482
2014-09-23 08:00:00,ecl,aggregate_load,96,43,itransformer,18510.78941580642
2014-09-23 09:00:00,ecl,aggregate_load,96,43,itransformer,19439.144128275835
2014-09-23 10:00:00,ecl,aggregate_load,96,43,itransformer,19241.93087771533
2014-09-23 11:00:00,ecl,aggregate_load,96,43,itransformer,18838.356455786346
2014-09-23 12:00:00,ecl,aggregate_load,96,43,itransformer,18981.56181396844
2014-09-23 13:00:00,ecl,aggregate_load,96,43,itransformer,18996.11093553263
2014-09-23 14:00:00,ecl,aggregate_load,96,43,itransformer,19955.659635053165
2014-09-23 15:00:00,ecl,aggregate_load,96,43,itransformer,19950.71771699321
2014-09-23 16:00:00,ecl,aggregate_load,96,43,itransformer,19922.076811684434
2014-09-23 17:00:00,ecl,aggregate_load,96,43,itransformer,20261.24556857067
2014-09-23 18:00:00,ecl,aggregate_load,96,43,itransformer,20754.348494903457
2014-09-23 19:00:00,ecl,aggregate_load,96,43,itransformer,20156.791340669133
2014-09-23 20:00:00,ecl,aggregate_load,96,43,itransformer,21059.566750282556
2014-09-23 21:00:00,ecl,aggregate_load,96,43,itransformer,21501.245362105677
2014-09-23 22:00:00,ecl,aggregate_load,96,43,itransformer,23243.802726774167
2014-09-23 23:00:00,ecl,aggregate_load,96,43,itransformer,21302.43876594768
2014-09-24 00:00:00,ecl,aggregate_load,96,43,itransformer,19376.11427658457
2014-09-24 01:00:00,ecl,aggregate_load,96,43,itransformer,21575.726903383344
2014-09-24 02:00:00,ecl,aggregate_load,96,43,itransformer,21218.232773838725
2014-09-24 03:00:00,ecl,aggregate_load,96,43,itransformer,22805.170920567238
2014-09-24 04:00:00,ecl,aggregate_load,96,43,itransformer,22990.20532186602
2014-09-24 05:00:00,ecl,aggregate_load,96,43,itransformer,21456.56098798994
2014-09-24 06:00:00,ecl,aggregate_load,96,43,itransformer,20953.63403328006
2014-09-24 07:00:00,ecl,aggregate_load,96,43,itransformer,20858.03714178553
2014-09-24 08:00:00,ecl,aggregate_load,96,43,itransformer,21774.654518449202
2014-09-24 09:00:00,ecl,aggregate_load,96,43,itransformer,22536.126651385548
2014-09-24 10:00:00,ecl,aggregate_load,96,43,itransformer,25274.39131154485
2014-09-24 11:00:00,ecl,aggregate_load,96,43,itransformer,22721.567680241522
2014-09-24 12:00:00,ecl,aggregate_load,96,43,itransformer,22624.170801528013
2014-09-24 13:00:00,ecl,aggregate_load,96,43,itransformer,22660.064635772473
2014-09-24 14:00:00,ecl,aggregate_load,96,43,itransformer,23749.490811883214
2014-09-24 15:00:00,ecl,aggregate_load,96,43,itransformer,21984.978979298776
2014-09-24 16:00:00,ecl,aggregate_load,96,43,itransformer,22057.215541448717
2014-09-24 17:00:00,ecl,aggregate_load,96,43,itransformer,21206.254607843613
2014-09-24 18:00:00,ecl,aggregate_load,96,43,itransformer,22025.97638920874
2014-09-24 19:00:00,ecl,aggregate_load,96,43,itransformer,23853.028929848977
2014-09-24 20:00:00,ecl,aggregate_load,96,43,itransformer,22343.87084472035
2014-09-24 21:00:00,ecl,aggregate_load,96,43,itransformer,23577.628615419857
2014-09-24 22:00:00,ecl,aggregate_load,96,43,itransformer,24273.587114554317
2014-09-24 23:00:00,ecl,aggregate_load,96,43,itransformer,24143.46011698245
2014-09-25 00:00:00,ecl,aggregate_load,96,43,itransformer,20871.066784069815
2014-09-25 01:00:00,ecl,aggregate_load,96,43,itransformer,21700.814732337214
2014-09-25 02:00:00,ecl,aggregate_load,96,43,itransformer,21869.8530066114
2014-09-25 03:00:00,ecl,aggregate_load,96,43,itransformer,23290.067304922526
2014-09-25 04:00:00,ecl,aggregate_load,96,43,itransformer,21681.19995242693
2014-09-25 05:00:00,ecl,aggregate_load,96,43,itransformer,20964.55134409902
2014-09-25 06:00:00,ecl,aggregate_load,96,43,itransformer,20677.43323390886
2014-09-25 07:00:00,ecl,aggregate_load,96,43,itransformer,21780.272600398483
2014-09-25 08:00:00,ecl,aggregate_load,96,43,itransformer,23995.440365880688
2014-09-25 09:00:00,ecl,aggregate_load,96,43,itransformer,23538.861850931222
2014-09-25 10:00:00,ecl,aggregate_load,96,43,itransformer,23342.38502192328
2014-09-25 11:00:00,ecl,aggregate_load,96,43,itransformer,22342.959795721905
2014-09-25 12:00:00,ecl,aggregate_load,96,43,itransformer,22016.164665464425
2014-09-25 13:00:00,ecl,aggregate_load,96,43,itransformer,23385.377586013474
2014-09-25 14:00:00,ecl,aggregate_load,96,43,itransformer,24570.125538691133
2014-09-25 15:00:00,ecl,aggregate_load,96,43,itransformer,23340.520749147818
2014-09-25 16:00:00,ecl,aggregate_load,96,43,itransformer,22572.099170257174
2014-09-25 17:00:00,ecl,aggregate_load,96,43,itransformer,23987.82957521915
2014-09-25 18:00:00,ecl,aggregate_load,96,43,itransformer,24042.615529745603
2014-09-25 19:00:00,ecl,aggregate_load,96,43,itransformer,24909.897603687885
2014-09-25 20:00:00,ecl,aggregate_load,96,43,itransformer,23101.03449104709
2014-09-25 21:00:00,ecl,aggregate_load,96,43,itransformer,24383.334568231785
2014-09-25 22:00:00,ecl,aggregate_load,96,43,itransformer,27839.91896837366
2014-09-25 23:00:00,ecl,aggregate_load,96,43,itransformer,26401.258993539504
2014-09-26 00:00:00,ecl,aggregate_load,96,43,itransformer,24800.457738582103
2014-09-26 01:00:00,ecl,aggregate_load,96,43,itransformer,22778.063027235057
2014-09-26 02:00:00,ecl,aggregate_load,96,43,itransformer,21699.623227953645
2014-09-26 03:00:00,ecl,aggregate_load,96,43,itransformer,21939.966743913672
2014-09-26 04:00:00,ecl,aggregate_load,96,43,itransformer,18549.483180224146
2014-09-26 05:00:00,ecl,aggregate_load,96,43,itransformer,18376.270268450564
2014-09-26 06:00:00,ecl,aggregate_load,96,43,itransformer,21285.76205490482
2014-09-26 07:00:00,ecl,aggregate_load,96,43,itransformer,23889.633976474306
2014-09-26 08:00:00,ecl,aggregate_load,96,43,itransformer,24768.860458486586
2014-09-26 09:00:00,ecl,aggregate_load,96,43,itransformer,29643.45029155536
2014-09-26 10:00:00,ecl,aggregate_load,96,43,itransformer,23405.9122309681
2014-09-26 11:00:00,ecl,aggregate_load,96,43,itransformer,20021.400608373035
2014-09-26 12:00:00,ecl,aggregate_load,96,43,itransformer,17456.683809681963
2014-09-26 13:00:00,ecl,aggregate_load,96,43,itransformer,17986.08350800834
2014-09-26 14:00:00,ecl,aggregate_load,96,43,itransformer,18377.912485388322
2014-09-26 15:00:00,ecl,aggregate_load,96,43,itransformer,17492.46473260273
2014-09-26 16:00:00,ecl,aggregate_load,96,43,itransformer,18206.957027003733
2014-09-26 17:00:00,ecl,aggregate_load,96,43,itransformer,18619.5811736403
2014-09-26 18:00:00,ecl,aggregate_load,96,43,itransformer,19504.223925386545
2014-09-26 19:00:00,ecl,aggregate_load,96,43,itransformer,18987.793225699046
2014-09-26 20:00:00,ecl,aggregate_load,96,43,itransformer,18460.497380514837
2014-09-26 21:00:00,ecl,aggregate_load,96,43,itransformer,19652.21066856894
2014-09-26 22:00:00,ecl,aggregate_load,96,43,itransformer,20415.332147254598
2014-09-26 23:00:00,ecl,aggregate_load,96,43,itransformer,17881.2080028945
2014-09-27 00:00:00,ecl,aggregate_load,96,43,itransformer,17257.23169207383
2014-09-27 01:00:00,ecl,aggregate_load,96,43,itransformer,16300.894492932775
2014-09-27 02:00:00,ecl,aggregate_load,96,43,itransformer,15782.814454932684
2014-09-27 03:00:00,ecl,aggregate_load,96,43,itransformer,15837.6714495146
2014-09-27 04:00:00,ecl,aggregate_load,96,43,itransformer,17448.559871072077
2014-09-27 05:00:00,ecl,aggregate_load,96,43,itransformer,19925.39058780748
2014-09-27 06:00:00,ecl,aggregate_load,96,43,itransformer,18397.680569802018
2014-09-27 07:00:00,ecl,aggregate_load,96,43,itransformer,18147.250243769337
2014-09-27 08:00:00,ecl,aggregate_load,96,43,itransformer,18725.6898099806
2014-09-27 09:00:00,ecl,aggregate_load,96,43,itransformer,18718.32786738628
2014-09-27 10:00:00,ecl,aggregate_load,96,43,itransformer,17441.12578262292
2014-09-27 11:00:00,ecl,aggregate_load,96,43,itransformer,16460.458969186846
2014-09-27 12:00:00,ecl,aggregate_load,96,43,itransformer,17742.20650599193
2014-09-27 13:00:00,ecl,aggregate_load,96,43,itransformer,16990.013480781952
2014-09-27 14:00:00,ecl,aggregate_load,96,43,itransformer,18283.619241311877
2014-09-27 15:00:00,ecl,aggregate_load,96,43,itransformer,21187.158477156325
2014-09-27 16:00:00,ecl,aggregate_load,96,43,itransformer,21190.76309941562
2014-09-27 17:00:00,ecl,aggregate_load,96,43,itransformer,21272.617880011592
2014-09-27 18:00:00,ecl,aggregate_load,96,43,itransformer,22157.275742087197
2014-09-27 19:00:00,ecl,aggregate_load,96,43,itransformer,23846.348284401687
2014-09-27 20:00:00,ecl,aggregate_load,96,43,itransformer,24961.896738201613
2014-09-27 21:00:00,ecl,aggregate_load,96,43,itransformer,28181.352623857307
2014-09-27 22:00:00,ecl,aggregate_load,96,43,itransformer,30235.93072448848
2014-09-27 23:00:00,ecl,aggregate_load,96,43,itransformer,27928.824929521146
2014-09-28 00:00:00,ecl,aggregate_load,96,43,itransformer,26537.87200897833
2014-09-28 01:00:00,ecl,aggregate_load,96,43,itransformer,26764.389915181517
2014-09-28 02:00:00,ecl,aggregate_load,96,43,itransformer,25505.132801617514
2014-09-28 03:00:00,ecl,aggregate_load,96,43,itransformer,26875.695180001578
2014-09-28 04:00:00,ecl,aggregate_load,96,43,itransformer,25319.156252509652
2014-09-28 05:00:00,ecl,aggregate_load,96,43,itransformer,26412.130537240166
2014-09-28 06:00:00,ecl,aggregate_load,96,43,itransformer,26101.126879094198
2014-09-28 07:00:00,ecl,aggregate_load,96,43,itransformer,27031.487841326034
2014-09-28 08:00:00,ecl,aggregate_load,96,43,itransformer,28871.989400620747
2014-09-28 09:00:00,ecl,aggregate_load,96,43,itransformer,30482.958620943013
2014-09-28 10:00:00,ecl,aggregate_load,96,43,itransformer,29976.53532964714
2014-09-28 11:00:00,ecl,aggregate_load,96,43,itransformer,27904.417843123472
2014-09-28 12:00:00,ecl,aggregate_load,96,43,itransformer,28227.79471341027
2014-09-28 13:00:00,ecl,aggregate_load,96,43,itransformer,31771.246114314243
2014-09-28 14:00:00,ecl,aggregate_load,96,43,itransformer,33234.94199253967
2014-09-28 15:00:00,ecl,aggregate_load,96,43,itransformer,34106.09243899439
2014-09-28 16:00:00,ecl,aggregate_load,96,43,itransformer,33456.2363485773
2014-09-28 17:00:00,ecl,aggregate_load,96,43,itransformer,36628.720059195264
2014-09-28 18:00:00,ecl,aggregate_load,96,43,itransformer,39903.257221982865
2014-09-28 19:00:00,ecl,aggregate_load,96,43,itransformer,40594.5022963876
2014-09-28 20:00:00,ecl,aggregate_load,96,43,itransformer,41974.80923824548
2014-09-28 21:00:00,ecl,aggregate_load,96,43,itransformer,44364.42582359515
2014-09-28 22:00:00,ecl,aggregate_load,96,43,itransformer,46479.414794908174
2014-09-28 23:00:00,ecl,aggregate_load,96,43,itransformer,43687.0433033925
2014-09-29 00:00:00,ecl,aggregate_load,96,43,itransformer,42016.60699183832
2014-09-29 01:00:00,ecl,aggregate_load,96,43,itransformer,41674.5224121007
2014-09-29 02:00:00,ecl,aggregate_load,96,43,itransformer,42540.882772024495
2014-09-29 03:00:00,ecl,aggregate_load,96,43,itransformer,42902.13270767056
2014-09-29 04:00:00,ecl,aggregate_load,96,43,itransformer,39454.77484912711
2014-09-29 05:00:00,ecl,aggregate_load,96,43,itransformer,37320.15918698235
2014-09-29 06:00:00,ecl,aggregate_load,96,43,itransformer,40583.081946300365
2014-09-29 07:00:00,ecl,aggregate_load,96,43,itransformer,43594.85721522022
2014-09-29 08:00:00,ecl,aggregate_load,96,43,itransformer,44135.11020885466
2014-09-29 09:00:00,ecl,aggregate_load,96,43,itransformer,44883.94068743917
2014-09-29 10:00:00,ecl,aggregate_load,96,43,itransformer,49034.88079951195
2014-09-29 11:00:00,ecl,aggregate_load,96,43,itransformer,47949.52945343512
2014-09-29 12:00:00,ecl,aggregate_load,96,43,itransformer,48519.624094445346
2014-09-29 13:00:00,ecl,aggregate_load,96,43,itransformer,48230.99661137184
2014-09-29 14:00:00,ecl,aggregate_load,96,43,itransformer,47512.61203536758
2014-09-29 15:00:00,ecl,aggregate_load,96,43,itransformer,44657.146194598965
2014-09-29 16:00:00,ecl,aggregate_load,96,43,itransformer,44552.35056110142
2014-09-29 17:00:00,ecl,aggregate_load,96,43,itransformer,45852.86543333371
2014-09-29 18:00:00,ecl,aggregate_load,96,43,itransformer,48061.255113514744
2014-09-29 19:00:00,ecl,aggregate_load,96,43,itransformer,49401.47976994142
2014-09-29 20:00:00,ecl,aggregate_load,96,43,itransformer,52654.38108001506
2014-09-29 21:00:00,ecl,aggregate_load,96,43,itransformer,58120.979470303406
2014-09-29 22:00:00,ecl,aggregate_load,96,43,itransformer,61348.729393455105
2014-09-29 23:00:00,ecl,aggregate_load,96,43,itransformer,62195.800123471905
2014-09-30 00:00:00,ecl,aggregate_load,96,43,itransformer,54246.99254088867
2014-09-30 01:00:00,ecl,aggregate_load,96,43,itransformer,56423.22516634059
2014-09-30 02:00:00,ecl,aggregate_load,96,43,itransformer,54258.1479522615
2014-09-30 03:00:00,ecl,aggregate_load,96,43,itransformer,55029.94048748119
2014-09-30 04:00:00,ecl,aggregate_load,96,43,itransformer,51765.15165770002
2014-09-30 05:00:00,ecl,aggregate_load,96,43,itransformer,50538.0794915832
2014-09-30 06:00:00,ecl,aggregate_load,96,43,itransformer,52003.66115016708
2014-09-30 07:00:00,ecl,aggregate_load,96,43,itransformer,56842.77674744093
2014-09-30 08:00:00,ecl,aggregate_load,96,43,itransformer,57813.305383563325
2014-09-30 09:00:00,ecl,aggregate_load,96,43,itransformer,62032.700906009406
2014-09-30 10:00:00,ecl,aggregate_load,96,43,itransformer,65261.3936990912
2014-09-30 11:00:00,ecl,aggregate_load,96,43,itransformer,63336.32821196935
2014-09-30 12:00:00,ecl,aggregate_load,96,43,itransformer,69097.76497335818
2014-09-30 13:00:00,ecl,aggregate_load,96,43,itransformer,72058.74887215947
2014-09-30 14:00:00,ecl,aggregate_load,96,43,itransformer,72757.45860195206
2014-09-30 15:00:00,ecl,aggregate_load,96,43,itransformer,63436.15237759533
2014-09-30 16:00:00,ecl,aggregate_load,96,43,itransformer,60616.63370631217
2014-09-30 17:00:00,ecl,aggregate_load,96,43,itransformer,63964.9177842148
2014-09-30 18:00:00,ecl,aggregate_load,96,43,itransformer,66055.02019306779
2014-09-30 19:00:00,ecl,aggregate_load,96,43,itransformer,64312.6395990223
2014-09-30 20:00:00,ecl,aggregate_load,96,43,itransformer,66276.5704864295
2014-09-30 21:00:00,ecl,aggregate_load,96,43,itransformer,70039.91094865913
2014-09-30 22:00:00,ecl,aggregate_load,96,43,itransformer,70511.3434889863
2014-09-30 23:00:00,ecl,aggregate_load,96,43,itransformer,70982.67549619707
2014-10-01 00:00:00,ecl,aggregate_load,96,43,itransformer,64366.568177384965
2014-10-01 01:00:00,ecl,aggregate_load,96,43,itransformer,66266.67173339556
2014-10-01 02:00:00,ecl,aggregate_load,96,43,itransformer,63101.22663178683
2014-10-01 03:00:00,ecl,aggregate_load,96,43,itransformer,61809.51175799738
2014-10-01 04:00:00,ecl,aggregate_load,96,43,itransformer,55626.417783225676
2014-10-01 05:00:00,ecl,aggregate_load,96,43,itransformer,54274.29715744024
2014-10-01 06:00:00,ecl,aggregate_load,96,43,itransformer,56340.911813077284
2014-10-01 07:00:00,ecl,aggregate_load,96,43,itransformer,63193.554029934145
2014-10-01 08:00:00,ecl,aggregate_load,96,43,itransformer,61468.73794242119
2014-10-01 09:00:00,ecl,aggregate_load,96,43,itransformer,71334.68002025405
2014-10-01 10:00:00,ecl,aggregate_load,96,43,itransformer,69284.32553652297
2014-10-01 11:00:00,ecl,aggregate_load,96,43,itransformer,65286.424116651935
2014-10-01 12:00:00,ecl,aggregate_load,96,43,itransformer,61808.909772615945
2014-10-01 13:00:00,ecl,aggregate_load,96,43,itransformer,54385.97937606478
2014-10-01 14:00:00,ecl,aggregate_load,96,43,itransformer,44599.662027464474
2014-10-01 15:00:00,ecl,aggregate_load,96,43,itransformer,35254.22885942189
2014-10-01 16:00:00,ecl,aggregate_load,96,43,itransformer,31257.28304322615
2014-10-01 17:00:00,ecl,aggregate_load,96,43,itransformer,33366.62585958105
2014-10-01 18:00:00,ecl,aggregate_load,96,43,itransformer,34017.81897922771
2014-10-01 19:00:00,ecl,aggregate_load,96,43,itransformer,37204.23323119991
2014-10-01 20:00:00,ecl,aggregate_load,96,43,itransformer,39055.372699630796
2014-10-01 21:00:00,ecl,aggregate_load,96,43,itransformer,43372.222539490016
2014-10-01 22:00:00,ecl,aggregate_load,96,43,itransformer,42283.498099221826
2014-10-01 23:00:00,ecl,aggregate_load,96,43,itransformer,45601.74959474581
2014-10-02 00:00:00,ecl,aggregate_load,96,43,itransformer,41129.836056294145
2014-10-02 01:00:00,ecl,aggregate_load,96,43,itransformer,39282.508397818296
2014-10-02 02:00:00,ecl,aggregate_load,96,43,itransformer,38020.382618817785
2014-10-02 03:00:00,ecl,aggregate_load,96,43,itransformer,37079.49950512411
2014-10-02 04:00:00,ecl,aggregate_load,96,43,itransformer,33806.3996401611
2014-10-02 05:00:00,ecl,aggregate_load,96,43,itransformer,33433.53224588694
2014-10-02 06:00:00,ecl,aggregate_load,96,43,itransformer,35573.32667940387
2014-10-02 07:00:00,ecl,aggregate_load,96,43,itransformer,35971.398872156926
2014-10-02 08:00:00,ecl,aggregate_load,96,43,itransformer,38254.664003619524
2014-10-02 09:00:00,ecl,aggregate_load,96,43,itransformer,43197.84492393563
2014-10-02 10:00:00,ecl,aggregate_load,96,43,itransformer,45561.02363795552
2014-10-02 11:00:00,ecl,aggregate_load,96,43,itransformer,35106.7615762507
2014-10-02 12:00:00,ecl,aggregate_load,96,43,itransformer,35266.12412852467
2014-10-02 13:00:00,ecl,aggregate_load,96,43,itransformer,34884.44074233248
2014-10-02 14:00:00,ecl,aggregate_load,96,43,itransformer,36151.855995806916
2014-10-02 15:00:00,ecl,aggregate_load,96,43,itransformer,35793.63332525733
2014-10-02 16:00:00,ecl,aggregate_load,96,43,itransformer,38167.41674401858
2014-10-02 17:00:00,ecl,aggregate_load,96,43,itransformer,42645.420836141224
2014-10-02 18:00:00,ecl,aggregate_load,96,43,itransformer,46046.40199183426
2014-10-02 19:00:00,ecl,aggregate_load,96,43,itransformer,40909.51028481447
2014-10-02 20:00:00,ecl,aggregate_load,96,43,itransformer,40204.75730078025
2014-10-02 21:00:00,ecl,aggregate_load,96,43,itransformer,37417.648069198964
2014-10-02 22:00:00,ecl,aggregate_load,96,43,itransformer,37378.61766117585
2014-10-02 23:00:00,ecl,aggregate_load,96,43,itransformer,38532.7293145192
2014-10-03 00:00:00,ecl,aggregate_load,96,43,itransformer,40713.44434202377
2014-10-03 01:00:00,ecl,aggregate_load,96,43,itransformer,39837.627633563854
2014-10-03 02:00:00,ecl,aggregate_load,96,43,itransformer,40668.431515654614
2014-10-03 03:00:00,ecl,aggregate_load,96,43,itransformer,42120.1232324985
2014-10-03 04:00:00,ecl,aggregate_load,96,43,itransformer,44568.10933367127
2014-10-03 05:00:00,ecl,aggregate_load,96,43,itransformer,47953.75266871017
2014-10-03 06:00:00,ecl,aggregate_load,96,43,itransformer,45958.844018108466
2014-10-03 07:00:00,ecl,aggregate_load,96,43,itransformer,39739.16927642396
2014-10-03 08:00:00,ecl,aggregate_load,96,43,itransformer,38357.62459732747
2014-10-03 09:00:00,ecl,aggregate_load,96,43,itransformer,36820.17490796428
2014-10-03 10:00:00,ecl,aggregate_load,96,43,itransformer,36000.98722352242
2014-10-03 11:00:00,ecl,aggregate_load,96,43,itransformer,40944.05660826763
2014-10-03 12:00:00,ecl,aggregate_load,96,43,itransformer,43040.690961345805
2014-10-03 13:00:00,ecl,aggregate_load,96,43,itransformer,46206.87498861324
2014-10-03 14:00:00,ecl,aggregate_load,96,43,itransformer,53337.63787942535
2014-10-03 15:00:00,ecl,aggregate_load,96,43,itransformer,56244.03962082959
2014-10-03 16:00:00,ecl,aggregate_load,96,43,itransformer,64284.58729214941
2014-10-03 17:00:00,ecl,aggregate_load,96,43,itransformer,61791.058722195354
2014-10-03 18:00:00,ecl,aggregate_load,96,43,itransformer,61465.50129161409
2014-10-03 19:00:00,ecl,aggregate_load,96,43,itransformer,53827.66399610547
2014-10-03 20:00:00,ecl,aggregate_load,96,43,itransformer,48116.77443442563
2014-10-03 21:00:00,ecl,aggregate_load,96,43,itransformer,40531.26630651053
2014-10-03 22:00:00,ecl,aggregate_load,96,43,itransformer,39315.28847505892
2014-10-03 23:00:00,ecl,aggregate_load,96,43,itransformer,37530.45738965453
2014-10-04 00:00:00,ecl,aggregate_load,96,43,itransformer,44115.891463681975
2014-10-04 01:00:00,ecl,aggregate_load,96,43,itransformer,53548.15265425262
2014-10-04 02:00:00,ecl,aggregate_load,96,43,itransformer,53526.95247601284
2014-10-04 03:00:00,ecl,aggregate_load,96,43,itransformer,53726.260473074595
2014-10-04 04:00:00,ecl,aggregate_load,96,43,itransformer,56682.27397256312
2014-10-04 05:00:00,ecl,aggregate_load,96,43,itransformer,61381.22655656701
2014-10-04 06:00:00,ecl,aggregate_load,96,43,itransformer,56926.74907626621
2014-10-04 07:00:00,ecl,aggregate_load,96,43,itransformer,49293.81842449704
2014-10-04 08:00:00,ecl,aggregate_load,96,43,itransformer,43246.87171177145
2014-10-04 09:00:00,ecl,aggregate_load,96,43,itransformer,37493.832211813315
2014-10-04 10:00:00,ecl,aggregate_load,96,43,itransformer,37517.30577153407
2014-10-04 11:00:00,ecl,aggregate_load,96,43,itransformer,36195.53464699246
2014-10-04 12:00:00,ecl,aggregate_load,96,43,itransformer,35034.19871773858
2014-10-04 13:00:00,ecl,aggregate_load,96,43,itransformer,34963.26678536271
2014-10-04 14:00:00,ecl,aggregate_load,96,43,itransformer,34031.43552412673
2014-10-04 15:00:00,ecl,aggregate_load,96,43,itransformer,37796.21926126946
2014-10-04 16:00:00,ecl,aggregate_load,96,43,itransformer,38752.19108950261
2014-10-04 17:00:00,ecl,aggregate_load,96,43,itransformer,38090.175622839546
2014-10-04 18:00:00,ecl,aggregate_load,96,43,itransformer,36061.63943833224
2014-10-04 19:00:00,ecl,aggregate_load,96,43,itransformer,36260.39213556505
2014-10-04 20:00:00,ecl,aggregate_load,96,43,itransformer,33453.26880613473
2014-10-04 21:00:00,ecl,aggregate_load,96,43,itransformer,32459.09397048765
2014-10-04 22:00:00,ecl,aggregate_load,96,43,itransformer,35010.309742882964
2014-10-04 23:00:00,ecl,aggregate_load,96,43,itransformer,34119.293960433104
2014-10-05 00:00:00,ecl,aggregate_load,96,43,itransformer,36312.323802796505
2014-10-05 01:00:00,ecl,aggregate_load,96,43,itransformer,38408.54858425343
2014-10-05 02:00:00,ecl,aggregate_load,96,43,itransformer,40358.49222339319
2014-10-05 03:00:00,ecl,aggregate_load,96,43,itransformer,40203.74511414703
2014-10-05 04:00:00,ecl,aggregate_load,96,43,itransformer,43581.08939694413
2014-10-05 05:00:00,ecl,aggregate_load,96,43,itransformer,45275.24236044639
2014-10-05 06:00:00,ecl,aggregate_load,96,43,itransformer,40202.430602684944
2014-10-05 07:00:00,ecl,aggregate_load,96,43,itransformer,36840.69971368938
2014-10-05 08:00:00,ecl,aggregate_load,96,43,itransformer,35510.23841227767
2014-10-05 09:00:00,ecl,aggregate_load,96,43,itransformer,35340.24637379329
2014-10-05 10:00:00,ecl,aggregate_load,96,43,itransformer,32396.69574602802
2014-10-05 11:00:00,ecl,aggregate_load,96,43,itransformer,32020.001968343975
2014-10-05 12:00:00,ecl,aggregate_load,96,43,itransformer,31770.264622062707
2014-10-05 13:00:00,ecl,aggregate_load,96,43,itransformer,33267.79680460178
2014-10-05 14:00:00,ecl,aggregate_load,96,43,itransformer,32608.68439843514
2014-10-05 15:00:00,ecl,aggregate_load,96,43,itransformer,33834.75910843519
2014-10-05 16:00:00,ecl,aggregate_load,96,43,itransformer,31282.26171907106
2014-10-05 17:00:00,ecl,aggregate_load,96,43,itransformer,31342.098262998745
2014-10-05 18:00:00,ecl,aggregate_load,96,43,itransformer,35985.00323558835
2014-10-05 19:00:00,ecl,aggregate_load,96,43,itransformer,35629.17348182598
2014-10-05 20:00:00,ecl,aggregate_load,96,43,itransformer,37036.65937013681
2014-10-05 21:00:00,ecl,aggregate_load,96,43,itransformer,39985.224884695315
2014-10-05 22:00:00,ecl,aggregate_load,96,43,itransformer,42801.1542684273
2014-10-05 23:00:00,ecl,aggregate_load,96,43,itransformer,41791.82546872612
2014-10-06 00:00:00,ecl,aggregate_load,96,43,itransformer,35113.90597114211
2014-10-06 01:00:00,ecl,aggregate_load,96,43,itransformer,33069.762221266625
2014-10-06 02:00:00,ecl,aggregate_load,96,43,itransformer,33148.38071423285
2014-10-06 03:00:00,ecl,aggregate_load,96,43,itransformer,33786.677775346725
2014-10-06 04:00:00,ecl,aggregate_load,96,43,itransformer,29068.164745158658
2014-10-06 05:00:00,ecl,aggregate_load,96,43,itransformer,27617.470693955587
2014-10-06 06:00:00,ecl,aggregate_load,96,43,itransformer,28885.24218873572
2014-10-06 07:00:00,ecl,aggregate_load,96,43,itransformer,32753.567143979442
2014-10-06 08:00:00,ecl,aggregate_load,96,43,itransformer,33638.66065642203
2014-10-06 09:00:00,ecl,aggregate_load,96,43,itransformer,34145.302781458944
2014-10-06 10:00:00,ecl,aggregate_load,96,43,itransformer,40319.35056031182
2014-10-06 11:00:00,ecl,aggregate_load,96,43,itransformer,37619.59467590412
2014-10-06 12:00:00,ecl,aggregate_load,96,43,itransformer,34257.587669691224
2014-10-06 13:00:00,ecl,aggregate_load,96,43,itransformer,35580.24954650951
2014-10-06 14:00:00,ecl,aggregate_load,96,43,itransformer,36414.10361757464
2014-10-06 15:00:00,ecl,aggregate_load,96,43,itransformer,32814.17189469214
2014-10-06 16:00:00,ecl,aggregate_load,96,43,itransformer,29726.00280402631
2014-10-06 17:00:00,ecl,aggregate_load,96,43,itransformer,29603.280396171594
2014-10-06 18:00:00,ecl,aggregate_load,96,43,itransformer,30560.792197003688
2014-10-06 19:00:00,ecl,aggregate_load,96,43,itransformer,29590.804141504403
2014-10-06 20:00:00,ecl,aggregate_load,96,43,itransformer,28785.697226918826
2014-10-06 21:00:00,ecl,aggregate_load,96,43,itransformer,29888.341745280402
2014-10-06 22:00:00,ecl,aggregate_load,96,43,itransformer,32763.49391534761
2014-10-06 23:00:00,ecl,aggregate_load,96,43,itransformer,31409.105345367065
2014-10-07 00:00:00,ecl,aggregate_load,96,43,itransformer,27315.96959918692
2014-10-07 01:00:00,ecl,aggregate_load,96,43,itransformer,27225.203825588153
2014-10-07 02:00:00,ecl,aggregate_load,96,43,itransformer,26917.1246874067
2014-10-07 03:00:00,ecl,aggregate_load,96,43,itransformer,26036.738099840444
2014-10-07 04:00:00,ecl,aggregate_load,96,43,itransformer,24554.950185357695
2014-10-07 05:00:00,ecl,aggregate_load,96,43,itransformer,23407.04276204992
2014-10-07 06:00:00,ecl,aggregate_load,96,43,itransformer,22358.990308543696
2014-10-07 07:00:00,ecl,aggregate_load,96,43,itransformer,23735.384851266386
2014-10-07 08:00:00,ecl,aggregate_load,96,43,itransformer,23619.587579295894
2014-10-07 09:00:00,ecl,aggregate_load,96,43,itransformer,24911.143308378265
2014-10-07 10:00:00,ecl,aggregate_load,96,43,itransformer,21453.68026645907
2014-10-07 11:00:00,ecl,aggregate_load,96,43,itransformer,22137.232728835526
2014-10-07 12:00:00,ecl,aggregate_load,96,43,itransformer,20583.664550448393
2014-10-07 13:00:00,ecl,aggregate_load,96,43,itransformer,22324.099264121945
2014-10-07 14:00:00,ecl,aggregate_load,96,43,itransformer,24340.948651503288
2014-10-07 15:00:00,ecl,aggregate_load,96,43,itransformer,24777.351491504854
2014-10-07 16:00:00,ecl,aggregate_load,96,43,itransformer,27912.025762017875
2014-10-07 17:00:00,ecl,aggregate_load,96,43,itransformer,28260.65998860994
2014-10-07 18:00:00,ecl,aggregate_load,96,43,itransformer,29802.965659487916
2014-10-07 19:00:00,ecl,aggregate_load,96,43,itransformer,28371.027834241166
2014-10-07 20:00:00,ecl,aggregate_load,96,43,itransformer,26508.14813762234
2014-10-07 21:00:00,ecl,aggregate_load,96,43,itransformer,26121.104769816553
2014-10-07 22:00:00,ecl,aggregate_load,96,43,itransformer,24554.00215417663
2014-10-07 23:00:00,ecl,aggregate_load,96,43,itransformer,25353.51158541892
2014-10-08 00:00:00,ecl,aggregate_load,96,43,itransformer,25350.299046485936
2014-10-08 01:00:00,ecl,aggregate_load,96,43,itransformer,24500.62263410483
2014-10-08 02:00:00,ecl,aggregate_load,96,43,itransformer,26065.206359314154
2014-10-08 03:00:00,ecl,aggregate_load,96,43,itransformer,27551.48810596824
2014-10-08 04:00:00,ecl,aggregate_load,96,43,itransformer,28696.239867062704
2014-10-08 05:00:00,ecl,aggregate_load,96,43,itransformer,29623.908207469063
2014-10-08 06:00:00,ecl,aggregate_load,96,43,itransformer,27526.860832457227
2014-10-08 07:00:00,ecl,aggregate_load,96,43,itransformer,25432.76444074352
2014-10-08 08:00:00,ecl,aggregate_load,96,43,itransformer,26550.53078648017
2014-10-08 09:00:00,ecl,aggregate_load,96,43,itransformer,26006.854067417862
2014-10-08 10:00:00,ecl,aggregate_load,96,43,itransformer,27165.50250370916
2014-10-08 11:00:00,ecl,aggregate_load,96,43,itransformer,28003.910866831324
2014-10-08 12:00:00,ecl,aggregate_load,96,43,itransformer,31445.96786209744
2014-10-08 13:00:00,ecl,aggregate_load,96,43,itransformer,32478.74420395795
2014-10-08 14:00:00,ecl,aggregate_load,96,43,itransformer,34186.202914620444
2014-10-08 15:00:00,ecl,aggregate_load,96,43,itransformer,37413.831946431266
2014-10-08 16:00:00,ecl,aggregate_load,96,43,itransformer,41678.00478165353
2014-10-08 17:00:00,ecl,aggregate_load,96,43,itransformer,39402.08086532895
2014-10-08 18:00:00,ecl,aggregate_load,96,43,itransformer,41596.71988636263
2014-10-08 19:00:00,ecl,aggregate_load,96,43,itransformer,43378.75365196306
2014-10-08 20:00:00,ecl,aggregate_load,96,43,itransformer,45063.00313833565
2014-10-08 21:00:00,ecl,aggregate_load,96,43,itransformer,42191.80398306756
2014-10-08 22:00:00,ecl,aggregate_load,96,43,itransformer,41299.783101882065
2014-10-08 23:00:00,ecl,aggregate_load,96,43,itransformer,33221.14511186655
2014-10-09 00:00:00,ecl,aggregate_load,96,43,itransformer,43436.74546544651
2014-10-09 01:00:00,ecl,aggregate_load,96,43,itransformer,45076.260576241715
2014-10-09 02:00:00,ecl,aggregate_load,96,43,itransformer,42944.967783139335
2014-10-09 03:00:00,ecl,aggregate_load,96,43,itransformer,45974.55105070889
2014-10-09 04:00:00,ecl,aggregate_load,96,43,itransformer,51023.73954773034
2014-10-09 05:00:00,ecl,aggregate_load,96,43,itransformer,55555.78077485354
2014-10-09 06:00:00,ecl,aggregate_load,96,43,itransformer,47136.854961994664
2014-10-09 07:00:00,ecl,aggregate_load,96,43,itransformer,48593.91366588597
2014-10-09 08:00:00,ecl,aggregate_load,96,43,itransformer,47078.03579909332
2014-10-09 09:00:00,ecl,aggregate_load,96,43,itransformer,44110.907032287825
2014-10-09 10:00:00,ecl,aggregate_load,96,43,itransformer,38223.22443818958
2014-10-09 11:00:00,ecl,aggregate_load,96,43,itransformer,39426.3465259622
2014-10-09 12:00:00,ecl,aggregate_load,96,43,itransformer,40905.80073642903
2014-10-09 13:00:00,ecl,aggregate_load,96,43,itransformer,45528.806265506806
2014-10-09 14:00:00,ecl,aggregate_load,96,43,itransformer,45557.636435103894
2014-10-09 15:00:00,ecl,aggregate_load,96,43,itransformer,52259.64304155882
2014-10-09 16:00:00,ecl,aggregate_load,96,43,itransformer,55107.9142328778
2014-10-09 17:00:00,ecl,aggregate_load,96,43,itransformer,50766.863991995924
2014-10-09 18:00:00,ecl,aggregate_load,96,43,itransformer,49746.933088960366
2014-10-09 19:00:00,ecl,aggregate_load,96,43,itransformer,47818.751719625994
2014-10-09 20:00:00,ecl,aggregate_load,96,43,itransformer,45990.806500500184
2014-10-09 21:00:00,ecl,aggregate_load,96,43,itransformer,45458.939900433295
2014-10-09 22:00:00,ecl,aggregate_load,96,43,itransformer,41958.024646951344
2014-10-09 23:00:00,ecl,aggregate_load,96,43,itransformer,41552.8702326897
2014-10-10 00:00:00,ecl,aggregate_load,96,43,itransformer,46251.21046305069
2014-10-10 01:00:00,ecl,aggregate_load,96,43,itransformer,48092.719357507885
2014-10-10 02:00:00,ecl,aggregate_load,96,43,itransformer,49212.167220456664
2014-10-10 03:00:00,ecl,aggregate_load,96,43,itransformer,47658.37360152469
2014-10-10 04:00:00,ecl,aggregate_load,96,43,itransformer,53352.42514338359
2014-10-10 05:00:00,ecl,aggregate_load,96,43,itransformer,53942.560830363225
2014-10-10 06:00:00,ecl,aggregate_load,96,43,itransformer,51675.35174343922
2014-10-10 07:00:00,ecl,aggregate_load,96,43,itransformer,49129.67137302788
2014-10-10 08:00:00,ecl,aggregate_load,96,43,itransformer,48971.245503247796
2014-10-10 09:00:00,ecl,aggregate_load,96,43,itransformer,46333.1781103338
2014-10-10 10:00:00,ecl,aggregate_load,96,43,itransformer,46820.22919653201
2014-10-10 11:00:00,ecl,aggregate_load,96,43,itransformer,50691.19290396524
2014-10-10 12:00:00,ecl,aggregate_load,96,43,itransformer,50380.575267718814
2014-10-10 13:00:00,ecl,aggregate_load,96,43,itransformer,50160.420250208386
2014-10-10 14:00:00,ecl,aggregate_load,96,43,itransformer,53151.87686313939
2014-10-10 15:00:00,ecl,aggregate_load,96,43,itransformer,58356.745302737305
2014-10-10 16:00:00,ecl,aggregate_load,96,43,itransformer,64892.22831262407
2014-10-10 17:00:00,ecl,aggregate_load,96,43,itransformer,61838.96539780593
2014-10-10 18:00:00,ecl,aggregate_load,96,43,itransformer,66080.39430614894
2014-10-10 19:00:00,ecl,aggregate_load,96,43,itransformer,67467.06941194949
2014-10-10 20:00:00,ecl,aggregate_load,96,43,itransformer,63929.01500843646
2014-10-10 21:00:00,ecl,aggregate_load,96,43,itransformer,61488.51521886821
2014-10-10 22:00:00,ecl,aggregate_load,96,43,itransformer,61094.09888373406
2014-10-10 23:00:00,ecl,aggregate_load,96,43,itransformer,55163.140200026035
2014-10-11 00:00:00,ecl,aggregate_load,96,43,itransformer,59946.715158399056
2014-10-11 01:00:00,ecl,aggregate_load,96,43,itransformer,64925.768331051564
2014-10-11 02:00:00,ecl,aggregate_load,96,43,itransformer,66121.98335029349
2014-10-11 03:00:00,ecl,aggregate_load,96,43,itransformer,66844.73104641814
2014-10-11 04:00:00,ecl,aggregate_load,96,43,itransformer,74302.90527504319
2014-10-11 05:00:00,ecl,aggregate_load,96,43,itransformer,76395.60645255852
2014-10-11 06:00:00,ecl,aggregate_load,96,43,itransformer,71591.71315606727
2014-10-11 07:00:00,ecl,aggregate_load,96,43,itransformer,66289.48698003069
2014-10-11 08:00:00,ecl,aggregate_load,96,43,itransformer,64755.009245769754
2014-10-11 09:00:00,ecl,aggregate_load,96,43,itransformer,62263.63065701533
2014-10-11 10:00:00,ecl,aggregate_load,96,43,itransformer,55077.48757571955
2014-10-11 11:00:00,ecl,aggregate_load,96,43,itransformer,60485.54430878052
2014-10-11 12:00:00,ecl,aggregate_load,96,43,itransformer,55428.202376197536
2014-10-11 13:00:00,ecl,aggregate_load,96,43,itransformer,50080.833901691796
2014-10-11 14:00:00,ecl,aggregate_load,96,43,itransformer,44892.68148651149
2014-10-11 15:00:00,ecl,aggregate_load,96,43,itransformer,45699.928930530594
2014-10-11 16:00:00,ecl,aggregate_load,96,43,itransformer,49130.69359048557
2014-10-11 17:00:00,ecl,aggregate_load,96,43,itransformer,49303.10217401488
2014-10-11 18:00:00,ecl,aggregate_load,96,43,itransformer,51912.32064583871
2014-10-11 19:00:00,ecl,aggregate_load,96,43,itransformer,49954.40854122626
2014-10-11 20:00:00,ecl,aggregate_load,96,43,itransformer,47316.43580925639
2014-10-11 21:00:00,ecl,aggregate_load,96,43,itransformer,44396.25566796578
2014-10-11 22:00:00,ecl,aggregate_load,96,43,itransformer,44354.76754163607
2014-10-11 23:00:00,ecl,aggregate_load,96,43,itransformer,41562.86957762547
2014-10-12 00:00:00,ecl,aggregate_load,96,43,itransformer,48273.431893470486
2014-10-12 01:00:00,ecl,aggregate_load,96,43,itransformer,51250.90658807958
2014-10-12 02:00:00,ecl,aggregate_load,96,43,itransformer,51862.10465477117
2014-10-12 03:00:00,ecl,aggregate_load,96,43,itransformer,51245.633042983594
2014-10-12 04:00:00,ecl,aggregate_load,96,43,itransformer,57788.465244706225
2014-10-12 05:00:00,ecl,aggregate_load,96,43,itransformer,57526.0451073579
2014-10-12 06:00:00,ecl,aggregate_load,96,43,itransformer,55459.15026983456
2014-10-12 07:00:00,ecl,aggregate_load,96,43,itransformer,48941.48170170258
2014-10-12 08:00:00,ecl,aggregate_load,96,43,itransformer,47630.09215384611
2014-10-12 09:00:00,ecl,aggregate_load,96,43,itransformer,45384.89593417975
2014-10-12 10:00:00,ecl,aggregate_load,96,43,itransformer,42391.2671875495
2014-10-12 11:00:00,ecl,aggregate_load,96,43,itransformer,46173.73482036274
2014-10-12 12:00:00,ecl,aggregate_load,96,43,itransformer,44727.446869783395
2014-10-12 13:00:00,ecl,aggregate_load,96,43,itransformer,42048.803462302334
2014-10-12 14:00:00,ecl,aggregate_load,96,43,itransformer,38375.251405853436
2014-10-12 15:00:00,ecl,aggregate_load,96,43,itransformer,38387.727062979015
2014-10-12 16:00:00,ecl,aggregate_load,96,43,itransformer,41551.83989802651
2014-10-12 17:00:00,ecl,aggregate_load,96,43,itransformer,40151.45152660559
2014-10-12 18:00:00,ecl,aggregate_load,96,43,itransformer,42039.049724084594
2014-10-12 19:00:00,ecl,aggregate_load,96,43,itransformer,42718.32183277936
2014-10-12 20:00:00,ecl,aggregate_load,96,43,itransformer,41609.774124509735
2014-10-12 21:00:00,ecl,aggregate_load,96,43,itransformer,41516.947630431314
2014-10-12 22:00:00,ecl,aggregate_load,96,43,itransformer,42028.89841784811
2014-10-12 23:00:00,ecl,aggregate_load,96,43,itransformer,39196.9283800621
2014-10-13 00:00:00,ecl,aggregate_load,96,43,itransformer,41945.20108321374
2014-10-13 01:00:00,ecl,aggregate_load,96,43,itransformer,42399.991366927454
2014-10-13 02:00:00,ecl,aggregate_load,96,43,itransformer,43513.46707866603
2014-10-13 03:00:00,ecl,aggregate_load,96,43,itransformer,46859.248483547264
2014-10-13 04:00:00,ecl,aggregate_load,96,43,itransformer,49694.74901056401
2014-10-13 05:00:00,ecl,aggregate_load,96,43,itransformer,47250.681321157004
2014-10-13 06:00:00,ecl,aggregate_load,96,43,itransformer,46037.7216547415
2014-10-13 07:00:00,ecl,aggregate_load,96,43,itransformer,44476.306772802134
2014-10-13 08:00:00,ecl,aggregate_load,96,43,itransformer,42271.343209689265
2014-10-13 09:00:00,ecl,aggregate_load,96,43,itransformer,42855.20023317345
2014-10-13 10:00:00,ecl,aggregate_load,96,43,itransformer,40285.439146083714
2014-10-13 11:00:00,ecl,aggregate_load,96,43,itransformer,38264.30525505979
2014-10-13 12:00:00,ecl,aggregate_load,96,43,itransformer,38867.37234804005
2014-10-13 13:00:00,ecl,aggregate_load,96,43,itransformer,41275.69393498565
2014-10-13 14:00:00,ecl,aggregate_load,96,43,itransformer,43844.92804607213
2014-10-13 15:00:00,ecl,aggregate_load,96,43,itransformer,41823.73654649317
2014-10-13 16:00:00,ecl,aggregate_load,96,43,itransformer,41190.86696250614
2014-10-13 17:00:00,ecl,aggregate_load,96,43,itransformer,41727.69331014086
2014-10-13 18:00:00,ecl,aggregate_load,96,43,itransformer,41431.345450077715
2014-10-13 19:00:00,ecl,aggregate_load,96,43,itransformer,42753.87853043239
2014-10-13 20:00:00,ecl,aggregate_load,96,43,itransformer,41431.99438771551
2014-10-13 21:00:00,ecl,aggregate_load,96,43,itransformer,42816.77384993654
2014-10-13 22:00:00,ecl,aggregate_load,96,43,itransformer,45202.79437776362
2014-10-13 23:00:00,ecl,aggregate_load,96,43,itransformer,43137.92909848087
2014-10-14 00:00:00,ecl,aggregate_load,96,43,itransformer,40712.25055645398
2014-10-14 01:00:00,ecl,aggregate_load,96,43,itransformer,43400.14008819989
2014-10-14 02:00:00,ecl,aggregate_load,96,43,itransformer,42235.86449071179
2014-10-14 03:00:00,ecl,aggregate_load,96,43,itransformer,44723.42114657757
2014-10-14 04:00:00,ecl,aggregate_load,96,43,itransformer,39610.76320670646
2014-10-14 05:00:00,ecl,aggregate_load,96,43,itransformer,38520.24181574854
2014-10-14 06:00:00,ecl,aggregate_load,96,43,itransformer,40850.08392964917
2014-10-14 07:00:00,ecl,aggregate_load,96,43,itransformer,43889.2643904592
2014-10-14 08:00:00,ecl,aggregate_load,96,43,itransformer,44080.862992929404
2014-10-14 09:00:00,ecl,aggregate_load,96,43,itransformer,45426.62411148918
2014-10-14 10:00:00,ecl,aggregate_load,96,43,itransformer,46524.129124496096
2014-10-14 11:00:00,ecl,aggregate_load,96,43,itransformer,46983.7134713232
2014-10-14 12:00:00,ecl,aggregate_load,96,43,itransformer,48840.79012488851
2014-10-14 13:00:00,ecl,aggregate_load,96,43,itransformer,51392.25490848514
2014-10-14 14:00:00,ecl,aggregate_load,96,43,itransformer,56133.215408951415
2014-10-14 15:00:00,ecl,aggregate_load,96,43,itransformer,53459.308354897374
2014-10-14 16:00:00,ecl,aggregate_load,96,43,itransformer,55745.70365818006
2014-10-14 17:00:00,ecl,aggregate_load,96,43,itransformer,58509.301283711764
2014-10-14 18:00:00,ecl,aggregate_load,96,43,itransformer,60982.57417163891
2014-10-14 19:00:00,ecl,aggregate_load,96,43,itransformer,64460.146974942414
2014-10-14 20:00:00,ecl,aggregate_load,96,43,itransformer,62599.2852254729
2014-10-14 21:00:00,ecl,aggregate_load,96,43,itransformer,64433.71598445366
2014-10-14 22:00:00,ecl,aggregate_load,96,43,itransformer,64496.783756644545
2014-10-14 23:00:00,ecl,aggregate_load,96,43,itransformer,62730.707140691266
2014-10-15 00:00:00,ecl,aggregate_load,96,43,itransformer,59603.959305671124
2014-10-15 01:00:00,ecl,aggregate_load,96,43,itransformer,60125.26203120497
2014-10-15 02:00:00,ecl,aggregate_load,96,43,itransformer,60565.58352304215
2014-10-15 03:00:00,ecl,aggregate_load,96,43,itransformer,58216.24391323045
2014-10-15 04:00:00,ecl,aggregate_load,96,43,itransformer,50096.310450536526
2014-10-15 05:00:00,ecl,aggregate_load,96,43,itransformer,50698.21356506559
2014-10-15 06:00:00,ecl,aggregate_load,96,43,itransformer,54955.16475987128
2014-10-15 07:00:00,ecl,aggregate_load,96,43,itransformer,52842.39322762886
2014-10-15 08:00:00,ecl,aggregate_load,96,43,itransformer,50045.42199553782
2014-10-15 09:00:00,ecl,aggregate_load,96,43,itransformer,53129.230999020765
2014-10-15 10:00:00,ecl,aggregate_load,96,43,itransformer,52015.952313011665
2014-10-15 11:00:00,ecl,aggregate_load,96,43,itransformer,45974.70244393989
2014-10-15 12:00:00,ecl,aggregate_load,96,43,itransformer,45740.125420582684
2014-10-15 13:00:00,ecl,aggregate_load,96,43,itransformer,46321.828246240155
2014-10-15 14:00:00,ecl,aggregate_load,96,43,itransformer,45706.67935706116
2014-10-15 15:00:00,ecl,aggregate_load,96,43,itransformer,43121.93244959822
2014-10-15 16:00:00,ecl,aggregate_load,96,43,itransformer,42124.449079372025
2014-10-15 17:00:00,ecl,aggregate_load,96,43,itransformer,47999.989096676225
2014-10-15 18:00:00,ecl,aggregate_load,96,43,itransformer,42990.97427874093
2014-10-15 19:00:00,ecl,aggregate_load,96,43,itransformer,45430.963284969854
2014-10-15 20:00:00,ecl,aggregate_load,96,43,itransformer,46296.8964415186
2014-10-15 21:00:00,ecl,aggregate_load,96,43,itransformer,52080.41739264108
2014-10-15 22:00:00,ecl,aggregate_load,96,43,itransformer,59067.88896626347
2014-10-15 23:00:00,ecl,aggregate_load,96,43,itransformer,61187.53504347012
2014-10-16 00:00:00,ecl,aggregate_load,96,43,itransformer,54862.722211381886
2014-10-16 01:00:00,ecl,aggregate_load,96,43,itransformer,58601.97606882585
2014-10-16 02:00:00,ecl,aggregate_load,96,43,itransformer,57431.1807902088
2014-10-16 03:00:00,ecl,aggregate_load,96,43,itransformer,54678.36060896143
2014-10-16 04:00:00,ecl,aggregate_load,96,43,itransformer,44603.487042367575
2014-10-16 05:00:00,ecl,aggregate_load,96,43,itransformer,42734.29183576835
2014-10-16 06:00:00,ecl,aggregate_load,96,43,itransformer,49829.90131950692
2014-10-16 07:00:00,ecl,aggregate_load,96,43,itransformer,43575.278524574525
2014-10-16 08:00:00,ecl,aggregate_load,96,43,itransformer,46161.18166526227
2014-10-16 09:00:00,ecl,aggregate_load,96,43,itransformer,51724.003873008834
2014-10-16 10:00:00,ecl,aggregate_load,96,43,itransformer,51779.11101008209
2014-10-16 11:00:00,ecl,aggregate_load,96,43,itransformer,49689.61189111575
2014-10-16 12:00:00,ecl,aggregate_load,96,43,itransformer,41442.813736022355
2014-10-16 13:00:00,ecl,aggregate_load,96,43,itransformer,43661.42546069897
2014-10-16 14:00:00,ecl,aggregate_load,96,43,itransformer,40929.35817120213
2014-10-16 15:00:00,ecl,aggregate_load,96,43,itransformer,35520.97823137496
2014-10-16 16:00:00,ecl,aggregate_load,96,43,itransformer,36791.543811325864
2014-10-16 17:00:00,ecl,aggregate_load,96,43,itransformer,40367.82632378471
2014-10-16 18:00:00,ecl,aggregate_load,96,43,itransformer,38658.697857359635
2014-10-16 19:00:00,ecl,aggregate_load,96,43,itransformer,41545.19732184367
2014-10-16 20:00:00,ecl,aggregate_load,96,43,itransformer,44512.19069748822
2014-10-16 21:00:00,ecl,aggregate_load,96,43,itransformer,46663.44979267049
2014-10-16 22:00:00,ecl,aggregate_load,96,43,itransformer,47441.6581056641
2014-10-16 23:00:00,ecl,aggregate_load,96,43,itransformer,54408.571899286144
2014-10-17 00:00:00,ecl,aggregate_load,96,43,itransformer,49876.57070338638
2014-10-17 01:00:00,ecl,aggregate_load,96,43,itransformer,48854.423171122304
2014-10-17 02:00:00,ecl,aggregate_load,96,43,itransformer,48575.63472778792
2014-10-17 03:00:00,ecl,aggregate_load,96,43,itransformer,45232.404595029795
2014-10-17 04:00:00,ecl,aggregate_load,96,43,itransformer,42244.12444845596
2014-10-17 05:00:00,ecl,aggregate_load,96,43,itransformer,41870.94016914438
2014-10-17 06:00:00,ecl,aggregate_load,96,43,itransformer,43110.76663229531
2014-10-17 07:00:00,ecl,aggregate_load,96,43,itransformer,41538.10130656836
2014-10-17 08:00:00,ecl,aggregate_load,96,43,itransformer,49454.302653501894
2014-10-17 09:00:00,ecl,aggregate_load,96,43,itransformer,55086.55740642705
2014-10-17 10:00:00,ecl,aggregate_load,96,43,itransformer,62112.95295017932
2014-10-17 11:00:00,ecl,aggregate_load,96,43,itransformer,49915.90124860237
2014-10-17 12:00:00,ecl,aggregate_load,96,43,itransformer,46963.84355282269
2014-10-17 13:00:00,ecl,aggregate_load,96,43,itransformer,48972.28757991213
2014-10-17 14:00:00,ecl,aggregate_load,96,43,itransformer,49229.63415329461
2014-10-17 15:00:00,ecl,aggregate_load,96,43,itransformer,47471.765145780955
2014-10-17 16:00:00,ecl,aggregate_load,96,43,itransformer,51508.5648743002
2014-10-17 17:00:00,ecl,aggregate_load,96,43,itransformer,57922.632575139636
2014-10-17 18:00:00,ecl,aggregate_load,96,43,itransformer,57995.30253237393
2014-10-17 19:00:00,ecl,aggregate_load,96,43,itransformer,63259.690890860125
2014-10-17 20:00:00,ecl,aggregate_load,96,43,itransformer,64127.498694978705
2014-10-17 21:00:00,ecl,aggregate_load,96,43,itransformer,64052.154870823164
2014-10-17 22:00:00,ecl,aggregate_load,96,43,itransformer,63342.452931260574
2014-10-17 23:00:00,ecl,aggregate_load,96,43,itransformer,69422.31349105739
2014-10-18 00:00:00,ecl,aggregate_load,96,43,itransformer,60091.07294143752
2014-10-18 01:00:00,ecl,aggregate_load,96,43,itransformer,64039.57795452117
2014-10-18 02:00:00,ecl,aggregate_load,96,43,itransformer,59999.8740390075
2014-10-18 03:00:00,ecl,aggregate_load,96,43,itransformer,57655.272569644476
2014-10-18 04:00:00,ecl,aggregate_load,96,43,itransformer,56407.45552867048
2014-10-18 05:00:00,ecl,aggregate_load,96,43,itransformer,52752.68281420436
2014-10-18 06:00:00,ecl,aggregate_load,96,43,itransformer,57504.62947241584
2014-10-18 07:00:00,ecl,aggregate_load,96,43,itransformer,58440.00155397879
2014-10-18 08:00:00,ecl,aggregate_load,96,43,itransformer,65194.03701990261
2014-10-18 09:00:00,ecl,aggregate_load,96,43,itransformer,77305.05640360023
2014-10-18 10:00:00,ecl,aggregate_load,96,43,itransformer,75369.94747199237
2014-10-18 11:00:00,ecl,aggregate_load,96,43,itransformer,61489.70366287478
2014-10-18 12:00:00,ecl,aggregate_load,96,43,itransformer,67628.12858705885
2014-10-18 13:00:00,ecl,aggregate_load,96,43,itransformer,64467.77945352853
2014-10-18 14:00:00,ecl,aggregate_load,96,43,itransformer,65736.88472362315
2014-10-18 15:00:00,ecl,aggregate_load,96,43,itransformer,60816.02579338103
2014-10-18 16:00:00,ecl,aggregate_load,96,43,itransformer,63508.65044321836
2014-10-18 17:00:00,ecl,aggregate_load,96,43,itransformer,62598.1461573338
2014-10-18 18:00:00,ecl,aggregate_load,96,43,itransformer,61855.305201811214
2014-10-18 19:00:00,ecl,aggregate_load,96,43,itransformer,67103.20473673493
2014-10-18 20:00:00,ecl,aggregate_load,96,43,itransformer,72346.9332456966
2014-10-18 21:00:00,ecl,aggregate_load,96,43,itransformer,79099.01474162517
2014-10-18 22:00:00,ecl,aggregate_load,96,43,itransformer,85536.98571744305
2014-10-18 23:00:00,ecl,aggregate_load,96,43,itransformer,88981.75613503701
2014-10-19 00:00:00,ecl,aggregate_load,96,43,itransformer,81231.57894113091
2014-10-19 01:00:00,ecl,aggregate_load,96,43,itransformer,80887.36129103816
2014-10-19 02:00:00,ecl,aggregate_load,96,43,itransformer,76488.60639779878
2014-10-19 03:00:00,ecl,aggregate_load,96,43,itransformer,75758.05001371262
2014-10-19 04:00:00,ecl,aggregate_load,96,43,itransformer,68678.3994520156
2014-10-19 05:00:00,ecl,aggregate_load,96,43,itransformer,68370.82698639431
2014-10-19 06:00:00,ecl,aggregate_load,96,43,itransformer,71054.30606638298
2014-10-19 07:00:00,ecl,aggregate_load,96,43,itransformer,77400.30872059317
2014-10-19 08:00:00,ecl,aggregate_load,96,43,itransformer,85225.74988270282
2014-10-19 09:00:00,ecl,aggregate_load,96,43,itransformer,92189.35749292462
2014-10-19 10:00:00,ecl,aggregate_load,96,43,itransformer,86583.00331610058
2014-10-19 11:00:00,ecl,aggregate_load,96,43,itransformer,70315.81488342659
2014-10-19 12:00:00,ecl,aggregate_load,96,43,itransformer,63407.25721091428
2014-10-19 13:00:00,ecl,aggregate_load,96,43,itransformer,63118.472666197624
2014-10-19 14:00:00,ecl,aggregate_load,96,43,itransformer,59673.976007568686
2014-10-19 15:00:00,ecl,aggregate_load,96,43,itransformer,59878.178983656166
2014-10-19 16:00:00,ecl,aggregate_load,96,43,itransformer,50811.80269433255
2014-10-19 17:00:00,ecl,aggregate_load,96,43,itransformer,40159.80135634329
2014-10-19 18:00:00,ecl,aggregate_load,96,43,itransformer,44613.03682016537
2014-10-19 19:00:00,ecl,aggregate_load,96,43,itransformer,48017.3822515322
2014-10-19 20:00:00,ecl,aggregate_load,96,43,itransformer,46822.4564391108
2014-10-19 21:00:00,ecl,aggregate_load,96,43,itransformer,60247.80944907423
2014-10-19 22:00:00,ecl,aggregate_load,96,43,itransformer,68562.02897080465
2014-10-19 23:00:00,ecl,aggregate_load,96,43,itransformer,68643.35374677124
2014-10-20 00:00:00,ecl,aggregate_load,96,43,itransformer,59521.07881501861
2014-10-20 01:00:00,ecl,aggregate_load,96,43,itransformer,62778.962991502834
2014-10-20 02:00:00,ecl,aggregate_load,96,43,itransformer,57221.01503898989
2014-10-20 03:00:00,ecl,aggregate_load,96,43,itransformer,50708.78367633004
2014-10-20 04:00:00,ecl,aggregate_load,96,43,itransformer,45256.58249593891
2014-10-20 05:00:00,ecl,aggregate_load,96,43,itransformer,40858.04005608158
2014-10-20 06:00:00,ecl,aggregate_load,96,43,itransformer,47404.84036289336
2014-10-20 07:00:00,ecl,aggregate_load,96,43,itransformer,53097.724824442565
2014-10-20 08:00:00,ecl,aggregate_load,96,43,itransformer,60322.22781015786
2014-10-20 09:00:00,ecl,aggregate_load,96,43,itransformer,58471.00338503121
2014-10-20 10:00:00,ecl,aggregate_load,96,43,itransformer,52986.62670004719
2014-10-20 11:00:00,ecl,aggregate_load,96,43,itransformer,42717.0142709268
2014-10-20 12:00:00,ecl,aggregate_load,96,43,itransformer,41089.08934303634
2014-10-20 13:00:00,ecl,aggregate_load,96,43,itransformer,38034.33042595414
2014-10-20 14:00:00,ecl,aggregate_load,96,43,itransformer,41107.187303830266
2014-10-20 15:00:00,ecl,aggregate_load,96,43,itransformer,35780.64403272915
2014-10-20 16:00:00,ecl,aggregate_load,96,43,itransformer,38762.575959482136
2014-10-20 17:00:00,ecl,aggregate_load,96,43,itransformer,39165.18019402575
2014-10-20 18:00:00,ecl,aggregate_load,96,43,itransformer,41830.44150909422
2014-10-20 19:00:00,ecl,aggregate_load,96,43,itransformer,47900.438593018356
2014-10-20 20:00:00,ecl,aggregate_load,96,43,itransformer,49166.17476111654
2014-10-20 21:00:00,ecl,aggregate_load,96,43,itransformer,49917.94966645937
2014-10-20 22:00:00,ecl,aggregate_load,96,43,itransformer,50735.72158523282
2014-10-20 23:00:00,ecl,aggregate_load,96,43,itransformer,47565.11126207382
2014-10-21 00:00:00,ecl,aggregate_load,96,43,itransformer,39183.39330647454
2014-10-21 01:00:00,ecl,aggregate_load,96,43,itransformer,42013.595360691834
2014-10-21 02:00:00,ecl,aggregate_load,96,43,itransformer,39339.06274417358
2014-10-21 03:00:00,ecl,aggregate_load,96,43,itransformer,37720.788375085154
2014-10-21 04:00:00,ecl,aggregate_load,96,43,itransformer,36271.782190947764
2014-10-21 05:00:00,ecl,aggregate_load,96,43,itransformer,35999.98977257052
2014-10-21 06:00:00,ecl,aggregate_load,96,43,itransformer,37167.501139170745
2014-10-21 07:00:00,ecl,aggregate_load,96,43,itransformer,43103.25244731426
2014-10-21 08:00:00,ecl,aggregate_load,96,43,itransformer,46152.46539220318
2014-10-21 09:00:00,ecl,aggregate_load,96,43,itransformer,46597.604103842605
2014-10-21 10:00:00,ecl,aggregate_load,96,43,itransformer,50739.689236381826
2014-10-21 11:00:00,ecl,aggregate_load,96,43,itransformer,47172.37163438813
2014-10-21 12:00:00,ecl,aggregate_load,96,43,itransformer,44564.43274404818
2014-10-21 13:00:00,ecl,aggregate_load,96,43,itransformer,41074.96611011732
2014-10-21 14:00:00,ecl,aggregate_load,96,43,itransformer,35156.292482738405
2014-10-21 15:00:00,ecl,aggregate_load,96,43,itransformer,26553.43517722272
2014-10-21 16:00:00,ecl,aggregate_load,96,43,itransformer,23530.554287905736
2014-10-21 17:00:00,ecl,aggregate_load,96,43,itransformer,24522.17606701393
2014-10-21 18:00:00,ecl,aggregate_load,96,43,itransformer,26023.044470241755
2014-10-21 19:00:00,ecl,aggregate_load,96,43,itransformer,29318.696505536373
2014-10-21 20:00:00,ecl,aggregate_load,96,43,itransformer,33206.308173378646
2014-10-21 21:00:00,ecl,aggregate_load,96,43,itransformer,36968.16902294664
2014-10-21 22:00:00,ecl,aggregate_load,96,43,itransformer,35479.32755482677
2014-10-21 23:00:00,ecl,aggregate_load,96,43,itransformer,32077.821221905993
2014-10-22 00:00:00,ecl,aggregate_load,96,43,itransformer,27965.221805781763
2014-10-22 01:00:00,ecl,aggregate_load,96,43,itransformer,34571.53597650582
2014-10-22 02:00:00,ecl,aggregate_load,96,43,itransformer,34872.94901919673
2014-10-22 03:00:00,ecl,aggregate_load,96,43,itransformer,32000.047280973013
2014-10-22 04:00:00,ecl,aggregate_load,96,43,itransformer,29415.299506031955
2014-10-22 05:00:00,ecl,aggregate_load,96,43,itransformer,29237.471558409223
2014-10-22 06:00:00,ecl,aggregate_load,96,43,itransformer,30436.25121201087
2014-10-22 07:00:00,ecl,aggregate_load,96,43,itransformer,32595.26028825915
2014-10-22 08:00:00,ecl,aggregate_load,96,43,itransformer,32805.1584248502
2014-10-22 09:00:00,ecl,aggregate_load,96,43,itransformer,34038.37037817686
2014-10-22 10:00:00,ecl,aggregate_load,96,43,itransformer,36860.495054554114
2014-10-22 11:00:00,ecl,aggregate_load,96,43,itransformer,33823.97356101662
2014-10-22 12:00:00,ecl,aggregate_load,96,43,itransformer,28977.37758563322
2014-10-22 13:00:00,ecl,aggregate_load,96,43,itransformer,33749.31679013816
2014-10-22 14:00:00,ecl,aggregate_load,96,43,itransformer,37324.21815611781
2014-10-22 15:00:00,ecl,aggregate_load,96,43,itransformer,44658.88098167892
2014-10-22 16:00:00,ecl,aggregate_load,96,43,itransformer,50859.56931794839
2014-10-22 17:00:00,ecl,aggregate_load,96,43,itransformer,58675.11713621544
2014-10-22 18:00:00,ecl,aggregate_load,96,43,itransformer,51999.11485309998
2014-10-22 19:00:00,ecl,aggregate_load,96,43,itransformer,42403.03888451057
2014-10-22 20:00:00,ecl,aggregate_load,96,43,itransformer,35461.47699424647
2014-10-22 21:00:00,ecl,aggregate_load,96,43,itransformer,31338.981051645944
2014-10-22 22:00:00,ecl,aggregate_load,96,43,itransformer,33623.88022808605
2014-10-22 23:00:00,ecl,aggregate_load,96,43,itransformer,35240.83938345609
2014-10-23 00:00:00,ecl,aggregate_load,96,43,itransformer,36392.02203701324
2014-10-23 01:00:00,ecl,aggregate_load,96,43,itransformer,37636.68544668631
2014-10-23 02:00:00,ecl,aggregate_load,96,43,itransformer,41164.15144533183
2014-10-23 03:00:00,ecl,aggregate_load,96,43,itransformer,38960.29456333054
2014-10-23 04:00:00,ecl,aggregate_load,96,43,itransformer,41752.102328049594
2014-10-23 05:00:00,ecl,aggregate_load,96,43,itransformer,42755.97728767098
2014-10-23 06:00:00,ecl,aggregate_load,96,43,itransformer,37502.864681495295
2014-10-23 07:00:00,ecl,aggregate_load,96,43,itransformer,36239.3341604103
2014-10-23 08:00:00,ecl,aggregate_load,96,43,itransformer,31466.266934297808
2014-10-23 09:00:00,ecl,aggregate_load,96,43,itransformer,27559.476643247635
2014-10-23 10:00:00,ecl,aggregate_load,96,43,itransformer,27786.17196782441
2014-10-23 11:00:00,ecl,aggregate_load,96,43,itransformer,27356.85753060358
2014-10-23 12:00:00,ecl,aggregate_load,96,43,itransformer,27273.9462396868
2014-10-23 13:00:00,ecl,aggregate_load,96,43,itransformer,28454.238301837566
2014-10-23 14:00:00,ecl,aggregate_load,96,43,itransformer,29633.735203083732
2014-10-23 15:00:00,ecl,aggregate_load,96,43,itransformer,29189.834688197152
2014-10-23 16:00:00,ecl,aggregate_load,96,43,itransformer,31205.098224274825
2014-10-23 17:00:00,ecl,aggregate_load,96,43,itransformer,33790.025177074494
2014-10-23 18:00:00,ecl,aggregate_load,96,43,itransformer,36139.95992142644
2014-10-23 19:00:00,ecl,aggregate_load,96,43,itransformer,35152.377201081166
2014-10-23 20:00:00,ecl,aggregate_load,96,43,itransformer,35863.571427821465
2014-10-23 21:00:00,ecl,aggregate_load,96,43,itransformer,38327.46680522268
2014-10-23 22:00:00,ecl,aggregate_load,96,43,itransformer,37049.79192428354
2014-10-23 23:00:00,ecl,aggregate_load,96,43,itransformer,35570.76150381838
2014-10-24 00:00:00,ecl,aggregate_load,96,43,itransformer,34477.76078819472
2014-10-24 01:00:00,ecl,aggregate_load,96,43,itransformer,30879.326619096788
2014-10-24 02:00:00,ecl,aggregate_load,96,43,itransformer,32015.291681313858
2014-10-24 03:00:00,ecl,aggregate_load,96,43,itransformer,31777.31894433085
2014-10-24 04:00:00,ecl,aggregate_load,96,43,itransformer,31621.205841137184
2014-10-24 05:00:00,ecl,aggregate_load,96,43,itransformer,29468.620847725153
2014-10-24 06:00:00,ecl,aggregate_load,96,43,itransformer,29114.84488552381
2014-10-24 07:00:00,ecl,aggregate_load,96,43,itransformer,30324.24084841818
2014-10-24 08:00:00,ecl,aggregate_load,96,43,itransformer,32973.33180787607
2014-10-24 09:00:00,ecl,aggregate_load,96,43,itransformer,30235.590096533746
2014-10-24 10:00:00,ecl,aggregate_load,96,43,itransformer,30272.826587180385
2014-10-24 11:00:00,ecl,aggregate_load,96,43,itransformer,27689.024053984398
2014-10-24 12:00:00,ecl,aggregate_load,96,43,itransformer,26987.548113732384
2014-10-24 13:00:00,ecl,aggregate_load,96,43,itransformer,26868.99050001185
2014-10-24 14:00:00,ecl,aggregate_load,96,43,itransformer,30859.822217362427
2014-10-24 15:00:00,ecl,aggregate_load,96,43,itransformer,36238.041059628886
2014-10-24 16:00:00,ecl,aggregate_load,96,43,itransformer,37135.05700230918
2014-10-24 17:00:00,ecl,aggregate_load,96,43,itransformer,41998.47093811914
2014-10-24 18:00:00,ecl,aggregate_load,96,43,itransformer,40864.379722574704
2014-10-24 19:00:00,ecl,aggregate_load,96,43,itransformer,41338.5949330501
2014-10-24 20:00:00,ecl,aggregate_load,96,43,itransformer,32159.24102322172
2014-10-24 21:00:00,ecl,aggregate_load,96,43,itransformer,28279.90086976001
2014-10-24 22:00:00,ecl,aggregate_load,96,43,itransformer,31679.05710400229
2014-10-24 23:00:00,ecl,aggregate_load,96,43,itransformer,29737.553429733558
2014-10-25 00:00:00,ecl,aggregate_load,96,43,itransformer,31198.33457207118
2014-10-25 01:00:00,ecl,aggregate_load,96,43,itransformer,37663.35484260937
2014-10-25 02:00:00,ecl,aggregate_load,96,43,itransformer,36741.66953425656
2014-10-25 03:00:00,ecl,aggregate_load,96,43,itransformer,39369.62445954506
2014-10-25 04:00:00,ecl,aggregate_load,96,43,itransformer,42023.43954196776
2014-10-25 05:00:00,ecl,aggregate_load,96,43,itransformer,43915.29850003737
2014-10-25 06:00:00,ecl,aggregate_load,96,43,itransformer,43668.31748969285
2014-10-25 07:00:00,ecl,aggregate_load,96,43,itransformer,38172.85936336956
2014-10-25 08:00:00,ecl,aggregate_load,96,43,itransformer,30396.169512730634
2014-10-25 09:00:00,ecl,aggregate_load,96,43,itransformer,30719.865842424104
2014-10-25 10:00:00,ecl,aggregate_load,96,43,itransformer,28666.511367972562
2014-10-25 11:00:00,ecl,aggregate_load,96,43,itransformer,31864.975070784873
2014-10-25 12:00:00,ecl,aggregate_load,96,43,itransformer,27179.685764974813
2014-10-25 13:00:00,ecl,aggregate_load,96,43,itransformer,31387.094147165673
2014-10-25 14:00:00,ecl,aggregate_load,96,43,itransformer,30021.501890252894
2014-10-25 15:00:00,ecl,aggregate_load,96,43,itransformer,36858.03500005535
2014-10-25 16:00:00,ecl,aggregate_load,96,43,itransformer,36595.7449837307
2014-10-25 17:00:00,ecl,aggregate_load,96,43,itransformer,44923.94642808462
2014-10-25 18:00:00,ecl,aggregate_load,96,43,itransformer,41063.09025516082
2014-10-25 19:00:00,ecl,aggregate_load,96,43,itransformer,37318.10845710349
2014-10-25 20:00:00,ecl,aggregate_load,96,43,itransformer,28761.67343578119
2014-10-25 21:00:00,ecl,aggregate_load,96,43,itransformer,25159.829906614163
2014-10-25 22:00:00,ecl,aggregate_load,96,43,itransformer,26304.436295573654
2014-10-25 23:00:00,ecl,aggregate_load,96,43,itransformer,24753.27108610561
2014-10-26 00:00:00,ecl,aggregate_load,96,43,itransformer,30881.693944225768
2014-10-26 01:00:00,ecl,aggregate_load,96,43,itransformer,58163.51725449928
2014-10-26 02:00:00,ecl,aggregate_load,96,43,itransformer,36985.37042809286
2014-10-26 03:00:00,ecl,aggregate_load,96,43,itransformer,43549.14753150592
2014-10-26 04:00:00,ecl,aggregate_load,96,43,itransformer,58738.537259653014
2014-10-26 05:00:00,ecl,aggregate_load,96,43,itransformer,53501.73524359047
2014-10-26 06:00:00,ecl,aggregate_load,96,43,itransformer,52352.10885226311
2014-10-26 07:00:00,ecl,aggregate_load,96,43,itransformer,48512.86925073564
2014-10-26 08:00:00,ecl,aggregate_load,96,43,itransformer,36579.93481350109
2014-10-26 09:00:00,ecl,aggregate_load,96,43,itransformer,32830.78210483218
2014-10-26 10:00:00,ecl,aggregate_load,96,43,itransformer,28910.146222941356
2014-10-26 11:00:00,ecl,aggregate_load,96,43,itransformer,31516.71056267836
2014-10-26 12:00:00,ecl,aggregate_load,96,43,itransformer,33507.59378163435
2014-10-26 13:00:00,ecl,aggregate_load,96,43,itransformer,34384.07209706926
2014-10-26 14:00:00,ecl,aggregate_load,96,43,itransformer,27082.36311964862
2014-10-26 15:00:00,ecl,aggregate_load,96,43,itransformer,39552.51592049712
2014-10-26 16:00:00,ecl,aggregate_load,96,43,itransformer,29839.643739732608
2014-10-26 17:00:00,ecl,aggregate_load,96,43,itransformer,29007.65707251949
2014-10-26 18:00:00,ecl,aggregate_load,96,43,itransformer,32464.083093639274
2014-10-26 19:00:00,ecl,aggregate_load,96,43,itransformer,32769.01463260517
2014-10-26 20:00:00,ecl,aggregate_load,96,43,itransformer,25791.88881493821
2014-10-26 21:00:00,ecl,aggregate_load,96,43,itransformer,21949.012631954087
2014-10-26 22:00:00,ecl,aggregate_load,96,43,itransformer,18113.07324674839
2014-10-26 23:00:00,ecl,aggregate_load,96,43,itransformer,18346.791348169154
2014-10-27 00:00:00,ecl,aggregate_load,96,43,itransformer,19696.019627532765
2014-10-27 01:00:00,ecl,aggregate_load,96,43,itransformer,22380.321277521118
2014-10-27 02:00:00,ecl,aggregate_load,96,43,itransformer,25113.01050418195
2014-10-27 03:00:00,ecl,aggregate_load,96,43,itransformer,25882.20341675647
2014-10-27 04:00:00,ecl,aggregate_load,96,43,itransformer,27116.381744280792
2014-10-27 05:00:00,ecl,aggregate_load,96,43,itransformer,30206.585834794765
2014-10-27 06:00:00,ecl,aggregate_load,96,43,itransformer,28493.491444207597
2014-10-27 07:00:00,ecl,aggregate_load,96,43,itransformer,19437.329221725304
2014-10-27 08:00:00,ecl,aggregate_load,96,43,itransformer,20939.64311673277
2014-10-27 09:00:00,ecl,aggregate_load,96,43,itransformer,20772.221032692007
2014-10-27 10:00:00,ecl,aggregate_load,96,43,itransformer,16341.488771232549
2014-10-27 11:00:00,ecl,aggregate_load,96,43,itransformer,19075.866807982577
2014-10-27 12:00:00,ecl,aggregate_load,96,43,itransformer,26187.30629483196
2014-10-27 13:00:00,ecl,aggregate_load,96,43,itransformer,19146.974523277386
2014-10-27 14:00:00,ecl,aggregate_load,96,43,itransformer,24932.06635111664
2014-10-27 15:00:00,ecl,aggregate_load,96,43,itransformer,22863.191189134504
2014-10-27 16:00:00,ecl,aggregate_load,96,43,itransformer,25188.091871333618
2014-10-27 17:00:00,ecl,aggregate_load,96,43,itransformer,24770.323502456216
2014-10-27 18:00:00,ecl,aggregate_load,96,43,itransformer,29384.26849555634
2014-10-27 19:00:00,ecl,aggregate_load,96,43,itransformer,28692.66949210803
2014-10-27 20:00:00,ecl,aggregate_load,96,43,itransformer,23624.94026786514
2014-10-27 21:00:00,ecl,aggregate_load,96,43,itransformer,19150.59036554924
2014-10-27 22:00:00,ecl,aggregate_load,96,43,itransformer,16891.183785451667
2014-10-27 23:00:00,ecl,aggregate_load,96,43,itransformer,17123.46466316981
2014-10-28 00:00:00,ecl,aggregate_load,96,43,itransformer,20328.09705851474
2014-10-28 01:00:00,ecl,aggregate_load,96,43,itransformer,25122.683376699813
2014-10-28 02:00:00,ecl,aggregate_load,96,43,itransformer,22591.33533482157
2014-10-28 03:00:00,ecl,aggregate_load,96,43,itransformer,24117.027599163364
2014-10-28 04:00:00,ecl,aggregate_load,96,43,itransformer,37510.88289512743
2014-10-28 05:00:00,ecl,aggregate_load,96,43,itransformer,38121.64628974914
2014-10-28 06:00:00,ecl,aggregate_load,96,43,itransformer,30167.355000611
2014-10-28 07:00:00,ecl,aggregate_load,96,43,itransformer,25932.361221091047
2014-10-28 08:00:00,ecl,aggregate_load,96,43,itransformer,22482.358219542748
2014-10-28 09:00:00,ecl,aggregate_load,96,43,itransformer,21306.369016854947
2014-10-28 10:00:00,ecl,aggregate_load,96,43,itransformer,16070.00939001611
2014-10-28 11:00:00,ecl,aggregate_load,96,43,itransformer,26058.35538895162
2014-10-28 12:00:00,ecl,aggregate_load,96,43,itransformer,22289.292020953533
2014-10-28 13:00:00,ecl,aggregate_load,96,43,itransformer,17949.310247708712
2014-10-28 14:00:00,ecl,aggregate_load,96,43,itransformer,22918.42335624607
2014-10-28 15:00:00,ecl,aggregate_load,96,43,itransformer,18520.108361349685
2014-10-28 16:00:00,ecl,aggregate_load,96,43,itransformer,17655.168031139383
2014-10-28 17:00:00,ecl,aggregate_load,96,43,itransformer,18861.56143175993
2014-10-28 18:00:00,ecl,aggregate_load,96,43,itransformer,20571.243360398235
2014-10-28 19:00:00,ecl,aggregate_load,96,43,itransformer,18165.73033236095
2014-10-28 20:00:00,ecl,aggregate_load,96,43,itransformer,17534.043411408336
2014-10-28 21:00:00,ecl,aggregate_load,96,43,itransformer,17889.422220613593
2014-10-28 22:00:00,ecl,aggregate_load,96,43,itransformer,17720.094523952954
2014-10-28 23:00:00,ecl,aggregate_load,96,43,itransformer,14867.665995651385
2014-10-29 00:00:00,ecl,aggregate_load,96,43,itransformer,16345.586028539552
2014-10-29 01:00:00,ecl,aggregate_load,96,43,itransformer,18687.83911094158
2014-10-29 02:00:00,ecl,aggregate_load,96,43,itransformer,18968.090919411476
2014-10-29 03:00:00,ecl,aggregate_load,96,43,itransformer,21290.60874621337
2014-10-29 04:00:00,ecl,aggregate_load,96,43,itransformer,24923.95020838297
2014-10-29 05:00:00,ecl,aggregate_load,96,43,itransformer,24719.60912065711
2014-10-29 06:00:00,ecl,aggregate_load,96,43,itransformer,16088.611214955255
2014-10-29 07:00:00,ecl,aggregate_load,96,43,itransformer,18270.23035222296
2014-10-29 08:00:00,ecl,aggregate_load,96,43,itransformer,18211.973439292527
2014-10-29 09:00:00,ecl,aggregate_load,96,43,itransformer,17197.585562232238
2014-10-29 10:00:00,ecl,aggregate_load,96,43,itransformer,16951.16363717384
2014-10-29 11:00:00,ecl,aggregate_load,96,43,itransformer,17375.776806353686
2014-10-29 12:00:00,ecl,aggregate_load,96,43,itransformer,21738.241551403746
2014-10-29 13:00:00,ecl,aggregate_load,96,43,itransformer,22368.928106202602
2014-10-29 14:00:00,ecl,aggregate_load,96,43,itransformer,25297.478943741266
2014-10-29 15:00:00,ecl,aggregate_load,96,43,itransformer,26581.468082523596
2014-10-29 16:00:00,ecl,aggregate_load,96,43,itransformer,27813.927947906795
2014-10-29 17:00:00,ecl,aggregate_load,96,43,itransformer,24081.313764771647
2014-10-29 18:00:00,ecl,aggregate_load,96,43,itransformer,25461.483097575943
2014-10-29 19:00:00,ecl,aggregate_load,96,43,itransformer,28352.4549612323
2014-10-29 20:00:00,ecl,aggregate_load,96,43,itransformer,24839.23502264505
2014-10-29 21:00:00,ecl,aggregate_load,96,43,itransformer,25057.09376730994
2014-10-29 22:00:00,ecl,aggregate_load,96,43,itransformer,24418.58074797371
2014-10-29 23:00:00,ecl,aggregate_load,96,43,itransformer,22961.776022685623
2014-10-30 00:00:00,ecl,aggregate_load,96,43,itransformer,23483.270771206706
2014-10-30 01:00:00,ecl,aggregate_load,96,43,itransformer,25367.12259047346
2014-10-30 02:00:00,ecl,aggregate_load,96,43,itransformer,26180.20742093436
2014-10-30 03:00:00,ecl,aggregate_load,96,43,itransformer,27567.34748293273
2014-10-30 04:00:00,ecl,aggregate_load,96,43,itransformer,30148.23013682439
2014-10-30 05:00:00,ecl,aggregate_load,96,43,itransformer,32587.06759824665
2014-10-30 06:00:00,ecl,aggregate_load,96,43,itransformer,29010.889449921782
2014-10-30 07:00:00,ecl,aggregate_load,96,43,itransformer,25394.03333194774
2014-10-30 08:00:00,ecl,aggregate_load,96,43,itransformer,26180.653160040547
2014-10-30 09:00:00,ecl,aggregate_load,96,43,itransformer,25276.777354197122
2014-10-30 10:00:00,ecl,aggregate_load,96,43,itransformer,25195.855170584546
2014-10-30 11:00:00,ecl,aggregate_load,96,43,itransformer,27759.34857629211
2014-10-30 12:00:00,ecl,aggregate_load,96,43,itransformer,28273.71429930377
2014-10-30 13:00:00,ecl,aggregate_load,96,43,itransformer,27289.002088763595
2014-10-30 14:00:00,ecl,aggregate_load,96,43,itransformer,28750.439427207137
2014-10-30 15:00:00,ecl,aggregate_load,96,43,itransformer,31189.901347667415
2014-10-30 16:00:00,ecl,aggregate_load,96,43,itransformer,37172.42123239242
2014-10-30 17:00:00,ecl,aggregate_load,96,43,itransformer,34010.950046901584
2014-10-30 18:00:00,ecl,aggregate_load,96,43,itransformer,36598.23150894303
2014-10-30 19:00:00,ecl,aggregate_load,96,43,itransformer,35661.14516947578
2014-10-30 20:00:00,ecl,aggregate_load,96,43,itransformer,37327.69782970433
2014-10-30 21:00:00,ecl,aggregate_load,96,43,itransformer,31987.267835281167
2014-10-30 22:00:00,ecl,aggregate_load,96,43,itransformer,33078.59579358697
2014-10-30 23:00:00,ecl,aggregate_load,96,43,itransformer,32977.890623604
2014-10-31 00:00:00,ecl,aggregate_load,96,43,itransformer,34898.11308738423
2014-10-31 01:00:00,ecl,aggregate_load,96,43,itransformer,35421.45434170981
2014-10-31 02:00:00,ecl,aggregate_load,96,43,itransformer,38654.36557705727
2014-10-31 03:00:00,ecl,aggregate_load,96,43,itransformer,39179.80280473533
2014-10-31 04:00:00,ecl,aggregate_load,96,43,itransformer,42935.360140936995
2014-10-31 05:00:00,ecl,aggregate_load,96,43,itransformer,42731.42566634911
2014-10-31 06:00:00,ecl,aggregate_load,96,43,itransformer,36790.51401136988
2014-10-31 07:00:00,ecl,aggregate_load,96,43,itransformer,36905.62749013476
2014-10-31 08:00:00,ecl,aggregate_load,96,43,itransformer,35117.94927627174
2014-10-31 09:00:00,ecl,aggregate_load,96,43,itransformer,32127.263083045094
2014-10-31 10:00:00,ecl,aggregate_load,96,43,itransformer,33868.09019121221
2014-10-31 11:00:00,ecl,aggregate_load,96,43,itransformer,38446.77910980491
2014-10-31 12:00:00,ecl,aggregate_load,96,43,itransformer,41678.11570458812
2014-10-31 13:00:00,ecl,aggregate_load,96,43,itransformer,39674.876562716534
2014-10-31 14:00:00,ecl,aggregate_load,96,43,itransformer,41297.97924967631
2014-10-31 15:00:00,ecl,aggregate_load,96,43,itransformer,44229.473477185034
2014-10-31 16:00:00,ecl,aggregate_load,96,43,itransformer,43860.14839551833
2014-10-31 17:00:00,ecl,aggregate_load,96,43,itransformer,47925.130584473234
2014-10-31 18:00:00,ecl,aggregate_load,96,43,itransformer,50544.78454756698
2014-10-31 19:00:00,ecl,aggregate_load,96,43,itransformer,52729.81167909954
2014-10-31 20:00:00,ecl,aggregate_load,96,43,itransformer,53516.96109005527
2014-10-31 21:00:00,ecl,aggregate_load,96,43,itransformer,50994.93982120132
2014-10-31 22:00:00,ecl,aggregate_load,96,43,itransformer,46901.8586790818
2014-10-31 23:00:00,ecl,aggregate_load,96,43,itransformer,48943.63038894418
2014-11-01 00:00:00,ecl,aggregate_load,96,43,itransformer,49104.74840840607
2014-11-01 01:00:00,ecl,aggregate_load,96,43,itransformer,52721.51205189665
2014-11-01 02:00:00,ecl,aggregate_load,96,43,itransformer,54881.584811643224
2014-11-01 03:00:00,ecl,aggregate_load,96,43,itransformer,50465.629198717186
2014-11-01 04:00:00,ecl,aggregate_load,96,43,itransformer,60180.35304761194
2014-11-01 05:00:00,ecl,aggregate_load,96,43,itransformer,59432.86521818241
2014-11-01 06:00:00,ecl,aggregate_load,96,43,itransformer,54941.99175373633
2014-11-01 07:00:00,ecl,aggregate_load,96,43,itransformer,53826.172461856826
2014-11-01 08:00:00,ecl,aggregate_load,96,43,itransformer,51536.55005324791
2014-11-01 09:00:00,ecl,aggregate_load,96,43,itransformer,48536.90747722008
2014-11-01 10:00:00,ecl,aggregate_load,96,43,itransformer,48961.61162723581
2014-11-01 11:00:00,ecl,aggregate_load,96,43,itransformer,50269.27802496011
2014-11-01 12:00:00,ecl,aggregate_load,96,43,itransformer,63985.60124750072
2014-11-01 13:00:00,ecl,aggregate_load,96,43,itransformer,62631.67820070174
2014-11-01 14:00:00,ecl,aggregate_load,96,43,itransformer,62533.58776751158
2014-11-01 15:00:00,ecl,aggregate_load,96,43,itransformer,67621.54243111225
2014-11-01 16:00:00,ecl,aggregate_load,96,43,itransformer,71942.17038691243
2014-11-01 17:00:00,ecl,aggregate_load,96,43,itransformer,67940.55115875976
2014-11-01 18:00:00,ecl,aggregate_load,96,43,itransformer,71550.44940540618
2014-11-01 19:00:00,ecl,aggregate_load,96,43,itransformer,73333.39918620228
2014-11-01 20:00:00,ecl,aggregate_load,96,43,itransformer,67387.9765596491
2014-11-01 21:00:00,ecl,aggregate_load,96,43,itransformer,66447.31080511877
2014-11-01 22:00:00,ecl,aggregate_load,96,43,itransformer,62297.22064390668
2014-11-01 23:00:00,ecl,aggregate_load,96,43,itransformer,63972.32400615398
2014-11-02 00:00:00,ecl,aggregate_load,96,43,itransformer,69602.95444496976
2014-11-02 01:00:00,ecl,aggregate_load,96,43,itransformer,66831.9921869558
2014-11-02 02:00:00,ecl,aggregate_load,96,43,itransformer,66066.74685738169
2014-11-02 03:00:00,ecl,aggregate_load,96,43,itransformer,69196.64190952384
2014-11-02 04:00:00,ecl,aggregate_load,96,43,itransformer,74220.68661442847
2014-11-02 05:00:00,ecl,aggregate_load,96,43,itransformer,71721.16986632875
2014-11-02 06:00:00,ecl,aggregate_load,96,43,itransformer,69100.32325936026
2014-11-02 07:00:00,ecl,aggregate_load,96,43,itransformer,66828.14420100233
2014-11-02 08:00:00,ecl,aggregate_load,96,43,itransformer,58693.73884171023
2014-11-02 09:00:00,ecl,aggregate_load,96,43,itransformer,56075.340165653186
2014-11-02 10:00:00,ecl,aggregate_load,96,43,itransformer,55571.38672750067
2014-11-02 11:00:00,ecl,aggregate_load,96,43,itransformer,56884.95909187066
2014-11-02 12:00:00,ecl,aggregate_load,96,43,itransformer,61581.14867100688
2014-11-02 13:00:00,ecl,aggregate_load,96,43,itransformer,57514.87677157153
2014-11-02 14:00:00,ecl,aggregate_load,96,43,itransformer,57889.63224528142
2014-11-02 15:00:00,ecl,aggregate_load,96,43,itransformer,60209.59858546782
2014-11-02 16:00:00,ecl,aggregate_load,96,43,itransformer,71912.90909339282
2014-11-02 17:00:00,ecl,aggregate_load,96,43,itransformer,68109.44092608643
2014-11-02 18:00:00,ecl,aggregate_load,96,43,itransformer,72047.2406142647
2014-11-02 19:00:00,ecl,aggregate_load,96,43,itransformer,71377.93917268813
2014-11-02 20:00:00,ecl,aggregate_load,96,43,itransformer,74458.73640216724
2014-11-02 21:00:00,ecl,aggregate_load,96,43,itransformer,75128.3524203185
2014-11-02 22:00:00,ecl,aggregate_load,96,43,itransformer,70776.17452641901
2014-11-02 23:00:00,ecl,aggregate_load,96,43,itransformer,68246.73059279869
2014-11-03 00:00:00,ecl,aggregate_load,96,43,itransformer,69963.08929427236
2014-11-03 01:00:00,ecl,aggregate_load,96,43,itransformer,76663.30220040305
2014-11-03 02:00:00,ecl,aggregate_load,96,43,itransformer,78171.2833955023
2014-11-03 03:00:00,ecl,aggregate_load,96,43,itransformer,74364.80976304146
2014-11-03 04:00:00,ecl,aggregate_load,96,43,itransformer,82723.6645512193
2014-11-03 05:00:00,ecl,aggregate_load,96,43,itransformer,81799.19851158939
2014-11-03 06:00:00,ecl,aggregate_load,96,43,itransformer,77122.18177633994
2014-11-03 07:00:00,ecl,aggregate_load,96,43,itransformer,80485.92086031577
2014-11-03 08:00:00,ecl,aggregate_load,96,43,itransformer,71529.90028293757
2014-11-03 09:00:00,ecl,aggregate_load,96,43,itransformer,71961.25167575982
2014-11-03 10:00:00,ecl,aggregate_load,96,43,itransformer,65666.80672680866
2014-11-03 11:00:00,ecl,aggregate_load,96,43,itransformer,73545.6029880752
2014-11-03 12:00:00,ecl,aggregate_load,96,43,itransformer,80175.4257670801
2014-11-03 13:00:00,ecl,aggregate_load,96,43,itransformer,73133.46344776925
2014-11-03 14:00:00,ecl,aggregate_load,96,43,itransformer,68642.7976632458
2014-11-03 15:00:00,ecl,aggregate_load,96,43,itransformer,67834.66355087626
2014-11-03 16:00:00,ecl,aggregate_load,96,43,itransformer,70826.70544473281
2014-11-03 17:00:00,ecl,aggregate_load,96,43,itransformer,72688.92029269342
2014-11-03 18:00:00,ecl,aggregate_load,96,43,itransformer,72522.14507818004
2014-11-03 19:00:00,ecl,aggregate_load,96,43,itransformer,70411.36976395117
2014-11-03 20:00:00,ecl,aggregate_load,96,43,itransformer,74580.82512998358
2014-11-03 21:00:00,ecl,aggregate_load,96,43,itransformer,75044.52802668422
2014-11-03 22:00:00,ecl,aggregate_load,96,43,itransformer,70271.71693151967
2014-11-03 23:00:00,ecl,aggregate_load,96,43,itransformer,75599.40160042133
2014-11-04 00:00:00,ecl,aggregate_load,96,43,itransformer,80927.37899428456
2014-11-04 01:00:00,ecl,aggregate_load,96,43,itransformer,77971.68622126333
2014-11-04 02:00:00,ecl,aggregate_load,96,43,itransformer,77041.6297531296
2014-11-04 03:00:00,ecl,aggregate_load,96,43,itransformer,77837.44511544627
2014-11-04 04:00:00,ecl,aggregate_load,96,43,itransformer,85251.80295192346
2014-11-04 05:00:00,ecl,aggregate_load,96,43,itransformer,85109.65157067792
2014-11-04 06:00:00,ecl,aggregate_load,96,43,itransformer,81838.64378775645
2014-11-04 07:00:00,ecl,aggregate_load,96,43,itransformer,78402.23036792483
2014-11-04 08:00:00,ecl,aggregate_load,96,43,itransformer,74924.85641298532
2014-11-04 09:00:00,ecl,aggregate_load,96,43,itransformer,78219.38587958866
2014-11-04 10:00:00,ecl,aggregate_load,96,43,itransformer,68766.26330978646
2014-11-04 11:00:00,ecl,aggregate_load,96,43,itransformer,61666.010211103945
2014-11-04 12:00:00,ecl,aggregate_load,96,43,itransformer,55964.68371065031
2014-11-04 13:00:00,ecl,aggregate_load,96,43,itransformer,54945.334499584416
2014-11-04 14:00:00,ecl,aggregate_load,96,43,itransformer,44482.55000176156
2014-11-04 15:00:00,ecl,aggregate_load,96,43,itransformer,47594.30607868046
2014-11-04 16:00:00,ecl,aggregate_load,96,43,itransformer,43914.50392858684
2014-11-04 17:00:00,ecl,aggregate_load,96,43,itransformer,46054.002429448905
2014-11-04 18:00:00,ecl,aggregate_load,96,43,itransformer,43823.59618220798
2014-11-04 19:00:00,ecl,aggregate_load,96,43,itransformer,40064.68367973553
2014-11-04 20:00:00,ecl,aggregate_load,96,43,itransformer,44875.31256179985
2014-11-04 21:00:00,ecl,aggregate_load,96,43,itransformer,48393.07284214824
2014-11-04 22:00:00,ecl,aggregate_load,96,43,itransformer,48692.59651721758
2014-11-04 23:00:00,ecl,aggregate_load,96,43,itransformer,50158.166667380334
2014-11-05 00:00:00,ecl,aggregate_load,96,43,itransformer,56568.821953778126
2014-11-05 01:00:00,ecl,aggregate_load,96,43,itransformer,54920.779497090996
2014-11-05 02:00:00,ecl,aggregate_load,96,43,itransformer,61230.6282924783
2014-11-05 03:00:00,ecl,aggregate_load,96,43,itransformer,62773.296535846486
2014-11-05 04:00:00,ecl,aggregate_load,96,43,itransformer,67901.83771806456
2014-11-05 05:00:00,ecl,aggregate_load,96,43,itransformer,63493.58127149037
2014-11-05 06:00:00,ecl,aggregate_load,96,43,itransformer,61434.234388177945
2014-11-05 07:00:00,ecl,aggregate_load,96,43,itransformer,54291.96632266498
2014-11-05 08:00:00,ecl,aggregate_load,96,43,itransformer,51198.98435915663
2014-11-05 09:00:00,ecl,aggregate_load,96,43,itransformer,52798.48028975798
2014-11-05 10:00:00,ecl,aggregate_load,96,43,itransformer,49732.2819934093
2014-11-05 11:00:00,ecl,aggregate_load,96,43,itransformer,52852.06593330641
2014-11-05 12:00:00,ecl,aggregate_load,96,43,itransformer,52732.426156977774
2014-11-05 13:00:00,ecl,aggregate_load,96,43,itransformer,44690.68667866493
2014-11-05 14:00:00,ecl,aggregate_load,96,43,itransformer,45318.38207240591
2014-11-05 15:00:00,ecl,aggregate_load,96,43,itransformer,42468.39483628354
2014-11-05 16:00:00,ecl,aggregate_load,96,43,itransformer,41802.49094914182
2014-11-05 17:00:00,ecl,aggregate_load,96,43,itransformer,40735.489369804265
2014-11-05 18:00:00,ecl,aggregate_load,96,43,itransformer,40687.33442188826
2014-11-05 19:00:00,ecl,aggregate_load,96,43,itransformer,44918.491163982755
2014-11-05 20:00:00,ecl,aggregate_load,96,43,itransformer,42457.85538105785
2014-11-05 21:00:00,ecl,aggregate_load,96,43,itransformer,44758.77198328969
2014-11-05 22:00:00,ecl,aggregate_load,96,43,itransformer,43377.9489089695
2014-11-05 23:00:00,ecl,aggregate_load,96,43,itransformer,46128.337773974345
2014-11-06 00:00:00,ecl,aggregate_load,96,43,itransformer,50996.50721740018
2014-11-06 01:00:00,ecl,aggregate_load,96,43,itransformer,47938.72216284226
2014-11-06 02:00:00,ecl,aggregate_load,96,43,itransformer,46157.97616736347
2014-11-06 03:00:00,ecl,aggregate_load,96,43,itransformer,52622.93009607138
2014-11-06 04:00:00,ecl,aggregate_load,96,43,itransformer,58234.94189715105
2014-11-06 05:00:00,ecl,aggregate_load,96,43,itransformer,58671.56671781553
2014-11-06 06:00:00,ecl,aggregate_load,96,43,itransformer,48649.52457683479
2014-11-06 07:00:00,ecl,aggregate_load,96,43,itransformer,50002.4844893777
2014-11-06 08:00:00,ecl,aggregate_load,96,43,itransformer,45521.851955165934
2014-11-06 09:00:00,ecl,aggregate_load,96,43,itransformer,45858.65317179176
2014-11-06 10:00:00,ecl,aggregate_load,96,43,itransformer,38313.40470852815
2014-11-06 11:00:00,ecl,aggregate_load,96,43,itransformer,41321.69714656627
2014-11-06 12:00:00,ecl,aggregate_load,96,43,itransformer,40157.04105282672
2014-11-06 13:00:00,ecl,aggregate_load,96,43,itransformer,36879.15639643567
2014-11-06 14:00:00,ecl,aggregate_load,96,43,itransformer,33088.64379703423
2014-11-06 15:00:00,ecl,aggregate_load,96,43,itransformer,35505.07368802728
2014-11-06 16:00:00,ecl,aggregate_load,96,43,itransformer,36281.77491756675
2014-11-06 17:00:00,ecl,aggregate_load,96,43,itransformer,34950.045299454745
2014-11-06 18:00:00,ecl,aggregate_load,96,43,itransformer,36710.88039561719
2014-11-06 19:00:00,ecl,aggregate_load,96,43,itransformer,34778.432260963826
2014-11-06 20:00:00,ecl,aggregate_load,96,43,itransformer,39404.552697129584
2014-11-06 21:00:00,ecl,aggregate_load,96,43,itransformer,36928.18602903023
2014-11-06 22:00:00,ecl,aggregate_load,96,43,itransformer,38783.86846069803
2014-11-06 23:00:00,ecl,aggregate_load,96,43,itransformer,38589.11915487302
2014-11-07 00:00:00,ecl,aggregate_load,96,43,itransformer,39836.13059867906
2014-11-07 01:00:00,ecl,aggregate_load,96,43,itransformer,44184.18938519156
2014-11-07 02:00:00,ecl,aggregate_load,96,43,itransformer,42506.12328093002
2014-11-07 03:00:00,ecl,aggregate_load,96,43,itransformer,44568.19612804222
2014-11-07 04:00:00,ecl,aggregate_load,96,43,itransformer,49580.108508457044
2014-11-07 05:00:00,ecl,aggregate_load,96,43,itransformer,46833.55688115044
2014-11-07 06:00:00,ecl,aggregate_load,96,43,itransformer,42217.03926724215
2014-11-07 07:00:00,ecl,aggregate_load,96,43,itransformer,41312.7851597511
2014-11-07 08:00:00,ecl,aggregate_load,96,43,itransformer,42249.63642968022
2014-11-07 09:00:00,ecl,aggregate_load,96,43,itransformer,41288.04542652188
2014-11-07 10:00:00,ecl,aggregate_load,96,43,itransformer,39248.670849890936
2014-11-07 11:00:00,ecl,aggregate_load,96,43,itransformer,37021.39329007537
2014-11-07 12:00:00,ecl,aggregate_load,96,43,itransformer,37567.55877181033
2014-11-07 13:00:00,ecl,aggregate_load,96,43,itransformer,37205.396485205834
2014-11-07 14:00:00,ecl,aggregate_load,96,43,itransformer,33210.6171278185
2014-11-07 15:00:00,ecl,aggregate_load,96,43,itransformer,32990.197992505746
2014-11-07 16:00:00,ecl,aggregate_load,96,43,itransformer,32979.71609141355
2014-11-07 17:00:00,ecl,aggregate_load,96,43,itransformer,32579.180794300704
2014-11-07 18:00:00,ecl,aggregate_load,96,43,itransformer,30561.79748987178
2014-11-07 19:00:00,ecl,aggregate_load,96,43,itransformer,29869.252804814834
2014-11-07 20:00:00,ecl,aggregate_load,96,43,itransformer,35002.698383860035
2014-11-07 21:00:00,ecl,aggregate_load,96,43,itransformer,32932.93648714481
2014-11-07 22:00:00,ecl,aggregate_load,96,43,itransformer,31796.918102971435
2014-11-07 23:00:00,ecl,aggregate_load,96,43,itransformer,30533.53613339887
2014-11-08 00:00:00,ecl,aggregate_load,96,43,itransformer,32369.962530456967
2014-11-08 01:00:00,ecl,aggregate_load,96,43,itransformer,35487.60049927193
2014-11-08 02:00:00,ecl,aggregate_load,96,43,itransformer,34450.98345882704
2014-11-08 03:00:00,ecl,aggregate_load,96,43,itransformer,32192.715539195255
2014-11-08 04:00:00,ecl,aggregate_load,96,43,itransformer,41248.64008981344
2014-11-08 05:00:00,ecl,aggregate_load,96,43,itransformer,36628.99021553892
2014-11-08 06:00:00,ecl,aggregate_load,96,43,itransformer,39042.33231489194
2014-11-08 07:00:00,ecl,aggregate_load,96,43,itransformer,37906.85395674852
2014-11-08 08:00:00,ecl,aggregate_load,96,43,itransformer,33490.746385950035
2014-11-08 09:00:00,ecl,aggregate_load,96,43,itransformer,28023.85357656589
2014-11-08 10:00:00,ecl,aggregate_load,96,43,itransformer,32652.94310754076
2014-11-08 11:00:00,ecl,aggregate_load,96,43,itransformer,39809.333653383386
2014-11-08 12:00:00,ecl,aggregate_load,96,43,itransformer,38004.30233531638
2014-11-08 13:00:00,ecl,aggregate_load,96,43,itransformer,33959.800870258325
2014-11-08 14:00:00,ecl,aggregate_load,96,43,itransformer,34793.000975248724
2014-11-08 15:00:00,ecl,aggregate_load,96,43,itransformer,32273.496142087155
2014-11-08 16:00:00,ecl,aggregate_load,96,43,itransformer,35569.481573683974
2014-11-08 17:00:00,ecl,aggregate_load,96,43,itransformer,35780.23042775764
2014-11-08 18:00:00,ecl,aggregate_load,96,43,itransformer,32337.074383619776
2014-11-08 19:00:00,ecl,aggregate_load,96,43,itransformer,30093.8081988526
2014-11-08 20:00:00,ecl,aggregate_load,96,43,itransformer,32340.676451880772
2014-11-08 21:00:00,ecl,aggregate_load,96,43,itransformer,28972.56793626044
2014-11-08 22:00:00,ecl,aggregate_load,96,43,itransformer,30431.733923465974
2014-11-08 23:00:00,ecl,aggregate_load,96,43,itransformer,27664.024386250287
2014-11-09 00:00:00,ecl,aggregate_load,96,43,itransformer,33025.02580113254
2014-11-09 01:00:00,ecl,aggregate_load,96,43,itransformer,35612.27733671322
2014-11-09 02:00:00,ecl,aggregate_load,96,43,itransformer,35338.46314220541
2014-11-09 03:00:00,ecl,aggregate_load,96,43,itransformer,36959.26835912035
2014-11-09 04:00:00,ecl,aggregate_load,96,43,itransformer,41221.94886023184
2014-11-09 05:00:00,ecl,aggregate_load,96,43,itransformer,38291.41388291098
2014-11-09 06:00:00,ecl,aggregate_load,96,43,itransformer,36316.94301180256
2014-11-09 07:00:00,ecl,aggregate_load,96,43,itransformer,35740.58450408119
2014-11-09 08:00:00,ecl,aggregate_load,96,43,itransformer,33593.37402388681
2014-11-09 09:00:00,ecl,aggregate_load,96,43,itransformer,32715.68379413731
2014-11-09 10:00:00,ecl,aggregate_load,96,43,itransformer,29721.857500145303
2014-11-09 11:00:00,ecl,aggregate_load,96,43,itransformer,29724.614093969994
2014-11-09 12:00:00,ecl,aggregate_load,96,43,itransformer,28672.10000449111
2014-11-09 13:00:00,ecl,aggregate_load,96,43,itransformer,28053.873038659574
2014-11-09 14:00:00,ecl,aggregate_load,96,43,itransformer,26351.9582654643
2014-11-09 15:00:00,ecl,aggregate_load,96,43,itransformer,25998.495464598385
2014-11-09 16:00:00,ecl,aggregate_load,96,43,itransformer,25084.34787159805
2014-11-09 17:00:00,ecl,aggregate_load,96,43,itransformer,24844.601789403274
2014-11-09 18:00:00,ecl,aggregate_load,96,43,itransformer,25586.705271147355
2014-11-09 19:00:00,ecl,aggregate_load,96,43,itransformer,25645.20214410264
2014-11-09 20:00:00,ecl,aggregate_load,96,43,itransformer,25507.58036734411
2014-11-09 21:00:00,ecl,aggregate_load,96,43,itransformer,28024.743814028043
2014-11-09 22:00:00,ecl,aggregate_load,96,43,itransformer,28396.54155790266
2014-11-09 23:00:00,ecl,aggregate_load,96,43,itransformer,27712.026193172143
2014-11-10 00:00:00,ecl,aggregate_load,96,43,itransformer,28108.90816035983
2014-11-10 01:00:00,ecl,aggregate_load,96,43,itransformer,27370.627754963843
2014-11-10 02:00:00,ecl,aggregate_load,96,43,itransformer,28270.670412060845
2014-11-10 03:00:00,ecl,aggregate_load,96,43,itransformer,29148.547642721463
2014-11-10 04:00:00,ecl,aggregate_load,96,43,itransformer,29311.146040343217
2014-11-10 05:00:00,ecl,aggregate_load,96,43,itransformer,29212.643397417763
2014-11-10 06:00:00,ecl,aggregate_load,96,43,itransformer,29506.6138284573
2014-11-10 07:00:00,ecl,aggregate_load,96,43,itransformer,29924.834407808434
2014-11-10 08:00:00,ecl,aggregate_load,96,43,itransformer,31746.080429570273
2014-11-10 09:00:00,ecl,aggregate_load,96,43,itransformer,31903.20296337819
2014-11-10 10:00:00,ecl,aggregate_load,96,43,itransformer,33045.0289686776
2014-11-10 11:00:00,ecl,aggregate_load,96,43,itransformer,30793.328189340657
2014-11-10 12:00:00,ecl,aggregate_load,96,43,itransformer,32573.715297789426
2014-11-10 13:00:00,ecl,aggregate_load,96,43,itransformer,36680.08194276578
2014-11-10 14:00:00,ecl,aggregate_load,96,43,itransformer,41291.67443552346
2014-11-10 15:00:00,ecl,aggregate_load,96,43,itransformer,38899.20948943984
2014-11-10 16:00:00,ecl,aggregate_load,96,43,itransformer,36399.518266959
2014-11-10 17:00:00,ecl,aggregate_load,96,43,itransformer,33871.33451829539
2014-11-10 18:00:00,ecl,aggregate_load,96,43,itransformer,35247.875824600975
2014-11-10 19:00:00,ecl,aggregate_load,96,43,itransformer,33708.95541515697
2014-11-10 20:00:00,ecl,aggregate_load,96,43,itransformer,32996.89520777643
2014-11-10 21:00:00,ecl,aggregate_load,96,43,itransformer,29942.8577473495
2014-11-10 22:00:00,ecl,aggregate_load,96,43,itransformer,32698.981327141442
2014-11-10 23:00:00,ecl,aggregate_load,96,43,itransformer,32463.298631489
2014-11-11 00:00:00,ecl,aggregate_load,96,43,itransformer,27275.505031347784
2014-11-11 01:00:00,ecl,aggregate_load,96,43,itransformer,27818.93120179181
2014-11-11 02:00:00,ecl,aggregate_load,96,43,itransformer,28144.564226584072
2014-11-11 03:00:00,ecl,aggregate_load,96,43,itransformer,26218.227177625395
2014-11-11 04:00:00,ecl,aggregate_load,96,43,itransformer,22441.205198052554
2014-11-11 05:00:00,ecl,aggregate_load,96,43,itransformer,21868.90408180763
2014-11-11 06:00:00,ecl,aggregate_load,96,43,itransformer,21084.042331237713
2014-11-11 07:00:00,ecl,aggregate_load,96,43,itransformer,19744.229521661433
2014-11-11 08:00:00,ecl,aggregate_load,96,43,itransformer,20829.38193840301
2014-11-11 09:00:00,ecl,aggregate_load,96,43,itransformer,22845.62076810295
2014-11-11 10:00:00,ecl,aggregate_load,96,43,itransformer,21848.657493301038
2014-11-11 11:00:00,ecl,aggregate_load,96,43,itransformer,20551.2137914433
2014-11-11 12:00:00,ecl,aggregate_load,96,43,itransformer,20819.8489699515
2014-11-11 13:00:00,ecl,aggregate_load,96,43,itransformer,21140.66637523338
2014-11-11 14:00:00,ecl,aggregate_load,96,43,itransformer,22162.28285059037
2014-11-11 15:00:00,ecl,aggregate_load,96,43,itransformer,22362.113969391794
2014-11-11 16:00:00,ecl,aggregate_load,96,43,itransformer,22708.15455680745
2014-11-11 17:00:00,ecl,aggregate_load,96,43,itransformer,22839.287464619225
2014-11-11 18:00:00,ecl,aggregate_load,96,43,itransformer,22198.321586499613
2014-11-11 19:00:00,ecl,aggregate_load,96,43,itransformer,23314.303226730754
2014-11-11 20:00:00,ecl,aggregate_load,96,43,itransformer,23067.16119417324
2014-11-11 21:00:00,ecl,aggregate_load,96,43,itransformer,24086.354512082762
2014-11-11 22:00:00,ecl,aggregate_load,96,43,itransformer,25147.29049668471
2014-11-11 23:00:00,ecl,aggregate_load,96,43,itransformer,24286.360016186314
2014-11-12 00:00:00,ecl,aggregate_load,96,43,itransformer,22158.659194745287
2014-11-12 01:00:00,ecl,aggregate_load,96,43,itransformer,21871.916369528433
2014-11-12 02:00:00,ecl,aggregate_load,96,43,itransformer,22210.966843355705
2014-11-12 03:00:00,ecl,aggregate_load,96,43,itransformer,21545.18294078081
2014-11-12 04:00:00,ecl,aggregate_load,96,43,itransformer,20602.269434718957
2014-11-12 05:00:00,ecl,aggregate_load,96,43,itransformer,19450.87978727173
2014-11-12 06:00:00,ecl,aggregate_load,96,43,itransformer,19208.679915725126
2014-11-12 07:00:00,ecl,aggregate_load,96,43,itransformer,18678.693412885015
2014-11-12 08:00:00,ecl,aggregate_load,96,43,itransformer,19160.09985723397
2014-11-12 09:00:00,ecl,aggregate_load,96,43,itransformer,17682.952851874816
2014-11-12 10:00:00,ecl,aggregate_load,96,43,itransformer,17747.588530900368
2014-11-12 11:00:00,ecl,aggregate_load,96,43,itransformer,16966.641939841094
2014-11-12 12:00:00,ecl,aggregate_load,96,43,itransformer,16985.23857122128
2014-11-12 13:00:00,ecl,aggregate_load,96,43,itransformer,18087.952211713087
2014-11-12 14:00:00,ecl,aggregate_load,96,43,itransformer,20433.709363088794
2014-11-12 15:00:00,ecl,aggregate_load,96,43,itransformer,19933.193628837955
2014-11-12 16:00:00,ecl,aggregate_load,96,43,itransformer,21043.049595917564
2014-11-12 17:00:00,ecl,aggregate_load,96,43,itransformer,19612.61883297624
2014-11-12 18:00:00,ecl,aggregate_load,96,43,itransformer,20196.7647629612
2014-11-12 19:00:00,ecl,aggregate_load,96,43,itransformer,19556.843540696227
2014-11-12 20:00:00,ecl,aggregate_load,96,43,itransformer,17887.586563963592
2014-11-12 21:00:00,ecl,aggregate_load,96,43,itransformer,17550.26550150027
2014-11-12 22:00:00,ecl,aggregate_load,96,43,itransformer,17186.862749121534
2014-11-12 23:00:00,ecl,aggregate_load,96,43,itransformer,19320.913074375578
2014-11-13 00:00:00,ecl,aggregate_load,96,43,itransformer,18268.25291717085
2014-11-13 01:00:00,ecl,aggregate_load,96,43,itransformer,18301.20948683275
2014-11-13 02:00:00,ecl,aggregate_load,96,43,itransformer,17814.076704306706
2014-11-13 03:00:00,ecl,aggregate_load,96,43,itransformer,18314.341043278673
2014-11-13 04:00:00,ecl,aggregate_load,96,43,itransformer,19619.88523897942
2014-11-13 05:00:00,ecl,aggregate_load,96,43,itransformer,18745.54262068404
2014-11-13 06:00:00,ecl,aggregate_load,96,43,itransformer,17935.47609214707
2014-11-13 07:00:00,ecl,aggregate_load,96,43,itransformer,18046.451001777226
2014-11-13 08:00:00,ecl,aggregate_load,96,43,itransformer,16653.127627931313
2014-11-13 09:00:00,ecl,aggregate_load,96,43,itransformer,15827.71700242179
2014-11-13 10:00:00,ecl,aggregate_load,96,43,itransformer,16694.717992306112
2014-11-13 11:00:00,ecl,aggregate_load,96,43,itransformer,19958.01870606896
2014-11-13 12:00:00,ecl,aggregate_load,96,43,itransformer,21262.85547909119
2014-11-13 13:00:00,ecl,aggregate_load,96,43,itransformer,19566.24078833313
2014-11-13 14:00:00,ecl,aggregate_load,96,43,itransformer,19760.681862937752
2014-11-13 15:00:00,ecl,aggregate_load,96,43,itransformer,21966.091851856905
2014-11-13 16:00:00,ecl,aggregate_load,96,43,itransformer,22987.082693455148
2014-11-13 17:00:00,ecl,aggregate_load,96,43,itransformer,25435.809875277206
2014-11-13 18:00:00,ecl,aggregate_load,96,43,itransformer,24699.216693681676
2014-11-13 19:00:00,ecl,aggregate_load,96,43,itransformer,21446.852113998564
2014-11-13 20:00:00,ecl,aggregate_load,96,43,itransformer,23449.631902744
2014-11-13 21:00:00,ecl,aggregate_load,96,43,itransformer,22596.38249019183
2014-11-13 22:00:00,ecl,aggregate_load,96,43,itransformer,20871.36511921482
2014-11-13 23:00:00,ecl,aggregate_load,96,43,itransformer,18295.232664599414
2014-11-14 00:00:00,ecl,aggregate_load,96,43,itransformer,20673.145172882283
2014-11-14 01:00:00,ecl,aggregate_load,96,43,itransformer,18787.14395237781
2014-11-14 02:00:00,ecl,aggregate_load,96,43,itransformer,20774.03220904075
2014-11-14 03:00:00,ecl,aggregate_load,96,43,itransformer,20805.573942101015
2014-11-14 04:00:00,ecl,aggregate_load,96,43,itransformer,24383.416824096723
2014-11-14 05:00:00,ecl,aggregate_load,96,43,itransformer,25041.58003495203
2014-11-14 06:00:00,ecl,aggregate_load,96,43,itransformer,23994.506936728296
2014-11-14 07:00:00,ecl,aggregate_load,96,43,itransformer,24983.773220367613
2014-11-14 08:00:00,ecl,aggregate_load,96,43,itransformer,24515.414654029944
2014-11-14 09:00:00,ecl,aggregate_load,96,43,itransformer,21593.861966029024
2014-11-14 10:00:00,ecl,aggregate_load,96,43,itransformer,20576.62147337313
2014-11-14 11:00:00,ecl,aggregate_load,96,43,itransformer,22126.861121162266
2014-11-14 12:00:00,ecl,aggregate_load,96,43,itransformer,19644.2630812538
2014-11-14 13:00:00,ecl,aggregate_load,96,43,itransformer,16487.706690800234
2014-11-14 14:00:00,ecl,aggregate_load,96,43,itransformer,14716.067123278908
2014-11-14 15:00:00,ecl,aggregate_load,96,43,itransformer,16021.66879832183
2014-11-14 16:00:00,ecl,aggregate_load,96,43,itransformer,15827.597675211362
2014-11-14 17:00:00,ecl,aggregate_load,96,43,itransformer,13144.046690354911
2014-11-14 18:00:00,ecl,aggregate_load,96,43,itransformer,13923.830011011625
2014-11-14 19:00:00,ecl,aggregate_load,96,43,itransformer,12167.35423808537
2014-11-14 20:00:00,ecl,aggregate_load,96,43,itransformer,12302.65674743002
2014-11-14 21:00:00,ecl,aggregate_load,96,43,itransformer,11179.017077442868
2014-11-14 22:00:00,ecl,aggregate_load,96,43,itransformer,11252.374130448365
2014-11-14 23:00:00,ecl,aggregate_load,96,43,itransformer,11833.317951104402
2014-11-15 00:00:00,ecl,aggregate_load,96,43,itransformer,12577.815397919345
2014-11-15 01:00:00,ecl,aggregate_load,96,43,itransformer,12602.81041372991
2014-11-15 02:00:00,ecl,aggregate_load,96,43,itransformer,12242.15013048853
2014-11-15 03:00:00,ecl,aggregate_load,96,43,itransformer,12942.096284435547
2014-11-15 04:00:00,ecl,aggregate_load,96,43,itransformer,16295.97464196034
2014-11-15 05:00:00,ecl,aggregate_load,96,43,itransformer,14250.433551895037
2014-11-15 06:00:00,ecl,aggregate_load,96,43,itransformer,14812.452572318567
2014-11-15 07:00:00,ecl,aggregate_load,96,43,itransformer,14696.878842912527
2014-11-15 08:00:00,ecl,aggregate_load,96,43,itransformer,13821.425774047011
2014-11-15 09:00:00,ecl,aggregate_load,96,43,itransformer,13056.914610785845
2014-11-15 10:00:00,ecl,aggregate_load,96,43,itransformer,12561.490987427935
2014-11-15 11:00:00,ecl,aggregate_load,96,43,itransformer,12898.358739275727
2014-11-15 12:00:00,ecl,aggregate_load,96,43,itransformer,12080.128264535238
2014-11-15 13:00:00,ecl,aggregate_load,96,43,itransformer,12654.840318316814
2014-11-15 14:00:00,ecl,aggregate_load,96,43,itransformer,13155.689677363132
2014-11-15 15:00:00,ecl,aggregate_load,96,43,itransformer,14099.48448141919
2014-11-15 16:00:00,ecl,aggregate_load,96,43,itransformer,15753.208597956916
2014-11-15 17:00:00,ecl,aggregate_load,96,43,itransformer,14781.22047668255
2014-11-15 18:00:00,ecl,aggregate_load,96,43,itransformer,13821.00949871586
2014-11-15 19:00:00,ecl,aggregate_load,96,43,itransformer,13538.396936697784
2014-11-15 20:00:00,ecl,aggregate_load,96,43,itransformer,13256.027701301757
2014-11-15 21:00:00,ecl,aggregate_load,96,43,itransformer,14425.341099259536
2014-11-15 22:00:00,ecl,aggregate_load,96,43,itransformer,15692.597420669395
2014-11-15 23:00:00,ecl,aggregate_load,96,43,itransformer,15816.881771303504
2014-11-16 00:00:00,ecl,aggregate_load,96,43,itransformer,15450.520866980552
2014-11-16 01:00:00,ecl,aggregate_load,96,43,itransformer,15710.910346421902
2014-11-16 02:00:00,ecl,aggregate_load,96,43,itransformer,15706.325436137102
2014-11-16 03:00:00,ecl,aggregate_load,96,43,itransformer,14815.398660815421
2014-11-16 04:00:00,ecl,aggregate_load,96,43,itransformer,14715.955426705865
2014-11-16 05:00:00,ecl,aggregate_load,96,43,itransformer,14474.316673259249
2014-11-16 06:00:00,ecl,aggregate_load,96,43,itransformer,14051.956079001468
2014-11-16 07:00:00,ecl,aggregate_load,96,43,itransformer,14730.080828901026
2014-11-16 08:00:00,ecl,aggregate_load,96,43,itransformer,15936.403641208273
2014-11-16 09:00:00,ecl,aggregate_load,96,43,itransformer,15516.503878357858
2014-11-16 10:00:00,ecl,aggregate_load,96,43,itransformer,14322.69791654368
2014-11-16 11:00:00,ecl,aggregate_load,96,43,itransformer,14179.495588530839
2014-11-16 12:00:00,ecl,aggregate_load,96,43,itransformer,14607.887324876858
2014-11-16 13:00:00,ecl,aggregate_load,96,43,itransformer,16478.2557384894
2014-11-16 14:00:00,ecl,aggregate_load,96,43,itransformer,16626.21813668239
2014-11-16 15:00:00,ecl,aggregate_load,96,43,itransformer,15995.514776521379
2014-11-16 16:00:00,ecl,aggregate_load,96,43,itransformer,16092.59421419821
2014-11-16 17:00:00,ecl,aggregate_load,96,43,itransformer,14096.869139950015
2014-11-16 18:00:00,ecl,aggregate_load,96,43,itransformer,13739.521390817596
2014-11-16 19:00:00,ecl,aggregate_load,96,43,itransformer,14757.576972524417
2014-11-16 20:00:00,ecl,aggregate_load,96,43,itransformer,16305.715350126071
2014-11-16 21:00:00,ecl,aggregate_load,96,43,itransformer,17622.800519648332
2014-11-16 22:00:00,ecl,aggregate_load,96,43,itransformer,16932.24402192505
2014-11-16 23:00:00,ecl,aggregate_load,96,43,itransformer,17025.16293208973
2014-11-17 00:00:00,ecl,aggregate_load,96,43,itransformer,14425.410336267925
2014-11-17 01:00:00,ecl,aggregate_load,96,43,itransformer,14370.996112068302
2014-11-17 02:00:00,ecl,aggregate_load,96,43,itransformer,15421.65486920982
2014-11-17 03:00:00,ecl,aggregate_load,96,43,itransformer,15739.011029110387
2014-11-17 04:00:00,ecl,aggregate_load,96,43,itransformer,15445.833691682446
2014-11-17 05:00:00,ecl,aggregate_load,96,43,itransformer,15397.0929840492
2014-11-17 06:00:00,ecl,aggregate_load,96,43,itransformer,14893.655194619272
2014-11-17 07:00:00,ecl,aggregate_load,96,43,itransformer,16443.090687305445
2014-11-17 08:00:00,ecl,aggregate_load,96,43,itransformer,17671.475962447952
2014-11-17 09:00:00,ecl,aggregate_load,96,43,itransformer,16275.761045008157
2014-11-17 10:00:00,ecl,aggregate_load,96,43,itransformer,16981.321989529388
2014-11-17 11:00:00,ecl,aggregate_load,96,43,itransformer,16268.146679174088
2014-11-17 12:00:00,ecl,aggregate_load,96,43,itransformer,16356.30391702955
2014-11-17 13:00:00,ecl,aggregate_load,96,43,itransformer,19076.610991633406
2014-11-17 14:00:00,ecl,aggregate_load,96,43,itransformer,20369.38117942234
2014-11-17 15:00:00,ecl,aggregate_load,96,43,itransformer,21311.06391150224
2014-11-17 16:00:00,ecl,aggregate_load,96,43,itransformer,21389.755388114576
2014-11-17 17:00:00,ecl,aggregate_load,96,43,itransformer,23288.296162217808
2014-11-17 18:00:00,ecl,aggregate_load,96,43,itransformer,22331.735966352106
2014-11-17 19:00:00,ecl,aggregate_load,96,43,itransformer,22220.667193027246
2014-11-17 20:00:00,ecl,aggregate_load,96,43,itransformer,24056.777444116018
2014-11-17 21:00:00,ecl,aggregate_load,96,43,itransformer,29438.840661208476
2014-11-17 22:00:00,ecl,aggregate_load,96,43,itransformer,28333.501922958258
2014-11-17 23:00:00,ecl,aggregate_load,96,43,itransformer,28608.231641496666
2014-11-18 00:00:00,ecl,aggregate_load,96,43,itransformer,24026.741005650398
2014-11-18 01:00:00,ecl,aggregate_load,96,43,itransformer,23733.630745246104
2014-11-18 02:00:00,ecl,aggregate_load,96,43,itransformer,22647.41845173466
2014-11-18 03:00:00,ecl,aggregate_load,96,43,itransformer,21534.286912944266
2014-11-18 04:00:00,ecl,aggregate_load,96,43,itransformer,21706.85372311093
2014-11-18 05:00:00,ecl,aggregate_load,96,43,itransformer,22701.336437093585
2014-11-18 06:00:00,ecl,aggregate_load,96,43,itransformer,23064.422545658173
2014-11-18 07:00:00,ecl,aggregate_load,96,43,itransformer,23844.267389760294
2014-11-18 08:00:00,ecl,aggregate_load,96,43,itransformer,26950.55567190249
2014-11-18 09:00:00,ecl,aggregate_load,96,43,itransformer,30076.32509223266
2014-11-18 10:00:00,ecl,aggregate_load,96,43,itransformer,34934.9666417668
2014-11-18 11:00:00,ecl,aggregate_load,96,43,itransformer,31769.01997355673
2014-11-18 12:00:00,ecl,aggregate_load,96,43,itransformer,29509.834832571258
2014-11-18 13:00:00,ecl,aggregate_load,96,43,itransformer,29552.234530752274
2014-11-18 14:00:00,ecl,aggregate_load,96,43,itransformer,28366.728126434435
2014-11-18 15:00:00,ecl,aggregate_load,96,43,itransformer,25326.834472965846
2014-11-18 16:00:00,ecl,aggregate_load,96,43,itransformer,27470.90030123404
2014-11-18 17:00:00,ecl,aggregate_load,96,43,itransformer,26958.258329813474
2014-11-18 18:00:00,ecl,aggregate_load,96,43,itransformer,27727.30235309128
2014-11-18 19:00:00,ecl,aggregate_load,96,43,itransformer,29857.802422950874
2014-11-18 20:00:00,ecl,aggregate_load,96,43,itransformer,32193.843434218474
2014-11-18 21:00:00,ecl,aggregate_load,96,43,itransformer,32507.879761965112
2014-11-18 22:00:00,ecl,aggregate_load,96,43,itransformer,30498.09568630513
2014-11-18 23:00:00,ecl,aggregate_load,96,43,itransformer,29833.67888316067
2014-11-19 00:00:00,ecl,aggregate_load,96,43,itransformer,29068.506065686
2014-11-19 01:00:00,ecl,aggregate_load,96,43,itransformer,26555.48973415977
2014-11-19 02:00:00,ecl,aggregate_load,96,43,itransformer,26400.99989646129
2014-11-19 03:00:00,ecl,aggregate_load,96,43,itransformer,24284.15377242191
2014-11-19 04:00:00,ecl,aggregate_load,96,43,itransformer,22462.793354119854
2014-11-19 05:00:00,ecl,aggregate_load,96,43,itransformer,22782.412206389115
2014-11-19 06:00:00,ecl,aggregate_load,96,43,itransformer,22260.80852824793
2014-11-19 07:00:00,ecl,aggregate_load,96,43,itransformer,23039.421183859948
2014-11-19 08:00:00,ecl,aggregate_load,96,43,itransformer,24652.01733447654
2014-11-19 09:00:00,ecl,aggregate_load,96,43,itransformer,25965.828190018325
2014-11-19 10:00:00,ecl,aggregate_load,96,43,itransformer,24837.563033321112
2014-11-19 11:00:00,ecl,aggregate_load,96,43,itransformer,23002.63501542054
2014-11-19 12:00:00,ecl,aggregate_load,96,43,itransformer,23250.683298511216
2014-11-19 13:00:00,ecl,aggregate_load,96,43,itransformer,23680.477927080075
2014-11-19 14:00:00,ecl,aggregate_load,96,43,itransformer,22264.484403964914
2014-11-19 15:00:00,ecl,aggregate_load,96,43,itransformer,19953.09643408414
2014-11-19 16:00:00,ecl,aggregate_load,96,43,itransformer,19811.36735731148
2014-11-19 17:00:00,ecl,aggregate_load,96,43,itransformer,19067.862842329614
2014-11-19 18:00:00,ecl,aggregate_load,96,43,itransformer,18777.220573595085
2014-11-19 19:00:00,ecl,aggregate_load,96,43,itransformer,18719.802948078286
2014-11-19 20:00:00,ecl,aggregate_load,96,43,itransformer,21464.047905698255
2014-11-19 21:00:00,ecl,aggregate_load,96,43,itransformer,24819.180751914642
2014-11-19 22:00:00,ecl,aggregate_load,96,43,itransformer,26403.56689611299
2014-11-19 23:00:00,ecl,aggregate_load,96,43,itransformer,26844.85705089952
2014-11-20 00:00:00,ecl,aggregate_load,96,43,itransformer,24094.77315347064
2014-11-20 01:00:00,ecl,aggregate_load,96,43,itransformer,22513.996597310488
2014-11-20 02:00:00,ecl,aggregate_load,96,43,itransformer,21804.12754496992
2014-11-20 03:00:00,ecl,aggregate_load,96,43,itransformer,21292.897252021863
2014-11-20 04:00:00,ecl,aggregate_load,96,43,itransformer,18577.46907514401
2014-11-20 05:00:00,ecl,aggregate_load,96,43,itransformer,19656.597952615924
2014-11-20 06:00:00,ecl,aggregate_load,96,43,itransformer,21060.16245430206
2014-11-20 07:00:00,ecl,aggregate_load,96,43,itransformer,24627.06290169213
2014-11-20 08:00:00,ecl,aggregate_load,96,43,itransformer,26103.661368296456
2014-11-20 09:00:00,ecl,aggregate_load,96,43,itransformer,26480.416130157624
2014-11-20 10:00:00,ecl,aggregate_load,96,43,itransformer,26796.576233484095
2014-11-20 11:00:00,ecl,aggregate_load,96,43,itransformer,24473.708674812366
2014-11-20 12:00:00,ecl,aggregate_load,96,43,itransformer,21893.395885068545
2014-11-20 13:00:00,ecl,aggregate_load,96,43,itransformer,22209.39489836946
2014-11-20 14:00:00,ecl,aggregate_load,96,43,itransformer,22812.708661631856
2014-11-20 15:00:00,ecl,aggregate_load,96,43,itransformer,19677.296151670802
2014-11-20 16:00:00,ecl,aggregate_load,96,43,itransformer,20416.360700189758
2014-11-20 17:00:00,ecl,aggregate_load,96,43,itransformer,22915.161393121325
2014-11-20 18:00:00,ecl,aggregate_load,96,43,itransformer,26269.638365954805
2014-11-20 19:00:00,ecl,aggregate_load,96,43,itransformer,28819.610802312043
2014-11-20 20:00:00,ecl,aggregate_load,96,43,itransformer,30904.362797793136
2014-11-20 21:00:00,ecl,aggregate_load,96,43,itransformer,34703.3755707703
2014-11-20 22:00:00,ecl,aggregate_load,96,43,itransformer,32337.941335154715
2014-11-20 23:00:00,ecl,aggregate_load,96,43,itransformer,33589.97047896451
2014-11-21 00:00:00,ecl,aggregate_load,96,43,itransformer,29065.014582124364
2014-11-21 01:00:00,ecl,aggregate_load,96,43,itransformer,26902.909034747456
2014-11-21 02:00:00,ecl,aggregate_load,96,43,itransformer,26056.126103021583
2014-11-21 03:00:00,ecl,aggregate_load,96,43,itransformer,23349.90558290759
2014-11-21 04:00:00,ecl,aggregate_load,96,43,itransformer,20596.03847278166
2014-11-21 05:00:00,ecl,aggregate_load,96,43,itransformer,21433.648123728635
2014-11-21 06:00:00,ecl,aggregate_load,96,43,itransformer,22282.96096295942
2014-11-21 07:00:00,ecl,aggregate_load,96,43,itransformer,23866.172881260718
2014-11-21 08:00:00,ecl,aggregate_load,96,43,itransformer,24935.31930894103
2014-11-21 09:00:00,ecl,aggregate_load,96,43,itransformer,28336.98208288279
2014-11-21 10:00:00,ecl,aggregate_load,96,43,itransformer,28947.577475462003
2014-11-21 11:00:00,ecl,aggregate_load,96,43,itransformer,24173.22459512087
2014-11-21 12:00:00,ecl,aggregate_load,96,43,itransformer,23405.214534633054
2014-11-21 13:00:00,ecl,aggregate_load,96,43,itransformer,21500.575049641415
2014-11-21 14:00:00,ecl,aggregate_load,96,43,itransformer,18483.19888619376
2014-11-21 15:00:00,ecl,aggregate_load,96,43,itransformer,15610.532101833509
2014-11-21 16:00:00,ecl,aggregate_load,96,43,itransformer,15254.606795794985
2014-11-21 17:00:00,ecl,aggregate_load,96,43,itransformer,15430.537833967837
2014-11-21 18:00:00,ecl,aggregate_load,96,43,itransformer,16145.112989288746
2014-11-21 19:00:00,ecl,aggregate_load,96,43,itransformer,16691.40436937241
2014-11-21 20:00:00,ecl,aggregate_load,96,43,itransformer,14398.386400989484
2014-11-21 21:00:00,ecl,aggregate_load,96,43,itransformer,14730.849821419943
2014-11-21 22:00:00,ecl,aggregate_load,96,43,itransformer,14471.274694913895
2014-11-21 23:00:00,ecl,aggregate_load,96,43,itransformer,14849.02999135534
2014-11-22 00:00:00,ecl,aggregate_load,96,43,itransformer,14563.956377827844
2014-11-22 01:00:00,ecl,aggregate_load,96,43,itransformer,15832.810791436024
2014-11-22 02:00:00,ecl,aggregate_load,96,43,itransformer,15486.830396850159
2014-11-22 03:00:00,ecl,aggregate_load,96,43,itransformer,17417.270719225347
2014-11-22 04:00:00,ecl,aggregate_load,96,43,itransformer,17739.7578325831
2014-11-22 05:00:00,ecl,aggregate_load,96,43,itransformer,18005.155800023582
2014-11-22 06:00:00,ecl,aggregate_load,96,43,itransformer,18969.61981129071
2014-11-22 07:00:00,ecl,aggregate_load,96,43,itransformer,17738.705364061374
2014-11-22 08:00:00,ecl,aggregate_load,96,43,itransformer,14181.133519864181
2014-11-22 09:00:00,ecl,aggregate_load,96,43,itransformer,15979.300517054537
2014-11-22 10:00:00,ecl,aggregate_load,96,43,itransformer,15761.90470484687
2014-11-22 11:00:00,ecl,aggregate_load,96,43,itransformer,16215.01509223639
2014-11-22 12:00:00,ecl,aggregate_load,96,43,itransformer,16508.542573408
2014-11-22 13:00:00,ecl,aggregate_load,96,43,itransformer,15988.794376334694
2014-11-22 14:00:00,ecl,aggregate_load,96,43,itransformer,16758.29435920811
2014-11-22 15:00:00,ecl,aggregate_load,96,43,itransformer,18706.037688437213
2014-11-22 16:00:00,ecl,aggregate_load,96,43,itransformer,22295.425274443696
2014-11-22 17:00:00,ecl,aggregate_load,96,43,itransformer,29717.863294227816
2014-11-22 18:00:00,ecl,aggregate_load,96,43,itransformer,32048.58877673083
2014-11-22 19:00:00,ecl,aggregate_load,96,43,itransformer,28818.244950028107
2014-11-22 20:00:00,ecl,aggregate_load,96,43,itransformer,26205.20831577729
2014-11-22 21:00:00,ecl,aggregate_load,96,43,itransformer,21960.695810216577
2014-11-22 22:00:00,ecl,aggregate_load,96,43,itransformer,21152.686948549457
2014-11-22 23:00:00,ecl,aggregate_load,96,43,itransformer,19721.41606909802
2014-11-23 00:00:00,ecl,aggregate_load,96,43,itransformer,24434.13133186228
2014-11-23 01:00:00,ecl,aggregate_load,96,43,itransformer,27526.728973249556
2014-11-23 02:00:00,ecl,aggregate_load,96,43,itransformer,27045.229255446553
2014-11-23 03:00:00,ecl,aggregate_load,96,43,itransformer,25840.02202889492
2014-11-23 04:00:00,ecl,aggregate_load,96,43,itransformer,28113.693756830577
2014-11-23 05:00:00,ecl,aggregate_load,96,43,itransformer,27608.443074634997
2014-11-23 06:00:00,ecl,aggregate_load,96,43,itransformer,26958.921719751117
2014-11-23 07:00:00,ecl,aggregate_load,96,43,itransformer,21749.15369716216
2014-11-23 08:00:00,ecl,aggregate_load,96,43,itransformer,17340.25179550127
2014-11-23 09:00:00,ecl,aggregate_load,96,43,itransformer,14429.160860918268
2014-11-23 10:00:00,ecl,aggregate_load,96,43,itransformer,13732.508347915034
2014-11-23 11:00:00,ecl,aggregate_load,96,43,itransformer,14897.617290141616
2014-11-23 12:00:00,ecl,aggregate_load,96,43,itransformer,15147.372848480298
2014-11-23 13:00:00,ecl,aggregate_load,96,43,itransformer,13513.888818413512
2014-11-23 14:00:00,ecl,aggregate_load,96,43,itransformer,13691.401617050165
2014-11-23 15:00:00,ecl,aggregate_load,96,43,itransformer,15666.603456637074
2014-11-23 16:00:00,ecl,aggregate_load,96,43,itransformer,19703.265712311364
2014-11-23 17:00:00,ecl,aggregate_load,96,43,itransformer,23517.39559155972
2014-11-23 18:00:00,ecl,aggregate_load,96,43,itransformer,22676.52780102534
2014-11-23 19:00:00,ecl,aggregate_load,96,43,itransformer,20781.272041650835
2014-11-23 20:00:00,ecl,aggregate_load,96,43,itransformer,17097.762587632984
2014-11-23 21:00:00,ecl,aggregate_load,96,43,itransformer,14869.676385032502
2014-11-23 22:00:00,ecl,aggregate_load,96,43,itransformer,14042.29383985219
2014-11-23 23:00:00,ecl,aggregate_load,96,43,itransformer,14895.267612418895
2014-11-24 00:00:00,ecl,aggregate_load,96,43,itransformer,16449.834418332994
2014-11-24 01:00:00,ecl,aggregate_load,96,43,itransformer,18328.027820464795
2014-11-24 02:00:00,ecl,aggregate_load,96,43,itransformer,16322.145105882699
2014-11-24 03:00:00,ecl,aggregate_load,96,43,itransformer,18159.458047262204
2014-11-24 04:00:00,ecl,aggregate_load,96,43,itransformer,19425.618225265138
2014-11-24 05:00:00,ecl,aggregate_load,96,43,itransformer,19311.550463767573
2014-11-24 06:00:00,ecl,aggregate_load,96,43,itransformer,18140.2668774618
2014-11-24 07:00:00,ecl,aggregate_load,96,43,itransformer,15111.36491920662
2014-11-24 08:00:00,ecl,aggregate_load,96,43,itransformer,14538.86741297527
2014-11-24 09:00:00,ecl,aggregate_load,96,43,itransformer,13818.677349544823
2014-11-24 10:00:00,ecl,aggregate_load,96,43,itransformer,13081.458268708835
2014-11-24 11:00:00,ecl,aggregate_load,96,43,itransformer,15850.408624791293
2014-11-24 12:00:00,ecl,aggregate_load,96,43,itransformer,16260.620868081176
2014-11-24 13:00:00,ecl,aggregate_load,96,43,itransformer,15872.29150415789
2014-11-24 14:00:00,ecl,aggregate_load,96,43,itransformer,17812.64260942733
2014-11-24 15:00:00,ecl,aggregate_load,96,43,itransformer,20167.37311217287
2014-11-24 16:00:00,ecl,aggregate_load,96,43,itransformer,21570.74590974661
2014-11-24 17:00:00,ecl,aggregate_load,96,43,itransformer,22679.05816297523
2014-11-24 18:00:00,ecl,aggregate_load,96,43,itransformer,23185.841646753597
2014-11-24 19:00:00,ecl,aggregate_load,96,43,itransformer,22365.520033963065
2014-11-24 20:00:00,ecl,aggregate_load,96,43,itransformer,19756.407657228985
2014-11-24 21:00:00,ecl,aggregate_load,96,43,itransformer,18828.2363783105
2014-11-24 22:00:00,ecl,aggregate_load,96,43,itransformer,20300.063240292086
2014-11-24 23:00:00,ecl,aggregate_load,96,43,itransformer,18299.604589105045
2014-11-25 00:00:00,ecl,aggregate_load,96,43,itransformer,23074.224514187237
2014-11-25 01:00:00,ecl,aggregate_load,96,43,itransformer,24053.18573378434
2014-11-25 02:00:00,ecl,aggregate_load,96,43,itransformer,25563.798879902886
2014-11-25 03:00:00,ecl,aggregate_load,96,43,itransformer,26010.890230060275
2014-11-25 04:00:00,ecl,aggregate_load,96,43,itransformer,27480.740294613814
2014-11-25 05:00:00,ecl,aggregate_load,96,43,itransformer,26855.070966952888
2014-11-25 06:00:00,ecl,aggregate_load,96,43,itransformer,26369.02276904357
2014-11-25 07:00:00,ecl,aggregate_load,96,43,itransformer,23682.870002226362
2014-11-25 08:00:00,ecl,aggregate_load,96,43,itransformer,23375.03503059955
2014-11-25 09:00:00,ecl,aggregate_load,96,43,itransformer,20242.252892744826
2014-11-25 10:00:00,ecl,aggregate_load,96,43,itransformer,18666.626589948413
2014-11-25 11:00:00,ecl,aggregate_load,96,43,itransformer,20551.02490449307
2014-11-25 12:00:00,ecl,aggregate_load,96,43,itransformer,17635.120701722597
2014-11-25 13:00:00,ecl,aggregate_load,96,43,itransformer,14002.497076268823
2014-11-25 14:00:00,ecl,aggregate_load,96,43,itransformer,13164.600162564924
2014-11-25 15:00:00,ecl,aggregate_load,96,43,itransformer,14525.451250693697
2014-11-25 16:00:00,ecl,aggregate_load,96,43,itransformer,13431.67713615312
2014-11-25 17:00:00,ecl,aggregate_load,96,43,itransformer,12856.004859420818
2014-11-25 18:00:00,ecl,aggregate_load,96,43,itransformer,13277.952491135693
2014-11-25 19:00:00,ecl,aggregate_load,96,43,itransformer,12573.071063920697
2014-11-25 20:00:00,ecl,aggregate_load,96,43,itransformer,10736.464646353737
2014-11-25 21:00:00,ecl,aggregate_load,96,43,itransformer,10624.8929900179
2014-11-25 22:00:00,ecl,aggregate_load,96,43,itransformer,10323.295547854743
2014-11-25 23:00:00,ecl,aggregate_load,96,43,itransformer,10726.870070170648
2014-11-26 00:00:00,ecl,aggregate_load,96,43,itransformer,12392.55565697822
2014-11-26 01:00:00,ecl,aggregate_load,96,43,itransformer,12713.469712030428
2014-11-26 02:00:00,ecl,aggregate_load,96,43,itransformer,13249.727960262544
2014-11-26 03:00:00,ecl,aggregate_load,96,43,itransformer,13511.445343700922
2014-11-26 04:00:00,ecl,aggregate_load,96,43,itransformer,15154.305494847957
2014-11-26 05:00:00,ecl,aggregate_load,96,43,itransformer,15067.752555882646
2014-11-26 06:00:00,ecl,aggregate_load,96,43,itransformer,15010.870058731796
2014-11-26 07:00:00,ecl,aggregate_load,96,43,itransformer,13097.178550321865
2014-11-26 08:00:00,ecl,aggregate_load,96,43,itransformer,12447.879469185786
2014-11-26 09:00:00,ecl,aggregate_load,96,43,itransformer,11653.568127314307
2014-11-26 10:00:00,ecl,aggregate_load,96,43,itransformer,11172.35098972785
2014-11-26 11:00:00,ecl,aggregate_load,96,43,itransformer,10262.520029387364
2014-11-26 12:00:00,ecl,aggregate_load,96,43,itransformer,10994.061429512245
2014-11-26 13:00:00,ecl,aggregate_load,96,43,itransformer,9464.402184082834
2014-11-26 14:00:00,ecl,aggregate_load,96,43,itransformer,10332.46641141231
2014-11-26 15:00:00,ecl,aggregate_load,96,43,itransformer,11703.312599704304
2014-11-26 16:00:00,ecl,aggregate_load,96,43,itransformer,13079.697663023957
2014-11-26 17:00:00,ecl,aggregate_load,96,43,itransformer,13076.049480583533
2014-11-26 18:00:00,ecl,aggregate_load,96,43,itransformer,12999.383092895796
2014-11-26 19:00:00,ecl,aggregate_load,96,43,itransformer,13322.633970264496
2014-11-26 20:00:00,ecl,aggregate_load,96,43,itransformer,12977.917390592265
2014-11-26 21:00:00,ecl,aggregate_load,96,43,itransformer,12535.958815892329
2014-11-26 22:00:00,ecl,aggregate_load,96,43,itransformer,13032.086763562045
2014-11-26 23:00:00,ecl,aggregate_load,96,43,itransformer,12995.29323055337
2014-11-27 00:00:00,ecl,aggregate_load,96,43,itransformer,13447.479958067552
2014-11-27 01:00:00,ecl,aggregate_load,96,43,itransformer,14537.922072798356
2014-11-27 02:00:00,ecl,aggregate_load,96,43,itransformer,14653.405745460683
2014-11-27 03:00:00,ecl,aggregate_load,96,43,itransformer,14690.106919745356
2014-11-27 04:00:00,ecl,aggregate_load,96,43,itransformer,16735.427509247118
2014-11-27 05:00:00,ecl,aggregate_load,96,43,itransformer,16047.647926221414
2014-11-27 06:00:00,ecl,aggregate_load,96,43,itransformer,15556.90910642838
2014-11-27 07:00:00,ecl,aggregate_load,96,43,itransformer,15218.238952988904
2014-11-27 08:00:00,ecl,aggregate_load,96,43,itransformer,13849.586052243481
2014-11-27 09:00:00,ecl,aggregate_load,96,43,itransformer,12822.036150306927
2014-11-27 10:00:00,ecl,aggregate_load,96,43,itransformer,12071.40156168679
2014-11-27 11:00:00,ecl,aggregate_load,96,43,itransformer,12715.9262614413
2014-11-27 12:00:00,ecl,aggregate_load,96,43,itransformer,12899.568458836477
2014-11-27 13:00:00,ecl,aggregate_load,96,43,itransformer,11835.270250496857
2014-11-27 14:00:00,ecl,aggregate_load,96,43,itransformer,11557.676616500548
2014-11-27 15:00:00,ecl,aggregate_load,96,43,itransformer,12299.579624149463
2014-11-27 16:00:00,ecl,aggregate_load,96,43,itransformer,11838.366773515621
2014-11-27 17:00:00,ecl,aggregate_load,96,43,itransformer,12203.938359604108
2014-11-27 18:00:00,ecl,aggregate_load,96,43,itransformer,12310.716097049235
2014-11-27 19:00:00,ecl,aggregate_load,96,43,itransformer,11936.772762679706
2014-11-27 20:00:00,ecl,aggregate_load,96,43,itransformer,10447.557172713658
2014-11-27 21:00:00,ecl,aggregate_load,96,43,itransformer,10506.83063493407
2014-11-27 22:00:00,ecl,aggregate_load,96,43,itransformer,11125.949593185396
2014-11-27 23:00:00,ecl,aggregate_load,96,43,itransformer,11536.168988387042
2014-11-28 00:00:00,ecl,aggregate_load,96,43,itransformer,10321.544807247103
2014-11-28 01:00:00,ecl,aggregate_load,96,43,itransformer,10976.72002145282
2014-11-28 02:00:00,ecl,aggregate_load,96,43,itransformer,11481.35695104379
2014-11-28 03:00:00,ecl,aggregate_load,96,43,itransformer,12283.46367904913
2014-11-28 04:00:00,ecl,aggregate_load,96,43,itransformer,15039.924164078324
2014-11-28 05:00:00,ecl,aggregate_load,96,43,itransformer,13183.313359750799
2014-11-28 06:00:00,ecl,aggregate_load,96,43,itransformer,13144.33789593195
2014-11-28 07:00:00,ecl,aggregate_load,96,43,itransformer,11953.864260453294
2014-11-28 08:00:00,ecl,aggregate_load,96,43,itransformer,11353.653055792294
2014-11-28 09:00:00,ecl,aggregate_load,96,43,itransformer,11019.123924213802
2014-11-28 10:00:00,ecl,aggregate_load,96,43,itransformer,11535.99403518416
2014-11-28 11:00:00,ecl,aggregate_load,96,43,itransformer,11194.801282205453
2014-11-28 12:00:00,ecl,aggregate_load,96,43,itransformer,10290.707241103235
2014-11-28 13:00:00,ecl,aggregate_load,96,43,itransformer,9998.806381529432
2014-11-28 14:00:00,ecl,aggregate_load,96,43,itransformer,9521.28701864536
2014-11-28 15:00:00,ecl,aggregate_load,96,43,itransformer,10635.247637311559
2014-11-28 16:00:00,ecl,aggregate_load,96,43,itransformer,10957.216209803004
2014-11-28 17:00:00,ecl,aggregate_load,96,43,itransformer,11936.72797623927
2014-11-28 18:00:00,ecl,aggregate_load,96,43,itransformer,12217.737695466358
2014-11-28 19:00:00,ecl,aggregate_load,96,43,itransformer,11817.236268169809
2014-11-28 20:00:00,ecl,aggregate_load,96,43,itransformer,10998.91555338252
2014-11-28 21:00:00,ecl,aggregate_load,96,43,itransformer,10957.868113277027
2014-11-28 22:00:00,ecl,aggregate_load,96,43,itransformer,11197.034260606184
2014-11-28 23:00:00,ecl,aggregate_load,96,43,itransformer,11348.739795902351
2014-11-29 00:00:00,ecl,aggregate_load,96,43,itransformer,10788.404379669832
2014-11-29 01:00:00,ecl,aggregate_load,96,43,itransformer,10884.749699437276
2014-11-29 02:00:00,ecl,aggregate_load,96,43,itransformer,11532.053615333794
2014-11-29 03:00:00,ecl,aggregate_load,96,43,itransformer,11704.343805489521
2014-11-29 04:00:00,ecl,aggregate_load,96,43,itransformer,13283.558312679088
2014-11-29 05:00:00,ecl,aggregate_load,96,43,itransformer,11476.401895952558
2014-11-29 06:00:00,ecl,aggregate_load,96,43,itransformer,10479.90629675486
2014-11-29 07:00:00,ecl,aggregate_load,96,43,itransformer,10513.698322190941
2014-11-29 08:00:00,ecl,aggregate_load,96,43,itransformer,11049.130140140807
2014-11-29 09:00:00,ecl,aggregate_load,96,43,itransformer,11622.791444601908
2014-11-29 10:00:00,ecl,aggregate_load,96,43,itransformer,13634.506986571027
2014-11-29 11:00:00,ecl,aggregate_load,96,43,itransformer,12524.312379110497
2014-11-29 12:00:00,ecl,aggregate_load,96,43,itransformer,11213.239274029389
2014-11-29 13:00:00,ecl,aggregate_load,96,43,itransformer,10506.574127264
2014-11-29 14:00:00,ecl,aggregate_load,96,43,itransformer,10427.39208165014
2014-11-29 15:00:00,ecl,aggregate_load,96,43,itransformer,13028.754849267983
2014-11-29 16:00:00,ecl,aggregate_load,96,43,itransformer,16077.19043042664
2014-11-29 17:00:00,ecl,aggregate_load,96,43,itransformer,14766.714020801075
2014-11-29 18:00:00,ecl,aggregate_load,96,43,itransformer,15118.425119064372
2014-11-29 19:00:00,ecl,aggregate_load,96,43,itransformer,15270.204771372939
2014-11-29 20:00:00,ecl,aggregate_load,96,43,itransformer,12128.489722500919
2014-11-29 21:00:00,ecl,aggregate_load,96,43,itransformer,10746.020259595185
2014-11-29 22:00:00,ecl,aggregate_load,96,43,itransformer,10790.80086867826
2014-11-29 23:00:00,ecl,aggregate_load,96,43,itransformer,10490.134110264884
2014-11-30 00:00:00,ecl,aggregate_load,96,43,itransformer,10638.162728578669
2014-11-30 01:00:00,ecl,aggregate_load,96,43,itransformer,12489.938816649117
2014-11-30 02:00:00,ecl,aggregate_load,96,43,itransformer,12645.548172959248
2014-11-30 03:00:00,ecl,aggregate_load,96,43,itransformer,14093.442834220667
2014-11-30 04:00:00,ecl,aggregate_load,96,43,itransformer,15421.380505297764
2014-11-30 05:00:00,ecl,aggregate_load,96,43,itransformer,15347.622385932069
2014-11-30 06:00:00,ecl,aggregate_load,96,43,itransformer,14437.147533212863
2014-11-30 07:00:00,ecl,aggregate_load,96,43,itransformer,12538.914270281819
2014-11-30 08:00:00,ecl,aggregate_load,96,43,itransformer,10281.308369916864
2014-11-30 09:00:00,ecl,aggregate_load,96,43,itransformer,9582.204069947182
2014-11-30 10:00:00,ecl,aggregate_load,96,43,itransformer,10056.190448955647
2014-11-30 11:00:00,ecl,aggregate_load,96,43,itransformer,10167.92608909746
2014-11-30 12:00:00,ecl,aggregate_load,96,43,itransformer,11420.227870204173
2014-11-30 13:00:00,ecl,aggregate_load,96,43,itransformer,11334.797620927595
2014-11-30 14:00:00,ecl,aggregate_load,96,43,itransformer,11428.858216475135
2014-11-30 15:00:00,ecl,aggregate_load,96,43,itransformer,15609.978879031862
2014-11-30 16:00:00,ecl,aggregate_load,96,43,itransformer,17943.066064794028
2014-11-30 17:00:00,ecl,aggregate_load,96,43,itransformer,16961.64726321245
2014-11-30 18:00:00,ecl,aggregate_load,96,43,itransformer,16602.06564053089
2014-11-30 19:00:00,ecl,aggregate_load,96,43,itransformer,18015.535189008806
2014-11-30 20:00:00,ecl,aggregate_load,96,43,itransformer,13864.550068196475
2014-11-30 21:00:00,ecl,aggregate_load,96,43,itransformer,12199.024269469533
2014-11-30 22:00:00,ecl,aggregate_load,96,43,itransformer,9830.526367376993
2014-11-30 23:00:00,ecl,aggregate_load,96,43,itransformer,9615.422177789223
2014-12-01 00:00:00,ecl,aggregate_load,96,43,itransformer,11237.505613892003
2014-12-01 01:00:00,ecl,aggregate_load,96,43,itransformer,14272.589480571425
2014-12-01 02:00:00,ecl,aggregate_load,96,43,itransformer,12894.146291377336
2014-12-01 03:00:00,ecl,aggregate_load,96,43,itransformer,15193.36216353858
2014-12-01 04:00:00,ecl,aggregate_load,96,43,itransformer,17576.236478838753
2014-12-01 05:00:00,ecl,aggregate_load,96,43,itransformer,16467.556717127885
2014-12-01 06:00:00,ecl,aggregate_load,96,43,itransformer,15005.455364119778
2014-12-01 07:00:00,ecl,aggregate_load,96,43,itransformer,12526.701133570758
2014-12-01 08:00:00,ecl,aggregate_load,96,43,itransformer,11525.396072046511
2014-12-01 09:00:00,ecl,aggregate_load,96,43,itransformer,9650.789603493606
2014-12-01 10:00:00,ecl,aggregate_load,96,43,itransformer,9062.942048011962
2014-12-01 11:00:00,ecl,aggregate_load,96,43,itransformer,10901.195818645854
2014-12-01 12:00:00,ecl,aggregate_load,96,43,itransformer,10052.68869942124
2014-12-01 13:00:00,ecl,aggregate_load,96,43,itransformer,11366.184211750036
2014-12-01 14:00:00,ecl,aggregate_load,96,43,itransformer,11860.694711168908
2014-12-01 15:00:00,ecl,aggregate_load,96,43,itransformer,14567.716918346341
2014-12-01 16:00:00,ecl,aggregate_load,96,43,itransformer,14624.850275372499
2014-12-01 17:00:00,ecl,aggregate_load,96,43,itransformer,13992.811427708599
2014-12-01 18:00:00,ecl,aggregate_load,96,43,itransformer,14701.769332225484
2014-12-01 19:00:00,ecl,aggregate_load,96,43,itransformer,14116.895112119128
2014-12-01 20:00:00,ecl,aggregate_load,96,43,itransformer,12248.348094108194
2014-12-01 21:00:00,ecl,aggregate_load,96,43,itransformer,9425.15985092553
2014-12-01 22:00:00,ecl,aggregate_load,96,43,itransformer,9177.734542410779
2014-12-01 23:00:00,ecl,aggregate_load,96,43,itransformer,9569.034427608623
2014-12-02 00:00:00,ecl,aggregate_load,96,43,itransformer,12645.621390556968
2014-12-02 01:00:00,ecl,aggregate_load,96,43,itransformer,14176.183396219605
2014-12-02 02:00:00,ecl,aggregate_load,96,43,itransformer,15487.393995062555
2014-12-02 03:00:00,ecl,aggregate_load,96,43,itransformer,17996.08856144185
2014-12-02 04:00:00,ecl,aggregate_load,96,43,itransformer,21485.07269747794
2014-12-02 05:00:00,ecl,aggregate_load,96,43,itransformer,19805.564983272274
2014-12-02 06:00:00,ecl,aggregate_load,96,43,itransformer,19166.541087715417
2014-12-02 07:00:00,ecl,aggregate_load,96,43,itransformer,16557.6715816936
2014-12-02 08:00:00,ecl,aggregate_load,96,43,itransformer,14719.110609787189
2014-12-02 09:00:00,ecl,aggregate_load,96,43,itransformer,11815.445881639893
2014-12-02 10:00:00,ecl,aggregate_load,96,43,itransformer,10968.81314558981
2014-12-02 11:00:00,ecl,aggregate_load,96,43,itransformer,11980.960377236193
2014-12-02 12:00:00,ecl,aggregate_load,96,43,itransformer,11444.17186374714
2014-12-02 13:00:00,ecl,aggregate_load,96,43,itransformer,10492.217143138685
2014-12-02 14:00:00,ecl,aggregate_load,96,43,itransformer,10625.042312786358
2014-12-02 15:00:00,ecl,aggregate_load,96,43,itransformer,9988.564266486761
2014-12-02 16:00:00,ecl,aggregate_load,96,43,itransformer,9048.45084264321
2014-12-02 17:00:00,ecl,aggregate_load,96,43,itransformer,8604.413348623553
2014-12-02 18:00:00,ecl,aggregate_load,96,43,itransformer,8868.822185021296
2014-12-02 19:00:00,ecl,aggregate_load,96,43,itransformer,8807.385500897102
2014-12-02 20:00:00,ecl,aggregate_load,96,43,itransformer,10069.634614055174
2014-12-02 21:00:00,ecl,aggregate_load,96,43,itransformer,10509.115038872615
2014-12-02 22:00:00,ecl,aggregate_load,96,43,itransformer,10974.930456409764
2014-12-02 23:00:00,ecl,aggregate_load,96,43,itransformer,9854.712105554061
2014-12-03 00:00:00,ecl,aggregate_load,96,43,itransformer,9783.914771252932
2014-12-03 01:00:00,ecl,aggregate_load,96,43,itransformer,10625.16518785141
2014-12-03 02:00:00,ecl,aggregate_load,96,43,itransformer,10571.81816969851
2014-12-03 03:00:00,ecl,aggregate_load,96,43,itransformer,11726.358907080628
2014-12-03 04:00:00,ecl,aggregate_load,96,43,itransformer,13789.953034292897
2014-12-03 05:00:00,ecl,aggregate_load,96,43,itransformer,12839.626023331055
2014-12-03 06:00:00,ecl,aggregate_load,96,43,itransformer,12193.201262245324
2014-12-03 07:00:00,ecl,aggregate_load,96,43,itransformer,10980.428380889445
2014-12-03 08:00:00,ecl,aggregate_load,96,43,itransformer,10509.729369124578
2014-12-03 09:00:00,ecl,aggregate_load,96,43,itransformer,10466.112336562926
2014-12-03 10:00:00,ecl,aggregate_load,96,43,itransformer,11653.72188564686
2014-12-03 11:00:00,ecl,aggregate_load,96,43,itransformer,10423.928556719306
2014-12-03 12:00:00,ecl,aggregate_load,96,43,itransformer,10169.853328543548
2014-12-03 13:00:00,ecl,aggregate_load,96,43,itransformer,10344.002319432342
2014-12-03 14:00:00,ecl,aggregate_load,96,43,itransformer,11333.093806469418
2014-12-03 15:00:00,ecl,aggregate_load,96,43,itransformer,12434.890070300156
2014-12-03 16:00:00,ecl,aggregate_load,96,43,itransformer,12321.256263029863
2014-12-03 17:00:00,ecl,aggregate_load,96,43,itransformer,11709.298118372159
2014-12-03 18:00:00,ecl,aggregate_load,96,43,itransformer,12049.8439994054
2014-12-03 19:00:00,ecl,aggregate_load,96,43,itransformer,12064.856816977488
2014-12-03 20:00:00,ecl,aggregate_load,96,43,itransformer,12187.057623376042
2014-12-03 21:00:00,ecl,aggregate_load,96,43,itransformer,12368.864396552695
2014-12-03 22:00:00,ecl,aggregate_load,96,43,itransformer,12839.520764686555
2014-12-03 23:00:00,ecl,aggregate_load,96,43,itransformer,13442.46800511198
2014-12-04 00:00:00,ecl,aggregate_load,96,43,itransformer,12810.159247509253
2014-12-04 01:00:00,ecl,aggregate_load,96,43,itransformer,13443.953820700879
2014-12-04 02:00:00,ecl,aggregate_load,96,43,itransformer,13242.820524575005
2014-12-04 03:00:00,ecl,aggregate_load,96,43,itransformer,14282.84836110622
2014-12-04 04:00:00,ecl,aggregate_load,96,43,itransformer,16824.15943975146
2014-12-04 05:00:00,ecl,aggregate_load,96,43,itransformer,15667.789910056155
2014-12-04 06:00:00,ecl,aggregate_load,96,43,itransformer,14177.963951533742
2014-12-04 07:00:00,ecl,aggregate_load,96,43,itransformer,13597.141964556411
2014-12-04 08:00:00,ecl,aggregate_load,96,43,itransformer,13553.822179848818
2014-12-04 09:00:00,ecl,aggregate_load,96,43,itransformer,13732.97302638961
2014-12-04 10:00:00,ecl,aggregate_load,96,43,itransformer,13939.647602419054
2014-12-04 11:00:00,ecl,aggregate_load,96,43,itransformer,13633.339166960437
2014-12-04 12:00:00,ecl,aggregate_load,96,43,itransformer,14378.840456788117
2014-12-04 13:00:00,ecl,aggregate_load,96,43,itransformer,12868.869972215378
2014-12-04 14:00:00,ecl,aggregate_load,96,43,itransformer,13004.25502849038
2014-12-04 15:00:00,ecl,aggregate_load,96,43,itransformer,13690.742586918997
2014-12-04 16:00:00,ecl,aggregate_load,96,43,itransformer,13810.83712353502
2014-12-04 17:00:00,ecl,aggregate_load,96,43,itransformer,13968.360761175085
2014-12-04 18:00:00,ecl,aggregate_load,96,43,itransformer,13517.792560478643
2014-12-04 19:00:00,ecl,aggregate_load,96,43,itransformer,13474.22041710116
2014-12-04 20:00:00,ecl,aggregate_load,96,43,itransformer,12770.093412613502
2014-12-04 21:00:00,ecl,aggregate_load,96,43,itransformer,13934.732622579782
2014-12-04 22:00:00,ecl,aggregate_load,96,43,itransformer,13927.375803143548
2014-12-04 23:00:00,ecl,aggregate_load,96,43,itransformer,14207.595235479073
2014-12-05 00:00:00,ecl,aggregate_load,96,43,itransformer,13034.183454284977
2014-12-05 01:00:00,ecl,aggregate_load,96,43,itransformer,13307.70314503417
2014-12-05 02:00:00,ecl,aggregate_load,96,43,itransformer,12918.504321212213
2014-12-05 03:00:00,ecl,aggregate_load,96,43,itransformer,13250.975742654555
2014-12-05 04:00:00,ecl,aggregate_load,96,43,itransformer,13752.657416841741
2014-12-05 05:00:00,ecl,aggregate_load,96,43,itransformer,12820.420789414333
2014-12-05 06:00:00,ecl,aggregate_load,96,43,itransformer,12466.022783558816
2014-12-05 07:00:00,ecl,aggregate_load,96,43,itransformer,12550.956099967805
2014-12-05 08:00:00,ecl,aggregate_load,96,43,itransformer,12581.615858460978
2014-12-05 09:00:00,ecl,aggregate_load,96,43,itransformer,12368.775969153
2014-12-05 10:00:00,ecl,aggregate_load,96,43,itransformer,13299.719141357331
2014-12-05 11:00:00,ecl,aggregate_load,96,43,itransformer,13175.102154435044
2014-12-05 12:00:00,ecl,aggregate_load,96,43,itransformer,14050.571296944307
2014-12-05 13:00:00,ecl,aggregate_load,96,43,itransformer,13001.533058684792
2014-12-05 14:00:00,ecl,aggregate_load,96,43,itransformer,12171.590807713821
2014-12-05 15:00:00,ecl,aggregate_load,96,43,itransformer,13753.832250441299
2014-12-05 16:00:00,ecl,aggregate_load,96,43,itransformer,13614.802776286737
2014-12-05 17:00:00,ecl,aggregate_load,96,43,itransformer,14007.082087331284
2014-12-05 18:00:00,ecl,aggregate_load,96,43,itransformer,13668.315233713662
2014-12-05 19:00:00,ecl,aggregate_load,96,43,itransformer,13102.34786285038
2014-12-05 20:00:00,ecl,aggregate_load,96,43,itransformer,12928.367845943927
2014-12-05 21:00:00,ecl,aggregate_load,96,43,itransformer,13781.765939502659
2014-12-05 22:00:00,ecl,aggregate_load,96,43,itransformer,13312.453618876032
2014-12-05 23:00:00,ecl,aggregate_load,96,43,itransformer,13088.087815146106
2014-12-06 00:00:00,ecl,aggregate_load,96,43,itransformer,12673.546874101563
2014-12-06 01:00:00,ecl,aggregate_load,96,43,itransformer,13153.085044237805
2014-12-06 02:00:00,ecl,aggregate_load,96,43,itransformer,12781.403748612449
2014-12-06 03:00:00,ecl,aggregate_load,96,43,itransformer,13483.212994290066
2014-12-06 04:00:00,ecl,aggregate_load,96,43,itransformer,15389.0804530956
2014-12-06 05:00:00,ecl,aggregate_load,96,43,itransformer,14223.264078471366
2014-12-06 06:00:00,ecl,aggregate_load,96,43,itransformer,14505.40941785226
2014-12-06 07:00:00,ecl,aggregate_load,96,43,itransformer,14805.429624319067
2014-12-06 08:00:00,ecl,aggregate_load,96,43,itransformer,13180.124577433931
2014-12-06 09:00:00,ecl,aggregate_load,96,43,itransformer,13643.821120636057
2014-12-06 10:00:00,ecl,aggregate_load,96,43,itransformer,13874.546204989501
2014-12-06 11:00:00,ecl,aggregate_load,96,43,itransformer,14630.040179675469
2014-12-06 12:00:00,ecl,aggregate_load,96,43,itransformer,15023.80947361789
2014-12-06 13:00:00,ecl,aggregate_load,96,43,itransformer,13704.392210347243
2014-12-06 14:00:00,ecl,aggregate_load,96,43,itransformer,13359.642146118187
2014-12-06 15:00:00,ecl,aggregate_load,96,43,itransformer,14781.563140751467
2014-12-06 16:00:00,ecl,aggregate_load,96,43,itransformer,14519.784032138452
2014-12-06 17:00:00,ecl,aggregate_load,96,43,itransformer,14650.279795151591
2014-12-06 18:00:00,ecl,aggregate_load,96,43,itransformer,13962.299948773112
2014-12-06 19:00:00,ecl,aggregate_load,96,43,itransformer,14575.458770834799
2014-12-06 20:00:00,ecl,aggregate_load,96,43,itransformer,14735.590420125876
2014-12-06 21:00:00,ecl,aggregate_load,96,43,itransformer,14814.871385619246
2014-12-06 22:00:00,ecl,aggregate_load,96,43,itransformer,15328.70503104069
2014-12-06 23:00:00,ecl,aggregate_load,96,43,itransformer,15516.740863955636
2014-12-07 00:00:00,ecl,aggregate_load,96,43,itransformer,14886.044973837646
2014-12-07 01:00:00,ecl,aggregate_load,96,43,itransformer,14713.032296703159
2014-12-07 02:00:00,ecl,aggregate_load,96,43,itransformer,14618.815941303217
2014-12-07 03:00:00,ecl,aggregate_load,96,43,itransformer,14237.898884181652
2014-12-07 04:00:00,ecl,aggregate_load,96,43,itransformer,13494.21879343884
2014-12-07 05:00:00,ecl,aggregate_load,96,43,itransformer,13521.59919694489
2014-12-07 06:00:00,ecl,aggregate_load,96,43,itransformer,13447.453044937714
2014-12-07 07:00:00,ecl,aggregate_load,96,43,itransformer,13036.77341318438
2014-12-07 08:00:00,ecl,aggregate_load,96,43,itransformer,14070.09504787926
2014-12-07 09:00:00,ecl,aggregate_load,96,43,itransformer,14675.729686906701
2014-12-07 10:00:00,ecl,aggregate_load,96,43,itransformer,15424.197563410766
2014-12-07 11:00:00,ecl,aggregate_load,96,43,itransformer,15335.745542311459
2014-12-07 12:00:00,ecl,aggregate_load,96,43,itransformer,15247.98478351343
2014-12-07 13:00:00,ecl,aggregate_load,96,43,itransformer,16121.86288221289
2014-12-07 14:00:00,ecl,aggregate_load,96,43,itransformer,16697.520825097887
2014-12-07 15:00:00,ecl,aggregate_load,96,43,itransformer,15214.32939960716
2014-12-07 16:00:00,ecl,aggregate_load,96,43,itransformer,12585.774530081166
2014-12-07 17:00:00,ecl,aggregate_load,96,43,itransformer,12320.793234289202
2014-12-07 18:00:00,ecl,aggregate_load,96,43,itransformer,12432.15828973874
2014-12-07 19:00:00,ecl,aggregate_load,96,43,itransformer,12705.575635874535
2014-12-07 20:00:00,ecl,aggregate_load,96,43,itransformer,12602.284286336793
2014-12-07 21:00:00,ecl,aggregate_load,96,43,itransformer,13376.93934419417
2014-12-07 22:00:00,ecl,aggregate_load,96,43,itransformer,14218.208321653228
2014-12-07 23:00:00,ecl,aggregate_load,96,43,itransformer,14725.449256695634
2014-12-08 00:00:00,ecl,aggregate_load,96,43,itransformer,12461.116528151686
2014-12-08 01:00:00,ecl,aggregate_load,96,43,itransformer,11801.233539677365
2014-12-08 02:00:00,ecl,aggregate_load,96,43,itransformer,12532.096316050922
2014-12-08 03:00:00,ecl,aggregate_load,96,43,itransformer,12259.308098990521
2014-12-08 04:00:00,ecl,aggregate_load,96,43,itransformer,12412.684887839181
2014-12-08 05:00:00,ecl,aggregate_load,96,43,itransformer,12247.083427063895
2014-12-08 06:00:00,ecl,aggregate_load,96,43,itransformer,12523.361953535985
2014-12-08 07:00:00,ecl,aggregate_load,96,43,itransformer,13445.65227781189
2014-12-08 08:00:00,ecl,aggregate_load,96,43,itransformer,15496.597882228618
2014-12-08 09:00:00,ecl,aggregate_load,96,43,itransformer,15850.165666137895
2014-12-08 10:00:00,ecl,aggregate_load,96,43,itransformer,18113.917505664896
2014-12-08 11:00:00,ecl,aggregate_load,96,43,itransformer,16356.111474227158
2014-12-08 12:00:00,ecl,aggregate_load,96,43,itransformer,15122.901626948189
2014-12-08 13:00:00,ecl,aggregate_load,96,43,itransformer,14797.0941120129
2014-12-08 14:00:00,ecl,aggregate_load,96,43,itransformer,15638.429505340724
2014-12-08 15:00:00,ecl,aggregate_load,96,43,itransformer,14813.017453542727
2014-12-08 16:00:00,ecl,aggregate_load,96,43,itransformer,14783.108749040775
2014-12-08 17:00:00,ecl,aggregate_load,96,43,itransformer,14041.056375176986
2014-12-08 18:00:00,ecl,aggregate_load,96,43,itransformer,13498.03329639487
2014-12-08 19:00:00,ecl,aggregate_load,96,43,itransformer,13115.41864750979
2014-12-08 20:00:00,ecl,aggregate_load,96,43,itransformer,16330.919623948008
2014-12-08 21:00:00,ecl,aggregate_load,96,43,itransformer,17572.377552064954
2014-12-08 22:00:00,ecl,aggregate_load,96,43,itransformer,18640.322440070297
2014-12-08 23:00:00,ecl,aggregate_load,96,43,itransformer,18282.09811564535
2014-12-09 00:00:00,ecl,aggregate_load,96,43,itransformer,16142.640230562465
2014-12-09 01:00:00,ecl,aggregate_load,96,43,itransformer,16332.948876621356
2014-12-09 02:00:00,ecl,aggregate_load,96,43,itransformer,16991.761896274023
2014-12-09 03:00:00,ecl,aggregate_load,96,43,itransformer,17413.91508292733
2014-12-09 04:00:00,ecl,aggregate_load,96,43,itransformer,16943.723779777978
2014-12-09 05:00:00,ecl,aggregate_load,96,43,itransformer,17362.380341016407
2014-12-09 06:00:00,ecl,aggregate_load,96,43,itransformer,16584.20592656703
2014-12-09 07:00:00,ecl,aggregate_load,96,43,itransformer,16607.853956411152
2014-12-09 08:00:00,ecl,aggregate_load,96,43,itransformer,17256.377427410247
2014-12-09 09:00:00,ecl,aggregate_load,96,43,itransformer,18066.141447356884
2014-12-09 10:00:00,ecl,aggregate_load,96,43,itransformer,19641.8318582006
2014-12-09 11:00:00,ecl,aggregate_load,96,43,itransformer,20474.13962179135
2014-12-09 12:00:00,ecl,aggregate_load,96,43,itransformer,20431.098340016488
2014-12-09 13:00:00,ecl,aggregate_load,96,43,itransformer,23267.598900463392
2014-12-09 14:00:00,ecl,aggregate_load,96,43,itransformer,24348.776717492943
2014-12-09 15:00:00,ecl,aggregate_load,96,43,itransformer,21635.14305030175
2014-12-09 16:00:00,ecl,aggregate_load,96,43,itransformer,23220.17977100787
2014-12-09 17:00:00,ecl,aggregate_load,96,43,itransformer,24533.15165018983
2014-12-09 18:00:00,ecl,aggregate_load,96,43,itransformer,26510.60106937685
2014-12-09 19:00:00,ecl,aggregate_load,96,43,itransformer,27088.707739340683
2014-12-09 20:00:00,ecl,aggregate_load,96,43,itransformer,30714.757819992927
2014-12-09 21:00:00,ecl,aggregate_load,96,43,itransformer,34831.09450350549
2014-12-09 22:00:00,ecl,aggregate_load,96,43,itransformer,35226.6440609367
2014-12-09 23:00:00,ecl,aggregate_load,96,43,itransformer,32712.526977231915
2014-12-10 00:00:00,ecl,aggregate_load,96,43,itransformer,30388.759227534072
2014-12-10 01:00:00,ecl,aggregate_load,96,43,itransformer,27885.47523561642
2014-12-10 02:00:00,ecl,aggregate_load,96,43,itransformer,27747.77283089829
2014-12-10 03:00:00,ecl,aggregate_load,96,43,itransformer,24852.862735072365
2014-12-10 04:00:00,ecl,aggregate_load,96,43,itransformer,22050.71263545442
2014-12-10 05:00:00,ecl,aggregate_load,96,43,itransformer,24357.387619762234
2014-12-10 06:00:00,ecl,aggregate_load,96,43,itransformer,24927.06894679446
2014-12-10 07:00:00,ecl,aggregate_load,96,43,itransformer,26525.663586700117
2014-12-10 08:00:00,ecl,aggregate_load,96,43,itransformer,26650.144975757168
2014-12-10 09:00:00,ecl,aggregate_load,96,43,itransformer,29017.586916081327
2014-12-10 10:00:00,ecl,aggregate_load,96,43,itransformer,30898.49446011634
2014-12-10 11:00:00,ecl,aggregate_load,96,43,itransformer,24607.66082890941
2014-12-10 12:00:00,ecl,aggregate_load,96,43,itransformer,20632.473421337883
2014-12-10 13:00:00,ecl,aggregate_load,96,43,itransformer,21452.053866936865
2014-12-10 14:00:00,ecl,aggregate_load,96,43,itransformer,21208.205127938974
2014-12-10 15:00:00,ecl,aggregate_load,96,43,itransformer,19481.885990852104
2014-12-10 16:00:00,ecl,aggregate_load,96,43,itransformer,19197.042278107747
2014-12-10 17:00:00,ecl,aggregate_load,96,43,itransformer,18547.711282453078
2014-12-10 18:00:00,ecl,aggregate_load,96,43,itransformer,17840.00376199851
2014-12-10 19:00:00,ecl,aggregate_load,96,43,itransformer,18899.75980821902
2014-12-10 20:00:00,ecl,aggregate_load,96,43,itransformer,21500.487830609298
2014-12-10 21:00:00,ecl,aggregate_load,96,43,itransformer,22662.726473837687
2014-12-10 22:00:00,ecl,aggregate_load,96,43,itransformer,22206.472822506872
2014-12-10 23:00:00,ecl,aggregate_load,96,43,itransformer,22606.003151578694
2014-12-11 00:00:00,ecl,aggregate_load,96,43,itransformer,20842.5549088284
2014-12-11 01:00:00,ecl,aggregate_load,96,43,itransformer,19643.77534871962
2014-12-11 02:00:00,ecl,aggregate_load,96,43,itransformer,19971.1106317059
2014-12-11 03:00:00,ecl,aggregate_load,96,43,itransformer,18725.079858969682
2014-12-11 04:00:00,ecl,aggregate_load,96,43,itransformer,16918.59367056046
2014-12-11 05:00:00,ecl,aggregate_load,96,43,itransformer,17805.11388420733
2014-12-11 06:00:00,ecl,aggregate_load,96,43,itransformer,17469.619497799944
2014-12-11 07:00:00,ecl,aggregate_load,96,43,itransformer,17606.062838236834
2014-12-11 08:00:00,ecl,aggregate_load,96,43,itransformer,19266.312092733413
2014-12-11 09:00:00,ecl,aggregate_load,96,43,itransformer,19411.77705126157
2014-12-11 10:00:00,ecl,aggregate_load,96,43,itransformer,20326.480244251867
2014-12-11 11:00:00,ecl,aggregate_load,96,43,itransformer,18442.80997950539
2014-12-11 12:00:00,ecl,aggregate_load,96,43,itransformer,16905.567979154184
2014-12-11 13:00:00,ecl,aggregate_load,96,43,itransformer,19063.352960182765
2014-12-11 14:00:00,ecl,aggregate_load,96,43,itransformer,19431.28949748179
2014-12-11 15:00:00,ecl,aggregate_load,96,43,itransformer,17329.38466133413
2014-12-11 16:00:00,ecl,aggregate_load,96,43,itransformer,17657.998895183013
2014-12-11 17:00:00,ecl,aggregate_load,96,43,itransformer,17765.000576263996
2014-12-11 18:00:00,ecl,aggregate_load,96,43,itransformer,18602.653039299305
2014-12-11 19:00:00,ecl,aggregate_load,96,43,itransformer,19975.237551672853
2014-12-11 20:00:00,ecl,aggregate_load,96,43,itransformer,21190.888572296135
2014-12-11 21:00:00,ecl,aggregate_load,96,43,itransformer,23110.347190630495
2014-12-11 22:00:00,ecl,aggregate_load,96,43,itransformer,24824.11503826987
2014-12-11 23:00:00,ecl,aggregate_load,96,43,itransformer,24901.334330409576
2014-12-12 00:00:00,ecl,aggregate_load,96,43,itransformer,22552.671787921838
2014-12-12 01:00:00,ecl,aggregate_load,96,43,itransformer,19551.86083435847
2014-12-12 02:00:00,ecl,aggregate_load,96,43,itransformer,20149.83581099228
2014-12-12 03:00:00,ecl,aggregate_load,96,43,itransformer,17859.348813765577
2014-12-12 04:00:00,ecl,aggregate_load,96,43,itransformer,16209.019976381622
2014-12-12 05:00:00,ecl,aggregate_load,96,43,itransformer,16261.992213249569
2014-12-12 06:00:00,ecl,aggregate_load,96,43,itransformer,16605.886085022994
2014-12-12 07:00:00,ecl,aggregate_load,96,43,itransformer,16810.79694159214
2014-12-12 08:00:00,ecl,aggregate_load,96,43,itransformer,19126.38332145354
2014-12-12 09:00:00,ecl,aggregate_load,96,43,itransformer,18486.165730950757
2014-12-12 10:00:00,ecl,aggregate_load,96,43,itransformer,20071.29663466507
2014-12-12 11:00:00,ecl,aggregate_load,96,43,itransformer,18842.477536821305
2014-12-12 12:00:00,ecl,aggregate_load,96,43,itransformer,17979.844818870057
2014-12-12 13:00:00,ecl,aggregate_load,96,43,itransformer,18838.01234053097
2014-12-12 14:00:00,ecl,aggregate_load,96,43,itransformer,16966.250094894316
2014-12-12 15:00:00,ecl,aggregate_load,96,43,itransformer,16227.010058383496
2014-12-12 16:00:00,ecl,aggregate_load,96,43,itransformer,16130.801407469788
2014-12-12 17:00:00,ecl,aggregate_load,96,43,itransformer,15934.030656987341
2014-12-12 18:00:00,ecl,aggregate_load,96,43,itransformer,15898.060622976715
2014-12-12 19:00:00,ecl,aggregate_load,96,43,itransformer,15231.30930884117
2014-12-12 20:00:00,ecl,aggregate_load,96,43,itransformer,16800.21275093028
2014-12-12 21:00:00,ecl,aggregate_load,96,43,itransformer,19866.94856188794
2014-12-12 22:00:00,ecl,aggregate_load,96,43,itransformer,18553.420974728087
2014-12-12 23:00:00,ecl,aggregate_load,96,43,itransformer,18222.822519040445
2014-12-13 00:00:00,ecl,aggregate_load,96,43,itransformer,18555.52794279592
2014-12-13 01:00:00,ecl,aggregate_load,96,43,itransformer,17959.01167601625
2014-12-13 02:00:00,ecl,aggregate_load,96,43,itransformer,17779.405915180192
2014-12-13 03:00:00,ecl,aggregate_load,96,43,itransformer,16252.131337068897
2014-12-13 04:00:00,ecl,aggregate_load,96,43,itransformer,16342.126505969529
2014-12-13 05:00:00,ecl,aggregate_load,96,43,itransformer,16967.864052204026
2014-12-13 06:00:00,ecl,aggregate_load,96,43,itransformer,17833.82505923536
2014-12-13 07:00:00,ecl,aggregate_load,96,43,itransformer,18014.746335181477
2014-12-13 08:00:00,ecl,aggregate_load,96,43,itransformer,21914.4977344018
2014-12-13 09:00:00,ecl,aggregate_load,96,43,itransformer,21263.85317579943
2014-12-13 10:00:00,ecl,aggregate_load,96,43,itransformer,20559.373648058026
2014-12-13 11:00:00,ecl,aggregate_load,96,43,itransformer,18374.825646954305
2014-12-13 12:00:00,ecl,aggregate_load,96,43,itransformer,16796.755245203847
2014-12-13 13:00:00,ecl,aggregate_load,96,43,itransformer,17575.078217139813
2014-12-13 14:00:00,ecl,aggregate_load,96,43,itransformer,17355.277091731146
2014-12-13 15:00:00,ecl,aggregate_load,96,43,itransformer,16969.872870662064
2014-12-13 16:00:00,ecl,aggregate_load,96,43,itransformer,17228.109112126487
2014-12-13 17:00:00,ecl,aggregate_load,96,43,itransformer,16896.78286428667
2014-12-13 18:00:00,ecl,aggregate_load,96,43,itransformer,16591.456109338917
2014-12-13 19:00:00,ecl,aggregate_load,96,43,itransformer,16119.82230791088
2014-12-13 20:00:00,ecl,aggregate_load,96,43,itransformer,17658.67353271975
2014-12-13 21:00:00,ecl,aggregate_load,96,43,itransformer,18114.612906198523
2014-12-13 22:00:00,ecl,aggregate_load,96,43,itransformer,18372.099761162597
2014-12-13 23:00:00,ecl,aggregate_load,96,43,itransformer,19131.390593434076
2014-12-14 00:00:00,ecl,aggregate_load,96,43,itransformer,17952.14288845951
2014-12-14 01:00:00,ecl,aggregate_load,96,43,itransformer,17644.77365076267
2014-12-14 02:00:00,ecl,aggregate_load,96,43,itransformer,18488.126469048333
2014-12-14 03:00:00,ecl,aggregate_load,96,43,itransformer,16608.55842987588
2014-12-14 04:00:00,ecl,aggregate_load,96,43,itransformer,17359.631323289577
2014-12-14 05:00:00,ecl,aggregate_load,96,43,itransformer,16849.181856569376
2014-12-14 06:00:00,ecl,aggregate_load,96,43,itransformer,16413.651472642243
2014-12-14 07:00:00,ecl,aggregate_load,96,43,itransformer,16376.210140258745
2014-12-14 08:00:00,ecl,aggregate_load,96,43,itransformer,16515.15350114089
2014-12-14 09:00:00,ecl,aggregate_load,96,43,itransformer,17370.155342278853
2014-12-14 10:00:00,ecl,aggregate_load,96,43,itransformer,17633.880499677183
2014-12-14 11:00:00,ecl,aggregate_load,96,43,itransformer,17272.858592698245
2014-12-14 12:00:00,ecl,aggregate_load,96,43,itransformer,17004.216435050894
2014-12-14 13:00:00,ecl,aggregate_load,96,43,itransformer,20019.233641150015
2014-12-14 14:00:00,ecl,aggregate_load,96,43,itransformer,19596.268261236382
2014-12-14 15:00:00,ecl,aggregate_load,96,43,itransformer,18244.310926407106
2014-12-14 16:00:00,ecl,aggregate_load,96,43,itransformer,17527.978747023375
2014-12-14 17:00:00,ecl,aggregate_load,96,43,itransformer,18695.817670253466
2014-12-14 18:00:00,ecl,aggregate_load,96,43,itransformer,19311.225231437722
2014-12-14 19:00:00,ecl,aggregate_load,96,43,itransformer,21776.186023849117
2014-12-14 20:00:00,ecl,aggregate_load,96,43,itransformer,23185.640524047845
2014-12-14 21:00:00,ecl,aggregate_load,96,43,itransformer,24053.987666922465
2014-12-14 22:00:00,ecl,aggregate_load,96,43,itransformer,26435.566423435866
2014-12-14 23:00:00,ecl,aggregate_load,96,43,itransformer,24426.84705610946
2014-12-15 00:00:00,ecl,aggregate_load,96,43,itransformer,21146.382799814335
2014-12-15 01:00:00,ecl,aggregate_load,96,43,itransformer,17941.47946991723
2014-12-15 02:00:00,ecl,aggregate_load,96,43,itransformer,18672.67104518488
2014-12-15 03:00:00,ecl,aggregate_load,96,43,itransformer,17146.980187070974
2014-12-15 04:00:00,ecl,aggregate_load,96,43,itransformer,17925.472934508252
2014-12-15 05:00:00,ecl,aggregate_load,96,43,itransformer,19106.752027981816
2014-12-15 06:00:00,ecl,aggregate_load,96,43,itransformer,19993.365193128146
2014-12-15 07:00:00,ecl,aggregate_load,96,43,itransformer,19170.130751955043
2014-12-15 08:00:00,ecl,aggregate_load,96,43,itransformer,20506.58287042263
2014-12-15 09:00:00,ecl,aggregate_load,96,43,itransformer,19550.89992682339
2014-12-15 10:00:00,ecl,aggregate_load,96,43,itransformer,15560.838483940757
2014-12-15 11:00:00,ecl,aggregate_load,96,43,itransformer,15339.73446339836
2014-12-15 12:00:00,ecl,aggregate_load,96,43,itransformer,14958.880873567903
2014-12-15 13:00:00,ecl,aggregate_load,96,43,itransformer,15590.199590544958
2014-12-15 14:00:00,ecl,aggregate_load,96,43,itransformer,16673.509030330057
2014-12-15 15:00:00,ecl,aggregate_load,96,43,itransformer,13410.73892242677
2014-12-15 16:00:00,ecl,aggregate_load,96,43,itransformer,12962.365321388605
2014-12-15 17:00:00,ecl,aggregate_load,96,43,itransformer,12415.41630900129
2014-12-15 18:00:00,ecl,aggregate_load,96,43,itransformer,12606.665666936862
2014-12-15 19:00:00,ecl,aggregate_load,96,43,itransformer,12937.254359006654
2014-12-15 20:00:00,ecl,aggregate_load,96,43,itransformer,15577.032818209644
2014-12-15 21:00:00,ecl,aggregate_load,96,43,itransformer,17679.253929823022
2014-12-15 22:00:00,ecl,aggregate_load,96,43,itransformer,17394.2344988351
2014-12-15 23:00:00,ecl,aggregate_load,96,43,itransformer,15366.632705679245
2014-12-16 00:00:00,ecl,aggregate_load,96,43,itransformer,12404.970636026708
2014-12-16 01:00:00,ecl,aggregate_load,96,43,itransformer,12339.24674391658
2014-12-16 02:00:00,ecl,aggregate_load,96,43,itransformer,11874.770879399644
2014-12-16 03:00:00,ecl,aggregate_load,96,43,itransformer,10645.742062756013
2014-12-16 04:00:00,ecl,aggregate_load,96,43,itransformer,9825.704304988569
2014-12-16 05:00:00,ecl,aggregate_load,96,43,itransformer,10706.566261516115
2014-12-16 06:00:00,ecl,aggregate_load,96,43,itransformer,11692.11248676868
2014-12-16 07:00:00,ecl,aggregate_load,96,43,itransformer,11340.449951307795
2014-12-16 08:00:00,ecl,aggregate_load,96,43,itransformer,12638.018857751076
2014-12-16 09:00:00,ecl,aggregate_load,96,43,itransformer,12929.904270768648
2014-12-16 10:00:00,ecl,aggregate_load,96,43,itransformer,12129.138604460479
2014-12-16 11:00:00,ecl,aggregate_load,96,43,itransformer,12319.822503718082
2014-12-16 12:00:00,ecl,aggregate_load,96,43,itransformer,12861.11325568746
2014-12-16 13:00:00,ecl,aggregate_load,96,43,itransformer,11921.47623750907
2014-12-16 14:00:00,ecl,aggregate_load,96,43,itransformer,12152.412961798944
2014-12-16 15:00:00,ecl,aggregate_load,96,43,itransformer,11445.969397032588
2014-12-16 16:00:00,ecl,aggregate_load,96,43,itransformer,11688.544074681284
2014-12-16 17:00:00,ecl,aggregate_load,96,43,itransformer,10233.959621150034
2014-12-16 18:00:00,ecl,aggregate_load,96,43,itransformer,11296.706016033073
2014-12-16 19:00:00,ecl,aggregate_load,96,43,itransformer,11501.209237604997
2014-12-16 20:00:00,ecl,aggregate_load,96,43,itransformer,12781.70150605047
2014-12-16 21:00:00,ecl,aggregate_load,96,43,itransformer,15445.032293376693
2014-12-16 22:00:00,ecl,aggregate_load,96,43,itransformer,16089.550267974124
2014-12-16 23:00:00,ecl,aggregate_load,96,43,itransformer,15585.144581396826
2014-12-17 00:00:00,ecl,aggregate_load,96,43,itransformer,12161.852644418555
2014-12-17 01:00:00,ecl,aggregate_load,96,43,itransformer,12055.865432572862
2014-12-17 02:00:00,ecl,aggregate_load,96,43,itransformer,12370.635132369667
2014-12-17 03:00:00,ecl,aggregate_load,96,43,itransformer,12166.719295650199
2014-12-17 04:00:00,ecl,aggregate_load,96,43,itransformer,11536.440158362384
2014-12-17 05:00:00,ecl,aggregate_load,96,43,itransformer,11193.121699051626
2014-12-17 06:00:00,ecl,aggregate_load,96,43,itransformer,12233.560583415156
2014-12-17 07:00:00,ecl,aggregate_load,96,43,itransformer,13638.351168802556
2014-12-17 08:00:00,ecl,aggregate_load,96,43,itransformer,14407.016330099648
2014-12-17 09:00:00,ecl,aggregate_load,96,43,itransformer,16605.335639841865
2014-12-17 10:00:00,ecl,aggregate_load,96,43,itransformer,16876.058737591506
2014-12-17 11:00:00,ecl,aggregate_load,96,43,itransformer,17159.484228393314
2014-12-17 12:00:00,ecl,aggregate_load,96,43,itransformer,17720.040863844126
2014-12-17 13:00:00,ecl,aggregate_load,96,43,itransformer,17432.77526632372
2014-12-17 14:00:00,ecl,aggregate_load,96,43,itransformer,14666.994986887401
2014-12-17 15:00:00,ecl,aggregate_load,96,43,itransformer,12765.266673848479
2014-12-17 16:00:00,ecl,aggregate_load,96,43,itransformer,12746.922992475345
2014-12-17 17:00:00,ecl,aggregate_load,96,43,itransformer,12504.64974156024
2014-12-17 18:00:00,ecl,aggregate_load,96,43,itransformer,12427.016074847794
2014-12-17 19:00:00,ecl,aggregate_load,96,43,itransformer,11972.994703930533
2014-12-17 20:00:00,ecl,aggregate_load,96,43,itransformer,13457.722243977914
2014-12-17 21:00:00,ecl,aggregate_load,96,43,itransformer,16165.609807604904
2014-12-17 22:00:00,ecl,aggregate_load,96,43,itransformer,17600.092949951195
2014-12-17 23:00:00,ecl,aggregate_load,96,43,itransformer,17399.66052424102
2014-12-18 00:00:00,ecl,aggregate_load,96,43,itransformer,15440.2713256
2014-12-18 01:00:00,ecl,aggregate_load,96,43,itransformer,14135.187532593443
2014-12-18 02:00:00,ecl,aggregate_load,96,43,itransformer,14474.02025278655
2014-12-18 03:00:00,ecl,aggregate_load,96,43,itransformer,13181.094452905794
2014-12-18 04:00:00,ecl,aggregate_load,96,43,itransformer,11932.505908115474
2014-12-18 05:00:00,ecl,aggregate_load,96,43,itransformer,13714.965983081456
2014-12-18 06:00:00,ecl,aggregate_load,96,43,itransformer,13676.957783585065
2014-12-18 07:00:00,ecl,aggregate_load,96,43,itransformer,15686.219011242667
2014-12-18 08:00:00,ecl,aggregate_load,96,43,itransformer,15384.30353825031
2014-12-18 09:00:00,ecl,aggregate_load,96,43,itransformer,17958.13082218305
2014-12-18 10:00:00,ecl,aggregate_load,96,43,itransformer,18468.308004815946
2014-12-18 11:00:00,ecl,aggregate_load,96,43,itransformer,17376.376196801884
2014-12-18 12:00:00,ecl,aggregate_load,96,43,itransformer,13884.295551908179
2014-12-18 13:00:00,ecl,aggregate_load,96,43,itransformer,16630.975168151184
2014-12-18 14:00:00,ecl,aggregate_load,96,43,itransformer,15220.834352579897
2014-12-18 15:00:00,ecl,aggregate_load,96,43,itransformer,13652.562481575993
2014-12-18 16:00:00,ecl,aggregate_load,96,43,itransformer,15345.965353858615
2014-12-18 17:00:00,ecl,aggregate_load,96,43,itransformer,15439.115853378118
2014-12-18 18:00:00,ecl,aggregate_load,96,43,itransformer,14135.657614181187
2014-12-18 19:00:00,ecl,aggregate_load,96,43,itransformer,14404.032104918055
2014-12-18 20:00:00,ecl,aggregate_load,96,43,itransformer,16848.430589605017
2014-12-18 21:00:00,ecl,aggregate_load,96,43,itransformer,19318.530585940887
2014-12-18 22:00:00,ecl,aggregate_load,96,43,itransformer,18625.61102522741
2014-12-18 23:00:00,ecl,aggregate_load,96,43,itransformer,18737.63796459402
2014-12-19 00:00:00,ecl,aggregate_load,96,43,itransformer,16750.590038934926
2014-12-19 01:00:00,ecl,aggregate_load,96,43,itransformer,16919.681033076024
2014-12-19 02:00:00,ecl,aggregate_load,96,43,itransformer,17011.1480574895
2014-12-19 03:00:00,ecl,aggregate_load,96,43,itransformer,16459.989634636728
2014-12-19 04:00:00,ecl,aggregate_load,96,43,itransformer,16519.029120313186
2014-12-19 05:00:00,ecl,aggregate_load,96,43,itransformer,17098.26117657473
2014-12-19 06:00:00,ecl,aggregate_load,96,43,itransformer,17399.380207414648
2014-12-19 07:00:00,ecl,aggregate_load,96,43,itransformer,17949.075060804473
2014-12-19 08:00:00,ecl,aggregate_load,96,43,itransformer,19044.804132031382
2014-12-19 09:00:00,ecl,aggregate_load,96,43,itransformer,18992.231131600867
2014-12-19 10:00:00,ecl,aggregate_load,96,43,itransformer,24742.83473608638
2014-12-19 11:00:00,ecl,aggregate_load,96,43,itransformer,20844.461797564712
2014-12-19 12:00:00,ecl,aggregate_load,96,43,itransformer,18993.9437569601
2014-12-19 13:00:00,ecl,aggregate_load,96,43,itransformer,20135.370719808347
2014-12-19 14:00:00,ecl,aggregate_load,96,43,itransformer,19084.640057149594
2014-12-19 15:00:00,ecl,aggregate_load,96,43,itransformer,18253.758254968674
2014-12-19 16:00:00,ecl,aggregate_load,96,43,itransformer,19422.973504038277
2014-12-19 17:00:00,ecl,aggregate_load,96,43,itransformer,20259.9128835865
2014-12-19 18:00:00,ecl,aggregate_load,96,43,itransformer,18923.736500496667
2014-12-19 19:00:00,ecl,aggregate_load,96,43,itransformer,20267.76201627871
2014-12-19 20:00:00,ecl,aggregate_load,96,43,itransformer,23911.935734671104
2014-12-19 21:00:00,ecl,aggregate_load,96,43,itransformer,28597.417572746766
2014-12-19 22:00:00,ecl,aggregate_load,96,43,itransformer,29099.930117200827
2014-12-19 23:00:00,ecl,aggregate_load,96,43,itransformer,28367.024052131394
2014-12-20 00:00:00,ecl,aggregate_load,96,43,itransformer,26257.825854522915
2014-12-20 01:00:00,ecl,aggregate_load,96,43,itransformer,22765.807632142325
2014-12-20 02:00:00,ecl,aggregate_load,96,43,itransformer,23011.42894118934
2014-12-20 03:00:00,ecl,aggregate_load,96,43,itransformer,21270.698347532925
2014-12-20 04:00:00,ecl,aggregate_load,96,43,itransformer,20203.898034767437
2014-12-20 05:00:00,ecl,aggregate_load,96,43,itransformer,20652.048358852673
2014-12-20 06:00:00,ecl,aggregate_load,96,43,itransformer,21763.81708213401
2014-12-20 07:00:00,ecl,aggregate_load,96,43,itransformer,23426.8292442433
2014-12-20 08:00:00,ecl,aggregate_load,96,43,itransformer,29447.753893381854
2014-12-20 09:00:00,ecl,aggregate_load,96,43,itransformer,26615.47666746158
2014-12-20 10:00:00,ecl,aggregate_load,96,43,itransformer,30164.714085775933
2014-12-20 11:00:00,ecl,aggregate_load,96,43,itransformer,26110.53483153725
2014-12-20 12:00:00,ecl,aggregate_load,96,43,itransformer,25611.32546968713
2014-12-20 13:00:00,ecl,aggregate_load,96,43,itransformer,27195.117312746614
2014-12-20 14:00:00,ecl,aggregate_load,96,43,itransformer,26582.671101411743
2014-12-20 15:00:00,ecl,aggregate_load,96,43,itransformer,23311.828482357854
2014-12-20 16:00:00,ecl,aggregate_load,96,43,itransformer,21096.063658349896
2014-12-20 17:00:00,ecl,aggregate_load,96,43,itransformer,22479.036501828286
2014-12-20 18:00:00,ecl,aggregate_load,96,43,itransformer,20004.438380389794
2014-12-20 19:00:00,ecl,aggregate_load,96,43,itransformer,21914.407598277827
2014-12-20 20:00:00,ecl,aggregate_load,96,43,itransformer,25669.742212599504
2014-12-20 21:00:00,ecl,aggregate_load,96,43,itransformer,31006.725035379834
2014-12-20 22:00:00,ecl,aggregate_load,96,43,itransformer,35134.442561155694
2014-12-20 23:00:00,ecl,aggregate_load,96,43,itransformer,35224.693699337404
2014-12-21 00:00:00,ecl,aggregate_load,96,43,itransformer,34667.28245088418
2014-12-21 01:00:00,ecl,aggregate_load,96,43,itransformer,32637.513506192827
2014-12-21 02:00:00,ecl,aggregate_load,96,43,itransformer,33725.34919785482
2014-12-21 03:00:00,ecl,aggregate_load,96,43,itransformer,32897.38015888364
2014-12-21 04:00:00,ecl,aggregate_load,96,43,itransformer,33370.26788432986
2014-12-21 05:00:00,ecl,aggregate_load,96,43,itransformer,33556.257477654726
2014-12-21 06:00:00,ecl,aggregate_load,96,43,itransformer,34977.73403639515
2014-12-21 07:00:00,ecl,aggregate_load,96,43,itransformer,39592.92449535955
2014-12-21 08:00:00,ecl,aggregate_load,96,43,itransformer,46085.29105898455
2014-12-21 09:00:00,ecl,aggregate_load,96,43,itransformer,50544.934083153996
2014-12-21 10:00:00,ecl,aggregate_load,96,43,itransformer,54279.35599863434
2014-12-21 11:00:00,ecl,aggregate_load,96,43,itransformer,53951.32422904315
2014-12-21 12:00:00,ecl,aggregate_load,96,43,itransformer,56579.18324165689
2014-12-21 13:00:00,ecl,aggregate_load,96,43,itransformer,60648.60996907211
2014-12-21 14:00:00,ecl,aggregate_load,96,43,itransformer,65847.20702892124
2014-12-21 15:00:00,ecl,aggregate_load,96,43,itransformer,68683.16529181386
2014-12-21 16:00:00,ecl,aggregate_load,96,43,itransformer,72507.63178717425
2014-12-21 17:00:00,ecl,aggregate_load,96,43,itransformer,77279.78958819552
2014-12-21 18:00:00,ecl,aggregate_load,96,43,itransformer,81800.38598957112
2014-12-21 19:00:00,ecl,aggregate_load,96,43,itransformer,86959.70588660613
2014-12-21 20:00:00,ecl,aggregate_load,96,43,itransformer,90559.88331172359
2014-12-21 21:00:00,ecl,aggregate_load,96,43,itransformer,94545.70924341115
2014-12-21 22:00:00,ecl,aggregate_load,96,43,itransformer,97609.78606095066
2014-12-21 23:00:00,ecl,aggregate_load,96,43,itransformer,100308.77025509212
2014-12-22 00:00:00,ecl,aggregate_load,96,43,itransformer,99268.37029781115
2014-12-22 01:00:00,ecl,aggregate_load,96,43,itransformer,98874.72263609931
2014-12-22 02:00:00,ecl,aggregate_load,96,43,itransformer,99516.00454915606
2014-12-22 03:00:00,ecl,aggregate_load,96,43,itransformer,99680.00689903517
2014-12-22 04:00:00,ecl,aggregate_load,96,43,itransformer,99573.61663427264
2014-12-22 05:00:00,ecl,aggregate_load,96,43,itransformer,99466.74633041251
2014-12-22 06:00:00,ecl,aggregate_load,96,43,itransformer,99691.38402160774
2014-12-22 07:00:00,ecl,aggregate_load,96,43,itransformer,99295.50202787684
2014-12-22 08:00:00,ecl,aggregate_load,96,43,itransformer,98506.09646701638
2014-12-22 09:00:00,ecl,aggregate_load,96,43,itransformer,97983.73096814833
2014-12-22 10:00:00,ecl,aggregate_load,96,43,itransformer,98748.64288038314
2014-12-22 11:00:00,ecl,aggregate_load,96,43,itransformer,99078.0354508455
2014-12-22 12:00:00,ecl,aggregate_load,96,43,itransformer,98793.46489460068
2014-12-22 13:00:00,ecl,aggregate_load,96,43,itransformer,99256.96160371012
2014-12-22 14:00:00,ecl,aggregate_load,96,43,itransformer,100310.51191662559
2014-12-22 15:00:00,ecl,aggregate_load,96,43,itransformer,101673.03158754254
2014-12-22 16:00:00,ecl,aggregate_load,96,43,itransformer,103163.83178769138
2014-12-22 17:00:00,ecl,aggregate_load,96,43,itransformer,106758.99253839336
2014-12-22 18:00:00,ecl,aggregate_load,96,43,itransformer,108761.48402899054
2014-12-22 19:00:00,ecl,aggregate_load,96,43,itransformer,107605.39054186623
2014-12-22 20:00:00,ecl,aggregate_load,96,43,itransformer,102370.69004551659
2014-12-22 21:00:00,ecl,aggregate_load,96,43,itransformer,100802.73679794236
2014-12-22 22:00:00,ecl,aggregate_load,96,43,itransformer,100272.27550280509
2014-12-22 23:00:00,ecl,aggregate_load,96,43,itransformer,100568.58991423133
2014-12-23 00:00:00,ecl,aggregate_load,96,43,itransformer,103191.62733950773
2014-12-23 01:00:00,ecl,aggregate_load,96,43,itransformer,104844.82939378363
2014-12-23 02:00:00,ecl,aggregate_load,96,43,itransformer,105300.90065627458
2014-12-23 03:00:00,ecl,aggregate_load,96,43,itransformer,106873.63868521752
2014-12-23 04:00:00,ecl,aggregate_load,96,43,itransformer,107138.09385028221
2014-12-23 05:00:00,ecl,aggregate_load,96,43,itransformer,107642.63537109667
2014-12-23 06:00:00,ecl,aggregate_load,96,43,itransformer,107119.88815735305
2014-12-23 07:00:00,ecl,aggregate_load,96,43,itransformer,105177.17998731618
2014-12-23 08:00:00,ecl,aggregate_load,96,43,itransformer,104857.58433541925
2014-12-23 09:00:00,ecl,aggregate_load,96,43,itransformer,103131.66008568031
2014-12-23 10:00:00,ecl,aggregate_load,96,43,itransformer,101331.55928937299
2014-12-23 11:00:00,ecl,aggregate_load,96,43,itransformer,102271.02358924522
2014-12-23 12:00:00,ecl,aggregate_load,96,43,itransformer,102179.35332640995
2014-12-23 13:00:00,ecl,aggregate_load,96,43,itransformer,101666.62342742778
2014-12-23 14:00:00,ecl,aggregate_load,96,43,itransformer,101681.5190473401
2014-12-23 15:00:00,ecl,aggregate_load,96,43,itransformer,105294.83346206495
2014-12-23 16:00:00,ecl,aggregate_load,96,43,itransformer,104981.54433623224
2014-12-23 17:00:00,ecl,aggregate_load,96,43,itransformer,106316.664685627
2014-12-23 18:00:00,ecl,aggregate_load,96,43,itransformer,108241.28568827815
2014-12-23 19:00:00,ecl,aggregate_load,96,43,itransformer,106382.48885350411
2014-12-23 20:00:00,ecl,aggregate_load,96,43,itransformer,103519.24171733305
2014-12-23 21:00:00,ecl,aggregate_load,96,43,itransformer,101971.20303735863
2014-12-23 22:00:00,ecl,aggregate_load,96,43,itransformer,101971.04871487596
2014-12-23 23:00:00,ecl,aggregate_load,96,43,itransformer,103748.28698911918
2014-12-24 00:00:00,ecl,aggregate_load,96,43,itransformer,106550.14305216337
2014-12-24 01:00:00,ecl,aggregate_load,96,43,itransformer,107530.6286196023
2014-12-24 02:00:00,ecl,aggregate_load,96,43,itransformer,108795.20880757431
2014-12-24 03:00:00,ecl,aggregate_load,96,43,itransformer,111510.15341548451
2014-12-24 04:00:00,ecl,aggregate_load,96,43,itransformer,112485.19120961224
2014-12-24 05:00:00,ecl,aggregate_load,96,43,itransformer,110652.24610441133
2014-12-24 06:00:00,ecl,aggregate_load,96,43,itransformer,110025.81287527729
2014-12-24 07:00:00,ecl,aggregate_load,96,43,itransformer,108137.91431034803
2014-12-24 08:00:00,ecl,aggregate_load,96,43,itransformer,105226.80558269192
2014-12-24 09:00:00,ecl,aggregate_load,96,43,itransformer,102230.3311032924
2014-12-24 10:00:00,ecl,aggregate_load,96,43,itransformer,101553.7261049805
2014-12-24 11:00:00,ecl,aggregate_load,96,43,itransformer,103361.46882597341
2014-12-24 12:00:00,ecl,aggregate_load,96,43,itransformer,104534.58995742876
2014-12-24 13:00:00,ecl,aggregate_load,96,43,itransformer,101288.0761284136
2014-12-24 14:00:00,ecl,aggregate_load,96,43,itransformer,102460.23485813441
2014-12-24 15:00:00,ecl,aggregate_load,96,43,itransformer,104614.90207321417
2014-12-24 16:00:00,ecl,aggregate_load,96,43,itransformer,102784.41614783445
2014-12-24 17:00:00,ecl,aggregate_load,96,43,itransformer,100481.07139624037
2014-12-24 18:00:00,ecl,aggregate_load,96,43,itransformer,95306.98644721841
2014-12-24 19:00:00,ecl,aggregate_load,96,43,itransformer,89428.74817839761
2014-12-24 20:00:00,ecl,aggregate_load,96,43,itransformer,87332.07117334013
2014-12-24 21:00:00,ecl,aggregate_load,96,43,itransformer,86169.42929047298
2014-12-24 22:00:00,ecl,aggregate_load,96,43,itransformer,81564.0677067291
2014-12-24 23:00:00,ecl,aggregate_load,96,43,itransformer,79622.53410887466
2014-12-25 00:00:00,ecl,aggregate_load,96,43,itransformer,76884.07885173049
2014-12-25 01:00:00,ecl,aggregate_load,96,43,itransformer,75287.4867109531
2014-12-25 02:00:00,ecl,aggregate_load,96,43,itransformer,74040.3890418039
2014-12-25 03:00:00,ecl,aggregate_load,96,43,itransformer,73789.26199131664
2014-12-25 04:00:00,ecl,aggregate_load,96,43,itransformer,74090.92117268823
2014-12-25 05:00:00,ecl,aggregate_load,96,43,itransformer,75538.06559143784
2014-12-25 06:00:00,ecl,aggregate_load,96,43,itransformer,71410.21347114396
2014-12-25 07:00:00,ecl,aggregate_load,96,43,itransformer,68761.90281889748
2014-12-25 08:00:00,ecl,aggregate_load,96,43,itransformer,65229.93722483568
2014-12-25 09:00:00,ecl,aggregate_load,96,43,itransformer,60919.46183495567
2014-12-25 10:00:00,ecl,aggregate_load,96,43,itransformer,55782.059288883676
2014-12-25 11:00:00,ecl,aggregate_load,96,43,itransformer,53327.983115984964
2014-12-25 12:00:00,ecl,aggregate_load,96,43,itransformer,53319.97437577161
2014-12-25 13:00:00,ecl,aggregate_load,96,43,itransformer,51285.8338674944
2014-12-25 14:00:00,ecl,aggregate_load,96,43,itransformer,48227.435020362835
2014-12-25 15:00:00,ecl,aggregate_load,96,43,itransformer,46832.1305326708
2014-12-25 16:00:00,ecl,aggregate_load,96,43,itransformer,45829.1527693526
2014-12-25 17:00:00,ecl,aggregate_load,96,43,itransformer,45995.2948549863
2014-12-25 18:00:00,ecl,aggregate_load,96,43,itransformer,45263.94459273032
2014-12-25 19:00:00,ecl,aggregate_load,96,43,itransformer,43599.97724266697
2014-12-25 20:00:00,ecl,aggregate_load,96,43,itransformer,42174.37597335824
2014-12-25 21:00:00,ecl,aggregate_load,96,43,itransformer,40340.01085552035
2014-12-25 22:00:00,ecl,aggregate_load,96,43,itransformer,39063.554532939204
2014-12-25 23:00:00,ecl,aggregate_load,96,43,itransformer,38261.11837991782
2014-12-26 00:00:00,ecl,aggregate_load,96,43,itransformer,34650.62918660539
2014-12-26 01:00:00,ecl,aggregate_load,96,43,itransformer,31055.35607621983
2014-12-26 02:00:00,ecl,aggregate_load,96,43,itransformer,31425.526602464466
2014-12-26 03:00:00,ecl,aggregate_load,96,43,itransformer,31349.177455418485
2014-12-26 04:00:00,ecl,aggregate_load,96,43,itransformer,28913.296943834896
2014-12-26 05:00:00,ecl,aggregate_load,96,43,itransformer,29287.36119099861
2014-12-26 06:00:00,ecl,aggregate_load,96,43,itransformer,26754.041488243554
2014-12-26 07:00:00,ecl,aggregate_load,96,43,itransformer,26143.746974573674
2014-12-26 08:00:00,ecl,aggregate_load,96,43,itransformer,27719.744475743562
2014-12-26 09:00:00,ecl,aggregate_load,96,43,itransformer,28429.3954435231
2014-12-26 10:00:00,ecl,aggregate_load,96,43,itransformer,24314.143931878032
2014-12-26 11:00:00,ecl,aggregate_load,96,43,itransformer,15874.507461899653
2014-12-26 12:00:00,ecl,aggregate_load,96,43,itransformer,15837.033768512265
2014-12-26 13:00:00,ecl,aggregate_load,96,43,itransformer,17774.152002703635
2014-12-26 14:00:00,ecl,aggregate_load,96,43,itransformer,21409.4046812673
2014-12-26 15:00:00,ecl,aggregate_load,96,43,itransformer,30434.184408687655
2014-12-26 16:00:00,ecl,aggregate_load,96,43,itransformer,30470.848268353537
2014-12-26 17:00:00,ecl,aggregate_load,96,43,itransformer,35441.92879466186
2014-12-26 18:00:00,ecl,aggregate_load,96,43,itransformer,43079.48075632426
2014-12-26 19:00:00,ecl,aggregate_load,96,43,itransformer,37428.22026417125
2014-12-26 20:00:00,ecl,aggregate_load,96,43,itransformer,38691.433452233636
2014-12-26 21:00:00,ecl,aggregate_load,96,43,itransformer,32359.752189067483
2014-12-26 22:00:00,ecl,aggregate_load,96,43,itransformer,27329.73208613524
2014-12-26 23:00:00,ecl,aggregate_load,96,43,itransformer,24879.884886412194
2014-12-27 00:00:00,ecl,aggregate_load,96,43,itransformer,23390.102719691047
2014-12-27 01:00:00,ecl,aggregate_load,96,43,itransformer,22054.955688689264
2014-12-27 02:00:00,ecl,aggregate_load,96,43,itransformer,23802.17897327281
2014-12-27 03:00:00,ecl,aggregate_load,96,43,itransformer,25970.79245269585
2014-12-27 04:00:00,ecl,aggregate_load,96,43,itransformer,28549.836075377923
2014-12-27 05:00:00,ecl,aggregate_load,96,43,itransformer,27016.848290414728
2014-12-27 06:00:00,ecl,aggregate_load,96,43,itransformer,24008.04005049847
2014-12-27 07:00:00,ecl,aggregate_load,96,43,itransformer,18545.87403080319
2014-12-27 08:00:00,ecl,aggregate_load,96,43,itransformer,18582.411258287488
2014-12-27 09:00:00,ecl,aggregate_load,96,43,itransformer,17489.685996417476
2014-12-27 10:00:00,ecl,aggregate_load,96,43,itransformer,13358.601715200224
2014-12-27 11:00:00,ecl,aggregate_load,96,43,itransformer,13629.452415117243
2014-12-27 12:00:00,ecl,aggregate_load,96,43,itransformer,13302.38064086091
2014-12-27 13:00:00,ecl,aggregate_load,96,43,itransformer,15541.418198868034
2014-12-27 14:00:00,ecl,aggregate_load,96,43,itransformer,18172.465855314662
2014-12-27 15:00:00,ecl,aggregate_load,96,43,itransformer,16403.340752768654
2014-12-27 16:00:00,ecl,aggregate_load,96,43,itransformer,16676.385926259914
2014-12-27 17:00:00,ecl,aggregate_load,96,43,itransformer,14697.952838924839
2014-12-27 18:00:00,ecl,aggregate_load,96,43,itransformer,15922.569560975244
2014-12-27 19:00:00,ecl,aggregate_load,96,43,itransformer,18437.585795861418
2014-12-27 20:00:00,ecl,aggregate_load,96,43,itransformer,22627.555699450604
2014-12-27 21:00:00,ecl,aggregate_load,96,43,itransformer,25127.536105838924
2014-12-27 22:00:00,ecl,aggregate_load,96,43,itransformer,25298.16441461722
2014-12-27 23:00:00,ecl,aggregate_load,96,43,itransformer,27512.96059139753
