origin,dataset,target,horizon,seed,model,abs_error
2014-05-26 19:00:00,ecl,aggregate_load,24,45,xgboost,15409.281066597321
2014-05-26 20:00:00,ecl,aggregate_load,24,45,xgboost,12171.950087289473
2014-05-26 21:00:00,ecl,aggregate_load,24,45,xgboost,16853.627191705207
2014-05-26 22:00:00,ecl,aggregate_load,24,45,xgboost,12883.994206535112
2014-05-26 23:00:00,ecl,aggregate_load,24,45,xgboost,12536.501375351798
2014-05-27 00:00:00,ecl,aggregate_load,24,45,xgboost,11055.645188029812
2014-05-27 01:00:00,ecl,aggregate_load,24,45,xgboost,13728.239991706092
2014-05-27 02:00:00,ecl,aggregate_load,24,45,xgboost,13975.431864187607
2014-05-27 03:00:00,ecl,aggregate_load,24,45,xgboost,14593.918533892114
2014-05-27 04:00:00,ecl,aggregate_load,24,45,xgboost,15474.504068251166
2014-05-27 05:00:00,ecl,aggregate_load,24,45,xgboost,12885.19173428019
2014-05-27 06:00:00,ecl,aggregate_load,24,45,xgboost,12136.094591334133
2014-05-27 07:00:00,ecl,aggregate_load,24,45,xgboost,10208.678544824928
2014-05-27 08:00:00,ecl,aggregate_load,24,45,xgboost,8151.345453301469
2014-05-27 09:00:00,ecl,aggregate_load,24,45,xgboost,10572.982497135874
2014-05-27 10:00:00,ecl,aggregate_load,24,45,xgboost,12007.451466302302
2014-05-27 11:00:00,ecl,aggregate_load,24,45,xgboost,11232.811851252814
2014-05-27 12:00:00,ecl,aggregate_load,24,45,xgboost,11340.568840405605
2014-05-27 13:00:00,ecl,aggregate_load,24,45,xgboost,14201.983555964667
2014-05-27 14:00:00,ecl,aggregate_load,24,45,xgboost,15005.00471687867
2014-05-27 15:00:00,ecl,aggregate_load,24,45,xgboost,14529.419758467548
2014-05-27 16:00:00,ecl,aggregate_load,24,45,xgboost,15424.036693717846
2014-05-27 17:00:00,ecl,aggregate_load,24,45,xgboost,16036.935713923769
2014-05-27 18:00:00,ecl,aggregate_load,24,45,xgboost,14633.407324921327
2014-05-27 19:00:00,ecl,aggregate_load,24,45,xgboost,17970.7632601063
2014-05-27 20:00:00,ecl,aggregate_load,24,45,xgboost,16445.53522103241
2014-05-27 21:00:00,ecl,aggregate_load,24,45,xgboost,14242.370175282102
2014-05-27 22:00:00,ecl,aggregate_load,24,45,xgboost,16011.089696337522
2014-05-27 23:00:00,ecl,aggregate_load,24,45,xgboost,12196.487555519294
2014-05-28 00:00:00,ecl,aggregate_load,24,45,xgboost,13575.392675726129
2014-05-28 01:00:00,ecl,aggregate_load,24,45,xgboost,14033.655201816298
2014-05-28 02:00:00,ecl,aggregate_load,24,45,xgboost,14595.649890713235
2014-05-28 03:00:00,ecl,aggregate_load,24,45,xgboost,11448.023900625114
2014-05-28 04:00:00,ecl,aggregate_load,24,45,xgboost,12884.52212039707
2014-05-28 05:00:00,ecl,aggregate_load,24,45,xgboost,12252.246752542354
2014-05-28 06:00:00,ecl,aggregate_load,24,45,xgboost,13460.927578256049
2014-05-28 07:00:00,ecl,aggregate_load,24,45,xgboost,14205.64731883168
2014-05-28 08:00:00,ecl,aggregate_load,24,45,xgboost,11219.124540758887
2014-05-28 09:00:00,ecl,aggregate_load,24,45,xgboost,15056.468300701736
2014-05-28 10:00:00,ecl,aggregate_load,24,45,xgboost,14218.183058931303
2014-05-28 11:00:00,ecl,aggregate_load,24,45,xgboost,19251.469854112478
2014-05-28 12:00:00,ecl,aggregate_load,24,45,xgboost,19125.583298518635
2014-05-28 13:00:00,ecl,aggregate_load,24,45,xgboost,17905.365640836153
2014-05-28 14:00:00,ecl,aggregate_load,24,45,xgboost,23250.13575655094
2014-05-28 15:00:00,ecl,aggregate_load,24,45,xgboost,20945.833328535176
2014-05-28 16:00:00,ecl,aggregate_load,24,45,xgboost,21696.860377735247
2014-05-28 17:00:00,ecl,aggregate_load,24,45,xgboost,23277.982470066247
2014-05-28 18:00:00,ecl,aggregate_load,24,45,xgboost,25053.860310907057
2014-05-28 19:00:00,ecl,aggregate_load,24,45,xgboost,26215.69442823109
2014-05-28 20:00:00,ecl,aggregate_load,24,45,xgboost,25193.122425290825
2014-05-28 21:00:00,ecl,aggregate_load,24,45,xgboost,28976.779242447432
2014-05-28 22:00:00,ecl,aggregate_load,24,45,xgboost,21530.612791785134
2014-05-28 23:00:00,ecl,aggregate_load,24,45,xgboost,23627.047558024195
2014-05-29 00:00:00,ecl,aggregate_load,24,45,xgboost,21114.258887207852
2014-05-29 01:00:00,ecl,aggregate_load,24,45,xgboost,22310.338373868395
2014-05-29 02:00:00,ecl,aggregate_load,24,45,xgboost,24010.007541563256
2014-05-29 03:00:00,ecl,aggregate_load,24,45,xgboost,27688.84474020204
2014-05-29 04:00:00,ecl,aggregate_load,24,45,xgboost,30052.14356742351
2014-05-29 05:00:00,ecl,aggregate_load,24,45,xgboost,28592.812322687765
2014-05-29 06:00:00,ecl,aggregate_load,24,45,xgboost,24688.307664158565
2014-05-29 07:00:00,ecl,aggregate_load,24,45,xgboost,23083.595542908704
2014-05-29 08:00:00,ecl,aggregate_load,24,45,xgboost,25076.680476459165
2014-05-29 09:00:00,ecl,aggregate_load,24,45,xgboost,27692.743320272504
2014-05-29 10:00:00,ecl,aggregate_load,24,45,xgboost,24503.53948987389
2014-05-29 11:00:00,ecl,aggregate_load,24,45,xgboost,14558.776559457978
2014-05-29 12:00:00,ecl,aggregate_load,24,45,xgboost,16517.2670175701
2014-05-29 13:00:00,ecl,aggregate_load,24,45,xgboost,19061.325223458283
2014-05-29 14:00:00,ecl,aggregate_load,24,45,xgboost,17838.39571780819
2014-05-29 15:00:00,ecl,aggregate_load,24,45,xgboost,16303.706943987718
2014-05-29 16:00:00,ecl,aggregate_load,24,45,xgboost,21993.982616478384
2014-05-29 17:00:00,ecl,aggregate_load,24,45,xgboost,25143.18928462466
2014-05-29 18:00:00,ecl,aggregate_load,24,45,xgboost,23474.176806867006
2014-05-29 19:00:00,ecl,aggregate_load,24,45,xgboost,20253.072430526783
2014-05-29 20:00:00,ecl,aggregate_load,24,45,xgboost,24263.29004878293
2014-05-29 21:00:00,ecl,aggregate_load,24,45,xgboost,35048.480791560134
2014-05-29 22:00:00,ecl,aggregate_load,24,45,xgboost,25991.18273683423
2014-05-29 23:00:00,ecl,aggregate_load,24,45,xgboost,27097.978132255015
2014-05-30 00:00:00,ecl,aggregate_load,24,45,xgboost,20851.08879231614
2014-05-30 01:00:00,ecl,aggregate_load,24,45,xgboost,20486.129547726498
2014-05-30 02:00:00,ecl,aggregate_load,24,45,xgboost,24349.795352038753
2014-05-30 03:00:00,ecl,aggregate_load,24,45,xgboost,25145.069531975387
2014-05-30 04:00:00,ecl,aggregate_load,24,45,xgboost,24588.44701300042
2014-05-30 05:00:00,ecl,aggregate_load,24,45,xgboost,31430.386998829723
2014-05-30 06:00:00,ecl,aggregate_load,24,45,xgboost,23805.888135585818
2014-05-30 07:00:00,ecl,aggregate_load,24,45,xgboost,22628.063603775383
2014-05-30 08:00:00,ecl,aggregate_load,24,45,xgboost,22314.81790148147
2014-05-30 09:00:00,ecl,aggregate_load,24,45,xgboost,25576.104461825296
2014-05-30 10:00:00,ecl,aggregate_load,24,45,xgboost,24446.60665193902
2014-05-30 11:00:00,ecl,aggregate_load,24,45,xgboost,22547.56602065275
2014-05-30 12:00:00,ecl,aggregate_load,24,45,xgboost,17726.23365125394
2014-05-30 13:00:00,ecl,aggregate_load,24,45,xgboost,22984.37088398967
2014-05-30 14:00:00,ecl,aggregate_load,24,45,xgboost,19582.338496685505
2014-05-30 15:00:00,ecl,aggregate_load,24,45,xgboost,17187.769956823406
2014-05-30 16:00:00,ecl,aggregate_load,24,45,xgboost,21272.71714168564
2014-05-30 17:00:00,ecl,aggregate_load,24,45,xgboost,18471.605125787555
2014-05-30 18:00:00,ecl,aggregate_load,24,45,xgboost,15215.27679452166
2014-05-30 19:00:00,ecl,aggregate_load,24,45,xgboost,19568.976734805052
2014-05-30 20:00:00,ecl,aggregate_load,24,45,xgboost,17546.395268452656
2014-05-30 21:00:00,ecl,aggregate_load,24,45,xgboost,27030.211039220874
2014-05-30 22:00:00,ecl,aggregate_load,24,45,xgboost,19609.05344102342
2014-05-30 23:00:00,ecl,aggregate_load,24,45,xgboost,15314.95802516456
2014-05-31 00:00:00,ecl,aggregate_load,24,45,xgboost,15131.919160703494
2014-05-31 01:00:00,ecl,aggregate_load,24,45,xgboost,19343.550132794117
2014-05-31 02:00:00,ecl,aggregate_load,24,45,xgboost,16072.732309912608
2014-05-31 03:00:00,ecl,aggregate_load,24,45,xgboost,13590.221121657474
2014-05-31 04:00:00,ecl,aggregate_load,24,45,xgboost,11316.852514443279
2014-05-31 05:00:00,ecl,aggregate_load,24,45,xgboost,14113.406573066082
2014-05-31 06:00:00,ecl,aggregate_load,24,45,xgboost,13495.901781509014
2014-05-31 07:00:00,ecl,aggregate_load,24,45,xgboost,15558.351886248805
2014-05-31 08:00:00,ecl,aggregate_load,24,45,xgboost,17512.80384108738
2014-05-31 09:00:00,ecl,aggregate_load,24,45,xgboost,23905.057927296613
2014-05-31 10:00:00,ecl,aggregate_load,24,45,xgboost,25560.535263613565
2014-05-31 11:00:00,ecl,aggregate_load,24,45,xgboost,19754.67290025664
2014-05-31 12:00:00,ecl,aggregate_load,24,45,xgboost,20706.037544374798
2014-05-31 13:00:00,ecl,aggregate_load,24,45,xgboost,24215.623162743606
2014-05-31 14:00:00,ecl,aggregate_load,24,45,xgboost,20366.596112196265
2014-05-31 15:00:00,ecl,aggregate_load,24,45,xgboost,19574.591932321106
2014-05-31 16:00:00,ecl,aggregate_load,24,45,xgboost,17794.72357966717
2014-05-31 17:00:00,ecl,aggregate_load,24,45,xgboost,20159.923678141142
2014-05-31 18:00:00,ecl,aggregate_load,24,45,xgboost,22561.26176650242
2014-05-31 19:00:00,ecl,aggregate_load,24,45,xgboost,20283.846693177667
2014-05-31 20:00:00,ecl,aggregate_load,24,45,xgboost,20003.953167174932
2014-05-31 21:00:00,ecl,aggregate_load,24,45,xgboost,30212.618302235252
2014-05-31 22:00:00,ecl,aggregate_load,24,45,xgboost,27464.972305937903
2014-05-31 23:00:00,ecl,aggregate_load,24,45,xgboost,32376.03632809987
2014-06-01 00:00:00,ecl,aggregate_load,24,45,xgboost,18517.093672293817
2014-06-01 01:00:00,ecl,aggregate_load,24,45,xgboost,18758.159829467146
2014-06-01 02:00:00,ecl,aggregate_load,24,45,xgboost,17716.44556879572
2014-06-01 03:00:00,ecl,aggregate_load,24,45,xgboost,18219.843957369194
2014-06-01 04:00:00,ecl,aggregate_load,24,45,xgboost,18851.927185947523
2014-06-01 05:00:00,ecl,aggregate_load,24,45,xgboost,21894.44012521161
2014-06-01 06:00:00,ecl,aggregate_load,24,45,xgboost,28074.80267969778
2014-06-01 07:00:00,ecl,aggregate_load,24,45,xgboost,26549.803910629853
2014-06-01 08:00:00,ecl,aggregate_load,24,45,xgboost,24934.250525794498
2014-06-01 09:00:00,ecl,aggregate_load,24,45,xgboost,31667.694548051397
2014-06-01 10:00:00,ecl,aggregate_load,24,45,xgboost,30072.296261647698
2014-06-01 11:00:00,ecl,aggregate_load,24,45,xgboost,24104.13132522967
2014-06-01 12:00:00,ecl,aggregate_load,24,45,xgboost,24739.808130173875
2014-06-01 13:00:00,ecl,aggregate_load,24,45,xgboost,18284.097094184315
2014-06-01 14:00:00,ecl,aggregate_load,24,45,xgboost,23514.349203782742
2014-06-01 15:00:00,ecl,aggregate_load,24,45,xgboost,22453.365382078628
2014-06-01 16:00:00,ecl,aggregate_load,24,45,xgboost,22396.08724807293
2014-06-01 17:00:00,ecl,aggregate_load,24,45,xgboost,23174.315431987867
2014-06-01 18:00:00,ecl,aggregate_load,24,45,xgboost,22377.49586602072
2014-06-01 19:00:00,ecl,aggregate_load,24,45,xgboost,23658.55850057394
2014-06-01 20:00:00,ecl,aggregate_load,24,45,xgboost,26883.701050144646
2014-06-01 21:00:00,ecl,aggregate_load,24,45,xgboost,26222.671596690092
2014-06-01 22:00:00,ecl,aggregate_load,24,45,xgboost,31904.428919907554
2014-06-01 23:00:00,ecl,aggregate_load,24,45,xgboost,15654.09867405003
2014-06-02 00:00:00,ecl,aggregate_load,24,45,xgboost,18395.024296386808
2014-06-02 01:00:00,ecl,aggregate_load,24,45,xgboost,18580.80075038702
2014-06-02 02:00:00,ecl,aggregate_load,24,45,xgboost,19543.879129035802
2014-06-02 03:00:00,ecl,aggregate_load,24,45,xgboost,20540.999814712606
2014-06-02 04:00:00,ecl,aggregate_load,24,45,xgboost,23867.161391203597
2014-06-02 05:00:00,ecl,aggregate_load,24,45,xgboost,25344.51964347826
2014-06-02 06:00:00,ecl,aggregate_load,24,45,xgboost,30447.12383513023
2014-06-02 07:00:00,ecl,aggregate_load,24,45,xgboost,26955.350416188052
2014-06-02 08:00:00,ecl,aggregate_load,24,45,xgboost,27790.122455834422
2014-06-02 09:00:00,ecl,aggregate_load,24,45,xgboost,27493.758704380674
2014-06-02 10:00:00,ecl,aggregate_load,24,45,xgboost,28201.182289723336
2014-06-02 11:00:00,ecl,aggregate_load,24,45,xgboost,29615.695630677732
2014-06-02 12:00:00,ecl,aggregate_load,24,45,xgboost,32963.693336140066
2014-06-02 13:00:00,ecl,aggregate_load,24,45,xgboost,24659.756759968845
2014-06-02 14:00:00,ecl,aggregate_load,24,45,xgboost,26028.50379704782
2014-06-02 15:00:00,ecl,aggregate_load,24,45,xgboost,22948.71685681307
2014-06-02 16:00:00,ecl,aggregate_load,24,45,xgboost,24123.1896441572
2014-06-02 17:00:00,ecl,aggregate_load,24,45,xgboost,21276.576517434893
2014-06-02 18:00:00,ecl,aggregate_load,24,45,xgboost,18467.011421683605
2014-06-02 19:00:00,ecl,aggregate_load,24,45,xgboost,22942.56290679781
2014-06-02 20:00:00,ecl,aggregate_load,24,45,xgboost,23221.4676507767
2014-06-02 21:00:00,ecl,aggregate_load,24,45,xgboost,24998.41184331376
2014-06-02 22:00:00,ecl,aggregate_load,24,45,xgboost,32946.81371483098
2014-06-02 23:00:00,ecl,aggregate_load,24,45,xgboost,23876.83155390888
2014-06-03 00:00:00,ecl,aggregate_load,24,45,xgboost,32313.83530335529
2014-06-03 01:00:00,ecl,aggregate_load,24,45,xgboost,27168.211051783223
2014-06-03 02:00:00,ecl,aggregate_load,24,45,xgboost,22124.94976594875
2014-06-03 03:00:00,ecl,aggregate_load,24,45,xgboost,22944.38405423428
2014-06-03 04:00:00,ecl,aggregate_load,24,45,xgboost,24537.494347452684
2014-06-03 05:00:00,ecl,aggregate_load,24,45,xgboost,23119.316911014987
2014-06-03 06:00:00,ecl,aggregate_load,24,45,xgboost,22233.927614422104
2014-06-03 07:00:00,ecl,aggregate_load,24,45,xgboost,23688.187557097077
2014-06-03 08:00:00,ecl,aggregate_load,24,45,xgboost,23972.62291853935
2014-06-03 09:00:00,ecl,aggregate_load,24,45,xgboost,24180.786479593127
2014-06-03 10:00:00,ecl,aggregate_load,24,45,xgboost,28032.79540137449
2014-06-03 11:00:00,ecl,aggregate_load,24,45,xgboost,24630.926395959268
2014-06-03 12:00:00,ecl,aggregate_load,24,45,xgboost,32197.899794311044
2014-06-03 13:00:00,ecl,aggregate_load,24,45,xgboost,20121.953958367314
2014-06-03 14:00:00,ecl,aggregate_load,24,45,xgboost,23102.338181119547
2014-06-03 15:00:00,ecl,aggregate_load,24,45,xgboost,27205.43063360655
2014-06-03 16:00:00,ecl,aggregate_load,24,45,xgboost,22953.538320488035
2014-06-03 17:00:00,ecl,aggregate_load,24,45,xgboost,26454.931569745444
2014-06-03 18:00:00,ecl,aggregate_load,24,45,xgboost,23917.44894836658
2014-06-03 19:00:00,ecl,aggregate_load,24,45,xgboost,27997.336519468652
2014-06-03 20:00:00,ecl,aggregate_load,24,45,xgboost,28550.16947831263
2014-06-03 21:00:00,ecl,aggregate_load,24,45,xgboost,27466.377912144195
2014-06-03 22:00:00,ecl,aggregate_load,24,45,xgboost,14169.400102917483
2014-06-03 23:00:00,ecl,aggregate_load,24,45,xgboost,21306.739053996153
2014-06-04 00:00:00,ecl,aggregate_load,24,45,xgboost,26519.429175020352
2014-06-04 01:00:00,ecl,aggregate_load,24,45,xgboost,23076.472781287233
2014-06-04 02:00:00,ecl,aggregate_load,24,45,xgboost,19526.33650058661
2014-06-04 03:00:00,ecl,aggregate_load,24,45,xgboost,21122.019517023084
2014-06-04 04:00:00,ecl,aggregate_load,24,45,xgboost,23777.403430096838
2014-06-04 05:00:00,ecl,aggregate_load,24,45,xgboost,26024.12374327034
2014-06-04 06:00:00,ecl,aggregate_load,24,45,xgboost,22373.57207977107
2014-06-04 07:00:00,ecl,aggregate_load,24,45,xgboost,27149.029368142666
2014-06-04 08:00:00,ecl,aggregate_load,24,45,xgboost,24405.58632797192
2014-06-04 09:00:00,ecl,aggregate_load,24,45,xgboost,21059.45194002619
2014-06-04 10:00:00,ecl,aggregate_load,24,45,xgboost,29131.836670616176
2014-06-04 11:00:00,ecl,aggregate_load,24,45,xgboost,24312.95296257835
2014-06-04 12:00:00,ecl,aggregate_load,24,45,xgboost,32484.370246791732
2014-06-04 13:00:00,ecl,aggregate_load,24,45,xgboost,22643.611343197597
2014-06-04 14:00:00,ecl,aggregate_load,24,45,xgboost,19740.246894936587
2014-06-04 15:00:00,ecl,aggregate_load,24,45,xgboost,24231.398599012395
2014-06-04 16:00:00,ecl,aggregate_load,24,45,xgboost,25575.39149820591
2014-06-04 17:00:00,ecl,aggregate_load,24,45,xgboost,25730.04722544884
2014-06-04 18:00:00,ecl,aggregate_load,24,45,xgboost,25979.58192739042
2014-06-04 19:00:00,ecl,aggregate_load,24,45,xgboost,28826.785787696415
2014-06-04 20:00:00,ecl,aggregate_load,24,45,xgboost,36303.06888574844
2014-06-04 21:00:00,ecl,aggregate_load,24,45,xgboost,23658.614360513835
2014-06-04 22:00:00,ecl,aggregate_load,24,45,xgboost,21204.115251076113
2014-06-04 23:00:00,ecl,aggregate_load,24,45,xgboost,28356.64517614781
2014-06-05 00:00:00,ecl,aggregate_load,24,45,xgboost,29261.00768897441
2014-06-05 01:00:00,ecl,aggregate_load,24,45,xgboost,27302.339441298613
2014-06-05 02:00:00,ecl,aggregate_load,24,45,xgboost,25242.731495954493
2014-06-05 03:00:00,ecl,aggregate_load,24,45,xgboost,18840.7624930203
2014-06-05 04:00:00,ecl,aggregate_load,24,45,xgboost,17387.01149207916
2014-06-05 05:00:00,ecl,aggregate_load,24,45,xgboost,25570.71579240728
2014-06-05 06:00:00,ecl,aggregate_load,24,45,xgboost,17683.315947974737
2014-06-05 07:00:00,ecl,aggregate_load,24,45,xgboost,21461.535255831506
2014-06-05 08:00:00,ecl,aggregate_load,24,45,xgboost,20629.480124408987
2014-06-05 09:00:00,ecl,aggregate_load,24,45,xgboost,15136.278920065926
2014-06-05 10:00:00,ecl,aggregate_load,24,45,xgboost,19019.03500164729
2014-06-05 11:00:00,ecl,aggregate_load,24,45,xgboost,20986.031109506064
2014-06-05 12:00:00,ecl,aggregate_load,24,45,xgboost,22780.90585785638
2014-06-05 13:00:00,ecl,aggregate_load,24,45,xgboost,16888.447195839683
2014-06-05 14:00:00,ecl,aggregate_load,24,45,xgboost,17553.89384067797
2014-06-05 15:00:00,ecl,aggregate_load,24,45,xgboost,19416.9829008259
2014-06-05 16:00:00,ecl,aggregate_load,24,45,xgboost,21431.136185714404
2014-06-05 17:00:00,ecl,aggregate_load,24,45,xgboost,25552.386336676576
2014-06-05 18:00:00,ecl,aggregate_load,24,45,xgboost,25700.92707738995
2014-06-05 19:00:00,ecl,aggregate_load,24,45,xgboost,32428.16177305098
2014-06-05 20:00:00,ecl,aggregate_load,24,45,xgboost,32169.603798357784
2014-06-05 21:00:00,ecl,aggregate_load,24,45,xgboost,35556.17314226591
2014-06-05 22:00:00,ecl,aggregate_load,24,45,xgboost,35604.567632083206
2014-06-05 23:00:00,ecl,aggregate_load,24,45,xgboost,29484.054522398277
2014-06-06 00:00:00,ecl,aggregate_load,24,45,xgboost,31700.921041431382
2014-06-06 01:00:00,ecl,aggregate_load,24,45,xgboost,35647.535585911544
2014-06-06 02:00:00,ecl,aggregate_load,24,45,xgboost,36594.671282862786
2014-06-06 03:00:00,ecl,aggregate_load,24,45,xgboost,32573.419580739206
2014-06-06 04:00:00,ecl,aggregate_load,24,45,xgboost,30163.20790646262
2014-06-06 05:00:00,ecl,aggregate_load,24,45,xgboost,34753.936133711075
2014-06-06 06:00:00,ecl,aggregate_load,24,45,xgboost,35427.07136770049
2014-06-06 07:00:00,ecl,aggregate_load,24,45,xgboost,34683.841217661255
2014-06-06 08:00:00,ecl,aggregate_load,24,45,xgboost,31520.16431601424
2014-06-06 09:00:00,ecl,aggregate_load,24,45,xgboost,31073.45455665751
2014-06-06 10:00:00,ecl,aggregate_load,24,45,xgboost,31686.13795846545
2014-06-06 11:00:00,ecl,aggregate_load,24,45,xgboost,35996.97391954513
2014-06-06 12:00:00,ecl,aggregate_load,24,45,xgboost,36512.31894159199
2014-06-06 13:00:00,ecl,aggregate_load,24,45,xgboost,20896.37246369608
2014-06-06 14:00:00,ecl,aggregate_load,24,45,xgboost,20757.71063974725
2014-06-06 15:00:00,ecl,aggregate_load,24,45,xgboost,18013.04541910827
2014-06-06 16:00:00,ecl,aggregate_load,24,45,xgboost,29390.442823964364
2014-06-06 17:00:00,ecl,aggregate_load,24,45,xgboost,21233.228141404277
2014-06-06 18:00:00,ecl,aggregate_load,24,45,xgboost,18047.32958434342
2014-06-06 19:00:00,ecl,aggregate_load,24,45,xgboost,19398.602637768254
2014-06-06 20:00:00,ecl,aggregate_load,24,45,xgboost,15850.015586734437
2014-06-06 21:00:00,ecl,aggregate_load,24,45,xgboost,22360.105439686664
2014-06-06 22:00:00,ecl,aggregate_load,24,45,xgboost,24288.241513105808
2014-06-06 23:00:00,ecl,aggregate_load,24,45,xgboost,19507.271914569883
2014-06-07 00:00:00,ecl,aggregate_load,24,45,xgboost,27315.164943303054
2014-06-07 01:00:00,ecl,aggregate_load,24,45,xgboost,26223.591020171134
2014-06-07 02:00:00,ecl,aggregate_load,24,45,xgboost,24215.71879918811
2014-06-07 03:00:00,ecl,aggregate_load,24,45,xgboost,24221.978410157575
2014-06-07 04:00:00,ecl,aggregate_load,24,45,xgboost,24646.583441634186
2014-06-07 05:00:00,ecl,aggregate_load,24,45,xgboost,26115.261625346593
2014-06-07 06:00:00,ecl,aggregate_load,24,45,xgboost,27876.267592510918
2014-06-07 07:00:00,ecl,aggregate_load,24,45,xgboost,23293.37765416465
2014-06-07 08:00:00,ecl,aggregate_load,24,45,xgboost,24508.815722028376
2014-06-07 09:00:00,ecl,aggregate_load,24,45,xgboost,23727.34735599073
2014-06-07 10:00:00,ecl,aggregate_load,24,45,xgboost,28639.385474928702
2014-06-07 11:00:00,ecl,aggregate_load,24,45,xgboost,31348.92253313655
2014-06-07 12:00:00,ecl,aggregate_load,24,45,xgboost,30406.98763564657
2014-06-07 13:00:00,ecl,aggregate_load,24,45,xgboost,16747.84128038727
2014-06-07 14:00:00,ecl,aggregate_load,24,45,xgboost,24513.72131163297
2014-06-07 15:00:00,ecl,aggregate_load,24,45,xgboost,30168.836289213476
2014-06-07 16:00:00,ecl,aggregate_load,24,45,xgboost,38090.44548500562
2014-06-07 17:00:00,ecl,aggregate_load,24,45,xgboost,34088.32019997932
2014-06-07 18:00:00,ecl,aggregate_load,24,45,xgboost,33454.89038988806
2014-06-07 19:00:00,ecl,aggregate_load,24,45,xgboost,26219.264137094506
2014-06-07 20:00:00,ecl,aggregate_load,24,45,xgboost,17879.490055497507
2014-06-07 21:00:00,ecl,aggregate_load,24,45,xgboost,18366.43460449948
2014-06-07 22:00:00,ecl,aggregate_load,24,45,xgboost,21369.61251454733
2014-06-07 23:00:00,ecl,aggregate_load,24,45,xgboost,18850.55033207891
2014-06-08 00:00:00,ecl,aggregate_load,24,45,xgboost,21253.819424261696
2014-06-08 01:00:00,ecl,aggregate_load,24,45,xgboost,16308.049711131402
2014-06-08 02:00:00,ecl,aggregate_load,24,45,xgboost,19932.739924660465
2014-06-08 03:00:00,ecl,aggregate_load,24,45,xgboost,18813.57306199871
2014-06-08 04:00:00,ecl,aggregate_load,24,45,xgboost,15862.525982670277
2014-06-08 05:00:00,ecl,aggregate_load,24,45,xgboost,20288.235511739458
2014-06-08 06:00:00,ecl,aggregate_load,24,45,xgboost,20648.935941425287
2014-06-08 07:00:00,ecl,aggregate_load,24,45,xgboost,22966.360107813427
2014-06-08 08:00:00,ecl,aggregate_load,24,45,xgboost,19100.156284580127
2014-06-08 09:00:00,ecl,aggregate_load,24,45,xgboost,17979.29111152786
2014-06-08 10:00:00,ecl,aggregate_load,24,45,xgboost,17833.855132904242
2014-06-08 11:00:00,ecl,aggregate_load,24,45,xgboost,23160.89142555438
2014-06-08 12:00:00,ecl,aggregate_load,24,45,xgboost,21158.04810256475
2014-06-08 13:00:00,ecl,aggregate_load,24,45,xgboost,15779.526053188647
2014-06-08 14:00:00,ecl,aggregate_load,24,45,xgboost,16224.261278617383
2014-06-08 15:00:00,ecl,aggregate_load,24,45,xgboost,26452.16931002679
2014-06-08 16:00:00,ecl,aggregate_load,24,45,xgboost,30075.645280720433
2014-06-08 17:00:00,ecl,aggregate_load,24,45,xgboost,31806.472702713305
2014-06-08 18:00:00,ecl,aggregate_load,24,45,xgboost,29801.717627285292
2014-06-08 19:00:00,ecl,aggregate_load,24,45,xgboost,28842.326137892796
2014-06-08 20:00:00,ecl,aggregate_load,24,45,xgboost,30061.693802435155
2014-06-08 21:00:00,ecl,aggregate_load,24,45,xgboost,27502.18663943495
2014-06-08 22:00:00,ecl,aggregate_load,24,45,xgboost,27565.81645503185
2014-06-08 23:00:00,ecl,aggregate_load,24,45,xgboost,26344.73710261766
2014-06-09 00:00:00,ecl,aggregate_load,24,45,xgboost,25205.013715780147
2014-06-09 01:00:00,ecl,aggregate_load,24,45,xgboost,26380.559170734592
2014-06-09 02:00:00,ecl,aggregate_load,24,45,xgboost,22724.89615638746
2014-06-09 03:00:00,ecl,aggregate_load,24,45,xgboost,24041.803199374466
2014-06-09 04:00:00,ecl,aggregate_load,24,45,xgboost,30204.82402995563
2014-06-09 05:00:00,ecl,aggregate_load,24,45,xgboost,30573.37733242326
2014-06-09 06:00:00,ecl,aggregate_load,24,45,xgboost,30744.922945842525
2014-06-09 07:00:00,ecl,aggregate_load,24,45,xgboost,27261.731070933194
2014-06-09 08:00:00,ecl,aggregate_load,24,45,xgboost,29181.788068713897
2014-06-09 09:00:00,ecl,aggregate_load,24,45,xgboost,29256.873760876933
2014-06-09 10:00:00,ecl,aggregate_load,24,45,xgboost,27341.32019103432
2014-06-09 11:00:00,ecl,aggregate_load,24,45,xgboost,33499.36732919412
2014-06-09 12:00:00,ecl,aggregate_load,24,45,xgboost,31140.51653301938
2014-06-09 13:00:00,ecl,aggregate_load,24,45,xgboost,32939.434033247344
2014-06-09 14:00:00,ecl,aggregate_load,24,45,xgboost,36986.883880887755
2014-06-09 15:00:00,ecl,aggregate_load,24,45,xgboost,41681.17586774412
2014-06-09 16:00:00,ecl,aggregate_load,24,45,xgboost,25170.71547016661
2014-06-09 17:00:00,ecl,aggregate_load,24,45,xgboost,27375.305730486307
2014-06-09 18:00:00,ecl,aggregate_load,24,45,xgboost,27294.58200402813
2014-06-09 19:00:00,ecl,aggregate_load,24,45,xgboost,26171.517461278407
2014-06-09 20:00:00,ecl,aggregate_load,24,45,xgboost,23886.354337665372
2014-06-09 21:00:00,ecl,aggregate_load,24,45,xgboost,26414.16777078164
2014-06-09 22:00:00,ecl,aggregate_load,24,45,xgboost,21410.388382868343
2014-06-09 23:00:00,ecl,aggregate_load,24,45,xgboost,16277.555698763184
2014-06-10 00:00:00,ecl,aggregate_load,24,45,xgboost,19738.585787060056
2014-06-10 01:00:00,ecl,aggregate_load,24,45,xgboost,20283.075371074734
2014-06-10 02:00:00,ecl,aggregate_load,24,45,xgboost,17121.96822403041
2014-06-10 03:00:00,ecl,aggregate_load,24,45,xgboost,20178.540400828602
2014-06-10 04:00:00,ecl,aggregate_load,24,45,xgboost,23367.936916539475
2014-06-10 05:00:00,ecl,aggregate_load,24,45,xgboost,23812.836918120487
2014-06-10 06:00:00,ecl,aggregate_load,24,45,xgboost,21262.272203088163
2014-06-10 07:00:00,ecl,aggregate_load,24,45,xgboost,23228.7518589065
2014-06-10 08:00:00,ecl,aggregate_load,24,45,xgboost,21165.76006878514
2014-06-10 09:00:00,ecl,aggregate_load,24,45,xgboost,25144.52358840893
2014-06-10 10:00:00,ecl,aggregate_load,24,45,xgboost,26938.043742107515
2014-06-10 11:00:00,ecl,aggregate_load,24,45,xgboost,35931.167077680504
2014-06-10 12:00:00,ecl,aggregate_load,24,45,xgboost,37489.52047942837
2014-06-10 13:00:00,ecl,aggregate_load,24,45,xgboost,46551.139705647016
2014-06-10 14:00:00,ecl,aggregate_load,24,45,xgboost,40622.92966930547
2014-06-10 15:00:00,ecl,aggregate_load,24,45,xgboost,29837.431399170953
2014-06-10 16:00:00,ecl,aggregate_load,24,45,xgboost,39476.27910680975
2014-06-10 17:00:00,ecl,aggregate_load,24,45,xgboost,42801.283310674764
2014-06-10 18:00:00,ecl,aggregate_load,24,45,xgboost,48643.178743340075
2014-06-10 19:00:00,ecl,aggregate_load,24,45,xgboost,58599.24095075866
2014-06-10 20:00:00,ecl,aggregate_load,24,45,xgboost,63005.10850366971
2014-06-10 21:00:00,ecl,aggregate_load,24,45,xgboost,72389.72640955709
2014-06-10 22:00:00,ecl,aggregate_load,24,45,xgboost,72451.28923762294
2014-06-10 23:00:00,ecl,aggregate_load,24,45,xgboost,67073.44312116037
2014-06-11 00:00:00,ecl,aggregate_load,24,45,xgboost,59234.269239686684
2014-06-11 01:00:00,ecl,aggregate_load,24,45,xgboost,61817.859261881815
2014-06-11 02:00:00,ecl,aggregate_load,24,45,xgboost,58863.38896567036
2014-06-11 03:00:00,ecl,aggregate_load,24,45,xgboost,56374.68286570114
2014-06-11 04:00:00,ecl,aggregate_load,24,45,xgboost,52958.40820475784
2014-06-11 05:00:00,ecl,aggregate_load,24,45,xgboost,50285.5751241077
2014-06-11 06:00:00,ecl,aggregate_load,24,45,xgboost,59028.27862338523
2014-06-11 07:00:00,ecl,aggregate_load,24,45,xgboost,58236.146564179646
2014-06-11 08:00:00,ecl,aggregate_load,24,45,xgboost,55419.63829114529
2014-06-11 09:00:00,ecl,aggregate_load,24,45,xgboost,62208.0776738215
2014-06-11 10:00:00,ecl,aggregate_load,24,45,xgboost,69539.22393782594
2014-06-11 11:00:00,ecl,aggregate_load,24,45,xgboost,31198.401868894143
2014-06-11 12:00:00,ecl,aggregate_load,24,45,xgboost,46687.287767496775
2014-06-11 13:00:00,ecl,aggregate_load,24,45,xgboost,64104.37809193161
2014-06-11 14:00:00,ecl,aggregate_load,24,45,xgboost,56458.20075361743
2014-06-11 15:00:00,ecl,aggregate_load,24,45,xgboost,48008.58462378537
2014-06-11 16:00:00,ecl,aggregate_load,24,45,xgboost,61537.7183143542
2014-06-11 17:00:00,ecl,aggregate_load,24,45,xgboost,62994.5632399704
2014-06-11 18:00:00,ecl,aggregate_load,24,45,xgboost,71154.53957571364
2014-06-11 19:00:00,ecl,aggregate_load,24,45,xgboost,77377.95023411744
2014-06-11 20:00:00,ecl,aggregate_load,24,45,xgboost,79954.69354424924
2014-06-11 21:00:00,ecl,aggregate_load,24,45,xgboost,93976.43015450663
2014-06-11 22:00:00,ecl,aggregate_load,24,45,xgboost,81719.36967127908
2014-06-11 23:00:00,ecl,aggregate_load,24,45,xgboost,100645.61403886207
2014-06-12 00:00:00,ecl,aggregate_load,24,45,xgboost,96228.65064697166
2014-06-12 01:00:00,ecl,aggregate_load,24,45,xgboost,97418.24215994692
2014-06-12 02:00:00,ecl,aggregate_load,24,45,xgboost,103202.2765521832
2014-06-12 03:00:00,ecl,aggregate_load,24,45,xgboost,104978.15512155509
2014-06-12 04:00:00,ecl,aggregate_load,24,45,xgboost,99795.63581884466
2014-06-12 05:00:00,ecl,aggregate_load,24,45,xgboost,94441.99018743755
2014-06-12 06:00:00,ecl,aggregate_load,24,45,xgboost,89364.3344151089
2014-06-12 07:00:00,ecl,aggregate_load,24,45,xgboost,83618.88785009178
2014-06-12 08:00:00,ecl,aggregate_load,24,45,xgboost,97794.08990005404
2014-06-12 09:00:00,ecl,aggregate_load,24,45,xgboost,102656.8813909962
2014-06-12 10:00:00,ecl,aggregate_load,24,45,xgboost,96542.5999563459
2014-06-12 11:00:00,ecl,aggregate_load,24,45,xgboost,71782.8105061144
2014-06-12 12:00:00,ecl,aggregate_load,24,45,xgboost,60962.43737217839
2014-06-12 13:00:00,ecl,aggregate_load,24,45,xgboost,55798.761877085686
2014-06-12 14:00:00,ecl,aggregate_load,24,45,xgboost,63868.91020108168
2014-06-12 15:00:00,ecl,aggregate_load,24,45,xgboost,47726.1785007676
2014-06-12 16:00:00,ecl,aggregate_load,24,45,xgboost,44552.581887392415
2014-06-12 17:00:00,ecl,aggregate_load,24,45,xgboost,44966.22966123511
2014-06-12 18:00:00,ecl,aggregate_load,24,45,xgboost,49066.94744439714
2014-06-12 19:00:00,ecl,aggregate_load,24,45,xgboost,60013.916893358146
2014-06-12 20:00:00,ecl,aggregate_load,24,45,xgboost,48408.260927074996
2014-06-12 21:00:00,ecl,aggregate_load,24,45,xgboost,58786.75400442177
2014-06-12 22:00:00,ecl,aggregate_load,24,45,xgboost,56089.45687598077
2014-06-12 23:00:00,ecl,aggregate_load,24,45,xgboost,66647.08909402722
2014-06-13 00:00:00,ecl,aggregate_load,24,45,xgboost,61258.69281507108
2014-06-13 01:00:00,ecl,aggregate_load,24,45,xgboost,54895.066703323195
2014-06-13 02:00:00,ecl,aggregate_load,24,45,xgboost,52120.87709055974
2014-06-13 03:00:00,ecl,aggregate_load,24,45,xgboost,51497.05884496489
2014-06-13 04:00:00,ecl,aggregate_load,24,45,xgboost,57136.67109360989
2014-06-13 05:00:00,ecl,aggregate_load,24,45,xgboost,64903.526371041815
2014-06-13 06:00:00,ecl,aggregate_load,24,45,xgboost,66736.04969500862
2014-06-13 07:00:00,ecl,aggregate_load,24,45,xgboost,58644.45938766898
2014-06-13 08:00:00,ecl,aggregate_load,24,45,xgboost,68561.18914956992
2014-06-13 09:00:00,ecl,aggregate_load,24,45,xgboost,52218.17959811448
2014-06-13 10:00:00,ecl,aggregate_load,24,45,xgboost,59691.254074826276
2014-06-13 11:00:00,ecl,aggregate_load,24,45,xgboost,45426.94048685487
2014-06-13 12:00:00,ecl,aggregate_load,24,45,xgboost,53876.89485371819
2014-06-13 13:00:00,ecl,aggregate_load,24,45,xgboost,55634.99074347728
2014-06-13 14:00:00,ecl,aggregate_load,24,45,xgboost,47210.7688018824
2014-06-13 15:00:00,ecl,aggregate_load,24,45,xgboost,42064.94681136065
2014-06-13 16:00:00,ecl,aggregate_load,24,45,xgboost,41094.1116312637
2014-06-13 17:00:00,ecl,aggregate_load,24,45,xgboost,36750.96882949789
2014-06-13 18:00:00,ecl,aggregate_load,24,45,xgboost,42304.2238794002
2014-06-13 19:00:00,ecl,aggregate_load,24,45,xgboost,54795.53352264047
2014-06-13 20:00:00,ecl,aggregate_load,24,45,xgboost,71280.88522854321
2014-06-13 21:00:00,ecl,aggregate_load,24,45,xgboost,69097.60092115788
2014-06-13 22:00:00,ecl,aggregate_load,24,45,xgboost,90718.5909980941
2014-06-13 23:00:00,ecl,aggregate_load,24,45,xgboost,85855.10552041687
2014-06-14 00:00:00,ecl,aggregate_load,24,45,xgboost,86415.24482479616
2014-06-14 01:00:00,ecl,aggregate_load,24,45,xgboost,95294.239349004
2014-06-14 02:00:00,ecl,aggregate_load,24,45,xgboost,100763.7221102105
2014-06-14 03:00:00,ecl,aggregate_load,24,45,xgboost,100487.3390044326
2014-06-14 04:00:00,ecl,aggregate_load,24,45,xgboost,105634.72696123156
2014-06-14 05:00:00,ecl,aggregate_load,24,45,xgboost,115784.6232918667
2014-06-14 06:00:00,ecl,aggregate_load,24,45,xgboost,104966.38212362316
2014-06-14 07:00:00,ecl,aggregate_load,24,45,xgboost,109416.59779988055
2014-06-14 08:00:00,ecl,aggregate_load,24,45,xgboost,113384.07592053304
2014-06-14 09:00:00,ecl,aggregate_load,24,45,xgboost,104852.31039203641
2014-06-14 10:00:00,ecl,aggregate_load,24,45,xgboost,78012.71566099366
2014-06-14 11:00:00,ecl,aggregate_load,24,45,xgboost,45824.66646566256
2014-06-14 12:00:00,ecl,aggregate_load,24,45,xgboost,39586.259943714154
2014-06-14 13:00:00,ecl,aggregate_load,24,45,xgboost,42660.06117606555
2014-06-14 14:00:00,ecl,aggregate_load,24,45,xgboost,40224.43366678965
2014-06-14 15:00:00,ecl,aggregate_load,24,45,xgboost,43605.00613552469
2014-06-14 16:00:00,ecl,aggregate_load,24,45,xgboost,35585.97068581908
2014-06-14 17:00:00,ecl,aggregate_load,24,45,xgboost,34604.772883804624
2014-06-14 18:00:00,ecl,aggregate_load,24,45,xgboost,28249.49960527093
2014-06-14 19:00:00,ecl,aggregate_load,24,45,xgboost,24985.94016504475
2014-06-14 20:00:00,ecl,aggregate_load,24,45,xgboost,28412.102509269465
2014-06-14 21:00:00,ecl,aggregate_load,24,45,xgboost,30051.67507762765
2014-06-14 22:00:00,ecl,aggregate_load,24,45,xgboost,33057.965306053644
2014-06-14 23:00:00,ecl,aggregate_load,24,45,xgboost,50009.00210251267
2014-06-15 00:00:00,ecl,aggregate_load,24,45,xgboost,46897.929877184506
2014-06-15 01:00:00,ecl,aggregate_load,24,45,xgboost,37351.328565582655
2014-06-15 02:00:00,ecl,aggregate_load,24,45,xgboost,37898.61417045627
2014-06-15 03:00:00,ecl,aggregate_load,24,45,xgboost,37559.753133683094
2014-06-15 04:00:00,ecl,aggregate_load,24,45,xgboost,35410.759254493045
2014-06-15 05:00:00,ecl,aggregate_load,24,45,xgboost,35806.851997303165
2014-06-15 06:00:00,ecl,aggregate_load,24,45,xgboost,34656.417153485854
2014-06-15 07:00:00,ecl,aggregate_load,24,45,xgboost,36274.86510223642
2014-06-15 08:00:00,ecl,aggregate_load,24,45,xgboost,45057.91731925676
2014-06-15 09:00:00,ecl,aggregate_load,24,45,xgboost,39828.60531324459
2014-06-15 10:00:00,ecl,aggregate_load,24,45,xgboost,35051.30067812112
2014-06-15 11:00:00,ecl,aggregate_load,24,45,xgboost,36272.360220130504
2014-06-15 12:00:00,ecl,aggregate_load,24,45,xgboost,34487.3367657728
2014-06-15 13:00:00,ecl,aggregate_load,24,45,xgboost,38047.33051576217
2014-06-15 14:00:00,ecl,aggregate_load,24,45,xgboost,24924.099159723894
2014-06-15 15:00:00,ecl,aggregate_load,24,45,xgboost,26116.54491452545
2014-06-15 16:00:00,ecl,aggregate_load,24,45,xgboost,27326.1782118503
2014-06-15 17:00:00,ecl,aggregate_load,24,45,xgboost,33697.69635119361
2014-06-15 18:00:00,ecl,aggregate_load,24,45,xgboost,37704.04680875225
2014-06-15 19:00:00,ecl,aggregate_load,24,45,xgboost,37724.13624588558
2014-06-15 20:00:00,ecl,aggregate_load,24,45,xgboost,33704.96715113361
2014-06-15 21:00:00,ecl,aggregate_load,24,45,xgboost,42835.9460224645
2014-06-15 22:00:00,ecl,aggregate_load,24,45,xgboost,38597.41944531147
2014-06-15 23:00:00,ecl,aggregate_load,24,45,xgboost,57993.101672572084
2014-06-16 00:00:00,ecl,aggregate_load,24,45,xgboost,83822.62903823626
2014-06-16 01:00:00,ecl,aggregate_load,24,45,xgboost,81900.34948620216
2014-06-16 02:00:00,ecl,aggregate_load,24,45,xgboost,81031.72975693592
2014-06-16 03:00:00,ecl,aggregate_load,24,45,xgboost,81215.04968226649
2014-06-16 04:00:00,ecl,aggregate_load,24,45,xgboost,86491.3512399814
2014-06-16 05:00:00,ecl,aggregate_load,24,45,xgboost,88219.8493423357
2014-06-16 06:00:00,ecl,aggregate_load,24,45,xgboost,89703.3280610679
2014-06-16 07:00:00,ecl,aggregate_load,24,45,xgboost,86944.5516308711
2014-06-16 08:00:00,ecl,aggregate_load,24,45,xgboost,91276.54077495221
2014-06-16 09:00:00,ecl,aggregate_load,24,45,xgboost,62324.234062323085
2014-06-16 10:00:00,ecl,aggregate_load,24,45,xgboost,98796.59911834555
2014-06-16 11:00:00,ecl,aggregate_load,24,45,xgboost,95537.29589002742
2014-06-16 12:00:00,ecl,aggregate_load,24,45,xgboost,72713.94778841735
2014-06-16 13:00:00,ecl,aggregate_load,24,45,xgboost,72200.95462625391
2014-06-16 14:00:00,ecl,aggregate_load,24,45,xgboost,62387.29844448713
2014-06-16 15:00:00,ecl,aggregate_load,24,45,xgboost,66349.66902235105
2014-06-16 16:00:00,ecl,aggregate_load,24,45,xgboost,59943.01228411952
2014-06-16 17:00:00,ecl,aggregate_load,24,45,xgboost,53479.602484689654
2014-06-16 18:00:00,ecl,aggregate_load,24,45,xgboost,60122.768689405326
2014-06-16 19:00:00,ecl,aggregate_load,24,45,xgboost,47924.72019725605
2014-06-16 20:00:00,ecl,aggregate_load,24,45,xgboost,38728.04030489864
2014-06-16 21:00:00,ecl,aggregate_load,24,45,xgboost,41470.59341276355
2014-06-16 22:00:00,ecl,aggregate_load,24,45,xgboost,63825.26696993943
2014-06-16 23:00:00,ecl,aggregate_load,24,45,xgboost,55736.08236106599
2014-06-17 00:00:00,ecl,aggregate_load,24,45,xgboost,57332.65621457084
2014-06-17 01:00:00,ecl,aggregate_load,24,45,xgboost,60343.01898833762
2014-06-17 02:00:00,ecl,aggregate_load,24,45,xgboost,60960.29104501017
2014-06-17 03:00:00,ecl,aggregate_load,24,45,xgboost,67724.62294771262
2014-06-17 04:00:00,ecl,aggregate_load,24,45,xgboost,60833.34583159641
2014-06-17 05:00:00,ecl,aggregate_load,24,45,xgboost,67766.82247427953
2014-06-17 06:00:00,ecl,aggregate_load,24,45,xgboost,62987.17516135084
2014-06-17 07:00:00,ecl,aggregate_load,24,45,xgboost,64375.10424356671
2014-06-17 08:00:00,ecl,aggregate_load,24,45,xgboost,55653.95374114742
2014-06-17 09:00:00,ecl,aggregate_load,24,45,xgboost,51103.62585832955
2014-06-17 10:00:00,ecl,aggregate_load,24,45,xgboost,35622.094855997144
2014-06-17 11:00:00,ecl,aggregate_load,24,45,xgboost,50812.61961696711
2014-06-17 12:00:00,ecl,aggregate_load,24,45,xgboost,34161.83150114366
2014-06-17 13:00:00,ecl,aggregate_load,24,45,xgboost,35485.80874628082
2014-06-17 14:00:00,ecl,aggregate_load,24,45,xgboost,36053.22063433963
2014-06-17 15:00:00,ecl,aggregate_load,24,45,xgboost,35869.433158537235
2014-06-17 16:00:00,ecl,aggregate_load,24,45,xgboost,32562.60234073857
2014-06-17 17:00:00,ecl,aggregate_load,24,45,xgboost,31392.477282368698
2014-06-17 18:00:00,ecl,aggregate_load,24,45,xgboost,27997.37019931989
2014-06-17 19:00:00,ecl,aggregate_load,24,45,xgboost,30211.692553911435
2014-06-17 20:00:00,ecl,aggregate_load,24,45,xgboost,41803.89774260857
2014-06-17 21:00:00,ecl,aggregate_load,24,45,xgboost,29484.59151408182
2014-06-17 22:00:00,ecl,aggregate_load,24,45,xgboost,23152.87616230357
2014-06-17 23:00:00,ecl,aggregate_load,24,45,xgboost,27829.785856396775
2014-06-18 00:00:00,ecl,aggregate_load,24,45,xgboost,25198.93241303809
2014-06-18 01:00:00,ecl,aggregate_load,24,45,xgboost,37382.80884392691
2014-06-18 02:00:00,ecl,aggregate_load,24,45,xgboost,38902.73623334552
2014-06-18 03:00:00,ecl,aggregate_load,24,45,xgboost,44984.18995885569
2014-06-18 04:00:00,ecl,aggregate_load,24,45,xgboost,49979.83016395418
2014-06-18 05:00:00,ecl,aggregate_load,24,45,xgboost,54868.76681774511
2014-06-18 06:00:00,ecl,aggregate_load,24,45,xgboost,54293.37018680058
2014-06-18 07:00:00,ecl,aggregate_load,24,45,xgboost,56858.094934544875
2014-06-18 08:00:00,ecl,aggregate_load,24,45,xgboost,48588.15454587439
2014-06-18 09:00:00,ecl,aggregate_load,24,45,xgboost,54806.11616429021
2014-06-18 10:00:00,ecl,aggregate_load,24,45,xgboost,39298.246688481486
2014-06-18 11:00:00,ecl,aggregate_load,24,45,xgboost,45043.85990059955
2014-06-18 12:00:00,ecl,aggregate_load,24,45,xgboost,45385.001530860136
2014-06-18 13:00:00,ecl,aggregate_load,24,45,xgboost,39932.703868150034
2014-06-18 14:00:00,ecl,aggregate_load,24,45,xgboost,40360.522810651375
2014-06-18 15:00:00,ecl,aggregate_load,24,45,xgboost,34329.41525281649
2014-06-18 16:00:00,ecl,aggregate_load,24,45,xgboost,26684.327492704455
2014-06-18 17:00:00,ecl,aggregate_load,24,45,xgboost,24255.543694356045
2014-06-18 18:00:00,ecl,aggregate_load,24,45,xgboost,27780.113740704215
2014-06-18 19:00:00,ecl,aggregate_load,24,45,xgboost,24217.38207097007
2014-06-18 20:00:00,ecl,aggregate_load,24,45,xgboost,24292.464595166555
2014-06-18 21:00:00,ecl,aggregate_load,24,45,xgboost,21818.061186431903
2014-06-18 22:00:00,ecl,aggregate_load,24,45,xgboost,14494.503068978689
2014-06-18 23:00:00,ecl,aggregate_load,24,45,xgboost,17027.81058892533
2014-06-19 00:00:00,ecl,aggregate_load,24,45,xgboost,22909.293474075817
2014-06-19 01:00:00,ecl,aggregate_load,24,45,xgboost,26052.64518890197
2014-06-19 02:00:00,ecl,aggregate_load,24,45,xgboost,23773.64926725692
2014-06-19 03:00:00,ecl,aggregate_load,24,45,xgboost,23269.748780053826
2014-06-19 04:00:00,ecl,aggregate_load,24,45,xgboost,27992.72149764469
2014-06-19 05:00:00,ecl,aggregate_load,24,45,xgboost,26593.738028247826
2014-06-19 06:00:00,ecl,aggregate_load,24,45,xgboost,24438.96607646653
2014-06-19 07:00:00,ecl,aggregate_load,24,45,xgboost,32341.604550668333
2014-06-19 08:00:00,ecl,aggregate_load,24,45,xgboost,33548.00804539403
2014-06-19 09:00:00,ecl,aggregate_load,24,45,xgboost,33031.25738714333
2014-06-19 10:00:00,ecl,aggregate_load,24,45,xgboost,22118.254822895513
2014-06-19 11:00:00,ecl,aggregate_load,24,45,xgboost,23566.907215557057
2014-06-19 12:00:00,ecl,aggregate_load,24,45,xgboost,26813.285299761443
2014-06-19 13:00:00,ecl,aggregate_load,24,45,xgboost,31668.710751265866
2014-06-19 14:00:00,ecl,aggregate_load,24,45,xgboost,30252.602534259426
2014-06-19 15:00:00,ecl,aggregate_load,24,45,xgboost,25283.587775560376
2014-06-19 16:00:00,ecl,aggregate_load,24,45,xgboost,30905.772672224073
2014-06-19 17:00:00,ecl,aggregate_load,24,45,xgboost,29479.707401150852
2014-06-19 18:00:00,ecl,aggregate_load,24,45,xgboost,34935.53193378394
2014-06-19 19:00:00,ecl,aggregate_load,24,45,xgboost,37492.46217652593
2014-06-19 20:00:00,ecl,aggregate_load,24,45,xgboost,35372.046326002135
2014-06-19 21:00:00,ecl,aggregate_load,24,45,xgboost,37463.747578232564
2014-06-19 22:00:00,ecl,aggregate_load,24,45,xgboost,38397.07926351033
2014-06-19 23:00:00,ecl,aggregate_load,24,45,xgboost,36521.4667763091
2014-06-20 00:00:00,ecl,aggregate_load,24,45,xgboost,39860.34206294527
2014-06-20 01:00:00,ecl,aggregate_load,24,45,xgboost,41201.448232746545
2014-06-20 02:00:00,ecl,aggregate_load,24,45,xgboost,33331.03837977111
2014-06-20 03:00:00,ecl,aggregate_load,24,45,xgboost,28548.911000236065
2014-06-20 04:00:00,ecl,aggregate_load,24,45,xgboost,34553.38218423063
2014-06-20 05:00:00,ecl,aggregate_load,24,45,xgboost,36343.98145653883
2014-06-20 06:00:00,ecl,aggregate_load,24,45,xgboost,37439.76957885653
2014-06-20 07:00:00,ecl,aggregate_load,24,45,xgboost,43563.50994231391
2014-06-20 08:00:00,ecl,aggregate_load,24,45,xgboost,43724.06629366701
2014-06-20 09:00:00,ecl,aggregate_load,24,45,xgboost,42330.602579046936
2014-06-20 10:00:00,ecl,aggregate_load,24,45,xgboost,33446.40069466489
2014-06-20 11:00:00,ecl,aggregate_load,24,45,xgboost,30150.073377123295
2014-06-20 12:00:00,ecl,aggregate_load,24,45,xgboost,27828.244737807556
2014-06-20 13:00:00,ecl,aggregate_load,24,45,xgboost,24818.281213571416
2014-06-20 14:00:00,ecl,aggregate_load,24,45,xgboost,29052.137508149335
2014-06-20 15:00:00,ecl,aggregate_load,24,45,xgboost,27295.474902501184
2014-06-20 16:00:00,ecl,aggregate_load,24,45,xgboost,24071.24594207204
2014-06-20 17:00:00,ecl,aggregate_load,24,45,xgboost,21867.77292170135
2014-06-20 18:00:00,ecl,aggregate_load,24,45,xgboost,25544.282279665193
2014-06-20 19:00:00,ecl,aggregate_load,24,45,xgboost,32939.96558027293
2014-06-20 20:00:00,ecl,aggregate_load,24,45,xgboost,36067.13477637526
2014-06-20 21:00:00,ecl,aggregate_load,24,45,xgboost,36788.91985665008
2014-06-20 22:00:00,ecl,aggregate_load,24,45,xgboost,30501.32854082192
2014-06-20 23:00:00,ecl,aggregate_load,24,45,xgboost,29155.38195681405
2014-06-21 00:00:00,ecl,aggregate_load,24,45,xgboost,37566.4217702203
2014-06-21 01:00:00,ecl,aggregate_load,24,45,xgboost,37910.46461064259
2014-06-21 02:00:00,ecl,aggregate_load,24,45,xgboost,40165.103691380304
2014-06-21 03:00:00,ecl,aggregate_load,24,45,xgboost,41769.19689410276
2014-06-21 04:00:00,ecl,aggregate_load,24,45,xgboost,46632.32676720748
2014-06-21 05:00:00,ecl,aggregate_load,24,45,xgboost,34621.354736086454
2014-06-21 06:00:00,ecl,aggregate_load,24,45,xgboost,43888.79246299882
2014-06-21 07:00:00,ecl,aggregate_load,24,45,xgboost,36186.2260875602
2014-06-21 08:00:00,ecl,aggregate_load,24,45,xgboost,32091.198104656258
2014-06-21 09:00:00,ecl,aggregate_load,24,45,xgboost,31200.555847088577
2014-06-21 10:00:00,ecl,aggregate_load,24,45,xgboost,43438.01805082884
2014-06-21 11:00:00,ecl,aggregate_load,24,45,xgboost,43519.51033222862
2014-06-21 12:00:00,ecl,aggregate_load,24,45,xgboost,37564.50060037858
2014-06-21 13:00:00,ecl,aggregate_load,24,45,xgboost,38859.26569121183
2014-06-21 14:00:00,ecl,aggregate_load,24,45,xgboost,45582.26473361271
2014-06-21 15:00:00,ecl,aggregate_load,24,45,xgboost,43245.56340845706
2014-06-21 16:00:00,ecl,aggregate_load,24,45,xgboost,45249.34543929197
2014-06-21 17:00:00,ecl,aggregate_load,24,45,xgboost,43418.29414390577
2014-06-21 18:00:00,ecl,aggregate_load,24,45,xgboost,39579.929098063374
2014-06-21 19:00:00,ecl,aggregate_load,24,45,xgboost,43838.09640226469
2014-06-21 20:00:00,ecl,aggregate_load,24,45,xgboost,45509.48308061511
2014-06-21 21:00:00,ecl,aggregate_load,24,45,xgboost,49874.99497473079
2014-06-21 22:00:00,ecl,aggregate_load,24,45,xgboost,42655.80275983214
2014-06-21 23:00:00,ecl,aggregate_load,24,45,xgboost,36621.17565202021
2014-06-22 00:00:00,ecl,aggregate_load,24,45,xgboost,32426.505677910824
2014-06-22 01:00:00,ecl,aggregate_load,24,45,xgboost,34241.943120499294
2014-06-22 02:00:00,ecl,aggregate_load,24,45,xgboost,39221.076951231626
2014-06-22 03:00:00,ecl,aggregate_load,24,45,xgboost,44943.99487611392
2014-06-22 04:00:00,ecl,aggregate_load,24,45,xgboost,49321.7684739163
2014-06-22 05:00:00,ecl,aggregate_load,24,45,xgboost,43543.37635719345
2014-06-22 06:00:00,ecl,aggregate_load,24,45,xgboost,49063.97667316316
2014-06-22 07:00:00,ecl,aggregate_load,24,45,xgboost,40122.77726100108
2014-06-22 08:00:00,ecl,aggregate_load,24,45,xgboost,40058.41885734708
2014-06-22 09:00:00,ecl,aggregate_load,24,45,xgboost,37071.1359371793
2014-06-22 10:00:00,ecl,aggregate_load,24,45,xgboost,46221.47920879418
2014-06-22 11:00:00,ecl,aggregate_load,24,45,xgboost,44918.14641039611
2014-06-22 12:00:00,ecl,aggregate_load,24,45,xgboost,45216.909598033635
2014-06-22 13:00:00,ecl,aggregate_load,24,45,xgboost,50532.638385118196
2014-06-22 14:00:00,ecl,aggregate_load,24,45,xgboost,43088.387909364676
2014-06-22 15:00:00,ecl,aggregate_load,24,45,xgboost,38616.81521315896
2014-06-22 16:00:00,ecl,aggregate_load,24,45,xgboost,36585.41281443302
2014-06-22 17:00:00,ecl,aggregate_load,24,45,xgboost,33655.80666072592
2014-06-22 18:00:00,ecl,aggregate_load,24,45,xgboost,35800.39746884015
2014-06-22 19:00:00,ecl,aggregate_load,24,45,xgboost,31134.694832327586
2014-06-22 20:00:00,ecl,aggregate_load,24,45,xgboost,43875.612163852325
2014-06-22 21:00:00,ecl,aggregate_load,24,45,xgboost,31980.11287368947
2014-06-22 22:00:00,ecl,aggregate_load,24,45,xgboost,36371.546672144024
2014-06-22 23:00:00,ecl,aggregate_load,24,45,xgboost,29858.2450569129
2014-06-23 00:00:00,ecl,aggregate_load,24,45,xgboost,17247.889189325342
2014-06-23 01:00:00,ecl,aggregate_load,24,45,xgboost,19632.334697937895
2014-06-23 02:00:00,ecl,aggregate_load,24,45,xgboost,23232.844639671082
2014-06-23 03:00:00,ecl,aggregate_load,24,45,xgboost,20778.144550902754
2014-06-23 04:00:00,ecl,aggregate_load,24,45,xgboost,26225.204161322905
2014-06-23 05:00:00,ecl,aggregate_load,24,45,xgboost,25395.520046047066
2014-06-23 06:00:00,ecl,aggregate_load,24,45,xgboost,24104.26403195773
2014-06-23 07:00:00,ecl,aggregate_load,24,45,xgboost,28636.974742228977
2014-06-23 08:00:00,ecl,aggregate_load,24,45,xgboost,23312.523794349807
2014-06-23 09:00:00,ecl,aggregate_load,24,45,xgboost,26233.006521963773
2014-06-23 10:00:00,ecl,aggregate_load,24,45,xgboost,23778.285599635245
2014-06-23 11:00:00,ecl,aggregate_load,24,45,xgboost,26612.917661374868
2014-06-23 12:00:00,ecl,aggregate_load,24,45,xgboost,22082.176578063012
2014-06-23 13:00:00,ecl,aggregate_load,24,45,xgboost,24399.132618729865
2014-06-23 14:00:00,ecl,aggregate_load,24,45,xgboost,36821.79266886363
2014-06-23 15:00:00,ecl,aggregate_load,24,45,xgboost,39171.26864894046
2014-06-23 16:00:00,ecl,aggregate_load,24,45,xgboost,43893.242867165645
2014-06-23 17:00:00,ecl,aggregate_load,24,45,xgboost,41722.24326105862
2014-06-23 18:00:00,ecl,aggregate_load,24,45,xgboost,32920.86603697026
2014-06-23 19:00:00,ecl,aggregate_load,24,45,xgboost,35216.29433694365
2014-06-23 20:00:00,ecl,aggregate_load,24,45,xgboost,38615.84233904499
2014-06-23 21:00:00,ecl,aggregate_load,24,45,xgboost,37467.78179206212
2014-06-23 22:00:00,ecl,aggregate_load,24,45,xgboost,34841.63318157135
2014-06-23 23:00:00,ecl,aggregate_load,24,45,xgboost,33232.76663556885
2014-06-24 00:00:00,ecl,aggregate_load,24,45,xgboost,34614.74475771387
2014-06-24 01:00:00,ecl,aggregate_load,24,45,xgboost,47195.97120658843
2014-06-24 02:00:00,ecl,aggregate_load,24,45,xgboost,46050.219526159985
2014-06-24 03:00:00,ecl,aggregate_load,24,45,xgboost,39325.803679435536
2014-06-24 04:00:00,ecl,aggregate_load,24,45,xgboost,43716.55633073996
2014-06-24 05:00:00,ecl,aggregate_load,24,45,xgboost,54988.005901956254
2014-06-24 06:00:00,ecl,aggregate_load,24,45,xgboost,54953.62942999514
2014-06-24 07:00:00,ecl,aggregate_load,24,45,xgboost,52432.65949845413
2014-06-24 08:00:00,ecl,aggregate_load,24,45,xgboost,46319.482038712944
2014-06-24 09:00:00,ecl,aggregate_load,24,45,xgboost,40779.6030146913
2014-06-24 10:00:00,ecl,aggregate_load,24,45,xgboost,49514.84199723231
2014-06-24 11:00:00,ecl,aggregate_load,24,45,xgboost,52477.80134299482
2014-06-24 12:00:00,ecl,aggregate_load,24,45,xgboost,36043.71627419898
2014-06-24 13:00:00,ecl,aggregate_load,24,45,xgboost,31067.265361580037
2014-06-24 14:00:00,ecl,aggregate_load,24,45,xgboost,24495.487353546738
2014-06-24 15:00:00,ecl,aggregate_load,24,45,xgboost,18534.842472467946
2014-06-24 16:00:00,ecl,aggregate_load,24,45,xgboost,19242.650914411508
2014-06-24 17:00:00,ecl,aggregate_load,24,45,xgboost,19552.4323171607
2014-06-24 18:00:00,ecl,aggregate_load,24,45,xgboost,22005.451437324253
2014-06-24 19:00:00,ecl,aggregate_load,24,45,xgboost,23089.78499085139
2014-06-24 20:00:00,ecl,aggregate_load,24,45,xgboost,24951.744426907626
2014-06-24 21:00:00,ecl,aggregate_load,24,45,xgboost,24121.734812585364
2014-06-24 22:00:00,ecl,aggregate_load,24,45,xgboost,28319.21861128371
2014-06-24 23:00:00,ecl,aggregate_load,24,45,xgboost,18863.93873573533
2014-06-25 00:00:00,ecl,aggregate_load,24,45,xgboost,19805.991103137585
2014-06-25 01:00:00,ecl,aggregate_load,24,45,xgboost,19552.847685540266
2014-06-25 02:00:00,ecl,aggregate_load,24,45,xgboost,26593.373639280675
2014-06-25 03:00:00,ecl,aggregate_load,24,45,xgboost,26879.83930249888
2014-06-25 04:00:00,ecl,aggregate_load,24,45,xgboost,29793.522694056443
2014-06-25 05:00:00,ecl,aggregate_load,24,45,xgboost,30238.00647654914
2014-06-25 06:00:00,ecl,aggregate_load,24,45,xgboost,29328.16104271485
2014-06-25 07:00:00,ecl,aggregate_load,24,45,xgboost,30531.95499358659
2014-06-25 08:00:00,ecl,aggregate_load,24,45,xgboost,23604.26475825148
2014-06-25 09:00:00,ecl,aggregate_load,24,45,xgboost,26127.298305775443
2014-06-25 10:00:00,ecl,aggregate_load,24,45,xgboost,36077.53578443816
2014-06-25 11:00:00,ecl,aggregate_load,24,45,xgboost,33757.390145811165
2014-06-25 12:00:00,ecl,aggregate_load,24,45,xgboost,34181.953129441936
2014-06-25 13:00:00,ecl,aggregate_load,24,45,xgboost,30055.31445419126
2014-06-25 14:00:00,ecl,aggregate_load,24,45,xgboost,30744.74171078489
2014-06-25 15:00:00,ecl,aggregate_load,24,45,xgboost,34128.78196257869
2014-06-25 16:00:00,ecl,aggregate_load,24,45,xgboost,36194.48251849119
2014-06-25 17:00:00,ecl,aggregate_load,24,45,xgboost,33449.68144066088
2014-06-25 18:00:00,ecl,aggregate_load,24,45,xgboost,30239.52534244145
2014-06-25 19:00:00,ecl,aggregate_load,24,45,xgboost,24215.41029464416
2014-06-25 20:00:00,ecl,aggregate_load,24,45,xgboost,26026.69158664045
2014-06-25 21:00:00,ecl,aggregate_load,24,45,xgboost,25017.915615584014
2014-06-25 22:00:00,ecl,aggregate_load,24,45,xgboost,25824.039605742688
2014-06-25 23:00:00,ecl,aggregate_load,24,45,xgboost,18990.572488123824
2014-06-26 00:00:00,ecl,aggregate_load,24,45,xgboost,17949.569032131687
2014-06-26 01:00:00,ecl,aggregate_load,24,45,xgboost,12808.600614321578
2014-06-26 02:00:00,ecl,aggregate_load,24,45,xgboost,15877.274788451621
2014-06-26 03:00:00,ecl,aggregate_load,24,45,xgboost,17042.73269698568
2014-06-26 04:00:00,ecl,aggregate_load,24,45,xgboost,18144.781886665143
2014-06-26 05:00:00,ecl,aggregate_load,24,45,xgboost,13439.731525236415
2014-06-26 06:00:00,ecl,aggregate_load,24,45,xgboost,17644.977293577766
2014-06-26 07:00:00,ecl,aggregate_load,24,45,xgboost,17995.952761057455
2014-06-26 08:00:00,ecl,aggregate_load,24,45,xgboost,14387.125144534408
2014-06-26 09:00:00,ecl,aggregate_load,24,45,xgboost,16461.676583240147
2014-06-26 10:00:00,ecl,aggregate_load,24,45,xgboost,18266.231089491514
2014-06-26 11:00:00,ecl,aggregate_load,24,45,xgboost,21122.2393785989
2014-06-26 12:00:00,ecl,aggregate_load,24,45,xgboost,19267.204057236777
2014-06-26 13:00:00,ecl,aggregate_load,24,45,xgboost,18230.88298114004
2014-06-26 14:00:00,ecl,aggregate_load,24,45,xgboost,16199.231956876467
2014-06-26 15:00:00,ecl,aggregate_load,24,45,xgboost,18743.342232161227
2014-06-26 16:00:00,ecl,aggregate_load,24,45,xgboost,24437.204372664535
2014-06-26 17:00:00,ecl,aggregate_load,24,45,xgboost,22821.644468460654
2014-06-26 18:00:00,ecl,aggregate_load,24,45,xgboost,26387.897397527715
2014-06-26 19:00:00,ecl,aggregate_load,24,45,xgboost,29122.222697293404
2014-06-26 20:00:00,ecl,aggregate_load,24,45,xgboost,29394.811551544455
2014-06-26 21:00:00,ecl,aggregate_load,24,45,xgboost,38359.71339470591
2014-06-26 22:00:00,ecl,aggregate_load,24,45,xgboost,34930.5206099649
2014-06-26 23:00:00,ecl,aggregate_load,24,45,xgboost,42113.388590956136
2014-06-27 00:00:00,ecl,aggregate_load,24,45,xgboost,47796.67174005844
2014-06-27 01:00:00,ecl,aggregate_load,24,45,xgboost,29570.52852171255
2014-06-27 02:00:00,ecl,aggregate_load,24,45,xgboost,25827.88711505607
2014-06-27 03:00:00,ecl,aggregate_load,24,45,xgboost,29710.0312844482
2014-06-27 04:00:00,ecl,aggregate_load,24,45,xgboost,26326.666773666744
2014-06-27 05:00:00,ecl,aggregate_load,24,45,xgboost,26188.62098749974
2014-06-27 06:00:00,ecl,aggregate_load,24,45,xgboost,25985.00048509128
2014-06-27 07:00:00,ecl,aggregate_load,24,45,xgboost,34022.06299537928
2014-06-27 08:00:00,ecl,aggregate_load,24,45,xgboost,30174.315343776765
2014-06-27 09:00:00,ecl,aggregate_load,24,45,xgboost,31282.366840267972
2014-06-27 10:00:00,ecl,aggregate_load,24,45,xgboost,35287.96630803026
2014-06-27 11:00:00,ecl,aggregate_load,24,45,xgboost,25518.627965954092
2014-06-27 12:00:00,ecl,aggregate_load,24,45,xgboost,26327.602051777623
2014-06-27 13:00:00,ecl,aggregate_load,24,45,xgboost,22229.58331545982
2014-06-27 14:00:00,ecl,aggregate_load,24,45,xgboost,26063.81563481648
2014-06-27 15:00:00,ecl,aggregate_load,24,45,xgboost,38500.20856167041
2014-06-27 16:00:00,ecl,aggregate_load,24,45,xgboost,37579.14113819791
2014-06-27 17:00:00,ecl,aggregate_load,24,45,xgboost,40620.30744822148
2014-06-27 18:00:00,ecl,aggregate_load,24,45,xgboost,41684.22337662867
2014-06-27 19:00:00,ecl,aggregate_load,24,45,xgboost,39199.40421179522
2014-06-27 20:00:00,ecl,aggregate_load,24,45,xgboost,33944.28080435609
2014-06-27 21:00:00,ecl,aggregate_load,24,45,xgboost,39553.92738098573
2014-06-27 22:00:00,ecl,aggregate_load,24,45,xgboost,30251.28652562539
2014-06-27 23:00:00,ecl,aggregate_load,24,45,xgboost,36108.411497570894
2014-06-28 00:00:00,ecl,aggregate_load,24,45,xgboost,36505.84944773405
2014-06-28 01:00:00,ecl,aggregate_load,24,45,xgboost,39254.08901001551
2014-06-28 02:00:00,ecl,aggregate_load,24,45,xgboost,33580.69540567102
2014-06-28 03:00:00,ecl,aggregate_load,24,45,xgboost,28810.276356907387
2014-06-28 04:00:00,ecl,aggregate_load,24,45,xgboost,34922.59146702062
2014-06-28 05:00:00,ecl,aggregate_load,24,45,xgboost,35781.41972539765
2014-06-28 06:00:00,ecl,aggregate_load,24,45,xgboost,31566.454986609166
2014-06-28 07:00:00,ecl,aggregate_load,24,45,xgboost,38230.223060563054
2014-06-28 08:00:00,ecl,aggregate_load,24,45,xgboost,36925.75402355128
2014-06-28 09:00:00,ecl,aggregate_load,24,45,xgboost,40132.03532730766
2014-06-28 10:00:00,ecl,aggregate_load,24,45,xgboost,34387.33625290648
2014-06-28 11:00:00,ecl,aggregate_load,24,45,xgboost,30255.967816694454
2014-06-28 12:00:00,ecl,aggregate_load,24,45,xgboost,33004.3688272898
2014-06-28 13:00:00,ecl,aggregate_load,24,45,xgboost,34017.5717686809
2014-06-28 14:00:00,ecl,aggregate_load,24,45,xgboost,42136.532840994856
2014-06-28 15:00:00,ecl,aggregate_load,24,45,xgboost,45297.54616953033
2014-06-28 16:00:00,ecl,aggregate_load,24,45,xgboost,51179.06706034522
2014-06-28 17:00:00,ecl,aggregate_load,24,45,xgboost,47019.0033732598
2014-06-28 18:00:00,ecl,aggregate_load,24,45,xgboost,48638.80375132824
2014-06-28 19:00:00,ecl,aggregate_load,24,45,xgboost,53681.645860276905
2014-06-28 20:00:00,ecl,aggregate_load,24,45,xgboost,51028.55764914679
2014-06-28 21:00:00,ecl,aggregate_load,24,45,xgboost,55138.9148565173
2014-06-28 22:00:00,ecl,aggregate_load,24,45,xgboost,55777.511170033686
2014-06-28 23:00:00,ecl,aggregate_load,24,45,xgboost,50802.04941352746
2014-06-29 00:00:00,ecl,aggregate_load,24,45,xgboost,47564.62468085762
2014-06-29 01:00:00,ecl,aggregate_load,24,45,xgboost,52264.25015512299
2014-06-29 02:00:00,ecl,aggregate_load,24,45,xgboost,60883.72138876659
2014-06-29 03:00:00,ecl,aggregate_load,24,45,xgboost,64750.95448258866
2014-06-29 04:00:00,ecl,aggregate_load,24,45,xgboost,64785.206083720754
2014-06-29 05:00:00,ecl,aggregate_load,24,45,xgboost,65315.76003379407
2014-06-29 06:00:00,ecl,aggregate_load,24,45,xgboost,63533.37099257705
2014-06-29 07:00:00,ecl,aggregate_load,24,45,xgboost,51827.220156545394
2014-06-29 08:00:00,ecl,aggregate_load,24,45,xgboost,56807.95447557233
2014-06-29 09:00:00,ecl,aggregate_load,24,45,xgboost,52187.280449204285
2014-06-29 10:00:00,ecl,aggregate_load,24,45,xgboost,57026.19360500658
2014-06-29 11:00:00,ecl,aggregate_load,24,45,xgboost,57786.80266048731
2014-06-29 12:00:00,ecl,aggregate_load,24,45,xgboost,45695.24198224578
2014-06-29 13:00:00,ecl,aggregate_load,24,45,xgboost,44450.16398186405
2014-06-29 14:00:00,ecl,aggregate_load,24,45,xgboost,40848.23782086469
2014-06-29 15:00:00,ecl,aggregate_load,24,45,xgboost,40459.91754865754
2014-06-29 16:00:00,ecl,aggregate_load,24,45,xgboost,37041.24518943253
2014-06-29 17:00:00,ecl,aggregate_load,24,45,xgboost,40487.13850355288
2014-06-29 18:00:00,ecl,aggregate_load,24,45,xgboost,36758.68619446069
2014-06-29 19:00:00,ecl,aggregate_load,24,45,xgboost,44078.94204462989
2014-06-29 20:00:00,ecl,aggregate_load,24,45,xgboost,48012.00877148014
2014-06-29 21:00:00,ecl,aggregate_load,24,45,xgboost,43144.59671356185
2014-06-29 22:00:00,ecl,aggregate_load,24,45,xgboost,30657.128233040236
2014-06-29 23:00:00,ecl,aggregate_load,24,45,xgboost,21436.97602540105
2014-06-30 00:00:00,ecl,aggregate_load,24,45,xgboost,19069.51452748251
2014-06-30 01:00:00,ecl,aggregate_load,24,45,xgboost,23571.303399827913
2014-06-30 02:00:00,ecl,aggregate_load,24,45,xgboost,20887.455476371866
2014-06-30 03:00:00,ecl,aggregate_load,24,45,xgboost,30583.73763467108
2014-06-30 04:00:00,ecl,aggregate_load,24,45,xgboost,24375.823785099306
2014-06-30 05:00:00,ecl,aggregate_load,24,45,xgboost,28658.300651793183
2014-06-30 06:00:00,ecl,aggregate_load,24,45,xgboost,24392.632769072257
2014-06-30 07:00:00,ecl,aggregate_load,24,45,xgboost,25357.20825783987
2014-06-30 08:00:00,ecl,aggregate_load,24,45,xgboost,25196.653094661262
2014-06-30 09:00:00,ecl,aggregate_load,24,45,xgboost,21018.6843586661
2014-06-30 10:00:00,ecl,aggregate_load,24,45,xgboost,22334.10863377228
2014-06-30 11:00:00,ecl,aggregate_load,24,45,xgboost,28662.89137206957
2014-06-30 12:00:00,ecl,aggregate_load,24,45,xgboost,18666.75430453163
2014-06-30 13:00:00,ecl,aggregate_load,24,45,xgboost,16834.830218140352
2014-06-30 14:00:00,ecl,aggregate_load,24,45,xgboost,20138.9208988191
2014-06-30 15:00:00,ecl,aggregate_load,24,45,xgboost,19744.673206243107
2014-06-30 16:00:00,ecl,aggregate_load,24,45,xgboost,19856.794514425805
2014-06-30 17:00:00,ecl,aggregate_load,24,45,xgboost,18535.564192690796
2014-06-30 18:00:00,ecl,aggregate_load,24,45,xgboost,27934.47471454174
2014-06-30 19:00:00,ecl,aggregate_load,24,45,xgboost,27674.15824637725
2014-06-30 20:00:00,ecl,aggregate_load,24,45,xgboost,28171.705938668823
2014-06-30 21:00:00,ecl,aggregate_load,24,45,xgboost,17559.096309773817
2014-06-30 22:00:00,ecl,aggregate_load,24,45,xgboost,22643.679363751176
2014-06-30 23:00:00,ecl,aggregate_load,24,45,xgboost,24244.0477737982
2014-07-01 00:00:00,ecl,aggregate_load,24,45,xgboost,34796.63049773436
2014-07-01 01:00:00,ecl,aggregate_load,24,45,xgboost,34049.36016700738
2014-07-01 02:00:00,ecl,aggregate_load,24,45,xgboost,40858.44638215887
2014-07-01 03:00:00,ecl,aggregate_load,24,45,xgboost,35535.247962964524
2014-07-01 04:00:00,ecl,aggregate_load,24,45,xgboost,34660.45685664274
2014-07-01 05:00:00,ecl,aggregate_load,24,45,xgboost,39646.69101016288
2014-07-01 06:00:00,ecl,aggregate_load,24,45,xgboost,44340.825664618926
2014-07-01 07:00:00,ecl,aggregate_load,24,45,xgboost,42196.42164918489
2014-07-01 08:00:00,ecl,aggregate_load,24,45,xgboost,37689.44983507519
2014-07-01 09:00:00,ecl,aggregate_load,24,45,xgboost,40088.24970554278
2014-07-01 10:00:00,ecl,aggregate_load,24,45,xgboost,42656.52278732749
2014-07-01 11:00:00,ecl,aggregate_load,24,45,xgboost,44833.57658808918
2014-07-01 12:00:00,ecl,aggregate_load,24,45,xgboost,38975.77402418985
2014-07-01 13:00:00,ecl,aggregate_load,24,45,xgboost,33654.01475331082
2014-07-01 14:00:00,ecl,aggregate_load,24,45,xgboost,41299.43675498213
2014-07-01 15:00:00,ecl,aggregate_load,24,45,xgboost,38997.74316401101
2014-07-01 16:00:00,ecl,aggregate_load,24,45,xgboost,31223.323628051337
2014-07-01 17:00:00,ecl,aggregate_load,24,45,xgboost,36245.37246247139
2014-07-01 18:00:00,ecl,aggregate_load,24,45,xgboost,30965.799964796606
2014-07-01 19:00:00,ecl,aggregate_load,24,45,xgboost,34735.2378112246
2014-07-01 20:00:00,ecl,aggregate_load,24,45,xgboost,37593.26805060729
2014-07-01 21:00:00,ecl,aggregate_load,24,45,xgboost,39116.58491510474
2014-07-01 22:00:00,ecl,aggregate_load,24,45,xgboost,37434.91234526382
2014-07-01 23:00:00,ecl,aggregate_load,24,45,xgboost,28352.85053658414
2014-07-02 00:00:00,ecl,aggregate_load,24,45,xgboost,38972.71960238119
2014-07-02 01:00:00,ecl,aggregate_load,24,45,xgboost,34934.69625076239
2014-07-02 02:00:00,ecl,aggregate_load,24,45,xgboost,40610.69236710978
2014-07-02 03:00:00,ecl,aggregate_load,24,45,xgboost,38481.53546558655
2014-07-02 04:00:00,ecl,aggregate_load,24,45,xgboost,37626.08831712597
2014-07-02 05:00:00,ecl,aggregate_load,24,45,xgboost,37463.05030900903
2014-07-02 06:00:00,ecl,aggregate_load,24,45,xgboost,41757.22783454709
2014-07-02 07:00:00,ecl,aggregate_load,24,45,xgboost,35996.1016791109
2014-07-02 08:00:00,ecl,aggregate_load,24,45,xgboost,35097.22146616225
2014-07-02 09:00:00,ecl,aggregate_load,24,45,xgboost,30421.73744376388
2014-07-02 10:00:00,ecl,aggregate_load,24,45,xgboost,34882.95220275195
2014-07-02 11:00:00,ecl,aggregate_load,24,45,xgboost,33818.71145436288
2014-07-02 12:00:00,ecl,aggregate_load,24,45,xgboost,29920.67553630911
2014-07-02 13:00:00,ecl,aggregate_load,24,45,xgboost,23113.90905820606
2014-07-02 14:00:00,ecl,aggregate_load,24,45,xgboost,24489.051247884887
2014-07-02 15:00:00,ecl,aggregate_load,24,45,xgboost,21117.257857546243
2014-07-02 16:00:00,ecl,aggregate_load,24,45,xgboost,22575.64497555899
2014-07-02 17:00:00,ecl,aggregate_load,24,45,xgboost,20797.937259503746
2014-07-02 18:00:00,ecl,aggregate_load,24,45,xgboost,20554.632685408953
2014-07-02 19:00:00,ecl,aggregate_load,24,45,xgboost,16406.585878655937
2014-07-02 20:00:00,ecl,aggregate_load,24,45,xgboost,20078.122057539076
2014-07-02 21:00:00,ecl,aggregate_load,24,45,xgboost,22834.090897275553
2014-07-02 22:00:00,ecl,aggregate_load,24,45,xgboost,23377.090142298275
2014-07-02 23:00:00,ecl,aggregate_load,24,45,xgboost,25682.282791128044
2014-07-03 00:00:00,ecl,aggregate_load,24,45,xgboost,21051.658934248495
2014-07-03 01:00:00,ecl,aggregate_load,24,45,xgboost,18313.201713848874
2014-07-03 02:00:00,ecl,aggregate_load,24,45,xgboost,18717.020347273854
2014-07-03 03:00:00,ecl,aggregate_load,24,45,xgboost,18154.35457001926
2014-07-03 04:00:00,ecl,aggregate_load,24,45,xgboost,16823.631322427267
2014-07-03 05:00:00,ecl,aggregate_load,24,45,xgboost,16245.454055898705
2014-07-03 06:00:00,ecl,aggregate_load,24,45,xgboost,14281.332139046113
2014-07-03 07:00:00,ecl,aggregate_load,24,45,xgboost,17937.207426534424
2014-07-03 08:00:00,ecl,aggregate_load,24,45,xgboost,17114.46085313804
2014-07-03 09:00:00,ecl,aggregate_load,24,45,xgboost,15719.368974041963
2014-07-03 10:00:00,ecl,aggregate_load,24,45,xgboost,19218.90878846843
2014-07-03 11:00:00,ecl,aggregate_load,24,45,xgboost,14493.718637344484
2014-07-03 12:00:00,ecl,aggregate_load,24,45,xgboost,16448.212190840302
2014-07-03 13:00:00,ecl,aggregate_load,24,45,xgboost,15386.573630963225
2014-07-03 14:00:00,ecl,aggregate_load,24,45,xgboost,17912.037603350087
2014-07-03 15:00:00,ecl,aggregate_load,24,45,xgboost,22047.28275097093
2014-07-03 16:00:00,ecl,aggregate_load,24,45,xgboost,25530.51259657031
2014-07-03 17:00:00,ecl,aggregate_load,24,45,xgboost,28530.87930762755
2014-07-03 18:00:00,ecl,aggregate_load,24,45,xgboost,32148.914992478414
2014-07-03 19:00:00,ecl,aggregate_load,24,45,xgboost,24897.715010932978
2014-07-03 20:00:00,ecl,aggregate_load,24,45,xgboost,28516.8308789891
2014-07-03 21:00:00,ecl,aggregate_load,24,45,xgboost,36532.901242315325
2014-07-03 22:00:00,ecl,aggregate_load,24,45,xgboost,29305.975256079924
2014-07-03 23:00:00,ecl,aggregate_load,24,45,xgboost,26073.54058172047
2014-07-04 00:00:00,ecl,aggregate_load,24,45,xgboost,22388.404386080045
2014-07-04 01:00:00,ecl,aggregate_load,24,45,xgboost,23801.711984156747
2014-07-04 02:00:00,ecl,aggregate_load,24,45,xgboost,22984.303180892097
2014-07-04 03:00:00,ecl,aggregate_load,24,45,xgboost,22920.23875769821
2014-07-04 04:00:00,ecl,aggregate_load,24,45,xgboost,21464.68281271478
2014-07-04 05:00:00,ecl,aggregate_load,24,45,xgboost,22653.62342317203
2014-07-04 06:00:00,ecl,aggregate_load,24,45,xgboost,20679.505836349792
2014-07-04 07:00:00,ecl,aggregate_load,24,45,xgboost,23555.71253860444
2014-07-04 08:00:00,ecl,aggregate_load,24,45,xgboost,25541.533670074063
2014-07-04 09:00:00,ecl,aggregate_load,24,45,xgboost,26441.644934605312
2014-07-04 10:00:00,ecl,aggregate_load,24,45,xgboost,26073.075791270636
2014-07-04 11:00:00,ecl,aggregate_load,24,45,xgboost,23542.75656752203
2014-07-04 12:00:00,ecl,aggregate_load,24,45,xgboost,28825.696102143538
2014-07-04 13:00:00,ecl,aggregate_load,24,45,xgboost,34978.1206992947
2014-07-04 14:00:00,ecl,aggregate_load,24,45,xgboost,25527.001864362577
2014-07-04 15:00:00,ecl,aggregate_load,24,45,xgboost,20559.478010895346
2014-07-04 16:00:00,ecl,aggregate_load,24,45,xgboost,26995.266082577848
2014-07-04 17:00:00,ecl,aggregate_load,24,45,xgboost,26036.28185742398
2014-07-04 18:00:00,ecl,aggregate_load,24,45,xgboost,23021.385751320147
2014-07-04 19:00:00,ecl,aggregate_load,24,45,xgboost,20786.02556596183
2014-07-04 20:00:00,ecl,aggregate_load,24,45,xgboost,23695.462369833618
2014-07-04 21:00:00,ecl,aggregate_load,24,45,xgboost,23522.481072768802
2014-07-04 22:00:00,ecl,aggregate_load,24,45,xgboost,27583.42239908736
2014-07-04 23:00:00,ecl,aggregate_load,24,45,xgboost,31450.241179740788
2014-07-05 00:00:00,ecl,aggregate_load,24,45,xgboost,35531.91645628809
2014-07-05 01:00:00,ecl,aggregate_load,24,45,xgboost,31175.29838149826
2014-07-05 02:00:00,ecl,aggregate_load,24,45,xgboost,27671.316173141124
2014-07-05 03:00:00,ecl,aggregate_load,24,45,xgboost,29537.80244944843
2014-07-05 04:00:00,ecl,aggregate_load,24,45,xgboost,26424.23149500667
2014-07-05 05:00:00,ecl,aggregate_load,24,45,xgboost,23242.121316962104
2014-07-05 06:00:00,ecl,aggregate_load,24,45,xgboost,25029.736983615276
2014-07-05 07:00:00,ecl,aggregate_load,24,45,xgboost,28532.539072716096
2014-07-05 08:00:00,ecl,aggregate_load,24,45,xgboost,28676.16467485412
2014-07-05 09:00:00,ecl,aggregate_load,24,45,xgboost,29758.091178746778
2014-07-05 10:00:00,ecl,aggregate_load,24,45,xgboost,29470.822702825477
2014-07-05 11:00:00,ecl,aggregate_load,24,45,xgboost,24250.401457336444
2014-07-05 12:00:00,ecl,aggregate_load,24,45,xgboost,30323.94487933403
2014-07-05 13:00:00,ecl,aggregate_load,24,45,xgboost,31135.227035211847
2014-07-05 14:00:00,ecl,aggregate_load,24,45,xgboost,33671.33123801661
2014-07-05 15:00:00,ecl,aggregate_load,24,45,xgboost,42174.84585191792
2014-07-05 16:00:00,ecl,aggregate_load,24,45,xgboost,52611.42145219812
2014-07-05 17:00:00,ecl,aggregate_load,24,45,xgboost,56810.60262562683
2014-07-05 18:00:00,ecl,aggregate_load,24,45,xgboost,69659.91687662822
2014-07-05 19:00:00,ecl,aggregate_load,24,45,xgboost,69173.75585828892
2014-07-05 20:00:00,ecl,aggregate_load,24,45,xgboost,59538.7857547735
2014-07-05 21:00:00,ecl,aggregate_load,24,45,xgboost,61894.49453245305
2014-07-05 22:00:00,ecl,aggregate_load,24,45,xgboost,65511.55267601257
2014-07-05 23:00:00,ecl,aggregate_load,24,45,xgboost,67237.48632067446
2014-07-06 00:00:00,ecl,aggregate_load,24,45,xgboost,69495.93920386047
2014-07-06 01:00:00,ecl,aggregate_load,24,45,xgboost,62853.205135978795
2014-07-06 02:00:00,ecl,aggregate_load,24,45,xgboost,60976.72758722089
2014-07-06 03:00:00,ecl,aggregate_load,24,45,xgboost,72639.66878042344
2014-07-06 04:00:00,ecl,aggregate_load,24,45,xgboost,83057.8750671768
2014-07-06 05:00:00,ecl,aggregate_load,24,45,xgboost,68815.07080098653
2014-07-06 06:00:00,ecl,aggregate_load,24,45,xgboost,63437.650557687855
2014-07-06 07:00:00,ecl,aggregate_load,24,45,xgboost,62277.4513545839
2014-07-06 08:00:00,ecl,aggregate_load,24,45,xgboost,63803.66849759559
2014-07-06 09:00:00,ecl,aggregate_load,24,45,xgboost,61429.34509365668
2014-07-06 10:00:00,ecl,aggregate_load,24,45,xgboost,66411.41602692174
2014-07-06 11:00:00,ecl,aggregate_load,24,45,xgboost,62983.69935736797
2014-07-06 12:00:00,ecl,aggregate_load,24,45,xgboost,54340.39578199658
2014-07-06 13:00:00,ecl,aggregate_load,24,45,xgboost,55336.415158194046
2014-07-06 14:00:00,ecl,aggregate_load,24,45,xgboost,40311.995358308464
2014-07-06 15:00:00,ecl,aggregate_load,24,45,xgboost,44548.90397679019
2014-07-06 16:00:00,ecl,aggregate_load,24,45,xgboost,40497.807403308376
2014-07-06 17:00:00,ecl,aggregate_load,24,45,xgboost,37758.26616089172
2014-07-06 18:00:00,ecl,aggregate_load,24,45,xgboost,39786.36198576865
2014-07-06 19:00:00,ecl,aggregate_load,24,45,xgboost,37796.85624195479
2014-07-06 20:00:00,ecl,aggregate_load,24,45,xgboost,40613.203151318885
2014-07-06 21:00:00,ecl,aggregate_load,24,45,xgboost,50603.8531335419
2014-07-06 22:00:00,ecl,aggregate_load,24,45,xgboost,50754.9810800277
2014-07-06 23:00:00,ecl,aggregate_load,24,45,xgboost,50586.59947414312
2014-07-07 00:00:00,ecl,aggregate_load,24,45,xgboost,64557.36001550136
2014-07-07 01:00:00,ecl,aggregate_load,24,45,xgboost,69510.91764847156
2014-07-07 02:00:00,ecl,aggregate_load,24,45,xgboost,57674.58041459349
2014-07-07 03:00:00,ecl,aggregate_load,24,45,xgboost,61679.285485627894
2014-07-07 04:00:00,ecl,aggregate_load,24,45,xgboost,60532.96867886048
2014-07-07 05:00:00,ecl,aggregate_load,24,45,xgboost,56942.350633712376
2014-07-07 06:00:00,ecl,aggregate_load,24,45,xgboost,42440.772182164226
2014-07-07 07:00:00,ecl,aggregate_load,24,45,xgboost,37963.40677057207
2014-07-07 08:00:00,ecl,aggregate_load,24,45,xgboost,43352.06824116118
2014-07-07 09:00:00,ecl,aggregate_load,24,45,xgboost,35567.27434709941
2014-07-07 10:00:00,ecl,aggregate_load,24,45,xgboost,39889.00922696184
2014-07-07 11:00:00,ecl,aggregate_load,24,45,xgboost,35878.867407759484
2014-07-07 12:00:00,ecl,aggregate_load,24,45,xgboost,26817.59605613926
2014-07-07 13:00:00,ecl,aggregate_load,24,45,xgboost,27950.123759712467
2014-07-07 14:00:00,ecl,aggregate_load,24,45,xgboost,22874.6794371323
2014-07-07 15:00:00,ecl,aggregate_load,24,45,xgboost,23110.51151410694
2014-07-07 16:00:00,ecl,aggregate_load,24,45,xgboost,30889.455686322148
2014-07-07 17:00:00,ecl,aggregate_load,24,45,xgboost,38264.109868651925
2014-07-07 18:00:00,ecl,aggregate_load,24,45,xgboost,40998.59916548409
2014-07-07 19:00:00,ecl,aggregate_load,24,45,xgboost,51287.78162608349
2014-07-07 20:00:00,ecl,aggregate_load,24,45,xgboost,50329.36834282558
2014-07-07 21:00:00,ecl,aggregate_load,24,45,xgboost,59901.28392920257
2014-07-07 22:00:00,ecl,aggregate_load,24,45,xgboost,67887.0126462514
2014-07-07 23:00:00,ecl,aggregate_load,24,45,xgboost,62605.39715988888
2014-07-08 00:00:00,ecl,aggregate_load,24,45,xgboost,55932.59388008434
2014-07-08 01:00:00,ecl,aggregate_load,24,45,xgboost,52302.70906610184
2014-07-08 02:00:00,ecl,aggregate_load,24,45,xgboost,55249.07671923817
2014-07-08 03:00:00,ecl,aggregate_load,24,45,xgboost,51912.95438459147
2014-07-08 04:00:00,ecl,aggregate_load,24,45,xgboost,53044.61337960537
2014-07-08 05:00:00,ecl,aggregate_load,24,45,xgboost,53503.529396356615
2014-07-08 06:00:00,ecl,aggregate_load,24,45,xgboost,51795.06750206987
2014-07-08 07:00:00,ecl,aggregate_load,24,45,xgboost,60578.57984012979
2014-07-08 08:00:00,ecl,aggregate_load,24,45,xgboost,54016.78780232052
2014-07-08 09:00:00,ecl,aggregate_load,24,45,xgboost,52405.12913369176
2014-07-08 10:00:00,ecl,aggregate_load,24,45,xgboost,58428.21739500121
2014-07-08 11:00:00,ecl,aggregate_load,24,45,xgboost,63347.785031243104
2014-07-08 12:00:00,ecl,aggregate_load,24,45,xgboost,69994.32387135575
2014-07-08 13:00:00,ecl,aggregate_load,24,45,xgboost,71716.90265909933
2014-07-08 14:00:00,ecl,aggregate_load,24,45,xgboost,58589.12874667705
2014-07-08 15:00:00,ecl,aggregate_load,24,45,xgboost,50798.05694163873
2014-07-08 16:00:00,ecl,aggregate_load,24,45,xgboost,40328.907278554565
2014-07-08 17:00:00,ecl,aggregate_load,24,45,xgboost,57579.10838609428
2014-07-08 18:00:00,ecl,aggregate_load,24,45,xgboost,54959.51733185936
2014-07-08 19:00:00,ecl,aggregate_load,24,45,xgboost,45995.34724977019
2014-07-08 20:00:00,ecl,aggregate_load,24,45,xgboost,58383.886809194395
2014-07-08 21:00:00,ecl,aggregate_load,24,45,xgboost,46711.578622224995
2014-07-08 22:00:00,ecl,aggregate_load,24,45,xgboost,45192.74404466001
2014-07-08 23:00:00,ecl,aggregate_load,24,45,xgboost,32525.94244117798
2014-07-09 00:00:00,ecl,aggregate_load,24,45,xgboost,40914.61551309406
2014-07-09 01:00:00,ecl,aggregate_load,24,45,xgboost,31678.861480309035
2014-07-09 02:00:00,ecl,aggregate_load,24,45,xgboost,34184.4878146777
2014-07-09 03:00:00,ecl,aggregate_load,24,45,xgboost,41246.24335093704
2014-07-09 04:00:00,ecl,aggregate_load,24,45,xgboost,46227.62603590052
2014-07-09 05:00:00,ecl,aggregate_load,24,45,xgboost,33671.255693572246
2014-07-09 06:00:00,ecl,aggregate_load,24,45,xgboost,36627.11807901627
2014-07-09 07:00:00,ecl,aggregate_load,24,45,xgboost,29931.563486209616
2014-07-09 08:00:00,ecl,aggregate_load,24,45,xgboost,36511.54762481715
2014-07-09 09:00:00,ecl,aggregate_load,24,45,xgboost,42577.499614151435
2014-07-09 10:00:00,ecl,aggregate_load,24,45,xgboost,36828.63871135342
2014-07-09 11:00:00,ecl,aggregate_load,24,45,xgboost,32483.628260873054
2014-07-09 12:00:00,ecl,aggregate_load,24,45,xgboost,36106.733028706934
2014-07-09 13:00:00,ecl,aggregate_load,24,45,xgboost,40370.79230425259
2014-07-09 14:00:00,ecl,aggregate_load,24,45,xgboost,33761.816881673636
2014-07-09 15:00:00,ecl,aggregate_load,24,45,xgboost,31928.03460023429
2014-07-09 16:00:00,ecl,aggregate_load,24,45,xgboost,35108.26180413258
2014-07-09 17:00:00,ecl,aggregate_load,24,45,xgboost,28857.27908427529
2014-07-09 18:00:00,ecl,aggregate_load,24,45,xgboost,26749.418134365827
2014-07-09 19:00:00,ecl,aggregate_load,24,45,xgboost,27628.495940617973
2014-07-09 20:00:00,ecl,aggregate_load,24,45,xgboost,31397.676775070282
2014-07-09 21:00:00,ecl,aggregate_load,24,45,xgboost,36932.570211287784
2014-07-09 22:00:00,ecl,aggregate_load,24,45,xgboost,33367.88316849372
2014-07-09 23:00:00,ecl,aggregate_load,24,45,xgboost,36355.61280588825
2014-07-10 00:00:00,ecl,aggregate_load,24,45,xgboost,31704.516726305956
2014-07-10 01:00:00,ecl,aggregate_load,24,45,xgboost,34002.122337213055
2014-07-10 02:00:00,ecl,aggregate_load,24,45,xgboost,30691.81005484381
2014-07-10 03:00:00,ecl,aggregate_load,24,45,xgboost,26326.971343670477
2014-07-10 04:00:00,ecl,aggregate_load,24,45,xgboost,23637.910816223524
2014-07-10 05:00:00,ecl,aggregate_load,24,45,xgboost,23451.298035452815
2014-07-10 06:00:00,ecl,aggregate_load,24,45,xgboost,27119.077711025097
2014-07-10 07:00:00,ecl,aggregate_load,24,45,xgboost,28188.087847278137
2014-07-10 08:00:00,ecl,aggregate_load,24,45,xgboost,31056.496943082286
2014-07-10 09:00:00,ecl,aggregate_load,24,45,xgboost,32120.698652987805
2014-07-10 10:00:00,ecl,aggregate_load,24,45,xgboost,31427.595864964318
2014-07-10 11:00:00,ecl,aggregate_load,24,45,xgboost,34445.15447613458
2014-07-10 12:00:00,ecl,aggregate_load,24,45,xgboost,39829.74380088719
2014-07-10 13:00:00,ecl,aggregate_load,24,45,xgboost,51528.16156936033
2014-07-10 14:00:00,ecl,aggregate_load,24,45,xgboost,27022.740042555855
2014-07-10 15:00:00,ecl,aggregate_load,24,45,xgboost,32975.011006097826
2014-07-10 16:00:00,ecl,aggregate_load,24,45,xgboost,31446.551558991243
2014-07-10 17:00:00,ecl,aggregate_load,24,45,xgboost,31207.59836784199
2014-07-10 18:00:00,ecl,aggregate_load,24,45,xgboost,24176.8375104119
2014-07-10 19:00:00,ecl,aggregate_load,24,45,xgboost,25871.02696115802
2014-07-10 20:00:00,ecl,aggregate_load,24,45,xgboost,31640.814782374433
2014-07-10 21:00:00,ecl,aggregate_load,24,45,xgboost,45585.43486072038
2014-07-10 22:00:00,ecl,aggregate_load,24,45,xgboost,53446.60965536517
2014-07-10 23:00:00,ecl,aggregate_load,24,45,xgboost,41714.55076803854
2014-07-11 00:00:00,ecl,aggregate_load,24,45,xgboost,38452.71052972641
2014-07-11 01:00:00,ecl,aggregate_load,24,45,xgboost,43343.14592199693
2014-07-11 02:00:00,ecl,aggregate_load,24,45,xgboost,40307.31797348119
2014-07-11 03:00:00,ecl,aggregate_load,24,45,xgboost,35681.56003081456
2014-07-11 04:00:00,ecl,aggregate_load,24,45,xgboost,24957.434182935456
2014-07-11 05:00:00,ecl,aggregate_load,24,45,xgboost,33081.05650672345
2014-07-11 06:00:00,ecl,aggregate_load,24,45,xgboost,35550.360485116085
2014-07-11 07:00:00,ecl,aggregate_load,24,45,xgboost,37444.679112680016
2014-07-11 08:00:00,ecl,aggregate_load,24,45,xgboost,42121.7744786865
2014-07-11 09:00:00,ecl,aggregate_load,24,45,xgboost,47714.664132602535
2014-07-11 10:00:00,ecl,aggregate_load,24,45,xgboost,38080.2487880224
2014-07-11 11:00:00,ecl,aggregate_load,24,45,xgboost,36692.4620138235
2014-07-11 12:00:00,ecl,aggregate_load,24,45,xgboost,51054.73492730056
2014-07-11 13:00:00,ecl,aggregate_load,24,45,xgboost,41871.81493061878
2014-07-11 14:00:00,ecl,aggregate_load,24,45,xgboost,26035.289974691404
2014-07-11 15:00:00,ecl,aggregate_load,24,45,xgboost,31295.802159609175
2014-07-11 16:00:00,ecl,aggregate_load,24,45,xgboost,32217.83460096685
2014-07-11 17:00:00,ecl,aggregate_load,24,45,xgboost,30439.49736073204
2014-07-11 18:00:00,ecl,aggregate_load,24,45,xgboost,29005.842205107754
2014-07-11 19:00:00,ecl,aggregate_load,24,45,xgboost,29456.569774923133
2014-07-11 20:00:00,ecl,aggregate_load,24,45,xgboost,26422.890272850414
2014-07-11 21:00:00,ecl,aggregate_load,24,45,xgboost,32968.6906740116
2014-07-11 22:00:00,ecl,aggregate_load,24,45,xgboost,42474.592666697514
2014-07-11 23:00:00,ecl,aggregate_load,24,45,xgboost,32106.457908187615
2014-07-12 00:00:00,ecl,aggregate_load,24,45,xgboost,26494.19611538456
2014-07-12 01:00:00,ecl,aggregate_load,24,45,xgboost,26826.842952844298
2014-07-12 02:00:00,ecl,aggregate_load,24,45,xgboost,26302.430163638404
2014-07-12 03:00:00,ecl,aggregate_load,24,45,xgboost,31130.817483043185
2014-07-12 04:00:00,ecl,aggregate_load,24,45,xgboost,27817.667198269264
2014-07-12 05:00:00,ecl,aggregate_load,24,45,xgboost,34493.89326425092
2014-07-12 06:00:00,ecl,aggregate_load,24,45,xgboost,29481.713658686702
2014-07-12 07:00:00,ecl,aggregate_load,24,45,xgboost,33981.386814415
2014-07-12 08:00:00,ecl,aggregate_load,24,45,xgboost,31843.947468996397
2014-07-12 09:00:00,ecl,aggregate_load,24,45,xgboost,35033.99990847435
2014-07-12 10:00:00,ecl,aggregate_load,24,45,xgboost,31476.370011454073
2014-07-12 11:00:00,ecl,aggregate_load,24,45,xgboost,31384.607654081356
2014-07-12 12:00:00,ecl,aggregate_load,24,45,xgboost,38869.29514184859
2014-07-12 13:00:00,ecl,aggregate_load,24,45,xgboost,43930.829869167916
2014-07-12 14:00:00,ecl,aggregate_load,24,45,xgboost,36407.26950933945
2014-07-12 15:00:00,ecl,aggregate_load,24,45,xgboost,36109.56142766048
2014-07-12 16:00:00,ecl,aggregate_load,24,45,xgboost,32734.701092643296
2014-07-12 17:00:00,ecl,aggregate_load,24,45,xgboost,34395.59953865373
2014-07-12 18:00:00,ecl,aggregate_load,24,45,xgboost,33904.44658360778
2014-07-12 19:00:00,ecl,aggregate_load,24,45,xgboost,42714.19508048714
2014-07-12 20:00:00,ecl,aggregate_load,24,45,xgboost,67539.34169562867
2014-07-12 21:00:00,ecl,aggregate_load,24,45,xgboost,54673.891545905535
2014-07-12 22:00:00,ecl,aggregate_load,24,45,xgboost,43204.69462327872
2014-07-12 23:00:00,ecl,aggregate_load,24,45,xgboost,55029.49358640708
2014-07-13 00:00:00,ecl,aggregate_load,24,45,xgboost,59514.73312077881
2014-07-13 01:00:00,ecl,aggregate_load,24,45,xgboost,48871.83407709649
2014-07-13 02:00:00,ecl,aggregate_load,24,45,xgboost,48092.69540759118
2014-07-13 03:00:00,ecl,aggregate_load,24,45,xgboost,45969.33606720348
2014-07-13 04:00:00,ecl,aggregate_load,24,45,xgboost,46147.583911471265
2014-07-13 05:00:00,ecl,aggregate_load,24,45,xgboost,39780.42337403526
2014-07-13 06:00:00,ecl,aggregate_load,24,45,xgboost,46929.10867572151
2014-07-13 07:00:00,ecl,aggregate_load,24,45,xgboost,36689.33734596983
2014-07-13 08:00:00,ecl,aggregate_load,24,45,xgboost,39882.36828278058
2014-07-13 09:00:00,ecl,aggregate_load,24,45,xgboost,36349.321493483876
2014-07-13 10:00:00,ecl,aggregate_load,24,45,xgboost,43754.46628430575
2014-07-13 11:00:00,ecl,aggregate_load,24,45,xgboost,36921.25002485276
2014-07-13 12:00:00,ecl,aggregate_load,24,45,xgboost,37801.54066461869
2014-07-13 13:00:00,ecl,aggregate_load,24,45,xgboost,33939.4165579763
2014-07-13 14:00:00,ecl,aggregate_load,24,45,xgboost,27627.71529975133
2014-07-13 15:00:00,ecl,aggregate_load,24,45,xgboost,31136.191913715524
2014-07-13 16:00:00,ecl,aggregate_load,24,45,xgboost,42498.907670785695
2014-07-13 17:00:00,ecl,aggregate_load,24,45,xgboost,42555.96925824122
2014-07-13 18:00:00,ecl,aggregate_load,24,45,xgboost,44484.027268193626
2014-07-13 19:00:00,ecl,aggregate_load,24,45,xgboost,38571.8294776699
2014-07-13 20:00:00,ecl,aggregate_load,24,45,xgboost,39037.68667481953
2014-07-13 21:00:00,ecl,aggregate_load,24,45,xgboost,32440.193789700395
2014-07-13 22:00:00,ecl,aggregate_load,24,45,xgboost,53235.66851230914
2014-07-13 23:00:00,ecl,aggregate_load,24,45,xgboost,56067.234530170994
2014-07-14 00:00:00,ecl,aggregate_load,24,45,xgboost,43336.901630152104
2014-07-14 01:00:00,ecl,aggregate_load,24,45,xgboost,43468.74816868832
2014-07-14 02:00:00,ecl,aggregate_load,24,45,xgboost,41108.527521973476
2014-07-14 03:00:00,ecl,aggregate_load,24,45,xgboost,41090.45507440073
2014-07-14 04:00:00,ecl,aggregate_load,24,45,xgboost,30170.66584171212
2014-07-14 05:00:00,ecl,aggregate_load,24,45,xgboost,35763.84862542536
2014-07-14 06:00:00,ecl,aggregate_load,24,45,xgboost,40620.94122867745
2014-07-14 07:00:00,ecl,aggregate_load,24,45,xgboost,37687.23444749836
2014-07-14 08:00:00,ecl,aggregate_load,24,45,xgboost,34672.434521992
2014-07-14 09:00:00,ecl,aggregate_load,24,45,xgboost,41789.54690522356
2014-07-14 10:00:00,ecl,aggregate_load,24,45,xgboost,33510.69613139624
2014-07-14 11:00:00,ecl,aggregate_load,24,45,xgboost,43416.203247640115
2014-07-14 12:00:00,ecl,aggregate_load,24,45,xgboost,34749.316873441036
2014-07-14 13:00:00,ecl,aggregate_load,24,45,xgboost,26666.707765654883
2014-07-14 14:00:00,ecl,aggregate_load,24,45,xgboost,25791.600222011988
2014-07-14 15:00:00,ecl,aggregate_load,24,45,xgboost,25544.11306361872
2014-07-14 16:00:00,ecl,aggregate_load,24,45,xgboost,32128.342249542387
2014-07-14 17:00:00,ecl,aggregate_load,24,45,xgboost,19511.44526863998
2014-07-14 18:00:00,ecl,aggregate_load,24,45,xgboost,23808.278893885148
2014-07-14 19:00:00,ecl,aggregate_load,24,45,xgboost,22942.977769314286
2014-07-14 20:00:00,ecl,aggregate_load,24,45,xgboost,18524.38809611015
2014-07-14 21:00:00,ecl,aggregate_load,24,45,xgboost,18389.861343727007
2014-07-14 22:00:00,ecl,aggregate_load,24,45,xgboost,14330.768053621394
2014-07-14 23:00:00,ecl,aggregate_load,24,45,xgboost,16427.72484073484
2014-07-15 00:00:00,ecl,aggregate_load,24,45,xgboost,17055.70981937186
2014-07-15 01:00:00,ecl,aggregate_load,24,45,xgboost,19443.598263443804
2014-07-15 02:00:00,ecl,aggregate_load,24,45,xgboost,23425.247454366763
2014-07-15 03:00:00,ecl,aggregate_load,24,45,xgboost,36153.18418733797
2014-07-15 04:00:00,ecl,aggregate_load,24,45,xgboost,34472.317627476456
2014-07-15 05:00:00,ecl,aggregate_load,24,45,xgboost,33659.986774772035
2014-07-15 06:00:00,ecl,aggregate_load,24,45,xgboost,25306.227661020428
2014-07-15 07:00:00,ecl,aggregate_load,24,45,xgboost,31490.5709757945
2014-07-15 08:00:00,ecl,aggregate_load,24,45,xgboost,25595.15159203284
2014-07-15 09:00:00,ecl,aggregate_load,24,45,xgboost,37740.67137125641
2014-07-15 10:00:00,ecl,aggregate_load,24,45,xgboost,20579.993278848535
2014-07-15 11:00:00,ecl,aggregate_load,24,45,xgboost,18457.224830952226
2014-07-15 12:00:00,ecl,aggregate_load,24,45,xgboost,20683.449002474346
2014-07-15 13:00:00,ecl,aggregate_load,24,45,xgboost,20828.970328631858
2014-07-15 14:00:00,ecl,aggregate_load,24,45,xgboost,22783.146659399983
2014-07-15 15:00:00,ecl,aggregate_load,24,45,xgboost,19280.6023083852
2014-07-15 16:00:00,ecl,aggregate_load,24,45,xgboost,20941.12110742779
2014-07-15 17:00:00,ecl,aggregate_load,24,45,xgboost,22281.32285273532
2014-07-15 18:00:00,ecl,aggregate_load,24,45,xgboost,21585.066573238237
2014-07-15 19:00:00,ecl,aggregate_load,24,45,xgboost,23383.748517140088
2014-07-15 20:00:00,ecl,aggregate_load,24,45,xgboost,25588.437723874038
2014-07-15 21:00:00,ecl,aggregate_load,24,45,xgboost,21102.01934079768
2014-07-15 22:00:00,ecl,aggregate_load,24,45,xgboost,21923.510619594552
2014-07-15 23:00:00,ecl,aggregate_load,24,45,xgboost,17079.156533761034
2014-07-16 00:00:00,ecl,aggregate_load,24,45,xgboost,16655.08700846289
2014-07-16 01:00:00,ecl,aggregate_load,24,45,xgboost,19687.60779575573
2014-07-16 02:00:00,ecl,aggregate_load,24,45,xgboost,21170.240615319573
2014-07-16 03:00:00,ecl,aggregate_load,24,45,xgboost,22033.47429236241
2014-07-16 04:00:00,ecl,aggregate_load,24,45,xgboost,21492.306144940154
2014-07-16 05:00:00,ecl,aggregate_load,24,45,xgboost,18862.950102961655
2014-07-16 06:00:00,ecl,aggregate_load,24,45,xgboost,25471.473123200103
2014-07-16 07:00:00,ecl,aggregate_load,24,45,xgboost,25004.061607562864
2014-07-16 08:00:00,ecl,aggregate_load,24,45,xgboost,23755.408789780093
2014-07-16 09:00:00,ecl,aggregate_load,24,45,xgboost,29305.911499312293
2014-07-16 10:00:00,ecl,aggregate_load,24,45,xgboost,27461.75490803625
2014-07-16 11:00:00,ecl,aggregate_load,24,45,xgboost,24268.38515072623
2014-07-16 12:00:00,ecl,aggregate_load,24,45,xgboost,32249.498327464622
2014-07-16 13:00:00,ecl,aggregate_load,24,45,xgboost,22832.83225287244
2014-07-16 14:00:00,ecl,aggregate_load,24,45,xgboost,26393.40041118934
2014-07-16 15:00:00,ecl,aggregate_load,24,45,xgboost,22895.363467484585
2014-07-16 16:00:00,ecl,aggregate_load,24,45,xgboost,20233.692262178494
2014-07-16 17:00:00,ecl,aggregate_load,24,45,xgboost,20084.313041241006
2014-07-16 18:00:00,ecl,aggregate_load,24,45,xgboost,26687.465651106235
2014-07-16 19:00:00,ecl,aggregate_load,24,45,xgboost,27211.570370250392
2014-07-16 20:00:00,ecl,aggregate_load,24,45,xgboost,28682.48762912116
2014-07-16 21:00:00,ecl,aggregate_load,24,45,xgboost,23820.051643795992
2014-07-16 22:00:00,ecl,aggregate_load,24,45,xgboost,27598.196962385333
2014-07-16 23:00:00,ecl,aggregate_load,24,45,xgboost,24577.811029635177
2014-07-17 00:00:00,ecl,aggregate_load,24,45,xgboost,21471.003552140053
2014-07-17 01:00:00,ecl,aggregate_load,24,45,xgboost,15087.175205078995
2014-07-17 02:00:00,ecl,aggregate_load,24,45,xgboost,21357.389373557784
2014-07-17 03:00:00,ecl,aggregate_load,24,45,xgboost,21913.82686333657
2014-07-17 04:00:00,ecl,aggregate_load,24,45,xgboost,22716.45589115577
2014-07-17 05:00:00,ecl,aggregate_load,24,45,xgboost,20230.767253587674
2014-07-17 06:00:00,ecl,aggregate_load,24,45,xgboost,20579.132767096216
2014-07-17 07:00:00,ecl,aggregate_load,24,45,xgboost,16547.680088812118
2014-07-17 08:00:00,ecl,aggregate_load,24,45,xgboost,18769.738253558342
2014-07-17 09:00:00,ecl,aggregate_load,24,45,xgboost,14735.19312145511
2014-07-17 10:00:00,ecl,aggregate_load,24,45,xgboost,22388.088600664898
2014-07-17 11:00:00,ecl,aggregate_load,24,45,xgboost,16866.31606385569
2014-07-17 12:00:00,ecl,aggregate_load,24,45,xgboost,21526.983639086007
2014-07-17 13:00:00,ecl,aggregate_load,24,45,xgboost,23074.79480419509
2014-07-17 14:00:00,ecl,aggregate_load,24,45,xgboost,29545.3706821588
2014-07-17 15:00:00,ecl,aggregate_load,24,45,xgboost,32123.279499640455
2014-07-17 16:00:00,ecl,aggregate_load,24,45,xgboost,35815.96046189813
2014-07-17 17:00:00,ecl,aggregate_load,24,45,xgboost,43677.928069654794
2014-07-17 18:00:00,ecl,aggregate_load,24,45,xgboost,36832.247213997434
2014-07-17 19:00:00,ecl,aggregate_load,24,45,xgboost,43519.752943956264
2014-07-17 20:00:00,ecl,aggregate_load,24,45,xgboost,44834.54775268526
2014-07-17 21:00:00,ecl,aggregate_load,24,45,xgboost,53388.12139461795
2014-07-17 22:00:00,ecl,aggregate_load,24,45,xgboost,45650.75041436351
2014-07-17 23:00:00,ecl,aggregate_load,24,45,xgboost,41439.09888589997
2014-07-18 00:00:00,ecl,aggregate_load,24,45,xgboost,54705.66999742439
2014-07-18 01:00:00,ecl,aggregate_load,24,45,xgboost,50267.98610916522
2014-07-18 02:00:00,ecl,aggregate_load,24,45,xgboost,52676.55577197733
2014-07-18 03:00:00,ecl,aggregate_load,24,45,xgboost,55338.25682483389
2014-07-18 04:00:00,ecl,aggregate_load,24,45,xgboost,62905.59197587677
2014-07-18 05:00:00,ecl,aggregate_load,24,45,xgboost,55026.16611354323
2014-07-18 06:00:00,ecl,aggregate_load,24,45,xgboost,64985.76342130741
2014-07-18 07:00:00,ecl,aggregate_load,24,45,xgboost,65053.70822434074
2014-07-18 08:00:00,ecl,aggregate_load,24,45,xgboost,66469.50460153435
2014-07-18 09:00:00,ecl,aggregate_load,24,45,xgboost,59804.85568482068
2014-07-18 10:00:00,ecl,aggregate_load,24,45,xgboost,58540.1703559345
2014-07-18 11:00:00,ecl,aggregate_load,24,45,xgboost,37861.618028583835
2014-07-18 12:00:00,ecl,aggregate_load,24,45,xgboost,39139.024016124466
2014-07-18 13:00:00,ecl,aggregate_load,24,45,xgboost,25943.04017271395
2014-07-18 14:00:00,ecl,aggregate_load,24,45,xgboost,21433.798805278802
2014-07-18 15:00:00,ecl,aggregate_load,24,45,xgboost,19441.326542323655
2014-07-18 16:00:00,ecl,aggregate_load,24,45,xgboost,18856.975483271224
2014-07-18 17:00:00,ecl,aggregate_load,24,45,xgboost,16642.47806196529
2014-07-18 18:00:00,ecl,aggregate_load,24,45,xgboost,20278.530384439502
2014-07-18 19:00:00,ecl,aggregate_load,24,45,xgboost,25066.758357710652
2014-07-18 20:00:00,ecl,aggregate_load,24,45,xgboost,26888.1174771862
2014-07-18 21:00:00,ecl,aggregate_load,24,45,xgboost,29635.021882122306
2014-07-18 22:00:00,ecl,aggregate_load,24,45,xgboost,37688.647052876
2014-07-18 23:00:00,ecl,aggregate_load,24,45,xgboost,40751.72407255354
2014-07-19 00:00:00,ecl,aggregate_load,24,45,xgboost,29598.381083158758
2014-07-19 01:00:00,ecl,aggregate_load,24,45,xgboost,23768.769029330095
2014-07-19 02:00:00,ecl,aggregate_load,24,45,xgboost,25865.36146789268
2014-07-19 03:00:00,ecl,aggregate_load,24,45,xgboost,24218.88236132337
2014-07-19 04:00:00,ecl,aggregate_load,24,45,xgboost,25666.35537328474
2014-07-19 05:00:00,ecl,aggregate_load,24,45,xgboost,22894.391252842655
2014-07-19 06:00:00,ecl,aggregate_load,24,45,xgboost,25608.03142329417
2014-07-19 07:00:00,ecl,aggregate_load,24,45,xgboost,23907.725235532707
2014-07-19 08:00:00,ecl,aggregate_load,24,45,xgboost,21033.868924021812
2014-07-19 09:00:00,ecl,aggregate_load,24,45,xgboost,24604.22852744685
2014-07-19 10:00:00,ecl,aggregate_load,24,45,xgboost,28450.967715228995
2014-07-19 11:00:00,ecl,aggregate_load,24,45,xgboost,33188.298703824206
2014-07-19 12:00:00,ecl,aggregate_load,24,45,xgboost,43491.91248850834
2014-07-19 13:00:00,ecl,aggregate_load,24,45,xgboost,33219.08935371598
2014-07-19 14:00:00,ecl,aggregate_load,24,45,xgboost,15100.598005695743
2014-07-19 15:00:00,ecl,aggregate_load,24,45,xgboost,21608.867484257687
2014-07-19 16:00:00,ecl,aggregate_load,24,45,xgboost,21641.277901490703
2014-07-19 17:00:00,ecl,aggregate_load,24,45,xgboost,16543.887852886324
2014-07-19 18:00:00,ecl,aggregate_load,24,45,xgboost,22435.21433041683
2014-07-19 19:00:00,ecl,aggregate_load,24,45,xgboost,21696.815569137743
2014-07-19 20:00:00,ecl,aggregate_load,24,45,xgboost,34463.26527028941
2014-07-19 21:00:00,ecl,aggregate_load,24,45,xgboost,28537.210892289087
2014-07-19 22:00:00,ecl,aggregate_load,24,45,xgboost,36189.11338175993
2014-07-19 23:00:00,ecl,aggregate_load,24,45,xgboost,39489.384421614086
2014-07-20 00:00:00,ecl,aggregate_load,24,45,xgboost,35568.826485316065
2014-07-20 01:00:00,ecl,aggregate_load,24,45,xgboost,28620.776706787623
2014-07-20 02:00:00,ecl,aggregate_load,24,45,xgboost,32648.507743759852
2014-07-20 03:00:00,ecl,aggregate_load,24,45,xgboost,30354.179144197882
2014-07-20 04:00:00,ecl,aggregate_load,24,45,xgboost,33899.417422033795
2014-07-20 05:00:00,ecl,aggregate_load,24,45,xgboost,12862.313621778208
2014-07-20 06:00:00,ecl,aggregate_load,24,45,xgboost,21432.724731265578
2014-07-20 07:00:00,ecl,aggregate_load,24,45,xgboost,22703.20485587836
2014-07-20 08:00:00,ecl,aggregate_load,24,45,xgboost,17761.625224342086
2014-07-20 09:00:00,ecl,aggregate_load,24,45,xgboost,22527.97152439853
2014-07-20 10:00:00,ecl,aggregate_load,24,45,xgboost,24241.242954454035
2014-07-20 11:00:00,ecl,aggregate_load,24,45,xgboost,19579.16288351735
2014-07-20 12:00:00,ecl,aggregate_load,24,45,xgboost,22693.882762016186
2014-07-20 13:00:00,ecl,aggregate_load,24,45,xgboost,24679.629963327596
2014-07-20 14:00:00,ecl,aggregate_load,24,45,xgboost,26850.369325138356
2014-07-20 15:00:00,ecl,aggregate_load,24,45,xgboost,29276.865464326343
2014-07-20 16:00:00,ecl,aggregate_load,24,45,xgboost,28840.820692005003
2014-07-20 17:00:00,ecl,aggregate_load,24,45,xgboost,29507.98528255822
2014-07-20 18:00:00,ecl,aggregate_load,24,45,xgboost,24808.043943356675
2014-07-20 19:00:00,ecl,aggregate_load,24,45,xgboost,31321.748790705806
2014-07-20 20:00:00,ecl,aggregate_load,24,45,xgboost,47270.7954520862
2014-07-20 21:00:00,ecl,aggregate_load,24,45,xgboost,54844.63297604389
2014-07-20 22:00:00,ecl,aggregate_load,24,45,xgboost,54497.380086768266
2014-07-20 23:00:00,ecl,aggregate_load,24,45,xgboost,61647.35995358248
2014-07-21 00:00:00,ecl,aggregate_load,24,45,xgboost,57934.01263132276
2014-07-21 01:00:00,ecl,aggregate_load,24,45,xgboost,55236.208703271106
2014-07-21 02:00:00,ecl,aggregate_load,24,45,xgboost,52813.98795832696
2014-07-21 03:00:00,ecl,aggregate_load,24,45,xgboost,49382.81373467066
2014-07-21 04:00:00,ecl,aggregate_load,24,45,xgboost,40630.08422293181
2014-07-21 05:00:00,ecl,aggregate_load,24,45,xgboost,49755.30950243676
2014-07-21 06:00:00,ecl,aggregate_load,24,45,xgboost,50925.800236629264
2014-07-21 07:00:00,ecl,aggregate_load,24,45,xgboost,59061.10976468493
2014-07-21 08:00:00,ecl,aggregate_load,24,45,xgboost,56039.790660255785
2014-07-21 09:00:00,ecl,aggregate_load,24,45,xgboost,52996.62440053457
2014-07-21 10:00:00,ecl,aggregate_load,24,45,xgboost,43798.93059714555
2014-07-21 11:00:00,ecl,aggregate_load,24,45,xgboost,49480.46165011783
2014-07-21 12:00:00,ecl,aggregate_load,24,45,xgboost,32684.783948502492
2014-07-21 13:00:00,ecl,aggregate_load,24,45,xgboost,28772.689476578205
2014-07-21 14:00:00,ecl,aggregate_load,24,45,xgboost,29026.625366799493
2014-07-21 15:00:00,ecl,aggregate_load,24,45,xgboost,28400.499558529747
2014-07-21 16:00:00,ecl,aggregate_load,24,45,xgboost,39053.84719941847
2014-07-21 17:00:00,ecl,aggregate_load,24,45,xgboost,40212.2059389252
2014-07-21 18:00:00,ecl,aggregate_load,24,45,xgboost,46008.18154836425
2014-07-21 19:00:00,ecl,aggregate_load,24,45,xgboost,25421.327618428477
2014-07-21 20:00:00,ecl,aggregate_load,24,45,xgboost,22204.38611926555
2014-07-21 21:00:00,ecl,aggregate_load,24,45,xgboost,31121.48427686298
2014-07-21 22:00:00,ecl,aggregate_load,24,45,xgboost,42376.95666816087
2014-07-21 23:00:00,ecl,aggregate_load,24,45,xgboost,64115.47433262336
2014-07-22 00:00:00,ecl,aggregate_load,24,45,xgboost,43415.51721776378
2014-07-22 01:00:00,ecl,aggregate_load,24,45,xgboost,53914.714809359866
2014-07-22 02:00:00,ecl,aggregate_load,24,45,xgboost,45976.83071420051
2014-07-22 03:00:00,ecl,aggregate_load,24,45,xgboost,41783.569214692834
2014-07-22 04:00:00,ecl,aggregate_load,24,45,xgboost,37463.71218878962
2014-07-22 05:00:00,ecl,aggregate_load,24,45,xgboost,36017.728799567136
2014-07-22 06:00:00,ecl,aggregate_load,24,45,xgboost,39083.68324170048
2014-07-22 07:00:00,ecl,aggregate_load,24,45,xgboost,44638.290338208906
2014-07-22 08:00:00,ecl,aggregate_load,24,45,xgboost,34369.04017692796
2014-07-22 09:00:00,ecl,aggregate_load,24,45,xgboost,42214.07039982367
2014-07-22 10:00:00,ecl,aggregate_load,24,45,xgboost,41250.311592647835
2014-07-22 11:00:00,ecl,aggregate_load,24,45,xgboost,22683.475859586102
2014-07-22 12:00:00,ecl,aggregate_load,24,45,xgboost,26180.857882064738
2014-07-22 13:00:00,ecl,aggregate_load,24,45,xgboost,25662.508429587935
2014-07-22 14:00:00,ecl,aggregate_load,24,45,xgboost,31710.186287111897
2014-07-22 15:00:00,ecl,aggregate_load,24,45,xgboost,31655.335791120917
2014-07-22 16:00:00,ecl,aggregate_load,24,45,xgboost,38180.84253556406
2014-07-22 17:00:00,ecl,aggregate_load,24,45,xgboost,35045.18628023574
2014-07-22 18:00:00,ecl,aggregate_load,24,45,xgboost,33708.968676176395
2014-07-22 19:00:00,ecl,aggregate_load,24,45,xgboost,42972.9534170965
2014-07-22 20:00:00,ecl,aggregate_load,24,45,xgboost,39716.47615788366
2014-07-22 21:00:00,ecl,aggregate_load,24,45,xgboost,40460.751701393056
2014-07-22 22:00:00,ecl,aggregate_load,24,45,xgboost,39375.10171866365
2014-07-22 23:00:00,ecl,aggregate_load,24,45,xgboost,51188.05601512367
2014-07-23 00:00:00,ecl,aggregate_load,24,45,xgboost,40882.66330329845
2014-07-23 01:00:00,ecl,aggregate_load,24,45,xgboost,28390.949486721085
2014-07-23 02:00:00,ecl,aggregate_load,24,45,xgboost,36409.60375939794
2014-07-23 03:00:00,ecl,aggregate_load,24,45,xgboost,41979.07407081007
2014-07-23 04:00:00,ecl,aggregate_load,24,45,xgboost,43157.390627417684
2014-07-23 05:00:00,ecl,aggregate_load,24,45,xgboost,37880.65486970389
2014-07-23 06:00:00,ecl,aggregate_load,24,45,xgboost,47369.652767961255
2014-07-23 07:00:00,ecl,aggregate_load,24,45,xgboost,39290.96018755334
2014-07-23 08:00:00,ecl,aggregate_load,24,45,xgboost,34599.03463642594
2014-07-23 09:00:00,ecl,aggregate_load,24,45,xgboost,31168.309577823562
2014-07-23 10:00:00,ecl,aggregate_load,24,45,xgboost,30546.994893647716
2014-07-23 11:00:00,ecl,aggregate_load,24,45,xgboost,25634.19580861052
2014-07-23 12:00:00,ecl,aggregate_load,24,45,xgboost,27046.92639088687
2014-07-23 13:00:00,ecl,aggregate_load,24,45,xgboost,32120.042514176486
2014-07-23 14:00:00,ecl,aggregate_load,24,45,xgboost,21811.65390298561
2014-07-23 15:00:00,ecl,aggregate_load,24,45,xgboost,29162.341069823724
2014-07-23 16:00:00,ecl,aggregate_load,24,45,xgboost,35763.02962946479
2014-07-23 17:00:00,ecl,aggregate_load,24,45,xgboost,39427.33922535088
2014-07-23 18:00:00,ecl,aggregate_load,24,45,xgboost,36016.29120242363
2014-07-23 19:00:00,ecl,aggregate_load,24,45,xgboost,41972.85857090255
2014-07-23 20:00:00,ecl,aggregate_load,24,45,xgboost,40870.7774140437
2014-07-23 21:00:00,ecl,aggregate_load,24,45,xgboost,47182.88065111157
2014-07-23 22:00:00,ecl,aggregate_load,24,45,xgboost,34612.58987483805
2014-07-23 23:00:00,ecl,aggregate_load,24,45,xgboost,46785.80241087009
2014-07-24 00:00:00,ecl,aggregate_load,24,45,xgboost,47018.400974024284
2014-07-24 01:00:00,ecl,aggregate_load,24,45,xgboost,37954.322736716844
2014-07-24 02:00:00,ecl,aggregate_load,24,45,xgboost,50366.46946705711
2014-07-24 03:00:00,ecl,aggregate_load,24,45,xgboost,55462.38788993979
2014-07-24 04:00:00,ecl,aggregate_load,24,45,xgboost,55104.93114805425
2014-07-24 05:00:00,ecl,aggregate_load,24,45,xgboost,50281.165984179264
2014-07-24 06:00:00,ecl,aggregate_load,24,45,xgboost,58537.55629018587
2014-07-24 07:00:00,ecl,aggregate_load,24,45,xgboost,63538.60563350058
2014-07-24 08:00:00,ecl,aggregate_load,24,45,xgboost,61006.45105986332
2014-07-24 09:00:00,ecl,aggregate_load,24,45,xgboost,49047.364003700415
2014-07-24 10:00:00,ecl,aggregate_load,24,45,xgboost,57187.80385798472
2014-07-24 11:00:00,ecl,aggregate_load,24,45,xgboost,28024.189756082003
2014-07-24 12:00:00,ecl,aggregate_load,24,45,xgboost,20566.211148988605
2014-07-24 13:00:00,ecl,aggregate_load,24,45,xgboost,28475.4264029418
2014-07-24 14:00:00,ecl,aggregate_load,24,45,xgboost,26558.15315971388
2014-07-24 15:00:00,ecl,aggregate_load,24,45,xgboost,25366.979494388786
2014-07-24 16:00:00,ecl,aggregate_load,24,45,xgboost,28032.6389285129
2014-07-24 17:00:00,ecl,aggregate_load,24,45,xgboost,28586.712645191
2014-07-24 18:00:00,ecl,aggregate_load,24,45,xgboost,25132.959709414736
2014-07-24 19:00:00,ecl,aggregate_load,24,45,xgboost,27643.896915156456
2014-07-24 20:00:00,ecl,aggregate_load,24,45,xgboost,33020.43859683277
2014-07-24 21:00:00,ecl,aggregate_load,24,45,xgboost,30712.360378867426
2014-07-24 22:00:00,ecl,aggregate_load,24,45,xgboost,33626.02791197691
2014-07-24 23:00:00,ecl,aggregate_load,24,45,xgboost,25297.86141056656
2014-07-25 00:00:00,ecl,aggregate_load,24,45,xgboost,25323.057543282437
2014-07-25 01:00:00,ecl,aggregate_load,24,45,xgboost,32753.20773866726
2014-07-25 02:00:00,ecl,aggregate_load,24,45,xgboost,25890.890039439273
2014-07-25 03:00:00,ecl,aggregate_load,24,45,xgboost,27147.332713658117
2014-07-25 04:00:00,ecl,aggregate_load,24,45,xgboost,17881.073164472946
2014-07-25 05:00:00,ecl,aggregate_load,24,45,xgboost,26915.094170707176
2014-07-25 06:00:00,ecl,aggregate_load,24,45,xgboost,22447.876643884807
2014-07-25 07:00:00,ecl,aggregate_load,24,45,xgboost,19796.75502219532
2014-07-25 08:00:00,ecl,aggregate_load,24,45,xgboost,26079.640734414952
2014-07-25 09:00:00,ecl,aggregate_load,24,45,xgboost,35855.71030213034
2014-07-25 10:00:00,ecl,aggregate_load,24,45,xgboost,24211.524973455435
2014-07-25 11:00:00,ecl,aggregate_load,24,45,xgboost,24627.87800159759
2014-07-25 12:00:00,ecl,aggregate_load,24,45,xgboost,31734.560886568197
2014-07-25 13:00:00,ecl,aggregate_load,24,45,xgboost,34491.00672585311
2014-07-25 14:00:00,ecl,aggregate_load,24,45,xgboost,33025.68503631353
2014-07-25 15:00:00,ecl,aggregate_load,24,45,xgboost,40323.47847497731
2014-07-25 16:00:00,ecl,aggregate_load,24,45,xgboost,18300.173484172436
2014-07-25 17:00:00,ecl,aggregate_load,24,45,xgboost,13439.327156064855
2014-07-25 18:00:00,ecl,aggregate_load,24,45,xgboost,18407.0659834207
2014-07-25 19:00:00,ecl,aggregate_load,24,45,xgboost,14689.030032395227
2014-07-25 20:00:00,ecl,aggregate_load,24,45,xgboost,19770.2616387214
2014-07-25 21:00:00,ecl,aggregate_load,24,45,xgboost,15912.466239122854
2014-07-25 22:00:00,ecl,aggregate_load,24,45,xgboost,24641.047980600695
2014-07-25 23:00:00,ecl,aggregate_load,24,45,xgboost,22233.689688378025
2014-07-26 00:00:00,ecl,aggregate_load,24,45,xgboost,23912.021867523854
2014-07-26 01:00:00,ecl,aggregate_load,24,45,xgboost,29693.447261967045
2014-07-26 02:00:00,ecl,aggregate_load,24,45,xgboost,34482.24590699808
2014-07-26 03:00:00,ecl,aggregate_load,24,45,xgboost,39475.1283722773
2014-07-26 04:00:00,ecl,aggregate_load,24,45,xgboost,39735.830324942566
2014-07-26 05:00:00,ecl,aggregate_load,24,45,xgboost,46590.56280460339
2014-07-26 06:00:00,ecl,aggregate_load,24,45,xgboost,40276.31946655959
2014-07-26 07:00:00,ecl,aggregate_load,24,45,xgboost,35315.22113025776
2014-07-26 08:00:00,ecl,aggregate_load,24,45,xgboost,44339.85946591818
2014-07-26 09:00:00,ecl,aggregate_load,24,45,xgboost,46148.282217843655
2014-07-26 10:00:00,ecl,aggregate_load,24,45,xgboost,37268.347797762115
2014-07-26 11:00:00,ecl,aggregate_load,24,45,xgboost,30912.65311168913
2014-07-26 12:00:00,ecl,aggregate_load,24,45,xgboost,21522.46783229829
2014-07-26 13:00:00,ecl,aggregate_load,24,45,xgboost,20707.373777054996
2014-07-26 14:00:00,ecl,aggregate_load,24,45,xgboost,29996.461964438142
2014-07-26 15:00:00,ecl,aggregate_load,24,45,xgboost,26863.422484773957
2014-07-26 16:00:00,ecl,aggregate_load,24,45,xgboost,22078.046529062063
2014-07-26 17:00:00,ecl,aggregate_load,24,45,xgboost,23884.291858831886
2014-07-26 18:00:00,ecl,aggregate_load,24,45,xgboost,26631.5367116745
2014-07-26 19:00:00,ecl,aggregate_load,24,45,xgboost,38545.16987409136
2014-07-26 20:00:00,ecl,aggregate_load,24,45,xgboost,43426.47744060962
2014-07-26 21:00:00,ecl,aggregate_load,24,45,xgboost,46152.90514998105
2014-07-26 22:00:00,ecl,aggregate_load,24,45,xgboost,38516.90129846502
2014-07-26 23:00:00,ecl,aggregate_load,24,45,xgboost,45340.453441704325
2014-07-27 00:00:00,ecl,aggregate_load,24,45,xgboost,32813.00004251289
2014-07-27 01:00:00,ecl,aggregate_load,24,45,xgboost,34151.32322458084
2014-07-27 02:00:00,ecl,aggregate_load,24,45,xgboost,35500.52968084867
2014-07-27 03:00:00,ecl,aggregate_load,24,45,xgboost,34787.2093028753
2014-07-27 04:00:00,ecl,aggregate_load,24,45,xgboost,38139.48612345818
2014-07-27 05:00:00,ecl,aggregate_load,24,45,xgboost,29637.200702339236
2014-07-27 06:00:00,ecl,aggregate_load,24,45,xgboost,38292.8851335242
2014-07-27 07:00:00,ecl,aggregate_load,24,45,xgboost,43367.70316902947
2014-07-27 08:00:00,ecl,aggregate_load,24,45,xgboost,39882.19639278244
2014-07-27 09:00:00,ecl,aggregate_load,24,45,xgboost,29644.666168834578
2014-07-27 10:00:00,ecl,aggregate_load,24,45,xgboost,33935.534100801444
2014-07-27 11:00:00,ecl,aggregate_load,24,45,xgboost,27043.557586343475
2014-07-27 12:00:00,ecl,aggregate_load,24,45,xgboost,30662.8193143138
2014-07-27 13:00:00,ecl,aggregate_load,24,45,xgboost,31963.047805331214
2014-07-27 14:00:00,ecl,aggregate_load,24,45,xgboost,22944.185040871216
2014-07-27 15:00:00,ecl,aggregate_load,24,45,xgboost,20636.042963764405
2014-07-27 16:00:00,ecl,aggregate_load,24,45,xgboost,27532.019613053984
2014-07-27 17:00:00,ecl,aggregate_load,24,45,xgboost,20727.634646589737
2014-07-27 18:00:00,ecl,aggregate_load,24,45,xgboost,21080.87652978255
2014-07-27 19:00:00,ecl,aggregate_load,24,45,xgboost,26532.906173166102
2014-07-27 20:00:00,ecl,aggregate_load,24,45,xgboost,34772.24698705359
2014-07-27 21:00:00,ecl,aggregate_load,24,45,xgboost,25407.864490538643
2014-07-27 22:00:00,ecl,aggregate_load,24,45,xgboost,33479.86762055786
2014-07-27 23:00:00,ecl,aggregate_load,24,45,xgboost,29712.348880584814
2014-07-28 00:00:00,ecl,aggregate_load,24,45,xgboost,28184.179069002723
2014-07-28 01:00:00,ecl,aggregate_load,24,45,xgboost,37160.788904017776
2014-07-28 02:00:00,ecl,aggregate_load,24,45,xgboost,27038.659466044217
2014-07-28 03:00:00,ecl,aggregate_load,24,45,xgboost,29053.45568067589
2014-07-28 04:00:00,ecl,aggregate_load,24,45,xgboost,18103.15437323997
2014-07-28 05:00:00,ecl,aggregate_load,24,45,xgboost,27009.840742627188
2014-07-28 06:00:00,ecl,aggregate_load,24,45,xgboost,19012.048500539444
2014-07-28 07:00:00,ecl,aggregate_load,24,45,xgboost,23695.905556831003
2014-07-28 08:00:00,ecl,aggregate_load,24,45,xgboost,27079.899125587708
2014-07-28 09:00:00,ecl,aggregate_load,24,45,xgboost,29458.57372855207
2014-07-28 10:00:00,ecl,aggregate_load,24,45,xgboost,19078.29110745172
2014-07-28 11:00:00,ecl,aggregate_load,24,45,xgboost,19939.09749367214
2014-07-28 12:00:00,ecl,aggregate_load,24,45,xgboost,17810.912796114677
2014-07-28 13:00:00,ecl,aggregate_load,24,45,xgboost,20604.31235824065
2014-07-28 14:00:00,ecl,aggregate_load,24,45,xgboost,17213.89669751758
2014-07-28 15:00:00,ecl,aggregate_load,24,45,xgboost,22157.752036973205
2014-07-28 16:00:00,ecl,aggregate_load,24,45,xgboost,26509.940848029615
2014-07-28 17:00:00,ecl,aggregate_load,24,45,xgboost,25810.02498166541
2014-07-28 18:00:00,ecl,aggregate_load,24,45,xgboost,27036.46277888962
2014-07-28 19:00:00,ecl,aggregate_load,24,45,xgboost,20130.37497973393
2014-07-28 20:00:00,ecl,aggregate_load,24,45,xgboost,34658.24201262103
2014-07-28 21:00:00,ecl,aggregate_load,24,45,xgboost,33360.91343200023
2014-07-28 22:00:00,ecl,aggregate_load,24,45,xgboost,16107.047297726023
2014-07-28 23:00:00,ecl,aggregate_load,24,45,xgboost,33550.097681992534
2014-07-29 00:00:00,ecl,aggregate_load,24,45,xgboost,30374.39806641023
2014-07-29 01:00:00,ecl,aggregate_load,24,45,xgboost,25876.49316518442
2014-07-29 02:00:00,ecl,aggregate_load,24,45,xgboost,31258.279185947267
2014-07-29 03:00:00,ecl,aggregate_load,24,45,xgboost,32931.65249295911
2014-07-29 04:00:00,ecl,aggregate_load,24,45,xgboost,30904.873456405883
2014-07-29 05:00:00,ecl,aggregate_load,24,45,xgboost,33559.486221778316
2014-07-29 06:00:00,ecl,aggregate_load,24,45,xgboost,31376.41772627401
2014-07-29 07:00:00,ecl,aggregate_load,24,45,xgboost,30225.575112340728
2014-07-29 08:00:00,ecl,aggregate_load,24,45,xgboost,26929.80775442612
2014-07-29 09:00:00,ecl,aggregate_load,24,45,xgboost,33313.78481866427
2014-07-29 10:00:00,ecl,aggregate_load,24,45,xgboost,26746.28744424875
2014-07-29 11:00:00,ecl,aggregate_load,24,45,xgboost,26315.996843341843
2014-07-29 12:00:00,ecl,aggregate_load,24,45,xgboost,21092.95688666253
2014-07-29 13:00:00,ecl,aggregate_load,24,45,xgboost,22324.15872835759
2014-07-29 14:00:00,ecl,aggregate_load,24,45,xgboost,19609.218692589307
2014-07-29 15:00:00,ecl,aggregate_load,24,45,xgboost,29083.848962633667
2014-07-29 16:00:00,ecl,aggregate_load,24,45,xgboost,27548.920947943814
2014-07-29 17:00:00,ecl,aggregate_load,24,45,xgboost,27828.72838404406
2014-07-29 18:00:00,ecl,aggregate_load,24,45,xgboost,25863.918666972982
2014-07-29 19:00:00,ecl,aggregate_load,24,45,xgboost,34697.2035094396
2014-07-29 20:00:00,ecl,aggregate_load,24,45,xgboost,32418.758682123338
2014-07-29 21:00:00,ecl,aggregate_load,24,45,xgboost,20683.294402405267
2014-07-29 22:00:00,ecl,aggregate_load,24,45,xgboost,29280.686092252883
2014-07-29 23:00:00,ecl,aggregate_load,24,45,xgboost,29854.66783454374
2014-07-30 00:00:00,ecl,aggregate_load,24,45,xgboost,22298.98967092564
2014-07-30 01:00:00,ecl,aggregate_load,24,45,xgboost,23121.273282856124
2014-07-30 02:00:00,ecl,aggregate_load,24,45,xgboost,26173.83033882397
2014-07-30 03:00:00,ecl,aggregate_load,24,45,xgboost,23308.698989731445
2014-07-30 04:00:00,ecl,aggregate_load,24,45,xgboost,24176.463740829826
2014-07-30 05:00:00,ecl,aggregate_load,24,45,xgboost,18156.714255376563
2014-07-30 06:00:00,ecl,aggregate_load,24,45,xgboost,22336.16014245368
2014-07-30 07:00:00,ecl,aggregate_load,24,45,xgboost,21887.113875274477
2014-07-30 08:00:00,ecl,aggregate_load,24,45,xgboost,19920.481186327303
2014-07-30 09:00:00,ecl,aggregate_load,24,45,xgboost,18229.49204158244
2014-07-30 10:00:00,ecl,aggregate_load,24,45,xgboost,27599.065671820626
2014-07-30 11:00:00,ecl,aggregate_load,24,45,xgboost,25113.752743880224
2014-07-30 12:00:00,ecl,aggregate_load,24,45,xgboost,20135.881823848053
2014-07-30 13:00:00,ecl,aggregate_load,24,45,xgboost,24439.711872077012
2014-07-30 14:00:00,ecl,aggregate_load,24,45,xgboost,27073.548915977666
2014-07-30 15:00:00,ecl,aggregate_load,24,45,xgboost,21308.891018924078
2014-07-30 16:00:00,ecl,aggregate_load,24,45,xgboost,25088.502903634177
2014-07-30 17:00:00,ecl,aggregate_load,24,45,xgboost,23216.73892774322
2014-07-30 18:00:00,ecl,aggregate_load,24,45,xgboost,40762.76840040944
2014-07-30 19:00:00,ecl,aggregate_load,24,45,xgboost,36067.818064210216
2014-07-30 20:00:00,ecl,aggregate_load,24,45,xgboost,34729.57759925117
2014-07-30 21:00:00,ecl,aggregate_load,24,45,xgboost,35554.00601182362
2014-07-30 22:00:00,ecl,aggregate_load,24,45,xgboost,43038.053183075164
2014-07-30 23:00:00,ecl,aggregate_load,24,45,xgboost,48001.09508257143
2014-07-31 00:00:00,ecl,aggregate_load,24,45,xgboost,32920.65641372284
2014-07-31 01:00:00,ecl,aggregate_load,24,45,xgboost,25695.69730200486
2014-07-31 02:00:00,ecl,aggregate_load,24,45,xgboost,30953.874332240845
2014-07-31 03:00:00,ecl,aggregate_load,24,45,xgboost,28727.908942500013
2014-07-31 04:00:00,ecl,aggregate_load,24,45,xgboost,33946.02232786367
2014-07-31 05:00:00,ecl,aggregate_load,24,45,xgboost,32936.859738418214
2014-07-31 06:00:00,ecl,aggregate_load,24,45,xgboost,38120.83239180833
2014-07-31 07:00:00,ecl,aggregate_load,24,45,xgboost,42087.70725333745
2014-07-31 08:00:00,ecl,aggregate_load,24,45,xgboost,37024.68307682196
2014-07-31 09:00:00,ecl,aggregate_load,24,45,xgboost,36471.71950566501
2014-07-31 10:00:00,ecl,aggregate_load,24,45,xgboost,39446.14947463304
2014-07-31 11:00:00,ecl,aggregate_load,24,45,xgboost,30678.63803427607
2014-07-31 12:00:00,ecl,aggregate_load,24,45,xgboost,28326.543286130265
2014-07-31 13:00:00,ecl,aggregate_load,24,45,xgboost,23666.028662683344
2014-07-31 14:00:00,ecl,aggregate_load,24,45,xgboost,22294.46900171383
2014-07-31 15:00:00,ecl,aggregate_load,24,45,xgboost,20264.819222147522
2014-07-31 16:00:00,ecl,aggregate_load,24,45,xgboost,16449.31291958303
2014-07-31 17:00:00,ecl,aggregate_load,24,45,xgboost,15773.89294959046
2014-07-31 18:00:00,ecl,aggregate_load,24,45,xgboost,16824.395904986195
2014-07-31 19:00:00,ecl,aggregate_load,24,45,xgboost,16519.24628969668
2014-07-31 20:00:00,ecl,aggregate_load,24,45,xgboost,19984.133253218348
2014-07-31 21:00:00,ecl,aggregate_load,24,45,xgboost,26130.393973912618
2014-07-31 22:00:00,ecl,aggregate_load,24,45,xgboost,28745.795359011358
2014-07-31 23:00:00,ecl,aggregate_load,24,45,xgboost,19825.69387503177
2014-08-01 00:00:00,ecl,aggregate_load,24,45,xgboost,18503.191173926574
2014-08-01 01:00:00,ecl,aggregate_load,24,45,xgboost,15068.852949522341
2014-08-01 02:00:00,ecl,aggregate_load,24,45,xgboost,16972.218020948494
2014-08-01 03:00:00,ecl,aggregate_load,24,45,xgboost,16293.105824333492
2014-08-01 04:00:00,ecl,aggregate_load,24,45,xgboost,15196.835899869438
2014-08-01 05:00:00,ecl,aggregate_load,24,45,xgboost,15261.088570109145
2014-08-01 06:00:00,ecl,aggregate_load,24,45,xgboost,18027.221710983114
2014-08-01 07:00:00,ecl,aggregate_load,24,45,xgboost,14310.054240329235
2014-08-01 08:00:00,ecl,aggregate_load,24,45,xgboost,17934.009646976727
2014-08-01 09:00:00,ecl,aggregate_load,24,45,xgboost,25895.018293565026
2014-08-01 10:00:00,ecl,aggregate_load,24,45,xgboost,24286.856478945858
2014-08-01 11:00:00,ecl,aggregate_load,24,45,xgboost,22003.48252915719
2014-08-01 12:00:00,ecl,aggregate_load,24,45,xgboost,22253.21914474158
2014-08-01 13:00:00,ecl,aggregate_load,24,45,xgboost,22029.432122019367
2014-08-01 14:00:00,ecl,aggregate_load,24,45,xgboost,29430.79994695504
2014-08-01 15:00:00,ecl,aggregate_load,24,45,xgboost,36403.748894931276
2014-08-01 16:00:00,ecl,aggregate_load,24,45,xgboost,30748.24313412866
2014-08-01 17:00:00,ecl,aggregate_load,24,45,xgboost,45145.04795500445
2014-08-01 18:00:00,ecl,aggregate_load,24,45,xgboost,22042.828848118206
2014-08-01 19:00:00,ecl,aggregate_load,24,45,xgboost,32872.76958631279
2014-08-01 20:00:00,ecl,aggregate_load,24,45,xgboost,21912.63812028727
2014-08-01 21:00:00,ecl,aggregate_load,24,45,xgboost,17654.345933606808
2014-08-01 22:00:00,ecl,aggregate_load,24,45,xgboost,25198.39135477821
2014-08-01 23:00:00,ecl,aggregate_load,24,45,xgboost,29418.400676273344
2014-08-02 00:00:00,ecl,aggregate_load,24,45,xgboost,26382.599641388155
2014-08-02 01:00:00,ecl,aggregate_load,24,45,xgboost,21362.83256995654
2014-08-02 02:00:00,ecl,aggregate_load,24,45,xgboost,15994.869808927788
2014-08-02 03:00:00,ecl,aggregate_load,24,45,xgboost,16565.505156488038
2014-08-02 04:00:00,ecl,aggregate_load,24,45,xgboost,17716.569155737452
2014-08-02 05:00:00,ecl,aggregate_load,24,45,xgboost,15494.26974467105
2014-08-02 06:00:00,ecl,aggregate_load,24,45,xgboost,18908.01210180266
2014-08-02 07:00:00,ecl,aggregate_load,24,45,xgboost,14191.845811142566
2014-08-02 08:00:00,ecl,aggregate_load,24,45,xgboost,15525.02914770655
2014-08-02 09:00:00,ecl,aggregate_load,24,45,xgboost,16643.560468402517
2014-08-02 10:00:00,ecl,aggregate_load,24,45,xgboost,13232.997651236967
2014-08-02 11:00:00,ecl,aggregate_load,24,45,xgboost,17716.564454865915
2014-08-02 12:00:00,ecl,aggregate_load,24,45,xgboost,15723.865497362996
2014-08-02 13:00:00,ecl,aggregate_load,24,45,xgboost,16705.43747076891
2014-08-02 14:00:00,ecl,aggregate_load,24,45,xgboost,21996.401302657945
2014-08-02 15:00:00,ecl,aggregate_load,24,45,xgboost,19674.1642906314
2014-08-02 16:00:00,ecl,aggregate_load,24,45,xgboost,20932.84582179925
2014-08-02 17:00:00,ecl,aggregate_load,24,45,xgboost,21325.385387973864
2014-08-02 18:00:00,ecl,aggregate_load,24,45,xgboost,22490.989550836744
2014-08-02 19:00:00,ecl,aggregate_load,24,45,xgboost,23345.435267522826
2014-08-02 20:00:00,ecl,aggregate_load,24,45,xgboost,23136.090262889018
2014-08-02 21:00:00,ecl,aggregate_load,24,45,xgboost,29859.534468531216
2014-08-02 22:00:00,ecl,aggregate_load,24,45,xgboost,32025.270808650257
2014-08-02 23:00:00,ecl,aggregate_load,24,45,xgboost,25512.17160373696
2014-08-03 00:00:00,ecl,aggregate_load,24,45,xgboost,23165.56485311313
2014-08-03 01:00:00,ecl,aggregate_load,24,45,xgboost,18774.512939149463
2014-08-03 02:00:00,ecl,aggregate_load,24,45,xgboost,20778.38398335227
2014-08-03 03:00:00,ecl,aggregate_load,24,45,xgboost,22716.64869176772
2014-08-03 04:00:00,ecl,aggregate_load,24,45,xgboost,25448.670068750216
2014-08-03 05:00:00,ecl,aggregate_load,24,45,xgboost,18370.153494216484
2014-08-03 06:00:00,ecl,aggregate_load,24,45,xgboost,16929.105257957322
2014-08-03 07:00:00,ecl,aggregate_load,24,45,xgboost,18660.56320514944
2014-08-03 08:00:00,ecl,aggregate_load,24,45,xgboost,20069.80112401014
2014-08-03 09:00:00,ecl,aggregate_load,24,45,xgboost,31188.701378290814
2014-08-03 10:00:00,ecl,aggregate_load,24,45,xgboost,35327.66238210957
2014-08-03 11:00:00,ecl,aggregate_load,24,45,xgboost,33198.70372962744
2014-08-03 12:00:00,ecl,aggregate_load,24,45,xgboost,42054.88434787316
2014-08-03 13:00:00,ecl,aggregate_load,24,45,xgboost,31551.534665581934
2014-08-03 14:00:00,ecl,aggregate_load,24,45,xgboost,33146.45001445751
2014-08-03 15:00:00,ecl,aggregate_load,24,45,xgboost,42368.41446119382
2014-08-03 16:00:00,ecl,aggregate_load,24,45,xgboost,35894.45273537393
2014-08-03 17:00:00,ecl,aggregate_load,24,45,xgboost,36881.255281300495
2014-08-03 18:00:00,ecl,aggregate_load,24,45,xgboost,38458.846562018276
2014-08-03 19:00:00,ecl,aggregate_load,24,45,xgboost,42341.82292041785
2014-08-03 20:00:00,ecl,aggregate_load,24,45,xgboost,24725.675987180613
2014-08-03 21:00:00,ecl,aggregate_load,24,45,xgboost,29051.800805866642
2014-08-03 22:00:00,ecl,aggregate_load,24,45,xgboost,26137.609341720516
2014-08-03 23:00:00,ecl,aggregate_load,24,45,xgboost,28336.514666241008
2014-08-04 00:00:00,ecl,aggregate_load,24,45,xgboost,34407.65506883163
2014-08-04 01:00:00,ecl,aggregate_load,24,45,xgboost,31697.094659683247
2014-08-04 02:00:00,ecl,aggregate_load,24,45,xgboost,37825.608309321506
2014-08-04 03:00:00,ecl,aggregate_load,24,45,xgboost,36612.79559899674
2014-08-04 04:00:00,ecl,aggregate_load,24,45,xgboost,29755.87332844279
2014-08-04 05:00:00,ecl,aggregate_load,24,45,xgboost,32672.69722261567
2014-08-04 06:00:00,ecl,aggregate_load,24,45,xgboost,35788.10511601311
2014-08-04 07:00:00,ecl,aggregate_load,24,45,xgboost,32701.79788699356
2014-08-04 08:00:00,ecl,aggregate_load,24,45,xgboost,30299.007211169956
2014-08-04 09:00:00,ecl,aggregate_load,24,45,xgboost,32569.867532105116
2014-08-04 10:00:00,ecl,aggregate_load,24,45,xgboost,40477.40065272274
2014-08-04 11:00:00,ecl,aggregate_load,24,45,xgboost,36058.49648190832
2014-08-04 12:00:00,ecl,aggregate_load,24,45,xgboost,37679.759043130565
2014-08-04 13:00:00,ecl,aggregate_load,24,45,xgboost,29157.83292495343
2014-08-04 14:00:00,ecl,aggregate_load,24,45,xgboost,35656.818767614575
2014-08-04 15:00:00,ecl,aggregate_load,24,45,xgboost,24326.61973992412
2014-08-04 16:00:00,ecl,aggregate_load,24,45,xgboost,29918.56275288221
2014-08-04 17:00:00,ecl,aggregate_load,24,45,xgboost,36064.47792259723
2014-08-04 18:00:00,ecl,aggregate_load,24,45,xgboost,36640.40080394726
2014-08-04 19:00:00,ecl,aggregate_load,24,45,xgboost,32389.67846537722
2014-08-04 20:00:00,ecl,aggregate_load,24,45,xgboost,44443.07576258727
2014-08-04 21:00:00,ecl,aggregate_load,24,45,xgboost,54327.14552505515
2014-08-04 22:00:00,ecl,aggregate_load,24,45,xgboost,60237.20796906281
2014-08-04 23:00:00,ecl,aggregate_load,24,45,xgboost,60736.94660121145
2014-08-05 00:00:00,ecl,aggregate_load,24,45,xgboost,60542.236036420705
2014-08-05 01:00:00,ecl,aggregate_load,24,45,xgboost,77057.35927723123
2014-08-05 02:00:00,ecl,aggregate_load,24,45,xgboost,75518.35517310705
2014-08-05 03:00:00,ecl,aggregate_load,24,45,xgboost,73704.07623606744
2014-08-05 04:00:00,ecl,aggregate_load,24,45,xgboost,66306.4845625884
2014-08-05 05:00:00,ecl,aggregate_load,24,45,xgboost,66854.2508523013
2014-08-05 06:00:00,ecl,aggregate_load,24,45,xgboost,68194.01615556613
2014-08-05 07:00:00,ecl,aggregate_load,24,45,xgboost,62489.35716617907
2014-08-05 08:00:00,ecl,aggregate_load,24,45,xgboost,64438.394701877354
2014-08-05 09:00:00,ecl,aggregate_load,24,45,xgboost,55008.36732452576
2014-08-05 10:00:00,ecl,aggregate_load,24,45,xgboost,52519.02290533108
2014-08-05 11:00:00,ecl,aggregate_load,24,45,xgboost,62750.917594311024
2014-08-05 12:00:00,ecl,aggregate_load,24,45,xgboost,42546.002326511814
2014-08-05 13:00:00,ecl,aggregate_load,24,45,xgboost,37189.798488211534
2014-08-05 14:00:00,ecl,aggregate_load,24,45,xgboost,34822.263626644155
2014-08-05 15:00:00,ecl,aggregate_load,24,45,xgboost,34974.97412570045
2014-08-05 16:00:00,ecl,aggregate_load,24,45,xgboost,29428.235279287084
2014-08-05 17:00:00,ecl,aggregate_load,24,45,xgboost,39187.329750154306
2014-08-05 18:00:00,ecl,aggregate_load,24,45,xgboost,36118.1032983103
2014-08-05 19:00:00,ecl,aggregate_load,24,45,xgboost,34327.02048831786
2014-08-05 20:00:00,ecl,aggregate_load,24,45,xgboost,28802.581941915432
2014-08-05 21:00:00,ecl,aggregate_load,24,45,xgboost,31165.651654678804
2014-08-05 22:00:00,ecl,aggregate_load,24,45,xgboost,26866.507405461667
2014-08-05 23:00:00,ecl,aggregate_load,24,45,xgboost,28191.281949965636
2014-08-06 00:00:00,ecl,aggregate_load,24,45,xgboost,23925.638394695427
2014-08-06 01:00:00,ecl,aggregate_load,24,45,xgboost,25474.618229149553
2014-08-06 02:00:00,ecl,aggregate_load,24,45,xgboost,28143.72363147064
2014-08-06 03:00:00,ecl,aggregate_load,24,45,xgboost,31687.313398081315
2014-08-06 04:00:00,ecl,aggregate_load,24,45,xgboost,31331.539050523144
2014-08-06 05:00:00,ecl,aggregate_load,24,45,xgboost,29938.33950107954
2014-08-06 06:00:00,ecl,aggregate_load,24,45,xgboost,29567.485922261283
2014-08-06 07:00:00,ecl,aggregate_load,24,45,xgboost,26673.731218877863
2014-08-06 08:00:00,ecl,aggregate_load,24,45,xgboost,30506.703624130972
2014-08-06 09:00:00,ecl,aggregate_load,24,45,xgboost,27615.83135705644
2014-08-06 10:00:00,ecl,aggregate_load,24,45,xgboost,31908.2205994125
2014-08-06 11:00:00,ecl,aggregate_load,24,45,xgboost,22977.968190671545
2014-08-06 12:00:00,ecl,aggregate_load,24,45,xgboost,33560.965379480665
2014-08-06 13:00:00,ecl,aggregate_load,24,45,xgboost,29857.558392128514
2014-08-06 14:00:00,ecl,aggregate_load,24,45,xgboost,23787.5937152437
2014-08-06 15:00:00,ecl,aggregate_load,24,45,xgboost,26425.42836020397
2014-08-06 16:00:00,ecl,aggregate_load,24,45,xgboost,27984.20932524241
2014-08-06 17:00:00,ecl,aggregate_load,24,45,xgboost,30521.51900307061
2014-08-06 18:00:00,ecl,aggregate_load,24,45,xgboost,38588.261710379615
2014-08-06 19:00:00,ecl,aggregate_load,24,45,xgboost,46114.228092441386
2014-08-06 20:00:00,ecl,aggregate_load,24,45,xgboost,50012.34016785991
2014-08-06 21:00:00,ecl,aggregate_load,24,45,xgboost,53271.55418037048
2014-08-06 22:00:00,ecl,aggregate_load,24,45,xgboost,55380.686762729565
2014-08-06 23:00:00,ecl,aggregate_load,24,45,xgboost,50460.957272836
2014-08-07 00:00:00,ecl,aggregate_load,24,45,xgboost,44548.4054228994
2014-08-07 01:00:00,ecl,aggregate_load,24,45,xgboost,44149.321917373185
2014-08-07 02:00:00,ecl,aggregate_load,24,45,xgboost,50778.32948210631
2014-08-07 03:00:00,ecl,aggregate_load,24,45,xgboost,51790.00464711445
2014-08-07 04:00:00,ecl,aggregate_load,24,45,xgboost,50979.95659346474
2014-08-07 05:00:00,ecl,aggregate_load,24,45,xgboost,57343.29026818171
2014-08-07 06:00:00,ecl,aggregate_load,24,45,xgboost,50190.96270606251
2014-08-07 07:00:00,ecl,aggregate_load,24,45,xgboost,51341.04211525231
2014-08-07 08:00:00,ecl,aggregate_load,24,45,xgboost,55924.145190591145
2014-08-07 09:00:00,ecl,aggregate_load,24,45,xgboost,54228.73797941452
2014-08-07 10:00:00,ecl,aggregate_load,24,45,xgboost,57115.262528630905
2014-08-07 11:00:00,ecl,aggregate_load,24,45,xgboost,45451.79063094641
2014-08-07 12:00:00,ecl,aggregate_load,24,45,xgboost,47053.29847429466
2014-08-07 13:00:00,ecl,aggregate_load,24,45,xgboost,39498.42188859478
2014-08-07 14:00:00,ecl,aggregate_load,24,45,xgboost,41703.54906200444
2014-08-07 15:00:00,ecl,aggregate_load,24,45,xgboost,32360.04000312436
2014-08-07 16:00:00,ecl,aggregate_load,24,45,xgboost,29055.20323412654
2014-08-07 17:00:00,ecl,aggregate_load,24,45,xgboost,18651.450198990155
2014-08-07 18:00:00,ecl,aggregate_load,24,45,xgboost,23156.965586774328
2014-08-07 19:00:00,ecl,aggregate_load,24,45,xgboost,23619.06389889402
2014-08-07 20:00:00,ecl,aggregate_load,24,45,xgboost,23681.633773118287
2014-08-07 21:00:00,ecl,aggregate_load,24,45,xgboost,33582.24233695905
2014-08-07 22:00:00,ecl,aggregate_load,24,45,xgboost,26105.709948701242
2014-08-07 23:00:00,ecl,aggregate_load,24,45,xgboost,25173.93085071964
2014-08-08 00:00:00,ecl,aggregate_load,24,45,xgboost,28777.51323946215
2014-08-08 01:00:00,ecl,aggregate_load,24,45,xgboost,30866.728346644315
2014-08-08 02:00:00,ecl,aggregate_load,24,45,xgboost,31526.16904230024
2014-08-08 03:00:00,ecl,aggregate_load,24,45,xgboost,30177.44359807947
2014-08-08 04:00:00,ecl,aggregate_load,24,45,xgboost,27654.625668986893
2014-08-08 05:00:00,ecl,aggregate_load,24,45,xgboost,26114.099050602937
2014-08-08 06:00:00,ecl,aggregate_load,24,45,xgboost,25837.26019656029
2014-08-08 07:00:00,ecl,aggregate_load,24,45,xgboost,27702.590245424686
2014-08-08 08:00:00,ecl,aggregate_load,24,45,xgboost,26289.546963198838
2014-08-08 09:00:00,ecl,aggregate_load,24,45,xgboost,24646.157870339386
2014-08-08 10:00:00,ecl,aggregate_load,24,45,xgboost,23799.369057424996
2014-08-08 11:00:00,ecl,aggregate_load,24,45,xgboost,28615.635851273633
2014-08-08 12:00:00,ecl,aggregate_load,24,45,xgboost,27707.47881161871
2014-08-08 13:00:00,ecl,aggregate_load,24,45,xgboost,29643.090143131423
2014-08-08 14:00:00,ecl,aggregate_load,24,45,xgboost,34775.57457862859
2014-08-08 15:00:00,ecl,aggregate_load,24,45,xgboost,30936.472220147476
2014-08-08 16:00:00,ecl,aggregate_load,24,45,xgboost,25577.219449280903
2014-08-08 17:00:00,ecl,aggregate_load,24,45,xgboost,20763.896247338635
2014-08-08 18:00:00,ecl,aggregate_load,24,45,xgboost,22277.32725778323
2014-08-08 19:00:00,ecl,aggregate_load,24,45,xgboost,27503.5170659708
2014-08-08 20:00:00,ecl,aggregate_load,24,45,xgboost,26302.867902305592
2014-08-08 21:00:00,ecl,aggregate_load,24,45,xgboost,32142.70641375765
2014-08-08 22:00:00,ecl,aggregate_load,24,45,xgboost,25844.67806260554
2014-08-08 23:00:00,ecl,aggregate_load,24,45,xgboost,24233.83225007377
2014-08-09 00:00:00,ecl,aggregate_load,24,45,xgboost,14914.584949688486
2014-08-09 01:00:00,ecl,aggregate_load,24,45,xgboost,24687.934006971383
2014-08-09 02:00:00,ecl,aggregate_load,24,45,xgboost,28030.385180079164
2014-08-09 03:00:00,ecl,aggregate_load,24,45,xgboost,30656.867025457486
2014-08-09 04:00:00,ecl,aggregate_load,24,45,xgboost,31966.942639050456
2014-08-09 05:00:00,ecl,aggregate_load,24,45,xgboost,31690.78809560429
2014-08-09 06:00:00,ecl,aggregate_load,24,45,xgboost,30608.039702992264
2014-08-09 07:00:00,ecl,aggregate_load,24,45,xgboost,32963.39549363504
2014-08-09 08:00:00,ecl,aggregate_load,24,45,xgboost,27137.583266792764
2014-08-09 09:00:00,ecl,aggregate_load,24,45,xgboost,27128.76157202294
2014-08-09 10:00:00,ecl,aggregate_load,24,45,xgboost,23006.142774017393
2014-08-09 11:00:00,ecl,aggregate_load,24,45,xgboost,27901.512281098043
2014-08-09 12:00:00,ecl,aggregate_load,24,45,xgboost,27661.83659694997
2014-08-09 13:00:00,ecl,aggregate_load,24,45,xgboost,30020.72981481082
2014-08-09 14:00:00,ecl,aggregate_load,24,45,xgboost,25788.28858792946
2014-08-09 15:00:00,ecl,aggregate_load,24,45,xgboost,24132.9756983649
2014-08-09 16:00:00,ecl,aggregate_load,24,45,xgboost,25821.04269897334
2014-08-09 17:00:00,ecl,aggregate_load,24,45,xgboost,26011.551023742795
2014-08-09 18:00:00,ecl,aggregate_load,24,45,xgboost,28798.10103631129
2014-08-09 19:00:00,ecl,aggregate_load,24,45,xgboost,26136.745412537508
2014-08-09 20:00:00,ecl,aggregate_load,24,45,xgboost,25680.334230175085
2014-08-09 21:00:00,ecl,aggregate_load,24,45,xgboost,26693.830453281185
2014-08-09 22:00:00,ecl,aggregate_load,24,45,xgboost,22892.530676882427
2014-08-09 23:00:00,ecl,aggregate_load,24,45,xgboost,26524.386528885017
2014-08-10 00:00:00,ecl,aggregate_load,24,45,xgboost,26077.701929839142
2014-08-10 01:00:00,ecl,aggregate_load,24,45,xgboost,26416.36961357946
2014-08-10 02:00:00,ecl,aggregate_load,24,45,xgboost,21817.141296522783
2014-08-10 03:00:00,ecl,aggregate_load,24,45,xgboost,20431.370299452257
2014-08-10 04:00:00,ecl,aggregate_load,24,45,xgboost,19368.58369588502
2014-08-10 05:00:00,ecl,aggregate_load,24,45,xgboost,19963.28400690789
2014-08-10 06:00:00,ecl,aggregate_load,24,45,xgboost,21823.914510767605
2014-08-10 07:00:00,ecl,aggregate_load,24,45,xgboost,23646.61652632641
2014-08-10 08:00:00,ecl,aggregate_load,24,45,xgboost,22848.974303342853
2014-08-10 09:00:00,ecl,aggregate_load,24,45,xgboost,21233.00035163359
2014-08-10 10:00:00,ecl,aggregate_load,24,45,xgboost,25336.8593480038
2014-08-10 11:00:00,ecl,aggregate_load,24,45,xgboost,25560.834099667332
2014-08-10 12:00:00,ecl,aggregate_load,24,45,xgboost,31893.136863819072
2014-08-10 13:00:00,ecl,aggregate_load,24,45,xgboost,26139.972474670514
2014-08-10 14:00:00,ecl,aggregate_load,24,45,xgboost,31878.88313652891
2014-08-10 15:00:00,ecl,aggregate_load,24,45,xgboost,44195.90779087317
2014-08-10 16:00:00,ecl,aggregate_load,24,45,xgboost,42858.78093061986
2014-08-10 17:00:00,ecl,aggregate_load,24,45,xgboost,50201.10317427922
2014-08-10 18:00:00,ecl,aggregate_load,24,45,xgboost,38176.11860005372
2014-08-10 19:00:00,ecl,aggregate_load,24,45,xgboost,34177.092766981754
2014-08-10 20:00:00,ecl,aggregate_load,24,45,xgboost,24458.63300215763
2014-08-10 21:00:00,ecl,aggregate_load,24,45,xgboost,29055.503664080217
2014-08-10 22:00:00,ecl,aggregate_load,24,45,xgboost,17912.332056790216
2014-08-10 23:00:00,ecl,aggregate_load,24,45,xgboost,25084.25056097613
2014-08-11 00:00:00,ecl,aggregate_load,24,45,xgboost,23489.215528540404
2014-08-11 01:00:00,ecl,aggregate_load,24,45,xgboost,29534.801070236514
2014-08-11 02:00:00,ecl,aggregate_load,24,45,xgboost,30760.960885180877
2014-08-11 03:00:00,ecl,aggregate_load,24,45,xgboost,33531.13442800877
2014-08-11 04:00:00,ecl,aggregate_load,24,45,xgboost,33351.75734126448
2014-08-11 05:00:00,ecl,aggregate_load,24,45,xgboost,33113.889109518794
2014-08-11 06:00:00,ecl,aggregate_load,24,45,xgboost,35465.95057607335
2014-08-11 07:00:00,ecl,aggregate_load,24,45,xgboost,37119.317853097265
2014-08-11 08:00:00,ecl,aggregate_load,24,45,xgboost,31778.781926180556
2014-08-11 09:00:00,ecl,aggregate_load,24,45,xgboost,30014.609234589665
2014-08-11 10:00:00,ecl,aggregate_load,24,45,xgboost,34286.99930867252
2014-08-11 11:00:00,ecl,aggregate_load,24,45,xgboost,35005.062472754835
2014-08-11 12:00:00,ecl,aggregate_load,24,45,xgboost,40590.27606946473
2014-08-11 13:00:00,ecl,aggregate_load,24,45,xgboost,44472.63193050993
2014-08-11 14:00:00,ecl,aggregate_load,24,45,xgboost,41708.21804331079
2014-08-11 15:00:00,ecl,aggregate_load,24,45,xgboost,36651.684087541544
2014-08-11 16:00:00,ecl,aggregate_load,24,45,xgboost,37344.04513230292
2014-08-11 17:00:00,ecl,aggregate_load,24,45,xgboost,38465.241600485344
2014-08-11 18:00:00,ecl,aggregate_load,24,45,xgboost,43684.521644433764
2014-08-11 19:00:00,ecl,aggregate_load,24,45,xgboost,47554.16827315581
2014-08-11 20:00:00,ecl,aggregate_load,24,45,xgboost,49062.5537589966
2014-08-11 21:00:00,ecl,aggregate_load,24,45,xgboost,48611.31896000329
2014-08-11 22:00:00,ecl,aggregate_load,24,45,xgboost,39913.52890163517
2014-08-11 23:00:00,ecl,aggregate_load,24,45,xgboost,37521.338730302785
2014-08-12 00:00:00,ecl,aggregate_load,24,45,xgboost,28646.757500124204
2014-08-12 01:00:00,ecl,aggregate_load,24,45,xgboost,32010.19488141321
2014-08-12 02:00:00,ecl,aggregate_load,24,45,xgboost,36104.500926575034
2014-08-12 03:00:00,ecl,aggregate_load,24,45,xgboost,32830.77840053122
2014-08-12 04:00:00,ecl,aggregate_load,24,45,xgboost,35574.8679111188
2014-08-12 05:00:00,ecl,aggregate_load,24,45,xgboost,38667.16067020053
2014-08-12 06:00:00,ecl,aggregate_load,24,45,xgboost,36206.793652251035
2014-08-12 07:00:00,ecl,aggregate_load,24,45,xgboost,33548.977140150026
2014-08-12 08:00:00,ecl,aggregate_load,24,45,xgboost,34866.90022494688
2014-08-12 09:00:00,ecl,aggregate_load,24,45,xgboost,45453.641721599444
2014-08-12 10:00:00,ecl,aggregate_load,24,45,xgboost,36900.629005801435
2014-08-12 11:00:00,ecl,aggregate_load,24,45,xgboost,52834.1280758793
2014-08-12 12:00:00,ecl,aggregate_load,24,45,xgboost,40620.18633127625
2014-08-12 13:00:00,ecl,aggregate_load,24,45,xgboost,40938.2155207408
2014-08-12 14:00:00,ecl,aggregate_load,24,45,xgboost,40245.94128030702
2014-08-12 15:00:00,ecl,aggregate_load,24,45,xgboost,42655.33178104264
2014-08-12 16:00:00,ecl,aggregate_load,24,45,xgboost,46069.31466884032
2014-08-12 17:00:00,ecl,aggregate_load,24,45,xgboost,55841.012695266305
2014-08-12 18:00:00,ecl,aggregate_load,24,45,xgboost,54728.26485149733
2014-08-12 19:00:00,ecl,aggregate_load,24,45,xgboost,47980.197863598914
2014-08-12 20:00:00,ecl,aggregate_load,24,45,xgboost,59630.80928905919
2014-08-12 21:00:00,ecl,aggregate_load,24,45,xgboost,67331.8105300587
2014-08-12 22:00:00,ecl,aggregate_load,24,45,xgboost,66407.36157415691
2014-08-12 23:00:00,ecl,aggregate_load,24,45,xgboost,67282.85288783257
2014-08-13 00:00:00,ecl,aggregate_load,24,45,xgboost,51840.489716874166
2014-08-13 01:00:00,ecl,aggregate_load,24,45,xgboost,49429.607585584454
2014-08-13 02:00:00,ecl,aggregate_load,24,45,xgboost,56493.714484408185
2014-08-13 03:00:00,ecl,aggregate_load,24,45,xgboost,67393.87984849396
2014-08-13 04:00:00,ecl,aggregate_load,24,45,xgboost,65012.82190757774
2014-08-13 05:00:00,ecl,aggregate_load,24,45,xgboost,61606.58949648872
2014-08-13 06:00:00,ecl,aggregate_load,24,45,xgboost,66519.17622049578
2014-08-13 07:00:00,ecl,aggregate_load,24,45,xgboost,72507.62182306014
2014-08-13 08:00:00,ecl,aggregate_load,24,45,xgboost,66143.22755956269
2014-08-13 09:00:00,ecl,aggregate_load,24,45,xgboost,58033.68121225981
2014-08-13 10:00:00,ecl,aggregate_load,24,45,xgboost,71989.98689087188
2014-08-13 11:00:00,ecl,aggregate_load,24,45,xgboost,71503.99627807853
2014-08-13 12:00:00,ecl,aggregate_load,24,45,xgboost,65377.2988373723
2014-08-13 13:00:00,ecl,aggregate_load,24,45,xgboost,49532.79076008659
2014-08-13 14:00:00,ecl,aggregate_load,24,45,xgboost,33285.35437381558
2014-08-13 15:00:00,ecl,aggregate_load,24,45,xgboost,36617.249015280446
2014-08-13 16:00:00,ecl,aggregate_load,24,45,xgboost,39645.18406408326
2014-08-13 17:00:00,ecl,aggregate_load,24,45,xgboost,35095.15530000849
2014-08-13 18:00:00,ecl,aggregate_load,24,45,xgboost,39512.26164160563
2014-08-13 19:00:00,ecl,aggregate_load,24,45,xgboost,41717.75189768692
2014-08-13 20:00:00,ecl,aggregate_load,24,45,xgboost,44441.52978631565
2014-08-13 21:00:00,ecl,aggregate_load,24,45,xgboost,51867.24437616288
2014-08-13 22:00:00,ecl,aggregate_load,24,45,xgboost,39139.07847805023
2014-08-13 23:00:00,ecl,aggregate_load,24,45,xgboost,32860.04442541831
2014-08-14 00:00:00,ecl,aggregate_load,24,45,xgboost,32074.974581982056
2014-08-14 01:00:00,ecl,aggregate_load,24,45,xgboost,33717.13638636938
2014-08-14 02:00:00,ecl,aggregate_load,24,45,xgboost,33209.15433761442
2014-08-14 03:00:00,ecl,aggregate_load,24,45,xgboost,34005.05657871879
2014-08-14 04:00:00,ecl,aggregate_load,24,45,xgboost,27920.320976771658
2014-08-14 05:00:00,ecl,aggregate_load,24,45,xgboost,29257.03449131217
2014-08-14 06:00:00,ecl,aggregate_load,24,45,xgboost,30513.091884366597
2014-08-14 07:00:00,ecl,aggregate_load,24,45,xgboost,28399.233063636686
2014-08-14 08:00:00,ecl,aggregate_load,24,45,xgboost,27329.624567873037
2014-08-14 09:00:00,ecl,aggregate_load,24,45,xgboost,32040.235898867773
2014-08-14 10:00:00,ecl,aggregate_load,24,45,xgboost,40029.78533227921
2014-08-14 11:00:00,ecl,aggregate_load,24,45,xgboost,46799.3268036487
2014-08-14 12:00:00,ecl,aggregate_load,24,45,xgboost,38049.81469407544
2014-08-14 13:00:00,ecl,aggregate_load,24,45,xgboost,39000.822166590086
2014-08-14 14:00:00,ecl,aggregate_load,24,45,xgboost,36877.11347728983
2014-08-14 15:00:00,ecl,aggregate_load,24,45,xgboost,32972.5204106386
2014-08-14 16:00:00,ecl,aggregate_load,24,45,xgboost,32582.605971494933
2014-08-14 17:00:00,ecl,aggregate_load,24,45,xgboost,37142.105080553876
2014-08-14 18:00:00,ecl,aggregate_load,24,45,xgboost,31618.84396094894
2014-08-14 19:00:00,ecl,aggregate_load,24,45,xgboost,31866.964820514728
2014-08-14 20:00:00,ecl,aggregate_load,24,45,xgboost,34360.038273924874
2014-08-14 21:00:00,ecl,aggregate_load,24,45,xgboost,30608.202680911625
2014-08-14 22:00:00,ecl,aggregate_load,24,45,xgboost,30788.13746398292
2014-08-14 23:00:00,ecl,aggregate_load,24,45,xgboost,42772.12871073238
2014-08-15 00:00:00,ecl,aggregate_load,24,45,xgboost,31951.173986379905
2014-08-15 01:00:00,ecl,aggregate_load,24,45,xgboost,32481.040411020163
2014-08-15 02:00:00,ecl,aggregate_load,24,45,xgboost,29158.513441381056
2014-08-15 03:00:00,ecl,aggregate_load,24,45,xgboost,31057.21152383991
2014-08-15 04:00:00,ecl,aggregate_load,24,45,xgboost,32318.737884661718
2014-08-15 05:00:00,ecl,aggregate_load,24,45,xgboost,27010.300686139974
2014-08-15 06:00:00,ecl,aggregate_load,24,45,xgboost,29885.389507357973
2014-08-15 07:00:00,ecl,aggregate_load,24,45,xgboost,34335.56588034928
2014-08-15 08:00:00,ecl,aggregate_load,24,45,xgboost,33541.55492344082
2014-08-15 09:00:00,ecl,aggregate_load,24,45,xgboost,31196.837932507773
2014-08-15 10:00:00,ecl,aggregate_load,24,45,xgboost,26569.418758658943
2014-08-15 11:00:00,ecl,aggregate_load,24,45,xgboost,36343.176871692434
2014-08-15 12:00:00,ecl,aggregate_load,24,45,xgboost,31707.59015975779
2014-08-15 13:00:00,ecl,aggregate_load,24,45,xgboost,33735.07775371851
2014-08-15 14:00:00,ecl,aggregate_load,24,45,xgboost,39840.75436546552
2014-08-15 15:00:00,ecl,aggregate_load,24,45,xgboost,32672.59740746631
2014-08-15 16:00:00,ecl,aggregate_load,24,45,xgboost,38181.04196735033
2014-08-15 17:00:00,ecl,aggregate_load,24,45,xgboost,31921.359578025458
2014-08-15 18:00:00,ecl,aggregate_load,24,45,xgboost,38710.53223853072
2014-08-15 19:00:00,ecl,aggregate_load,24,45,xgboost,51461.79879453258
2014-08-15 20:00:00,ecl,aggregate_load,24,45,xgboost,49146.43180169528
2014-08-15 21:00:00,ecl,aggregate_load,24,45,xgboost,41878.151205818656
2014-08-15 22:00:00,ecl,aggregate_load,24,45,xgboost,45950.75378008402
2014-08-15 23:00:00,ecl,aggregate_load,24,45,xgboost,35811.846516177546
2014-08-16 00:00:00,ecl,aggregate_load,24,45,xgboost,27130.35154746661
2014-08-16 01:00:00,ecl,aggregate_load,24,45,xgboost,25083.51050810306
2014-08-16 02:00:00,ecl,aggregate_load,24,45,xgboost,30786.216789654194
2014-08-16 03:00:00,ecl,aggregate_load,24,45,xgboost,29200.35534568588
2014-08-16 04:00:00,ecl,aggregate_load,24,45,xgboost,29036.42514264668
2014-08-16 05:00:00,ecl,aggregate_load,24,45,xgboost,25716.815348218617
2014-08-16 06:00:00,ecl,aggregate_load,24,45,xgboost,29793.66460767345
2014-08-16 07:00:00,ecl,aggregate_load,24,45,xgboost,30097.41973497058
2014-08-16 08:00:00,ecl,aggregate_load,24,45,xgboost,29928.800053704126
2014-08-16 09:00:00,ecl,aggregate_load,24,45,xgboost,29611.59694722832
2014-08-16 10:00:00,ecl,aggregate_load,24,45,xgboost,30520.001621082298
2014-08-16 11:00:00,ecl,aggregate_load,24,45,xgboost,42599.67037376566
2014-08-16 12:00:00,ecl,aggregate_load,24,45,xgboost,45334.40548401367
2014-08-16 13:00:00,ecl,aggregate_load,24,45,xgboost,38590.62158614114
2014-08-16 14:00:00,ecl,aggregate_load,24,45,xgboost,46860.898899898544
2014-08-16 15:00:00,ecl,aggregate_load,24,45,xgboost,44886.14047769291
2014-08-16 16:00:00,ecl,aggregate_load,24,45,xgboost,43752.83933273996
2014-08-16 17:00:00,ecl,aggregate_load,24,45,xgboost,47153.57401213853
2014-08-16 18:00:00,ecl,aggregate_load,24,45,xgboost,47198.632286403
2014-08-16 19:00:00,ecl,aggregate_load,24,45,xgboost,54130.7350630935
2014-08-16 20:00:00,ecl,aggregate_load,24,45,xgboost,60522.688090790936
2014-08-16 21:00:00,ecl,aggregate_load,24,45,xgboost,60468.587663960054
2014-08-16 22:00:00,ecl,aggregate_load,24,45,xgboost,70436.50230983706
2014-08-16 23:00:00,ecl,aggregate_load,24,45,xgboost,65207.538621370826
2014-08-17 00:00:00,ecl,aggregate_load,24,45,xgboost,62416.75303967472
2014-08-17 01:00:00,ecl,aggregate_load,24,45,xgboost,66269.24109899336
2014-08-17 02:00:00,ecl,aggregate_load,24,45,xgboost,65739.28433857788
2014-08-17 03:00:00,ecl,aggregate_load,24,45,xgboost,61682.3172552108
2014-08-17 04:00:00,ecl,aggregate_load,24,45,xgboost,60799.08660472978
2014-08-17 05:00:00,ecl,aggregate_load,24,45,xgboost,67791.68484505976
2014-08-17 06:00:00,ecl,aggregate_load,24,45,xgboost,62471.47107474147
2014-08-17 07:00:00,ecl,aggregate_load,24,45,xgboost,69024.67391413187
2014-08-17 08:00:00,ecl,aggregate_load,24,45,xgboost,69900.89918408029
2014-08-17 09:00:00,ecl,aggregate_load,24,45,xgboost,67254.88557522335
2014-08-17 10:00:00,ecl,aggregate_load,24,45,xgboost,65015.85694215945
2014-08-17 11:00:00,ecl,aggregate_load,24,45,xgboost,47795.796763027705
2014-08-17 12:00:00,ecl,aggregate_load,24,45,xgboost,42840.456468577046
2014-08-17 13:00:00,ecl,aggregate_load,24,45,xgboost,44549.614151349924
2014-08-17 14:00:00,ecl,aggregate_load,24,45,xgboost,34643.949450594824
2014-08-17 15:00:00,ecl,aggregate_load,24,45,xgboost,34519.804082452356
2014-08-17 16:00:00,ecl,aggregate_load,24,45,xgboost,31062.710214216902
2014-08-17 17:00:00,ecl,aggregate_load,24,45,xgboost,28389.294703574404
2014-08-17 18:00:00,ecl,aggregate_load,24,45,xgboost,25804.46226315924
2014-08-17 19:00:00,ecl,aggregate_load,24,45,xgboost,23155.664071539126
2014-08-17 20:00:00,ecl,aggregate_load,24,45,xgboost,31207.33077386007
2014-08-17 21:00:00,ecl,aggregate_load,24,45,xgboost,41407.23462831545
2014-08-17 22:00:00,ecl,aggregate_load,24,45,xgboost,36617.8662220818
2014-08-17 23:00:00,ecl,aggregate_load,24,45,xgboost,25466.970622029854
2014-08-18 00:00:00,ecl,aggregate_load,24,45,xgboost,37581.2112255921
2014-08-18 01:00:00,ecl,aggregate_load,24,45,xgboost,35675.707578081296
2014-08-18 02:00:00,ecl,aggregate_load,24,45,xgboost,39054.88163669262
2014-08-18 03:00:00,ecl,aggregate_load,24,45,xgboost,41216.162394715684
2014-08-18 04:00:00,ecl,aggregate_load,24,45,xgboost,44112.45673268029
2014-08-18 05:00:00,ecl,aggregate_load,24,45,xgboost,49995.421158103825
2014-08-18 06:00:00,ecl,aggregate_load,24,45,xgboost,56020.029224536505
2014-08-18 07:00:00,ecl,aggregate_load,24,45,xgboost,56172.01458361439
2014-08-18 08:00:00,ecl,aggregate_load,24,45,xgboost,54225.54353980441
2014-08-18 09:00:00,ecl,aggregate_load,24,45,xgboost,58723.81903363569
2014-08-18 10:00:00,ecl,aggregate_load,24,45,xgboost,44621.15570166913
2014-08-18 11:00:00,ecl,aggregate_load,24,45,xgboost,45977.64532250679
2014-08-18 12:00:00,ecl,aggregate_load,24,45,xgboost,49525.8136853908
2014-08-18 13:00:00,ecl,aggregate_load,24,45,xgboost,54569.39437197017
2014-08-18 14:00:00,ecl,aggregate_load,24,45,xgboost,52710.19525043783
2014-08-18 15:00:00,ecl,aggregate_load,24,45,xgboost,58215.42622819305
2014-08-18 16:00:00,ecl,aggregate_load,24,45,xgboost,61731.74940791115
2014-08-18 17:00:00,ecl,aggregate_load,24,45,xgboost,60981.91014717508
2014-08-18 18:00:00,ecl,aggregate_load,24,45,xgboost,67515.70131485023
2014-08-18 19:00:00,ecl,aggregate_load,24,45,xgboost,79489.52375941495
2014-08-18 20:00:00,ecl,aggregate_load,24,45,xgboost,67205.05285476794
2014-08-18 21:00:00,ecl,aggregate_load,24,45,xgboost,59420.492349320324
2014-08-18 22:00:00,ecl,aggregate_load,24,45,xgboost,68088.29029409232
2014-08-18 23:00:00,ecl,aggregate_load,24,45,xgboost,73369.56728839825
2014-08-19 00:00:00,ecl,aggregate_load,24,45,xgboost,73392.65939846441
2014-08-19 01:00:00,ecl,aggregate_load,24,45,xgboost,80698.93320907962
2014-08-19 02:00:00,ecl,aggregate_load,24,45,xgboost,83680.15808880533
2014-08-19 03:00:00,ecl,aggregate_load,24,45,xgboost,79738.52817881104
2014-08-19 04:00:00,ecl,aggregate_load,24,45,xgboost,77962.29689697099
2014-08-19 05:00:00,ecl,aggregate_load,24,45,xgboost,75437.8484489542
2014-08-19 06:00:00,ecl,aggregate_load,24,45,xgboost,81016.21418577053
2014-08-19 07:00:00,ecl,aggregate_load,24,45,xgboost,83215.05168763093
2014-08-19 08:00:00,ecl,aggregate_load,24,45,xgboost,77833.10610866702
2014-08-19 09:00:00,ecl,aggregate_load,24,45,xgboost,74751.0556386782
2014-08-19 10:00:00,ecl,aggregate_load,24,45,xgboost,80854.79236944819
2014-08-19 11:00:00,ecl,aggregate_load,24,45,xgboost,42856.97583763839
2014-08-19 12:00:00,ecl,aggregate_load,24,45,xgboost,30192.37351432367
2014-08-19 13:00:00,ecl,aggregate_load,24,45,xgboost,29810.117093601304
2014-08-19 14:00:00,ecl,aggregate_load,24,45,xgboost,35641.26280123819
2014-08-19 15:00:00,ecl,aggregate_load,24,45,xgboost,29271.82774321725
2014-08-19 16:00:00,ecl,aggregate_load,24,45,xgboost,30629.095767657167
2014-08-19 17:00:00,ecl,aggregate_load,24,45,xgboost,63280.42991002262
2014-08-19 18:00:00,ecl,aggregate_load,24,45,xgboost,27936.4191282332
2014-08-19 19:00:00,ecl,aggregate_load,24,45,xgboost,29385.934215658443
2014-08-19 20:00:00,ecl,aggregate_load,24,45,xgboost,25144.86829184431
2014-08-19 21:00:00,ecl,aggregate_load,24,45,xgboost,21631.178993674745
2014-08-19 22:00:00,ecl,aggregate_load,24,45,xgboost,27170.595203012155
2014-08-19 23:00:00,ecl,aggregate_load,24,45,xgboost,20705.471668131086
2014-08-20 00:00:00,ecl,aggregate_load,24,45,xgboost,21046.923958084448
2014-08-20 01:00:00,ecl,aggregate_load,24,45,xgboost,22147.05038838537
2014-08-20 02:00:00,ecl,aggregate_load,24,45,xgboost,21991.305469509858
2014-08-20 03:00:00,ecl,aggregate_load,24,45,xgboost,20790.818509610224
2014-08-20 04:00:00,ecl,aggregate_load,24,45,xgboost,21847.640332400584
2014-08-20 05:00:00,ecl,aggregate_load,24,45,xgboost,21613.621906572414
2014-08-20 06:00:00,ecl,aggregate_load,24,45,xgboost,20635.801288393908
2014-08-20 07:00:00,ecl,aggregate_load,24,45,xgboost,21540.956657520295
2014-08-20 08:00:00,ecl,aggregate_load,24,45,xgboost,20443.574885370344
2014-08-20 09:00:00,ecl,aggregate_load,24,45,xgboost,20728.75736545671
2014-08-20 10:00:00,ecl,aggregate_load,24,45,xgboost,24730.633870425558
2014-08-20 11:00:00,ecl,aggregate_load,24,45,xgboost,24548.10904332461
2014-08-20 12:00:00,ecl,aggregate_load,24,45,xgboost,29944.549596527697
2014-08-20 13:00:00,ecl,aggregate_load,24,45,xgboost,24308.303544934857
2014-08-20 14:00:00,ecl,aggregate_load,24,45,xgboost,24965.89976670571
2014-08-20 15:00:00,ecl,aggregate_load,24,45,xgboost,23180.03054211898
2014-08-20 16:00:00,ecl,aggregate_load,24,45,xgboost,24613.962195026863
2014-08-20 17:00:00,ecl,aggregate_load,24,45,xgboost,22454.541934836525
2014-08-20 18:00:00,ecl,aggregate_load,24,45,xgboost,23597.567720782885
2014-08-20 19:00:00,ecl,aggregate_load,24,45,xgboost,27331.34521296281
2014-08-20 20:00:00,ecl,aggregate_load,24,45,xgboost,27476.05958919376
2014-08-20 21:00:00,ecl,aggregate_load,24,45,xgboost,26666.818985231395
2014-08-20 22:00:00,ecl,aggregate_load,24,45,xgboost,21774.12997877917
2014-08-20 23:00:00,ecl,aggregate_load,24,45,xgboost,26824.421073631704
2014-08-21 00:00:00,ecl,aggregate_load,24,45,xgboost,17800.668953810844
2014-08-21 01:00:00,ecl,aggregate_load,24,45,xgboost,22199.92053498419
2014-08-21 02:00:00,ecl,aggregate_load,24,45,xgboost,24901.897659062
2014-08-21 03:00:00,ecl,aggregate_load,24,45,xgboost,23349.33756288371
2014-08-21 04:00:00,ecl,aggregate_load,24,45,xgboost,21282.24210034807
2014-08-21 05:00:00,ecl,aggregate_load,24,45,xgboost,26236.54858954088
2014-08-21 06:00:00,ecl,aggregate_load,24,45,xgboost,22755.710221780697
2014-08-21 07:00:00,ecl,aggregate_load,24,45,xgboost,23010.131132602866
2014-08-21 08:00:00,ecl,aggregate_load,24,45,xgboost,31475.83744234935
2014-08-21 09:00:00,ecl,aggregate_load,24,45,xgboost,29843.040061492593
2014-08-21 10:00:00,ecl,aggregate_load,24,45,xgboost,26052.090093858384
2014-08-21 11:00:00,ecl,aggregate_load,24,45,xgboost,26949.781564774283
2014-08-21 12:00:00,ecl,aggregate_load,24,45,xgboost,27727.930658798334
2014-08-21 13:00:00,ecl,aggregate_load,24,45,xgboost,33745.80406443442
2014-08-21 14:00:00,ecl,aggregate_load,24,45,xgboost,34585.00219260145
2014-08-21 15:00:00,ecl,aggregate_load,24,45,xgboost,35319.19522443695
2014-08-21 16:00:00,ecl,aggregate_load,24,45,xgboost,28493.381287519063
2014-08-21 17:00:00,ecl,aggregate_load,24,45,xgboost,26210.90630163586
2014-08-21 18:00:00,ecl,aggregate_load,24,45,xgboost,26596.23523800263
2014-08-21 19:00:00,ecl,aggregate_load,24,45,xgboost,35401.692905998316
2014-08-21 20:00:00,ecl,aggregate_load,24,45,xgboost,19920.3960885234
2014-08-21 21:00:00,ecl,aggregate_load,24,45,xgboost,16854.091586505707
2014-08-21 22:00:00,ecl,aggregate_load,24,45,xgboost,23710.07515561886
2014-08-21 23:00:00,ecl,aggregate_load,24,45,xgboost,18366.118985672252
2014-08-22 00:00:00,ecl,aggregate_load,24,45,xgboost,20747.570289675557
2014-08-22 01:00:00,ecl,aggregate_load,24,45,xgboost,19633.53091375405
2014-08-22 02:00:00,ecl,aggregate_load,24,45,xgboost,25596.571192397474
2014-08-22 03:00:00,ecl,aggregate_load,24,45,xgboost,27404.103304604403
2014-08-22 04:00:00,ecl,aggregate_load,24,45,xgboost,28656.149143027436
2014-08-22 05:00:00,ecl,aggregate_load,24,45,xgboost,22163.167456808627
2014-08-22 06:00:00,ecl,aggregate_load,24,45,xgboost,26943.72466528132
2014-08-22 07:00:00,ecl,aggregate_load,24,45,xgboost,34529.275282948554
2014-08-22 08:00:00,ecl,aggregate_load,24,45,xgboost,32564.549527674575
2014-08-22 09:00:00,ecl,aggregate_load,24,45,xgboost,36878.24673905894
2014-08-22 10:00:00,ecl,aggregate_load,24,45,xgboost,32957.44138543953
2014-08-22 11:00:00,ecl,aggregate_load,24,45,xgboost,29755.242388933726
2014-08-22 12:00:00,ecl,aggregate_load,24,45,xgboost,27194.192258520274
2014-08-22 13:00:00,ecl,aggregate_load,24,45,xgboost,35187.988053200905
2014-08-22 14:00:00,ecl,aggregate_load,24,45,xgboost,27123.25659096602
2014-08-22 15:00:00,ecl,aggregate_load,24,45,xgboost,28203.694566591847
2014-08-22 16:00:00,ecl,aggregate_load,24,45,xgboost,24784.813145000244
2014-08-22 17:00:00,ecl,aggregate_load,24,45,xgboost,22800.80300583347
2014-08-22 18:00:00,ecl,aggregate_load,24,45,xgboost,28990.265579442097
2014-08-22 19:00:00,ecl,aggregate_load,24,45,xgboost,23092.223661771714
2014-08-22 20:00:00,ecl,aggregate_load,24,45,xgboost,23529.510313821633
2014-08-22 21:00:00,ecl,aggregate_load,24,45,xgboost,24670.999926175515
2014-08-22 22:00:00,ecl,aggregate_load,24,45,xgboost,20834.04011643483
2014-08-22 23:00:00,ecl,aggregate_load,24,45,xgboost,31603.744319142494
2014-08-23 00:00:00,ecl,aggregate_load,24,45,xgboost,27583.514292272088
2014-08-23 01:00:00,ecl,aggregate_load,24,45,xgboost,22662.41846253355
2014-08-23 02:00:00,ecl,aggregate_load,24,45,xgboost,30163.219206437458
2014-08-23 03:00:00,ecl,aggregate_load,24,45,xgboost,30501.10294096686
2014-08-23 04:00:00,ecl,aggregate_load,24,45,xgboost,31418.746357890283
2014-08-23 05:00:00,ecl,aggregate_load,24,45,xgboost,33385.658436639285
2014-08-23 06:00:00,ecl,aggregate_load,24,45,xgboost,35869.91199663036
2014-08-23 07:00:00,ecl,aggregate_load,24,45,xgboost,34111.212496053435
2014-08-23 08:00:00,ecl,aggregate_load,24,45,xgboost,39859.51569819748
2014-08-23 09:00:00,ecl,aggregate_load,24,45,xgboost,37333.382742193084
2014-08-23 10:00:00,ecl,aggregate_load,24,45,xgboost,29567.0874012728
2014-08-23 11:00:00,ecl,aggregate_load,24,45,xgboost,36278.79533392424
2014-08-23 12:00:00,ecl,aggregate_load,24,45,xgboost,32373.844654913042
2014-08-23 13:00:00,ecl,aggregate_load,24,45,xgboost,30904.8182791971
2014-08-23 14:00:00,ecl,aggregate_load,24,45,xgboost,31021.717241783725
2014-08-23 15:00:00,ecl,aggregate_load,24,45,xgboost,29113.83743437057
2014-08-23 16:00:00,ecl,aggregate_load,24,45,xgboost,36460.752871595316
2014-08-23 17:00:00,ecl,aggregate_load,24,45,xgboost,38039.35856774432
2014-08-23 18:00:00,ecl,aggregate_load,24,45,xgboost,31006.24493270804
2014-08-23 19:00:00,ecl,aggregate_load,24,45,xgboost,41925.59745888612
2014-08-23 20:00:00,ecl,aggregate_load,24,45,xgboost,23966.31582329376
2014-08-23 21:00:00,ecl,aggregate_load,24,45,xgboost,22046.168526459747
2014-08-23 22:00:00,ecl,aggregate_load,24,45,xgboost,21453.871273457637
2014-08-23 23:00:00,ecl,aggregate_load,24,45,xgboost,17352.652686219186
2014-08-24 00:00:00,ecl,aggregate_load,24,45,xgboost,25163.36685606938
2014-08-24 01:00:00,ecl,aggregate_load,24,45,xgboost,16452.2956010067
2014-08-24 02:00:00,ecl,aggregate_load,24,45,xgboost,22682.494940541346
2014-08-24 03:00:00,ecl,aggregate_load,24,45,xgboost,28370.22060229165
2014-08-24 04:00:00,ecl,aggregate_load,24,45,xgboost,36403.64280652307
2014-08-24 05:00:00,ecl,aggregate_load,24,45,xgboost,24139.80724418345
2014-08-24 06:00:00,ecl,aggregate_load,24,45,xgboost,28190.88177810589
2014-08-24 07:00:00,ecl,aggregate_load,24,45,xgboost,27794.029427244033
2014-08-24 08:00:00,ecl,aggregate_load,24,45,xgboost,29330.954557450827
2014-08-24 09:00:00,ecl,aggregate_load,24,45,xgboost,33313.765919280086
2014-08-24 10:00:00,ecl,aggregate_load,24,45,xgboost,32029.980739618564
2014-08-24 11:00:00,ecl,aggregate_load,24,45,xgboost,32302.75983615273
2014-08-24 12:00:00,ecl,aggregate_load,24,45,xgboost,32232.35210738181
2014-08-24 13:00:00,ecl,aggregate_load,24,45,xgboost,39933.29792883524
2014-08-24 14:00:00,ecl,aggregate_load,24,45,xgboost,29985.150361505588
2014-08-24 15:00:00,ecl,aggregate_load,24,45,xgboost,33249.18732445561
2014-08-24 16:00:00,ecl,aggregate_load,24,45,xgboost,31628.060041252087
2014-08-24 17:00:00,ecl,aggregate_load,24,45,xgboost,28627.66568004167
2014-08-24 18:00:00,ecl,aggregate_load,24,45,xgboost,31924.509315103584
2014-08-24 19:00:00,ecl,aggregate_load,24,45,xgboost,28678.261986953683
2014-08-24 20:00:00,ecl,aggregate_load,24,45,xgboost,32528.508486816125
2014-08-24 21:00:00,ecl,aggregate_load,24,45,xgboost,39294.31886347177
2014-08-24 22:00:00,ecl,aggregate_load,24,45,xgboost,34095.584250712884
2014-08-24 23:00:00,ecl,aggregate_load,24,45,xgboost,60707.82018826382
2014-08-25 00:00:00,ecl,aggregate_load,24,45,xgboost,63993.85911238377
2014-08-25 01:00:00,ecl,aggregate_load,24,45,xgboost,66973.02338728543
2014-08-25 02:00:00,ecl,aggregate_load,24,45,xgboost,64425.1522573774
2014-08-25 03:00:00,ecl,aggregate_load,24,45,xgboost,61259.83950462909
2014-08-25 04:00:00,ecl,aggregate_load,24,45,xgboost,47009.73022564165
2014-08-25 05:00:00,ecl,aggregate_load,24,45,xgboost,53796.640420809
2014-08-25 06:00:00,ecl,aggregate_load,24,45,xgboost,53179.912703860406
2014-08-25 07:00:00,ecl,aggregate_load,24,45,xgboost,53324.76458548157
2014-08-25 08:00:00,ecl,aggregate_load,24,45,xgboost,55733.25901762221
2014-08-25 09:00:00,ecl,aggregate_load,24,45,xgboost,52789.30294549774
2014-08-25 10:00:00,ecl,aggregate_load,24,45,xgboost,42300.8717776074
2014-08-25 11:00:00,ecl,aggregate_load,24,45,xgboost,38730.322806686396
2014-08-25 12:00:00,ecl,aggregate_load,24,45,xgboost,42777.59927513455
2014-08-25 13:00:00,ecl,aggregate_load,24,45,xgboost,30340.04932299466
2014-08-25 14:00:00,ecl,aggregate_load,24,45,xgboost,39593.73252070544
2014-08-25 15:00:00,ecl,aggregate_load,24,45,xgboost,49603.5650561384
2014-08-25 16:00:00,ecl,aggregate_load,24,45,xgboost,53264.35208294991
2014-08-25 17:00:00,ecl,aggregate_load,24,45,xgboost,54631.90293019983
2014-08-25 18:00:00,ecl,aggregate_load,24,45,xgboost,57697.290575073566
2014-08-25 19:00:00,ecl,aggregate_load,24,45,xgboost,42590.93111759616
2014-08-25 20:00:00,ecl,aggregate_load,24,45,xgboost,48753.502510847
2014-08-25 21:00:00,ecl,aggregate_load,24,45,xgboost,61000.45894941301
2014-08-25 22:00:00,ecl,aggregate_load,24,45,xgboost,67830.49192793209
2014-08-25 23:00:00,ecl,aggregate_load,24,45,xgboost,80134.49330899218
2014-08-26 00:00:00,ecl,aggregate_load,24,45,xgboost,69248.21947665406
2014-08-26 01:00:00,ecl,aggregate_load,24,45,xgboost,87409.82483448867
2014-08-26 02:00:00,ecl,aggregate_load,24,45,xgboost,78594.42211150505
2014-08-26 03:00:00,ecl,aggregate_load,24,45,xgboost,78193.02911088202
2014-08-26 04:00:00,ecl,aggregate_load,24,45,xgboost,79275.63200664404
2014-08-26 05:00:00,ecl,aggregate_load,24,45,xgboost,84096.63435177649
2014-08-26 06:00:00,ecl,aggregate_load,24,45,xgboost,71119.89988035097
2014-08-26 07:00:00,ecl,aggregate_load,24,45,xgboost,81008.83190174795
2014-08-26 08:00:00,ecl,aggregate_load,24,45,xgboost,72936.87813983466
2014-08-26 09:00:00,ecl,aggregate_load,24,45,xgboost,74140.84605381312
2014-08-26 10:00:00,ecl,aggregate_load,24,45,xgboost,64544.11762286064
2014-08-26 11:00:00,ecl,aggregate_load,24,45,xgboost,56565.060426348755
2014-08-26 12:00:00,ecl,aggregate_load,24,45,xgboost,30056.915311307373
2014-08-26 13:00:00,ecl,aggregate_load,24,45,xgboost,30983.76071214493
2014-08-26 14:00:00,ecl,aggregate_load,24,45,xgboost,34157.515058339784
2014-08-26 15:00:00,ecl,aggregate_load,24,45,xgboost,28210.86855582925
2014-08-26 16:00:00,ecl,aggregate_load,24,45,xgboost,24359.764224836796
2014-08-26 17:00:00,ecl,aggregate_load,24,45,xgboost,30553.247962597074
2014-08-26 18:00:00,ecl,aggregate_load,24,45,xgboost,17034.365086736972
2014-08-26 19:00:00,ecl,aggregate_load,24,45,xgboost,30694.797681042914
2014-08-26 20:00:00,ecl,aggregate_load,24,45,xgboost,22467.616511309297
2014-08-26 21:00:00,ecl,aggregate_load,24,45,xgboost,21834.056399116384
2014-08-26 22:00:00,ecl,aggregate_load,24,45,xgboost,19130.794148840218
2014-08-26 23:00:00,ecl,aggregate_load,24,45,xgboost,29693.193082651316
2014-08-27 00:00:00,ecl,aggregate_load,24,45,xgboost,25396.826435832016
2014-08-27 01:00:00,ecl,aggregate_load,24,45,xgboost,26989.68010140526
2014-08-27 02:00:00,ecl,aggregate_load,24,45,xgboost,46358.71379142344
2014-08-27 03:00:00,ecl,aggregate_load,24,45,xgboost,50126.86223047888
2014-08-27 04:00:00,ecl,aggregate_load,24,45,xgboost,53466.873917234945
2014-08-27 05:00:00,ecl,aggregate_load,24,45,xgboost,48801.27964411187
2014-08-27 06:00:00,ecl,aggregate_load,24,45,xgboost,52510.881578214954
2014-08-27 07:00:00,ecl,aggregate_load,24,45,xgboost,48972.29728475245
2014-08-27 08:00:00,ecl,aggregate_load,24,45,xgboost,39763.34575916597
2014-08-27 09:00:00,ecl,aggregate_load,24,45,xgboost,43816.96624363177
2014-08-27 10:00:00,ecl,aggregate_load,24,45,xgboost,40638.72137100968
2014-08-27 11:00:00,ecl,aggregate_load,24,45,xgboost,38265.90545483053
2014-08-27 12:00:00,ecl,aggregate_load,24,45,xgboost,31123.77986364058
2014-08-27 13:00:00,ecl,aggregate_load,24,45,xgboost,38006.352209757
2014-08-27 14:00:00,ecl,aggregate_load,24,45,xgboost,32943.41904694185
2014-08-27 15:00:00,ecl,aggregate_load,24,45,xgboost,35511.387280468894
2014-08-27 16:00:00,ecl,aggregate_load,24,45,xgboost,40759.014402058005
2014-08-27 17:00:00,ecl,aggregate_load,24,45,xgboost,30608.55573957559
2014-08-27 18:00:00,ecl,aggregate_load,24,45,xgboost,25615.749779470596
2014-08-27 19:00:00,ecl,aggregate_load,24,45,xgboost,39425.01268154883
2014-08-27 20:00:00,ecl,aggregate_load,24,45,xgboost,33061.752185487036
2014-08-27 21:00:00,ecl,aggregate_load,24,45,xgboost,43262.34783328974
2014-08-27 22:00:00,ecl,aggregate_load,24,45,xgboost,34585.4265733109
2014-08-27 23:00:00,ecl,aggregate_load,24,45,xgboost,25189.851244151807
2014-08-28 00:00:00,ecl,aggregate_load,24,45,xgboost,26706.16640640546
2014-08-28 01:00:00,ecl,aggregate_load,24,45,xgboost,21989.259042478236
2014-08-28 02:00:00,ecl,aggregate_load,24,45,xgboost,33809.55308615004
2014-08-28 03:00:00,ecl,aggregate_load,24,45,xgboost,33687.489503743
2014-08-28 04:00:00,ecl,aggregate_load,24,45,xgboost,33631.57436267385
2014-08-28 05:00:00,ecl,aggregate_load,24,45,xgboost,34493.0221085962
2014-08-28 06:00:00,ecl,aggregate_load,24,45,xgboost,39538.93742160063
2014-08-28 07:00:00,ecl,aggregate_load,24,45,xgboost,41542.938741629885
2014-08-28 08:00:00,ecl,aggregate_load,24,45,xgboost,36796.92274135526
2014-08-28 09:00:00,ecl,aggregate_load,24,45,xgboost,35374.711327348974
2014-08-28 10:00:00,ecl,aggregate_load,24,45,xgboost,34411.97919687199
2014-08-28 11:00:00,ecl,aggregate_load,24,45,xgboost,39431.430195426285
2014-08-28 12:00:00,ecl,aggregate_load,24,45,xgboost,38223.5532084886
2014-08-28 13:00:00,ecl,aggregate_load,24,45,xgboost,51788.54812119404
2014-08-28 14:00:00,ecl,aggregate_load,24,45,xgboost,51947.405386494385
2014-08-28 15:00:00,ecl,aggregate_load,24,45,xgboost,46349.184653910284
2014-08-28 16:00:00,ecl,aggregate_load,24,45,xgboost,68728.89791366817
2014-08-28 17:00:00,ecl,aggregate_load,24,45,xgboost,70361.07624544339
2014-08-28 18:00:00,ecl,aggregate_load,24,45,xgboost,67059.14811560915
2014-08-28 19:00:00,ecl,aggregate_load,24,45,xgboost,55411.71140996303
2014-08-28 20:00:00,ecl,aggregate_load,24,45,xgboost,45115.89090336306
2014-08-28 21:00:00,ecl,aggregate_load,24,45,xgboost,46422.42243502388
2014-08-28 22:00:00,ecl,aggregate_load,24,45,xgboost,44513.60256878514
2014-08-28 23:00:00,ecl,aggregate_load,24,45,xgboost,48072.43940486701
2014-08-29 00:00:00,ecl,aggregate_load,24,45,xgboost,48691.28132798363
2014-08-29 01:00:00,ecl,aggregate_load,24,45,xgboost,45757.29950405543
2014-08-29 02:00:00,ecl,aggregate_load,24,45,xgboost,47105.853931461104
2014-08-29 03:00:00,ecl,aggregate_load,24,45,xgboost,48058.24805089892
2014-08-29 04:00:00,ecl,aggregate_load,24,45,xgboost,53690.539884253456
2014-08-29 05:00:00,ecl,aggregate_load,24,45,xgboost,45489.56836527878
2014-08-29 06:00:00,ecl,aggregate_load,24,45,xgboost,42380.74748506517
2014-08-29 07:00:00,ecl,aggregate_load,24,45,xgboost,48916.826656181074
2014-08-29 08:00:00,ecl,aggregate_load,24,45,xgboost,50131.30149329273
2014-08-29 09:00:00,ecl,aggregate_load,24,45,xgboost,43039.783533897986
2014-08-29 10:00:00,ecl,aggregate_load,24,45,xgboost,50057.79460993125
2014-08-29 11:00:00,ecl,aggregate_load,24,45,xgboost,35271.684839797534
2014-08-29 12:00:00,ecl,aggregate_load,24,45,xgboost,40586.83033954948
2014-08-29 13:00:00,ecl,aggregate_load,24,45,xgboost,32217.878136050338
2014-08-29 14:00:00,ecl,aggregate_load,24,45,xgboost,31899.679345455672
2014-08-29 15:00:00,ecl,aggregate_load,24,45,xgboost,33231.44846025878
2014-08-29 16:00:00,ecl,aggregate_load,24,45,xgboost,33782.91867504039
2014-08-29 17:00:00,ecl,aggregate_load,24,45,xgboost,33270.05999703862
2014-08-29 18:00:00,ecl,aggregate_load,24,45,xgboost,37688.12010714299
2014-08-29 19:00:00,ecl,aggregate_load,24,45,xgboost,44876.47154829992
2014-08-29 20:00:00,ecl,aggregate_load,24,45,xgboost,38558.355214913296
2014-08-29 21:00:00,ecl,aggregate_load,24,45,xgboost,25826.937955273344
2014-08-29 22:00:00,ecl,aggregate_load,24,45,xgboost,27954.296043040184
2014-08-29 23:00:00,ecl,aggregate_load,24,45,xgboost,23287.288728959335
2014-08-30 00:00:00,ecl,aggregate_load,24,45,xgboost,27911.160536581243
2014-08-30 01:00:00,ecl,aggregate_load,24,45,xgboost,29129.296759719044
2014-08-30 02:00:00,ecl,aggregate_load,24,45,xgboost,34929.53862939236
2014-08-30 03:00:00,ecl,aggregate_load,24,45,xgboost,34173.924014854565
2014-08-30 04:00:00,ecl,aggregate_load,24,45,xgboost,34153.21145150033
2014-08-30 05:00:00,ecl,aggregate_load,24,45,xgboost,35668.005834886724
2014-08-30 06:00:00,ecl,aggregate_load,24,45,xgboost,33666.426451521176
2014-08-30 07:00:00,ecl,aggregate_load,24,45,xgboost,33090.4861330061
2014-08-30 08:00:00,ecl,aggregate_load,24,45,xgboost,35571.409062865634
2014-08-30 09:00:00,ecl,aggregate_load,24,45,xgboost,37580.41515332937
2014-08-30 10:00:00,ecl,aggregate_load,24,45,xgboost,32033.263361653004
2014-08-30 11:00:00,ecl,aggregate_load,24,45,xgboost,36281.16707783227
2014-08-30 12:00:00,ecl,aggregate_load,24,45,xgboost,33148.65296581486
2014-08-30 13:00:00,ecl,aggregate_load,24,45,xgboost,30468.34148331
2014-08-30 14:00:00,ecl,aggregate_load,24,45,xgboost,30597.274427727676
2014-08-30 15:00:00,ecl,aggregate_load,24,45,xgboost,32555.881047219922
2014-08-30 16:00:00,ecl,aggregate_load,24,45,xgboost,31872.530467423465
2014-08-30 17:00:00,ecl,aggregate_load,24,45,xgboost,31141.962109090076
2014-08-30 18:00:00,ecl,aggregate_load,24,45,xgboost,26250.50332211409
2014-08-30 19:00:00,ecl,aggregate_load,24,45,xgboost,33749.25808808038
2014-08-30 20:00:00,ecl,aggregate_load,24,45,xgboost,38994.56782917978
2014-08-30 21:00:00,ecl,aggregate_load,24,45,xgboost,42320.38176587988
2014-08-30 22:00:00,ecl,aggregate_load,24,45,xgboost,28114.9284433482
2014-08-30 23:00:00,ecl,aggregate_load,24,45,xgboost,33786.27952082461
2014-08-31 00:00:00,ecl,aggregate_load,24,45,xgboost,29757.55617146655
2014-08-31 01:00:00,ecl,aggregate_load,24,45,xgboost,34268.09901585369
2014-08-31 02:00:00,ecl,aggregate_load,24,45,xgboost,28287.37357069684
2014-08-31 03:00:00,ecl,aggregate_load,24,45,xgboost,32526.131963282143
2014-08-31 04:00:00,ecl,aggregate_load,24,45,xgboost,31025.252266581494
2014-08-31 05:00:00,ecl,aggregate_load,24,45,xgboost,34113.344777549755
2014-08-31 06:00:00,ecl,aggregate_load,24,45,xgboost,28256.672629701465
2014-08-31 07:00:00,ecl,aggregate_load,24,45,xgboost,26370.197063513962
2014-08-31 08:00:00,ecl,aggregate_load,24,45,xgboost,32752.66077804256
2014-08-31 09:00:00,ecl,aggregate_load,24,45,xgboost,30606.388290326257
2014-08-31 10:00:00,ecl,aggregate_load,24,45,xgboost,20992.938122551393
2014-08-31 11:00:00,ecl,aggregate_load,24,45,xgboost,26884.526960645948
2014-08-31 12:00:00,ecl,aggregate_load,24,45,xgboost,29766.495941917892
2014-08-31 13:00:00,ecl,aggregate_load,24,45,xgboost,26184.448758240876
2014-08-31 14:00:00,ecl,aggregate_load,24,45,xgboost,42475.3462229974
2014-08-31 15:00:00,ecl,aggregate_load,24,45,xgboost,31750.81866842043
2014-08-31 16:00:00,ecl,aggregate_load,24,45,xgboost,40111.29590364455
2014-08-31 17:00:00,ecl,aggregate_load,24,45,xgboost,38943.613738631764
2014-08-31 18:00:00,ecl,aggregate_load,24,45,xgboost,46610.50949010538
2014-08-31 19:00:00,ecl,aggregate_load,24,45,xgboost,46532.851228473046
2014-08-31 20:00:00,ecl,aggregate_load,24,45,xgboost,41153.55328851632
2014-08-31 21:00:00,ecl,aggregate_load,24,45,xgboost,25628.01304876393
2014-08-31 22:00:00,ecl,aggregate_load,24,45,xgboost,47955.38687560873
2014-08-31 23:00:00,ecl,aggregate_load,24,45,xgboost,55073.49739885223
2014-09-01 00:00:00,ecl,aggregate_load,24,45,xgboost,68702.81907922869
2014-09-01 01:00:00,ecl,aggregate_load,24,45,xgboost,71313.16584739728
2014-09-01 02:00:00,ecl,aggregate_load,24,45,xgboost,73648.26435717197
2014-09-01 03:00:00,ecl,aggregate_load,24,45,xgboost,75074.12949379669
2014-09-01 04:00:00,ecl,aggregate_load,24,45,xgboost,71685.93602996292
2014-09-01 05:00:00,ecl,aggregate_load,24,45,xgboost,67377.52859044523
2014-09-01 06:00:00,ecl,aggregate_load,24,45,xgboost,74768.85791813118
2014-09-01 07:00:00,ecl,aggregate_load,24,45,xgboost,67038.14101309821
2014-09-01 08:00:00,ecl,aggregate_load,24,45,xgboost,77368.43449484138
2014-09-01 09:00:00,ecl,aggregate_load,24,45,xgboost,66623.73767294633
2014-09-01 10:00:00,ecl,aggregate_load,24,45,xgboost,62053.87742432632
2014-09-01 11:00:00,ecl,aggregate_load,24,45,xgboost,46093.17381920362
2014-09-01 12:00:00,ecl,aggregate_load,24,45,xgboost,28639.85220766178
2014-09-01 13:00:00,ecl,aggregate_load,24,45,xgboost,16913.321106710875
2014-09-01 14:00:00,ecl,aggregate_load,24,45,xgboost,32436.6259429186
2014-09-01 15:00:00,ecl,aggregate_load,24,45,xgboost,20581.408266702903
2014-09-01 16:00:00,ecl,aggregate_load,24,45,xgboost,24286.376491318533
2014-09-01 17:00:00,ecl,aggregate_load,24,45,xgboost,23980.44968984659
2014-09-01 18:00:00,ecl,aggregate_load,24,45,xgboost,20871.909268710162
2014-09-01 19:00:00,ecl,aggregate_load,24,45,xgboost,19404.466397670298
2014-09-01 20:00:00,ecl,aggregate_load,24,45,xgboost,20571.325684243617
2014-09-01 21:00:00,ecl,aggregate_load,24,45,xgboost,14864.888343322675
2014-09-01 22:00:00,ecl,aggregate_load,24,45,xgboost,27807.56654274365
2014-09-01 23:00:00,ecl,aggregate_load,24,45,xgboost,23915.004353436336
2014-09-02 00:00:00,ecl,aggregate_load,24,45,xgboost,24345.606941574923
2014-09-02 01:00:00,ecl,aggregate_load,24,45,xgboost,22679.34722082329
2014-09-02 02:00:00,ecl,aggregate_load,24,45,xgboost,23227.702029647433
2014-09-02 03:00:00,ecl,aggregate_load,24,45,xgboost,17344.138664268663
2014-09-02 04:00:00,ecl,aggregate_load,24,45,xgboost,20846.045199812866
2014-09-02 05:00:00,ecl,aggregate_load,24,45,xgboost,22858.790477142935
2014-09-02 06:00:00,ecl,aggregate_load,24,45,xgboost,26887.813223434398
2014-09-02 07:00:00,ecl,aggregate_load,24,45,xgboost,30906.933093720538
2014-09-02 08:00:00,ecl,aggregate_load,24,45,xgboost,30384.97705050619
2014-09-02 09:00:00,ecl,aggregate_load,24,45,xgboost,21226.14635399861
2014-09-02 10:00:00,ecl,aggregate_load,24,45,xgboost,21947.57707658589
2014-09-02 11:00:00,ecl,aggregate_load,24,45,xgboost,26626.55518901639
2014-09-02 12:00:00,ecl,aggregate_load,24,45,xgboost,27573.96496198034
2014-09-02 13:00:00,ecl,aggregate_load,24,45,xgboost,38950.07013775479
2014-09-02 14:00:00,ecl,aggregate_load,24,45,xgboost,28938.28000849968
2014-09-02 15:00:00,ecl,aggregate_load,24,45,xgboost,34409.31642252701
2014-09-02 16:00:00,ecl,aggregate_load,24,45,xgboost,28078.221108068345
2014-09-02 17:00:00,ecl,aggregate_load,24,45,xgboost,20519.716500170507
2014-09-02 18:00:00,ecl,aggregate_load,24,45,xgboost,22053.42956286378
2014-09-02 19:00:00,ecl,aggregate_load,24,45,xgboost,29031.906672453497
2014-09-02 20:00:00,ecl,aggregate_load,24,45,xgboost,32018.220262611314
2014-09-02 21:00:00,ecl,aggregate_load,24,45,xgboost,27239.72413229205
2014-09-02 22:00:00,ecl,aggregate_load,24,45,xgboost,29658.813096536167
2014-09-02 23:00:00,ecl,aggregate_load,24,45,xgboost,31982.303339262115
2014-09-03 00:00:00,ecl,aggregate_load,24,45,xgboost,23737.510428281308
2014-09-03 01:00:00,ecl,aggregate_load,24,45,xgboost,20689.879724243026
2014-09-03 02:00:00,ecl,aggregate_load,24,45,xgboost,24391.12036609156
2014-09-03 03:00:00,ecl,aggregate_load,24,45,xgboost,26410.79919203933
2014-09-03 04:00:00,ecl,aggregate_load,24,45,xgboost,30296.125179726125
2014-09-03 05:00:00,ecl,aggregate_load,24,45,xgboost,21802.3955117454
2014-09-03 06:00:00,ecl,aggregate_load,24,45,xgboost,24880.992399225684
2014-09-03 07:00:00,ecl,aggregate_load,24,45,xgboost,31458.17648480462
2014-09-03 08:00:00,ecl,aggregate_load,24,45,xgboost,28916.147569303314
2014-09-03 09:00:00,ecl,aggregate_load,24,45,xgboost,24380.26057836392
2014-09-03 10:00:00,ecl,aggregate_load,24,45,xgboost,29043.346079068622
2014-09-03 11:00:00,ecl,aggregate_load,24,45,xgboost,25785.05186746837
2014-09-03 12:00:00,ecl,aggregate_load,24,45,xgboost,26484.67730884824
2014-09-03 13:00:00,ecl,aggregate_load,24,45,xgboost,25284.515976057603
2014-09-03 14:00:00,ecl,aggregate_load,24,45,xgboost,31697.122361100424
2014-09-03 15:00:00,ecl,aggregate_load,24,45,xgboost,41929.416181851826
2014-09-03 16:00:00,ecl,aggregate_load,24,45,xgboost,32520.24484194007
2014-09-03 17:00:00,ecl,aggregate_load,24,45,xgboost,33365.22732349602
2014-09-03 18:00:00,ecl,aggregate_load,24,45,xgboost,20215.68090264078
2014-09-03 19:00:00,ecl,aggregate_load,24,45,xgboost,25068.019002302313
2014-09-03 20:00:00,ecl,aggregate_load,24,45,xgboost,32164.181106500542
2014-09-03 21:00:00,ecl,aggregate_load,24,45,xgboost,22933.32010897614
2014-09-03 22:00:00,ecl,aggregate_load,24,45,xgboost,28142.953134216146
2014-09-03 23:00:00,ecl,aggregate_load,24,45,xgboost,14200.79858697044
2014-09-04 00:00:00,ecl,aggregate_load,24,45,xgboost,15084.287403080909
2014-09-04 01:00:00,ecl,aggregate_load,24,45,xgboost,14910.201009737459
2014-09-04 02:00:00,ecl,aggregate_load,24,45,xgboost,20805.771844311486
2014-09-04 03:00:00,ecl,aggregate_load,24,45,xgboost,21764.365944622357
2014-09-04 04:00:00,ecl,aggregate_load,24,45,xgboost,22894.290093088654
2014-09-04 05:00:00,ecl,aggregate_load,24,45,xgboost,24141.05215877498
2014-09-04 06:00:00,ecl,aggregate_load,24,45,xgboost,22754.226628953544
2014-09-04 07:00:00,ecl,aggregate_load,24,45,xgboost,29255.022054423433
2014-09-04 08:00:00,ecl,aggregate_load,24,45,xgboost,27784.3151651879
2014-09-04 09:00:00,ecl,aggregate_load,24,45,xgboost,27641.99619851263
2014-09-04 10:00:00,ecl,aggregate_load,24,45,xgboost,30737.254671548526
2014-09-04 11:00:00,ecl,aggregate_load,24,45,xgboost,29868.68246168351
2014-09-04 12:00:00,ecl,aggregate_load,24,45,xgboost,35018.25631725814
2014-09-04 13:00:00,ecl,aggregate_load,24,45,xgboost,51235.76058945998
2014-09-04 14:00:00,ecl,aggregate_load,24,45,xgboost,42200.35889191527
2014-09-04 15:00:00,ecl,aggregate_load,24,45,xgboost,38984.605651426966
2014-09-04 16:00:00,ecl,aggregate_load,24,45,xgboost,29123.49691925357
2014-09-04 17:00:00,ecl,aggregate_load,24,45,xgboost,29177.56119215762
2014-09-04 18:00:00,ecl,aggregate_load,24,45,xgboost,24982.11149916188
2014-09-04 19:00:00,ecl,aggregate_load,24,45,xgboost,27751.813765968498
2014-09-04 20:00:00,ecl,aggregate_load,24,45,xgboost,23487.093588360043
2014-09-04 21:00:00,ecl,aggregate_load,24,45,xgboost,23613.075922507665
2014-09-04 22:00:00,ecl,aggregate_load,24,45,xgboost,26831.081042046728
2014-09-04 23:00:00,ecl,aggregate_load,24,45,xgboost,30489.834544779875
2014-09-05 00:00:00,ecl,aggregate_load,24,45,xgboost,29175.23838998322
2014-09-05 01:00:00,ecl,aggregate_load,24,45,xgboost,28874.946076569857
2014-09-05 02:00:00,ecl,aggregate_load,24,45,xgboost,20667.19093388218
2014-09-05 03:00:00,ecl,aggregate_load,24,45,xgboost,21274.98656102306
2014-09-05 04:00:00,ecl,aggregate_load,24,45,xgboost,20457.66625705519
2014-09-05 05:00:00,ecl,aggregate_load,24,45,xgboost,21400.205035487703
2014-09-05 06:00:00,ecl,aggregate_load,24,45,xgboost,19947.556841157733
2014-09-05 07:00:00,ecl,aggregate_load,24,45,xgboost,16497.037497981317
2014-09-05 08:00:00,ecl,aggregate_load,24,45,xgboost,16780.130251402585
2014-09-05 09:00:00,ecl,aggregate_load,24,45,xgboost,21620.237222866406
2014-09-05 10:00:00,ecl,aggregate_load,24,45,xgboost,22643.294374948193
2014-09-05 11:00:00,ecl,aggregate_load,24,45,xgboost,29647.60871006885
2014-09-05 12:00:00,ecl,aggregate_load,24,45,xgboost,29814.0999640025
2014-09-05 13:00:00,ecl,aggregate_load,24,45,xgboost,34854.783006085476
2014-09-05 14:00:00,ecl,aggregate_load,24,45,xgboost,45182.82357845014
2014-09-05 15:00:00,ecl,aggregate_load,24,45,xgboost,32842.243180586556
2014-09-05 16:00:00,ecl,aggregate_load,24,45,xgboost,27870.606246271043
2014-09-05 17:00:00,ecl,aggregate_load,24,45,xgboost,22187.093159083222
2014-09-05 18:00:00,ecl,aggregate_load,24,45,xgboost,27873.324776044
2014-09-05 19:00:00,ecl,aggregate_load,24,45,xgboost,26542.60781346051
2014-09-05 20:00:00,ecl,aggregate_load,24,45,xgboost,39499.58074047506
2014-09-05 21:00:00,ecl,aggregate_load,24,45,xgboost,25607.032031135666
2014-09-05 22:00:00,ecl,aggregate_load,24,45,xgboost,19405.944782328115
2014-09-05 23:00:00,ecl,aggregate_load,24,45,xgboost,30748.05202988831
2014-09-06 00:00:00,ecl,aggregate_load,24,45,xgboost,51618.36061910322
2014-09-06 01:00:00,ecl,aggregate_load,24,45,xgboost,53151.90641516807
2014-09-06 02:00:00,ecl,aggregate_load,24,45,xgboost,49415.69837155746
2014-09-06 03:00:00,ecl,aggregate_load,24,45,xgboost,52947.82500304198
2014-09-06 04:00:00,ecl,aggregate_load,24,45,xgboost,52390.020213455486
2014-09-06 05:00:00,ecl,aggregate_load,24,45,xgboost,46180.261272472715
2014-09-06 06:00:00,ecl,aggregate_load,24,45,xgboost,36915.97176021663
2014-09-06 07:00:00,ecl,aggregate_load,24,45,xgboost,37286.884382259705
2014-09-06 08:00:00,ecl,aggregate_load,24,45,xgboost,39720.42898943026
2014-09-06 09:00:00,ecl,aggregate_load,24,45,xgboost,38532.01675381562
2014-09-06 10:00:00,ecl,aggregate_load,24,45,xgboost,25565.661586004153
2014-09-06 11:00:00,ecl,aggregate_load,24,45,xgboost,14825.072379353247
2014-09-06 12:00:00,ecl,aggregate_load,24,45,xgboost,18225.83856861156
2014-09-06 13:00:00,ecl,aggregate_load,24,45,xgboost,26607.978356328455
2014-09-06 14:00:00,ecl,aggregate_load,24,45,xgboost,24239.642258786003
2014-09-06 15:00:00,ecl,aggregate_load,24,45,xgboost,19606.961678797263
2014-09-06 16:00:00,ecl,aggregate_load,24,45,xgboost,20737.862805410718
2014-09-06 17:00:00,ecl,aggregate_load,24,45,xgboost,20401.845468191113
2014-09-06 18:00:00,ecl,aggregate_load,24,45,xgboost,20547.362996741238
2014-09-06 19:00:00,ecl,aggregate_load,24,45,xgboost,18885.65123183515
2014-09-06 20:00:00,ecl,aggregate_load,24,45,xgboost,29422.354463737644
2014-09-06 21:00:00,ecl,aggregate_load,24,45,xgboost,23020.262001031817
2014-09-06 22:00:00,ecl,aggregate_load,24,45,xgboost,14982.427606032543
2014-09-06 23:00:00,ecl,aggregate_load,24,45,xgboost,15106.59920523393
2014-09-07 00:00:00,ecl,aggregate_load,24,45,xgboost,12520.30742278043
2014-09-07 01:00:00,ecl,aggregate_load,24,45,xgboost,11242.768911537569
2014-09-07 02:00:00,ecl,aggregate_load,24,45,xgboost,14185.472642284292
2014-09-07 03:00:00,ecl,aggregate_load,24,45,xgboost,16329.76917205343
2014-09-07 04:00:00,ecl,aggregate_load,24,45,xgboost,15907.79932074393
2014-09-07 05:00:00,ecl,aggregate_load,24,45,xgboost,18199.842650515733
2014-09-07 06:00:00,ecl,aggregate_load,24,45,xgboost,14682.975535893956
2014-09-07 07:00:00,ecl,aggregate_load,24,45,xgboost,13668.418329198475
2014-09-07 08:00:00,ecl,aggregate_load,24,45,xgboost,12843.236582441896
2014-09-07 09:00:00,ecl,aggregate_load,24,45,xgboost,17771.726030235663
2014-09-07 10:00:00,ecl,aggregate_load,24,45,xgboost,20471.262558123006
2014-09-07 11:00:00,ecl,aggregate_load,24,45,xgboost,16478.95637176678
2014-09-07 12:00:00,ecl,aggregate_load,24,45,xgboost,16315.489528386328
2014-09-07 13:00:00,ecl,aggregate_load,24,45,xgboost,12449.561208497102
2014-09-07 14:00:00,ecl,aggregate_load,24,45,xgboost,18236.452300475794
2014-09-07 15:00:00,ecl,aggregate_load,24,45,xgboost,21611.26722754593
2014-09-07 16:00:00,ecl,aggregate_load,24,45,xgboost,18360.28866329096
2014-09-07 17:00:00,ecl,aggregate_load,24,45,xgboost,22739.08911921584
2014-09-07 18:00:00,ecl,aggregate_load,24,45,xgboost,24282.221482513687
2014-09-07 19:00:00,ecl,aggregate_load,24,45,xgboost,20398.747080179997
2014-09-07 20:00:00,ecl,aggregate_load,24,45,xgboost,39989.58600149447
2014-09-07 21:00:00,ecl,aggregate_load,24,45,xgboost,32865.53726826116
2014-09-07 22:00:00,ecl,aggregate_load,24,45,xgboost,28441.165228174246
2014-09-07 23:00:00,ecl,aggregate_load,24,45,xgboost,23802.906439286668
2014-09-08 00:00:00,ecl,aggregate_load,24,45,xgboost,13998.858160036934
2014-09-08 01:00:00,ecl,aggregate_load,24,45,xgboost,17805.359160643875
2014-09-08 02:00:00,ecl,aggregate_load,24,45,xgboost,20316.941492447524
2014-09-08 03:00:00,ecl,aggregate_load,24,45,xgboost,19003.411234616284
2014-09-08 04:00:00,ecl,aggregate_load,24,45,xgboost,20045.015793444814
2014-09-08 05:00:00,ecl,aggregate_load,24,45,xgboost,16762.29333347811
2014-09-08 06:00:00,ecl,aggregate_load,24,45,xgboost,18280.840422578152
2014-09-08 07:00:00,ecl,aggregate_load,24,45,xgboost,18095.860484026096
2014-09-08 08:00:00,ecl,aggregate_load,24,45,xgboost,24235.3345824209
2014-09-08 09:00:00,ecl,aggregate_load,24,45,xgboost,28700.922029648023
2014-09-08 10:00:00,ecl,aggregate_load,24,45,xgboost,24758.728865879064
2014-09-08 11:00:00,ecl,aggregate_load,24,45,xgboost,24258.00661010448
2014-09-08 12:00:00,ecl,aggregate_load,24,45,xgboost,23380.895489777682
2014-09-08 13:00:00,ecl,aggregate_load,24,45,xgboost,30832.055133443544
2014-09-08 14:00:00,ecl,aggregate_load,24,45,xgboost,29153.861677812703
2014-09-08 15:00:00,ecl,aggregate_load,24,45,xgboost,23815.161708786327
2014-09-08 16:00:00,ecl,aggregate_load,24,45,xgboost,22572.862510385108
2014-09-08 17:00:00,ecl,aggregate_load,24,45,xgboost,22247.645830789694
2014-09-08 18:00:00,ecl,aggregate_load,24,45,xgboost,19907.64476775915
2014-09-08 19:00:00,ecl,aggregate_load,24,45,xgboost,17064.322589634965
2014-09-08 20:00:00,ecl,aggregate_load,24,45,xgboost,22416.335446525987
2014-09-08 21:00:00,ecl,aggregate_load,24,45,xgboost,21949.06951048192
2014-09-08 22:00:00,ecl,aggregate_load,24,45,xgboost,27130.8182157851
2014-09-08 23:00:00,ecl,aggregate_load,24,45,xgboost,22178.25236410475
2014-09-09 00:00:00,ecl,aggregate_load,24,45,xgboost,19401.53790412421
2014-09-09 01:00:00,ecl,aggregate_load,24,45,xgboost,18894.42363330961
2014-09-09 02:00:00,ecl,aggregate_load,24,45,xgboost,19571.276958824874
2014-09-09 03:00:00,ecl,aggregate_load,24,45,xgboost,18891.13767627694
2014-09-09 04:00:00,ecl,aggregate_load,24,45,xgboost,20165.43067100963
2014-09-09 05:00:00,ecl,aggregate_load,24,45,xgboost,18854.459355570183
2014-09-09 06:00:00,ecl,aggregate_load,24,45,xgboost,21068.084415472036
2014-09-09 07:00:00,ecl,aggregate_load,24,45,xgboost,19340.213287736387
2014-09-09 08:00:00,ecl,aggregate_load,24,45,xgboost,17439.55632866797
2014-09-09 09:00:00,ecl,aggregate_load,24,45,xgboost,19814.208217394313
2014-09-09 10:00:00,ecl,aggregate_load,24,45,xgboost,19508.08113175548
2014-09-09 11:00:00,ecl,aggregate_load,24,45,xgboost,22898.647709373967
2014-09-09 12:00:00,ecl,aggregate_load,24,45,xgboost,16383.66859093125
2014-09-09 13:00:00,ecl,aggregate_load,24,45,xgboost,23108.515308323316
2014-09-09 14:00:00,ecl,aggregate_load,24,45,xgboost,27585.66385936153
2014-09-09 15:00:00,ecl,aggregate_load,24,45,xgboost,22435.152256762638
2014-09-09 16:00:00,ecl,aggregate_load,24,45,xgboost,19683.33716628887
2014-09-09 17:00:00,ecl,aggregate_load,24,45,xgboost,20163.25090998172
2014-09-09 18:00:00,ecl,aggregate_load,24,45,xgboost,23308.496249158048
2014-09-09 19:00:00,ecl,aggregate_load,24,45,xgboost,24784.778678656756
2014-09-09 20:00:00,ecl,aggregate_load,24,45,xgboost,22303.35759563233
2014-09-09 21:00:00,ecl,aggregate_load,24,45,xgboost,22113.682945592573
2014-09-09 22:00:00,ecl,aggregate_load,24,45,xgboost,26700.624973942653
2014-09-09 23:00:00,ecl,aggregate_load,24,45,xgboost,20481.10278300465
2014-09-10 00:00:00,ecl,aggregate_load,24,45,xgboost,18843.686856588854
2014-09-10 01:00:00,ecl,aggregate_load,24,45,xgboost,27420.87775841403
2014-09-10 02:00:00,ecl,aggregate_load,24,45,xgboost,22234.1651550359
2014-09-10 03:00:00,ecl,aggregate_load,24,45,xgboost,20952.723515758193
2014-09-10 04:00:00,ecl,aggregate_load,24,45,xgboost,18990.04615486268
2014-09-10 05:00:00,ecl,aggregate_load,24,45,xgboost,21236.062594974705
2014-09-10 06:00:00,ecl,aggregate_load,24,45,xgboost,25637.763684319925
2014-09-10 07:00:00,ecl,aggregate_load,24,45,xgboost,22597.253566514933
2014-09-10 08:00:00,ecl,aggregate_load,24,45,xgboost,20985.125668981822
2014-09-10 09:00:00,ecl,aggregate_load,24,45,xgboost,22093.194203958265
2014-09-10 10:00:00,ecl,aggregate_load,24,45,xgboost,28268.876793985128
2014-09-10 11:00:00,ecl,aggregate_load,24,45,xgboost,23756.613597703446
2014-09-10 12:00:00,ecl,aggregate_load,24,45,xgboost,31632.904888724526
2014-09-10 13:00:00,ecl,aggregate_load,24,45,xgboost,25267.933437727566
2014-09-10 14:00:00,ecl,aggregate_load,24,45,xgboost,24956.568345020267
2014-09-10 15:00:00,ecl,aggregate_load,24,45,xgboost,34626.58920908705
2014-09-10 16:00:00,ecl,aggregate_load,24,45,xgboost,32374.40522004182
2014-09-10 17:00:00,ecl,aggregate_load,24,45,xgboost,47054.11584471615
2014-09-10 18:00:00,ecl,aggregate_load,24,45,xgboost,19114.57631809155
2014-09-10 19:00:00,ecl,aggregate_load,24,45,xgboost,23598.249283344398
2014-09-10 20:00:00,ecl,aggregate_load,24,45,xgboost,26769.053700733555
2014-09-10 21:00:00,ecl,aggregate_load,24,45,xgboost,28940.801978287695
2014-09-10 22:00:00,ecl,aggregate_load,24,45,xgboost,23837.12810782416
2014-09-10 23:00:00,ecl,aggregate_load,24,45,xgboost,29237.836267942388
2014-09-11 00:00:00,ecl,aggregate_load,24,45,xgboost,21960.500033460525
2014-09-11 01:00:00,ecl,aggregate_load,24,45,xgboost,30795.6032540767
2014-09-11 02:00:00,ecl,aggregate_load,24,45,xgboost,28733.8189219472
2014-09-11 03:00:00,ecl,aggregate_load,24,45,xgboost,30003.217353818138
2014-09-11 04:00:00,ecl,aggregate_load,24,45,xgboost,25076.360066513924
2014-09-11 05:00:00,ecl,aggregate_load,24,45,xgboost,28751.211131147156
2014-09-11 06:00:00,ecl,aggregate_load,24,45,xgboost,29683.963866499118
2014-09-11 07:00:00,ecl,aggregate_load,24,45,xgboost,27854.12189820081
2014-09-11 08:00:00,ecl,aggregate_load,24,45,xgboost,25835.24397098737
2014-09-11 09:00:00,ecl,aggregate_load,24,45,xgboost,31005.730348420224
2014-09-11 10:00:00,ecl,aggregate_load,24,45,xgboost,35728.21219625776
2014-09-11 11:00:00,ecl,aggregate_load,24,45,xgboost,26339.1271976237
2014-09-11 12:00:00,ecl,aggregate_load,24,45,xgboost,24789.742770452693
2014-09-11 13:00:00,ecl,aggregate_load,24,45,xgboost,33904.9572539776
2014-09-11 14:00:00,ecl,aggregate_load,24,45,xgboost,27086.65787522789
2014-09-11 15:00:00,ecl,aggregate_load,24,45,xgboost,19348.510658321644
2014-09-11 16:00:00,ecl,aggregate_load,24,45,xgboost,25262.01350555934
2014-09-11 17:00:00,ecl,aggregate_load,24,45,xgboost,21626.982947825705
2014-09-11 18:00:00,ecl,aggregate_load,24,45,xgboost,26280.447995340965
2014-09-11 19:00:00,ecl,aggregate_load,24,45,xgboost,22298.985739128595
2014-09-11 20:00:00,ecl,aggregate_load,24,45,xgboost,24756.245985527687
2014-09-11 21:00:00,ecl,aggregate_load,24,45,xgboost,25097.67481578789
2014-09-11 22:00:00,ecl,aggregate_load,24,45,xgboost,26974.99908568778
2014-09-11 23:00:00,ecl,aggregate_load,24,45,xgboost,17722.403714632736
2014-09-12 00:00:00,ecl,aggregate_load,24,45,xgboost,18499.245048114437
2014-09-12 01:00:00,ecl,aggregate_load,24,45,xgboost,22743.36205778686
2014-09-12 02:00:00,ecl,aggregate_load,24,45,xgboost,19425.39061209274
2014-09-12 03:00:00,ecl,aggregate_load,24,45,xgboost,21404.613870687714
2014-09-12 04:00:00,ecl,aggregate_load,24,45,xgboost,18185.476681750602
2014-09-12 05:00:00,ecl,aggregate_load,24,45,xgboost,18210.399272104067
2014-09-12 06:00:00,ecl,aggregate_load,24,45,xgboost,16371.461130507201
2014-09-12 07:00:00,ecl,aggregate_load,24,45,xgboost,19628.363355433514
2014-09-12 08:00:00,ecl,aggregate_load,24,45,xgboost,17892.75894571655
2014-09-12 09:00:00,ecl,aggregate_load,24,45,xgboost,15537.143229287372
2014-09-12 10:00:00,ecl,aggregate_load,24,45,xgboost,17573.996412901648
2014-09-12 11:00:00,ecl,aggregate_load,24,45,xgboost,22751.29770263593
2014-09-12 12:00:00,ecl,aggregate_load,24,45,xgboost,20985.25978762941
2014-09-12 13:00:00,ecl,aggregate_load,24,45,xgboost,21048.55993728337
2014-09-12 14:00:00,ecl,aggregate_load,24,45,xgboost,13129.59464655289
2014-09-12 15:00:00,ecl,aggregate_load,24,45,xgboost,13217.977256028178
2014-09-12 16:00:00,ecl,aggregate_load,24,45,xgboost,13455.157787012022
2014-09-12 17:00:00,ecl,aggregate_load,24,45,xgboost,13866.897553689356
2014-09-12 18:00:00,ecl,aggregate_load,24,45,xgboost,13818.950257754916
2014-09-12 19:00:00,ecl,aggregate_load,24,45,xgboost,13732.952597267415
2014-09-12 20:00:00,ecl,aggregate_load,24,45,xgboost,23671.29373449627
2014-09-12 21:00:00,ecl,aggregate_load,24,45,xgboost,22297.211579343977
2014-09-12 22:00:00,ecl,aggregate_load,24,45,xgboost,20611.289577618612
2014-09-12 23:00:00,ecl,aggregate_load,24,45,xgboost,18420.818423876713
2014-09-13 00:00:00,ecl,aggregate_load,24,45,xgboost,19542.83799951652
2014-09-13 01:00:00,ecl,aggregate_load,24,45,xgboost,16190.095673125581
2014-09-13 02:00:00,ecl,aggregate_load,24,45,xgboost,14371.50046730352
2014-09-13 03:00:00,ecl,aggregate_load,24,45,xgboost,16747.989447262673
2014-09-13 04:00:00,ecl,aggregate_load,24,45,xgboost,20856.805863615762
2014-09-13 05:00:00,ecl,aggregate_load,24,45,xgboost,17362.27674586263
2014-09-13 06:00:00,ecl,aggregate_load,24,45,xgboost,16494.56704642028
2014-09-13 07:00:00,ecl,aggregate_load,24,45,xgboost,17588.969979224144
2014-09-13 08:00:00,ecl,aggregate_load,24,45,xgboost,16150.393283749974
2014-09-13 09:00:00,ecl,aggregate_load,24,45,xgboost,16553.50854516896
2014-09-13 10:00:00,ecl,aggregate_load,24,45,xgboost,17063.294785773865
2014-09-13 11:00:00,ecl,aggregate_load,24,45,xgboost,19002.465759175397
2014-09-13 12:00:00,ecl,aggregate_load,24,45,xgboost,23637.972601850895
2014-09-13 13:00:00,ecl,aggregate_load,24,45,xgboost,16540.069260924407
2014-09-13 14:00:00,ecl,aggregate_load,24,45,xgboost,22135.025447889017
2014-09-13 15:00:00,ecl,aggregate_load,24,45,xgboost,16037.426206239163
2014-09-13 16:00:00,ecl,aggregate_load,24,45,xgboost,15842.698010796657
2014-09-13 17:00:00,ecl,aggregate_load,24,45,xgboost,16055.88612980098
2014-09-13 18:00:00,ecl,aggregate_load,24,45,xgboost,16658.498341665316
2014-09-13 19:00:00,ecl,aggregate_load,24,45,xgboost,16736.462388701246
2014-09-13 20:00:00,ecl,aggregate_load,24,45,xgboost,24025.182057017315
2014-09-13 21:00:00,ecl,aggregate_load,24,45,xgboost,19384.377933187352
2014-09-13 22:00:00,ecl,aggregate_load,24,45,xgboost,19400.858377600696
2014-09-13 23:00:00,ecl,aggregate_load,24,45,xgboost,15120.167670121651
2014-09-14 00:00:00,ecl,aggregate_load,24,45,xgboost,15837.838477345469
2014-09-14 01:00:00,ecl,aggregate_load,24,45,xgboost,22672.520430580556
2014-09-14 02:00:00,ecl,aggregate_load,24,45,xgboost,17550.926801153626
2014-09-14 03:00:00,ecl,aggregate_load,24,45,xgboost,19243.510569315873
2014-09-14 04:00:00,ecl,aggregate_load,24,45,xgboost,14834.134128821797
2014-09-14 05:00:00,ecl,aggregate_load,24,45,xgboost,16780.696462565273
2014-09-14 06:00:00,ecl,aggregate_load,24,45,xgboost,11086.255519893943
2014-09-14 07:00:00,ecl,aggregate_load,24,45,xgboost,16806.094917851013
2014-09-14 08:00:00,ecl,aggregate_load,24,45,xgboost,15997.27361870141
2014-09-14 09:00:00,ecl,aggregate_load,24,45,xgboost,13710.918168179762
2014-09-14 10:00:00,ecl,aggregate_load,24,45,xgboost,14404.413977169903
2014-09-14 11:00:00,ecl,aggregate_load,24,45,xgboost,26416.971535790643
2014-09-14 12:00:00,ecl,aggregate_load,24,45,xgboost,16815.040548040924
2014-09-14 13:00:00,ecl,aggregate_load,24,45,xgboost,22377.073077857476
2014-09-14 14:00:00,ecl,aggregate_load,24,45,xgboost,21971.331267763515
2014-09-14 15:00:00,ecl,aggregate_load,24,45,xgboost,27047.309750971395
2014-09-14 16:00:00,ecl,aggregate_load,24,45,xgboost,22951.997706796974
2014-09-14 17:00:00,ecl,aggregate_load,24,45,xgboost,23994.52381580546
2014-09-14 18:00:00,ecl,aggregate_load,24,45,xgboost,23153.31348544634
2014-09-14 19:00:00,ecl,aggregate_load,24,45,xgboost,26316.391401080025
2014-09-14 20:00:00,ecl,aggregate_load,24,45,xgboost,33484.530896309836
2014-09-14 21:00:00,ecl,aggregate_load,24,45,xgboost,30448.318042870014
2014-09-14 22:00:00,ecl,aggregate_load,24,45,xgboost,39350.44270737367
2014-09-14 23:00:00,ecl,aggregate_load,24,45,xgboost,39272.19067169881
2014-09-15 00:00:00,ecl,aggregate_load,24,45,xgboost,34332.51332675313
2014-09-15 01:00:00,ecl,aggregate_load,24,45,xgboost,35569.2042946808
2014-09-15 02:00:00,ecl,aggregate_load,24,45,xgboost,40753.34276802424
2014-09-15 03:00:00,ecl,aggregate_load,24,45,xgboost,33612.60734751357
2014-09-15 04:00:00,ecl,aggregate_load,24,45,xgboost,21071.18041043622
2014-09-15 05:00:00,ecl,aggregate_load,24,45,xgboost,24758.21582380364
2014-09-15 06:00:00,ecl,aggregate_load,24,45,xgboost,19822.354182397063
2014-09-15 07:00:00,ecl,aggregate_load,24,45,xgboost,17413.814046099982
2014-09-15 08:00:00,ecl,aggregate_load,24,45,xgboost,23979.67904218924
2014-09-15 09:00:00,ecl,aggregate_load,24,45,xgboost,22910.86456683025
2014-09-15 10:00:00,ecl,aggregate_load,24,45,xgboost,21038.941433897675
2014-09-15 11:00:00,ecl,aggregate_load,24,45,xgboost,19274.359175974318
2014-09-15 12:00:00,ecl,aggregate_load,24,45,xgboost,21181.444222427628
2014-09-15 13:00:00,ecl,aggregate_load,24,45,xgboost,37253.29138765523
2014-09-15 14:00:00,ecl,aggregate_load,24,45,xgboost,28132.351553623925
2014-09-15 15:00:00,ecl,aggregate_load,24,45,xgboost,27182.56114378681
2014-09-15 16:00:00,ecl,aggregate_load,24,45,xgboost,23837.450786377016
2014-09-15 17:00:00,ecl,aggregate_load,24,45,xgboost,46656.595980875754
2014-09-15 18:00:00,ecl,aggregate_load,24,45,xgboost,26633.234799961876
2014-09-15 19:00:00,ecl,aggregate_load,24,45,xgboost,29705.224614857154
2014-09-15 20:00:00,ecl,aggregate_load,24,45,xgboost,22304.451617799194
2014-09-15 21:00:00,ecl,aggregate_load,24,45,xgboost,25865.5604747093
2014-09-15 22:00:00,ecl,aggregate_load,24,45,xgboost,29404.018754968154
2014-09-15 23:00:00,ecl,aggregate_load,24,45,xgboost,27771.81707358816
2014-09-16 00:00:00,ecl,aggregate_load,24,45,xgboost,20380.547267525973
2014-09-16 01:00:00,ecl,aggregate_load,24,45,xgboost,25382.29328994588
2014-09-16 02:00:00,ecl,aggregate_load,24,45,xgboost,25164.32295574631
2014-09-16 03:00:00,ecl,aggregate_load,24,45,xgboost,24562.287109362213
2014-09-16 04:00:00,ecl,aggregate_load,24,45,xgboost,23138.386603043688
2014-09-16 05:00:00,ecl,aggregate_load,24,45,xgboost,20921.31872535057
2014-09-16 06:00:00,ecl,aggregate_load,24,45,xgboost,21238.831984899258
2014-09-16 07:00:00,ecl,aggregate_load,24,45,xgboost,25894.460653920174
2014-09-16 08:00:00,ecl,aggregate_load,24,45,xgboost,26224.838843281217
2014-09-16 09:00:00,ecl,aggregate_load,24,45,xgboost,25280.43217062138
2014-09-16 10:00:00,ecl,aggregate_load,24,45,xgboost,29295.193041523464
2014-09-16 11:00:00,ecl,aggregate_load,24,45,xgboost,25567.014727916165
2014-09-16 12:00:00,ecl,aggregate_load,24,45,xgboost,22811.21390335778
2014-09-16 13:00:00,ecl,aggregate_load,24,45,xgboost,37471.3865530673
2014-09-16 14:00:00,ecl,aggregate_load,24,45,xgboost,28934.133679073155
2014-09-16 15:00:00,ecl,aggregate_load,24,45,xgboost,20433.49953096625
2014-09-16 16:00:00,ecl,aggregate_load,24,45,xgboost,22829.641981683457
2014-09-16 17:00:00,ecl,aggregate_load,24,45,xgboost,21468.325795612396
2014-09-16 18:00:00,ecl,aggregate_load,24,45,xgboost,25692.263635580337
2014-09-16 19:00:00,ecl,aggregate_load,24,45,xgboost,19553.502354725984
2014-09-16 20:00:00,ecl,aggregate_load,24,45,xgboost,27946.587613251864
2014-09-16 21:00:00,ecl,aggregate_load,24,45,xgboost,28364.0067379199
2014-09-16 22:00:00,ecl,aggregate_load,24,45,xgboost,33293.67366734013
2014-09-16 23:00:00,ecl,aggregate_load,24,45,xgboost,25196.06004379445
2014-09-17 00:00:00,ecl,aggregate_load,24,45,xgboost,25872.25098321062
2014-09-17 01:00:00,ecl,aggregate_load,24,45,xgboost,30657.1424181738
2014-09-17 02:00:00,ecl,aggregate_load,24,45,xgboost,37252.216646994966
2014-09-17 03:00:00,ecl,aggregate_load,24,45,xgboost,38413.24961733738
2014-09-17 04:00:00,ecl,aggregate_load,24,45,xgboost,34150.076017071835
2014-09-17 05:00:00,ecl,aggregate_load,24,45,xgboost,30829.846383000346
2014-09-17 06:00:00,ecl,aggregate_load,24,45,xgboost,28806.53401778308
2014-09-17 07:00:00,ecl,aggregate_load,24,45,xgboost,29556.066004188277
2014-09-17 08:00:00,ecl,aggregate_load,24,45,xgboost,29102.39947405206
2014-09-17 09:00:00,ecl,aggregate_load,24,45,xgboost,28111.473464219172
2014-09-17 10:00:00,ecl,aggregate_load,24,45,xgboost,30718.071929544825
2014-09-17 11:00:00,ecl,aggregate_load,24,45,xgboost,28495.188124328462
2014-09-17 12:00:00,ecl,aggregate_load,24,45,xgboost,35785.74085882726
2014-09-17 13:00:00,ecl,aggregate_load,24,45,xgboost,36200.444589217164
2014-09-17 14:00:00,ecl,aggregate_load,24,45,xgboost,36470.35944061247
2014-09-17 15:00:00,ecl,aggregate_load,24,45,xgboost,30099.583544863126
2014-09-17 16:00:00,ecl,aggregate_load,24,45,xgboost,28884.263490484485
2014-09-17 17:00:00,ecl,aggregate_load,24,45,xgboost,36432.37238566509
2014-09-17 18:00:00,ecl,aggregate_load,24,45,xgboost,39998.79199498666
2014-09-17 19:00:00,ecl,aggregate_load,24,45,xgboost,37637.80313139526
2014-09-17 20:00:00,ecl,aggregate_load,24,45,xgboost,28794.094680835755
2014-09-17 21:00:00,ecl,aggregate_load,24,45,xgboost,31707.12166156613
2014-09-17 22:00:00,ecl,aggregate_load,24,45,xgboost,43594.28619061146
2014-09-17 23:00:00,ecl,aggregate_load,24,45,xgboost,29980.40229570156
2014-09-18 00:00:00,ecl,aggregate_load,24,45,xgboost,37181.27542628833
2014-09-18 01:00:00,ecl,aggregate_load,24,45,xgboost,43975.557247299665
2014-09-18 02:00:00,ecl,aggregate_load,24,45,xgboost,46802.32010548888
2014-09-18 03:00:00,ecl,aggregate_load,24,45,xgboost,55525.160408754164
2014-09-18 04:00:00,ecl,aggregate_load,24,45,xgboost,60596.9787299112
2014-09-18 05:00:00,ecl,aggregate_load,24,45,xgboost,54134.3431702464
2014-09-18 06:00:00,ecl,aggregate_load,24,45,xgboost,56052.586593855485
2014-09-18 07:00:00,ecl,aggregate_load,24,45,xgboost,60089.8792024467
2014-09-18 08:00:00,ecl,aggregate_load,24,45,xgboost,54347.53029908069
2014-09-18 09:00:00,ecl,aggregate_load,24,45,xgboost,42288.34441795288
2014-09-18 10:00:00,ecl,aggregate_load,24,45,xgboost,50356.586951101206
2014-09-18 11:00:00,ecl,aggregate_load,24,45,xgboost,49249.75498381886
2014-09-18 12:00:00,ecl,aggregate_load,24,45,xgboost,43952.39983643822
2014-09-18 13:00:00,ecl,aggregate_load,24,45,xgboost,46531.47685119665
2014-09-18 14:00:00,ecl,aggregate_load,24,45,xgboost,33919.1620991013
2014-09-18 15:00:00,ecl,aggregate_load,24,45,xgboost,38691.09808320701
2014-09-18 16:00:00,ecl,aggregate_load,24,45,xgboost,32127.07361109159
2014-09-18 17:00:00,ecl,aggregate_load,24,45,xgboost,34627.24373662256
2014-09-18 18:00:00,ecl,aggregate_load,24,45,xgboost,34334.52330912192
2014-09-18 19:00:00,ecl,aggregate_load,24,45,xgboost,34476.905387394916
2014-09-18 20:00:00,ecl,aggregate_load,24,45,xgboost,37408.34675371419
2014-09-18 21:00:00,ecl,aggregate_load,24,45,xgboost,46602.44966755012
2014-09-18 22:00:00,ecl,aggregate_load,24,45,xgboost,27777.532831082546
2014-09-18 23:00:00,ecl,aggregate_load,24,45,xgboost,39644.93772272608
2014-09-19 00:00:00,ecl,aggregate_load,24,45,xgboost,37309.61439091502
2014-09-19 01:00:00,ecl,aggregate_load,24,45,xgboost,39774.971948797465
2014-09-19 02:00:00,ecl,aggregate_load,24,45,xgboost,40785.781504658116
2014-09-19 03:00:00,ecl,aggregate_load,24,45,xgboost,36248.86455159753
2014-09-19 04:00:00,ecl,aggregate_load,24,45,xgboost,39132.65495796887
2014-09-19 05:00:00,ecl,aggregate_load,24,45,xgboost,39489.039763645305
2014-09-19 06:00:00,ecl,aggregate_load,24,45,xgboost,38191.4144764293
2014-09-19 07:00:00,ecl,aggregate_load,24,45,xgboost,36338.55225857466
2014-09-19 08:00:00,ecl,aggregate_load,24,45,xgboost,37050.855847189465
2014-09-19 09:00:00,ecl,aggregate_load,24,45,xgboost,39558.985369228394
2014-09-19 10:00:00,ecl,aggregate_load,24,45,xgboost,33496.991990481736
2014-09-19 11:00:00,ecl,aggregate_load,24,45,xgboost,21577.157084880615
2014-09-19 12:00:00,ecl,aggregate_load,24,45,xgboost,24688.157845293346
2014-09-19 13:00:00,ecl,aggregate_load,24,45,xgboost,27263.012104791374
2014-09-19 14:00:00,ecl,aggregate_load,24,45,xgboost,29065.45735213692
2014-09-19 15:00:00,ecl,aggregate_load,24,45,xgboost,29038.155911377788
2014-09-19 16:00:00,ecl,aggregate_load,24,45,xgboost,29684.65649460208
2014-09-19 17:00:00,ecl,aggregate_load,24,45,xgboost,30475.636072022204
2014-09-19 18:00:00,ecl,aggregate_load,24,45,xgboost,30152.920136232122
2014-09-19 19:00:00,ecl,aggregate_load,24,45,xgboost,28381.21430671871
2014-09-19 20:00:00,ecl,aggregate_load,24,45,xgboost,33382.32610612554
2014-09-19 21:00:00,ecl,aggregate_load,24,45,xgboost,33425.55706224338
2014-09-19 22:00:00,ecl,aggregate_load,24,45,xgboost,28416.42772235104
2014-09-19 23:00:00,ecl,aggregate_load,24,45,xgboost,27045.64471590782
2014-09-20 00:00:00,ecl,aggregate_load,24,45,xgboost,21120.37866730079
2014-09-20 01:00:00,ecl,aggregate_load,24,45,xgboost,30255.853820901626
2014-09-20 02:00:00,ecl,aggregate_load,24,45,xgboost,29235.849878085628
2014-09-20 03:00:00,ecl,aggregate_load,24,45,xgboost,29659.713125077218
2014-09-20 04:00:00,ecl,aggregate_load,24,45,xgboost,30733.232986470994
2014-09-20 05:00:00,ecl,aggregate_load,24,45,xgboost,28039.027209219214
2014-09-20 06:00:00,ecl,aggregate_load,24,45,xgboost,25864.395193218228
2014-09-20 07:00:00,ecl,aggregate_load,24,45,xgboost,27676.299454665208
2014-09-20 08:00:00,ecl,aggregate_load,24,45,xgboost,26022.398666509613
2014-09-20 09:00:00,ecl,aggregate_load,24,45,xgboost,22851.093489226503
2014-09-20 10:00:00,ecl,aggregate_load,24,45,xgboost,20305.154682880126
2014-09-20 11:00:00,ecl,aggregate_load,24,45,xgboost,18014.467973505514
2014-09-20 12:00:00,ecl,aggregate_load,24,45,xgboost,23537.556316990525
2014-09-20 13:00:00,ecl,aggregate_load,24,45,xgboost,25667.696227142256
2014-09-20 14:00:00,ecl,aggregate_load,24,45,xgboost,20276.58084173135
2014-09-20 15:00:00,ecl,aggregate_load,24,45,xgboost,16914.20300666465
2014-09-20 16:00:00,ecl,aggregate_load,24,45,xgboost,19899.715527061737
2014-09-20 17:00:00,ecl,aggregate_load,24,45,xgboost,23233.339396234824
2014-09-20 18:00:00,ecl,aggregate_load,24,45,xgboost,18238.755439715995
2014-09-20 19:00:00,ecl,aggregate_load,24,45,xgboost,20401.12334284062
2014-09-20 20:00:00,ecl,aggregate_load,24,45,xgboost,21538.66772765797
2014-09-20 21:00:00,ecl,aggregate_load,24,45,xgboost,23179.350990095623
2014-09-20 22:00:00,ecl,aggregate_load,24,45,xgboost,18070.969030526907
2014-09-20 23:00:00,ecl,aggregate_load,24,45,xgboost,18492.550634460687
2014-09-21 00:00:00,ecl,aggregate_load,24,45,xgboost,17354.554153488385
2014-09-21 01:00:00,ecl,aggregate_load,24,45,xgboost,22022.085816020346
2014-09-21 02:00:00,ecl,aggregate_load,24,45,xgboost,19642.984323763256
2014-09-21 03:00:00,ecl,aggregate_load,24,45,xgboost,18379.770567993037
2014-09-21 04:00:00,ecl,aggregate_load,24,45,xgboost,25118.99794088528
2014-09-21 05:00:00,ecl,aggregate_load,24,45,xgboost,23175.369928334283
2014-09-21 06:00:00,ecl,aggregate_load,24,45,xgboost,21834.562309087418
2014-09-21 07:00:00,ecl,aggregate_load,24,45,xgboost,20894.40920754384
2014-09-21 08:00:00,ecl,aggregate_load,24,45,xgboost,20548.752388512334
2014-09-21 09:00:00,ecl,aggregate_load,24,45,xgboost,19644.432066887835
2014-09-21 10:00:00,ecl,aggregate_load,24,45,xgboost,21067.097953646982
2014-09-21 11:00:00,ecl,aggregate_load,24,45,xgboost,18283.042277508437
2014-09-21 12:00:00,ecl,aggregate_load,24,45,xgboost,20656.632122768915
2014-09-21 13:00:00,ecl,aggregate_load,24,45,xgboost,23011.63827542625
2014-09-21 14:00:00,ecl,aggregate_load,24,45,xgboost,28461.36874924444
2014-09-21 15:00:00,ecl,aggregate_load,24,45,xgboost,25450.395020473316
2014-09-21 16:00:00,ecl,aggregate_load,24,45,xgboost,23749.30793047547
2014-09-21 17:00:00,ecl,aggregate_load,24,45,xgboost,24888.17099944121
2014-09-21 18:00:00,ecl,aggregate_load,24,45,xgboost,27169.235326503356
2014-09-21 19:00:00,ecl,aggregate_load,24,45,xgboost,25035.667641879943
2014-09-21 20:00:00,ecl,aggregate_load,24,45,xgboost,32028.719418217515
2014-09-21 21:00:00,ecl,aggregate_load,24,45,xgboost,36289.48603926827
2014-09-21 22:00:00,ecl,aggregate_load,24,45,xgboost,34817.784991431145
2014-09-21 23:00:00,ecl,aggregate_load,24,45,xgboost,31205.752876141854
2014-09-22 00:00:00,ecl,aggregate_load,24,45,xgboost,35247.71881026326
2014-09-22 01:00:00,ecl,aggregate_load,24,45,xgboost,41176.35634885604
2014-09-22 02:00:00,ecl,aggregate_load,24,45,xgboost,48317.96242818327
2014-09-22 03:00:00,ecl,aggregate_load,24,45,xgboost,49504.00490788149
2014-09-22 04:00:00,ecl,aggregate_load,24,45,xgboost,55187.83726880664
2014-09-22 05:00:00,ecl,aggregate_load,24,45,xgboost,48271.7428847537
2014-09-22 06:00:00,ecl,aggregate_load,24,45,xgboost,53871.51124321777
2014-09-22 07:00:00,ecl,aggregate_load,24,45,xgboost,55922.63595064444
2014-09-22 08:00:00,ecl,aggregate_load,24,45,xgboost,53655.77878748699
2014-09-22 09:00:00,ecl,aggregate_load,24,45,xgboost,53236.69790869066
2014-09-22 10:00:00,ecl,aggregate_load,24,45,xgboost,48927.13310122773
2014-09-22 11:00:00,ecl,aggregate_load,24,45,xgboost,54438.479563241046
2014-09-22 12:00:00,ecl,aggregate_load,24,45,xgboost,45089.11939953888
2014-09-22 13:00:00,ecl,aggregate_load,24,45,xgboost,40164.41299645215
2014-09-22 14:00:00,ecl,aggregate_load,24,45,xgboost,31548.927663587285
2014-09-22 15:00:00,ecl,aggregate_load,24,45,xgboost,27660.53246804814
2014-09-22 16:00:00,ecl,aggregate_load,24,45,xgboost,34025.42394878365
2014-09-22 17:00:00,ecl,aggregate_load,24,45,xgboost,26097.994628318207
2014-09-22 18:00:00,ecl,aggregate_load,24,45,xgboost,24127.80674723336
2014-09-22 19:00:00,ecl,aggregate_load,24,45,xgboost,20860.399878277458
2014-09-22 20:00:00,ecl,aggregate_load,24,45,xgboost,21192.951544890617
2014-09-22 21:00:00,ecl,aggregate_load,24,45,xgboost,26950.191518501564
2014-09-22 22:00:00,ecl,aggregate_load,24,45,xgboost,24682.366163661736
2014-09-22 23:00:00,ecl,aggregate_load,24,45,xgboost,28074.938007313045
2014-09-23 00:00:00,ecl,aggregate_load,24,45,xgboost,20205.863042010722
2014-09-23 01:00:00,ecl,aggregate_load,24,45,xgboost,25833.448943891042
2014-09-23 02:00:00,ecl,aggregate_load,24,45,xgboost,28094.220870171324
2014-09-23 03:00:00,ecl,aggregate_load,24,45,xgboost,28850.464655317566
2014-09-23 04:00:00,ecl,aggregate_load,24,45,xgboost,31722.401366127644
2014-09-23 05:00:00,ecl,aggregate_load,24,45,xgboost,28932.839059714042
2014-09-23 06:00:00,ecl,aggregate_load,24,45,xgboost,31473.976023885556
2014-09-23 07:00:00,ecl,aggregate_load,24,45,xgboost,33743.52356713781
2014-09-23 08:00:00,ecl,aggregate_load,24,45,xgboost,30181.522382114723
2014-09-23 09:00:00,ecl,aggregate_load,24,45,xgboost,28115.338881879215
2014-09-23 10:00:00,ecl,aggregate_load,24,45,xgboost,20102.337675732666
2014-09-23 11:00:00,ecl,aggregate_load,24,45,xgboost,27795.431685516098
2014-09-23 12:00:00,ecl,aggregate_load,24,45,xgboost,23666.166692825936
2014-09-23 13:00:00,ecl,aggregate_load,24,45,xgboost,25943.01775832773
2014-09-23 14:00:00,ecl,aggregate_load,24,45,xgboost,22677.638462526967
2014-09-23 15:00:00,ecl,aggregate_load,24,45,xgboost,22781.73094203066
2014-09-23 16:00:00,ecl,aggregate_load,24,45,xgboost,24576.548556812395
2014-09-23 17:00:00,ecl,aggregate_load,24,45,xgboost,24831.730380586843
2014-09-23 18:00:00,ecl,aggregate_load,24,45,xgboost,31014.63144834657
2014-09-23 19:00:00,ecl,aggregate_load,24,45,xgboost,23900.053630432394
2014-09-23 20:00:00,ecl,aggregate_load,24,45,xgboost,22770.77921078139
2014-09-23 21:00:00,ecl,aggregate_load,24,45,xgboost,26299.92388413966
2014-09-23 22:00:00,ecl,aggregate_load,24,45,xgboost,30903.04014983374
2014-09-23 23:00:00,ecl,aggregate_load,24,45,xgboost,29458.140365367115
2014-09-24 00:00:00,ecl,aggregate_load,24,45,xgboost,27208.29255658963
2014-09-24 01:00:00,ecl,aggregate_load,24,45,xgboost,32203.19983117972
2014-09-24 02:00:00,ecl,aggregate_load,24,45,xgboost,32506.47889626426
2014-09-24 03:00:00,ecl,aggregate_load,24,45,xgboost,30930.436811488424
2014-09-24 04:00:00,ecl,aggregate_load,24,45,xgboost,33315.877120253885
2014-09-24 05:00:00,ecl,aggregate_load,24,45,xgboost,29016.53015707376
2014-09-24 06:00:00,ecl,aggregate_load,24,45,xgboost,35732.111600606244
2014-09-24 07:00:00,ecl,aggregate_load,24,45,xgboost,37255.44057101771
2014-09-24 08:00:00,ecl,aggregate_load,24,45,xgboost,29594.819905544868
2014-09-24 09:00:00,ecl,aggregate_load,24,45,xgboost,30050.757571134687
2014-09-24 10:00:00,ecl,aggregate_load,24,45,xgboost,27103.481773852825
2014-09-24 11:00:00,ecl,aggregate_load,24,45,xgboost,29759.511842562297
2014-09-24 12:00:00,ecl,aggregate_load,24,45,xgboost,24963.937803889727
2014-09-24 13:00:00,ecl,aggregate_load,24,45,xgboost,21819.004726392384
2014-09-24 14:00:00,ecl,aggregate_load,24,45,xgboost,20874.173373945105
2014-09-24 15:00:00,ecl,aggregate_load,24,45,xgboost,24693.66806881715
2014-09-24 16:00:00,ecl,aggregate_load,24,45,xgboost,25474.165598690586
2014-09-24 17:00:00,ecl,aggregate_load,24,45,xgboost,26301.153343927872
2014-09-24 18:00:00,ecl,aggregate_load,24,45,xgboost,23370.724301821392
2014-09-24 19:00:00,ecl,aggregate_load,24,45,xgboost,25904.872849496034
2014-09-24 20:00:00,ecl,aggregate_load,24,45,xgboost,26116.72626437432
2014-09-24 21:00:00,ecl,aggregate_load,24,45,xgboost,28000.74072637821
2014-09-24 22:00:00,ecl,aggregate_load,24,45,xgboost,25627.324018268813
2014-09-24 23:00:00,ecl,aggregate_load,24,45,xgboost,24077.49238787345
2014-09-25 00:00:00,ecl,aggregate_load,24,45,xgboost,22231.869065489096
2014-09-25 01:00:00,ecl,aggregate_load,24,45,xgboost,23291.80565979888
2014-09-25 02:00:00,ecl,aggregate_load,24,45,xgboost,26844.33342680632
2014-09-25 03:00:00,ecl,aggregate_load,24,45,xgboost,27660.741025572544
2014-09-25 04:00:00,ecl,aggregate_load,24,45,xgboost,36072.74528102456
2014-09-25 05:00:00,ecl,aggregate_load,24,45,xgboost,27977.39770399385
2014-09-25 06:00:00,ecl,aggregate_load,24,45,xgboost,34276.58909237431
2014-09-25 07:00:00,ecl,aggregate_load,24,45,xgboost,34908.729097359006
2014-09-25 08:00:00,ecl,aggregate_load,24,45,xgboost,30656.41205539033
2014-09-25 09:00:00,ecl,aggregate_load,24,45,xgboost,32892.37462215859
2014-09-25 10:00:00,ecl,aggregate_load,24,45,xgboost,32324.252980065707
2014-09-25 11:00:00,ecl,aggregate_load,24,45,xgboost,39140.839924404274
2014-09-25 12:00:00,ecl,aggregate_load,24,45,xgboost,30573.57233490142
2014-09-25 13:00:00,ecl,aggregate_load,24,45,xgboost,28176.68088858951
2014-09-25 14:00:00,ecl,aggregate_load,24,45,xgboost,31363.462429093135
2014-09-25 15:00:00,ecl,aggregate_load,24,45,xgboost,29552.760259396226
2014-09-25 16:00:00,ecl,aggregate_load,24,45,xgboost,32398.823877664963
2014-09-25 17:00:00,ecl,aggregate_load,24,45,xgboost,37580.16249872996
2014-09-25 18:00:00,ecl,aggregate_load,24,45,xgboost,34841.360450270644
2014-09-25 19:00:00,ecl,aggregate_load,24,45,xgboost,37501.54473017192
2014-09-25 20:00:00,ecl,aggregate_load,24,45,xgboost,38926.57147091434
2014-09-25 21:00:00,ecl,aggregate_load,24,45,xgboost,39005.44151086798
2014-09-25 22:00:00,ecl,aggregate_load,24,45,xgboost,33435.10184560766
2014-09-25 23:00:00,ecl,aggregate_load,24,45,xgboost,35676.11911527704
2014-09-26 00:00:00,ecl,aggregate_load,24,45,xgboost,26796.24076937309
2014-09-26 01:00:00,ecl,aggregate_load,24,45,xgboost,26001.481199159844
2014-09-26 02:00:00,ecl,aggregate_load,24,45,xgboost,22693.699430612654
2014-09-26 03:00:00,ecl,aggregate_load,24,45,xgboost,22340.152882340422
2014-09-26 04:00:00,ecl,aggregate_load,24,45,xgboost,21855.894483070824
2014-09-26 05:00:00,ecl,aggregate_load,24,45,xgboost,23222.11793061464
2014-09-26 06:00:00,ecl,aggregate_load,24,45,xgboost,23008.440070755827
2014-09-26 07:00:00,ecl,aggregate_load,24,45,xgboost,26837.131329061045
2014-09-26 08:00:00,ecl,aggregate_load,24,45,xgboost,21831.971405802946
2014-09-26 09:00:00,ecl,aggregate_load,24,45,xgboost,19797.530484566174
2014-09-26 10:00:00,ecl,aggregate_load,24,45,xgboost,28459.835157814367
2014-09-26 11:00:00,ecl,aggregate_load,24,45,xgboost,16502.64918352433
2014-09-26 12:00:00,ecl,aggregate_load,24,45,xgboost,21417.85960009356
2014-09-26 13:00:00,ecl,aggregate_load,24,45,xgboost,22887.85668023175
2014-09-26 14:00:00,ecl,aggregate_load,24,45,xgboost,21357.368204043672
2014-09-26 15:00:00,ecl,aggregate_load,24,45,xgboost,26884.273802205396
2014-09-26 16:00:00,ecl,aggregate_load,24,45,xgboost,25177.856945030246
2014-09-26 17:00:00,ecl,aggregate_load,24,45,xgboost,26761.21754043596
2014-09-26 18:00:00,ecl,aggregate_load,24,45,xgboost,24883.762197628515
2014-09-26 19:00:00,ecl,aggregate_load,24,45,xgboost,26565.41009160651
2014-09-26 20:00:00,ecl,aggregate_load,24,45,xgboost,27701.719510086947
2014-09-26 21:00:00,ecl,aggregate_load,24,45,xgboost,18181.011245933147
2014-09-26 22:00:00,ecl,aggregate_load,24,45,xgboost,18995.522016671694
2014-09-26 23:00:00,ecl,aggregate_load,24,45,xgboost,23010.986885772054
2014-09-27 00:00:00,ecl,aggregate_load,24,45,xgboost,16270.161668991457
2014-09-27 01:00:00,ecl,aggregate_load,24,45,xgboost,18410.52733654623
2014-09-27 02:00:00,ecl,aggregate_load,24,45,xgboost,20801.594980017882
2014-09-27 03:00:00,ecl,aggregate_load,24,45,xgboost,21932.404620390236
2014-09-27 04:00:00,ecl,aggregate_load,24,45,xgboost,27329.265664276358
2014-09-27 05:00:00,ecl,aggregate_load,24,45,xgboost,22788.957605723193
2014-09-27 06:00:00,ecl,aggregate_load,24,45,xgboost,21459.768886294652
2014-09-27 07:00:00,ecl,aggregate_load,24,45,xgboost,22137.612350865908
2014-09-27 08:00:00,ecl,aggregate_load,24,45,xgboost,20842.891178793725
2014-09-27 09:00:00,ecl,aggregate_load,24,45,xgboost,26890.0776552332
2014-09-27 10:00:00,ecl,aggregate_load,24,45,xgboost,14810.014493139613
2014-09-27 11:00:00,ecl,aggregate_load,24,45,xgboost,22717.33811613584
2014-09-27 12:00:00,ecl,aggregate_load,24,45,xgboost,28003.577344397363
2014-09-27 13:00:00,ecl,aggregate_load,24,45,xgboost,25739.373411999248
2014-09-27 14:00:00,ecl,aggregate_load,24,45,xgboost,23125.779532387813
2014-09-27 15:00:00,ecl,aggregate_load,24,45,xgboost,23494.72622188789
2014-09-27 16:00:00,ecl,aggregate_load,24,45,xgboost,26172.75368696559
2014-09-27 17:00:00,ecl,aggregate_load,24,45,xgboost,25365.844631939734
2014-09-27 18:00:00,ecl,aggregate_load,24,45,xgboost,23237.017863092606
2014-09-27 19:00:00,ecl,aggregate_load,24,45,xgboost,23844.710038820238
2014-09-27 20:00:00,ecl,aggregate_load,24,45,xgboost,18950.518719410582
2014-09-27 21:00:00,ecl,aggregate_load,24,45,xgboost,21660.273379588394
2014-09-27 22:00:00,ecl,aggregate_load,24,45,xgboost,28577.781343257502
2014-09-27 23:00:00,ecl,aggregate_load,24,45,xgboost,22067.51899305171
2014-09-28 00:00:00,ecl,aggregate_load,24,45,xgboost,17697.046605162588
2014-09-28 01:00:00,ecl,aggregate_load,24,45,xgboost,14746.21522286759
2014-09-28 02:00:00,ecl,aggregate_load,24,45,xgboost,19835.944927501798
2014-09-28 03:00:00,ecl,aggregate_load,24,45,xgboost,21447.026895696068
2014-09-28 04:00:00,ecl,aggregate_load,24,45,xgboost,30406.09193196727
2014-09-28 05:00:00,ecl,aggregate_load,24,45,xgboost,23348.00522011561
2014-09-28 06:00:00,ecl,aggregate_load,24,45,xgboost,20159.96749569
2014-09-28 07:00:00,ecl,aggregate_load,24,45,xgboost,18602.421313278963
2014-09-28 08:00:00,ecl,aggregate_load,24,45,xgboost,23738.04119319844
2014-09-28 09:00:00,ecl,aggregate_load,24,45,xgboost,25746.979522371304
2014-09-28 10:00:00,ecl,aggregate_load,24,45,xgboost,22733.28104977803
2014-09-28 11:00:00,ecl,aggregate_load,24,45,xgboost,32362.478066992113
2014-09-28 12:00:00,ecl,aggregate_load,24,45,xgboost,30341.471052168326
2014-09-28 13:00:00,ecl,aggregate_load,24,45,xgboost,28284.82341740218
2014-09-28 14:00:00,ecl,aggregate_load,24,45,xgboost,23665.892620223593
2014-09-28 15:00:00,ecl,aggregate_load,24,45,xgboost,26225.151026209584
2014-09-28 16:00:00,ecl,aggregate_load,24,45,xgboost,21848.681559872803
2014-09-28 17:00:00,ecl,aggregate_load,24,45,xgboost,31404.20168617745
2014-09-28 18:00:00,ecl,aggregate_load,24,45,xgboost,24239.342696704447
2014-09-28 19:00:00,ecl,aggregate_load,24,45,xgboost,28703.15388542841
2014-09-28 20:00:00,ecl,aggregate_load,24,45,xgboost,25729.271372807463
2014-09-28 21:00:00,ecl,aggregate_load,24,45,xgboost,20909.24394978749
2014-09-28 22:00:00,ecl,aggregate_load,24,45,xgboost,18244.13030164011
2014-09-28 23:00:00,ecl,aggregate_load,24,45,xgboost,26807.80116126049
2014-09-29 00:00:00,ecl,aggregate_load,24,45,xgboost,16780.063090206673
2014-09-29 01:00:00,ecl,aggregate_load,24,45,xgboost,16426.35682432788
2014-09-29 02:00:00,ecl,aggregate_load,24,45,xgboost,18906.278454519732
2014-09-29 03:00:00,ecl,aggregate_load,24,45,xgboost,22187.35931177958
2014-09-29 04:00:00,ecl,aggregate_load,24,45,xgboost,21198.481781864306
2014-09-29 05:00:00,ecl,aggregate_load,24,45,xgboost,25913.369860501338
2014-09-29 06:00:00,ecl,aggregate_load,24,45,xgboost,24378.8957069516
2014-09-29 07:00:00,ecl,aggregate_load,24,45,xgboost,19839.633286761473
2014-09-29 08:00:00,ecl,aggregate_load,24,45,xgboost,23566.53638872138
2014-09-29 09:00:00,ecl,aggregate_load,24,45,xgboost,24174.482213836123
2014-09-29 10:00:00,ecl,aggregate_load,24,45,xgboost,21758.939426999023
2014-09-29 11:00:00,ecl,aggregate_load,24,45,xgboost,24763.348955360463
2014-09-29 12:00:00,ecl,aggregate_load,24,45,xgboost,27203.643902731623
2014-09-29 13:00:00,ecl,aggregate_load,24,45,xgboost,28580.954592374048
2014-09-29 14:00:00,ecl,aggregate_load,24,45,xgboost,30368.242702650325
2014-09-29 15:00:00,ecl,aggregate_load,24,45,xgboost,25172.478969511852
2014-09-29 16:00:00,ecl,aggregate_load,24,45,xgboost,28151.30225140379
2014-09-29 17:00:00,ecl,aggregate_load,24,45,xgboost,29489.792353109846
2014-09-29 18:00:00,ecl,aggregate_load,24,45,xgboost,34451.5011714702
2014-09-29 19:00:00,ecl,aggregate_load,24,45,xgboost,32708.826165771705
2014-09-29 20:00:00,ecl,aggregate_load,24,45,xgboost,26426.151690356044
2014-09-29 21:00:00,ecl,aggregate_load,24,45,xgboost,32610.84422223263
2014-09-29 22:00:00,ecl,aggregate_load,24,45,xgboost,29609.632320273897
2014-09-29 23:00:00,ecl,aggregate_load,24,45,xgboost,27946.777558294634
2014-09-30 00:00:00,ecl,aggregate_load,24,45,xgboost,27801.938421042898
2014-09-30 01:00:00,ecl,aggregate_load,24,45,xgboost,28878.179719313102
2014-09-30 02:00:00,ecl,aggregate_load,24,45,xgboost,28825.439775131323
2014-09-30 03:00:00,ecl,aggregate_load,24,45,xgboost,25668.9749850931
2014-09-30 04:00:00,ecl,aggregate_load,24,45,xgboost,24357.195698701125
2014-09-30 05:00:00,ecl,aggregate_load,24,45,xgboost,25002.464982362115
2014-09-30 06:00:00,ecl,aggregate_load,24,45,xgboost,29186.13449860294
2014-09-30 07:00:00,ecl,aggregate_load,24,45,xgboost,24845.251314373407
2014-09-30 08:00:00,ecl,aggregate_load,24,45,xgboost,21214.814946039747
2014-09-30 09:00:00,ecl,aggregate_load,24,45,xgboost,23988.329451381567
2014-09-30 10:00:00,ecl,aggregate_load,24,45,xgboost,19038.87864128326
2014-09-30 11:00:00,ecl,aggregate_load,24,45,xgboost,24966.425405016253
2014-09-30 12:00:00,ecl,aggregate_load,24,45,xgboost,23083.383891074598
2014-09-30 13:00:00,ecl,aggregate_load,24,45,xgboost,20006.33519909142
2014-09-30 14:00:00,ecl,aggregate_load,24,45,xgboost,26046.477135092795
2014-09-30 15:00:00,ecl,aggregate_load,24,45,xgboost,24032.93068373374
2014-09-30 16:00:00,ecl,aggregate_load,24,45,xgboost,32417.143199438025
2014-09-30 17:00:00,ecl,aggregate_load,24,45,xgboost,38111.86431057778
2014-09-30 18:00:00,ecl,aggregate_load,24,45,xgboost,45236.17187821574
2014-09-30 19:00:00,ecl,aggregate_load,24,45,xgboost,43160.61143689193
2014-09-30 20:00:00,ecl,aggregate_load,24,45,xgboost,46889.02553535252
2014-09-30 21:00:00,ecl,aggregate_load,24,45,xgboost,48957.313770283996
2014-09-30 22:00:00,ecl,aggregate_load,24,45,xgboost,44473.65338329732
2014-09-30 23:00:00,ecl,aggregate_load,24,45,xgboost,51705.72320238003
2014-10-01 00:00:00,ecl,aggregate_load,24,45,xgboost,50862.33541427375
2014-10-01 01:00:00,ecl,aggregate_load,24,45,xgboost,48592.02411769726
2014-10-01 02:00:00,ecl,aggregate_load,24,45,xgboost,47174.534709655876
2014-10-01 03:00:00,ecl,aggregate_load,24,45,xgboost,49168.67186226739
2014-10-01 04:00:00,ecl,aggregate_load,24,45,xgboost,50042.797892811104
2014-10-01 05:00:00,ecl,aggregate_load,24,45,xgboost,53488.132849438676
2014-10-01 06:00:00,ecl,aggregate_load,24,45,xgboost,51553.66385436056
2014-10-01 07:00:00,ecl,aggregate_load,24,45,xgboost,49383.63955922815
2014-10-01 08:00:00,ecl,aggregate_load,24,45,xgboost,51382.81556122247
2014-10-01 09:00:00,ecl,aggregate_load,24,45,xgboost,48635.7120000887
2014-10-01 10:00:00,ecl,aggregate_load,24,45,xgboost,48910.16466856372
2014-10-01 11:00:00,ecl,aggregate_load,24,45,xgboost,41217.67438713082
2014-10-01 12:00:00,ecl,aggregate_load,24,45,xgboost,51271.051509201214
2014-10-01 13:00:00,ecl,aggregate_load,24,45,xgboost,50824.76208079556
2014-10-01 14:00:00,ecl,aggregate_load,24,45,xgboost,35910.402048197575
2014-10-01 15:00:00,ecl,aggregate_load,24,45,xgboost,32717.968400949936
2014-10-01 16:00:00,ecl,aggregate_load,24,45,xgboost,30567.198667409615
2014-10-01 17:00:00,ecl,aggregate_load,24,45,xgboost,34949.95442395214
2014-10-01 18:00:00,ecl,aggregate_load,24,45,xgboost,24519.822647809564
2014-10-01 19:00:00,ecl,aggregate_load,24,45,xgboost,30825.01268813497
2014-10-01 20:00:00,ecl,aggregate_load,24,45,xgboost,36327.62253457595
2014-10-01 21:00:00,ecl,aggregate_load,24,45,xgboost,28160.526702097977
2014-10-01 22:00:00,ecl,aggregate_load,24,45,xgboost,28738.15983036562
2014-10-01 23:00:00,ecl,aggregate_load,24,45,xgboost,30844.22776560533
2014-10-02 00:00:00,ecl,aggregate_load,24,45,xgboost,33199.92689107551
2014-10-02 01:00:00,ecl,aggregate_load,24,45,xgboost,35898.75929402889
2014-10-02 02:00:00,ecl,aggregate_load,24,45,xgboost,28036.461871603864
2014-10-02 03:00:00,ecl,aggregate_load,24,45,xgboost,22065.518154064335
2014-10-02 04:00:00,ecl,aggregate_load,24,45,xgboost,21680.037195670793
2014-10-02 05:00:00,ecl,aggregate_load,24,45,xgboost,26876.20178846056
2014-10-02 06:00:00,ecl,aggregate_load,24,45,xgboost,28023.736543450952
2014-10-02 07:00:00,ecl,aggregate_load,24,45,xgboost,26376.63393350141
2014-10-02 08:00:00,ecl,aggregate_load,24,45,xgboost,31381.19789702419
2014-10-02 09:00:00,ecl,aggregate_load,24,45,xgboost,30601.500674410465
2014-10-02 10:00:00,ecl,aggregate_load,24,45,xgboost,33878.49651903487
2014-10-02 11:00:00,ecl,aggregate_load,24,45,xgboost,40844.44277683373
2014-10-02 12:00:00,ecl,aggregate_load,24,45,xgboost,28069.24681088404
2014-10-02 13:00:00,ecl,aggregate_load,24,45,xgboost,44115.57394996469
2014-10-02 14:00:00,ecl,aggregate_load,24,45,xgboost,41992.09065446379
2014-10-02 15:00:00,ecl,aggregate_load,24,45,xgboost,41100.72968116777
2014-10-02 16:00:00,ecl,aggregate_load,24,45,xgboost,43614.70401521335
2014-10-02 17:00:00,ecl,aggregate_load,24,45,xgboost,39153.98241734596
2014-10-02 18:00:00,ecl,aggregate_load,24,45,xgboost,30210.93926956745
2014-10-02 19:00:00,ecl,aggregate_load,24,45,xgboost,36681.295850090435
2014-10-02 20:00:00,ecl,aggregate_load,24,45,xgboost,45683.117303293104
2014-10-02 21:00:00,ecl,aggregate_load,24,45,xgboost,38363.37452622066
2014-10-02 22:00:00,ecl,aggregate_load,24,45,xgboost,34399.80691977226
2014-10-02 23:00:00,ecl,aggregate_load,24,45,xgboost,31111.374020360785
2014-10-03 00:00:00,ecl,aggregate_load,24,45,xgboost,32081.30755838015
2014-10-03 01:00:00,ecl,aggregate_load,24,45,xgboost,32968.16401176615
2014-10-03 02:00:00,ecl,aggregate_load,24,45,xgboost,28600.869633910334
2014-10-03 03:00:00,ecl,aggregate_load,24,45,xgboost,31117.30463556209
2014-10-03 04:00:00,ecl,aggregate_load,24,45,xgboost,31598.93326586626
2014-10-03 05:00:00,ecl,aggregate_load,24,45,xgboost,38608.39040771066
2014-10-03 06:00:00,ecl,aggregate_load,24,45,xgboost,36454.753000345976
2014-10-03 07:00:00,ecl,aggregate_load,24,45,xgboost,36708.26622007708
2014-10-03 08:00:00,ecl,aggregate_load,24,45,xgboost,40187.22187594968
2014-10-03 09:00:00,ecl,aggregate_load,24,45,xgboost,37602.26579529586
2014-10-03 10:00:00,ecl,aggregate_load,24,45,xgboost,36196.14018808926
2014-10-03 11:00:00,ecl,aggregate_load,24,45,xgboost,35546.9486570034
2014-10-03 12:00:00,ecl,aggregate_load,24,45,xgboost,31353.337711238113
2014-10-03 13:00:00,ecl,aggregate_load,24,45,xgboost,32460.94123116825
2014-10-03 14:00:00,ecl,aggregate_load,24,45,xgboost,39731.99055999268
2014-10-03 15:00:00,ecl,aggregate_load,24,45,xgboost,35887.46139768625
2014-10-03 16:00:00,ecl,aggregate_load,24,45,xgboost,35465.96824760001
2014-10-03 17:00:00,ecl,aggregate_load,24,45,xgboost,44760.79562392156
2014-10-03 18:00:00,ecl,aggregate_load,24,45,xgboost,30526.235349301394
2014-10-03 19:00:00,ecl,aggregate_load,24,45,xgboost,33336.037316516806
2014-10-03 20:00:00,ecl,aggregate_load,24,45,xgboost,37934.044505523845
2014-10-03 21:00:00,ecl,aggregate_load,24,45,xgboost,34697.886880573446
2014-10-03 22:00:00,ecl,aggregate_load,24,45,xgboost,30492.96808304011
2014-10-03 23:00:00,ecl,aggregate_load,24,45,xgboost,33065.28798627569
2014-10-04 00:00:00,ecl,aggregate_load,24,45,xgboost,25866.826104851043
2014-10-04 01:00:00,ecl,aggregate_load,24,45,xgboost,25219.21247440793
2014-10-04 02:00:00,ecl,aggregate_load,24,45,xgboost,30067.816651409183
2014-10-04 03:00:00,ecl,aggregate_load,24,45,xgboost,30411.9772564438
2014-10-04 04:00:00,ecl,aggregate_load,24,45,xgboost,35982.05427203368
2014-10-04 05:00:00,ecl,aggregate_load,24,45,xgboost,36179.13568748158
2014-10-04 06:00:00,ecl,aggregate_load,24,45,xgboost,44212.47031764729
2014-10-04 07:00:00,ecl,aggregate_load,24,45,xgboost,44811.653236031394
2014-10-04 08:00:00,ecl,aggregate_load,24,45,xgboost,45214.15275992039
2014-10-04 09:00:00,ecl,aggregate_load,24,45,xgboost,45634.22743945584
2014-10-04 10:00:00,ecl,aggregate_load,24,45,xgboost,37990.96207131082
2014-10-04 11:00:00,ecl,aggregate_load,24,45,xgboost,40855.41744226247
2014-10-04 12:00:00,ecl,aggregate_load,24,45,xgboost,34282.544032892394
2014-10-04 13:00:00,ecl,aggregate_load,24,45,xgboost,37237.090765515626
2014-10-04 14:00:00,ecl,aggregate_load,24,45,xgboost,43992.68410123709
2014-10-04 15:00:00,ecl,aggregate_load,24,45,xgboost,46393.30424469392
2014-10-04 16:00:00,ecl,aggregate_load,24,45,xgboost,53751.96124106951
2014-10-04 17:00:00,ecl,aggregate_load,24,45,xgboost,53340.766291425294
2014-10-04 18:00:00,ecl,aggregate_load,24,45,xgboost,66195.9562003906
2014-10-04 19:00:00,ecl,aggregate_load,24,45,xgboost,46785.407768295954
2014-10-04 20:00:00,ecl,aggregate_load,24,45,xgboost,52445.54957101543
2014-10-04 21:00:00,ecl,aggregate_load,24,45,xgboost,55019.90503763848
2014-10-04 22:00:00,ecl,aggregate_load,24,45,xgboost,59403.05577420975
2014-10-04 23:00:00,ecl,aggregate_load,24,45,xgboost,61059.26876017816
2014-10-05 00:00:00,ecl,aggregate_load,24,45,xgboost,55278.30275008767
2014-10-05 01:00:00,ecl,aggregate_load,24,45,xgboost,61281.77203459129
2014-10-05 02:00:00,ecl,aggregate_load,24,45,xgboost,63443.85766509135
2014-10-05 03:00:00,ecl,aggregate_load,24,45,xgboost,65342.27048664624
2014-10-05 04:00:00,ecl,aggregate_load,24,45,xgboost,70934.07700220059
2014-10-05 05:00:00,ecl,aggregate_load,24,45,xgboost,61799.571644549396
2014-10-05 06:00:00,ecl,aggregate_load,24,45,xgboost,66671.79353522033
2014-10-05 07:00:00,ecl,aggregate_load,24,45,xgboost,62622.302655114734
2014-10-05 08:00:00,ecl,aggregate_load,24,45,xgboost,61580.21361349764
2014-10-05 09:00:00,ecl,aggregate_load,24,45,xgboost,58596.187772089754
2014-10-05 10:00:00,ecl,aggregate_load,24,45,xgboost,59260.22489070049
2014-10-05 11:00:00,ecl,aggregate_load,24,45,xgboost,61221.9860165528
2014-10-05 12:00:00,ecl,aggregate_load,24,45,xgboost,54195.67571244692
2014-10-05 13:00:00,ecl,aggregate_load,24,45,xgboost,49944.57118216648
2014-10-05 14:00:00,ecl,aggregate_load,24,45,xgboost,44085.708749293895
2014-10-05 15:00:00,ecl,aggregate_load,24,45,xgboost,37285.90790951673
2014-10-05 16:00:00,ecl,aggregate_load,24,45,xgboost,34849.470905813774
2014-10-05 17:00:00,ecl,aggregate_load,24,45,xgboost,36444.279603664705
2014-10-05 18:00:00,ecl,aggregate_load,24,45,xgboost,27257.016216343272
2014-10-05 19:00:00,ecl,aggregate_load,24,45,xgboost,28097.44589456684
2014-10-05 20:00:00,ecl,aggregate_load,24,45,xgboost,29307.340965472657
2014-10-05 21:00:00,ecl,aggregate_load,24,45,xgboost,32320.281950107586
2014-10-05 22:00:00,ecl,aggregate_load,24,45,xgboost,33380.79228708179
2014-10-05 23:00:00,ecl,aggregate_load,24,45,xgboost,31122.590004006914
2014-10-06 00:00:00,ecl,aggregate_load,24,45,xgboost,36161.43625226757
2014-10-06 01:00:00,ecl,aggregate_load,24,45,xgboost,32563.691479464378
2014-10-06 02:00:00,ecl,aggregate_load,24,45,xgboost,32581.369340118224
2014-10-06 03:00:00,ecl,aggregate_load,24,45,xgboost,30864.4471655915
2014-10-06 04:00:00,ecl,aggregate_load,24,45,xgboost,29400.75873940487
2014-10-06 05:00:00,ecl,aggregate_load,24,45,xgboost,37756.99971986739
2014-10-06 06:00:00,ecl,aggregate_load,24,45,xgboost,32239.93960591233
2014-10-06 07:00:00,ecl,aggregate_load,24,45,xgboost,31635.15641374893
2014-10-06 08:00:00,ecl,aggregate_load,24,45,xgboost,32678.69793338646
2014-10-06 09:00:00,ecl,aggregate_load,24,45,xgboost,28177.456662817964
2014-10-06 10:00:00,ecl,aggregate_load,24,45,xgboost,31897.45984042653
2014-10-06 11:00:00,ecl,aggregate_load,24,45,xgboost,31654.88604579797
2014-10-06 12:00:00,ecl,aggregate_load,24,45,xgboost,38456.57325844906
2014-10-06 13:00:00,ecl,aggregate_load,24,45,xgboost,30773.516167427675
2014-10-06 14:00:00,ecl,aggregate_load,24,45,xgboost,29528.723389103903
2014-10-06 15:00:00,ecl,aggregate_load,24,45,xgboost,31126.90336333742
2014-10-06 16:00:00,ecl,aggregate_load,24,45,xgboost,21398.931399843583
2014-10-06 17:00:00,ecl,aggregate_load,24,45,xgboost,18713.476075653503
2014-10-06 18:00:00,ecl,aggregate_load,24,45,xgboost,20159.82452773055
2014-10-06 19:00:00,ecl,aggregate_load,24,45,xgboost,29077.908909414135
2014-10-06 20:00:00,ecl,aggregate_load,24,45,xgboost,31208.43131885177
2014-10-06 21:00:00,ecl,aggregate_load,24,45,xgboost,27349.88186246339
2014-10-06 22:00:00,ecl,aggregate_load,24,45,xgboost,21031.863067439885
2014-10-06 23:00:00,ecl,aggregate_load,24,45,xgboost,38274.66903559238
2014-10-07 00:00:00,ecl,aggregate_load,24,45,xgboost,29511.816001792642
2014-10-07 01:00:00,ecl,aggregate_load,24,45,xgboost,24807.842946589706
2014-10-07 02:00:00,ecl,aggregate_load,24,45,xgboost,21339.669552415482
2014-10-07 03:00:00,ecl,aggregate_load,24,45,xgboost,25018.912560395296
2014-10-07 04:00:00,ecl,aggregate_load,24,45,xgboost,19652.720047894585
2014-10-07 05:00:00,ecl,aggregate_load,24,45,xgboost,21838.458119930827
2014-10-07 06:00:00,ecl,aggregate_load,24,45,xgboost,22478.945543738115
2014-10-07 07:00:00,ecl,aggregate_load,24,45,xgboost,18326.258273482166
2014-10-07 08:00:00,ecl,aggregate_load,24,45,xgboost,26545.802821855657
2014-10-07 09:00:00,ecl,aggregate_load,24,45,xgboost,26990.39629609195
2014-10-07 10:00:00,ecl,aggregate_load,24,45,xgboost,23809.024513059896
2014-10-07 11:00:00,ecl,aggregate_load,24,45,xgboost,20920.81696053207
2014-10-07 12:00:00,ecl,aggregate_load,24,45,xgboost,32316.25188531817
2014-10-07 13:00:00,ecl,aggregate_load,24,45,xgboost,28394.479374581813
2014-10-07 14:00:00,ecl,aggregate_load,24,45,xgboost,27249.20987965222
2014-10-07 15:00:00,ecl,aggregate_load,24,45,xgboost,24993.51221475178
2014-10-07 16:00:00,ecl,aggregate_load,24,45,xgboost,29302.14322383841
2014-10-07 17:00:00,ecl,aggregate_load,24,45,xgboost,27980.89455136162
2014-10-07 18:00:00,ecl,aggregate_load,24,45,xgboost,30138.44161212456
2014-10-07 19:00:00,ecl,aggregate_load,24,45,xgboost,30842.683167430136
2014-10-07 20:00:00,ecl,aggregate_load,24,45,xgboost,31054.030535548536
2014-10-07 21:00:00,ecl,aggregate_load,24,45,xgboost,30271.05429854258
2014-10-07 22:00:00,ecl,aggregate_load,24,45,xgboost,23714.011970887103
2014-10-07 23:00:00,ecl,aggregate_load,24,45,xgboost,29309.928913859618
2014-10-08 00:00:00,ecl,aggregate_load,24,45,xgboost,30119.449262418802
2014-10-08 01:00:00,ecl,aggregate_load,24,45,xgboost,29537.948940261722
2014-10-08 02:00:00,ecl,aggregate_load,24,45,xgboost,25061.244426639907
2014-10-08 03:00:00,ecl,aggregate_load,24,45,xgboost,26694.249685327628
2014-10-08 04:00:00,ecl,aggregate_load,24,45,xgboost,27506.74309077476
2014-10-08 05:00:00,ecl,aggregate_load,24,45,xgboost,31197.462692396337
2014-10-08 06:00:00,ecl,aggregate_load,24,45,xgboost,28542.455165126263
2014-10-08 07:00:00,ecl,aggregate_load,24,45,xgboost,29171.897898843043
2014-10-08 08:00:00,ecl,aggregate_load,24,45,xgboost,27886.156677339855
2014-10-08 09:00:00,ecl,aggregate_load,24,45,xgboost,28657.642387521493
2014-10-08 10:00:00,ecl,aggregate_load,24,45,xgboost,29014.366814118683
2014-10-08 11:00:00,ecl,aggregate_load,24,45,xgboost,20813.55669062028
2014-10-08 12:00:00,ecl,aggregate_load,24,45,xgboost,18165.76526053208
2014-10-08 13:00:00,ecl,aggregate_load,24,45,xgboost,26237.838765763754
2014-10-08 14:00:00,ecl,aggregate_load,24,45,xgboost,20531.2592767691
2014-10-08 15:00:00,ecl,aggregate_load,24,45,xgboost,18070.6274826041
2014-10-08 16:00:00,ecl,aggregate_load,24,45,xgboost,22284.598566134784
2014-10-08 17:00:00,ecl,aggregate_load,24,45,xgboost,25379.73469144365
2014-10-08 18:00:00,ecl,aggregate_load,24,45,xgboost,33067.53293109422
2014-10-08 19:00:00,ecl,aggregate_load,24,45,xgboost,29113.39102225775
2014-10-08 20:00:00,ecl,aggregate_load,24,45,xgboost,32669.297414944227
2014-10-08 21:00:00,ecl,aggregate_load,24,45,xgboost,35213.52309941474
2014-10-08 22:00:00,ecl,aggregate_load,24,45,xgboost,41417.50172589571
2014-10-08 23:00:00,ecl,aggregate_load,24,45,xgboost,44304.98686250555
2014-10-09 00:00:00,ecl,aggregate_load,24,45,xgboost,39854.26742680989
2014-10-09 01:00:00,ecl,aggregate_load,24,45,xgboost,37091.962824358685
2014-10-09 02:00:00,ecl,aggregate_load,24,45,xgboost,46648.73811512627
2014-10-09 03:00:00,ecl,aggregate_load,24,45,xgboost,47184.75650038268
2014-10-09 04:00:00,ecl,aggregate_load,24,45,xgboost,51845.664693116305
2014-10-09 05:00:00,ecl,aggregate_load,24,45,xgboost,44525.084393416095
2014-10-09 06:00:00,ecl,aggregate_load,24,45,xgboost,52592.28002736667
2014-10-09 07:00:00,ecl,aggregate_load,24,45,xgboost,55863.33215980745
2014-10-09 08:00:00,ecl,aggregate_load,24,45,xgboost,50720.340053918255
2014-10-09 09:00:00,ecl,aggregate_load,24,45,xgboost,45977.694683891554
2014-10-09 10:00:00,ecl,aggregate_load,24,45,xgboost,45875.12449016622
2014-10-09 11:00:00,ecl,aggregate_load,24,45,xgboost,50629.49684070759
2014-10-09 12:00:00,ecl,aggregate_load,24,45,xgboost,42753.88577237506
2014-10-09 13:00:00,ecl,aggregate_load,24,45,xgboost,37319.06927072899
2014-10-09 14:00:00,ecl,aggregate_load,24,45,xgboost,40343.04901877395
2014-10-09 15:00:00,ecl,aggregate_load,24,45,xgboost,38286.73832919014
2014-10-09 16:00:00,ecl,aggregate_load,24,45,xgboost,39175.48836801535
2014-10-09 17:00:00,ecl,aggregate_load,24,45,xgboost,36645.281313768355
2014-10-09 18:00:00,ecl,aggregate_load,24,45,xgboost,29497.15184724594
2014-10-09 19:00:00,ecl,aggregate_load,24,45,xgboost,30750.341632971395
2014-10-09 20:00:00,ecl,aggregate_load,24,45,xgboost,29155.923776798798
2014-10-09 21:00:00,ecl,aggregate_load,24,45,xgboost,27033.41501297137
2014-10-09 22:00:00,ecl,aggregate_load,24,45,xgboost,25943.263081844194
2014-10-09 23:00:00,ecl,aggregate_load,24,45,xgboost,27316.9166377767
2014-10-10 00:00:00,ecl,aggregate_load,24,45,xgboost,16707.794679893836
2014-10-10 01:00:00,ecl,aggregate_load,24,45,xgboost,16435.893151719778
2014-10-10 02:00:00,ecl,aggregate_load,24,45,xgboost,20262.135028860037
2014-10-10 03:00:00,ecl,aggregate_load,24,45,xgboost,19159.5893341276
2014-10-10 04:00:00,ecl,aggregate_load,24,45,xgboost,20025.365850646518
2014-10-10 05:00:00,ecl,aggregate_load,24,45,xgboost,16741.49594376276
2014-10-10 06:00:00,ecl,aggregate_load,24,45,xgboost,17173.928795436488
2014-10-10 07:00:00,ecl,aggregate_load,24,45,xgboost,19055.185336680264
2014-10-10 08:00:00,ecl,aggregate_load,24,45,xgboost,20615.18519563239
2014-10-10 09:00:00,ecl,aggregate_load,24,45,xgboost,19755.63137224569
2014-10-10 10:00:00,ecl,aggregate_load,24,45,xgboost,23181.006696984656
2014-10-10 11:00:00,ecl,aggregate_load,24,45,xgboost,20137.66564180605
2014-10-10 12:00:00,ecl,aggregate_load,24,45,xgboost,20328.825691316517
2014-10-10 13:00:00,ecl,aggregate_load,24,45,xgboost,19663.553016976708
2014-10-10 14:00:00,ecl,aggregate_load,24,45,xgboost,23025.21607204655
2014-10-10 15:00:00,ecl,aggregate_load,24,45,xgboost,23835.495709981344
2014-10-10 16:00:00,ecl,aggregate_load,24,45,xgboost,26034.44170030772
2014-10-10 17:00:00,ecl,aggregate_load,24,45,xgboost,25379.728373524606
2014-10-10 18:00:00,ecl,aggregate_load,24,45,xgboost,25470.243308294088
2014-10-10 19:00:00,ecl,aggregate_load,24,45,xgboost,26303.364840816892
2014-10-10 20:00:00,ecl,aggregate_load,24,45,xgboost,28135.76791152648
2014-10-10 21:00:00,ecl,aggregate_load,24,45,xgboost,27195.312194966453
2014-10-10 22:00:00,ecl,aggregate_load,24,45,xgboost,26440.07246131251
2014-10-10 23:00:00,ecl,aggregate_load,24,45,xgboost,31925.28515825304
2014-10-11 00:00:00,ecl,aggregate_load,24,45,xgboost,26483.653398589744
2014-10-11 01:00:00,ecl,aggregate_load,24,45,xgboost,26876.84990168142
2014-10-11 02:00:00,ecl,aggregate_load,24,45,xgboost,32676.032959151442
2014-10-11 03:00:00,ecl,aggregate_load,24,45,xgboost,29106.92002911957
2014-10-11 04:00:00,ecl,aggregate_load,24,45,xgboost,21460.61820025028
2014-10-11 05:00:00,ecl,aggregate_load,24,45,xgboost,24463.52401898911
2014-10-11 06:00:00,ecl,aggregate_load,24,45,xgboost,26237.445419851414
2014-10-11 07:00:00,ecl,aggregate_load,24,45,xgboost,27651.33440825157
2014-10-11 08:00:00,ecl,aggregate_load,24,45,xgboost,28357.04620004127
2014-10-11 09:00:00,ecl,aggregate_load,24,45,xgboost,29925.789489149367
2014-10-11 10:00:00,ecl,aggregate_load,24,45,xgboost,21772.81624447028
2014-10-11 11:00:00,ecl,aggregate_load,24,45,xgboost,28188.978205399908
2014-10-11 12:00:00,ecl,aggregate_load,24,45,xgboost,19267.55069407624
2014-10-11 13:00:00,ecl,aggregate_load,24,45,xgboost,18180.304861290035
2014-10-11 14:00:00,ecl,aggregate_load,24,45,xgboost,22120.103961234574
2014-10-11 15:00:00,ecl,aggregate_load,24,45,xgboost,22425.125786952198
2014-10-11 16:00:00,ecl,aggregate_load,24,45,xgboost,26538.491643724235
2014-10-11 17:00:00,ecl,aggregate_load,24,45,xgboost,25837.207297916084
2014-10-11 18:00:00,ecl,aggregate_load,24,45,xgboost,28206.57968437113
2014-10-11 19:00:00,ecl,aggregate_load,24,45,xgboost,33341.77204380691
2014-10-11 20:00:00,ecl,aggregate_load,24,45,xgboost,30860.841330683794
2014-10-11 21:00:00,ecl,aggregate_load,24,45,xgboost,33284.63450720491
2014-10-11 22:00:00,ecl,aggregate_load,24,45,xgboost,27234.39129336315
2014-10-11 23:00:00,ecl,aggregate_load,24,45,xgboost,32094.582613681447
2014-10-12 00:00:00,ecl,aggregate_load,24,45,xgboost,29777.701205366833
2014-10-12 01:00:00,ecl,aggregate_load,24,45,xgboost,36073.80640333917
2014-10-12 02:00:00,ecl,aggregate_load,24,45,xgboost,36554.70490723444
2014-10-12 03:00:00,ecl,aggregate_load,24,45,xgboost,40918.88598179399
2014-10-12 04:00:00,ecl,aggregate_load,24,45,xgboost,39936.25992840113
2014-10-12 05:00:00,ecl,aggregate_load,24,45,xgboost,36541.94385474239
2014-10-12 06:00:00,ecl,aggregate_load,24,45,xgboost,37630.3856115811
2014-10-12 07:00:00,ecl,aggregate_load,24,45,xgboost,34256.539188846225
2014-10-12 08:00:00,ecl,aggregate_load,24,45,xgboost,36498.795783659414
2014-10-12 09:00:00,ecl,aggregate_load,24,45,xgboost,31440.44629707427
2014-10-12 10:00:00,ecl,aggregate_load,24,45,xgboost,30367.95551276593
2014-10-12 11:00:00,ecl,aggregate_load,24,45,xgboost,41760.195444419536
2014-10-12 12:00:00,ecl,aggregate_load,24,45,xgboost,35724.65680162487
2014-10-12 13:00:00,ecl,aggregate_load,24,45,xgboost,35894.523894077596
2014-10-12 14:00:00,ecl,aggregate_load,24,45,xgboost,37718.49730443912
2014-10-12 15:00:00,ecl,aggregate_load,24,45,xgboost,40240.42365188742
2014-10-12 16:00:00,ecl,aggregate_load,24,45,xgboost,45168.27726219371
2014-10-12 17:00:00,ecl,aggregate_load,24,45,xgboost,52348.77249693067
2014-10-12 18:00:00,ecl,aggregate_load,24,45,xgboost,53634.12098835176
2014-10-12 19:00:00,ecl,aggregate_load,24,45,xgboost,47035.86085978873
2014-10-12 20:00:00,ecl,aggregate_load,24,45,xgboost,58035.44145129875
2014-10-12 21:00:00,ecl,aggregate_load,24,45,xgboost,52205.542431818634
2014-10-12 22:00:00,ecl,aggregate_load,24,45,xgboost,42245.0291966774
2014-10-12 23:00:00,ecl,aggregate_load,24,45,xgboost,45189.154291502615
2014-10-13 00:00:00,ecl,aggregate_load,24,45,xgboost,46041.083980586234
2014-10-13 01:00:00,ecl,aggregate_load,24,45,xgboost,58401.246749753074
2014-10-13 02:00:00,ecl,aggregate_load,24,45,xgboost,61521.739679642895
2014-10-13 03:00:00,ecl,aggregate_load,24,45,xgboost,66094.43995585198
2014-10-13 04:00:00,ecl,aggregate_load,24,45,xgboost,71203.86856310365
2014-10-13 05:00:00,ecl,aggregate_load,24,45,xgboost,67776.15651788478
2014-10-13 06:00:00,ecl,aggregate_load,24,45,xgboost,67525.02521603518
2014-10-13 07:00:00,ecl,aggregate_load,24,45,xgboost,57139.421655840175
2014-10-13 08:00:00,ecl,aggregate_load,24,45,xgboost,49186.942916700624
2014-10-13 09:00:00,ecl,aggregate_load,24,45,xgboost,48378.50231954476
2014-10-13 10:00:00,ecl,aggregate_load,24,45,xgboost,49161.12815080214
2014-10-13 11:00:00,ecl,aggregate_load,24,45,xgboost,38282.69050081795
2014-10-13 12:00:00,ecl,aggregate_load,24,45,xgboost,26654.004248321377
2014-10-13 13:00:00,ecl,aggregate_load,24,45,xgboost,23486.40065784485
2014-10-13 14:00:00,ecl,aggregate_load,24,45,xgboost,23818.223307854583
2014-10-13 15:00:00,ecl,aggregate_load,24,45,xgboost,20009.168845496828
2014-10-13 16:00:00,ecl,aggregate_load,24,45,xgboost,21618.985205623056
2014-10-13 17:00:00,ecl,aggregate_load,24,45,xgboost,25160.097123938278
2014-10-13 18:00:00,ecl,aggregate_load,24,45,xgboost,27675.961820460947
2014-10-13 19:00:00,ecl,aggregate_load,24,45,xgboost,27547.274300708596
2014-10-13 20:00:00,ecl,aggregate_load,24,45,xgboost,25955.218805410306
2014-10-13 21:00:00,ecl,aggregate_load,24,45,xgboost,20712.43500225698
2014-10-13 22:00:00,ecl,aggregate_load,24,45,xgboost,23941.144849951612
2014-10-13 23:00:00,ecl,aggregate_load,24,45,xgboost,21044.85526659696
2014-10-14 00:00:00,ecl,aggregate_load,24,45,xgboost,21760.033816474886
2014-10-14 01:00:00,ecl,aggregate_load,24,45,xgboost,20019.947784192107
2014-10-14 02:00:00,ecl,aggregate_load,24,45,xgboost,21657.33500681759
2014-10-14 03:00:00,ecl,aggregate_load,24,45,xgboost,25057.909488426656
2014-10-14 04:00:00,ecl,aggregate_load,24,45,xgboost,22005.545821850665
2014-10-14 05:00:00,ecl,aggregate_load,24,45,xgboost,23390.409123441234
2014-10-14 06:00:00,ecl,aggregate_load,24,45,xgboost,25077.052926166576
2014-10-14 07:00:00,ecl,aggregate_load,24,45,xgboost,21017.466530338195
2014-10-14 08:00:00,ecl,aggregate_load,24,45,xgboost,24767.490618257463
2014-10-14 09:00:00,ecl,aggregate_load,24,45,xgboost,26174.002718895983
2014-10-14 10:00:00,ecl,aggregate_load,24,45,xgboost,22056.00378503492
2014-10-14 11:00:00,ecl,aggregate_load,24,45,xgboost,20678.129693165847
2014-10-14 12:00:00,ecl,aggregate_load,24,45,xgboost,32036.24591573229
2014-10-14 13:00:00,ecl,aggregate_load,24,45,xgboost,35031.97408598329
2014-10-14 14:00:00,ecl,aggregate_load,24,45,xgboost,33915.73942500229
2014-10-14 15:00:00,ecl,aggregate_load,24,45,xgboost,34494.7703058799
2014-10-14 16:00:00,ecl,aggregate_load,24,45,xgboost,42181.145055121604
2014-10-14 17:00:00,ecl,aggregate_load,24,45,xgboost,45132.64899885372
2014-10-14 18:00:00,ecl,aggregate_load,24,45,xgboost,58913.21674311446
2014-10-14 19:00:00,ecl,aggregate_load,24,45,xgboost,74666.75894974598
2014-10-14 20:00:00,ecl,aggregate_load,24,45,xgboost,65723.62268243068
2014-10-14 21:00:00,ecl,aggregate_load,24,45,xgboost,70120.37596252402
2014-10-14 22:00:00,ecl,aggregate_load,24,45,xgboost,67596.56789294863
2014-10-14 23:00:00,ecl,aggregate_load,24,45,xgboost,75695.41852689371
2014-10-15 00:00:00,ecl,aggregate_load,24,45,xgboost,72454.70804059203
2014-10-15 01:00:00,ecl,aggregate_load,24,45,xgboost,68881.7655627856
2014-10-15 02:00:00,ecl,aggregate_load,24,45,xgboost,72199.28610682159
2014-10-15 03:00:00,ecl,aggregate_load,24,45,xgboost,73035.88796103785
2014-10-15 04:00:00,ecl,aggregate_load,24,45,xgboost,71760.46291839283
2014-10-15 05:00:00,ecl,aggregate_load,24,45,xgboost,72951.17878352483
2014-10-15 06:00:00,ecl,aggregate_load,24,45,xgboost,72901.79415655375
2014-10-15 07:00:00,ecl,aggregate_load,24,45,xgboost,69710.66063735636
2014-10-15 08:00:00,ecl,aggregate_load,24,45,xgboost,74974.52955309748
2014-10-15 09:00:00,ecl,aggregate_load,24,45,xgboost,80231.35843533812
2014-10-15 10:00:00,ecl,aggregate_load,24,45,xgboost,70651.29817879778
2014-10-15 11:00:00,ecl,aggregate_load,24,45,xgboost,52194.972594766674
2014-10-15 12:00:00,ecl,aggregate_load,24,45,xgboost,50312.2859606464
2014-10-15 13:00:00,ecl,aggregate_load,24,45,xgboost,47570.82758186841
2014-10-15 14:00:00,ecl,aggregate_load,24,45,xgboost,39764.32040181988
2014-10-15 15:00:00,ecl,aggregate_load,24,45,xgboost,36061.56833032064
2014-10-15 16:00:00,ecl,aggregate_load,24,45,xgboost,39806.20992618284
2014-10-15 17:00:00,ecl,aggregate_load,24,45,xgboost,42091.72240280904
2014-10-15 18:00:00,ecl,aggregate_load,24,45,xgboost,44352.54178231165
2014-10-15 19:00:00,ecl,aggregate_load,24,45,xgboost,51105.67528411321
2014-10-15 20:00:00,ecl,aggregate_load,24,45,xgboost,43452.57692545244
2014-10-15 21:00:00,ecl,aggregate_load,24,45,xgboost,41359.70437086986
2014-10-15 22:00:00,ecl,aggregate_load,24,45,xgboost,48466.963847897096
2014-10-15 23:00:00,ecl,aggregate_load,24,45,xgboost,57289.10007577614
2014-10-16 00:00:00,ecl,aggregate_load,24,45,xgboost,54678.00317869806
2014-10-16 01:00:00,ecl,aggregate_load,24,45,xgboost,53564.96139446492
2014-10-16 02:00:00,ecl,aggregate_load,24,45,xgboost,48852.310149995086
2014-10-16 03:00:00,ecl,aggregate_load,24,45,xgboost,48908.44443167225
2014-10-16 04:00:00,ecl,aggregate_load,24,45,xgboost,48444.57545744313
2014-10-16 05:00:00,ecl,aggregate_load,24,45,xgboost,49104.13394622366
2014-10-16 06:00:00,ecl,aggregate_load,24,45,xgboost,50198.556960841735
2014-10-16 07:00:00,ecl,aggregate_load,24,45,xgboost,49621.0496880761
2014-10-16 08:00:00,ecl,aggregate_load,24,45,xgboost,47673.01958647362
2014-10-16 09:00:00,ecl,aggregate_load,24,45,xgboost,46911.048765029605
2014-10-16 10:00:00,ecl,aggregate_load,24,45,xgboost,56409.16474718552
2014-10-16 11:00:00,ecl,aggregate_load,24,45,xgboost,51322.11234486618
2014-10-16 12:00:00,ecl,aggregate_load,24,45,xgboost,56112.596971689236
2014-10-16 13:00:00,ecl,aggregate_load,24,45,xgboost,30090.366160400503
2014-10-16 14:00:00,ecl,aggregate_load,24,45,xgboost,42323.94142991365
2014-10-16 15:00:00,ecl,aggregate_load,24,45,xgboost,34334.277378194594
2014-10-16 16:00:00,ecl,aggregate_load,24,45,xgboost,42035.11216637586
2014-10-16 17:00:00,ecl,aggregate_load,24,45,xgboost,34776.40073445456
2014-10-16 18:00:00,ecl,aggregate_load,24,45,xgboost,45812.63609122253
2014-10-16 19:00:00,ecl,aggregate_load,24,45,xgboost,47814.043198025414
2014-10-16 20:00:00,ecl,aggregate_load,24,45,xgboost,47752.99159301117
2014-10-16 21:00:00,ecl,aggregate_load,24,45,xgboost,44014.3688565137
2014-10-16 22:00:00,ecl,aggregate_load,24,45,xgboost,44838.058239768514
2014-10-16 23:00:00,ecl,aggregate_load,24,45,xgboost,53493.416182844725
2014-10-17 00:00:00,ecl,aggregate_load,24,45,xgboost,53872.17357999445
2014-10-17 01:00:00,ecl,aggregate_load,24,45,xgboost,53652.71757781083
2014-10-17 02:00:00,ecl,aggregate_load,24,45,xgboost,53155.9663558502
2014-10-17 03:00:00,ecl,aggregate_load,24,45,xgboost,52495.52432788416
2014-10-17 04:00:00,ecl,aggregate_load,24,45,xgboost,49151.14316764043
2014-10-17 05:00:00,ecl,aggregate_load,24,45,xgboost,51525.76834650891
2014-10-17 06:00:00,ecl,aggregate_load,24,45,xgboost,46321.352540863554
2014-10-17 07:00:00,ecl,aggregate_load,24,45,xgboost,43007.784566208575
2014-10-17 08:00:00,ecl,aggregate_load,24,45,xgboost,47709.56778367461
2014-10-17 09:00:00,ecl,aggregate_load,24,45,xgboost,49427.699871559074
2014-10-17 10:00:00,ecl,aggregate_load,24,45,xgboost,43328.049773811705
2014-10-17 11:00:00,ecl,aggregate_load,24,45,xgboost,47828.23063194022
2014-10-17 12:00:00,ecl,aggregate_load,24,45,xgboost,34930.03951730405
2014-10-17 13:00:00,ecl,aggregate_load,24,45,xgboost,30162.45628481824
2014-10-17 14:00:00,ecl,aggregate_load,24,45,xgboost,35930.61393627151
2014-10-17 15:00:00,ecl,aggregate_load,24,45,xgboost,31777.827730278266
2014-10-17 16:00:00,ecl,aggregate_load,24,45,xgboost,44615.37465818198
2014-10-17 17:00:00,ecl,aggregate_load,24,45,xgboost,38991.221423748095
2014-10-17 18:00:00,ecl,aggregate_load,24,45,xgboost,40750.0046240937
2014-10-17 19:00:00,ecl,aggregate_load,24,45,xgboost,51632.64691492068
2014-10-17 20:00:00,ecl,aggregate_load,24,45,xgboost,48884.053995570976
2014-10-17 21:00:00,ecl,aggregate_load,24,45,xgboost,46332.641753511154
2014-10-17 22:00:00,ecl,aggregate_load,24,45,xgboost,48825.34634555929
2014-10-17 23:00:00,ecl,aggregate_load,24,45,xgboost,43182.32290523989
2014-10-18 00:00:00,ecl,aggregate_load,24,45,xgboost,45272.884548597525
2014-10-18 01:00:00,ecl,aggregate_load,24,45,xgboost,47022.32163259587
2014-10-18 02:00:00,ecl,aggregate_load,24,45,xgboost,42036.77517225884
2014-10-18 03:00:00,ecl,aggregate_load,24,45,xgboost,43246.75993063973
2014-10-18 04:00:00,ecl,aggregate_load,24,45,xgboost,47749.825685396696
2014-10-18 05:00:00,ecl,aggregate_load,24,45,xgboost,49421.274874419054
2014-10-18 06:00:00,ecl,aggregate_load,24,45,xgboost,41016.433358200666
2014-10-18 07:00:00,ecl,aggregate_load,24,45,xgboost,45948.477427246624
2014-10-18 08:00:00,ecl,aggregate_load,24,45,xgboost,37490.40126853998
2014-10-18 09:00:00,ecl,aggregate_load,24,45,xgboost,38188.40874280333
2014-10-18 10:00:00,ecl,aggregate_load,24,45,xgboost,34048.857923751006
2014-10-18 11:00:00,ecl,aggregate_load,24,45,xgboost,29228.75182025295
2014-10-18 12:00:00,ecl,aggregate_load,24,45,xgboost,34086.708683481476
2014-10-18 13:00:00,ecl,aggregate_load,24,45,xgboost,44947.098041492434
2014-10-18 14:00:00,ecl,aggregate_load,24,45,xgboost,33194.1415349553
2014-10-18 15:00:00,ecl,aggregate_load,24,45,xgboost,31921.96582950123
2014-10-18 16:00:00,ecl,aggregate_load,24,45,xgboost,33394.835983271776
2014-10-18 17:00:00,ecl,aggregate_load,24,45,xgboost,33851.26215232371
2014-10-18 18:00:00,ecl,aggregate_load,24,45,xgboost,33099.81385596714
2014-10-18 19:00:00,ecl,aggregate_load,24,45,xgboost,41396.528153881634
2014-10-18 20:00:00,ecl,aggregate_load,24,45,xgboost,48822.610252147715
2014-10-18 21:00:00,ecl,aggregate_load,24,45,xgboost,56047.02595589516
2014-10-18 22:00:00,ecl,aggregate_load,24,45,xgboost,62221.648970038514
2014-10-18 23:00:00,ecl,aggregate_load,24,45,xgboost,56558.35524232351
2014-10-19 00:00:00,ecl,aggregate_load,24,45,xgboost,62985.95736517781
2014-10-19 01:00:00,ecl,aggregate_load,24,45,xgboost,60237.657216803374
2014-10-19 02:00:00,ecl,aggregate_load,24,45,xgboost,63545.31155931274
2014-10-19 03:00:00,ecl,aggregate_load,24,45,xgboost,61021.304855964794
2014-10-19 04:00:00,ecl,aggregate_load,24,45,xgboost,65291.632757260115
2014-10-19 05:00:00,ecl,aggregate_load,24,45,xgboost,73957.80391142423
2014-10-19 06:00:00,ecl,aggregate_load,24,45,xgboost,70823.30295677575
2014-10-19 07:00:00,ecl,aggregate_load,24,45,xgboost,74992.80189016578
2014-10-19 08:00:00,ecl,aggregate_load,24,45,xgboost,67029.27921577245
2014-10-19 09:00:00,ecl,aggregate_load,24,45,xgboost,65077.34570440146
2014-10-19 10:00:00,ecl,aggregate_load,24,45,xgboost,65816.86971709722
2014-10-19 11:00:00,ecl,aggregate_load,24,45,xgboost,62741.363314445094
2014-10-19 12:00:00,ecl,aggregate_load,24,45,xgboost,54073.957985294575
2014-10-19 13:00:00,ecl,aggregate_load,24,45,xgboost,56511.882909978674
2014-10-19 14:00:00,ecl,aggregate_load,24,45,xgboost,59079.73780795274
2014-10-19 15:00:00,ecl,aggregate_load,24,45,xgboost,51566.829272086004
2014-10-19 16:00:00,ecl,aggregate_load,24,45,xgboost,55848.019181140065
2014-10-19 17:00:00,ecl,aggregate_load,24,45,xgboost,53061.097390007955
2014-10-19 18:00:00,ecl,aggregate_load,24,45,xgboost,47620.80504577991
2014-10-19 19:00:00,ecl,aggregate_load,24,45,xgboost,51096.983740282296
2014-10-19 20:00:00,ecl,aggregate_load,24,45,xgboost,51577.461898153204
2014-10-19 21:00:00,ecl,aggregate_load,24,45,xgboost,45134.63933166815
2014-10-19 22:00:00,ecl,aggregate_load,24,45,xgboost,61116.01359777332
2014-10-19 23:00:00,ecl,aggregate_load,24,45,xgboost,70163.1885229617
2014-10-20 00:00:00,ecl,aggregate_load,24,45,xgboost,64185.675280315416
2014-10-20 01:00:00,ecl,aggregate_load,24,45,xgboost,51871.127814065
2014-10-20 02:00:00,ecl,aggregate_load,24,45,xgboost,51188.09451952199
2014-10-20 03:00:00,ecl,aggregate_load,24,45,xgboost,45662.85924821972
2014-10-20 04:00:00,ecl,aggregate_load,24,45,xgboost,40901.1829504227
2014-10-20 05:00:00,ecl,aggregate_load,24,45,xgboost,41327.84525300196
2014-10-20 06:00:00,ecl,aggregate_load,24,45,xgboost,27536.14754308392
2014-10-20 07:00:00,ecl,aggregate_load,24,45,xgboost,31783.692816558207
2014-10-20 08:00:00,ecl,aggregate_load,24,45,xgboost,32387.086684089674
2014-10-20 09:00:00,ecl,aggregate_load,24,45,xgboost,34868.00778936665
2014-10-20 10:00:00,ecl,aggregate_load,24,45,xgboost,35160.96942275769
2014-10-20 11:00:00,ecl,aggregate_load,24,45,xgboost,21133.339099437733
2014-10-20 12:00:00,ecl,aggregate_load,24,45,xgboost,17876.411555595503
2014-10-20 13:00:00,ecl,aggregate_load,24,45,xgboost,25983.401576264645
2014-10-20 14:00:00,ecl,aggregate_load,24,45,xgboost,21630.688981087627
2014-10-20 15:00:00,ecl,aggregate_load,24,45,xgboost,22289.03116269267
2014-10-20 16:00:00,ecl,aggregate_load,24,45,xgboost,27085.288649369366
2014-10-20 17:00:00,ecl,aggregate_load,24,45,xgboost,23410.73146820308
2014-10-20 18:00:00,ecl,aggregate_load,24,45,xgboost,24490.38966381927
2014-10-20 19:00:00,ecl,aggregate_load,24,45,xgboost,24326.29699439131
2014-10-20 20:00:00,ecl,aggregate_load,24,45,xgboost,23373.873668637418
2014-10-20 21:00:00,ecl,aggregate_load,24,45,xgboost,24796.746629559082
2014-10-20 22:00:00,ecl,aggregate_load,24,45,xgboost,30073.823124655577
2014-10-20 23:00:00,ecl,aggregate_load,24,45,xgboost,25712.570556059352
2014-10-21 00:00:00,ecl,aggregate_load,24,45,xgboost,22221.062730534602
2014-10-21 01:00:00,ecl,aggregate_load,24,45,xgboost,21694.147346027636
2014-10-21 02:00:00,ecl,aggregate_load,24,45,xgboost,22189.96889682143
2014-10-21 03:00:00,ecl,aggregate_load,24,45,xgboost,21505.44711952691
2014-10-21 04:00:00,ecl,aggregate_load,24,45,xgboost,18550.87101671157
2014-10-21 05:00:00,ecl,aggregate_load,24,45,xgboost,17641.740046756724
2014-10-21 06:00:00,ecl,aggregate_load,24,45,xgboost,19351.092321161388
2014-10-21 07:00:00,ecl,aggregate_load,24,45,xgboost,19326.407788049517
2014-10-21 08:00:00,ecl,aggregate_load,24,45,xgboost,20713.394836992004
2014-10-21 09:00:00,ecl,aggregate_load,24,45,xgboost,19153.932219652277
2014-10-21 10:00:00,ecl,aggregate_load,24,45,xgboost,17835.103714630368
2014-10-21 11:00:00,ecl,aggregate_load,24,45,xgboost,25755.52179546986
2014-10-21 12:00:00,ecl,aggregate_load,24,45,xgboost,26401.41366893603
2014-10-21 13:00:00,ecl,aggregate_load,24,45,xgboost,33251.09316107786
2014-10-21 14:00:00,ecl,aggregate_load,24,45,xgboost,26581.82707403981
2014-10-21 15:00:00,ecl,aggregate_load,24,45,xgboost,26222.143115467854
2014-10-21 16:00:00,ecl,aggregate_load,24,45,xgboost,25708.443195659172
2014-10-21 17:00:00,ecl,aggregate_load,24,45,xgboost,32162.67825041164
2014-10-21 18:00:00,ecl,aggregate_load,24,45,xgboost,36163.94518492861
2014-10-21 19:00:00,ecl,aggregate_load,24,45,xgboost,41041.8785064713
2014-10-21 20:00:00,ecl,aggregate_load,24,45,xgboost,41816.97678420643
2014-10-21 21:00:00,ecl,aggregate_load,24,45,xgboost,44124.43231856183
2014-10-21 22:00:00,ecl,aggregate_load,24,45,xgboost,34229.85127852505
2014-10-21 23:00:00,ecl,aggregate_load,24,45,xgboost,34952.18375976386
2014-10-22 00:00:00,ecl,aggregate_load,24,45,xgboost,39531.858052798234
2014-10-22 01:00:00,ecl,aggregate_load,24,45,xgboost,40603.20889113721
2014-10-22 02:00:00,ecl,aggregate_load,24,45,xgboost,43079.04449442846
2014-10-22 03:00:00,ecl,aggregate_load,24,45,xgboost,43920.73324575542
2014-10-22 04:00:00,ecl,aggregate_load,24,45,xgboost,41014.258478996104
2014-10-22 05:00:00,ecl,aggregate_load,24,45,xgboost,47859.51512653128
2014-10-22 06:00:00,ecl,aggregate_load,24,45,xgboost,45413.013667405954
2014-10-22 07:00:00,ecl,aggregate_load,24,45,xgboost,43218.12688298859
2014-10-22 08:00:00,ecl,aggregate_load,24,45,xgboost,45053.2974979466
2014-10-22 09:00:00,ecl,aggregate_load,24,45,xgboost,42421.55475992816
2014-10-22 10:00:00,ecl,aggregate_load,24,45,xgboost,44875.98147718434
2014-10-22 11:00:00,ecl,aggregate_load,24,45,xgboost,41432.83676514246
2014-10-22 12:00:00,ecl,aggregate_load,24,45,xgboost,44382.35794354948
2014-10-22 13:00:00,ecl,aggregate_load,24,45,xgboost,43658.3899717462
2014-10-22 14:00:00,ecl,aggregate_load,24,45,xgboost,47304.598320841986
2014-10-22 15:00:00,ecl,aggregate_load,24,45,xgboost,45158.43050323933
2014-10-22 16:00:00,ecl,aggregate_load,24,45,xgboost,41878.94627494162
2014-10-22 17:00:00,ecl,aggregate_load,24,45,xgboost,57031.4945628886
2014-10-22 18:00:00,ecl,aggregate_load,24,45,xgboost,59618.252298761974
2014-10-22 19:00:00,ecl,aggregate_load,24,45,xgboost,58694.851501604375
2014-10-22 20:00:00,ecl,aggregate_load,24,45,xgboost,54789.31547112209
2014-10-22 21:00:00,ecl,aggregate_load,24,45,xgboost,57003.30230141816
2014-10-22 22:00:00,ecl,aggregate_load,24,45,xgboost,48741.44856030307
2014-10-22 23:00:00,ecl,aggregate_load,24,45,xgboost,58202.11401991127
2014-10-23 00:00:00,ecl,aggregate_load,24,45,xgboost,58462.21947946722
2014-10-23 01:00:00,ecl,aggregate_load,24,45,xgboost,53608.757026951505
2014-10-23 02:00:00,ecl,aggregate_load,24,45,xgboost,58431.425258346484
2014-10-23 03:00:00,ecl,aggregate_load,24,45,xgboost,55430.99618721776
2014-10-23 04:00:00,ecl,aggregate_load,24,45,xgboost,67071.21369491442
2014-10-23 05:00:00,ecl,aggregate_load,24,45,xgboost,49316.28712678969
2014-10-23 06:00:00,ecl,aggregate_load,24,45,xgboost,63711.273920925276
2014-10-23 07:00:00,ecl,aggregate_load,24,45,xgboost,64005.050804081635
2014-10-23 08:00:00,ecl,aggregate_load,24,45,xgboost,60909.48659058849
2014-10-23 09:00:00,ecl,aggregate_load,24,45,xgboost,51546.88796910912
2014-10-23 10:00:00,ecl,aggregate_load,24,45,xgboost,62252.40949342833
2014-10-23 11:00:00,ecl,aggregate_load,24,45,xgboost,60730.88135944763
2014-10-23 12:00:00,ecl,aggregate_load,24,45,xgboost,44062.92911493633
2014-10-23 13:00:00,ecl,aggregate_load,24,45,xgboost,44028.788304556125
2014-10-23 14:00:00,ecl,aggregate_load,24,45,xgboost,32883.64018659267
2014-10-23 15:00:00,ecl,aggregate_load,24,45,xgboost,30745.49275082941
2014-10-23 16:00:00,ecl,aggregate_load,24,45,xgboost,37765.49247396071
2014-10-23 17:00:00,ecl,aggregate_load,24,45,xgboost,35047.414017235256
2014-10-23 18:00:00,ecl,aggregate_load,24,45,xgboost,36887.5622478222
2014-10-23 19:00:00,ecl,aggregate_load,24,45,xgboost,35418.36206217048
2014-10-23 20:00:00,ecl,aggregate_load,24,45,xgboost,30969.2638120178
2014-10-23 21:00:00,ecl,aggregate_load,24,45,xgboost,33073.52404161743
2014-10-23 22:00:00,ecl,aggregate_load,24,45,xgboost,26965.168114346667
2014-10-23 23:00:00,ecl,aggregate_load,24,45,xgboost,24398.198238747038
2014-10-24 00:00:00,ecl,aggregate_load,24,45,xgboost,21042.287765768237
2014-10-24 01:00:00,ecl,aggregate_load,24,45,xgboost,24215.39798108893
2014-10-24 02:00:00,ecl,aggregate_load,24,45,xgboost,21112.65545380312
2014-10-24 03:00:00,ecl,aggregate_load,24,45,xgboost,20859.494480226498
2014-10-24 04:00:00,ecl,aggregate_load,24,45,xgboost,21099.0725664408
2014-10-24 05:00:00,ecl,aggregate_load,24,45,xgboost,24048.587524357357
2014-10-24 06:00:00,ecl,aggregate_load,24,45,xgboost,17216.735181510696
2014-10-24 07:00:00,ecl,aggregate_load,24,45,xgboost,19069.703077318412
2014-10-24 08:00:00,ecl,aggregate_load,24,45,xgboost,20764.08258699945
2014-10-24 09:00:00,ecl,aggregate_load,24,45,xgboost,19999.657638643403
2014-10-24 10:00:00,ecl,aggregate_load,24,45,xgboost,24526.135062105343
2014-10-24 11:00:00,ecl,aggregate_load,24,45,xgboost,21384.34563150894
2014-10-24 12:00:00,ecl,aggregate_load,24,45,xgboost,25214.236240049864
2014-10-24 13:00:00,ecl,aggregate_load,24,45,xgboost,29788.494362871093
2014-10-24 14:00:00,ecl,aggregate_load,24,45,xgboost,21990.12506546477
2014-10-24 15:00:00,ecl,aggregate_load,24,45,xgboost,17588.06003711897
2014-10-24 16:00:00,ecl,aggregate_load,24,45,xgboost,19488.68321041219
2014-10-24 17:00:00,ecl,aggregate_load,24,45,xgboost,20800.98680759841
2014-10-24 18:00:00,ecl,aggregate_load,24,45,xgboost,19350.470391247833
2014-10-24 19:00:00,ecl,aggregate_load,24,45,xgboost,18686.51858900864
2014-10-24 20:00:00,ecl,aggregate_load,24,45,xgboost,19977.25209146454
2014-10-24 21:00:00,ecl,aggregate_load,24,45,xgboost,15023.986327727098
2014-10-24 22:00:00,ecl,aggregate_load,24,45,xgboost,14674.33689077915
2014-10-24 23:00:00,ecl,aggregate_load,24,45,xgboost,22925.93288011764
2014-10-25 00:00:00,ecl,aggregate_load,24,45,xgboost,17241.631037999236
2014-10-25 01:00:00,ecl,aggregate_load,24,45,xgboost,19340.80021733088
2014-10-25 02:00:00,ecl,aggregate_load,24,45,xgboost,40700.2360847458
2014-10-25 03:00:00,ecl,aggregate_load,24,45,xgboost,41201.83507615765
2014-10-25 04:00:00,ecl,aggregate_load,24,45,xgboost,38885.871686510145
2014-10-25 05:00:00,ecl,aggregate_load,24,45,xgboost,41645.34059820489
2014-10-25 06:00:00,ecl,aggregate_load,24,45,xgboost,40820.06248234197
2014-10-25 07:00:00,ecl,aggregate_load,24,45,xgboost,43700.17737869834
2014-10-25 08:00:00,ecl,aggregate_load,24,45,xgboost,40383.786469528124
2014-10-25 09:00:00,ecl,aggregate_load,24,45,xgboost,43015.66154528777
2014-10-25 10:00:00,ecl,aggregate_load,24,45,xgboost,42125.9856327608
2014-10-25 11:00:00,ecl,aggregate_load,24,45,xgboost,41952.931814151794
2014-10-25 12:00:00,ecl,aggregate_load,24,45,xgboost,47084.28858614171
2014-10-25 13:00:00,ecl,aggregate_load,24,45,xgboost,41608.59479481121
2014-10-25 14:00:00,ecl,aggregate_load,24,45,xgboost,44002.735247911296
2014-10-25 15:00:00,ecl,aggregate_load,24,45,xgboost,37399.36179735657
2014-10-25 16:00:00,ecl,aggregate_load,24,45,xgboost,44209.669701151994
2014-10-25 17:00:00,ecl,aggregate_load,24,45,xgboost,48638.514994679565
2014-10-25 18:00:00,ecl,aggregate_load,24,45,xgboost,56678.12772273959
2014-10-25 19:00:00,ecl,aggregate_load,24,45,xgboost,40759.257616695286
2014-10-25 20:00:00,ecl,aggregate_load,24,45,xgboost,37688.9379608226
2014-10-25 21:00:00,ecl,aggregate_load,24,45,xgboost,37859.80482767263
2014-10-25 22:00:00,ecl,aggregate_load,24,45,xgboost,39505.08235057729
2014-10-25 23:00:00,ecl,aggregate_load,24,45,xgboost,50103.694316873094
2014-10-26 00:00:00,ecl,aggregate_load,24,45,xgboost,42660.26610957212
2014-10-26 01:00:00,ecl,aggregate_load,24,45,xgboost,41806.59590455927
2014-10-26 02:00:00,ecl,aggregate_load,24,45,xgboost,50377.91993447719
2014-10-26 03:00:00,ecl,aggregate_load,24,45,xgboost,42885.26207133169
2014-10-26 04:00:00,ecl,aggregate_load,24,45,xgboost,47177.23010670019
2014-10-26 05:00:00,ecl,aggregate_load,24,45,xgboost,41123.4196844759
2014-10-26 06:00:00,ecl,aggregate_load,24,45,xgboost,41440.73511241357
2014-10-26 07:00:00,ecl,aggregate_load,24,45,xgboost,40312.392143246085
2014-10-26 08:00:00,ecl,aggregate_load,24,45,xgboost,44604.61942313943
2014-10-26 09:00:00,ecl,aggregate_load,24,45,xgboost,44091.286196478584
2014-10-26 10:00:00,ecl,aggregate_load,24,45,xgboost,46906.109877199786
2014-10-26 11:00:00,ecl,aggregate_load,24,45,xgboost,48581.69041178302
2014-10-26 12:00:00,ecl,aggregate_load,24,45,xgboost,37767.689356865674
2014-10-26 13:00:00,ecl,aggregate_load,24,45,xgboost,36244.42490807875
2014-10-26 14:00:00,ecl,aggregate_load,24,45,xgboost,33774.95168762541
2014-10-26 15:00:00,ecl,aggregate_load,24,45,xgboost,31082.841671929393
2014-10-26 16:00:00,ecl,aggregate_load,24,45,xgboost,33582.999794806936
2014-10-26 17:00:00,ecl,aggregate_load,24,45,xgboost,27660.533292383378
2014-10-26 18:00:00,ecl,aggregate_load,24,45,xgboost,28794.166978397956
2014-10-26 19:00:00,ecl,aggregate_load,24,45,xgboost,36702.3118215057
2014-10-26 20:00:00,ecl,aggregate_load,24,45,xgboost,28872.764564793786
2014-10-26 21:00:00,ecl,aggregate_load,24,45,xgboost,27690.430938954272
2014-10-26 22:00:00,ecl,aggregate_load,24,45,xgboost,26847.450479878837
2014-10-26 23:00:00,ecl,aggregate_load,24,45,xgboost,28345.92927151547
2014-10-27 00:00:00,ecl,aggregate_load,24,45,xgboost,26920.340590997122
2014-10-27 01:00:00,ecl,aggregate_load,24,45,xgboost,34897.06937328987
2014-10-27 02:00:00,ecl,aggregate_load,24,45,xgboost,23896.78990393099
2014-10-27 03:00:00,ecl,aggregate_load,24,45,xgboost,20992.22606683378
2014-10-27 04:00:00,ecl,aggregate_load,24,45,xgboost,20616.042279977035
2014-10-27 05:00:00,ecl,aggregate_load,24,45,xgboost,22153.731505409785
2014-10-27 06:00:00,ecl,aggregate_load,24,45,xgboost,16911.439086808947
2014-10-27 07:00:00,ecl,aggregate_load,24,45,xgboost,16424.282393448546
2014-10-27 08:00:00,ecl,aggregate_load,24,45,xgboost,16842.677825436967
2014-10-27 09:00:00,ecl,aggregate_load,24,45,xgboost,16131.587158523726
2014-10-27 10:00:00,ecl,aggregate_load,24,45,xgboost,14434.206543933498
2014-10-27 11:00:00,ecl,aggregate_load,24,45,xgboost,19418.472065823287
2014-10-27 12:00:00,ecl,aggregate_load,24,45,xgboost,19703.05968765607
2014-10-27 13:00:00,ecl,aggregate_load,24,45,xgboost,14652.72257280945
2014-10-27 14:00:00,ecl,aggregate_load,24,45,xgboost,16419.73064967908
2014-10-27 15:00:00,ecl,aggregate_load,24,45,xgboost,18592.331330090678
2014-10-27 16:00:00,ecl,aggregate_load,24,45,xgboost,17165.71700033626
2014-10-27 17:00:00,ecl,aggregate_load,24,45,xgboost,21350.304927659992
2014-10-27 18:00:00,ecl,aggregate_load,24,45,xgboost,23318.20620146455
2014-10-27 19:00:00,ecl,aggregate_load,24,45,xgboost,23463.823663717234
2014-10-27 20:00:00,ecl,aggregate_load,24,45,xgboost,22811.861241412127
2014-10-27 21:00:00,ecl,aggregate_load,24,45,xgboost,27768.115073610436
2014-10-27 22:00:00,ecl,aggregate_load,24,45,xgboost,25271.07250421826
2014-10-27 23:00:00,ecl,aggregate_load,24,45,xgboost,25346.417760656175
2014-10-28 00:00:00,ecl,aggregate_load,24,45,xgboost,20486.122972850837
2014-10-28 01:00:00,ecl,aggregate_load,24,45,xgboost,23529.00607624395
2014-10-28 02:00:00,ecl,aggregate_load,24,45,xgboost,28046.434226550056
2014-10-28 03:00:00,ecl,aggregate_load,24,45,xgboost,33119.70525342455
2014-10-28 04:00:00,ecl,aggregate_load,24,45,xgboost,29890.300433992903
2014-10-28 05:00:00,ecl,aggregate_load,24,45,xgboost,31301.814312976698
2014-10-28 06:00:00,ecl,aggregate_load,24,45,xgboost,33084.015336920835
2014-10-28 07:00:00,ecl,aggregate_load,24,45,xgboost,35283.38946818418
2014-10-28 08:00:00,ecl,aggregate_load,24,45,xgboost,32517.263279704322
2014-10-28 09:00:00,ecl,aggregate_load,24,45,xgboost,38163.15368412194
2014-10-28 10:00:00,ecl,aggregate_load,24,45,xgboost,33037.67419162002
2014-10-28 11:00:00,ecl,aggregate_load,24,45,xgboost,29892.821697602685
2014-10-28 12:00:00,ecl,aggregate_load,24,45,xgboost,36329.69296699756
2014-10-28 13:00:00,ecl,aggregate_load,24,45,xgboost,27377.987636266625
2014-10-28 14:00:00,ecl,aggregate_load,24,45,xgboost,23939.00096427411
2014-10-28 15:00:00,ecl,aggregate_load,24,45,xgboost,23395.35152885223
2014-10-28 16:00:00,ecl,aggregate_load,24,45,xgboost,28534.743346748422
2014-10-28 17:00:00,ecl,aggregate_load,24,45,xgboost,24826.78281916496
2014-10-28 18:00:00,ecl,aggregate_load,24,45,xgboost,24991.01330133385
2014-10-28 19:00:00,ecl,aggregate_load,24,45,xgboost,20837.16225898647
2014-10-28 20:00:00,ecl,aggregate_load,24,45,xgboost,18622.737331807108
2014-10-28 21:00:00,ecl,aggregate_load,24,45,xgboost,17737.166414314703
2014-10-28 22:00:00,ecl,aggregate_load,24,45,xgboost,16551.91180313988
2014-10-28 23:00:00,ecl,aggregate_load,24,45,xgboost,15086.241775145709
2014-10-29 00:00:00,ecl,aggregate_load,24,45,xgboost,21171.815226727907
2014-10-29 01:00:00,ecl,aggregate_load,24,45,xgboost,24080.736141192727
2014-10-29 02:00:00,ecl,aggregate_load,24,45,xgboost,24674.854245485098
2014-10-29 03:00:00,ecl,aggregate_load,24,45,xgboost,27978.199762602075
2014-10-29 04:00:00,ecl,aggregate_load,24,45,xgboost,30304.63523876855
2014-10-29 05:00:00,ecl,aggregate_load,24,45,xgboost,28674.16989390804
2014-10-29 06:00:00,ecl,aggregate_load,24,45,xgboost,28421.319377712887
2014-10-29 07:00:00,ecl,aggregate_load,24,45,xgboost,28234.28601059988
2014-10-29 08:00:00,ecl,aggregate_load,24,45,xgboost,30218.153968967617
2014-10-29 09:00:00,ecl,aggregate_load,24,45,xgboost,31628.246353534534
2014-10-29 10:00:00,ecl,aggregate_load,24,45,xgboost,26432.24884354581
2014-10-29 11:00:00,ecl,aggregate_load,24,45,xgboost,27171.574845257157
2014-10-29 12:00:00,ecl,aggregate_load,24,45,xgboost,29623.617452349343
2014-10-29 13:00:00,ecl,aggregate_load,24,45,xgboost,34742.85115652226
2014-10-29 14:00:00,ecl,aggregate_load,24,45,xgboost,27691.77428140014
2014-10-29 15:00:00,ecl,aggregate_load,24,45,xgboost,28800.20969660117
2014-10-29 16:00:00,ecl,aggregate_load,24,45,xgboost,32212.40925119986
2014-10-29 17:00:00,ecl,aggregate_load,24,45,xgboost,32579.70732739856
2014-10-29 18:00:00,ecl,aggregate_load,24,45,xgboost,24568.49618775571
2014-10-29 19:00:00,ecl,aggregate_load,24,45,xgboost,25804.094351265754
2014-10-29 20:00:00,ecl,aggregate_load,24,45,xgboost,20137.27591566397
2014-10-29 21:00:00,ecl,aggregate_load,24,45,xgboost,19403.56721542324
2014-10-29 22:00:00,ecl,aggregate_load,24,45,xgboost,16230.337152736256
2014-10-29 23:00:00,ecl,aggregate_load,24,45,xgboost,18720.87212980283
2014-10-30 00:00:00,ecl,aggregate_load,24,45,xgboost,18015.457592002418
2014-10-30 01:00:00,ecl,aggregate_load,24,45,xgboost,14307.499930919004
2014-10-30 02:00:00,ecl,aggregate_load,24,45,xgboost,17489.2053486681
2014-10-30 03:00:00,ecl,aggregate_load,24,45,xgboost,19228.42544705128
2014-10-30 04:00:00,ecl,aggregate_load,24,45,xgboost,19281.42648576737
2014-10-30 05:00:00,ecl,aggregate_load,24,45,xgboost,20748.218114845266
2014-10-30 06:00:00,ecl,aggregate_load,24,45,xgboost,21113.618251078504
2014-10-30 07:00:00,ecl,aggregate_load,24,45,xgboost,20437.865203662546
2014-10-30 08:00:00,ecl,aggregate_load,24,45,xgboost,20104.542255019678
2014-10-30 09:00:00,ecl,aggregate_load,24,45,xgboost,22950.761416951456
2014-10-30 10:00:00,ecl,aggregate_load,24,45,xgboost,21033.707094085225
2014-10-30 11:00:00,ecl,aggregate_load,24,45,xgboost,21282.607230856174
2014-10-30 12:00:00,ecl,aggregate_load,24,45,xgboost,20906.30690176455
2014-10-30 13:00:00,ecl,aggregate_load,24,45,xgboost,18886.15373970536
2014-10-30 14:00:00,ecl,aggregate_load,24,45,xgboost,18229.134929615127
2014-10-30 15:00:00,ecl,aggregate_load,24,45,xgboost,22516.47539489977
2014-10-30 16:00:00,ecl,aggregate_load,24,45,xgboost,21894.502085457905
2014-10-30 17:00:00,ecl,aggregate_load,24,45,xgboost,21873.20378580452
2014-10-30 18:00:00,ecl,aggregate_load,24,45,xgboost,21782.127204406643
2014-10-30 19:00:00,ecl,aggregate_load,24,45,xgboost,21970.151532269967
2014-10-30 20:00:00,ecl,aggregate_load,24,45,xgboost,21312.489312988426
2014-10-30 21:00:00,ecl,aggregate_load,24,45,xgboost,19562.246617594537
2014-10-30 22:00:00,ecl,aggregate_load,24,45,xgboost,18580.201987011613
2014-10-30 23:00:00,ecl,aggregate_load,24,45,xgboost,13891.79802024013
2014-10-31 00:00:00,ecl,aggregate_load,24,45,xgboost,14029.91610965002
2014-10-31 01:00:00,ecl,aggregate_load,24,45,xgboost,11366.993221584906
2014-10-31 02:00:00,ecl,aggregate_load,24,45,xgboost,18385.60354192372
2014-10-31 03:00:00,ecl,aggregate_load,24,45,xgboost,15122.331945056665
2014-10-31 04:00:00,ecl,aggregate_load,24,45,xgboost,15567.374329405897
2014-10-31 05:00:00,ecl,aggregate_load,24,45,xgboost,14711.921743518646
2014-10-31 06:00:00,ecl,aggregate_load,24,45,xgboost,15878.809483866598
2014-10-31 07:00:00,ecl,aggregate_load,24,45,xgboost,14291.461976841883
2014-10-31 08:00:00,ecl,aggregate_load,24,45,xgboost,13401.74423219137
2014-10-31 09:00:00,ecl,aggregate_load,24,45,xgboost,11187.387283392092
2014-10-31 10:00:00,ecl,aggregate_load,24,45,xgboost,14934.884619708284
2014-10-31 11:00:00,ecl,aggregate_load,24,45,xgboost,21977.36251530088
2014-10-31 12:00:00,ecl,aggregate_load,24,45,xgboost,16518.18358893052
2014-10-31 13:00:00,ecl,aggregate_load,24,45,xgboost,18641.619840494128
2014-10-31 14:00:00,ecl,aggregate_load,24,45,xgboost,20213.911558441996
2014-10-31 15:00:00,ecl,aggregate_load,24,45,xgboost,23634.28928622937
2014-10-31 16:00:00,ecl,aggregate_load,24,45,xgboost,28302.744549679905
2014-10-31 17:00:00,ecl,aggregate_load,24,45,xgboost,32078.698114776333
2014-10-31 18:00:00,ecl,aggregate_load,24,45,xgboost,28902.11741710817
2014-10-31 19:00:00,ecl,aggregate_load,24,45,xgboost,34165.61034927332
2014-10-31 20:00:00,ecl,aggregate_load,24,45,xgboost,28258.667538779613
2014-10-31 21:00:00,ecl,aggregate_load,24,45,xgboost,29204.336942147336
2014-10-31 22:00:00,ecl,aggregate_load,24,45,xgboost,28586.276500427728
2014-10-31 23:00:00,ecl,aggregate_load,24,45,xgboost,25466.599629078915
2014-11-01 00:00:00,ecl,aggregate_load,24,45,xgboost,76864.29810603832
2014-11-01 01:00:00,ecl,aggregate_load,24,45,xgboost,70040.03729207214
2014-11-01 02:00:00,ecl,aggregate_load,24,45,xgboost,63801.54686939724
2014-11-01 03:00:00,ecl,aggregate_load,24,45,xgboost,60157.49095528437
2014-11-01 04:00:00,ecl,aggregate_load,24,45,xgboost,59820.95499922752
2014-11-01 05:00:00,ecl,aggregate_load,24,45,xgboost,55735.244043711864
2014-11-01 06:00:00,ecl,aggregate_load,24,45,xgboost,56134.275763483165
2014-11-01 07:00:00,ecl,aggregate_load,24,45,xgboost,58720.801080578785
2014-11-01 08:00:00,ecl,aggregate_load,24,45,xgboost,59836.30442703253
2014-11-01 09:00:00,ecl,aggregate_load,24,45,xgboost,58389.006903622096
2014-11-01 10:00:00,ecl,aggregate_load,24,45,xgboost,65060.51259318105
2014-11-01 11:00:00,ecl,aggregate_load,24,45,xgboost,62506.30047935201
2014-11-01 12:00:00,ecl,aggregate_load,24,45,xgboost,47888.300511372734
2014-11-01 13:00:00,ecl,aggregate_load,24,45,xgboost,29100.13709370718
2014-11-01 14:00:00,ecl,aggregate_load,24,45,xgboost,32636.200519055885
2014-11-01 15:00:00,ecl,aggregate_load,24,45,xgboost,36610.89902561824
2014-11-01 16:00:00,ecl,aggregate_load,24,45,xgboost,40125.64857993428
2014-11-01 17:00:00,ecl,aggregate_load,24,45,xgboost,39989.43326590391
2014-11-01 18:00:00,ecl,aggregate_load,24,45,xgboost,40550.52059979723
2014-11-01 19:00:00,ecl,aggregate_load,24,45,xgboost,31349.92348098684
2014-11-01 20:00:00,ecl,aggregate_load,24,45,xgboost,45039.28993416533
2014-11-01 21:00:00,ecl,aggregate_load,24,45,xgboost,45992.0135672038
2014-11-01 22:00:00,ecl,aggregate_load,24,45,xgboost,51626.3792808013
2014-11-01 23:00:00,ecl,aggregate_load,24,45,xgboost,43057.28019128821
2014-11-02 00:00:00,ecl,aggregate_load,24,45,xgboost,49860.31101610764
2014-11-02 01:00:00,ecl,aggregate_load,24,45,xgboost,49130.51378078384
2014-11-02 02:00:00,ecl,aggregate_load,24,45,xgboost,39437.734110183126
2014-11-02 03:00:00,ecl,aggregate_load,24,45,xgboost,33423.34752663953
2014-11-02 04:00:00,ecl,aggregate_load,24,45,xgboost,28559.248031795727
2014-11-02 05:00:00,ecl,aggregate_load,24,45,xgboost,33888.21995598454
2014-11-02 06:00:00,ecl,aggregate_load,24,45,xgboost,38753.84788348647
2014-11-02 07:00:00,ecl,aggregate_load,24,45,xgboost,31125.498038585978
2014-11-02 08:00:00,ecl,aggregate_load,24,45,xgboost,32688.415667147678
2014-11-02 09:00:00,ecl,aggregate_load,24,45,xgboost,33806.89629410528
2014-11-02 10:00:00,ecl,aggregate_load,24,45,xgboost,40413.04061093817
2014-11-02 11:00:00,ecl,aggregate_load,24,45,xgboost,38263.009501584194
2014-11-02 12:00:00,ecl,aggregate_load,24,45,xgboost,49678.31218317873
2014-11-02 13:00:00,ecl,aggregate_load,24,45,xgboost,39568.72646036397
2014-11-02 14:00:00,ecl,aggregate_load,24,45,xgboost,47044.30806912543
2014-11-02 15:00:00,ecl,aggregate_load,24,45,xgboost,48651.08818415142
2014-11-02 16:00:00,ecl,aggregate_load,24,45,xgboost,49113.18408133565
2014-11-02 17:00:00,ecl,aggregate_load,24,45,xgboost,47993.761267054884
2014-11-02 18:00:00,ecl,aggregate_load,24,45,xgboost,48717.4499472251
2014-11-02 19:00:00,ecl,aggregate_load,24,45,xgboost,49053.88560328158
2014-11-02 20:00:00,ecl,aggregate_load,24,45,xgboost,50639.310721422626
2014-11-02 21:00:00,ecl,aggregate_load,24,45,xgboost,54623.14775572463
2014-11-02 22:00:00,ecl,aggregate_load,24,45,xgboost,57070.45594398518
2014-11-02 23:00:00,ecl,aggregate_load,24,45,xgboost,39279.894879542575
2014-11-03 00:00:00,ecl,aggregate_load,24,45,xgboost,48227.87381502957
2014-11-03 01:00:00,ecl,aggregate_load,24,45,xgboost,49059.149829224916
2014-11-03 02:00:00,ecl,aggregate_load,24,45,xgboost,47082.987820276176
2014-11-03 03:00:00,ecl,aggregate_load,24,45,xgboost,40652.56159820213
2014-11-03 04:00:00,ecl,aggregate_load,24,45,xgboost,37267.158009784915
2014-11-03 05:00:00,ecl,aggregate_load,24,45,xgboost,36060.03749965554
2014-11-03 06:00:00,ecl,aggregate_load,24,45,xgboost,43958.66384495443
2014-11-03 07:00:00,ecl,aggregate_load,24,45,xgboost,41761.263566102854
2014-11-03 08:00:00,ecl,aggregate_load,24,45,xgboost,40615.99619105219
2014-11-03 09:00:00,ecl,aggregate_load,24,45,xgboost,44357.059588987846
2014-11-03 10:00:00,ecl,aggregate_load,24,45,xgboost,55170.259433218416
2014-11-03 11:00:00,ecl,aggregate_load,24,45,xgboost,54667.61776389632
2014-11-03 12:00:00,ecl,aggregate_load,24,45,xgboost,47219.17211878354
2014-11-03 13:00:00,ecl,aggregate_load,24,45,xgboost,36351.48856601917
2014-11-03 14:00:00,ecl,aggregate_load,24,45,xgboost,30066.411593675275
2014-11-03 15:00:00,ecl,aggregate_load,24,45,xgboost,32098.51137727364
2014-11-03 16:00:00,ecl,aggregate_load,24,45,xgboost,36618.926221724425
2014-11-03 17:00:00,ecl,aggregate_load,24,45,xgboost,34624.80096130358
2014-11-03 18:00:00,ecl,aggregate_load,24,45,xgboost,34175.03479233451
2014-11-03 19:00:00,ecl,aggregate_load,24,45,xgboost,30657.385514354228
2014-11-03 20:00:00,ecl,aggregate_load,24,45,xgboost,29533.575069895935
2014-11-03 21:00:00,ecl,aggregate_load,24,45,xgboost,33142.37751945976
2014-11-03 22:00:00,ecl,aggregate_load,24,45,xgboost,36524.378582732126
2014-11-03 23:00:00,ecl,aggregate_load,24,45,xgboost,35465.55903347161
2014-11-04 00:00:00,ecl,aggregate_load,24,45,xgboost,35008.837294728284
2014-11-04 01:00:00,ecl,aggregate_load,24,45,xgboost,40713.06437478424
2014-11-04 02:00:00,ecl,aggregate_load,24,45,xgboost,37986.35918425292
2014-11-04 03:00:00,ecl,aggregate_load,24,45,xgboost,34405.0489632428
2014-11-04 04:00:00,ecl,aggregate_load,24,45,xgboost,28513.79056171721
2014-11-04 05:00:00,ecl,aggregate_load,24,45,xgboost,22968.572841295903
2014-11-04 06:00:00,ecl,aggregate_load,24,45,xgboost,22825.205230951
2014-11-04 07:00:00,ecl,aggregate_load,24,45,xgboost,25915.239292469272
2014-11-04 08:00:00,ecl,aggregate_load,24,45,xgboost,24629.607567259925
2014-11-04 09:00:00,ecl,aggregate_load,24,45,xgboost,21963.92460276444
2014-11-04 10:00:00,ecl,aggregate_load,24,45,xgboost,27669.867335129442
2014-11-04 11:00:00,ecl,aggregate_load,24,45,xgboost,27410.0340566298
2014-11-04 12:00:00,ecl,aggregate_load,24,45,xgboost,21349.192437973503
2014-11-04 13:00:00,ecl,aggregate_load,24,45,xgboost,24062.776964488643
2014-11-04 14:00:00,ecl,aggregate_load,24,45,xgboost,23075.527504150337
2014-11-04 15:00:00,ecl,aggregate_load,24,45,xgboost,23677.19417190107
2014-11-04 16:00:00,ecl,aggregate_load,24,45,xgboost,27689.16273058564
2014-11-04 17:00:00,ecl,aggregate_load,24,45,xgboost,39932.578350237025
2014-11-04 18:00:00,ecl,aggregate_load,24,45,xgboost,33720.09645185782
2014-11-04 19:00:00,ecl,aggregate_load,24,45,xgboost,40816.2748161156
2014-11-04 20:00:00,ecl,aggregate_load,24,45,xgboost,37152.68652244227
2014-11-04 21:00:00,ecl,aggregate_load,24,45,xgboost,32157.065188465425
2014-11-04 22:00:00,ecl,aggregate_load,24,45,xgboost,38963.043667452555
2014-11-04 23:00:00,ecl,aggregate_load,24,45,xgboost,36179.378760356594
2014-11-05 00:00:00,ecl,aggregate_load,24,45,xgboost,41961.47257216571
2014-11-05 01:00:00,ecl,aggregate_load,24,45,xgboost,60100.20094523866
2014-11-05 02:00:00,ecl,aggregate_load,24,45,xgboost,64013.88839412579
2014-11-05 03:00:00,ecl,aggregate_load,24,45,xgboost,60743.00040307837
2014-11-05 04:00:00,ecl,aggregate_load,24,45,xgboost,68614.28411656014
2014-11-05 05:00:00,ecl,aggregate_load,24,45,xgboost,64653.054897061375
2014-11-05 06:00:00,ecl,aggregate_load,24,45,xgboost,68080.80562285871
2014-11-05 07:00:00,ecl,aggregate_load,24,45,xgboost,53957.92502986579
2014-11-05 08:00:00,ecl,aggregate_load,24,45,xgboost,55918.91541641113
2014-11-05 09:00:00,ecl,aggregate_load,24,45,xgboost,52782.844006557774
2014-11-05 10:00:00,ecl,aggregate_load,24,45,xgboost,39237.69882989712
2014-11-05 11:00:00,ecl,aggregate_load,24,45,xgboost,32970.97567314199
2014-11-05 12:00:00,ecl,aggregate_load,24,45,xgboost,33234.88534257626
2014-11-05 13:00:00,ecl,aggregate_load,24,45,xgboost,29850.653037255848
2014-11-05 14:00:00,ecl,aggregate_load,24,45,xgboost,23996.06104655837
2014-11-05 15:00:00,ecl,aggregate_load,24,45,xgboost,24548.23722336187
2014-11-05 16:00:00,ecl,aggregate_load,24,45,xgboost,24863.308853203245
2014-11-05 17:00:00,ecl,aggregate_load,24,45,xgboost,19380.042840038812
2014-11-05 18:00:00,ecl,aggregate_load,24,45,xgboost,20058.630796958492
2014-11-05 19:00:00,ecl,aggregate_load,24,45,xgboost,24054.038176771475
2014-11-05 20:00:00,ecl,aggregate_load,24,45,xgboost,18147.59783220804
2014-11-05 21:00:00,ecl,aggregate_load,24,45,xgboost,19779.37766964556
2014-11-05 22:00:00,ecl,aggregate_load,24,45,xgboost,14488.141022588708
2014-11-05 23:00:00,ecl,aggregate_load,24,45,xgboost,23200.118189006036
2014-11-06 00:00:00,ecl,aggregate_load,24,45,xgboost,20763.966362558505
2014-11-06 01:00:00,ecl,aggregate_load,24,45,xgboost,20204.9741066847
2014-11-06 02:00:00,ecl,aggregate_load,24,45,xgboost,19701.27292163197
2014-11-06 03:00:00,ecl,aggregate_load,24,45,xgboost,21566.251699549477
2014-11-06 04:00:00,ecl,aggregate_load,24,45,xgboost,17011.68225136882
2014-11-06 05:00:00,ecl,aggregate_load,24,45,xgboost,17135.185267444987
2014-11-06 06:00:00,ecl,aggregate_load,24,45,xgboost,18415.242559143753
2014-11-06 07:00:00,ecl,aggregate_load,24,45,xgboost,22004.537642240863
2014-11-06 08:00:00,ecl,aggregate_load,24,45,xgboost,20207.513770119072
2014-11-06 09:00:00,ecl,aggregate_load,24,45,xgboost,21876.058946511603
2014-11-06 10:00:00,ecl,aggregate_load,24,45,xgboost,23011.42258534303
2014-11-06 11:00:00,ecl,aggregate_load,24,45,xgboost,26198.397464522684
2014-11-06 12:00:00,ecl,aggregate_load,24,45,xgboost,22908.013133473345
2014-11-06 13:00:00,ecl,aggregate_load,24,45,xgboost,22052.22415904287
2014-11-06 14:00:00,ecl,aggregate_load,24,45,xgboost,25790.61104228641
2014-11-06 15:00:00,ecl,aggregate_load,24,45,xgboost,28781.641695735976
2014-11-06 16:00:00,ecl,aggregate_load,24,45,xgboost,25330.79766967596
2014-11-06 17:00:00,ecl,aggregate_load,24,45,xgboost,19638.02356857927
2014-11-06 18:00:00,ecl,aggregate_load,24,45,xgboost,20463.062794452362
2014-11-06 19:00:00,ecl,aggregate_load,24,45,xgboost,20306.269442964633
2014-11-06 20:00:00,ecl,aggregate_load,24,45,xgboost,19608.59458873447
2014-11-06 21:00:00,ecl,aggregate_load,24,45,xgboost,16332.28187958015
2014-11-06 22:00:00,ecl,aggregate_load,24,45,xgboost,17606.400779594755
2014-11-06 23:00:00,ecl,aggregate_load,24,45,xgboost,19029.246068202465
2014-11-07 00:00:00,ecl,aggregate_load,24,45,xgboost,19567.304053414537
2014-11-07 01:00:00,ecl,aggregate_load,24,45,xgboost,21698.531085773637
2014-11-07 02:00:00,ecl,aggregate_load,24,45,xgboost,31036.48819451814
2014-11-07 03:00:00,ecl,aggregate_load,24,45,xgboost,25324.05761586712
2014-11-07 04:00:00,ecl,aggregate_load,24,45,xgboost,19852.412750009567
2014-11-07 05:00:00,ecl,aggregate_load,24,45,xgboost,17998.032091210698
2014-11-07 06:00:00,ecl,aggregate_load,24,45,xgboost,15793.28875662447
2014-11-07 07:00:00,ecl,aggregate_load,24,45,xgboost,14358.379253240293
2014-11-07 08:00:00,ecl,aggregate_load,24,45,xgboost,11189.890924378044
2014-11-07 09:00:00,ecl,aggregate_load,24,45,xgboost,14551.302577396198
2014-11-07 10:00:00,ecl,aggregate_load,24,45,xgboost,20999.157007840346
2014-11-07 11:00:00,ecl,aggregate_load,24,45,xgboost,15312.651886083942
2014-11-07 12:00:00,ecl,aggregate_load,24,45,xgboost,12286.885948657851
2014-11-07 13:00:00,ecl,aggregate_load,24,45,xgboost,15001.424615487062
2014-11-07 14:00:00,ecl,aggregate_load,24,45,xgboost,13414.08780646531
2014-11-07 15:00:00,ecl,aggregate_load,24,45,xgboost,16128.941012803449
2014-11-07 16:00:00,ecl,aggregate_load,24,45,xgboost,15583.536578037367
2014-11-07 17:00:00,ecl,aggregate_load,24,45,xgboost,16928.398859695455
2014-11-07 18:00:00,ecl,aggregate_load,24,45,xgboost,15630.258894115757
2014-11-07 19:00:00,ecl,aggregate_load,24,45,xgboost,16434.899451178808
2014-11-07 20:00:00,ecl,aggregate_load,24,45,xgboost,15172.13832441278
2014-11-07 21:00:00,ecl,aggregate_load,24,45,xgboost,16123.73231750761
2014-11-07 22:00:00,ecl,aggregate_load,24,45,xgboost,16691.20293899726
2014-11-07 23:00:00,ecl,aggregate_load,24,45,xgboost,17240.2859511073
2014-11-08 00:00:00,ecl,aggregate_load,24,45,xgboost,22609.766205352975
2014-11-08 01:00:00,ecl,aggregate_load,24,45,xgboost,23345.728424284298
2014-11-08 02:00:00,ecl,aggregate_load,24,45,xgboost,27573.642627450958
2014-11-08 03:00:00,ecl,aggregate_load,24,45,xgboost,30524.44515128304
2014-11-08 04:00:00,ecl,aggregate_load,24,45,xgboost,30877.786350081617
2014-11-08 05:00:00,ecl,aggregate_load,24,45,xgboost,29186.518045604258
2014-11-08 06:00:00,ecl,aggregate_load,24,45,xgboost,27806.84104131846
2014-11-08 07:00:00,ecl,aggregate_load,24,45,xgboost,28423.5768759599
2014-11-08 08:00:00,ecl,aggregate_load,24,45,xgboost,30797.95579636884
2014-11-08 09:00:00,ecl,aggregate_load,24,45,xgboost,30795.208445192937
2014-11-08 10:00:00,ecl,aggregate_load,24,45,xgboost,28666.01205388347
2014-11-08 11:00:00,ecl,aggregate_load,24,45,xgboost,15749.340393061864
2014-11-08 12:00:00,ecl,aggregate_load,24,45,xgboost,15465.639134299601
2014-11-08 13:00:00,ecl,aggregate_load,24,45,xgboost,18365.914285922783
2014-11-08 14:00:00,ecl,aggregate_load,24,45,xgboost,15677.8426296408
2014-11-08 15:00:00,ecl,aggregate_load,24,45,xgboost,17969.508891089718
2014-11-08 16:00:00,ecl,aggregate_load,24,45,xgboost,21095.481150464864
2014-11-08 17:00:00,ecl,aggregate_load,24,45,xgboost,21454.95591240632
2014-11-08 18:00:00,ecl,aggregate_load,24,45,xgboost,25854.079479092743
2014-11-08 19:00:00,ecl,aggregate_load,24,45,xgboost,24451.812250538438
2014-11-08 20:00:00,ecl,aggregate_load,24,45,xgboost,24629.25551704531
2014-11-08 21:00:00,ecl,aggregate_load,24,45,xgboost,27577.359190919105
2014-11-08 22:00:00,ecl,aggregate_load,24,45,xgboost,29205.02207119521
2014-11-08 23:00:00,ecl,aggregate_load,24,45,xgboost,28273.86529006071
2014-11-09 00:00:00,ecl,aggregate_load,24,45,xgboost,27178.58278198844
2014-11-09 01:00:00,ecl,aggregate_load,24,45,xgboost,26631.59382786219
2014-11-09 02:00:00,ecl,aggregate_load,24,45,xgboost,28938.234783564065
2014-11-09 03:00:00,ecl,aggregate_load,24,45,xgboost,28652.15695070678
2014-11-09 04:00:00,ecl,aggregate_load,24,45,xgboost,29048.799837707815
2014-11-09 05:00:00,ecl,aggregate_load,24,45,xgboost,30208.503629236686
2014-11-09 06:00:00,ecl,aggregate_load,24,45,xgboost,27097.90093450587
2014-11-09 07:00:00,ecl,aggregate_load,24,45,xgboost,29214.52763080598
2014-11-09 08:00:00,ecl,aggregate_load,24,45,xgboost,24293.37295011946
2014-11-09 09:00:00,ecl,aggregate_load,24,45,xgboost,26441.755544967742
2014-11-09 10:00:00,ecl,aggregate_load,24,45,xgboost,25607.81206978622
2014-11-09 11:00:00,ecl,aggregate_load,24,45,xgboost,32641.116014852916
2014-11-09 12:00:00,ecl,aggregate_load,24,45,xgboost,29011.224127987876
2014-11-09 13:00:00,ecl,aggregate_load,24,45,xgboost,25869.814180177327
2014-11-09 14:00:00,ecl,aggregate_load,24,45,xgboost,27437.85790850839
2014-11-09 15:00:00,ecl,aggregate_load,24,45,xgboost,26001.6764302037
2014-11-09 16:00:00,ecl,aggregate_load,24,45,xgboost,27037.89568004593
2014-11-09 17:00:00,ecl,aggregate_load,24,45,xgboost,22778.07236632558
2014-11-09 18:00:00,ecl,aggregate_load,24,45,xgboost,20811.70602983107
2014-11-09 19:00:00,ecl,aggregate_load,24,45,xgboost,17186.155566984366
2014-11-09 20:00:00,ecl,aggregate_load,24,45,xgboost,17379.15043764296
2014-11-09 21:00:00,ecl,aggregate_load,24,45,xgboost,12883.899523555134
2014-11-09 22:00:00,ecl,aggregate_load,24,45,xgboost,14515.856829018996
2014-11-09 23:00:00,ecl,aggregate_load,24,45,xgboost,16003.78356882233
2014-11-10 00:00:00,ecl,aggregate_load,24,45,xgboost,15913.620464456924
2014-11-10 01:00:00,ecl,aggregate_load,24,45,xgboost,12985.622543637779
2014-11-10 02:00:00,ecl,aggregate_load,24,45,xgboost,17042.239730944475
2014-11-10 03:00:00,ecl,aggregate_load,24,45,xgboost,15208.213664860488
2014-11-10 04:00:00,ecl,aggregate_load,24,45,xgboost,13519.173731085059
2014-11-10 05:00:00,ecl,aggregate_load,24,45,xgboost,18901.40736632663
2014-11-10 06:00:00,ecl,aggregate_load,24,45,xgboost,15689.323635252227
2014-11-10 07:00:00,ecl,aggregate_load,24,45,xgboost,18975.606942580005
2014-11-10 08:00:00,ecl,aggregate_load,24,45,xgboost,20164.66648782274
2014-11-10 09:00:00,ecl,aggregate_load,24,45,xgboost,17672.95108078354
2014-11-10 10:00:00,ecl,aggregate_load,24,45,xgboost,18609.889818749474
2014-11-10 11:00:00,ecl,aggregate_load,24,45,xgboost,20543.07415025879
2014-11-10 12:00:00,ecl,aggregate_load,24,45,xgboost,20942.075553798823
2014-11-10 13:00:00,ecl,aggregate_load,24,45,xgboost,23674.999890947623
2014-11-10 14:00:00,ecl,aggregate_load,24,45,xgboost,29790.25522996896
2014-11-10 15:00:00,ecl,aggregate_load,24,45,xgboost,31096.928938095993
2014-11-10 16:00:00,ecl,aggregate_load,24,45,xgboost,34564.8290807209
2014-11-10 17:00:00,ecl,aggregate_load,24,45,xgboost,28252.77688427227
2014-11-10 18:00:00,ecl,aggregate_load,24,45,xgboost,25193.07168273565
2014-11-10 19:00:00,ecl,aggregate_load,24,45,xgboost,28690.281469502122
2014-11-10 20:00:00,ecl,aggregate_load,24,45,xgboost,25146.324267005
2014-11-10 21:00:00,ecl,aggregate_load,24,45,xgboost,26714.88630795147
2014-11-10 22:00:00,ecl,aggregate_load,24,45,xgboost,28316.64503659305
2014-11-10 23:00:00,ecl,aggregate_load,24,45,xgboost,29190.58235354505
2014-11-11 00:00:00,ecl,aggregate_load,24,45,xgboost,37459.376520988866
2014-11-11 01:00:00,ecl,aggregate_load,24,45,xgboost,41751.70420578951
2014-11-11 02:00:00,ecl,aggregate_load,24,45,xgboost,31738.39027402819
2014-11-11 03:00:00,ecl,aggregate_load,24,45,xgboost,23084.261593919753
2014-11-11 04:00:00,ecl,aggregate_load,24,45,xgboost,19544.539583037378
2014-11-11 05:00:00,ecl,aggregate_load,24,45,xgboost,17492.640429650244
2014-11-11 06:00:00,ecl,aggregate_load,24,45,xgboost,16511.29288567638
2014-11-11 07:00:00,ecl,aggregate_load,24,45,xgboost,17301.819260082713
2014-11-11 08:00:00,ecl,aggregate_load,24,45,xgboost,17818.101098630155
2014-11-11 09:00:00,ecl,aggregate_load,24,45,xgboost,20025.045129574188
2014-11-11 10:00:00,ecl,aggregate_load,24,45,xgboost,21358.019107085798
2014-11-11 11:00:00,ecl,aggregate_load,24,45,xgboost,22702.099163958337
2014-11-11 12:00:00,ecl,aggregate_load,24,45,xgboost,21104.316042631755
2014-11-11 13:00:00,ecl,aggregate_load,24,45,xgboost,18559.940286425215
2014-11-11 14:00:00,ecl,aggregate_load,24,45,xgboost,14330.126486514715
2014-11-11 15:00:00,ecl,aggregate_load,24,45,xgboost,15089.563923611282
2014-11-11 16:00:00,ecl,aggregate_load,24,45,xgboost,18837.353859551225
2014-11-11 17:00:00,ecl,aggregate_load,24,45,xgboost,18901.803848424966
2014-11-11 18:00:00,ecl,aggregate_load,24,45,xgboost,18866.551072781513
2014-11-11 19:00:00,ecl,aggregate_load,24,45,xgboost,19973.369979883446
2014-11-11 20:00:00,ecl,aggregate_load,24,45,xgboost,19649.370115876412
2014-11-11 21:00:00,ecl,aggregate_load,24,45,xgboost,17845.755597078052
2014-11-11 22:00:00,ecl,aggregate_load,24,45,xgboost,13232.512395010972
2014-11-11 23:00:00,ecl,aggregate_load,24,45,xgboost,12378.923275775109
2014-11-12 00:00:00,ecl,aggregate_load,24,45,xgboost,11564.896889084475
2014-11-12 01:00:00,ecl,aggregate_load,24,45,xgboost,11725.450410345918
2014-11-12 02:00:00,ecl,aggregate_load,24,45,xgboost,14518.319439716963
2014-11-12 03:00:00,ecl,aggregate_load,24,45,xgboost,17835.5240727873
2014-11-12 04:00:00,ecl,aggregate_load,24,45,xgboost,20341.47155999957
2014-11-12 05:00:00,ecl,aggregate_load,24,45,xgboost,17055.033599959057
2014-11-12 06:00:00,ecl,aggregate_load,24,45,xgboost,14035.018674852428
2014-11-12 07:00:00,ecl,aggregate_load,24,45,xgboost,14561.719585141289
2014-11-12 08:00:00,ecl,aggregate_load,24,45,xgboost,15628.498712702567
2014-11-12 09:00:00,ecl,aggregate_load,24,45,xgboost,14564.959067891163
2014-11-12 10:00:00,ecl,aggregate_load,24,45,xgboost,14999.835062800774
2014-11-12 11:00:00,ecl,aggregate_load,24,45,xgboost,16865.653150431248
2014-11-12 12:00:00,ecl,aggregate_load,24,45,xgboost,18965.320692496305
2014-11-12 13:00:00,ecl,aggregate_load,24,45,xgboost,22906.374596631824
2014-11-12 14:00:00,ecl,aggregate_load,24,45,xgboost,21770.431715654402
2014-11-12 15:00:00,ecl,aggregate_load,24,45,xgboost,24226.728233032507
2014-11-12 16:00:00,ecl,aggregate_load,24,45,xgboost,23885.092340897816
2014-11-12 17:00:00,ecl,aggregate_load,24,45,xgboost,27908.681299560398
2014-11-12 18:00:00,ecl,aggregate_load,24,45,xgboost,27111.92223926423
2014-11-12 19:00:00,ecl,aggregate_load,24,45,xgboost,30128.771988692955
2014-11-12 20:00:00,ecl,aggregate_load,24,45,xgboost,31328.466897951454
2014-11-12 21:00:00,ecl,aggregate_load,24,45,xgboost,29794.91853819894
2014-11-12 22:00:00,ecl,aggregate_load,24,45,xgboost,24960.28783489893
2014-11-12 23:00:00,ecl,aggregate_load,24,45,xgboost,27027.946207139335
2014-11-13 00:00:00,ecl,aggregate_load,24,45,xgboost,25980.622280679367
2014-11-13 01:00:00,ecl,aggregate_load,24,45,xgboost,25029.75345986347
2014-11-13 02:00:00,ecl,aggregate_load,24,45,xgboost,28275.731238226366
2014-11-13 03:00:00,ecl,aggregate_load,24,45,xgboost,28769.690931338515
2014-11-13 04:00:00,ecl,aggregate_load,24,45,xgboost,27019.985498395854
2014-11-13 05:00:00,ecl,aggregate_load,24,45,xgboost,25698.872104554302
2014-11-13 06:00:00,ecl,aggregate_load,24,45,xgboost,25735.32722149935
2014-11-13 07:00:00,ecl,aggregate_load,24,45,xgboost,22331.061628608662
2014-11-13 08:00:00,ecl,aggregate_load,24,45,xgboost,23986.25487265716
2014-11-13 09:00:00,ecl,aggregate_load,24,45,xgboost,24025.661396834494
2014-11-13 10:00:00,ecl,aggregate_load,24,45,xgboost,22223.85700079285
2014-11-13 11:00:00,ecl,aggregate_load,24,45,xgboost,17650.997119753494
2014-11-13 12:00:00,ecl,aggregate_load,24,45,xgboost,18971.170328040993
2014-11-13 13:00:00,ecl,aggregate_load,24,45,xgboost,19029.055826957283
2014-11-13 14:00:00,ecl,aggregate_load,24,45,xgboost,18246.154219054202
2014-11-13 15:00:00,ecl,aggregate_load,24,45,xgboost,16557.911404537997
2014-11-13 16:00:00,ecl,aggregate_load,24,45,xgboost,19261.707020203376
2014-11-13 17:00:00,ecl,aggregate_load,24,45,xgboost,18774.495734300734
2014-11-13 18:00:00,ecl,aggregate_load,24,45,xgboost,19281.9799230751
2014-11-13 19:00:00,ecl,aggregate_load,24,45,xgboost,19960.096102101565
2014-11-13 20:00:00,ecl,aggregate_load,24,45,xgboost,20005.666225592195
2014-11-13 21:00:00,ecl,aggregate_load,24,45,xgboost,23401.23528031132
2014-11-13 22:00:00,ecl,aggregate_load,24,45,xgboost,25660.258337741965
2014-11-13 23:00:00,ecl,aggregate_load,24,45,xgboost,18901.668877532662
2014-11-14 00:00:00,ecl,aggregate_load,24,45,xgboost,23174.39920765645
2014-11-14 01:00:00,ecl,aggregate_load,24,45,xgboost,22302.43609043793
2014-11-14 02:00:00,ecl,aggregate_load,24,45,xgboost,23219.03531628304
2014-11-14 03:00:00,ecl,aggregate_load,24,45,xgboost,21780.533478184483
2014-11-14 04:00:00,ecl,aggregate_load,24,45,xgboost,22507.26444672009
2014-11-14 05:00:00,ecl,aggregate_load,24,45,xgboost,25239.833707870654
2014-11-14 06:00:00,ecl,aggregate_load,24,45,xgboost,26856.80213836873
2014-11-14 07:00:00,ecl,aggregate_load,24,45,xgboost,24943.19638713908
2014-11-14 08:00:00,ecl,aggregate_load,24,45,xgboost,24876.498931160877
2014-11-14 09:00:00,ecl,aggregate_load,24,45,xgboost,25379.005594176186
2014-11-14 10:00:00,ecl,aggregate_load,24,45,xgboost,23410.352584732715
2014-11-14 11:00:00,ecl,aggregate_load,24,45,xgboost,30827.735878227413
2014-11-14 12:00:00,ecl,aggregate_load,24,45,xgboost,26584.003003817696
2014-11-14 13:00:00,ecl,aggregate_load,24,45,xgboost,23751.998414687336
2014-11-14 14:00:00,ecl,aggregate_load,24,45,xgboost,23127.115853291412
2014-11-14 15:00:00,ecl,aggregate_load,24,45,xgboost,21574.413201959276
2014-11-14 16:00:00,ecl,aggregate_load,24,45,xgboost,24329.728368079308
2014-11-14 17:00:00,ecl,aggregate_load,24,45,xgboost,16794.729649072866
2014-11-14 18:00:00,ecl,aggregate_load,24,45,xgboost,17671.24960874443
2014-11-14 19:00:00,ecl,aggregate_load,24,45,xgboost,15658.247949094859
2014-11-14 20:00:00,ecl,aggregate_load,24,45,xgboost,14365.204044117369
2014-11-14 21:00:00,ecl,aggregate_load,24,45,xgboost,14328.249939604751
2014-11-14 22:00:00,ecl,aggregate_load,24,45,xgboost,14067.344930624342
2014-11-14 23:00:00,ecl,aggregate_load,24,45,xgboost,12104.399829481363
2014-11-15 00:00:00,ecl,aggregate_load,24,45,xgboost,12846.201911368837
2014-11-15 01:00:00,ecl,aggregate_load,24,45,xgboost,11733.359865120265
2014-11-15 02:00:00,ecl,aggregate_load,24,45,xgboost,13075.00154792089
2014-11-15 03:00:00,ecl,aggregate_load,24,45,xgboost,13906.684165440536
2014-11-15 04:00:00,ecl,aggregate_load,24,45,xgboost,16401.661995098602
2014-11-15 05:00:00,ecl,aggregate_load,24,45,xgboost,17690.507603204864
2014-11-15 06:00:00,ecl,aggregate_load,24,45,xgboost,18965.918150663816
2014-11-15 07:00:00,ecl,aggregate_load,24,45,xgboost,17050.147419353954
2014-11-15 08:00:00,ecl,aggregate_load,24,45,xgboost,16107.117277102507
2014-11-15 09:00:00,ecl,aggregate_load,24,45,xgboost,16370.014314235132
2014-11-15 10:00:00,ecl,aggregate_load,24,45,xgboost,14315.920365106002
2014-11-15 11:00:00,ecl,aggregate_load,24,45,xgboost,13637.63986573016
2014-11-15 12:00:00,ecl,aggregate_load,24,45,xgboost,15719.530187533004
2014-11-15 13:00:00,ecl,aggregate_load,24,45,xgboost,15639.79124538471
2014-11-15 14:00:00,ecl,aggregate_load,24,45,xgboost,17490.89014054593
2014-11-15 15:00:00,ecl,aggregate_load,24,45,xgboost,15703.684686274062
2014-11-15 16:00:00,ecl,aggregate_load,24,45,xgboost,14053.466361932738
2014-11-15 17:00:00,ecl,aggregate_load,24,45,xgboost,15495.033205308488
2014-11-15 18:00:00,ecl,aggregate_load,24,45,xgboost,16857.803679629407
2014-11-15 19:00:00,ecl,aggregate_load,24,45,xgboost,16344.817633017285
2014-11-15 20:00:00,ecl,aggregate_load,24,45,xgboost,17893.05395373231
2014-11-15 21:00:00,ecl,aggregate_load,24,45,xgboost,10983.222991493161
2014-11-15 22:00:00,ecl,aggregate_load,24,45,xgboost,14222.945633200265
2014-11-15 23:00:00,ecl,aggregate_load,24,45,xgboost,10834.410789691725
2014-11-16 00:00:00,ecl,aggregate_load,24,45,xgboost,12451.310849944033
2014-11-16 01:00:00,ecl,aggregate_load,24,45,xgboost,14006.115200781023
2014-11-16 02:00:00,ecl,aggregate_load,24,45,xgboost,12441.173716179737
2014-11-16 03:00:00,ecl,aggregate_load,24,45,xgboost,12624.795238528068
2014-11-16 04:00:00,ecl,aggregate_load,24,45,xgboost,15601.889735131766
2014-11-16 05:00:00,ecl,aggregate_load,24,45,xgboost,13862.180222921668
2014-11-16 06:00:00,ecl,aggregate_load,24,45,xgboost,14462.994806122419
2014-11-16 07:00:00,ecl,aggregate_load,24,45,xgboost,13392.934901097482
2014-11-16 08:00:00,ecl,aggregate_load,24,45,xgboost,14710.67891468576
2014-11-16 09:00:00,ecl,aggregate_load,24,45,xgboost,16943.18471584025
2014-11-16 10:00:00,ecl,aggregate_load,24,45,xgboost,13361.574440591337
2014-11-16 11:00:00,ecl,aggregate_load,24,45,xgboost,13160.147433959188
2014-11-16 12:00:00,ecl,aggregate_load,24,45,xgboost,13390.777962746257
2014-11-16 13:00:00,ecl,aggregate_load,24,45,xgboost,13417.246196307466
2014-11-16 14:00:00,ecl,aggregate_load,24,45,xgboost,12663.45219377298
2014-11-16 15:00:00,ecl,aggregate_load,24,45,xgboost,12777.455037178706
2014-11-16 16:00:00,ecl,aggregate_load,24,45,xgboost,15201.913691240932
2014-11-16 17:00:00,ecl,aggregate_load,24,45,xgboost,15792.756469569329
2014-11-16 18:00:00,ecl,aggregate_load,24,45,xgboost,18004.177212354753
2014-11-16 19:00:00,ecl,aggregate_load,24,45,xgboost,14815.06814616217
2014-11-16 20:00:00,ecl,aggregate_load,24,45,xgboost,16050.920500230217
2014-11-16 21:00:00,ecl,aggregate_load,24,45,xgboost,14302.708001880435
2014-11-16 22:00:00,ecl,aggregate_load,24,45,xgboost,19149.97810393642
2014-11-16 23:00:00,ecl,aggregate_load,24,45,xgboost,13017.51854940616
2014-11-17 00:00:00,ecl,aggregate_load,24,45,xgboost,17676.152707913767
2014-11-17 01:00:00,ecl,aggregate_load,24,45,xgboost,15738.911065268525
2014-11-17 02:00:00,ecl,aggregate_load,24,45,xgboost,15694.047960857113
2014-11-17 03:00:00,ecl,aggregate_load,24,45,xgboost,16799.93411251132
2014-11-17 04:00:00,ecl,aggregate_load,24,45,xgboost,15580.73822787852
2014-11-17 05:00:00,ecl,aggregate_load,24,45,xgboost,16754.082312556548
2014-11-17 06:00:00,ecl,aggregate_load,24,45,xgboost,16955.020061297404
2014-11-17 07:00:00,ecl,aggregate_load,24,45,xgboost,19166.5552838256
2014-11-17 08:00:00,ecl,aggregate_load,24,45,xgboost,18560.38188163423
2014-11-17 09:00:00,ecl,aggregate_load,24,45,xgboost,18174.571007537572
2014-11-17 10:00:00,ecl,aggregate_load,24,45,xgboost,19358.735449052005
2014-11-17 11:00:00,ecl,aggregate_load,24,45,xgboost,16814.634972056087
2014-11-17 12:00:00,ecl,aggregate_load,24,45,xgboost,19287.730249862223
2014-11-17 13:00:00,ecl,aggregate_load,24,45,xgboost,13630.334629858959
2014-11-17 14:00:00,ecl,aggregate_load,24,45,xgboost,12463.341243676388
2014-11-17 15:00:00,ecl,aggregate_load,24,45,xgboost,13421.12699902156
2014-11-17 16:00:00,ecl,aggregate_load,24,45,xgboost,13561.715547522872
2014-11-17 17:00:00,ecl,aggregate_load,24,45,xgboost,13349.896529061465
2014-11-17 18:00:00,ecl,aggregate_load,24,45,xgboost,13132.391481550354
2014-11-17 19:00:00,ecl,aggregate_load,24,45,xgboost,14498.096813906399
2014-11-17 20:00:00,ecl,aggregate_load,24,45,xgboost,13244.562251181722
2014-11-17 21:00:00,ecl,aggregate_load,24,45,xgboost,11905.474912781807
2014-11-17 22:00:00,ecl,aggregate_load,24,45,xgboost,18839.319155739893
2014-11-17 23:00:00,ecl,aggregate_load,24,45,xgboost,14336.462184830036
2014-11-18 00:00:00,ecl,aggregate_load,24,45,xgboost,13681.683635715206
2014-11-18 01:00:00,ecl,aggregate_load,24,45,xgboost,12954.32958878256
2014-11-18 02:00:00,ecl,aggregate_load,24,45,xgboost,11598.720295319714
2014-11-18 03:00:00,ecl,aggregate_load,24,45,xgboost,10533.868047764188
2014-11-18 04:00:00,ecl,aggregate_load,24,45,xgboost,10431.438164894042
2014-11-18 05:00:00,ecl,aggregate_load,24,45,xgboost,11486.83204359696
2014-11-18 06:00:00,ecl,aggregate_load,24,45,xgboost,14027.540465109116
2014-11-18 07:00:00,ecl,aggregate_load,24,45,xgboost,14427.09770961329
2014-11-18 08:00:00,ecl,aggregate_load,24,45,xgboost,14715.644823062985
2014-11-18 09:00:00,ecl,aggregate_load,24,45,xgboost,15076.951338267298
2014-11-18 10:00:00,ecl,aggregate_load,24,45,xgboost,15151.773451934598
2014-11-18 11:00:00,ecl,aggregate_load,24,45,xgboost,18874.257989586527
2014-11-18 12:00:00,ecl,aggregate_load,24,45,xgboost,21186.40095452538
2014-11-18 13:00:00,ecl,aggregate_load,24,45,xgboost,16459.426208111185
2014-11-18 14:00:00,ecl,aggregate_load,24,45,xgboost,18195.198132919064
2014-11-18 15:00:00,ecl,aggregate_load,24,45,xgboost,16972.82130181853
2014-11-18 16:00:00,ecl,aggregate_load,24,45,xgboost,17936.037456272763
2014-11-18 17:00:00,ecl,aggregate_load,24,45,xgboost,22142.693371398316
2014-11-18 18:00:00,ecl,aggregate_load,24,45,xgboost,22187.09905896743
2014-11-18 19:00:00,ecl,aggregate_load,24,45,xgboost,24517.871546634666
2014-11-18 20:00:00,ecl,aggregate_load,24,45,xgboost,21283.680701898058
2014-11-18 21:00:00,ecl,aggregate_load,24,45,xgboost,21769.92242645455
2014-11-18 22:00:00,ecl,aggregate_load,24,45,xgboost,16061.360895929405
2014-11-18 23:00:00,ecl,aggregate_load,24,45,xgboost,15407.939722554562
2014-11-19 00:00:00,ecl,aggregate_load,24,45,xgboost,18520.023067797305
2014-11-19 01:00:00,ecl,aggregate_load,24,45,xgboost,17776.073639471888
2014-11-19 02:00:00,ecl,aggregate_load,24,45,xgboost,18311.879707329645
2014-11-19 03:00:00,ecl,aggregate_load,24,45,xgboost,18042.893030443163
2014-11-19 04:00:00,ecl,aggregate_load,24,45,xgboost,18644.192390964232
2014-11-19 05:00:00,ecl,aggregate_load,24,45,xgboost,17074.252030376636
2014-11-19 06:00:00,ecl,aggregate_load,24,45,xgboost,14199.534591023703
2014-11-19 07:00:00,ecl,aggregate_load,24,45,xgboost,12633.051336667202
2014-11-19 08:00:00,ecl,aggregate_load,24,45,xgboost,14862.256683973012
2014-11-19 09:00:00,ecl,aggregate_load,24,45,xgboost,13942.354155553301
2014-11-19 10:00:00,ecl,aggregate_load,24,45,xgboost,14715.99451291522
2014-11-19 11:00:00,ecl,aggregate_load,24,45,xgboost,12371.646279993285
2014-11-19 12:00:00,ecl,aggregate_load,24,45,xgboost,12438.131104749258
2014-11-19 13:00:00,ecl,aggregate_load,24,45,xgboost,15018.571113373744
2014-11-19 14:00:00,ecl,aggregate_load,24,45,xgboost,14745.151590588197
2014-11-19 15:00:00,ecl,aggregate_load,24,45,xgboost,15746.119666197541
2014-11-19 16:00:00,ecl,aggregate_load,24,45,xgboost,15078.90189045128
2014-11-19 17:00:00,ecl,aggregate_load,24,45,xgboost,16034.213104540584
2014-11-19 18:00:00,ecl,aggregate_load,24,45,xgboost,14130.422879314685
2014-11-19 19:00:00,ecl,aggregate_load,24,45,xgboost,15535.676143946737
2014-11-19 20:00:00,ecl,aggregate_load,24,45,xgboost,16658.43104031974
2014-11-19 21:00:00,ecl,aggregate_load,24,45,xgboost,17094.941520611643
2014-11-19 22:00:00,ecl,aggregate_load,24,45,xgboost,18207.27552692706
2014-11-19 23:00:00,ecl,aggregate_load,24,45,xgboost,14821.779141844707
2014-11-20 00:00:00,ecl,aggregate_load,24,45,xgboost,16042.009863151934
2014-11-20 01:00:00,ecl,aggregate_load,24,45,xgboost,16178.402853326932
2014-11-20 02:00:00,ecl,aggregate_load,24,45,xgboost,17039.60147416298
2014-11-20 03:00:00,ecl,aggregate_load,24,45,xgboost,17453.34572182766
2014-11-20 04:00:00,ecl,aggregate_load,24,45,xgboost,18250.724020396225
2014-11-20 05:00:00,ecl,aggregate_load,24,45,xgboost,20837.574319737512
2014-11-20 06:00:00,ecl,aggregate_load,24,45,xgboost,21244.589072505794
2014-11-20 07:00:00,ecl,aggregate_load,24,45,xgboost,21992.503101499617
2014-11-20 08:00:00,ecl,aggregate_load,24,45,xgboost,22028.049706678303
2014-11-20 09:00:00,ecl,aggregate_load,24,45,xgboost,21461.462684118662
2014-11-20 10:00:00,ecl,aggregate_load,24,45,xgboost,18411.55912365591
2014-11-20 11:00:00,ecl,aggregate_load,24,45,xgboost,19323.228839635634
2014-11-20 12:00:00,ecl,aggregate_load,24,45,xgboost,21108.88569701551
2014-11-20 13:00:00,ecl,aggregate_load,24,45,xgboost,19877.558655868925
2014-11-20 14:00:00,ecl,aggregate_load,24,45,xgboost,18247.16713639098
2014-11-20 15:00:00,ecl,aggregate_load,24,45,xgboost,18479.618037916032
2014-11-20 16:00:00,ecl,aggregate_load,24,45,xgboost,18600.948658804125
2014-11-20 17:00:00,ecl,aggregate_load,24,45,xgboost,19182.629880294633
2014-11-20 18:00:00,ecl,aggregate_load,24,45,xgboost,19859.89811083448
2014-11-20 19:00:00,ecl,aggregate_load,24,45,xgboost,20736.243131822277
2014-11-20 20:00:00,ecl,aggregate_load,24,45,xgboost,18813.378090136903
2014-11-20 21:00:00,ecl,aggregate_load,24,45,xgboost,18719.678355036962
2014-11-20 22:00:00,ecl,aggregate_load,24,45,xgboost,17581.31427704338
2014-11-20 23:00:00,ecl,aggregate_load,24,45,xgboost,17067.158312363328
2014-11-21 00:00:00,ecl,aggregate_load,24,45,xgboost,15163.88329173498
2014-11-21 01:00:00,ecl,aggregate_load,24,45,xgboost,14445.5722296064
2014-11-21 02:00:00,ecl,aggregate_load,24,45,xgboost,13130.205652502815
2014-11-21 03:00:00,ecl,aggregate_load,24,45,xgboost,12205.811525586425
2014-11-21 04:00:00,ecl,aggregate_load,24,45,xgboost,11927.878303069147
2014-11-21 05:00:00,ecl,aggregate_load,24,45,xgboost,9602.902156775386
2014-11-21 06:00:00,ecl,aggregate_load,24,45,xgboost,10434.36877463569
2014-11-21 07:00:00,ecl,aggregate_load,24,45,xgboost,8640.399662712443
2014-11-21 08:00:00,ecl,aggregate_load,24,45,xgboost,12092.336184299753
2014-11-21 09:00:00,ecl,aggregate_load,24,45,xgboost,11807.36941807615
2014-11-21 10:00:00,ecl,aggregate_load,24,45,xgboost,10411.114542774832
2014-11-21 11:00:00,ecl,aggregate_load,24,45,xgboost,12207.550762886554
2014-11-21 12:00:00,ecl,aggregate_load,24,45,xgboost,12170.881304332534
2014-11-21 13:00:00,ecl,aggregate_load,24,45,xgboost,15812.704802189364
2014-11-21 14:00:00,ecl,aggregate_load,24,45,xgboost,13899.022412750186
2014-11-21 15:00:00,ecl,aggregate_load,24,45,xgboost,14114.074223358066
2014-11-21 16:00:00,ecl,aggregate_load,24,45,xgboost,13709.89592943066
2014-11-21 17:00:00,ecl,aggregate_load,24,45,xgboost,16602.578461960926
2014-11-21 18:00:00,ecl,aggregate_load,24,45,xgboost,18661.703134069456
2014-11-21 19:00:00,ecl,aggregate_load,24,45,xgboost,19729.76746566142
2014-11-21 20:00:00,ecl,aggregate_load,24,45,xgboost,20012.60304168882
2014-11-21 21:00:00,ecl,aggregate_load,24,45,xgboost,17487.64690069036
2014-11-21 22:00:00,ecl,aggregate_load,24,45,xgboost,14950.511205434841
2014-11-21 23:00:00,ecl,aggregate_load,24,45,xgboost,11263.900010402502
2014-11-22 00:00:00,ecl,aggregate_load,24,45,xgboost,13058.497036655455
2014-11-22 01:00:00,ecl,aggregate_load,24,45,xgboost,12976.02826978096
2014-11-22 02:00:00,ecl,aggregate_load,24,45,xgboost,13254.558718136106
2014-11-22 03:00:00,ecl,aggregate_load,24,45,xgboost,14433.56549478567
2014-11-22 04:00:00,ecl,aggregate_load,24,45,xgboost,18440.975043108112
2014-11-22 05:00:00,ecl,aggregate_load,24,45,xgboost,17513.794721195944
2014-11-22 06:00:00,ecl,aggregate_load,24,45,xgboost,17237.293351085587
2014-11-22 07:00:00,ecl,aggregate_load,24,45,xgboost,13086.419991417375
2014-11-22 08:00:00,ecl,aggregate_load,24,45,xgboost,11836.140161524154
2014-11-22 09:00:00,ecl,aggregate_load,24,45,xgboost,12294.075963651781
2014-11-22 10:00:00,ecl,aggregate_load,24,45,xgboost,12595.657429317727
2014-11-22 11:00:00,ecl,aggregate_load,24,45,xgboost,12074.321389591549
2014-11-22 12:00:00,ecl,aggregate_load,24,45,xgboost,12267.537963589772
2014-11-22 13:00:00,ecl,aggregate_load,24,45,xgboost,14116.646599265654
2014-11-22 14:00:00,ecl,aggregate_load,24,45,xgboost,13126.029136964144
2014-11-22 15:00:00,ecl,aggregate_load,24,45,xgboost,14627.404436810059
2014-11-22 16:00:00,ecl,aggregate_load,24,45,xgboost,13545.869831223796
2014-11-22 17:00:00,ecl,aggregate_load,24,45,xgboost,12863.977500617662
2014-11-22 18:00:00,ecl,aggregate_load,24,45,xgboost,13041.485171385546
2014-11-22 19:00:00,ecl,aggregate_load,24,45,xgboost,12162.56311003976
2014-11-22 20:00:00,ecl,aggregate_load,24,45,xgboost,10657.733671100965
2014-11-22 21:00:00,ecl,aggregate_load,24,45,xgboost,12837.924073198194
2014-11-22 22:00:00,ecl,aggregate_load,24,45,xgboost,14569.551258419799
2014-11-22 23:00:00,ecl,aggregate_load,24,45,xgboost,12987.24360119799
2014-11-23 00:00:00,ecl,aggregate_load,24,45,xgboost,11660.463615732288
2014-11-23 01:00:00,ecl,aggregate_load,24,45,xgboost,10397.960558331339
2014-11-23 02:00:00,ecl,aggregate_load,24,45,xgboost,11395.224508642737
2014-11-23 03:00:00,ecl,aggregate_load,24,45,xgboost,12464.484361760102
2014-11-23 04:00:00,ecl,aggregate_load,24,45,xgboost,14049.060689280845
2014-11-23 05:00:00,ecl,aggregate_load,24,45,xgboost,13655.439567705862
2014-11-23 06:00:00,ecl,aggregate_load,24,45,xgboost,15192.583594226293
2014-11-23 07:00:00,ecl,aggregate_load,24,45,xgboost,13226.281922815126
2014-11-23 08:00:00,ecl,aggregate_load,24,45,xgboost,11836.949127598788
2014-11-23 09:00:00,ecl,aggregate_load,24,45,xgboost,12885.898202204464
2014-11-23 10:00:00,ecl,aggregate_load,24,45,xgboost,13010.74060092637
2014-11-23 11:00:00,ecl,aggregate_load,24,45,xgboost,12169.208730030803
2014-11-23 12:00:00,ecl,aggregate_load,24,45,xgboost,13071.733062719904
2014-11-23 13:00:00,ecl,aggregate_load,24,45,xgboost,14290.020208577584
2014-11-23 14:00:00,ecl,aggregate_load,24,45,xgboost,16439.716191835825
2014-11-23 15:00:00,ecl,aggregate_load,24,45,xgboost,15536.594531305373
2014-11-23 16:00:00,ecl,aggregate_load,24,45,xgboost,17007.585061620888
2014-11-23 17:00:00,ecl,aggregate_load,24,45,xgboost,16663.777191313882
2014-11-23 18:00:00,ecl,aggregate_load,24,45,xgboost,17016.53280209067
2014-11-23 19:00:00,ecl,aggregate_load,24,45,xgboost,12319.752700402873
2014-11-23 20:00:00,ecl,aggregate_load,24,45,xgboost,12431.781624357338
2014-11-23 21:00:00,ecl,aggregate_load,24,45,xgboost,13517.917904235672
2014-11-23 22:00:00,ecl,aggregate_load,24,45,xgboost,13677.692816010114
2014-11-23 23:00:00,ecl,aggregate_load,24,45,xgboost,12420.822108085316
2014-11-24 00:00:00,ecl,aggregate_load,24,45,xgboost,10229.93409048648
2014-11-24 01:00:00,ecl,aggregate_load,24,45,xgboost,10768.721773975527
2014-11-24 02:00:00,ecl,aggregate_load,24,45,xgboost,18646.29025298646
2014-11-24 03:00:00,ecl,aggregate_load,24,45,xgboost,12719.289422670228
2014-11-24 04:00:00,ecl,aggregate_load,24,45,xgboost,11733.339966836606
2014-11-24 05:00:00,ecl,aggregate_load,24,45,xgboost,12335.09257845098
2014-11-24 06:00:00,ecl,aggregate_load,24,45,xgboost,13288.308579996503
2014-11-24 07:00:00,ecl,aggregate_load,24,45,xgboost,10922.183903766832
2014-11-24 08:00:00,ecl,aggregate_load,24,45,xgboost,10532.751398346112
2014-11-24 09:00:00,ecl,aggregate_load,24,45,xgboost,11551.493505374272
2014-11-24 10:00:00,ecl,aggregate_load,24,45,xgboost,12170.365329833978
2014-11-24 11:00:00,ecl,aggregate_load,24,45,xgboost,13839.775710133326
2014-11-24 12:00:00,ecl,aggregate_load,24,45,xgboost,12166.204228970193
2014-11-24 13:00:00,ecl,aggregate_load,24,45,xgboost,13851.876961319938
2014-11-24 14:00:00,ecl,aggregate_load,24,45,xgboost,12950.80112284071
2014-11-24 15:00:00,ecl,aggregate_load,24,45,xgboost,14955.641395839159
2014-11-24 16:00:00,ecl,aggregate_load,24,45,xgboost,14133.825060063
2014-11-24 17:00:00,ecl,aggregate_load,24,45,xgboost,12974.495725097016
2014-11-24 18:00:00,ecl,aggregate_load,24,45,xgboost,15471.578677401274
2014-11-24 19:00:00,ecl,aggregate_load,24,45,xgboost,14087.260021348922
2014-11-24 20:00:00,ecl,aggregate_load,24,45,xgboost,14542.973004208785
2014-11-24 21:00:00,ecl,aggregate_load,24,45,xgboost,19222.04263331418
2014-11-24 22:00:00,ecl,aggregate_load,24,45,xgboost,22195.01566171944
2014-11-24 23:00:00,ecl,aggregate_load,24,45,xgboost,17948.88109336296
2014-11-25 00:00:00,ecl,aggregate_load,24,45,xgboost,20040.255427533684
2014-11-25 01:00:00,ecl,aggregate_load,24,45,xgboost,18470.397068230228
2014-11-25 02:00:00,ecl,aggregate_load,24,45,xgboost,19836.012369500266
2014-11-25 03:00:00,ecl,aggregate_load,24,45,xgboost,18617.09036370186
2014-11-25 04:00:00,ecl,aggregate_load,24,45,xgboost,20011.415563150254
2014-11-25 05:00:00,ecl,aggregate_load,24,45,xgboost,22776.450411508373
2014-11-25 06:00:00,ecl,aggregate_load,24,45,xgboost,22925.7572034684
2014-11-25 07:00:00,ecl,aggregate_load,24,45,xgboost,20565.31226320119
2014-11-25 08:00:00,ecl,aggregate_load,24,45,xgboost,18243.920471176032
2014-11-25 09:00:00,ecl,aggregate_load,24,45,xgboost,17165.937693085863
2014-11-25 10:00:00,ecl,aggregate_load,24,45,xgboost,20199.437378608945
2014-11-25 11:00:00,ecl,aggregate_load,24,45,xgboost,24730.439475238545
2014-11-25 12:00:00,ecl,aggregate_load,24,45,xgboost,22775.64514466825
2014-11-25 13:00:00,ecl,aggregate_load,24,45,xgboost,17504.987420096444
2014-11-25 14:00:00,ecl,aggregate_load,24,45,xgboost,17171.91983560746
2014-11-25 15:00:00,ecl,aggregate_load,24,45,xgboost,18214.087267174873
2014-11-25 16:00:00,ecl,aggregate_load,24,45,xgboost,20445.75239243483
2014-11-25 17:00:00,ecl,aggregate_load,24,45,xgboost,18270.836372639256
2014-11-25 18:00:00,ecl,aggregate_load,24,45,xgboost,20867.791715326734
2014-11-25 19:00:00,ecl,aggregate_load,24,45,xgboost,14849.921083432011
2014-11-25 20:00:00,ecl,aggregate_load,24,45,xgboost,13348.680698902856
2014-11-25 21:00:00,ecl,aggregate_load,24,45,xgboost,14257.449943862104
2014-11-25 22:00:00,ecl,aggregate_load,24,45,xgboost,12283.288035519921
2014-11-25 23:00:00,ecl,aggregate_load,24,45,xgboost,16561.82040226336
2014-11-26 00:00:00,ecl,aggregate_load,24,45,xgboost,13373.661808543626
2014-11-26 01:00:00,ecl,aggregate_load,24,45,xgboost,13705.525497384888
2014-11-26 02:00:00,ecl,aggregate_load,24,45,xgboost,13276.969783193672
2014-11-26 03:00:00,ecl,aggregate_load,24,45,xgboost,13451.28670252926
2014-11-26 04:00:00,ecl,aggregate_load,24,45,xgboost,14573.646849950603
2014-11-26 05:00:00,ecl,aggregate_load,24,45,xgboost,16034.846450802295
2014-11-26 06:00:00,ecl,aggregate_load,24,45,xgboost,14760.304991809879
2014-11-26 07:00:00,ecl,aggregate_load,24,45,xgboost,14703.153627079924
2014-11-26 08:00:00,ecl,aggregate_load,24,45,xgboost,13746.020122214113
2014-11-26 09:00:00,ecl,aggregate_load,24,45,xgboost,10034.744102034501
2014-11-26 10:00:00,ecl,aggregate_load,24,45,xgboost,14437.421919662362
2014-11-26 11:00:00,ecl,aggregate_load,24,45,xgboost,11810.600315682903
2014-11-26 12:00:00,ecl,aggregate_load,24,45,xgboost,14663.73556521762
2014-11-26 13:00:00,ecl,aggregate_load,24,45,xgboost,12543.363666884858
2014-11-26 14:00:00,ecl,aggregate_load,24,45,xgboost,10243.600946311088
2014-11-26 15:00:00,ecl,aggregate_load,24,45,xgboost,11110.342222610327
2014-11-26 16:00:00,ecl,aggregate_load,24,45,xgboost,15258.628734909094
2014-11-26 17:00:00,ecl,aggregate_load,24,45,xgboost,16161.527599800247
2014-11-26 18:00:00,ecl,aggregate_load,24,45,xgboost,17139.73732579977
2014-11-26 19:00:00,ecl,aggregate_load,24,45,xgboost,13880.22186837267
2014-11-26 20:00:00,ecl,aggregate_load,24,45,xgboost,12317.208511954093
2014-11-26 21:00:00,ecl,aggregate_load,24,45,xgboost,13873.822665990201
2014-11-26 22:00:00,ecl,aggregate_load,24,45,xgboost,15218.130072821508
2014-11-26 23:00:00,ecl,aggregate_load,24,45,xgboost,12833.694274497306
2014-11-27 00:00:00,ecl,aggregate_load,24,45,xgboost,14423.539306586184
2014-11-27 01:00:00,ecl,aggregate_load,24,45,xgboost,13715.760101598558
2014-11-27 02:00:00,ecl,aggregate_load,24,45,xgboost,13028.1863439304
2014-11-27 03:00:00,ecl,aggregate_load,24,45,xgboost,11863.302212014503
2014-11-27 04:00:00,ecl,aggregate_load,24,45,xgboost,11877.827973925892
2014-11-27 05:00:00,ecl,aggregate_load,24,45,xgboost,13072.682696162825
2014-11-27 06:00:00,ecl,aggregate_load,24,45,xgboost,13513.67557917274
2014-11-27 07:00:00,ecl,aggregate_load,24,45,xgboost,13961.309859240062
2014-11-27 08:00:00,ecl,aggregate_load,24,45,xgboost,12218.74773222782
2014-11-27 09:00:00,ecl,aggregate_load,24,45,xgboost,9485.75931825214
2014-11-27 10:00:00,ecl,aggregate_load,24,45,xgboost,12204.74107670978
2014-11-27 11:00:00,ecl,aggregate_load,24,45,xgboost,15429.30857743637
2014-11-27 12:00:00,ecl,aggregate_load,24,45,xgboost,12600.835980503516
2014-11-27 13:00:00,ecl,aggregate_load,24,45,xgboost,12768.49048374447
2014-11-27 14:00:00,ecl,aggregate_load,24,45,xgboost,12434.25256094907
2014-11-27 15:00:00,ecl,aggregate_load,24,45,xgboost,12955.835107430355
2014-11-27 16:00:00,ecl,aggregate_load,24,45,xgboost,14460.476544461373
2014-11-27 17:00:00,ecl,aggregate_load,24,45,xgboost,14943.242408540718
2014-11-27 18:00:00,ecl,aggregate_load,24,45,xgboost,14886.684090401104
2014-11-27 19:00:00,ecl,aggregate_load,24,45,xgboost,15509.707950161692
2014-11-27 20:00:00,ecl,aggregate_load,24,45,xgboost,13605.020975702782
2014-11-27 21:00:00,ecl,aggregate_load,24,45,xgboost,15116.023884621443
2014-11-27 22:00:00,ecl,aggregate_load,24,45,xgboost,13130.07099437678
2014-11-27 23:00:00,ecl,aggregate_load,24,45,xgboost,11154.207900361727
2014-11-28 00:00:00,ecl,aggregate_load,24,45,xgboost,15787.850990843952
2014-11-28 01:00:00,ecl,aggregate_load,24,45,xgboost,15283.920845137489
2014-11-28 02:00:00,ecl,aggregate_load,24,45,xgboost,15158.35145812563
2014-11-28 03:00:00,ecl,aggregate_load,24,45,xgboost,15013.716043930917
2014-11-28 04:00:00,ecl,aggregate_load,24,45,xgboost,13903.552719782347
2014-11-28 05:00:00,ecl,aggregate_load,24,45,xgboost,17067.545080046544
2014-11-28 06:00:00,ecl,aggregate_load,24,45,xgboost,14965.592012487754
2014-11-28 07:00:00,ecl,aggregate_load,24,45,xgboost,17545.07880792132
2014-11-28 08:00:00,ecl,aggregate_load,24,45,xgboost,12080.31528020761
2014-11-28 09:00:00,ecl,aggregate_load,24,45,xgboost,12813.325189984345
2014-11-28 10:00:00,ecl,aggregate_load,24,45,xgboost,16554.933735386694
2014-11-28 11:00:00,ecl,aggregate_load,24,45,xgboost,16826.87315194315
2014-11-28 12:00:00,ecl,aggregate_load,24,45,xgboost,14127.444136556382
2014-11-28 13:00:00,ecl,aggregate_load,24,45,xgboost,11094.738432827988
2014-11-28 14:00:00,ecl,aggregate_load,24,45,xgboost,10750.665772118517
2014-11-28 15:00:00,ecl,aggregate_load,24,45,xgboost,9307.527925106222
2014-11-28 16:00:00,ecl,aggregate_load,24,45,xgboost,13617.427790608235
2014-11-28 17:00:00,ecl,aggregate_load,24,45,xgboost,12026.836933113054
2014-11-28 18:00:00,ecl,aggregate_load,24,45,xgboost,13125.213872504683
2014-11-28 19:00:00,ecl,aggregate_load,24,45,xgboost,10555.780329219027
2014-11-28 20:00:00,ecl,aggregate_load,24,45,xgboost,13137.93862154829
2014-11-28 21:00:00,ecl,aggregate_load,24,45,xgboost,14283.744508854137
2014-11-28 22:00:00,ecl,aggregate_load,24,45,xgboost,19522.336025409943
2014-11-28 23:00:00,ecl,aggregate_load,24,45,xgboost,15804.804865337015
2014-11-29 00:00:00,ecl,aggregate_load,24,45,xgboost,11590.841571309355
2014-11-29 01:00:00,ecl,aggregate_load,24,45,xgboost,13119.849928214398
2014-11-29 02:00:00,ecl,aggregate_load,24,45,xgboost,12279.573365797689
2014-11-29 03:00:00,ecl,aggregate_load,24,45,xgboost,11705.565215892939
2014-11-29 04:00:00,ecl,aggregate_load,24,45,xgboost,10744.67224910699
2014-11-29 05:00:00,ecl,aggregate_load,24,45,xgboost,12410.689952952564
2014-11-29 06:00:00,ecl,aggregate_load,24,45,xgboost,15193.579140924356
2014-11-29 07:00:00,ecl,aggregate_load,24,45,xgboost,13451.18824522021
2014-11-29 08:00:00,ecl,aggregate_load,24,45,xgboost,11460.034395910972
2014-11-29 09:00:00,ecl,aggregate_load,24,45,xgboost,12358.464374988884
2014-11-29 10:00:00,ecl,aggregate_load,24,45,xgboost,9759.51582640378
2014-11-29 11:00:00,ecl,aggregate_load,24,45,xgboost,12096.16216648226
2014-11-29 12:00:00,ecl,aggregate_load,24,45,xgboost,14013.40746521042
2014-11-29 13:00:00,ecl,aggregate_load,24,45,xgboost,13525.808496100113
2014-11-29 14:00:00,ecl,aggregate_load,24,45,xgboost,13677.395971144773
2014-11-29 15:00:00,ecl,aggregate_load,24,45,xgboost,14192.915783395967
2014-11-29 16:00:00,ecl,aggregate_load,24,45,xgboost,13559.384963355524
2014-11-29 17:00:00,ecl,aggregate_load,24,45,xgboost,11646.932748730615
2014-11-29 18:00:00,ecl,aggregate_load,24,45,xgboost,12923.27791977543
2014-11-29 19:00:00,ecl,aggregate_load,24,45,xgboost,15180.419320441142
2014-11-29 20:00:00,ecl,aggregate_load,24,45,xgboost,11291.540691485918
2014-11-29 21:00:00,ecl,aggregate_load,24,45,xgboost,13259.611727045865
2014-11-29 22:00:00,ecl,aggregate_load,24,45,xgboost,12946.603653134212
2014-11-29 23:00:00,ecl,aggregate_load,24,45,xgboost,11081.599488636559
2014-11-30 00:00:00,ecl,aggregate_load,24,45,xgboost,10028.7470331351
2014-11-30 01:00:00,ecl,aggregate_load,24,45,xgboost,12062.007884794502
2014-11-30 02:00:00,ecl,aggregate_load,24,45,xgboost,11573.284357792816
2014-11-30 03:00:00,ecl,aggregate_load,24,45,xgboost,12879.48061330241
2014-11-30 04:00:00,ecl,aggregate_load,24,45,xgboost,12387.332094647492
2014-11-30 05:00:00,ecl,aggregate_load,24,45,xgboost,13267.810429932784
2014-11-30 06:00:00,ecl,aggregate_load,24,45,xgboost,14183.889782030195
2014-11-30 07:00:00,ecl,aggregate_load,24,45,xgboost,11833.892624008333
2014-11-30 08:00:00,ecl,aggregate_load,24,45,xgboost,9529.581096429798
2014-11-30 09:00:00,ecl,aggregate_load,24,45,xgboost,9825.305280393695
2014-11-30 10:00:00,ecl,aggregate_load,24,45,xgboost,10924.306705544579
2014-11-30 11:00:00,ecl,aggregate_load,24,45,xgboost,15242.745555388901
2014-11-30 12:00:00,ecl,aggregate_load,24,45,xgboost,11824.348799830615
2014-11-30 13:00:00,ecl,aggregate_load,24,45,xgboost,12976.761068042746
2014-11-30 14:00:00,ecl,aggregate_load,24,45,xgboost,14678.081448042656
2014-11-30 15:00:00,ecl,aggregate_load,24,45,xgboost,12381.208709060911
2014-11-30 16:00:00,ecl,aggregate_load,24,45,xgboost,13745.50267765342
2014-11-30 17:00:00,ecl,aggregate_load,24,45,xgboost,14022.542408352137
2014-11-30 18:00:00,ecl,aggregate_load,24,45,xgboost,13951.813202272055
2014-11-30 19:00:00,ecl,aggregate_load,24,45,xgboost,15887.235733984839
2014-11-30 20:00:00,ecl,aggregate_load,24,45,xgboost,15295.947648183645
2014-11-30 21:00:00,ecl,aggregate_load,24,45,xgboost,20501.034856899587
2014-11-30 22:00:00,ecl,aggregate_load,24,45,xgboost,19205.72122136446
2014-11-30 23:00:00,ecl,aggregate_load,24,45,xgboost,22924.532780561003
2014-12-01 00:00:00,ecl,aggregate_load,24,45,xgboost,34532.426921516715
2014-12-01 01:00:00,ecl,aggregate_load,24,45,xgboost,40286.075534499134
2014-12-01 02:00:00,ecl,aggregate_load,24,45,xgboost,37795.700316508424
2014-12-01 03:00:00,ecl,aggregate_load,24,45,xgboost,29642.148879507644
2014-12-01 04:00:00,ecl,aggregate_load,24,45,xgboost,24845.130605529663
2014-12-01 05:00:00,ecl,aggregate_load,24,45,xgboost,25869.826512392454
2014-12-01 06:00:00,ecl,aggregate_load,24,45,xgboost,33708.37163198012
2014-12-01 07:00:00,ecl,aggregate_load,24,45,xgboost,29003.17748035961
2014-12-01 08:00:00,ecl,aggregate_load,24,45,xgboost,27791.347442629994
2014-12-01 09:00:00,ecl,aggregate_load,24,45,xgboost,28124.469119928992
2014-12-01 10:00:00,ecl,aggregate_load,24,45,xgboost,27252.218640048508
2014-12-01 11:00:00,ecl,aggregate_load,24,45,xgboost,22129.81343940854
2014-12-01 12:00:00,ecl,aggregate_load,24,45,xgboost,27877.71155303901
2014-12-01 13:00:00,ecl,aggregate_load,24,45,xgboost,30604.546852288633
2014-12-01 14:00:00,ecl,aggregate_load,24,45,xgboost,30635.0430399742
2014-12-01 15:00:00,ecl,aggregate_load,24,45,xgboost,29219.648683634237
2014-12-01 16:00:00,ecl,aggregate_load,24,45,xgboost,30444.006166909076
2014-12-01 17:00:00,ecl,aggregate_load,24,45,xgboost,31555.277849322636
2014-12-01 18:00:00,ecl,aggregate_load,24,45,xgboost,29681.405079983033
2014-12-01 19:00:00,ecl,aggregate_load,24,45,xgboost,37784.49369737116
2014-12-01 20:00:00,ecl,aggregate_load,24,45,xgboost,31744.83166752874
2014-12-01 21:00:00,ecl,aggregate_load,24,45,xgboost,26301.400932202872
2014-12-01 22:00:00,ecl,aggregate_load,24,45,xgboost,25657.995039024026
2014-12-01 23:00:00,ecl,aggregate_load,24,45,xgboost,21838.873176513895
2014-12-02 00:00:00,ecl,aggregate_load,24,45,xgboost,17144.916960203278
2014-12-02 01:00:00,ecl,aggregate_load,24,45,xgboost,18648.868989947576
2014-12-02 02:00:00,ecl,aggregate_load,24,45,xgboost,16516.88714338441
2014-12-02 03:00:00,ecl,aggregate_load,24,45,xgboost,13373.513660627867
2014-12-02 04:00:00,ecl,aggregate_load,24,45,xgboost,15586.551518680417
2014-12-02 05:00:00,ecl,aggregate_load,24,45,xgboost,19357.17632511281
2014-12-02 06:00:00,ecl,aggregate_load,24,45,xgboost,21396.88028646303
2014-12-02 07:00:00,ecl,aggregate_load,24,45,xgboost,22181.043303669674
2014-12-02 08:00:00,ecl,aggregate_load,24,45,xgboost,18578.713632966075
2014-12-02 09:00:00,ecl,aggregate_load,24,45,xgboost,17226.888333254316
2014-12-02 10:00:00,ecl,aggregate_load,24,45,xgboost,19309.89043045181
2014-12-02 11:00:00,ecl,aggregate_load,24,45,xgboost,19833.789604227084
2014-12-02 12:00:00,ecl,aggregate_load,24,45,xgboost,22626.676879754512
2014-12-02 13:00:00,ecl,aggregate_load,24,45,xgboost,19703.673042404258
2014-12-02 14:00:00,ecl,aggregate_load,24,45,xgboost,20913.52349116279
2014-12-02 15:00:00,ecl,aggregate_load,24,45,xgboost,18859.575395618438
2014-12-02 16:00:00,ecl,aggregate_load,24,45,xgboost,18265.636785480132
2014-12-02 17:00:00,ecl,aggregate_load,24,45,xgboost,15504.27313208426
2014-12-02 18:00:00,ecl,aggregate_load,24,45,xgboost,13477.358805484764
2014-12-02 19:00:00,ecl,aggregate_load,24,45,xgboost,20513.62703547947
2014-12-02 20:00:00,ecl,aggregate_load,24,45,xgboost,16457.18881404404
2014-12-02 21:00:00,ecl,aggregate_load,24,45,xgboost,13217.33509517937
2014-12-02 22:00:00,ecl,aggregate_load,24,45,xgboost,15080.944337072937
2014-12-02 23:00:00,ecl,aggregate_load,24,45,xgboost,15515.341199190274
2014-12-03 00:00:00,ecl,aggregate_load,24,45,xgboost,16248.766185333161
2014-12-03 01:00:00,ecl,aggregate_load,24,45,xgboost,17850.326265909403
2014-12-03 02:00:00,ecl,aggregate_load,24,45,xgboost,21395.65777175499
2014-12-03 03:00:00,ecl,aggregate_load,24,45,xgboost,25667.60917627942
2014-12-03 04:00:00,ecl,aggregate_load,24,45,xgboost,29233.31481350427
2014-12-03 05:00:00,ecl,aggregate_load,24,45,xgboost,24142.93382546239
2014-12-03 06:00:00,ecl,aggregate_load,24,45,xgboost,23075.349060059245
2014-12-03 07:00:00,ecl,aggregate_load,24,45,xgboost,17069.60460524409
2014-12-03 08:00:00,ecl,aggregate_load,24,45,xgboost,16963.1063589928
2014-12-03 09:00:00,ecl,aggregate_load,24,45,xgboost,16182.157277006023
2014-12-03 10:00:00,ecl,aggregate_load,24,45,xgboost,16324.507594821647
2014-12-03 11:00:00,ecl,aggregate_load,24,45,xgboost,17629.021823277708
2014-12-03 12:00:00,ecl,aggregate_load,24,45,xgboost,17909.12441500818
2014-12-03 13:00:00,ecl,aggregate_load,24,45,xgboost,16892.679805060212
2014-12-03 14:00:00,ecl,aggregate_load,24,45,xgboost,15546.758106677538
2014-12-03 15:00:00,ecl,aggregate_load,24,45,xgboost,14569.236328135621
2014-12-03 16:00:00,ecl,aggregate_load,24,45,xgboost,16703.92247082171
2014-12-03 17:00:00,ecl,aggregate_load,24,45,xgboost,13963.175011591784
2014-12-03 18:00:00,ecl,aggregate_load,24,45,xgboost,17137.40967066812
2014-12-03 19:00:00,ecl,aggregate_load,24,45,xgboost,23430.40459063688
2014-12-03 20:00:00,ecl,aggregate_load,24,45,xgboost,17908.460881641335
2014-12-03 21:00:00,ecl,aggregate_load,24,45,xgboost,15770.107277060995
2014-12-03 22:00:00,ecl,aggregate_load,24,45,xgboost,17777.753930132632
2014-12-03 23:00:00,ecl,aggregate_load,24,45,xgboost,17078.352738372407
2014-12-04 00:00:00,ecl,aggregate_load,24,45,xgboost,15107.449189588733
2014-12-04 01:00:00,ecl,aggregate_load,24,45,xgboost,20713.480068762878
2014-12-04 02:00:00,ecl,aggregate_load,24,45,xgboost,21699.501655478824
2014-12-04 03:00:00,ecl,aggregate_load,24,45,xgboost,24603.763566976948
2014-12-04 04:00:00,ecl,aggregate_load,24,45,xgboost,25046.597153333805
2014-12-04 05:00:00,ecl,aggregate_load,24,45,xgboost,20503.195218560704
2014-12-04 06:00:00,ecl,aggregate_load,24,45,xgboost,18769.995171786828
2014-12-04 07:00:00,ecl,aggregate_load,24,45,xgboost,14191.75322287615
2014-12-04 08:00:00,ecl,aggregate_load,24,45,xgboost,12181.39751947471
2014-12-04 09:00:00,ecl,aggregate_load,24,45,xgboost,12473.762144264632
2014-12-04 10:00:00,ecl,aggregate_load,24,45,xgboost,14234.61862545705
2014-12-04 11:00:00,ecl,aggregate_load,24,45,xgboost,13149.945468883534
2014-12-04 12:00:00,ecl,aggregate_load,24,45,xgboost,17125.84851469858
2014-12-04 13:00:00,ecl,aggregate_load,24,45,xgboost,15550.523925139452
2014-12-04 14:00:00,ecl,aggregate_load,24,45,xgboost,15712.813442863851
2014-12-04 15:00:00,ecl,aggregate_load,24,45,xgboost,17101.686442970306
2014-12-04 16:00:00,ecl,aggregate_load,24,45,xgboost,15365.919312381164
2014-12-04 17:00:00,ecl,aggregate_load,24,45,xgboost,14452.454758531434
2014-12-04 18:00:00,ecl,aggregate_load,24,45,xgboost,20054.03889253778
2014-12-04 19:00:00,ecl,aggregate_load,24,45,xgboost,26747.726759112935
2014-12-04 20:00:00,ecl,aggregate_load,24,45,xgboost,22099.425186700188
2014-12-04 21:00:00,ecl,aggregate_load,24,45,xgboost,21627.054681689864
2014-12-04 22:00:00,ecl,aggregate_load,24,45,xgboost,20772.838139537962
2014-12-04 23:00:00,ecl,aggregate_load,24,45,xgboost,16967.03952484785
2014-12-05 00:00:00,ecl,aggregate_load,24,45,xgboost,16694.05026008831
2014-12-05 01:00:00,ecl,aggregate_load,24,45,xgboost,14992.99762658091
2014-12-05 02:00:00,ecl,aggregate_load,24,45,xgboost,13997.969565107362
2014-12-05 03:00:00,ecl,aggregate_load,24,45,xgboost,18480.430981801102
2014-12-05 04:00:00,ecl,aggregate_load,24,45,xgboost,15657.798741964973
2014-12-05 05:00:00,ecl,aggregate_load,24,45,xgboost,13447.838454003113
2014-12-05 06:00:00,ecl,aggregate_load,24,45,xgboost,13391.588332922074
2014-12-05 07:00:00,ecl,aggregate_load,24,45,xgboost,12285.644655841143
2014-12-05 08:00:00,ecl,aggregate_load,24,45,xgboost,10383.217233202842
2014-12-05 09:00:00,ecl,aggregate_load,24,45,xgboost,12027.235222501331
2014-12-05 10:00:00,ecl,aggregate_load,24,45,xgboost,12372.258894954628
2014-12-05 11:00:00,ecl,aggregate_load,24,45,xgboost,16754.855467696067
2014-12-05 12:00:00,ecl,aggregate_load,24,45,xgboost,18749.873305831854
2014-12-05 13:00:00,ecl,aggregate_load,24,45,xgboost,16753.000354369535
2014-12-05 14:00:00,ecl,aggregate_load,24,45,xgboost,14472.005798675928
2014-12-05 15:00:00,ecl,aggregate_load,24,45,xgboost,18355.8811392656
2014-12-05 16:00:00,ecl,aggregate_load,24,45,xgboost,17464.39597799448
2014-12-05 17:00:00,ecl,aggregate_load,24,45,xgboost,16283.410911607074
2014-12-05 18:00:00,ecl,aggregate_load,24,45,xgboost,24370.59392023002
2014-12-05 19:00:00,ecl,aggregate_load,24,45,xgboost,27324.91120999376
2014-12-05 20:00:00,ecl,aggregate_load,24,45,xgboost,24726.269186092803
2014-12-05 21:00:00,ecl,aggregate_load,24,45,xgboost,23104.861623071618
2014-12-05 22:00:00,ecl,aggregate_load,24,45,xgboost,25887.24052439995
2014-12-05 23:00:00,ecl,aggregate_load,24,45,xgboost,27481.68609795756
2014-12-06 00:00:00,ecl,aggregate_load,24,45,xgboost,28283.962081988768
2014-12-06 01:00:00,ecl,aggregate_load,24,45,xgboost,27554.56781481967
2014-12-06 02:00:00,ecl,aggregate_load,24,45,xgboost,24724.640464851396
2014-12-06 03:00:00,ecl,aggregate_load,24,45,xgboost,22297.14836628374
2014-12-06 04:00:00,ecl,aggregate_load,24,45,xgboost,21910.674529182983
2014-12-06 05:00:00,ecl,aggregate_load,24,45,xgboost,22845.723046537067
2014-12-06 06:00:00,ecl,aggregate_load,24,45,xgboost,21415.067808820033
2014-12-06 07:00:00,ecl,aggregate_load,24,45,xgboost,20986.445844545186
2014-12-06 08:00:00,ecl,aggregate_load,24,45,xgboost,19576.28108761682
2014-12-06 09:00:00,ecl,aggregate_load,24,45,xgboost,18132.644393411305
2014-12-06 10:00:00,ecl,aggregate_load,24,45,xgboost,23823.12349534767
2014-12-06 11:00:00,ecl,aggregate_load,24,45,xgboost,25678.408313411794
2014-12-06 12:00:00,ecl,aggregate_load,24,45,xgboost,23624.260424870434
2014-12-06 13:00:00,ecl,aggregate_load,24,45,xgboost,22530.72854189608
2014-12-06 14:00:00,ecl,aggregate_load,24,45,xgboost,23442.29405668698
2014-12-06 15:00:00,ecl,aggregate_load,24,45,xgboost,27211.925689907384
2014-12-06 16:00:00,ecl,aggregate_load,24,45,xgboost,27978.360538236204
2014-12-06 17:00:00,ecl,aggregate_load,24,45,xgboost,25939.612663958036
2014-12-06 18:00:00,ecl,aggregate_load,24,45,xgboost,30747.779004617143
2014-12-06 19:00:00,ecl,aggregate_load,24,45,xgboost,29205.32291077514
2014-12-06 20:00:00,ecl,aggregate_load,24,45,xgboost,23598.993247905502
2014-12-06 21:00:00,ecl,aggregate_load,24,45,xgboost,23127.084248985328
2014-12-06 22:00:00,ecl,aggregate_load,24,45,xgboost,25016.153688503484
2014-12-06 23:00:00,ecl,aggregate_load,24,45,xgboost,28682.450386882865
2014-12-07 00:00:00,ecl,aggregate_load,24,45,xgboost,24399.185996405304
2014-12-07 01:00:00,ecl,aggregate_load,24,45,xgboost,22531.041802648237
2014-12-07 02:00:00,ecl,aggregate_load,24,45,xgboost,21382.906775809617
2014-12-07 03:00:00,ecl,aggregate_load,24,45,xgboost,21570.68987767687
2014-12-07 04:00:00,ecl,aggregate_load,24,45,xgboost,21490.280327351087
2014-12-07 05:00:00,ecl,aggregate_load,24,45,xgboost,21541.766145878173
2014-12-07 06:00:00,ecl,aggregate_load,24,45,xgboost,18706.437847302717
2014-12-07 07:00:00,ecl,aggregate_load,24,45,xgboost,21867.290380057053
2014-12-07 08:00:00,ecl,aggregate_load,24,45,xgboost,23627.38033447569
2014-12-07 09:00:00,ecl,aggregate_load,24,45,xgboost,25153.71280094799
2014-12-07 10:00:00,ecl,aggregate_load,24,45,xgboost,23973.859737757
2014-12-07 11:00:00,ecl,aggregate_load,24,45,xgboost,23600.924013942804
2014-12-07 12:00:00,ecl,aggregate_load,24,45,xgboost,23143.943509705026
2014-12-07 13:00:00,ecl,aggregate_load,24,45,xgboost,25576.880257501387
2014-12-07 14:00:00,ecl,aggregate_load,24,45,xgboost,24811.41842862031
2014-12-07 15:00:00,ecl,aggregate_load,24,45,xgboost,23279.481533566646
2014-12-07 16:00:00,ecl,aggregate_load,24,45,xgboost,25083.98538918328
2014-12-07 17:00:00,ecl,aggregate_load,24,45,xgboost,26903.406074480517
2014-12-07 18:00:00,ecl,aggregate_load,24,45,xgboost,20563.900862883023
2014-12-07 19:00:00,ecl,aggregate_load,24,45,xgboost,27410.851199498797
2014-12-07 20:00:00,ecl,aggregate_load,24,45,xgboost,21751.682736483595
2014-12-07 21:00:00,ecl,aggregate_load,24,45,xgboost,20181.126619934967
2014-12-07 22:00:00,ecl,aggregate_load,24,45,xgboost,29252.15988409227
2014-12-07 23:00:00,ecl,aggregate_load,24,45,xgboost,28411.47099478049
2014-12-08 00:00:00,ecl,aggregate_load,24,45,xgboost,29544.179985613173
2014-12-08 01:00:00,ecl,aggregate_load,24,45,xgboost,25099.42935156885
2014-12-08 02:00:00,ecl,aggregate_load,24,45,xgboost,26513.71306196381
2014-12-08 03:00:00,ecl,aggregate_load,24,45,xgboost,24239.931020986143
2014-12-08 04:00:00,ecl,aggregate_load,24,45,xgboost,22952.641300154704
2014-12-08 05:00:00,ecl,aggregate_load,24,45,xgboost,22445.702656773297
2014-12-08 06:00:00,ecl,aggregate_load,24,45,xgboost,24405.286260638328
2014-12-08 07:00:00,ecl,aggregate_load,24,45,xgboost,21547.761886287724
2014-12-08 08:00:00,ecl,aggregate_load,24,45,xgboost,23939.68026639568
2014-12-08 09:00:00,ecl,aggregate_load,24,45,xgboost,24944.624093989736
2014-12-08 10:00:00,ecl,aggregate_load,24,45,xgboost,20480.51504679761
2014-12-08 11:00:00,ecl,aggregate_load,24,45,xgboost,23096.681553430546
2014-12-08 12:00:00,ecl,aggregate_load,24,45,xgboost,18151.68303205026
2014-12-08 13:00:00,ecl,aggregate_load,24,45,xgboost,26421.562109555893
2014-12-08 14:00:00,ecl,aggregate_load,24,45,xgboost,34938.24432946122
2014-12-08 15:00:00,ecl,aggregate_load,24,45,xgboost,22984.14923082972
2014-12-08 16:00:00,ecl,aggregate_load,24,45,xgboost,20183.428779017468
2014-12-08 17:00:00,ecl,aggregate_load,24,45,xgboost,25430.276635585033
2014-12-08 18:00:00,ecl,aggregate_load,24,45,xgboost,21397.4837492496
2014-12-08 19:00:00,ecl,aggregate_load,24,45,xgboost,29261.51230302275
2014-12-08 20:00:00,ecl,aggregate_load,24,45,xgboost,26659.38591468734
2014-12-08 21:00:00,ecl,aggregate_load,24,45,xgboost,22776.64270308889
2014-12-08 22:00:00,ecl,aggregate_load,24,45,xgboost,22260.892301492655
2014-12-08 23:00:00,ecl,aggregate_load,24,45,xgboost,25227.31269029585
2014-12-09 00:00:00,ecl,aggregate_load,24,45,xgboost,38199.34935864439
2014-12-09 01:00:00,ecl,aggregate_load,24,45,xgboost,37152.84649323552
2014-12-09 02:00:00,ecl,aggregate_load,24,45,xgboost,43348.72367918233
2014-12-09 03:00:00,ecl,aggregate_load,24,45,xgboost,34406.69045833774
2014-12-09 04:00:00,ecl,aggregate_load,24,45,xgboost,28508.03098332911
2014-12-09 05:00:00,ecl,aggregate_load,24,45,xgboost,23744.156932775764
2014-12-09 06:00:00,ecl,aggregate_load,24,45,xgboost,24878.003128746535
2014-12-09 07:00:00,ecl,aggregate_load,24,45,xgboost,24411.028749383364
2014-12-09 08:00:00,ecl,aggregate_load,24,45,xgboost,28626.230209723366
2014-12-09 09:00:00,ecl,aggregate_load,24,45,xgboost,29103.17153407384
2014-12-09 10:00:00,ecl,aggregate_load,24,45,xgboost,29939.85223299678
2014-12-09 11:00:00,ecl,aggregate_load,24,45,xgboost,29605.38682416097
2014-12-09 12:00:00,ecl,aggregate_load,24,45,xgboost,26706.76389113719
2014-12-09 13:00:00,ecl,aggregate_load,24,45,xgboost,28629.2100488437
2014-12-09 14:00:00,ecl,aggregate_load,24,45,xgboost,27956.854063739916
2014-12-09 15:00:00,ecl,aggregate_load,24,45,xgboost,26116.283802317106
2014-12-09 16:00:00,ecl,aggregate_load,24,45,xgboost,25366.06917712759
2014-12-09 17:00:00,ecl,aggregate_load,24,45,xgboost,24212.907397621195
2014-12-09 18:00:00,ecl,aggregate_load,24,45,xgboost,25493.227736932615
2014-12-09 19:00:00,ecl,aggregate_load,24,45,xgboost,31842.94343768717
2014-12-09 20:00:00,ecl,aggregate_load,24,45,xgboost,31758.224422235304
2014-12-09 21:00:00,ecl,aggregate_load,24,45,xgboost,38094.77593396454
2014-12-09 22:00:00,ecl,aggregate_load,24,45,xgboost,41014.22288562579
2014-12-09 23:00:00,ecl,aggregate_load,24,45,xgboost,41281.51608446861
2014-12-10 00:00:00,ecl,aggregate_load,24,45,xgboost,47099.53845622314
2014-12-10 01:00:00,ecl,aggregate_load,24,45,xgboost,58722.495937380765
2014-12-10 02:00:00,ecl,aggregate_load,24,45,xgboost,62962.63219010918
2014-12-10 03:00:00,ecl,aggregate_load,24,45,xgboost,65448.320005611946
2014-12-10 04:00:00,ecl,aggregate_load,24,45,xgboost,64881.410020712436
2014-12-10 05:00:00,ecl,aggregate_load,24,45,xgboost,55720.83400116799
2014-12-10 06:00:00,ecl,aggregate_load,24,45,xgboost,51077.929303908335
2014-12-10 07:00:00,ecl,aggregate_load,24,45,xgboost,32415.707573999698
2014-12-10 08:00:00,ecl,aggregate_load,24,45,xgboost,30055.764704852056
2014-12-10 09:00:00,ecl,aggregate_load,24,45,xgboost,31544.35168302274
2014-12-10 10:00:00,ecl,aggregate_load,24,45,xgboost,29399.72603338884
2014-12-10 11:00:00,ecl,aggregate_load,24,45,xgboost,29151.572323559434
2014-12-10 12:00:00,ecl,aggregate_load,24,45,xgboost,22429.227491799607
2014-12-10 13:00:00,ecl,aggregate_load,24,45,xgboost,22182.38650200845
2014-12-10 14:00:00,ecl,aggregate_load,24,45,xgboost,23855.288359619415
2014-12-10 15:00:00,ecl,aggregate_load,24,45,xgboost,21285.191862548607
2014-12-10 16:00:00,ecl,aggregate_load,24,45,xgboost,19300.16815533769
2014-12-10 17:00:00,ecl,aggregate_load,24,45,xgboost,21082.66831308506
2014-12-10 18:00:00,ecl,aggregate_load,24,45,xgboost,19688.90675395786
2014-12-10 19:00:00,ecl,aggregate_load,24,45,xgboost,28741.859668014036
2014-12-10 20:00:00,ecl,aggregate_load,24,45,xgboost,24845.567623313003
2014-12-10 21:00:00,ecl,aggregate_load,24,45,xgboost,27558.856995268765
2014-12-10 22:00:00,ecl,aggregate_load,24,45,xgboost,24670.20606226123
2014-12-10 23:00:00,ecl,aggregate_load,24,45,xgboost,23342.002554336883
2014-12-11 00:00:00,ecl,aggregate_load,24,45,xgboost,18601.622177930756
2014-12-11 01:00:00,ecl,aggregate_load,24,45,xgboost,20267.63443910354
2014-12-11 02:00:00,ecl,aggregate_load,24,45,xgboost,14386.683792308713
2014-12-11 03:00:00,ecl,aggregate_load,24,45,xgboost,13107.420324546401
2014-12-11 04:00:00,ecl,aggregate_load,24,45,xgboost,12014.618849876024
2014-12-11 05:00:00,ecl,aggregate_load,24,45,xgboost,15363.578428401835
2014-12-11 06:00:00,ecl,aggregate_load,24,45,xgboost,19806.637139559647
2014-12-11 07:00:00,ecl,aggregate_load,24,45,xgboost,28003.64719388216
2014-12-11 08:00:00,ecl,aggregate_load,24,45,xgboost,24975.10142781893
2014-12-11 09:00:00,ecl,aggregate_load,24,45,xgboost,25957.64200591977
2014-12-11 10:00:00,ecl,aggregate_load,24,45,xgboost,27310.795328041164
2014-12-11 11:00:00,ecl,aggregate_load,24,45,xgboost,26014.05599693621
2014-12-11 12:00:00,ecl,aggregate_load,24,45,xgboost,23361.349966518523
2014-12-11 13:00:00,ecl,aggregate_load,24,45,xgboost,20218.86843973721
2014-12-11 14:00:00,ecl,aggregate_load,24,45,xgboost,21127.87156221615
2014-12-11 15:00:00,ecl,aggregate_load,24,45,xgboost,17428.268071760318
2014-12-11 16:00:00,ecl,aggregate_load,24,45,xgboost,19156.884530917865
2014-12-11 17:00:00,ecl,aggregate_load,24,45,xgboost,19666.41142638632
2014-12-11 18:00:00,ecl,aggregate_load,24,45,xgboost,19918.170234918394
2014-12-11 19:00:00,ecl,aggregate_load,24,45,xgboost,23369.00007026561
2014-12-11 20:00:00,ecl,aggregate_load,24,45,xgboost,22585.060590190926
2014-12-11 21:00:00,ecl,aggregate_load,24,45,xgboost,21567.799247518637
2014-12-11 22:00:00,ecl,aggregate_load,24,45,xgboost,22723.111339155876
2014-12-11 23:00:00,ecl,aggregate_load,24,45,xgboost,21794.184703294795
2014-12-12 00:00:00,ecl,aggregate_load,24,45,xgboost,23626.43914685059
2014-12-12 01:00:00,ecl,aggregate_load,24,45,xgboost,20346.249804337076
2014-12-12 02:00:00,ecl,aggregate_load,24,45,xgboost,13309.537640373264
2014-12-12 03:00:00,ecl,aggregate_load,24,45,xgboost,13619.702677240724
2014-12-12 04:00:00,ecl,aggregate_load,24,45,xgboost,13722.150015185473
2014-12-12 05:00:00,ecl,aggregate_load,24,45,xgboost,14525.875017080776
2014-12-12 06:00:00,ecl,aggregate_load,24,45,xgboost,18543.418016291038
2014-12-12 07:00:00,ecl,aggregate_load,24,45,xgboost,23547.085864621728
2014-12-12 08:00:00,ecl,aggregate_load,24,45,xgboost,22180.796655246726
2014-12-12 09:00:00,ecl,aggregate_load,24,45,xgboost,21403.588632796855
2014-12-12 10:00:00,ecl,aggregate_load,24,45,xgboost,21020.60666196251
2014-12-12 11:00:00,ecl,aggregate_load,24,45,xgboost,19071.00917139807
2014-12-12 12:00:00,ecl,aggregate_load,24,45,xgboost,18953.085575382524
2014-12-12 13:00:00,ecl,aggregate_load,24,45,xgboost,18651.93271827619
2014-12-12 14:00:00,ecl,aggregate_load,24,45,xgboost,22079.529766905023
2014-12-12 15:00:00,ecl,aggregate_load,24,45,xgboost,22153.236765072274
2014-12-12 16:00:00,ecl,aggregate_load,24,45,xgboost,23001.874287009967
2014-12-12 17:00:00,ecl,aggregate_load,24,45,xgboost,22969.919114044595
2014-12-12 18:00:00,ecl,aggregate_load,24,45,xgboost,19736.089550173674
2014-12-12 19:00:00,ecl,aggregate_load,24,45,xgboost,16862.22101163864
2014-12-12 20:00:00,ecl,aggregate_load,24,45,xgboost,17345.71840571344
2014-12-12 21:00:00,ecl,aggregate_load,24,45,xgboost,14426.076601185368
2014-12-12 22:00:00,ecl,aggregate_load,24,45,xgboost,22095.429541120906
2014-12-12 23:00:00,ecl,aggregate_load,24,45,xgboost,22049.42009825507
2014-12-13 00:00:00,ecl,aggregate_load,24,45,xgboost,23430.91724500248
2014-12-13 01:00:00,ecl,aggregate_load,24,45,xgboost,20690.487610531203
2014-12-13 02:00:00,ecl,aggregate_load,24,45,xgboost,21434.153826320162
2014-12-13 03:00:00,ecl,aggregate_load,24,45,xgboost,20514.737609327658
2014-12-13 04:00:00,ecl,aggregate_load,24,45,xgboost,18283.207016824595
2014-12-13 05:00:00,ecl,aggregate_load,24,45,xgboost,20227.418145847627
2014-12-13 06:00:00,ecl,aggregate_load,24,45,xgboost,17500.606690129713
2014-12-13 07:00:00,ecl,aggregate_load,24,45,xgboost,17365.38533076952
2014-12-13 08:00:00,ecl,aggregate_load,24,45,xgboost,15618.034740887539
2014-12-13 09:00:00,ecl,aggregate_load,24,45,xgboost,14360.95650932965
2014-12-13 10:00:00,ecl,aggregate_load,24,45,xgboost,16183.125614972845
2014-12-13 11:00:00,ecl,aggregate_load,24,45,xgboost,18714.034057392546
2014-12-13 12:00:00,ecl,aggregate_load,24,45,xgboost,18499.971152610826
2014-12-13 13:00:00,ecl,aggregate_load,24,45,xgboost,24664.92214101284
2014-12-13 14:00:00,ecl,aggregate_load,24,45,xgboost,19466.883364065972
2014-12-13 15:00:00,ecl,aggregate_load,24,45,xgboost,20823.692216871186
2014-12-13 16:00:00,ecl,aggregate_load,24,45,xgboost,24868.290144304974
2014-12-13 17:00:00,ecl,aggregate_load,24,45,xgboost,30737.390830959474
2014-12-13 18:00:00,ecl,aggregate_load,24,45,xgboost,32681.698193332166
2014-12-13 19:00:00,ecl,aggregate_load,24,45,xgboost,34527.61031011047
2014-12-13 20:00:00,ecl,aggregate_load,24,45,xgboost,31478.38006604037
2014-12-13 21:00:00,ecl,aggregate_load,24,45,xgboost,34391.798257946306
2014-12-13 22:00:00,ecl,aggregate_load,24,45,xgboost,43468.516565147525
2014-12-13 23:00:00,ecl,aggregate_load,24,45,xgboost,40095.10656444939
2014-12-14 00:00:00,ecl,aggregate_load,24,45,xgboost,35292.64673262896
2014-12-14 01:00:00,ecl,aggregate_load,24,45,xgboost,34763.93304219243
2014-12-14 02:00:00,ecl,aggregate_load,24,45,xgboost,33265.22009921195
2014-12-14 03:00:00,ecl,aggregate_load,24,45,xgboost,32063.746578705915
2014-12-14 04:00:00,ecl,aggregate_load,24,45,xgboost,30234.15551094776
2014-12-14 05:00:00,ecl,aggregate_load,24,45,xgboost,30977.347398135742
2014-12-14 06:00:00,ecl,aggregate_load,24,45,xgboost,30017.66646262661
2014-12-14 07:00:00,ecl,aggregate_load,24,45,xgboost,31684.650780227723
2014-12-14 08:00:00,ecl,aggregate_load,24,45,xgboost,27078.35066301885
2014-12-14 09:00:00,ecl,aggregate_load,24,45,xgboost,21847.52043278985
2014-12-14 10:00:00,ecl,aggregate_load,24,45,xgboost,25183.81654262175
2014-12-14 11:00:00,ecl,aggregate_load,24,45,xgboost,17483.7087429748
2014-12-14 12:00:00,ecl,aggregate_load,24,45,xgboost,17502.454558518035
2014-12-14 13:00:00,ecl,aggregate_load,24,45,xgboost,15977.675026886965
2014-12-14 14:00:00,ecl,aggregate_load,24,45,xgboost,15916.668696825422
2014-12-14 15:00:00,ecl,aggregate_load,24,45,xgboost,10183.789236030983
2014-12-14 16:00:00,ecl,aggregate_load,24,45,xgboost,14213.805627663927
2014-12-14 17:00:00,ecl,aggregate_load,24,45,xgboost,12895.44664165652
2014-12-14 18:00:00,ecl,aggregate_load,24,45,xgboost,12329.593836144906
2014-12-14 19:00:00,ecl,aggregate_load,24,45,xgboost,22088.712723631605
2014-12-14 20:00:00,ecl,aggregate_load,24,45,xgboost,13487.466216298375
2014-12-14 21:00:00,ecl,aggregate_load,24,45,xgboost,10691.824270474868
2014-12-14 22:00:00,ecl,aggregate_load,24,45,xgboost,13430.851818533165
2014-12-14 23:00:00,ecl,aggregate_load,24,45,xgboost,12494.139216813846
2014-12-15 00:00:00,ecl,aggregate_load,24,45,xgboost,25304.715833800074
2014-12-15 01:00:00,ecl,aggregate_load,24,45,xgboost,38454.717050175794
2014-12-15 02:00:00,ecl,aggregate_load,24,45,xgboost,72442.50434322475
2014-12-15 03:00:00,ecl,aggregate_load,24,45,xgboost,52170.85214664906
2014-12-15 04:00:00,ecl,aggregate_load,24,45,xgboost,42215.63723572428
2014-12-15 05:00:00,ecl,aggregate_load,24,45,xgboost,35733.206048757194
2014-12-15 06:00:00,ecl,aggregate_load,24,45,xgboost,38110.419932611956
2014-12-15 07:00:00,ecl,aggregate_load,24,45,xgboost,29428.464222511917
2014-12-15 08:00:00,ecl,aggregate_load,24,45,xgboost,29637.38779225443
2014-12-15 09:00:00,ecl,aggregate_load,24,45,xgboost,29320.750605745725
2014-12-15 10:00:00,ecl,aggregate_load,24,45,xgboost,28757.839108827775
2014-12-15 11:00:00,ecl,aggregate_load,24,45,xgboost,28436.857117120493
2014-12-15 12:00:00,ecl,aggregate_load,24,45,xgboost,27092.725504426606
2014-12-15 13:00:00,ecl,aggregate_load,24,45,xgboost,30737.347453732935
2014-12-15 14:00:00,ecl,aggregate_load,24,45,xgboost,26166.965063570602
2014-12-15 15:00:00,ecl,aggregate_load,24,45,xgboost,26500.393416696286
2014-12-15 16:00:00,ecl,aggregate_load,24,45,xgboost,29685.053813946066
2014-12-15 17:00:00,ecl,aggregate_load,24,45,xgboost,31423.815708096885
2014-12-15 18:00:00,ecl,aggregate_load,24,45,xgboost,34153.56221218709
2014-12-15 19:00:00,ecl,aggregate_load,24,45,xgboost,37716.63874003366
2014-12-15 20:00:00,ecl,aggregate_load,24,45,xgboost,34136.77478599794
2014-12-15 21:00:00,ecl,aggregate_load,24,45,xgboost,30778.185784029152
2014-12-15 22:00:00,ecl,aggregate_load,24,45,xgboost,27802.12488031828
2014-12-15 23:00:00,ecl,aggregate_load,24,45,xgboost,29465.474940126664
2014-12-16 00:00:00,ecl,aggregate_load,24,45,xgboost,18731.52889170194
2014-12-16 01:00:00,ecl,aggregate_load,24,45,xgboost,12046.279915194202
2014-12-16 02:00:00,ecl,aggregate_load,24,45,xgboost,14695.176684341
2014-12-16 03:00:00,ecl,aggregate_load,24,45,xgboost,11548.128310434133
2014-12-16 04:00:00,ecl,aggregate_load,24,45,xgboost,12510.221271843679
2014-12-16 05:00:00,ecl,aggregate_load,24,45,xgboost,10128.041678431684
2014-12-16 06:00:00,ecl,aggregate_load,24,45,xgboost,13827.39657555383
2014-12-16 07:00:00,ecl,aggregate_load,24,45,xgboost,17144.130909511445
2014-12-16 08:00:00,ecl,aggregate_load,24,45,xgboost,14570.93013057441
2014-12-16 09:00:00,ecl,aggregate_load,24,45,xgboost,16483.91522435693
2014-12-16 10:00:00,ecl,aggregate_load,24,45,xgboost,21085.9024545203
2014-12-16 11:00:00,ecl,aggregate_load,24,45,xgboost,15418.01359372864
2014-12-16 12:00:00,ecl,aggregate_load,24,45,xgboost,15665.771322091137
2014-12-16 13:00:00,ecl,aggregate_load,24,45,xgboost,18031.909824239225
2014-12-16 14:00:00,ecl,aggregate_load,24,45,xgboost,23660.49823043765
2014-12-16 15:00:00,ecl,aggregate_load,24,45,xgboost,23714.095375229732
2014-12-16 16:00:00,ecl,aggregate_load,24,45,xgboost,24898.533380036413
2014-12-16 17:00:00,ecl,aggregate_load,24,45,xgboost,27913.435109923255
2014-12-16 18:00:00,ecl,aggregate_load,24,45,xgboost,36177.2293827842
2014-12-16 19:00:00,ecl,aggregate_load,24,45,xgboost,32342.119301194307
2014-12-16 20:00:00,ecl,aggregate_load,24,45,xgboost,29296.18832076379
2014-12-16 21:00:00,ecl,aggregate_load,24,45,xgboost,23457.468865089206
2014-12-16 22:00:00,ecl,aggregate_load,24,45,xgboost,19505.800938581586
2014-12-16 23:00:00,ecl,aggregate_load,24,45,xgboost,16624.585890058694
2014-12-17 00:00:00,ecl,aggregate_load,24,45,xgboost,14619.428158153549
2014-12-17 01:00:00,ecl,aggregate_load,24,45,xgboost,13972.142718082496
2014-12-17 02:00:00,ecl,aggregate_load,24,45,xgboost,12586.902606573138
2014-12-17 03:00:00,ecl,aggregate_load,24,45,xgboost,13614.51730077088
2014-12-17 04:00:00,ecl,aggregate_load,24,45,xgboost,10184.933563258046
2014-12-17 05:00:00,ecl,aggregate_load,24,45,xgboost,13491.558819720658
2014-12-17 06:00:00,ecl,aggregate_load,24,45,xgboost,12744.384739500767
2014-12-17 07:00:00,ecl,aggregate_load,24,45,xgboost,14333.859322682547
2014-12-17 08:00:00,ecl,aggregate_load,24,45,xgboost,13055.205816438422
2014-12-17 09:00:00,ecl,aggregate_load,24,45,xgboost,16552.527867538174
2014-12-17 10:00:00,ecl,aggregate_load,24,45,xgboost,20027.96978013007
2014-12-17 11:00:00,ecl,aggregate_load,24,45,xgboost,14612.750045026472
2014-12-17 12:00:00,ecl,aggregate_load,24,45,xgboost,16242.410003053876
2014-12-17 13:00:00,ecl,aggregate_load,24,45,xgboost,11489.549547828634
2014-12-17 14:00:00,ecl,aggregate_load,24,45,xgboost,11302.258739619558
2014-12-17 15:00:00,ecl,aggregate_load,24,45,xgboost,10689.353523548461
2014-12-17 16:00:00,ecl,aggregate_load,24,45,xgboost,9806.38738997463
2014-12-17 17:00:00,ecl,aggregate_load,24,45,xgboost,9769.796543912642
2014-12-17 18:00:00,ecl,aggregate_load,24,45,xgboost,11830.795830378936
2014-12-17 19:00:00,ecl,aggregate_load,24,45,xgboost,13413.874829321581
2014-12-17 20:00:00,ecl,aggregate_load,24,45,xgboost,15551.945269648184
2014-12-17 21:00:00,ecl,aggregate_load,24,45,xgboost,12236.525288527444
2014-12-17 22:00:00,ecl,aggregate_load,24,45,xgboost,15800.929188020555
2014-12-17 23:00:00,ecl,aggregate_load,24,45,xgboost,16862.274768165058
2014-12-18 00:00:00,ecl,aggregate_load,24,45,xgboost,13826.397675513224
2014-12-18 01:00:00,ecl,aggregate_load,24,45,xgboost,12529.781268093431
2014-12-18 02:00:00,ecl,aggregate_load,24,45,xgboost,11318.877133323824
2014-12-18 03:00:00,ecl,aggregate_load,24,45,xgboost,6863.379123536865
2014-12-18 04:00:00,ecl,aggregate_load,24,45,xgboost,8789.83503273385
2014-12-18 05:00:00,ecl,aggregate_load,24,45,xgboost,10276.102258232713
2014-12-18 06:00:00,ecl,aggregate_load,24,45,xgboost,9921.99587410922
2014-12-18 07:00:00,ecl,aggregate_load,24,45,xgboost,11454.87344347842
2014-12-18 08:00:00,ecl,aggregate_load,24,45,xgboost,10694.52151343298
2014-12-18 09:00:00,ecl,aggregate_load,24,45,xgboost,12033.27605939799
2014-12-18 10:00:00,ecl,aggregate_load,24,45,xgboost,11430.984183462859
2014-12-18 11:00:00,ecl,aggregate_load,24,45,xgboost,9980.185193257154
2014-12-18 12:00:00,ecl,aggregate_load,24,45,xgboost,10182.653047247268
2014-12-18 13:00:00,ecl,aggregate_load,24,45,xgboost,11079.65454818513
2014-12-18 14:00:00,ecl,aggregate_load,24,45,xgboost,10235.635843996068
2014-12-18 15:00:00,ecl,aggregate_load,24,45,xgboost,10648.86750987619
2014-12-18 16:00:00,ecl,aggregate_load,24,45,xgboost,12058.41441517412
2014-12-18 17:00:00,ecl,aggregate_load,24,45,xgboost,12415.553384774015
2014-12-18 18:00:00,ecl,aggregate_load,24,45,xgboost,14093.132607801257
2014-12-18 19:00:00,ecl,aggregate_load,24,45,xgboost,13865.41573675972
2014-12-18 20:00:00,ecl,aggregate_load,24,45,xgboost,15380.60234099994
2014-12-18 21:00:00,ecl,aggregate_load,24,45,xgboost,15269.527365586138
2014-12-18 22:00:00,ecl,aggregate_load,24,45,xgboost,18944.885820188632
2014-12-18 23:00:00,ecl,aggregate_load,24,45,xgboost,16622.290772183267
2014-12-19 00:00:00,ecl,aggregate_load,24,45,xgboost,14515.551549572732
2014-12-19 01:00:00,ecl,aggregate_load,24,45,xgboost,17073.003162660916
2014-12-19 02:00:00,ecl,aggregate_load,24,45,xgboost,15028.995750299908
2014-12-19 03:00:00,ecl,aggregate_load,24,45,xgboost,12358.574281003459
2014-12-19 04:00:00,ecl,aggregate_load,24,45,xgboost,12843.8832841003
2014-12-19 05:00:00,ecl,aggregate_load,24,45,xgboost,15444.730813436205
2014-12-19 06:00:00,ecl,aggregate_load,24,45,xgboost,14123.567085844668
2014-12-19 07:00:00,ecl,aggregate_load,24,45,xgboost,14450.622295018757
2014-12-19 08:00:00,ecl,aggregate_load,24,45,xgboost,13628.46487323531
2014-12-19 09:00:00,ecl,aggregate_load,24,45,xgboost,12749.398903610914
2014-12-19 10:00:00,ecl,aggregate_load,24,45,xgboost,14507.191465388712
2014-12-19 11:00:00,ecl,aggregate_load,24,45,xgboost,16517.189949579395
2014-12-19 12:00:00,ecl,aggregate_load,24,45,xgboost,15954.587408312218
2014-12-19 13:00:00,ecl,aggregate_load,24,45,xgboost,18150.280027718134
2014-12-19 14:00:00,ecl,aggregate_load,24,45,xgboost,11733.24494558446
2014-12-19 15:00:00,ecl,aggregate_load,24,45,xgboost,16646.931254184856
2014-12-19 16:00:00,ecl,aggregate_load,24,45,xgboost,13636.976107624541
2014-12-19 17:00:00,ecl,aggregate_load,24,45,xgboost,15925.202477968387
2014-12-19 18:00:00,ecl,aggregate_load,24,45,xgboost,19863.372283093242
2014-12-19 19:00:00,ecl,aggregate_load,24,45,xgboost,18207.910550575645
2014-12-19 20:00:00,ecl,aggregate_load,24,45,xgboost,18413.95710329886
2014-12-19 21:00:00,ecl,aggregate_load,24,45,xgboost,17344.266571193362
2014-12-19 22:00:00,ecl,aggregate_load,24,45,xgboost,16108.564141530718
2014-12-19 23:00:00,ecl,aggregate_load,24,45,xgboost,16833.07254879649
2014-12-20 00:00:00,ecl,aggregate_load,24,45,xgboost,16522.559970352977
2014-12-20 01:00:00,ecl,aggregate_load,24,45,xgboost,11573.060555158538
2014-12-20 02:00:00,ecl,aggregate_load,24,45,xgboost,10049.532472058976
2014-12-20 03:00:00,ecl,aggregate_load,24,45,xgboost,9690.60201897854
2014-12-20 04:00:00,ecl,aggregate_load,24,45,xgboost,9585.986086864184
2014-12-20 05:00:00,ecl,aggregate_load,24,45,xgboost,13050.282952419868
2014-12-20 06:00:00,ecl,aggregate_load,24,45,xgboost,14400.080250472034
2014-12-20 07:00:00,ecl,aggregate_load,24,45,xgboost,12624.15145281414
2014-12-20 08:00:00,ecl,aggregate_load,24,45,xgboost,15283.16461619953
2014-12-20 09:00:00,ecl,aggregate_load,24,45,xgboost,13651.653966745913
2014-12-20 10:00:00,ecl,aggregate_load,24,45,xgboost,9525.821024241248
2014-12-20 11:00:00,ecl,aggregate_load,24,45,xgboost,12097.725817020013
2014-12-20 12:00:00,ecl,aggregate_load,24,45,xgboost,13963.053433618921
2014-12-20 13:00:00,ecl,aggregate_load,24,45,xgboost,17984.993862723884
2014-12-20 14:00:00,ecl,aggregate_load,24,45,xgboost,15884.19584998869
2014-12-20 15:00:00,ecl,aggregate_load,24,45,xgboost,15917.680898009903
2014-12-20 16:00:00,ecl,aggregate_load,24,45,xgboost,16507.8428596801
2014-12-20 17:00:00,ecl,aggregate_load,24,45,xgboost,17054.489677553727
2014-12-20 18:00:00,ecl,aggregate_load,24,45,xgboost,18052.223289678503
2014-12-20 19:00:00,ecl,aggregate_load,24,45,xgboost,16837.938202262798
2014-12-20 20:00:00,ecl,aggregate_load,24,45,xgboost,17550.48162665204
2014-12-20 21:00:00,ecl,aggregate_load,24,45,xgboost,18867.515750168914
2014-12-20 22:00:00,ecl,aggregate_load,24,45,xgboost,18635.038049091912
2014-12-20 23:00:00,ecl,aggregate_load,24,45,xgboost,19857.42668874062
2014-12-21 00:00:00,ecl,aggregate_load,24,45,xgboost,20886.306627949805
2014-12-21 01:00:00,ecl,aggregate_load,24,45,xgboost,9743.062944972313
2014-12-21 02:00:00,ecl,aggregate_load,24,45,xgboost,10442.152844990158
2014-12-21 03:00:00,ecl,aggregate_load,24,45,xgboost,15924.543088383825
2014-12-21 04:00:00,ecl,aggregate_load,24,45,xgboost,14571.385220092094
2014-12-21 05:00:00,ecl,aggregate_load,24,45,xgboost,16375.360842347503
2014-12-21 06:00:00,ecl,aggregate_load,24,45,xgboost,19717.33373226845
2014-12-21 07:00:00,ecl,aggregate_load,24,45,xgboost,17674.093936502013
2014-12-21 08:00:00,ecl,aggregate_load,24,45,xgboost,17876.29997101612
2014-12-21 09:00:00,ecl,aggregate_load,24,45,xgboost,21402.59607214209
2014-12-21 10:00:00,ecl,aggregate_load,24,45,xgboost,17685.318078146935
2014-12-21 11:00:00,ecl,aggregate_load,24,45,xgboost,18328.72178597216
2014-12-21 12:00:00,ecl,aggregate_load,24,45,xgboost,17454.75475719933
2014-12-21 13:00:00,ecl,aggregate_load,24,45,xgboost,13377.68268363882
2014-12-21 14:00:00,ecl,aggregate_load,24,45,xgboost,13067.567246658133
2014-12-21 15:00:00,ecl,aggregate_load,24,45,xgboost,11074.731315778876
2014-12-21 16:00:00,ecl,aggregate_load,24,45,xgboost,11418.660255779389
2014-12-21 17:00:00,ecl,aggregate_load,24,45,xgboost,12508.31240509603
2014-12-21 18:00:00,ecl,aggregate_load,24,45,xgboost,19502.246741771687
2014-12-21 19:00:00,ecl,aggregate_load,24,45,xgboost,15215.908758472056
2014-12-21 20:00:00,ecl,aggregate_load,24,45,xgboost,19020.438865854856
2014-12-21 21:00:00,ecl,aggregate_load,24,45,xgboost,15586.958518672072
2014-12-21 22:00:00,ecl,aggregate_load,24,45,xgboost,19524.79113938945
2014-12-21 23:00:00,ecl,aggregate_load,24,45,xgboost,17019.63236203067
2014-12-22 00:00:00,ecl,aggregate_load,24,45,xgboost,20577.007461488844
2014-12-22 01:00:00,ecl,aggregate_load,24,45,xgboost,19165.237356019377
2014-12-22 02:00:00,ecl,aggregate_load,24,45,xgboost,16967.509220031545
2014-12-22 03:00:00,ecl,aggregate_load,24,45,xgboost,13831.42474702629
2014-12-22 04:00:00,ecl,aggregate_load,24,45,xgboost,11682.474696562376
2014-12-22 05:00:00,ecl,aggregate_load,24,45,xgboost,10908.561903085196
2014-12-22 06:00:00,ecl,aggregate_load,24,45,xgboost,14437.874775234732
2014-12-22 07:00:00,ecl,aggregate_load,24,45,xgboost,17792.935729057706
2014-12-22 08:00:00,ecl,aggregate_load,24,45,xgboost,18816.045624038128
2014-12-22 09:00:00,ecl,aggregate_load,24,45,xgboost,15556.894539267589
2014-12-22 10:00:00,ecl,aggregate_load,24,45,xgboost,14891.013056541136
2014-12-22 11:00:00,ecl,aggregate_load,24,45,xgboost,14484.846490227437
2014-12-22 12:00:00,ecl,aggregate_load,24,45,xgboost,17919.722589636465
2014-12-22 13:00:00,ecl,aggregate_load,24,45,xgboost,16259.656465383845
2014-12-22 14:00:00,ecl,aggregate_load,24,45,xgboost,16638.466827342603
2014-12-22 15:00:00,ecl,aggregate_load,24,45,xgboost,13868.585816158646
2014-12-22 16:00:00,ecl,aggregate_load,24,45,xgboost,14959.232058743373
2014-12-22 17:00:00,ecl,aggregate_load,24,45,xgboost,16779.088832758225
2014-12-22 18:00:00,ecl,aggregate_load,24,45,xgboost,14320.340910205558
2014-12-22 19:00:00,ecl,aggregate_load,24,45,xgboost,13623.4400473908
2014-12-22 20:00:00,ecl,aggregate_load,24,45,xgboost,13997.67019923324
2014-12-22 21:00:00,ecl,aggregate_load,24,45,xgboost,14134.481441053067
2014-12-22 22:00:00,ecl,aggregate_load,24,45,xgboost,9288.772432212354
2014-12-22 23:00:00,ecl,aggregate_load,24,45,xgboost,10649.00296539044
2014-12-23 00:00:00,ecl,aggregate_load,24,45,xgboost,11293.076751309323
2014-12-23 01:00:00,ecl,aggregate_load,24,45,xgboost,10696.875710991359
2014-12-23 02:00:00,ecl,aggregate_load,24,45,xgboost,10954.506118501396
2014-12-23 03:00:00,ecl,aggregate_load,24,45,xgboost,12508.602029159154
2014-12-23 04:00:00,ecl,aggregate_load,24,45,xgboost,12056.413609688572
2014-12-23 05:00:00,ecl,aggregate_load,24,45,xgboost,13024.118293809986
2014-12-23 06:00:00,ecl,aggregate_load,24,45,xgboost,14126.653494196717
2014-12-23 07:00:00,ecl,aggregate_load,24,45,xgboost,15161.0469511086
2014-12-23 08:00:00,ecl,aggregate_load,24,45,xgboost,11323.65510437441
2014-12-23 09:00:00,ecl,aggregate_load,24,45,xgboost,9777.74713546165
2014-12-23 10:00:00,ecl,aggregate_load,24,45,xgboost,11559.188070407952
2014-12-23 11:00:00,ecl,aggregate_load,24,45,xgboost,13729.790662898951
2014-12-23 12:00:00,ecl,aggregate_load,24,45,xgboost,11309.10839455014
2014-12-23 13:00:00,ecl,aggregate_load,24,45,xgboost,12272.330188204818
2014-12-23 14:00:00,ecl,aggregate_load,24,45,xgboost,9996.517254863431
2014-12-23 15:00:00,ecl,aggregate_load,24,45,xgboost,10961.993316511607
2014-12-23 16:00:00,ecl,aggregate_load,24,45,xgboost,13054.136458391045
2014-12-23 17:00:00,ecl,aggregate_load,24,45,xgboost,11602.968156536745
2014-12-23 18:00:00,ecl,aggregate_load,24,45,xgboost,13481.242406172516
2014-12-23 19:00:00,ecl,aggregate_load,24,45,xgboost,20249.357734326873
2014-12-23 20:00:00,ecl,aggregate_load,24,45,xgboost,25611.93122161823
2014-12-23 21:00:00,ecl,aggregate_load,24,45,xgboost,36846.18216206118
2014-12-23 22:00:00,ecl,aggregate_load,24,45,xgboost,51067.777021822636
2014-12-23 23:00:00,ecl,aggregate_load,24,45,xgboost,60749.883419140184
2014-12-24 00:00:00,ecl,aggregate_load,24,45,xgboost,67592.55642243037
2014-12-24 01:00:00,ecl,aggregate_load,24,45,xgboost,80262.49187702265
2014-12-24 02:00:00,ecl,aggregate_load,24,45,xgboost,78702.69402491035
2014-12-24 03:00:00,ecl,aggregate_load,24,45,xgboost,84377.06180289274
2014-12-24 04:00:00,ecl,aggregate_load,24,45,xgboost,88796.29671982622
2014-12-24 05:00:00,ecl,aggregate_load,24,45,xgboost,93759.93414849097
2014-12-24 06:00:00,ecl,aggregate_load,24,45,xgboost,97715.27111110363
2014-12-24 07:00:00,ecl,aggregate_load,24,45,xgboost,102700.84468074131
2014-12-24 08:00:00,ecl,aggregate_load,24,45,xgboost,111158.23606234095
2014-12-24 09:00:00,ecl,aggregate_load,24,45,xgboost,121836.95194594254
2014-12-24 10:00:00,ecl,aggregate_load,24,45,xgboost,137352.99199788694
2014-12-24 11:00:00,ecl,aggregate_load,24,45,xgboost,154025.99652609997
2014-12-24 12:00:00,ecl,aggregate_load,24,45,xgboost,173867.03054979737
2014-12-24 13:00:00,ecl,aggregate_load,24,45,xgboost,188636.0962264468
2014-12-24 14:00:00,ecl,aggregate_load,24,45,xgboost,200186.00749353864
2014-12-24 15:00:00,ecl,aggregate_load,24,45,xgboost,225366.49981965512
2014-12-24 16:00:00,ecl,aggregate_load,24,45,xgboost,241179.06158501664
2014-12-24 17:00:00,ecl,aggregate_load,24,45,xgboost,254667.8795197426
2014-12-24 18:00:00,ecl,aggregate_load,24,45,xgboost,266347.5246679637
2014-12-24 19:00:00,ecl,aggregate_load,24,45,xgboost,253239.01787254607
2014-12-24 20:00:00,ecl,aggregate_load,24,45,xgboost,215048.9379789733
2014-12-24 21:00:00,ecl,aggregate_load,24,45,xgboost,203900.74328735916
2014-12-24 22:00:00,ecl,aggregate_load,24,45,xgboost,197198.71114185653
2014-12-24 23:00:00,ecl,aggregate_load,24,45,xgboost,197736.4993961409
2014-12-25 00:00:00,ecl,aggregate_load,24,45,xgboost,198404.78942744757
2014-12-25 01:00:00,ecl,aggregate_load,24,45,xgboost,105001.76501827291
2014-12-25 02:00:00,ecl,aggregate_load,24,45,xgboost,183623.97730450556
2014-12-25 03:00:00,ecl,aggregate_load,24,45,xgboost,204380.33121357847
2014-12-25 04:00:00,ecl,aggregate_load,24,45,xgboost,213351.34952060095
2014-12-25 05:00:00,ecl,aggregate_load,24,45,xgboost,196104.19863989754
2014-12-25 06:00:00,ecl,aggregate_load,24,45,xgboost,161847.94566625322
2014-12-25 07:00:00,ecl,aggregate_load,24,45,xgboost,96185.67594751452
2014-12-25 08:00:00,ecl,aggregate_load,24,45,xgboost,74331.64707799359
2014-12-25 09:00:00,ecl,aggregate_load,24,45,xgboost,61904.370081142406
2014-12-25 10:00:00,ecl,aggregate_load,24,45,xgboost,59384.67722322483
2014-12-25 11:00:00,ecl,aggregate_load,24,45,xgboost,61456.452627331404
2014-12-25 12:00:00,ecl,aggregate_load,24,45,xgboost,53214.21512965048
2014-12-25 13:00:00,ecl,aggregate_load,24,45,xgboost,95454.67143789532
2014-12-25 14:00:00,ecl,aggregate_load,24,45,xgboost,87929.64330925907
2014-12-25 15:00:00,ecl,aggregate_load,24,45,xgboost,82400.06052287367
2014-12-25 16:00:00,ecl,aggregate_load,24,45,xgboost,86901.13292539386
2014-12-25 17:00:00,ecl,aggregate_load,24,45,xgboost,73024.41670945725
2014-12-25 18:00:00,ecl,aggregate_load,24,45,xgboost,63569.39141349809
2014-12-25 19:00:00,ecl,aggregate_load,24,45,xgboost,53237.73110259875
2014-12-25 20:00:00,ecl,aggregate_load,24,45,xgboost,52123.996986983424
2014-12-25 21:00:00,ecl,aggregate_load,24,45,xgboost,70766.637062228
2014-12-25 22:00:00,ecl,aggregate_load,24,45,xgboost,85737.75966030189
2014-12-25 23:00:00,ecl,aggregate_load,24,45,xgboost,86635.83522795874
2014-12-26 00:00:00,ecl,aggregate_load,24,45,xgboost,62790.855947422715
2014-12-26 01:00:00,ecl,aggregate_load,24,45,xgboost,30566.592342123302
2014-12-26 02:00:00,ecl,aggregate_load,24,45,xgboost,28278.7391181077
2014-12-26 03:00:00,ecl,aggregate_load,24,45,xgboost,31342.785136273655
2014-12-26 04:00:00,ecl,aggregate_load,24,45,xgboost,31825.284327810787
2014-12-26 05:00:00,ecl,aggregate_load,24,45,xgboost,33005.566178997055
2014-12-26 06:00:00,ecl,aggregate_load,24,45,xgboost,37371.87945916631
2014-12-26 07:00:00,ecl,aggregate_load,24,45,xgboost,36219.7374884511
2014-12-26 08:00:00,ecl,aggregate_load,24,45,xgboost,34805.7091772809
2014-12-26 09:00:00,ecl,aggregate_load,24,45,xgboost,34990.005815429635
2014-12-26 10:00:00,ecl,aggregate_load,24,45,xgboost,30994.453638900526
2014-12-26 11:00:00,ecl,aggregate_load,24,45,xgboost,34551.143320074014
2014-12-26 12:00:00,ecl,aggregate_load,24,45,xgboost,45470.15357582681
2014-12-26 13:00:00,ecl,aggregate_load,24,45,xgboost,34161.16637268875
2014-12-26 14:00:00,ecl,aggregate_load,24,45,xgboost,26148.16653524543
2014-12-26 15:00:00,ecl,aggregate_load,24,45,xgboost,21040.540458429827
2014-12-26 16:00:00,ecl,aggregate_load,24,45,xgboost,26815.719476287002
2014-12-26 17:00:00,ecl,aggregate_load,24,45,xgboost,31715.871333105035
2014-12-26 18:00:00,ecl,aggregate_load,24,45,xgboost,30358.470047548777
2014-12-26 19:00:00,ecl,aggregate_load,24,45,xgboost,29112.744502442703
2014-12-26 20:00:00,ecl,aggregate_load,24,45,xgboost,36084.44879294831
2014-12-26 21:00:00,ecl,aggregate_load,24,45,xgboost,31637.93792081282
2014-12-26 22:00:00,ecl,aggregate_load,24,45,xgboost,30017.33234302718
2014-12-26 23:00:00,ecl,aggregate_load,24,45,xgboost,51087.365874323084
2014-12-27 00:00:00,ecl,aggregate_load,24,45,xgboost,50135.046511645975
2014-12-27 01:00:00,ecl,aggregate_load,24,45,xgboost,44977.389232061956
2014-12-27 02:00:00,ecl,aggregate_load,24,45,xgboost,41500.251559158314
2014-12-27 03:00:00,ecl,aggregate_load,24,45,xgboost,43760.79760249897
2014-12-27 04:00:00,ecl,aggregate_load,24,45,xgboost,41749.547497601336
2014-12-27 05:00:00,ecl,aggregate_load,24,45,xgboost,42627.630861431506
2014-12-27 06:00:00,ecl,aggregate_load,24,45,xgboost,46998.31005509273
2014-12-27 07:00:00,ecl,aggregate_load,24,45,xgboost,41109.885094180594
2014-12-27 08:00:00,ecl,aggregate_load,24,45,xgboost,40662.830046022886
2014-12-27 09:00:00,ecl,aggregate_load,24,45,xgboost,38846.79879949248
2014-12-27 10:00:00,ecl,aggregate_load,24,45,xgboost,37968.43352097999
2014-12-27 11:00:00,ecl,aggregate_load,24,45,xgboost,41228.63739278732
2014-12-27 12:00:00,ecl,aggregate_load,24,45,xgboost,38564.71253204064
2014-12-27 13:00:00,ecl,aggregate_load,24,45,xgboost,35889.70111803628
2014-12-27 14:00:00,ecl,aggregate_load,24,45,xgboost,34778.74533620028
2014-12-27 15:00:00,ecl,aggregate_load,24,45,xgboost,32431.465141244247
2014-12-27 16:00:00,ecl,aggregate_load,24,45,xgboost,27773.52232628842
2014-12-27 17:00:00,ecl,aggregate_load,24,45,xgboost,30967.77208428245
2014-12-27 18:00:00,ecl,aggregate_load,24,45,xgboost,38509.29022010078
2014-12-27 19:00:00,ecl,aggregate_load,24,45,xgboost,35004.52012032607
2014-12-27 20:00:00,ecl,aggregate_load,24,45,xgboost,32206.473623897607
2014-12-27 21:00:00,ecl,aggregate_load,24,45,xgboost,34118.76733174355
2014-12-27 22:00:00,ecl,aggregate_load,24,45,xgboost,37763.8440177517
2014-12-27 23:00:00,ecl,aggregate_load,24,45,xgboost,35695.71207655394
2014-12-28 00:00:00,ecl,aggregate_load,24,45,xgboost,41684.78868178804
2014-12-28 01:00:00,ecl,aggregate_load,24,45,xgboost,40248.026680173796
2014-12-28 02:00:00,ecl,aggregate_load,24,45,xgboost,30624.499118954947
2014-12-28 03:00:00,ecl,aggregate_load,24,45,xgboost,30756.88724763542
2014-12-28 04:00:00,ecl,aggregate_load,24,45,xgboost,30509.965282850888
2014-12-28 05:00:00,ecl,aggregate_load,24,45,xgboost,31244.40989091028
2014-12-28 06:00:00,ecl,aggregate_load,24,45,xgboost,32468.746376226507
2014-12-28 07:00:00,ecl,aggregate_load,24,45,xgboost,30092.03690341579
2014-12-28 08:00:00,ecl,aggregate_load,24,45,xgboost,31081.393313097098
2014-12-28 09:00:00,ecl,aggregate_load,24,45,xgboost,31557.227641056572
2014-12-28 10:00:00,ecl,aggregate_load,24,45,xgboost,30689.91307269612
2014-12-28 11:00:00,ecl,aggregate_load,24,45,xgboost,32274.672249241365
2014-12-28 12:00:00,ecl,aggregate_load,24,45,xgboost,27398.25110639758
2014-12-28 13:00:00,ecl,aggregate_load,24,45,xgboost,27054.371367116295
2014-12-28 14:00:00,ecl,aggregate_load,24,45,xgboost,27041.030319985715
2014-12-28 15:00:00,ecl,aggregate_load,24,45,xgboost,28775.000876387658
2014-12-28 16:00:00,ecl,aggregate_load,24,45,xgboost,27150.718634006636
2014-12-28 17:00:00,ecl,aggregate_load,24,45,xgboost,36627.13483793416
2014-12-28 18:00:00,ecl,aggregate_load,24,45,xgboost,45742.94251303038
2014-12-28 19:00:00,ecl,aggregate_load,24,45,xgboost,46341.58101622351
2014-12-28 20:00:00,ecl,aggregate_load,24,45,xgboost,42268.03146374781
2014-12-28 21:00:00,ecl,aggregate_load,24,45,xgboost,41090.42155491607
2014-12-28 22:00:00,ecl,aggregate_load,24,45,xgboost,39494.40276871187
2014-12-28 23:00:00,ecl,aggregate_load,24,45,xgboost,39976.578931982185
2014-12-29 00:00:00,ecl,aggregate_load,24,45,xgboost,48214.73904805526
2014-12-29 01:00:00,ecl,aggregate_load,24,45,xgboost,46559.15966259689
2014-12-29 02:00:00,ecl,aggregate_load,24,45,xgboost,33291.27146900239
2014-12-29 03:00:00,ecl,aggregate_load,24,45,xgboost,29138.503083913703
2014-12-29 04:00:00,ecl,aggregate_load,24,45,xgboost,29023.05502953098
2014-12-29 05:00:00,ecl,aggregate_load,24,45,xgboost,27843.876231786275
2014-12-29 06:00:00,ecl,aggregate_load,24,45,xgboost,31694.414281441084
2014-12-29 07:00:00,ecl,aggregate_load,24,45,xgboost,23852.65911712414
2014-12-29 08:00:00,ecl,aggregate_load,24,45,xgboost,27964.80109580388
2014-12-29 09:00:00,ecl,aggregate_load,24,45,xgboost,27198.30955976697
2014-12-29 10:00:00,ecl,aggregate_load,24,45,xgboost,29049.697380234284
2014-12-29 11:00:00,ecl,aggregate_load,24,45,xgboost,31046.188667040766
2014-12-29 12:00:00,ecl,aggregate_load,24,45,xgboost,28162.497895402255
2014-12-29 13:00:00,ecl,aggregate_load,24,45,xgboost,27205.472173784616
2014-12-29 14:00:00,ecl,aggregate_load,24,45,xgboost,28807.735458295923
2014-12-29 15:00:00,ecl,aggregate_load,24,45,xgboost,29410.048727926052
2014-12-29 16:00:00,ecl,aggregate_load,24,45,xgboost,26919.19971777381
2014-12-29 17:00:00,ecl,aggregate_load,24,45,xgboost,32183.347533203643
2014-12-29 18:00:00,ecl,aggregate_load,24,45,xgboost,40195.75901069765
2014-12-29 19:00:00,ecl,aggregate_load,24,45,xgboost,40092.487107289984
2014-12-29 20:00:00,ecl,aggregate_load,24,45,xgboost,39804.87015387165
2014-12-29 21:00:00,ecl,aggregate_load,24,45,xgboost,42472.98426707715
2014-12-29 22:00:00,ecl,aggregate_load,24,45,xgboost,40251.483761470874
2014-12-29 23:00:00,ecl,aggregate_load,24,45,xgboost,44813.08557291506
2014-12-30 00:00:00,ecl,aggregate_load,24,45,xgboost,51048.17503799673
2014-12-30 01:00:00,ecl,aggregate_load,24,45,xgboost,52349.52589923712
2014-12-30 02:00:00,ecl,aggregate_load,24,45,xgboost,37885.89790613675
2014-12-30 03:00:00,ecl,aggregate_load,24,45,xgboost,34701.204193344696
2014-12-30 04:00:00,ecl,aggregate_load,24,45,xgboost,32646.28809160645
2014-12-30 05:00:00,ecl,aggregate_load,24,45,xgboost,34224.17945494901
2014-12-30 06:00:00,ecl,aggregate_load,24,45,xgboost,36148.674386088
2014-12-30 07:00:00,ecl,aggregate_load,24,45,xgboost,33911.72831279819
2014-12-30 08:00:00,ecl,aggregate_load,24,45,xgboost,35587.77309202392
2014-12-30 09:00:00,ecl,aggregate_load,24,45,xgboost,35105.87072200401
2014-12-30 10:00:00,ecl,aggregate_load,24,45,xgboost,36461.674671187684
2014-12-30 11:00:00,ecl,aggregate_load,24,45,xgboost,38785.16106892206
2014-12-30 12:00:00,ecl,aggregate_load,24,45,xgboost,38048.2406804125
2014-12-30 13:00:00,ecl,aggregate_load,24,45,xgboost,35605.32797916946
2014-12-30 14:00:00,ecl,aggregate_load,24,45,xgboost,35222.905817484854
2014-12-30 15:00:00,ecl,aggregate_load,24,45,xgboost,33929.3325625537
2014-12-30 16:00:00,ecl,aggregate_load,24,45,xgboost,32739.406579064864
2014-12-30 17:00:00,ecl,aggregate_load,24,45,xgboost,43454.00071577241
2014-12-30 18:00:00,ecl,aggregate_load,24,45,xgboost,44739.32927540826
2014-12-30 19:00:00,ecl,aggregate_load,24,45,xgboost,39317.62720173437
2014-12-30 20:00:00,ecl,aggregate_load,24,45,xgboost,37059.795386569655
2014-12-30 21:00:00,ecl,aggregate_load,24,45,xgboost,32660.55595443719
2014-12-30 22:00:00,ecl,aggregate_load,24,45,xgboost,37912.316144289834
2014-12-30 23:00:00,ecl,aggregate_load,24,45,xgboost,36743.05656408113
2014-12-31 00:00:00,ecl,aggregate_load,24,45,xgboost,39869.30826658304
