origin,dataset,target,horizon,seed,model,abs_error
2017-10-23 23:00:00,etth1,HUFL,96,43,patchtst,2.3935851315168093
2017-10-24 00:00:00,etth1,HUFL,96,43,patchtst,2.4095865481434475
2017-10-24 01:00:00,etth1,HUFL,96,43,patchtst,2.3258003460332737
2017-10-24 02:00:00,etth1,HUFL,96,43,patchtst,2.422330269190566
2017-10-24 03:00:00,etth1,HUFL,96,43,patchtst,2.405498425159019
2017-10-24 04:00:00,etth1,HUFL,96,43,patchtst,2.3845904018543833
2017-10-24 05:00:00,etth1,HUFL,96,43,patchtst,2.345557118292072
2017-10-24 06:00:00,etth1,HUFL,96,43,patchtst,2.412720642186185
2017-10-24 07:00:00,etth1,HUFL,96,43,patchtst,2.6123228832201195
2017-10-24 08:00:00,etth1,HUFL,96,43,patchtst,2.107522505343482
2017-10-24 09:00:00,etth1,HUFL,96,43,patchtst,2.141116446043372
2017-10-24 10:00:00,etth1,HUFL,96,43,patchtst,2.388038178570404
2017-10-24 11:00:00,etth1,HUFL,96,43,patchtst,2.562850625318909
2017-10-24 12:00:00,etth1,HUFL,96,43,patchtst,2.784969149434898
2017-10-24 13:00:00,etth1,HUFL,96,43,patchtst,2.7637585792137727
2017-10-24 14:00:00,etth1,HUFL,96,43,patchtst,2.4831245385342466
2017-10-24 15:00:00,etth1,HUFL,96,43,patchtst,2.421491535939861
2017-10-24 16:00:00,etth1,HUFL,96,43,patchtst,2.1836344312580183
2017-10-24 17:00:00,etth1,HUFL,96,43,patchtst,2.2307269011142328
2017-10-24 18:00:00,etth1,HUFL,96,43,patchtst,2.247934750095242
2017-10-24 19:00:00,etth1,HUFL,96,43,patchtst,2.235403522064982
2017-10-24 20:00:00,etth1,HUFL,96,43,patchtst,2.2261954150700625
2017-10-24 21:00:00,etth1,HUFL,96,43,patchtst,2.1947188624911083
2017-10-24 22:00:00,etth1,HUFL,96,43,patchtst,2.144362509211895
2017-10-24 23:00:00,etth1,HUFL,96,43,patchtst,2.228489943021621
2017-10-25 00:00:00,etth1,HUFL,96,43,patchtst,2.1653837702213568
2017-10-25 01:00:00,etth1,HUFL,96,43,patchtst,2.2430931138247816
2017-10-25 02:00:00,etth1,HUFL,96,43,patchtst,2.192106055633516
2017-10-25 03:00:00,etth1,HUFL,96,43,patchtst,2.1930972228502044
2017-10-25 04:00:00,etth1,HUFL,96,43,patchtst,2.202691748626155
2017-10-25 05:00:00,etth1,HUFL,96,43,patchtst,2.1718986652232197
2017-10-25 06:00:00,etth1,HUFL,96,43,patchtst,2.276549008898182
2017-10-25 07:00:00,etth1,HUFL,96,43,patchtst,2.4663187963295568
2017-10-25 08:00:00,etth1,HUFL,96,43,patchtst,2.180609484985189
2017-10-25 09:00:00,etth1,HUFL,96,43,patchtst,2.385762914186
2017-10-25 10:00:00,etth1,HUFL,96,43,patchtst,2.551441386791156
2017-10-25 11:00:00,etth1,HUFL,96,43,patchtst,2.8998492103568174
2017-10-25 12:00:00,etth1,HUFL,96,43,patchtst,2.851084716597151
2017-10-25 13:00:00,etth1,HUFL,96,43,patchtst,2.7893986445381587
2017-10-25 14:00:00,etth1,HUFL,96,43,patchtst,2.7794955924788614
2017-10-25 15:00:00,etth1,HUFL,96,43,patchtst,2.5449370467075476
2017-10-25 16:00:00,etth1,HUFL,96,43,patchtst,2.2338990059988246
2017-10-25 17:00:00,etth1,HUFL,96,43,patchtst,2.153445638492435
2017-10-25 18:00:00,etth1,HUFL,96,43,patchtst,2.1477015822858707
2017-10-25 19:00:00,etth1,HUFL,96,43,patchtst,2.1455571781910767
2017-10-25 20:00:00,etth1,HUFL,96,43,patchtst,2.1201170841914174
2017-10-25 21:00:00,etth1,HUFL,96,43,patchtst,2.1332642920110603
2017-10-25 22:00:00,etth1,HUFL,96,43,patchtst,2.1689057525739837
2017-10-25 23:00:00,etth1,HUFL,96,43,patchtst,2.2384263837740668
2017-10-26 00:00:00,etth1,HUFL,96,43,patchtst,2.242707206528561
2017-10-26 01:00:00,etth1,HUFL,96,43,patchtst,2.234822480400835
2017-10-26 02:00:00,etth1,HUFL,96,43,patchtst,2.2811821068796925
2017-10-26 03:00:00,etth1,HUFL,96,43,patchtst,2.229625228303313
2017-10-26 04:00:00,etth1,HUFL,96,43,patchtst,2.1786607812766916
2017-10-26 05:00:00,etth1,HUFL,96,43,patchtst,2.2692789333394985
2017-10-26 06:00:00,etth1,HUFL,96,43,patchtst,2.2591866609207476
2017-10-26 07:00:00,etth1,HUFL,96,43,patchtst,2.267217530225478
2017-10-26 08:00:00,etth1,HUFL,96,43,patchtst,2.036443869572951
2017-10-26 09:00:00,etth1,HUFL,96,43,patchtst,2.231752253998714
2017-10-26 10:00:00,etth1,HUFL,96,43,patchtst,2.335723808888843
2017-10-26 11:00:00,etth1,HUFL,96,43,patchtst,2.670235184903774
2017-10-26 12:00:00,etth1,HUFL,96,43,patchtst,2.746489136838465
2017-10-26 13:00:00,etth1,HUFL,96,43,patchtst,2.896542217897224
2017-10-26 14:00:00,etth1,HUFL,96,43,patchtst,3.094791170960981
2017-10-26 15:00:00,etth1,HUFL,96,43,patchtst,2.6292999300551245
2017-10-26 16:00:00,etth1,HUFL,96,43,patchtst,2.188903836325317
2017-10-26 17:00:00,etth1,HUFL,96,43,patchtst,2.1103341561603304
2017-10-26 18:00:00,etth1,HUFL,96,43,patchtst,2.0395269177303885
2017-10-26 19:00:00,etth1,HUFL,96,43,patchtst,2.1005080238636924
2017-10-26 20:00:00,etth1,HUFL,96,43,patchtst,2.1045924967459837
2017-10-26 21:00:00,etth1,HUFL,96,43,patchtst,2.063975389573732
2017-10-26 22:00:00,etth1,HUFL,96,43,patchtst,2.1281671273576417
2017-10-26 23:00:00,etth1,HUFL,96,43,patchtst,2.2112874662286015
2017-10-27 00:00:00,etth1,HUFL,96,43,patchtst,2.204984046141686
2017-10-27 01:00:00,etth1,HUFL,96,43,patchtst,2.2021686754198133
2017-10-27 02:00:00,etth1,HUFL,96,43,patchtst,2.1720429712579725
2017-10-27 03:00:00,etth1,HUFL,96,43,patchtst,2.23007184194708
2017-10-27 04:00:00,etth1,HUFL,96,43,patchtst,2.15772935783991
2017-10-27 05:00:00,etth1,HUFL,96,43,patchtst,2.26964454314072
2017-10-27 06:00:00,etth1,HUFL,96,43,patchtst,2.2613642898521817
2017-10-27 07:00:00,etth1,HUFL,96,43,patchtst,2.3747917088644868
2017-10-27 08:00:00,etth1,HUFL,96,43,patchtst,2.2901384683917207
2017-10-27 09:00:00,etth1,HUFL,96,43,patchtst,2.283252350756437
2017-10-27 10:00:00,etth1,HUFL,96,43,patchtst,2.6682415124506966
2017-10-27 11:00:00,etth1,HUFL,96,43,patchtst,3.111215591506678
2017-10-27 12:00:00,etth1,HUFL,96,43,patchtst,3.5669325462454986
2017-10-27 13:00:00,etth1,HUFL,96,43,patchtst,3.6143200997141833
2017-10-27 14:00:00,etth1,HUFL,96,43,patchtst,3.552570681864349
2017-10-27 15:00:00,etth1,HUFL,96,43,patchtst,3.463825380410375
2017-10-27 16:00:00,etth1,HUFL,96,43,patchtst,3.4807242741752042
2017-10-27 17:00:00,etth1,HUFL,96,43,patchtst,3.588349604552198
2017-10-27 18:00:00,etth1,HUFL,96,43,patchtst,3.514655562592079
2017-10-27 19:00:00,etth1,HUFL,96,43,patchtst,3.561608967073944
2017-10-27 20:00:00,etth1,HUFL,96,43,patchtst,3.5915615172821167
2017-10-27 21:00:00,etth1,HUFL,96,43,patchtst,3.5458460909972396
2017-10-27 22:00:00,etth1,HUFL,96,43,patchtst,3.678956097233481
2017-10-27 23:00:00,etth1,HUFL,96,43,patchtst,3.669881169786296
2017-10-28 00:00:00,etth1,HUFL,96,43,patchtst,3.701028778812592
2017-10-28 01:00:00,etth1,HUFL,96,43,patchtst,3.678488032099832
2017-10-28 02:00:00,etth1,HUFL,96,43,patchtst,3.529047828244071
2017-10-28 03:00:00,etth1,HUFL,96,43,patchtst,3.6049911223877733
2017-10-28 04:00:00,etth1,HUFL,96,43,patchtst,3.532814170580865
2017-10-28 05:00:00,etth1,HUFL,96,43,patchtst,3.496144516344243
2017-10-28 06:00:00,etth1,HUFL,96,43,patchtst,3.607873800500222
2017-10-28 07:00:00,etth1,HUFL,96,43,patchtst,3.784738024207073
2017-10-28 08:00:00,etth1,HUFL,96,43,patchtst,3.649221301398962
2017-10-28 09:00:00,etth1,HUFL,96,43,patchtst,3.51954210246795
2017-10-28 10:00:00,etth1,HUFL,96,43,patchtst,3.6199422450008907
2017-10-28 11:00:00,etth1,HUFL,96,43,patchtst,3.646550964319955
2017-10-28 12:00:00,etth1,HUFL,96,43,patchtst,3.9508809266787797
2017-10-28 13:00:00,etth1,HUFL,96,43,patchtst,3.886402750239373
2017-10-28 14:00:00,etth1,HUFL,96,43,patchtst,4.051397562089446
2017-10-28 15:00:00,etth1,HUFL,96,43,patchtst,3.825620117434543
2017-10-28 16:00:00,etth1,HUFL,96,43,patchtst,3.6990776082816623
2017-10-28 17:00:00,etth1,HUFL,96,43,patchtst,3.7904939708998016
2017-10-28 18:00:00,etth1,HUFL,96,43,patchtst,3.7270274119080242
2017-10-28 19:00:00,etth1,HUFL,96,43,patchtst,3.738570104649488
2017-10-28 20:00:00,etth1,HUFL,96,43,patchtst,3.756582528733226
2017-10-28 21:00:00,etth1,HUFL,96,43,patchtst,3.6532958100354964
2017-10-28 22:00:00,etth1,HUFL,96,43,patchtst,3.7086664402611156
2017-10-28 23:00:00,etth1,HUFL,96,43,patchtst,3.8592754826697173
2017-10-29 00:00:00,etth1,HUFL,96,43,patchtst,3.8811902344227724
2017-10-29 01:00:00,etth1,HUFL,96,43,patchtst,3.8496455620004397
2017-10-29 02:00:00,etth1,HUFL,96,43,patchtst,3.775882542713513
2017-10-29 03:00:00,etth1,HUFL,96,43,patchtst,3.7562000802454603
2017-10-29 04:00:00,etth1,HUFL,96,43,patchtst,3.7399148127701487
2017-10-29 05:00:00,etth1,HUFL,96,43,patchtst,3.7230249156927733
2017-10-29 06:00:00,etth1,HUFL,96,43,patchtst,3.662522345121772
2017-10-29 07:00:00,etth1,HUFL,96,43,patchtst,3.5976745548873854
2017-10-29 08:00:00,etth1,HUFL,96,43,patchtst,3.475615775848901
2017-10-29 09:00:00,etth1,HUFL,96,43,patchtst,3.534596901799828
2017-10-29 10:00:00,etth1,HUFL,96,43,patchtst,3.7338744460820634
2017-10-29 11:00:00,etth1,HUFL,96,43,patchtst,4.022474577140951
2017-10-29 12:00:00,etth1,HUFL,96,43,patchtst,3.933697946838835
2017-10-29 13:00:00,etth1,HUFL,96,43,patchtst,3.9864268772916156
2017-10-29 14:00:00,etth1,HUFL,96,43,patchtst,4.116537849961215
2017-10-29 15:00:00,etth1,HUFL,96,43,patchtst,4.014830232397217
2017-10-29 16:00:00,etth1,HUFL,96,43,patchtst,3.6498619434776525
2017-10-29 17:00:00,etth1,HUFL,96,43,patchtst,3.542349277862243
2017-10-29 18:00:00,etth1,HUFL,96,43,patchtst,3.6582720759621288
2017-10-29 19:00:00,etth1,HUFL,96,43,patchtst,3.597718271435711
2017-10-29 20:00:00,etth1,HUFL,96,43,patchtst,3.605466394524146
2017-10-29 21:00:00,etth1,HUFL,96,43,patchtst,3.5642028555391776
2017-10-29 22:00:00,etth1,HUFL,96,43,patchtst,3.6071330751954904
2017-10-29 23:00:00,etth1,HUFL,96,43,patchtst,3.6157477439146746
2017-10-30 00:00:00,etth1,HUFL,96,43,patchtst,3.5940088733452
2017-10-30 01:00:00,etth1,HUFL,96,43,patchtst,3.549805492820695
2017-10-30 02:00:00,etth1,HUFL,96,43,patchtst,3.6063401635138814
2017-10-30 03:00:00,etth1,HUFL,96,43,patchtst,3.56262458472238
2017-10-30 04:00:00,etth1,HUFL,96,43,patchtst,3.5383165346710235
2017-10-30 05:00:00,etth1,HUFL,96,43,patchtst,3.5316061259030795
2017-10-30 06:00:00,etth1,HUFL,96,43,patchtst,3.6611212227192773
2017-10-30 07:00:00,etth1,HUFL,96,43,patchtst,3.833290206019823
2017-10-30 08:00:00,etth1,HUFL,96,43,patchtst,3.483798113618809
2017-10-30 09:00:00,etth1,HUFL,96,43,patchtst,3.4363977144504894
2017-10-30 10:00:00,etth1,HUFL,96,43,patchtst,3.6905912982642772
2017-10-30 11:00:00,etth1,HUFL,96,43,patchtst,3.3989423536229837
2017-10-30 12:00:00,etth1,HUFL,96,43,patchtst,3.725142237069895
2017-10-30 13:00:00,etth1,HUFL,96,43,patchtst,3.6088655743242906
2017-10-30 14:00:00,etth1,HUFL,96,43,patchtst,3.869041567631841
2017-10-30 15:00:00,etth1,HUFL,96,43,patchtst,3.5747701674945715
2017-10-30 16:00:00,etth1,HUFL,96,43,patchtst,3.4171184719879695
2017-10-30 17:00:00,etth1,HUFL,96,43,patchtst,3.4048198542148636
2017-10-30 18:00:00,etth1,HUFL,96,43,patchtst,3.3525539538843137
2017-10-30 19:00:00,etth1,HUFL,96,43,patchtst,3.384606283399604
2017-10-30 20:00:00,etth1,HUFL,96,43,patchtst,3.5587416229024647
2017-10-30 21:00:00,etth1,HUFL,96,43,patchtst,3.340630188003764
2017-10-30 22:00:00,etth1,HUFL,96,43,patchtst,3.3253647072031
2017-10-30 23:00:00,etth1,HUFL,96,43,patchtst,3.39690307585222
2017-10-31 00:00:00,etth1,HUFL,96,43,patchtst,3.4080841489146088
2017-10-31 01:00:00,etth1,HUFL,96,43,patchtst,3.364367086072517
2017-10-31 02:00:00,etth1,HUFL,96,43,patchtst,3.37596012474699
2017-10-31 03:00:00,etth1,HUFL,96,43,patchtst,3.423330723864868
2017-10-31 04:00:00,etth1,HUFL,96,43,patchtst,3.495272016370677
2017-10-31 05:00:00,etth1,HUFL,96,43,patchtst,3.442799891614998
2017-10-31 06:00:00,etth1,HUFL,96,43,patchtst,3.475325665303578
2017-10-31 07:00:00,etth1,HUFL,96,43,patchtst,3.421929472627447
2017-10-31 08:00:00,etth1,HUFL,96,43,patchtst,3.183693206223245
2017-10-31 09:00:00,etth1,HUFL,96,43,patchtst,3.132305926643735
2017-10-31 10:00:00,etth1,HUFL,96,43,patchtst,3.2643552119148374
2017-10-31 11:00:00,etth1,HUFL,96,43,patchtst,3.394847436058472
2017-10-31 12:00:00,etth1,HUFL,96,43,patchtst,3.521302950615528
2017-10-31 13:00:00,etth1,HUFL,96,43,patchtst,3.6890430497730926
2017-10-31 14:00:00,etth1,HUFL,96,43,patchtst,3.749262172555111
2017-10-31 15:00:00,etth1,HUFL,96,43,patchtst,3.9121385653122664
2017-10-31 16:00:00,etth1,HUFL,96,43,patchtst,3.7067115390741185
2017-10-31 17:00:00,etth1,HUFL,96,43,patchtst,3.566923705786617
2017-10-31 18:00:00,etth1,HUFL,96,43,patchtst,3.7208855685936784
2017-10-31 19:00:00,etth1,HUFL,96,43,patchtst,3.757315554364375
2017-10-31 20:00:00,etth1,HUFL,96,43,patchtst,3.62454906637956
2017-10-31 21:00:00,etth1,HUFL,96,43,patchtst,3.759926111396734
2017-10-31 22:00:00,etth1,HUFL,96,43,patchtst,3.7771712148532814
2017-10-31 23:00:00,etth1,HUFL,96,43,patchtst,3.690292187172277
2017-11-01 00:00:00,etth1,HUFL,96,43,patchtst,3.5065059593874506
2017-11-01 01:00:00,etth1,HUFL,96,43,patchtst,3.5189326155315164
2017-11-01 02:00:00,etth1,HUFL,96,43,patchtst,3.555547706528166
2017-11-01 03:00:00,etth1,HUFL,96,43,patchtst,3.5588101075606953
2017-11-01 04:00:00,etth1,HUFL,96,43,patchtst,3.4554490569872596
2017-11-01 05:00:00,etth1,HUFL,96,43,patchtst,3.571937306477371
2017-11-01 06:00:00,etth1,HUFL,96,43,patchtst,3.8138607881647673
2017-11-01 07:00:00,etth1,HUFL,96,43,patchtst,3.558942148756115
2017-11-01 08:00:00,etth1,HUFL,96,43,patchtst,3.2103158013854394
2017-11-01 09:00:00,etth1,HUFL,96,43,patchtst,2.7365514702833234
2017-11-01 10:00:00,etth1,HUFL,96,43,patchtst,2.7023503239188336
2017-11-01 11:00:00,etth1,HUFL,96,43,patchtst,2.5864082127271377
2017-11-01 12:00:00,etth1,HUFL,96,43,patchtst,2.885184003040996
2017-11-01 13:00:00,etth1,HUFL,96,43,patchtst,2.8235600798270375
2017-11-01 14:00:00,etth1,HUFL,96,43,patchtst,2.958906609523068
2017-11-01 15:00:00,etth1,HUFL,96,43,patchtst,2.8296097705093604
2017-11-01 16:00:00,etth1,HUFL,96,43,patchtst,2.7715120638387183
2017-11-01 17:00:00,etth1,HUFL,96,43,patchtst,2.769991554659868
2017-11-01 18:00:00,etth1,HUFL,96,43,patchtst,2.8359689745692283
2017-11-01 19:00:00,etth1,HUFL,96,43,patchtst,2.7896840954765807
2017-11-01 20:00:00,etth1,HUFL,96,43,patchtst,2.731108005417351
2017-11-01 21:00:00,etth1,HUFL,96,43,patchtst,2.725437062402476
2017-11-01 22:00:00,etth1,HUFL,96,43,patchtst,2.7334370503060392
2017-11-01 23:00:00,etth1,HUFL,96,43,patchtst,2.7097185478084715
2017-11-02 00:00:00,etth1,HUFL,96,43,patchtst,2.5285834233894686
2017-11-02 01:00:00,etth1,HUFL,96,43,patchtst,2.4954811134082746
2017-11-02 02:00:00,etth1,HUFL,96,43,patchtst,2.5824910429468138
2017-11-02 03:00:00,etth1,HUFL,96,43,patchtst,2.660562339096934
2017-11-02 04:00:00,etth1,HUFL,96,43,patchtst,2.6319454859148563
2017-11-02 05:00:00,etth1,HUFL,96,43,patchtst,2.6112237386421016
2017-11-02 06:00:00,etth1,HUFL,96,43,patchtst,2.641048994868911
2017-11-02 07:00:00,etth1,HUFL,96,43,patchtst,2.763250230413195
2017-11-02 08:00:00,etth1,HUFL,96,43,patchtst,2.6799919559950673
2017-11-02 09:00:00,etth1,HUFL,96,43,patchtst,2.6714033872779055
2017-11-02 10:00:00,etth1,HUFL,96,43,patchtst,2.7118420921800848
2017-11-02 11:00:00,etth1,HUFL,96,43,patchtst,2.68714750712016
2017-11-02 12:00:00,etth1,HUFL,96,43,patchtst,2.7498726149240365
2017-11-02 13:00:00,etth1,HUFL,96,43,patchtst,2.639596735517113
2017-11-02 14:00:00,etth1,HUFL,96,43,patchtst,2.7304032469742694
2017-11-02 15:00:00,etth1,HUFL,96,43,patchtst,2.6020600170592005
2017-11-02 16:00:00,etth1,HUFL,96,43,patchtst,2.439965442787585
2017-11-02 17:00:00,etth1,HUFL,96,43,patchtst,2.351269117634516
2017-11-02 18:00:00,etth1,HUFL,96,43,patchtst,2.3294071516676773
2017-11-02 19:00:00,etth1,HUFL,96,43,patchtst,2.4177925557398834
2017-11-02 20:00:00,etth1,HUFL,96,43,patchtst,2.4035334059246325
2017-11-02 21:00:00,etth1,HUFL,96,43,patchtst,2.5384850241603463
2017-11-02 22:00:00,etth1,HUFL,96,43,patchtst,2.4560618372764886
2017-11-02 23:00:00,etth1,HUFL,96,43,patchtst,2.4209582655495527
2017-11-03 00:00:00,etth1,HUFL,96,43,patchtst,2.374581009395632
2017-11-03 01:00:00,etth1,HUFL,96,43,patchtst,2.3967207874965273
2017-11-03 02:00:00,etth1,HUFL,96,43,patchtst,2.404751105013574
2017-11-03 03:00:00,etth1,HUFL,96,43,patchtst,2.431545596229901
2017-11-03 04:00:00,etth1,HUFL,96,43,patchtst,2.3584301778372834
2017-11-03 05:00:00,etth1,HUFL,96,43,patchtst,2.5075735583450003
2017-11-03 06:00:00,etth1,HUFL,96,43,patchtst,2.3839127332101904
2017-11-03 07:00:00,etth1,HUFL,96,43,patchtst,2.432988239883987
2017-11-03 08:00:00,etth1,HUFL,96,43,patchtst,2.431504630613118
2017-11-03 09:00:00,etth1,HUFL,96,43,patchtst,2.682038370885276
2017-11-03 10:00:00,etth1,HUFL,96,43,patchtst,2.9642641644376737
2017-11-03 11:00:00,etth1,HUFL,96,43,patchtst,3.1181703332471535
2017-11-03 12:00:00,etth1,HUFL,96,43,patchtst,3.3672596225756997
2017-11-03 13:00:00,etth1,HUFL,96,43,patchtst,3.4912402593669842
2017-11-03 14:00:00,etth1,HUFL,96,43,patchtst,3.407498592643377
2017-11-03 15:00:00,etth1,HUFL,96,43,patchtst,3.2444453154790303
2017-11-03 16:00:00,etth1,HUFL,96,43,patchtst,3.037381433949156
2017-11-03 17:00:00,etth1,HUFL,96,43,patchtst,3.0825703828853954
2017-11-03 18:00:00,etth1,HUFL,96,43,patchtst,2.9000882252414932
2017-11-03 19:00:00,etth1,HUFL,96,43,patchtst,2.890404907061589
2017-11-03 20:00:00,etth1,HUFL,96,43,patchtst,2.872146454741857
2017-11-03 21:00:00,etth1,HUFL,96,43,patchtst,2.8999762512172818
2017-11-03 22:00:00,etth1,HUFL,96,43,patchtst,2.997933234995758
2017-11-03 23:00:00,etth1,HUFL,96,43,patchtst,2.9020446889706997
2017-11-04 00:00:00,etth1,HUFL,96,43,patchtst,2.8177012238039247
2017-11-04 01:00:00,etth1,HUFL,96,43,patchtst,2.86691072995175
2017-11-04 02:00:00,etth1,HUFL,96,43,patchtst,2.8587586650950967
2017-11-04 03:00:00,etth1,HUFL,96,43,patchtst,2.848773868244987
2017-11-04 04:00:00,etth1,HUFL,96,43,patchtst,2.883756446868279
2017-11-04 05:00:00,etth1,HUFL,96,43,patchtst,2.945322701809058
2017-11-04 06:00:00,etth1,HUFL,96,43,patchtst,2.94767429051358
2017-11-04 07:00:00,etth1,HUFL,96,43,patchtst,3.1438376949232514
2017-11-04 08:00:00,etth1,HUFL,96,43,patchtst,2.740886364278818
2017-11-04 09:00:00,etth1,HUFL,96,43,patchtst,2.4746918380491563
2017-11-04 10:00:00,etth1,HUFL,96,43,patchtst,2.3853120684976727
2017-11-04 11:00:00,etth1,HUFL,96,43,patchtst,2.4231987850251966
2017-11-04 12:00:00,etth1,HUFL,96,43,patchtst,2.4466057221583872
2017-11-04 13:00:00,etth1,HUFL,96,43,patchtst,2.4127821103920715
2017-11-04 14:00:00,etth1,HUFL,96,43,patchtst,2.3255427708918726
2017-11-04 15:00:00,etth1,HUFL,96,43,patchtst,2.221789042026348
2017-11-04 16:00:00,etth1,HUFL,96,43,patchtst,2.363948394395828
2017-11-04 17:00:00,etth1,HUFL,96,43,patchtst,2.532717447680564
2017-11-04 18:00:00,etth1,HUFL,96,43,patchtst,2.3499229491212144
2017-11-04 19:00:00,etth1,HUFL,96,43,patchtst,2.4257341476422116
2017-11-04 20:00:00,etth1,HUFL,96,43,patchtst,2.4351525884164085
2017-11-04 21:00:00,etth1,HUFL,96,43,patchtst,2.2544948471350295
2017-11-04 22:00:00,etth1,HUFL,96,43,patchtst,2.2386698831797425
2017-11-04 23:00:00,etth1,HUFL,96,43,patchtst,2.3578008401192663
2017-11-05 00:00:00,etth1,HUFL,96,43,patchtst,2.3750244945712318
2017-11-05 01:00:00,etth1,HUFL,96,43,patchtst,2.365838019615819
2017-11-05 02:00:00,etth1,HUFL,96,43,patchtst,2.2605534216804006
2017-11-05 03:00:00,etth1,HUFL,96,43,patchtst,2.269739389412298
2017-11-05 04:00:00,etth1,HUFL,96,43,patchtst,2.3444191012637456
2017-11-05 05:00:00,etth1,HUFL,96,43,patchtst,2.3277568686893813
2017-11-05 06:00:00,etth1,HUFL,96,43,patchtst,2.354191110159468
2017-11-05 07:00:00,etth1,HUFL,96,43,patchtst,2.4516054303968873
2017-11-05 08:00:00,etth1,HUFL,96,43,patchtst,2.2118344029797616
2017-11-05 09:00:00,etth1,HUFL,96,43,patchtst,1.9813713845951932
2017-11-05 10:00:00,etth1,HUFL,96,43,patchtst,1.9291091752137024
2017-11-05 11:00:00,etth1,HUFL,96,43,patchtst,1.9704237861513292
2017-11-05 12:00:00,etth1,HUFL,96,43,patchtst,2.1489509458398923
2017-11-05 13:00:00,etth1,HUFL,96,43,patchtst,2.146310012909879
2017-11-05 14:00:00,etth1,HUFL,96,43,patchtst,2.121095555232228
2017-11-05 15:00:00,etth1,HUFL,96,43,patchtst,2.130407438595097
2017-11-05 16:00:00,etth1,HUFL,96,43,patchtst,2.1835995954314438
2017-11-05 17:00:00,etth1,HUFL,96,43,patchtst,2.3419301183674497
2017-11-05 18:00:00,etth1,HUFL,96,43,patchtst,2.20245055877387
2017-11-05 19:00:00,etth1,HUFL,96,43,patchtst,2.3667513691665705
2017-11-05 20:00:00,etth1,HUFL,96,43,patchtst,2.503202477869282
2017-11-05 21:00:00,etth1,HUFL,96,43,patchtst,2.3291479146690865
2017-11-05 22:00:00,etth1,HUFL,96,43,patchtst,2.320473858535411
2017-11-05 23:00:00,etth1,HUFL,96,43,patchtst,2.331733995074282
2017-11-06 00:00:00,etth1,HUFL,96,43,patchtst,2.383252835523282
2017-11-06 01:00:00,etth1,HUFL,96,43,patchtst,2.303725873297024
2017-11-06 02:00:00,etth1,HUFL,96,43,patchtst,2.1476179440547116
2017-11-06 03:00:00,etth1,HUFL,96,43,patchtst,2.179119026464523
2017-11-06 04:00:00,etth1,HUFL,96,43,patchtst,2.243811063848152
2017-11-06 05:00:00,etth1,HUFL,96,43,patchtst,2.154924917617366
2017-11-06 06:00:00,etth1,HUFL,96,43,patchtst,2.0358471583035764
2017-11-06 07:00:00,etth1,HUFL,96,43,patchtst,1.976016081753465
2017-11-06 08:00:00,etth1,HUFL,96,43,patchtst,1.9910514780011859
2017-11-06 09:00:00,etth1,HUFL,96,43,patchtst,2.3063576963739134
2017-11-06 10:00:00,etth1,HUFL,96,43,patchtst,2.213454686444537
2017-11-06 11:00:00,etth1,HUFL,96,43,patchtst,2.324375287594886
2017-11-06 12:00:00,etth1,HUFL,96,43,patchtst,2.5720129830540874
2017-11-06 13:00:00,etth1,HUFL,96,43,patchtst,2.372999496318664
2017-11-06 14:00:00,etth1,HUFL,96,43,patchtst,2.7132981495883666
2017-11-06 15:00:00,etth1,HUFL,96,43,patchtst,2.5158147965697952
2017-11-06 16:00:00,etth1,HUFL,96,43,patchtst,2.5200766028796457
2017-11-06 17:00:00,etth1,HUFL,96,43,patchtst,2.5494809572830093
2017-11-06 18:00:00,etth1,HUFL,96,43,patchtst,2.5284038406875156
2017-11-06 19:00:00,etth1,HUFL,96,43,patchtst,2.637845294356802
2017-11-06 20:00:00,etth1,HUFL,96,43,patchtst,2.6728676982357125
2017-11-06 21:00:00,etth1,HUFL,96,43,patchtst,2.5319315437274095
2017-11-06 22:00:00,etth1,HUFL,96,43,patchtst,2.4175111046265556
2017-11-06 23:00:00,etth1,HUFL,96,43,patchtst,2.4689536026046377
2017-11-07 00:00:00,etth1,HUFL,96,43,patchtst,2.5745269460364333
2017-11-07 01:00:00,etth1,HUFL,96,43,patchtst,2.608607495554483
2017-11-07 02:00:00,etth1,HUFL,96,43,patchtst,2.6401880539654607
2017-11-07 03:00:00,etth1,HUFL,96,43,patchtst,2.675539556352829
2017-11-07 04:00:00,etth1,HUFL,96,43,patchtst,2.7402147421670366
2017-11-07 05:00:00,etth1,HUFL,96,43,patchtst,2.5796482288392073
2017-11-07 06:00:00,etth1,HUFL,96,43,patchtst,2.462634710280547
2017-11-07 07:00:00,etth1,HUFL,96,43,patchtst,2.2794097867857546
2017-11-07 08:00:00,etth1,HUFL,96,43,patchtst,2.7332027936018313
2017-11-07 09:00:00,etth1,HUFL,96,43,patchtst,2.1852784639660046
2017-11-07 10:00:00,etth1,HUFL,96,43,patchtst,2.361842628014459
2017-11-07 11:00:00,etth1,HUFL,96,43,patchtst,2.294427712188991
2017-11-07 12:00:00,etth1,HUFL,96,43,patchtst,2.6163416832103388
2017-11-07 13:00:00,etth1,HUFL,96,43,patchtst,2.671038777514042
2017-11-07 14:00:00,etth1,HUFL,96,43,patchtst,2.6678848367445567
2017-11-07 15:00:00,etth1,HUFL,96,43,patchtst,2.9240118716271843
2017-11-07 16:00:00,etth1,HUFL,96,43,patchtst,2.530177599533842
2017-11-07 17:00:00,etth1,HUFL,96,43,patchtst,2.3384799725924204
2017-11-07 18:00:00,etth1,HUFL,96,43,patchtst,2.2846814800701463
2017-11-07 19:00:00,etth1,HUFL,96,43,patchtst,2.237592369533799
2017-11-07 20:00:00,etth1,HUFL,96,43,patchtst,2.263907120165403
2017-11-07 21:00:00,etth1,HUFL,96,43,patchtst,2.2725651803903344
2017-11-07 22:00:00,etth1,HUFL,96,43,patchtst,2.315581547960674
2017-11-07 23:00:00,etth1,HUFL,96,43,patchtst,2.239885935188285
2017-11-08 00:00:00,etth1,HUFL,96,43,patchtst,2.2928048958564795
2017-11-08 01:00:00,etth1,HUFL,96,43,patchtst,2.2654252296187694
2017-11-08 02:00:00,etth1,HUFL,96,43,patchtst,2.2844850415029256
2017-11-08 03:00:00,etth1,HUFL,96,43,patchtst,2.151959981165882
2017-11-08 04:00:00,etth1,HUFL,96,43,patchtst,2.3166693180743443
2017-11-08 05:00:00,etth1,HUFL,96,43,patchtst,2.2044019309437313
2017-11-08 06:00:00,etth1,HUFL,96,43,patchtst,2.223161210304379
2017-11-08 07:00:00,etth1,HUFL,96,43,patchtst,2.300668309691034
2017-11-08 08:00:00,etth1,HUFL,96,43,patchtst,2.409333389331184
2017-11-08 09:00:00,etth1,HUFL,96,43,patchtst,2.3722332867062845
2017-11-08 10:00:00,etth1,HUFL,96,43,patchtst,2.282504438375126
2017-11-08 11:00:00,etth1,HUFL,96,43,patchtst,2.291150678495257
2017-11-08 12:00:00,etth1,HUFL,96,43,patchtst,2.610534027271209
2017-11-08 13:00:00,etth1,HUFL,96,43,patchtst,2.7495846243996076
2017-11-08 14:00:00,etth1,HUFL,96,43,patchtst,2.737398081137089
2017-11-08 15:00:00,etth1,HUFL,96,43,patchtst,2.7896535037103916
2017-11-08 16:00:00,etth1,HUFL,96,43,patchtst,2.753155810302344
2017-11-08 17:00:00,etth1,HUFL,96,43,patchtst,2.8467873554917813
2017-11-08 18:00:00,etth1,HUFL,96,43,patchtst,2.74379204534373
2017-11-08 19:00:00,etth1,HUFL,96,43,patchtst,2.715684156947763
2017-11-08 20:00:00,etth1,HUFL,96,43,patchtst,2.799366874879635
2017-11-08 21:00:00,etth1,HUFL,96,43,patchtst,2.6100111160684825
2017-11-08 22:00:00,etth1,HUFL,96,43,patchtst,2.5328683034376507
2017-11-08 23:00:00,etth1,HUFL,96,43,patchtst,2.6193932236550643
2017-11-09 00:00:00,etth1,HUFL,96,43,patchtst,2.6712828718871813
2017-11-09 01:00:00,etth1,HUFL,96,43,patchtst,2.699588320534497
2017-11-09 02:00:00,etth1,HUFL,96,43,patchtst,2.6905696499150857
2017-11-09 03:00:00,etth1,HUFL,96,43,patchtst,2.586690310915085
2017-11-09 04:00:00,etth1,HUFL,96,43,patchtst,2.6770323857676157
2017-11-09 05:00:00,etth1,HUFL,96,43,patchtst,2.6110064267740563
2017-11-09 06:00:00,etth1,HUFL,96,43,patchtst,2.602679827336478
2017-11-09 07:00:00,etth1,HUFL,96,43,patchtst,2.6881721664934353
2017-11-09 08:00:00,etth1,HUFL,96,43,patchtst,2.6517586152264134
2017-11-09 09:00:00,etth1,HUFL,96,43,patchtst,2.644997432728955
2017-11-09 10:00:00,etth1,HUFL,96,43,patchtst,2.765227118421406
2017-11-09 11:00:00,etth1,HUFL,96,43,patchtst,2.8823435250213003
2017-11-09 12:00:00,etth1,HUFL,96,43,patchtst,3.2108364611565783
2017-11-09 13:00:00,etth1,HUFL,96,43,patchtst,3.4629082102833926
2017-11-09 14:00:00,etth1,HUFL,96,43,patchtst,3.5309481227726827
2017-11-09 15:00:00,etth1,HUFL,96,43,patchtst,3.6411778098484953
2017-11-09 16:00:00,etth1,HUFL,96,43,patchtst,3.8073099838865136
2017-11-09 17:00:00,etth1,HUFL,96,43,patchtst,3.7231427169388582
2017-11-09 18:00:00,etth1,HUFL,96,43,patchtst,3.5542165052370436
2017-11-09 19:00:00,etth1,HUFL,96,43,patchtst,3.66772671560882
2017-11-09 20:00:00,etth1,HUFL,96,43,patchtst,3.6733236928254436
2017-11-09 21:00:00,etth1,HUFL,96,43,patchtst,3.5272831723789655
2017-11-09 22:00:00,etth1,HUFL,96,43,patchtst,3.530420131534274
2017-11-09 23:00:00,etth1,HUFL,96,43,patchtst,3.589757120586397
2017-11-10 00:00:00,etth1,HUFL,96,43,patchtst,3.8356254050462693
2017-11-10 01:00:00,etth1,HUFL,96,43,patchtst,3.941765506350706
2017-11-10 02:00:00,etth1,HUFL,96,43,patchtst,3.867300807026208
2017-11-10 03:00:00,etth1,HUFL,96,43,patchtst,3.807309560414698
2017-11-10 04:00:00,etth1,HUFL,96,43,patchtst,3.8764866228246633
2017-11-10 05:00:00,etth1,HUFL,96,43,patchtst,3.7461130915572887
2017-11-10 06:00:00,etth1,HUFL,96,43,patchtst,3.647778705981958
2017-11-10 07:00:00,etth1,HUFL,96,43,patchtst,3.480479934193849
2017-11-10 08:00:00,etth1,HUFL,96,43,patchtst,3.450380674714142
2017-11-10 09:00:00,etth1,HUFL,96,43,patchtst,3.0449071444196085
2017-11-10 10:00:00,etth1,HUFL,96,43,patchtst,3.0834350598257263
2017-11-10 11:00:00,etth1,HUFL,96,43,patchtst,3.2023472258531185
2017-11-10 12:00:00,etth1,HUFL,96,43,patchtst,3.6629691378590397
2017-11-10 13:00:00,etth1,HUFL,96,43,patchtst,3.3641341933994275
2017-11-10 14:00:00,etth1,HUFL,96,43,patchtst,3.492316684194964
2017-11-10 15:00:00,etth1,HUFL,96,43,patchtst,3.4186031897995286
2017-11-10 16:00:00,etth1,HUFL,96,43,patchtst,3.5626397055602106
2017-11-10 17:00:00,etth1,HUFL,96,43,patchtst,3.5304272011519675
2017-11-10 18:00:00,etth1,HUFL,96,43,patchtst,3.354592804646002
2017-11-10 19:00:00,etth1,HUFL,96,43,patchtst,3.3556808146162527
2017-11-10 20:00:00,etth1,HUFL,96,43,patchtst,3.595740187154624
2017-11-10 21:00:00,etth1,HUFL,96,43,patchtst,3.4770015953061617
2017-11-10 22:00:00,etth1,HUFL,96,43,patchtst,3.3185211910558094
2017-11-10 23:00:00,etth1,HUFL,96,43,patchtst,3.229473930214399
2017-11-11 00:00:00,etth1,HUFL,96,43,patchtst,3.4570964788463265
2017-11-11 01:00:00,etth1,HUFL,96,43,patchtst,3.625610817519586
2017-11-11 02:00:00,etth1,HUFL,96,43,patchtst,3.4150186385875365
2017-11-11 03:00:00,etth1,HUFL,96,43,patchtst,3.2650093759116507
2017-11-11 04:00:00,etth1,HUFL,96,43,patchtst,3.4207766200073224
2017-11-11 05:00:00,etth1,HUFL,96,43,patchtst,3.2326433632592857
2017-11-11 06:00:00,etth1,HUFL,96,43,patchtst,3.2628988636656957
2017-11-11 07:00:00,etth1,HUFL,96,43,patchtst,3.051556057883459
2017-11-11 08:00:00,etth1,HUFL,96,43,patchtst,3.2726808887665855
2017-11-11 09:00:00,etth1,HUFL,96,43,patchtst,3.2687615653274738
2017-11-11 10:00:00,etth1,HUFL,96,43,patchtst,3.340000524695224
2017-11-11 11:00:00,etth1,HUFL,96,43,patchtst,3.1124096443369282
2017-11-11 12:00:00,etth1,HUFL,96,43,patchtst,2.841075303052335
2017-11-11 13:00:00,etth1,HUFL,96,43,patchtst,3.082180861221635
2017-11-11 14:00:00,etth1,HUFL,96,43,patchtst,2.984988503906338
2017-11-11 15:00:00,etth1,HUFL,96,43,patchtst,2.835133382447451
2017-11-11 16:00:00,etth1,HUFL,96,43,patchtst,2.9308122354739066
2017-11-11 17:00:00,etth1,HUFL,96,43,patchtst,3.023980837609932
2017-11-11 18:00:00,etth1,HUFL,96,43,patchtst,2.826593128702408
2017-11-11 19:00:00,etth1,HUFL,96,43,patchtst,2.8429281192565967
2017-11-11 20:00:00,etth1,HUFL,96,43,patchtst,2.8948377192564174
2017-11-11 21:00:00,etth1,HUFL,96,43,patchtst,2.7315772406755543
2017-11-11 22:00:00,etth1,HUFL,96,43,patchtst,2.7165377182532793
2017-11-11 23:00:00,etth1,HUFL,96,43,patchtst,2.716517860562586
2017-11-12 00:00:00,etth1,HUFL,96,43,patchtst,2.755529756906361
2017-11-12 01:00:00,etth1,HUFL,96,43,patchtst,2.918628256197176
2017-11-12 02:00:00,etth1,HUFL,96,43,patchtst,2.783125933171952
2017-11-12 03:00:00,etth1,HUFL,96,43,patchtst,2.9161541840428526
2017-11-12 04:00:00,etth1,HUFL,96,43,patchtst,2.926214477254177
2017-11-12 05:00:00,etth1,HUFL,96,43,patchtst,2.850184903916018
2017-11-12 06:00:00,etth1,HUFL,96,43,patchtst,2.844779298064702
2017-11-12 07:00:00,etth1,HUFL,96,43,patchtst,2.6640571508583224
2017-11-12 08:00:00,etth1,HUFL,96,43,patchtst,2.535250132344754
2017-11-12 09:00:00,etth1,HUFL,96,43,patchtst,2.3197280670454625
2017-11-12 10:00:00,etth1,HUFL,96,43,patchtst,2.641951160429968
2017-11-12 11:00:00,etth1,HUFL,96,43,patchtst,2.7164962976293308
2017-11-12 12:00:00,etth1,HUFL,96,43,patchtst,2.871350804768611
2017-11-12 13:00:00,etth1,HUFL,96,43,patchtst,3.058081728981238
2017-11-12 14:00:00,etth1,HUFL,96,43,patchtst,3.0994994674613667
2017-11-12 15:00:00,etth1,HUFL,96,43,patchtst,2.936015006908606
2017-11-12 16:00:00,etth1,HUFL,96,43,patchtst,3.0161986744514304
2017-11-12 17:00:00,etth1,HUFL,96,43,patchtst,3.1288051778028376
2017-11-12 18:00:00,etth1,HUFL,96,43,patchtst,3.04432701373386
2017-11-12 19:00:00,etth1,HUFL,96,43,patchtst,3.1136521495528355
2017-11-12 20:00:00,etth1,HUFL,96,43,patchtst,3.189844576228234
2017-11-12 21:00:00,etth1,HUFL,96,43,patchtst,3.172024259197498
2017-11-12 22:00:00,etth1,HUFL,96,43,patchtst,3.291636455191766
2017-11-12 23:00:00,etth1,HUFL,96,43,patchtst,3.2225389252866123
2017-11-13 00:00:00,etth1,HUFL,96,43,patchtst,3.2340947670268734
2017-11-13 01:00:00,etth1,HUFL,96,43,patchtst,3.3307727147998847
2017-11-13 02:00:00,etth1,HUFL,96,43,patchtst,3.103453745322986
2017-11-13 03:00:00,etth1,HUFL,96,43,patchtst,3.1377948263273248
2017-11-13 04:00:00,etth1,HUFL,96,43,patchtst,3.3662432550251444
2017-11-13 05:00:00,etth1,HUFL,96,43,patchtst,3.3146384552479957
2017-11-13 06:00:00,etth1,HUFL,96,43,patchtst,3.3577474193782955
2017-11-13 07:00:00,etth1,HUFL,96,43,patchtst,3.126909587447449
2017-11-13 08:00:00,etth1,HUFL,96,43,patchtst,2.6803964992134675
2017-11-13 09:00:00,etth1,HUFL,96,43,patchtst,2.319146067308724
2017-11-13 10:00:00,etth1,HUFL,96,43,patchtst,2.171217135869877
2017-11-13 11:00:00,etth1,HUFL,96,43,patchtst,2.3885064678498544
2017-11-13 12:00:00,etth1,HUFL,96,43,patchtst,2.3966384309503224
2017-11-13 13:00:00,etth1,HUFL,96,43,patchtst,2.5590672010204933
2017-11-13 14:00:00,etth1,HUFL,96,43,patchtst,2.5933807991514093
2017-11-13 15:00:00,etth1,HUFL,96,43,patchtst,2.631402081052539
2017-11-13 16:00:00,etth1,HUFL,96,43,patchtst,2.7258308881085966
2017-11-13 17:00:00,etth1,HUFL,96,43,patchtst,2.6788281646827414
2017-11-13 18:00:00,etth1,HUFL,96,43,patchtst,2.5218687013102206
2017-11-13 19:00:00,etth1,HUFL,96,43,patchtst,2.580345555110459
2017-11-13 20:00:00,etth1,HUFL,96,43,patchtst,2.629533890641801
2017-11-13 21:00:00,etth1,HUFL,96,43,patchtst,2.647703048926933
2017-11-13 22:00:00,etth1,HUFL,96,43,patchtst,2.6712466524849368
2017-11-13 23:00:00,etth1,HUFL,96,43,patchtst,2.648918067198798
2017-11-14 00:00:00,etth1,HUFL,96,43,patchtst,2.6377864116968266
2017-11-14 01:00:00,etth1,HUFL,96,43,patchtst,2.575703592431854
2017-11-14 02:00:00,etth1,HUFL,96,43,patchtst,2.4542929152147805
2017-11-14 03:00:00,etth1,HUFL,96,43,patchtst,2.495261082578417
2017-11-14 04:00:00,etth1,HUFL,96,43,patchtst,2.606484573817901
2017-11-14 05:00:00,etth1,HUFL,96,43,patchtst,2.6343576414499434
2017-11-14 06:00:00,etth1,HUFL,96,43,patchtst,2.623602584262478
2017-11-14 07:00:00,etth1,HUFL,96,43,patchtst,2.5755106889372725
2017-11-14 08:00:00,etth1,HUFL,96,43,patchtst,2.5737266344779144
2017-11-14 09:00:00,etth1,HUFL,96,43,patchtst,2.65030762286326
2017-11-14 10:00:00,etth1,HUFL,96,43,patchtst,2.5975775190960246
2017-11-14 11:00:00,etth1,HUFL,96,43,patchtst,2.6439697056160143
2017-11-14 12:00:00,etth1,HUFL,96,43,patchtst,2.833807001619507
2017-11-14 13:00:00,etth1,HUFL,96,43,patchtst,2.9247331108812955
2017-11-14 14:00:00,etth1,HUFL,96,43,patchtst,2.7965845117569104
2017-11-14 15:00:00,etth1,HUFL,96,43,patchtst,2.842199544662787
2017-11-14 16:00:00,etth1,HUFL,96,43,patchtst,2.821034108902449
2017-11-14 17:00:00,etth1,HUFL,96,43,patchtst,2.81153267166194
2017-11-14 18:00:00,etth1,HUFL,96,43,patchtst,2.551855500084463
2017-11-14 19:00:00,etth1,HUFL,96,43,patchtst,2.5677412085766615
2017-11-14 20:00:00,etth1,HUFL,96,43,patchtst,2.5962258570086143
2017-11-14 21:00:00,etth1,HUFL,96,43,patchtst,2.570722709368084
2017-11-14 22:00:00,etth1,HUFL,96,43,patchtst,2.7647576023856097
2017-11-14 23:00:00,etth1,HUFL,96,43,patchtst,2.9584773441532
2017-11-15 00:00:00,etth1,HUFL,96,43,patchtst,2.9887379452695377
2017-11-15 01:00:00,etth1,HUFL,96,43,patchtst,2.9161100268447044
2017-11-15 02:00:00,etth1,HUFL,96,43,patchtst,2.7265721335948094
2017-11-15 03:00:00,etth1,HUFL,96,43,patchtst,2.718261674385154
2017-11-15 04:00:00,etth1,HUFL,96,43,patchtst,2.760234587977642
2017-11-15 05:00:00,etth1,HUFL,96,43,patchtst,2.7496120942603817
2017-11-15 06:00:00,etth1,HUFL,96,43,patchtst,2.8327658802428597
2017-11-15 07:00:00,etth1,HUFL,96,43,patchtst,2.8901102599114252
2017-11-15 08:00:00,etth1,HUFL,96,43,patchtst,2.905044024756556
2017-11-15 09:00:00,etth1,HUFL,96,43,patchtst,2.8269656181980487
2017-11-15 10:00:00,etth1,HUFL,96,43,patchtst,2.7181725865158994
2017-11-15 11:00:00,etth1,HUFL,96,43,patchtst,2.7299087022923523
2017-11-15 12:00:00,etth1,HUFL,96,43,patchtst,3.0052094302442076
2017-11-15 13:00:00,etth1,HUFL,96,43,patchtst,2.8669550658111
2017-11-15 14:00:00,etth1,HUFL,96,43,patchtst,3.025789363796118
2017-11-15 15:00:00,etth1,HUFL,96,43,patchtst,3.195018263473278
2017-11-15 16:00:00,etth1,HUFL,96,43,patchtst,3.4444677550233416
2017-11-15 17:00:00,etth1,HUFL,96,43,patchtst,3.4290691932915265
2017-11-15 18:00:00,etth1,HUFL,96,43,patchtst,3.1973021052896495
2017-11-15 19:00:00,etth1,HUFL,96,43,patchtst,3.1984536305786833
2017-11-15 20:00:00,etth1,HUFL,96,43,patchtst,3.2026220076239196
2017-11-15 21:00:00,etth1,HUFL,96,43,patchtst,3.1801155139466295
2017-11-15 22:00:00,etth1,HUFL,96,43,patchtst,3.279670987447013
2017-11-15 23:00:00,etth1,HUFL,96,43,patchtst,3.3076313485204545
2017-11-16 00:00:00,etth1,HUFL,96,43,patchtst,3.5601379547076437
2017-11-16 01:00:00,etth1,HUFL,96,43,patchtst,3.455076815522675
2017-11-16 02:00:00,etth1,HUFL,96,43,patchtst,3.273951654575852
2017-11-16 03:00:00,etth1,HUFL,96,43,patchtst,3.1837559083622993
2017-11-16 04:00:00,etth1,HUFL,96,43,patchtst,3.2654377568613886
2017-11-16 05:00:00,etth1,HUFL,96,43,patchtst,3.17916170759463
2017-11-16 06:00:00,etth1,HUFL,96,43,patchtst,3.1256949046880784
2017-11-16 07:00:00,etth1,HUFL,96,43,patchtst,2.9833660006803204
2017-11-16 08:00:00,etth1,HUFL,96,43,patchtst,2.803773322529557
2017-11-16 09:00:00,etth1,HUFL,96,43,patchtst,2.669569518050919
2017-11-16 10:00:00,etth1,HUFL,96,43,patchtst,2.350553440596396
2017-11-16 11:00:00,etth1,HUFL,96,43,patchtst,1.89949983109919
2017-11-16 12:00:00,etth1,HUFL,96,43,patchtst,1.8091320936883253
2017-11-16 13:00:00,etth1,HUFL,96,43,patchtst,1.9582289301573919
2017-11-16 14:00:00,etth1,HUFL,96,43,patchtst,2.164262227093537
2017-11-16 15:00:00,etth1,HUFL,96,43,patchtst,2.2652085747278576
2017-11-16 16:00:00,etth1,HUFL,96,43,patchtst,2.3238335983584872
2017-11-16 17:00:00,etth1,HUFL,96,43,patchtst,2.3150410764769873
2017-11-16 18:00:00,etth1,HUFL,96,43,patchtst,2.1580577403906935
2017-11-16 19:00:00,etth1,HUFL,96,43,patchtst,2.1962409219962127
2017-11-16 20:00:00,etth1,HUFL,96,43,patchtst,2.2312521751079473
2017-11-16 21:00:00,etth1,HUFL,96,43,patchtst,2.211994095167272
2017-11-16 22:00:00,etth1,HUFL,96,43,patchtst,2.305317270926386
2017-11-16 23:00:00,etth1,HUFL,96,43,patchtst,2.260716815224455
2017-11-17 00:00:00,etth1,HUFL,96,43,patchtst,2.3441087572526302
2017-11-17 01:00:00,etth1,HUFL,96,43,patchtst,2.4145025610125237
2017-11-17 02:00:00,etth1,HUFL,96,43,patchtst,2.2132993010504918
2017-11-17 03:00:00,etth1,HUFL,96,43,patchtst,2.239215105620049
2017-11-17 04:00:00,etth1,HUFL,96,43,patchtst,2.2915289233431957
2017-11-17 05:00:00,etth1,HUFL,96,43,patchtst,2.2736720964838573
2017-11-17 06:00:00,etth1,HUFL,96,43,patchtst,2.412579477799799
2017-11-17 07:00:00,etth1,HUFL,96,43,patchtst,2.6226764967182215
2017-11-17 08:00:00,etth1,HUFL,96,43,patchtst,2.3279320669215218
2017-11-17 09:00:00,etth1,HUFL,96,43,patchtst,2.154633938487771
2017-11-17 10:00:00,etth1,HUFL,96,43,patchtst,2.0590410568174593
2017-11-17 11:00:00,etth1,HUFL,96,43,patchtst,2.088205882275064
2017-11-17 12:00:00,etth1,HUFL,96,43,patchtst,2.3217947012272195
2017-11-17 13:00:00,etth1,HUFL,96,43,patchtst,2.3172423521906
2017-11-17 14:00:00,etth1,HUFL,96,43,patchtst,2.4742428863586303
2017-11-17 15:00:00,etth1,HUFL,96,43,patchtst,2.404200637467327
2017-11-17 16:00:00,etth1,HUFL,96,43,patchtst,2.4893354192859234
2017-11-17 17:00:00,etth1,HUFL,96,43,patchtst,2.492888683799615
2017-11-17 18:00:00,etth1,HUFL,96,43,patchtst,2.2386132693341527
2017-11-17 19:00:00,etth1,HUFL,96,43,patchtst,2.196504622423935
2017-11-17 20:00:00,etth1,HUFL,96,43,patchtst,2.2863588625973477
2017-11-17 21:00:00,etth1,HUFL,96,43,patchtst,2.38056029559235
2017-11-17 22:00:00,etth1,HUFL,96,43,patchtst,2.3494191076322912
2017-11-17 23:00:00,etth1,HUFL,96,43,patchtst,2.3628480852329576
2017-11-18 00:00:00,etth1,HUFL,96,43,patchtst,2.60045522614687
2017-11-18 01:00:00,etth1,HUFL,96,43,patchtst,2.5992830663080646
2017-11-18 02:00:00,etth1,HUFL,96,43,patchtst,2.4141218423927775
2017-11-18 03:00:00,etth1,HUFL,96,43,patchtst,2.2663272226848776
2017-11-18 04:00:00,etth1,HUFL,96,43,patchtst,2.4095580908092002
2017-11-18 05:00:00,etth1,HUFL,96,43,patchtst,2.3302611781463898
2017-11-18 06:00:00,etth1,HUFL,96,43,patchtst,2.399939943661934
2017-11-18 07:00:00,etth1,HUFL,96,43,patchtst,2.5266657192624944
2017-11-18 08:00:00,etth1,HUFL,96,43,patchtst,2.6431584595063087
2017-11-18 09:00:00,etth1,HUFL,96,43,patchtst,2.532755704213905
2017-11-18 10:00:00,etth1,HUFL,96,43,patchtst,2.3749308992289397
2017-11-18 11:00:00,etth1,HUFL,96,43,patchtst,2.2900234463671523
2017-11-18 12:00:00,etth1,HUFL,96,43,patchtst,2.3759157292666466
2017-11-18 13:00:00,etth1,HUFL,96,43,patchtst,2.368106944748286
2017-11-18 14:00:00,etth1,HUFL,96,43,patchtst,2.3769347805049894
2017-11-18 15:00:00,etth1,HUFL,96,43,patchtst,2.3219911128119644
2017-11-18 16:00:00,etth1,HUFL,96,43,patchtst,2.6762168190447913
2017-11-18 17:00:00,etth1,HUFL,96,43,patchtst,2.805245368899626
2017-11-18 18:00:00,etth1,HUFL,96,43,patchtst,2.4817183881043827
2017-11-18 19:00:00,etth1,HUFL,96,43,patchtst,2.5004906499840853
2017-11-18 20:00:00,etth1,HUFL,96,43,patchtst,2.541283704572432
2017-11-18 21:00:00,etth1,HUFL,96,43,patchtst,2.6997862243334794
2017-11-18 22:00:00,etth1,HUFL,96,43,patchtst,2.813147223484993
2017-11-18 23:00:00,etth1,HUFL,96,43,patchtst,2.7245213759942133
2017-11-19 00:00:00,etth1,HUFL,96,43,patchtst,2.7872576883737046
2017-11-19 01:00:00,etth1,HUFL,96,43,patchtst,2.7411099025247587
2017-11-19 02:00:00,etth1,HUFL,96,43,patchtst,2.5667541918734433
2017-11-19 03:00:00,etth1,HUFL,96,43,patchtst,2.533256233133294
2017-11-19 04:00:00,etth1,HUFL,96,43,patchtst,2.6389652790521256
2017-11-19 05:00:00,etth1,HUFL,96,43,patchtst,2.7412924535289096
2017-11-19 06:00:00,etth1,HUFL,96,43,patchtst,2.852817814187187
2017-11-19 07:00:00,etth1,HUFL,96,43,patchtst,2.6901267453362383
2017-11-19 08:00:00,etth1,HUFL,96,43,patchtst,2.6417291190984598
2017-11-19 09:00:00,etth1,HUFL,96,43,patchtst,2.4542987126052433
2017-11-19 10:00:00,etth1,HUFL,96,43,patchtst,2.6291135730979223
2017-11-19 11:00:00,etth1,HUFL,96,43,patchtst,2.3469112688351035
2017-11-19 12:00:00,etth1,HUFL,96,43,patchtst,2.2276216148187493
2017-11-19 13:00:00,etth1,HUFL,96,43,patchtst,2.3031932036876266
2017-11-19 14:00:00,etth1,HUFL,96,43,patchtst,2.394481703932277
2017-11-19 15:00:00,etth1,HUFL,96,43,patchtst,2.3783315765445576
2017-11-19 16:00:00,etth1,HUFL,96,43,patchtst,2.6213294540509686
2017-11-19 17:00:00,etth1,HUFL,96,43,patchtst,2.626222024043194
2017-11-19 18:00:00,etth1,HUFL,96,43,patchtst,2.5482755104783785
2017-11-19 19:00:00,etth1,HUFL,96,43,patchtst,2.6609624660436957
2017-11-19 20:00:00,etth1,HUFL,96,43,patchtst,2.729539479736996
2017-11-19 21:00:00,etth1,HUFL,96,43,patchtst,2.6610768018934228
2017-11-19 22:00:00,etth1,HUFL,96,43,patchtst,2.567837803874476
2017-11-19 23:00:00,etth1,HUFL,96,43,patchtst,2.6420299579809234
2017-11-20 00:00:00,etth1,HUFL,96,43,patchtst,2.6272402468708784
2017-11-20 01:00:00,etth1,HUFL,96,43,patchtst,2.710829178765907
2017-11-20 02:00:00,etth1,HUFL,96,43,patchtst,2.632873515574392
2017-11-20 03:00:00,etth1,HUFL,96,43,patchtst,2.6854532127499033
2017-11-20 04:00:00,etth1,HUFL,96,43,patchtst,2.7470525830065924
2017-11-20 05:00:00,etth1,HUFL,96,43,patchtst,2.753461139260123
2017-11-20 06:00:00,etth1,HUFL,96,43,patchtst,2.804435457888425
2017-11-20 07:00:00,etth1,HUFL,96,43,patchtst,2.773085148184682
2017-11-20 08:00:00,etth1,HUFL,96,43,patchtst,2.856842751910065
2017-11-20 09:00:00,etth1,HUFL,96,43,patchtst,2.8571887116894943
2017-11-20 10:00:00,etth1,HUFL,96,43,patchtst,2.993360792794212
2017-11-20 11:00:00,etth1,HUFL,96,43,patchtst,2.933983507094258
2017-11-20 12:00:00,etth1,HUFL,96,43,patchtst,3.2594664620808445
2017-11-20 13:00:00,etth1,HUFL,96,43,patchtst,2.6708061947710298
2017-11-20 14:00:00,etth1,HUFL,96,43,patchtst,2.7394880378340503
2017-11-20 15:00:00,etth1,HUFL,96,43,patchtst,2.8413043890486596
2017-11-20 16:00:00,etth1,HUFL,96,43,patchtst,2.80078230739255
2017-11-20 17:00:00,etth1,HUFL,96,43,patchtst,2.907710807383759
2017-11-20 18:00:00,etth1,HUFL,96,43,patchtst,2.923469930163409
2017-11-20 19:00:00,etth1,HUFL,96,43,patchtst,2.93140109907401
2017-11-20 20:00:00,etth1,HUFL,96,43,patchtst,2.9647756257392834
2017-11-20 21:00:00,etth1,HUFL,96,43,patchtst,2.8498648372536812
2017-11-20 22:00:00,etth1,HUFL,96,43,patchtst,2.8748696738002315
2017-11-20 23:00:00,etth1,HUFL,96,43,patchtst,2.794122449760151
2017-11-21 00:00:00,etth1,HUFL,96,43,patchtst,2.652482116087057
2017-11-21 01:00:00,etth1,HUFL,96,43,patchtst,2.7228920310127376
2017-11-21 02:00:00,etth1,HUFL,96,43,patchtst,2.858169347425843
2017-11-21 03:00:00,etth1,HUFL,96,43,patchtst,2.898082340672031
2017-11-21 04:00:00,etth1,HUFL,96,43,patchtst,2.9071465705658057
2017-11-21 05:00:00,etth1,HUFL,96,43,patchtst,2.8324254233433823
2017-11-21 06:00:00,etth1,HUFL,96,43,patchtst,2.7575877461305702
2017-11-21 07:00:00,etth1,HUFL,96,43,patchtst,2.830241270405511
2017-11-21 08:00:00,etth1,HUFL,96,43,patchtst,2.9823823092418777
2017-11-21 09:00:00,etth1,HUFL,96,43,patchtst,3.057028056634175
2017-11-21 10:00:00,etth1,HUFL,96,43,patchtst,3.103442126675344
2017-11-21 11:00:00,etth1,HUFL,96,43,patchtst,3.276085845877848
2017-11-21 12:00:00,etth1,HUFL,96,43,patchtst,3.2780126125088294
2017-11-21 13:00:00,etth1,HUFL,96,43,patchtst,3.5443284919723568
2017-11-21 14:00:00,etth1,HUFL,96,43,patchtst,2.988300330034378
2017-11-21 15:00:00,etth1,HUFL,96,43,patchtst,2.8319266980396507
2017-11-21 16:00:00,etth1,HUFL,96,43,patchtst,2.892485080137677
2017-11-21 17:00:00,etth1,HUFL,96,43,patchtst,3.020552522021523
2017-11-21 18:00:00,etth1,HUFL,96,43,patchtst,3.0595397095813897
2017-11-21 19:00:00,etth1,HUFL,96,43,patchtst,3.0653053730852533
2017-11-21 20:00:00,etth1,HUFL,96,43,patchtst,2.9402623952545865
2017-11-21 21:00:00,etth1,HUFL,96,43,patchtst,2.9086886040572053
2017-11-21 22:00:00,etth1,HUFL,96,43,patchtst,2.8031680286507545
2017-11-21 23:00:00,etth1,HUFL,96,43,patchtst,2.8083033371515023
2017-11-22 00:00:00,etth1,HUFL,96,43,patchtst,2.7723851558979113
2017-11-22 01:00:00,etth1,HUFL,96,43,patchtst,2.8786910494104947
2017-11-22 02:00:00,etth1,HUFL,96,43,patchtst,2.95072796203508
2017-11-22 03:00:00,etth1,HUFL,96,43,patchtst,3.0166485440580426
2017-11-22 04:00:00,etth1,HUFL,96,43,patchtst,2.9348257090392065
2017-11-22 05:00:00,etth1,HUFL,96,43,patchtst,2.8206156075117867
2017-11-22 06:00:00,etth1,HUFL,96,43,patchtst,2.8510360652292364
2017-11-22 07:00:00,etth1,HUFL,96,43,patchtst,2.9979487856437395
2017-11-22 08:00:00,etth1,HUFL,96,43,patchtst,3.0797691042700053
2017-11-22 09:00:00,etth1,HUFL,96,43,patchtst,2.5269785342953335
2017-11-22 10:00:00,etth1,HUFL,96,43,patchtst,2.495419639517124
2017-11-22 11:00:00,etth1,HUFL,96,43,patchtst,2.6626424481213022
2017-11-22 12:00:00,etth1,HUFL,96,43,patchtst,2.8348785729260615
2017-11-22 13:00:00,etth1,HUFL,96,43,patchtst,2.96106801010192
2017-11-22 14:00:00,etth1,HUFL,96,43,patchtst,3.1192713388579913
2017-11-22 15:00:00,etth1,HUFL,96,43,patchtst,2.7413263044359426
2017-11-22 16:00:00,etth1,HUFL,96,43,patchtst,2.631348975278979
2017-11-22 17:00:00,etth1,HUFL,96,43,patchtst,2.8751928658113264
2017-11-22 18:00:00,etth1,HUFL,96,43,patchtst,2.84722797097479
2017-11-22 19:00:00,etth1,HUFL,96,43,patchtst,2.925588128871702
2017-11-22 20:00:00,etth1,HUFL,96,43,patchtst,2.8580741041622506
2017-11-22 21:00:00,etth1,HUFL,96,43,patchtst,2.8207686771948812
2017-11-22 22:00:00,etth1,HUFL,96,43,patchtst,2.77899101359475
2017-11-22 23:00:00,etth1,HUFL,96,43,patchtst,2.665907102958316
2017-11-23 00:00:00,etth1,HUFL,96,43,patchtst,2.6975016270452756
2017-11-23 01:00:00,etth1,HUFL,96,43,patchtst,2.7937780673988484
2017-11-23 02:00:00,etth1,HUFL,96,43,patchtst,2.8851895839646993
2017-11-23 03:00:00,etth1,HUFL,96,43,patchtst,2.9881966608893085
2017-11-23 04:00:00,etth1,HUFL,96,43,patchtst,2.9450994321685164
2017-11-23 05:00:00,etth1,HUFL,96,43,patchtst,2.8396599075449807
2017-11-23 06:00:00,etth1,HUFL,96,43,patchtst,3.0255157273547693
2017-11-23 07:00:00,etth1,HUFL,96,43,patchtst,3.1340593088440447
2017-11-23 08:00:00,etth1,HUFL,96,43,patchtst,3.2358374166356154
2017-11-23 09:00:00,etth1,HUFL,96,43,patchtst,2.2519892564652095
2017-11-23 10:00:00,etth1,HUFL,96,43,patchtst,2.4280235749253856
2017-11-23 11:00:00,etth1,HUFL,96,43,patchtst,2.3435119782919007
2017-11-23 12:00:00,etth1,HUFL,96,43,patchtst,2.2160057655899177
2017-11-23 13:00:00,etth1,HUFL,96,43,patchtst,2.1720293500465973
2017-11-23 14:00:00,etth1,HUFL,96,43,patchtst,2.0372624314510124
2017-11-23 15:00:00,etth1,HUFL,96,43,patchtst,2.010872124231199
2017-11-23 16:00:00,etth1,HUFL,96,43,patchtst,2.106284275273366
2017-11-23 17:00:00,etth1,HUFL,96,43,patchtst,2.396372162270392
2017-11-23 18:00:00,etth1,HUFL,96,43,patchtst,2.2672204609605857
2017-11-23 19:00:00,etth1,HUFL,96,43,patchtst,2.320479381780966
2017-11-23 20:00:00,etth1,HUFL,96,43,patchtst,2.3398020816178806
2017-11-23 21:00:00,etth1,HUFL,96,43,patchtst,2.5124564077944176
2017-11-23 22:00:00,etth1,HUFL,96,43,patchtst,2.4035922753725885
2017-11-23 23:00:00,etth1,HUFL,96,43,patchtst,2.456733109582294
2017-11-24 00:00:00,etth1,HUFL,96,43,patchtst,2.353339921889203
2017-11-24 01:00:00,etth1,HUFL,96,43,patchtst,2.354751858287254
2017-11-24 02:00:00,etth1,HUFL,96,43,patchtst,2.2167088767464787
2017-11-24 03:00:00,etth1,HUFL,96,43,patchtst,2.1970942317311835
2017-11-24 04:00:00,etth1,HUFL,96,43,patchtst,2.136103247738473
2017-11-24 05:00:00,etth1,HUFL,96,43,patchtst,2.102661435329712
2017-11-24 06:00:00,etth1,HUFL,96,43,patchtst,2.090553614822761
2017-11-24 07:00:00,etth1,HUFL,96,43,patchtst,2.2679113004273317
2017-11-24 08:00:00,etth1,HUFL,96,43,patchtst,2.205866857488516
2017-11-24 09:00:00,etth1,HUFL,96,43,patchtst,1.9717415340894775
2017-11-24 10:00:00,etth1,HUFL,96,43,patchtst,2.1477236651661245
2017-11-24 11:00:00,etth1,HUFL,96,43,patchtst,2.451264553890668
2017-11-24 12:00:00,etth1,HUFL,96,43,patchtst,2.577614740941252
2017-11-24 13:00:00,etth1,HUFL,96,43,patchtst,2.4919442870439674
2017-11-24 14:00:00,etth1,HUFL,96,43,patchtst,2.660689678314757
2017-11-24 15:00:00,etth1,HUFL,96,43,patchtst,2.253668271898983
2017-11-24 16:00:00,etth1,HUFL,96,43,patchtst,2.2390305056284787
2017-11-24 17:00:00,etth1,HUFL,96,43,patchtst,2.4525712244115923
2017-11-24 18:00:00,etth1,HUFL,96,43,patchtst,2.331211052652195
2017-11-24 19:00:00,etth1,HUFL,96,43,patchtst,2.3702457561876464
2017-11-24 20:00:00,etth1,HUFL,96,43,patchtst,2.338175979226414
2017-11-24 21:00:00,etth1,HUFL,96,43,patchtst,2.345651601118412
2017-11-24 22:00:00,etth1,HUFL,96,43,patchtst,2.332503001863983
2017-11-24 23:00:00,etth1,HUFL,96,43,patchtst,2.314989961052684
2017-11-25 00:00:00,etth1,HUFL,96,43,patchtst,2.413022587384866
2017-11-25 01:00:00,etth1,HUFL,96,43,patchtst,2.462905245889505
2017-11-25 02:00:00,etth1,HUFL,96,43,patchtst,2.321249594911236
2017-11-25 03:00:00,etth1,HUFL,96,43,patchtst,2.302178096796374
2017-11-25 04:00:00,etth1,HUFL,96,43,patchtst,2.339097793232226
2017-11-25 05:00:00,etth1,HUFL,96,43,patchtst,2.20259453145539
2017-11-25 06:00:00,etth1,HUFL,96,43,patchtst,2.2540108363609805
2017-11-25 07:00:00,etth1,HUFL,96,43,patchtst,2.3315146434902183
2017-11-25 08:00:00,etth1,HUFL,96,43,patchtst,2.571324008761525
2017-11-25 09:00:00,etth1,HUFL,96,43,patchtst,2.553067655381925
2017-11-25 10:00:00,etth1,HUFL,96,43,patchtst,2.5961655303305906
2017-11-25 11:00:00,etth1,HUFL,96,43,patchtst,2.8847047638629295
2017-11-25 12:00:00,etth1,HUFL,96,43,patchtst,3.283328954938863
2017-11-25 13:00:00,etth1,HUFL,96,43,patchtst,3.3096843480288363
2017-11-25 14:00:00,etth1,HUFL,96,43,patchtst,3.3274549071521933
2017-11-25 15:00:00,etth1,HUFL,96,43,patchtst,3.080611642038569
2017-11-25 16:00:00,etth1,HUFL,96,43,patchtst,3.0909637099143565
2017-11-25 17:00:00,etth1,HUFL,96,43,patchtst,3.0647206244403686
2017-11-25 18:00:00,etth1,HUFL,96,43,patchtst,2.852033947211051
2017-11-25 19:00:00,etth1,HUFL,96,43,patchtst,2.8016038436990236
2017-11-25 20:00:00,etth1,HUFL,96,43,patchtst,2.8636634495655677
2017-11-25 21:00:00,etth1,HUFL,96,43,patchtst,2.7563421455082353
2017-11-25 22:00:00,etth1,HUFL,96,43,patchtst,2.8557016108658106
2017-11-25 23:00:00,etth1,HUFL,96,43,patchtst,2.9345552923460096
2017-11-26 00:00:00,etth1,HUFL,96,43,patchtst,3.0760149465255835
2017-11-26 01:00:00,etth1,HUFL,96,43,patchtst,3.1347212810760268
2017-11-26 02:00:00,etth1,HUFL,96,43,patchtst,2.8502616547154003
2017-11-26 03:00:00,etth1,HUFL,96,43,patchtst,2.696425298642755
2017-11-26 04:00:00,etth1,HUFL,96,43,patchtst,2.8335996496122853
2017-11-26 05:00:00,etth1,HUFL,96,43,patchtst,2.8097051400261055
2017-11-26 06:00:00,etth1,HUFL,96,43,patchtst,2.782284037218028
2017-11-26 07:00:00,etth1,HUFL,96,43,patchtst,2.9521003056697643
2017-11-26 08:00:00,etth1,HUFL,96,43,patchtst,3.3548158050888923
2017-11-26 09:00:00,etth1,HUFL,96,43,patchtst,2.8119176637680936
2017-11-26 10:00:00,etth1,HUFL,96,43,patchtst,2.725095114132186
2017-11-26 11:00:00,etth1,HUFL,96,43,patchtst,3.031798483589173
2017-11-26 12:00:00,etth1,HUFL,96,43,patchtst,3.4535555052924862
2017-11-26 13:00:00,etth1,HUFL,96,43,patchtst,3.6464789222604956
2017-11-26 14:00:00,etth1,HUFL,96,43,patchtst,4.004339466262798
2017-11-26 15:00:00,etth1,HUFL,96,43,patchtst,3.895047238601116
2017-11-26 16:00:00,etth1,HUFL,96,43,patchtst,3.901785072701479
2017-11-26 17:00:00,etth1,HUFL,96,43,patchtst,3.9717539828013106
2017-11-26 18:00:00,etth1,HUFL,96,43,patchtst,3.6370878566875393
2017-11-26 19:00:00,etth1,HUFL,96,43,patchtst,3.662163536787465
2017-11-26 20:00:00,etth1,HUFL,96,43,patchtst,3.783342535207636
2017-11-26 21:00:00,etth1,HUFL,96,43,patchtst,3.6776590982297246
2017-11-26 22:00:00,etth1,HUFL,96,43,patchtst,3.58579035877381
2017-11-26 23:00:00,etth1,HUFL,96,43,patchtst,3.7874235653589783
2017-11-27 00:00:00,etth1,HUFL,96,43,patchtst,4.11464004749455
2017-11-27 01:00:00,etth1,HUFL,96,43,patchtst,4.097163530021432
2017-11-27 02:00:00,etth1,HUFL,96,43,patchtst,3.8461789798125356
2017-11-27 03:00:00,etth1,HUFL,96,43,patchtst,3.5332827750361884
2017-11-27 04:00:00,etth1,HUFL,96,43,patchtst,3.7155606125079537
2017-11-27 05:00:00,etth1,HUFL,96,43,patchtst,3.6033869494438275
2017-11-27 06:00:00,etth1,HUFL,96,43,patchtst,3.429614974484253
2017-11-27 07:00:00,etth1,HUFL,96,43,patchtst,3.7741419119552475
2017-11-27 08:00:00,etth1,HUFL,96,43,patchtst,4.0178714007396765
2017-11-27 09:00:00,etth1,HUFL,96,43,patchtst,3.581399684781466
2017-11-27 10:00:00,etth1,HUFL,96,43,patchtst,3.4995839453569553
2017-11-27 11:00:00,etth1,HUFL,96,43,patchtst,3.4775970693330787
2017-11-27 12:00:00,etth1,HUFL,96,43,patchtst,3.7745600860665047
2017-11-27 13:00:00,etth1,HUFL,96,43,patchtst,3.7603478163250412
2017-11-27 14:00:00,etth1,HUFL,96,43,patchtst,4.0642914288917025
2017-11-27 15:00:00,etth1,HUFL,96,43,patchtst,4.118804272753091
2017-11-27 16:00:00,etth1,HUFL,96,43,patchtst,4.416921040858869
2017-11-27 17:00:00,etth1,HUFL,96,43,patchtst,4.609148998535903
2017-11-27 18:00:00,etth1,HUFL,96,43,patchtst,4.313512812271243
2017-11-27 19:00:00,etth1,HUFL,96,43,patchtst,4.395770920427336
2017-11-27 20:00:00,etth1,HUFL,96,43,patchtst,4.654907424901548
2017-11-27 21:00:00,etth1,HUFL,96,43,patchtst,4.498834780271643
2017-11-27 22:00:00,etth1,HUFL,96,43,patchtst,4.453466070827053
2017-11-27 23:00:00,etth1,HUFL,96,43,patchtst,4.705160908071933
2017-11-28 00:00:00,etth1,HUFL,96,43,patchtst,5.054162918986392
2017-11-28 01:00:00,etth1,HUFL,96,43,patchtst,5.171631541205754
2017-11-28 02:00:00,etth1,HUFL,96,43,patchtst,4.878393487423659
2017-11-28 03:00:00,etth1,HUFL,96,43,patchtst,4.918162494693473
2017-11-28 04:00:00,etth1,HUFL,96,43,patchtst,4.984228768126592
2017-11-28 05:00:00,etth1,HUFL,96,43,patchtst,4.89589260378759
2017-11-28 06:00:00,etth1,HUFL,96,43,patchtst,4.6055409819627835
2017-11-28 07:00:00,etth1,HUFL,96,43,patchtst,4.593549285139296
2017-11-28 08:00:00,etth1,HUFL,96,43,patchtst,4.98403632188488
2017-11-28 09:00:00,etth1,HUFL,96,43,patchtst,4.281736544276665
2017-11-28 10:00:00,etth1,HUFL,96,43,patchtst,3.927163234125082
2017-11-28 11:00:00,etth1,HUFL,96,43,patchtst,3.90640143714842
2017-11-28 12:00:00,etth1,HUFL,96,43,patchtst,4.003343453117512
2017-11-28 13:00:00,etth1,HUFL,96,43,patchtst,4.11860274611446
2017-11-28 14:00:00,etth1,HUFL,96,43,patchtst,4.0150667969999665
2017-11-28 15:00:00,etth1,HUFL,96,43,patchtst,3.8783323248726727
2017-11-28 16:00:00,etth1,HUFL,96,43,patchtst,4.555898329303256
2017-11-28 17:00:00,etth1,HUFL,96,43,patchtst,4.691686111012543
2017-11-28 18:00:00,etth1,HUFL,96,43,patchtst,4.265915303875825
2017-11-28 19:00:00,etth1,HUFL,96,43,patchtst,4.210277881901859
2017-11-28 20:00:00,etth1,HUFL,96,43,patchtst,4.513396520140339
2017-11-28 21:00:00,etth1,HUFL,96,43,patchtst,4.444207179647202
2017-11-28 22:00:00,etth1,HUFL,96,43,patchtst,4.24046110528183
2017-11-28 23:00:00,etth1,HUFL,96,43,patchtst,4.329407446172702
2017-11-29 00:00:00,etth1,HUFL,96,43,patchtst,4.749042958694719
2017-11-29 01:00:00,etth1,HUFL,96,43,patchtst,4.726858778505044
2017-11-29 02:00:00,etth1,HUFL,96,43,patchtst,4.395384210591863
2017-11-29 03:00:00,etth1,HUFL,96,43,patchtst,4.145394769789313
2017-11-29 04:00:00,etth1,HUFL,96,43,patchtst,4.355895901200538
2017-11-29 05:00:00,etth1,HUFL,96,43,patchtst,4.3714121013922105
2017-11-29 06:00:00,etth1,HUFL,96,43,patchtst,4.112110396484112
2017-11-29 07:00:00,etth1,HUFL,96,43,patchtst,4.139067420912817
2017-11-29 08:00:00,etth1,HUFL,96,43,patchtst,4.529619492299755
2017-11-29 09:00:00,etth1,HUFL,96,43,patchtst,3.7067278533602264
2017-11-29 10:00:00,etth1,HUFL,96,43,patchtst,3.563840793420164
2017-11-29 11:00:00,etth1,HUFL,96,43,patchtst,3.515421824963107
2017-11-29 12:00:00,etth1,HUFL,96,43,patchtst,3.4879413191470108
2017-11-29 13:00:00,etth1,HUFL,96,43,patchtst,3.438886986467429
2017-11-29 14:00:00,etth1,HUFL,96,43,patchtst,3.6399731418126273
2017-11-29 15:00:00,etth1,HUFL,96,43,patchtst,3.751776636995815
2017-11-29 16:00:00,etth1,HUFL,96,43,patchtst,4.1230393556077445
2017-11-29 17:00:00,etth1,HUFL,96,43,patchtst,4.087620747390482
2017-11-29 18:00:00,etth1,HUFL,96,43,patchtst,3.647065842790751
2017-11-29 19:00:00,etth1,HUFL,96,43,patchtst,3.645099915144295
2017-11-29 20:00:00,etth1,HUFL,96,43,patchtst,3.815046282614716
2017-11-29 21:00:00,etth1,HUFL,96,43,patchtst,3.871954475880587
2017-11-29 22:00:00,etth1,HUFL,96,43,patchtst,3.656785323195253
2017-11-29 23:00:00,etth1,HUFL,96,43,patchtst,3.725827717168547
2017-11-30 00:00:00,etth1,HUFL,96,43,patchtst,4.065971413404637
2017-11-30 01:00:00,etth1,HUFL,96,43,patchtst,4.124220664391147
2017-11-30 02:00:00,etth1,HUFL,96,43,patchtst,3.7653606329436737
2017-11-30 03:00:00,etth1,HUFL,96,43,patchtst,3.649103163107995
2017-11-30 04:00:00,etth1,HUFL,96,43,patchtst,3.774655616096009
2017-11-30 05:00:00,etth1,HUFL,96,43,patchtst,3.9318445535906825
2017-11-30 06:00:00,etth1,HUFL,96,43,patchtst,3.8996719329919123
2017-11-30 07:00:00,etth1,HUFL,96,43,patchtst,4.012642237369327
2017-11-30 08:00:00,etth1,HUFL,96,43,patchtst,4.012561073040399
2017-11-30 09:00:00,etth1,HUFL,96,43,patchtst,3.514384745222897
2017-11-30 10:00:00,etth1,HUFL,96,43,patchtst,2.7989488824069837
2017-11-30 11:00:00,etth1,HUFL,96,43,patchtst,2.7277990331577935
2017-11-30 12:00:00,etth1,HUFL,96,43,patchtst,2.9510410880502675
2017-11-30 13:00:00,etth1,HUFL,96,43,patchtst,3.026384209055884
2017-11-30 14:00:00,etth1,HUFL,96,43,patchtst,2.939375605327772
2017-11-30 15:00:00,etth1,HUFL,96,43,patchtst,2.853592917880256
2017-11-30 16:00:00,etth1,HUFL,96,43,patchtst,3.182550598619246
2017-11-30 17:00:00,etth1,HUFL,96,43,patchtst,3.0897735835511946
2017-11-30 18:00:00,etth1,HUFL,96,43,patchtst,2.6987767462456014
2017-11-30 19:00:00,etth1,HUFL,96,43,patchtst,2.6590362083344523
2017-11-30 20:00:00,etth1,HUFL,96,43,patchtst,2.8336708870604537
2017-11-30 21:00:00,etth1,HUFL,96,43,patchtst,2.8433345181830796
2017-11-30 22:00:00,etth1,HUFL,96,43,patchtst,2.8394220392279874
2017-11-30 23:00:00,etth1,HUFL,96,43,patchtst,2.845285807273702
2017-12-01 00:00:00,etth1,HUFL,96,43,patchtst,3.0814570710443028
2017-12-01 01:00:00,etth1,HUFL,96,43,patchtst,3.062911135378448
2017-12-01 02:00:00,etth1,HUFL,96,43,patchtst,2.782197321016207
2017-12-01 03:00:00,etth1,HUFL,96,43,patchtst,2.6281109998710064
2017-12-01 04:00:00,etth1,HUFL,96,43,patchtst,2.721496869253187
2017-12-01 05:00:00,etth1,HUFL,96,43,patchtst,2.721429168058318
2017-12-01 06:00:00,etth1,HUFL,96,43,patchtst,2.706010629908041
2017-12-01 07:00:00,etth1,HUFL,96,43,patchtst,2.6700812277943253
2017-12-01 08:00:00,etth1,HUFL,96,43,patchtst,3.2155739225516142
2017-12-01 09:00:00,etth1,HUFL,96,43,patchtst,3.033841743415387
2017-12-01 10:00:00,etth1,HUFL,96,43,patchtst,2.8470635900327657
2017-12-01 11:00:00,etth1,HUFL,96,43,patchtst,2.8985784154644993
2017-12-01 12:00:00,etth1,HUFL,96,43,patchtst,3.0476818318900634
2017-12-01 13:00:00,etth1,HUFL,96,43,patchtst,2.612435082659571
2017-12-01 14:00:00,etth1,HUFL,96,43,patchtst,2.8364303901219046
2017-12-01 15:00:00,etth1,HUFL,96,43,patchtst,2.826365265648615
2017-12-01 16:00:00,etth1,HUFL,96,43,patchtst,3.0065790082522086
2017-12-01 17:00:00,etth1,HUFL,96,43,patchtst,2.6912358448061653
2017-12-01 18:00:00,etth1,HUFL,96,43,patchtst,2.603574296196681
2017-12-01 19:00:00,etth1,HUFL,96,43,patchtst,2.7486915581975566
2017-12-01 20:00:00,etth1,HUFL,96,43,patchtst,2.6611815717128895
2017-12-01 21:00:00,etth1,HUFL,96,43,patchtst,2.6157763216270564
2017-12-01 22:00:00,etth1,HUFL,96,43,patchtst,2.599368160858685
2017-12-01 23:00:00,etth1,HUFL,96,43,patchtst,2.466322346463983
2017-12-02 00:00:00,etth1,HUFL,96,43,patchtst,2.5401425316218025
2017-12-02 01:00:00,etth1,HUFL,96,43,patchtst,2.408287647249046
2017-12-02 02:00:00,etth1,HUFL,96,43,patchtst,2.415434869453266
2017-12-02 03:00:00,etth1,HUFL,96,43,patchtst,2.401197846208437
2017-12-02 04:00:00,etth1,HUFL,96,43,patchtst,2.3992649677260562
2017-12-02 05:00:00,etth1,HUFL,96,43,patchtst,2.298075681196172
2017-12-02 06:00:00,etth1,HUFL,96,43,patchtst,2.4314986723378293
2017-12-02 07:00:00,etth1,HUFL,96,43,patchtst,2.1586905031730583
2017-12-02 08:00:00,etth1,HUFL,96,43,patchtst,2.0406724490488903
2017-12-02 09:00:00,etth1,HUFL,96,43,patchtst,2.036198304407403
2017-12-02 10:00:00,etth1,HUFL,96,43,patchtst,2.0871212945239725
2017-12-02 11:00:00,etth1,HUFL,96,43,patchtst,2.148005618974467
2017-12-02 12:00:00,etth1,HUFL,96,43,patchtst,2.326942344626886
2017-12-02 13:00:00,etth1,HUFL,96,43,patchtst,2.2822959205953595
2017-12-02 14:00:00,etth1,HUFL,96,43,patchtst,2.399778121590425
2017-12-02 15:00:00,etth1,HUFL,96,43,patchtst,2.320644848017307
2017-12-02 16:00:00,etth1,HUFL,96,43,patchtst,2.1821791758492335
2017-12-02 17:00:00,etth1,HUFL,96,43,patchtst,2.2641121437097254
2017-12-02 18:00:00,etth1,HUFL,96,43,patchtst,2.101069847015642
2017-12-02 19:00:00,etth1,HUFL,96,43,patchtst,2.086130287111391
2017-12-02 20:00:00,etth1,HUFL,96,43,patchtst,2.020750780172424
2017-12-02 21:00:00,etth1,HUFL,96,43,patchtst,2.032485611404494
2017-12-02 22:00:00,etth1,HUFL,96,43,patchtst,2.054736495387869
2017-12-02 23:00:00,etth1,HUFL,96,43,patchtst,1.9837196596280193
2017-12-03 00:00:00,etth1,HUFL,96,43,patchtst,2.0389867364988565
2017-12-03 01:00:00,etth1,HUFL,96,43,patchtst,1.9895213960929905
2017-12-03 02:00:00,etth1,HUFL,96,43,patchtst,1.948626932213008
2017-12-03 03:00:00,etth1,HUFL,96,43,patchtst,1.997073047668506
2017-12-03 04:00:00,etth1,HUFL,96,43,patchtst,2.0481159773790147
2017-12-03 05:00:00,etth1,HUFL,96,43,patchtst,2.017234130096737
2017-12-03 06:00:00,etth1,HUFL,96,43,patchtst,1.952836955715414
2017-12-03 07:00:00,etth1,HUFL,96,43,patchtst,1.8858700517524463
2017-12-03 08:00:00,etth1,HUFL,96,43,patchtst,2.27635933954092
2017-12-03 09:00:00,etth1,HUFL,96,43,patchtst,2.3362696848858024
2017-12-03 10:00:00,etth1,HUFL,96,43,patchtst,2.3479694794046484
2017-12-03 11:00:00,etth1,HUFL,96,43,patchtst,2.535906813134534
2017-12-03 12:00:00,etth1,HUFL,96,43,patchtst,2.743735998458932
2017-12-03 13:00:00,etth1,HUFL,96,43,patchtst,2.7008355251683605
2017-12-03 14:00:00,etth1,HUFL,96,43,patchtst,2.656592904702885
2017-12-03 15:00:00,etth1,HUFL,96,43,patchtst,2.713263663133031
2017-12-03 16:00:00,etth1,HUFL,96,43,patchtst,2.6812521702059704
2017-12-03 17:00:00,etth1,HUFL,96,43,patchtst,2.577914950598242
2017-12-03 18:00:00,etth1,HUFL,96,43,patchtst,2.3701545597782663
2017-12-03 19:00:00,etth1,HUFL,96,43,patchtst,2.304432562528992
2017-12-03 20:00:00,etth1,HUFL,96,43,patchtst,2.4455606410546866
2017-12-03 21:00:00,etth1,HUFL,96,43,patchtst,2.47553113496738
2017-12-03 22:00:00,etth1,HUFL,96,43,patchtst,2.3137493973377707
2017-12-03 23:00:00,etth1,HUFL,96,43,patchtst,2.3440961089348353
2017-12-04 00:00:00,etth1,HUFL,96,43,patchtst,2.5093789565019455
2017-12-04 01:00:00,etth1,HUFL,96,43,patchtst,2.5764714562098447
2017-12-04 02:00:00,etth1,HUFL,96,43,patchtst,2.5366615184070525
2017-12-04 03:00:00,etth1,HUFL,96,43,patchtst,2.4286585554123965
2017-12-04 04:00:00,etth1,HUFL,96,43,patchtst,2.5046510781786258
2017-12-04 05:00:00,etth1,HUFL,96,43,patchtst,2.4689542186194084
2017-12-04 06:00:00,etth1,HUFL,96,43,patchtst,2.4512636222414934
2017-12-04 07:00:00,etth1,HUFL,96,43,patchtst,2.4166216842410804
2017-12-04 08:00:00,etth1,HUFL,96,43,patchtst,2.8285621011779205
2017-12-04 09:00:00,etth1,HUFL,96,43,patchtst,2.7950518174477534
2017-12-04 10:00:00,etth1,HUFL,96,43,patchtst,2.903227966785303
2017-12-04 11:00:00,etth1,HUFL,96,43,patchtst,2.8325150208384478
2017-12-04 12:00:00,etth1,HUFL,96,43,patchtst,2.915884364923558
2017-12-04 13:00:00,etth1,HUFL,96,43,patchtst,2.8743225092001334
2017-12-04 14:00:00,etth1,HUFL,96,43,patchtst,2.699182526475942
2017-12-04 15:00:00,etth1,HUFL,96,43,patchtst,2.5724163553635195
2017-12-04 16:00:00,etth1,HUFL,96,43,patchtst,2.7914968191384566
2017-12-04 17:00:00,etth1,HUFL,96,43,patchtst,2.8396284925491586
2017-12-04 18:00:00,etth1,HUFL,96,43,patchtst,2.6054096969595895
2017-12-04 19:00:00,etth1,HUFL,96,43,patchtst,2.6211946516252174
2017-12-04 20:00:00,etth1,HUFL,96,43,patchtst,2.687917033264114
2017-12-04 21:00:00,etth1,HUFL,96,43,patchtst,2.7423828296303228
2017-12-04 22:00:00,etth1,HUFL,96,43,patchtst,2.67552882145784
2017-12-04 23:00:00,etth1,HUFL,96,43,patchtst,2.661397228033716
2017-12-05 00:00:00,etth1,HUFL,96,43,patchtst,2.747340034287916
2017-12-05 01:00:00,etth1,HUFL,96,43,patchtst,2.8102445324255
2017-12-05 02:00:00,etth1,HUFL,96,43,patchtst,2.729679940581511
2017-12-05 03:00:00,etth1,HUFL,96,43,patchtst,2.581919783411553
2017-12-05 04:00:00,etth1,HUFL,96,43,patchtst,2.67348234059371
2017-12-05 05:00:00,etth1,HUFL,96,43,patchtst,2.736498514437054
2017-12-05 06:00:00,etth1,HUFL,96,43,patchtst,2.7812908519121096
2017-12-05 07:00:00,etth1,HUFL,96,43,patchtst,2.941110388208249
2017-12-05 08:00:00,etth1,HUFL,96,43,patchtst,3.1612704171019153
2017-12-05 09:00:00,etth1,HUFL,96,43,patchtst,3.0154840884294765
2017-12-05 10:00:00,etth1,HUFL,96,43,patchtst,2.7822486484203424
2017-12-05 11:00:00,etth1,HUFL,96,43,patchtst,2.3243166122147643
2017-12-05 12:00:00,etth1,HUFL,96,43,patchtst,2.4400083103434422
2017-12-05 13:00:00,etth1,HUFL,96,43,patchtst,2.521443714185747
2017-12-05 14:00:00,etth1,HUFL,96,43,patchtst,2.522647865564471
2017-12-05 15:00:00,etth1,HUFL,96,43,patchtst,2.54850896597573
2017-12-05 16:00:00,etth1,HUFL,96,43,patchtst,2.65488446429513
2017-12-05 17:00:00,etth1,HUFL,96,43,patchtst,2.8782142939165953
2017-12-05 18:00:00,etth1,HUFL,96,43,patchtst,2.73564244832612
2017-12-05 19:00:00,etth1,HUFL,96,43,patchtst,2.8149766524090025
2017-12-05 20:00:00,etth1,HUFL,96,43,patchtst,3.0034160607750002
2017-12-05 21:00:00,etth1,HUFL,96,43,patchtst,2.8883544251232713
2017-12-05 22:00:00,etth1,HUFL,96,43,patchtst,2.7362987931783276
2017-12-05 23:00:00,etth1,HUFL,96,43,patchtst,2.8408809048442136
2017-12-06 00:00:00,etth1,HUFL,96,43,patchtst,3.0249986283503234
2017-12-06 01:00:00,etth1,HUFL,96,43,patchtst,2.972438492303224
2017-12-06 02:00:00,etth1,HUFL,96,43,patchtst,2.789829962185156
2017-12-06 03:00:00,etth1,HUFL,96,43,patchtst,2.7149809540414935
2017-12-06 04:00:00,etth1,HUFL,96,43,patchtst,2.853187011725788
2017-12-06 05:00:00,etth1,HUFL,96,43,patchtst,2.688451741378325
2017-12-06 06:00:00,etth1,HUFL,96,43,patchtst,2.5903148193903456
2017-12-06 07:00:00,etth1,HUFL,96,43,patchtst,2.641375040113959
2017-12-06 08:00:00,etth1,HUFL,96,43,patchtst,2.8893575450310536
2017-12-06 09:00:00,etth1,HUFL,96,43,patchtst,2.85117148153512
2017-12-06 10:00:00,etth1,HUFL,96,43,patchtst,2.9941633769842553
2017-12-06 11:00:00,etth1,HUFL,96,43,patchtst,2.173885951515042
2017-12-06 12:00:00,etth1,HUFL,96,43,patchtst,2.1297291422544804
2017-12-06 13:00:00,etth1,HUFL,96,43,patchtst,2.267341434224971
2017-12-06 14:00:00,etth1,HUFL,96,43,patchtst,2.4729896806453304
2017-12-06 15:00:00,etth1,HUFL,96,43,patchtst,2.2008920370627325
2017-12-06 16:00:00,etth1,HUFL,96,43,patchtst,2.2103355461950183
2017-12-06 17:00:00,etth1,HUFL,96,43,patchtst,2.355357866866998
2017-12-06 18:00:00,etth1,HUFL,96,43,patchtst,2.189558181216151
2017-12-06 19:00:00,etth1,HUFL,96,43,patchtst,2.2441945873405333
2017-12-06 20:00:00,etth1,HUFL,96,43,patchtst,2.304501551323975
2017-12-06 21:00:00,etth1,HUFL,96,43,patchtst,2.3330723578002863
2017-12-06 22:00:00,etth1,HUFL,96,43,patchtst,2.202875908713851
2017-12-06 23:00:00,etth1,HUFL,96,43,patchtst,2.224568050992183
2017-12-07 00:00:00,etth1,HUFL,96,43,patchtst,2.297928709776483
2017-12-07 01:00:00,etth1,HUFL,96,43,patchtst,2.644204658646871
2017-12-07 02:00:00,etth1,HUFL,96,43,patchtst,2.4329769752987502
2017-12-07 03:00:00,etth1,HUFL,96,43,patchtst,2.4731637922490552
2017-12-07 04:00:00,etth1,HUFL,96,43,patchtst,2.483341337318143
2017-12-07 05:00:00,etth1,HUFL,96,43,patchtst,2.5557902093207026
2017-12-07 06:00:00,etth1,HUFL,96,43,patchtst,2.524846450959536
2017-12-07 07:00:00,etth1,HUFL,96,43,patchtst,2.464372787456232
2017-12-07 08:00:00,etth1,HUFL,96,43,patchtst,2.5782325152527767
2017-12-07 09:00:00,etth1,HUFL,96,43,patchtst,2.4605984069100226
2017-12-07 10:00:00,etth1,HUFL,96,43,patchtst,2.5377109218665876
2017-12-07 11:00:00,etth1,HUFL,96,43,patchtst,2.6574438321190326
2017-12-07 12:00:00,etth1,HUFL,96,43,patchtst,2.6687965917939906
2017-12-07 13:00:00,etth1,HUFL,96,43,patchtst,2.6942732581740985
2017-12-07 14:00:00,etth1,HUFL,96,43,patchtst,2.6357925180539103
2017-12-07 15:00:00,etth1,HUFL,96,43,patchtst,2.565570516351462
2017-12-07 16:00:00,etth1,HUFL,96,43,patchtst,2.496328750641791
2017-12-07 17:00:00,etth1,HUFL,96,43,patchtst,2.610413047818604
2017-12-07 18:00:00,etth1,HUFL,96,43,patchtst,2.561526600600541
2017-12-07 19:00:00,etth1,HUFL,96,43,patchtst,2.5681697139492115
2017-12-07 20:00:00,etth1,HUFL,96,43,patchtst,2.4897234819612963
2017-12-07 21:00:00,etth1,HUFL,96,43,patchtst,2.5656221164569244
2017-12-07 22:00:00,etth1,HUFL,96,43,patchtst,2.507116828940275
2017-12-07 23:00:00,etth1,HUFL,96,43,patchtst,2.4562420814121926
2017-12-08 00:00:00,etth1,HUFL,96,43,patchtst,2.427482905677023
2017-12-08 01:00:00,etth1,HUFL,96,43,patchtst,2.3736374799215474
2017-12-08 02:00:00,etth1,HUFL,96,43,patchtst,2.385075021953544
2017-12-08 03:00:00,etth1,HUFL,96,43,patchtst,2.5446585985324326
2017-12-08 04:00:00,etth1,HUFL,96,43,patchtst,2.4075296523682104
2017-12-08 05:00:00,etth1,HUFL,96,43,patchtst,2.423409205823899
2017-12-08 06:00:00,etth1,HUFL,96,43,patchtst,2.5094012516437605
2017-12-08 07:00:00,etth1,HUFL,96,43,patchtst,2.802001314289862
2017-12-08 08:00:00,etth1,HUFL,96,43,patchtst,3.022575462163278
2017-12-08 09:00:00,etth1,HUFL,96,43,patchtst,2.5845823003284125
2017-12-08 10:00:00,etth1,HUFL,96,43,patchtst,2.584626488552983
2017-12-08 11:00:00,etth1,HUFL,96,43,patchtst,2.443604851410493
2017-12-08 12:00:00,etth1,HUFL,96,43,patchtst,2.2968801153692135
2017-12-08 13:00:00,etth1,HUFL,96,43,patchtst,2.386744198683917
2017-12-08 14:00:00,etth1,HUFL,96,43,patchtst,2.428993017690859
2017-12-08 15:00:00,etth1,HUFL,96,43,patchtst,2.3121267656403894
2017-12-08 16:00:00,etth1,HUFL,96,43,patchtst,2.388922708721055
2017-12-08 17:00:00,etth1,HUFL,96,43,patchtst,2.5388989075932455
2017-12-08 18:00:00,etth1,HUFL,96,43,patchtst,2.3200741892211774
2017-12-08 19:00:00,etth1,HUFL,96,43,patchtst,2.2465702928263793
2017-12-08 20:00:00,etth1,HUFL,96,43,patchtst,2.2868616788966882
2017-12-08 21:00:00,etth1,HUFL,96,43,patchtst,2.358442549868274
2017-12-08 22:00:00,etth1,HUFL,96,43,patchtst,2.311938387474013
2017-12-08 23:00:00,etth1,HUFL,96,43,patchtst,2.494757407096689
2017-12-09 00:00:00,etth1,HUFL,96,43,patchtst,2.3855614052652423
2017-12-09 01:00:00,etth1,HUFL,96,43,patchtst,2.4167085596734728
2017-12-09 02:00:00,etth1,HUFL,96,43,patchtst,2.2357201428264197
2017-12-09 03:00:00,etth1,HUFL,96,43,patchtst,2.187157816815567
2017-12-09 04:00:00,etth1,HUFL,96,43,patchtst,2.3107250354863256
2017-12-09 05:00:00,etth1,HUFL,96,43,patchtst,2.384256861064715
2017-12-09 06:00:00,etth1,HUFL,96,43,patchtst,2.3635524807640116
2017-12-09 07:00:00,etth1,HUFL,96,43,patchtst,2.662897534371566
2017-12-09 08:00:00,etth1,HUFL,96,43,patchtst,2.8507162606924936
2017-12-09 09:00:00,etth1,HUFL,96,43,patchtst,2.5500261722209885
2017-12-09 10:00:00,etth1,HUFL,96,43,patchtst,2.3753363540189625
2017-12-09 11:00:00,etth1,HUFL,96,43,patchtst,2.337770384639368
2017-12-09 12:00:00,etth1,HUFL,96,43,patchtst,3.053861254330837
2017-12-09 13:00:00,etth1,HUFL,96,43,patchtst,2.5246741901179823
2017-12-09 14:00:00,etth1,HUFL,96,43,patchtst,2.590149562735476
2017-12-09 15:00:00,etth1,HUFL,96,43,patchtst,2.6926774974852017
2017-12-09 16:00:00,etth1,HUFL,96,43,patchtst,2.9483492709357955
2017-12-09 17:00:00,etth1,HUFL,96,43,patchtst,2.9705248540355336
2017-12-09 18:00:00,etth1,HUFL,96,43,patchtst,2.6187642204674435
2017-12-09 19:00:00,etth1,HUFL,96,43,patchtst,2.6093641980162157
2017-12-09 20:00:00,etth1,HUFL,96,43,patchtst,2.6800375857337695
2017-12-09 21:00:00,etth1,HUFL,96,43,patchtst,2.8209297790073684
2017-12-09 22:00:00,etth1,HUFL,96,43,patchtst,2.8677752717662393
2017-12-09 23:00:00,etth1,HUFL,96,43,patchtst,3.0253200496527284
2017-12-10 00:00:00,etth1,HUFL,96,43,patchtst,3.044163444329824
2017-12-10 01:00:00,etth1,HUFL,96,43,patchtst,3.104196910552689
2017-12-10 02:00:00,etth1,HUFL,96,43,patchtst,2.8386087133993683
2017-12-10 03:00:00,etth1,HUFL,96,43,patchtst,2.7100693272389194
2017-12-10 04:00:00,etth1,HUFL,96,43,patchtst,2.9355252659631788
2017-12-10 05:00:00,etth1,HUFL,96,43,patchtst,3.009166264311407
2017-12-10 06:00:00,etth1,HUFL,96,43,patchtst,2.9073636468060955
2017-12-10 07:00:00,etth1,HUFL,96,43,patchtst,3.401548418892324
2017-12-10 08:00:00,etth1,HUFL,96,43,patchtst,3.664180305627848
2017-12-10 09:00:00,etth1,HUFL,96,43,patchtst,3.1369634370466053
2017-12-10 10:00:00,etth1,HUFL,96,43,patchtst,3.3437137962286383
2017-12-10 11:00:00,etth1,HUFL,96,43,patchtst,3.1016301061359677
2017-12-10 12:00:00,etth1,HUFL,96,43,patchtst,3.274663500555951
2017-12-10 13:00:00,etth1,HUFL,96,43,patchtst,3.4066542480487527
2017-12-10 14:00:00,etth1,HUFL,96,43,patchtst,3.4812888598306437
2017-12-10 15:00:00,etth1,HUFL,96,43,patchtst,3.7688403088813374
2017-12-10 16:00:00,etth1,HUFL,96,43,patchtst,4.3661613513494695
2017-12-10 17:00:00,etth1,HUFL,96,43,patchtst,4.37226359819704
2017-12-10 18:00:00,etth1,HUFL,96,43,patchtst,3.8137594120719336
2017-12-10 19:00:00,etth1,HUFL,96,43,patchtst,3.8837469856231603
2017-12-10 20:00:00,etth1,HUFL,96,43,patchtst,4.05580155152002
2017-12-10 21:00:00,etth1,HUFL,96,43,patchtst,3.9042291326623393
2017-12-10 22:00:00,etth1,HUFL,96,43,patchtst,3.775450810734558
2017-12-10 23:00:00,etth1,HUFL,96,43,patchtst,3.937618022696483
2017-12-11 00:00:00,etth1,HUFL,96,43,patchtst,4.08091931409137
2017-12-11 01:00:00,etth1,HUFL,96,43,patchtst,3.9580750014304997
2017-12-11 02:00:00,etth1,HUFL,96,43,patchtst,3.5740515588945883
2017-12-11 03:00:00,etth1,HUFL,96,43,patchtst,3.5723527120811176
2017-12-11 04:00:00,etth1,HUFL,96,43,patchtst,3.685634507635964
2017-12-11 05:00:00,etth1,HUFL,96,43,patchtst,3.5845771474100445
2017-12-11 06:00:00,etth1,HUFL,96,43,patchtst,3.2513653860955567
2017-12-11 07:00:00,etth1,HUFL,96,43,patchtst,3.5081257906817283
2017-12-11 08:00:00,etth1,HUFL,96,43,patchtst,3.7927832487927753
2017-12-11 09:00:00,etth1,HUFL,96,43,patchtst,3.44953811871709
2017-12-11 10:00:00,etth1,HUFL,96,43,patchtst,3.2909639906199053
2017-12-11 11:00:00,etth1,HUFL,96,43,patchtst,3.477231992016794
2017-12-11 12:00:00,etth1,HUFL,96,43,patchtst,3.880790280155369
2017-12-11 13:00:00,etth1,HUFL,96,43,patchtst,4.123362195535722
2017-12-11 14:00:00,etth1,HUFL,96,43,patchtst,4.37168800749289
2017-12-11 15:00:00,etth1,HUFL,96,43,patchtst,4.538893853271374
2017-12-11 16:00:00,etth1,HUFL,96,43,patchtst,4.879001775417659
2017-12-11 17:00:00,etth1,HUFL,96,43,patchtst,4.82413458316173
2017-12-11 18:00:00,etth1,HUFL,96,43,patchtst,4.331260448049331
2017-12-11 19:00:00,etth1,HUFL,96,43,patchtst,4.484152982389823
2017-12-11 20:00:00,etth1,HUFL,96,43,patchtst,4.709356822818614
2017-12-11 21:00:00,etth1,HUFL,96,43,patchtst,4.65374589266839
2017-12-11 22:00:00,etth1,HUFL,96,43,patchtst,4.478098110340556
2017-12-11 23:00:00,etth1,HUFL,96,43,patchtst,4.712854643766218
2017-12-12 00:00:00,etth1,HUFL,96,43,patchtst,5.01008214670981
2017-12-12 01:00:00,etth1,HUFL,96,43,patchtst,4.930213271189641
2017-12-12 02:00:00,etth1,HUFL,96,43,patchtst,4.670151582584077
2017-12-12 03:00:00,etth1,HUFL,96,43,patchtst,4.735242894282216
2017-12-12 04:00:00,etth1,HUFL,96,43,patchtst,4.892098401875101
2017-12-12 05:00:00,etth1,HUFL,96,43,patchtst,4.667063988575706
2017-12-12 06:00:00,etth1,HUFL,96,43,patchtst,4.374225488003198
2017-12-12 07:00:00,etth1,HUFL,96,43,patchtst,4.157759871116609
2017-12-12 08:00:00,etth1,HUFL,96,43,patchtst,4.438765131722923
2017-12-12 09:00:00,etth1,HUFL,96,43,patchtst,4.266185181306517
2017-12-12 10:00:00,etth1,HUFL,96,43,patchtst,4.219510914624865
2017-12-12 11:00:00,etth1,HUFL,96,43,patchtst,4.113598149195427
2017-12-12 12:00:00,etth1,HUFL,96,43,patchtst,4.4599567176268105
2017-12-12 13:00:00,etth1,HUFL,96,43,patchtst,4.3485658851971865
2017-12-12 14:00:00,etth1,HUFL,96,43,patchtst,4.3982222031671325
2017-12-12 15:00:00,etth1,HUFL,96,43,patchtst,4.723604923228219
2017-12-12 16:00:00,etth1,HUFL,96,43,patchtst,5.064321780367636
2017-12-12 17:00:00,etth1,HUFL,96,43,patchtst,4.884823733625114
2017-12-12 18:00:00,etth1,HUFL,96,43,patchtst,4.605573838618384
2017-12-12 19:00:00,etth1,HUFL,96,43,patchtst,4.723391171937462
2017-12-12 20:00:00,etth1,HUFL,96,43,patchtst,4.9777862786324425
2017-12-12 21:00:00,etth1,HUFL,96,43,patchtst,4.881989297291219
2017-12-12 22:00:00,etth1,HUFL,96,43,patchtst,4.709236654198382
2017-12-12 23:00:00,etth1,HUFL,96,43,patchtst,4.753010024251705
2017-12-13 00:00:00,etth1,HUFL,96,43,patchtst,5.1505518736438605
2017-12-13 01:00:00,etth1,HUFL,96,43,patchtst,5.101691171715809
2017-12-13 02:00:00,etth1,HUFL,96,43,patchtst,4.842352188036775
2017-12-13 03:00:00,etth1,HUFL,96,43,patchtst,4.854702036721459
2017-12-13 04:00:00,etth1,HUFL,96,43,patchtst,4.918690060439664
2017-12-13 05:00:00,etth1,HUFL,96,43,patchtst,4.932746333137742
2017-12-13 06:00:00,etth1,HUFL,96,43,patchtst,4.450250105198541
2017-12-13 07:00:00,etth1,HUFL,96,43,patchtst,4.5095126552475655
2017-12-13 08:00:00,etth1,HUFL,96,43,patchtst,4.700582514504755
2017-12-13 09:00:00,etth1,HUFL,96,43,patchtst,4.127071980398067
2017-12-13 10:00:00,etth1,HUFL,96,43,patchtst,3.5435309081204465
2017-12-13 11:00:00,etth1,HUFL,96,43,patchtst,3.5603828979574037
2017-12-13 12:00:00,etth1,HUFL,96,43,patchtst,3.6439230696984937
2017-12-13 13:00:00,etth1,HUFL,96,43,patchtst,3.658933746755045
2017-12-13 14:00:00,etth1,HUFL,96,43,patchtst,3.588419946273458
2017-12-13 15:00:00,etth1,HUFL,96,43,patchtst,3.6567600569073924
2017-12-13 16:00:00,etth1,HUFL,96,43,patchtst,3.9132912121923975
2017-12-13 17:00:00,etth1,HUFL,96,43,patchtst,3.8903983607336343
2017-12-13 18:00:00,etth1,HUFL,96,43,patchtst,3.6813262510292852
2017-12-13 19:00:00,etth1,HUFL,96,43,patchtst,3.810965098786969
2017-12-13 20:00:00,etth1,HUFL,96,43,patchtst,3.939878153251558
2017-12-13 21:00:00,etth1,HUFL,96,43,patchtst,3.9271416987766643
2017-12-13 22:00:00,etth1,HUFL,96,43,patchtst,3.976126555103164
2017-12-13 23:00:00,etth1,HUFL,96,43,patchtst,4.16899441308289
2017-12-14 00:00:00,etth1,HUFL,96,43,patchtst,4.147147403459449
2017-12-14 01:00:00,etth1,HUFL,96,43,patchtst,4.0097873427630235
2017-12-14 02:00:00,etth1,HUFL,96,43,patchtst,3.901600090922388
2017-12-14 03:00:00,etth1,HUFL,96,43,patchtst,3.9512874329563736
2017-12-14 04:00:00,etth1,HUFL,96,43,patchtst,3.906968599050835
2017-12-14 05:00:00,etth1,HUFL,96,43,patchtst,3.868513369138229
2017-12-14 06:00:00,etth1,HUFL,96,43,patchtst,3.7810427261073696
2017-12-14 07:00:00,etth1,HUFL,96,43,patchtst,3.600176431342659
2017-12-14 08:00:00,etth1,HUFL,96,43,patchtst,3.6855494004273446
2017-12-14 09:00:00,etth1,HUFL,96,43,patchtst,3.3230818857251188
2017-12-14 10:00:00,etth1,HUFL,96,43,patchtst,2.9652609710894406
2017-12-14 11:00:00,etth1,HUFL,96,43,patchtst,3.015108639846836
2017-12-14 12:00:00,etth1,HUFL,96,43,patchtst,3.001529806777581
2017-12-14 13:00:00,etth1,HUFL,96,43,patchtst,3.0183125623756815
2017-12-14 14:00:00,etth1,HUFL,96,43,patchtst,3.1150333633410026
2017-12-14 15:00:00,etth1,HUFL,96,43,patchtst,3.197133596250674
2017-12-14 16:00:00,etth1,HUFL,96,43,patchtst,3.293910144409135
2017-12-14 17:00:00,etth1,HUFL,96,43,patchtst,3.2424537405352134
2017-12-14 18:00:00,etth1,HUFL,96,43,patchtst,3.271977618553246
2017-12-14 19:00:00,etth1,HUFL,96,43,patchtst,3.4671714017756727
2017-12-14 20:00:00,etth1,HUFL,96,43,patchtst,3.458284824581456
2017-12-14 21:00:00,etth1,HUFL,96,43,patchtst,3.511850517512912
2017-12-14 22:00:00,etth1,HUFL,96,43,patchtst,3.5229924741204086
2017-12-14 23:00:00,etth1,HUFL,96,43,patchtst,3.4734156058663417
2017-12-15 00:00:00,etth1,HUFL,96,43,patchtst,3.4406447502920687
2017-12-15 01:00:00,etth1,HUFL,96,43,patchtst,3.4952055792638035
2017-12-15 02:00:00,etth1,HUFL,96,43,patchtst,3.5385140286881973
2017-12-15 03:00:00,etth1,HUFL,96,43,patchtst,3.615858168110627
2017-12-15 04:00:00,etth1,HUFL,96,43,patchtst,3.502218162374415
2017-12-15 05:00:00,etth1,HUFL,96,43,patchtst,3.5215595589463007
2017-12-15 06:00:00,etth1,HUFL,96,43,patchtst,3.599899441895347
2017-12-15 07:00:00,etth1,HUFL,96,43,patchtst,3.529511717199456
2017-12-15 08:00:00,etth1,HUFL,96,43,patchtst,3.63909955257358
2017-12-15 09:00:00,etth1,HUFL,96,43,patchtst,3.3503277254422756
2017-12-15 10:00:00,etth1,HUFL,96,43,patchtst,3.219233437420249
2017-12-15 11:00:00,etth1,HUFL,96,43,patchtst,3.1747105407828653
2017-12-15 12:00:00,etth1,HUFL,96,43,patchtst,3.182880201161692
2017-12-15 13:00:00,etth1,HUFL,96,43,patchtst,3.2619443449701726
2017-12-15 14:00:00,etth1,HUFL,96,43,patchtst,3.359657345380173
2017-12-15 15:00:00,etth1,HUFL,96,43,patchtst,3.3676858112466217
2017-12-15 16:00:00,etth1,HUFL,96,43,patchtst,3.3984775796378357
2017-12-15 17:00:00,etth1,HUFL,96,43,patchtst,3.5233102864012267
2017-12-15 18:00:00,etth1,HUFL,96,43,patchtst,3.534717188599187
2017-12-15 19:00:00,etth1,HUFL,96,43,patchtst,3.7281694716311136
2017-12-15 20:00:00,etth1,HUFL,96,43,patchtst,3.645927791060467
2017-12-15 21:00:00,etth1,HUFL,96,43,patchtst,3.7709986514924374
2017-12-15 22:00:00,etth1,HUFL,96,43,patchtst,3.7060698698174774
2017-12-15 23:00:00,etth1,HUFL,96,43,patchtst,3.662745630404983
2017-12-16 00:00:00,etth1,HUFL,96,43,patchtst,3.529033583093375
2017-12-16 01:00:00,etth1,HUFL,96,43,patchtst,3.7019584854174235
2017-12-16 02:00:00,etth1,HUFL,96,43,patchtst,3.684196637420731
2017-12-16 03:00:00,etth1,HUFL,96,43,patchtst,3.8665139562425774
2017-12-16 04:00:00,etth1,HUFL,96,43,patchtst,3.685320774486945
2017-12-16 05:00:00,etth1,HUFL,96,43,patchtst,3.84357716167847
2017-12-16 06:00:00,etth1,HUFL,96,43,patchtst,3.8208132357346174
2017-12-16 07:00:00,etth1,HUFL,96,43,patchtst,3.9024928959689515
2017-12-16 08:00:00,etth1,HUFL,96,43,patchtst,3.9056145599782988
2017-12-16 09:00:00,etth1,HUFL,96,43,patchtst,4.031718928447475
2017-12-16 10:00:00,etth1,HUFL,96,43,patchtst,4.141332262864013
2017-12-16 11:00:00,etth1,HUFL,96,43,patchtst,4.358858697545689
2017-12-16 12:00:00,etth1,HUFL,96,43,patchtst,4.263385639743288
2017-12-16 13:00:00,etth1,HUFL,96,43,patchtst,4.505532522440403
2017-12-16 14:00:00,etth1,HUFL,96,43,patchtst,4.5542234884595585
2017-12-16 15:00:00,etth1,HUFL,96,43,patchtst,4.555740422263278
2017-12-16 16:00:00,etth1,HUFL,96,43,patchtst,4.543427661359725
2017-12-16 17:00:00,etth1,HUFL,96,43,patchtst,4.598161041289963
2017-12-16 18:00:00,etth1,HUFL,96,43,patchtst,4.506591630935134
2017-12-16 19:00:00,etth1,HUFL,96,43,patchtst,4.599968739565555
2017-12-16 20:00:00,etth1,HUFL,96,43,patchtst,4.551141612327072
2017-12-16 21:00:00,etth1,HUFL,96,43,patchtst,4.6855460627481955
2017-12-16 22:00:00,etth1,HUFL,96,43,patchtst,4.777859563450471
2017-12-16 23:00:00,etth1,HUFL,96,43,patchtst,4.643780213346324
2017-12-17 00:00:00,etth1,HUFL,96,43,patchtst,4.458608630297654
2017-12-17 01:00:00,etth1,HUFL,96,43,patchtst,4.4684901313459795
2017-12-17 02:00:00,etth1,HUFL,96,43,patchtst,4.559065951080818
2017-12-17 03:00:00,etth1,HUFL,96,43,patchtst,4.805583078712158
2017-12-17 04:00:00,etth1,HUFL,96,43,patchtst,4.584329747901442
2017-12-17 05:00:00,etth1,HUFL,96,43,patchtst,4.6166029561182125
2017-12-17 06:00:00,etth1,HUFL,96,43,patchtst,4.645694185919667
2017-12-17 07:00:00,etth1,HUFL,96,43,patchtst,4.754974831074265
2017-12-17 08:00:00,etth1,HUFL,96,43,patchtst,4.665459147646083
2017-12-17 09:00:00,etth1,HUFL,96,43,patchtst,3.885677057915936
2017-12-17 10:00:00,etth1,HUFL,96,43,patchtst,3.819723555390014
2017-12-17 11:00:00,etth1,HUFL,96,43,patchtst,3.406712157511125
2017-12-17 12:00:00,etth1,HUFL,96,43,patchtst,3.1024454626536895
2017-12-17 13:00:00,etth1,HUFL,96,43,patchtst,3.0869547594558155
2017-12-17 14:00:00,etth1,HUFL,96,43,patchtst,3.027848248684181
2017-12-17 15:00:00,etth1,HUFL,96,43,patchtst,3.166895072984314
2017-12-17 16:00:00,etth1,HUFL,96,43,patchtst,3.1589826353819124
2017-12-17 17:00:00,etth1,HUFL,96,43,patchtst,3.1651617527296625
2017-12-17 18:00:00,etth1,HUFL,96,43,patchtst,3.0608169399825704
2017-12-17 19:00:00,etth1,HUFL,96,43,patchtst,3.1243059149595744
2017-12-17 20:00:00,etth1,HUFL,96,43,patchtst,3.083970873430701
2017-12-17 21:00:00,etth1,HUFL,96,43,patchtst,3.179460700554207
2017-12-17 22:00:00,etth1,HUFL,96,43,patchtst,3.328561735506332
2017-12-17 23:00:00,etth1,HUFL,96,43,patchtst,3.3065991260217764
2017-12-18 00:00:00,etth1,HUFL,96,43,patchtst,3.0106078381304626
2017-12-18 01:00:00,etth1,HUFL,96,43,patchtst,3.102019122405897
2017-12-18 02:00:00,etth1,HUFL,96,43,patchtst,3.1208068428678497
2017-12-18 03:00:00,etth1,HUFL,96,43,patchtst,3.222263468863646
2017-12-18 04:00:00,etth1,HUFL,96,43,patchtst,3.1693549695733956
2017-12-18 05:00:00,etth1,HUFL,96,43,patchtst,3.2879741305800416
2017-12-18 06:00:00,etth1,HUFL,96,43,patchtst,3.385617594879385
2017-12-18 07:00:00,etth1,HUFL,96,43,patchtst,3.6830448088676135
2017-12-18 08:00:00,etth1,HUFL,96,43,patchtst,3.746222298240234
2017-12-18 09:00:00,etth1,HUFL,96,43,patchtst,3.0319527156326287
2017-12-18 10:00:00,etth1,HUFL,96,43,patchtst,2.8143991777843986
2017-12-18 11:00:00,etth1,HUFL,96,43,patchtst,2.781941090031024
2017-12-18 12:00:00,etth1,HUFL,96,43,patchtst,2.5102015669726754
2017-12-18 13:00:00,etth1,HUFL,96,43,patchtst,2.5111133404135666
2017-12-18 14:00:00,etth1,HUFL,96,43,patchtst,2.3872946953970042
2017-12-18 15:00:00,etth1,HUFL,96,43,patchtst,2.5048866253788864
2017-12-18 16:00:00,etth1,HUFL,96,43,patchtst,2.4013637872414724
2017-12-18 17:00:00,etth1,HUFL,96,43,patchtst,2.49245101872614
2017-12-18 18:00:00,etth1,HUFL,96,43,patchtst,2.335969482999191
2017-12-18 19:00:00,etth1,HUFL,96,43,patchtst,2.4359553291540714
2017-12-18 20:00:00,etth1,HUFL,96,43,patchtst,2.284961490709725
2017-12-18 21:00:00,etth1,HUFL,96,43,patchtst,2.308420517046251
2017-12-18 22:00:00,etth1,HUFL,96,43,patchtst,2.4692253759659075
2017-12-18 23:00:00,etth1,HUFL,96,43,patchtst,2.3902539906105793
2017-12-19 00:00:00,etth1,HUFL,96,43,patchtst,2.1271100317489746
2017-12-19 01:00:00,etth1,HUFL,96,43,patchtst,2.104553810806992
2017-12-19 02:00:00,etth1,HUFL,96,43,patchtst,2.102157967854579
2017-12-19 03:00:00,etth1,HUFL,96,43,patchtst,2.2325085968213556
2017-12-19 04:00:00,etth1,HUFL,96,43,patchtst,2.3022278076862746
2017-12-19 05:00:00,etth1,HUFL,96,43,patchtst,2.381102974081759
2017-12-19 06:00:00,etth1,HUFL,96,43,patchtst,2.8429033054197763
2017-12-19 07:00:00,etth1,HUFL,96,43,patchtst,2.991511004668699
2017-12-19 08:00:00,etth1,HUFL,96,43,patchtst,2.7292026660354503
2017-12-19 09:00:00,etth1,HUFL,96,43,patchtst,2.6278737483090224
2017-12-19 10:00:00,etth1,HUFL,96,43,patchtst,2.551855226588419
2017-12-19 11:00:00,etth1,HUFL,96,43,patchtst,2.8690077045362457
2017-12-19 12:00:00,etth1,HUFL,96,43,patchtst,3.086217226088737
2017-12-19 13:00:00,etth1,HUFL,96,43,patchtst,3.234771575227662
2017-12-19 14:00:00,etth1,HUFL,96,43,patchtst,3.385069246144138
2017-12-19 15:00:00,etth1,HUFL,96,43,patchtst,3.115515167409113
2017-12-19 16:00:00,etth1,HUFL,96,43,patchtst,2.871880019322395
2017-12-19 17:00:00,etth1,HUFL,96,43,patchtst,2.709478202846904
2017-12-19 18:00:00,etth1,HUFL,96,43,patchtst,2.7171757224742303
2017-12-19 19:00:00,etth1,HUFL,96,43,patchtst,2.778715167761538
2017-12-19 20:00:00,etth1,HUFL,96,43,patchtst,2.6917436723902264
2017-12-19 21:00:00,etth1,HUFL,96,43,patchtst,2.7208771474368745
2017-12-19 22:00:00,etth1,HUFL,96,43,patchtst,2.770358549638015
2017-12-19 23:00:00,etth1,HUFL,96,43,patchtst,2.6822301307989846
2017-12-20 00:00:00,etth1,HUFL,96,43,patchtst,2.574640203589409
2017-12-20 01:00:00,etth1,HUFL,96,43,patchtst,2.7349650908885637
2017-12-20 02:00:00,etth1,HUFL,96,43,patchtst,2.814130758314463
2017-12-20 03:00:00,etth1,HUFL,96,43,patchtst,2.8881500235419395
2017-12-20 04:00:00,etth1,HUFL,96,43,patchtst,2.7568768083009743
2017-12-20 05:00:00,etth1,HUFL,96,43,patchtst,2.956223987913686
2017-12-20 06:00:00,etth1,HUFL,96,43,patchtst,3.1988711709859268
2017-12-20 07:00:00,etth1,HUFL,96,43,patchtst,3.0635986965751236
2017-12-20 08:00:00,etth1,HUFL,96,43,patchtst,2.851365569397643
2017-12-20 09:00:00,etth1,HUFL,96,43,patchtst,2.9487626096320363
2017-12-20 10:00:00,etth1,HUFL,96,43,patchtst,2.7011609754247594
2017-12-20 11:00:00,etth1,HUFL,96,43,patchtst,3.18635578984142
2017-12-20 12:00:00,etth1,HUFL,96,43,patchtst,3.6155989350436974
2017-12-20 13:00:00,etth1,HUFL,96,43,patchtst,3.5788955792714177
2017-12-20 14:00:00,etth1,HUFL,96,43,patchtst,3.5443139228233282
2017-12-20 15:00:00,etth1,HUFL,96,43,patchtst,3.2538683269948323
2017-12-20 16:00:00,etth1,HUFL,96,43,patchtst,2.9044195450014088
2017-12-20 17:00:00,etth1,HUFL,96,43,patchtst,2.669341182007367
2017-12-20 18:00:00,etth1,HUFL,96,43,patchtst,2.67039827912795
2017-12-20 19:00:00,etth1,HUFL,96,43,patchtst,2.7031126557644902
2017-12-20 20:00:00,etth1,HUFL,96,43,patchtst,2.6029989281370454
2017-12-20 21:00:00,etth1,HUFL,96,43,patchtst,2.49783455239629
2017-12-20 22:00:00,etth1,HUFL,96,43,patchtst,2.3663602629073233
2017-12-20 23:00:00,etth1,HUFL,96,43,patchtst,2.4007864463113626
2017-12-21 00:00:00,etth1,HUFL,96,43,patchtst,2.4969328667404906
2017-12-21 01:00:00,etth1,HUFL,96,43,patchtst,2.55910616686981
2017-12-21 02:00:00,etth1,HUFL,96,43,patchtst,2.5592378991960145
2017-12-21 03:00:00,etth1,HUFL,96,43,patchtst,2.5767384306412455
2017-12-21 04:00:00,etth1,HUFL,96,43,patchtst,2.5350439886729066
2017-12-21 05:00:00,etth1,HUFL,96,43,patchtst,2.657574139044629
2017-12-21 06:00:00,etth1,HUFL,96,43,patchtst,2.5262936043216833
2017-12-21 07:00:00,etth1,HUFL,96,43,patchtst,2.690082868015795
2017-12-21 08:00:00,etth1,HUFL,96,43,patchtst,2.8545329617012425
2017-12-21 09:00:00,etth1,HUFL,96,43,patchtst,2.8117874582873132
2017-12-21 10:00:00,etth1,HUFL,96,43,patchtst,2.6261679568941294
2017-12-21 11:00:00,etth1,HUFL,96,43,patchtst,2.8128784921796375
2017-12-21 12:00:00,etth1,HUFL,96,43,patchtst,3.176619217109471
2017-12-21 13:00:00,etth1,HUFL,96,43,patchtst,3.270243309685401
2017-12-21 14:00:00,etth1,HUFL,96,43,patchtst,3.2494354475878353
2017-12-21 15:00:00,etth1,HUFL,96,43,patchtst,2.9897094529578276
2017-12-21 16:00:00,etth1,HUFL,96,43,patchtst,2.8374703058224426
2017-12-21 17:00:00,etth1,HUFL,96,43,patchtst,2.850124436994598
2017-12-21 18:00:00,etth1,HUFL,96,43,patchtst,2.7693685596090156
2017-12-21 19:00:00,etth1,HUFL,96,43,patchtst,2.7714533265543744
2017-12-21 20:00:00,etth1,HUFL,96,43,patchtst,2.7333045528428346
2017-12-21 21:00:00,etth1,HUFL,96,43,patchtst,2.7083440539042205
2017-12-21 22:00:00,etth1,HUFL,96,43,patchtst,2.766719410351843
2017-12-21 23:00:00,etth1,HUFL,96,43,patchtst,2.8301991533178694
2017-12-22 00:00:00,etth1,HUFL,96,43,patchtst,2.9351233022569105
2017-12-22 01:00:00,etth1,HUFL,96,43,patchtst,3.002629710831871
2017-12-22 02:00:00,etth1,HUFL,96,43,patchtst,2.888859917003425
2017-12-22 03:00:00,etth1,HUFL,96,43,patchtst,2.846376792923506
2017-12-22 04:00:00,etth1,HUFL,96,43,patchtst,2.7728134639132893
2017-12-22 05:00:00,etth1,HUFL,96,43,patchtst,2.6439405848151853
2017-12-22 06:00:00,etth1,HUFL,96,43,patchtst,2.704056278281927
2017-12-22 07:00:00,etth1,HUFL,96,43,patchtst,2.7472927678577226
2017-12-22 08:00:00,etth1,HUFL,96,43,patchtst,2.994448516948321
2017-12-22 09:00:00,etth1,HUFL,96,43,patchtst,2.9491011534512785
2017-12-22 10:00:00,etth1,HUFL,96,43,patchtst,2.929103744206395
2017-12-22 11:00:00,etth1,HUFL,96,43,patchtst,3.1780672750746892
2017-12-22 12:00:00,etth1,HUFL,96,43,patchtst,3.35277412218446
2017-12-22 13:00:00,etth1,HUFL,96,43,patchtst,3.2274430117624333
2017-12-22 14:00:00,etth1,HUFL,96,43,patchtst,3.337154459027866
2017-12-22 15:00:00,etth1,HUFL,96,43,patchtst,3.3246712944923007
2017-12-22 16:00:00,etth1,HUFL,96,43,patchtst,3.1291852105035347
2017-12-22 17:00:00,etth1,HUFL,96,43,patchtst,3.1329657451859503
2017-12-22 18:00:00,etth1,HUFL,96,43,patchtst,3.0179973163429583
2017-12-22 19:00:00,etth1,HUFL,96,43,patchtst,2.9530646803113823
2017-12-22 20:00:00,etth1,HUFL,96,43,patchtst,2.9128264523346346
2017-12-22 21:00:00,etth1,HUFL,96,43,patchtst,2.7842986732570254
2017-12-22 22:00:00,etth1,HUFL,96,43,patchtst,2.8023176380806114
2017-12-22 23:00:00,etth1,HUFL,96,43,patchtst,2.766628250995511
2017-12-23 00:00:00,etth1,HUFL,96,43,patchtst,2.9137337410420017
2017-12-23 01:00:00,etth1,HUFL,96,43,patchtst,3.0628966377552618
2017-12-23 02:00:00,etth1,HUFL,96,43,patchtst,2.8863592986074806
2017-12-23 03:00:00,etth1,HUFL,96,43,patchtst,2.8013709947270535
2017-12-23 04:00:00,etth1,HUFL,96,43,patchtst,2.840671241870563
2017-12-23 05:00:00,etth1,HUFL,96,43,patchtst,2.822023320411668
2017-12-23 06:00:00,etth1,HUFL,96,43,patchtst,2.6292752754941002
2017-12-23 07:00:00,etth1,HUFL,96,43,patchtst,2.751213944613531
2017-12-23 08:00:00,etth1,HUFL,96,43,patchtst,2.506122116602309
2017-12-23 09:00:00,etth1,HUFL,96,43,patchtst,2.0315987287406685
2017-12-23 10:00:00,etth1,HUFL,96,43,patchtst,1.9323508137112153
2017-12-23 11:00:00,etth1,HUFL,96,43,patchtst,1.9611058276463271
2017-12-23 12:00:00,etth1,HUFL,96,43,patchtst,2.1454857446628233
2017-12-23 13:00:00,etth1,HUFL,96,43,patchtst,2.280243013672081
2017-12-23 14:00:00,etth1,HUFL,96,43,patchtst,2.358529829802356
2017-12-23 15:00:00,etth1,HUFL,96,43,patchtst,2.3800025978459867
2017-12-23 16:00:00,etth1,HUFL,96,43,patchtst,2.0729609236594926
2017-12-23 17:00:00,etth1,HUFL,96,43,patchtst,1.942978811517345
2017-12-23 18:00:00,etth1,HUFL,96,43,patchtst,1.8803042154521095
2017-12-23 19:00:00,etth1,HUFL,96,43,patchtst,1.8894828887869464
2017-12-23 20:00:00,etth1,HUFL,96,43,patchtst,1.9937948516138715
2017-12-23 21:00:00,etth1,HUFL,96,43,patchtst,2.067362331159832
2017-12-23 22:00:00,etth1,HUFL,96,43,patchtst,2.05975342205117
2017-12-23 23:00:00,etth1,HUFL,96,43,patchtst,2.0860251455066767
2017-12-24 00:00:00,etth1,HUFL,96,43,patchtst,2.1226784109205483
2017-12-24 01:00:00,etth1,HUFL,96,43,patchtst,2.0511277943399358
2017-12-24 02:00:00,etth1,HUFL,96,43,patchtst,1.9226834301565023
2017-12-24 03:00:00,etth1,HUFL,96,43,patchtst,1.9201057939910022
2017-12-24 04:00:00,etth1,HUFL,96,43,patchtst,1.9201683416992195
2017-12-24 05:00:00,etth1,HUFL,96,43,patchtst,1.9393430298256866
2017-12-24 06:00:00,etth1,HUFL,96,43,patchtst,1.9401189946397708
2017-12-24 07:00:00,etth1,HUFL,96,43,patchtst,2.132939609383057
2017-12-24 08:00:00,etth1,HUFL,96,43,patchtst,2.4170803027620176
2017-12-24 09:00:00,etth1,HUFL,96,43,patchtst,2.1232765140878254
2017-12-24 10:00:00,etth1,HUFL,96,43,patchtst,2.1084688628070913
2017-12-24 11:00:00,etth1,HUFL,96,43,patchtst,2.4466811960571246
2017-12-24 12:00:00,etth1,HUFL,96,43,patchtst,2.981976020895066
2017-12-24 13:00:00,etth1,HUFL,96,43,patchtst,3.0922085150010212
2017-12-24 14:00:00,etth1,HUFL,96,43,patchtst,3.0096488292228982
2017-12-24 15:00:00,etth1,HUFL,96,43,patchtst,2.920973499201081
2017-12-24 16:00:00,etth1,HUFL,96,43,patchtst,3.179648225778674
2017-12-24 17:00:00,etth1,HUFL,96,43,patchtst,3.2708947792018606
2017-12-24 18:00:00,etth1,HUFL,96,43,patchtst,2.848492397205375
2017-12-24 19:00:00,etth1,HUFL,96,43,patchtst,2.7452647030475408
2017-12-24 20:00:00,etth1,HUFL,96,43,patchtst,2.7621878359482515
2017-12-24 21:00:00,etth1,HUFL,96,43,patchtst,2.834215147458939
2017-12-24 22:00:00,etth1,HUFL,96,43,patchtst,2.649639540537336
2017-12-24 23:00:00,etth1,HUFL,96,43,patchtst,2.7107584458521665
2017-12-25 00:00:00,etth1,HUFL,96,43,patchtst,2.916563216438371
2017-12-25 01:00:00,etth1,HUFL,96,43,patchtst,2.8354358237664132
2017-12-25 02:00:00,etth1,HUFL,96,43,patchtst,2.645313388231548
2017-12-25 03:00:00,etth1,HUFL,96,43,patchtst,2.494517800524726
2017-12-25 04:00:00,etth1,HUFL,96,43,patchtst,2.5941870158746134
2017-12-25 05:00:00,etth1,HUFL,96,43,patchtst,2.531587181116429
2017-12-25 06:00:00,etth1,HUFL,96,43,patchtst,2.481205119073155
2017-12-25 07:00:00,etth1,HUFL,96,43,patchtst,2.6231283462941333
2017-12-25 08:00:00,etth1,HUFL,96,43,patchtst,2.836758993657234
2017-12-25 09:00:00,etth1,HUFL,96,43,patchtst,2.6416075074603405
2017-12-25 10:00:00,etth1,HUFL,96,43,patchtst,2.761405585350738
2017-12-25 11:00:00,etth1,HUFL,96,43,patchtst,2.910775873219931
2017-12-25 12:00:00,etth1,HUFL,96,43,patchtst,3.3567971860329586
2017-12-25 13:00:00,etth1,HUFL,96,43,patchtst,3.5426981415978394
2017-12-25 14:00:00,etth1,HUFL,96,43,patchtst,3.6695506898537906
2017-12-25 15:00:00,etth1,HUFL,96,43,patchtst,3.6055952296296367
2017-12-25 16:00:00,etth1,HUFL,96,43,patchtst,3.6199492417611636
2017-12-25 17:00:00,etth1,HUFL,96,43,patchtst,3.6452579315753133
2017-12-25 18:00:00,etth1,HUFL,96,43,patchtst,3.3873267704218706
2017-12-25 19:00:00,etth1,HUFL,96,43,patchtst,3.464329062604289
2017-12-25 20:00:00,etth1,HUFL,96,43,patchtst,3.5315496533155084
2017-12-25 21:00:00,etth1,HUFL,96,43,patchtst,3.360859220003178
2017-12-25 22:00:00,etth1,HUFL,96,43,patchtst,3.267966082485078
2017-12-25 23:00:00,etth1,HUFL,96,43,patchtst,3.2913709024412987
2017-12-26 00:00:00,etth1,HUFL,96,43,patchtst,3.6669403544939754
2017-12-26 01:00:00,etth1,HUFL,96,43,patchtst,3.716293728020816
2017-12-26 02:00:00,etth1,HUFL,96,43,patchtst,3.640022993736436
2017-12-26 03:00:00,etth1,HUFL,96,43,patchtst,3.3661272709541272
2017-12-26 04:00:00,etth1,HUFL,96,43,patchtst,3.454449204107831
2017-12-26 05:00:00,etth1,HUFL,96,43,patchtst,3.2666270928824317
2017-12-26 06:00:00,etth1,HUFL,96,43,patchtst,3.0519604060328027
2017-12-26 07:00:00,etth1,HUFL,96,43,patchtst,3.123857901140274
2017-12-26 08:00:00,etth1,HUFL,96,43,patchtst,3.2846899839722545
2017-12-26 09:00:00,etth1,HUFL,96,43,patchtst,3.360198472682841
2017-12-26 10:00:00,etth1,HUFL,96,43,patchtst,3.33518637399682
2017-12-26 11:00:00,etth1,HUFL,96,43,patchtst,3.3915463438866613
2017-12-26 12:00:00,etth1,HUFL,96,43,patchtst,3.775677916089192
2017-12-26 13:00:00,etth1,HUFL,96,43,patchtst,3.898094463956308
2017-12-26 14:00:00,etth1,HUFL,96,43,patchtst,4.020206977849898
2017-12-26 15:00:00,etth1,HUFL,96,43,patchtst,4.263653407240446
2017-12-26 16:00:00,etth1,HUFL,96,43,patchtst,4.410836201263984
2017-12-26 17:00:00,etth1,HUFL,96,43,patchtst,4.410617253749138
2017-12-26 18:00:00,etth1,HUFL,96,43,patchtst,4.228090933669905
2017-12-26 19:00:00,etth1,HUFL,96,43,patchtst,4.179686323831279
2017-12-26 20:00:00,etth1,HUFL,96,43,patchtst,4.401551086882933
2017-12-26 21:00:00,etth1,HUFL,96,43,patchtst,4.340424674547546
2017-12-26 22:00:00,etth1,HUFL,96,43,patchtst,4.1810473583953085
2017-12-26 23:00:00,etth1,HUFL,96,43,patchtst,4.2134376927265444
2017-12-27 00:00:00,etth1,HUFL,96,43,patchtst,4.367883898499542
2017-12-27 01:00:00,etth1,HUFL,96,43,patchtst,4.637193885665121
2017-12-27 02:00:00,etth1,HUFL,96,43,patchtst,4.298962340081201
2017-12-27 03:00:00,etth1,HUFL,96,43,patchtst,4.150645548783474
2017-12-27 04:00:00,etth1,HUFL,96,43,patchtst,4.3259916974255095
2017-12-27 05:00:00,etth1,HUFL,96,43,patchtst,4.10025743772569
2017-12-27 06:00:00,etth1,HUFL,96,43,patchtst,3.7736863326940386
2017-12-27 07:00:00,etth1,HUFL,96,43,patchtst,3.6455798232490793
2017-12-27 08:00:00,etth1,HUFL,96,43,patchtst,4.046605956382646
2017-12-27 09:00:00,etth1,HUFL,96,43,patchtst,4.273453976427009
2017-12-27 10:00:00,etth1,HUFL,96,43,patchtst,4.1267944610682195
2017-12-27 11:00:00,etth1,HUFL,96,43,patchtst,4.132058608532789
2017-12-27 12:00:00,etth1,HUFL,96,43,patchtst,4.290143551591632
2017-12-27 13:00:00,etth1,HUFL,96,43,patchtst,4.658967397532362
2017-12-27 14:00:00,etth1,HUFL,96,43,patchtst,4.51822377946765
2017-12-27 15:00:00,etth1,HUFL,96,43,patchtst,4.763911838553281
2017-12-27 16:00:00,etth1,HUFL,96,43,patchtst,5.247550434678588
2017-12-27 17:00:00,etth1,HUFL,96,43,patchtst,5.135075666587246
2017-12-27 18:00:00,etth1,HUFL,96,43,patchtst,4.944757738041445
2017-12-27 19:00:00,etth1,HUFL,96,43,patchtst,4.982479854667496
2017-12-27 20:00:00,etth1,HUFL,96,43,patchtst,5.160808815693948
2017-12-27 21:00:00,etth1,HUFL,96,43,patchtst,5.209290463062918
2017-12-27 22:00:00,etth1,HUFL,96,43,patchtst,5.218072609081595
2017-12-27 23:00:00,etth1,HUFL,96,43,patchtst,5.187846213479979
2017-12-28 00:00:00,etth1,HUFL,96,43,patchtst,5.502479064670595
2017-12-28 01:00:00,etth1,HUFL,96,43,patchtst,5.661019148804173
2017-12-28 02:00:00,etth1,HUFL,96,43,patchtst,5.488307063305662
2017-12-28 03:00:00,etth1,HUFL,96,43,patchtst,5.3550754469409085
2017-12-28 04:00:00,etth1,HUFL,96,43,patchtst,5.482900240099102
2017-12-28 05:00:00,etth1,HUFL,96,43,patchtst,5.694158860670964
2017-12-28 06:00:00,etth1,HUFL,96,43,patchtst,5.342997151295196
2017-12-28 07:00:00,etth1,HUFL,96,43,patchtst,5.3874916287462495
2017-12-28 08:00:00,etth1,HUFL,96,43,patchtst,5.354636636279761
2017-12-28 09:00:00,etth1,HUFL,96,43,patchtst,4.506163497174086
2017-12-28 10:00:00,etth1,HUFL,96,43,patchtst,3.917176143874934
2017-12-28 11:00:00,etth1,HUFL,96,43,patchtst,3.7984006655883724
2017-12-28 12:00:00,etth1,HUFL,96,43,patchtst,3.935840684462677
2017-12-28 13:00:00,etth1,HUFL,96,43,patchtst,3.899023248888882
2017-12-28 14:00:00,etth1,HUFL,96,43,patchtst,3.7189028508841737
2017-12-28 15:00:00,etth1,HUFL,96,43,patchtst,3.8098466844132983
2017-12-28 16:00:00,etth1,HUFL,96,43,patchtst,4.069568445245103
2017-12-28 17:00:00,etth1,HUFL,96,43,patchtst,4.048144543298907
2017-12-28 18:00:00,etth1,HUFL,96,43,patchtst,4.0154531520562395
2017-12-28 19:00:00,etth1,HUFL,96,43,patchtst,4.045244998428225
2017-12-28 20:00:00,etth1,HUFL,96,43,patchtst,4.20791673389281
2017-12-28 21:00:00,etth1,HUFL,96,43,patchtst,4.200453309192387
2017-12-28 22:00:00,etth1,HUFL,96,43,patchtst,4.135279974230104
2017-12-28 23:00:00,etth1,HUFL,96,43,patchtst,4.132589415983193
2017-12-29 00:00:00,etth1,HUFL,96,43,patchtst,4.257312715319419
2017-12-29 01:00:00,etth1,HUFL,96,43,patchtst,4.2761231968357905
2017-12-29 02:00:00,etth1,HUFL,96,43,patchtst,4.36654872555889
2017-12-29 03:00:00,etth1,HUFL,96,43,patchtst,4.173420312879677
2017-12-29 04:00:00,etth1,HUFL,96,43,patchtst,4.3685204584598445
2017-12-29 05:00:00,etth1,HUFL,96,43,patchtst,4.350225244511885
2017-12-29 06:00:00,etth1,HUFL,96,43,patchtst,4.212760964835991
2017-12-29 07:00:00,etth1,HUFL,96,43,patchtst,4.31820903077493
2017-12-29 08:00:00,etth1,HUFL,96,43,patchtst,4.209095098242799
2017-12-29 09:00:00,etth1,HUFL,96,43,patchtst,3.9046779537881235
2017-12-29 10:00:00,etth1,HUFL,96,43,patchtst,3.6342406646897607
2017-12-29 11:00:00,etth1,HUFL,96,43,patchtst,3.4724730973401194
2017-12-29 12:00:00,etth1,HUFL,96,43,patchtst,3.5985976577792016
2017-12-29 13:00:00,etth1,HUFL,96,43,patchtst,3.720815686323364
2017-12-29 14:00:00,etth1,HUFL,96,43,patchtst,3.5127657016104643
2017-12-29 15:00:00,etth1,HUFL,96,43,patchtst,3.499465935349528
2017-12-29 16:00:00,etth1,HUFL,96,43,patchtst,3.7547024757347405
2017-12-29 17:00:00,etth1,HUFL,96,43,patchtst,3.889064290841977
2017-12-29 18:00:00,etth1,HUFL,96,43,patchtst,3.8007599190429437
2017-12-29 19:00:00,etth1,HUFL,96,43,patchtst,3.7657981502545645
2017-12-29 20:00:00,etth1,HUFL,96,43,patchtst,3.927428988420793
2017-12-29 21:00:00,etth1,HUFL,96,43,patchtst,3.9895195768550047
2017-12-29 22:00:00,etth1,HUFL,96,43,patchtst,3.839342216695341
2017-12-29 23:00:00,etth1,HUFL,96,43,patchtst,3.8308752202783865
2017-12-30 00:00:00,etth1,HUFL,96,43,patchtst,3.927568924438161
2017-12-30 01:00:00,etth1,HUFL,96,43,patchtst,4.042362646919849
2017-12-30 02:00:00,etth1,HUFL,96,43,patchtst,4.006141499365076
2017-12-30 03:00:00,etth1,HUFL,96,43,patchtst,3.8702570018750344
2017-12-30 04:00:00,etth1,HUFL,96,43,patchtst,3.9128069407791224
2017-12-30 05:00:00,etth1,HUFL,96,43,patchtst,3.9495131655170232
2017-12-30 06:00:00,etth1,HUFL,96,43,patchtst,3.7988918976360737
2017-12-30 07:00:00,etth1,HUFL,96,43,patchtst,4.012318258488974
2017-12-30 08:00:00,etth1,HUFL,96,43,patchtst,3.788485776164801
2017-12-30 09:00:00,etth1,HUFL,96,43,patchtst,3.5697425301512795
2017-12-30 10:00:00,etth1,HUFL,96,43,patchtst,3.278517217618988
2017-12-30 11:00:00,etth1,HUFL,96,43,patchtst,3.3532474479154915
2017-12-30 12:00:00,etth1,HUFL,96,43,patchtst,3.6261854871096606
2017-12-30 13:00:00,etth1,HUFL,96,43,patchtst,3.7114385243934565
2017-12-30 14:00:00,etth1,HUFL,96,43,patchtst,3.7369122283730296
2017-12-30 15:00:00,etth1,HUFL,96,43,patchtst,3.766588959017191
2017-12-30 16:00:00,etth1,HUFL,96,43,patchtst,3.9756521273375234
2017-12-30 17:00:00,etth1,HUFL,96,43,patchtst,4.054078188076759
2017-12-30 18:00:00,etth1,HUFL,96,43,patchtst,3.941649347324924
2017-12-30 19:00:00,etth1,HUFL,96,43,patchtst,3.8240111754322066
2017-12-30 20:00:00,etth1,HUFL,96,43,patchtst,3.997276367475399
2017-12-30 21:00:00,etth1,HUFL,96,43,patchtst,3.998700233778331
2017-12-30 22:00:00,etth1,HUFL,96,43,patchtst,3.7929244831462925
2017-12-30 23:00:00,etth1,HUFL,96,43,patchtst,3.899327190653523
2017-12-31 00:00:00,etth1,HUFL,96,43,patchtst,3.959700983596567
2017-12-31 01:00:00,etth1,HUFL,96,43,patchtst,4.030485994293968
2017-12-31 02:00:00,etth1,HUFL,96,43,patchtst,3.9620328006165906
2017-12-31 03:00:00,etth1,HUFL,96,43,patchtst,3.7724301426621647
2017-12-31 04:00:00,etth1,HUFL,96,43,patchtst,3.833031971282614
2017-12-31 05:00:00,etth1,HUFL,96,43,patchtst,3.9084564559482438
2017-12-31 06:00:00,etth1,HUFL,96,43,patchtst,3.791474893333284
2017-12-31 07:00:00,etth1,HUFL,96,43,patchtst,3.866549581012458
2017-12-31 08:00:00,etth1,HUFL,96,43,patchtst,4.003642107334861
2017-12-31 09:00:00,etth1,HUFL,96,43,patchtst,3.4929334711300353
2017-12-31 10:00:00,etth1,HUFL,96,43,patchtst,3.0873399683860714
2017-12-31 11:00:00,etth1,HUFL,96,43,patchtst,3.0436306251529435
2017-12-31 12:00:00,etth1,HUFL,96,43,patchtst,3.174860724932374
2017-12-31 13:00:00,etth1,HUFL,96,43,patchtst,3.388705846680004
2017-12-31 14:00:00,etth1,HUFL,96,43,patchtst,3.4382792224023766
2017-12-31 15:00:00,etth1,HUFL,96,43,patchtst,3.55550443168647
2017-12-31 16:00:00,etth1,HUFL,96,43,patchtst,3.680949720555811
2017-12-31 17:00:00,etth1,HUFL,96,43,patchtst,3.6621241703987715
2017-12-31 18:00:00,etth1,HUFL,96,43,patchtst,3.466759955165584
2017-12-31 19:00:00,etth1,HUFL,96,43,patchtst,3.3274200111849077
2017-12-31 20:00:00,etth1,HUFL,96,43,patchtst,3.3189958355353544
2017-12-31 21:00:00,etth1,HUFL,96,43,patchtst,3.3656689073870276
2017-12-31 22:00:00,etth1,HUFL,96,43,patchtst,3.3738823231192057
2017-12-31 23:00:00,etth1,HUFL,96,43,patchtst,3.407982425102173
2018-01-01 00:00:00,etth1,HUFL,96,43,patchtst,3.570570462698447
2018-01-01 01:00:00,etth1,HUFL,96,43,patchtst,3.5727530168848602
2018-01-01 02:00:00,etth1,HUFL,96,43,patchtst,3.473807152630968
2018-01-01 03:00:00,etth1,HUFL,96,43,patchtst,3.369377930385724
2018-01-01 04:00:00,etth1,HUFL,96,43,patchtst,3.389372686463703
2018-01-01 05:00:00,etth1,HUFL,96,43,patchtst,3.4167402760507444
2018-01-01 06:00:00,etth1,HUFL,96,43,patchtst,3.1851730452923994
2018-01-01 07:00:00,etth1,HUFL,96,43,patchtst,3.3062069782084222
2018-01-01 08:00:00,etth1,HUFL,96,43,patchtst,3.5153058185620836
2018-01-01 09:00:00,etth1,HUFL,96,43,patchtst,3.480393501714134
2018-01-01 10:00:00,etth1,HUFL,96,43,patchtst,3.5781648687329586
2018-01-01 11:00:00,etth1,HUFL,96,43,patchtst,3.5765213657033805
2018-01-01 12:00:00,etth1,HUFL,96,43,patchtst,3.711874674010183
2018-01-01 13:00:00,etth1,HUFL,96,43,patchtst,3.9525081741891905
2018-01-01 14:00:00,etth1,HUFL,96,43,patchtst,3.9356972110796478
2018-01-01 15:00:00,etth1,HUFL,96,43,patchtst,4.131873907116316
2018-01-01 16:00:00,etth1,HUFL,96,43,patchtst,4.298286351946103
2018-01-01 17:00:00,etth1,HUFL,96,43,patchtst,4.325536653355983
2018-01-01 18:00:00,etth1,HUFL,96,43,patchtst,4.194704541869676
2018-01-01 19:00:00,etth1,HUFL,96,43,patchtst,4.078811474512483
2018-01-01 20:00:00,etth1,HUFL,96,43,patchtst,4.109457635504497
2018-01-01 21:00:00,etth1,HUFL,96,43,patchtst,4.101774044517861
2018-01-01 22:00:00,etth1,HUFL,96,43,patchtst,4.015547486107502
2018-01-01 23:00:00,etth1,HUFL,96,43,patchtst,4.04207023714284
2018-01-02 00:00:00,etth1,HUFL,96,43,patchtst,4.269160462865883
2018-01-02 01:00:00,etth1,HUFL,96,43,patchtst,4.464951328691336
2018-01-02 02:00:00,etth1,HUFL,96,43,patchtst,4.225845243878605
2018-01-02 03:00:00,etth1,HUFL,96,43,patchtst,4.171634015842746
2018-01-02 04:00:00,etth1,HUFL,96,43,patchtst,4.109073416064613
2018-01-02 05:00:00,etth1,HUFL,96,43,patchtst,4.131752459241418
2018-01-02 06:00:00,etth1,HUFL,96,43,patchtst,3.946621565101092
2018-01-02 07:00:00,etth1,HUFL,96,43,patchtst,3.6723997614338675
2018-01-02 08:00:00,etth1,HUFL,96,43,patchtst,3.9758278529565243
2018-01-02 09:00:00,etth1,HUFL,96,43,patchtst,3.7303829643864685
2018-01-02 10:00:00,etth1,HUFL,96,43,patchtst,3.0278946367634147
2018-01-02 11:00:00,etth1,HUFL,96,43,patchtst,2.9997572858707975
2018-01-02 12:00:00,etth1,HUFL,96,43,patchtst,3.345253480990788
2018-01-02 13:00:00,etth1,HUFL,96,43,patchtst,3.4338889142160607
2018-01-02 14:00:00,etth1,HUFL,96,43,patchtst,3.6212144034353053
2018-01-02 15:00:00,etth1,HUFL,96,43,patchtst,3.786921791121863
2018-01-02 16:00:00,etth1,HUFL,96,43,patchtst,3.9737662871485355
2018-01-02 17:00:00,etth1,HUFL,96,43,patchtst,3.99277642308299
2018-01-02 18:00:00,etth1,HUFL,96,43,patchtst,3.837964984363115
2018-01-02 19:00:00,etth1,HUFL,96,43,patchtst,3.788994645107428
2018-01-02 20:00:00,etth1,HUFL,96,43,patchtst,3.8929567771499785
2018-01-02 21:00:00,etth1,HUFL,96,43,patchtst,3.9048030964001335
2018-01-02 22:00:00,etth1,HUFL,96,43,patchtst,3.750088276525473
2018-01-02 23:00:00,etth1,HUFL,96,43,patchtst,3.6908641387971897
2018-01-03 00:00:00,etth1,HUFL,96,43,patchtst,3.848548359980228
2018-01-03 01:00:00,etth1,HUFL,96,43,patchtst,4.0479092758547255
2018-01-03 02:00:00,etth1,HUFL,96,43,patchtst,3.9401838122600252
2018-01-03 03:00:00,etth1,HUFL,96,43,patchtst,3.6153691467799405
2018-01-03 04:00:00,etth1,HUFL,96,43,patchtst,3.635849566921959
2018-01-03 05:00:00,etth1,HUFL,96,43,patchtst,3.765427391140399
2018-01-03 06:00:00,etth1,HUFL,96,43,patchtst,3.7484127941038943
2018-01-03 07:00:00,etth1,HUFL,96,43,patchtst,3.7207838875951933
2018-01-03 08:00:00,etth1,HUFL,96,43,patchtst,3.4666379121445554
2018-01-03 09:00:00,etth1,HUFL,96,43,patchtst,3.451328791251811
2018-01-03 10:00:00,etth1,HUFL,96,43,patchtst,2.849152315266911
2018-01-03 11:00:00,etth1,HUFL,96,43,patchtst,2.7458048610785215
2018-01-03 12:00:00,etth1,HUFL,96,43,patchtst,3.0209452260441325
2018-01-03 13:00:00,etth1,HUFL,96,43,patchtst,3.174381636616268
2018-01-03 14:00:00,etth1,HUFL,96,43,patchtst,3.2544517213000965
2018-01-03 15:00:00,etth1,HUFL,96,43,patchtst,3.3839702755944123
2018-01-03 16:00:00,etth1,HUFL,96,43,patchtst,3.6246518844726565
2018-01-03 17:00:00,etth1,HUFL,96,43,patchtst,3.60471456730788
2018-01-03 18:00:00,etth1,HUFL,96,43,patchtst,3.375427085357875
2018-01-03 19:00:00,etth1,HUFL,96,43,patchtst,3.2194718038421115
2018-01-03 20:00:00,etth1,HUFL,96,43,patchtst,3.3261052735648087
2018-01-03 21:00:00,etth1,HUFL,96,43,patchtst,3.400923626091263
2018-01-03 22:00:00,etth1,HUFL,96,43,patchtst,3.409150562825619
2018-01-03 23:00:00,etth1,HUFL,96,43,patchtst,3.4856560346872887
2018-01-04 00:00:00,etth1,HUFL,96,43,patchtst,3.710836258383799
2018-01-04 01:00:00,etth1,HUFL,96,43,patchtst,3.8208862272397734
2018-01-04 02:00:00,etth1,HUFL,96,43,patchtst,3.577937672718031
2018-01-04 03:00:00,etth1,HUFL,96,43,patchtst,3.367962202053684
2018-01-04 04:00:00,etth1,HUFL,96,43,patchtst,3.3449380745917945
2018-01-04 05:00:00,etth1,HUFL,96,43,patchtst,3.5088537680329304
2018-01-04 06:00:00,etth1,HUFL,96,43,patchtst,3.520939158836304
2018-01-04 07:00:00,etth1,HUFL,96,43,patchtst,3.585279217642635
2018-01-04 08:00:00,etth1,HUFL,96,43,patchtst,3.544988005543933
2018-01-04 09:00:00,etth1,HUFL,96,43,patchtst,3.2959555999971326
2018-01-04 10:00:00,etth1,HUFL,96,43,patchtst,2.7525782364346174
2018-01-04 11:00:00,etth1,HUFL,96,43,patchtst,2.412197297039727
2018-01-04 12:00:00,etth1,HUFL,96,43,patchtst,2.6433669331685943
2018-01-04 13:00:00,etth1,HUFL,96,43,patchtst,2.7254198005675305
2018-01-04 14:00:00,etth1,HUFL,96,43,patchtst,2.785900216722377
2018-01-04 15:00:00,etth1,HUFL,96,43,patchtst,2.873819472168042
2018-01-04 16:00:00,etth1,HUFL,96,43,patchtst,2.982167734637954
2018-01-04 17:00:00,etth1,HUFL,96,43,patchtst,3.0068738954376992
2018-01-04 18:00:00,etth1,HUFL,96,43,patchtst,2.943670445654474
2018-01-04 19:00:00,etth1,HUFL,96,43,patchtst,2.9178369012467833
2018-01-04 20:00:00,etth1,HUFL,96,43,patchtst,2.972925345002508
2018-01-04 21:00:00,etth1,HUFL,96,43,patchtst,3.0371350124654857
2018-01-04 22:00:00,etth1,HUFL,96,43,patchtst,3.0655221879273977
2018-01-04 23:00:00,etth1,HUFL,96,43,patchtst,3.212920615807455
2018-01-05 00:00:00,etth1,HUFL,96,43,patchtst,3.417712683450034
2018-01-05 01:00:00,etth1,HUFL,96,43,patchtst,3.593092621827583
2018-01-05 02:00:00,etth1,HUFL,96,43,patchtst,3.4307659029800965
2018-01-05 03:00:00,etth1,HUFL,96,43,patchtst,3.2900975787936666
2018-01-05 04:00:00,etth1,HUFL,96,43,patchtst,3.2685606742167206
2018-01-05 05:00:00,etth1,HUFL,96,43,patchtst,3.446725174383039
2018-01-05 06:00:00,etth1,HUFL,96,43,patchtst,3.5367014057569155
2018-01-05 07:00:00,etth1,HUFL,96,43,patchtst,3.9223161423491164
2018-01-05 08:00:00,etth1,HUFL,96,43,patchtst,3.8572850153369593
2018-01-05 09:00:00,etth1,HUFL,96,43,patchtst,3.728998856250675
2018-01-05 10:00:00,etth1,HUFL,96,43,patchtst,3.557014220262021
2018-01-05 11:00:00,etth1,HUFL,96,43,patchtst,3.5347074182887313
2018-01-05 12:00:00,etth1,HUFL,96,43,patchtst,3.5507870514173487
2018-01-05 13:00:00,etth1,HUFL,96,43,patchtst,3.770796604995665
2018-01-05 14:00:00,etth1,HUFL,96,43,patchtst,3.821526779372873
2018-01-05 15:00:00,etth1,HUFL,96,43,patchtst,3.966732304574705
2018-01-05 16:00:00,etth1,HUFL,96,43,patchtst,4.102339916479874
2018-01-05 17:00:00,etth1,HUFL,96,43,patchtst,4.182705257926304
2018-01-05 18:00:00,etth1,HUFL,96,43,patchtst,4.100874847505893
2018-01-05 19:00:00,etth1,HUFL,96,43,patchtst,4.116311737263511
2018-01-05 20:00:00,etth1,HUFL,96,43,patchtst,4.068361035667029
2018-01-05 21:00:00,etth1,HUFL,96,43,patchtst,4.1115323091705855
2018-01-05 22:00:00,etth1,HUFL,96,43,patchtst,4.107466854126007
2018-01-05 23:00:00,etth1,HUFL,96,43,patchtst,4.125174899889256
2018-01-06 00:00:00,etth1,HUFL,96,43,patchtst,4.2212701385462275
2018-01-06 01:00:00,etth1,HUFL,96,43,patchtst,4.341421555488751
2018-01-06 02:00:00,etth1,HUFL,96,43,patchtst,4.2655044028981175
2018-01-06 03:00:00,etth1,HUFL,96,43,patchtst,4.20935879249229
2018-01-06 04:00:00,etth1,HUFL,96,43,patchtst,4.105707628259297
2018-01-06 05:00:00,etth1,HUFL,96,43,patchtst,4.086844118766828
2018-01-06 06:00:00,etth1,HUFL,96,43,patchtst,4.1216615619842285
2018-01-06 07:00:00,etth1,HUFL,96,43,patchtst,4.309581994669006
2018-01-06 08:00:00,etth1,HUFL,96,43,patchtst,4.492430272875519
2018-01-06 09:00:00,etth1,HUFL,96,43,patchtst,4.582598248428287
2018-01-06 10:00:00,etth1,HUFL,96,43,patchtst,4.986943808145922
2018-01-06 11:00:00,etth1,HUFL,96,43,patchtst,4.525153690076855
2018-01-06 12:00:00,etth1,HUFL,96,43,patchtst,4.5810547668083155
2018-01-06 13:00:00,etth1,HUFL,96,43,patchtst,4.281060634870431
2018-01-06 14:00:00,etth1,HUFL,96,43,patchtst,4.408161792327124
2018-01-06 15:00:00,etth1,HUFL,96,43,patchtst,4.625234187745744
2018-01-06 16:00:00,etth1,HUFL,96,43,patchtst,4.767103617454636
2018-01-06 17:00:00,etth1,HUFL,96,43,patchtst,4.886735207104291
2018-01-06 18:00:00,etth1,HUFL,96,43,patchtst,4.788033265844441
2018-01-06 19:00:00,etth1,HUFL,96,43,patchtst,4.824492062833623
2018-01-06 20:00:00,etth1,HUFL,96,43,patchtst,4.789589485881135
2018-01-06 21:00:00,etth1,HUFL,96,43,patchtst,4.858275295626989
2018-01-06 22:00:00,etth1,HUFL,96,43,patchtst,4.93528360445712
2018-01-06 23:00:00,etth1,HUFL,96,43,patchtst,4.943498245916963
2018-01-07 00:00:00,etth1,HUFL,96,43,patchtst,4.965440224046423
2018-01-07 01:00:00,etth1,HUFL,96,43,patchtst,4.966852230451319
2018-01-07 02:00:00,etth1,HUFL,96,43,patchtst,4.954092996511755
2018-01-07 03:00:00,etth1,HUFL,96,43,patchtst,5.062154384588425
2018-01-07 04:00:00,etth1,HUFL,96,43,patchtst,4.976742846068927
2018-01-07 05:00:00,etth1,HUFL,96,43,patchtst,5.0028275327092695
2018-01-07 06:00:00,etth1,HUFL,96,43,patchtst,5.038524545427075
2018-01-07 07:00:00,etth1,HUFL,96,43,patchtst,5.336900156487933
2018-01-07 08:00:00,etth1,HUFL,96,43,patchtst,5.532049045263132
2018-01-07 09:00:00,etth1,HUFL,96,43,patchtst,5.511863091523139
2018-01-07 10:00:00,etth1,HUFL,96,43,patchtst,5.465280679401393
2018-01-07 11:00:00,etth1,HUFL,96,43,patchtst,5.831600853788699
2018-01-07 12:00:00,etth1,HUFL,96,43,patchtst,5.6030944424185485
2018-01-07 13:00:00,etth1,HUFL,96,43,patchtst,5.72816730415952
2018-01-07 14:00:00,etth1,HUFL,96,43,patchtst,5.834521780630528
2018-01-07 15:00:00,etth1,HUFL,96,43,patchtst,5.936504916730017
2018-01-07 16:00:00,etth1,HUFL,96,43,patchtst,6.051486936026251
2018-01-07 17:00:00,etth1,HUFL,96,43,patchtst,6.119404151299225
2018-01-07 18:00:00,etth1,HUFL,96,43,patchtst,6.006133657865024
2018-01-07 19:00:00,etth1,HUFL,96,43,patchtst,6.182651650454894
2018-01-07 20:00:00,etth1,HUFL,96,43,patchtst,5.991379411312284
2018-01-07 21:00:00,etth1,HUFL,96,43,patchtst,5.984699693305989
2018-01-07 22:00:00,etth1,HUFL,96,43,patchtst,6.107879336809352
2018-01-07 23:00:00,etth1,HUFL,96,43,patchtst,6.1656183934032995
2018-01-08 00:00:00,etth1,HUFL,96,43,patchtst,6.2791180151022346
2018-01-08 01:00:00,etth1,HUFL,96,43,patchtst,6.29223105872168
2018-01-08 02:00:00,etth1,HUFL,96,43,patchtst,6.314669266419442
2018-01-08 03:00:00,etth1,HUFL,96,43,patchtst,6.323266021203433
2018-01-08 04:00:00,etth1,HUFL,96,43,patchtst,6.063232564129033
2018-01-08 05:00:00,etth1,HUFL,96,43,patchtst,6.181996366568382
2018-01-08 06:00:00,etth1,HUFL,96,43,patchtst,6.278903114907263
2018-01-08 07:00:00,etth1,HUFL,96,43,patchtst,6.529202283651464
2018-01-08 08:00:00,etth1,HUFL,96,43,patchtst,6.721430541316669
2018-01-08 09:00:00,etth1,HUFL,96,43,patchtst,6.469333401776154
2018-01-08 10:00:00,etth1,HUFL,96,43,patchtst,6.6606879006228
2018-01-08 11:00:00,etth1,HUFL,96,43,patchtst,6.410742382731761
2018-01-08 12:00:00,etth1,HUFL,96,43,patchtst,5.6133454609066815
2018-01-08 13:00:00,etth1,HUFL,96,43,patchtst,5.648997643311017
2018-01-08 14:00:00,etth1,HUFL,96,43,patchtst,5.69681101438024
2018-01-08 15:00:00,etth1,HUFL,96,43,patchtst,6.122662995941042
2018-01-08 16:00:00,etth1,HUFL,96,43,patchtst,5.874778079510445
2018-01-08 17:00:00,etth1,HUFL,96,43,patchtst,6.137359768186773
2018-01-08 18:00:00,etth1,HUFL,96,43,patchtst,5.84742487246002
2018-01-08 19:00:00,etth1,HUFL,96,43,patchtst,5.842134158146266
2018-01-08 20:00:00,etth1,HUFL,96,43,patchtst,5.7143800493264925
2018-01-08 21:00:00,etth1,HUFL,96,43,patchtst,5.711080238067652
2018-01-08 22:00:00,etth1,HUFL,96,43,patchtst,5.745712703839689
2018-01-08 23:00:00,etth1,HUFL,96,43,patchtst,5.80629844669009
2018-01-09 00:00:00,etth1,HUFL,96,43,patchtst,5.851080631395881
2018-01-09 01:00:00,etth1,HUFL,96,43,patchtst,5.680969924394179
2018-01-09 02:00:00,etth1,HUFL,96,43,patchtst,5.571535265485629
2018-01-09 03:00:00,etth1,HUFL,96,43,patchtst,5.775701910422096
2018-01-09 04:00:00,etth1,HUFL,96,43,patchtst,5.643422641381481
2018-01-09 05:00:00,etth1,HUFL,96,43,patchtst,5.668938603409326
2018-01-09 06:00:00,etth1,HUFL,96,43,patchtst,5.6361077527984875
2018-01-09 07:00:00,etth1,HUFL,96,43,patchtst,5.828301319996323
2018-01-09 08:00:00,etth1,HUFL,96,43,patchtst,5.9560363703313115
2018-01-09 09:00:00,etth1,HUFL,96,43,patchtst,4.924242800078197
2018-01-09 10:00:00,etth1,HUFL,96,43,patchtst,4.202541263681643
2018-01-09 11:00:00,etth1,HUFL,96,43,patchtst,4.028444904160889
2018-01-09 12:00:00,etth1,HUFL,96,43,patchtst,3.7955177310109662
2018-01-09 13:00:00,etth1,HUFL,96,43,patchtst,3.6449565259408154
2018-01-09 14:00:00,etth1,HUFL,96,43,patchtst,3.4664823542302066
2018-01-09 15:00:00,etth1,HUFL,96,43,patchtst,4.027875904663962
2018-01-09 16:00:00,etth1,HUFL,96,43,patchtst,3.767674616178722
2018-01-09 17:00:00,etth1,HUFL,96,43,patchtst,4.129469279390968
2018-01-09 18:00:00,etth1,HUFL,96,43,patchtst,3.7145244256619887
2018-01-09 19:00:00,etth1,HUFL,96,43,patchtst,3.8492645003395705
2018-01-09 20:00:00,etth1,HUFL,96,43,patchtst,3.7628782004023535
2018-01-09 21:00:00,etth1,HUFL,96,43,patchtst,3.8134612156360173
2018-01-09 22:00:00,etth1,HUFL,96,43,patchtst,3.905799013861682
2018-01-09 23:00:00,etth1,HUFL,96,43,patchtst,4.024803945626412
2018-01-10 00:00:00,etth1,HUFL,96,43,patchtst,4.215081902973597
2018-01-10 01:00:00,etth1,HUFL,96,43,patchtst,4.2611355135956215
2018-01-10 02:00:00,etth1,HUFL,96,43,patchtst,4.057716853373699
2018-01-10 03:00:00,etth1,HUFL,96,43,patchtst,4.200357622495833
2018-01-10 04:00:00,etth1,HUFL,96,43,patchtst,4.107607226538916
2018-01-10 05:00:00,etth1,HUFL,96,43,patchtst,4.259626061938956
2018-01-10 06:00:00,etth1,HUFL,96,43,patchtst,4.299437434219637
2018-01-10 07:00:00,etth1,HUFL,96,43,patchtst,4.820964726354135
2018-01-10 08:00:00,etth1,HUFL,96,43,patchtst,5.096478492294536
2018-01-10 09:00:00,etth1,HUFL,96,43,patchtst,3.444961278492228
2018-01-10 10:00:00,etth1,HUFL,96,43,patchtst,3.0222875019539415
2018-01-10 11:00:00,etth1,HUFL,96,43,patchtst,2.838677698742682
2018-01-10 12:00:00,etth1,HUFL,96,43,patchtst,3.0053269150275828
2018-01-10 13:00:00,etth1,HUFL,96,43,patchtst,3.269502386598002
2018-01-10 14:00:00,etth1,HUFL,96,43,patchtst,3.3357874672121652
2018-01-10 15:00:00,etth1,HUFL,96,43,patchtst,3.504865461566055
2018-01-10 16:00:00,etth1,HUFL,96,43,patchtst,3.493594363681902
2018-01-10 17:00:00,etth1,HUFL,96,43,patchtst,4.029775237027283
2018-01-10 18:00:00,etth1,HUFL,96,43,patchtst,3.613934033896143
2018-01-10 19:00:00,etth1,HUFL,96,43,patchtst,3.5834838948857737
2018-01-10 20:00:00,etth1,HUFL,96,43,patchtst,3.649359820984562
2018-01-10 21:00:00,etth1,HUFL,96,43,patchtst,3.711547978331017
2018-01-10 22:00:00,etth1,HUFL,96,43,patchtst,3.6137207627309493
2018-01-10 23:00:00,etth1,HUFL,96,43,patchtst,3.764159042296692
2018-01-11 00:00:00,etth1,HUFL,96,43,patchtst,4.058593856208458
2018-01-11 01:00:00,etth1,HUFL,96,43,patchtst,3.9631164586767
2018-01-11 02:00:00,etth1,HUFL,96,43,patchtst,3.6334044525135156
2018-01-11 03:00:00,etth1,HUFL,96,43,patchtst,3.5002607486470985
2018-01-11 04:00:00,etth1,HUFL,96,43,patchtst,3.5069814240958657
2018-01-11 05:00:00,etth1,HUFL,96,43,patchtst,3.750399783655968
2018-01-11 06:00:00,etth1,HUFL,96,43,patchtst,3.656690818553304
2018-01-11 07:00:00,etth1,HUFL,96,43,patchtst,3.9842406663538945
2018-01-11 08:00:00,etth1,HUFL,96,43,patchtst,4.015911329225669
2018-01-11 09:00:00,etth1,HUFL,96,43,patchtst,3.09575857780394
2018-01-11 10:00:00,etth1,HUFL,96,43,patchtst,2.959641153011077
2018-01-11 11:00:00,etth1,HUFL,96,43,patchtst,2.5796008819033647
2018-01-11 12:00:00,etth1,HUFL,96,43,patchtst,2.87160305686008
2018-01-11 13:00:00,etth1,HUFL,96,43,patchtst,2.900158682312982
2018-01-11 14:00:00,etth1,HUFL,96,43,patchtst,3.126998249841753
2018-01-11 15:00:00,etth1,HUFL,96,43,patchtst,3.249076544990275
2018-01-11 16:00:00,etth1,HUFL,96,43,patchtst,3.2941782728495403
2018-01-11 17:00:00,etth1,HUFL,96,43,patchtst,3.339191768684516
2018-01-11 18:00:00,etth1,HUFL,96,43,patchtst,2.981888488328334
2018-01-11 19:00:00,etth1,HUFL,96,43,patchtst,3.0348198433971496
2018-01-11 20:00:00,etth1,HUFL,96,43,patchtst,2.9819242485560387
2018-01-11 21:00:00,etth1,HUFL,96,43,patchtst,2.9426408113804947
2018-01-11 22:00:00,etth1,HUFL,96,43,patchtst,2.9589423278399374
2018-01-11 23:00:00,etth1,HUFL,96,43,patchtst,2.996668188625962
2018-01-12 00:00:00,etth1,HUFL,96,43,patchtst,2.9581148869121705
2018-01-12 01:00:00,etth1,HUFL,96,43,patchtst,3.038358323099987
2018-01-12 02:00:00,etth1,HUFL,96,43,patchtst,2.895830866867577
2018-01-12 03:00:00,etth1,HUFL,96,43,patchtst,2.86961108014671
2018-01-12 04:00:00,etth1,HUFL,96,43,patchtst,2.9016346328843845
2018-01-12 05:00:00,etth1,HUFL,96,43,patchtst,2.925499044805615
2018-01-12 06:00:00,etth1,HUFL,96,43,patchtst,2.90629243644559
2018-01-12 07:00:00,etth1,HUFL,96,43,patchtst,3.0605647766280533
2018-01-12 08:00:00,etth1,HUFL,96,43,patchtst,2.9675740287656702
2018-01-12 09:00:00,etth1,HUFL,96,43,patchtst,3.1396517151576036
2018-01-12 10:00:00,etth1,HUFL,96,43,patchtst,3.279318379560948
2018-01-12 11:00:00,etth1,HUFL,96,43,patchtst,3.2571213632830784
2018-01-12 12:00:00,etth1,HUFL,96,43,patchtst,3.9505403179738585
2018-01-12 13:00:00,etth1,HUFL,96,43,patchtst,3.5976644660816794
2018-01-12 14:00:00,etth1,HUFL,96,43,patchtst,3.966202234629885
2018-01-12 15:00:00,etth1,HUFL,96,43,patchtst,4.097367679060447
2018-01-12 16:00:00,etth1,HUFL,96,43,patchtst,3.7313879374471526
2018-01-12 17:00:00,etth1,HUFL,96,43,patchtst,3.914950853712314
2018-01-12 18:00:00,etth1,HUFL,96,43,patchtst,3.683777782923768
2018-01-12 19:00:00,etth1,HUFL,96,43,patchtst,3.6685634864742025
2018-01-12 20:00:00,etth1,HUFL,96,43,patchtst,3.7880837395452596
2018-01-12 21:00:00,etth1,HUFL,96,43,patchtst,3.770549470981898
2018-01-12 22:00:00,etth1,HUFL,96,43,patchtst,3.7104884792171418
2018-01-12 23:00:00,etth1,HUFL,96,43,patchtst,3.729798047060223
2018-01-13 00:00:00,etth1,HUFL,96,43,patchtst,3.88557754207714
2018-01-13 01:00:00,etth1,HUFL,96,43,patchtst,3.928182014789004
2018-01-13 02:00:00,etth1,HUFL,96,43,patchtst,3.89381897940873
2018-01-13 03:00:00,etth1,HUFL,96,43,patchtst,3.7928805934790204
2018-01-13 04:00:00,etth1,HUFL,96,43,patchtst,3.815013627061287
2018-01-13 05:00:00,etth1,HUFL,96,43,patchtst,3.7667056138515567
2018-01-13 06:00:00,etth1,HUFL,96,43,patchtst,3.6175107856697637
2018-01-13 07:00:00,etth1,HUFL,96,43,patchtst,3.60103394454379
2018-01-13 08:00:00,etth1,HUFL,96,43,patchtst,3.5107091453280304
2018-01-13 09:00:00,etth1,HUFL,96,43,patchtst,3.357722653771909
2018-01-13 10:00:00,etth1,HUFL,96,43,patchtst,3.418442797565593
2018-01-13 11:00:00,etth1,HUFL,96,43,patchtst,3.0156720537674198
2018-01-13 12:00:00,etth1,HUFL,96,43,patchtst,3.24646485858471
2018-01-13 13:00:00,etth1,HUFL,96,43,patchtst,3.2295156892786676
2018-01-13 14:00:00,etth1,HUFL,96,43,patchtst,3.548979765855794
2018-01-13 15:00:00,etth1,HUFL,96,43,patchtst,3.309812707000841
2018-01-13 16:00:00,etth1,HUFL,96,43,patchtst,3.4973393915176594
2018-01-13 17:00:00,etth1,HUFL,96,43,patchtst,3.495054598683104
2018-01-13 18:00:00,etth1,HUFL,96,43,patchtst,3.344017582485774
2018-01-13 19:00:00,etth1,HUFL,96,43,patchtst,3.1998189772152625
2018-01-13 20:00:00,etth1,HUFL,96,43,patchtst,3.255000304118127
2018-01-13 21:00:00,etth1,HUFL,96,43,patchtst,3.1234980002533903
2018-01-13 22:00:00,etth1,HUFL,96,43,patchtst,3.1325909076600778
2018-01-13 23:00:00,etth1,HUFL,96,43,patchtst,3.174276255464671
2018-01-14 00:00:00,etth1,HUFL,96,43,patchtst,3.2658137492069366
2018-01-14 01:00:00,etth1,HUFL,96,43,patchtst,3.2950722311867495
2018-01-14 02:00:00,etth1,HUFL,96,43,patchtst,3.401686796799192
2018-01-14 03:00:00,etth1,HUFL,96,43,patchtst,3.3633483889272164
2018-01-14 04:00:00,etth1,HUFL,96,43,patchtst,3.391619914900234
2018-01-14 05:00:00,etth1,HUFL,96,43,patchtst,3.324836310428686
2018-01-14 06:00:00,etth1,HUFL,96,43,patchtst,3.358625446592313
2018-01-14 07:00:00,etth1,HUFL,96,43,patchtst,3.291270096868022
2018-01-14 08:00:00,etth1,HUFL,96,43,patchtst,3.3578374379953657
2018-01-14 09:00:00,etth1,HUFL,96,43,patchtst,3.522467913888962
2018-01-14 10:00:00,etth1,HUFL,96,43,patchtst,3.6115478466013045
2018-01-14 11:00:00,etth1,HUFL,96,43,patchtst,3.5498203302652165
2018-01-14 12:00:00,etth1,HUFL,96,43,patchtst,3.8527219215869883
2018-01-14 13:00:00,etth1,HUFL,96,43,patchtst,3.856418350932323
2018-01-14 14:00:00,etth1,HUFL,96,43,patchtst,4.228128033219677
2018-01-14 15:00:00,etth1,HUFL,96,43,patchtst,4.088413006016471
2018-01-14 16:00:00,etth1,HUFL,96,43,patchtst,3.980424092390956
2018-01-14 17:00:00,etth1,HUFL,96,43,patchtst,3.951936995663458
2018-01-14 18:00:00,etth1,HUFL,96,43,patchtst,3.8223708118476623
2018-01-14 19:00:00,etth1,HUFL,96,43,patchtst,3.695844738321783
2018-01-14 20:00:00,etth1,HUFL,96,43,patchtst,3.608081353668601
2018-01-14 21:00:00,etth1,HUFL,96,43,patchtst,3.4973672606910604
2018-01-14 22:00:00,etth1,HUFL,96,43,patchtst,3.398062797381042
2018-01-14 23:00:00,etth1,HUFL,96,43,patchtst,3.5058999390466368
2018-01-15 00:00:00,etth1,HUFL,96,43,patchtst,3.6632810837355834
2018-01-15 01:00:00,etth1,HUFL,96,43,patchtst,3.648758876233907
2018-01-15 02:00:00,etth1,HUFL,96,43,patchtst,3.599391906762628
2018-01-15 03:00:00,etth1,HUFL,96,43,patchtst,3.352350777979929
2018-01-15 04:00:00,etth1,HUFL,96,43,patchtst,3.3020614305679836
2018-01-15 05:00:00,etth1,HUFL,96,43,patchtst,3.2364184728315126
2018-01-15 06:00:00,etth1,HUFL,96,43,patchtst,3.131428297030834
2018-01-15 07:00:00,etth1,HUFL,96,43,patchtst,3.3669918432524795
2018-01-15 08:00:00,etth1,HUFL,96,43,patchtst,3.7581813172727894
2018-01-15 09:00:00,etth1,HUFL,96,43,patchtst,3.5414816020024875
2018-01-15 10:00:00,etth1,HUFL,96,43,patchtst,3.6146344322253072
2018-01-15 11:00:00,etth1,HUFL,96,43,patchtst,3.6486259191400876
2018-01-15 12:00:00,etth1,HUFL,96,43,patchtst,4.188960189107044
2018-01-15 13:00:00,etth1,HUFL,96,43,patchtst,4.05564998146816
2018-01-15 14:00:00,etth1,HUFL,96,43,patchtst,4.405294799775204
2018-01-15 15:00:00,etth1,HUFL,96,43,patchtst,4.528217452191778
2018-01-15 16:00:00,etth1,HUFL,96,43,patchtst,4.482392397706039
2018-01-15 17:00:00,etth1,HUFL,96,43,patchtst,4.70805660491958
2018-01-15 18:00:00,etth1,HUFL,96,43,patchtst,4.4646796762272
2018-01-15 19:00:00,etth1,HUFL,96,43,patchtst,4.17490559246557
2018-01-15 20:00:00,etth1,HUFL,96,43,patchtst,4.244560754177606
2018-01-15 21:00:00,etth1,HUFL,96,43,patchtst,4.052897004020232
2018-01-15 22:00:00,etth1,HUFL,96,43,patchtst,3.998190912767105
2018-01-15 23:00:00,etth1,HUFL,96,43,patchtst,4.113634100939806
2018-01-16 00:00:00,etth1,HUFL,96,43,patchtst,4.646978592377393
2018-01-16 01:00:00,etth1,HUFL,96,43,patchtst,4.567730661958816
2018-01-16 02:00:00,etth1,HUFL,96,43,patchtst,4.453660572676107
2018-01-16 03:00:00,etth1,HUFL,96,43,patchtst,4.080324915987817
2018-01-16 04:00:00,etth1,HUFL,96,43,patchtst,4.079239197539688
2018-01-16 05:00:00,etth1,HUFL,96,43,patchtst,4.020694125802064
2018-01-16 06:00:00,etth1,HUFL,96,43,patchtst,3.7490499000220754
2018-01-16 07:00:00,etth1,HUFL,96,43,patchtst,4.090347751003384
2018-01-16 08:00:00,etth1,HUFL,96,43,patchtst,4.074518652812348
2018-01-16 09:00:00,etth1,HUFL,96,43,patchtst,3.6682210157209667
2018-01-16 10:00:00,etth1,HUFL,96,43,patchtst,3.041995995369391
2018-01-16 11:00:00,etth1,HUFL,96,43,patchtst,2.66664897338563
2018-01-16 12:00:00,etth1,HUFL,96,43,patchtst,2.615189498357493
2018-01-16 13:00:00,etth1,HUFL,96,43,patchtst,2.6579965701009662
2018-01-16 14:00:00,etth1,HUFL,96,43,patchtst,2.7700588565722604
2018-01-16 15:00:00,etth1,HUFL,96,43,patchtst,2.8592330193609468
2018-01-16 16:00:00,etth1,HUFL,96,43,patchtst,3.3152263348988336
2018-01-16 17:00:00,etth1,HUFL,96,43,patchtst,3.30700926657943
2018-01-16 18:00:00,etth1,HUFL,96,43,patchtst,3.1150026814738414
2018-01-16 19:00:00,etth1,HUFL,96,43,patchtst,2.7994658111542017
2018-01-16 20:00:00,etth1,HUFL,96,43,patchtst,2.7839947405572176
2018-01-16 21:00:00,etth1,HUFL,96,43,patchtst,2.578294994054534
2018-01-16 22:00:00,etth1,HUFL,96,43,patchtst,2.646479188503721
2018-01-16 23:00:00,etth1,HUFL,96,43,patchtst,2.790989974976592
2018-01-17 00:00:00,etth1,HUFL,96,43,patchtst,3.1194262218303623
2018-01-17 01:00:00,etth1,HUFL,96,43,patchtst,3.1171061508938145
2018-01-17 02:00:00,etth1,HUFL,96,43,patchtst,3.0324812424277616
2018-01-17 03:00:00,etth1,HUFL,96,43,patchtst,2.5063227448018126
2018-01-17 04:00:00,etth1,HUFL,96,43,patchtst,2.593239033766672
2018-01-17 05:00:00,etth1,HUFL,96,43,patchtst,2.485133404689359
2018-01-17 06:00:00,etth1,HUFL,96,43,patchtst,2.502312707477102
2018-01-17 07:00:00,etth1,HUFL,96,43,patchtst,2.5204127464671746
2018-01-17 08:00:00,etth1,HUFL,96,43,patchtst,3.075305666443415
2018-01-17 09:00:00,etth1,HUFL,96,43,patchtst,2.6652001364624707
2018-01-17 10:00:00,etth1,HUFL,96,43,patchtst,2.637091360748228
2018-01-17 11:00:00,etth1,HUFL,96,43,patchtst,2.3323276688217156
2018-01-17 12:00:00,etth1,HUFL,96,43,patchtst,2.6049416518872746
2018-01-17 13:00:00,etth1,HUFL,96,43,patchtst,2.87366313442636
2018-01-17 14:00:00,etth1,HUFL,96,43,patchtst,2.9549821172433846
2018-01-17 15:00:00,etth1,HUFL,96,43,patchtst,3.1585037077500755
2018-01-17 16:00:00,etth1,HUFL,96,43,patchtst,3.394578181307518
2018-01-17 17:00:00,etth1,HUFL,96,43,patchtst,3.498414849261907
2018-01-17 18:00:00,etth1,HUFL,96,43,patchtst,3.2596874815075565
2018-01-17 19:00:00,etth1,HUFL,96,43,patchtst,3.0426327019958226
2018-01-17 20:00:00,etth1,HUFL,96,43,patchtst,3.135853615299799
2018-01-17 21:00:00,etth1,HUFL,96,43,patchtst,3.1448281793517388
2018-01-17 22:00:00,etth1,HUFL,96,43,patchtst,3.1090058472186217
2018-01-17 23:00:00,etth1,HUFL,96,43,patchtst,3.2434043053696726
2018-01-18 00:00:00,etth1,HUFL,96,43,patchtst,3.499325881361529
2018-01-18 01:00:00,etth1,HUFL,96,43,patchtst,3.5900679406164007
2018-01-18 02:00:00,etth1,HUFL,96,43,patchtst,3.570977389148918
2018-01-18 03:00:00,etth1,HUFL,96,43,patchtst,3.083109868324884
2018-01-18 04:00:00,etth1,HUFL,96,43,patchtst,3.085575341241182
2018-01-18 05:00:00,etth1,HUFL,96,43,patchtst,3.1642790225754207
2018-01-18 06:00:00,etth1,HUFL,96,43,patchtst,3.250162242223493
2018-01-18 07:00:00,etth1,HUFL,96,43,patchtst,3.382702069719515
2018-01-18 08:00:00,etth1,HUFL,96,43,patchtst,3.5623343611137392
2018-01-18 09:00:00,etth1,HUFL,96,43,patchtst,3.1056283943797367
2018-01-18 10:00:00,etth1,HUFL,96,43,patchtst,3.063328430581207
2018-01-18 11:00:00,etth1,HUFL,96,43,patchtst,2.6327073761784394
2018-01-18 12:00:00,etth1,HUFL,96,43,patchtst,2.6641820525761166
2018-01-18 13:00:00,etth1,HUFL,96,43,patchtst,2.8431303475621745
2018-01-18 14:00:00,etth1,HUFL,96,43,patchtst,2.754554964657112
2018-01-18 15:00:00,etth1,HUFL,96,43,patchtst,2.772845360920131
2018-01-18 16:00:00,etth1,HUFL,96,43,patchtst,3.1920864528357513
2018-01-18 17:00:00,etth1,HUFL,96,43,patchtst,3.1453450948918125
2018-01-18 18:00:00,etth1,HUFL,96,43,patchtst,2.7935016972076916
2018-01-18 19:00:00,etth1,HUFL,96,43,patchtst,2.658373698938787
2018-01-18 20:00:00,etth1,HUFL,96,43,patchtst,2.7550854802454765
2018-01-18 21:00:00,etth1,HUFL,96,43,patchtst,2.7846122889764118
2018-01-18 22:00:00,etth1,HUFL,96,43,patchtst,2.86805707807493
2018-01-18 23:00:00,etth1,HUFL,96,43,patchtst,2.873835632812936
2018-01-19 00:00:00,etth1,HUFL,96,43,patchtst,3.1812060174627903
2018-01-19 01:00:00,etth1,HUFL,96,43,patchtst,3.135863996935001
2018-01-19 02:00:00,etth1,HUFL,96,43,patchtst,3.006764364142549
2018-01-19 03:00:00,etth1,HUFL,96,43,patchtst,2.556941171640256
2018-01-19 04:00:00,etth1,HUFL,96,43,patchtst,2.6012806087031586
2018-01-19 05:00:00,etth1,HUFL,96,43,patchtst,2.6230177563339403
2018-01-19 06:00:00,etth1,HUFL,96,43,patchtst,2.588475081070062
2018-01-19 07:00:00,etth1,HUFL,96,43,patchtst,2.4726493661672424
2018-01-19 08:00:00,etth1,HUFL,96,43,patchtst,2.44908763855528
2018-01-19 09:00:00,etth1,HUFL,96,43,patchtst,2.1426063844906538
2018-01-19 10:00:00,etth1,HUFL,96,43,patchtst,1.936004311674795
2018-01-19 11:00:00,etth1,HUFL,96,43,patchtst,1.9559986531295326
2018-01-19 12:00:00,etth1,HUFL,96,43,patchtst,2.0705489780535196
2018-01-19 13:00:00,etth1,HUFL,96,43,patchtst,2.242194868404796
2018-01-19 14:00:00,etth1,HUFL,96,43,patchtst,2.312846889317201
2018-01-19 15:00:00,etth1,HUFL,96,43,patchtst,2.407754854873899
2018-01-19 16:00:00,etth1,HUFL,96,43,patchtst,2.6827531060985073
2018-01-19 17:00:00,etth1,HUFL,96,43,patchtst,2.7082747556205553
2018-01-19 18:00:00,etth1,HUFL,96,43,patchtst,2.659320092509321
2018-01-19 19:00:00,etth1,HUFL,96,43,patchtst,2.4934232705749313
2018-01-19 20:00:00,etth1,HUFL,96,43,patchtst,2.5408218509844507
2018-01-19 21:00:00,etth1,HUFL,96,43,patchtst,2.573703963999064
2018-01-19 22:00:00,etth1,HUFL,96,43,patchtst,2.554779275227095
2018-01-19 23:00:00,etth1,HUFL,96,43,patchtst,2.6744499507208133
2018-01-20 00:00:00,etth1,HUFL,96,43,patchtst,2.965922962495443
2018-01-20 01:00:00,etth1,HUFL,96,43,patchtst,2.961311474474899
2018-01-20 02:00:00,etth1,HUFL,96,43,patchtst,2.925219118294445
2018-01-20 03:00:00,etth1,HUFL,96,43,patchtst,2.5118327076433586
2018-01-20 04:00:00,etth1,HUFL,96,43,patchtst,2.5418211413919276
2018-01-20 05:00:00,etth1,HUFL,96,43,patchtst,2.5367206239829474
2018-01-20 06:00:00,etth1,HUFL,96,43,patchtst,2.548435032394925
2018-01-20 07:00:00,etth1,HUFL,96,43,patchtst,2.718777444889722
2018-01-20 08:00:00,etth1,HUFL,96,43,patchtst,2.815834989043339
2018-01-20 09:00:00,etth1,HUFL,96,43,patchtst,2.691643309748494
2018-01-20 10:00:00,etth1,HUFL,96,43,patchtst,2.7671979330796765
2018-01-20 11:00:00,etth1,HUFL,96,43,patchtst,2.4378847664419294
2018-01-20 12:00:00,etth1,HUFL,96,43,patchtst,2.3561041796875237
2018-01-20 13:00:00,etth1,HUFL,96,43,patchtst,2.5529870845656166
2018-01-20 14:00:00,etth1,HUFL,96,43,patchtst,2.72263693924587
2018-01-20 15:00:00,etth1,HUFL,96,43,patchtst,3.098955678051827
2018-01-20 16:00:00,etth1,HUFL,96,43,patchtst,3.288600313826438
2018-01-20 17:00:00,etth1,HUFL,96,43,patchtst,3.1874379502684143
2018-01-20 18:00:00,etth1,HUFL,96,43,patchtst,3.159711532616623
2018-01-20 19:00:00,etth1,HUFL,96,43,patchtst,3.108787511855912
2018-01-20 20:00:00,etth1,HUFL,96,43,patchtst,3.1316625798859157
2018-01-20 21:00:00,etth1,HUFL,96,43,patchtst,3.3191815377282836
2018-01-20 22:00:00,etth1,HUFL,96,43,patchtst,3.302890434956193
2018-01-20 23:00:00,etth1,HUFL,96,43,patchtst,3.3687421083181697
2018-01-21 00:00:00,etth1,HUFL,96,43,patchtst,3.7601428611777465
2018-01-21 01:00:00,etth1,HUFL,96,43,patchtst,3.786116571691231
2018-01-21 02:00:00,etth1,HUFL,96,43,patchtst,3.843049079129353
2018-01-21 03:00:00,etth1,HUFL,96,43,patchtst,3.5517019942946626
2018-01-21 04:00:00,etth1,HUFL,96,43,patchtst,3.526454182193661
2018-01-21 05:00:00,etth1,HUFL,96,43,patchtst,3.675121086712879
2018-01-21 06:00:00,etth1,HUFL,96,43,patchtst,3.7443400616879647
2018-01-21 07:00:00,etth1,HUFL,96,43,patchtst,3.8280066450301278
2018-01-21 08:00:00,etth1,HUFL,96,43,patchtst,3.7916141582181733
2018-01-21 09:00:00,etth1,HUFL,96,43,patchtst,3.629051311602806
2018-01-21 10:00:00,etth1,HUFL,96,43,patchtst,3.4270661351652474
2018-01-21 11:00:00,etth1,HUFL,96,43,patchtst,3.0445601182866198
2018-01-21 12:00:00,etth1,HUFL,96,43,patchtst,3.178083170539558
2018-01-21 13:00:00,etth1,HUFL,96,43,patchtst,3.3692825080849933
2018-01-21 14:00:00,etth1,HUFL,96,43,patchtst,3.6857344573547146
2018-01-21 15:00:00,etth1,HUFL,96,43,patchtst,3.999068877022367
2018-01-21 16:00:00,etth1,HUFL,96,43,patchtst,4.207914886859537
2018-01-21 17:00:00,etth1,HUFL,96,43,patchtst,4.229379089730741
2018-01-21 18:00:00,etth1,HUFL,96,43,patchtst,4.172894353188355
2018-01-21 19:00:00,etth1,HUFL,96,43,patchtst,3.9363623101984566
2018-01-21 20:00:00,etth1,HUFL,96,43,patchtst,3.890150821449838
2018-01-21 21:00:00,etth1,HUFL,96,43,patchtst,3.9446109610975344
2018-01-21 22:00:00,etth1,HUFL,96,43,patchtst,3.9598574690821415
2018-01-21 23:00:00,etth1,HUFL,96,43,patchtst,4.0275026587595395
2018-01-22 00:00:00,etth1,HUFL,96,43,patchtst,4.351661785424
2018-01-22 01:00:00,etth1,HUFL,96,43,patchtst,4.470736641816312
2018-01-22 02:00:00,etth1,HUFL,96,43,patchtst,4.625239999694184
2018-01-22 03:00:00,etth1,HUFL,96,43,patchtst,4.136979855527586
2018-01-22 04:00:00,etth1,HUFL,96,43,patchtst,4.161486795559112
2018-01-22 05:00:00,etth1,HUFL,96,43,patchtst,4.274326257427565
2018-01-22 06:00:00,etth1,HUFL,96,43,patchtst,4.227577559965328
2018-01-22 07:00:00,etth1,HUFL,96,43,patchtst,4.333496002669842
2018-01-22 08:00:00,etth1,HUFL,96,43,patchtst,4.569899174046544
2018-01-22 09:00:00,etth1,HUFL,96,43,patchtst,4.4356837601867065
2018-01-22 10:00:00,etth1,HUFL,96,43,patchtst,4.445063905695552
2018-01-22 11:00:00,etth1,HUFL,96,43,patchtst,4.251480373216363
2018-01-22 12:00:00,etth1,HUFL,96,43,patchtst,4.342921860743839
2018-01-22 13:00:00,etth1,HUFL,96,43,patchtst,4.570819631924515
2018-01-22 14:00:00,etth1,HUFL,96,43,patchtst,4.518949250762492
2018-01-22 15:00:00,etth1,HUFL,96,43,patchtst,4.701996055069055
2018-01-22 16:00:00,etth1,HUFL,96,43,patchtst,5.157132853758031
2018-01-22 17:00:00,etth1,HUFL,96,43,patchtst,5.5679220786919865
2018-01-22 18:00:00,etth1,HUFL,96,43,patchtst,5.3922403720482235
2018-01-22 19:00:00,etth1,HUFL,96,43,patchtst,5.1498604328705175
2018-01-22 20:00:00,etth1,HUFL,96,43,patchtst,5.070333891357923
2018-01-22 21:00:00,etth1,HUFL,96,43,patchtst,5.159922778777852
2018-01-22 22:00:00,etth1,HUFL,96,43,patchtst,5.220638400172455
2018-01-22 23:00:00,etth1,HUFL,96,43,patchtst,5.333998157781657
2018-01-23 00:00:00,etth1,HUFL,96,43,patchtst,5.580186565424994
2018-01-23 01:00:00,etth1,HUFL,96,43,patchtst,5.891474952855624
2018-01-23 02:00:00,etth1,HUFL,96,43,patchtst,5.788111996346355
2018-01-23 03:00:00,etth1,HUFL,96,43,patchtst,5.332386837054265
2018-01-23 04:00:00,etth1,HUFL,96,43,patchtst,5.3018836293944895
2018-01-23 05:00:00,etth1,HUFL,96,43,patchtst,5.476123263780289
2018-01-23 06:00:00,etth1,HUFL,96,43,patchtst,5.608401176113898
2018-01-23 07:00:00,etth1,HUFL,96,43,patchtst,5.494154665509309
2018-01-23 08:00:00,etth1,HUFL,96,43,patchtst,5.472026550925548
2018-01-23 09:00:00,etth1,HUFL,96,43,patchtst,5.074385194354943
2018-01-23 10:00:00,etth1,HUFL,96,43,patchtst,4.683137363745535
2018-01-23 11:00:00,etth1,HUFL,96,43,patchtst,4.5806319650158365
2018-01-23 12:00:00,etth1,HUFL,96,43,patchtst,4.677547843436719
2018-01-23 13:00:00,etth1,HUFL,96,43,patchtst,4.775069677651896
2018-01-23 14:00:00,etth1,HUFL,96,43,patchtst,4.854366117515671
2018-01-23 15:00:00,etth1,HUFL,96,43,patchtst,4.92000014860615
2018-01-23 16:00:00,etth1,HUFL,96,43,patchtst,5.455709924351178
2018-01-23 17:00:00,etth1,HUFL,96,43,patchtst,5.431480590005876
2018-01-23 18:00:00,etth1,HUFL,96,43,patchtst,5.265863253836524
2018-01-23 19:00:00,etth1,HUFL,96,43,patchtst,5.10298040521593
2018-01-23 20:00:00,etth1,HUFL,96,43,patchtst,5.163004149388526
2018-01-23 21:00:00,etth1,HUFL,96,43,patchtst,5.208110185326372
2018-01-23 22:00:00,etth1,HUFL,96,43,patchtst,5.224277147043046
2018-01-23 23:00:00,etth1,HUFL,96,43,patchtst,5.414765172435874
2018-01-24 00:00:00,etth1,HUFL,96,43,patchtst,5.736591121528442
2018-01-24 01:00:00,etth1,HUFL,96,43,patchtst,5.912384146174047
2018-01-24 02:00:00,etth1,HUFL,96,43,patchtst,5.823321951869548
2018-01-24 03:00:00,etth1,HUFL,96,43,patchtst,5.438466084321497
2018-01-24 04:00:00,etth1,HUFL,96,43,patchtst,5.352951888336759
2018-01-24 05:00:00,etth1,HUFL,96,43,patchtst,5.547163915155012
2018-01-24 06:00:00,etth1,HUFL,96,43,patchtst,5.629493402128076
2018-01-24 07:00:00,etth1,HUFL,96,43,patchtst,5.6549000842433275
2018-01-24 08:00:00,etth1,HUFL,96,43,patchtst,5.749601097702734
2018-01-24 09:00:00,etth1,HUFL,96,43,patchtst,5.23654187386153
2018-01-24 10:00:00,etth1,HUFL,96,43,patchtst,4.986227318176103
2018-01-24 11:00:00,etth1,HUFL,96,43,patchtst,4.480999608680358
2018-01-24 12:00:00,etth1,HUFL,96,43,patchtst,4.379863700553061
2018-01-24 13:00:00,etth1,HUFL,96,43,patchtst,4.822304182684575
2018-01-24 14:00:00,etth1,HUFL,96,43,patchtst,5.008637959360532
2018-01-24 15:00:00,etth1,HUFL,96,43,patchtst,5.088525794589715
2018-01-24 16:00:00,etth1,HUFL,96,43,patchtst,5.6527332471806995
2018-01-24 17:00:00,etth1,HUFL,96,43,patchtst,5.551367951878601
2018-01-24 18:00:00,etth1,HUFL,96,43,patchtst,5.100326157209742
2018-01-24 19:00:00,etth1,HUFL,96,43,patchtst,4.8734055468245545
2018-01-24 20:00:00,etth1,HUFL,96,43,patchtst,4.792593941097383
2018-01-24 21:00:00,etth1,HUFL,96,43,patchtst,4.7646123623008085
2018-01-24 22:00:00,etth1,HUFL,96,43,patchtst,4.648406807033303
2018-01-24 23:00:00,etth1,HUFL,96,43,patchtst,4.835032937774205
2018-01-25 00:00:00,etth1,HUFL,96,43,patchtst,5.206847445414222
2018-01-25 01:00:00,etth1,HUFL,96,43,patchtst,5.327502768957858
2018-01-25 02:00:00,etth1,HUFL,96,43,patchtst,5.1651268020309
2018-01-25 03:00:00,etth1,HUFL,96,43,patchtst,4.88792895607693
2018-01-25 04:00:00,etth1,HUFL,96,43,patchtst,4.906610128040765
2018-01-25 05:00:00,etth1,HUFL,96,43,patchtst,4.974702843397102
2018-01-25 06:00:00,etth1,HUFL,96,43,patchtst,5.072232914250379
2018-01-25 07:00:00,etth1,HUFL,96,43,patchtst,5.129796179115016
2018-01-25 08:00:00,etth1,HUFL,96,43,patchtst,5.1117647506602575
2018-01-25 09:00:00,etth1,HUFL,96,43,patchtst,4.742141959169553
2018-01-25 10:00:00,etth1,HUFL,96,43,patchtst,4.425652906694741
2018-01-25 11:00:00,etth1,HUFL,96,43,patchtst,3.817623827726417
2018-01-25 12:00:00,etth1,HUFL,96,43,patchtst,3.8185982166700527
2018-01-25 13:00:00,etth1,HUFL,96,43,patchtst,3.7907545826392712
2018-01-25 14:00:00,etth1,HUFL,96,43,patchtst,4.011261196638792
2018-01-25 15:00:00,etth1,HUFL,96,43,patchtst,4.284922907595014
2018-01-25 16:00:00,etth1,HUFL,96,43,patchtst,4.665393928027746
2018-01-25 17:00:00,etth1,HUFL,96,43,patchtst,4.5006863391518666
2018-01-25 18:00:00,etth1,HUFL,96,43,patchtst,4.262009191106199
2018-01-25 19:00:00,etth1,HUFL,96,43,patchtst,4.124895887378334
2018-01-25 20:00:00,etth1,HUFL,96,43,patchtst,3.9854500256856045
2018-01-25 21:00:00,etth1,HUFL,96,43,patchtst,4.1361977887725025
2018-01-25 22:00:00,etth1,HUFL,96,43,patchtst,4.192614500765742
2018-01-25 23:00:00,etth1,HUFL,96,43,patchtst,4.345853367617306
2018-01-26 00:00:00,etth1,HUFL,96,43,patchtst,4.49248727809309
2018-01-26 01:00:00,etth1,HUFL,96,43,patchtst,4.472349936696386
2018-01-26 02:00:00,etth1,HUFL,96,43,patchtst,4.341063479723323
2018-01-26 03:00:00,etth1,HUFL,96,43,patchtst,3.7298165342223446
2018-01-26 04:00:00,etth1,HUFL,96,43,patchtst,3.4749258677980728
2018-01-26 05:00:00,etth1,HUFL,96,43,patchtst,3.8449533278840824
2018-01-26 06:00:00,etth1,HUFL,96,43,patchtst,3.909476810293318
2018-01-26 07:00:00,etth1,HUFL,96,43,patchtst,4.251881190195594
2018-01-26 08:00:00,etth1,HUFL,96,43,patchtst,4.228750508385989
2018-01-26 09:00:00,etth1,HUFL,96,43,patchtst,4.033526634265516
2018-01-26 10:00:00,etth1,HUFL,96,43,patchtst,3.697488315330626
2018-01-26 11:00:00,etth1,HUFL,96,43,patchtst,3.179437321547941
2018-01-26 12:00:00,etth1,HUFL,96,43,patchtst,2.890538973892618
2018-01-26 13:00:00,etth1,HUFL,96,43,patchtst,2.9963022619328954
2018-01-26 14:00:00,etth1,HUFL,96,43,patchtst,3.286016531335642
2018-01-26 15:00:00,etth1,HUFL,96,43,patchtst,3.4139748489633726
2018-01-26 16:00:00,etth1,HUFL,96,43,patchtst,3.705962599957875
2018-01-26 17:00:00,etth1,HUFL,96,43,patchtst,3.7853192089821697
2018-01-26 18:00:00,etth1,HUFL,96,43,patchtst,3.559155435144324
2018-01-26 19:00:00,etth1,HUFL,96,43,patchtst,3.4421316008194545
2018-01-26 20:00:00,etth1,HUFL,96,43,patchtst,3.266269210246712
2018-01-26 21:00:00,etth1,HUFL,96,43,patchtst,3.473924843817779
2018-01-26 22:00:00,etth1,HUFL,96,43,patchtst,3.568026864114779
2018-01-26 23:00:00,etth1,HUFL,96,43,patchtst,3.489328085610294
2018-01-27 00:00:00,etth1,HUFL,96,43,patchtst,3.4778172581771094
2018-01-27 01:00:00,etth1,HUFL,96,43,patchtst,3.6754992320288515
2018-01-27 02:00:00,etth1,HUFL,96,43,patchtst,3.79572229690567
2018-01-27 03:00:00,etth1,HUFL,96,43,patchtst,3.233730565733396
2018-01-27 04:00:00,etth1,HUFL,96,43,patchtst,3.0109144557329954
2018-01-27 05:00:00,etth1,HUFL,96,43,patchtst,3.2061177445408653
2018-01-27 06:00:00,etth1,HUFL,96,43,patchtst,3.368554700406238
2018-01-27 07:00:00,etth1,HUFL,96,43,patchtst,3.587095912708195
2018-01-27 08:00:00,etth1,HUFL,96,43,patchtst,3.61042025505581
2018-01-27 09:00:00,etth1,HUFL,96,43,patchtst,3.3713818276859917
2018-01-27 10:00:00,etth1,HUFL,96,43,patchtst,2.9844313718985513
2018-01-27 11:00:00,etth1,HUFL,96,43,patchtst,2.70714681024636
2018-01-27 12:00:00,etth1,HUFL,96,43,patchtst,2.183028558604424
2018-01-27 13:00:00,etth1,HUFL,96,43,patchtst,2.230287567631428
2018-01-27 14:00:00,etth1,HUFL,96,43,patchtst,2.3684511245204805
2018-01-27 15:00:00,etth1,HUFL,96,43,patchtst,2.5431103259440673
2018-01-27 16:00:00,etth1,HUFL,96,43,patchtst,3.097102239394703
2018-01-27 17:00:00,etth1,HUFL,96,43,patchtst,3.3862237984039556
2018-01-27 18:00:00,etth1,HUFL,96,43,patchtst,3.0481392993617304
2018-01-27 19:00:00,etth1,HUFL,96,43,patchtst,2.898089161695013
2018-01-27 20:00:00,etth1,HUFL,96,43,patchtst,2.530256853259557
2018-01-27 21:00:00,etth1,HUFL,96,43,patchtst,2.5571817531881855
2018-01-27 22:00:00,etth1,HUFL,96,43,patchtst,2.798052524915336
2018-01-27 23:00:00,etth1,HUFL,96,43,patchtst,2.9164157828637793
2018-01-28 00:00:00,etth1,HUFL,96,43,patchtst,2.8687999477788892
2018-01-28 01:00:00,etth1,HUFL,96,43,patchtst,3.2729444853311507
2018-01-28 02:00:00,etth1,HUFL,96,43,patchtst,3.4605930667242775
2018-01-28 03:00:00,etth1,HUFL,96,43,patchtst,2.984664027762845
2018-01-28 04:00:00,etth1,HUFL,96,43,patchtst,2.7245948880692388
2018-01-28 05:00:00,etth1,HUFL,96,43,patchtst,2.739342987893526
2018-01-28 06:00:00,etth1,HUFL,96,43,patchtst,2.910913770249882
2018-01-28 07:00:00,etth1,HUFL,96,43,patchtst,3.161530782860424
2018-01-28 08:00:00,etth1,HUFL,96,43,patchtst,3.5139511042830684
2018-01-28 09:00:00,etth1,HUFL,96,43,patchtst,3.500802419844645
2018-01-28 10:00:00,etth1,HUFL,96,43,patchtst,3.2501321330023534
2018-01-28 11:00:00,etth1,HUFL,96,43,patchtst,2.968769743706465
2018-01-28 12:00:00,etth1,HUFL,96,43,patchtst,2.6851003712529686
2018-01-28 13:00:00,etth1,HUFL,96,43,patchtst,2.654355374483547
2018-01-28 14:00:00,etth1,HUFL,96,43,patchtst,2.8793361832426467
2018-01-28 15:00:00,etth1,HUFL,96,43,patchtst,2.9672067781542637
2018-01-28 16:00:00,etth1,HUFL,96,43,patchtst,3.543119916056451
2018-01-28 17:00:00,etth1,HUFL,96,43,patchtst,3.8158185692291102
2018-01-28 18:00:00,etth1,HUFL,96,43,patchtst,3.5393074137990994
2018-01-28 19:00:00,etth1,HUFL,96,43,patchtst,3.66651652106679
2018-01-28 20:00:00,etth1,HUFL,96,43,patchtst,3.3192640825066615
2018-01-28 21:00:00,etth1,HUFL,96,43,patchtst,3.139191022079044
2018-01-28 22:00:00,etth1,HUFL,96,43,patchtst,3.2652005566690065
2018-01-28 23:00:00,etth1,HUFL,96,43,patchtst,3.410742909890389
2018-01-29 00:00:00,etth1,HUFL,96,43,patchtst,3.436567980221478
2018-01-29 01:00:00,etth1,HUFL,96,43,patchtst,3.727991848924249
2018-01-29 02:00:00,etth1,HUFL,96,43,patchtst,4.02258058601766
2018-01-29 03:00:00,etth1,HUFL,96,43,patchtst,3.676087480291528
2018-01-29 04:00:00,etth1,HUFL,96,43,patchtst,3.2988746116064305
2018-01-29 05:00:00,etth1,HUFL,96,43,patchtst,3.3332386787688164
2018-01-29 06:00:00,etth1,HUFL,96,43,patchtst,3.6526740715356545
2018-01-29 07:00:00,etth1,HUFL,96,43,patchtst,3.736760917963436
2018-01-29 08:00:00,etth1,HUFL,96,43,patchtst,3.9389686836579294
2018-01-29 09:00:00,etth1,HUFL,96,43,patchtst,4.0285887012809685
2018-01-29 10:00:00,etth1,HUFL,96,43,patchtst,4.264393837831467
2018-01-29 11:00:00,etth1,HUFL,96,43,patchtst,4.565834495117717
2018-01-29 12:00:00,etth1,HUFL,96,43,patchtst,4.2000068456587565
2018-01-29 13:00:00,etth1,HUFL,96,43,patchtst,4.218208836327985
2018-01-29 14:00:00,etth1,HUFL,96,43,patchtst,4.314732097607983
2018-01-29 15:00:00,etth1,HUFL,96,43,patchtst,4.3851865491426105
2018-01-29 16:00:00,etth1,HUFL,96,43,patchtst,4.490430078380224
2018-01-29 17:00:00,etth1,HUFL,96,43,patchtst,4.606041494402876
2018-01-29 18:00:00,etth1,HUFL,96,43,patchtst,4.087595843428571
2018-01-29 19:00:00,etth1,HUFL,96,43,patchtst,3.931692442881341
2018-01-29 20:00:00,etth1,HUFL,96,43,patchtst,4.13639089196468
2018-01-29 21:00:00,etth1,HUFL,96,43,patchtst,4.170139025628809
2018-01-29 22:00:00,etth1,HUFL,96,43,patchtst,4.152876915577303
2018-01-29 23:00:00,etth1,HUFL,96,43,patchtst,4.23112382877382
2018-01-30 00:00:00,etth1,HUFL,96,43,patchtst,4.3358797061718315
2018-01-30 01:00:00,etth1,HUFL,96,43,patchtst,4.368922536127031
2018-01-30 02:00:00,etth1,HUFL,96,43,patchtst,4.392538603556456
2018-01-30 03:00:00,etth1,HUFL,96,43,patchtst,4.403768826948148
2018-01-30 04:00:00,etth1,HUFL,96,43,patchtst,4.362048053203306
2018-01-30 05:00:00,etth1,HUFL,96,43,patchtst,4.222021642015153
2018-01-30 06:00:00,etth1,HUFL,96,43,patchtst,4.331786967176931
2018-01-30 07:00:00,etth1,HUFL,96,43,patchtst,4.264126358759124
2018-01-30 08:00:00,etth1,HUFL,96,43,patchtst,4.662804317979968
2018-01-30 09:00:00,etth1,HUFL,96,43,patchtst,4.546005367995825
2018-01-30 10:00:00,etth1,HUFL,96,43,patchtst,4.797763920423303
2018-01-30 11:00:00,etth1,HUFL,96,43,patchtst,5.12972083653472
2018-01-30 12:00:00,etth1,HUFL,96,43,patchtst,5.114082067293613
2018-01-30 13:00:00,etth1,HUFL,96,43,patchtst,4.97576369599692
2018-01-30 14:00:00,etth1,HUFL,96,43,patchtst,5.178821430807834
2018-01-30 15:00:00,etth1,HUFL,96,43,patchtst,4.898715448142023
2018-01-30 16:00:00,etth1,HUFL,96,43,patchtst,4.673197518802002
2018-01-30 17:00:00,etth1,HUFL,96,43,patchtst,4.77208157506678
2018-01-30 18:00:00,etth1,HUFL,96,43,patchtst,4.445935421164463
2018-01-30 19:00:00,etth1,HUFL,96,43,patchtst,4.178500732904829
2018-01-30 20:00:00,etth1,HUFL,96,43,patchtst,4.3925706927442745
2018-01-30 21:00:00,etth1,HUFL,96,43,patchtst,4.528117226905096
2018-01-30 22:00:00,etth1,HUFL,96,43,patchtst,4.5718865028180415
2018-01-30 23:00:00,etth1,HUFL,96,43,patchtst,4.597148525617704
2018-01-31 00:00:00,etth1,HUFL,96,43,patchtst,4.633719610251913
2018-01-31 01:00:00,etth1,HUFL,96,43,patchtst,4.45863841088243
2018-01-31 02:00:00,etth1,HUFL,96,43,patchtst,4.3627066002345165
2018-01-31 03:00:00,etth1,HUFL,96,43,patchtst,4.322637078208749
2018-01-31 04:00:00,etth1,HUFL,96,43,patchtst,4.411018493079115
2018-01-31 05:00:00,etth1,HUFL,96,43,patchtst,4.474945390408791
2018-01-31 06:00:00,etth1,HUFL,96,43,patchtst,4.44824406441984
2018-01-31 07:00:00,etth1,HUFL,96,43,patchtst,4.453995022145417
2018-01-31 08:00:00,etth1,HUFL,96,43,patchtst,4.483539957584813
2018-01-31 09:00:00,etth1,HUFL,96,43,patchtst,4.350641667275355
2018-01-31 10:00:00,etth1,HUFL,96,43,patchtst,4.455657873941401
2018-01-31 11:00:00,etth1,HUFL,96,43,patchtst,4.734196569225622
2018-01-31 12:00:00,etth1,HUFL,96,43,patchtst,4.960916745861869
2018-01-31 13:00:00,etth1,HUFL,96,43,patchtst,5.23253408625284
2018-01-31 14:00:00,etth1,HUFL,96,43,patchtst,5.447726700478104
2018-01-31 15:00:00,etth1,HUFL,96,43,patchtst,5.4022406447973355
2018-01-31 16:00:00,etth1,HUFL,96,43,patchtst,5.429405729326878
2018-01-31 17:00:00,etth1,HUFL,96,43,patchtst,5.439046695179523
2018-01-31 18:00:00,etth1,HUFL,96,43,patchtst,5.430971242155238
2018-01-31 19:00:00,etth1,HUFL,96,43,patchtst,5.490917205542494
2018-01-31 20:00:00,etth1,HUFL,96,43,patchtst,5.599907166953074
2018-01-31 21:00:00,etth1,HUFL,96,43,patchtst,5.572654300881002
2018-01-31 22:00:00,etth1,HUFL,96,43,patchtst,5.520382012716349
2018-01-31 23:00:00,etth1,HUFL,96,43,patchtst,5.529024746569598
2018-02-01 00:00:00,etth1,HUFL,96,43,patchtst,5.621337430428494
2018-02-01 01:00:00,etth1,HUFL,96,43,patchtst,5.502106813107578
2018-02-01 02:00:00,etth1,HUFL,96,43,patchtst,5.405276723113484
2018-02-01 03:00:00,etth1,HUFL,96,43,patchtst,5.443167200736653
2018-02-01 04:00:00,etth1,HUFL,96,43,patchtst,5.523398903672867
2018-02-01 05:00:00,etth1,HUFL,96,43,patchtst,5.5296824664146405
2018-02-01 06:00:00,etth1,HUFL,96,43,patchtst,5.526540452807811
2018-02-01 07:00:00,etth1,HUFL,96,43,patchtst,5.634087119221121
2018-02-01 08:00:00,etth1,HUFL,96,43,patchtst,5.722027162611777
2018-02-01 09:00:00,etth1,HUFL,96,43,patchtst,5.2022004684812755
2018-02-01 10:00:00,etth1,HUFL,96,43,patchtst,4.728471818650605
2018-02-01 11:00:00,etth1,HUFL,96,43,patchtst,5.176466182968203
2018-02-01 12:00:00,etth1,HUFL,96,43,patchtst,4.294565503087981
2018-02-01 13:00:00,etth1,HUFL,96,43,patchtst,4.825387063723302
2018-02-01 14:00:00,etth1,HUFL,96,43,patchtst,4.963943604023124
2018-02-01 15:00:00,etth1,HUFL,96,43,patchtst,4.711219385368566
2018-02-01 16:00:00,etth1,HUFL,96,43,patchtst,5.117329822350261
2018-02-01 17:00:00,etth1,HUFL,96,43,patchtst,5.0466749291182955
2018-02-01 18:00:00,etth1,HUFL,96,43,patchtst,4.977921896421384
2018-02-01 19:00:00,etth1,HUFL,96,43,patchtst,5.113496873470329
2018-02-01 20:00:00,etth1,HUFL,96,43,patchtst,4.966061793999148
2018-02-01 21:00:00,etth1,HUFL,96,43,patchtst,5.152016752450611
2018-02-01 22:00:00,etth1,HUFL,96,43,patchtst,5.103694969879349
2018-02-01 23:00:00,etth1,HUFL,96,43,patchtst,5.073908980781174
2018-02-02 00:00:00,etth1,HUFL,96,43,patchtst,5.129828115621748
2018-02-02 01:00:00,etth1,HUFL,96,43,patchtst,4.866803237645218
2018-02-02 02:00:00,etth1,HUFL,96,43,patchtst,4.794819651131372
2018-02-02 03:00:00,etth1,HUFL,96,43,patchtst,5.113174239374186
2018-02-02 04:00:00,etth1,HUFL,96,43,patchtst,4.946796705064278
2018-02-02 05:00:00,etth1,HUFL,96,43,patchtst,5.246334949694908
2018-02-02 06:00:00,etth1,HUFL,96,43,patchtst,5.108741848135498
2018-02-02 07:00:00,etth1,HUFL,96,43,patchtst,5.2191801818887535
2018-02-02 08:00:00,etth1,HUFL,96,43,patchtst,5.208828068037599
2018-02-02 09:00:00,etth1,HUFL,96,43,patchtst,4.439295650870016
2018-02-02 10:00:00,etth1,HUFL,96,43,patchtst,3.9080502713742695
2018-02-02 11:00:00,etth1,HUFL,96,43,patchtst,4.063697720977822
2018-02-02 12:00:00,etth1,HUFL,96,43,patchtst,3.955783639014346
2018-02-02 13:00:00,etth1,HUFL,96,43,patchtst,4.23606483201232
2018-02-02 14:00:00,etth1,HUFL,96,43,patchtst,4.047421449107304
2018-02-02 15:00:00,etth1,HUFL,96,43,patchtst,4.181123858132141
2018-02-02 16:00:00,etth1,HUFL,96,43,patchtst,4.3703017111819085
2018-02-02 17:00:00,etth1,HUFL,96,43,patchtst,4.3440659307984815
2018-02-02 18:00:00,etth1,HUFL,96,43,patchtst,4.386033081853029
2018-02-02 19:00:00,etth1,HUFL,96,43,patchtst,4.547910928820066
2018-02-02 20:00:00,etth1,HUFL,96,43,patchtst,4.555317312412545
2018-02-02 21:00:00,etth1,HUFL,96,43,patchtst,4.6017212267298255
2018-02-02 22:00:00,etth1,HUFL,96,43,patchtst,4.6373673387832115
2018-02-02 23:00:00,etth1,HUFL,96,43,patchtst,4.626682522843889
2018-02-03 00:00:00,etth1,HUFL,96,43,patchtst,4.5226021154374285
2018-02-03 01:00:00,etth1,HUFL,96,43,patchtst,4.227201911120022
2018-02-03 02:00:00,etth1,HUFL,96,43,patchtst,4.309559661273698
2018-02-03 03:00:00,etth1,HUFL,96,43,patchtst,4.513535265958743
2018-02-03 04:00:00,etth1,HUFL,96,43,patchtst,4.470602843793965
2018-02-03 05:00:00,etth1,HUFL,96,43,patchtst,4.585030182024137
2018-02-03 06:00:00,etth1,HUFL,96,43,patchtst,4.620118323044339
2018-02-03 07:00:00,etth1,HUFL,96,43,patchtst,4.8130148353242985
2018-02-03 08:00:00,etth1,HUFL,96,43,patchtst,4.936738840592856
2018-02-03 09:00:00,etth1,HUFL,96,43,patchtst,4.113141606790684
2018-02-03 10:00:00,etth1,HUFL,96,43,patchtst,3.70685084409171
2018-02-03 11:00:00,etth1,HUFL,96,43,patchtst,4.013901618515303
2018-02-03 12:00:00,etth1,HUFL,96,43,patchtst,3.8918974369919526
2018-02-03 13:00:00,etth1,HUFL,96,43,patchtst,4.376548045452024
2018-02-03 14:00:00,etth1,HUFL,96,43,patchtst,3.882040248873421
2018-02-03 15:00:00,etth1,HUFL,96,43,patchtst,3.9951455151721347
2018-02-03 16:00:00,etth1,HUFL,96,43,patchtst,4.08975665057121
2018-02-03 17:00:00,etth1,HUFL,96,43,patchtst,4.190807192397512
2018-02-03 18:00:00,etth1,HUFL,96,43,patchtst,4.282000815394328
2018-02-03 19:00:00,etth1,HUFL,96,43,patchtst,4.232974540227087
2018-02-03 20:00:00,etth1,HUFL,96,43,patchtst,4.223259751782122
2018-02-03 21:00:00,etth1,HUFL,96,43,patchtst,4.3809428589053825
2018-02-03 22:00:00,etth1,HUFL,96,43,patchtst,4.355573470795031
2018-02-03 23:00:00,etth1,HUFL,96,43,patchtst,4.430925511076971
2018-02-04 00:00:00,etth1,HUFL,96,43,patchtst,4.326701018542637
2018-02-04 01:00:00,etth1,HUFL,96,43,patchtst,3.9811305395660903
2018-02-04 02:00:00,etth1,HUFL,96,43,patchtst,3.900600559247591
2018-02-04 03:00:00,etth1,HUFL,96,43,patchtst,4.220418792423093
2018-02-04 04:00:00,etth1,HUFL,96,43,patchtst,4.132746447537572
2018-02-04 05:00:00,etth1,HUFL,96,43,patchtst,4.379876663397685
2018-02-04 06:00:00,etth1,HUFL,96,43,patchtst,4.353657484892465
2018-02-04 07:00:00,etth1,HUFL,96,43,patchtst,4.521497223667436
2018-02-04 08:00:00,etth1,HUFL,96,43,patchtst,4.667076127735689
2018-02-04 09:00:00,etth1,HUFL,96,43,patchtst,3.6012332004295957
2018-02-04 10:00:00,etth1,HUFL,96,43,patchtst,3.588041325641708
2018-02-04 11:00:00,etth1,HUFL,96,43,patchtst,4.067638507020917
2018-02-04 12:00:00,etth1,HUFL,96,43,patchtst,3.7211814008546824
2018-02-04 13:00:00,etth1,HUFL,96,43,patchtst,3.28211098474542
2018-02-04 14:00:00,etth1,HUFL,96,43,patchtst,3.2455014668015782
2018-02-04 15:00:00,etth1,HUFL,96,43,patchtst,3.3541971401206396
2018-02-04 16:00:00,etth1,HUFL,96,43,patchtst,3.4883895582951876
2018-02-04 17:00:00,etth1,HUFL,96,43,patchtst,3.262585891480222
2018-02-04 18:00:00,etth1,HUFL,96,43,patchtst,3.3787628965769394
2018-02-04 19:00:00,etth1,HUFL,96,43,patchtst,3.4450371309466306
2018-02-04 20:00:00,etth1,HUFL,96,43,patchtst,3.297224122180723
2018-02-04 21:00:00,etth1,HUFL,96,43,patchtst,3.3626831523651326
2018-02-04 22:00:00,etth1,HUFL,96,43,patchtst,3.173405859096634
2018-02-04 23:00:00,etth1,HUFL,96,43,patchtst,3.159632924134724
2018-02-05 00:00:00,etth1,HUFL,96,43,patchtst,3.108907926535886
2018-02-05 01:00:00,etth1,HUFL,96,43,patchtst,2.8699975420596613
2018-02-05 02:00:00,etth1,HUFL,96,43,patchtst,2.8580826245068316
2018-02-05 03:00:00,etth1,HUFL,96,43,patchtst,3.0631083389111224
2018-02-05 04:00:00,etth1,HUFL,96,43,patchtst,2.981703924572655
2018-02-05 05:00:00,etth1,HUFL,96,43,patchtst,3.2645256911950664
2018-02-05 06:00:00,etth1,HUFL,96,43,patchtst,3.316226533627525
2018-02-05 07:00:00,etth1,HUFL,96,43,patchtst,3.5910585428604462
2018-02-05 08:00:00,etth1,HUFL,96,43,patchtst,3.567140412407801
2018-02-05 09:00:00,etth1,HUFL,96,43,patchtst,3.0172511815127105
2018-02-05 10:00:00,etth1,HUFL,96,43,patchtst,3.173842308417783
2018-02-05 11:00:00,etth1,HUFL,96,43,patchtst,3.538806878927494
2018-02-05 12:00:00,etth1,HUFL,96,43,patchtst,3.0294092508771158
2018-02-05 13:00:00,etth1,HUFL,96,43,patchtst,2.6781808684908497
2018-02-05 14:00:00,etth1,HUFL,96,43,patchtst,2.520532366540925
2018-02-05 15:00:00,etth1,HUFL,96,43,patchtst,2.9545797388252724
2018-02-05 16:00:00,etth1,HUFL,96,43,patchtst,2.7822878932887747
2018-02-05 17:00:00,etth1,HUFL,96,43,patchtst,2.4133957439253737
2018-02-05 18:00:00,etth1,HUFL,96,43,patchtst,2.3511817973198212
2018-02-05 19:00:00,etth1,HUFL,96,43,patchtst,2.28775221798851
2018-02-05 20:00:00,etth1,HUFL,96,43,patchtst,2.121251438679287
2018-02-05 21:00:00,etth1,HUFL,96,43,patchtst,2.207875818900115
2018-02-05 22:00:00,etth1,HUFL,96,43,patchtst,2.2101408515574907
2018-02-05 23:00:00,etth1,HUFL,96,43,patchtst,2.2521804932588942
2018-02-06 00:00:00,etth1,HUFL,96,43,patchtst,2.3267944985895372
2018-02-06 01:00:00,etth1,HUFL,96,43,patchtst,2.3229358826959845
2018-02-06 02:00:00,etth1,HUFL,96,43,patchtst,2.2730118296026247
2018-02-06 03:00:00,etth1,HUFL,96,43,patchtst,2.343582776936433
2018-02-06 04:00:00,etth1,HUFL,96,43,patchtst,2.309631895492452
2018-02-06 05:00:00,etth1,HUFL,96,43,patchtst,2.529028897892259
2018-02-06 06:00:00,etth1,HUFL,96,43,patchtst,2.4387002058588068
2018-02-06 07:00:00,etth1,HUFL,96,43,patchtst,2.4546997720333734
2018-02-06 08:00:00,etth1,HUFL,96,43,patchtst,2.7071603798888617
2018-02-06 09:00:00,etth1,HUFL,96,43,patchtst,2.8653842386091064
2018-02-06 10:00:00,etth1,HUFL,96,43,patchtst,2.9516317909646577
2018-02-06 11:00:00,etth1,HUFL,96,43,patchtst,3.3607538456994264
2018-02-06 12:00:00,etth1,HUFL,96,43,patchtst,3.532595573416677
2018-02-06 13:00:00,etth1,HUFL,96,43,patchtst,3.3109593189778344
2018-02-06 14:00:00,etth1,HUFL,96,43,patchtst,3.458516009074184
2018-02-06 15:00:00,etth1,HUFL,96,43,patchtst,3.576876276543393
2018-02-06 16:00:00,etth1,HUFL,96,43,patchtst,3.2136140842150005
2018-02-06 17:00:00,etth1,HUFL,96,43,patchtst,3.093381542329561
2018-02-06 18:00:00,etth1,HUFL,96,43,patchtst,2.8860799504448766
2018-02-06 19:00:00,etth1,HUFL,96,43,patchtst,2.728162181602696
2018-02-06 20:00:00,etth1,HUFL,96,43,patchtst,2.6198826743839447
2018-02-06 21:00:00,etth1,HUFL,96,43,patchtst,2.6947330040418493
2018-02-06 22:00:00,etth1,HUFL,96,43,patchtst,2.6557491386310796
2018-02-06 23:00:00,etth1,HUFL,96,43,patchtst,2.642393463727159
2018-02-07 00:00:00,etth1,HUFL,96,43,patchtst,2.665745867608961
2018-02-07 01:00:00,etth1,HUFL,96,43,patchtst,3.002088933565736
2018-02-07 02:00:00,etth1,HUFL,96,43,patchtst,2.952647982326251
2018-02-07 03:00:00,etth1,HUFL,96,43,patchtst,2.965353281882185
2018-02-07 04:00:00,etth1,HUFL,96,43,patchtst,2.881450654909147
2018-02-07 05:00:00,etth1,HUFL,96,43,patchtst,3.0687188274659896
2018-02-07 06:00:00,etth1,HUFL,96,43,patchtst,2.945810515912267
2018-02-07 07:00:00,etth1,HUFL,96,43,patchtst,2.694906835782812
2018-02-07 08:00:00,etth1,HUFL,96,43,patchtst,2.9198529634339287
2018-02-07 09:00:00,etth1,HUFL,96,43,patchtst,3.4360119947593013
2018-02-07 10:00:00,etth1,HUFL,96,43,patchtst,3.542568078027624
2018-02-07 11:00:00,etth1,HUFL,96,43,patchtst,3.5435111895031426
2018-02-07 12:00:00,etth1,HUFL,96,43,patchtst,3.691384627117905
2018-02-07 13:00:00,etth1,HUFL,96,43,patchtst,3.5890424857558805
2018-02-07 14:00:00,etth1,HUFL,96,43,patchtst,3.7269507712806003
2018-02-07 15:00:00,etth1,HUFL,96,43,patchtst,3.5366012704968064
2018-02-07 16:00:00,etth1,HUFL,96,43,patchtst,3.266254194374573
2018-02-07 17:00:00,etth1,HUFL,96,43,patchtst,3.2550206549087783
2018-02-07 18:00:00,etth1,HUFL,96,43,patchtst,3.2104883740680896
2018-02-07 19:00:00,etth1,HUFL,96,43,patchtst,3.2911281697588386
2018-02-07 20:00:00,etth1,HUFL,96,43,patchtst,3.1184299893295653
2018-02-07 21:00:00,etth1,HUFL,96,43,patchtst,3.146700070486144
2018-02-07 22:00:00,etth1,HUFL,96,43,patchtst,3.262122833213832
2018-02-07 23:00:00,etth1,HUFL,96,43,patchtst,2.943272772266757
2018-02-08 00:00:00,etth1,HUFL,96,43,patchtst,3.0957175332158644
2018-02-08 01:00:00,etth1,HUFL,96,43,patchtst,3.3259694999290246
2018-02-08 02:00:00,etth1,HUFL,96,43,patchtst,3.2471066663656543
2018-02-08 03:00:00,etth1,HUFL,96,43,patchtst,3.2956088280686635
2018-02-08 04:00:00,etth1,HUFL,96,43,patchtst,3.2755347637315686
2018-02-08 05:00:00,etth1,HUFL,96,43,patchtst,3.32497246044317
2018-02-08 06:00:00,etth1,HUFL,96,43,patchtst,3.249372877808071
2018-02-08 07:00:00,etth1,HUFL,96,43,patchtst,2.998458559675406
2018-02-08 08:00:00,etth1,HUFL,96,43,patchtst,3.1510833454853753
2018-02-08 09:00:00,etth1,HUFL,96,43,patchtst,3.8599627621190247
2018-02-08 10:00:00,etth1,HUFL,96,43,patchtst,4.083169600482795
2018-02-08 11:00:00,etth1,HUFL,96,43,patchtst,4.689808451122712
2018-02-08 12:00:00,etth1,HUFL,96,43,patchtst,4.690173354359569
2018-02-08 13:00:00,etth1,HUFL,96,43,patchtst,4.368361884336064
2018-02-08 14:00:00,etth1,HUFL,96,43,patchtst,4.481772358946859
2018-02-08 15:00:00,etth1,HUFL,96,43,patchtst,4.550554833854366
2018-02-08 16:00:00,etth1,HUFL,96,43,patchtst,4.291567615616777
2018-02-08 17:00:00,etth1,HUFL,96,43,patchtst,4.076300817421907
2018-02-08 18:00:00,etth1,HUFL,96,43,patchtst,3.994072953067704
2018-02-08 19:00:00,etth1,HUFL,96,43,patchtst,4.188994158622454
2018-02-08 20:00:00,etth1,HUFL,96,43,patchtst,4.207594526531573
2018-02-08 21:00:00,etth1,HUFL,96,43,patchtst,4.15338225021375
2018-02-08 22:00:00,etth1,HUFL,96,43,patchtst,4.205458159908594
2018-02-08 23:00:00,etth1,HUFL,96,43,patchtst,3.951669606930492
2018-02-09 00:00:00,etth1,HUFL,96,43,patchtst,3.988893924034452
2018-02-09 01:00:00,etth1,HUFL,96,43,patchtst,4.181622582563709
2018-02-09 02:00:00,etth1,HUFL,96,43,patchtst,4.100719372484492
2018-02-09 03:00:00,etth1,HUFL,96,43,patchtst,4.25953812913768
2018-02-09 04:00:00,etth1,HUFL,96,43,patchtst,4.231633658141656
2018-02-09 05:00:00,etth1,HUFL,96,43,patchtst,4.195368412890211
2018-02-09 06:00:00,etth1,HUFL,96,43,patchtst,4.139523550696425
2018-02-09 07:00:00,etth1,HUFL,96,43,patchtst,3.953466816438715
2018-02-09 08:00:00,etth1,HUFL,96,43,patchtst,3.756008198350758
2018-02-09 09:00:00,etth1,HUFL,96,43,patchtst,3.987627463360551
2018-02-09 10:00:00,etth1,HUFL,96,43,patchtst,4.065355728220676
2018-02-09 11:00:00,etth1,HUFL,96,43,patchtst,4.858830578789534
2018-02-09 12:00:00,etth1,HUFL,96,43,patchtst,4.487806131089408
2018-02-09 13:00:00,etth1,HUFL,96,43,patchtst,4.857328766559594
2018-02-09 14:00:00,etth1,HUFL,96,43,patchtst,5.177864070196713
2018-02-09 15:00:00,etth1,HUFL,96,43,patchtst,5.0327265002983985
2018-02-09 16:00:00,etth1,HUFL,96,43,patchtst,4.376530043891369
2018-02-09 17:00:00,etth1,HUFL,96,43,patchtst,4.302782381653839
2018-02-09 18:00:00,etth1,HUFL,96,43,patchtst,4.452786392169787
2018-02-09 19:00:00,etth1,HUFL,96,43,patchtst,4.712772828869416
2018-02-09 20:00:00,etth1,HUFL,96,43,patchtst,4.65948217582052
2018-02-09 21:00:00,etth1,HUFL,96,43,patchtst,4.619506991472432
2018-02-09 22:00:00,etth1,HUFL,96,43,patchtst,4.659430567771638
2018-02-09 23:00:00,etth1,HUFL,96,43,patchtst,4.401905350852278
2018-02-10 00:00:00,etth1,HUFL,96,43,patchtst,4.556926009456622
2018-02-10 01:00:00,etth1,HUFL,96,43,patchtst,4.673562651155947
2018-02-10 02:00:00,etth1,HUFL,96,43,patchtst,4.626125566116653
2018-02-10 03:00:00,etth1,HUFL,96,43,patchtst,4.811186297170365
2018-02-10 04:00:00,etth1,HUFL,96,43,patchtst,4.8603188504894925
2018-02-10 05:00:00,etth1,HUFL,96,43,patchtst,4.9107943464866
2018-02-10 06:00:00,etth1,HUFL,96,43,patchtst,4.811049412776208
2018-02-10 07:00:00,etth1,HUFL,96,43,patchtst,4.816416942943104
2018-02-10 08:00:00,etth1,HUFL,96,43,patchtst,4.753142962177601
2018-02-10 09:00:00,etth1,HUFL,96,43,patchtst,5.475455756275214
2018-02-10 10:00:00,etth1,HUFL,96,43,patchtst,5.6104492695304105
2018-02-10 11:00:00,etth1,HUFL,96,43,patchtst,5.753819137625985
2018-02-10 12:00:00,etth1,HUFL,96,43,patchtst,5.794703780670734
2018-02-10 13:00:00,etth1,HUFL,96,43,patchtst,5.845079518736438
2018-02-10 14:00:00,etth1,HUFL,96,43,patchtst,6.013729385195084
2018-02-10 15:00:00,etth1,HUFL,96,43,patchtst,6.36755192984166
2018-02-10 16:00:00,etth1,HUFL,96,43,patchtst,5.673572837760709
2018-02-10 17:00:00,etth1,HUFL,96,43,patchtst,5.2572316622740045
2018-02-10 18:00:00,etth1,HUFL,96,43,patchtst,5.249402066765298
2018-02-10 19:00:00,etth1,HUFL,96,43,patchtst,5.377998518740616
2018-02-10 20:00:00,etth1,HUFL,96,43,patchtst,5.474345221767973
2018-02-10 21:00:00,etth1,HUFL,96,43,patchtst,5.569669603615197
2018-02-10 22:00:00,etth1,HUFL,96,43,patchtst,5.600475595162291
2018-02-10 23:00:00,etth1,HUFL,96,43,patchtst,5.197220553997028
2018-02-11 00:00:00,etth1,HUFL,96,43,patchtst,5.341931463305524
2018-02-11 01:00:00,etth1,HUFL,96,43,patchtst,5.581301919628683
2018-02-11 02:00:00,etth1,HUFL,96,43,patchtst,5.382985813755241
2018-02-11 03:00:00,etth1,HUFL,96,43,patchtst,5.633680437806528
2018-02-11 04:00:00,etth1,HUFL,96,43,patchtst,5.742437420649661
2018-02-11 05:00:00,etth1,HUFL,96,43,patchtst,5.645229796162655
2018-02-11 06:00:00,etth1,HUFL,96,43,patchtst,5.483399114768228
2018-02-11 07:00:00,etth1,HUFL,96,43,patchtst,5.657782437687544
2018-02-11 08:00:00,etth1,HUFL,96,43,patchtst,5.542223981570726
2018-02-11 09:00:00,etth1,HUFL,96,43,patchtst,5.594022300586123
2018-02-11 10:00:00,etth1,HUFL,96,43,patchtst,5.460840281642002
2018-02-11 11:00:00,etth1,HUFL,96,43,patchtst,5.833517242957233
2018-02-11 12:00:00,etth1,HUFL,96,43,patchtst,5.98449018421388
2018-02-11 13:00:00,etth1,HUFL,96,43,patchtst,6.101811234398056
2018-02-11 14:00:00,etth1,HUFL,96,43,patchtst,6.248666567402605
2018-02-11 15:00:00,etth1,HUFL,96,43,patchtst,6.074212696767977
2018-02-11 16:00:00,etth1,HUFL,96,43,patchtst,5.675534615240224
2018-02-11 17:00:00,etth1,HUFL,96,43,patchtst,5.1848401175789744
2018-02-11 18:00:00,etth1,HUFL,96,43,patchtst,5.046693419665643
2018-02-11 19:00:00,etth1,HUFL,96,43,patchtst,5.019806763259996
2018-02-11 20:00:00,etth1,HUFL,96,43,patchtst,4.9372127653648965
2018-02-11 21:00:00,etth1,HUFL,96,43,patchtst,4.877811353829046
2018-02-11 22:00:00,etth1,HUFL,96,43,patchtst,4.889766422528454
2018-02-11 23:00:00,etth1,HUFL,96,43,patchtst,4.726873207160913
2018-02-12 00:00:00,etth1,HUFL,96,43,patchtst,4.86384477763541
2018-02-12 01:00:00,etth1,HUFL,96,43,patchtst,4.856019064472545
2018-02-12 02:00:00,etth1,HUFL,96,43,patchtst,4.791622717605304
2018-02-12 03:00:00,etth1,HUFL,96,43,patchtst,4.964176903551319
2018-02-12 04:00:00,etth1,HUFL,96,43,patchtst,4.989209921566248
2018-02-12 05:00:00,etth1,HUFL,96,43,patchtst,4.947189385498668
2018-02-12 06:00:00,etth1,HUFL,96,43,patchtst,4.871256791025959
2018-02-12 07:00:00,etth1,HUFL,96,43,patchtst,4.974313074565733
2018-02-12 08:00:00,etth1,HUFL,96,43,patchtst,4.862743746533979
2018-02-12 09:00:00,etth1,HUFL,96,43,patchtst,4.548371125237754
2018-02-12 10:00:00,etth1,HUFL,96,43,patchtst,4.348442107657083
2018-02-12 11:00:00,etth1,HUFL,96,43,patchtst,4.498147566312199
2018-02-12 12:00:00,etth1,HUFL,96,43,patchtst,4.702429525264713
2018-02-12 13:00:00,etth1,HUFL,96,43,patchtst,5.002320157248691
2018-02-12 14:00:00,etth1,HUFL,96,43,patchtst,5.0087645478807525
2018-02-12 15:00:00,etth1,HUFL,96,43,patchtst,4.810772772801852
2018-02-12 16:00:00,etth1,HUFL,96,43,patchtst,4.8424981643578855
2018-02-12 17:00:00,etth1,HUFL,96,43,patchtst,4.984743784472908
2018-02-12 18:00:00,etth1,HUFL,96,43,patchtst,4.782165846051694
2018-02-12 19:00:00,etth1,HUFL,96,43,patchtst,4.835098660402083
2018-02-12 20:00:00,etth1,HUFL,96,43,patchtst,4.729569498690743
2018-02-12 21:00:00,etth1,HUFL,96,43,patchtst,4.724134466768986
2018-02-12 22:00:00,etth1,HUFL,96,43,patchtst,4.577438957884506
2018-02-12 23:00:00,etth1,HUFL,96,43,patchtst,4.287626983465109
2018-02-13 00:00:00,etth1,HUFL,96,43,patchtst,4.421615140590499
2018-02-13 01:00:00,etth1,HUFL,96,43,patchtst,4.369188955210686
2018-02-13 02:00:00,etth1,HUFL,96,43,patchtst,4.303475894769573
2018-02-13 03:00:00,etth1,HUFL,96,43,patchtst,4.29339405654082
2018-02-13 04:00:00,etth1,HUFL,96,43,patchtst,4.348500347143919
2018-02-13 05:00:00,etth1,HUFL,96,43,patchtst,4.299626439615198
2018-02-13 06:00:00,etth1,HUFL,96,43,patchtst,4.192895405171411
2018-02-13 07:00:00,etth1,HUFL,96,43,patchtst,4.21459356277319
2018-02-13 08:00:00,etth1,HUFL,96,43,patchtst,4.273847212949717
2018-02-13 09:00:00,etth1,HUFL,96,43,patchtst,4.349648622458365
2018-02-13 10:00:00,etth1,HUFL,96,43,patchtst,4.6265934398431945
2018-02-13 11:00:00,etth1,HUFL,96,43,patchtst,4.657218016875825
2018-02-13 12:00:00,etth1,HUFL,96,43,patchtst,4.872170812489142
2018-02-13 13:00:00,etth1,HUFL,96,43,patchtst,4.84360726463237
2018-02-13 14:00:00,etth1,HUFL,96,43,patchtst,4.772754969012804
2018-02-13 15:00:00,etth1,HUFL,96,43,patchtst,4.565431411642879
2018-02-13 16:00:00,etth1,HUFL,96,43,patchtst,4.601413324743873
2018-02-13 17:00:00,etth1,HUFL,96,43,patchtst,4.690122386019559
2018-02-13 18:00:00,etth1,HUFL,96,43,patchtst,4.776181624660402
2018-02-13 19:00:00,etth1,HUFL,96,43,patchtst,4.887067314701828
2018-02-13 20:00:00,etth1,HUFL,96,43,patchtst,4.9943466626316715
2018-02-13 21:00:00,etth1,HUFL,96,43,patchtst,4.9491489206021235
2018-02-13 22:00:00,etth1,HUFL,96,43,patchtst,4.9482423747386255
2018-02-13 23:00:00,etth1,HUFL,96,43,patchtst,4.548229516998322
2018-02-14 00:00:00,etth1,HUFL,96,43,patchtst,4.642420233254389
2018-02-14 01:00:00,etth1,HUFL,96,43,patchtst,4.6929099892152175
2018-02-14 02:00:00,etth1,HUFL,96,43,patchtst,4.731530013948684
2018-02-14 03:00:00,etth1,HUFL,96,43,patchtst,4.7376651465432005
2018-02-14 04:00:00,etth1,HUFL,96,43,patchtst,4.525070166098954
2018-02-14 05:00:00,etth1,HUFL,96,43,patchtst,4.483105059749818
2018-02-14 06:00:00,etth1,HUFL,96,43,patchtst,4.397199155910205
2018-02-14 07:00:00,etth1,HUFL,96,43,patchtst,4.434107423690897
2018-02-14 08:00:00,etth1,HUFL,96,43,patchtst,4.463752047229623
2018-02-14 09:00:00,etth1,HUFL,96,43,patchtst,4.995269274568739
2018-02-14 10:00:00,etth1,HUFL,96,43,patchtst,5.493882302120838
2018-02-14 11:00:00,etth1,HUFL,96,43,patchtst,5.239286432651039
2018-02-14 12:00:00,etth1,HUFL,96,43,patchtst,5.596331472810037
2018-02-14 13:00:00,etth1,HUFL,96,43,patchtst,5.139290540607335
2018-02-14 14:00:00,etth1,HUFL,96,43,patchtst,4.8850137108508065
2018-02-14 15:00:00,etth1,HUFL,96,43,patchtst,5.222963197068556
2018-02-14 16:00:00,etth1,HUFL,96,43,patchtst,5.291723088823981
2018-02-14 17:00:00,etth1,HUFL,96,43,patchtst,5.343551191339629
2018-02-14 18:00:00,etth1,HUFL,96,43,patchtst,5.377168673899907
2018-02-14 19:00:00,etth1,HUFL,96,43,patchtst,5.404529978617979
2018-02-14 20:00:00,etth1,HUFL,96,43,patchtst,5.452729585367408
2018-02-14 21:00:00,etth1,HUFL,96,43,patchtst,5.371146664691598
2018-02-14 22:00:00,etth1,HUFL,96,43,patchtst,5.297258021342823
2018-02-14 23:00:00,etth1,HUFL,96,43,patchtst,5.030089535248217
2018-02-15 00:00:00,etth1,HUFL,96,43,patchtst,5.273251685483289
2018-02-15 01:00:00,etth1,HUFL,96,43,patchtst,5.410493137688898
2018-02-15 02:00:00,etth1,HUFL,96,43,patchtst,5.555217560495907
2018-02-15 03:00:00,etth1,HUFL,96,43,patchtst,5.43885454224603
2018-02-15 04:00:00,etth1,HUFL,96,43,patchtst,5.339141568459528
2018-02-15 05:00:00,etth1,HUFL,96,43,patchtst,5.303546906117327
2018-02-15 06:00:00,etth1,HUFL,96,43,patchtst,5.137391120504764
2018-02-15 07:00:00,etth1,HUFL,96,43,patchtst,5.047933586399467
2018-02-15 08:00:00,etth1,HUFL,96,43,patchtst,4.804078449623649
2018-02-15 09:00:00,etth1,HUFL,96,43,patchtst,4.566180085224649
2018-02-15 10:00:00,etth1,HUFL,96,43,patchtst,4.206910344560386
2018-02-15 11:00:00,etth1,HUFL,96,43,patchtst,4.058024804820563
2018-02-15 12:00:00,etth1,HUFL,96,43,patchtst,4.1970770091587015
2018-02-15 13:00:00,etth1,HUFL,96,43,patchtst,4.308172493484133
2018-02-15 14:00:00,etth1,HUFL,96,43,patchtst,4.458842408641723
2018-02-15 15:00:00,etth1,HUFL,96,43,patchtst,4.529510503359638
2018-02-15 16:00:00,etth1,HUFL,96,43,patchtst,4.81449658040042
2018-02-15 17:00:00,etth1,HUFL,96,43,patchtst,4.891325140255947
2018-02-15 18:00:00,etth1,HUFL,96,43,patchtst,4.8126587217875425
2018-02-15 19:00:00,etth1,HUFL,96,43,patchtst,4.84709248508877
2018-02-15 20:00:00,etth1,HUFL,96,43,patchtst,5.0087852984449865
2018-02-15 21:00:00,etth1,HUFL,96,43,patchtst,4.9515342658782195
2018-02-15 22:00:00,etth1,HUFL,96,43,patchtst,4.94597541373366
2018-02-15 23:00:00,etth1,HUFL,96,43,patchtst,4.72384203221493
2018-02-16 00:00:00,etth1,HUFL,96,43,patchtst,5.012836510369435
2018-02-16 01:00:00,etth1,HUFL,96,43,patchtst,5.117290633419313
2018-02-16 02:00:00,etth1,HUFL,96,43,patchtst,5.098382219515443
2018-02-16 03:00:00,etth1,HUFL,96,43,patchtst,5.052560414847192
2018-02-16 04:00:00,etth1,HUFL,96,43,patchtst,5.097960588505539
2018-02-16 05:00:00,etth1,HUFL,96,43,patchtst,5.078668833904925
2018-02-16 06:00:00,etth1,HUFL,96,43,patchtst,4.982958390552893
2018-02-16 07:00:00,etth1,HUFL,96,43,patchtst,4.85151754887735
2018-02-16 08:00:00,etth1,HUFL,96,43,patchtst,4.84391235216776
2018-02-16 09:00:00,etth1,HUFL,96,43,patchtst,4.964320271550346
2018-02-16 10:00:00,etth1,HUFL,96,43,patchtst,5.090352457695652
2018-02-16 11:00:00,etth1,HUFL,96,43,patchtst,5.244345120655519
2018-02-16 12:00:00,etth1,HUFL,96,43,patchtst,5.445460772246612
2018-02-16 13:00:00,etth1,HUFL,96,43,patchtst,5.5619858378342
2018-02-16 14:00:00,etth1,HUFL,96,43,patchtst,5.486596794740973
2018-02-16 15:00:00,etth1,HUFL,96,43,patchtst,5.496316881509344
2018-02-16 16:00:00,etth1,HUFL,96,43,patchtst,5.566582708291956
2018-02-16 17:00:00,etth1,HUFL,96,43,patchtst,5.690019212756053
2018-02-16 18:00:00,etth1,HUFL,96,43,patchtst,5.651719953591537
2018-02-16 19:00:00,etth1,HUFL,96,43,patchtst,5.644250031638829
2018-02-16 20:00:00,etth1,HUFL,96,43,patchtst,5.761686199179027
2018-02-16 21:00:00,etth1,HUFL,96,43,patchtst,5.526160562687285
2018-02-16 22:00:00,etth1,HUFL,96,43,patchtst,5.535012024368488
2018-02-16 23:00:00,etth1,HUFL,96,43,patchtst,5.2681850684288705
2018-02-17 00:00:00,etth1,HUFL,96,43,patchtst,5.399930983447895
2018-02-17 01:00:00,etth1,HUFL,96,43,patchtst,5.510903247760673
2018-02-17 02:00:00,etth1,HUFL,96,43,patchtst,5.636052937765768
2018-02-17 03:00:00,etth1,HUFL,96,43,patchtst,5.459298182701665
2018-02-17 04:00:00,etth1,HUFL,96,43,patchtst,5.4431650925632695
2018-02-17 05:00:00,etth1,HUFL,96,43,patchtst,5.417443036795748
2018-02-17 06:00:00,etth1,HUFL,96,43,patchtst,5.30666916148718
2018-02-17 07:00:00,etth1,HUFL,96,43,patchtst,5.193744636423645
2018-02-17 08:00:00,etth1,HUFL,96,43,patchtst,5.268074482611689
2018-02-17 09:00:00,etth1,HUFL,96,43,patchtst,5.305748950161711
2018-02-17 10:00:00,etth1,HUFL,96,43,patchtst,5.496921947354821
2018-02-17 11:00:00,etth1,HUFL,96,43,patchtst,5.641312183353759
2018-02-17 12:00:00,etth1,HUFL,96,43,patchtst,5.885768409726611
2018-02-17 13:00:00,etth1,HUFL,96,43,patchtst,6.007458413824618
2018-02-17 14:00:00,etth1,HUFL,96,43,patchtst,6.312308718934857
2018-02-17 15:00:00,etth1,HUFL,96,43,patchtst,6.35865893996943
2018-02-17 16:00:00,etth1,HUFL,96,43,patchtst,6.324985774060397
2018-02-17 17:00:00,etth1,HUFL,96,43,patchtst,6.457599637174217
2018-02-17 18:00:00,etth1,HUFL,96,43,patchtst,6.407686027888157
2018-02-17 19:00:00,etth1,HUFL,96,43,patchtst,6.363829188922072
2018-02-17 20:00:00,etth1,HUFL,96,43,patchtst,6.510093460479349
2018-02-17 21:00:00,etth1,HUFL,96,43,patchtst,6.368590823602418
2018-02-17 22:00:00,etth1,HUFL,96,43,patchtst,6.222163633657115
2018-02-17 23:00:00,etth1,HUFL,96,43,patchtst,5.86941370500944
2018-02-18 00:00:00,etth1,HUFL,96,43,patchtst,5.873844003327168
2018-02-18 01:00:00,etth1,HUFL,96,43,patchtst,6.031860973636687
2018-02-18 02:00:00,etth1,HUFL,96,43,patchtst,6.2647454977223935
2018-02-18 03:00:00,etth1,HUFL,96,43,patchtst,6.1703262441612585
2018-02-18 04:00:00,etth1,HUFL,96,43,patchtst,6.166000663960883
2018-02-18 05:00:00,etth1,HUFL,96,43,patchtst,6.18228334049094
2018-02-18 06:00:00,etth1,HUFL,96,43,patchtst,5.993091613169066
2018-02-18 07:00:00,etth1,HUFL,96,43,patchtst,5.680776815776568
2018-02-18 08:00:00,etth1,HUFL,96,43,patchtst,5.133072497402445
2018-02-18 09:00:00,etth1,HUFL,96,43,patchtst,4.350990211074572
2018-02-18 10:00:00,etth1,HUFL,96,43,patchtst,4.133935784133128
2018-02-18 11:00:00,etth1,HUFL,96,43,patchtst,3.63354734387986
2018-02-18 12:00:00,etth1,HUFL,96,43,patchtst,3.509243831795004
2018-02-18 13:00:00,etth1,HUFL,96,43,patchtst,3.5502002897120177
2018-02-18 14:00:00,etth1,HUFL,96,43,patchtst,3.615859034288825
2018-02-18 15:00:00,etth1,HUFL,96,43,patchtst,3.5488504567904653
2018-02-18 16:00:00,etth1,HUFL,96,43,patchtst,3.7173464977070823
2018-02-18 17:00:00,etth1,HUFL,96,43,patchtst,4.039579248864218
2018-02-18 18:00:00,etth1,HUFL,96,43,patchtst,4.040271580073022
2018-02-18 19:00:00,etth1,HUFL,96,43,patchtst,4.038912840399742
2018-02-18 20:00:00,etth1,HUFL,96,43,patchtst,4.056936895958916
2018-02-18 21:00:00,etth1,HUFL,96,43,patchtst,4.018324169268442
2018-02-18 22:00:00,etth1,HUFL,96,43,patchtst,3.9180031967363127
2018-02-18 23:00:00,etth1,HUFL,96,43,patchtst,3.719754289706323
2018-02-19 00:00:00,etth1,HUFL,96,43,patchtst,3.6779579676192475
2018-02-19 01:00:00,etth1,HUFL,96,43,patchtst,3.8388473855641148
2018-02-19 02:00:00,etth1,HUFL,96,43,patchtst,3.986403160367297
2018-02-19 03:00:00,etth1,HUFL,96,43,patchtst,3.93161410173019
2018-02-19 04:00:00,etth1,HUFL,96,43,patchtst,3.972122388990279
2018-02-19 05:00:00,etth1,HUFL,96,43,patchtst,3.9382578848310597
2018-02-19 06:00:00,etth1,HUFL,96,43,patchtst,3.8846834645331563
2018-02-19 07:00:00,etth1,HUFL,96,43,patchtst,3.7870326620529853
2018-02-19 08:00:00,etth1,HUFL,96,43,patchtst,3.5610566495457934
2018-02-19 09:00:00,etth1,HUFL,96,43,patchtst,3.310405395794824
2018-02-19 10:00:00,etth1,HUFL,96,43,patchtst,3.294670218741157
2018-02-19 11:00:00,etth1,HUFL,96,43,patchtst,3.3741349018710403
2018-02-19 12:00:00,etth1,HUFL,96,43,patchtst,3.6629609296121295
2018-02-19 13:00:00,etth1,HUFL,96,43,patchtst,3.6238865111783305
2018-02-19 14:00:00,etth1,HUFL,96,43,patchtst,3.67124512230957
2018-02-19 15:00:00,etth1,HUFL,96,43,patchtst,3.7747289089275022
2018-02-19 16:00:00,etth1,HUFL,96,43,patchtst,3.9800093761142263
2018-02-19 17:00:00,etth1,HUFL,96,43,patchtst,4.148611516963524
2018-02-19 18:00:00,etth1,HUFL,96,43,patchtst,4.2321881115141124
2018-02-19 19:00:00,etth1,HUFL,96,43,patchtst,4.43125912362569
2018-02-19 20:00:00,etth1,HUFL,96,43,patchtst,4.395224840447297
2018-02-19 21:00:00,etth1,HUFL,96,43,patchtst,4.40406924291816
2018-02-19 22:00:00,etth1,HUFL,96,43,patchtst,4.39091432201604
2018-02-19 23:00:00,etth1,HUFL,96,43,patchtst,4.270032507845504
2018-02-20 00:00:00,etth1,HUFL,96,43,patchtst,4.191170514704157
2018-02-20 01:00:00,etth1,HUFL,96,43,patchtst,4.169461811968332
2018-02-20 02:00:00,etth1,HUFL,96,43,patchtst,4.197594816592336
2018-02-20 03:00:00,etth1,HUFL,96,43,patchtst,4.218541317736102
2018-02-20 04:00:00,etth1,HUFL,96,43,patchtst,4.180387259373145
2018-02-20 05:00:00,etth1,HUFL,96,43,patchtst,4.084499494520174
2018-02-20 06:00:00,etth1,HUFL,96,43,patchtst,4.076118300664926
2018-02-20 07:00:00,etth1,HUFL,96,43,patchtst,4.261981511771262
2018-02-20 08:00:00,etth1,HUFL,96,43,patchtst,4.244028855942407
2018-02-20 09:00:00,etth1,HUFL,96,43,patchtst,4.20682663149638
2018-02-20 10:00:00,etth1,HUFL,96,43,patchtst,4.278166674318282
2018-02-20 11:00:00,etth1,HUFL,96,43,patchtst,4.3641203931728505
2018-02-20 12:00:00,etth1,HUFL,96,43,patchtst,4.363364170161329
2018-02-20 13:00:00,etth1,HUFL,96,43,patchtst,4.321896464922971
2018-02-20 14:00:00,etth1,HUFL,96,43,patchtst,4.358557011391445
2018-02-20 15:00:00,etth1,HUFL,96,43,patchtst,4.238091574783906
2018-02-20 16:00:00,etth1,HUFL,96,43,patchtst,4.282714174326522
2018-02-20 17:00:00,etth1,HUFL,96,43,patchtst,4.371825311524824
2018-02-20 18:00:00,etth1,HUFL,96,43,patchtst,4.4642818466187135
2018-02-20 19:00:00,etth1,HUFL,96,43,patchtst,4.7431754818476355
2018-02-20 20:00:00,etth1,HUFL,96,43,patchtst,4.666167150216295
2018-02-20 21:00:00,etth1,HUFL,96,43,patchtst,4.6555138539137
2018-02-20 22:00:00,etth1,HUFL,96,43,patchtst,4.613542380955162
2018-02-20 23:00:00,etth1,HUFL,96,43,patchtst,4.270521473424152
2018-02-21 00:00:00,etth1,HUFL,96,43,patchtst,4.262205129637134
2018-02-21 01:00:00,etth1,HUFL,96,43,patchtst,4.365122505597168
2018-02-21 02:00:00,etth1,HUFL,96,43,patchtst,4.340509683457083
2018-02-21 03:00:00,etth1,HUFL,96,43,patchtst,4.441914596853826
2018-02-21 04:00:00,etth1,HUFL,96,43,patchtst,4.565694500508639
2018-02-21 05:00:00,etth1,HUFL,96,43,patchtst,4.559467106037556
2018-02-21 06:00:00,etth1,HUFL,96,43,patchtst,4.435937068072263
2018-02-21 07:00:00,etth1,HUFL,96,43,patchtst,4.438040873426413
2018-02-21 08:00:00,etth1,HUFL,96,43,patchtst,4.498705972898601
2018-02-21 09:00:00,etth1,HUFL,96,43,patchtst,4.65647505407137
2018-02-21 10:00:00,etth1,HUFL,96,43,patchtst,4.698673100720394
2018-02-21 11:00:00,etth1,HUFL,96,43,patchtst,4.646595050898308
2018-02-21 12:00:00,etth1,HUFL,96,43,patchtst,4.996028612836134
2018-02-21 13:00:00,etth1,HUFL,96,43,patchtst,5.0568247406658715
2018-02-21 14:00:00,etth1,HUFL,96,43,patchtst,5.041674737020832
2018-02-21 15:00:00,etth1,HUFL,96,43,patchtst,4.865602240426056
2018-02-21 16:00:00,etth1,HUFL,96,43,patchtst,4.934888740536837
2018-02-21 17:00:00,etth1,HUFL,96,43,patchtst,5.058545481574058
2018-02-21 18:00:00,etth1,HUFL,96,43,patchtst,5.14921842511801
2018-02-21 19:00:00,etth1,HUFL,96,43,patchtst,5.402436287686701
2018-02-21 20:00:00,etth1,HUFL,96,43,patchtst,5.136074372267907
2018-02-21 21:00:00,etth1,HUFL,96,43,patchtst,5.039613256977184
2018-02-21 22:00:00,etth1,HUFL,96,43,patchtst,4.9724460635030345
2018-02-21 23:00:00,etth1,HUFL,96,43,patchtst,4.662789703173236
2018-02-22 00:00:00,etth1,HUFL,96,43,patchtst,4.770145435766882
2018-02-22 01:00:00,etth1,HUFL,96,43,patchtst,4.803684804901544
2018-02-22 02:00:00,etth1,HUFL,96,43,patchtst,4.786141765671302
2018-02-22 03:00:00,etth1,HUFL,96,43,patchtst,4.993908664926822
2018-02-22 04:00:00,etth1,HUFL,96,43,patchtst,5.076864537941472
2018-02-22 05:00:00,etth1,HUFL,96,43,patchtst,4.945876091650235
2018-02-22 06:00:00,etth1,HUFL,96,43,patchtst,4.837029986694573
2018-02-22 07:00:00,etth1,HUFL,96,43,patchtst,4.8335306154608135
2018-02-22 08:00:00,etth1,HUFL,96,43,patchtst,4.689622154501419
2018-02-22 09:00:00,etth1,HUFL,96,43,patchtst,4.599380513778036
2018-02-22 10:00:00,etth1,HUFL,96,43,patchtst,3.3166634577879663
2018-02-22 11:00:00,etth1,HUFL,96,43,patchtst,3.965400089562198
2018-02-22 12:00:00,etth1,HUFL,96,43,patchtst,3.9183787461948927
2018-02-22 13:00:00,etth1,HUFL,96,43,patchtst,4.095618854281631
2018-02-22 14:00:00,etth1,HUFL,96,43,patchtst,3.8019973148602033
2018-02-22 15:00:00,etth1,HUFL,96,43,patchtst,4.002295951639598
2018-02-22 16:00:00,etth1,HUFL,96,43,patchtst,4.32027321087664
2018-02-22 17:00:00,etth1,HUFL,96,43,patchtst,4.161016019476272
2018-02-22 18:00:00,etth1,HUFL,96,43,patchtst,4.5865047061158535
2018-02-22 19:00:00,etth1,HUFL,96,43,patchtst,4.796566361836347
2018-02-22 20:00:00,etth1,HUFL,96,43,patchtst,4.396323059405314
2018-02-22 21:00:00,etth1,HUFL,96,43,patchtst,4.238861438818397
2018-02-22 22:00:00,etth1,HUFL,96,43,patchtst,4.200608713861507
2018-02-22 23:00:00,etth1,HUFL,96,43,patchtst,4.090090570136585
2018-02-23 00:00:00,etth1,HUFL,96,43,patchtst,4.231399668908632
2018-02-23 01:00:00,etth1,HUFL,96,43,patchtst,4.401042635811404
2018-02-23 02:00:00,etth1,HUFL,96,43,patchtst,4.293321676336444
2018-02-23 03:00:00,etth1,HUFL,96,43,patchtst,4.496968795903623
2018-02-23 04:00:00,etth1,HUFL,96,43,patchtst,4.537696997265364
2018-02-23 05:00:00,etth1,HUFL,96,43,patchtst,4.30281963788778
2018-02-23 06:00:00,etth1,HUFL,96,43,patchtst,4.347164083621142
2018-02-23 07:00:00,etth1,HUFL,96,43,patchtst,4.438526040371406
2018-02-23 08:00:00,etth1,HUFL,96,43,patchtst,4.343711549191982
2018-02-23 09:00:00,etth1,HUFL,96,43,patchtst,3.797507476974232
2018-02-23 10:00:00,etth1,HUFL,96,43,patchtst,3.7480241924383235
2018-02-23 11:00:00,etth1,HUFL,96,43,patchtst,4.0538860864848685
2018-02-23 12:00:00,etth1,HUFL,96,43,patchtst,4.406156320449278
2018-02-23 13:00:00,etth1,HUFL,96,43,patchtst,4.369967054300072
2018-02-23 14:00:00,etth1,HUFL,96,43,patchtst,4.387133385840452
2018-02-23 15:00:00,etth1,HUFL,96,43,patchtst,4.258943870292387
2018-02-23 16:00:00,etth1,HUFL,96,43,patchtst,4.138147290524594
2018-02-23 17:00:00,etth1,HUFL,96,43,patchtst,4.159927827035314
2018-02-23 18:00:00,etth1,HUFL,96,43,patchtst,4.32215408868199
2018-02-23 19:00:00,etth1,HUFL,96,43,patchtst,4.295880653427797
2018-02-23 20:00:00,etth1,HUFL,96,43,patchtst,4.142311130647853
2018-02-23 21:00:00,etth1,HUFL,96,43,patchtst,4.064837709023226
2018-02-23 22:00:00,etth1,HUFL,96,43,patchtst,4.017303893445727
2018-02-23 23:00:00,etth1,HUFL,96,43,patchtst,3.8928766035138955
2018-02-24 00:00:00,etth1,HUFL,96,43,patchtst,3.9630409097966646
2018-02-24 01:00:00,etth1,HUFL,96,43,patchtst,4.236205736448116
2018-02-24 02:00:00,etth1,HUFL,96,43,patchtst,4.173594474438856
2018-02-24 03:00:00,etth1,HUFL,96,43,patchtst,4.226734413435852
2018-02-24 04:00:00,etth1,HUFL,96,43,patchtst,4.193073312492909
2018-02-24 05:00:00,etth1,HUFL,96,43,patchtst,4.056527010495482
2018-02-24 06:00:00,etth1,HUFL,96,43,patchtst,4.00353190523605
2018-02-24 07:00:00,etth1,HUFL,96,43,patchtst,3.8992877423711576
2018-02-24 08:00:00,etth1,HUFL,96,43,patchtst,3.7862435193642505
2018-02-24 09:00:00,etth1,HUFL,96,43,patchtst,4.046343651053523
2018-02-24 10:00:00,etth1,HUFL,96,43,patchtst,4.0693089632156285
2018-02-24 11:00:00,etth1,HUFL,96,43,patchtst,4.057043775642282
2018-02-24 12:00:00,etth1,HUFL,96,43,patchtst,4.378005404960745
2018-02-24 13:00:00,etth1,HUFL,96,43,patchtst,4.368842785141534
2018-02-24 14:00:00,etth1,HUFL,96,43,patchtst,4.299332468045307
2018-02-24 15:00:00,etth1,HUFL,96,43,patchtst,4.4063172957604655
2018-02-24 16:00:00,etth1,HUFL,96,43,patchtst,4.282227726729317
2018-02-24 17:00:00,etth1,HUFL,96,43,patchtst,4.350018843105699
2018-02-24 18:00:00,etth1,HUFL,96,43,patchtst,4.153281182115092
2018-02-24 19:00:00,etth1,HUFL,96,43,patchtst,4.236364934777754
2018-02-24 20:00:00,etth1,HUFL,96,43,patchtst,4.041579995508805
2018-02-24 21:00:00,etth1,HUFL,96,43,patchtst,4.008807052460626
2018-02-24 22:00:00,etth1,HUFL,96,43,patchtst,3.9933924203559363
2018-02-24 23:00:00,etth1,HUFL,96,43,patchtst,3.872396326069703
2018-02-25 00:00:00,etth1,HUFL,96,43,patchtst,4.079733680882966
2018-02-25 01:00:00,etth1,HUFL,96,43,patchtst,4.206031606009618
2018-02-25 02:00:00,etth1,HUFL,96,43,patchtst,4.209896450361385
2018-02-25 03:00:00,etth1,HUFL,96,43,patchtst,4.351581470790047
2018-02-25 04:00:00,etth1,HUFL,96,43,patchtst,4.384111581128014
2018-02-25 05:00:00,etth1,HUFL,96,43,patchtst,4.214731357165623
2018-02-25 06:00:00,etth1,HUFL,96,43,patchtst,4.125385788877144
2018-02-25 07:00:00,etth1,HUFL,96,43,patchtst,4.167235515672974
2018-02-25 08:00:00,etth1,HUFL,96,43,patchtst,4.285033462824631
2018-02-25 09:00:00,etth1,HUFL,96,43,patchtst,4.561306075314957
2018-02-25 10:00:00,etth1,HUFL,96,43,patchtst,4.902991049854163
2018-02-25 11:00:00,etth1,HUFL,96,43,patchtst,4.398913679872695
2018-02-25 12:00:00,etth1,HUFL,96,43,patchtst,4.595261710908367
2018-02-25 13:00:00,etth1,HUFL,96,43,patchtst,4.673400520691849
2018-02-25 14:00:00,etth1,HUFL,96,43,patchtst,4.636480742093123
2018-02-25 15:00:00,etth1,HUFL,96,43,patchtst,4.597452071297855
2018-02-25 16:00:00,etth1,HUFL,96,43,patchtst,4.464343790620652
2018-02-25 17:00:00,etth1,HUFL,96,43,patchtst,4.557944535352554
2018-02-25 18:00:00,etth1,HUFL,96,43,patchtst,4.505573338032072
2018-02-25 19:00:00,etth1,HUFL,96,43,patchtst,4.455314064430669
2018-02-25 20:00:00,etth1,HUFL,96,43,patchtst,4.294144306834187
2018-02-25 21:00:00,etth1,HUFL,96,43,patchtst,4.201430765736283
2018-02-25 22:00:00,etth1,HUFL,96,43,patchtst,4.278015959604569
2018-02-25 23:00:00,etth1,HUFL,96,43,patchtst,4.218215620198469
2018-02-26 00:00:00,etth1,HUFL,96,43,patchtst,4.497034782430865
2018-02-26 01:00:00,etth1,HUFL,96,43,patchtst,4.728800038727294
2018-02-26 02:00:00,etth1,HUFL,96,43,patchtst,4.72791501554923
2018-02-26 03:00:00,etth1,HUFL,96,43,patchtst,4.87188415168502
2018-02-26 04:00:00,etth1,HUFL,96,43,patchtst,4.845911208600202
2018-02-26 05:00:00,etth1,HUFL,96,43,patchtst,4.618428303571087
2018-02-26 06:00:00,etth1,HUFL,96,43,patchtst,4.546884919112069
2018-02-26 07:00:00,etth1,HUFL,96,43,patchtst,4.458120945617925
2018-02-26 08:00:00,etth1,HUFL,96,43,patchtst,4.491130714068792
2018-02-26 09:00:00,etth1,HUFL,96,43,patchtst,4.61427806633543
2018-02-26 10:00:00,etth1,HUFL,96,43,patchtst,4.251712355726029
2018-02-26 11:00:00,etth1,HUFL,96,43,patchtst,4.287036302169299
2018-02-26 12:00:00,etth1,HUFL,96,43,patchtst,4.532773511328521
2018-02-26 13:00:00,etth1,HUFL,96,43,patchtst,4.534293957070339
2018-02-26 14:00:00,etth1,HUFL,96,43,patchtst,4.589671602035918
2018-02-26 15:00:00,etth1,HUFL,96,43,patchtst,4.416298096244168
2018-02-26 16:00:00,etth1,HUFL,96,43,patchtst,4.415301533587913
2018-02-26 17:00:00,etth1,HUFL,96,43,patchtst,4.367080245060765
2018-02-26 18:00:00,etth1,HUFL,96,43,patchtst,4.267209138223232
2018-02-26 19:00:00,etth1,HUFL,96,43,patchtst,4.259049355058722
2018-02-26 20:00:00,etth1,HUFL,96,43,patchtst,4.233378018803726
2018-02-26 21:00:00,etth1,HUFL,96,43,patchtst,4.2664830339517446
2018-02-26 22:00:00,etth1,HUFL,96,43,patchtst,4.3372242314949725
2018-02-26 23:00:00,etth1,HUFL,96,43,patchtst,4.328578339963136
2018-02-27 00:00:00,etth1,HUFL,96,43,patchtst,4.420068970142107
2018-02-27 01:00:00,etth1,HUFL,96,43,patchtst,4.546205611835241
2018-02-27 02:00:00,etth1,HUFL,96,43,patchtst,4.4082877210245925
2018-02-27 03:00:00,etth1,HUFL,96,43,patchtst,4.244687446106894
2018-02-27 04:00:00,etth1,HUFL,96,43,patchtst,4.198766560445591
2018-02-27 05:00:00,etth1,HUFL,96,43,patchtst,4.219177128521194
2018-02-27 06:00:00,etth1,HUFL,96,43,patchtst,4.171929373037686
2018-02-27 07:00:00,etth1,HUFL,96,43,patchtst,4.2011882075002545
2018-02-27 08:00:00,etth1,HUFL,96,43,patchtst,4.29906082437038
2018-02-27 09:00:00,etth1,HUFL,96,43,patchtst,4.32318518233768
2018-02-27 10:00:00,etth1,HUFL,96,43,patchtst,4.482442850370433
2018-02-27 11:00:00,etth1,HUFL,96,43,patchtst,4.626823513063758
2018-02-27 12:00:00,etth1,HUFL,96,43,patchtst,4.3160298412571265
2018-02-27 13:00:00,etth1,HUFL,96,43,patchtst,3.882626234865383
2018-02-27 14:00:00,etth1,HUFL,96,43,patchtst,3.845670787304359
2018-02-27 15:00:00,etth1,HUFL,96,43,patchtst,3.797977939587929
2018-02-27 16:00:00,etth1,HUFL,96,43,patchtst,3.926226231655768
2018-02-27 17:00:00,etth1,HUFL,96,43,patchtst,3.9860788968419456
2018-02-27 18:00:00,etth1,HUFL,96,43,patchtst,3.800711014643157
2018-02-27 19:00:00,etth1,HUFL,96,43,patchtst,3.746754512826199
2018-02-27 20:00:00,etth1,HUFL,96,43,patchtst,3.8509502310672037
2018-02-27 21:00:00,etth1,HUFL,96,43,patchtst,3.8890177928840823
2018-02-27 22:00:00,etth1,HUFL,96,43,patchtst,4.025861484052829
2018-02-27 23:00:00,etth1,HUFL,96,43,patchtst,3.99290972141732
2018-02-28 00:00:00,etth1,HUFL,96,43,patchtst,3.8787100966267545
2018-02-28 01:00:00,etth1,HUFL,96,43,patchtst,3.928648749384246
2018-02-28 02:00:00,etth1,HUFL,96,43,patchtst,3.8193350678885793
2018-02-28 03:00:00,etth1,HUFL,96,43,patchtst,3.7149207067981074
2018-02-28 04:00:00,etth1,HUFL,96,43,patchtst,3.7767337561943957
2018-02-28 05:00:00,etth1,HUFL,96,43,patchtst,3.7369218812257046
2018-02-28 06:00:00,etth1,HUFL,96,43,patchtst,3.7881981577271495
2018-02-28 07:00:00,etth1,HUFL,96,43,patchtst,3.6662466832007095
2018-02-28 08:00:00,etth1,HUFL,96,43,patchtst,3.5911753004027624
2018-02-28 09:00:00,etth1,HUFL,96,43,patchtst,3.4416695708878415
2018-02-28 10:00:00,etth1,HUFL,96,43,patchtst,3.522358810146986
2018-02-28 11:00:00,etth1,HUFL,96,43,patchtst,3.662820552094687
2018-02-28 12:00:00,etth1,HUFL,96,43,patchtst,3.547965118042365
2018-02-28 13:00:00,etth1,HUFL,96,43,patchtst,3.543148498543763
2018-02-28 14:00:00,etth1,HUFL,96,43,patchtst,3.2995542473031585
2018-02-28 15:00:00,etth1,HUFL,96,43,patchtst,3.2041631371060415
2018-02-28 16:00:00,etth1,HUFL,96,43,patchtst,3.1328612596195797
2018-02-28 17:00:00,etth1,HUFL,96,43,patchtst,3.2641950748017976
2018-02-28 18:00:00,etth1,HUFL,96,43,patchtst,3.3708392431456082
2018-02-28 19:00:00,etth1,HUFL,96,43,patchtst,3.456538291410203
2018-02-28 20:00:00,etth1,HUFL,96,43,patchtst,3.4510853448342798
2018-02-28 21:00:00,etth1,HUFL,96,43,patchtst,3.493397103176085
2018-02-28 22:00:00,etth1,HUFL,96,43,patchtst,3.585106414154224
2018-02-28 23:00:00,etth1,HUFL,96,43,patchtst,3.5413864871681615
2018-03-01 00:00:00,etth1,HUFL,96,43,patchtst,3.48203128783195
2018-03-01 01:00:00,etth1,HUFL,96,43,patchtst,3.4497763085139517
2018-03-01 02:00:00,etth1,HUFL,96,43,patchtst,3.5068071332691897
2018-03-01 03:00:00,etth1,HUFL,96,43,patchtst,3.449823967138569
2018-03-01 04:00:00,etth1,HUFL,96,43,patchtst,3.458953182459687
2018-03-01 05:00:00,etth1,HUFL,96,43,patchtst,3.4613764781469065
2018-03-01 06:00:00,etth1,HUFL,96,43,patchtst,3.5678038846366342
2018-03-01 07:00:00,etth1,HUFL,96,43,patchtst,3.7182972937250547
2018-03-01 08:00:00,etth1,HUFL,96,43,patchtst,3.6546928421505434
2018-03-01 09:00:00,etth1,HUFL,96,43,patchtst,3.8270295896944266
2018-03-01 10:00:00,etth1,HUFL,96,43,patchtst,3.762501302745465
2018-03-01 11:00:00,etth1,HUFL,96,43,patchtst,3.7520956025750443
2018-03-01 12:00:00,etth1,HUFL,96,43,patchtst,3.299415525728224
2018-03-01 13:00:00,etth1,HUFL,96,43,patchtst,3.3436031071764045
2018-03-01 14:00:00,etth1,HUFL,96,43,patchtst,3.41689863194637
2018-03-01 15:00:00,etth1,HUFL,96,43,patchtst,3.6082764297101266
2018-03-01 16:00:00,etth1,HUFL,96,43,patchtst,3.5794282506833532
2018-03-01 17:00:00,etth1,HUFL,96,43,patchtst,3.5708102824645684
2018-03-01 18:00:00,etth1,HUFL,96,43,patchtst,3.5071881494567356
2018-03-01 19:00:00,etth1,HUFL,96,43,patchtst,3.5943213274257197
2018-03-01 20:00:00,etth1,HUFL,96,43,patchtst,3.8008865723601186
2018-03-01 21:00:00,etth1,HUFL,96,43,patchtst,3.8082591624489552
2018-03-01 22:00:00,etth1,HUFL,96,43,patchtst,3.823346423406028
2018-03-01 23:00:00,etth1,HUFL,96,43,patchtst,3.7027940317402837
2018-03-02 00:00:00,etth1,HUFL,96,43,patchtst,3.5299616006440044
2018-03-02 01:00:00,etth1,HUFL,96,43,patchtst,3.5385968664106873
2018-03-02 02:00:00,etth1,HUFL,96,43,patchtst,3.463016593921727
2018-03-02 03:00:00,etth1,HUFL,96,43,patchtst,3.594743539652878
2018-03-02 04:00:00,etth1,HUFL,96,43,patchtst,3.69515246563477
2018-03-02 05:00:00,etth1,HUFL,96,43,patchtst,3.6342853626968346
2018-03-02 06:00:00,etth1,HUFL,96,43,patchtst,3.5652425670226626
2018-03-02 07:00:00,etth1,HUFL,96,43,patchtst,3.628060963171535
2018-03-02 08:00:00,etth1,HUFL,96,43,patchtst,3.592148585241277
2018-03-02 09:00:00,etth1,HUFL,96,43,patchtst,3.571056299380345
2018-03-02 10:00:00,etth1,HUFL,96,43,patchtst,3.7019857357321286
2018-03-02 11:00:00,etth1,HUFL,96,43,patchtst,3.887918675027899
2018-03-02 12:00:00,etth1,HUFL,96,43,patchtst,4.152079370593105
2018-03-02 13:00:00,etth1,HUFL,96,43,patchtst,3.590356186595146
2018-03-02 14:00:00,etth1,HUFL,96,43,patchtst,3.549488022605009
2018-03-02 15:00:00,etth1,HUFL,96,43,patchtst,3.5918995843565846
2018-03-02 16:00:00,etth1,HUFL,96,43,patchtst,3.3869035208107263
2018-03-02 17:00:00,etth1,HUFL,96,43,patchtst,3.4153247285509054
2018-03-02 18:00:00,etth1,HUFL,96,43,patchtst,3.5519172083013104
2018-03-02 19:00:00,etth1,HUFL,96,43,patchtst,3.5277822656521587
2018-03-02 20:00:00,etth1,HUFL,96,43,patchtst,3.6014164759271132
2018-03-02 21:00:00,etth1,HUFL,96,43,patchtst,3.5287089362456308
2018-03-02 22:00:00,etth1,HUFL,96,43,patchtst,3.569199000317644
2018-03-02 23:00:00,etth1,HUFL,96,43,patchtst,3.505653731810541
2018-03-03 00:00:00,etth1,HUFL,96,43,patchtst,3.5988458764357554
2018-03-03 01:00:00,etth1,HUFL,96,43,patchtst,3.523371599678981
2018-03-03 02:00:00,etth1,HUFL,96,43,patchtst,3.662841703461235
2018-03-03 03:00:00,etth1,HUFL,96,43,patchtst,3.7186966596364157
2018-03-03 04:00:00,etth1,HUFL,96,43,patchtst,3.938734878344256
2018-03-03 05:00:00,etth1,HUFL,96,43,patchtst,3.8080551754318606
2018-03-03 06:00:00,etth1,HUFL,96,43,patchtst,3.7377879642438336
2018-03-03 07:00:00,etth1,HUFL,96,43,patchtst,3.903595838291704
2018-03-03 08:00:00,etth1,HUFL,96,43,patchtst,3.992242458772088
2018-03-03 09:00:00,etth1,HUFL,96,43,patchtst,4.172472172517767
2018-03-03 10:00:00,etth1,HUFL,96,43,patchtst,4.224197296999285
2018-03-03 11:00:00,etth1,HUFL,96,43,patchtst,4.029519140348536
2018-03-03 12:00:00,etth1,HUFL,96,43,patchtst,4.156046756361113
2018-03-03 13:00:00,etth1,HUFL,96,43,patchtst,3.9474036345599792
2018-03-03 14:00:00,etth1,HUFL,96,43,patchtst,4.1537733649555975
2018-03-03 15:00:00,etth1,HUFL,96,43,patchtst,4.160300293384217
2018-03-03 16:00:00,etth1,HUFL,96,43,patchtst,4.191999956951845
2018-03-03 17:00:00,etth1,HUFL,96,43,patchtst,4.07822237042864
2018-03-03 18:00:00,etth1,HUFL,96,43,patchtst,4.226882901530051
2018-03-03 19:00:00,etth1,HUFL,96,43,patchtst,4.080672715676589
2018-03-03 20:00:00,etth1,HUFL,96,43,patchtst,4.008923212948883
2018-03-03 21:00:00,etth1,HUFL,96,43,patchtst,4.108435550646537
2018-03-03 22:00:00,etth1,HUFL,96,43,patchtst,4.3905616752728935
2018-03-03 23:00:00,etth1,HUFL,96,43,patchtst,4.472187046650393
2018-03-04 00:00:00,etth1,HUFL,96,43,patchtst,4.251951369827183
2018-03-04 01:00:00,etth1,HUFL,96,43,patchtst,4.137194179805675
2018-03-04 02:00:00,etth1,HUFL,96,43,patchtst,4.120431585034072
2018-03-04 03:00:00,etth1,HUFL,96,43,patchtst,4.025349212474372
2018-03-04 04:00:00,etth1,HUFL,96,43,patchtst,4.095126167607556
2018-03-04 05:00:00,etth1,HUFL,96,43,patchtst,4.083604456285161
2018-03-04 06:00:00,etth1,HUFL,96,43,patchtst,4.283894871071488
2018-03-04 07:00:00,etth1,HUFL,96,43,patchtst,4.381907151431855
2018-03-04 08:00:00,etth1,HUFL,96,43,patchtst,4.576823754558507
2018-03-04 09:00:00,etth1,HUFL,96,43,patchtst,4.719909640448823
2018-03-04 10:00:00,etth1,HUFL,96,43,patchtst,4.654395032757563
2018-03-04 11:00:00,etth1,HUFL,96,43,patchtst,4.60670801812858
2018-03-04 12:00:00,etth1,HUFL,96,43,patchtst,4.828132245509555
2018-03-04 13:00:00,etth1,HUFL,96,43,patchtst,4.400359466634055
2018-03-04 14:00:00,etth1,HUFL,96,43,patchtst,4.6163826414471485
2018-03-04 15:00:00,etth1,HUFL,96,43,patchtst,4.580197283301472
2018-03-04 16:00:00,etth1,HUFL,96,43,patchtst,4.645231200186812
2018-03-04 17:00:00,etth1,HUFL,96,43,patchtst,4.463041324118277
2018-03-04 18:00:00,etth1,HUFL,96,43,patchtst,4.395613738351197
2018-03-04 19:00:00,etth1,HUFL,96,43,patchtst,4.286102802055507
2018-03-04 20:00:00,etth1,HUFL,96,43,patchtst,4.431573295081054
2018-03-04 21:00:00,etth1,HUFL,96,43,patchtst,4.459223051036385
2018-03-04 22:00:00,etth1,HUFL,96,43,patchtst,4.621618453167936
2018-03-04 23:00:00,etth1,HUFL,96,43,patchtst,4.595458158896018
2018-03-05 00:00:00,etth1,HUFL,96,43,patchtst,4.473917384124892
2018-03-05 01:00:00,etth1,HUFL,96,43,patchtst,4.219900996206229
2018-03-05 02:00:00,etth1,HUFL,96,43,patchtst,4.193312106631496
2018-03-05 03:00:00,etth1,HUFL,96,43,patchtst,4.083516986086669
2018-03-05 04:00:00,etth1,HUFL,96,43,patchtst,4.277332285907622
2018-03-05 05:00:00,etth1,HUFL,96,43,patchtst,4.291239169307505
2018-03-05 06:00:00,etth1,HUFL,96,43,patchtst,4.405940580652086
2018-03-05 07:00:00,etth1,HUFL,96,43,patchtst,4.457411255427725
2018-03-05 08:00:00,etth1,HUFL,96,43,patchtst,4.312701622246627
2018-03-05 09:00:00,etth1,HUFL,96,43,patchtst,4.21993384271649
2018-03-05 10:00:00,etth1,HUFL,96,43,patchtst,4.512005489097681
2018-03-05 11:00:00,etth1,HUFL,96,43,patchtst,4.417675211995115
2018-03-05 12:00:00,etth1,HUFL,96,43,patchtst,4.522819822441626
2018-03-05 13:00:00,etth1,HUFL,96,43,patchtst,4.738358446308314
2018-03-05 14:00:00,etth1,HUFL,96,43,patchtst,4.45422953569962
2018-03-05 15:00:00,etth1,HUFL,96,43,patchtst,4.882650453277588
2018-03-05 16:00:00,etth1,HUFL,96,43,patchtst,4.533401758547923
2018-03-05 17:00:00,etth1,HUFL,96,43,patchtst,4.605059615290635
2018-03-05 18:00:00,etth1,HUFL,96,43,patchtst,4.635236692949665
2018-03-05 19:00:00,etth1,HUFL,96,43,patchtst,4.543649875335746
2018-03-05 20:00:00,etth1,HUFL,96,43,patchtst,4.576270772496037
2018-03-05 21:00:00,etth1,HUFL,96,43,patchtst,4.726821881271119
2018-03-05 22:00:00,etth1,HUFL,96,43,patchtst,5.035025381544742
2018-03-05 23:00:00,etth1,HUFL,96,43,patchtst,4.9567679321016636
2018-03-06 00:00:00,etth1,HUFL,96,43,patchtst,4.70553370078574
2018-03-06 01:00:00,etth1,HUFL,96,43,patchtst,4.529161482433667
2018-03-06 02:00:00,etth1,HUFL,96,43,patchtst,4.424896954977673
2018-03-06 03:00:00,etth1,HUFL,96,43,patchtst,4.478115335099475
2018-03-06 04:00:00,etth1,HUFL,96,43,patchtst,4.51165172995971
2018-03-06 05:00:00,etth1,HUFL,96,43,patchtst,4.633577034965027
2018-03-06 06:00:00,etth1,HUFL,96,43,patchtst,4.737312824924669
2018-03-06 07:00:00,etth1,HUFL,96,43,patchtst,4.852140713920924
2018-03-06 08:00:00,etth1,HUFL,96,43,patchtst,4.953508425177541
2018-03-06 09:00:00,etth1,HUFL,96,43,patchtst,5.494620688632662
2018-03-06 10:00:00,etth1,HUFL,96,43,patchtst,5.401685716849049
2018-03-06 11:00:00,etth1,HUFL,96,43,patchtst,4.841456666412198
2018-03-06 12:00:00,etth1,HUFL,96,43,patchtst,4.278474300451383
2018-03-06 13:00:00,etth1,HUFL,96,43,patchtst,4.169060875303856
2018-03-06 14:00:00,etth1,HUFL,96,43,patchtst,4.159422598931108
2018-03-06 15:00:00,etth1,HUFL,96,43,patchtst,4.308856722134061
2018-03-06 16:00:00,etth1,HUFL,96,43,patchtst,4.349356939514412
2018-03-06 17:00:00,etth1,HUFL,96,43,patchtst,4.418175041715483
2018-03-06 18:00:00,etth1,HUFL,96,43,patchtst,4.518088635706532
2018-03-06 19:00:00,etth1,HUFL,96,43,patchtst,4.568053908239697
2018-03-06 20:00:00,etth1,HUFL,96,43,patchtst,4.723015414022448
2018-03-06 21:00:00,etth1,HUFL,96,43,patchtst,4.670360207351343
2018-03-06 22:00:00,etth1,HUFL,96,43,patchtst,4.769243418334146
2018-03-06 23:00:00,etth1,HUFL,96,43,patchtst,4.8354159711018525
2018-03-07 00:00:00,etth1,HUFL,96,43,patchtst,4.445626164428625
2018-03-07 01:00:00,etth1,HUFL,96,43,patchtst,4.377544569891607
2018-03-07 02:00:00,etth1,HUFL,96,43,patchtst,4.464247172290154
2018-03-07 03:00:00,etth1,HUFL,96,43,patchtst,4.553384743176003
2018-03-07 04:00:00,etth1,HUFL,96,43,patchtst,4.497574049167347
2018-03-07 05:00:00,etth1,HUFL,96,43,patchtst,4.368127583304038
2018-03-07 06:00:00,etth1,HUFL,96,43,patchtst,4.430451317122675
2018-03-07 07:00:00,etth1,HUFL,96,43,patchtst,4.527619332501288
2018-03-07 08:00:00,etth1,HUFL,96,43,patchtst,4.450321468828676
2018-03-07 09:00:00,etth1,HUFL,96,43,patchtst,4.255402157568913
2018-03-07 10:00:00,etth1,HUFL,96,43,patchtst,4.260360255754058
2018-03-07 11:00:00,etth1,HUFL,96,43,patchtst,4.475895925422255
2018-03-07 12:00:00,etth1,HUFL,96,43,patchtst,4.425775725280554
2018-03-07 13:00:00,etth1,HUFL,96,43,patchtst,4.145376183347712
2018-03-07 14:00:00,etth1,HUFL,96,43,patchtst,4.380176480973881
2018-03-07 15:00:00,etth1,HUFL,96,43,patchtst,4.21889088343901
2018-03-07 16:00:00,etth1,HUFL,96,43,patchtst,4.138442737897463
2018-03-07 17:00:00,etth1,HUFL,96,43,patchtst,4.309722758996585
2018-03-07 18:00:00,etth1,HUFL,96,43,patchtst,4.352089409488484
2018-03-07 19:00:00,etth1,HUFL,96,43,patchtst,4.245451456375976
2018-03-07 20:00:00,etth1,HUFL,96,43,patchtst,4.281475667771343
2018-03-07 21:00:00,etth1,HUFL,96,43,patchtst,4.331307952318091
2018-03-07 22:00:00,etth1,HUFL,96,43,patchtst,4.409941657470683
2018-03-07 23:00:00,etth1,HUFL,96,43,patchtst,4.657647462868205
2018-03-08 00:00:00,etth1,HUFL,96,43,patchtst,4.344103113444597
2018-03-08 01:00:00,etth1,HUFL,96,43,patchtst,4.281234974388387
2018-03-08 02:00:00,etth1,HUFL,96,43,patchtst,4.225273912484021
2018-03-08 03:00:00,etth1,HUFL,96,43,patchtst,4.236040083203502
2018-03-08 04:00:00,etth1,HUFL,96,43,patchtst,4.303936057753739
2018-03-08 05:00:00,etth1,HUFL,96,43,patchtst,4.295309539589797
2018-03-08 06:00:00,etth1,HUFL,96,43,patchtst,4.402571131604769
2018-03-08 07:00:00,etth1,HUFL,96,43,patchtst,4.590021987784893
2018-03-08 08:00:00,etth1,HUFL,96,43,patchtst,4.697639791328023
2018-03-08 09:00:00,etth1,HUFL,96,43,patchtst,4.276474329284844
2018-03-08 10:00:00,etth1,HUFL,96,43,patchtst,4.696447939932571
2018-03-08 11:00:00,etth1,HUFL,96,43,patchtst,3.879389553901119
2018-03-08 12:00:00,etth1,HUFL,96,43,patchtst,3.774826070337761
2018-03-08 13:00:00,etth1,HUFL,96,43,patchtst,4.568248166626046
2018-03-08 14:00:00,etth1,HUFL,96,43,patchtst,4.398447351582425
2018-03-08 15:00:00,etth1,HUFL,96,43,patchtst,4.694283867358708
2018-03-08 16:00:00,etth1,HUFL,96,43,patchtst,4.494071617364002
2018-03-08 17:00:00,etth1,HUFL,96,43,patchtst,4.656340904563739
2018-03-08 18:00:00,etth1,HUFL,96,43,patchtst,4.8939450987904385
2018-03-08 19:00:00,etth1,HUFL,96,43,patchtst,4.631864968189377
2018-03-08 20:00:00,etth1,HUFL,96,43,patchtst,4.360455825901833
2018-03-08 21:00:00,etth1,HUFL,96,43,patchtst,4.55995988442483
2018-03-08 22:00:00,etth1,HUFL,96,43,patchtst,4.431490375248424
2018-03-08 23:00:00,etth1,HUFL,96,43,patchtst,4.5587588786350866
2018-03-09 00:00:00,etth1,HUFL,96,43,patchtst,4.380535499810921
2018-03-09 01:00:00,etth1,HUFL,96,43,patchtst,4.493394078829975
2018-03-09 02:00:00,etth1,HUFL,96,43,patchtst,4.534295605836822
2018-03-09 03:00:00,etth1,HUFL,96,43,patchtst,4.4914705388858795
2018-03-09 04:00:00,etth1,HUFL,96,43,patchtst,4.305031759105009
2018-03-09 05:00:00,etth1,HUFL,96,43,patchtst,4.6390671428429195
2018-03-09 06:00:00,etth1,HUFL,96,43,patchtst,4.710542094315471
2018-03-09 07:00:00,etth1,HUFL,96,43,patchtst,5.15952674556092
2018-03-09 08:00:00,etth1,HUFL,96,43,patchtst,4.973807326272227
2018-03-09 09:00:00,etth1,HUFL,96,43,patchtst,4.504623733335033
2018-03-09 10:00:00,etth1,HUFL,96,43,patchtst,4.137117886083625
2018-03-09 11:00:00,etth1,HUFL,96,43,patchtst,3.9730973461637524
2018-03-09 12:00:00,etth1,HUFL,96,43,patchtst,3.5208343381839433
2018-03-09 13:00:00,etth1,HUFL,96,43,patchtst,3.5837198712619824
2018-03-09 14:00:00,etth1,HUFL,96,43,patchtst,3.6806547670141505
2018-03-09 15:00:00,etth1,HUFL,96,43,patchtst,3.696255374841796
2018-03-09 16:00:00,etth1,HUFL,96,43,patchtst,3.8574659547833243
2018-03-09 17:00:00,etth1,HUFL,96,43,patchtst,4.23751621016807
2018-03-09 18:00:00,etth1,HUFL,96,43,patchtst,4.192390417020374
2018-03-09 19:00:00,etth1,HUFL,96,43,patchtst,3.9316376309250907
2018-03-09 20:00:00,etth1,HUFL,96,43,patchtst,3.901907064391338
2018-03-09 21:00:00,etth1,HUFL,96,43,patchtst,4.0633581382295985
2018-03-09 22:00:00,etth1,HUFL,96,43,patchtst,4.0627934767401745
2018-03-09 23:00:00,etth1,HUFL,96,43,patchtst,4.314271209960663
2018-03-10 00:00:00,etth1,HUFL,96,43,patchtst,4.158671438040398
2018-03-10 01:00:00,etth1,HUFL,96,43,patchtst,4.261342079132513
2018-03-10 02:00:00,etth1,HUFL,96,43,patchtst,4.369210913218276
2018-03-10 03:00:00,etth1,HUFL,96,43,patchtst,4.112699562506013
2018-03-10 04:00:00,etth1,HUFL,96,43,patchtst,4.165801974818675
2018-03-10 05:00:00,etth1,HUFL,96,43,patchtst,4.373888701293347
2018-03-10 06:00:00,etth1,HUFL,96,43,patchtst,4.504337719089814
2018-03-10 07:00:00,etth1,HUFL,96,43,patchtst,4.980828009531712
2018-03-10 08:00:00,etth1,HUFL,96,43,patchtst,4.691860785594006
2018-03-10 09:00:00,etth1,HUFL,96,43,patchtst,4.205496288253827
2018-03-10 10:00:00,etth1,HUFL,96,43,patchtst,3.964153774789532
2018-03-10 11:00:00,etth1,HUFL,96,43,patchtst,4.0225425125843985
2018-03-10 12:00:00,etth1,HUFL,96,43,patchtst,4.169816168695754
2018-03-10 13:00:00,etth1,HUFL,96,43,patchtst,3.981486476643878
2018-03-10 14:00:00,etth1,HUFL,96,43,patchtst,3.6500191848868995
2018-03-10 15:00:00,etth1,HUFL,96,43,patchtst,3.845581774296168
2018-03-10 16:00:00,etth1,HUFL,96,43,patchtst,3.912819001687577
2018-03-10 17:00:00,etth1,HUFL,96,43,patchtst,4.1589267815554205
2018-03-10 18:00:00,etth1,HUFL,96,43,patchtst,4.029867550376896
2018-03-10 19:00:00,etth1,HUFL,96,43,patchtst,3.8523637341912242
2018-03-10 20:00:00,etth1,HUFL,96,43,patchtst,3.9744775823477405
2018-03-10 21:00:00,etth1,HUFL,96,43,patchtst,4.109501681109124
2018-03-10 22:00:00,etth1,HUFL,96,43,patchtst,4.214668460825008
2018-03-10 23:00:00,etth1,HUFL,96,43,patchtst,4.104808457373054
2018-03-11 00:00:00,etth1,HUFL,96,43,patchtst,4.0055364061190275
2018-03-11 01:00:00,etth1,HUFL,96,43,patchtst,3.911151803816948
2018-03-11 02:00:00,etth1,HUFL,96,43,patchtst,3.8216522868812377
2018-03-11 03:00:00,etth1,HUFL,96,43,patchtst,3.5080532267074473
2018-03-11 04:00:00,etth1,HUFL,96,43,patchtst,3.539923618917063
2018-03-11 05:00:00,etth1,HUFL,96,43,patchtst,3.734311624010742
2018-03-11 06:00:00,etth1,HUFL,96,43,patchtst,4.000889324359718
2018-03-11 07:00:00,etth1,HUFL,96,43,patchtst,4.4639111931400235
2018-03-11 08:00:00,etth1,HUFL,96,43,patchtst,4.08658207328251
2018-03-11 09:00:00,etth1,HUFL,96,43,patchtst,3.5292300223391315
2018-03-11 10:00:00,etth1,HUFL,96,43,patchtst,3.3417931224045705
2018-03-11 11:00:00,etth1,HUFL,96,43,patchtst,3.3762552768044842
2018-03-11 12:00:00,etth1,HUFL,96,43,patchtst,3.511462540561175
2018-03-11 13:00:00,etth1,HUFL,96,43,patchtst,3.6580047326148066
2018-03-11 14:00:00,etth1,HUFL,96,43,patchtst,3.437055335622585
2018-03-11 15:00:00,etth1,HUFL,96,43,patchtst,3.5282522467133286
2018-03-11 16:00:00,etth1,HUFL,96,43,patchtst,3.468373262364827
2018-03-11 17:00:00,etth1,HUFL,96,43,patchtst,3.4830856844881866
2018-03-11 18:00:00,etth1,HUFL,96,43,patchtst,3.5936333708756174
2018-03-11 19:00:00,etth1,HUFL,96,43,patchtst,3.408509402159591
2018-03-11 20:00:00,etth1,HUFL,96,43,patchtst,3.388522144411386
2018-03-11 21:00:00,etth1,HUFL,96,43,patchtst,3.6094965313809486
2018-03-11 22:00:00,etth1,HUFL,96,43,patchtst,3.562156192726775
2018-03-11 23:00:00,etth1,HUFL,96,43,patchtst,3.5669244381220007
2018-03-12 00:00:00,etth1,HUFL,96,43,patchtst,3.5810101470685964
2018-03-12 01:00:00,etth1,HUFL,96,43,patchtst,3.397459957524545
2018-03-12 02:00:00,etth1,HUFL,96,43,patchtst,3.243025340107502
2018-03-12 03:00:00,etth1,HUFL,96,43,patchtst,3.1103343986074137
2018-03-12 04:00:00,etth1,HUFL,96,43,patchtst,3.147567679575781
2018-03-12 05:00:00,etth1,HUFL,96,43,patchtst,3.3831320508467826
2018-03-12 06:00:00,etth1,HUFL,96,43,patchtst,3.514933853032554
2018-03-12 07:00:00,etth1,HUFL,96,43,patchtst,3.865557599103115
2018-03-12 08:00:00,etth1,HUFL,96,43,patchtst,3.6325745683974273
2018-03-12 09:00:00,etth1,HUFL,96,43,patchtst,3.1004247254127626
2018-03-12 10:00:00,etth1,HUFL,96,43,patchtst,2.972424076353976
2018-03-12 11:00:00,etth1,HUFL,96,43,patchtst,3.3732873682643754
2018-03-12 12:00:00,etth1,HUFL,96,43,patchtst,3.5233321489558107
2018-03-12 13:00:00,etth1,HUFL,96,43,patchtst,3.5744383996580953
2018-03-12 14:00:00,etth1,HUFL,96,43,patchtst,3.6464555523569335
2018-03-12 15:00:00,etth1,HUFL,96,43,patchtst,3.802841227631538
2018-03-12 16:00:00,etth1,HUFL,96,43,patchtst,4.079750730723034
2018-03-12 17:00:00,etth1,HUFL,96,43,patchtst,4.252410848408638
2018-03-12 18:00:00,etth1,HUFL,96,43,patchtst,4.241823083611516
2018-03-12 19:00:00,etth1,HUFL,96,43,patchtst,4.194892020081331
2018-03-12 20:00:00,etth1,HUFL,96,43,patchtst,4.180274480368513
2018-03-12 21:00:00,etth1,HUFL,96,43,patchtst,4.278779153018917
2018-03-12 22:00:00,etth1,HUFL,96,43,patchtst,4.4397380422764625
2018-03-12 23:00:00,etth1,HUFL,96,43,patchtst,4.305628311673641
2018-03-13 00:00:00,etth1,HUFL,96,43,patchtst,4.541607426204983
2018-03-13 01:00:00,etth1,HUFL,96,43,patchtst,4.156420578233597
2018-03-13 02:00:00,etth1,HUFL,96,43,patchtst,4.00558598354973
2018-03-13 03:00:00,etth1,HUFL,96,43,patchtst,3.9336778561078805
2018-03-13 04:00:00,etth1,HUFL,96,43,patchtst,3.9525835772591957
2018-03-13 05:00:00,etth1,HUFL,96,43,patchtst,3.948309585825191
2018-03-13 06:00:00,etth1,HUFL,96,43,patchtst,4.01087023304645
2018-03-13 07:00:00,etth1,HUFL,96,43,patchtst,4.0125972323268515
2018-03-13 08:00:00,etth1,HUFL,96,43,patchtst,3.9343408287084762
2018-03-13 09:00:00,etth1,HUFL,96,43,patchtst,3.665002721012039
2018-03-13 10:00:00,etth1,HUFL,96,43,patchtst,3.833214518962689
2018-03-13 11:00:00,etth1,HUFL,96,43,patchtst,3.956839514546227
2018-03-13 12:00:00,etth1,HUFL,96,43,patchtst,4.198509485155089
2018-03-13 13:00:00,etth1,HUFL,96,43,patchtst,4.242920136748836
2018-03-13 14:00:00,etth1,HUFL,96,43,patchtst,4.389413983585087
2018-03-13 15:00:00,etth1,HUFL,96,43,patchtst,4.3975336013368995
2018-03-13 16:00:00,etth1,HUFL,96,43,patchtst,4.352015956008759
2018-03-13 17:00:00,etth1,HUFL,96,43,patchtst,4.251807886071222
2018-03-13 18:00:00,etth1,HUFL,96,43,patchtst,4.235022418101516
2018-03-13 19:00:00,etth1,HUFL,96,43,patchtst,4.25889468988579
2018-03-13 20:00:00,etth1,HUFL,96,43,patchtst,4.44781215089725
2018-03-13 21:00:00,etth1,HUFL,96,43,patchtst,4.3869042844338955
2018-03-13 22:00:00,etth1,HUFL,96,43,patchtst,4.713534194060679
2018-03-13 23:00:00,etth1,HUFL,96,43,patchtst,4.607802009671089
2018-03-14 00:00:00,etth1,HUFL,96,43,patchtst,4.560042683409507
2018-03-14 01:00:00,etth1,HUFL,96,43,patchtst,4.280661398306237
2018-03-14 02:00:00,etth1,HUFL,96,43,patchtst,4.181994372613623
2018-03-14 03:00:00,etth1,HUFL,96,43,patchtst,4.261943695746883
2018-03-14 04:00:00,etth1,HUFL,96,43,patchtst,4.210099310498831
2018-03-14 05:00:00,etth1,HUFL,96,43,patchtst,4.196264281120455
2018-03-14 06:00:00,etth1,HUFL,96,43,patchtst,4.405276672774435
2018-03-14 07:00:00,etth1,HUFL,96,43,patchtst,3.808722674005304
2018-03-14 08:00:00,etth1,HUFL,96,43,patchtst,3.729165279691007
2018-03-14 09:00:00,etth1,HUFL,96,43,patchtst,3.2517069786809834
2018-03-14 10:00:00,etth1,HUFL,96,43,patchtst,3.345472682744546
2018-03-14 11:00:00,etth1,HUFL,96,43,patchtst,3.5250002650849033
2018-03-14 12:00:00,etth1,HUFL,96,43,patchtst,3.7599771332097447
2018-03-14 13:00:00,etth1,HUFL,96,43,patchtst,3.8381191388016727
2018-03-14 14:00:00,etth1,HUFL,96,43,patchtst,3.880873949569832
2018-03-14 15:00:00,etth1,HUFL,96,43,patchtst,3.9714770184466794
2018-03-14 16:00:00,etth1,HUFL,96,43,patchtst,3.8749023121472597
2018-03-14 17:00:00,etth1,HUFL,96,43,patchtst,3.8807687389082197
2018-03-14 18:00:00,etth1,HUFL,96,43,patchtst,3.9285637520281576
2018-03-14 19:00:00,etth1,HUFL,96,43,patchtst,4.007282310105897
2018-03-14 20:00:00,etth1,HUFL,96,43,patchtst,3.9903357867284903
2018-03-14 21:00:00,etth1,HUFL,96,43,patchtst,4.081342088712969
2018-03-14 22:00:00,etth1,HUFL,96,43,patchtst,4.228365249306234
2018-03-14 23:00:00,etth1,HUFL,96,43,patchtst,4.3876185126741
2018-03-15 00:00:00,etth1,HUFL,96,43,patchtst,4.384064274220497
2018-03-15 01:00:00,etth1,HUFL,96,43,patchtst,4.144564101990021
2018-03-15 02:00:00,etth1,HUFL,96,43,patchtst,4.0206274390137695
2018-03-15 03:00:00,etth1,HUFL,96,43,patchtst,4.143860850994119
2018-03-15 04:00:00,etth1,HUFL,96,43,patchtst,4.11477635567378
2018-03-15 05:00:00,etth1,HUFL,96,43,patchtst,3.998555076688795
2018-03-15 06:00:00,etth1,HUFL,96,43,patchtst,3.9461007436081843
2018-03-15 07:00:00,etth1,HUFL,96,43,patchtst,3.999756929087635
2018-03-15 08:00:00,etth1,HUFL,96,43,patchtst,4.128772954208497
2018-03-15 09:00:00,etth1,HUFL,96,43,patchtst,4.170330829043446
2018-03-15 10:00:00,etth1,HUFL,96,43,patchtst,4.315211598944193
2018-03-15 11:00:00,etth1,HUFL,96,43,patchtst,4.419346255219077
2018-03-15 12:00:00,etth1,HUFL,96,43,patchtst,4.628921192785618
2018-03-15 13:00:00,etth1,HUFL,96,43,patchtst,4.922502831721882
2018-03-15 14:00:00,etth1,HUFL,96,43,patchtst,5.057440859665357
2018-03-15 15:00:00,etth1,HUFL,96,43,patchtst,5.091015913258826
2018-03-15 16:00:00,etth1,HUFL,96,43,patchtst,5.173275804825663
2018-03-15 17:00:00,etth1,HUFL,96,43,patchtst,4.967541615013917
2018-03-15 18:00:00,etth1,HUFL,96,43,patchtst,4.929170809040518
2018-03-15 19:00:00,etth1,HUFL,96,43,patchtst,5.025269438104729
2018-03-15 20:00:00,etth1,HUFL,96,43,patchtst,5.015976779931624
2018-03-15 21:00:00,etth1,HUFL,96,43,patchtst,4.907813441282738
2018-03-15 22:00:00,etth1,HUFL,96,43,patchtst,5.056970994363472
2018-03-15 23:00:00,etth1,HUFL,96,43,patchtst,5.012435745676985
2018-03-16 00:00:00,etth1,HUFL,96,43,patchtst,5.159709079052482
2018-03-16 01:00:00,etth1,HUFL,96,43,patchtst,4.966817952258512
2018-03-16 02:00:00,etth1,HUFL,96,43,patchtst,4.877117743510154
2018-03-16 03:00:00,etth1,HUFL,96,43,patchtst,4.949944011908644
2018-03-16 04:00:00,etth1,HUFL,96,43,patchtst,4.939435878000121
2018-03-16 05:00:00,etth1,HUFL,96,43,patchtst,4.862270266150557
2018-03-16 06:00:00,etth1,HUFL,96,43,patchtst,5.052273843967863
2018-03-16 07:00:00,etth1,HUFL,96,43,patchtst,4.912818678395456
2018-03-16 08:00:00,etth1,HUFL,96,43,patchtst,4.56031875377895
2018-03-16 09:00:00,etth1,HUFL,96,43,patchtst,3.9531826229394795
2018-03-16 10:00:00,etth1,HUFL,96,43,patchtst,3.8366593179412263
2018-03-16 11:00:00,etth1,HUFL,96,43,patchtst,3.7776642804952902
2018-03-16 12:00:00,etth1,HUFL,96,43,patchtst,3.6010813524560703
2018-03-16 13:00:00,etth1,HUFL,96,43,patchtst,3.740734682587989
2018-03-16 14:00:00,etth1,HUFL,96,43,patchtst,4.029077326445497
2018-03-16 15:00:00,etth1,HUFL,96,43,patchtst,4.146426813944338
2018-03-16 16:00:00,etth1,HUFL,96,43,patchtst,4.223680540804229
2018-03-16 17:00:00,etth1,HUFL,96,43,patchtst,4.110176412817273
2018-03-16 18:00:00,etth1,HUFL,96,43,patchtst,4.008964468016789
2018-03-16 19:00:00,etth1,HUFL,96,43,patchtst,4.186154429933951
2018-03-16 20:00:00,etth1,HUFL,96,43,patchtst,4.105128472156167
2018-03-16 21:00:00,etth1,HUFL,96,43,patchtst,4.016357836957979
2018-03-16 22:00:00,etth1,HUFL,96,43,patchtst,4.2166441126281065
2018-03-16 23:00:00,etth1,HUFL,96,43,patchtst,4.1165939989583435
2018-03-17 00:00:00,etth1,HUFL,96,43,patchtst,3.9768892089244474
2018-03-17 01:00:00,etth1,HUFL,96,43,patchtst,3.882911090987457
2018-03-17 02:00:00,etth1,HUFL,96,43,patchtst,3.7872806706823336
2018-03-17 03:00:00,etth1,HUFL,96,43,patchtst,3.896339905364058
2018-03-17 04:00:00,etth1,HUFL,96,43,patchtst,3.915126488816758
2018-03-17 05:00:00,etth1,HUFL,96,43,patchtst,3.918720690996127
2018-03-17 06:00:00,etth1,HUFL,96,43,patchtst,3.9124192467360746
2018-03-17 07:00:00,etth1,HUFL,96,43,patchtst,4.0557322261839985
2018-03-17 08:00:00,etth1,HUFL,96,43,patchtst,4.135782688858225
2018-03-17 09:00:00,etth1,HUFL,96,43,patchtst,4.247379924953299
2018-03-17 10:00:00,etth1,HUFL,96,43,patchtst,4.617254792151313
2018-03-17 11:00:00,etth1,HUFL,96,43,patchtst,4.008490989627821
2018-03-17 12:00:00,etth1,HUFL,96,43,patchtst,3.8177276616006597
2018-03-17 13:00:00,etth1,HUFL,96,43,patchtst,3.838059096632911
2018-03-17 14:00:00,etth1,HUFL,96,43,patchtst,3.857941136252873
2018-03-17 15:00:00,etth1,HUFL,96,43,patchtst,3.8926452483469767
2018-03-17 16:00:00,etth1,HUFL,96,43,patchtst,3.8222186364904203
2018-03-17 17:00:00,etth1,HUFL,96,43,patchtst,3.933214055094011
2018-03-17 18:00:00,etth1,HUFL,96,43,patchtst,3.9782547071757723
2018-03-17 19:00:00,etth1,HUFL,96,43,patchtst,4.036142051338044
2018-03-17 20:00:00,etth1,HUFL,96,43,patchtst,3.970147984939121
2018-03-17 21:00:00,etth1,HUFL,96,43,patchtst,3.844064844662457
2018-03-17 22:00:00,etth1,HUFL,96,43,patchtst,4.002640979457824
2018-03-17 23:00:00,etth1,HUFL,96,43,patchtst,3.9538287923810613
2018-03-18 00:00:00,etth1,HUFL,96,43,patchtst,4.169019711624121
2018-03-18 01:00:00,etth1,HUFL,96,43,patchtst,4.096983375192762
2018-03-18 02:00:00,etth1,HUFL,96,43,patchtst,4.0711169050336515
2018-03-18 03:00:00,etth1,HUFL,96,43,patchtst,3.9587993838909483
2018-03-18 04:00:00,etth1,HUFL,96,43,patchtst,3.7324584914806684
2018-03-18 05:00:00,etth1,HUFL,96,43,patchtst,3.6187414489140806
2018-03-18 06:00:00,etth1,HUFL,96,43,patchtst,3.5197260426332018
2018-03-18 07:00:00,etth1,HUFL,96,43,patchtst,3.3869646294203974
2018-03-18 08:00:00,etth1,HUFL,96,43,patchtst,3.3624780422167873
2018-03-18 09:00:00,etth1,HUFL,96,43,patchtst,2.720839815959465
2018-03-18 10:00:00,etth1,HUFL,96,43,patchtst,2.7822379788901848
2018-03-18 11:00:00,etth1,HUFL,96,43,patchtst,2.6887994125156225
2018-03-18 12:00:00,etth1,HUFL,96,43,patchtst,2.7055530075106895
2018-03-18 13:00:00,etth1,HUFL,96,43,patchtst,2.6506054327298307
2018-03-18 14:00:00,etth1,HUFL,96,43,patchtst,2.7264747182242295
2018-03-18 15:00:00,etth1,HUFL,96,43,patchtst,2.767504919724155
2018-03-18 16:00:00,etth1,HUFL,96,43,patchtst,2.8684336134074164
2018-03-18 17:00:00,etth1,HUFL,96,43,patchtst,2.780665255171597
2018-03-18 18:00:00,etth1,HUFL,96,43,patchtst,2.8394588014255073
2018-03-18 19:00:00,etth1,HUFL,96,43,patchtst,2.90845788455414
2018-03-18 20:00:00,etth1,HUFL,96,43,patchtst,3.012838315863943
2018-03-18 21:00:00,etth1,HUFL,96,43,patchtst,3.0639090809418903
2018-03-18 22:00:00,etth1,HUFL,96,43,patchtst,3.0747828948081435
2018-03-18 23:00:00,etth1,HUFL,96,43,patchtst,3.060820338767595
2018-03-19 00:00:00,etth1,HUFL,96,43,patchtst,3.019764139268153
2018-03-19 01:00:00,etth1,HUFL,96,43,patchtst,3.0258693081489283
2018-03-19 02:00:00,etth1,HUFL,96,43,patchtst,3.0479799234476417
2018-03-19 03:00:00,etth1,HUFL,96,43,patchtst,3.142763204374461
2018-03-19 04:00:00,etth1,HUFL,96,43,patchtst,3.0416126425933556
2018-03-19 05:00:00,etth1,HUFL,96,43,patchtst,3.011376562697
2018-03-19 06:00:00,etth1,HUFL,96,43,patchtst,3.0920696836752324
2018-03-19 07:00:00,etth1,HUFL,96,43,patchtst,2.9901712402804694
2018-03-19 08:00:00,etth1,HUFL,96,43,patchtst,2.781295789559636
2018-03-19 09:00:00,etth1,HUFL,96,43,patchtst,2.807631145199816
2018-03-19 10:00:00,etth1,HUFL,96,43,patchtst,2.7788591287696307
2018-03-19 11:00:00,etth1,HUFL,96,43,patchtst,2.8658674158644266
2018-03-19 12:00:00,etth1,HUFL,96,43,patchtst,2.918650742892742
2018-03-19 13:00:00,etth1,HUFL,96,43,patchtst,3.169265060159283
2018-03-19 14:00:00,etth1,HUFL,96,43,patchtst,3.192264591042987
2018-03-19 15:00:00,etth1,HUFL,96,43,patchtst,3.2874042474807332
2018-03-19 16:00:00,etth1,HUFL,96,43,patchtst,3.4851177032619773
2018-03-19 17:00:00,etth1,HUFL,96,43,patchtst,3.5370376450031222
2018-03-19 18:00:00,etth1,HUFL,96,43,patchtst,3.526721322444741
2018-03-19 19:00:00,etth1,HUFL,96,43,patchtst,3.575310115989659
2018-03-19 20:00:00,etth1,HUFL,96,43,patchtst,3.5939364993053027
2018-03-19 21:00:00,etth1,HUFL,96,43,patchtst,3.671106817497687
2018-03-19 22:00:00,etth1,HUFL,96,43,patchtst,3.6078099867404347
2018-03-19 23:00:00,etth1,HUFL,96,43,patchtst,3.5572896250292856
2018-03-20 00:00:00,etth1,HUFL,96,43,patchtst,3.5138075974891474
2018-03-20 01:00:00,etth1,HUFL,96,43,patchtst,3.5665351434638954
2018-03-20 02:00:00,etth1,HUFL,96,43,patchtst,3.5491773313520145
2018-03-20 03:00:00,etth1,HUFL,96,43,patchtst,3.6043188306190923
2018-03-20 04:00:00,etth1,HUFL,96,43,patchtst,3.526711981107668
2018-03-20 05:00:00,etth1,HUFL,96,43,patchtst,3.730599209125377
2018-03-20 06:00:00,etth1,HUFL,96,43,patchtst,3.8709258449293196
2018-03-20 07:00:00,etth1,HUFL,96,43,patchtst,3.698319516772871
2018-03-20 08:00:00,etth1,HUFL,96,43,patchtst,3.6934815326358255
2018-03-20 09:00:00,etth1,HUFL,96,43,patchtst,3.765549283417151
2018-03-20 10:00:00,etth1,HUFL,96,43,patchtst,3.7007241529794115
2018-03-20 11:00:00,etth1,HUFL,96,43,patchtst,3.837026189705959
2018-03-20 12:00:00,etth1,HUFL,96,43,patchtst,3.9662346566315203
2018-03-20 13:00:00,etth1,HUFL,96,43,patchtst,4.112748658521899
2018-03-20 14:00:00,etth1,HUFL,96,43,patchtst,4.218382930142999
2018-03-20 15:00:00,etth1,HUFL,96,43,patchtst,4.137115737150573
2018-03-20 16:00:00,etth1,HUFL,96,43,patchtst,4.237047099351094
2018-03-20 17:00:00,etth1,HUFL,96,43,patchtst,4.328770890452675
2018-03-20 18:00:00,etth1,HUFL,96,43,patchtst,4.3402181711048975
2018-03-20 19:00:00,etth1,HUFL,96,43,patchtst,4.320914059428469
2018-03-20 20:00:00,etth1,HUFL,96,43,patchtst,4.2870022349349455
2018-03-20 21:00:00,etth1,HUFL,96,43,patchtst,4.354044730150674
2018-03-20 22:00:00,etth1,HUFL,96,43,patchtst,4.208534542100576
2018-03-20 23:00:00,etth1,HUFL,96,43,patchtst,4.326797045771339
2018-03-21 00:00:00,etth1,HUFL,96,43,patchtst,4.072960942950902
2018-03-21 01:00:00,etth1,HUFL,96,43,patchtst,4.130787923634301
2018-03-21 02:00:00,etth1,HUFL,96,43,patchtst,4.141368970167075
2018-03-21 03:00:00,etth1,HUFL,96,43,patchtst,4.273740168257444
2018-03-21 04:00:00,etth1,HUFL,96,43,patchtst,4.162616192091595
2018-03-21 05:00:00,etth1,HUFL,96,43,patchtst,4.213308816409653
2018-03-21 06:00:00,etth1,HUFL,96,43,patchtst,4.19780373439862
2018-03-21 07:00:00,etth1,HUFL,96,43,patchtst,4.2152050535631655
2018-03-21 08:00:00,etth1,HUFL,96,43,patchtst,4.153111402645421
2018-03-21 09:00:00,etth1,HUFL,96,43,patchtst,4.1736863926499845
2018-03-21 10:00:00,etth1,HUFL,96,43,patchtst,4.017268789506867
2018-03-21 11:00:00,etth1,HUFL,96,43,patchtst,4.43723033377332
2018-03-21 12:00:00,etth1,HUFL,96,43,patchtst,4.22319242970573
2018-03-21 13:00:00,etth1,HUFL,96,43,patchtst,4.100714457093939
2018-03-21 14:00:00,etth1,HUFL,96,43,patchtst,3.9721694395553833
2018-03-21 15:00:00,etth1,HUFL,96,43,patchtst,4.060847647529596
2018-03-21 16:00:00,etth1,HUFL,96,43,patchtst,3.87513069673332
2018-03-21 17:00:00,etth1,HUFL,96,43,patchtst,3.8111549606716175
2018-03-21 18:00:00,etth1,HUFL,96,43,patchtst,3.5391832261101857
2018-03-21 19:00:00,etth1,HUFL,96,43,patchtst,3.6414982345901588
2018-03-21 20:00:00,etth1,HUFL,96,43,patchtst,3.7244235917089887
2018-03-21 21:00:00,etth1,HUFL,96,43,patchtst,3.7166874569229904
2018-03-21 22:00:00,etth1,HUFL,96,43,patchtst,3.6872124769423174
2018-03-21 23:00:00,etth1,HUFL,96,43,patchtst,3.6170672671885313
2018-03-22 00:00:00,etth1,HUFL,96,43,patchtst,3.5342863552154
2018-03-22 01:00:00,etth1,HUFL,96,43,patchtst,3.5624838626397994
2018-03-22 02:00:00,etth1,HUFL,96,43,patchtst,3.4571552898227105
2018-03-22 03:00:00,etth1,HUFL,96,43,patchtst,3.6969236356332726
2018-03-22 04:00:00,etth1,HUFL,96,43,patchtst,3.624593049214559
2018-03-22 05:00:00,etth1,HUFL,96,43,patchtst,3.8586518800045497
2018-03-22 06:00:00,etth1,HUFL,96,43,patchtst,4.045802898580032
2018-03-22 07:00:00,etth1,HUFL,96,43,patchtst,3.811970952799038
2018-03-22 08:00:00,etth1,HUFL,96,43,patchtst,3.64041436427179
2018-03-22 09:00:00,etth1,HUFL,96,43,patchtst,3.9123119065375795
2018-03-22 10:00:00,etth1,HUFL,96,43,patchtst,3.6406888158840354
2018-03-22 11:00:00,etth1,HUFL,96,43,patchtst,3.724921757328016
2018-03-22 12:00:00,etth1,HUFL,96,43,patchtst,3.8272132002184147
2018-03-22 13:00:00,etth1,HUFL,96,43,patchtst,3.9703483989372352
2018-03-22 14:00:00,etth1,HUFL,96,43,patchtst,3.788599033660217
2018-03-22 15:00:00,etth1,HUFL,96,43,patchtst,3.552912934506933
2018-03-22 16:00:00,etth1,HUFL,96,43,patchtst,3.619395142003409
2018-03-22 17:00:00,etth1,HUFL,96,43,patchtst,3.539866336193311
2018-03-22 18:00:00,etth1,HUFL,96,43,patchtst,3.48711937612684
2018-03-22 19:00:00,etth1,HUFL,96,43,patchtst,3.5562639618705183
2018-03-22 20:00:00,etth1,HUFL,96,43,patchtst,3.679968181763707
2018-03-22 21:00:00,etth1,HUFL,96,43,patchtst,3.788678213363756
2018-03-22 22:00:00,etth1,HUFL,96,43,patchtst,3.7464876804761054
2018-03-22 23:00:00,etth1,HUFL,96,43,patchtst,3.521655186346667
2018-03-23 00:00:00,etth1,HUFL,96,43,patchtst,3.2474747566817697
2018-03-23 01:00:00,etth1,HUFL,96,43,patchtst,3.2881008855259846
2018-03-23 02:00:00,etth1,HUFL,96,43,patchtst,3.2377299337514542
2018-03-23 03:00:00,etth1,HUFL,96,43,patchtst,3.3875973442371916
2018-03-23 04:00:00,etth1,HUFL,96,43,patchtst,3.2605798038217313
2018-03-23 05:00:00,etth1,HUFL,96,43,patchtst,3.499032919304291
2018-03-23 06:00:00,etth1,HUFL,96,43,patchtst,3.6355664046765006
2018-03-23 07:00:00,etth1,HUFL,96,43,patchtst,3.5519808336788437
2018-03-23 08:00:00,etth1,HUFL,96,43,patchtst,3.2342456854158255
2018-03-23 09:00:00,etth1,HUFL,96,43,patchtst,3.6676943915055666
2018-03-23 10:00:00,etth1,HUFL,96,43,patchtst,3.6399327838169033
2018-03-23 11:00:00,etth1,HUFL,96,43,patchtst,3.5896354063250144
2018-03-23 12:00:00,etth1,HUFL,96,43,patchtst,3.4834949103570487
2018-03-23 13:00:00,etth1,HUFL,96,43,patchtst,3.614140691663962
2018-03-23 14:00:00,etth1,HUFL,96,43,patchtst,3.3992316428959284
2018-03-23 15:00:00,etth1,HUFL,96,43,patchtst,3.3134519181863955
2018-03-23 16:00:00,etth1,HUFL,96,43,patchtst,3.203286109714784
2018-03-23 17:00:00,etth1,HUFL,96,43,patchtst,2.7689191461363136
2018-03-23 18:00:00,etth1,HUFL,96,43,patchtst,2.651923966733
2018-03-23 19:00:00,etth1,HUFL,96,43,patchtst,2.6648553969471025
2018-03-23 20:00:00,etth1,HUFL,96,43,patchtst,2.6578775377653976
2018-03-23 21:00:00,etth1,HUFL,96,43,patchtst,2.662607460565823
2018-03-23 22:00:00,etth1,HUFL,96,43,patchtst,2.6023774846110737
2018-03-23 23:00:00,etth1,HUFL,96,43,patchtst,2.515133636413621
2018-03-24 00:00:00,etth1,HUFL,96,43,patchtst,2.3239553800334156
2018-03-24 01:00:00,etth1,HUFL,96,43,patchtst,2.470379179583202
2018-03-24 02:00:00,etth1,HUFL,96,43,patchtst,2.5190714483742056
2018-03-24 03:00:00,etth1,HUFL,96,43,patchtst,2.485856842048325
2018-03-24 04:00:00,etth1,HUFL,96,43,patchtst,2.4513685095718145
2018-03-24 05:00:00,etth1,HUFL,96,43,patchtst,2.558017954262329
2018-03-24 06:00:00,etth1,HUFL,96,43,patchtst,2.6036549802744546
2018-03-24 07:00:00,etth1,HUFL,96,43,patchtst,2.463050223648556
2018-03-24 08:00:00,etth1,HUFL,96,43,patchtst,2.4242181452950295
2018-03-24 09:00:00,etth1,HUFL,96,43,patchtst,3.2022634081863877
2018-03-24 10:00:00,etth1,HUFL,96,43,patchtst,3.430850609548966
2018-03-24 11:00:00,etth1,HUFL,96,43,patchtst,3.570902634078004
2018-03-24 12:00:00,etth1,HUFL,96,43,patchtst,3.887466592285372
2018-03-24 13:00:00,etth1,HUFL,96,43,patchtst,4.140887465950077
2018-03-24 14:00:00,etth1,HUFL,96,43,patchtst,4.083684917250043
2018-03-24 15:00:00,etth1,HUFL,96,43,patchtst,3.332511881282059
2018-03-24 16:00:00,etth1,HUFL,96,43,patchtst,3.4487289077539685
2018-03-24 17:00:00,etth1,HUFL,96,43,patchtst,2.8587195149751157
2018-03-24 18:00:00,etth1,HUFL,96,43,patchtst,2.837072088930199
2018-03-24 19:00:00,etth1,HUFL,96,43,patchtst,2.7314814362804447
2018-03-24 20:00:00,etth1,HUFL,96,43,patchtst,2.8026885991514305
2018-03-24 21:00:00,etth1,HUFL,96,43,patchtst,2.913627418961195
2018-03-24 22:00:00,etth1,HUFL,96,43,patchtst,2.756872100987026
2018-03-24 23:00:00,etth1,HUFL,96,43,patchtst,2.5028755995931227
2018-03-25 00:00:00,etth1,HUFL,96,43,patchtst,2.40200215130321
2018-03-25 01:00:00,etth1,HUFL,96,43,patchtst,2.536088699832715
2018-03-25 02:00:00,etth1,HUFL,96,43,patchtst,2.5283349423475596
2018-03-25 03:00:00,etth1,HUFL,96,43,patchtst,2.6870067772629134
2018-03-25 04:00:00,etth1,HUFL,96,43,patchtst,2.520800591913403
2018-03-25 05:00:00,etth1,HUFL,96,43,patchtst,2.5832531594813344
2018-03-25 06:00:00,etth1,HUFL,96,43,patchtst,2.446982941559406
2018-03-25 07:00:00,etth1,HUFL,96,43,patchtst,2.323620938841009
2018-03-25 08:00:00,etth1,HUFL,96,43,patchtst,2.4647792570832516
2018-03-25 09:00:00,etth1,HUFL,96,43,patchtst,3.07736105931736
2018-03-25 10:00:00,etth1,HUFL,96,43,patchtst,3.4047698719019635
2018-03-25 11:00:00,etth1,HUFL,96,43,patchtst,3.6169558774999317
2018-03-25 12:00:00,etth1,HUFL,96,43,patchtst,3.795801292349417
2018-03-25 13:00:00,etth1,HUFL,96,43,patchtst,4.1433910830311795
2018-03-25 14:00:00,etth1,HUFL,96,43,patchtst,3.757523164454002
2018-03-25 15:00:00,etth1,HUFL,96,43,patchtst,3.5377602117944167
2018-03-25 16:00:00,etth1,HUFL,96,43,patchtst,3.182449861957864
2018-03-25 17:00:00,etth1,HUFL,96,43,patchtst,3.14954701385288
2018-03-25 18:00:00,etth1,HUFL,96,43,patchtst,2.9857189579881642
2018-03-25 19:00:00,etth1,HUFL,96,43,patchtst,2.828085569173503
2018-03-25 20:00:00,etth1,HUFL,96,43,patchtst,2.8996246969824475
2018-03-25 21:00:00,etth1,HUFL,96,43,patchtst,2.9845847165595845
2018-03-25 22:00:00,etth1,HUFL,96,43,patchtst,2.916961852857742
2018-03-25 23:00:00,etth1,HUFL,96,43,patchtst,2.7649059310015764
2018-03-26 00:00:00,etth1,HUFL,96,43,patchtst,2.528644005448476
2018-03-26 01:00:00,etth1,HUFL,96,43,patchtst,2.6863529286883927
2018-03-26 02:00:00,etth1,HUFL,96,43,patchtst,2.7652435159686473
2018-03-26 03:00:00,etth1,HUFL,96,43,patchtst,2.9737591677496336
2018-03-26 04:00:00,etth1,HUFL,96,43,patchtst,2.872682446779003
2018-03-26 05:00:00,etth1,HUFL,96,43,patchtst,3.026043630975648
2018-03-26 06:00:00,etth1,HUFL,96,43,patchtst,3.10090389758914
2018-03-26 07:00:00,etth1,HUFL,96,43,patchtst,2.855052417732869
2018-03-26 08:00:00,etth1,HUFL,96,43,patchtst,2.613484055451688
2018-03-26 09:00:00,etth1,HUFL,96,43,patchtst,3.040204234661237
2018-03-26 10:00:00,etth1,HUFL,96,43,patchtst,3.290000297114424
2018-03-26 11:00:00,etth1,HUFL,96,43,patchtst,3.5736295294395526
2018-03-26 12:00:00,etth1,HUFL,96,43,patchtst,3.6373997583067754
2018-03-26 13:00:00,etth1,HUFL,96,43,patchtst,4.052874531222119
2018-03-26 14:00:00,etth1,HUFL,96,43,patchtst,3.8876193784624493
2018-03-26 15:00:00,etth1,HUFL,96,43,patchtst,3.311775579345463
2018-03-26 16:00:00,etth1,HUFL,96,43,patchtst,2.898998570708979
2018-03-26 17:00:00,etth1,HUFL,96,43,patchtst,2.621170813536898
2018-03-26 18:00:00,etth1,HUFL,96,43,patchtst,2.572508574954344
2018-03-26 19:00:00,etth1,HUFL,96,43,patchtst,2.528086755736743
2018-03-26 20:00:00,etth1,HUFL,96,43,patchtst,2.487960983075434
2018-03-26 21:00:00,etth1,HUFL,96,43,patchtst,2.540348169627201
2018-03-26 22:00:00,etth1,HUFL,96,43,patchtst,2.5513758155945414
2018-03-26 23:00:00,etth1,HUFL,96,43,patchtst,2.566256476531766
2018-03-27 00:00:00,etth1,HUFL,96,43,patchtst,2.5721744302033587
2018-03-27 01:00:00,etth1,HUFL,96,43,patchtst,2.588742462430929
2018-03-27 02:00:00,etth1,HUFL,96,43,patchtst,2.504827343007879
2018-03-27 03:00:00,etth1,HUFL,96,43,patchtst,2.3547612055240017
2018-03-27 04:00:00,etth1,HUFL,96,43,patchtst,2.3144527313176124
2018-03-27 05:00:00,etth1,HUFL,96,43,patchtst,2.425552085502092
2018-03-27 06:00:00,etth1,HUFL,96,43,patchtst,2.378039503566182
2018-03-27 07:00:00,etth1,HUFL,96,43,patchtst,2.625807932219196
2018-03-27 08:00:00,etth1,HUFL,96,43,patchtst,2.6038131010415113
2018-03-27 09:00:00,etth1,HUFL,96,43,patchtst,2.760638418083469
2018-03-27 10:00:00,etth1,HUFL,96,43,patchtst,3.168040774637934
2018-03-27 11:00:00,etth1,HUFL,96,43,patchtst,3.5704968064680713
2018-03-27 12:00:00,etth1,HUFL,96,43,patchtst,3.9973164731281643
2018-03-27 13:00:00,etth1,HUFL,96,43,patchtst,4.589215942833159
2018-03-27 14:00:00,etth1,HUFL,96,43,patchtst,4.577337015588598
2018-03-27 15:00:00,etth1,HUFL,96,43,patchtst,4.263765155128753
2018-03-27 16:00:00,etth1,HUFL,96,43,patchtst,3.8882225681360905
2018-03-27 17:00:00,etth1,HUFL,96,43,patchtst,3.9580409002067243
2018-03-27 18:00:00,etth1,HUFL,96,43,patchtst,3.9446813038823
2018-03-27 19:00:00,etth1,HUFL,96,43,patchtst,3.991486995437088
2018-03-27 20:00:00,etth1,HUFL,96,43,patchtst,3.9952118393780807
2018-03-27 21:00:00,etth1,HUFL,96,43,patchtst,4.121061038902286
2018-03-27 22:00:00,etth1,HUFL,96,43,patchtst,4.320991496964427
2018-03-27 23:00:00,etth1,HUFL,96,43,patchtst,4.452575850842703
2018-03-28 00:00:00,etth1,HUFL,96,43,patchtst,4.636876226758227
2018-03-28 01:00:00,etth1,HUFL,96,43,patchtst,4.650900046077439
2018-03-28 02:00:00,etth1,HUFL,96,43,patchtst,4.428642924966325
2018-03-28 03:00:00,etth1,HUFL,96,43,patchtst,4.331676379872364
2018-03-28 04:00:00,etth1,HUFL,96,43,patchtst,4.258569304757935
2018-03-28 05:00:00,etth1,HUFL,96,43,patchtst,4.268810004745129
2018-03-28 06:00:00,etth1,HUFL,96,43,patchtst,4.217208717578629
2018-03-28 07:00:00,etth1,HUFL,96,43,patchtst,4.555848630975623
2018-03-28 08:00:00,etth1,HUFL,96,43,patchtst,4.414318536799086
2018-03-28 09:00:00,etth1,HUFL,96,43,patchtst,4.076227301738846
2018-03-28 10:00:00,etth1,HUFL,96,43,patchtst,3.9582846635937674
2018-03-28 11:00:00,etth1,HUFL,96,43,patchtst,4.049199819614993
2018-03-28 12:00:00,etth1,HUFL,96,43,patchtst,4.328203718409251
2018-03-28 13:00:00,etth1,HUFL,96,43,patchtst,4.687108074045626
2018-03-28 14:00:00,etth1,HUFL,96,43,patchtst,4.760479701207055
2018-03-28 15:00:00,etth1,HUFL,96,43,patchtst,4.51133379966686
2018-03-28 16:00:00,etth1,HUFL,96,43,patchtst,4.341844814224544
2018-03-28 17:00:00,etth1,HUFL,96,43,patchtst,4.523875297329998
2018-03-28 18:00:00,etth1,HUFL,96,43,patchtst,4.617639658554695
2018-03-28 19:00:00,etth1,HUFL,96,43,patchtst,4.546099403468111
2018-03-28 20:00:00,etth1,HUFL,96,43,patchtst,4.541529573530692
2018-03-28 21:00:00,etth1,HUFL,96,43,patchtst,4.517662717363689
2018-03-28 22:00:00,etth1,HUFL,96,43,patchtst,4.65864128298548
2018-03-28 23:00:00,etth1,HUFL,96,43,patchtst,4.842145393275088
2018-03-29 00:00:00,etth1,HUFL,96,43,patchtst,4.898888604183657
2018-03-29 01:00:00,etth1,HUFL,96,43,patchtst,4.888089346090111
2018-03-29 02:00:00,etth1,HUFL,96,43,patchtst,4.812286736289649
2018-03-29 03:00:00,etth1,HUFL,96,43,patchtst,4.5941044460735965
2018-03-29 04:00:00,etth1,HUFL,96,43,patchtst,4.6935118099300865
2018-03-29 05:00:00,etth1,HUFL,96,43,patchtst,4.692239064543668
2018-03-29 06:00:00,etth1,HUFL,96,43,patchtst,4.655164899816376
2018-03-29 07:00:00,etth1,HUFL,96,43,patchtst,4.857974663855147
2018-03-29 08:00:00,etth1,HUFL,96,43,patchtst,4.9198267063358125
2018-03-29 09:00:00,etth1,HUFL,96,43,patchtst,4.581738657900093
2018-03-29 10:00:00,etth1,HUFL,96,43,patchtst,4.341485138127965
2018-03-29 11:00:00,etth1,HUFL,96,43,patchtst,4.3092020679036604
2018-03-29 12:00:00,etth1,HUFL,96,43,patchtst,4.5295173064920915
2018-03-29 13:00:00,etth1,HUFL,96,43,patchtst,4.477207671444298
2018-03-29 14:00:00,etth1,HUFL,96,43,patchtst,4.224911806138519
2018-03-29 15:00:00,etth1,HUFL,96,43,patchtst,4.430069223073871
2018-03-29 16:00:00,etth1,HUFL,96,43,patchtst,4.39246965665633
2018-03-29 17:00:00,etth1,HUFL,96,43,patchtst,4.605924134034581
2018-03-29 18:00:00,etth1,HUFL,96,43,patchtst,4.558903331135195
2018-03-29 19:00:00,etth1,HUFL,96,43,patchtst,4.474181128741819
2018-03-29 20:00:00,etth1,HUFL,96,43,patchtst,4.595465852954841
2018-03-29 21:00:00,etth1,HUFL,96,43,patchtst,4.639099960574
2018-03-29 22:00:00,etth1,HUFL,96,43,patchtst,4.716275489199005
2018-03-29 23:00:00,etth1,HUFL,96,43,patchtst,4.838089665291262
2018-03-30 00:00:00,etth1,HUFL,96,43,patchtst,4.783563896951696
2018-03-30 01:00:00,etth1,HUFL,96,43,patchtst,4.696805697192185
2018-03-30 02:00:00,etth1,HUFL,96,43,patchtst,4.6407216236425635
2018-03-30 03:00:00,etth1,HUFL,96,43,patchtst,4.545568472566024
2018-03-30 04:00:00,etth1,HUFL,96,43,patchtst,4.654277697306326
2018-03-30 05:00:00,etth1,HUFL,96,43,patchtst,4.491250847525613
2018-03-30 06:00:00,etth1,HUFL,96,43,patchtst,4.5368198583398565
2018-03-30 07:00:00,etth1,HUFL,96,43,patchtst,4.353675950157535
2018-03-30 08:00:00,etth1,HUFL,96,43,patchtst,4.115028215455486
2018-03-30 09:00:00,etth1,HUFL,96,43,patchtst,4.055151509957844
2018-03-30 10:00:00,etth1,HUFL,96,43,patchtst,4.153177886736042
2018-03-30 11:00:00,etth1,HUFL,96,43,patchtst,3.9480451708994373
2018-03-30 12:00:00,etth1,HUFL,96,43,patchtst,3.9273782336567806
2018-03-30 13:00:00,etth1,HUFL,96,43,patchtst,3.86115054645283
2018-03-30 14:00:00,etth1,HUFL,96,43,patchtst,4.013337077819214
2018-03-30 15:00:00,etth1,HUFL,96,43,patchtst,4.050159050827798
2018-03-30 16:00:00,etth1,HUFL,96,43,patchtst,4.187939761681139
2018-03-30 17:00:00,etth1,HUFL,96,43,patchtst,4.14676262633703
2018-03-30 18:00:00,etth1,HUFL,96,43,patchtst,4.219335055311865
2018-03-30 19:00:00,etth1,HUFL,96,43,patchtst,4.140204143788029
2018-03-30 20:00:00,etth1,HUFL,96,43,patchtst,4.188765224459516
2018-03-30 21:00:00,etth1,HUFL,96,43,patchtst,4.28185204861543
2018-03-30 22:00:00,etth1,HUFL,96,43,patchtst,4.296212786921976
2018-03-30 23:00:00,etth1,HUFL,96,43,patchtst,4.253266806995295
2018-03-31 00:00:00,etth1,HUFL,96,43,patchtst,4.26419777552939
2018-03-31 01:00:00,etth1,HUFL,96,43,patchtst,4.267352967255094
2018-03-31 02:00:00,etth1,HUFL,96,43,patchtst,4.264143870803429
2018-03-31 03:00:00,etth1,HUFL,96,43,patchtst,4.265569738883314
2018-03-31 04:00:00,etth1,HUFL,96,43,patchtst,4.295444707684568
2018-03-31 05:00:00,etth1,HUFL,96,43,patchtst,4.372713932770878
2018-03-31 06:00:00,etth1,HUFL,96,43,patchtst,4.477531571304186
2018-03-31 07:00:00,etth1,HUFL,96,43,patchtst,4.288953811125966
2018-03-31 08:00:00,etth1,HUFL,96,43,patchtst,4.17172456846836
2018-03-31 09:00:00,etth1,HUFL,96,43,patchtst,4.178107062058166
2018-03-31 10:00:00,etth1,HUFL,96,43,patchtst,4.21046006523315
2018-03-31 11:00:00,etth1,HUFL,96,43,patchtst,4.206761328912246
2018-03-31 12:00:00,etth1,HUFL,96,43,patchtst,4.325162348445091
2018-03-31 13:00:00,etth1,HUFL,96,43,patchtst,4.472897266931997
2018-03-31 14:00:00,etth1,HUFL,96,43,patchtst,4.479699357772818
2018-03-31 15:00:00,etth1,HUFL,96,43,patchtst,4.403437197182704
2018-03-31 16:00:00,etth1,HUFL,96,43,patchtst,4.419092201592665
2018-03-31 17:00:00,etth1,HUFL,96,43,patchtst,4.4111408965197905
2018-03-31 18:00:00,etth1,HUFL,96,43,patchtst,4.408330120420562
2018-03-31 19:00:00,etth1,HUFL,96,43,patchtst,4.356360930715566
2018-03-31 20:00:00,etth1,HUFL,96,43,patchtst,4.330224080662708
2018-03-31 21:00:00,etth1,HUFL,96,43,patchtst,4.451302472626648
2018-03-31 22:00:00,etth1,HUFL,96,43,patchtst,4.454185834071759
2018-03-31 23:00:00,etth1,HUFL,96,43,patchtst,4.321522521355802
2018-04-01 00:00:00,etth1,HUFL,96,43,patchtst,4.29116518128302
2018-04-01 01:00:00,etth1,HUFL,96,43,patchtst,4.262930490092828
2018-04-01 02:00:00,etth1,HUFL,96,43,patchtst,4.258967841712075
2018-04-01 03:00:00,etth1,HUFL,96,43,patchtst,4.237645193107629
2018-04-01 04:00:00,etth1,HUFL,96,43,patchtst,4.2076216362286125
2018-04-01 05:00:00,etth1,HUFL,96,43,patchtst,4.415902690233437
2018-04-01 06:00:00,etth1,HUFL,96,43,patchtst,4.331155191444341
2018-04-01 07:00:00,etth1,HUFL,96,43,patchtst,4.039487505311233
2018-04-01 08:00:00,etth1,HUFL,96,43,patchtst,3.4830494225115083
2018-04-01 09:00:00,etth1,HUFL,96,43,patchtst,3.281801823317696
2018-04-01 10:00:00,etth1,HUFL,96,43,patchtst,3.416297629093465
2018-04-01 11:00:00,etth1,HUFL,96,43,patchtst,3.325469541798902
2018-04-01 12:00:00,etth1,HUFL,96,43,patchtst,3.339213760784613
2018-04-01 13:00:00,etth1,HUFL,96,43,patchtst,3.388250387025155
2018-04-01 14:00:00,etth1,HUFL,96,43,patchtst,3.5926152169655707
2018-04-01 15:00:00,etth1,HUFL,96,43,patchtst,3.47205696247512
2018-04-01 16:00:00,etth1,HUFL,96,43,patchtst,3.351440314538207
2018-04-01 17:00:00,etth1,HUFL,96,43,patchtst,3.241420258873094
2018-04-01 18:00:00,etth1,HUFL,96,43,patchtst,3.0792662227413152
2018-04-01 19:00:00,etth1,HUFL,96,43,patchtst,3.0354638049890403
2018-04-01 20:00:00,etth1,HUFL,96,43,patchtst,2.965004185997236
2018-04-01 21:00:00,etth1,HUFL,96,43,patchtst,2.933762852911896
2018-04-01 22:00:00,etth1,HUFL,96,43,patchtst,3.0277268530898334
2018-04-01 23:00:00,etth1,HUFL,96,43,patchtst,3.1925137297435615
2018-04-02 00:00:00,etth1,HUFL,96,43,patchtst,3.213339005636392
2018-04-02 01:00:00,etth1,HUFL,96,43,patchtst,3.234084166821057
2018-04-02 02:00:00,etth1,HUFL,96,43,patchtst,3.210443873878807
2018-04-02 03:00:00,etth1,HUFL,96,43,patchtst,3.2636176537658987
2018-04-02 04:00:00,etth1,HUFL,96,43,patchtst,3.2332144824681506
2018-04-02 05:00:00,etth1,HUFL,96,43,patchtst,3.3466883528954754
2018-04-02 06:00:00,etth1,HUFL,96,43,patchtst,3.548068417558676
2018-04-02 07:00:00,etth1,HUFL,96,43,patchtst,3.616274694189323
2018-04-02 08:00:00,etth1,HUFL,96,43,patchtst,3.5250061234863588
2018-04-02 09:00:00,etth1,HUFL,96,43,patchtst,3.78007476018265
2018-04-02 10:00:00,etth1,HUFL,96,43,patchtst,3.183884131104662
2018-04-02 11:00:00,etth1,HUFL,96,43,patchtst,3.4932159014687283
2018-04-02 12:00:00,etth1,HUFL,96,43,patchtst,3.7323221390620636
2018-04-02 13:00:00,etth1,HUFL,96,43,patchtst,4.072348649626721
2018-04-02 14:00:00,etth1,HUFL,96,43,patchtst,4.128083676921427
2018-04-02 15:00:00,etth1,HUFL,96,43,patchtst,4.053780207475241
2018-04-02 16:00:00,etth1,HUFL,96,43,patchtst,3.7773160055758646
2018-04-02 17:00:00,etth1,HUFL,96,43,patchtst,3.818679625534306
2018-04-02 18:00:00,etth1,HUFL,96,43,patchtst,3.7163281264933254
2018-04-02 19:00:00,etth1,HUFL,96,43,patchtst,3.7343732171344874
2018-04-02 20:00:00,etth1,HUFL,96,43,patchtst,3.558456982189803
2018-04-02 21:00:00,etth1,HUFL,96,43,patchtst,3.5522900587959136
2018-04-02 22:00:00,etth1,HUFL,96,43,patchtst,3.613566488263332
2018-04-02 23:00:00,etth1,HUFL,96,43,patchtst,3.7865162588889887
2018-04-03 00:00:00,etth1,HUFL,96,43,patchtst,3.814725529207139
2018-04-03 01:00:00,etth1,HUFL,96,43,patchtst,3.763607644729514
2018-04-03 02:00:00,etth1,HUFL,96,43,patchtst,3.671494081886236
2018-04-03 03:00:00,etth1,HUFL,96,43,patchtst,3.684235161674001
2018-04-03 04:00:00,etth1,HUFL,96,43,patchtst,3.614283841469632
2018-04-03 05:00:00,etth1,HUFL,96,43,patchtst,3.5675565769883875
2018-04-03 06:00:00,etth1,HUFL,96,43,patchtst,3.7760474478721324
2018-04-03 07:00:00,etth1,HUFL,96,43,patchtst,3.732189899124465
2018-04-03 08:00:00,etth1,HUFL,96,43,patchtst,3.715145749612601
2018-04-03 09:00:00,etth1,HUFL,96,43,patchtst,3.6089908711456355
2018-04-03 10:00:00,etth1,HUFL,96,43,patchtst,3.6743139388945933
2018-04-03 11:00:00,etth1,HUFL,96,43,patchtst,3.7155914808969848
2018-04-03 12:00:00,etth1,HUFL,96,43,patchtst,3.8706880685890233
2018-04-03 13:00:00,etth1,HUFL,96,43,patchtst,4.1536863560799935
2018-04-03 14:00:00,etth1,HUFL,96,43,patchtst,4.132588113236655
2018-04-03 15:00:00,etth1,HUFL,96,43,patchtst,4.199902593524533
2018-04-03 16:00:00,etth1,HUFL,96,43,patchtst,4.285602672735843
2018-04-03 17:00:00,etth1,HUFL,96,43,patchtst,4.178031960261989
2018-04-03 18:00:00,etth1,HUFL,96,43,patchtst,4.132211255412551
2018-04-03 19:00:00,etth1,HUFL,96,43,patchtst,4.114792000416382
2018-04-03 20:00:00,etth1,HUFL,96,43,patchtst,4.1696317957447775
2018-04-03 21:00:00,etth1,HUFL,96,43,patchtst,4.197316711206969
2018-04-03 22:00:00,etth1,HUFL,96,43,patchtst,4.154425806777634
2018-04-03 23:00:00,etth1,HUFL,96,43,patchtst,4.308700182410355
2018-04-04 00:00:00,etth1,HUFL,96,43,patchtst,4.066753382291759
2018-04-04 01:00:00,etth1,HUFL,96,43,patchtst,4.131928016523143
2018-04-04 02:00:00,etth1,HUFL,96,43,patchtst,4.137483316880714
2018-04-04 03:00:00,etth1,HUFL,96,43,patchtst,4.0608981588996516
2018-04-04 04:00:00,etth1,HUFL,96,43,patchtst,3.9682831486541414
2018-04-04 05:00:00,etth1,HUFL,96,43,patchtst,3.961761903385352
2018-04-04 06:00:00,etth1,HUFL,96,43,patchtst,3.9731121405886385
2018-04-04 07:00:00,etth1,HUFL,96,43,patchtst,3.837322004038874
2018-04-04 08:00:00,etth1,HUFL,96,43,patchtst,3.3830590304897825
2018-04-04 09:00:00,etth1,HUFL,96,43,patchtst,3.5573745427138164
2018-04-04 10:00:00,etth1,HUFL,96,43,patchtst,3.6044412146862204
2018-04-04 11:00:00,etth1,HUFL,96,43,patchtst,3.315294155267446
2018-04-04 12:00:00,etth1,HUFL,96,43,patchtst,3.128624140368204
2018-04-04 13:00:00,etth1,HUFL,96,43,patchtst,3.2523127277016166
2018-04-04 14:00:00,etth1,HUFL,96,43,patchtst,3.222916622285902
2018-04-04 15:00:00,etth1,HUFL,96,43,patchtst,3.349192416500482
2018-04-04 16:00:00,etth1,HUFL,96,43,patchtst,3.587225943674564
2018-04-04 17:00:00,etth1,HUFL,96,43,patchtst,3.7371265694661324
2018-04-04 18:00:00,etth1,HUFL,96,43,patchtst,3.751830824943251
2018-04-04 19:00:00,etth1,HUFL,96,43,patchtst,3.7031643534520806
2018-04-04 20:00:00,etth1,HUFL,96,43,patchtst,3.6274600011338394
2018-04-04 21:00:00,etth1,HUFL,96,43,patchtst,3.715404951476483
2018-04-04 22:00:00,etth1,HUFL,96,43,patchtst,3.6632478593567956
2018-04-04 23:00:00,etth1,HUFL,96,43,patchtst,3.6771580481654014
2018-04-05 00:00:00,etth1,HUFL,96,43,patchtst,3.7096239771317414
2018-04-05 01:00:00,etth1,HUFL,96,43,patchtst,3.769184817209672
2018-04-05 02:00:00,etth1,HUFL,96,43,patchtst,3.909046314983468
2018-04-05 03:00:00,etth1,HUFL,96,43,patchtst,3.742706103786611
2018-04-05 04:00:00,etth1,HUFL,96,43,patchtst,3.81515103880934
2018-04-05 05:00:00,etth1,HUFL,96,43,patchtst,3.989342479595512
2018-04-05 06:00:00,etth1,HUFL,96,43,patchtst,3.7912798016396203
2018-04-05 07:00:00,etth1,HUFL,96,43,patchtst,3.669597289988507
2018-04-05 08:00:00,etth1,HUFL,96,43,patchtst,3.519154005321257
2018-04-05 09:00:00,etth1,HUFL,96,43,patchtst,3.6779878151699847
2018-04-05 10:00:00,etth1,HUFL,96,43,patchtst,3.9774622439160847
2018-04-05 11:00:00,etth1,HUFL,96,43,patchtst,4.092205063747573
2018-04-05 12:00:00,etth1,HUFL,96,43,patchtst,4.0744629419155425
2018-04-05 13:00:00,etth1,HUFL,96,43,patchtst,4.364129983199422
2018-04-05 14:00:00,etth1,HUFL,96,43,patchtst,4.28873381747981
2018-04-05 15:00:00,etth1,HUFL,96,43,patchtst,4.209366183892647
2018-04-05 16:00:00,etth1,HUFL,96,43,patchtst,4.390881541239
2018-04-05 17:00:00,etth1,HUFL,96,43,patchtst,4.530207652582331
2018-04-05 18:00:00,etth1,HUFL,96,43,patchtst,4.5879343949235185
2018-04-05 19:00:00,etth1,HUFL,96,43,patchtst,4.467526235653861
2018-04-05 20:00:00,etth1,HUFL,96,43,patchtst,4.360864065350532
2018-04-05 21:00:00,etth1,HUFL,96,43,patchtst,4.435177614402643
2018-04-05 22:00:00,etth1,HUFL,96,43,patchtst,4.416218837264471
2018-04-05 23:00:00,etth1,HUFL,96,43,patchtst,4.091006025812118
2018-04-06 00:00:00,etth1,HUFL,96,43,patchtst,3.960442321655035
2018-04-06 01:00:00,etth1,HUFL,96,43,patchtst,4.06401585095227
2018-04-06 02:00:00,etth1,HUFL,96,43,patchtst,4.126079948753066
2018-04-06 03:00:00,etth1,HUFL,96,43,patchtst,4.180267551130971
2018-04-06 04:00:00,etth1,HUFL,96,43,patchtst,4.032971707491309
2018-04-06 05:00:00,etth1,HUFL,96,43,patchtst,3.985558472846885
2018-04-06 06:00:00,etth1,HUFL,96,43,patchtst,3.8591135879224208
2018-04-06 07:00:00,etth1,HUFL,96,43,patchtst,3.7034771334319125
2018-04-06 08:00:00,etth1,HUFL,96,43,patchtst,3.498453167494592
2018-04-06 09:00:00,etth1,HUFL,96,43,patchtst,3.578523010081494
2018-04-06 10:00:00,etth1,HUFL,96,43,patchtst,3.7751590517970492
2018-04-06 11:00:00,etth1,HUFL,96,43,patchtst,3.6847415815448934
2018-04-06 12:00:00,etth1,HUFL,96,43,patchtst,3.569752448126465
2018-04-06 13:00:00,etth1,HUFL,96,43,patchtst,3.8894610413613333
2018-04-06 14:00:00,etth1,HUFL,96,43,patchtst,3.916355576708458
2018-04-06 15:00:00,etth1,HUFL,96,43,patchtst,3.9740264638459273
2018-04-06 16:00:00,etth1,HUFL,96,43,patchtst,4.094809621174893
2018-04-06 17:00:00,etth1,HUFL,96,43,patchtst,4.129415664170424
2018-04-06 18:00:00,etth1,HUFL,96,43,patchtst,3.9951488821467165
2018-04-06 19:00:00,etth1,HUFL,96,43,patchtst,3.913981890810394
2018-04-06 20:00:00,etth1,HUFL,96,43,patchtst,3.9206559576268507
2018-04-06 21:00:00,etth1,HUFL,96,43,patchtst,4.106478726869564
2018-04-06 22:00:00,etth1,HUFL,96,43,patchtst,3.9351658575723767
2018-04-06 23:00:00,etth1,HUFL,96,43,patchtst,3.8842060863272967
2018-04-07 00:00:00,etth1,HUFL,96,43,patchtst,3.8789043898134206
2018-04-07 01:00:00,etth1,HUFL,96,43,patchtst,4.027733803144639
2018-04-07 02:00:00,etth1,HUFL,96,43,patchtst,3.9984506670988167
2018-04-07 03:00:00,etth1,HUFL,96,43,patchtst,3.874223111409306
2018-04-07 04:00:00,etth1,HUFL,96,43,patchtst,3.8041421893871594
2018-04-07 05:00:00,etth1,HUFL,96,43,patchtst,4.169224097232753
2018-04-07 06:00:00,etth1,HUFL,96,43,patchtst,4.088426211077131
2018-04-07 07:00:00,etth1,HUFL,96,43,patchtst,3.734007525284222
2018-04-07 08:00:00,etth1,HUFL,96,43,patchtst,3.6692387295445386
2018-04-07 09:00:00,etth1,HUFL,96,43,patchtst,3.581870822033181
2018-04-07 10:00:00,etth1,HUFL,96,43,patchtst,3.606171649303588
2018-04-07 11:00:00,etth1,HUFL,96,43,patchtst,3.7846332030416385
2018-04-07 12:00:00,etth1,HUFL,96,43,patchtst,3.7795051373143864
2018-04-07 13:00:00,etth1,HUFL,96,43,patchtst,3.8211302375224947
2018-04-07 14:00:00,etth1,HUFL,96,43,patchtst,3.582853663171568
2018-04-07 15:00:00,etth1,HUFL,96,43,patchtst,3.550564593339189
2018-04-07 16:00:00,etth1,HUFL,96,43,patchtst,3.553825163246618
2018-04-07 17:00:00,etth1,HUFL,96,43,patchtst,3.365630366958786
2018-04-07 18:00:00,etth1,HUFL,96,43,patchtst,3.2664732055159256
2018-04-07 19:00:00,etth1,HUFL,96,43,patchtst,3.2598485639798374
2018-04-07 20:00:00,etth1,HUFL,96,43,patchtst,3.1969804264095565
2018-04-07 21:00:00,etth1,HUFL,96,43,patchtst,3.3428026702094367
2018-04-07 22:00:00,etth1,HUFL,96,43,patchtst,3.202240606243217
2018-04-07 23:00:00,etth1,HUFL,96,43,patchtst,3.0790090155137846
2018-04-08 00:00:00,etth1,HUFL,96,43,patchtst,3.125378072354726
2018-04-08 01:00:00,etth1,HUFL,96,43,patchtst,3.321236213566408
2018-04-08 02:00:00,etth1,HUFL,96,43,patchtst,3.171805870524165
2018-04-08 03:00:00,etth1,HUFL,96,43,patchtst,3.130959243268
2018-04-08 04:00:00,etth1,HUFL,96,43,patchtst,3.111943333093278
2018-04-08 05:00:00,etth1,HUFL,96,43,patchtst,3.2586060656077067
2018-04-08 06:00:00,etth1,HUFL,96,43,patchtst,3.368226882034785
2018-04-08 07:00:00,etth1,HUFL,96,43,patchtst,3.214175937043338
2018-04-08 08:00:00,etth1,HUFL,96,43,patchtst,3.2686721085911152
2018-04-08 09:00:00,etth1,HUFL,96,43,patchtst,3.287532372514798
2018-04-08 10:00:00,etth1,HUFL,96,43,patchtst,3.4000458262631805
2018-04-08 11:00:00,etth1,HUFL,96,43,patchtst,3.8034581010994835
2018-04-08 12:00:00,etth1,HUFL,96,43,patchtst,3.729829405270941
2018-04-08 13:00:00,etth1,HUFL,96,43,patchtst,3.8715288953847318
2018-04-08 14:00:00,etth1,HUFL,96,43,patchtst,3.5448911162489396
2018-04-08 15:00:00,etth1,HUFL,96,43,patchtst,3.382542420049878
2018-04-08 16:00:00,etth1,HUFL,96,43,patchtst,3.1608507505012136
2018-04-08 17:00:00,etth1,HUFL,96,43,patchtst,3.0119427777114094
2018-04-08 18:00:00,etth1,HUFL,96,43,patchtst,2.8815321805640877
2018-04-08 19:00:00,etth1,HUFL,96,43,patchtst,2.815860441155461
2018-04-08 20:00:00,etth1,HUFL,96,43,patchtst,2.9429412139831137
2018-04-08 21:00:00,etth1,HUFL,96,43,patchtst,3.0734056538188654
2018-04-08 22:00:00,etth1,HUFL,96,43,patchtst,3.052209590719448
2018-04-08 23:00:00,etth1,HUFL,96,43,patchtst,3.102580468704162
2018-04-09 00:00:00,etth1,HUFL,96,43,patchtst,3.278777342213474
2018-04-09 01:00:00,etth1,HUFL,96,43,patchtst,3.258678314205991
2018-04-09 02:00:00,etth1,HUFL,96,43,patchtst,3.075917242017303
2018-04-09 03:00:00,etth1,HUFL,96,43,patchtst,3.0511736223378954
2018-04-09 04:00:00,etth1,HUFL,96,43,patchtst,3.1549720766232574
2018-04-09 05:00:00,etth1,HUFL,96,43,patchtst,3.30932488480828
2018-04-09 06:00:00,etth1,HUFL,96,43,patchtst,3.247669992072384
2018-04-09 07:00:00,etth1,HUFL,96,43,patchtst,3.1772245458221415
2018-04-09 08:00:00,etth1,HUFL,96,43,patchtst,3.1796844800915927
2018-04-09 09:00:00,etth1,HUFL,96,43,patchtst,3.156335722624773
2018-04-09 10:00:00,etth1,HUFL,96,43,patchtst,3.1105777236282806
2018-04-09 11:00:00,etth1,HUFL,96,43,patchtst,3.546735972443942
2018-04-09 12:00:00,etth1,HUFL,96,43,patchtst,3.6821568198252064
2018-04-09 13:00:00,etth1,HUFL,96,43,patchtst,4.034208397746087
2018-04-09 14:00:00,etth1,HUFL,96,43,patchtst,3.973418288017815
2018-04-09 15:00:00,etth1,HUFL,96,43,patchtst,3.968606676025091
2018-04-09 16:00:00,etth1,HUFL,96,43,patchtst,3.671898604024381
2018-04-09 17:00:00,etth1,HUFL,96,43,patchtst,3.8061108393468106
2018-04-09 18:00:00,etth1,HUFL,96,43,patchtst,3.687607128351002
2018-04-09 19:00:00,etth1,HUFL,96,43,patchtst,3.6637391116209908
2018-04-09 20:00:00,etth1,HUFL,96,43,patchtst,3.7747941822950017
2018-04-09 21:00:00,etth1,HUFL,96,43,patchtst,3.7483149981241604
2018-04-09 22:00:00,etth1,HUFL,96,43,patchtst,3.870156951475296
2018-04-09 23:00:00,etth1,HUFL,96,43,patchtst,3.7587042487759352
2018-04-10 00:00:00,etth1,HUFL,96,43,patchtst,3.8210442993417075
2018-04-10 01:00:00,etth1,HUFL,96,43,patchtst,3.8146904982323733
2018-04-10 02:00:00,etth1,HUFL,96,43,patchtst,3.6948581348850347
2018-04-10 03:00:00,etth1,HUFL,96,43,patchtst,3.6915122011016805
2018-04-10 04:00:00,etth1,HUFL,96,43,patchtst,3.7287564986057977
2018-04-10 05:00:00,etth1,HUFL,96,43,patchtst,3.7172083994089786
2018-04-10 06:00:00,etth1,HUFL,96,43,patchtst,3.937128030191216
2018-04-10 07:00:00,etth1,HUFL,96,43,patchtst,3.9111845343781844
2018-04-10 08:00:00,etth1,HUFL,96,43,patchtst,4.021571623502811
2018-04-10 09:00:00,etth1,HUFL,96,43,patchtst,3.856265339934438
2018-04-10 10:00:00,etth1,HUFL,96,43,patchtst,3.785090889790134
2018-04-10 11:00:00,etth1,HUFL,96,43,patchtst,4.0827581046817025
2018-04-10 12:00:00,etth1,HUFL,96,43,patchtst,4.469827523197218
2018-04-10 13:00:00,etth1,HUFL,96,43,patchtst,4.810410467865995
2018-04-10 14:00:00,etth1,HUFL,96,43,patchtst,4.692972614694625
2018-04-10 15:00:00,etth1,HUFL,96,43,patchtst,4.693384180068349
2018-04-10 16:00:00,etth1,HUFL,96,43,patchtst,4.477880855879546
2018-04-10 17:00:00,etth1,HUFL,96,43,patchtst,4.55065757184731
2018-04-10 18:00:00,etth1,HUFL,96,43,patchtst,4.560886026336441
2018-04-10 19:00:00,etth1,HUFL,96,43,patchtst,4.588917572665796
2018-04-10 20:00:00,etth1,HUFL,96,43,patchtst,4.66193192582392
2018-04-10 21:00:00,etth1,HUFL,96,43,patchtst,4.578328366979718
2018-04-10 22:00:00,etth1,HUFL,96,43,patchtst,4.794616765914195
2018-04-10 23:00:00,etth1,HUFL,96,43,patchtst,4.779332913436224
2018-04-11 00:00:00,etth1,HUFL,96,43,patchtst,4.823368343325981
2018-04-11 01:00:00,etth1,HUFL,96,43,patchtst,4.57612301390599
2018-04-11 02:00:00,etth1,HUFL,96,43,patchtst,4.567071399114915
2018-04-11 03:00:00,etth1,HUFL,96,43,patchtst,4.5408908292278065
2018-04-11 04:00:00,etth1,HUFL,96,43,patchtst,4.591870617192034
2018-04-11 05:00:00,etth1,HUFL,96,43,patchtst,4.457739897226802
2018-04-11 06:00:00,etth1,HUFL,96,43,patchtst,4.415526972515263
2018-04-11 07:00:00,etth1,HUFL,96,43,patchtst,4.535759431918027
2018-04-11 08:00:00,etth1,HUFL,96,43,patchtst,4.420510593217579
2018-04-11 09:00:00,etth1,HUFL,96,43,patchtst,4.34955745378308
2018-04-11 10:00:00,etth1,HUFL,96,43,patchtst,4.400284317175977
2018-04-11 11:00:00,etth1,HUFL,96,43,patchtst,4.43803655924025
2018-04-11 12:00:00,etth1,HUFL,96,43,patchtst,4.706540626026881
2018-04-11 13:00:00,etth1,HUFL,96,43,patchtst,4.98727849616122
2018-04-11 14:00:00,etth1,HUFL,96,43,patchtst,4.944772077573142
2018-04-11 15:00:00,etth1,HUFL,96,43,patchtst,4.84395620515262
2018-04-11 16:00:00,etth1,HUFL,96,43,patchtst,4.773130510523168
2018-04-11 17:00:00,etth1,HUFL,96,43,patchtst,4.722682459361825
2018-04-11 18:00:00,etth1,HUFL,96,43,patchtst,4.843477162548051
2018-04-11 19:00:00,etth1,HUFL,96,43,patchtst,4.829189701367394
2018-04-11 20:00:00,etth1,HUFL,96,43,patchtst,4.892621854756605
2018-04-11 21:00:00,etth1,HUFL,96,43,patchtst,4.947387584453099
2018-04-11 22:00:00,etth1,HUFL,96,43,patchtst,5.049808691471195
2018-04-11 23:00:00,etth1,HUFL,96,43,patchtst,5.140528893516584
2018-04-12 00:00:00,etth1,HUFL,96,43,patchtst,5.024355954981792
2018-04-12 01:00:00,etth1,HUFL,96,43,patchtst,4.914780925282439
2018-04-12 02:00:00,etth1,HUFL,96,43,patchtst,4.947223383829303
2018-04-12 03:00:00,etth1,HUFL,96,43,patchtst,4.929610965792342
2018-04-12 04:00:00,etth1,HUFL,96,43,patchtst,4.995496587867439
2018-04-12 05:00:00,etth1,HUFL,96,43,patchtst,5.065876504773564
2018-04-12 06:00:00,etth1,HUFL,96,43,patchtst,4.869042123023777
2018-04-12 07:00:00,etth1,HUFL,96,43,patchtst,4.545051563013357
2018-04-12 08:00:00,etth1,HUFL,96,43,patchtst,4.367854148011991
2018-04-12 09:00:00,etth1,HUFL,96,43,patchtst,3.934964386098969
2018-04-12 10:00:00,etth1,HUFL,96,43,patchtst,4.0951032576833315
2018-04-12 11:00:00,etth1,HUFL,96,43,patchtst,3.6850533251047977
2018-04-12 12:00:00,etth1,HUFL,96,43,patchtst,3.87430020238726
2018-04-12 13:00:00,etth1,HUFL,96,43,patchtst,3.960597537078804
2018-04-12 14:00:00,etth1,HUFL,96,43,patchtst,3.7659190487968117
2018-04-12 15:00:00,etth1,HUFL,96,43,patchtst,3.820917923317049
2018-04-12 16:00:00,etth1,HUFL,96,43,patchtst,3.866061470400883
2018-04-12 17:00:00,etth1,HUFL,96,43,patchtst,3.822575189608711
2018-04-12 18:00:00,etth1,HUFL,96,43,patchtst,3.7970089351069736
2018-04-12 19:00:00,etth1,HUFL,96,43,patchtst,3.7272873464004497
2018-04-12 20:00:00,etth1,HUFL,96,43,patchtst,3.744783002744836
2018-04-12 21:00:00,etth1,HUFL,96,43,patchtst,3.8376770921450003
2018-04-12 22:00:00,etth1,HUFL,96,43,patchtst,3.9615478500248966
2018-04-12 23:00:00,etth1,HUFL,96,43,patchtst,4.085413908444947
2018-04-13 00:00:00,etth1,HUFL,96,43,patchtst,4.105255587371654
2018-04-13 01:00:00,etth1,HUFL,96,43,patchtst,4.060234492569912
2018-04-13 02:00:00,etth1,HUFL,96,43,patchtst,4.075699847402877
2018-04-13 03:00:00,etth1,HUFL,96,43,patchtst,4.0666453937705045
2018-04-13 04:00:00,etth1,HUFL,96,43,patchtst,4.108234023930923
2018-04-13 05:00:00,etth1,HUFL,96,43,patchtst,4.09514217922218
2018-04-13 06:00:00,etth1,HUFL,96,43,patchtst,4.0041143618785995
2018-04-13 07:00:00,etth1,HUFL,96,43,patchtst,3.7319459719191497
2018-04-13 08:00:00,etth1,HUFL,96,43,patchtst,3.3175277768958935
2018-04-13 09:00:00,etth1,HUFL,96,43,patchtst,3.474980466386621
2018-04-13 10:00:00,etth1,HUFL,96,43,patchtst,3.4523381996211335
2018-04-13 11:00:00,etth1,HUFL,96,43,patchtst,3.3234411573836833
2018-04-13 12:00:00,etth1,HUFL,96,43,patchtst,3.475044273143195
2018-04-13 13:00:00,etth1,HUFL,96,43,patchtst,3.4607283763933334
2018-04-13 14:00:00,etth1,HUFL,96,43,patchtst,3.5506091156933266
2018-04-13 15:00:00,etth1,HUFL,96,43,patchtst,3.7372204557256783
2018-04-13 16:00:00,etth1,HUFL,96,43,patchtst,3.95081786946083
2018-04-13 17:00:00,etth1,HUFL,96,43,patchtst,3.9661415492798344
2018-04-13 18:00:00,etth1,HUFL,96,43,patchtst,3.9985138115812577
2018-04-13 19:00:00,etth1,HUFL,96,43,patchtst,3.9159912665831507
2018-04-13 20:00:00,etth1,HUFL,96,43,patchtst,3.8819481639433895
2018-04-13 21:00:00,etth1,HUFL,96,43,patchtst,3.9590854084171867
2018-04-13 22:00:00,etth1,HUFL,96,43,patchtst,3.9832291541034013
2018-04-13 23:00:00,etth1,HUFL,96,43,patchtst,4.059951815440947
2018-04-14 00:00:00,etth1,HUFL,96,43,patchtst,3.9325937167055307
2018-04-14 01:00:00,etth1,HUFL,96,43,patchtst,3.960018280403737
2018-04-14 02:00:00,etth1,HUFL,96,43,patchtst,3.896131478698329
2018-04-14 03:00:00,etth1,HUFL,96,43,patchtst,3.8927999176749277
2018-04-14 04:00:00,etth1,HUFL,96,43,patchtst,3.903529720578001
2018-04-14 05:00:00,etth1,HUFL,96,43,patchtst,4.086825874362485
2018-04-14 06:00:00,etth1,HUFL,96,43,patchtst,4.160083130379702
2018-04-14 07:00:00,etth1,HUFL,96,43,patchtst,3.8269959331219177
2018-04-14 08:00:00,etth1,HUFL,96,43,patchtst,3.5491272431231295
2018-04-14 09:00:00,etth1,HUFL,96,43,patchtst,3.9256446630891273
2018-04-14 10:00:00,etth1,HUFL,96,43,patchtst,4.134441606991255
2018-04-14 11:00:00,etth1,HUFL,96,43,patchtst,4.308531472202941
2018-04-14 12:00:00,etth1,HUFL,96,43,patchtst,4.3954882706106
2018-04-14 13:00:00,etth1,HUFL,96,43,patchtst,4.3522040638665755
2018-04-14 14:00:00,etth1,HUFL,96,43,patchtst,4.292423049496427
2018-04-14 15:00:00,etth1,HUFL,96,43,patchtst,4.352832119052015
2018-04-14 16:00:00,etth1,HUFL,96,43,patchtst,4.570765805114099
2018-04-14 17:00:00,etth1,HUFL,96,43,patchtst,4.438508231786279
2018-04-14 18:00:00,etth1,HUFL,96,43,patchtst,4.4210776909796605
2018-04-14 19:00:00,etth1,HUFL,96,43,patchtst,4.321240320290797
2018-04-14 20:00:00,etth1,HUFL,96,43,patchtst,4.258806614193019
2018-04-14 21:00:00,etth1,HUFL,96,43,patchtst,4.417872313895359
2018-04-14 22:00:00,etth1,HUFL,96,43,patchtst,4.444760355141249
2018-04-14 23:00:00,etth1,HUFL,96,43,patchtst,4.505307684157633
2018-04-15 00:00:00,etth1,HUFL,96,43,patchtst,4.305354518200719
2018-04-15 01:00:00,etth1,HUFL,96,43,patchtst,4.47603351038465
2018-04-15 02:00:00,etth1,HUFL,96,43,patchtst,4.329995263378691
2018-04-15 03:00:00,etth1,HUFL,96,43,patchtst,4.493455611872482
2018-04-15 04:00:00,etth1,HUFL,96,43,patchtst,4.2337202262757385
2018-04-15 05:00:00,etth1,HUFL,96,43,patchtst,4.343385098675889
2018-04-15 06:00:00,etth1,HUFL,96,43,patchtst,4.466274126312676
2018-04-15 07:00:00,etth1,HUFL,96,43,patchtst,4.204511506670392
2018-04-15 08:00:00,etth1,HUFL,96,43,patchtst,4.129864388325227
2018-04-15 09:00:00,etth1,HUFL,96,43,patchtst,4.472969640130986
2018-04-15 10:00:00,etth1,HUFL,96,43,patchtst,4.656915361810807
2018-04-15 11:00:00,etth1,HUFL,96,43,patchtst,4.503618452259363
2018-04-15 12:00:00,etth1,HUFL,96,43,patchtst,4.468401183717128
2018-04-15 13:00:00,etth1,HUFL,96,43,patchtst,4.9393368150365164
2018-04-15 14:00:00,etth1,HUFL,96,43,patchtst,4.774132285334848
2018-04-15 15:00:00,etth1,HUFL,96,43,patchtst,4.350165103776021
2018-04-15 16:00:00,etth1,HUFL,96,43,patchtst,4.247194488326703
2018-04-15 17:00:00,etth1,HUFL,96,43,patchtst,3.9272696390213295
2018-04-15 18:00:00,etth1,HUFL,96,43,patchtst,3.7673003641618443
2018-04-15 19:00:00,etth1,HUFL,96,43,patchtst,3.779430586801329
2018-04-15 20:00:00,etth1,HUFL,96,43,patchtst,3.8204541112773023
2018-04-15 21:00:00,etth1,HUFL,96,43,patchtst,4.060925002253149
2018-04-15 22:00:00,etth1,HUFL,96,43,patchtst,4.009271127517444
2018-04-15 23:00:00,etth1,HUFL,96,43,patchtst,3.9770844644316825
2018-04-16 00:00:00,etth1,HUFL,96,43,patchtst,3.9571406517688086
2018-04-16 01:00:00,etth1,HUFL,96,43,patchtst,3.939741342668166
2018-04-16 02:00:00,etth1,HUFL,96,43,patchtst,3.930858875582929
2018-04-16 03:00:00,etth1,HUFL,96,43,patchtst,3.9133175111704777
2018-04-16 04:00:00,etth1,HUFL,96,43,patchtst,3.956549143046653
2018-04-16 05:00:00,etth1,HUFL,96,43,patchtst,4.126415155262556
2018-04-16 06:00:00,etth1,HUFL,96,43,patchtst,4.09167588361311
2018-04-16 07:00:00,etth1,HUFL,96,43,patchtst,3.9466244532558536
2018-04-16 08:00:00,etth1,HUFL,96,43,patchtst,4.053226897988603
2018-04-16 09:00:00,etth1,HUFL,96,43,patchtst,4.425463909808071
2018-04-16 10:00:00,etth1,HUFL,96,43,patchtst,4.677085815202136
2018-04-16 11:00:00,etth1,HUFL,96,43,patchtst,4.572049979927738
2018-04-16 12:00:00,etth1,HUFL,96,43,patchtst,4.7954996729009185
2018-04-16 13:00:00,etth1,HUFL,96,43,patchtst,4.907958884967929
2018-04-16 14:00:00,etth1,HUFL,96,43,patchtst,4.794451678526015
2018-04-16 15:00:00,etth1,HUFL,96,43,patchtst,4.52571022511328
2018-04-16 16:00:00,etth1,HUFL,96,43,patchtst,4.432733526169218
2018-04-16 17:00:00,etth1,HUFL,96,43,patchtst,4.075561918821096
2018-04-16 18:00:00,etth1,HUFL,96,43,patchtst,3.911618988460195
2018-04-16 19:00:00,etth1,HUFL,96,43,patchtst,3.9077703603139287
2018-04-16 20:00:00,etth1,HUFL,96,43,patchtst,3.8513342864492137
2018-04-16 21:00:00,etth1,HUFL,96,43,patchtst,4.000955769754668
2018-04-16 22:00:00,etth1,HUFL,96,43,patchtst,3.9769797928553245
2018-04-16 23:00:00,etth1,HUFL,96,43,patchtst,4.047698073367574
2018-04-17 00:00:00,etth1,HUFL,96,43,patchtst,4.062347757707896
2018-04-17 01:00:00,etth1,HUFL,96,43,patchtst,4.092951520607472
2018-04-17 02:00:00,etth1,HUFL,96,43,patchtst,3.9574422340111752
2018-04-17 03:00:00,etth1,HUFL,96,43,patchtst,4.003908626102987
2018-04-17 04:00:00,etth1,HUFL,96,43,patchtst,3.9444860172786895
2018-04-17 05:00:00,etth1,HUFL,96,43,patchtst,4.248832522544778
2018-04-17 06:00:00,etth1,HUFL,96,43,patchtst,4.314692094624036
2018-04-17 07:00:00,etth1,HUFL,96,43,patchtst,3.8939205273371216
2018-04-17 08:00:00,etth1,HUFL,96,43,patchtst,3.9220459767873384
2018-04-17 09:00:00,etth1,HUFL,96,43,patchtst,3.9909144613047727
2018-04-17 10:00:00,etth1,HUFL,96,43,patchtst,3.4753620827615115
2018-04-17 11:00:00,etth1,HUFL,96,43,patchtst,3.4507785009776133
2018-04-17 12:00:00,etth1,HUFL,96,43,patchtst,3.4139829809740783
2018-04-17 13:00:00,etth1,HUFL,96,43,patchtst,3.827618998209213
2018-04-17 14:00:00,etth1,HUFL,96,43,patchtst,3.780890241121055
2018-04-17 15:00:00,etth1,HUFL,96,43,patchtst,3.4697835648379773
2018-04-17 16:00:00,etth1,HUFL,96,43,patchtst,3.406239093315207
2018-04-17 17:00:00,etth1,HUFL,96,43,patchtst,3.405949185649068
2018-04-17 18:00:00,etth1,HUFL,96,43,patchtst,3.4539744983322245
2018-04-17 19:00:00,etth1,HUFL,96,43,patchtst,3.367904254817135
2018-04-17 20:00:00,etth1,HUFL,96,43,patchtst,3.418211311264745
2018-04-17 21:00:00,etth1,HUFL,96,43,patchtst,3.412771734368661
2018-04-17 22:00:00,etth1,HUFL,96,43,patchtst,3.4969042445902843
2018-04-17 23:00:00,etth1,HUFL,96,43,patchtst,3.51618218064332
2018-04-18 00:00:00,etth1,HUFL,96,43,patchtst,3.6294641581790366
2018-04-18 01:00:00,etth1,HUFL,96,43,patchtst,3.5303062291872584
2018-04-18 02:00:00,etth1,HUFL,96,43,patchtst,3.4343676039772695
2018-04-18 03:00:00,etth1,HUFL,96,43,patchtst,3.383690653956464
2018-04-18 04:00:00,etth1,HUFL,96,43,patchtst,3.4421827933099247
2018-04-18 05:00:00,etth1,HUFL,96,43,patchtst,3.4868832371095793
2018-04-18 06:00:00,etth1,HUFL,96,43,patchtst,3.5990918395962233
2018-04-18 07:00:00,etth1,HUFL,96,43,patchtst,3.553385475284483
2018-04-18 08:00:00,etth1,HUFL,96,43,patchtst,3.2352758061930778
2018-04-18 09:00:00,etth1,HUFL,96,43,patchtst,2.895461087077527
2018-04-18 10:00:00,etth1,HUFL,96,43,patchtst,2.9500730387473495
2018-04-18 11:00:00,etth1,HUFL,96,43,patchtst,2.9530208632873785
2018-04-18 12:00:00,etth1,HUFL,96,43,patchtst,3.4267111578109244
2018-04-18 13:00:00,etth1,HUFL,96,43,patchtst,3.7595075760254866
2018-04-18 14:00:00,etth1,HUFL,96,43,patchtst,3.7236185184656456
2018-04-18 15:00:00,etth1,HUFL,96,43,patchtst,3.378883379738211
2018-04-18 16:00:00,etth1,HUFL,96,43,patchtst,3.3070300797762493
2018-04-18 17:00:00,etth1,HUFL,96,43,patchtst,3.5079382307422278
2018-04-18 18:00:00,etth1,HUFL,96,43,patchtst,3.42225549485471
2018-04-18 19:00:00,etth1,HUFL,96,43,patchtst,3.491357939321505
2018-04-18 20:00:00,etth1,HUFL,96,43,patchtst,3.4961006791730536
2018-04-18 21:00:00,etth1,HUFL,96,43,patchtst,3.450471787313789
2018-04-18 22:00:00,etth1,HUFL,96,43,patchtst,3.6929551887860868
2018-04-18 23:00:00,etth1,HUFL,96,43,patchtst,3.8077162628266077
2018-04-19 00:00:00,etth1,HUFL,96,43,patchtst,3.8168027459241767
2018-04-19 01:00:00,etth1,HUFL,96,43,patchtst,3.6384342499034354
2018-04-19 02:00:00,etth1,HUFL,96,43,patchtst,3.56676420948092
2018-04-19 03:00:00,etth1,HUFL,96,43,patchtst,3.5147719925365575
2018-04-19 04:00:00,etth1,HUFL,96,43,patchtst,3.580557668510767
2018-04-19 05:00:00,etth1,HUFL,96,43,patchtst,3.5760845537111146
2018-04-19 06:00:00,etth1,HUFL,96,43,patchtst,3.692331502406192
2018-04-19 07:00:00,etth1,HUFL,96,43,patchtst,3.7505661193162916
2018-04-19 08:00:00,etth1,HUFL,96,43,patchtst,3.4123481818078396
2018-04-19 09:00:00,etth1,HUFL,96,43,patchtst,3.1966780714407417
2018-04-19 10:00:00,etth1,HUFL,96,43,patchtst,3.4083551446487768
2018-04-19 11:00:00,etth1,HUFL,96,43,patchtst,3.6493742489533694
2018-04-19 12:00:00,etth1,HUFL,96,43,patchtst,4.169235567259583
2018-04-19 13:00:00,etth1,HUFL,96,43,patchtst,4.388897783096551
2018-04-19 14:00:00,etth1,HUFL,96,43,patchtst,4.344880714132723
2018-04-19 15:00:00,etth1,HUFL,96,43,patchtst,4.233534753375774
2018-04-19 16:00:00,etth1,HUFL,96,43,patchtst,4.312012181840735
2018-04-19 17:00:00,etth1,HUFL,96,43,patchtst,4.535550024067898
2018-04-19 18:00:00,etth1,HUFL,96,43,patchtst,4.731286682496635
2018-04-19 19:00:00,etth1,HUFL,96,43,patchtst,4.8326633929843945
2018-04-19 20:00:00,etth1,HUFL,96,43,patchtst,4.872085745079307
2018-04-19 21:00:00,etth1,HUFL,96,43,patchtst,4.769584481992371
2018-04-19 22:00:00,etth1,HUFL,96,43,patchtst,5.03525090377468
2018-04-19 23:00:00,etth1,HUFL,96,43,patchtst,5.177560712831635
2018-04-20 00:00:00,etth1,HUFL,96,43,patchtst,5.161160901888885
2018-04-20 01:00:00,etth1,HUFL,96,43,patchtst,5.05193799075915
2018-04-20 02:00:00,etth1,HUFL,96,43,patchtst,5.000278469092866
2018-04-20 03:00:00,etth1,HUFL,96,43,patchtst,5.004152315316616
2018-04-20 04:00:00,etth1,HUFL,96,43,patchtst,5.07260315037155
2018-04-20 05:00:00,etth1,HUFL,96,43,patchtst,4.830406383189422
2018-04-20 06:00:00,etth1,HUFL,96,43,patchtst,4.867360631524995
2018-04-20 07:00:00,etth1,HUFL,96,43,patchtst,5.154159239668183
2018-04-20 08:00:00,etth1,HUFL,96,43,patchtst,4.802325268923654
2018-04-20 09:00:00,etth1,HUFL,96,43,patchtst,4.439225247684072
2018-04-20 10:00:00,etth1,HUFL,96,43,patchtst,4.465569699415826
2018-04-20 11:00:00,etth1,HUFL,96,43,patchtst,3.9648486132810135
2018-04-20 12:00:00,etth1,HUFL,96,43,patchtst,3.942776062108662
2018-04-20 13:00:00,etth1,HUFL,96,43,patchtst,4.0349698328151336
2018-04-20 14:00:00,etth1,HUFL,96,43,patchtst,4.140295339144128
2018-04-20 15:00:00,etth1,HUFL,96,43,patchtst,4.1782187909432915
2018-04-20 16:00:00,etth1,HUFL,96,43,patchtst,4.368135303031412
2018-04-20 17:00:00,etth1,HUFL,96,43,patchtst,4.668112420956867
2018-04-20 18:00:00,etth1,HUFL,96,43,patchtst,4.777043623492849
2018-04-20 19:00:00,etth1,HUFL,96,43,patchtst,4.709603409242824
2018-04-20 20:00:00,etth1,HUFL,96,43,patchtst,4.739578392181959
2018-04-20 21:00:00,etth1,HUFL,96,43,patchtst,4.639382549795347
2018-04-20 22:00:00,etth1,HUFL,96,43,patchtst,4.807203976863227
2018-04-20 23:00:00,etth1,HUFL,96,43,patchtst,4.820822359695611
2018-04-21 00:00:00,etth1,HUFL,96,43,patchtst,4.992706450879155
2018-04-21 01:00:00,etth1,HUFL,96,43,patchtst,5.064195205564954
2018-04-21 02:00:00,etth1,HUFL,96,43,patchtst,5.169577239102492
2018-04-21 03:00:00,etth1,HUFL,96,43,patchtst,4.9711070486800155
2018-04-21 04:00:00,etth1,HUFL,96,43,patchtst,4.880426429480193
2018-04-21 05:00:00,etth1,HUFL,96,43,patchtst,4.760982557019797
2018-04-21 06:00:00,etth1,HUFL,96,43,patchtst,4.595614636533107
2018-04-21 07:00:00,etth1,HUFL,96,43,patchtst,4.714189368028575
2018-04-21 08:00:00,etth1,HUFL,96,43,patchtst,4.09783965583103
2018-04-21 09:00:00,etth1,HUFL,96,43,patchtst,3.9741714517683335
2018-04-21 10:00:00,etth1,HUFL,96,43,patchtst,3.733783569117777
2018-04-21 11:00:00,etth1,HUFL,96,43,patchtst,3.889572302707952
2018-04-21 12:00:00,etth1,HUFL,96,43,patchtst,3.932961605677503
2018-04-21 13:00:00,etth1,HUFL,96,43,patchtst,3.3855474633993268
2018-04-21 14:00:00,etth1,HUFL,96,43,patchtst,3.4444574980476026
2018-04-21 15:00:00,etth1,HUFL,96,43,patchtst,3.533934484329265
2018-04-21 16:00:00,etth1,HUFL,96,43,patchtst,3.694311596524179
2018-04-21 17:00:00,etth1,HUFL,96,43,patchtst,3.652999118002908
2018-04-21 18:00:00,etth1,HUFL,96,43,patchtst,3.459508329353326
2018-04-21 19:00:00,etth1,HUFL,96,43,patchtst,3.437219668371148
2018-04-21 20:00:00,etth1,HUFL,96,43,patchtst,3.5066980047615943
2018-04-21 21:00:00,etth1,HUFL,96,43,patchtst,3.4200890279133773
2018-04-21 22:00:00,etth1,HUFL,96,43,patchtst,3.560826145984308
2018-04-21 23:00:00,etth1,HUFL,96,43,patchtst,3.6501355774487614
2018-04-22 00:00:00,etth1,HUFL,96,43,patchtst,3.6826863272189114
2018-04-22 01:00:00,etth1,HUFL,96,43,patchtst,3.6971952231395533
2018-04-22 02:00:00,etth1,HUFL,96,43,patchtst,3.665411783166189
2018-04-22 03:00:00,etth1,HUFL,96,43,patchtst,3.525382945080999
2018-04-22 04:00:00,etth1,HUFL,96,43,patchtst,3.662989832652869
2018-04-22 05:00:00,etth1,HUFL,96,43,patchtst,3.5248597367865755
2018-04-22 06:00:00,etth1,HUFL,96,43,patchtst,3.5982913754802737
2018-04-22 07:00:00,etth1,HUFL,96,43,patchtst,3.464725649867429
2018-04-22 08:00:00,etth1,HUFL,96,43,patchtst,2.9849865408150507
2018-04-22 09:00:00,etth1,HUFL,96,43,patchtst,2.8436963103549915
2018-04-22 10:00:00,etth1,HUFL,96,43,patchtst,2.702272738929368
2018-04-22 11:00:00,etth1,HUFL,96,43,patchtst,2.7341731216227667
2018-04-22 12:00:00,etth1,HUFL,96,43,patchtst,2.6222786223478365
2018-04-22 13:00:00,etth1,HUFL,96,43,patchtst,2.5673287336116704
2018-04-22 14:00:00,etth1,HUFL,96,43,patchtst,2.6666387332003896
2018-04-22 15:00:00,etth1,HUFL,96,43,patchtst,2.6636719555619766
2018-04-22 16:00:00,etth1,HUFL,96,43,patchtst,2.6273084571540974
2018-04-22 17:00:00,etth1,HUFL,96,43,patchtst,2.6442856587872012
2018-04-22 18:00:00,etth1,HUFL,96,43,patchtst,2.7249272041111525
2018-04-22 19:00:00,etth1,HUFL,96,43,patchtst,2.79997957772254
2018-04-22 20:00:00,etth1,HUFL,96,43,patchtst,2.698601426555198
2018-04-22 21:00:00,etth1,HUFL,96,43,patchtst,2.761634604375781
2018-04-22 22:00:00,etth1,HUFL,96,43,patchtst,2.839498834560654
2018-04-22 23:00:00,etth1,HUFL,96,43,patchtst,2.9297967629755344
2018-04-23 00:00:00,etth1,HUFL,96,43,patchtst,2.8686640937019323
2018-04-23 01:00:00,etth1,HUFL,96,43,patchtst,2.9031629921008046
2018-04-23 02:00:00,etth1,HUFL,96,43,patchtst,2.898033746619951
2018-04-23 03:00:00,etth1,HUFL,96,43,patchtst,2.7534751282975782
2018-04-23 04:00:00,etth1,HUFL,96,43,patchtst,2.8729504986193692
2018-04-23 05:00:00,etth1,HUFL,96,43,patchtst,2.7967243109748465
2018-04-23 06:00:00,etth1,HUFL,96,43,patchtst,2.8535709700694234
2018-04-23 07:00:00,etth1,HUFL,96,43,patchtst,2.745933974144819
2018-04-23 08:00:00,etth1,HUFL,96,43,patchtst,2.541175064678646
2018-04-23 09:00:00,etth1,HUFL,96,43,patchtst,2.355407808890773
2018-04-23 10:00:00,etth1,HUFL,96,43,patchtst,2.3586620694773868
2018-04-23 11:00:00,etth1,HUFL,96,43,patchtst,2.4329438150389255
2018-04-23 12:00:00,etth1,HUFL,96,43,patchtst,2.495994994367347
2018-04-23 13:00:00,etth1,HUFL,96,43,patchtst,2.6540310235324087
2018-04-23 14:00:00,etth1,HUFL,96,43,patchtst,2.6031101796922074
2018-04-23 15:00:00,etth1,HUFL,96,43,patchtst,2.612299986436407
2018-04-23 16:00:00,etth1,HUFL,96,43,patchtst,2.56917904977295
2018-04-23 17:00:00,etth1,HUFL,96,43,patchtst,2.624794300757983
2018-04-23 18:00:00,etth1,HUFL,96,43,patchtst,2.6251003966540782
2018-04-23 19:00:00,etth1,HUFL,96,43,patchtst,2.6759785979562447
2018-04-23 20:00:00,etth1,HUFL,96,43,patchtst,2.7265499237257607
2018-04-23 21:00:00,etth1,HUFL,96,43,patchtst,2.828445706790021
2018-04-23 22:00:00,etth1,HUFL,96,43,patchtst,2.782563975394065
2018-04-23 23:00:00,etth1,HUFL,96,43,patchtst,2.7361236150188124
2018-04-24 00:00:00,etth1,HUFL,96,43,patchtst,2.7106543763448365
2018-04-24 01:00:00,etth1,HUFL,96,43,patchtst,2.7383000934967776
2018-04-24 02:00:00,etth1,HUFL,96,43,patchtst,2.621728357272587
2018-04-24 03:00:00,etth1,HUFL,96,43,patchtst,2.801825826240693
2018-04-24 04:00:00,etth1,HUFL,96,43,patchtst,2.704030197674799
2018-04-24 05:00:00,etth1,HUFL,96,43,patchtst,2.7268825057773896
2018-04-24 06:00:00,etth1,HUFL,96,43,patchtst,2.7738531481964146
2018-04-24 07:00:00,etth1,HUFL,96,43,patchtst,2.7508844254523006
2018-04-24 08:00:00,etth1,HUFL,96,43,patchtst,2.7529945469082393
2018-04-24 09:00:00,etth1,HUFL,96,43,patchtst,2.735858516035343
2018-04-24 10:00:00,etth1,HUFL,96,43,patchtst,2.776133928403448
2018-04-24 11:00:00,etth1,HUFL,96,43,patchtst,2.7662350584804254
2018-04-24 12:00:00,etth1,HUFL,96,43,patchtst,2.8593266818010394
2018-04-24 13:00:00,etth1,HUFL,96,43,patchtst,2.8932085143828865
2018-04-24 14:00:00,etth1,HUFL,96,43,patchtst,2.6864750205300436
2018-04-24 15:00:00,etth1,HUFL,96,43,patchtst,2.945963146948823
2018-04-24 16:00:00,etth1,HUFL,96,43,patchtst,2.836693080665699
2018-04-24 17:00:00,etth1,HUFL,96,43,patchtst,2.845408945432332
2018-04-24 18:00:00,etth1,HUFL,96,43,patchtst,2.998071221056307
2018-04-24 19:00:00,etth1,HUFL,96,43,patchtst,2.955415473616091
2018-04-24 20:00:00,etth1,HUFL,96,43,patchtst,2.930950871156089
2018-04-24 21:00:00,etth1,HUFL,96,43,patchtst,3.1576104013083284
2018-04-24 22:00:00,etth1,HUFL,96,43,patchtst,2.9644619398324017
2018-04-24 23:00:00,etth1,HUFL,96,43,patchtst,3.0813550418483344
2018-04-25 00:00:00,etth1,HUFL,96,43,patchtst,3.070787389563186
2018-04-25 01:00:00,etth1,HUFL,96,43,patchtst,3.0463528982307406
2018-04-25 02:00:00,etth1,HUFL,96,43,patchtst,3.0608372663906622
2018-04-25 03:00:00,etth1,HUFL,96,43,patchtst,3.01281518675238
2018-04-25 04:00:00,etth1,HUFL,96,43,patchtst,2.9901479206932127
2018-04-25 05:00:00,etth1,HUFL,96,43,patchtst,3.1157815159940676
2018-04-25 06:00:00,etth1,HUFL,96,43,patchtst,3.239360161689904
2018-04-25 07:00:00,etth1,HUFL,96,43,patchtst,3.080649967235986
2018-04-25 08:00:00,etth1,HUFL,96,43,patchtst,3.0682230989732346
2018-04-25 09:00:00,etth1,HUFL,96,43,patchtst,3.1710298500246488
2018-04-25 10:00:00,etth1,HUFL,96,43,patchtst,3.4141909047399075
2018-04-25 11:00:00,etth1,HUFL,96,43,patchtst,3.1087534573767095
2018-04-25 12:00:00,etth1,HUFL,96,43,patchtst,2.857881073743151
2018-04-25 13:00:00,etth1,HUFL,96,43,patchtst,3.000951332811668
2018-04-25 14:00:00,etth1,HUFL,96,43,patchtst,3.118171972700621
2018-04-25 15:00:00,etth1,HUFL,96,43,patchtst,2.9515389131764724
2018-04-25 16:00:00,etth1,HUFL,96,43,patchtst,2.6387505698310085
2018-04-25 17:00:00,etth1,HUFL,96,43,patchtst,2.6625617005056608
2018-04-25 18:00:00,etth1,HUFL,96,43,patchtst,2.6535252236542357
2018-04-25 19:00:00,etth1,HUFL,96,43,patchtst,2.628405971755701
2018-04-25 20:00:00,etth1,HUFL,96,43,patchtst,2.4824826808150005
2018-04-25 21:00:00,etth1,HUFL,96,43,patchtst,2.6526777250400513
2018-04-25 22:00:00,etth1,HUFL,96,43,patchtst,2.528362690807791
2018-04-25 23:00:00,etth1,HUFL,96,43,patchtst,2.6224543944595617
2018-04-26 00:00:00,etth1,HUFL,96,43,patchtst,2.6657876588352756
2018-04-26 01:00:00,etth1,HUFL,96,43,patchtst,2.641318495161876
2018-04-26 02:00:00,etth1,HUFL,96,43,patchtst,2.5567487947606202
2018-04-26 03:00:00,etth1,HUFL,96,43,patchtst,2.6648748766268118
2018-04-26 04:00:00,etth1,HUFL,96,43,patchtst,2.527153278125254
2018-04-26 05:00:00,etth1,HUFL,96,43,patchtst,2.6898561460953174
2018-04-26 06:00:00,etth1,HUFL,96,43,patchtst,2.521118616069186
2018-04-26 07:00:00,etth1,HUFL,96,43,patchtst,2.406599161735994
2018-04-26 08:00:00,etth1,HUFL,96,43,patchtst,2.6108075112230105
2018-04-26 09:00:00,etth1,HUFL,96,43,patchtst,3.061548644242691
2018-04-26 10:00:00,etth1,HUFL,96,43,patchtst,2.9784158886980507
2018-04-26 11:00:00,etth1,HUFL,96,43,patchtst,2.970131285089289
2018-04-26 12:00:00,etth1,HUFL,96,43,patchtst,2.7093036992729673
2018-04-26 13:00:00,etth1,HUFL,96,43,patchtst,3.0060564267767393
2018-04-26 14:00:00,etth1,HUFL,96,43,patchtst,2.874330058758408
2018-04-26 15:00:00,etth1,HUFL,96,43,patchtst,2.8313662110298465
2018-04-26 16:00:00,etth1,HUFL,96,43,patchtst,2.9178084115211504
2018-04-26 17:00:00,etth1,HUFL,96,43,patchtst,2.7393978618833223
2018-04-26 18:00:00,etth1,HUFL,96,43,patchtst,2.658275452148968
2018-04-26 19:00:00,etth1,HUFL,96,43,patchtst,2.5972230727772043
2018-04-26 20:00:00,etth1,HUFL,96,43,patchtst,2.529768741254966
2018-04-26 21:00:00,etth1,HUFL,96,43,patchtst,2.556878518931772
2018-04-26 22:00:00,etth1,HUFL,96,43,patchtst,2.517488746472804
2018-04-26 23:00:00,etth1,HUFL,96,43,patchtst,2.5245468702730567
2018-04-27 00:00:00,etth1,HUFL,96,43,patchtst,2.5529485359153488
2018-04-27 01:00:00,etth1,HUFL,96,43,patchtst,2.58080245423184
2018-04-27 02:00:00,etth1,HUFL,96,43,patchtst,2.4147173714180545
2018-04-27 03:00:00,etth1,HUFL,96,43,patchtst,2.50851439153502
2018-04-27 04:00:00,etth1,HUFL,96,43,patchtst,2.476413398622128
2018-04-27 05:00:00,etth1,HUFL,96,43,patchtst,2.550457584333621
2018-04-27 06:00:00,etth1,HUFL,96,43,patchtst,2.7058692278835443
2018-04-27 07:00:00,etth1,HUFL,96,43,patchtst,2.2960859883849847
2018-04-27 08:00:00,etth1,HUFL,96,43,patchtst,2.151941834946856
2018-04-27 09:00:00,etth1,HUFL,96,43,patchtst,2.1595145113472083
2018-04-27 10:00:00,etth1,HUFL,96,43,patchtst,2.0649156794325965
2018-04-27 11:00:00,etth1,HUFL,96,43,patchtst,2.131346791434501
2018-04-27 12:00:00,etth1,HUFL,96,43,patchtst,2.389374138677363
2018-04-27 13:00:00,etth1,HUFL,96,43,patchtst,2.6538463367762226
2018-04-27 14:00:00,etth1,HUFL,96,43,patchtst,2.733801644390727
2018-04-27 15:00:00,etth1,HUFL,96,43,patchtst,2.4054447515639303
2018-04-27 16:00:00,etth1,HUFL,96,43,patchtst,2.248072344664164
2018-04-27 17:00:00,etth1,HUFL,96,43,patchtst,2.179222006412154
2018-04-27 18:00:00,etth1,HUFL,96,43,patchtst,2.1353708950389274
2018-04-27 19:00:00,etth1,HUFL,96,43,patchtst,2.096967520430736
2018-04-27 20:00:00,etth1,HUFL,96,43,patchtst,2.1030213801077164
2018-04-27 21:00:00,etth1,HUFL,96,43,patchtst,2.1795266871630923
2018-04-27 22:00:00,etth1,HUFL,96,43,patchtst,2.2015953137226183
2018-04-27 23:00:00,etth1,HUFL,96,43,patchtst,2.2547924505602084
2018-04-28 00:00:00,etth1,HUFL,96,43,patchtst,2.2673936752660198
2018-04-28 01:00:00,etth1,HUFL,96,43,patchtst,2.2012380611448408
2018-04-28 02:00:00,etth1,HUFL,96,43,patchtst,2.08812497391315
2018-04-28 03:00:00,etth1,HUFL,96,43,patchtst,2.1436767266507952
2018-04-28 04:00:00,etth1,HUFL,96,43,patchtst,2.179351251949375
2018-04-28 05:00:00,etth1,HUFL,96,43,patchtst,2.2441918626166633
2018-04-28 06:00:00,etth1,HUFL,96,43,patchtst,2.329949427255942
2018-04-28 07:00:00,etth1,HUFL,96,43,patchtst,2.357536880895161
2018-04-28 08:00:00,etth1,HUFL,96,43,patchtst,2.393326324453654
2018-04-28 09:00:00,etth1,HUFL,96,43,patchtst,2.518456579326181
2018-04-28 10:00:00,etth1,HUFL,96,43,patchtst,2.416411723806469
2018-04-28 11:00:00,etth1,HUFL,96,43,patchtst,2.4697316266177274
2018-04-28 12:00:00,etth1,HUFL,96,43,patchtst,2.758257571086306
2018-04-28 13:00:00,etth1,HUFL,96,43,patchtst,2.8121381313132967
2018-04-28 14:00:00,etth1,HUFL,96,43,patchtst,2.955172137814948
2018-04-28 15:00:00,etth1,HUFL,96,43,patchtst,2.6729587670149315
2018-04-28 16:00:00,etth1,HUFL,96,43,patchtst,2.5060180074537697
2018-04-28 17:00:00,etth1,HUFL,96,43,patchtst,2.3290867799673145
2018-04-28 18:00:00,etth1,HUFL,96,43,patchtst,2.3838906041793506
2018-04-28 19:00:00,etth1,HUFL,96,43,patchtst,2.353924270028297
2018-04-28 20:00:00,etth1,HUFL,96,43,patchtst,2.468391273412824
2018-04-28 21:00:00,etth1,HUFL,96,43,patchtst,2.4122984994691463
2018-04-28 22:00:00,etth1,HUFL,96,43,patchtst,2.3553158582867155
2018-04-28 23:00:00,etth1,HUFL,96,43,patchtst,2.5416086696138334
2018-04-29 00:00:00,etth1,HUFL,96,43,patchtst,2.629128638531771
2018-04-29 01:00:00,etth1,HUFL,96,43,patchtst,2.3663332146522515
2018-04-29 02:00:00,etth1,HUFL,96,43,patchtst,2.4455236363093698
2018-04-29 03:00:00,etth1,HUFL,96,43,patchtst,2.3884186511967567
2018-04-29 04:00:00,etth1,HUFL,96,43,patchtst,2.5510267595289466
2018-04-29 05:00:00,etth1,HUFL,96,43,patchtst,2.3918058095614434
2018-04-29 06:00:00,etth1,HUFL,96,43,patchtst,2.3504845714940275
2018-04-29 07:00:00,etth1,HUFL,96,43,patchtst,2.4090012695998713
2018-04-29 08:00:00,etth1,HUFL,96,43,patchtst,2.4179468088874083
2018-04-29 09:00:00,etth1,HUFL,96,43,patchtst,2.371085165319635
2018-04-29 10:00:00,etth1,HUFL,96,43,patchtst,2.7270279173247682
2018-04-29 11:00:00,etth1,HUFL,96,43,patchtst,2.853087679049173
2018-04-29 12:00:00,etth1,HUFL,96,43,patchtst,2.657347018100141
2018-04-29 13:00:00,etth1,HUFL,96,43,patchtst,2.7967106435714784
2018-04-29 14:00:00,etth1,HUFL,96,43,patchtst,3.1026264572539497
2018-04-29 15:00:00,etth1,HUFL,96,43,patchtst,2.9230912963025535
2018-04-29 16:00:00,etth1,HUFL,96,43,patchtst,2.8617532653211097
2018-04-29 17:00:00,etth1,HUFL,96,43,patchtst,2.766152335667318
2018-04-29 18:00:00,etth1,HUFL,96,43,patchtst,2.7552181161402296
2018-04-29 19:00:00,etth1,HUFL,96,43,patchtst,2.7260077279222785
2018-04-29 20:00:00,etth1,HUFL,96,43,patchtst,2.830416727513292
2018-04-29 21:00:00,etth1,HUFL,96,43,patchtst,2.7935098595433696
2018-04-29 22:00:00,etth1,HUFL,96,43,patchtst,2.6646012040193097
2018-04-29 23:00:00,etth1,HUFL,96,43,patchtst,2.643530259410217
2018-04-30 00:00:00,etth1,HUFL,96,43,patchtst,2.691243239097363
2018-04-30 01:00:00,etth1,HUFL,96,43,patchtst,2.612777031890781
2018-04-30 02:00:00,etth1,HUFL,96,43,patchtst,2.686680190621774
2018-04-30 03:00:00,etth1,HUFL,96,43,patchtst,2.7020913329907414
2018-04-30 04:00:00,etth1,HUFL,96,43,patchtst,2.681887086904244
2018-04-30 05:00:00,etth1,HUFL,96,43,patchtst,2.7475046921851827
2018-04-30 06:00:00,etth1,HUFL,96,43,patchtst,2.7295067145033904
2018-04-30 07:00:00,etth1,HUFL,96,43,patchtst,2.7726899465349546
2018-04-30 08:00:00,etth1,HUFL,96,43,patchtst,2.73987878244298
2018-04-30 09:00:00,etth1,HUFL,96,43,patchtst,3.107317766980657
2018-04-30 10:00:00,etth1,HUFL,96,43,patchtst,3.6987233926752494
2018-04-30 11:00:00,etth1,HUFL,96,43,patchtst,3.4490901807891063
2018-04-30 12:00:00,etth1,HUFL,96,43,patchtst,4.016175931903608
2018-04-30 13:00:00,etth1,HUFL,96,43,patchtst,3.570640603732729
2018-04-30 14:00:00,etth1,HUFL,96,43,patchtst,3.8063614996590673
2018-04-30 15:00:00,etth1,HUFL,96,43,patchtst,3.609256439205801
2018-04-30 16:00:00,etth1,HUFL,96,43,patchtst,3.541241279636159
2018-04-30 17:00:00,etth1,HUFL,96,43,patchtst,3.1799474850194933
2018-04-30 18:00:00,etth1,HUFL,96,43,patchtst,3.021264411684425
2018-04-30 19:00:00,etth1,HUFL,96,43,patchtst,2.8893222535083196
2018-04-30 20:00:00,etth1,HUFL,96,43,patchtst,2.9943860818658394
2018-04-30 21:00:00,etth1,HUFL,96,43,patchtst,3.0007646059203927
2018-04-30 22:00:00,etth1,HUFL,96,43,patchtst,3.0396733330300676
2018-04-30 23:00:00,etth1,HUFL,96,43,patchtst,3.095128856491337
2018-05-01 00:00:00,etth1,HUFL,96,43,patchtst,2.7682402745324755
2018-05-01 01:00:00,etth1,HUFL,96,43,patchtst,2.771148581982015
2018-05-01 02:00:00,etth1,HUFL,96,43,patchtst,2.840235217281847
2018-05-01 03:00:00,etth1,HUFL,96,43,patchtst,2.9089318905555928
2018-05-01 04:00:00,etth1,HUFL,96,43,patchtst,2.875417813301953
2018-05-01 05:00:00,etth1,HUFL,96,43,patchtst,3.038238292111405
2018-05-01 06:00:00,etth1,HUFL,96,43,patchtst,2.8956290574098578
2018-05-01 07:00:00,etth1,HUFL,96,43,patchtst,2.848958381131858
2018-05-01 08:00:00,etth1,HUFL,96,43,patchtst,2.9212524400956603
2018-05-01 09:00:00,etth1,HUFL,96,43,patchtst,3.2628079075835843
2018-05-01 10:00:00,etth1,HUFL,96,43,patchtst,3.6116392431197792
2018-05-01 11:00:00,etth1,HUFL,96,43,patchtst,4.186781827146938
2018-05-01 12:00:00,etth1,HUFL,96,43,patchtst,3.628096420065306
2018-05-01 13:00:00,etth1,HUFL,96,43,patchtst,3.7000919911510466
2018-05-01 14:00:00,etth1,HUFL,96,43,patchtst,3.8097306626421292
2018-05-01 15:00:00,etth1,HUFL,96,43,patchtst,4.056566992689098
2018-05-01 16:00:00,etth1,HUFL,96,43,patchtst,3.5756221628908826
2018-05-01 17:00:00,etth1,HUFL,96,43,patchtst,3.1851297850010085
2018-05-01 18:00:00,etth1,HUFL,96,43,patchtst,3.082080088328808
2018-05-01 19:00:00,etth1,HUFL,96,43,patchtst,3.033563179781582
2018-05-01 20:00:00,etth1,HUFL,96,43,patchtst,3.1709992372709004
2018-05-01 21:00:00,etth1,HUFL,96,43,patchtst,3.278186020343925
2018-05-01 22:00:00,etth1,HUFL,96,43,patchtst,3.149512569696276
2018-05-01 23:00:00,etth1,HUFL,96,43,patchtst,3.115365845786163
2018-05-02 00:00:00,etth1,HUFL,96,43,patchtst,3.1786366001752184
2018-05-02 01:00:00,etth1,HUFL,96,43,patchtst,3.213477782359392
2018-05-02 02:00:00,etth1,HUFL,96,43,patchtst,3.2016126941802834
2018-05-02 03:00:00,etth1,HUFL,96,43,patchtst,3.161297651578297
2018-05-02 04:00:00,etth1,HUFL,96,43,patchtst,3.2793779635259583
2018-05-02 05:00:00,etth1,HUFL,96,43,patchtst,3.412741042887045
2018-05-02 06:00:00,etth1,HUFL,96,43,patchtst,3.338284661421705
2018-05-02 07:00:00,etth1,HUFL,96,43,patchtst,3.2696693809083293
2018-05-02 08:00:00,etth1,HUFL,96,43,patchtst,3.3748421085356686
2018-05-02 09:00:00,etth1,HUFL,96,43,patchtst,3.7669431373255606
2018-05-02 10:00:00,etth1,HUFL,96,43,patchtst,4.082072219407058
2018-05-02 11:00:00,etth1,HUFL,96,43,patchtst,4.144383749508893
2018-05-02 12:00:00,etth1,HUFL,96,43,patchtst,4.386423717746326
2018-05-02 13:00:00,etth1,HUFL,96,43,patchtst,4.457263031703866
2018-05-02 14:00:00,etth1,HUFL,96,43,patchtst,4.540417969640849
2018-05-02 15:00:00,etth1,HUFL,96,43,patchtst,4.182850070903725
2018-05-02 16:00:00,etth1,HUFL,96,43,patchtst,3.87681701258388
2018-05-02 17:00:00,etth1,HUFL,96,43,patchtst,3.6183863416753397
2018-05-02 18:00:00,etth1,HUFL,96,43,patchtst,3.624425196592471
2018-05-02 19:00:00,etth1,HUFL,96,43,patchtst,3.4400071821639515
2018-05-02 20:00:00,etth1,HUFL,96,43,patchtst,3.4951679225077137
2018-05-02 21:00:00,etth1,HUFL,96,43,patchtst,3.586482070214777
2018-05-02 22:00:00,etth1,HUFL,96,43,patchtst,3.552904525812501
2018-05-02 23:00:00,etth1,HUFL,96,43,patchtst,3.613753275336594
2018-05-03 00:00:00,etth1,HUFL,96,43,patchtst,3.743759853006676
2018-05-03 01:00:00,etth1,HUFL,96,43,patchtst,3.5802491528374873
2018-05-03 02:00:00,etth1,HUFL,96,43,patchtst,3.607630575962761
2018-05-03 03:00:00,etth1,HUFL,96,43,patchtst,3.4820067460690063
2018-05-03 04:00:00,etth1,HUFL,96,43,patchtst,3.5546095649146316
2018-05-03 05:00:00,etth1,HUFL,96,43,patchtst,3.731312338844073
2018-05-03 06:00:00,etth1,HUFL,96,43,patchtst,3.7632337301093606
2018-05-03 07:00:00,etth1,HUFL,96,43,patchtst,3.5347083669719077
2018-05-03 08:00:00,etth1,HUFL,96,43,patchtst,3.39593547476286
2018-05-03 09:00:00,etth1,HUFL,96,43,patchtst,3.2859934627784546
2018-05-03 10:00:00,etth1,HUFL,96,43,patchtst,3.3352928265250488
2018-05-03 11:00:00,etth1,HUFL,96,43,patchtst,3.689518544200958
2018-05-03 12:00:00,etth1,HUFL,96,43,patchtst,3.8355263127257113
2018-05-03 13:00:00,etth1,HUFL,96,43,patchtst,4.186402529713568
2018-05-03 14:00:00,etth1,HUFL,96,43,patchtst,3.917117300764403
2018-05-03 15:00:00,etth1,HUFL,96,43,patchtst,3.6528532418270068
2018-05-03 16:00:00,etth1,HUFL,96,43,patchtst,3.582957733846282
2018-05-03 17:00:00,etth1,HUFL,96,43,patchtst,3.5965600184085766
2018-05-03 18:00:00,etth1,HUFL,96,43,patchtst,3.6184433821606077
2018-05-03 19:00:00,etth1,HUFL,96,43,patchtst,3.715830288248709
2018-05-03 20:00:00,etth1,HUFL,96,43,patchtst,3.6414647816651295
2018-05-03 21:00:00,etth1,HUFL,96,43,patchtst,3.6460338250330886
2018-05-03 22:00:00,etth1,HUFL,96,43,patchtst,3.782643795909886
2018-05-03 23:00:00,etth1,HUFL,96,43,patchtst,3.939035364573256
2018-05-04 00:00:00,etth1,HUFL,96,43,patchtst,4.071931545073052
2018-05-04 01:00:00,etth1,HUFL,96,43,patchtst,3.8665115498455314
2018-05-04 02:00:00,etth1,HUFL,96,43,patchtst,3.86881637567082
2018-05-04 03:00:00,etth1,HUFL,96,43,patchtst,3.7568898798673533
2018-05-04 04:00:00,etth1,HUFL,96,43,patchtst,3.84866575579295
2018-05-04 05:00:00,etth1,HUFL,96,43,patchtst,3.9013668004065813
2018-05-04 06:00:00,etth1,HUFL,96,43,patchtst,3.826876212509007
2018-05-04 07:00:00,etth1,HUFL,96,43,patchtst,3.83011238181057
2018-05-04 08:00:00,etth1,HUFL,96,43,patchtst,3.9140680806502766
2018-05-04 09:00:00,etth1,HUFL,96,43,patchtst,3.9958566738722916
2018-05-04 10:00:00,etth1,HUFL,96,43,patchtst,4.192177396412883
2018-05-04 11:00:00,etth1,HUFL,96,43,patchtst,4.555928613309978
2018-05-04 12:00:00,etth1,HUFL,96,43,patchtst,5.002886785352418
2018-05-04 13:00:00,etth1,HUFL,96,43,patchtst,5.01304683014489
2018-05-04 14:00:00,etth1,HUFL,96,43,patchtst,4.851913271832487
2018-05-04 15:00:00,etth1,HUFL,96,43,patchtst,4.712954372563947
2018-05-04 16:00:00,etth1,HUFL,96,43,patchtst,4.65435682588424
2018-05-04 17:00:00,etth1,HUFL,96,43,patchtst,4.387044909341414
2018-05-04 18:00:00,etth1,HUFL,96,43,patchtst,4.515406052447643
2018-05-04 19:00:00,etth1,HUFL,96,43,patchtst,4.5949048363169345
2018-05-04 20:00:00,etth1,HUFL,96,43,patchtst,4.5004808649235635
2018-05-04 21:00:00,etth1,HUFL,96,43,patchtst,4.617556234218796
2018-05-04 22:00:00,etth1,HUFL,96,43,patchtst,4.624468466677647
2018-05-04 23:00:00,etth1,HUFL,96,43,patchtst,4.699531693650395
2018-05-05 00:00:00,etth1,HUFL,96,43,patchtst,4.910288103877119
2018-05-05 01:00:00,etth1,HUFL,96,43,patchtst,4.858400933892807
2018-05-05 02:00:00,etth1,HUFL,96,43,patchtst,5.025409916467436
2018-05-05 03:00:00,etth1,HUFL,96,43,patchtst,5.17806674115066
2018-05-05 04:00:00,etth1,HUFL,96,43,patchtst,5.2007112379670035
2018-05-05 05:00:00,etth1,HUFL,96,43,patchtst,5.315407821535975
2018-05-05 06:00:00,etth1,HUFL,96,43,patchtst,5.4276396546404255
2018-05-05 07:00:00,etth1,HUFL,96,43,patchtst,5.101578295561456
2018-05-05 08:00:00,etth1,HUFL,96,43,patchtst,4.7340085498364255
2018-05-05 09:00:00,etth1,HUFL,96,43,patchtst,4.773487126465524
2018-05-05 10:00:00,etth1,HUFL,96,43,patchtst,5.084125863148464
2018-05-05 11:00:00,etth1,HUFL,96,43,patchtst,5.075682318261723
2018-05-05 12:00:00,etth1,HUFL,96,43,patchtst,5.236502578997264
2018-05-05 13:00:00,etth1,HUFL,96,43,patchtst,5.886550280115709
2018-05-05 14:00:00,etth1,HUFL,96,43,patchtst,5.264300838631751
2018-05-05 15:00:00,etth1,HUFL,96,43,patchtst,5.567094447515617
2018-05-05 16:00:00,etth1,HUFL,96,43,patchtst,5.781151467518147
2018-05-05 17:00:00,etth1,HUFL,96,43,patchtst,5.677694160268305
2018-05-05 18:00:00,etth1,HUFL,96,43,patchtst,5.694681034148297
2018-05-05 19:00:00,etth1,HUFL,96,43,patchtst,5.697535415860433
2018-05-05 20:00:00,etth1,HUFL,96,43,patchtst,5.805790846866031
2018-05-05 21:00:00,etth1,HUFL,96,43,patchtst,5.769952609345097
2018-05-05 22:00:00,etth1,HUFL,96,43,patchtst,5.968192433366862
2018-05-05 23:00:00,etth1,HUFL,96,43,patchtst,5.972347445925496
2018-05-06 00:00:00,etth1,HUFL,96,43,patchtst,6.118114482039144
2018-05-06 01:00:00,etth1,HUFL,96,43,patchtst,6.221004099775999
2018-05-06 02:00:00,etth1,HUFL,96,43,patchtst,6.2472056522396
2018-05-06 03:00:00,etth1,HUFL,96,43,patchtst,6.449660365857362
2018-05-06 04:00:00,etth1,HUFL,96,43,patchtst,6.476266818891354
2018-05-06 05:00:00,etth1,HUFL,96,43,patchtst,6.275297966585381
2018-05-06 06:00:00,etth1,HUFL,96,43,patchtst,6.485971417578345
2018-05-06 07:00:00,etth1,HUFL,96,43,patchtst,6.42254684361366
2018-05-06 08:00:00,etth1,HUFL,96,43,patchtst,6.219159324397384
2018-05-06 09:00:00,etth1,HUFL,96,43,patchtst,6.310546858120264
2018-05-06 10:00:00,etth1,HUFL,96,43,patchtst,6.52672550370496
2018-05-06 11:00:00,etth1,HUFL,96,43,patchtst,6.574619763823702
2018-05-06 12:00:00,etth1,HUFL,96,43,patchtst,6.977090976482976
2018-05-06 13:00:00,etth1,HUFL,96,43,patchtst,6.384707445443688
2018-05-06 14:00:00,etth1,HUFL,96,43,patchtst,6.268800265839521
2018-05-06 15:00:00,etth1,HUFL,96,43,patchtst,6.499588945266773
2018-05-06 16:00:00,etth1,HUFL,96,43,patchtst,6.838825103737513
2018-05-06 17:00:00,etth1,HUFL,96,43,patchtst,6.83723526807364
2018-05-06 18:00:00,etth1,HUFL,96,43,patchtst,6.690479852257599
2018-05-06 19:00:00,etth1,HUFL,96,43,patchtst,6.5402148239026845
2018-05-06 20:00:00,etth1,HUFL,96,43,patchtst,6.65436835904239
2018-05-06 21:00:00,etth1,HUFL,96,43,patchtst,6.583105128748779
2018-05-06 22:00:00,etth1,HUFL,96,43,patchtst,6.542126939929429
2018-05-06 23:00:00,etth1,HUFL,96,43,patchtst,6.460267465713923
2018-05-07 00:00:00,etth1,HUFL,96,43,patchtst,6.46095460981796
2018-05-07 01:00:00,etth1,HUFL,96,43,patchtst,6.48075829648258
2018-05-07 02:00:00,etth1,HUFL,96,43,patchtst,6.484455438989947
2018-05-07 03:00:00,etth1,HUFL,96,43,patchtst,6.786162230239299
2018-05-07 04:00:00,etth1,HUFL,96,43,patchtst,6.6225249054149815
2018-05-07 05:00:00,etth1,HUFL,96,43,patchtst,6.561481842501464
2018-05-07 06:00:00,etth1,HUFL,96,43,patchtst,6.657227449370365
2018-05-07 07:00:00,etth1,HUFL,96,43,patchtst,6.431392739156789
2018-05-07 08:00:00,etth1,HUFL,96,43,patchtst,6.41611324345637
2018-05-07 09:00:00,etth1,HUFL,96,43,patchtst,6.725594027719218
2018-05-07 10:00:00,etth1,HUFL,96,43,patchtst,6.819535984386799
2018-05-07 11:00:00,etth1,HUFL,96,43,patchtst,6.684363233236699
2018-05-07 12:00:00,etth1,HUFL,96,43,patchtst,6.9461543066992375
2018-05-07 13:00:00,etth1,HUFL,96,43,patchtst,6.8003337592855075
2018-05-07 14:00:00,etth1,HUFL,96,43,patchtst,6.738900262771821
2018-05-07 15:00:00,etth1,HUFL,96,43,patchtst,6.8812641162720665
2018-05-07 16:00:00,etth1,HUFL,96,43,patchtst,7.074757796730292
2018-05-07 17:00:00,etth1,HUFL,96,43,patchtst,6.9140036360671075
2018-05-07 18:00:00,etth1,HUFL,96,43,patchtst,6.706935534084057
2018-05-07 19:00:00,etth1,HUFL,96,43,patchtst,6.647863099789931
2018-05-07 20:00:00,etth1,HUFL,96,43,patchtst,6.647801260710644
2018-05-07 21:00:00,etth1,HUFL,96,43,patchtst,6.680908655716325
2018-05-07 22:00:00,etth1,HUFL,96,43,patchtst,6.656204488127557
2018-05-07 23:00:00,etth1,HUFL,96,43,patchtst,6.3087546145536635
2018-05-08 00:00:00,etth1,HUFL,96,43,patchtst,6.288276504130839
2018-05-08 01:00:00,etth1,HUFL,96,43,patchtst,6.326249619977102
2018-05-08 02:00:00,etth1,HUFL,96,43,patchtst,6.208200537765514
2018-05-08 03:00:00,etth1,HUFL,96,43,patchtst,6.328950882121906
2018-05-08 04:00:00,etth1,HUFL,96,43,patchtst,6.3332061202802405
2018-05-08 05:00:00,etth1,HUFL,96,43,patchtst,6.358814897263035
2018-05-08 06:00:00,etth1,HUFL,96,43,patchtst,6.229077231883365
2018-05-08 07:00:00,etth1,HUFL,96,43,patchtst,5.550111790349234
2018-05-08 08:00:00,etth1,HUFL,96,43,patchtst,5.8211026507231365
2018-05-08 09:00:00,etth1,HUFL,96,43,patchtst,6.090535379595892
2018-05-08 10:00:00,etth1,HUFL,96,43,patchtst,6.1257159325216834
2018-05-08 11:00:00,etth1,HUFL,96,43,patchtst,5.675460262612078
2018-05-08 12:00:00,etth1,HUFL,96,43,patchtst,6.530989752405019
2018-05-08 13:00:00,etth1,HUFL,96,43,patchtst,6.803497584616042
2018-05-08 14:00:00,etth1,HUFL,96,43,patchtst,6.128882682844286
2018-05-08 15:00:00,etth1,HUFL,96,43,patchtst,5.126935634477719
2018-05-08 16:00:00,etth1,HUFL,96,43,patchtst,4.998431073425907
2018-05-08 17:00:00,etth1,HUFL,96,43,patchtst,4.6729120776787285
2018-05-08 18:00:00,etth1,HUFL,96,43,patchtst,4.545668237350301
2018-05-08 19:00:00,etth1,HUFL,96,43,patchtst,4.58508110028894
2018-05-08 20:00:00,etth1,HUFL,96,43,patchtst,4.638051279622068
2018-05-08 21:00:00,etth1,HUFL,96,43,patchtst,4.584019434715828
2018-05-08 22:00:00,etth1,HUFL,96,43,patchtst,4.525133553807149
2018-05-08 23:00:00,etth1,HUFL,96,43,patchtst,4.315870329454015
2018-05-09 00:00:00,etth1,HUFL,96,43,patchtst,3.9876223938042714
2018-05-09 01:00:00,etth1,HUFL,96,43,patchtst,3.85369207017259
2018-05-09 02:00:00,etth1,HUFL,96,43,patchtst,3.9401912301969575
2018-05-09 03:00:00,etth1,HUFL,96,43,patchtst,4.0581246063464205
2018-05-09 04:00:00,etth1,HUFL,96,43,patchtst,4.155084283302985
2018-05-09 05:00:00,etth1,HUFL,96,43,patchtst,3.9529674491637823
2018-05-09 06:00:00,etth1,HUFL,96,43,patchtst,3.7656657807854113
2018-05-09 07:00:00,etth1,HUFL,96,43,patchtst,3.575163598526084
2018-05-09 08:00:00,etth1,HUFL,96,43,patchtst,3.164746682251954
2018-05-09 09:00:00,etth1,HUFL,96,43,patchtst,2.684142094092484
2018-05-09 10:00:00,etth1,HUFL,96,43,patchtst,2.7677100764581586
2018-05-09 11:00:00,etth1,HUFL,96,43,patchtst,2.8051579748839495
2018-05-09 12:00:00,etth1,HUFL,96,43,patchtst,3.1088267093146595
2018-05-09 13:00:00,etth1,HUFL,96,43,patchtst,3.195491356149665
2018-05-09 14:00:00,etth1,HUFL,96,43,patchtst,2.868619072013212
2018-05-09 15:00:00,etth1,HUFL,96,43,patchtst,2.7714991695305535
2018-05-09 16:00:00,etth1,HUFL,96,43,patchtst,2.8473478002560024
2018-05-09 17:00:00,etth1,HUFL,96,43,patchtst,3.040129261502488
2018-05-09 18:00:00,etth1,HUFL,96,43,patchtst,3.223838899194499
2018-05-09 19:00:00,etth1,HUFL,96,43,patchtst,3.234175858127452
2018-05-09 20:00:00,etth1,HUFL,96,43,patchtst,3.209258168632816
2018-05-09 21:00:00,etth1,HUFL,96,43,patchtst,3.2126592157678537
2018-05-09 22:00:00,etth1,HUFL,96,43,patchtst,3.168934905855355
2018-05-09 23:00:00,etth1,HUFL,96,43,patchtst,3.279401599912129
2018-05-10 00:00:00,etth1,HUFL,96,43,patchtst,3.24837422056776
2018-05-10 01:00:00,etth1,HUFL,96,43,patchtst,3.284016348789033
2018-05-10 02:00:00,etth1,HUFL,96,43,patchtst,3.5617941479377557
2018-05-10 03:00:00,etth1,HUFL,96,43,patchtst,3.677021269456919
2018-05-10 04:00:00,etth1,HUFL,96,43,patchtst,3.6485257986557884
2018-05-10 05:00:00,etth1,HUFL,96,43,patchtst,3.5986008988557288
2018-05-10 06:00:00,etth1,HUFL,96,43,patchtst,3.6621332198255936
2018-05-10 07:00:00,etth1,HUFL,96,43,patchtst,3.594867746127724
2018-05-10 08:00:00,etth1,HUFL,96,43,patchtst,3.355124774139773
2018-05-10 09:00:00,etth1,HUFL,96,43,patchtst,3.5224893596228632
2018-05-10 10:00:00,etth1,HUFL,96,43,patchtst,3.588930294791338
2018-05-10 11:00:00,etth1,HUFL,96,43,patchtst,3.1538754250955257
2018-05-10 12:00:00,etth1,HUFL,96,43,patchtst,2.8806478478785955
2018-05-10 13:00:00,etth1,HUFL,96,43,patchtst,2.9178132637300145
2018-05-10 14:00:00,etth1,HUFL,96,43,patchtst,2.8563714809345253
2018-05-10 15:00:00,etth1,HUFL,96,43,patchtst,2.896446618747578
2018-05-10 16:00:00,etth1,HUFL,96,43,patchtst,3.091813808871946
2018-05-10 17:00:00,etth1,HUFL,96,43,patchtst,3.1007173858687893
2018-05-10 18:00:00,etth1,HUFL,96,43,patchtst,3.3817219816709976
2018-05-10 19:00:00,etth1,HUFL,96,43,patchtst,3.279943067946968
2018-05-10 20:00:00,etth1,HUFL,96,43,patchtst,3.2684034500226296
2018-05-10 21:00:00,etth1,HUFL,96,43,patchtst,3.17038072238246
2018-05-10 22:00:00,etth1,HUFL,96,43,patchtst,2.8839235576772495
2018-05-10 23:00:00,etth1,HUFL,96,43,patchtst,2.9603685083935036
2018-05-11 00:00:00,etth1,HUFL,96,43,patchtst,2.813809905557496
2018-05-11 01:00:00,etth1,HUFL,96,43,patchtst,2.9910502618066723
2018-05-11 02:00:00,etth1,HUFL,96,43,patchtst,2.986222727848751
2018-05-11 03:00:00,etth1,HUFL,96,43,patchtst,2.8876639364733676
2018-05-11 04:00:00,etth1,HUFL,96,43,patchtst,2.6625858889081058
2018-05-11 05:00:00,etth1,HUFL,96,43,patchtst,2.6839033857470587
2018-05-11 06:00:00,etth1,HUFL,96,43,patchtst,2.523452772761071
2018-05-11 07:00:00,etth1,HUFL,96,43,patchtst,2.4122341928411797
2018-05-11 08:00:00,etth1,HUFL,96,43,patchtst,2.533374456702021
2018-05-11 09:00:00,etth1,HUFL,96,43,patchtst,2.5094851489722276
2018-05-11 10:00:00,etth1,HUFL,96,43,patchtst,2.6604619651606494
2018-05-11 11:00:00,etth1,HUFL,96,43,patchtst,2.591689930813275
2018-05-11 12:00:00,etth1,HUFL,96,43,patchtst,3.093526479547352
2018-05-11 13:00:00,etth1,HUFL,96,43,patchtst,2.638197261940944
2018-05-11 14:00:00,etth1,HUFL,96,43,patchtst,2.0755496717158697
2018-05-11 15:00:00,etth1,HUFL,96,43,patchtst,2.068225618880953
2018-05-11 16:00:00,etth1,HUFL,96,43,patchtst,2.154035121352034
2018-05-11 17:00:00,etth1,HUFL,96,43,patchtst,2.134165214766242
2018-05-11 18:00:00,etth1,HUFL,96,43,patchtst,2.284066625991655
2018-05-11 19:00:00,etth1,HUFL,96,43,patchtst,2.3322135166168323
2018-05-11 20:00:00,etth1,HUFL,96,43,patchtst,2.2856640429534423
2018-05-11 21:00:00,etth1,HUFL,96,43,patchtst,2.3040363390085155
2018-05-11 22:00:00,etth1,HUFL,96,43,patchtst,2.102731378620641
2018-05-11 23:00:00,etth1,HUFL,96,43,patchtst,2.0387856153016903
2018-05-12 00:00:00,etth1,HUFL,96,43,patchtst,1.9626441906475687
2018-05-12 01:00:00,etth1,HUFL,96,43,patchtst,2.129585188910356
2018-05-12 02:00:00,etth1,HUFL,96,43,patchtst,2.2120440598556317
2018-05-12 03:00:00,etth1,HUFL,96,43,patchtst,2.1121187218787902
2018-05-12 04:00:00,etth1,HUFL,96,43,patchtst,2.139041941875383
2018-05-12 05:00:00,etth1,HUFL,96,43,patchtst,2.195932350926588
2018-05-12 06:00:00,etth1,HUFL,96,43,patchtst,2.0523638607271515
2018-05-12 07:00:00,etth1,HUFL,96,43,patchtst,2.1551177347345365
2018-05-12 08:00:00,etth1,HUFL,96,43,patchtst,2.2640670082444365
2018-05-12 09:00:00,etth1,HUFL,96,43,patchtst,2.495700930151694
2018-05-12 10:00:00,etth1,HUFL,96,43,patchtst,2.5108180960156816
2018-05-12 11:00:00,etth1,HUFL,96,43,patchtst,2.8406578660677257
2018-05-12 12:00:00,etth1,HUFL,96,43,patchtst,2.4883310696501155
2018-05-12 13:00:00,etth1,HUFL,96,43,patchtst,2.5920876936771458
2018-05-12 14:00:00,etth1,HUFL,96,43,patchtst,2.3788989098893594
2018-05-12 15:00:00,etth1,HUFL,96,43,patchtst,2.479599917150488
2018-05-12 16:00:00,etth1,HUFL,96,43,patchtst,2.439909397009853
2018-05-12 17:00:00,etth1,HUFL,96,43,patchtst,2.575104559631645
2018-05-12 18:00:00,etth1,HUFL,96,43,patchtst,2.565766674942186
2018-05-12 19:00:00,etth1,HUFL,96,43,patchtst,2.581806112491997
2018-05-12 20:00:00,etth1,HUFL,96,43,patchtst,2.3041892451321146
2018-05-12 21:00:00,etth1,HUFL,96,43,patchtst,2.419439070615715
2018-05-12 22:00:00,etth1,HUFL,96,43,patchtst,2.3220152432466787
2018-05-12 23:00:00,etth1,HUFL,96,43,patchtst,2.2513166075010407
2018-05-13 00:00:00,etth1,HUFL,96,43,patchtst,2.346049499558353
2018-05-13 01:00:00,etth1,HUFL,96,43,patchtst,2.3694339019744666
2018-05-13 02:00:00,etth1,HUFL,96,43,patchtst,2.381851643997022
2018-05-13 03:00:00,etth1,HUFL,96,43,patchtst,2.4741807095976305
2018-05-13 04:00:00,etth1,HUFL,96,43,patchtst,2.332978211990378
2018-05-13 05:00:00,etth1,HUFL,96,43,patchtst,2.409023546819423
2018-05-13 06:00:00,etth1,HUFL,96,43,patchtst,2.385923455115814
2018-05-13 07:00:00,etth1,HUFL,96,43,patchtst,2.522171054297637
2018-05-13 08:00:00,etth1,HUFL,96,43,patchtst,2.8670467161814313
2018-05-13 09:00:00,etth1,HUFL,96,43,patchtst,2.406654726314043
2018-05-13 10:00:00,etth1,HUFL,96,43,patchtst,2.566726250112287
2018-05-13 11:00:00,etth1,HUFL,96,43,patchtst,2.542977245409839
2018-05-13 12:00:00,etth1,HUFL,96,43,patchtst,2.50976189607496
2018-05-13 13:00:00,etth1,HUFL,96,43,patchtst,2.461597858092807
2018-05-13 14:00:00,etth1,HUFL,96,43,patchtst,2.1021242163108744
2018-05-13 15:00:00,etth1,HUFL,96,43,patchtst,2.185003771591998
2018-05-13 16:00:00,etth1,HUFL,96,43,patchtst,2.3620729756506194
2018-05-13 17:00:00,etth1,HUFL,96,43,patchtst,2.4928705599362355
2018-05-13 18:00:00,etth1,HUFL,96,43,patchtst,2.352654522347775
2018-05-13 19:00:00,etth1,HUFL,96,43,patchtst,2.4043871582923297
2018-05-13 20:00:00,etth1,HUFL,96,43,patchtst,2.399084095176639
2018-05-13 21:00:00,etth1,HUFL,96,43,patchtst,2.358893362741243
2018-05-13 22:00:00,etth1,HUFL,96,43,patchtst,2.3429753909542645
2018-05-13 23:00:00,etth1,HUFL,96,43,patchtst,2.260444592245944
2018-05-14 00:00:00,etth1,HUFL,96,43,patchtst,2.3553830488674152
2018-05-14 01:00:00,etth1,HUFL,96,43,patchtst,2.282391317372649
2018-05-14 02:00:00,etth1,HUFL,96,43,patchtst,2.16431102768663
2018-05-14 03:00:00,etth1,HUFL,96,43,patchtst,2.1154251079247337
2018-05-14 04:00:00,etth1,HUFL,96,43,patchtst,2.125417108147054
2018-05-14 05:00:00,etth1,HUFL,96,43,patchtst,2.132594145353576
2018-05-14 06:00:00,etth1,HUFL,96,43,patchtst,2.0345656987045375
2018-05-14 07:00:00,etth1,HUFL,96,43,patchtst,2.2259631523781014
2018-05-14 08:00:00,etth1,HUFL,96,43,patchtst,2.1111352840721938
2018-05-14 09:00:00,etth1,HUFL,96,43,patchtst,2.1838188735278288
2018-05-14 10:00:00,etth1,HUFL,96,43,patchtst,2.319092991041195
2018-05-14 11:00:00,etth1,HUFL,96,43,patchtst,2.5621028583464427
2018-05-14 12:00:00,etth1,HUFL,96,43,patchtst,2.3212846945819954
2018-05-14 13:00:00,etth1,HUFL,96,43,patchtst,2.366506027423642
2018-05-14 14:00:00,etth1,HUFL,96,43,patchtst,2.3216578827485113
2018-05-14 15:00:00,etth1,HUFL,96,43,patchtst,2.3222049623973713
2018-05-14 16:00:00,etth1,HUFL,96,43,patchtst,2.3626726365027615
2018-05-14 17:00:00,etth1,HUFL,96,43,patchtst,2.15694661300062
2018-05-14 18:00:00,etth1,HUFL,96,43,patchtst,2.3443245211333372
2018-05-14 19:00:00,etth1,HUFL,96,43,patchtst,2.3744866823287527
2018-05-14 20:00:00,etth1,HUFL,96,43,patchtst,2.4163937390395147
2018-05-14 21:00:00,etth1,HUFL,96,43,patchtst,2.361923680264948
2018-05-14 22:00:00,etth1,HUFL,96,43,patchtst,2.463536626578655
2018-05-14 23:00:00,etth1,HUFL,96,43,patchtst,2.4811812620274227
2018-05-15 00:00:00,etth1,HUFL,96,43,patchtst,2.652654545214364
2018-05-15 01:00:00,etth1,HUFL,96,43,patchtst,2.5370236617950668
2018-05-15 02:00:00,etth1,HUFL,96,43,patchtst,2.507753484200751
2018-05-15 03:00:00,etth1,HUFL,96,43,patchtst,2.313173131931413
2018-05-15 04:00:00,etth1,HUFL,96,43,patchtst,2.447566131965111
2018-05-15 05:00:00,etth1,HUFL,96,43,patchtst,2.410095187005247
2018-05-15 06:00:00,etth1,HUFL,96,43,patchtst,2.4468966494933433
2018-05-15 07:00:00,etth1,HUFL,96,43,patchtst,2.4530211569001796
2018-05-15 08:00:00,etth1,HUFL,96,43,patchtst,2.56339840520651
2018-05-15 09:00:00,etth1,HUFL,96,43,patchtst,2.421354452760507
2018-05-15 10:00:00,etth1,HUFL,96,43,patchtst,2.6681413481454683
2018-05-15 11:00:00,etth1,HUFL,96,43,patchtst,2.9008976850393347
2018-05-15 12:00:00,etth1,HUFL,96,43,patchtst,2.9129171422210725
2018-05-15 13:00:00,etth1,HUFL,96,43,patchtst,3.06860811855532
2018-05-15 14:00:00,etth1,HUFL,96,43,patchtst,3.244293738352539
2018-05-15 15:00:00,etth1,HUFL,96,43,patchtst,3.158854127074101
2018-05-15 16:00:00,etth1,HUFL,96,43,patchtst,3.3140046961725695
2018-05-15 17:00:00,etth1,HUFL,96,43,patchtst,3.3979884056222986
2018-05-15 18:00:00,etth1,HUFL,96,43,patchtst,3.3769204481656523
2018-05-15 19:00:00,etth1,HUFL,96,43,patchtst,3.2652669869430384
2018-05-15 20:00:00,etth1,HUFL,96,43,patchtst,3.3050802884530674
2018-05-15 21:00:00,etth1,HUFL,96,43,patchtst,3.2891830324860982
2018-05-15 22:00:00,etth1,HUFL,96,43,patchtst,3.361735601493329
2018-05-15 23:00:00,etth1,HUFL,96,43,patchtst,3.447613458767997
2018-05-16 00:00:00,etth1,HUFL,96,43,patchtst,3.699324293493173
2018-05-16 01:00:00,etth1,HUFL,96,43,patchtst,3.4451250745911612
2018-05-16 02:00:00,etth1,HUFL,96,43,patchtst,3.366343982214954
2018-05-16 03:00:00,etth1,HUFL,96,43,patchtst,3.3588702813158426
2018-05-16 04:00:00,etth1,HUFL,96,43,patchtst,3.4572077462450714
2018-05-16 05:00:00,etth1,HUFL,96,43,patchtst,3.4060476821604233
2018-05-16 06:00:00,etth1,HUFL,96,43,patchtst,3.432032899481371
2018-05-16 07:00:00,etth1,HUFL,96,43,patchtst,3.452679519444971
2018-05-16 08:00:00,etth1,HUFL,96,43,patchtst,3.641746017795707
2018-05-16 09:00:00,etth1,HUFL,96,43,patchtst,3.408052161037924
2018-05-16 10:00:00,etth1,HUFL,96,43,patchtst,3.6162050009683138
2018-05-16 11:00:00,etth1,HUFL,96,43,patchtst,3.6352956936958827
2018-05-16 12:00:00,etth1,HUFL,96,43,patchtst,3.869882465632266
2018-05-16 13:00:00,etth1,HUFL,96,43,patchtst,3.9817727908352283
2018-05-16 14:00:00,etth1,HUFL,96,43,patchtst,4.236199924126927
2018-05-16 15:00:00,etth1,HUFL,96,43,patchtst,4.48429299012447
2018-05-16 16:00:00,etth1,HUFL,96,43,patchtst,4.812567049741026
2018-05-16 17:00:00,etth1,HUFL,96,43,patchtst,4.834930697322196
2018-05-16 18:00:00,etth1,HUFL,96,43,patchtst,4.629169874224889
2018-05-16 19:00:00,etth1,HUFL,96,43,patchtst,4.5478550315488775
2018-05-16 20:00:00,etth1,HUFL,96,43,patchtst,4.578628440438761
2018-05-16 21:00:00,etth1,HUFL,96,43,patchtst,4.576671585182416
2018-05-16 22:00:00,etth1,HUFL,96,43,patchtst,4.77840896071545
2018-05-16 23:00:00,etth1,HUFL,96,43,patchtst,4.848045086160657
2018-05-17 00:00:00,etth1,HUFL,96,43,patchtst,4.8574347523749415
2018-05-17 01:00:00,etth1,HUFL,96,43,patchtst,4.6882575605512145
2018-05-17 02:00:00,etth1,HUFL,96,43,patchtst,4.597039032648858
2018-05-17 03:00:00,etth1,HUFL,96,43,patchtst,4.697057238984029
2018-05-17 04:00:00,etth1,HUFL,96,43,patchtst,4.710525929138348
2018-05-17 05:00:00,etth1,HUFL,96,43,patchtst,4.738330203786943
2018-05-17 06:00:00,etth1,HUFL,96,43,patchtst,4.7275862663886485
2018-05-17 07:00:00,etth1,HUFL,96,43,patchtst,4.525547223903925
2018-05-17 08:00:00,etth1,HUFL,96,43,patchtst,4.190161617000073
2018-05-17 09:00:00,etth1,HUFL,96,43,patchtst,4.241762888026076
2018-05-17 10:00:00,etth1,HUFL,96,43,patchtst,4.338101200777973
2018-05-17 11:00:00,etth1,HUFL,96,43,patchtst,4.595999651266929
2018-05-17 12:00:00,etth1,HUFL,96,43,patchtst,4.634858212997437
2018-05-17 13:00:00,etth1,HUFL,96,43,patchtst,4.56615839571453
2018-05-17 14:00:00,etth1,HUFL,96,43,patchtst,4.628131467212232
2018-05-17 15:00:00,etth1,HUFL,96,43,patchtst,4.8251205005694535
2018-05-17 16:00:00,etth1,HUFL,96,43,patchtst,5.063874632548047
2018-05-17 17:00:00,etth1,HUFL,96,43,patchtst,5.03767976174328
2018-05-17 18:00:00,etth1,HUFL,96,43,patchtst,4.924899096551741
2018-05-17 19:00:00,etth1,HUFL,96,43,patchtst,4.919925192653522
2018-05-17 20:00:00,etth1,HUFL,96,43,patchtst,5.003327828193927
2018-05-17 21:00:00,etth1,HUFL,96,43,patchtst,5.1390406219665
2018-05-17 22:00:00,etth1,HUFL,96,43,patchtst,5.422247176524896
2018-05-17 23:00:00,etth1,HUFL,96,43,patchtst,5.4743077813833905
2018-05-18 00:00:00,etth1,HUFL,96,43,patchtst,5.25155616958233
2018-05-18 01:00:00,etth1,HUFL,96,43,patchtst,5.070662564271605
2018-05-18 02:00:00,etth1,HUFL,96,43,patchtst,5.105268210529162
2018-05-18 03:00:00,etth1,HUFL,96,43,patchtst,5.219711558421508
2018-05-18 04:00:00,etth1,HUFL,96,43,patchtst,5.242818452791195
2018-05-18 05:00:00,etth1,HUFL,96,43,patchtst,5.311418815440816
2018-05-18 06:00:00,etth1,HUFL,96,43,patchtst,5.512072205554769
2018-05-18 07:00:00,etth1,HUFL,96,43,patchtst,5.235765574009118
2018-05-18 08:00:00,etth1,HUFL,96,43,patchtst,5.338746388617785
2018-05-18 09:00:00,etth1,HUFL,96,43,patchtst,4.719084601436225
2018-05-18 10:00:00,etth1,HUFL,96,43,patchtst,4.705129128766797
2018-05-18 11:00:00,etth1,HUFL,96,43,patchtst,4.810526493390868
2018-05-18 12:00:00,etth1,HUFL,96,43,patchtst,4.952112558429852
2018-05-18 13:00:00,etth1,HUFL,96,43,patchtst,5.021047369523771
2018-05-18 14:00:00,etth1,HUFL,96,43,patchtst,5.330565250422728
2018-05-18 15:00:00,etth1,HUFL,96,43,patchtst,5.266857887555976
2018-05-18 16:00:00,etth1,HUFL,96,43,patchtst,5.247567363154778
2018-05-18 17:00:00,etth1,HUFL,96,43,patchtst,4.983996103020683
2018-05-18 18:00:00,etth1,HUFL,96,43,patchtst,4.849413053149154
2018-05-18 19:00:00,etth1,HUFL,96,43,patchtst,4.822108254396952
2018-05-18 20:00:00,etth1,HUFL,96,43,patchtst,5.045694328888486
2018-05-18 21:00:00,etth1,HUFL,96,43,patchtst,5.057430921109861
2018-05-18 22:00:00,etth1,HUFL,96,43,patchtst,5.4118995729713575
2018-05-18 23:00:00,etth1,HUFL,96,43,patchtst,5.433567028290742
2018-05-19 00:00:00,etth1,HUFL,96,43,patchtst,5.46255864133025
2018-05-19 01:00:00,etth1,HUFL,96,43,patchtst,5.1085332878850265
2018-05-19 02:00:00,etth1,HUFL,96,43,patchtst,5.023832936525905
2018-05-19 03:00:00,etth1,HUFL,96,43,patchtst,5.054512946049857
2018-05-19 04:00:00,etth1,HUFL,96,43,patchtst,5.168398927073393
2018-05-19 05:00:00,etth1,HUFL,96,43,patchtst,5.2956282922738716
2018-05-19 06:00:00,etth1,HUFL,96,43,patchtst,5.3891144634775285
2018-05-19 07:00:00,etth1,HUFL,96,43,patchtst,4.913362555646647
2018-05-19 08:00:00,etth1,HUFL,96,43,patchtst,4.624213210539474
2018-05-19 09:00:00,etth1,HUFL,96,43,patchtst,4.252040888895394
2018-05-19 10:00:00,etth1,HUFL,96,43,patchtst,4.030719856116523
2018-05-19 11:00:00,etth1,HUFL,96,43,patchtst,3.9081495509103648
2018-05-19 12:00:00,etth1,HUFL,96,43,patchtst,3.705807670912104
2018-05-19 13:00:00,etth1,HUFL,96,43,patchtst,4.03276310711518
2018-05-19 14:00:00,etth1,HUFL,96,43,patchtst,4.4059061249166716
2018-05-19 15:00:00,etth1,HUFL,96,43,patchtst,4.325897739469816
2018-05-19 16:00:00,etth1,HUFL,96,43,patchtst,4.321976741557811
2018-05-19 17:00:00,etth1,HUFL,96,43,patchtst,4.316192066128418
2018-05-19 18:00:00,etth1,HUFL,96,43,patchtst,4.250842531901338
2018-05-19 19:00:00,etth1,HUFL,96,43,patchtst,4.283775864147075
2018-05-19 20:00:00,etth1,HUFL,96,43,patchtst,4.280741343011919
2018-05-19 21:00:00,etth1,HUFL,96,43,patchtst,4.39485227053751
2018-05-19 22:00:00,etth1,HUFL,96,43,patchtst,4.671664442917938
2018-05-19 23:00:00,etth1,HUFL,96,43,patchtst,4.758883078739713
2018-05-20 00:00:00,etth1,HUFL,96,43,patchtst,4.654698116806122
2018-05-20 01:00:00,etth1,HUFL,96,43,patchtst,4.617936158243078
2018-05-20 02:00:00,etth1,HUFL,96,43,patchtst,4.527700850439936
2018-05-20 03:00:00,etth1,HUFL,96,43,patchtst,4.5222498035429775
2018-05-20 04:00:00,etth1,HUFL,96,43,patchtst,4.571676368758898
2018-05-20 05:00:00,etth1,HUFL,96,43,patchtst,4.695690904448885
2018-05-20 06:00:00,etth1,HUFL,96,43,patchtst,4.9127832858656175
2018-05-20 07:00:00,etth1,HUFL,96,43,patchtst,4.8180964192845765
2018-05-20 08:00:00,etth1,HUFL,96,43,patchtst,4.602182376817263
2018-05-20 09:00:00,etth1,HUFL,96,43,patchtst,4.126519386582016
2018-05-20 10:00:00,etth1,HUFL,96,43,patchtst,3.7242514876131394
2018-05-20 11:00:00,etth1,HUFL,96,43,patchtst,3.6488149180977048
2018-05-20 12:00:00,etth1,HUFL,96,43,patchtst,3.5887613646095566
2018-05-20 13:00:00,etth1,HUFL,96,43,patchtst,3.914295057288301
2018-05-20 14:00:00,etth1,HUFL,96,43,patchtst,4.1339119425341755
2018-05-20 15:00:00,etth1,HUFL,96,43,patchtst,4.301504123015224
2018-05-20 16:00:00,etth1,HUFL,96,43,patchtst,4.276909184549013
2018-05-20 17:00:00,etth1,HUFL,96,43,patchtst,4.035254562177131
2018-05-20 18:00:00,etth1,HUFL,96,43,patchtst,3.9443707488733772
2018-05-20 19:00:00,etth1,HUFL,96,43,patchtst,4.074174477769102
2018-05-20 20:00:00,etth1,HUFL,96,43,patchtst,4.089406962776882
2018-05-20 21:00:00,etth1,HUFL,96,43,patchtst,4.017807425570049
2018-05-20 22:00:00,etth1,HUFL,96,43,patchtst,4.067261958383949
2018-05-20 23:00:00,etth1,HUFL,96,43,patchtst,4.095235465884386
2018-05-21 00:00:00,etth1,HUFL,96,43,patchtst,4.163887906456963
2018-05-21 01:00:00,etth1,HUFL,96,43,patchtst,4.061466669281412
2018-05-21 02:00:00,etth1,HUFL,96,43,patchtst,3.992829640474971
2018-05-21 03:00:00,etth1,HUFL,96,43,patchtst,4.07043729324154
2018-05-21 04:00:00,etth1,HUFL,96,43,patchtst,4.03445386161647
2018-05-21 05:00:00,etth1,HUFL,96,43,patchtst,4.1870911590103645
2018-05-21 06:00:00,etth1,HUFL,96,43,patchtst,4.223991840854165
2018-05-21 07:00:00,etth1,HUFL,96,43,patchtst,4.059049392444517
2018-05-21 08:00:00,etth1,HUFL,96,43,patchtst,3.9514238967606103
2018-05-21 09:00:00,etth1,HUFL,96,43,patchtst,3.830294885861686
2018-05-21 10:00:00,etth1,HUFL,96,43,patchtst,3.761233756171219
2018-05-21 11:00:00,etth1,HUFL,96,43,patchtst,3.7191761746852117
2018-05-21 12:00:00,etth1,HUFL,96,43,patchtst,3.567698139232284
2018-05-21 13:00:00,etth1,HUFL,96,43,patchtst,3.73687428115106
2018-05-21 14:00:00,etth1,HUFL,96,43,patchtst,3.74147795115637
2018-05-21 15:00:00,etth1,HUFL,96,43,patchtst,3.7625968459523427
2018-05-21 16:00:00,etth1,HUFL,96,43,patchtst,3.830092360404264
2018-05-21 17:00:00,etth1,HUFL,96,43,patchtst,3.66385973301711
2018-05-21 18:00:00,etth1,HUFL,96,43,patchtst,3.778278402867793
2018-05-21 19:00:00,etth1,HUFL,96,43,patchtst,3.747950050282846
2018-05-21 20:00:00,etth1,HUFL,96,43,patchtst,3.7513549810340607
2018-05-21 21:00:00,etth1,HUFL,96,43,patchtst,3.8377404633514494
2018-05-21 22:00:00,etth1,HUFL,96,43,patchtst,3.709945857258161
2018-05-21 23:00:00,etth1,HUFL,96,43,patchtst,3.7998270862818813
2018-05-22 00:00:00,etth1,HUFL,96,43,patchtst,3.7216189748786603
2018-05-22 01:00:00,etth1,HUFL,96,43,patchtst,3.6696030895261025
2018-05-22 02:00:00,etth1,HUFL,96,43,patchtst,3.725728330244228
2018-05-22 03:00:00,etth1,HUFL,96,43,patchtst,3.8687411528861038
2018-05-22 04:00:00,etth1,HUFL,96,43,patchtst,3.733024797784696
2018-05-22 05:00:00,etth1,HUFL,96,43,patchtst,3.811555350114736
2018-05-22 06:00:00,etth1,HUFL,96,43,patchtst,3.8373718780407677
2018-05-22 07:00:00,etth1,HUFL,96,43,patchtst,3.7545712007119865
2018-05-22 08:00:00,etth1,HUFL,96,43,patchtst,3.6875228129258733
2018-05-22 09:00:00,etth1,HUFL,96,43,patchtst,3.649364009846053
2018-05-22 10:00:00,etth1,HUFL,96,43,patchtst,4.004668356898968
2018-05-22 11:00:00,etth1,HUFL,96,43,patchtst,4.429402964902364
2018-05-22 12:00:00,etth1,HUFL,96,43,patchtst,4.18130048113722
2018-05-22 13:00:00,etth1,HUFL,96,43,patchtst,4.20939648456645
2018-05-22 14:00:00,etth1,HUFL,96,43,patchtst,4.250864936570973
2018-05-22 15:00:00,etth1,HUFL,96,43,patchtst,4.2970045432257855
2018-05-22 16:00:00,etth1,HUFL,96,43,patchtst,3.9952973702335286
2018-05-22 17:00:00,etth1,HUFL,96,43,patchtst,3.969255130567102
2018-05-22 18:00:00,etth1,HUFL,96,43,patchtst,3.9668943512156445
2018-05-22 19:00:00,etth1,HUFL,96,43,patchtst,3.8948684247656615
2018-05-22 20:00:00,etth1,HUFL,96,43,patchtst,3.781875441842479
2018-05-22 21:00:00,etth1,HUFL,96,43,patchtst,3.961460959785692
2018-05-22 22:00:00,etth1,HUFL,96,43,patchtst,3.9894063508197335
2018-05-22 23:00:00,etth1,HUFL,96,43,patchtst,3.9956785147289238
2018-05-23 00:00:00,etth1,HUFL,96,43,patchtst,4.033806876247685
2018-05-23 01:00:00,etth1,HUFL,96,43,patchtst,4.03593332755536
2018-05-23 02:00:00,etth1,HUFL,96,43,patchtst,4.0728719614653714
2018-05-23 03:00:00,etth1,HUFL,96,43,patchtst,4.099296200371126
2018-05-23 04:00:00,etth1,HUFL,96,43,patchtst,4.13270060612634
2018-05-23 05:00:00,etth1,HUFL,96,43,patchtst,4.262499455411476
2018-05-23 06:00:00,etth1,HUFL,96,43,patchtst,4.268489625683717
2018-05-23 07:00:00,etth1,HUFL,96,43,patchtst,4.01708080090603
2018-05-23 08:00:00,etth1,HUFL,96,43,patchtst,3.4150689281062943
2018-05-23 09:00:00,etth1,HUFL,96,43,patchtst,2.8530976165050124
2018-05-23 10:00:00,etth1,HUFL,96,43,patchtst,2.9105424584229396
2018-05-23 11:00:00,etth1,HUFL,96,43,patchtst,2.848134506903881
2018-05-23 12:00:00,etth1,HUFL,96,43,patchtst,2.9334510357119115
2018-05-23 13:00:00,etth1,HUFL,96,43,patchtst,3.0405836676265388
2018-05-23 14:00:00,etth1,HUFL,96,43,patchtst,2.9468317727895923
2018-05-23 15:00:00,etth1,HUFL,96,43,patchtst,2.636538308182356
2018-05-23 16:00:00,etth1,HUFL,96,43,patchtst,2.855706527420304
2018-05-23 17:00:00,etth1,HUFL,96,43,patchtst,2.8166669579935566
2018-05-23 18:00:00,etth1,HUFL,96,43,patchtst,3.0170321773908095
2018-05-23 19:00:00,etth1,HUFL,96,43,patchtst,3.0138190291751754
2018-05-23 20:00:00,etth1,HUFL,96,43,patchtst,3.125160956959815
2018-05-23 21:00:00,etth1,HUFL,96,43,patchtst,3.117707462540782
2018-05-23 22:00:00,etth1,HUFL,96,43,patchtst,3.1329113628201184
2018-05-23 23:00:00,etth1,HUFL,96,43,patchtst,3.047631010486942
2018-05-24 00:00:00,etth1,HUFL,96,43,patchtst,3.1599853994514366
2018-05-24 01:00:00,etth1,HUFL,96,43,patchtst,2.9839841787054056
2018-05-24 02:00:00,etth1,HUFL,96,43,patchtst,2.9432543831039255
2018-05-24 03:00:00,etth1,HUFL,96,43,patchtst,2.841590378185849
2018-05-24 04:00:00,etth1,HUFL,96,43,patchtst,2.973842871978334
2018-05-24 05:00:00,etth1,HUFL,96,43,patchtst,2.9817747021072
2018-05-24 06:00:00,etth1,HUFL,96,43,patchtst,3.023886718175755
2018-05-24 07:00:00,etth1,HUFL,96,43,patchtst,3.014544735469577
2018-05-24 08:00:00,etth1,HUFL,96,43,patchtst,3.1821852084222377
2018-05-24 09:00:00,etth1,HUFL,96,43,patchtst,2.625652389537896
2018-05-24 10:00:00,etth1,HUFL,96,43,patchtst,2.7239762745160454
2018-05-24 11:00:00,etth1,HUFL,96,43,patchtst,2.6081331904590983
2018-05-24 12:00:00,etth1,HUFL,96,43,patchtst,2.8944565472786397
2018-05-24 13:00:00,etth1,HUFL,96,43,patchtst,2.461733422172664
2018-05-24 14:00:00,etth1,HUFL,96,43,patchtst,2.2845044897267583
2018-05-24 15:00:00,etth1,HUFL,96,43,patchtst,2.354093893036227
2018-05-24 16:00:00,etth1,HUFL,96,43,patchtst,2.41675185742629
2018-05-24 17:00:00,etth1,HUFL,96,43,patchtst,2.4671216782666883
2018-05-24 18:00:00,etth1,HUFL,96,43,patchtst,2.645169599867858
2018-05-24 19:00:00,etth1,HUFL,96,43,patchtst,2.483525333505438
2018-05-24 20:00:00,etth1,HUFL,96,43,patchtst,2.5928364482396318
2018-05-24 21:00:00,etth1,HUFL,96,43,patchtst,2.581626163471737
2018-05-24 22:00:00,etth1,HUFL,96,43,patchtst,2.7923782334806426
2018-05-24 23:00:00,etth1,HUFL,96,43,patchtst,2.7896674298620403
2018-05-25 00:00:00,etth1,HUFL,96,43,patchtst,3.0621925148861826
2018-05-25 01:00:00,etth1,HUFL,96,43,patchtst,2.851452830500112
2018-05-25 02:00:00,etth1,HUFL,96,43,patchtst,2.7758531306964493
2018-05-25 03:00:00,etth1,HUFL,96,43,patchtst,2.785466896696324
2018-05-25 04:00:00,etth1,HUFL,96,43,patchtst,2.820417134389944
2018-05-25 05:00:00,etth1,HUFL,96,43,patchtst,2.7583502877231196
2018-05-25 06:00:00,etth1,HUFL,96,43,patchtst,2.802036467283415
2018-05-25 07:00:00,etth1,HUFL,96,43,patchtst,2.8259224858498455
2018-05-25 08:00:00,etth1,HUFL,96,43,patchtst,2.8380916556147144
2018-05-25 09:00:00,etth1,HUFL,96,43,patchtst,2.5518931714945645
2018-05-25 10:00:00,etth1,HUFL,96,43,patchtst,2.3775884807504455
2018-05-25 11:00:00,etth1,HUFL,96,43,patchtst,2.3175761231844496
2018-05-25 12:00:00,etth1,HUFL,96,43,patchtst,2.6812312713056072
2018-05-25 13:00:00,etth1,HUFL,96,43,patchtst,3.1220778783280756
2018-05-25 14:00:00,etth1,HUFL,96,43,patchtst,2.8020001930461267
2018-05-25 15:00:00,etth1,HUFL,96,43,patchtst,2.940349714940698
2018-05-25 16:00:00,etth1,HUFL,96,43,patchtst,2.893925958927909
2018-05-25 17:00:00,etth1,HUFL,96,43,patchtst,2.8194446506116098
2018-05-25 18:00:00,etth1,HUFL,96,43,patchtst,2.68704571645236
2018-05-25 19:00:00,etth1,HUFL,96,43,patchtst,2.734970506728151
2018-05-25 20:00:00,etth1,HUFL,96,43,patchtst,2.9103236396510277
2018-05-25 21:00:00,etth1,HUFL,96,43,patchtst,2.9192091170410595
2018-05-25 22:00:00,etth1,HUFL,96,43,patchtst,3.1011871373479933
2018-05-25 23:00:00,etth1,HUFL,96,43,patchtst,3.1587380222089987
2018-05-26 00:00:00,etth1,HUFL,96,43,patchtst,3.2739118693615783
2018-05-26 01:00:00,etth1,HUFL,96,43,patchtst,3.024048950279763
2018-05-26 02:00:00,etth1,HUFL,96,43,patchtst,2.9352913495011115
2018-05-26 03:00:00,etth1,HUFL,96,43,patchtst,3.028432472705239
2018-05-26 04:00:00,etth1,HUFL,96,43,patchtst,3.0304369742695036
2018-05-26 05:00:00,etth1,HUFL,96,43,patchtst,2.9741862039958455
2018-05-26 06:00:00,etth1,HUFL,96,43,patchtst,3.1489406704962484
2018-05-26 07:00:00,etth1,HUFL,96,43,patchtst,3.1616039296712994
2018-05-26 08:00:00,etth1,HUFL,96,43,patchtst,2.884630984821513
2018-05-26 09:00:00,etth1,HUFL,96,43,patchtst,2.6710006138924847
2018-05-26 10:00:00,etth1,HUFL,96,43,patchtst,2.370605076983184
2018-05-26 11:00:00,etth1,HUFL,96,43,patchtst,2.366037311100284
2018-05-26 12:00:00,etth1,HUFL,96,43,patchtst,2.4679625089559742
2018-05-26 13:00:00,etth1,HUFL,96,43,patchtst,2.573210554952701
2018-05-26 14:00:00,etth1,HUFL,96,43,patchtst,2.8451672618988404
2018-05-26 15:00:00,etth1,HUFL,96,43,patchtst,2.933473977517598
2018-05-26 16:00:00,etth1,HUFL,96,43,patchtst,2.8296831448221123
2018-05-26 17:00:00,etth1,HUFL,96,43,patchtst,2.7490935516674013
2018-05-26 18:00:00,etth1,HUFL,96,43,patchtst,2.585971436464909
2018-05-26 19:00:00,etth1,HUFL,96,43,patchtst,2.5587957250199103
2018-05-26 20:00:00,etth1,HUFL,96,43,patchtst,2.5948425136501814
2018-05-26 21:00:00,etth1,HUFL,96,43,patchtst,2.54862806557357
2018-05-26 22:00:00,etth1,HUFL,96,43,patchtst,2.7388687526916566
2018-05-26 23:00:00,etth1,HUFL,96,43,patchtst,2.973783861429825
2018-05-27 00:00:00,etth1,HUFL,96,43,patchtst,3.084049970261324
2018-05-27 01:00:00,etth1,HUFL,96,43,patchtst,2.961837352180632
2018-05-27 02:00:00,etth1,HUFL,96,43,patchtst,2.7667618623186634
2018-05-27 03:00:00,etth1,HUFL,96,43,patchtst,2.647358559364969
2018-05-27 04:00:00,etth1,HUFL,96,43,patchtst,2.6698408310607356
2018-05-27 05:00:00,etth1,HUFL,96,43,patchtst,2.5049537900547567
2018-05-27 06:00:00,etth1,HUFL,96,43,patchtst,2.661808222305299
2018-05-27 07:00:00,etth1,HUFL,96,43,patchtst,2.8001565447891337
2018-05-27 08:00:00,etth1,HUFL,96,43,patchtst,2.835396617337196
2018-05-27 09:00:00,etth1,HUFL,96,43,patchtst,2.809125559522704
2018-05-27 10:00:00,etth1,HUFL,96,43,patchtst,2.5761460539738534
2018-05-27 11:00:00,etth1,HUFL,96,43,patchtst,2.729001057152747
2018-05-27 12:00:00,etth1,HUFL,96,43,patchtst,2.9736300024083797
2018-05-27 13:00:00,etth1,HUFL,96,43,patchtst,3.259322830627776
2018-05-27 14:00:00,etth1,HUFL,96,43,patchtst,3.2289216416647477
2018-05-27 15:00:00,etth1,HUFL,96,43,patchtst,3.385593529286458
2018-05-27 16:00:00,etth1,HUFL,96,43,patchtst,3.319780920532518
2018-05-27 17:00:00,etth1,HUFL,96,43,patchtst,3.439342675460331
2018-05-27 18:00:00,etth1,HUFL,96,43,patchtst,3.562086458299495
2018-05-27 19:00:00,etth1,HUFL,96,43,patchtst,3.6794098386882435
2018-05-27 20:00:00,etth1,HUFL,96,43,patchtst,4.024309997348687
2018-05-27 21:00:00,etth1,HUFL,96,43,patchtst,3.949614880968466
2018-05-27 22:00:00,etth1,HUFL,96,43,patchtst,4.20953881796537
2018-05-27 23:00:00,etth1,HUFL,96,43,patchtst,4.359694507403824
2018-05-28 00:00:00,etth1,HUFL,96,43,patchtst,4.442981663587646
2018-05-28 01:00:00,etth1,HUFL,96,43,patchtst,4.291537490563158
2018-05-28 02:00:00,etth1,HUFL,96,43,patchtst,4.077540727978162
2018-05-28 03:00:00,etth1,HUFL,96,43,patchtst,4.098293381560221
2018-05-28 04:00:00,etth1,HUFL,96,43,patchtst,4.053474761385659
2018-05-28 05:00:00,etth1,HUFL,96,43,patchtst,3.912325684470183
2018-05-28 06:00:00,etth1,HUFL,96,43,patchtst,4.325893801046673
2018-05-28 07:00:00,etth1,HUFL,96,43,patchtst,4.443645060124475
2018-05-28 08:00:00,etth1,HUFL,96,43,patchtst,4.085635733648689
2018-05-28 09:00:00,etth1,HUFL,96,43,patchtst,3.79075756849845
2018-05-28 10:00:00,etth1,HUFL,96,43,patchtst,3.6112674718792874
2018-05-28 11:00:00,etth1,HUFL,96,43,patchtst,3.580003304928766
2018-05-28 12:00:00,etth1,HUFL,96,43,patchtst,3.661680012084311
2018-05-28 13:00:00,etth1,HUFL,96,43,patchtst,3.711281418549644
2018-05-28 14:00:00,etth1,HUFL,96,43,patchtst,3.919159461962687
2018-05-28 15:00:00,etth1,HUFL,96,43,patchtst,4.064832704109344
2018-05-28 16:00:00,etth1,HUFL,96,43,patchtst,4.0892019312867385
2018-05-28 17:00:00,etth1,HUFL,96,43,patchtst,4.241371006673522
2018-05-28 18:00:00,etth1,HUFL,96,43,patchtst,4.1027921022377445
2018-05-28 19:00:00,etth1,HUFL,96,43,patchtst,4.249523213530424
2018-05-28 20:00:00,etth1,HUFL,96,43,patchtst,4.304805347143183
2018-05-28 21:00:00,etth1,HUFL,96,43,patchtst,4.182367230740827
2018-05-28 22:00:00,etth1,HUFL,96,43,patchtst,4.1210340212392955
2018-05-28 23:00:00,etth1,HUFL,96,43,patchtst,4.241981481790824
2018-05-29 00:00:00,etth1,HUFL,96,43,patchtst,4.3186691443368455
2018-05-29 01:00:00,etth1,HUFL,96,43,patchtst,4.213646141250185
2018-05-29 02:00:00,etth1,HUFL,96,43,patchtst,4.078442291425716
2018-05-29 03:00:00,etth1,HUFL,96,43,patchtst,4.057705829574425
2018-05-29 04:00:00,etth1,HUFL,96,43,patchtst,4.051600993644158
2018-05-29 05:00:00,etth1,HUFL,96,43,patchtst,4.0356099078117245
2018-05-29 06:00:00,etth1,HUFL,96,43,patchtst,4.034263509218409
2018-05-29 07:00:00,etth1,HUFL,96,43,patchtst,4.037819459977698
2018-05-29 08:00:00,etth1,HUFL,96,43,patchtst,3.855426287281004
2018-05-29 09:00:00,etth1,HUFL,96,43,patchtst,3.75604675532415
2018-05-29 10:00:00,etth1,HUFL,96,43,patchtst,3.548462443305212
2018-05-29 11:00:00,etth1,HUFL,96,43,patchtst,3.4335726660165236
2018-05-29 12:00:00,etth1,HUFL,96,43,patchtst,3.283577879487202
2018-05-29 13:00:00,etth1,HUFL,96,43,patchtst,3.2925618492676443
2018-05-29 14:00:00,etth1,HUFL,96,43,patchtst,3.3212401948705583
2018-05-29 15:00:00,etth1,HUFL,96,43,patchtst,3.3803911134628186
2018-05-29 16:00:00,etth1,HUFL,96,43,patchtst,3.4197270444659136
2018-05-29 17:00:00,etth1,HUFL,96,43,patchtst,3.4285130870344385
2018-05-29 18:00:00,etth1,HUFL,96,43,patchtst,3.465854612208149
2018-05-29 19:00:00,etth1,HUFL,96,43,patchtst,3.5612295873818183
2018-05-29 20:00:00,etth1,HUFL,96,43,patchtst,3.6226419535984404
2018-05-29 21:00:00,etth1,HUFL,96,43,patchtst,3.62464654734069
2018-05-29 22:00:00,etth1,HUFL,96,43,patchtst,3.5095856119134385
2018-05-29 23:00:00,etth1,HUFL,96,43,patchtst,3.505287826532562
2018-05-30 00:00:00,etth1,HUFL,96,43,patchtst,3.521775064556803
2018-05-30 01:00:00,etth1,HUFL,96,43,patchtst,3.567429106874066
2018-05-30 02:00:00,etth1,HUFL,96,43,patchtst,3.5859524217320318
2018-05-30 03:00:00,etth1,HUFL,96,43,patchtst,3.62164932829049
2018-05-30 04:00:00,etth1,HUFL,96,43,patchtst,3.5704787994471445
2018-05-30 05:00:00,etth1,HUFL,96,43,patchtst,3.545831262277081
2018-05-30 06:00:00,etth1,HUFL,96,43,patchtst,3.480167561603096
2018-05-30 07:00:00,etth1,HUFL,96,43,patchtst,3.5370777141293925
2018-05-30 08:00:00,etth1,HUFL,96,43,patchtst,3.5340314360735143
2018-05-30 09:00:00,etth1,HUFL,96,43,patchtst,3.579386001673511
2018-05-30 10:00:00,etth1,HUFL,96,43,patchtst,3.6921941557227704
2018-05-30 11:00:00,etth1,HUFL,96,43,patchtst,3.820284077308655
2018-05-30 12:00:00,etth1,HUFL,96,43,patchtst,4.033486404843749
2018-05-30 13:00:00,etth1,HUFL,96,43,patchtst,4.035163091672008
2018-05-30 14:00:00,etth1,HUFL,96,43,patchtst,3.9573471370172797
2018-05-30 15:00:00,etth1,HUFL,96,43,patchtst,4.01809007211626
2018-05-30 16:00:00,etth1,HUFL,96,43,patchtst,4.247347683190173
2018-05-30 17:00:00,etth1,HUFL,96,43,patchtst,4.187173608802016
2018-05-30 18:00:00,etth1,HUFL,96,43,patchtst,4.390279176021976
2018-05-30 19:00:00,etth1,HUFL,96,43,patchtst,4.455491433622307
2018-05-30 20:00:00,etth1,HUFL,96,43,patchtst,4.3503960219817
2018-05-30 21:00:00,etth1,HUFL,96,43,patchtst,4.415464747336857
2018-05-30 22:00:00,etth1,HUFL,96,43,patchtst,4.2946958693031005
2018-05-30 23:00:00,etth1,HUFL,96,43,patchtst,4.116755742879241
2018-05-31 00:00:00,etth1,HUFL,96,43,patchtst,4.093185194749304
2018-05-31 01:00:00,etth1,HUFL,96,43,patchtst,4.135050873983395
2018-05-31 02:00:00,etth1,HUFL,96,43,patchtst,4.275608685306029
2018-05-31 03:00:00,etth1,HUFL,96,43,patchtst,4.419938117595643
2018-05-31 04:00:00,etth1,HUFL,96,43,patchtst,4.219300823375263
2018-05-31 05:00:00,etth1,HUFL,96,43,patchtst,4.3312852809568705
2018-05-31 06:00:00,etth1,HUFL,96,43,patchtst,4.265905521824618
2018-05-31 07:00:00,etth1,HUFL,96,43,patchtst,4.18380630133958
2018-05-31 08:00:00,etth1,HUFL,96,43,patchtst,4.122152280127795
2018-05-31 09:00:00,etth1,HUFL,96,43,patchtst,4.131211768628418
2018-05-31 10:00:00,etth1,HUFL,96,43,patchtst,4.323445867069801
2018-05-31 11:00:00,etth1,HUFL,96,43,patchtst,4.704183367152062
2018-05-31 12:00:00,etth1,HUFL,96,43,patchtst,4.6751201090090655
2018-05-31 13:00:00,etth1,HUFL,96,43,patchtst,5.0732081445914785
2018-05-31 14:00:00,etth1,HUFL,96,43,patchtst,5.21485881165713
2018-05-31 15:00:00,etth1,HUFL,96,43,patchtst,5.017405197087918
2018-05-31 16:00:00,etth1,HUFL,96,43,patchtst,4.883355883346787
2018-05-31 17:00:00,etth1,HUFL,96,43,patchtst,4.899948167911529
2018-05-31 18:00:00,etth1,HUFL,96,43,patchtst,5.280518959435001
2018-05-31 19:00:00,etth1,HUFL,96,43,patchtst,5.416092737881087
2018-05-31 20:00:00,etth1,HUFL,96,43,patchtst,5.060304158534097
2018-05-31 21:00:00,etth1,HUFL,96,43,patchtst,5.276832915053959
2018-05-31 22:00:00,etth1,HUFL,96,43,patchtst,5.368935816587843
2018-05-31 23:00:00,etth1,HUFL,96,43,patchtst,4.937006445171771
2018-06-01 00:00:00,etth1,HUFL,96,43,patchtst,4.798104491816883
2018-06-01 01:00:00,etth1,HUFL,96,43,patchtst,4.712730777437346
2018-06-01 02:00:00,etth1,HUFL,96,43,patchtst,4.928911991057768
2018-06-01 03:00:00,etth1,HUFL,96,43,patchtst,5.033659268525802
2018-06-01 04:00:00,etth1,HUFL,96,43,patchtst,4.814550814530606
2018-06-01 05:00:00,etth1,HUFL,96,43,patchtst,4.816293169488516
2018-06-01 06:00:00,etth1,HUFL,96,43,patchtst,4.835663176005759
2018-06-01 07:00:00,etth1,HUFL,96,43,patchtst,4.337899914111971
2018-06-01 08:00:00,etth1,HUFL,96,43,patchtst,4.016130654140138
2018-06-01 09:00:00,etth1,HUFL,96,43,patchtst,3.7019045296589836
2018-06-01 10:00:00,etth1,HUFL,96,43,patchtst,3.32692834393395
2018-06-01 11:00:00,etth1,HUFL,96,43,patchtst,3.1079376999491193
2018-06-01 12:00:00,etth1,HUFL,96,43,patchtst,3.0120993539811387
2018-06-01 13:00:00,etth1,HUFL,96,43,patchtst,2.975797751627273
2018-06-01 14:00:00,etth1,HUFL,96,43,patchtst,2.7532471976507047
2018-06-01 15:00:00,etth1,HUFL,96,43,patchtst,2.5691161535062284
2018-06-01 16:00:00,etth1,HUFL,96,43,patchtst,2.596794413467364
2018-06-01 17:00:00,etth1,HUFL,96,43,patchtst,2.749667220474152
2018-06-01 18:00:00,etth1,HUFL,96,43,patchtst,2.8113372867472997
2018-06-01 19:00:00,etth1,HUFL,96,43,patchtst,2.938426088416961
2018-06-01 20:00:00,etth1,HUFL,96,43,patchtst,2.902105874354593
2018-06-01 21:00:00,etth1,HUFL,96,43,patchtst,2.8646351773227683
2018-06-01 22:00:00,etth1,HUFL,96,43,patchtst,2.712481701134895
2018-06-01 23:00:00,etth1,HUFL,96,43,patchtst,2.657146220988896
2018-06-02 00:00:00,etth1,HUFL,96,43,patchtst,2.7755496224555665
2018-06-02 01:00:00,etth1,HUFL,96,43,patchtst,2.7799680212721274
2018-06-02 02:00:00,etth1,HUFL,96,43,patchtst,3.03626996958585
2018-06-02 03:00:00,etth1,HUFL,96,43,patchtst,2.9776286951038338
2018-06-02 04:00:00,etth1,HUFL,96,43,patchtst,2.8023526642167553
2018-06-02 05:00:00,etth1,HUFL,96,43,patchtst,2.790679273216091
2018-06-02 06:00:00,etth1,HUFL,96,43,patchtst,2.895263646202252
2018-06-02 07:00:00,etth1,HUFL,96,43,patchtst,2.7547991824176834
2018-06-02 08:00:00,etth1,HUFL,96,43,patchtst,2.944244345966005
2018-06-02 09:00:00,etth1,HUFL,96,43,patchtst,3.0217298652129077
2018-06-02 10:00:00,etth1,HUFL,96,43,patchtst,3.261145993623432
2018-06-02 11:00:00,etth1,HUFL,96,43,patchtst,3.2541549870612094
2018-06-02 12:00:00,etth1,HUFL,96,43,patchtst,3.3357411349773094
2018-06-02 13:00:00,etth1,HUFL,96,43,patchtst,3.519772727917738
2018-06-02 14:00:00,etth1,HUFL,96,43,patchtst,3.3415284520851642
2018-06-02 15:00:00,etth1,HUFL,96,43,patchtst,3.230670260147265
2018-06-02 16:00:00,etth1,HUFL,96,43,patchtst,3.353557269389091
2018-06-02 17:00:00,etth1,HUFL,96,43,patchtst,3.582854359522392
2018-06-02 18:00:00,etth1,HUFL,96,43,patchtst,3.6878627420460943
2018-06-02 19:00:00,etth1,HUFL,96,43,patchtst,3.5811110008868403
2018-06-02 20:00:00,etth1,HUFL,96,43,patchtst,3.5279961886993774
2018-06-02 21:00:00,etth1,HUFL,96,43,patchtst,3.4646433739420086
2018-06-02 22:00:00,etth1,HUFL,96,43,patchtst,3.2357212396866366
2018-06-02 23:00:00,etth1,HUFL,96,43,patchtst,3.2112523571341534
2018-06-03 00:00:00,etth1,HUFL,96,43,patchtst,3.2610536742507903
2018-06-03 01:00:00,etth1,HUFL,96,43,patchtst,3.3762237353703455
2018-06-03 02:00:00,etth1,HUFL,96,43,patchtst,3.533911187810966
2018-06-03 03:00:00,etth1,HUFL,96,43,patchtst,3.5343751363212923
2018-06-03 04:00:00,etth1,HUFL,96,43,patchtst,3.4292309776899597
2018-06-03 05:00:00,etth1,HUFL,96,43,patchtst,3.467678788327119
2018-06-03 06:00:00,etth1,HUFL,96,43,patchtst,3.382976789765273
2018-06-03 07:00:00,etth1,HUFL,96,43,patchtst,3.176294133391128
2018-06-03 08:00:00,etth1,HUFL,96,43,patchtst,3.5532250863940433
2018-06-03 09:00:00,etth1,HUFL,96,43,patchtst,3.330842094157069
2018-06-03 10:00:00,etth1,HUFL,96,43,patchtst,3.2681383059016116
2018-06-03 11:00:00,etth1,HUFL,96,43,patchtst,3.1615043132160126
2018-06-03 12:00:00,etth1,HUFL,96,43,patchtst,2.9063297117978215
2018-06-03 13:00:00,etth1,HUFL,96,43,patchtst,2.8760064352304675
2018-06-03 14:00:00,etth1,HUFL,96,43,patchtst,2.785546543352201
2018-06-03 15:00:00,etth1,HUFL,96,43,patchtst,2.576451157734351
2018-06-03 16:00:00,etth1,HUFL,96,43,patchtst,2.8340504948967165
2018-06-03 17:00:00,etth1,HUFL,96,43,patchtst,2.826053587778451
2018-06-03 18:00:00,etth1,HUFL,96,43,patchtst,2.7741405799847243
2018-06-03 19:00:00,etth1,HUFL,96,43,patchtst,2.823839413982398
2018-06-03 20:00:00,etth1,HUFL,96,43,patchtst,2.8229860100200157
2018-06-03 21:00:00,etth1,HUFL,96,43,patchtst,2.7957918882640485
2018-06-03 22:00:00,etth1,HUFL,96,43,patchtst,2.687631207566952
2018-06-03 23:00:00,etth1,HUFL,96,43,patchtst,2.5623039793906517
2018-06-04 00:00:00,etth1,HUFL,96,43,patchtst,2.608281310838368
2018-06-04 01:00:00,etth1,HUFL,96,43,patchtst,2.839514724914866
2018-06-04 02:00:00,etth1,HUFL,96,43,patchtst,2.7708041861564126
2018-06-04 03:00:00,etth1,HUFL,96,43,patchtst,2.773957141654828
2018-06-04 04:00:00,etth1,HUFL,96,43,patchtst,2.6989336092765908
2018-06-04 05:00:00,etth1,HUFL,96,43,patchtst,2.65813689120133
2018-06-04 06:00:00,etth1,HUFL,96,43,patchtst,2.687749673848598
2018-06-04 07:00:00,etth1,HUFL,96,43,patchtst,2.6485692642126444
2018-06-04 08:00:00,etth1,HUFL,96,43,patchtst,2.769185924940006
2018-06-04 09:00:00,etth1,HUFL,96,43,patchtst,2.870484981077317
2018-06-04 10:00:00,etth1,HUFL,96,43,patchtst,2.9095746126650504
2018-06-04 11:00:00,etth1,HUFL,96,43,patchtst,3.0875395515171
2018-06-04 12:00:00,etth1,HUFL,96,43,patchtst,3.306210129143897
2018-06-04 13:00:00,etth1,HUFL,96,43,patchtst,3.341991350210389
2018-06-04 14:00:00,etth1,HUFL,96,43,patchtst,3.240045434630415
2018-06-04 15:00:00,etth1,HUFL,96,43,patchtst,3.0716743986357993
2018-06-04 16:00:00,etth1,HUFL,96,43,patchtst,2.937446621909867
2018-06-04 17:00:00,etth1,HUFL,96,43,patchtst,2.9512077298014243
2018-06-04 18:00:00,etth1,HUFL,96,43,patchtst,2.924257399362953
2018-06-04 19:00:00,etth1,HUFL,96,43,patchtst,2.91684083076519
2018-06-04 20:00:00,etth1,HUFL,96,43,patchtst,2.912134075858702
2018-06-04 21:00:00,etth1,HUFL,96,43,patchtst,2.9643914101349753
2018-06-04 22:00:00,etth1,HUFL,96,43,patchtst,2.8231918470194706
2018-06-04 23:00:00,etth1,HUFL,96,43,patchtst,2.8375563636859695
2018-06-05 00:00:00,etth1,HUFL,96,43,patchtst,2.8652856128164594
2018-06-05 01:00:00,etth1,HUFL,96,43,patchtst,2.851721927721902
2018-06-05 02:00:00,etth1,HUFL,96,43,patchtst,2.9141552154025163
2018-06-05 03:00:00,etth1,HUFL,96,43,patchtst,2.9387100729520825
2018-06-05 04:00:00,etth1,HUFL,96,43,patchtst,2.933204192684563
2018-06-05 05:00:00,etth1,HUFL,96,43,patchtst,2.9947377578663605
2018-06-05 06:00:00,etth1,HUFL,96,43,patchtst,2.909581208359869
2018-06-05 07:00:00,etth1,HUFL,96,43,patchtst,2.8098621745103025
2018-06-05 08:00:00,etth1,HUFL,96,43,patchtst,2.829037852904977
2018-06-05 09:00:00,etth1,HUFL,96,43,patchtst,3.0662109242239866
2018-06-05 10:00:00,etth1,HUFL,96,43,patchtst,3.1823716215053133
2018-06-05 11:00:00,etth1,HUFL,96,43,patchtst,3.3361315253299875
2018-06-05 12:00:00,etth1,HUFL,96,43,patchtst,3.6780138862664806
2018-06-05 13:00:00,etth1,HUFL,96,43,patchtst,3.987793612325524
2018-06-05 14:00:00,etth1,HUFL,96,43,patchtst,3.9840042503402096
2018-06-05 15:00:00,etth1,HUFL,96,43,patchtst,3.872747406828219
2018-06-05 16:00:00,etth1,HUFL,96,43,patchtst,3.659612718017423
2018-06-05 17:00:00,etth1,HUFL,96,43,patchtst,3.6696821584066903
2018-06-05 18:00:00,etth1,HUFL,96,43,patchtst,3.4904802037089566
2018-06-05 19:00:00,etth1,HUFL,96,43,patchtst,3.549006629272451
2018-06-05 20:00:00,etth1,HUFL,96,43,patchtst,3.4571866073622233
2018-06-05 21:00:00,etth1,HUFL,96,43,patchtst,3.480923433141234
2018-06-05 22:00:00,etth1,HUFL,96,43,patchtst,3.482996368202238
2018-06-05 23:00:00,etth1,HUFL,96,43,patchtst,3.5090576332261314
2018-06-06 00:00:00,etth1,HUFL,96,43,patchtst,3.6129974748872384
2018-06-06 01:00:00,etth1,HUFL,96,43,patchtst,3.5897364295166736
2018-06-06 02:00:00,etth1,HUFL,96,43,patchtst,3.4817284806725604
2018-06-06 03:00:00,etth1,HUFL,96,43,patchtst,3.3877624159465776
2018-06-06 04:00:00,etth1,HUFL,96,43,patchtst,3.3418943653778417
2018-06-06 05:00:00,etth1,HUFL,96,43,patchtst,3.449333776855365
2018-06-06 06:00:00,etth1,HUFL,96,43,patchtst,3.4245687895720263
2018-06-06 07:00:00,etth1,HUFL,96,43,patchtst,3.497655690557581
2018-06-06 08:00:00,etth1,HUFL,96,43,patchtst,3.3648382334331743
2018-06-06 09:00:00,etth1,HUFL,96,43,patchtst,2.9823141816773435
2018-06-06 10:00:00,etth1,HUFL,96,43,patchtst,2.950403061711436
2018-06-06 11:00:00,etth1,HUFL,96,43,patchtst,3.002081032081685
2018-06-06 12:00:00,etth1,HUFL,96,43,patchtst,3.0823152135498297
2018-06-06 13:00:00,etth1,HUFL,96,43,patchtst,3.1838015232613137
2018-06-06 14:00:00,etth1,HUFL,96,43,patchtst,3.113321495209465
2018-06-06 15:00:00,etth1,HUFL,96,43,patchtst,3.2213158702486244
2018-06-06 16:00:00,etth1,HUFL,96,43,patchtst,3.5522857594490986
2018-06-06 17:00:00,etth1,HUFL,96,43,patchtst,3.565956242348193
2018-06-06 18:00:00,etth1,HUFL,96,43,patchtst,3.2791499422790342
2018-06-06 19:00:00,etth1,HUFL,96,43,patchtst,3.3348310539628403
2018-06-06 20:00:00,etth1,HUFL,96,43,patchtst,3.3509525342148065
2018-06-06 21:00:00,etth1,HUFL,96,43,patchtst,3.3881233176864147
2018-06-06 22:00:00,etth1,HUFL,96,43,patchtst,3.5555162176471167
2018-06-06 23:00:00,etth1,HUFL,96,43,patchtst,3.642133606169761
2018-06-07 00:00:00,etth1,HUFL,96,43,patchtst,3.679999212097582
2018-06-07 01:00:00,etth1,HUFL,96,43,patchtst,3.50729437016517
2018-06-07 02:00:00,etth1,HUFL,96,43,patchtst,3.4489918174785132
2018-06-07 03:00:00,etth1,HUFL,96,43,patchtst,3.423556162127054
2018-06-07 04:00:00,etth1,HUFL,96,43,patchtst,3.511380558550615
2018-06-07 05:00:00,etth1,HUFL,96,43,patchtst,3.5907824669891197
2018-06-07 06:00:00,etth1,HUFL,96,43,patchtst,3.6136579940426166
2018-06-07 07:00:00,etth1,HUFL,96,43,patchtst,3.638059108602898
2018-06-07 08:00:00,etth1,HUFL,96,43,patchtst,3.694075061323108
2018-06-07 09:00:00,etth1,HUFL,96,43,patchtst,3.9084823591936466
2018-06-07 10:00:00,etth1,HUFL,96,43,patchtst,4.039692821494553
2018-06-07 11:00:00,etth1,HUFL,96,43,patchtst,4.132757675363756
2018-06-07 12:00:00,etth1,HUFL,96,43,patchtst,3.9625460444007055
2018-06-07 13:00:00,etth1,HUFL,96,43,patchtst,4.510539027801355
2018-06-07 14:00:00,etth1,HUFL,96,43,patchtst,4.185419522896752
2018-06-07 15:00:00,etth1,HUFL,96,43,patchtst,4.141256164780271
2018-06-07 16:00:00,etth1,HUFL,96,43,patchtst,4.169636136282771
2018-06-07 17:00:00,etth1,HUFL,96,43,patchtst,4.16257837848139
2018-06-07 18:00:00,etth1,HUFL,96,43,patchtst,4.090179243312812
2018-06-07 19:00:00,etth1,HUFL,96,43,patchtst,4.203821287776913
2018-06-07 20:00:00,etth1,HUFL,96,43,patchtst,4.146274417256885
2018-06-07 21:00:00,etth1,HUFL,96,43,patchtst,4.209672737659008
2018-06-07 22:00:00,etth1,HUFL,96,43,patchtst,4.202905300862572
2018-06-07 23:00:00,etth1,HUFL,96,43,patchtst,4.187789247575172
2018-06-08 00:00:00,etth1,HUFL,96,43,patchtst,4.114292790287549
2018-06-08 01:00:00,etth1,HUFL,96,43,patchtst,4.10114085440226
2018-06-08 02:00:00,etth1,HUFL,96,43,patchtst,4.108795309497473
2018-06-08 03:00:00,etth1,HUFL,96,43,patchtst,4.104505005244849
2018-06-08 04:00:00,etth1,HUFL,96,43,patchtst,4.119015451237552
2018-06-08 05:00:00,etth1,HUFL,96,43,patchtst,4.173953442656859
2018-06-08 06:00:00,etth1,HUFL,96,43,patchtst,3.9295240840507275
2018-06-08 07:00:00,etth1,HUFL,96,43,patchtst,3.8333698451768767
2018-06-08 08:00:00,etth1,HUFL,96,43,patchtst,3.6254607127869503
2018-06-08 09:00:00,etth1,HUFL,96,43,patchtst,3.793057581913159
2018-06-08 10:00:00,etth1,HUFL,96,43,patchtst,3.9892937532397217
2018-06-08 11:00:00,etth1,HUFL,96,43,patchtst,3.7139895584972535
2018-06-08 12:00:00,etth1,HUFL,96,43,patchtst,3.857550055892349
2018-06-08 13:00:00,etth1,HUFL,96,43,patchtst,4.015383725426057
2018-06-08 14:00:00,etth1,HUFL,96,43,patchtst,4.283244966472669
2018-06-08 15:00:00,etth1,HUFL,96,43,patchtst,4.397482946963902
2018-06-08 16:00:00,etth1,HUFL,96,43,patchtst,4.149065754472097
2018-06-08 17:00:00,etth1,HUFL,96,43,patchtst,3.963864955881373
2018-06-08 18:00:00,etth1,HUFL,96,43,patchtst,4.11017749340997
2018-06-08 19:00:00,etth1,HUFL,96,43,patchtst,4.1530658263428215
2018-06-08 20:00:00,etth1,HUFL,96,43,patchtst,4.227444544816907
2018-06-08 21:00:00,etth1,HUFL,96,43,patchtst,4.105918424541744
2018-06-08 22:00:00,etth1,HUFL,96,43,patchtst,3.9891553513159526
2018-06-08 23:00:00,etth1,HUFL,96,43,patchtst,3.9241397955390815
2018-06-09 00:00:00,etth1,HUFL,96,43,patchtst,3.8413256069259725
2018-06-09 01:00:00,etth1,HUFL,96,43,patchtst,3.9725591584627953
2018-06-09 02:00:00,etth1,HUFL,96,43,patchtst,4.075541691392839
2018-06-09 03:00:00,etth1,HUFL,96,43,patchtst,4.011520848527705
2018-06-09 04:00:00,etth1,HUFL,96,43,patchtst,4.007061614671001
2018-06-09 05:00:00,etth1,HUFL,96,43,patchtst,4.035901111366392
2018-06-09 06:00:00,etth1,HUFL,96,43,patchtst,4.106217286239846
2018-06-09 07:00:00,etth1,HUFL,96,43,patchtst,3.946225481247255
2018-06-09 08:00:00,etth1,HUFL,96,43,patchtst,3.899533290630108
2018-06-09 09:00:00,etth1,HUFL,96,43,patchtst,4.226539584258826
2018-06-09 10:00:00,etth1,HUFL,96,43,patchtst,4.566881872848529
2018-06-09 11:00:00,etth1,HUFL,96,43,patchtst,4.619094990761142
2018-06-09 12:00:00,etth1,HUFL,96,43,patchtst,4.518033396631403
2018-06-09 13:00:00,etth1,HUFL,96,43,patchtst,4.61263059429955
2018-06-09 14:00:00,etth1,HUFL,96,43,patchtst,4.43214698579356
2018-06-09 15:00:00,etth1,HUFL,96,43,patchtst,4.482137263080426
2018-06-09 16:00:00,etth1,HUFL,96,43,patchtst,4.5524354311091715
2018-06-09 17:00:00,etth1,HUFL,96,43,patchtst,4.522673476142388
2018-06-09 18:00:00,etth1,HUFL,96,43,patchtst,4.631784723263246
2018-06-09 19:00:00,etth1,HUFL,96,43,patchtst,4.5974270311503345
2018-06-09 20:00:00,etth1,HUFL,96,43,patchtst,4.546599905753167
2018-06-09 21:00:00,etth1,HUFL,96,43,patchtst,4.5212877481299
2018-06-09 22:00:00,etth1,HUFL,96,43,patchtst,4.415473256708665
2018-06-09 23:00:00,etth1,HUFL,96,43,patchtst,4.249590896865098
2018-06-10 00:00:00,etth1,HUFL,96,43,patchtst,4.265251021462722
2018-06-10 01:00:00,etth1,HUFL,96,43,patchtst,4.414931246677595
2018-06-10 02:00:00,etth1,HUFL,96,43,patchtst,4.444787475097064
2018-06-10 03:00:00,etth1,HUFL,96,43,patchtst,4.545039191985295
2018-06-10 04:00:00,etth1,HUFL,96,43,patchtst,4.506281585350469
2018-06-10 05:00:00,etth1,HUFL,96,43,patchtst,4.589124425359431
2018-06-10 06:00:00,etth1,HUFL,96,43,patchtst,4.419135195383722
2018-06-10 07:00:00,etth1,HUFL,96,43,patchtst,4.311982262755747
2018-06-10 08:00:00,etth1,HUFL,96,43,patchtst,4.410632033899824
2018-06-10 09:00:00,etth1,HUFL,96,43,patchtst,3.926830223549738
2018-06-10 10:00:00,etth1,HUFL,96,43,patchtst,4.281950719272504
2018-06-10 11:00:00,etth1,HUFL,96,43,patchtst,4.796983006014602
2018-06-10 12:00:00,etth1,HUFL,96,43,patchtst,4.539920500024118
2018-06-10 13:00:00,etth1,HUFL,96,43,patchtst,4.4617187637683
2018-06-10 14:00:00,etth1,HUFL,96,43,patchtst,4.461885670761141
2018-06-10 15:00:00,etth1,HUFL,96,43,patchtst,3.7969256583155775
2018-06-10 16:00:00,etth1,HUFL,96,43,patchtst,3.844288814276187
2018-06-10 17:00:00,etth1,HUFL,96,43,patchtst,3.6916249123463736
2018-06-10 18:00:00,etth1,HUFL,96,43,patchtst,3.747644266587668
2018-06-10 19:00:00,etth1,HUFL,96,43,patchtst,3.780862053537159
2018-06-10 20:00:00,etth1,HUFL,96,43,patchtst,3.6826678061121227
2018-06-10 21:00:00,etth1,HUFL,96,43,patchtst,3.740137859700809
2018-06-10 22:00:00,etth1,HUFL,96,43,patchtst,3.768100525086447
2018-06-10 23:00:00,etth1,HUFL,96,43,patchtst,3.5483927738418815
2018-06-11 00:00:00,etth1,HUFL,96,43,patchtst,3.6343706725674063
2018-06-11 01:00:00,etth1,HUFL,96,43,patchtst,3.7573793159502933
2018-06-11 02:00:00,etth1,HUFL,96,43,patchtst,3.863200899856759
2018-06-11 03:00:00,etth1,HUFL,96,43,patchtst,3.8818055669335507
2018-06-11 04:00:00,etth1,HUFL,96,43,patchtst,3.8870727033442862
2018-06-11 05:00:00,etth1,HUFL,96,43,patchtst,3.9326975272447213
2018-06-11 06:00:00,etth1,HUFL,96,43,patchtst,3.9813536480926133
2018-06-11 07:00:00,etth1,HUFL,96,43,patchtst,3.5654159975481954
2018-06-11 08:00:00,etth1,HUFL,96,43,patchtst,3.2623201446874446
2018-06-11 09:00:00,etth1,HUFL,96,43,patchtst,3.014792874395816
2018-06-11 10:00:00,etth1,HUFL,96,43,patchtst,2.987320837805825
2018-06-11 11:00:00,etth1,HUFL,96,43,patchtst,2.8401741090235504
2018-06-11 12:00:00,etth1,HUFL,96,43,patchtst,2.7999621585751786
2018-06-11 13:00:00,etth1,HUFL,96,43,patchtst,2.7064465916175258
2018-06-11 14:00:00,etth1,HUFL,96,43,patchtst,2.8100580226091623
2018-06-11 15:00:00,etth1,HUFL,96,43,patchtst,2.6081156789043325
2018-06-11 16:00:00,etth1,HUFL,96,43,patchtst,2.7785099255051517
2018-06-11 17:00:00,etth1,HUFL,96,43,patchtst,2.8555570766700757
2018-06-11 18:00:00,etth1,HUFL,96,43,patchtst,2.832576122437125
2018-06-11 19:00:00,etth1,HUFL,96,43,patchtst,2.893570373092978
2018-06-11 20:00:00,etth1,HUFL,96,43,patchtst,2.842278864250442
2018-06-11 21:00:00,etth1,HUFL,96,43,patchtst,2.7992492443245447
2018-06-11 22:00:00,etth1,HUFL,96,43,patchtst,2.8068579894094867
2018-06-11 23:00:00,etth1,HUFL,96,43,patchtst,2.6831205751756513
2018-06-12 00:00:00,etth1,HUFL,96,43,patchtst,2.8043437898254027
2018-06-12 01:00:00,etth1,HUFL,96,43,patchtst,2.912399356284533
2018-06-12 02:00:00,etth1,HUFL,96,43,patchtst,2.997424589911766
2018-06-12 03:00:00,etth1,HUFL,96,43,patchtst,3.1022007607529916
2018-06-12 04:00:00,etth1,HUFL,96,43,patchtst,3.0792533512724893
2018-06-12 05:00:00,etth1,HUFL,96,43,patchtst,3.1893013622993176
2018-06-12 06:00:00,etth1,HUFL,96,43,patchtst,3.123094976764792
2018-06-12 07:00:00,etth1,HUFL,96,43,patchtst,3.0784398230720718
2018-06-12 08:00:00,etth1,HUFL,96,43,patchtst,3.20101643156679
2018-06-12 09:00:00,etth1,HUFL,96,43,patchtst,2.8589886178830923
2018-06-12 10:00:00,etth1,HUFL,96,43,patchtst,2.85246181104538
2018-06-12 11:00:00,etth1,HUFL,96,43,patchtst,2.835085118196391
2018-06-12 12:00:00,etth1,HUFL,96,43,patchtst,2.718165590149136
2018-06-12 13:00:00,etth1,HUFL,96,43,patchtst,2.6997547816945886
2018-06-12 14:00:00,etth1,HUFL,96,43,patchtst,2.59481018471914
2018-06-12 15:00:00,etth1,HUFL,96,43,patchtst,2.3505537903055878
2018-06-12 16:00:00,etth1,HUFL,96,43,patchtst,2.44681335125479
2018-06-12 17:00:00,etth1,HUFL,96,43,patchtst,2.6099225451401415
2018-06-12 18:00:00,etth1,HUFL,96,43,patchtst,2.5357206409060313
2018-06-12 19:00:00,etth1,HUFL,96,43,patchtst,2.6514120125587017
2018-06-12 20:00:00,etth1,HUFL,96,43,patchtst,2.5421827978575595
2018-06-12 21:00:00,etth1,HUFL,96,43,patchtst,2.518878917010324
2018-06-12 22:00:00,etth1,HUFL,96,43,patchtst,2.4794817112697083
2018-06-12 23:00:00,etth1,HUFL,96,43,patchtst,2.4688859442442816
2018-06-13 00:00:00,etth1,HUFL,96,43,patchtst,2.52183940849077
2018-06-13 01:00:00,etth1,HUFL,96,43,patchtst,2.5742583697402197
2018-06-13 02:00:00,etth1,HUFL,96,43,patchtst,2.519626614666943
2018-06-13 03:00:00,etth1,HUFL,96,43,patchtst,2.6246775697231297
2018-06-13 04:00:00,etth1,HUFL,96,43,patchtst,2.5719453676998554
2018-06-13 05:00:00,etth1,HUFL,96,43,patchtst,2.726433274694761
2018-06-13 06:00:00,etth1,HUFL,96,43,patchtst,2.578407448377042
2018-06-13 07:00:00,etth1,HUFL,96,43,patchtst,2.627733321970653
2018-06-13 08:00:00,etth1,HUFL,96,43,patchtst,2.617785788722019
2018-06-13 09:00:00,etth1,HUFL,96,43,patchtst,2.5665988139480365
2018-06-13 10:00:00,etth1,HUFL,96,43,patchtst,2.6903912558010923
2018-06-13 11:00:00,etth1,HUFL,96,43,patchtst,2.6312135156872185
2018-06-13 12:00:00,etth1,HUFL,96,43,patchtst,2.5148388067957685
2018-06-13 13:00:00,etth1,HUFL,96,43,patchtst,2.5226922572034263
2018-06-13 14:00:00,etth1,HUFL,96,43,patchtst,2.339507879244708
2018-06-13 15:00:00,etth1,HUFL,96,43,patchtst,2.188364524298055
2018-06-13 16:00:00,etth1,HUFL,96,43,patchtst,2.1423349876442335
2018-06-13 17:00:00,etth1,HUFL,96,43,patchtst,2.426267505328704
2018-06-13 18:00:00,etth1,HUFL,96,43,patchtst,2.3438568869078407
2018-06-13 19:00:00,etth1,HUFL,96,43,patchtst,2.4072340085514607
2018-06-13 20:00:00,etth1,HUFL,96,43,patchtst,2.4058989873033902
2018-06-13 21:00:00,etth1,HUFL,96,43,patchtst,2.3481868596079996
2018-06-13 22:00:00,etth1,HUFL,96,43,patchtst,2.2584406007190796
2018-06-13 23:00:00,etth1,HUFL,96,43,patchtst,2.2213574701416654
2018-06-14 00:00:00,etth1,HUFL,96,43,patchtst,2.417506442249586
2018-06-14 01:00:00,etth1,HUFL,96,43,patchtst,2.3462826045474405
2018-06-14 02:00:00,etth1,HUFL,96,43,patchtst,2.257054221458409
2018-06-14 03:00:00,etth1,HUFL,96,43,patchtst,2.2735280651247005
2018-06-14 04:00:00,etth1,HUFL,96,43,patchtst,2.1898790862187183
2018-06-14 05:00:00,etth1,HUFL,96,43,patchtst,2.2536455606471404
2018-06-14 06:00:00,etth1,HUFL,96,43,patchtst,2.181577359071984
2018-06-14 07:00:00,etth1,HUFL,96,43,patchtst,2.2619006249791838
2018-06-14 08:00:00,etth1,HUFL,96,43,patchtst,2.183073536290545
2018-06-14 09:00:00,etth1,HUFL,96,43,patchtst,2.103332903600954
2018-06-14 10:00:00,etth1,HUFL,96,43,patchtst,2.1651529022864384
2018-06-14 11:00:00,etth1,HUFL,96,43,patchtst,2.1198335346218564
2018-06-14 12:00:00,etth1,HUFL,96,43,patchtst,2.1286354244692482
2018-06-14 13:00:00,etth1,HUFL,96,43,patchtst,2.1365876071825496
2018-06-14 14:00:00,etth1,HUFL,96,43,patchtst,2.1367624862428776
2018-06-14 15:00:00,etth1,HUFL,96,43,patchtst,1.9816913897646815
2018-06-14 16:00:00,etth1,HUFL,96,43,patchtst,2.1698375510273094
2018-06-14 17:00:00,etth1,HUFL,96,43,patchtst,2.067929802336983
2018-06-14 18:00:00,etth1,HUFL,96,43,patchtst,2.126375808929121
2018-06-14 19:00:00,etth1,HUFL,96,43,patchtst,2.1278832655261657
2018-06-14 20:00:00,etth1,HUFL,96,43,patchtst,1.981737872612338
2018-06-14 21:00:00,etth1,HUFL,96,43,patchtst,1.9604796673454674
2018-06-14 22:00:00,etth1,HUFL,96,43,patchtst,1.8887547516001986
2018-06-14 23:00:00,etth1,HUFL,96,43,patchtst,1.8205271665811988
2018-06-15 00:00:00,etth1,HUFL,96,43,patchtst,1.8080524846619312
2018-06-15 01:00:00,etth1,HUFL,96,43,patchtst,1.8807318289263526
2018-06-15 02:00:00,etth1,HUFL,96,43,patchtst,1.9161929626498948
2018-06-15 03:00:00,etth1,HUFL,96,43,patchtst,1.8451206948741044
2018-06-15 04:00:00,etth1,HUFL,96,43,patchtst,1.9906215268026735
2018-06-15 05:00:00,etth1,HUFL,96,43,patchtst,2.1540714917480397
2018-06-15 06:00:00,etth1,HUFL,96,43,patchtst,1.9215147714470484
2018-06-15 07:00:00,etth1,HUFL,96,43,patchtst,1.853747003544455
2018-06-15 08:00:00,etth1,HUFL,96,43,patchtst,2.0038357240504205
2018-06-15 09:00:00,etth1,HUFL,96,43,patchtst,2.3721598123466947
2018-06-15 10:00:00,etth1,HUFL,96,43,patchtst,2.142383923545972
2018-06-15 11:00:00,etth1,HUFL,96,43,patchtst,2.2688378325794973
2018-06-15 12:00:00,etth1,HUFL,96,43,patchtst,2.4789304246809456
2018-06-15 13:00:00,etth1,HUFL,96,43,patchtst,2.63476361037271
2018-06-15 14:00:00,etth1,HUFL,96,43,patchtst,2.688172481420184
2018-06-15 15:00:00,etth1,HUFL,96,43,patchtst,2.5047085116718932
2018-06-15 16:00:00,etth1,HUFL,96,43,patchtst,2.473123806816309
2018-06-15 17:00:00,etth1,HUFL,96,43,patchtst,2.419237025544367
2018-06-15 18:00:00,etth1,HUFL,96,43,patchtst,2.3933173668052325
2018-06-15 19:00:00,etth1,HUFL,96,43,patchtst,2.3609976057519906
2018-06-15 20:00:00,etth1,HUFL,96,43,patchtst,2.367092454535545
2018-06-15 21:00:00,etth1,HUFL,96,43,patchtst,2.4782238093482163
2018-06-15 22:00:00,etth1,HUFL,96,43,patchtst,2.4996468426490335
2018-06-15 23:00:00,etth1,HUFL,96,43,patchtst,2.4709083586107297
2018-06-16 00:00:00,etth1,HUFL,96,43,patchtst,2.450217949179955
2018-06-16 01:00:00,etth1,HUFL,96,43,patchtst,2.420445003666542
2018-06-16 02:00:00,etth1,HUFL,96,43,patchtst,2.474980299550531
2018-06-16 03:00:00,etth1,HUFL,96,43,patchtst,2.458685868288539
2018-06-16 04:00:00,etth1,HUFL,96,43,patchtst,2.3228159248627605
2018-06-16 05:00:00,etth1,HUFL,96,43,patchtst,2.547222715995795
2018-06-16 06:00:00,etth1,HUFL,96,43,patchtst,2.346711773706788
2018-06-16 07:00:00,etth1,HUFL,96,43,patchtst,2.322944159262
2018-06-16 08:00:00,etth1,HUFL,96,43,patchtst,2.55227264131592
2018-06-16 09:00:00,etth1,HUFL,96,43,patchtst,2.7175479921589556
2018-06-16 10:00:00,etth1,HUFL,96,43,patchtst,2.8494683770203326
2018-06-16 11:00:00,etth1,HUFL,96,43,patchtst,2.9367836347342706
2018-06-16 12:00:00,etth1,HUFL,96,43,patchtst,3.1854505454140067
2018-06-16 13:00:00,etth1,HUFL,96,43,patchtst,3.3159071056943255
2018-06-16 14:00:00,etth1,HUFL,96,43,patchtst,3.183763990003836
2018-06-16 15:00:00,etth1,HUFL,96,43,patchtst,2.9641228742216814
2018-06-16 16:00:00,etth1,HUFL,96,43,patchtst,2.7682073566736385
2018-06-16 17:00:00,etth1,HUFL,96,43,patchtst,2.7176038548387242
2018-06-16 18:00:00,etth1,HUFL,96,43,patchtst,2.6673478327212963
2018-06-16 19:00:00,etth1,HUFL,96,43,patchtst,2.6956323488595704
2018-06-16 20:00:00,etth1,HUFL,96,43,patchtst,2.633072248028783
2018-06-16 21:00:00,etth1,HUFL,96,43,patchtst,2.6826198740133145
2018-06-16 22:00:00,etth1,HUFL,96,43,patchtst,2.681821869029394
2018-06-16 23:00:00,etth1,HUFL,96,43,patchtst,2.764485905711059
2018-06-17 00:00:00,etth1,HUFL,96,43,patchtst,2.7050051685985834
2018-06-17 01:00:00,etth1,HUFL,96,43,patchtst,2.682496604627103
2018-06-17 02:00:00,etth1,HUFL,96,43,patchtst,2.6601592405230696
2018-06-17 03:00:00,etth1,HUFL,96,43,patchtst,2.7397059743226464
2018-06-17 04:00:00,etth1,HUFL,96,43,patchtst,2.8539933465244247
2018-06-17 05:00:00,etth1,HUFL,96,43,patchtst,2.8019387088345318
2018-06-17 06:00:00,etth1,HUFL,96,43,patchtst,2.6343094882033893
2018-06-17 07:00:00,etth1,HUFL,96,43,patchtst,2.525687152317932
2018-06-17 08:00:00,etth1,HUFL,96,43,patchtst,2.584610451878673
2018-06-17 09:00:00,etth1,HUFL,96,43,patchtst,2.8372474581859826
2018-06-17 10:00:00,etth1,HUFL,96,43,patchtst,2.8041247868370838
2018-06-17 11:00:00,etth1,HUFL,96,43,patchtst,3.129394788456667
2018-06-17 12:00:00,etth1,HUFL,96,43,patchtst,3.330353271280178
2018-06-17 13:00:00,etth1,HUFL,96,43,patchtst,3.55278383847199
2018-06-17 14:00:00,etth1,HUFL,96,43,patchtst,3.3238865742303907
2018-06-17 15:00:00,etth1,HUFL,96,43,patchtst,3.095708927276847
2018-06-17 16:00:00,etth1,HUFL,96,43,patchtst,3.0882299968463287
2018-06-17 17:00:00,etth1,HUFL,96,43,patchtst,2.9481509002640274
2018-06-17 18:00:00,etth1,HUFL,96,43,patchtst,2.9196844061381566
2018-06-17 19:00:00,etth1,HUFL,96,43,patchtst,2.932522328281557
2018-06-17 20:00:00,etth1,HUFL,96,43,patchtst,2.8616436291662155
2018-06-17 21:00:00,etth1,HUFL,96,43,patchtst,3.111384171091506
2018-06-17 22:00:00,etth1,HUFL,96,43,patchtst,3.1136887018511916
2018-06-17 23:00:00,etth1,HUFL,96,43,patchtst,3.216458635496529
2018-06-18 00:00:00,etth1,HUFL,96,43,patchtst,3.1433784561523272
2018-06-18 01:00:00,etth1,HUFL,96,43,patchtst,3.067876772777769
2018-06-18 02:00:00,etth1,HUFL,96,43,patchtst,3.0108027787266125
2018-06-18 03:00:00,etth1,HUFL,96,43,patchtst,3.2026009991757665
2018-06-18 04:00:00,etth1,HUFL,96,43,patchtst,3.2108380496184137
2018-06-18 05:00:00,etth1,HUFL,96,43,patchtst,3.2611998006450356
2018-06-18 06:00:00,etth1,HUFL,96,43,patchtst,3.219763284930822
2018-06-18 07:00:00,etth1,HUFL,96,43,patchtst,2.9373101742542715
2018-06-18 08:00:00,etth1,HUFL,96,43,patchtst,3.004704839589061
2018-06-18 09:00:00,etth1,HUFL,96,43,patchtst,3.3877537551317363
2018-06-18 10:00:00,etth1,HUFL,96,43,patchtst,3.4965705415764248
2018-06-18 11:00:00,etth1,HUFL,96,43,patchtst,3.8310583197201145
2018-06-18 12:00:00,etth1,HUFL,96,43,patchtst,4.248032648204765
2018-06-18 13:00:00,etth1,HUFL,96,43,patchtst,4.2803676352898785
2018-06-18 14:00:00,etth1,HUFL,96,43,patchtst,4.257934257213697
2018-06-18 15:00:00,etth1,HUFL,96,43,patchtst,4.090581001216699
2018-06-18 16:00:00,etth1,HUFL,96,43,patchtst,3.82686989668064
2018-06-18 17:00:00,etth1,HUFL,96,43,patchtst,3.7192863500586895
2018-06-18 18:00:00,etth1,HUFL,96,43,patchtst,3.5718643594133668
2018-06-18 19:00:00,etth1,HUFL,96,43,patchtst,3.6104075729072864
2018-06-18 20:00:00,etth1,HUFL,96,43,patchtst,3.638297535418328
2018-06-18 21:00:00,etth1,HUFL,96,43,patchtst,3.8849042951157746
2018-06-18 22:00:00,etth1,HUFL,96,43,patchtst,3.8389630947904716
2018-06-18 23:00:00,etth1,HUFL,96,43,patchtst,3.7921909158866502
2018-06-19 00:00:00,etth1,HUFL,96,43,patchtst,3.7076509894538323
2018-06-19 01:00:00,etth1,HUFL,96,43,patchtst,3.685291979722272
2018-06-19 02:00:00,etth1,HUFL,96,43,patchtst,3.720975486673535
2018-06-19 03:00:00,etth1,HUFL,96,43,patchtst,3.725492580134437
2018-06-19 04:00:00,etth1,HUFL,96,43,patchtst,3.6692936046390354
2018-06-19 05:00:00,etth1,HUFL,96,43,patchtst,3.7901548336282533
2018-06-19 06:00:00,etth1,HUFL,96,43,patchtst,3.837476505554649
2018-06-19 07:00:00,etth1,HUFL,96,43,patchtst,3.6563811962705675
2018-06-19 08:00:00,etth1,HUFL,96,43,patchtst,3.922409903248324
2018-06-19 09:00:00,etth1,HUFL,96,43,patchtst,3.7602542735965963
2018-06-19 10:00:00,etth1,HUFL,96,43,patchtst,3.751296622756412
2018-06-19 11:00:00,etth1,HUFL,96,43,patchtst,3.3850863892389387
2018-06-19 12:00:00,etth1,HUFL,96,43,patchtst,3.498036122175743
2018-06-19 13:00:00,etth1,HUFL,96,43,patchtst,3.4379606385439145
2018-06-19 14:00:00,etth1,HUFL,96,43,patchtst,3.4462031081630777
2018-06-19 15:00:00,etth1,HUFL,96,43,patchtst,3.3986140440472496
2018-06-19 16:00:00,etth1,HUFL,96,43,patchtst,3.4866658355608053
2018-06-19 17:00:00,etth1,HUFL,96,43,patchtst,3.3513507235667035
2018-06-19 18:00:00,etth1,HUFL,96,43,patchtst,3.2431607176228336
2018-06-19 19:00:00,etth1,HUFL,96,43,patchtst,3.2623630310093343
2018-06-19 20:00:00,etth1,HUFL,96,43,patchtst,3.2947952890510073
2018-06-19 21:00:00,etth1,HUFL,96,43,patchtst,3.259649208622483
2018-06-19 22:00:00,etth1,HUFL,96,43,patchtst,3.305825452418349
2018-06-19 23:00:00,etth1,HUFL,96,43,patchtst,3.3927044895744043
2018-06-20 00:00:00,etth1,HUFL,96,43,patchtst,3.2754055417434507
2018-06-20 01:00:00,etth1,HUFL,96,43,patchtst,3.2148627060587476
2018-06-20 02:00:00,etth1,HUFL,96,43,patchtst,3.263347010800627
2018-06-20 03:00:00,etth1,HUFL,96,43,patchtst,3.262919632090439
2018-06-20 04:00:00,etth1,HUFL,96,43,patchtst,3.2764397426157195
2018-06-20 05:00:00,etth1,HUFL,96,43,patchtst,3.2503472503178
2018-06-20 06:00:00,etth1,HUFL,96,43,patchtst,3.2386787226452323
2018-06-20 07:00:00,etth1,HUFL,96,43,patchtst,3.224481850447718
2018-06-20 08:00:00,etth1,HUFL,96,43,patchtst,3.3864527418563717
2018-06-20 09:00:00,etth1,HUFL,96,43,patchtst,3.445349989191006
2018-06-20 10:00:00,etth1,HUFL,96,43,patchtst,3.534033821020227
2018-06-20 11:00:00,etth1,HUFL,96,43,patchtst,3.5661340916585753
2018-06-20 12:00:00,etth1,HUFL,96,43,patchtst,3.6651513771759916
2018-06-20 13:00:00,etth1,HUFL,96,43,patchtst,3.7235056521883223
2018-06-20 14:00:00,etth1,HUFL,96,43,patchtst,3.509433129051263
2018-06-20 15:00:00,etth1,HUFL,96,43,patchtst,3.19550232014206
2018-06-20 16:00:00,etth1,HUFL,96,43,patchtst,3.1982691006257693
2018-06-20 17:00:00,etth1,HUFL,96,43,patchtst,3.146909735166067
2018-06-20 18:00:00,etth1,HUFL,96,43,patchtst,3.102612132579008
2018-06-20 19:00:00,etth1,HUFL,96,43,patchtst,3.1539573668953564
2018-06-20 20:00:00,etth1,HUFL,96,43,patchtst,3.145969772713753
2018-06-20 21:00:00,etth1,HUFL,96,43,patchtst,3.2240211811347383
2018-06-20 22:00:00,etth1,HUFL,96,43,patchtst,3.300971562442205
2018-06-20 23:00:00,etth1,HUFL,96,43,patchtst,3.3195444580814097
2018-06-21 00:00:00,etth1,HUFL,96,43,patchtst,3.3455369442420966
2018-06-21 01:00:00,etth1,HUFL,96,43,patchtst,3.2952533884215947
2018-06-21 02:00:00,etth1,HUFL,96,43,patchtst,3.2292528833839036
2018-06-21 03:00:00,etth1,HUFL,96,43,patchtst,3.2075103901200044
2018-06-21 04:00:00,etth1,HUFL,96,43,patchtst,3.2229767369697235
2018-06-21 05:00:00,etth1,HUFL,96,43,patchtst,3.2238795094173134
2018-06-21 06:00:00,etth1,HUFL,96,43,patchtst,3.2897204032980447
2018-06-21 07:00:00,etth1,HUFL,96,43,patchtst,3.266465606208058
2018-06-21 08:00:00,etth1,HUFL,96,43,patchtst,3.192004590056118
2018-06-21 09:00:00,etth1,HUFL,96,43,patchtst,3.089542536706657
2018-06-21 10:00:00,etth1,HUFL,96,43,patchtst,3.1497763457545864
2018-06-21 11:00:00,etth1,HUFL,96,43,patchtst,3.4833128032031233
2018-06-21 12:00:00,etth1,HUFL,96,43,patchtst,3.7561874391910304
2018-06-21 13:00:00,etth1,HUFL,96,43,patchtst,3.8140909534918506
2018-06-21 14:00:00,etth1,HUFL,96,43,patchtst,3.6649227096615355
2018-06-21 15:00:00,etth1,HUFL,96,43,patchtst,3.4907404668984365
2018-06-21 16:00:00,etth1,HUFL,96,43,patchtst,3.345339086792889
2018-06-21 17:00:00,etth1,HUFL,96,43,patchtst,3.339397580633397
2018-06-21 18:00:00,etth1,HUFL,96,43,patchtst,3.3202245946033684
2018-06-21 19:00:00,etth1,HUFL,96,43,patchtst,3.302355279915936
2018-06-21 20:00:00,etth1,HUFL,96,43,patchtst,3.4300995179497704
2018-06-21 21:00:00,etth1,HUFL,96,43,patchtst,3.3857585811540325
2018-06-21 22:00:00,etth1,HUFL,96,43,patchtst,3.49110642612314
2018-06-21 23:00:00,etth1,HUFL,96,43,patchtst,3.5799690845798353
2018-06-22 00:00:00,etth1,HUFL,96,43,patchtst,3.5315899176240393
2018-06-22 01:00:00,etth1,HUFL,96,43,patchtst,3.515481587723153
2018-06-22 02:00:00,etth1,HUFL,96,43,patchtst,3.4704995494214024
2018-06-22 03:00:00,etth1,HUFL,96,43,patchtst,3.6193853166611976
2018-06-22 04:00:00,etth1,HUFL,96,43,patchtst,3.572088420651383
2018-06-22 05:00:00,etth1,HUFL,96,43,patchtst,3.510051527039515
2018-06-22 06:00:00,etth1,HUFL,96,43,patchtst,3.554558454143495
2018-06-22 07:00:00,etth1,HUFL,96,43,patchtst,3.376477825168948
2018-06-22 08:00:00,etth1,HUFL,96,43,patchtst,3.0003932496926873
2018-06-22 09:00:00,etth1,HUFL,96,43,patchtst,2.8066159901145524
2018-06-22 10:00:00,etth1,HUFL,96,43,patchtst,2.5738520963622915
2018-06-22 11:00:00,etth1,HUFL,96,43,patchtst,2.55532521472064
2018-06-22 12:00:00,etth1,HUFL,96,43,patchtst,2.6043116298691737
2018-06-22 13:00:00,etth1,HUFL,96,43,patchtst,2.54265766225102
2018-06-22 14:00:00,etth1,HUFL,96,43,patchtst,2.4371368652196512
2018-06-22 15:00:00,etth1,HUFL,96,43,patchtst,2.456559857796149
2018-06-22 16:00:00,etth1,HUFL,96,43,patchtst,2.50013089460121
2018-06-22 17:00:00,etth1,HUFL,96,43,patchtst,2.589026684789857
2018-06-22 18:00:00,etth1,HUFL,96,43,patchtst,2.5974847141094664
2018-06-22 19:00:00,etth1,HUFL,96,43,patchtst,2.6468791626734944
