origin,dataset,target,horizon,seed,model,abs_error
2017-10-24 00:00:00,etth1,HUFL,24,45,xgboost,4.480781781270458
2017-10-24 01:00:00,etth1,HUFL,24,45,xgboost,4.808443316455245
2017-10-24 02:00:00,etth1,HUFL,24,45,xgboost,4.4290582026313965
2017-10-24 03:00:00,etth1,HUFL,24,45,xgboost,4.329787049242257
2017-10-24 04:00:00,etth1,HUFL,24,45,xgboost,4.462597419531374
2017-10-24 05:00:00,etth1,HUFL,24,45,xgboost,4.524919831155196
2017-10-24 06:00:00,etth1,HUFL,24,45,xgboost,4.326859547160804
2017-10-24 07:00:00,etth1,HUFL,24,45,xgboost,4.448300162095069
2017-10-24 08:00:00,etth1,HUFL,24,45,xgboost,4.245738473915213
2017-10-24 09:00:00,etth1,HUFL,24,45,xgboost,2.4742857457549365
2017-10-24 10:00:00,etth1,HUFL,24,45,xgboost,2.034181426872315
2017-10-24 11:00:00,etth1,HUFL,24,45,xgboost,1.649507254388561
2017-10-24 12:00:00,etth1,HUFL,24,45,xgboost,2.0615742663219234
2017-10-24 13:00:00,etth1,HUFL,24,45,xgboost,2.5746668100951013
2017-10-24 14:00:00,etth1,HUFL,24,45,xgboost,3.0153866975944332
2017-10-24 15:00:00,etth1,HUFL,24,45,xgboost,2.5098339975041575
2017-10-24 16:00:00,etth1,HUFL,24,45,xgboost,2.8168985174667363
2017-10-24 17:00:00,etth1,HUFL,24,45,xgboost,3.3048803216610207
2017-10-24 18:00:00,etth1,HUFL,24,45,xgboost,3.2789290938359437
2017-10-24 19:00:00,etth1,HUFL,24,45,xgboost,3.088544930852819
2017-10-24 20:00:00,etth1,HUFL,24,45,xgboost,3.2994636098563626
2017-10-24 21:00:00,etth1,HUFL,24,45,xgboost,3.4231080622812606
2017-10-24 22:00:00,etth1,HUFL,24,45,xgboost,3.7734354834339974
2017-10-24 23:00:00,etth1,HUFL,24,45,xgboost,3.513474937092726
2017-10-25 00:00:00,etth1,HUFL,24,45,xgboost,3.507929783559162
2017-10-25 01:00:00,etth1,HUFL,24,45,xgboost,3.500504110152464
2017-10-25 02:00:00,etth1,HUFL,24,45,xgboost,3.460828163692257
2017-10-25 03:00:00,etth1,HUFL,24,45,xgboost,3.298062777574381
2017-10-25 04:00:00,etth1,HUFL,24,45,xgboost,3.490467929551798
2017-10-25 05:00:00,etth1,HUFL,24,45,xgboost,3.248673619836255
2017-10-25 06:00:00,etth1,HUFL,24,45,xgboost,3.2143838426174653
2017-10-25 07:00:00,etth1,HUFL,24,45,xgboost,3.5114936590631554
2017-10-25 08:00:00,etth1,HUFL,24,45,xgboost,4.34610102637772
2017-10-25 09:00:00,etth1,HUFL,24,45,xgboost,2.721404070376272
2017-10-25 10:00:00,etth1,HUFL,24,45,xgboost,2.6548322140307774
2017-10-25 11:00:00,etth1,HUFL,24,45,xgboost,2.8732099408261234
2017-10-25 12:00:00,etth1,HUFL,24,45,xgboost,2.8839883866841762
2017-10-25 13:00:00,etth1,HUFL,24,45,xgboost,2.5549983059967203
2017-10-25 14:00:00,etth1,HUFL,24,45,xgboost,2.5228181126469704
2017-10-25 15:00:00,etth1,HUFL,24,45,xgboost,2.618939171535972
2017-10-25 16:00:00,etth1,HUFL,24,45,xgboost,2.3081916244636442
2017-10-25 17:00:00,etth1,HUFL,24,45,xgboost,2.476821128770549
2017-10-25 18:00:00,etth1,HUFL,24,45,xgboost,2.3328175305181804
2017-10-25 19:00:00,etth1,HUFL,24,45,xgboost,2.01904546855809
2017-10-25 20:00:00,etth1,HUFL,24,45,xgboost,1.8452156243092948
2017-10-25 21:00:00,etth1,HUFL,24,45,xgboost,1.6428057043472133
2017-10-25 22:00:00,etth1,HUFL,24,45,xgboost,1.6644360668743972
2017-10-25 23:00:00,etth1,HUFL,24,45,xgboost,1.6871287207553383
2017-10-26 00:00:00,etth1,HUFL,24,45,xgboost,1.832072866231952
2017-10-26 01:00:00,etth1,HUFL,24,45,xgboost,1.4958422861025327
2017-10-26 02:00:00,etth1,HUFL,24,45,xgboost,1.933526801434309
2017-10-26 03:00:00,etth1,HUFL,24,45,xgboost,1.9311568740972642
2017-10-26 04:00:00,etth1,HUFL,24,45,xgboost,1.9418367158414949
2017-10-26 05:00:00,etth1,HUFL,24,45,xgboost,1.7318433045630197
2017-10-26 06:00:00,etth1,HUFL,24,45,xgboost,1.7999434445974298
2017-10-26 07:00:00,etth1,HUFL,24,45,xgboost,1.7280684933417862
2017-10-26 08:00:00,etth1,HUFL,24,45,xgboost,1.907906173190889
2017-10-26 09:00:00,etth1,HUFL,24,45,xgboost,1.6676238253092588
2017-10-26 10:00:00,etth1,HUFL,24,45,xgboost,2.525473874034644
2017-10-26 11:00:00,etth1,HUFL,24,45,xgboost,1.7475568836640327
2017-10-26 12:00:00,etth1,HUFL,24,45,xgboost,2.7228431520371164
2017-10-26 13:00:00,etth1,HUFL,24,45,xgboost,1.1574372051510935
2017-10-26 14:00:00,etth1,HUFL,24,45,xgboost,2.21453099536706
2017-10-26 15:00:00,etth1,HUFL,24,45,xgboost,1.6254482098090248
2017-10-26 16:00:00,etth1,HUFL,24,45,xgboost,1.6697761415556984
2017-10-26 17:00:00,etth1,HUFL,24,45,xgboost,2.0158637117946134
2017-10-26 18:00:00,etth1,HUFL,24,45,xgboost,2.0488832852085985
2017-10-26 19:00:00,etth1,HUFL,24,45,xgboost,1.9640381156400535
2017-10-26 20:00:00,etth1,HUFL,24,45,xgboost,1.9475060610877672
2017-10-26 21:00:00,etth1,HUFL,24,45,xgboost,2.3011521895184246
2017-10-26 22:00:00,etth1,HUFL,24,45,xgboost,2.4064049819251196
2017-10-26 23:00:00,etth1,HUFL,24,45,xgboost,2.135775121356327
2017-10-27 00:00:00,etth1,HUFL,24,45,xgboost,1.9999194552020307
2017-10-27 01:00:00,etth1,HUFL,24,45,xgboost,2.279735535851017
2017-10-27 02:00:00,etth1,HUFL,24,45,xgboost,2.76836510031104
2017-10-27 03:00:00,etth1,HUFL,24,45,xgboost,2.6520339334925462
2017-10-27 04:00:00,etth1,HUFL,24,45,xgboost,2.627396947288675
2017-10-27 05:00:00,etth1,HUFL,24,45,xgboost,2.572069705793109
2017-10-27 06:00:00,etth1,HUFL,24,45,xgboost,2.543724734378025
2017-10-27 07:00:00,etth1,HUFL,24,45,xgboost,2.6305742146343296
2017-10-27 08:00:00,etth1,HUFL,24,45,xgboost,2.8971149658065016
2017-10-27 09:00:00,etth1,HUFL,24,45,xgboost,2.029082268852248
2017-10-27 10:00:00,etth1,HUFL,24,45,xgboost,1.635783368066912
2017-10-27 11:00:00,etth1,HUFL,24,45,xgboost,1.5939323203625824
2017-10-27 12:00:00,etth1,HUFL,24,45,xgboost,1.7488745283565255
2017-10-27 13:00:00,etth1,HUFL,24,45,xgboost,2.4097165391582807
2017-10-27 14:00:00,etth1,HUFL,24,45,xgboost,2.4900409179929617
2017-10-27 15:00:00,etth1,HUFL,24,45,xgboost,3.548497752953967
2017-10-27 16:00:00,etth1,HUFL,24,45,xgboost,3.2289682647158657
2017-10-27 17:00:00,etth1,HUFL,24,45,xgboost,3.103289322717447
2017-10-27 18:00:00,etth1,HUFL,24,45,xgboost,3.416805496557952
2017-10-27 19:00:00,etth1,HUFL,24,45,xgboost,3.20775616364668
2017-10-27 20:00:00,etth1,HUFL,24,45,xgboost,3.159848636617216
2017-10-27 21:00:00,etth1,HUFL,24,45,xgboost,3.507555679105238
2017-10-27 22:00:00,etth1,HUFL,24,45,xgboost,3.575459114068593
2017-10-27 23:00:00,etth1,HUFL,24,45,xgboost,3.988857805316949
2017-10-28 00:00:00,etth1,HUFL,24,45,xgboost,4.003144740546005
2017-10-28 01:00:00,etth1,HUFL,24,45,xgboost,3.779870182676852
2017-10-28 02:00:00,etth1,HUFL,24,45,xgboost,4.1162806437213915
2017-10-28 03:00:00,etth1,HUFL,24,45,xgboost,4.203905566318057
2017-10-28 04:00:00,etth1,HUFL,24,45,xgboost,4.167191692213379
2017-10-28 05:00:00,etth1,HUFL,24,45,xgboost,3.993558986193435
2017-10-28 06:00:00,etth1,HUFL,24,45,xgboost,4.348355214141285
2017-10-28 07:00:00,etth1,HUFL,24,45,xgboost,4.20075244348319
2017-10-28 08:00:00,etth1,HUFL,24,45,xgboost,4.6823147726605745
2017-10-28 09:00:00,etth1,HUFL,24,45,xgboost,3.5219961433292553
2017-10-28 10:00:00,etth1,HUFL,24,45,xgboost,2.900932760488675
2017-10-28 11:00:00,etth1,HUFL,24,45,xgboost,2.7147514163867883
2017-10-28 12:00:00,etth1,HUFL,24,45,xgboost,3.081985752016673
2017-10-28 13:00:00,etth1,HUFL,24,45,xgboost,3.7659279320974384
2017-10-28 14:00:00,etth1,HUFL,24,45,xgboost,4.1458405974968695
2017-10-28 15:00:00,etth1,HUFL,24,45,xgboost,3.6938565821710996
2017-10-28 16:00:00,etth1,HUFL,24,45,xgboost,3.4656559480930422
2017-10-28 17:00:00,etth1,HUFL,24,45,xgboost,3.7497182772348516
2017-10-28 18:00:00,etth1,HUFL,24,45,xgboost,3.524749214078456
2017-10-28 19:00:00,etth1,HUFL,24,45,xgboost,3.0736450923264407
2017-10-28 20:00:00,etth1,HUFL,24,45,xgboost,2.920465981757946
2017-10-28 21:00:00,etth1,HUFL,24,45,xgboost,2.765972845372325
2017-10-28 22:00:00,etth1,HUFL,24,45,xgboost,3.0609710690010306
2017-10-28 23:00:00,etth1,HUFL,24,45,xgboost,3.4863255892663445
2017-10-29 00:00:00,etth1,HUFL,24,45,xgboost,3.109209038140635
2017-10-29 01:00:00,etth1,HUFL,24,45,xgboost,2.9204240249815734
2017-10-29 02:00:00,etth1,HUFL,24,45,xgboost,2.829534011401272
2017-10-29 03:00:00,etth1,HUFL,24,45,xgboost,2.6741220374587353
2017-10-29 04:00:00,etth1,HUFL,24,45,xgboost,2.8871265396201964
2017-10-29 05:00:00,etth1,HUFL,24,45,xgboost,2.8480873956555524
2017-10-29 06:00:00,etth1,HUFL,24,45,xgboost,2.3912143565842796
2017-10-29 07:00:00,etth1,HUFL,24,45,xgboost,2.372024123159416
2017-10-29 08:00:00,etth1,HUFL,24,45,xgboost,1.9852314999770613
2017-10-29 09:00:00,etth1,HUFL,24,45,xgboost,2.410532509774526
2017-10-29 10:00:00,etth1,HUFL,24,45,xgboost,2.7752399294687073
2017-10-29 11:00:00,etth1,HUFL,24,45,xgboost,3.5471768028062716
2017-10-29 12:00:00,etth1,HUFL,24,45,xgboost,4.245272024787753
2017-10-29 13:00:00,etth1,HUFL,24,45,xgboost,4.339434103119819
2017-10-29 14:00:00,etth1,HUFL,24,45,xgboost,4.764692312103365
2017-10-29 15:00:00,etth1,HUFL,24,45,xgboost,4.309493283383538
2017-10-29 16:00:00,etth1,HUFL,24,45,xgboost,3.883842270615089
2017-10-29 17:00:00,etth1,HUFL,24,45,xgboost,3.999722146148913
2017-10-29 18:00:00,etth1,HUFL,24,45,xgboost,4.347120460973486
2017-10-29 19:00:00,etth1,HUFL,24,45,xgboost,4.442577715346468
2017-10-29 20:00:00,etth1,HUFL,24,45,xgboost,4.217245934278318
2017-10-29 21:00:00,etth1,HUFL,24,45,xgboost,4.289062532062538
2017-10-29 22:00:00,etth1,HUFL,24,45,xgboost,4.436873952067233
2017-10-29 23:00:00,etth1,HUFL,24,45,xgboost,4.3561258204655635
2017-10-30 00:00:00,etth1,HUFL,24,45,xgboost,4.0370831115949395
2017-10-30 01:00:00,etth1,HUFL,24,45,xgboost,3.638278550847834
2017-10-30 02:00:00,etth1,HUFL,24,45,xgboost,3.5367298005147902
2017-10-30 03:00:00,etth1,HUFL,24,45,xgboost,3.280570657402332
2017-10-30 04:00:00,etth1,HUFL,24,45,xgboost,3.3198042757077904
2017-10-30 05:00:00,etth1,HUFL,24,45,xgboost,3.466404118067326
2017-10-30 06:00:00,etth1,HUFL,24,45,xgboost,3.505353612531859
2017-10-30 07:00:00,etth1,HUFL,24,45,xgboost,3.3196006164115226
2017-10-30 08:00:00,etth1,HUFL,24,45,xgboost,3.913070778570056
2017-10-30 09:00:00,etth1,HUFL,24,45,xgboost,3.215044476968942
2017-10-30 10:00:00,etth1,HUFL,24,45,xgboost,2.8632106369723744
2017-10-30 11:00:00,etth1,HUFL,24,45,xgboost,3.3253451053625582
2017-10-30 12:00:00,etth1,HUFL,24,45,xgboost,3.5750387596161564
2017-10-30 13:00:00,etth1,HUFL,24,45,xgboost,3.5217531668057034
2017-10-30 14:00:00,etth1,HUFL,24,45,xgboost,3.7649031097917827
2017-10-30 15:00:00,etth1,HUFL,24,45,xgboost,3.786953860872252
2017-10-30 16:00:00,etth1,HUFL,24,45,xgboost,4.468345563174491
2017-10-30 17:00:00,etth1,HUFL,24,45,xgboost,5.364230501352034
2017-10-30 18:00:00,etth1,HUFL,24,45,xgboost,4.62115765890456
2017-10-30 19:00:00,etth1,HUFL,24,45,xgboost,4.899340615241337
2017-10-30 20:00:00,etth1,HUFL,24,45,xgboost,5.351373574503618
2017-10-30 21:00:00,etth1,HUFL,24,45,xgboost,5.722339252034495
2017-10-30 22:00:00,etth1,HUFL,24,45,xgboost,5.929182764757246
2017-10-30 23:00:00,etth1,HUFL,24,45,xgboost,6.520928607449904
2017-10-31 00:00:00,etth1,HUFL,24,45,xgboost,6.837234771013647
2017-10-31 01:00:00,etth1,HUFL,24,45,xgboost,6.47458572119849
2017-10-31 02:00:00,etth1,HUFL,24,45,xgboost,6.603938836556058
2017-10-31 03:00:00,etth1,HUFL,24,45,xgboost,6.590859642525314
2017-10-31 04:00:00,etth1,HUFL,24,45,xgboost,5.95890231969922
2017-10-31 05:00:00,etth1,HUFL,24,45,xgboost,5.418814503142978
2017-10-31 06:00:00,etth1,HUFL,24,45,xgboost,5.645367891408842
2017-10-31 07:00:00,etth1,HUFL,24,45,xgboost,5.243782507459156
2017-10-31 08:00:00,etth1,HUFL,24,45,xgboost,4.850342630460265
2017-10-31 09:00:00,etth1,HUFL,24,45,xgboost,3.4475524762094616
2017-10-31 10:00:00,etth1,HUFL,24,45,xgboost,2.669166736415027
2017-10-31 11:00:00,etth1,HUFL,24,45,xgboost,3.244549646394527
2017-10-31 12:00:00,etth1,HUFL,24,45,xgboost,4.281108014982362
2017-10-31 13:00:00,etth1,HUFL,24,45,xgboost,4.358271393171095
2017-10-31 14:00:00,etth1,HUFL,24,45,xgboost,4.963935513284915
2017-10-31 15:00:00,etth1,HUFL,24,45,xgboost,5.559590663077382
2017-10-31 16:00:00,etth1,HUFL,24,45,xgboost,5.67089920705438
2017-10-31 17:00:00,etth1,HUFL,24,45,xgboost,6.58759589904589
2017-10-31 18:00:00,etth1,HUFL,24,45,xgboost,6.485816555412222
2017-10-31 19:00:00,etth1,HUFL,24,45,xgboost,6.135864485882959
2017-10-31 20:00:00,etth1,HUFL,24,45,xgboost,5.989835179793796
2017-10-31 21:00:00,etth1,HUFL,24,45,xgboost,6.187480668056501
2017-10-31 22:00:00,etth1,HUFL,24,45,xgboost,6.081975373674126
2017-10-31 23:00:00,etth1,HUFL,24,45,xgboost,6.276378686166332
2017-11-01 00:00:00,etth1,HUFL,24,45,xgboost,6.858368077653938
2017-11-01 01:00:00,etth1,HUFL,24,45,xgboost,6.76069718544031
2017-11-01 02:00:00,etth1,HUFL,24,45,xgboost,6.628861946593514
2017-11-01 03:00:00,etth1,HUFL,24,45,xgboost,6.503108192083318
2017-11-01 04:00:00,etth1,HUFL,24,45,xgboost,6.346425372340458
2017-11-01 05:00:00,etth1,HUFL,24,45,xgboost,6.3485021049020816
2017-11-01 06:00:00,etth1,HUFL,24,45,xgboost,6.687065900699845
2017-11-01 07:00:00,etth1,HUFL,24,45,xgboost,6.258010289963997
2017-11-01 08:00:00,etth1,HUFL,24,45,xgboost,6.411066497762884
2017-11-01 09:00:00,etth1,HUFL,24,45,xgboost,4.6794832870224665
2017-11-01 10:00:00,etth1,HUFL,24,45,xgboost,4.251624155313677
2017-11-01 11:00:00,etth1,HUFL,24,45,xgboost,4.324023788812078
2017-11-01 12:00:00,etth1,HUFL,24,45,xgboost,3.9813665837830197
2017-11-01 13:00:00,etth1,HUFL,24,45,xgboost,4.108179496655213
2017-11-01 14:00:00,etth1,HUFL,24,45,xgboost,4.0800977137643
2017-11-01 15:00:00,etth1,HUFL,24,45,xgboost,5.44806941597907
2017-11-01 16:00:00,etth1,HUFL,24,45,xgboost,5.659486987647855
2017-11-01 17:00:00,etth1,HUFL,24,45,xgboost,5.459744900224343
2017-11-01 18:00:00,etth1,HUFL,24,45,xgboost,5.360614757389534
2017-11-01 19:00:00,etth1,HUFL,24,45,xgboost,4.930200048919318
2017-11-01 20:00:00,etth1,HUFL,24,45,xgboost,4.532698896815045
2017-11-01 21:00:00,etth1,HUFL,24,45,xgboost,4.164135439170532
2017-11-01 22:00:00,etth1,HUFL,24,45,xgboost,4.121100501756289
2017-11-01 23:00:00,etth1,HUFL,24,45,xgboost,3.7838274070155635
2017-11-02 00:00:00,etth1,HUFL,24,45,xgboost,4.060136615199341
2017-11-02 01:00:00,etth1,HUFL,24,45,xgboost,3.6937617029954377
2017-11-02 02:00:00,etth1,HUFL,24,45,xgboost,4.013995104623568
2017-11-02 03:00:00,etth1,HUFL,24,45,xgboost,4.281157057692192
2017-11-02 04:00:00,etth1,HUFL,24,45,xgboost,4.133932194193788
2017-11-02 05:00:00,etth1,HUFL,24,45,xgboost,3.995082492218638
2017-11-02 06:00:00,etth1,HUFL,24,45,xgboost,4.036823834595711
2017-11-02 07:00:00,etth1,HUFL,24,45,xgboost,3.792883509915604
2017-11-02 08:00:00,etth1,HUFL,24,45,xgboost,3.852855477535235
2017-11-02 09:00:00,etth1,HUFL,24,45,xgboost,2.959825952151917
2017-11-02 10:00:00,etth1,HUFL,24,45,xgboost,2.7487210234973496
2017-11-02 11:00:00,etth1,HUFL,24,45,xgboost,1.396024524246421
2017-11-02 12:00:00,etth1,HUFL,24,45,xgboost,1.4192001670127665
2017-11-02 13:00:00,etth1,HUFL,24,45,xgboost,1.9445785941215163
2017-11-02 14:00:00,etth1,HUFL,24,45,xgboost,2.2850582816888734
2017-11-02 15:00:00,etth1,HUFL,24,45,xgboost,2.3329042367423143
2017-11-02 16:00:00,etth1,HUFL,24,45,xgboost,2.315885383957571
2017-11-02 17:00:00,etth1,HUFL,24,45,xgboost,2.0540334598327608
2017-11-02 18:00:00,etth1,HUFL,24,45,xgboost,1.9270350099889537
2017-11-02 19:00:00,etth1,HUFL,24,45,xgboost,1.5624471145343708
2017-11-02 20:00:00,etth1,HUFL,24,45,xgboost,1.3229628559292834
2017-11-02 21:00:00,etth1,HUFL,24,45,xgboost,1.5594416269690934
2017-11-02 22:00:00,etth1,HUFL,24,45,xgboost,1.616520330615762
2017-11-02 23:00:00,etth1,HUFL,24,45,xgboost,1.6900150229226905
2017-11-03 00:00:00,etth1,HUFL,24,45,xgboost,1.3357519751151135
2017-11-03 01:00:00,etth1,HUFL,24,45,xgboost,1.271330629762416
2017-11-03 02:00:00,etth1,HUFL,24,45,xgboost,1.430634226225622
2017-11-03 03:00:00,etth1,HUFL,24,45,xgboost,1.9983426469521168
2017-11-03 04:00:00,etth1,HUFL,24,45,xgboost,1.7481293534788278
2017-11-03 05:00:00,etth1,HUFL,24,45,xgboost,2.0470053065646145
2017-11-03 06:00:00,etth1,HUFL,24,45,xgboost,2.4260156916368683
2017-11-03 07:00:00,etth1,HUFL,24,45,xgboost,2.285029479359629
2017-11-03 08:00:00,etth1,HUFL,24,45,xgboost,2.4389167204970583
2017-11-03 09:00:00,etth1,HUFL,24,45,xgboost,2.178929082534038
2017-11-03 10:00:00,etth1,HUFL,24,45,xgboost,1.5738452523017987
2017-11-03 11:00:00,etth1,HUFL,24,45,xgboost,2.39218003682235
2017-11-03 12:00:00,etth1,HUFL,24,45,xgboost,3.290516396211215
2017-11-03 13:00:00,etth1,HUFL,24,45,xgboost,4.8740550605434425
2017-11-03 14:00:00,etth1,HUFL,24,45,xgboost,5.7426536096398415
2017-11-03 15:00:00,etth1,HUFL,24,45,xgboost,6.094674145836599
2017-11-03 16:00:00,etth1,HUFL,24,45,xgboost,6.143238044366751
2017-11-03 17:00:00,etth1,HUFL,24,45,xgboost,6.610345493689476
2017-11-03 18:00:00,etth1,HUFL,24,45,xgboost,6.824585784855252
2017-11-03 19:00:00,etth1,HUFL,24,45,xgboost,6.742402779840184
2017-11-03 20:00:00,etth1,HUFL,24,45,xgboost,6.169097991991268
2017-11-03 21:00:00,etth1,HUFL,24,45,xgboost,6.263240944800541
2017-11-03 22:00:00,etth1,HUFL,24,45,xgboost,6.429732023202725
2017-11-03 23:00:00,etth1,HUFL,24,45,xgboost,6.13628827773908
2017-11-04 00:00:00,etth1,HUFL,24,45,xgboost,5.595615029580873
2017-11-04 01:00:00,etth1,HUFL,24,45,xgboost,5.132673745820357
2017-11-04 02:00:00,etth1,HUFL,24,45,xgboost,4.964009219017423
2017-11-04 03:00:00,etth1,HUFL,24,45,xgboost,4.707777918050315
2017-11-04 04:00:00,etth1,HUFL,24,45,xgboost,4.410348562222665
2017-11-04 05:00:00,etth1,HUFL,24,45,xgboost,4.69619168702748
2017-11-04 06:00:00,etth1,HUFL,24,45,xgboost,4.780431344128119
2017-11-04 07:00:00,etth1,HUFL,24,45,xgboost,4.645779558927394
2017-11-04 08:00:00,etth1,HUFL,24,45,xgboost,5.020888544378247
2017-11-04 09:00:00,etth1,HUFL,24,45,xgboost,3.6075751622708747
2017-11-04 10:00:00,etth1,HUFL,24,45,xgboost,3.251344508029541
2017-11-04 11:00:00,etth1,HUFL,24,45,xgboost,3.0981474433589984
2017-11-04 12:00:00,etth1,HUFL,24,45,xgboost,2.728426676003398
2017-11-04 13:00:00,etth1,HUFL,24,45,xgboost,2.4772637175064602
2017-11-04 14:00:00,etth1,HUFL,24,45,xgboost,3.0931357047656003
2017-11-04 15:00:00,etth1,HUFL,24,45,xgboost,3.4560396316790474
2017-11-04 16:00:00,etth1,HUFL,24,45,xgboost,3.8291159037081086
2017-11-04 17:00:00,etth1,HUFL,24,45,xgboost,3.650108662190003
2017-11-04 18:00:00,etth1,HUFL,24,45,xgboost,3.654958645423099
2017-11-04 19:00:00,etth1,HUFL,24,45,xgboost,3.269323512375674
2017-11-04 20:00:00,etth1,HUFL,24,45,xgboost,3.325256160582498
2017-11-04 21:00:00,etth1,HUFL,24,45,xgboost,3.605590936382839
2017-11-04 22:00:00,etth1,HUFL,24,45,xgboost,3.310394024558949
2017-11-04 23:00:00,etth1,HUFL,24,45,xgboost,2.9321059345794733
2017-11-05 00:00:00,etth1,HUFL,24,45,xgboost,3.4604934767845816
2017-11-05 01:00:00,etth1,HUFL,24,45,xgboost,3.0955731793425834
2017-11-05 02:00:00,etth1,HUFL,24,45,xgboost,3.0195596790089083
2017-11-05 03:00:00,etth1,HUFL,24,45,xgboost,3.590086169515631
2017-11-05 04:00:00,etth1,HUFL,24,45,xgboost,3.7288961063785044
2017-11-05 05:00:00,etth1,HUFL,24,45,xgboost,3.174677072978016
2017-11-05 06:00:00,etth1,HUFL,24,45,xgboost,3.3275275395241857
2017-11-05 07:00:00,etth1,HUFL,24,45,xgboost,3.3489495808801877
2017-11-05 08:00:00,etth1,HUFL,24,45,xgboost,4.218941491442226
2017-11-05 09:00:00,etth1,HUFL,24,45,xgboost,3.410206614580433
2017-11-05 10:00:00,etth1,HUFL,24,45,xgboost,2.9445503228236873
2017-11-05 11:00:00,etth1,HUFL,24,45,xgboost,1.7782588853737014
2017-11-05 12:00:00,etth1,HUFL,24,45,xgboost,2.04906980288999
2017-11-05 13:00:00,etth1,HUFL,24,45,xgboost,2.1220140627197033
2017-11-05 14:00:00,etth1,HUFL,24,45,xgboost,2.5713107257759447
2017-11-05 15:00:00,etth1,HUFL,24,45,xgboost,3.122470810635328
2017-11-05 16:00:00,etth1,HUFL,24,45,xgboost,3.311286755290959
2017-11-05 17:00:00,etth1,HUFL,24,45,xgboost,3.0064892009825948
2017-11-05 18:00:00,etth1,HUFL,24,45,xgboost,3.2244531373054954
2017-11-05 19:00:00,etth1,HUFL,24,45,xgboost,3.0213025998691845
2017-11-05 20:00:00,etth1,HUFL,24,45,xgboost,2.9679452482190656
2017-11-05 21:00:00,etth1,HUFL,24,45,xgboost,3.218672296792404
2017-11-05 22:00:00,etth1,HUFL,24,45,xgboost,3.136390841313318
2017-11-05 23:00:00,etth1,HUFL,24,45,xgboost,3.17342364530978
2017-11-06 00:00:00,etth1,HUFL,24,45,xgboost,3.5590699906428007
2017-11-06 01:00:00,etth1,HUFL,24,45,xgboost,3.4400162854570215
2017-11-06 02:00:00,etth1,HUFL,24,45,xgboost,3.173491609137027
2017-11-06 03:00:00,etth1,HUFL,24,45,xgboost,3.07186917981023
2017-11-06 04:00:00,etth1,HUFL,24,45,xgboost,2.9539290193240837
2017-11-06 05:00:00,etth1,HUFL,24,45,xgboost,2.5601400671121923
2017-11-06 06:00:00,etth1,HUFL,24,45,xgboost,2.764340574961942
2017-11-06 07:00:00,etth1,HUFL,24,45,xgboost,2.847682076428326
2017-11-06 08:00:00,etth1,HUFL,24,45,xgboost,3.8534413213830754
2017-11-06 09:00:00,etth1,HUFL,24,45,xgboost,3.0258056909443405
2017-11-06 10:00:00,etth1,HUFL,24,45,xgboost,2.5533260725529074
2017-11-06 11:00:00,etth1,HUFL,24,45,xgboost,2.897872969715614
2017-11-06 12:00:00,etth1,HUFL,24,45,xgboost,2.7122981609226477
2017-11-06 13:00:00,etth1,HUFL,24,45,xgboost,2.6381139853406164
2017-11-06 14:00:00,etth1,HUFL,24,45,xgboost,2.679636626520645
2017-11-06 15:00:00,etth1,HUFL,24,45,xgboost,2.5860194742523466
2017-11-06 16:00:00,etth1,HUFL,24,45,xgboost,2.5701315332312125
2017-11-06 17:00:00,etth1,HUFL,24,45,xgboost,2.0839134719627745
2017-11-06 18:00:00,etth1,HUFL,24,45,xgboost,2.1745537681860774
2017-11-06 19:00:00,etth1,HUFL,24,45,xgboost,2.254274304063594
2017-11-06 20:00:00,etth1,HUFL,24,45,xgboost,2.0074737636059923
2017-11-06 21:00:00,etth1,HUFL,24,45,xgboost,1.7465976193698596
2017-11-06 22:00:00,etth1,HUFL,24,45,xgboost,1.732562154890741
2017-11-06 23:00:00,etth1,HUFL,24,45,xgboost,2.0939682871083996
2017-11-07 00:00:00,etth1,HUFL,24,45,xgboost,1.8941371265020817
2017-11-07 01:00:00,etth1,HUFL,24,45,xgboost,2.17610179658933
2017-11-07 02:00:00,etth1,HUFL,24,45,xgboost,2.221581558119794
2017-11-07 03:00:00,etth1,HUFL,24,45,xgboost,1.9360965467320694
2017-11-07 04:00:00,etth1,HUFL,24,45,xgboost,1.8357020278422027
2017-11-07 05:00:00,etth1,HUFL,24,45,xgboost,1.93227824068009
2017-11-07 06:00:00,etth1,HUFL,24,45,xgboost,2.157292320274562
2017-11-07 07:00:00,etth1,HUFL,24,45,xgboost,2.653975323444525
2017-11-07 08:00:00,etth1,HUFL,24,45,xgboost,2.722966117047411
2017-11-07 09:00:00,etth1,HUFL,24,45,xgboost,3.423627544662122
2017-11-07 10:00:00,etth1,HUFL,24,45,xgboost,2.433219713690202
2017-11-07 11:00:00,etth1,HUFL,24,45,xgboost,3.200279311861364
2017-11-07 12:00:00,etth1,HUFL,24,45,xgboost,3.677302471090354
2017-11-07 13:00:00,etth1,HUFL,24,45,xgboost,3.7171791669310648
2017-11-07 14:00:00,etth1,HUFL,24,45,xgboost,3.9621898646664895
2017-11-07 15:00:00,etth1,HUFL,24,45,xgboost,4.171756614871758
2017-11-07 16:00:00,etth1,HUFL,24,45,xgboost,3.5069618805156524
2017-11-07 17:00:00,etth1,HUFL,24,45,xgboost,3.687339536273091
2017-11-07 18:00:00,etth1,HUFL,24,45,xgboost,4.014302091788921
2017-11-07 19:00:00,etth1,HUFL,24,45,xgboost,4.166958574249295
2017-11-07 20:00:00,etth1,HUFL,24,45,xgboost,4.059763870049367
2017-11-07 21:00:00,etth1,HUFL,24,45,xgboost,4.103267843410509
2017-11-07 22:00:00,etth1,HUFL,24,45,xgboost,4.372789188355257
2017-11-07 23:00:00,etth1,HUFL,24,45,xgboost,4.396104162012727
2017-11-08 00:00:00,etth1,HUFL,24,45,xgboost,4.759999950618716
2017-11-08 01:00:00,etth1,HUFL,24,45,xgboost,4.82459437924673
2017-11-08 02:00:00,etth1,HUFL,24,45,xgboost,5.009506870149389
2017-11-08 03:00:00,etth1,HUFL,24,45,xgboost,4.952361555076756
2017-11-08 04:00:00,etth1,HUFL,24,45,xgboost,4.875868219571898
2017-11-08 05:00:00,etth1,HUFL,24,45,xgboost,5.081584079882961
2017-11-08 06:00:00,etth1,HUFL,24,45,xgboost,5.015558244299314
2017-11-08 07:00:00,etth1,HUFL,24,45,xgboost,4.71037564516243
2017-11-08 08:00:00,etth1,HUFL,24,45,xgboost,5.1736461437176375
2017-11-08 09:00:00,etth1,HUFL,24,45,xgboost,4.024520492658831
2017-11-08 10:00:00,etth1,HUFL,24,45,xgboost,3.222260505724632
2017-11-08 11:00:00,etth1,HUFL,24,45,xgboost,3.5004303183633003
2017-11-08 12:00:00,etth1,HUFL,24,45,xgboost,3.462382702292715
2017-11-08 13:00:00,etth1,HUFL,24,45,xgboost,4.059733017473223
2017-11-08 14:00:00,etth1,HUFL,24,45,xgboost,4.164084838046362
2017-11-08 15:00:00,etth1,HUFL,24,45,xgboost,4.6958098336186564
2017-11-08 16:00:00,etth1,HUFL,24,45,xgboost,4.993824811756647
2017-11-08 17:00:00,etth1,HUFL,24,45,xgboost,4.933585361636996
2017-11-08 18:00:00,etth1,HUFL,24,45,xgboost,5.394845777451102
2017-11-08 19:00:00,etth1,HUFL,24,45,xgboost,5.447658981989059
2017-11-08 20:00:00,etth1,HUFL,24,45,xgboost,5.159991194584774
2017-11-08 21:00:00,etth1,HUFL,24,45,xgboost,5.421954430605111
2017-11-08 22:00:00,etth1,HUFL,24,45,xgboost,5.134833035831332
2017-11-08 23:00:00,etth1,HUFL,24,45,xgboost,5.3514660933779625
2017-11-09 00:00:00,etth1,HUFL,24,45,xgboost,5.380305804215048
2017-11-09 01:00:00,etth1,HUFL,24,45,xgboost,5.398343240974023
2017-11-09 02:00:00,etth1,HUFL,24,45,xgboost,5.033764350900651
2017-11-09 03:00:00,etth1,HUFL,24,45,xgboost,5.439996654866675
2017-11-09 04:00:00,etth1,HUFL,24,45,xgboost,5.369185164166853
2017-11-09 05:00:00,etth1,HUFL,24,45,xgboost,5.3460349525242306
2017-11-09 06:00:00,etth1,HUFL,24,45,xgboost,5.298504343546974
2017-11-09 07:00:00,etth1,HUFL,24,45,xgboost,5.279704536647527
2017-11-09 08:00:00,etth1,HUFL,24,45,xgboost,5.467092802650515
2017-11-09 09:00:00,etth1,HUFL,24,45,xgboost,4.178724886333026
2017-11-09 10:00:00,etth1,HUFL,24,45,xgboost,3.14566428401332
2017-11-09 11:00:00,etth1,HUFL,24,45,xgboost,2.5046279412580432
2017-11-09 12:00:00,etth1,HUFL,24,45,xgboost,2.5082383734411917
2017-11-09 13:00:00,etth1,HUFL,24,45,xgboost,2.331345383937846
2017-11-09 14:00:00,etth1,HUFL,24,45,xgboost,2.237323994052535
2017-11-09 15:00:00,etth1,HUFL,24,45,xgboost,2.6284859907993066
2017-11-09 16:00:00,etth1,HUFL,24,45,xgboost,2.24704404862956
2017-11-09 17:00:00,etth1,HUFL,24,45,xgboost,2.372747229422239
2017-11-09 18:00:00,etth1,HUFL,24,45,xgboost,2.049191975792512
2017-11-09 19:00:00,etth1,HUFL,24,45,xgboost,2.093497461527908
2017-11-09 20:00:00,etth1,HUFL,24,45,xgboost,2.238793009902048
2017-11-09 21:00:00,etth1,HUFL,24,45,xgboost,2.1606694394035983
2017-11-09 22:00:00,etth1,HUFL,24,45,xgboost,2.532532450273876
2017-11-09 23:00:00,etth1,HUFL,24,45,xgboost,2.414977342214332
2017-11-10 00:00:00,etth1,HUFL,24,45,xgboost,2.771175725087204
2017-11-10 01:00:00,etth1,HUFL,24,45,xgboost,2.747654204415223
2017-11-10 02:00:00,etth1,HUFL,24,45,xgboost,2.648964258577862
2017-11-10 03:00:00,etth1,HUFL,24,45,xgboost,2.3326847709212397
2017-11-10 04:00:00,etth1,HUFL,24,45,xgboost,2.2204151684233726
2017-11-10 05:00:00,etth1,HUFL,24,45,xgboost,2.040873307618179
2017-11-10 06:00:00,etth1,HUFL,24,45,xgboost,2.377287075430239
2017-11-10 07:00:00,etth1,HUFL,24,45,xgboost,2.8540316870759166
2017-11-10 08:00:00,etth1,HUFL,24,45,xgboost,1.9651574026393142
2017-11-10 09:00:00,etth1,HUFL,24,45,xgboost,2.0098866646588616
2017-11-10 10:00:00,etth1,HUFL,24,45,xgboost,2.2623409258325675
2017-11-10 11:00:00,etth1,HUFL,24,45,xgboost,2.0721017211788255
2017-11-10 12:00:00,etth1,HUFL,24,45,xgboost,2.577936449335572
2017-11-10 13:00:00,etth1,HUFL,24,45,xgboost,3.3189007488632303
2017-11-10 14:00:00,etth1,HUFL,24,45,xgboost,3.1175776957351915
2017-11-10 15:00:00,etth1,HUFL,24,45,xgboost,2.631479542017314
2017-11-10 16:00:00,etth1,HUFL,24,45,xgboost,3.1418616959870858
2017-11-10 17:00:00,etth1,HUFL,24,45,xgboost,3.024665030631788
2017-11-10 18:00:00,etth1,HUFL,24,45,xgboost,2.9180600468884212
2017-11-10 19:00:00,etth1,HUFL,24,45,xgboost,2.7634523688979282
2017-11-10 20:00:00,etth1,HUFL,24,45,xgboost,2.652867625279358
2017-11-10 21:00:00,etth1,HUFL,24,45,xgboost,2.8545676495322283
2017-11-10 22:00:00,etth1,HUFL,24,45,xgboost,3.0143059753066215
2017-11-10 23:00:00,etth1,HUFL,24,45,xgboost,3.1115163884845725
2017-11-11 00:00:00,etth1,HUFL,24,45,xgboost,2.6847397695493744
2017-11-11 01:00:00,etth1,HUFL,24,45,xgboost,2.8321779637915436
2017-11-11 02:00:00,etth1,HUFL,24,45,xgboost,2.8520753831450754
2017-11-11 03:00:00,etth1,HUFL,24,45,xgboost,2.927647853205921
2017-11-11 04:00:00,etth1,HUFL,24,45,xgboost,3.164158084055042
2017-11-11 05:00:00,etth1,HUFL,24,45,xgboost,3.2879841320967373
2017-11-11 06:00:00,etth1,HUFL,24,45,xgboost,3.246405218675744
2017-11-11 07:00:00,etth1,HUFL,24,45,xgboost,3.1170851754586466
2017-11-11 08:00:00,etth1,HUFL,24,45,xgboost,3.4763966190485007
2017-11-11 09:00:00,etth1,HUFL,24,45,xgboost,2.2652758900009315
2017-11-11 10:00:00,etth1,HUFL,24,45,xgboost,2.129379326038913
2017-11-11 11:00:00,etth1,HUFL,24,45,xgboost,1.8240680273461438
2017-11-11 12:00:00,etth1,HUFL,24,45,xgboost,1.9288304076221465
2017-11-11 13:00:00,etth1,HUFL,24,45,xgboost,2.280869156323923
2017-11-11 14:00:00,etth1,HUFL,24,45,xgboost,2.3106599164114616
2017-11-11 15:00:00,etth1,HUFL,24,45,xgboost,1.534561140180081
2017-11-11 16:00:00,etth1,HUFL,24,45,xgboost,1.5107463444168294
2017-11-11 17:00:00,etth1,HUFL,24,45,xgboost,2.049604978017758
2017-11-11 18:00:00,etth1,HUFL,24,45,xgboost,1.7898494638068223
2017-11-11 19:00:00,etth1,HUFL,24,45,xgboost,1.5649077620663452
2017-11-11 20:00:00,etth1,HUFL,24,45,xgboost,1.4395967029844143
2017-11-11 21:00:00,etth1,HUFL,24,45,xgboost,1.637855302937827
2017-11-11 22:00:00,etth1,HUFL,24,45,xgboost,1.6382450079922213
2017-11-11 23:00:00,etth1,HUFL,24,45,xgboost,1.6506245309454144
2017-11-12 00:00:00,etth1,HUFL,24,45,xgboost,1.6299547115534734
2017-11-12 01:00:00,etth1,HUFL,24,45,xgboost,1.4368976246219036
2017-11-12 02:00:00,etth1,HUFL,24,45,xgboost,1.4323837889553495
2017-11-12 03:00:00,etth1,HUFL,24,45,xgboost,1.4428540325078387
2017-11-12 04:00:00,etth1,HUFL,24,45,xgboost,1.321358802415255
2017-11-12 05:00:00,etth1,HUFL,24,45,xgboost,1.4667608802221823
2017-11-12 06:00:00,etth1,HUFL,24,45,xgboost,1.496319808127266
2017-11-12 07:00:00,etth1,HUFL,24,45,xgboost,1.4586855173769286
2017-11-12 08:00:00,etth1,HUFL,24,45,xgboost,1.6297079693159746
2017-11-12 09:00:00,etth1,HUFL,24,45,xgboost,1.4935883930198546
2017-11-12 10:00:00,etth1,HUFL,24,45,xgboost,1.8703692797784737
2017-11-12 11:00:00,etth1,HUFL,24,45,xgboost,1.339409325135551
2017-11-12 12:00:00,etth1,HUFL,24,45,xgboost,1.3132371991391234
2017-11-12 13:00:00,etth1,HUFL,24,45,xgboost,1.5786172731048431
2017-11-12 14:00:00,etth1,HUFL,24,45,xgboost,1.4538395470041632
2017-11-12 15:00:00,etth1,HUFL,24,45,xgboost,1.4285098094304385
2017-11-12 16:00:00,etth1,HUFL,24,45,xgboost,1.307261093646715
2017-11-12 17:00:00,etth1,HUFL,24,45,xgboost,1.2715695634345194
2017-11-12 18:00:00,etth1,HUFL,24,45,xgboost,1.5378613945650266
2017-11-12 19:00:00,etth1,HUFL,24,45,xgboost,1.6830725410900398
2017-11-12 20:00:00,etth1,HUFL,24,45,xgboost,1.6111027641614504
2017-11-12 21:00:00,etth1,HUFL,24,45,xgboost,1.7607003659227012
2017-11-12 22:00:00,etth1,HUFL,24,45,xgboost,1.9481607619038002
2017-11-12 23:00:00,etth1,HUFL,24,45,xgboost,1.5072870973226227
2017-11-13 00:00:00,etth1,HUFL,24,45,xgboost,1.5077035408197592
2017-11-13 01:00:00,etth1,HUFL,24,45,xgboost,1.6749329312158547
2017-11-13 02:00:00,etth1,HUFL,24,45,xgboost,1.71840863366502
2017-11-13 03:00:00,etth1,HUFL,24,45,xgboost,1.8365921574889565
2017-11-13 04:00:00,etth1,HUFL,24,45,xgboost,1.5370110092513352
2017-11-13 05:00:00,etth1,HUFL,24,45,xgboost,1.4452050185440155
2017-11-13 06:00:00,etth1,HUFL,24,45,xgboost,1.5201635743299278
2017-11-13 07:00:00,etth1,HUFL,24,45,xgboost,1.6250863229107788
2017-11-13 08:00:00,etth1,HUFL,24,45,xgboost,1.5986384856866707
2017-11-13 09:00:00,etth1,HUFL,24,45,xgboost,1.5031137144880038
2017-11-13 10:00:00,etth1,HUFL,24,45,xgboost,1.673356158508798
2017-11-13 11:00:00,etth1,HUFL,24,45,xgboost,1.663147570951726
2017-11-13 12:00:00,etth1,HUFL,24,45,xgboost,1.4429238479842084
2017-11-13 13:00:00,etth1,HUFL,24,45,xgboost,1.4522027950803043
2017-11-13 14:00:00,etth1,HUFL,24,45,xgboost,1.3783294661774788
2017-11-13 15:00:00,etth1,HUFL,24,45,xgboost,1.8071540573187133
2017-11-13 16:00:00,etth1,HUFL,24,45,xgboost,2.196664342451424
2017-11-13 17:00:00,etth1,HUFL,24,45,xgboost,2.0744588737104936
2017-11-13 18:00:00,etth1,HUFL,24,45,xgboost,1.7450383569205903
2017-11-13 19:00:00,etth1,HUFL,24,45,xgboost,1.6900510628661503
2017-11-13 20:00:00,etth1,HUFL,24,45,xgboost,1.5411635793838443
2017-11-13 21:00:00,etth1,HUFL,24,45,xgboost,1.7223909230320913
2017-11-13 22:00:00,etth1,HUFL,24,45,xgboost,1.5082708144408092
2017-11-13 23:00:00,etth1,HUFL,24,45,xgboost,1.7204543377242523
2017-11-14 00:00:00,etth1,HUFL,24,45,xgboost,1.7194984905037725
2017-11-14 01:00:00,etth1,HUFL,24,45,xgboost,1.9382190453106645
2017-11-14 02:00:00,etth1,HUFL,24,45,xgboost,1.8706444785581493
2017-11-14 03:00:00,etth1,HUFL,24,45,xgboost,2.013082289353038
2017-11-14 04:00:00,etth1,HUFL,24,45,xgboost,1.9501142892125076
2017-11-14 05:00:00,etth1,HUFL,24,45,xgboost,1.8933994627257207
2017-11-14 06:00:00,etth1,HUFL,24,45,xgboost,1.910986862998124
2017-11-14 07:00:00,etth1,HUFL,24,45,xgboost,1.762116764967366
2017-11-14 08:00:00,etth1,HUFL,24,45,xgboost,2.299094329508633
2017-11-14 09:00:00,etth1,HUFL,24,45,xgboost,1.4917028276430617
2017-11-14 10:00:00,etth1,HUFL,24,45,xgboost,1.6110462493509914
2017-11-14 11:00:00,etth1,HUFL,24,45,xgboost,2.3288347888483028
2017-11-14 12:00:00,etth1,HUFL,24,45,xgboost,2.3816229542938228
2017-11-14 13:00:00,etth1,HUFL,24,45,xgboost,2.517414782481812
2017-11-14 14:00:00,etth1,HUFL,24,45,xgboost,3.0959039017823735
2017-11-14 15:00:00,etth1,HUFL,24,45,xgboost,3.6616460271406894
2017-11-14 16:00:00,etth1,HUFL,24,45,xgboost,3.9000053801819536
2017-11-14 17:00:00,etth1,HUFL,24,45,xgboost,4.557380809012166
2017-11-14 18:00:00,etth1,HUFL,24,45,xgboost,4.387644463253141
2017-11-14 19:00:00,etth1,HUFL,24,45,xgboost,4.171943262886425
2017-11-14 20:00:00,etth1,HUFL,24,45,xgboost,4.0988020382882135
2017-11-14 21:00:00,etth1,HUFL,24,45,xgboost,4.0634212140330535
2017-11-14 22:00:00,etth1,HUFL,24,45,xgboost,4.123362911215477
2017-11-14 23:00:00,etth1,HUFL,24,45,xgboost,3.428878327843961
2017-11-15 00:00:00,etth1,HUFL,24,45,xgboost,3.392122934351942
2017-11-15 01:00:00,etth1,HUFL,24,45,xgboost,3.54081820787847
2017-11-15 02:00:00,etth1,HUFL,24,45,xgboost,3.1968187624393116
2017-11-15 03:00:00,etth1,HUFL,24,45,xgboost,3.2928347824231863
2017-11-15 04:00:00,etth1,HUFL,24,45,xgboost,3.306984749382203
2017-11-15 05:00:00,etth1,HUFL,24,45,xgboost,3.1786161072484993
2017-11-15 06:00:00,etth1,HUFL,24,45,xgboost,3.3162811038331763
2017-11-15 07:00:00,etth1,HUFL,24,45,xgboost,3.1207772745082516
2017-11-15 08:00:00,etth1,HUFL,24,45,xgboost,3.3056975328257017
2017-11-15 09:00:00,etth1,HUFL,24,45,xgboost,3.4327084731821818
2017-11-15 10:00:00,etth1,HUFL,24,45,xgboost,1.8767564291050969
2017-11-15 11:00:00,etth1,HUFL,24,45,xgboost,1.609411126054393
2017-11-15 12:00:00,etth1,HUFL,24,45,xgboost,2.2827074407488035
2017-11-15 13:00:00,etth1,HUFL,24,45,xgboost,1.9965451244443162
2017-11-15 14:00:00,etth1,HUFL,24,45,xgboost,2.345873957553047
2017-11-15 15:00:00,etth1,HUFL,24,45,xgboost,2.0713773068375594
2017-11-15 16:00:00,etth1,HUFL,24,45,xgboost,1.844917044900565
2017-11-15 17:00:00,etth1,HUFL,24,45,xgboost,1.4458372208772179
2017-11-15 18:00:00,etth1,HUFL,24,45,xgboost,1.1617349792501472
2017-11-15 19:00:00,etth1,HUFL,24,45,xgboost,1.3222490375786518
2017-11-15 20:00:00,etth1,HUFL,24,45,xgboost,1.519765631530601
2017-11-15 21:00:00,etth1,HUFL,24,45,xgboost,1.4935208648795684
2017-11-15 22:00:00,etth1,HUFL,24,45,xgboost,2.014694152086282
2017-11-15 23:00:00,etth1,HUFL,24,45,xgboost,2.206372054255191
2017-11-16 00:00:00,etth1,HUFL,24,45,xgboost,2.3628791538645686
2017-11-16 01:00:00,etth1,HUFL,24,45,xgboost,2.231521986099565
2017-11-16 02:00:00,etth1,HUFL,24,45,xgboost,2.2348509279122677
2017-11-16 03:00:00,etth1,HUFL,24,45,xgboost,2.198598148268545
2017-11-16 04:00:00,etth1,HUFL,24,45,xgboost,2.3470869422582887
2017-11-16 05:00:00,etth1,HUFL,24,45,xgboost,2.5460715623555554
2017-11-16 06:00:00,etth1,HUFL,24,45,xgboost,2.3473304923679463
2017-11-16 07:00:00,etth1,HUFL,24,45,xgboost,2.5480769871080726
2017-11-16 08:00:00,etth1,HUFL,24,45,xgboost,1.5886842185935073
2017-11-16 09:00:00,etth1,HUFL,24,45,xgboost,1.515428620773707
2017-11-16 10:00:00,etth1,HUFL,24,45,xgboost,2.206591956139771
2017-11-16 11:00:00,etth1,HUFL,24,45,xgboost,2.62498245421913
2017-11-16 12:00:00,etth1,HUFL,24,45,xgboost,1.930388885140566
2017-11-16 13:00:00,etth1,HUFL,24,45,xgboost,2.041819352712032
2017-11-16 14:00:00,etth1,HUFL,24,45,xgboost,1.9966577383458113
2017-11-16 15:00:00,etth1,HUFL,24,45,xgboost,1.954267992933291
2017-11-16 16:00:00,etth1,HUFL,24,45,xgboost,1.4394104282057443
2017-11-16 17:00:00,etth1,HUFL,24,45,xgboost,1.2891220016009182
2017-11-16 18:00:00,etth1,HUFL,24,45,xgboost,1.2655678399864225
2017-11-16 19:00:00,etth1,HUFL,24,45,xgboost,1.476265918001807
2017-11-16 20:00:00,etth1,HUFL,24,45,xgboost,1.412698860454019
2017-11-16 21:00:00,etth1,HUFL,24,45,xgboost,1.5978804691311848
2017-11-16 22:00:00,etth1,HUFL,24,45,xgboost,1.1903244474761752
2017-11-16 23:00:00,etth1,HUFL,24,45,xgboost,1.064729942789714
2017-11-17 00:00:00,etth1,HUFL,24,45,xgboost,1.3402281187940706
2017-11-17 01:00:00,etth1,HUFL,24,45,xgboost,1.1874673984083357
2017-11-17 02:00:00,etth1,HUFL,24,45,xgboost,1.1578621813693777
2017-11-17 03:00:00,etth1,HUFL,24,45,xgboost,1.3170214587270868
2017-11-17 04:00:00,etth1,HUFL,24,45,xgboost,1.2149700142184943
2017-11-17 05:00:00,etth1,HUFL,24,45,xgboost,1.1090480795412943
2017-11-17 06:00:00,etth1,HUFL,24,45,xgboost,1.0446088586776279
2017-11-17 07:00:00,etth1,HUFL,24,45,xgboost,1.1116783176845528
2017-11-17 08:00:00,etth1,HUFL,24,45,xgboost,1.2881864676746904
2017-11-17 09:00:00,etth1,HUFL,24,45,xgboost,1.4237225436158196
2017-11-17 10:00:00,etth1,HUFL,24,45,xgboost,1.3631587640139802
2017-11-17 11:00:00,etth1,HUFL,24,45,xgboost,1.2527220520677884
2017-11-17 12:00:00,etth1,HUFL,24,45,xgboost,1.4266471468489559
2017-11-17 13:00:00,etth1,HUFL,24,45,xgboost,1.3660069636872005
2017-11-17 14:00:00,etth1,HUFL,24,45,xgboost,1.572994342099071
2017-11-17 15:00:00,etth1,HUFL,24,45,xgboost,1.9116731893228869
2017-11-17 16:00:00,etth1,HUFL,24,45,xgboost,2.5991931441963065
2017-11-17 17:00:00,etth1,HUFL,24,45,xgboost,2.5580455990567343
2017-11-17 18:00:00,etth1,HUFL,24,45,xgboost,2.2309085208890385
2017-11-17 19:00:00,etth1,HUFL,24,45,xgboost,2.403189657924323
2017-11-17 20:00:00,etth1,HUFL,24,45,xgboost,2.2393427184714714
2017-11-17 21:00:00,etth1,HUFL,24,45,xgboost,2.4105544191988906
2017-11-17 22:00:00,etth1,HUFL,24,45,xgboost,2.3889342403286182
2017-11-17 23:00:00,etth1,HUFL,24,45,xgboost,2.154950910747092
2017-11-18 00:00:00,etth1,HUFL,24,45,xgboost,2.1134471556309653
2017-11-18 01:00:00,etth1,HUFL,24,45,xgboost,2.044762187949845
2017-11-18 02:00:00,etth1,HUFL,24,45,xgboost,2.019852313913866
2017-11-18 03:00:00,etth1,HUFL,24,45,xgboost,2.171246707181495
2017-11-18 04:00:00,etth1,HUFL,24,45,xgboost,1.999330155371581
2017-11-18 05:00:00,etth1,HUFL,24,45,xgboost,2.076168366462832
2017-11-18 06:00:00,etth1,HUFL,24,45,xgboost,2.0615287381467255
2017-11-18 07:00:00,etth1,HUFL,24,45,xgboost,2.1547612428360976
2017-11-18 08:00:00,etth1,HUFL,24,45,xgboost,2.532692477148729
2017-11-18 09:00:00,etth1,HUFL,24,45,xgboost,2.7712969740671234
2017-11-18 10:00:00,etth1,HUFL,24,45,xgboost,2.5743973960893682
2017-11-18 11:00:00,etth1,HUFL,24,45,xgboost,1.7653919394694475
2017-11-18 12:00:00,etth1,HUFL,24,45,xgboost,1.814738711804824
2017-11-18 13:00:00,etth1,HUFL,24,45,xgboost,1.9180640623649712
2017-11-18 14:00:00,etth1,HUFL,24,45,xgboost,1.5995145162902533
2017-11-18 15:00:00,etth1,HUFL,24,45,xgboost,1.6820971827610647
2017-11-18 16:00:00,etth1,HUFL,24,45,xgboost,2.0501467994768743
2017-11-18 17:00:00,etth1,HUFL,24,45,xgboost,1.916152602698836
2017-11-18 18:00:00,etth1,HUFL,24,45,xgboost,1.6672652341671028
2017-11-18 19:00:00,etth1,HUFL,24,45,xgboost,1.8417178444515037
2017-11-18 20:00:00,etth1,HUFL,24,45,xgboost,1.9610675133175908
2017-11-18 21:00:00,etth1,HUFL,24,45,xgboost,1.7836667327610138
2017-11-18 22:00:00,etth1,HUFL,24,45,xgboost,1.8537270728651978
2017-11-18 23:00:00,etth1,HUFL,24,45,xgboost,1.8221077296525623
2017-11-19 00:00:00,etth1,HUFL,24,45,xgboost,1.6948673777496168
2017-11-19 01:00:00,etth1,HUFL,24,45,xgboost,1.422926994925376
2017-11-19 02:00:00,etth1,HUFL,24,45,xgboost,1.5296882446669422
2017-11-19 03:00:00,etth1,HUFL,24,45,xgboost,1.528070310027661
2017-11-19 04:00:00,etth1,HUFL,24,45,xgboost,1.5994668745455742
2017-11-19 05:00:00,etth1,HUFL,24,45,xgboost,1.5961992460313847
2017-11-19 06:00:00,etth1,HUFL,24,45,xgboost,1.5973343855546274
2017-11-19 07:00:00,etth1,HUFL,24,45,xgboost,1.5550487691949941
2017-11-19 08:00:00,etth1,HUFL,24,45,xgboost,1.5471829544824216
2017-11-19 09:00:00,etth1,HUFL,24,45,xgboost,1.8113780258314147
2017-11-19 10:00:00,etth1,HUFL,24,45,xgboost,1.66625373135232
2017-11-19 11:00:00,etth1,HUFL,24,45,xgboost,2.66126859274895
2017-11-19 12:00:00,etth1,HUFL,24,45,xgboost,1.746398151162668
2017-11-19 13:00:00,etth1,HUFL,24,45,xgboost,2.3313236047044836
2017-11-19 14:00:00,etth1,HUFL,24,45,xgboost,2.5261099989552944
2017-11-19 15:00:00,etth1,HUFL,24,45,xgboost,1.5955854186879694
2017-11-19 16:00:00,etth1,HUFL,24,45,xgboost,1.6859284002702672
2017-11-19 17:00:00,etth1,HUFL,24,45,xgboost,1.8661548122197436
2017-11-19 18:00:00,etth1,HUFL,24,45,xgboost,1.3988348605643104
2017-11-19 19:00:00,etth1,HUFL,24,45,xgboost,1.4797524764212326
2017-11-19 20:00:00,etth1,HUFL,24,45,xgboost,1.6300125703128563
2017-11-19 21:00:00,etth1,HUFL,24,45,xgboost,1.6964043018106576
2017-11-19 22:00:00,etth1,HUFL,24,45,xgboost,1.7066384264344385
2017-11-19 23:00:00,etth1,HUFL,24,45,xgboost,1.5697852676684014
2017-11-20 00:00:00,etth1,HUFL,24,45,xgboost,1.771171220274363
2017-11-20 01:00:00,etth1,HUFL,24,45,xgboost,1.7530316216391062
2017-11-20 02:00:00,etth1,HUFL,24,45,xgboost,2.128196812690174
2017-11-20 03:00:00,etth1,HUFL,24,45,xgboost,2.149679368327001
2017-11-20 04:00:00,etth1,HUFL,24,45,xgboost,2.108218012703382
2017-11-20 05:00:00,etth1,HUFL,24,45,xgboost,2.1391118006741245
2017-11-20 06:00:00,etth1,HUFL,24,45,xgboost,2.138302087474781
2017-11-20 07:00:00,etth1,HUFL,24,45,xgboost,2.3864861725517854
2017-11-20 08:00:00,etth1,HUFL,24,45,xgboost,2.49037617360773
2017-11-20 09:00:00,etth1,HUFL,24,45,xgboost,2.390703407267172
2017-11-20 10:00:00,etth1,HUFL,24,45,xgboost,2.220022968693945
2017-11-20 11:00:00,etth1,HUFL,24,45,xgboost,2.6686221698558747
2017-11-20 12:00:00,etth1,HUFL,24,45,xgboost,2.1226760467939836
2017-11-20 13:00:00,etth1,HUFL,24,45,xgboost,3.6025874003597074
2017-11-20 14:00:00,etth1,HUFL,24,45,xgboost,2.246392732859199
2017-11-20 15:00:00,etth1,HUFL,24,45,xgboost,2.331233858239928
2017-11-20 16:00:00,etth1,HUFL,24,45,xgboost,2.6055740747393155
2017-11-20 17:00:00,etth1,HUFL,24,45,xgboost,1.6805621192738263
2017-11-20 18:00:00,etth1,HUFL,24,45,xgboost,1.711491830299206
2017-11-20 19:00:00,etth1,HUFL,24,45,xgboost,1.8966169648554534
2017-11-20 20:00:00,etth1,HUFL,24,45,xgboost,1.751746957703223
2017-11-20 21:00:00,etth1,HUFL,24,45,xgboost,1.7663213980073003
2017-11-20 22:00:00,etth1,HUFL,24,45,xgboost,1.8484329887980373
2017-11-20 23:00:00,etth1,HUFL,24,45,xgboost,1.954119829589276
2017-11-21 00:00:00,etth1,HUFL,24,45,xgboost,1.89322024627383
2017-11-21 01:00:00,etth1,HUFL,24,45,xgboost,1.5833915362711322
2017-11-21 02:00:00,etth1,HUFL,24,45,xgboost,1.6397328624883005
2017-11-21 03:00:00,etth1,HUFL,24,45,xgboost,1.6695375802288062
2017-11-21 04:00:00,etth1,HUFL,24,45,xgboost,1.5895424216361995
2017-11-21 05:00:00,etth1,HUFL,24,45,xgboost,1.6955660475239018
2017-11-21 06:00:00,etth1,HUFL,24,45,xgboost,1.4453912208931932
2017-11-21 07:00:00,etth1,HUFL,24,45,xgboost,1.4721781497925897
2017-11-21 08:00:00,etth1,HUFL,24,45,xgboost,1.7011698234411092
2017-11-21 09:00:00,etth1,HUFL,24,45,xgboost,1.3123079417298342
2017-11-21 10:00:00,etth1,HUFL,24,45,xgboost,1.7840199888810286
2017-11-21 11:00:00,etth1,HUFL,24,45,xgboost,2.117921488746742
2017-11-21 12:00:00,etth1,HUFL,24,45,xgboost,2.8339310535979485
2017-11-21 13:00:00,etth1,HUFL,24,45,xgboost,3.2737186149172763
2017-11-21 14:00:00,etth1,HUFL,24,45,xgboost,4.177216877456033
2017-11-21 15:00:00,etth1,HUFL,24,45,xgboost,3.592607539220943
2017-11-21 16:00:00,etth1,HUFL,24,45,xgboost,3.8439550285970605
2017-11-21 17:00:00,etth1,HUFL,24,45,xgboost,4.222149901541706
2017-11-21 18:00:00,etth1,HUFL,24,45,xgboost,3.8644699482259974
2017-11-21 19:00:00,etth1,HUFL,24,45,xgboost,4.012937656733026
2017-11-21 20:00:00,etth1,HUFL,24,45,xgboost,3.9063546584222326
2017-11-21 21:00:00,etth1,HUFL,24,45,xgboost,3.748322413786628
2017-11-21 22:00:00,etth1,HUFL,24,45,xgboost,4.028332718799848
2017-11-21 23:00:00,etth1,HUFL,24,45,xgboost,3.7464181447832186
2017-11-22 00:00:00,etth1,HUFL,24,45,xgboost,3.8496709647246248
2017-11-22 01:00:00,etth1,HUFL,24,45,xgboost,3.7642068221691307
2017-11-22 02:00:00,etth1,HUFL,24,45,xgboost,3.7156738454538947
2017-11-22 03:00:00,etth1,HUFL,24,45,xgboost,3.715854147981316
2017-11-22 04:00:00,etth1,HUFL,24,45,xgboost,3.534165586405751
2017-11-22 05:00:00,etth1,HUFL,24,45,xgboost,3.7881396732816017
2017-11-22 06:00:00,etth1,HUFL,24,45,xgboost,3.8688111363141977
2017-11-22 07:00:00,etth1,HUFL,24,45,xgboost,3.7179421413729288
2017-11-22 08:00:00,etth1,HUFL,24,45,xgboost,3.919101597631028
2017-11-22 09:00:00,etth1,HUFL,24,45,xgboost,3.3360725228381285
2017-11-22 10:00:00,etth1,HUFL,24,45,xgboost,1.9644000835193438
2017-11-22 11:00:00,etth1,HUFL,24,45,xgboost,2.2341615672508484
2017-11-22 12:00:00,etth1,HUFL,24,45,xgboost,3.2315713312930634
2017-11-22 13:00:00,etth1,HUFL,24,45,xgboost,3.562418844812719
2017-11-22 14:00:00,etth1,HUFL,24,45,xgboost,3.8367571646284575
2017-11-22 15:00:00,etth1,HUFL,24,45,xgboost,4.015383533608117
2017-11-22 16:00:00,etth1,HUFL,24,45,xgboost,3.6845296907527505
2017-11-22 17:00:00,etth1,HUFL,24,45,xgboost,3.7882136905602053
2017-11-22 18:00:00,etth1,HUFL,24,45,xgboost,4.161874471713301
2017-11-22 19:00:00,etth1,HUFL,24,45,xgboost,4.251921106519828
2017-11-22 20:00:00,etth1,HUFL,24,45,xgboost,4.308975997513034
2017-11-22 21:00:00,etth1,HUFL,24,45,xgboost,4.038582287256564
2017-11-22 22:00:00,etth1,HUFL,24,45,xgboost,3.8825000315235267
2017-11-22 23:00:00,etth1,HUFL,24,45,xgboost,4.024640200515075
2017-11-23 00:00:00,etth1,HUFL,24,45,xgboost,3.8516489107010528
2017-11-23 01:00:00,etth1,HUFL,24,45,xgboost,3.9872038453687124
2017-11-23 02:00:00,etth1,HUFL,24,45,xgboost,4.045106853921241
2017-11-23 03:00:00,etth1,HUFL,24,45,xgboost,4.153131305342257
2017-11-23 04:00:00,etth1,HUFL,24,45,xgboost,4.0215773973859745
2017-11-23 05:00:00,etth1,HUFL,24,45,xgboost,4.389768311112941
2017-11-23 06:00:00,etth1,HUFL,24,45,xgboost,4.497612996067578
2017-11-23 07:00:00,etth1,HUFL,24,45,xgboost,4.361331169623617
2017-11-23 08:00:00,etth1,HUFL,24,45,xgboost,5.013890944600649
2017-11-23 09:00:00,etth1,HUFL,24,45,xgboost,5.373920075355136
2017-11-23 10:00:00,etth1,HUFL,24,45,xgboost,3.1230352276333426
2017-11-23 11:00:00,etth1,HUFL,24,45,xgboost,2.916427772065562
2017-11-23 12:00:00,etth1,HUFL,24,45,xgboost,3.5156116560043436
2017-11-23 13:00:00,etth1,HUFL,24,45,xgboost,3.2040642898101015
2017-11-23 14:00:00,etth1,HUFL,24,45,xgboost,3.956256703154995
2017-11-23 15:00:00,etth1,HUFL,24,45,xgboost,3.8368301313080266
2017-11-23 16:00:00,etth1,HUFL,24,45,xgboost,4.196355222159917
2017-11-23 17:00:00,etth1,HUFL,24,45,xgboost,4.4018245397743145
2017-11-23 18:00:00,etth1,HUFL,24,45,xgboost,3.918730445074896
2017-11-23 19:00:00,etth1,HUFL,24,45,xgboost,3.6990972079642623
2017-11-23 20:00:00,etth1,HUFL,24,45,xgboost,3.579922754547573
2017-11-23 21:00:00,etth1,HUFL,24,45,xgboost,3.23538442940612
2017-11-23 22:00:00,etth1,HUFL,24,45,xgboost,3.508068476703381
2017-11-23 23:00:00,etth1,HUFL,24,45,xgboost,3.048689324242974
2017-11-24 00:00:00,etth1,HUFL,24,45,xgboost,3.019327933532329
2017-11-24 01:00:00,etth1,HUFL,24,45,xgboost,3.136761417590055
2017-11-24 02:00:00,etth1,HUFL,24,45,xgboost,3.0760127639857235
2017-11-24 03:00:00,etth1,HUFL,24,45,xgboost,3.502168268834591
2017-11-24 04:00:00,etth1,HUFL,24,45,xgboost,3.6887650843234088
2017-11-24 05:00:00,etth1,HUFL,24,45,xgboost,3.9305782433825236
2017-11-24 06:00:00,etth1,HUFL,24,45,xgboost,3.6671756166152023
2017-11-24 07:00:00,etth1,HUFL,24,45,xgboost,3.466324607856283
2017-11-24 08:00:00,etth1,HUFL,24,45,xgboost,3.6920801471327906
2017-11-24 09:00:00,etth1,HUFL,24,45,xgboost,4.454385359482655
2017-11-24 10:00:00,etth1,HUFL,24,45,xgboost,1.964222671791049
2017-11-24 11:00:00,etth1,HUFL,24,45,xgboost,2.453251801062621
2017-11-24 12:00:00,etth1,HUFL,24,45,xgboost,2.802482753265371
2017-11-24 13:00:00,etth1,HUFL,24,45,xgboost,3.35676195041302
2017-11-24 14:00:00,etth1,HUFL,24,45,xgboost,3.4000396194948572
2017-11-24 15:00:00,etth1,HUFL,24,45,xgboost,3.7655406331745183
2017-11-24 16:00:00,etth1,HUFL,24,45,xgboost,3.694435928742536
2017-11-24 17:00:00,etth1,HUFL,24,45,xgboost,2.837636104032876
2017-11-24 18:00:00,etth1,HUFL,24,45,xgboost,2.7204181615428866
2017-11-24 19:00:00,etth1,HUFL,24,45,xgboost,2.8177079743616074
2017-11-24 20:00:00,etth1,HUFL,24,45,xgboost,2.903151100274451
2017-11-24 21:00:00,etth1,HUFL,24,45,xgboost,2.8239730871520927
2017-11-24 22:00:00,etth1,HUFL,24,45,xgboost,3.1213740874639733
2017-11-24 23:00:00,etth1,HUFL,24,45,xgboost,3.0737234625790735
2017-11-25 00:00:00,etth1,HUFL,24,45,xgboost,2.655317081082702
2017-11-25 01:00:00,etth1,HUFL,24,45,xgboost,2.359960856742702
2017-11-25 02:00:00,etth1,HUFL,24,45,xgboost,2.585988515446044
2017-11-25 03:00:00,etth1,HUFL,24,45,xgboost,2.6780500981813966
2017-11-25 04:00:00,etth1,HUFL,24,45,xgboost,2.841255287443179
2017-11-25 05:00:00,etth1,HUFL,24,45,xgboost,2.620846090845913
2017-11-25 06:00:00,etth1,HUFL,24,45,xgboost,2.6212493190844044
2017-11-25 07:00:00,etth1,HUFL,24,45,xgboost,2.497040974597802
2017-11-25 08:00:00,etth1,HUFL,24,45,xgboost,2.9155018641198382
2017-11-25 09:00:00,etth1,HUFL,24,45,xgboost,3.6036106781267327
2017-11-25 10:00:00,etth1,HUFL,24,45,xgboost,2.2412133716612495
2017-11-25 11:00:00,etth1,HUFL,24,45,xgboost,3.4130376672574037
2017-11-25 12:00:00,etth1,HUFL,24,45,xgboost,3.667567351899484
2017-11-25 13:00:00,etth1,HUFL,24,45,xgboost,4.9397576729164845
2017-11-25 14:00:00,etth1,HUFL,24,45,xgboost,4.870990208765169
2017-11-25 15:00:00,etth1,HUFL,24,45,xgboost,5.24832527427214
2017-11-25 16:00:00,etth1,HUFL,24,45,xgboost,4.663586390649253
2017-11-25 17:00:00,etth1,HUFL,24,45,xgboost,4.820740601137568
2017-11-25 18:00:00,etth1,HUFL,24,45,xgboost,4.456751928081004
2017-11-25 19:00:00,etth1,HUFL,24,45,xgboost,4.483263332539045
2017-11-25 20:00:00,etth1,HUFL,24,45,xgboost,4.373544904155753
2017-11-25 21:00:00,etth1,HUFL,24,45,xgboost,4.4666168519136535
2017-11-25 22:00:00,etth1,HUFL,24,45,xgboost,4.577655728768011
2017-11-25 23:00:00,etth1,HUFL,24,45,xgboost,4.435364395283401
2017-11-26 00:00:00,etth1,HUFL,24,45,xgboost,4.320243298924703
2017-11-26 01:00:00,etth1,HUFL,24,45,xgboost,4.28291290318355
2017-11-26 02:00:00,etth1,HUFL,24,45,xgboost,4.276059920325658
2017-11-26 03:00:00,etth1,HUFL,24,45,xgboost,4.435357043635515
2017-11-26 04:00:00,etth1,HUFL,24,45,xgboost,4.547772409824174
2017-11-26 05:00:00,etth1,HUFL,24,45,xgboost,4.455646744331754
2017-11-26 06:00:00,etth1,HUFL,24,45,xgboost,4.32719590694898
2017-11-26 07:00:00,etth1,HUFL,24,45,xgboost,4.430187754824711
2017-11-26 08:00:00,etth1,HUFL,24,45,xgboost,4.184163071189856
2017-11-26 09:00:00,etth1,HUFL,24,45,xgboost,4.965386991546351
2017-11-26 10:00:00,etth1,HUFL,24,45,xgboost,3.0065411221767655
2017-11-26 11:00:00,etth1,HUFL,24,45,xgboost,2.9817389163128936
2017-11-26 12:00:00,etth1,HUFL,24,45,xgboost,3.183920701364419
2017-11-26 13:00:00,etth1,HUFL,24,45,xgboost,3.3042835994080897
2017-11-26 14:00:00,etth1,HUFL,24,45,xgboost,3.794014350585421
2017-11-26 15:00:00,etth1,HUFL,24,45,xgboost,4.093246148645123
2017-11-26 16:00:00,etth1,HUFL,24,45,xgboost,4.280153181782116
2017-11-26 17:00:00,etth1,HUFL,24,45,xgboost,4.165826117017478
2017-11-26 18:00:00,etth1,HUFL,24,45,xgboost,3.8657927153395453
2017-11-26 19:00:00,etth1,HUFL,24,45,xgboost,3.86911040244131
2017-11-26 20:00:00,etth1,HUFL,24,45,xgboost,3.4695439168803035
2017-11-26 21:00:00,etth1,HUFL,24,45,xgboost,3.5661732465030784
2017-11-26 22:00:00,etth1,HUFL,24,45,xgboost,3.558641233251306
2017-11-26 23:00:00,etth1,HUFL,24,45,xgboost,3.442832356788561
2017-11-27 00:00:00,etth1,HUFL,24,45,xgboost,3.524306477123531
2017-11-27 01:00:00,etth1,HUFL,24,45,xgboost,3.4550211729020632
2017-11-27 02:00:00,etth1,HUFL,24,45,xgboost,3.536367596338206
2017-11-27 03:00:00,etth1,HUFL,24,45,xgboost,3.4441826141233363
2017-11-27 04:00:00,etth1,HUFL,24,45,xgboost,3.344352745399643
2017-11-27 05:00:00,etth1,HUFL,24,45,xgboost,3.38507953447759
2017-11-27 06:00:00,etth1,HUFL,24,45,xgboost,3.271996592334719
2017-11-27 07:00:00,etth1,HUFL,24,45,xgboost,3.3098282753224915
2017-11-27 08:00:00,etth1,HUFL,24,45,xgboost,3.904888720281656
2017-11-27 09:00:00,etth1,HUFL,24,45,xgboost,4.110405554348813
2017-11-27 10:00:00,etth1,HUFL,24,45,xgboost,2.6408950829755966
2017-11-27 11:00:00,etth1,HUFL,24,45,xgboost,2.2549656993229585
2017-11-27 12:00:00,etth1,HUFL,24,45,xgboost,2.555075431854597
2017-11-27 13:00:00,etth1,HUFL,24,45,xgboost,1.885483902823533
2017-11-27 14:00:00,etth1,HUFL,24,45,xgboost,1.6269316832939833
2017-11-27 15:00:00,etth1,HUFL,24,45,xgboost,2.074683566768383
2017-11-27 16:00:00,etth1,HUFL,24,45,xgboost,1.7195025268348207
2017-11-27 17:00:00,etth1,HUFL,24,45,xgboost,1.4091312044613524
2017-11-27 18:00:00,etth1,HUFL,24,45,xgboost,1.59125219178995
2017-11-27 19:00:00,etth1,HUFL,24,45,xgboost,1.666830565972509
2017-11-27 20:00:00,etth1,HUFL,24,45,xgboost,1.363196284947646
2017-11-27 21:00:00,etth1,HUFL,24,45,xgboost,1.310649323003567
2017-11-27 22:00:00,etth1,HUFL,24,45,xgboost,1.1834220879368957
2017-11-27 23:00:00,etth1,HUFL,24,45,xgboost,0.8609571598436881
2017-11-28 00:00:00,etth1,HUFL,24,45,xgboost,0.8407127900753685
2017-11-28 01:00:00,etth1,HUFL,24,45,xgboost,0.9318761960365851
2017-11-28 02:00:00,etth1,HUFL,24,45,xgboost,0.9191402992136791
2017-11-28 03:00:00,etth1,HUFL,24,45,xgboost,1.2122430298207543
2017-11-28 04:00:00,etth1,HUFL,24,45,xgboost,1.3034991876948834
2017-11-28 05:00:00,etth1,HUFL,24,45,xgboost,1.27878256860807
2017-11-28 06:00:00,etth1,HUFL,24,45,xgboost,1.674391547469309
2017-11-28 07:00:00,etth1,HUFL,24,45,xgboost,2.0270250199140585
2017-11-28 08:00:00,etth1,HUFL,24,45,xgboost,1.6193875153136261
2017-11-28 09:00:00,etth1,HUFL,24,45,xgboost,1.6134399705181153
2017-11-28 10:00:00,etth1,HUFL,24,45,xgboost,1.6212874256692844
2017-11-28 11:00:00,etth1,HUFL,24,45,xgboost,2.008901557575316
2017-11-28 12:00:00,etth1,HUFL,24,45,xgboost,1.607809590643372
2017-11-28 13:00:00,etth1,HUFL,24,45,xgboost,1.4279783558652
2017-11-28 14:00:00,etth1,HUFL,24,45,xgboost,1.4992466699794538
2017-11-28 15:00:00,etth1,HUFL,24,45,xgboost,1.6616636804712226
2017-11-28 16:00:00,etth1,HUFL,24,45,xgboost,1.6830057695434257
2017-11-28 17:00:00,etth1,HUFL,24,45,xgboost,1.5291983781517775
2017-11-28 18:00:00,etth1,HUFL,24,45,xgboost,1.5609697820561907
2017-11-28 19:00:00,etth1,HUFL,24,45,xgboost,1.5143192286686311
2017-11-28 20:00:00,etth1,HUFL,24,45,xgboost,1.4576816543630322
2017-11-28 21:00:00,etth1,HUFL,24,45,xgboost,1.2564824405648918
2017-11-28 22:00:00,etth1,HUFL,24,45,xgboost,1.4335551636893842
2017-11-28 23:00:00,etth1,HUFL,24,45,xgboost,1.3772279505012086
2017-11-29 00:00:00,etth1,HUFL,24,45,xgboost,1.4611081943854505
2017-11-29 01:00:00,etth1,HUFL,24,45,xgboost,1.5088779097875282
2017-11-29 02:00:00,etth1,HUFL,24,45,xgboost,1.3368990940498777
2017-11-29 03:00:00,etth1,HUFL,24,45,xgboost,1.340328259857887
2017-11-29 04:00:00,etth1,HUFL,24,45,xgboost,1.363577689065898
2017-11-29 05:00:00,etth1,HUFL,24,45,xgboost,1.4261346056284472
2017-11-29 06:00:00,etth1,HUFL,24,45,xgboost,1.3763403113532078
2017-11-29 07:00:00,etth1,HUFL,24,45,xgboost,1.2737246733831205
2017-11-29 08:00:00,etth1,HUFL,24,45,xgboost,1.2989426501182442
2017-11-29 09:00:00,etth1,HUFL,24,45,xgboost,1.6010108213606526
2017-11-29 10:00:00,etth1,HUFL,24,45,xgboost,1.8183043718811362
2017-11-29 11:00:00,etth1,HUFL,24,45,xgboost,1.4928089615173068
2017-11-29 12:00:00,etth1,HUFL,24,45,xgboost,1.8458359671905857
2017-11-29 13:00:00,etth1,HUFL,24,45,xgboost,2.020711499804461
2017-11-29 14:00:00,etth1,HUFL,24,45,xgboost,2.499411738241411
2017-11-29 15:00:00,etth1,HUFL,24,45,xgboost,1.078719724700177
2017-11-29 16:00:00,etth1,HUFL,24,45,xgboost,1.1780484363725414
2017-11-29 17:00:00,etth1,HUFL,24,45,xgboost,0.8416259686407482
2017-11-29 18:00:00,etth1,HUFL,24,45,xgboost,1.1460051079483327
2017-11-29 19:00:00,etth1,HUFL,24,45,xgboost,1.2169000711442104
2017-11-29 20:00:00,etth1,HUFL,24,45,xgboost,1.3460667138452305
2017-11-29 21:00:00,etth1,HUFL,24,45,xgboost,1.3521408954918461
2017-11-29 22:00:00,etth1,HUFL,24,45,xgboost,1.3458564959363255
2017-11-29 23:00:00,etth1,HUFL,24,45,xgboost,1.5205175575462384
2017-11-30 00:00:00,etth1,HUFL,24,45,xgboost,1.3381814547395383
2017-11-30 01:00:00,etth1,HUFL,24,45,xgboost,1.1212893424355317
2017-11-30 02:00:00,etth1,HUFL,24,45,xgboost,1.4800026560824204
2017-11-30 03:00:00,etth1,HUFL,24,45,xgboost,1.4278795483892648
2017-11-30 04:00:00,etth1,HUFL,24,45,xgboost,1.5332344563581446
2017-11-30 05:00:00,etth1,HUFL,24,45,xgboost,1.4903089752097414
2017-11-30 06:00:00,etth1,HUFL,24,45,xgboost,1.6748560341268082
2017-11-30 07:00:00,etth1,HUFL,24,45,xgboost,1.7106822794446377
2017-11-30 08:00:00,etth1,HUFL,24,45,xgboost,1.6599610386180672
2017-11-30 09:00:00,etth1,HUFL,24,45,xgboost,1.1240012909203803
2017-11-30 10:00:00,etth1,HUFL,24,45,xgboost,1.2900361631146893
2017-11-30 11:00:00,etth1,HUFL,24,45,xgboost,1.2793023987125391
2017-11-30 12:00:00,etth1,HUFL,24,45,xgboost,1.3206195550772006
2017-11-30 13:00:00,etth1,HUFL,24,45,xgboost,1.8539664742964816
2017-11-30 14:00:00,etth1,HUFL,24,45,xgboost,2.6510691718787207
2017-11-30 15:00:00,etth1,HUFL,24,45,xgboost,2.8517497568082035
2017-11-30 16:00:00,etth1,HUFL,24,45,xgboost,3.381371580295077
2017-11-30 17:00:00,etth1,HUFL,24,45,xgboost,3.2090568441984644
2017-11-30 18:00:00,etth1,HUFL,24,45,xgboost,2.979541581720767
2017-11-30 19:00:00,etth1,HUFL,24,45,xgboost,3.295911339522155
2017-11-30 20:00:00,etth1,HUFL,24,45,xgboost,3.5312834651884644
2017-11-30 21:00:00,etth1,HUFL,24,45,xgboost,3.7990351533174103
2017-11-30 22:00:00,etth1,HUFL,24,45,xgboost,4.021592094595918
2017-11-30 23:00:00,etth1,HUFL,24,45,xgboost,4.559165651708187
2017-12-01 00:00:00,etth1,HUFL,24,45,xgboost,4.9006773151567184
2017-12-01 01:00:00,etth1,HUFL,24,45,xgboost,5.25509272068766
2017-12-01 02:00:00,etth1,HUFL,24,45,xgboost,5.5509367248083405
2017-12-01 03:00:00,etth1,HUFL,24,45,xgboost,5.5580483553477835
2017-12-01 04:00:00,etth1,HUFL,24,45,xgboost,5.7886680908534975
2017-12-01 05:00:00,etth1,HUFL,24,45,xgboost,5.989410277484972
2017-12-01 06:00:00,etth1,HUFL,24,45,xgboost,6.045268450846508
2017-12-01 07:00:00,etth1,HUFL,24,45,xgboost,5.927578305039066
2017-12-01 08:00:00,etth1,HUFL,24,45,xgboost,6.147125267502328
2017-12-01 09:00:00,etth1,HUFL,24,45,xgboost,6.239288276607333
2017-12-01 10:00:00,etth1,HUFL,24,45,xgboost,6.042719032647373
2017-12-01 11:00:00,etth1,HUFL,24,45,xgboost,5.8923182270372765
2017-12-01 12:00:00,etth1,HUFL,24,45,xgboost,6.323808582871032
2017-12-01 13:00:00,etth1,HUFL,24,45,xgboost,6.050714262593025
2017-12-01 14:00:00,etth1,HUFL,24,45,xgboost,5.621939057755625
2017-12-01 15:00:00,etth1,HUFL,24,45,xgboost,5.982711543886026
2017-12-01 16:00:00,etth1,HUFL,24,45,xgboost,6.18287040855047
2017-12-01 17:00:00,etth1,HUFL,24,45,xgboost,4.655587275505588
2017-12-01 18:00:00,etth1,HUFL,24,45,xgboost,4.217793244844354
2017-12-01 19:00:00,etth1,HUFL,24,45,xgboost,3.630026840443245
2017-12-01 20:00:00,etth1,HUFL,24,45,xgboost,3.305634471888506
2017-12-01 21:00:00,etth1,HUFL,24,45,xgboost,3.1771637063472498
2017-12-01 22:00:00,etth1,HUFL,24,45,xgboost,3.579584277097439
2017-12-01 23:00:00,etth1,HUFL,24,45,xgboost,3.4300985162170634
2017-12-02 00:00:00,etth1,HUFL,24,45,xgboost,3.067696794132631
2017-12-02 01:00:00,etth1,HUFL,24,45,xgboost,2.675470449630613
2017-12-02 02:00:00,etth1,HUFL,24,45,xgboost,2.5094233363628384
2017-12-02 03:00:00,etth1,HUFL,24,45,xgboost,2.4120567696591895
2017-12-02 04:00:00,etth1,HUFL,24,45,xgboost,2.4669290558765247
2017-12-02 05:00:00,etth1,HUFL,24,45,xgboost,2.0759240507340997
2017-12-02 06:00:00,etth1,HUFL,24,45,xgboost,2.0724263418965028
2017-12-02 07:00:00,etth1,HUFL,24,45,xgboost,2.1748232131327025
2017-12-02 08:00:00,etth1,HUFL,24,45,xgboost,2.125731904991822
2017-12-02 09:00:00,etth1,HUFL,24,45,xgboost,1.9272301022905978
2017-12-02 10:00:00,etth1,HUFL,24,45,xgboost,2.0886321998475856
2017-12-02 11:00:00,etth1,HUFL,24,45,xgboost,2.0092652955939223
2017-12-02 12:00:00,etth1,HUFL,24,45,xgboost,2.106112464371594
2017-12-02 13:00:00,etth1,HUFL,24,45,xgboost,2.9337400115555994
2017-12-02 14:00:00,etth1,HUFL,24,45,xgboost,3.0182473933642924
2017-12-02 15:00:00,etth1,HUFL,24,45,xgboost,3.38240392397434
2017-12-02 16:00:00,etth1,HUFL,24,45,xgboost,3.1628068130403637
2017-12-02 17:00:00,etth1,HUFL,24,45,xgboost,3.1155221507192468
2017-12-02 18:00:00,etth1,HUFL,24,45,xgboost,3.283859616669485
2017-12-02 19:00:00,etth1,HUFL,24,45,xgboost,2.9528061300484563
2017-12-02 20:00:00,etth1,HUFL,24,45,xgboost,2.877435505019497
2017-12-02 21:00:00,etth1,HUFL,24,45,xgboost,2.739114453377928
2017-12-02 22:00:00,etth1,HUFL,24,45,xgboost,2.7361962287830637
2017-12-02 23:00:00,etth1,HUFL,24,45,xgboost,2.478202995217465
2017-12-03 00:00:00,etth1,HUFL,24,45,xgboost,2.4806550264938725
2017-12-03 01:00:00,etth1,HUFL,24,45,xgboost,2.5510201934708836
2017-12-03 02:00:00,etth1,HUFL,24,45,xgboost,2.573461377866073
2017-12-03 03:00:00,etth1,HUFL,24,45,xgboost,2.729245429842011
2017-12-03 04:00:00,etth1,HUFL,24,45,xgboost,2.7011405671359334
2017-12-03 05:00:00,etth1,HUFL,24,45,xgboost,2.627940767333476
2017-12-03 06:00:00,etth1,HUFL,24,45,xgboost,2.679520449335854
2017-12-03 07:00:00,etth1,HUFL,24,45,xgboost,2.8191012522833017
2017-12-03 08:00:00,etth1,HUFL,24,45,xgboost,2.9412955112901735
2017-12-03 09:00:00,etth1,HUFL,24,45,xgboost,3.1483818948650666
2017-12-03 10:00:00,etth1,HUFL,24,45,xgboost,2.655602400882313
2017-12-03 11:00:00,etth1,HUFL,24,45,xgboost,2.3915693972440555
2017-12-03 12:00:00,etth1,HUFL,24,45,xgboost,3.2211031120874303
2017-12-03 13:00:00,etth1,HUFL,24,45,xgboost,3.250725675236739
2017-12-03 14:00:00,etth1,HUFL,24,45,xgboost,3.0623823513878086
2017-12-03 15:00:00,etth1,HUFL,24,45,xgboost,2.253749566943205
2017-12-03 16:00:00,etth1,HUFL,24,45,xgboost,3.0669474737221427
2017-12-03 17:00:00,etth1,HUFL,24,45,xgboost,2.0899606983690178
2017-12-03 18:00:00,etth1,HUFL,24,45,xgboost,2.1240772841374964
2017-12-03 19:00:00,etth1,HUFL,24,45,xgboost,2.0851086337746643
2017-12-03 20:00:00,etth1,HUFL,24,45,xgboost,2.3300377742213763
2017-12-03 21:00:00,etth1,HUFL,24,45,xgboost,2.229320516482821
2017-12-03 22:00:00,etth1,HUFL,24,45,xgboost,2.2541841059813534
2017-12-03 23:00:00,etth1,HUFL,24,45,xgboost,2.188351602283772
2017-12-04 00:00:00,etth1,HUFL,24,45,xgboost,2.1182902498224396
2017-12-04 01:00:00,etth1,HUFL,24,45,xgboost,2.2778721832413553
2017-12-04 02:00:00,etth1,HUFL,24,45,xgboost,1.8833058788037949
2017-12-04 03:00:00,etth1,HUFL,24,45,xgboost,2.185169787591182
2017-12-04 04:00:00,etth1,HUFL,24,45,xgboost,2.3860419821900614
2017-12-04 05:00:00,etth1,HUFL,24,45,xgboost,2.5219497375941775
2017-12-04 06:00:00,etth1,HUFL,24,45,xgboost,2.4533131828980914
2017-12-04 07:00:00,etth1,HUFL,24,45,xgboost,2.6871183623080057
2017-12-04 08:00:00,etth1,HUFL,24,45,xgboost,2.242411887278681
2017-12-04 09:00:00,etth1,HUFL,24,45,xgboost,2.411975783326827
2017-12-04 10:00:00,etth1,HUFL,24,45,xgboost,1.975252683531151
2017-12-04 11:00:00,etth1,HUFL,24,45,xgboost,2.7970355147845063
2017-12-04 12:00:00,etth1,HUFL,24,45,xgboost,2.9128602512920025
2017-12-04 13:00:00,etth1,HUFL,24,45,xgboost,3.4916168948009836
2017-12-04 14:00:00,etth1,HUFL,24,45,xgboost,4.096434242633737
2017-12-04 15:00:00,etth1,HUFL,24,45,xgboost,4.283825472178909
2017-12-04 16:00:00,etth1,HUFL,24,45,xgboost,4.299507762391905
2017-12-04 17:00:00,etth1,HUFL,24,45,xgboost,4.347076358198772
2017-12-04 18:00:00,etth1,HUFL,24,45,xgboost,4.219477765587549
2017-12-04 19:00:00,etth1,HUFL,24,45,xgboost,4.402965226306905
2017-12-04 20:00:00,etth1,HUFL,24,45,xgboost,4.466946429178214
2017-12-04 21:00:00,etth1,HUFL,24,45,xgboost,4.380999537771876
2017-12-04 22:00:00,etth1,HUFL,24,45,xgboost,4.315713391605345
2017-12-04 23:00:00,etth1,HUFL,24,45,xgboost,4.665119802854506
2017-12-05 00:00:00,etth1,HUFL,24,45,xgboost,4.3800974008695235
2017-12-05 01:00:00,etth1,HUFL,24,45,xgboost,4.294241048413494
2017-12-05 02:00:00,etth1,HUFL,24,45,xgboost,4.290596424372093
2017-12-05 03:00:00,etth1,HUFL,24,45,xgboost,4.477687099391562
2017-12-05 04:00:00,etth1,HUFL,24,45,xgboost,4.768579006620549
2017-12-05 05:00:00,etth1,HUFL,24,45,xgboost,5.138653368468177
2017-12-05 06:00:00,etth1,HUFL,24,45,xgboost,5.256430088428018
2017-12-05 07:00:00,etth1,HUFL,24,45,xgboost,5.414557830340449
2017-12-05 08:00:00,etth1,HUFL,24,45,xgboost,5.487272540502371
2017-12-05 09:00:00,etth1,HUFL,24,45,xgboost,4.6765387275323045
2017-12-05 10:00:00,etth1,HUFL,24,45,xgboost,4.164248226461366
2017-12-05 11:00:00,etth1,HUFL,24,45,xgboost,3.4939514256496587
2017-12-05 12:00:00,etth1,HUFL,24,45,xgboost,3.5098492275107964
2017-12-05 13:00:00,etth1,HUFL,24,45,xgboost,3.906095456115514
2017-12-05 14:00:00,etth1,HUFL,24,45,xgboost,3.792730005369316
2017-12-05 15:00:00,etth1,HUFL,24,45,xgboost,3.838004138614508
2017-12-05 16:00:00,etth1,HUFL,24,45,xgboost,4.2984782496541705
2017-12-05 17:00:00,etth1,HUFL,24,45,xgboost,3.347291048732154
2017-12-05 18:00:00,etth1,HUFL,24,45,xgboost,2.7690232628191254
2017-12-05 19:00:00,etth1,HUFL,24,45,xgboost,2.9965299041839573
2017-12-05 20:00:00,etth1,HUFL,24,45,xgboost,2.854679094161948
2017-12-05 21:00:00,etth1,HUFL,24,45,xgboost,3.0899966303437885
2017-12-05 22:00:00,etth1,HUFL,24,45,xgboost,3.049347357736355
2017-12-05 23:00:00,etth1,HUFL,24,45,xgboost,2.857770305435052
2017-12-06 00:00:00,etth1,HUFL,24,45,xgboost,2.7013380393636104
2017-12-06 01:00:00,etth1,HUFL,24,45,xgboost,2.7305838598361363
2017-12-06 02:00:00,etth1,HUFL,24,45,xgboost,2.2224240183577297
2017-12-06 03:00:00,etth1,HUFL,24,45,xgboost,2.3534525182945325
2017-12-06 04:00:00,etth1,HUFL,24,45,xgboost,2.398528717101239
2017-12-06 05:00:00,etth1,HUFL,24,45,xgboost,2.3725052985895103
2017-12-06 06:00:00,etth1,HUFL,24,45,xgboost,2.40930286967567
2017-12-06 07:00:00,etth1,HUFL,24,45,xgboost,2.3657948990955115
2017-12-06 08:00:00,etth1,HUFL,24,45,xgboost,2.710187663489434
2017-12-06 09:00:00,etth1,HUFL,24,45,xgboost,2.875904422940908
2017-12-06 10:00:00,etth1,HUFL,24,45,xgboost,3.8160758412471325
2017-12-06 11:00:00,etth1,HUFL,24,45,xgboost,3.896684530193563
2017-12-06 12:00:00,etth1,HUFL,24,45,xgboost,2.7041801234926743
2017-12-06 13:00:00,etth1,HUFL,24,45,xgboost,3.225998578452869
2017-12-06 14:00:00,etth1,HUFL,24,45,xgboost,3.716308576563
2017-12-06 15:00:00,etth1,HUFL,24,45,xgboost,4.1854217984707995
2017-12-06 16:00:00,etth1,HUFL,24,45,xgboost,3.2671751823781725
2017-12-06 17:00:00,etth1,HUFL,24,45,xgboost,1.6643749217400863
2017-12-06 18:00:00,etth1,HUFL,24,45,xgboost,1.5226753434381533
2017-12-06 19:00:00,etth1,HUFL,24,45,xgboost,1.8986360244392104
2017-12-06 20:00:00,etth1,HUFL,24,45,xgboost,1.4490810918722747
2017-12-06 21:00:00,etth1,HUFL,24,45,xgboost,1.3687639183030846
2017-12-06 22:00:00,etth1,HUFL,24,45,xgboost,1.6668789399258055
2017-12-06 23:00:00,etth1,HUFL,24,45,xgboost,1.5247446409074812
2017-12-07 00:00:00,etth1,HUFL,24,45,xgboost,1.2756176885751225
2017-12-07 01:00:00,etth1,HUFL,24,45,xgboost,1.5245632437841738
2017-12-07 02:00:00,etth1,HUFL,24,45,xgboost,1.604725947187302
2017-12-07 03:00:00,etth1,HUFL,24,45,xgboost,1.6521476049566175
2017-12-07 04:00:00,etth1,HUFL,24,45,xgboost,1.7022367959330253
2017-12-07 05:00:00,etth1,HUFL,24,45,xgboost,1.6684175312824099
2017-12-07 06:00:00,etth1,HUFL,24,45,xgboost,1.5978083785545703
2017-12-07 07:00:00,etth1,HUFL,24,45,xgboost,1.8076153363711878
2017-12-07 08:00:00,etth1,HUFL,24,45,xgboost,1.5015588928412686
2017-12-07 09:00:00,etth1,HUFL,24,45,xgboost,1.2822833432177465
2017-12-07 10:00:00,etth1,HUFL,24,45,xgboost,1.5938136027901002
2017-12-07 11:00:00,etth1,HUFL,24,45,xgboost,2.5829239654155542
2017-12-07 12:00:00,etth1,HUFL,24,45,xgboost,3.183162514577365
2017-12-07 13:00:00,etth1,HUFL,24,45,xgboost,3.5172660311948287
2017-12-07 14:00:00,etth1,HUFL,24,45,xgboost,4.5811367057701515
2017-12-07 15:00:00,etth1,HUFL,24,45,xgboost,4.954911353807543
2017-12-07 16:00:00,etth1,HUFL,24,45,xgboost,5.480223415083546
2017-12-07 17:00:00,etth1,HUFL,24,45,xgboost,5.000086846424881
2017-12-07 18:00:00,etth1,HUFL,24,45,xgboost,4.843712383674922
2017-12-07 19:00:00,etth1,HUFL,24,45,xgboost,4.875578353690276
2017-12-07 20:00:00,etth1,HUFL,24,45,xgboost,4.891957286115218
2017-12-07 21:00:00,etth1,HUFL,24,45,xgboost,4.787713436279182
2017-12-07 22:00:00,etth1,HUFL,24,45,xgboost,4.956891709385577
2017-12-07 23:00:00,etth1,HUFL,24,45,xgboost,5.025893298754348
2017-12-08 00:00:00,etth1,HUFL,24,45,xgboost,5.046093649997691
2017-12-08 01:00:00,etth1,HUFL,24,45,xgboost,5.425712828284735
2017-12-08 02:00:00,etth1,HUFL,24,45,xgboost,5.330731098897831
2017-12-08 03:00:00,etth1,HUFL,24,45,xgboost,5.2624316629993055
2017-12-08 04:00:00,etth1,HUFL,24,45,xgboost,5.348188014338164
2017-12-08 05:00:00,etth1,HUFL,24,45,xgboost,5.440480229280225
2017-12-08 06:00:00,etth1,HUFL,24,45,xgboost,5.443775127078833
2017-12-08 07:00:00,etth1,HUFL,24,45,xgboost,5.2900484297357115
2017-12-08 08:00:00,etth1,HUFL,24,45,xgboost,5.386387948562366
2017-12-08 09:00:00,etth1,HUFL,24,45,xgboost,5.138834387918279
2017-12-08 10:00:00,etth1,HUFL,24,45,xgboost,3.1861254679682376
2017-12-08 11:00:00,etth1,HUFL,24,45,xgboost,3.1205903444721947
2017-12-08 12:00:00,etth1,HUFL,24,45,xgboost,3.4035095554666412
2017-12-08 13:00:00,etth1,HUFL,24,45,xgboost,3.9893993766316185
2017-12-08 14:00:00,etth1,HUFL,24,45,xgboost,4.596155220277228
2017-12-08 15:00:00,etth1,HUFL,24,45,xgboost,4.821948883609873
2017-12-08 16:00:00,etth1,HUFL,24,45,xgboost,5.31418107437496
2017-12-08 17:00:00,etth1,HUFL,24,45,xgboost,4.534337718111332
2017-12-08 18:00:00,etth1,HUFL,24,45,xgboost,4.088997212208526
2017-12-08 19:00:00,etth1,HUFL,24,45,xgboost,4.074792375616853
2017-12-08 20:00:00,etth1,HUFL,24,45,xgboost,4.095903867376547
2017-12-08 21:00:00,etth1,HUFL,24,45,xgboost,3.991564114887408
2017-12-08 22:00:00,etth1,HUFL,24,45,xgboost,4.414404169141764
2017-12-08 23:00:00,etth1,HUFL,24,45,xgboost,4.324798399536596
2017-12-09 00:00:00,etth1,HUFL,24,45,xgboost,4.0963223392396815
2017-12-09 01:00:00,etth1,HUFL,24,45,xgboost,3.548406077560547
2017-12-09 02:00:00,etth1,HUFL,24,45,xgboost,3.6058158214173957
2017-12-09 03:00:00,etth1,HUFL,24,45,xgboost,3.646596087855541
2017-12-09 04:00:00,etth1,HUFL,24,45,xgboost,3.6081295112865632
2017-12-09 05:00:00,etth1,HUFL,24,45,xgboost,3.3992036946300743
2017-12-09 06:00:00,etth1,HUFL,24,45,xgboost,3.481470972215805
2017-12-09 07:00:00,etth1,HUFL,24,45,xgboost,3.322347352281483
2017-12-09 08:00:00,etth1,HUFL,24,45,xgboost,3.7012567980354008
2017-12-09 09:00:00,etth1,HUFL,24,45,xgboost,3.9813698772478383
2017-12-09 10:00:00,etth1,HUFL,24,45,xgboost,3.7485301720635285
2017-12-09 11:00:00,etth1,HUFL,24,45,xgboost,3.90911470495168
2017-12-09 12:00:00,etth1,HUFL,24,45,xgboost,2.951833556059414
2017-12-09 13:00:00,etth1,HUFL,24,45,xgboost,3.9480856610551314
2017-12-09 14:00:00,etth1,HUFL,24,45,xgboost,3.1695339630933126
2017-12-09 15:00:00,etth1,HUFL,24,45,xgboost,4.165239753410233
2017-12-09 16:00:00,etth1,HUFL,24,45,xgboost,4.986362872912946
2017-12-09 17:00:00,etth1,HUFL,24,45,xgboost,3.942630206657629
2017-12-09 18:00:00,etth1,HUFL,24,45,xgboost,3.7076600448660577
2017-12-09 19:00:00,etth1,HUFL,24,45,xgboost,3.955039693837017
2017-12-09 20:00:00,etth1,HUFL,24,45,xgboost,3.913398514850146
2017-12-09 21:00:00,etth1,HUFL,24,45,xgboost,3.691898596326233
2017-12-09 22:00:00,etth1,HUFL,24,45,xgboost,3.8935337439471156
2017-12-09 23:00:00,etth1,HUFL,24,45,xgboost,4.102871709417513
2017-12-10 00:00:00,etth1,HUFL,24,45,xgboost,3.7575461230493716
2017-12-10 01:00:00,etth1,HUFL,24,45,xgboost,3.3896225578644095
2017-12-10 02:00:00,etth1,HUFL,24,45,xgboost,3.563534331568927
2017-12-10 03:00:00,etth1,HUFL,24,45,xgboost,3.625470876336219
2017-12-10 04:00:00,etth1,HUFL,24,45,xgboost,4.017780119373428
2017-12-10 05:00:00,etth1,HUFL,24,45,xgboost,4.2932543370645035
2017-12-10 06:00:00,etth1,HUFL,24,45,xgboost,4.2925841989800455
2017-12-10 07:00:00,etth1,HUFL,24,45,xgboost,4.122714455383362
2017-12-10 08:00:00,etth1,HUFL,24,45,xgboost,5.04947416263568
2017-12-10 09:00:00,etth1,HUFL,24,45,xgboost,5.361903089845693
2017-12-10 10:00:00,etth1,HUFL,24,45,xgboost,4.618284951053966
2017-12-10 11:00:00,etth1,HUFL,24,45,xgboost,5.677102328082676
2017-12-10 12:00:00,etth1,HUFL,24,45,xgboost,5.485460401820428
2017-12-10 13:00:00,etth1,HUFL,24,45,xgboost,5.113473524731002
2017-12-10 14:00:00,etth1,HUFL,24,45,xgboost,6.206619162507194
2017-12-10 15:00:00,etth1,HUFL,24,45,xgboost,6.483045963754416
2017-12-10 16:00:00,etth1,HUFL,24,45,xgboost,7.267157222063896
2017-12-10 17:00:00,etth1,HUFL,24,45,xgboost,5.880002866802504
2017-12-10 18:00:00,etth1,HUFL,24,45,xgboost,5.3379779125603966
2017-12-10 19:00:00,etth1,HUFL,24,45,xgboost,5.2127809618046
2017-12-10 20:00:00,etth1,HUFL,24,45,xgboost,5.007427079630253
2017-12-10 21:00:00,etth1,HUFL,24,45,xgboost,4.997334000992233
2017-12-10 22:00:00,etth1,HUFL,24,45,xgboost,5.351490124767504
2017-12-10 23:00:00,etth1,HUFL,24,45,xgboost,5.552322602462556
2017-12-11 00:00:00,etth1,HUFL,24,45,xgboost,5.186283151970049
2017-12-11 01:00:00,etth1,HUFL,24,45,xgboost,4.822586369086378
2017-12-11 02:00:00,etth1,HUFL,24,45,xgboost,4.674032422905527
2017-12-11 03:00:00,etth1,HUFL,24,45,xgboost,4.574292481318776
2017-12-11 04:00:00,etth1,HUFL,24,45,xgboost,4.134539583362043
2017-12-11 05:00:00,etth1,HUFL,24,45,xgboost,4.002520556876932
2017-12-11 06:00:00,etth1,HUFL,24,45,xgboost,4.130740222544463
2017-12-11 07:00:00,etth1,HUFL,24,45,xgboost,4.423060410883845
2017-12-11 08:00:00,etth1,HUFL,24,45,xgboost,4.871046758818836
2017-12-11 09:00:00,etth1,HUFL,24,45,xgboost,5.666853567201198
2017-12-11 10:00:00,etth1,HUFL,24,45,xgboost,4.481254011809581
2017-12-11 11:00:00,etth1,HUFL,24,45,xgboost,3.6284863455354786
2017-12-11 12:00:00,etth1,HUFL,24,45,xgboost,4.011786578275171
2017-12-11 13:00:00,etth1,HUFL,24,45,xgboost,4.550234148170413
2017-12-11 14:00:00,etth1,HUFL,24,45,xgboost,4.284442397589466
2017-12-11 15:00:00,etth1,HUFL,24,45,xgboost,4.430260967232466
2017-12-11 16:00:00,etth1,HUFL,24,45,xgboost,5.06907531320083
2017-12-11 17:00:00,etth1,HUFL,24,45,xgboost,3.9216334041298873
2017-12-11 18:00:00,etth1,HUFL,24,45,xgboost,3.809798371920401
2017-12-11 19:00:00,etth1,HUFL,24,45,xgboost,3.893884998789556
2017-12-11 20:00:00,etth1,HUFL,24,45,xgboost,3.6382628227378064
2017-12-11 21:00:00,etth1,HUFL,24,45,xgboost,3.765702517720859
2017-12-11 22:00:00,etth1,HUFL,24,45,xgboost,3.977673598509215
2017-12-11 23:00:00,etth1,HUFL,24,45,xgboost,3.825924779671297
2017-12-12 00:00:00,etth1,HUFL,24,45,xgboost,3.7531194538809927
2017-12-12 01:00:00,etth1,HUFL,24,45,xgboost,3.268370272091205
2017-12-12 02:00:00,etth1,HUFL,24,45,xgboost,3.2985016040505712
2017-12-12 03:00:00,etth1,HUFL,24,45,xgboost,3.2320479093589642
2017-12-12 04:00:00,etth1,HUFL,24,45,xgboost,3.142718655470078
2017-12-12 05:00:00,etth1,HUFL,24,45,xgboost,3.237790975138152
2017-12-12 06:00:00,etth1,HUFL,24,45,xgboost,3.421301365071096
2017-12-12 07:00:00,etth1,HUFL,24,45,xgboost,3.6481713611545312
2017-12-12 08:00:00,etth1,HUFL,24,45,xgboost,4.62638432473128
2017-12-12 09:00:00,etth1,HUFL,24,45,xgboost,4.6150871463253695
2017-12-12 10:00:00,etth1,HUFL,24,45,xgboost,3.516581240965452
2017-12-12 11:00:00,etth1,HUFL,24,45,xgboost,3.428237320399493
2017-12-12 12:00:00,etth1,HUFL,24,45,xgboost,3.43316871414399
2017-12-12 13:00:00,etth1,HUFL,24,45,xgboost,3.736309743772901
2017-12-12 14:00:00,etth1,HUFL,24,45,xgboost,4.07263342521524
2017-12-12 15:00:00,etth1,HUFL,24,45,xgboost,2.6641412658921397
2017-12-12 16:00:00,etth1,HUFL,24,45,xgboost,3.749021626475539
2017-12-12 17:00:00,etth1,HUFL,24,45,xgboost,1.9144909087690067
2017-12-12 18:00:00,etth1,HUFL,24,45,xgboost,2.8817787958495504
2017-12-12 19:00:00,etth1,HUFL,24,45,xgboost,2.4298859280596843
2017-12-12 20:00:00,etth1,HUFL,24,45,xgboost,2.014346563316515
2017-12-12 21:00:00,etth1,HUFL,24,45,xgboost,2.1394216123114376
2017-12-12 22:00:00,etth1,HUFL,24,45,xgboost,2.052330307885381
2017-12-12 23:00:00,etth1,HUFL,24,45,xgboost,2.1340220538618553
2017-12-13 00:00:00,etth1,HUFL,24,45,xgboost,2.138909512362587
2017-12-13 01:00:00,etth1,HUFL,24,45,xgboost,2.0971882524134853
2017-12-13 02:00:00,etth1,HUFL,24,45,xgboost,2.182257213967914
2017-12-13 03:00:00,etth1,HUFL,24,45,xgboost,2.4134287825294662
2017-12-13 04:00:00,etth1,HUFL,24,45,xgboost,2.268039749588164
2017-12-13 05:00:00,etth1,HUFL,24,45,xgboost,2.380306130903538
2017-12-13 06:00:00,etth1,HUFL,24,45,xgboost,2.6389038130067135
2017-12-13 07:00:00,etth1,HUFL,24,45,xgboost,3.087664960532097
2017-12-13 08:00:00,etth1,HUFL,24,45,xgboost,2.94735106071588
2017-12-13 09:00:00,etth1,HUFL,24,45,xgboost,2.1094275495438892
2017-12-13 10:00:00,etth1,HUFL,24,45,xgboost,2.3415016279033796
2017-12-13 11:00:00,etth1,HUFL,24,45,xgboost,2.3553846896576163
2017-12-13 12:00:00,etth1,HUFL,24,45,xgboost,2.2263001063975425
2017-12-13 13:00:00,etth1,HUFL,24,45,xgboost,2.496096989978837
2017-12-13 14:00:00,etth1,HUFL,24,45,xgboost,2.7932091550132605
2017-12-13 15:00:00,etth1,HUFL,24,45,xgboost,2.384350367965832
2017-12-13 16:00:00,etth1,HUFL,24,45,xgboost,2.6487888662465635
2017-12-13 17:00:00,etth1,HUFL,24,45,xgboost,2.694860341306073
2017-12-13 18:00:00,etth1,HUFL,24,45,xgboost,2.9442238965112693
2017-12-13 19:00:00,etth1,HUFL,24,45,xgboost,2.985954351162832
2017-12-13 20:00:00,etth1,HUFL,24,45,xgboost,2.6221056634174764
2017-12-13 21:00:00,etth1,HUFL,24,45,xgboost,2.788257233132807
2017-12-13 22:00:00,etth1,HUFL,24,45,xgboost,2.7617345174114853
2017-12-13 23:00:00,etth1,HUFL,24,45,xgboost,2.6817667583308147
2017-12-14 00:00:00,etth1,HUFL,24,45,xgboost,3.076457063834497
2017-12-14 01:00:00,etth1,HUFL,24,45,xgboost,2.694390039042135
2017-12-14 02:00:00,etth1,HUFL,24,45,xgboost,2.5504363326341584
2017-12-14 03:00:00,etth1,HUFL,24,45,xgboost,2.5034710869176093
2017-12-14 04:00:00,etth1,HUFL,24,45,xgboost,2.2633635172875244
2017-12-14 05:00:00,etth1,HUFL,24,45,xgboost,2.262990836212724
2017-12-14 06:00:00,etth1,HUFL,24,45,xgboost,2.527741483811175
2017-12-14 07:00:00,etth1,HUFL,24,45,xgboost,2.620290849845352
2017-12-14 08:00:00,etth1,HUFL,24,45,xgboost,2.2191576156939075
2017-12-14 09:00:00,etth1,HUFL,24,45,xgboost,2.0531307486925727
2017-12-14 10:00:00,etth1,HUFL,24,45,xgboost,1.511799514056727
2017-12-14 11:00:00,etth1,HUFL,24,45,xgboost,1.0808905897422427
2017-12-14 12:00:00,etth1,HUFL,24,45,xgboost,1.3461947629286357
2017-12-14 13:00:00,etth1,HUFL,24,45,xgboost,1.3428850319389996
2017-12-14 14:00:00,etth1,HUFL,24,45,xgboost,1.7027942700556238
2017-12-14 15:00:00,etth1,HUFL,24,45,xgboost,1.7610654247802497
2017-12-14 16:00:00,etth1,HUFL,24,45,xgboost,1.7094251373935316
2017-12-14 17:00:00,etth1,HUFL,24,45,xgboost,1.9654332550872289
2017-12-14 18:00:00,etth1,HUFL,24,45,xgboost,2.5450642077643533
2017-12-14 19:00:00,etth1,HUFL,24,45,xgboost,2.3862991985188367
2017-12-14 20:00:00,etth1,HUFL,24,45,xgboost,2.062810934213933
2017-12-14 21:00:00,etth1,HUFL,24,45,xgboost,2.1120780799711736
2017-12-14 22:00:00,etth1,HUFL,24,45,xgboost,2.2409333876037696
2017-12-14 23:00:00,etth1,HUFL,24,45,xgboost,1.6654992280402947
2017-12-15 00:00:00,etth1,HUFL,24,45,xgboost,1.7775442202351825
2017-12-15 01:00:00,etth1,HUFL,24,45,xgboost,1.749457735227428
2017-12-15 02:00:00,etth1,HUFL,24,45,xgboost,1.7930378553513862
2017-12-15 03:00:00,etth1,HUFL,24,45,xgboost,1.799112469415003
2017-12-15 04:00:00,etth1,HUFL,24,45,xgboost,1.8775723176067836
2017-12-15 05:00:00,etth1,HUFL,24,45,xgboost,1.9778186607307742
2017-12-15 06:00:00,etth1,HUFL,24,45,xgboost,1.7013012417207325
2017-12-15 07:00:00,etth1,HUFL,24,45,xgboost,1.6146391710952057
2017-12-15 08:00:00,etth1,HUFL,24,45,xgboost,1.5880367005423741
2017-12-15 09:00:00,etth1,HUFL,24,45,xgboost,1.2532256236036712
2017-12-15 10:00:00,etth1,HUFL,24,45,xgboost,1.3702129215208636
2017-12-15 11:00:00,etth1,HUFL,24,45,xgboost,1.426078232133193
2017-12-15 12:00:00,etth1,HUFL,24,45,xgboost,1.5476196654854542
2017-12-15 13:00:00,etth1,HUFL,24,45,xgboost,1.6767598059857765
2017-12-15 14:00:00,etth1,HUFL,24,45,xgboost,1.6495059325503645
2017-12-15 15:00:00,etth1,HUFL,24,45,xgboost,1.3208791090448082
2017-12-15 16:00:00,etth1,HUFL,24,45,xgboost,1.3461727169879885
2017-12-15 17:00:00,etth1,HUFL,24,45,xgboost,1.5846218459266055
2017-12-15 18:00:00,etth1,HUFL,24,45,xgboost,1.632044651308182
2017-12-15 19:00:00,etth1,HUFL,24,45,xgboost,1.6751696324506262
2017-12-15 20:00:00,etth1,HUFL,24,45,xgboost,1.5945372777585571
2017-12-15 21:00:00,etth1,HUFL,24,45,xgboost,1.6653917668577902
2017-12-15 22:00:00,etth1,HUFL,24,45,xgboost,1.6111204479767867
2017-12-15 23:00:00,etth1,HUFL,24,45,xgboost,1.6281640294131652
2017-12-16 00:00:00,etth1,HUFL,24,45,xgboost,1.724983987335163
2017-12-16 01:00:00,etth1,HUFL,24,45,xgboost,1.7697911140657954
2017-12-16 02:00:00,etth1,HUFL,24,45,xgboost,1.845424601712527
2017-12-16 03:00:00,etth1,HUFL,24,45,xgboost,1.9082092256672507
2017-12-16 04:00:00,etth1,HUFL,24,45,xgboost,1.811707490910984
2017-12-16 05:00:00,etth1,HUFL,24,45,xgboost,1.6956093635781924
2017-12-16 06:00:00,etth1,HUFL,24,45,xgboost,1.8056200718324138
2017-12-16 07:00:00,etth1,HUFL,24,45,xgboost,1.9560240748143507
2017-12-16 08:00:00,etth1,HUFL,24,45,xgboost,1.9891295641009563
2017-12-16 09:00:00,etth1,HUFL,24,45,xgboost,1.8075742307291183
2017-12-16 10:00:00,etth1,HUFL,24,45,xgboost,2.345424617983926
2017-12-16 11:00:00,etth1,HUFL,24,45,xgboost,3.0252588859745004
2017-12-16 12:00:00,etth1,HUFL,24,45,xgboost,3.791328237685352
2017-12-16 13:00:00,etth1,HUFL,24,45,xgboost,4.883211653508854
2017-12-16 14:00:00,etth1,HUFL,24,45,xgboost,6.04380903854615
2017-12-16 15:00:00,etth1,HUFL,24,45,xgboost,5.7121042931022314
2017-12-16 16:00:00,etth1,HUFL,24,45,xgboost,6.303554181906382
2017-12-16 17:00:00,etth1,HUFL,24,45,xgboost,6.0956656759970835
2017-12-16 18:00:00,etth1,HUFL,24,45,xgboost,5.905507496846631
2017-12-16 19:00:00,etth1,HUFL,24,45,xgboost,5.8601312071304505
2017-12-16 20:00:00,etth1,HUFL,24,45,xgboost,6.074140267105617
2017-12-16 21:00:00,etth1,HUFL,24,45,xgboost,6.1252349649551645
2017-12-16 22:00:00,etth1,HUFL,24,45,xgboost,6.135641907825602
2017-12-16 23:00:00,etth1,HUFL,24,45,xgboost,6.510514813838974
2017-12-17 00:00:00,etth1,HUFL,24,45,xgboost,6.456538445159012
2017-12-17 01:00:00,etth1,HUFL,24,45,xgboost,6.5831961062653965
2017-12-17 02:00:00,etth1,HUFL,24,45,xgboost,6.592707955605657
2017-12-17 03:00:00,etth1,HUFL,24,45,xgboost,6.742463333704468
2017-12-17 04:00:00,etth1,HUFL,24,45,xgboost,6.889525350122535
2017-12-17 05:00:00,etth1,HUFL,24,45,xgboost,6.977133348647118
2017-12-17 06:00:00,etth1,HUFL,24,45,xgboost,6.8999734979541465
2017-12-17 07:00:00,etth1,HUFL,24,45,xgboost,7.061358531658474
2017-12-17 08:00:00,etth1,HUFL,24,45,xgboost,7.608539079089398
2017-12-17 09:00:00,etth1,HUFL,24,45,xgboost,7.0176503924679166
2017-12-17 10:00:00,etth1,HUFL,24,45,xgboost,5.321750076444517
2017-12-17 11:00:00,etth1,HUFL,24,45,xgboost,4.683929076054806
2017-12-17 12:00:00,etth1,HUFL,24,45,xgboost,4.419595904602441
2017-12-17 13:00:00,etth1,HUFL,24,45,xgboost,4.907147110724526
2017-12-17 14:00:00,etth1,HUFL,24,45,xgboost,6.098676256492993
2017-12-17 15:00:00,etth1,HUFL,24,45,xgboost,6.376028009897616
2017-12-17 16:00:00,etth1,HUFL,24,45,xgboost,6.601532754619517
2017-12-17 17:00:00,etth1,HUFL,24,45,xgboost,6.6848239568199235
2017-12-17 18:00:00,etth1,HUFL,24,45,xgboost,5.669679116082585
2017-12-17 19:00:00,etth1,HUFL,24,45,xgboost,5.512094603955852
2017-12-17 20:00:00,etth1,HUFL,24,45,xgboost,5.117805253878006
2017-12-17 21:00:00,etth1,HUFL,24,45,xgboost,5.198198909417684
2017-12-17 22:00:00,etth1,HUFL,24,45,xgboost,5.59205180341499
2017-12-17 23:00:00,etth1,HUFL,24,45,xgboost,5.861234169665465
2017-12-18 00:00:00,etth1,HUFL,24,45,xgboost,5.617378506306726
2017-12-18 01:00:00,etth1,HUFL,24,45,xgboost,5.40669417657971
2017-12-18 02:00:00,etth1,HUFL,24,45,xgboost,5.949274223025043
2017-12-18 03:00:00,etth1,HUFL,24,45,xgboost,5.993819597742299
2017-12-18 04:00:00,etth1,HUFL,24,45,xgboost,6.255823499083036
2017-12-18 05:00:00,etth1,HUFL,24,45,xgboost,6.427895312925673
2017-12-18 06:00:00,etth1,HUFL,24,45,xgboost,6.05244555223747
2017-12-18 07:00:00,etth1,HUFL,24,45,xgboost,6.274497993646096
2017-12-18 08:00:00,etth1,HUFL,24,45,xgboost,6.352596933471062
2017-12-18 09:00:00,etth1,HUFL,24,45,xgboost,6.854135116163864
2017-12-18 10:00:00,etth1,HUFL,24,45,xgboost,7.025187143001335
2017-12-18 11:00:00,etth1,HUFL,24,45,xgboost,6.250316600877933
2017-12-18 12:00:00,etth1,HUFL,24,45,xgboost,6.313206652277913
2017-12-18 13:00:00,etth1,HUFL,24,45,xgboost,7.250186634926266
2017-12-18 14:00:00,etth1,HUFL,24,45,xgboost,6.810613356339921
2017-12-18 15:00:00,etth1,HUFL,24,45,xgboost,6.272142592545848
2017-12-18 16:00:00,etth1,HUFL,24,45,xgboost,7.565366284666259
2017-12-18 17:00:00,etth1,HUFL,24,45,xgboost,6.640125779155688
2017-12-18 18:00:00,etth1,HUFL,24,45,xgboost,5.666981054567174
2017-12-18 19:00:00,etth1,HUFL,24,45,xgboost,5.283085166697962
2017-12-18 20:00:00,etth1,HUFL,24,45,xgboost,5.409654587609626
2017-12-18 21:00:00,etth1,HUFL,24,45,xgboost,5.245070401835464
2017-12-18 22:00:00,etth1,HUFL,24,45,xgboost,5.302846143426065
2017-12-18 23:00:00,etth1,HUFL,24,45,xgboost,5.519196380896585
2017-12-19 00:00:00,etth1,HUFL,24,45,xgboost,4.698922807671909
2017-12-19 01:00:00,etth1,HUFL,24,45,xgboost,4.684295820724853
2017-12-19 02:00:00,etth1,HUFL,24,45,xgboost,4.923236527436496
2017-12-19 03:00:00,etth1,HUFL,24,45,xgboost,4.969933512567
2017-12-19 04:00:00,etth1,HUFL,24,45,xgboost,5.482762946446759
2017-12-19 05:00:00,etth1,HUFL,24,45,xgboost,5.574082639485424
2017-12-19 06:00:00,etth1,HUFL,24,45,xgboost,5.940591567945533
2017-12-19 07:00:00,etth1,HUFL,24,45,xgboost,5.461491648730338
2017-12-19 08:00:00,etth1,HUFL,24,45,xgboost,6.760252216786749
2017-12-19 09:00:00,etth1,HUFL,24,45,xgboost,5.6627589476367035
2017-12-19 10:00:00,etth1,HUFL,24,45,xgboost,4.993260760602302
2017-12-19 11:00:00,etth1,HUFL,24,45,xgboost,4.908491287316189
2017-12-19 12:00:00,etth1,HUFL,24,45,xgboost,5.388619625336034
2017-12-19 13:00:00,etth1,HUFL,24,45,xgboost,5.624826412005191
2017-12-19 14:00:00,etth1,HUFL,24,45,xgboost,5.435727612708956
2017-12-19 15:00:00,etth1,HUFL,24,45,xgboost,5.689730752994632
2017-12-19 16:00:00,etth1,HUFL,24,45,xgboost,6.96038187602516
2017-12-19 17:00:00,etth1,HUFL,24,45,xgboost,7.567025129956309
2017-12-19 18:00:00,etth1,HUFL,24,45,xgboost,6.8820033911077685
2017-12-19 19:00:00,etth1,HUFL,24,45,xgboost,6.609677281617697
2017-12-19 20:00:00,etth1,HUFL,24,45,xgboost,6.363347010112349
2017-12-19 21:00:00,etth1,HUFL,24,45,xgboost,5.831179091318731
2017-12-19 22:00:00,etth1,HUFL,24,45,xgboost,5.823862685041187
2017-12-19 23:00:00,etth1,HUFL,24,45,xgboost,6.008846574810453
2017-12-20 00:00:00,etth1,HUFL,24,45,xgboost,6.091668561512239
2017-12-20 01:00:00,etth1,HUFL,24,45,xgboost,5.2953951547029225
2017-12-20 02:00:00,etth1,HUFL,24,45,xgboost,5.1845720221155025
2017-12-20 03:00:00,etth1,HUFL,24,45,xgboost,5.394302101914942
2017-12-20 04:00:00,etth1,HUFL,24,45,xgboost,5.331615294818602
2017-12-20 05:00:00,etth1,HUFL,24,45,xgboost,5.3777288010276365
2017-12-20 06:00:00,etth1,HUFL,24,45,xgboost,5.223660892415229
2017-12-20 07:00:00,etth1,HUFL,24,45,xgboost,5.741464037193687
2017-12-20 08:00:00,etth1,HUFL,24,45,xgboost,5.912490616990599
2017-12-20 09:00:00,etth1,HUFL,24,45,xgboost,5.00692231418565
2017-12-20 10:00:00,etth1,HUFL,24,45,xgboost,4.354463120200023
2017-12-20 11:00:00,etth1,HUFL,24,45,xgboost,3.5463199660455955
2017-12-20 12:00:00,etth1,HUFL,24,45,xgboost,3.606273553658316
2017-12-20 13:00:00,etth1,HUFL,24,45,xgboost,3.56650889166459
2017-12-20 14:00:00,etth1,HUFL,24,45,xgboost,3.7491109585027877
2017-12-20 15:00:00,etth1,HUFL,24,45,xgboost,4.025041490502426
2017-12-20 16:00:00,etth1,HUFL,24,45,xgboost,4.757881644689752
2017-12-20 17:00:00,etth1,HUFL,24,45,xgboost,4.159119187702536
2017-12-20 18:00:00,etth1,HUFL,24,45,xgboost,4.598130476616195
2017-12-20 19:00:00,etth1,HUFL,24,45,xgboost,4.26815908848414
2017-12-20 20:00:00,etth1,HUFL,24,45,xgboost,4.236484574302929
2017-12-20 21:00:00,etth1,HUFL,24,45,xgboost,4.013619070572489
2017-12-20 22:00:00,etth1,HUFL,24,45,xgboost,4.183286741785895
2017-12-20 23:00:00,etth1,HUFL,24,45,xgboost,4.35903298242039
2017-12-21 00:00:00,etth1,HUFL,24,45,xgboost,4.608982880662806
2017-12-21 01:00:00,etth1,HUFL,24,45,xgboost,4.111501667265157
2017-12-21 02:00:00,etth1,HUFL,24,45,xgboost,4.107802317569384
2017-12-21 03:00:00,etth1,HUFL,24,45,xgboost,4.243755312860761
2017-12-21 04:00:00,etth1,HUFL,24,45,xgboost,4.2520304085537814
2017-12-21 05:00:00,etth1,HUFL,24,45,xgboost,4.277613748055132
2017-12-21 06:00:00,etth1,HUFL,24,45,xgboost,4.274589624770503
2017-12-21 07:00:00,etth1,HUFL,24,45,xgboost,4.304548374910406
2017-12-21 08:00:00,etth1,HUFL,24,45,xgboost,4.782307439473616
2017-12-21 09:00:00,etth1,HUFL,24,45,xgboost,5.217504369877461
2017-12-21 10:00:00,etth1,HUFL,24,45,xgboost,4.842448122313186
2017-12-21 11:00:00,etth1,HUFL,24,45,xgboost,4.455767193051117
2017-12-21 12:00:00,etth1,HUFL,24,45,xgboost,4.674801574674533
2017-12-21 13:00:00,etth1,HUFL,24,45,xgboost,5.1861324649759135
2017-12-21 14:00:00,etth1,HUFL,24,45,xgboost,5.359819801213966
2017-12-21 15:00:00,etth1,HUFL,24,45,xgboost,5.720536372429827
2017-12-21 16:00:00,etth1,HUFL,24,45,xgboost,6.995081659620053
2017-12-21 17:00:00,etth1,HUFL,24,45,xgboost,6.184506430196439
2017-12-21 18:00:00,etth1,HUFL,24,45,xgboost,5.325745572916665
2017-12-21 19:00:00,etth1,HUFL,24,45,xgboost,4.931593161057004
2017-12-21 20:00:00,etth1,HUFL,24,45,xgboost,4.776094071555765
2017-12-21 21:00:00,etth1,HUFL,24,45,xgboost,4.638549804872546
2017-12-21 22:00:00,etth1,HUFL,24,45,xgboost,4.430444932416407
2017-12-21 23:00:00,etth1,HUFL,24,45,xgboost,4.489883217136168
2017-12-22 00:00:00,etth1,HUFL,24,45,xgboost,4.06041012156679
2017-12-22 01:00:00,etth1,HUFL,24,45,xgboost,4.276917279802466
2017-12-22 02:00:00,etth1,HUFL,24,45,xgboost,4.403363617561468
2017-12-22 03:00:00,etth1,HUFL,24,45,xgboost,4.5772843049228
2017-12-22 04:00:00,etth1,HUFL,24,45,xgboost,4.4186022982601045
2017-12-22 05:00:00,etth1,HUFL,24,45,xgboost,4.055025324320252
2017-12-22 06:00:00,etth1,HUFL,24,45,xgboost,4.1343955532332375
2017-12-22 07:00:00,etth1,HUFL,24,45,xgboost,3.8768710983929697
2017-12-22 08:00:00,etth1,HUFL,24,45,xgboost,4.23136632130672
2017-12-22 09:00:00,etth1,HUFL,24,45,xgboost,4.57683283980634
2017-12-22 10:00:00,etth1,HUFL,24,45,xgboost,3.741870545490174
2017-12-22 11:00:00,etth1,HUFL,24,45,xgboost,3.136911854156668
2017-12-22 12:00:00,etth1,HUFL,24,45,xgboost,3.1703985007545943
2017-12-22 13:00:00,etth1,HUFL,24,45,xgboost,2.6722469710229446
2017-12-22 14:00:00,etth1,HUFL,24,45,xgboost,2.7266174887032277
2017-12-22 15:00:00,etth1,HUFL,24,45,xgboost,2.4169323918414687
2017-12-22 16:00:00,etth1,HUFL,24,45,xgboost,2.552851690329953
2017-12-22 17:00:00,etth1,HUFL,24,45,xgboost,1.136907604702284
2017-12-22 18:00:00,etth1,HUFL,24,45,xgboost,1.0717922294149744
2017-12-22 19:00:00,etth1,HUFL,24,45,xgboost,1.650910981534248
2017-12-22 20:00:00,etth1,HUFL,24,45,xgboost,1.3197947267182377
2017-12-22 21:00:00,etth1,HUFL,24,45,xgboost,1.3789376722059075
2017-12-22 22:00:00,etth1,HUFL,24,45,xgboost,1.7255242381192242
2017-12-22 23:00:00,etth1,HUFL,24,45,xgboost,2.134171433812827
2017-12-23 00:00:00,etth1,HUFL,24,45,xgboost,2.2110035133294663
2017-12-23 01:00:00,etth1,HUFL,24,45,xgboost,2.1594609408142404
2017-12-23 02:00:00,etth1,HUFL,24,45,xgboost,2.084192678937555
2017-12-23 03:00:00,etth1,HUFL,24,45,xgboost,2.2837342309966733
2017-12-23 04:00:00,etth1,HUFL,24,45,xgboost,2.192042309085068
2017-12-23 05:00:00,etth1,HUFL,24,45,xgboost,2.2858164853338887
2017-12-23 06:00:00,etth1,HUFL,24,45,xgboost,2.41086581583086
2017-12-23 07:00:00,etth1,HUFL,24,45,xgboost,2.8335646913810955
2017-12-23 08:00:00,etth1,HUFL,24,45,xgboost,2.3814655774597857
2017-12-23 09:00:00,etth1,HUFL,24,45,xgboost,0.8508889245500244
2017-12-23 10:00:00,etth1,HUFL,24,45,xgboost,1.3112513334122733
2017-12-23 11:00:00,etth1,HUFL,24,45,xgboost,1.9193263986817997
2017-12-23 12:00:00,etth1,HUFL,24,45,xgboost,2.037279041791808
2017-12-23 13:00:00,etth1,HUFL,24,45,xgboost,2.525082760373549
2017-12-23 14:00:00,etth1,HUFL,24,45,xgboost,3.863917033518074
2017-12-23 15:00:00,etth1,HUFL,24,45,xgboost,3.3146700801526197
2017-12-23 16:00:00,etth1,HUFL,24,45,xgboost,4.252575200677865
2017-12-23 17:00:00,etth1,HUFL,24,45,xgboost,4.093191927504084
2017-12-23 18:00:00,etth1,HUFL,24,45,xgboost,3.6695983784678163
2017-12-23 19:00:00,etth1,HUFL,24,45,xgboost,3.807084104397319
2017-12-23 20:00:00,etth1,HUFL,24,45,xgboost,3.6711687522847165
2017-12-23 21:00:00,etth1,HUFL,24,45,xgboost,3.4978046897752293
2017-12-23 22:00:00,etth1,HUFL,24,45,xgboost,3.4026210955673
2017-12-23 23:00:00,etth1,HUFL,24,45,xgboost,3.573526842245419
2017-12-24 00:00:00,etth1,HUFL,24,45,xgboost,4.253674504726184
2017-12-24 01:00:00,etth1,HUFL,24,45,xgboost,4.214431186316269
2017-12-24 02:00:00,etth1,HUFL,24,45,xgboost,4.204503047678809
2017-12-24 03:00:00,etth1,HUFL,24,45,xgboost,4.213612083006246
2017-12-24 04:00:00,etth1,HUFL,24,45,xgboost,4.563829294074075
2017-12-24 05:00:00,etth1,HUFL,24,45,xgboost,4.602738172934997
2017-12-24 06:00:00,etth1,HUFL,24,45,xgboost,4.795660976475972
2017-12-24 07:00:00,etth1,HUFL,24,45,xgboost,4.872932155003306
2017-12-24 08:00:00,etth1,HUFL,24,45,xgboost,5.320919665585715
2017-12-24 09:00:00,etth1,HUFL,24,45,xgboost,5.137524768374265
2017-12-24 10:00:00,etth1,HUFL,24,45,xgboost,4.0316138643155695
2017-12-24 11:00:00,etth1,HUFL,24,45,xgboost,4.238167498258832
2017-12-24 12:00:00,etth1,HUFL,24,45,xgboost,5.152814327589149
2017-12-24 13:00:00,etth1,HUFL,24,45,xgboost,6.081127106642037
2017-12-24 14:00:00,etth1,HUFL,24,45,xgboost,6.35417904449871
2017-12-24 15:00:00,etth1,HUFL,24,45,xgboost,6.871903606942038
2017-12-24 16:00:00,etth1,HUFL,24,45,xgboost,7.731053188245159
2017-12-24 17:00:00,etth1,HUFL,24,45,xgboost,6.134509669209277
2017-12-24 18:00:00,etth1,HUFL,24,45,xgboost,5.928773868986597
2017-12-24 19:00:00,etth1,HUFL,24,45,xgboost,5.939109642860554
2017-12-24 20:00:00,etth1,HUFL,24,45,xgboost,5.6884666511472455
2017-12-24 21:00:00,etth1,HUFL,24,45,xgboost,5.495588263612095
2017-12-24 22:00:00,etth1,HUFL,24,45,xgboost,5.721512408787562
2017-12-24 23:00:00,etth1,HUFL,24,45,xgboost,5.65547385705312
2017-12-25 00:00:00,etth1,HUFL,24,45,xgboost,5.537273576122526
2017-12-25 01:00:00,etth1,HUFL,24,45,xgboost,5.019721284108662
2017-12-25 02:00:00,etth1,HUFL,24,45,xgboost,4.641053651976287
2017-12-25 03:00:00,etth1,HUFL,24,45,xgboost,4.3800773909955115
2017-12-25 04:00:00,etth1,HUFL,24,45,xgboost,4.390447040256878
2017-12-25 05:00:00,etth1,HUFL,24,45,xgboost,4.280869417237469
2017-12-25 06:00:00,etth1,HUFL,24,45,xgboost,4.013181728012474
2017-12-25 07:00:00,etth1,HUFL,24,45,xgboost,4.186264580186299
2017-12-25 08:00:00,etth1,HUFL,24,45,xgboost,4.895914934890044
2017-12-25 09:00:00,etth1,HUFL,24,45,xgboost,5.0496998620368005
2017-12-25 10:00:00,etth1,HUFL,24,45,xgboost,4.002417111446835
2017-12-25 11:00:00,etth1,HUFL,24,45,xgboost,2.8935329802088425
2017-12-25 12:00:00,etth1,HUFL,24,45,xgboost,3.1741317674007674
2017-12-25 13:00:00,etth1,HUFL,24,45,xgboost,4.079547180087972
2017-12-25 14:00:00,etth1,HUFL,24,45,xgboost,4.277688339112376
2017-12-25 15:00:00,etth1,HUFL,24,45,xgboost,4.788541964381243
2017-12-25 16:00:00,etth1,HUFL,24,45,xgboost,6.200064067490135
2017-12-25 17:00:00,etth1,HUFL,24,45,xgboost,4.386499747518509
2017-12-25 18:00:00,etth1,HUFL,24,45,xgboost,3.8307968990788446
2017-12-25 19:00:00,etth1,HUFL,24,45,xgboost,3.714429174708925
2017-12-25 20:00:00,etth1,HUFL,24,45,xgboost,3.6109046843289807
2017-12-25 21:00:00,etth1,HUFL,24,45,xgboost,3.568036239686162
2017-12-25 22:00:00,etth1,HUFL,24,45,xgboost,3.597412378849578
2017-12-25 23:00:00,etth1,HUFL,24,45,xgboost,4.026956138336687
2017-12-26 00:00:00,etth1,HUFL,24,45,xgboost,3.6882679804736305
2017-12-26 01:00:00,etth1,HUFL,24,45,xgboost,3.5505620672315685
2017-12-26 02:00:00,etth1,HUFL,24,45,xgboost,3.283020762012923
2017-12-26 03:00:00,etth1,HUFL,24,45,xgboost,3.21086972951183
2017-12-26 04:00:00,etth1,HUFL,24,45,xgboost,3.311189274811754
2017-12-26 05:00:00,etth1,HUFL,24,45,xgboost,3.001945887085604
2017-12-26 06:00:00,etth1,HUFL,24,45,xgboost,3.0765658913114673
2017-12-26 07:00:00,etth1,HUFL,24,45,xgboost,3.017560131206634
2017-12-26 08:00:00,etth1,HUFL,24,45,xgboost,4.075028805926727
2017-12-26 09:00:00,etth1,HUFL,24,45,xgboost,4.546685010260277
2017-12-26 10:00:00,etth1,HUFL,24,45,xgboost,4.383163810094922
2017-12-26 11:00:00,etth1,HUFL,24,45,xgboost,3.972917350810587
2017-12-26 12:00:00,etth1,HUFL,24,45,xgboost,4.102726278980731
2017-12-26 13:00:00,etth1,HUFL,24,45,xgboost,3.564112188848662
2017-12-26 14:00:00,etth1,HUFL,24,45,xgboost,3.5818018224729826
2017-12-26 15:00:00,etth1,HUFL,24,45,xgboost,3.7122474277003525
2017-12-26 16:00:00,etth1,HUFL,24,45,xgboost,4.572307134399609
2017-12-26 17:00:00,etth1,HUFL,24,45,xgboost,3.2759307773597897
2017-12-26 18:00:00,etth1,HUFL,24,45,xgboost,3.0038566335015755
2017-12-26 19:00:00,etth1,HUFL,24,45,xgboost,2.818659993894103
2017-12-26 20:00:00,etth1,HUFL,24,45,xgboost,2.7099636729046175
2017-12-26 21:00:00,etth1,HUFL,24,45,xgboost,2.8106107116244274
2017-12-26 22:00:00,etth1,HUFL,24,45,xgboost,2.7778193755500915
2017-12-26 23:00:00,etth1,HUFL,24,45,xgboost,2.766560816702762
2017-12-27 00:00:00,etth1,HUFL,24,45,xgboost,2.930831351090177
2017-12-27 01:00:00,etth1,HUFL,24,45,xgboost,2.371630863551689
2017-12-27 02:00:00,etth1,HUFL,24,45,xgboost,2.6940514879738706
2017-12-27 03:00:00,etth1,HUFL,24,45,xgboost,2.2814513072006943
2017-12-27 04:00:00,etth1,HUFL,24,45,xgboost,2.6223714452893296
2017-12-27 05:00:00,etth1,HUFL,24,45,xgboost,2.6220266713162874
2017-12-27 06:00:00,etth1,HUFL,24,45,xgboost,2.084577231680674
2017-12-27 07:00:00,etth1,HUFL,24,45,xgboost,2.196152097066021
2017-12-27 08:00:00,etth1,HUFL,24,45,xgboost,2.512939869806141
2017-12-27 09:00:00,etth1,HUFL,24,45,xgboost,2.02736740096809
2017-12-27 10:00:00,etth1,HUFL,24,45,xgboost,2.084813365861511
2017-12-27 11:00:00,etth1,HUFL,24,45,xgboost,1.9623502963281414
2017-12-27 12:00:00,etth1,HUFL,24,45,xgboost,2.4155782185104586
2017-12-27 13:00:00,etth1,HUFL,24,45,xgboost,2.018305521921833
2017-12-27 14:00:00,etth1,HUFL,24,45,xgboost,2.499467449943226
2017-12-27 15:00:00,etth1,HUFL,24,45,xgboost,1.94657127269634
2017-12-27 16:00:00,etth1,HUFL,24,45,xgboost,2.077227905488147
2017-12-27 17:00:00,etth1,HUFL,24,45,xgboost,1.4833409402855544
2017-12-27 18:00:00,etth1,HUFL,24,45,xgboost,1.931836721610841
2017-12-27 19:00:00,etth1,HUFL,24,45,xgboost,1.936499127372387
2017-12-27 20:00:00,etth1,HUFL,24,45,xgboost,1.8640240669579657
2017-12-27 21:00:00,etth1,HUFL,24,45,xgboost,1.6363224279046076
2017-12-27 22:00:00,etth1,HUFL,24,45,xgboost,1.978577436076338
2017-12-27 23:00:00,etth1,HUFL,24,45,xgboost,1.8103152310775803
2017-12-28 00:00:00,etth1,HUFL,24,45,xgboost,1.929348476551681
2017-12-28 01:00:00,etth1,HUFL,24,45,xgboost,1.9333325458913702
2017-12-28 02:00:00,etth1,HUFL,24,45,xgboost,1.9029210589233394
2017-12-28 03:00:00,etth1,HUFL,24,45,xgboost,2.0148209601946507
2017-12-28 04:00:00,etth1,HUFL,24,45,xgboost,2.1013079973205167
2017-12-28 05:00:00,etth1,HUFL,24,45,xgboost,2.290147752799248
2017-12-28 06:00:00,etth1,HUFL,24,45,xgboost,2.56002961155375
2017-12-28 07:00:00,etth1,HUFL,24,45,xgboost,2.4003683359462684
2017-12-28 08:00:00,etth1,HUFL,24,45,xgboost,2.184268634007002
2017-12-28 09:00:00,etth1,HUFL,24,45,xgboost,1.5433330098244105
2017-12-28 10:00:00,etth1,HUFL,24,45,xgboost,1.1443776502464076
2017-12-28 11:00:00,etth1,HUFL,24,45,xgboost,1.354037768194355
2017-12-28 12:00:00,etth1,HUFL,24,45,xgboost,1.3898877704091268
2017-12-28 13:00:00,etth1,HUFL,24,45,xgboost,1.4449835862055604
2017-12-28 14:00:00,etth1,HUFL,24,45,xgboost,1.2676086927228314
2017-12-28 15:00:00,etth1,HUFL,24,45,xgboost,1.0587320189256448
2017-12-28 16:00:00,etth1,HUFL,24,45,xgboost,1.2740897986392117
2017-12-28 17:00:00,etth1,HUFL,24,45,xgboost,1.0239704742887048
2017-12-28 18:00:00,etth1,HUFL,24,45,xgboost,1.4232271782512338
2017-12-28 19:00:00,etth1,HUFL,24,45,xgboost,1.3912909597576395
2017-12-28 20:00:00,etth1,HUFL,24,45,xgboost,1.3061058649429766
2017-12-28 21:00:00,etth1,HUFL,24,45,xgboost,1.3716559223923035
2017-12-28 22:00:00,etth1,HUFL,24,45,xgboost,1.3005935883414546
2017-12-28 23:00:00,etth1,HUFL,24,45,xgboost,1.558514456667518
2017-12-29 00:00:00,etth1,HUFL,24,45,xgboost,1.6224013568328868
2017-12-29 01:00:00,etth1,HUFL,24,45,xgboost,1.7053585490849599
2017-12-29 02:00:00,etth1,HUFL,24,45,xgboost,1.8872895225564708
2017-12-29 03:00:00,etth1,HUFL,24,45,xgboost,1.7141447886404133
2017-12-29 04:00:00,etth1,HUFL,24,45,xgboost,1.873500115489806
2017-12-29 05:00:00,etth1,HUFL,24,45,xgboost,1.816211899417615
2017-12-29 06:00:00,etth1,HUFL,24,45,xgboost,2.052492131264815
2017-12-29 07:00:00,etth1,HUFL,24,45,xgboost,2.0267351276541703
2017-12-29 08:00:00,etth1,HUFL,24,45,xgboost,1.8596098931209013
2017-12-29 09:00:00,etth1,HUFL,24,45,xgboost,1.5171377952229506
2017-12-29 10:00:00,etth1,HUFL,24,45,xgboost,1.120162883032249
2017-12-29 11:00:00,etth1,HUFL,24,45,xgboost,1.5160777121710354
2017-12-29 12:00:00,etth1,HUFL,24,45,xgboost,1.199256553971465
2017-12-29 13:00:00,etth1,HUFL,24,45,xgboost,1.416147063655666
2017-12-29 14:00:00,etth1,HUFL,24,45,xgboost,1.7579597764083932
2017-12-29 15:00:00,etth1,HUFL,24,45,xgboost,1.34881179677014
2017-12-29 16:00:00,etth1,HUFL,24,45,xgboost,0.9229167803904806
2017-12-29 17:00:00,etth1,HUFL,24,45,xgboost,1.1360429121334958
2017-12-29 18:00:00,etth1,HUFL,24,45,xgboost,1.4899305828138238
2017-12-29 19:00:00,etth1,HUFL,24,45,xgboost,1.5329449534000552
2017-12-29 20:00:00,etth1,HUFL,24,45,xgboost,1.3420220850647802
2017-12-29 21:00:00,etth1,HUFL,24,45,xgboost,1.241977286063365
2017-12-29 22:00:00,etth1,HUFL,24,45,xgboost,1.2660664335427438
2017-12-29 23:00:00,etth1,HUFL,24,45,xgboost,1.3070840884736477
2017-12-30 00:00:00,etth1,HUFL,24,45,xgboost,1.4212175543295167
2017-12-30 01:00:00,etth1,HUFL,24,45,xgboost,1.7796179069660412
2017-12-30 02:00:00,etth1,HUFL,24,45,xgboost,1.6337843073000176
2017-12-30 03:00:00,etth1,HUFL,24,45,xgboost,1.8297698314405249
2017-12-30 04:00:00,etth1,HUFL,24,45,xgboost,2.0334791512537684
2017-12-30 05:00:00,etth1,HUFL,24,45,xgboost,2.13615067549947
2017-12-30 06:00:00,etth1,HUFL,24,45,xgboost,2.1925761502547503
2017-12-30 07:00:00,etth1,HUFL,24,45,xgboost,2.210091832730785
2017-12-30 08:00:00,etth1,HUFL,24,45,xgboost,2.295332162499164
2017-12-30 09:00:00,etth1,HUFL,24,45,xgboost,2.571372463266266
2017-12-30 10:00:00,etth1,HUFL,24,45,xgboost,2.5046393918275816
2017-12-30 11:00:00,etth1,HUFL,24,45,xgboost,2.755851802303029
2017-12-30 12:00:00,etth1,HUFL,24,45,xgboost,3.102044926044569
2017-12-30 13:00:00,etth1,HUFL,24,45,xgboost,4.316171752114037
2017-12-30 14:00:00,etth1,HUFL,24,45,xgboost,3.4268036530756043
2017-12-30 15:00:00,etth1,HUFL,24,45,xgboost,3.519104660702203
2017-12-30 16:00:00,etth1,HUFL,24,45,xgboost,3.6323320586897143
2017-12-30 17:00:00,etth1,HUFL,24,45,xgboost,4.18976227520788
2017-12-30 18:00:00,etth1,HUFL,24,45,xgboost,4.41527658893714
2017-12-30 19:00:00,etth1,HUFL,24,45,xgboost,4.580966560171434
2017-12-30 20:00:00,etth1,HUFL,24,45,xgboost,4.579500157412309
2017-12-30 21:00:00,etth1,HUFL,24,45,xgboost,4.446110453875733
2017-12-30 22:00:00,etth1,HUFL,24,45,xgboost,4.766596773985313
2017-12-30 23:00:00,etth1,HUFL,24,45,xgboost,4.915014767624106
2017-12-31 00:00:00,etth1,HUFL,24,45,xgboost,5.139219813525432
2017-12-31 01:00:00,etth1,HUFL,24,45,xgboost,4.790983054468244
2017-12-31 02:00:00,etth1,HUFL,24,45,xgboost,5.100859018842359
2017-12-31 03:00:00,etth1,HUFL,24,45,xgboost,5.2023922822174535
2017-12-31 04:00:00,etth1,HUFL,24,45,xgboost,5.136459456819829
2017-12-31 05:00:00,etth1,HUFL,24,45,xgboost,5.269287010123094
2017-12-31 06:00:00,etth1,HUFL,24,45,xgboost,5.379122718908699
2017-12-31 07:00:00,etth1,HUFL,24,45,xgboost,5.3503271777138695
2017-12-31 08:00:00,etth1,HUFL,24,45,xgboost,5.23695148698781
2017-12-31 09:00:00,etth1,HUFL,24,45,xgboost,4.685648400565104
2017-12-31 10:00:00,etth1,HUFL,24,45,xgboost,4.567946817375291
2017-12-31 11:00:00,etth1,HUFL,24,45,xgboost,4.358442715384785
2017-12-31 12:00:00,etth1,HUFL,24,45,xgboost,4.401165772572907
2017-12-31 13:00:00,etth1,HUFL,24,45,xgboost,4.116787361945724
2017-12-31 14:00:00,etth1,HUFL,24,45,xgboost,4.759024069665422
2017-12-31 15:00:00,etth1,HUFL,24,45,xgboost,4.978334951023459
2017-12-31 16:00:00,etth1,HUFL,24,45,xgboost,5.180762388940212
2017-12-31 17:00:00,etth1,HUFL,24,45,xgboost,4.915985295985622
2017-12-31 18:00:00,etth1,HUFL,24,45,xgboost,4.600732616603298
2017-12-31 19:00:00,etth1,HUFL,24,45,xgboost,4.261439249240631
2017-12-31 20:00:00,etth1,HUFL,24,45,xgboost,4.115548655148523
2017-12-31 21:00:00,etth1,HUFL,24,45,xgboost,4.328006691110714
2017-12-31 22:00:00,etth1,HUFL,24,45,xgboost,4.478017412103559
2017-12-31 23:00:00,etth1,HUFL,24,45,xgboost,4.6808186485900976
2018-01-01 00:00:00,etth1,HUFL,24,45,xgboost,4.637999133400567
2018-01-01 01:00:00,etth1,HUFL,24,45,xgboost,4.796080015393398
2018-01-01 02:00:00,etth1,HUFL,24,45,xgboost,4.651035754046644
2018-01-01 03:00:00,etth1,HUFL,24,45,xgboost,4.963246573813534
2018-01-01 04:00:00,etth1,HUFL,24,45,xgboost,5.239955500353589
2018-01-01 05:00:00,etth1,HUFL,24,45,xgboost,5.397959157112545
2018-01-01 06:00:00,etth1,HUFL,24,45,xgboost,5.598879983359204
2018-01-01 07:00:00,etth1,HUFL,24,45,xgboost,5.636555612427263
2018-01-01 08:00:00,etth1,HUFL,24,45,xgboost,5.688213274301635
2018-01-01 09:00:00,etth1,HUFL,24,45,xgboost,6.468432243952278
2018-01-01 10:00:00,etth1,HUFL,24,45,xgboost,5.341637126852042
2018-01-01 11:00:00,etth1,HUFL,24,45,xgboost,5.191884093462391
2018-01-01 12:00:00,etth1,HUFL,24,45,xgboost,4.62144513370207
2018-01-01 13:00:00,etth1,HUFL,24,45,xgboost,4.617714793754562
2018-01-01 14:00:00,etth1,HUFL,24,45,xgboost,4.783742487030676
2018-01-01 15:00:00,etth1,HUFL,24,45,xgboost,4.72750226627269
2018-01-01 16:00:00,etth1,HUFL,24,45,xgboost,5.132818589976398
2018-01-01 17:00:00,etth1,HUFL,24,45,xgboost,4.1776799531786715
2018-01-01 18:00:00,etth1,HUFL,24,45,xgboost,3.274614155688019
2018-01-01 19:00:00,etth1,HUFL,24,45,xgboost,3.9068689859518684
2018-01-01 20:00:00,etth1,HUFL,24,45,xgboost,3.479970739593826
2018-01-01 21:00:00,etth1,HUFL,24,45,xgboost,3.3054514797569277
2018-01-01 22:00:00,etth1,HUFL,24,45,xgboost,3.7993445269738984
2018-01-01 23:00:00,etth1,HUFL,24,45,xgboost,3.964487075973261
2018-01-02 00:00:00,etth1,HUFL,24,45,xgboost,4.237878865155989
2018-01-02 01:00:00,etth1,HUFL,24,45,xgboost,4.4800821915548985
2018-01-02 02:00:00,etth1,HUFL,24,45,xgboost,3.896706050703879
2018-01-02 03:00:00,etth1,HUFL,24,45,xgboost,3.4270174539056497
2018-01-02 04:00:00,etth1,HUFL,24,45,xgboost,2.933958314417662
2018-01-02 05:00:00,etth1,HUFL,24,45,xgboost,2.464698648095744
2018-01-02 06:00:00,etth1,HUFL,24,45,xgboost,2.1549790474176937
2018-01-02 07:00:00,etth1,HUFL,24,45,xgboost,2.1954161431507497
2018-01-02 08:00:00,etth1,HUFL,24,45,xgboost,1.9037024202357762
2018-01-02 09:00:00,etth1,HUFL,24,45,xgboost,1.4580851129217047
2018-01-02 10:00:00,etth1,HUFL,24,45,xgboost,1.8934073438544754
2018-01-02 11:00:00,etth1,HUFL,24,45,xgboost,1.8376583870430891
2018-01-02 12:00:00,etth1,HUFL,24,45,xgboost,1.7557661065530306
2018-01-02 13:00:00,etth1,HUFL,24,45,xgboost,1.7778023004744459
2018-01-02 14:00:00,etth1,HUFL,24,45,xgboost,1.6288685501369073
2018-01-02 15:00:00,etth1,HUFL,24,45,xgboost,1.7628303851940166
2018-01-02 16:00:00,etth1,HUFL,24,45,xgboost,0.9876650710754276
2018-01-02 17:00:00,etth1,HUFL,24,45,xgboost,1.0546183893346912
2018-01-02 18:00:00,etth1,HUFL,24,45,xgboost,1.2938004807650503
2018-01-02 19:00:00,etth1,HUFL,24,45,xgboost,1.178612249285465
2018-01-02 20:00:00,etth1,HUFL,24,45,xgboost,1.0185330809994426
2018-01-02 21:00:00,etth1,HUFL,24,45,xgboost,0.854235485930194
2018-01-02 22:00:00,etth1,HUFL,24,45,xgboost,0.9186384849825022
2018-01-02 23:00:00,etth1,HUFL,24,45,xgboost,1.080638665784923
2018-01-03 00:00:00,etth1,HUFL,24,45,xgboost,1.009115274145099
2018-01-03 01:00:00,etth1,HUFL,24,45,xgboost,0.8678473206826487
2018-01-03 02:00:00,etth1,HUFL,24,45,xgboost,0.9146296666397257
2018-01-03 03:00:00,etth1,HUFL,24,45,xgboost,1.1148751531391652
2018-01-03 04:00:00,etth1,HUFL,24,45,xgboost,0.9746547872700303
2018-01-03 05:00:00,etth1,HUFL,24,45,xgboost,1.062002532591882
2018-01-03 06:00:00,etth1,HUFL,24,45,xgboost,1.1696358078947622
2018-01-03 07:00:00,etth1,HUFL,24,45,xgboost,1.1926122345651076
2018-01-03 08:00:00,etth1,HUFL,24,45,xgboost,1.335128080479877
2018-01-03 09:00:00,etth1,HUFL,24,45,xgboost,1.1625439173452425
2018-01-03 10:00:00,etth1,HUFL,24,45,xgboost,1.0939660467953702
2018-01-03 11:00:00,etth1,HUFL,24,45,xgboost,1.1087320376004206
2018-01-03 12:00:00,etth1,HUFL,24,45,xgboost,1.7581168887603302
2018-01-03 13:00:00,etth1,HUFL,24,45,xgboost,2.310311173788254
2018-01-03 14:00:00,etth1,HUFL,24,45,xgboost,1.604889332308422
2018-01-03 15:00:00,etth1,HUFL,24,45,xgboost,1.4829987497502026
2018-01-03 16:00:00,etth1,HUFL,24,45,xgboost,1.6601000905242589
2018-01-03 17:00:00,etth1,HUFL,24,45,xgboost,1.7371595372419322
2018-01-03 18:00:00,etth1,HUFL,24,45,xgboost,1.8534698035118236
2018-01-03 19:00:00,etth1,HUFL,24,45,xgboost,2.0109114845587057
2018-01-03 20:00:00,etth1,HUFL,24,45,xgboost,1.8749219892367102
2018-01-03 21:00:00,etth1,HUFL,24,45,xgboost,1.6263095058529355
2018-01-03 22:00:00,etth1,HUFL,24,45,xgboost,1.580762000174305
2018-01-03 23:00:00,etth1,HUFL,24,45,xgboost,1.6245559522114146
2018-01-04 00:00:00,etth1,HUFL,24,45,xgboost,1.9421249228831436
2018-01-04 01:00:00,etth1,HUFL,24,45,xgboost,2.1831821889006684
2018-01-04 02:00:00,etth1,HUFL,24,45,xgboost,2.1334391847876106
2018-01-04 03:00:00,etth1,HUFL,24,45,xgboost,2.030247983346858
2018-01-04 04:00:00,etth1,HUFL,24,45,xgboost,2.1390368923900516
2018-01-04 05:00:00,etth1,HUFL,24,45,xgboost,2.176870831708553
2018-01-04 06:00:00,etth1,HUFL,24,45,xgboost,2.066755153807426
2018-01-04 07:00:00,etth1,HUFL,24,45,xgboost,2.1623658903534384
2018-01-04 08:00:00,etth1,HUFL,24,45,xgboost,2.24278802976405
2018-01-04 09:00:00,etth1,HUFL,24,45,xgboost,1.7962061173848098
2018-01-04 10:00:00,etth1,HUFL,24,45,xgboost,1.427495334709044
2018-01-04 11:00:00,etth1,HUFL,24,45,xgboost,1.5077036876631027
2018-01-04 12:00:00,etth1,HUFL,24,45,xgboost,1.3463038992792027
2018-01-04 13:00:00,etth1,HUFL,24,45,xgboost,1.6304907957018848
2018-01-04 14:00:00,etth1,HUFL,24,45,xgboost,1.3216426298362942
2018-01-04 15:00:00,etth1,HUFL,24,45,xgboost,1.1856761772549012
2018-01-04 16:00:00,etth1,HUFL,24,45,xgboost,1.1787596717836106
2018-01-04 17:00:00,etth1,HUFL,24,45,xgboost,1.381872123440851
2018-01-04 18:00:00,etth1,HUFL,24,45,xgboost,1.6333887661863933
2018-01-04 19:00:00,etth1,HUFL,24,45,xgboost,1.8332678180207147
2018-01-04 20:00:00,etth1,HUFL,24,45,xgboost,1.782010792845404
2018-01-04 21:00:00,etth1,HUFL,24,45,xgboost,1.6678984422933805
2018-01-04 22:00:00,etth1,HUFL,24,45,xgboost,1.3028783833699134
2018-01-04 23:00:00,etth1,HUFL,24,45,xgboost,1.1925419104495416
2018-01-05 00:00:00,etth1,HUFL,24,45,xgboost,1.4102929743915256
2018-01-05 01:00:00,etth1,HUFL,24,45,xgboost,1.5646409913837005
2018-01-05 02:00:00,etth1,HUFL,24,45,xgboost,1.5613695564071062
2018-01-05 03:00:00,etth1,HUFL,24,45,xgboost,1.7188366929104764
2018-01-05 04:00:00,etth1,HUFL,24,45,xgboost,1.9174297311651163
2018-01-05 05:00:00,etth1,HUFL,24,45,xgboost,1.9320777493220664
2018-01-05 06:00:00,etth1,HUFL,24,45,xgboost,1.8956780157499227
2018-01-05 07:00:00,etth1,HUFL,24,45,xgboost,2.0291082347761518
2018-01-05 08:00:00,etth1,HUFL,24,45,xgboost,2.7570823835623464
2018-01-05 09:00:00,etth1,HUFL,24,45,xgboost,1.9028247084732897
2018-01-05 10:00:00,etth1,HUFL,24,45,xgboost,1.6404236878517395
2018-01-05 11:00:00,etth1,HUFL,24,45,xgboost,2.040256748305985
2018-01-05 12:00:00,etth1,HUFL,24,45,xgboost,1.81785560634571
2018-01-05 13:00:00,etth1,HUFL,24,45,xgboost,2.7163782206431066
2018-01-05 14:00:00,etth1,HUFL,24,45,xgboost,2.8385863771505186
2018-01-05 15:00:00,etth1,HUFL,24,45,xgboost,2.8983242962745925
2018-01-05 16:00:00,etth1,HUFL,24,45,xgboost,2.630476796767024
2018-01-05 17:00:00,etth1,HUFL,24,45,xgboost,2.8085390889231907
2018-01-05 18:00:00,etth1,HUFL,24,45,xgboost,2.9431881400837394
2018-01-05 19:00:00,etth1,HUFL,24,45,xgboost,3.0871821138342725
2018-01-05 20:00:00,etth1,HUFL,24,45,xgboost,2.6509905815225756
2018-01-05 21:00:00,etth1,HUFL,24,45,xgboost,2.427581588900178
2018-01-05 22:00:00,etth1,HUFL,24,45,xgboost,2.3904172052891393
2018-01-05 23:00:00,etth1,HUFL,24,45,xgboost,2.3675593122603957
2018-01-06 00:00:00,etth1,HUFL,24,45,xgboost,2.694664090345683
2018-01-06 01:00:00,etth1,HUFL,24,45,xgboost,2.9330154513432642
2018-01-06 02:00:00,etth1,HUFL,24,45,xgboost,2.978712109911944
2018-01-06 03:00:00,etth1,HUFL,24,45,xgboost,2.7634734687153126
2018-01-06 04:00:00,etth1,HUFL,24,45,xgboost,2.8042434008444936
2018-01-06 05:00:00,etth1,HUFL,24,45,xgboost,2.8824778500820867
2018-01-06 06:00:00,etth1,HUFL,24,45,xgboost,3.03447923235019
2018-01-06 07:00:00,etth1,HUFL,24,45,xgboost,3.1534186585706494
2018-01-06 08:00:00,etth1,HUFL,24,45,xgboost,3.055256661842981
2018-01-06 09:00:00,etth1,HUFL,24,45,xgboost,3.308504667070519
2018-01-06 10:00:00,etth1,HUFL,24,45,xgboost,3.668356319910048
2018-01-06 11:00:00,etth1,HUFL,24,45,xgboost,4.541780042510781
2018-01-06 12:00:00,etth1,HUFL,24,45,xgboost,3.6285558105183533
2018-01-06 13:00:00,etth1,HUFL,24,45,xgboost,4.098617618332842
2018-01-06 14:00:00,etth1,HUFL,24,45,xgboost,2.1016335166799673
2018-01-06 15:00:00,etth1,HUFL,24,45,xgboost,2.2109369873834446
2018-01-06 16:00:00,etth1,HUFL,24,45,xgboost,2.1332764496138275
2018-01-06 17:00:00,etth1,HUFL,24,45,xgboost,2.2880302235412553
2018-01-06 18:00:00,etth1,HUFL,24,45,xgboost,2.329695232681597
2018-01-06 19:00:00,etth1,HUFL,24,45,xgboost,2.7752642085161763
2018-01-06 20:00:00,etth1,HUFL,24,45,xgboost,2.6825249113885263
2018-01-06 21:00:00,etth1,HUFL,24,45,xgboost,2.186242145377221
2018-01-06 22:00:00,etth1,HUFL,24,45,xgboost,2.694867147256043
2018-01-06 23:00:00,etth1,HUFL,24,45,xgboost,2.9922675863756365
2018-01-07 00:00:00,etth1,HUFL,24,45,xgboost,2.58759681648896
2018-01-07 01:00:00,etth1,HUFL,24,45,xgboost,2.7590855302345108
2018-01-07 02:00:00,etth1,HUFL,24,45,xgboost,2.5394246612725055
2018-01-07 03:00:00,etth1,HUFL,24,45,xgboost,2.5020656065694187
2018-01-07 04:00:00,etth1,HUFL,24,45,xgboost,2.817139566562275
2018-01-07 05:00:00,etth1,HUFL,24,45,xgboost,3.0163419037541224
2018-01-07 06:00:00,etth1,HUFL,24,45,xgboost,3.2825024827198575
2018-01-07 07:00:00,etth1,HUFL,24,45,xgboost,3.244492139529235
2018-01-07 08:00:00,etth1,HUFL,24,45,xgboost,3.4349117333988146
2018-01-07 09:00:00,etth1,HUFL,24,45,xgboost,3.3707417963910475
2018-01-07 10:00:00,etth1,HUFL,24,45,xgboost,2.0148593439467413
2018-01-07 11:00:00,etth1,HUFL,24,45,xgboost,2.5470242212593237
2018-01-07 12:00:00,etth1,HUFL,24,45,xgboost,2.4128205653607364
2018-01-07 13:00:00,etth1,HUFL,24,45,xgboost,3.6262840001940204
2018-01-07 14:00:00,etth1,HUFL,24,45,xgboost,4.536706125947371
2018-01-07 15:00:00,etth1,HUFL,24,45,xgboost,5.147877029497671
2018-01-07 16:00:00,etth1,HUFL,24,45,xgboost,5.302782296955095
2018-01-07 17:00:00,etth1,HUFL,24,45,xgboost,4.781458721939091
2018-01-07 18:00:00,etth1,HUFL,24,45,xgboost,4.520368826685929
2018-01-07 19:00:00,etth1,HUFL,24,45,xgboost,4.604398889327941
2018-01-07 20:00:00,etth1,HUFL,24,45,xgboost,4.709710288111186
2018-01-07 21:00:00,etth1,HUFL,24,45,xgboost,4.71890387248483
2018-01-07 22:00:00,etth1,HUFL,24,45,xgboost,4.42634375689038
2018-01-07 23:00:00,etth1,HUFL,24,45,xgboost,4.691759154277995
2018-01-08 00:00:00,etth1,HUFL,24,45,xgboost,5.042670928197768
2018-01-08 01:00:00,etth1,HUFL,24,45,xgboost,5.456129878767105
2018-01-08 02:00:00,etth1,HUFL,24,45,xgboost,5.648544177974859
2018-01-08 03:00:00,etth1,HUFL,24,45,xgboost,5.677841495720652
2018-01-08 04:00:00,etth1,HUFL,24,45,xgboost,5.401746877795444
2018-01-08 05:00:00,etth1,HUFL,24,45,xgboost,5.594041220021985
2018-01-08 06:00:00,etth1,HUFL,24,45,xgboost,5.899860593258275
2018-01-08 07:00:00,etth1,HUFL,24,45,xgboost,6.2423465047376725
2018-01-08 08:00:00,etth1,HUFL,24,45,xgboost,6.562576344086582
2018-01-08 09:00:00,etth1,HUFL,24,45,xgboost,6.83097466356534
2018-01-08 10:00:00,etth1,HUFL,24,45,xgboost,6.42701649465549
2018-01-08 11:00:00,etth1,HUFL,24,45,xgboost,6.300506428616387
2018-01-08 12:00:00,etth1,HUFL,24,45,xgboost,5.812248794639064
2018-01-08 13:00:00,etth1,HUFL,24,45,xgboost,6.411160076566059
2018-01-08 14:00:00,etth1,HUFL,24,45,xgboost,7.075747694665028
2018-01-08 15:00:00,etth1,HUFL,24,45,xgboost,7.440069303456156
2018-01-08 16:00:00,etth1,HUFL,24,45,xgboost,7.392261451445816
2018-01-08 17:00:00,etth1,HUFL,24,45,xgboost,8.750400880858715
2018-01-08 18:00:00,etth1,HUFL,24,45,xgboost,8.051806542945014
2018-01-08 19:00:00,etth1,HUFL,24,45,xgboost,7.585307007084018
2018-01-08 20:00:00,etth1,HUFL,24,45,xgboost,7.435502010210648
2018-01-08 21:00:00,etth1,HUFL,24,45,xgboost,7.578081568996005
2018-01-08 22:00:00,etth1,HUFL,24,45,xgboost,7.288495377259451
2018-01-08 23:00:00,etth1,HUFL,24,45,xgboost,7.373584608833259
2018-01-09 00:00:00,etth1,HUFL,24,45,xgboost,7.426186752868752
2018-01-09 01:00:00,etth1,HUFL,24,45,xgboost,7.129904012839841
2018-01-09 02:00:00,etth1,HUFL,24,45,xgboost,7.906345404279442
2018-01-09 03:00:00,etth1,HUFL,24,45,xgboost,7.8165742197599455
2018-01-09 04:00:00,etth1,HUFL,24,45,xgboost,7.337713025925623
2018-01-09 05:00:00,etth1,HUFL,24,45,xgboost,7.399290450326717
2018-01-09 06:00:00,etth1,HUFL,24,45,xgboost,7.214551960961408
2018-01-09 07:00:00,etth1,HUFL,24,45,xgboost,7.500022646729081
2018-01-09 08:00:00,etth1,HUFL,24,45,xgboost,7.55093208511106
2018-01-09 09:00:00,etth1,HUFL,24,45,xgboost,7.989953720998922
2018-01-09 10:00:00,etth1,HUFL,24,45,xgboost,5.5761512718374675
2018-01-09 11:00:00,etth1,HUFL,24,45,xgboost,4.315717574095566
2018-01-09 12:00:00,etth1,HUFL,24,45,xgboost,4.475728099437723
2018-01-09 13:00:00,etth1,HUFL,24,45,xgboost,4.773442220865339
2018-01-09 14:00:00,etth1,HUFL,24,45,xgboost,5.083339347520876
2018-01-09 15:00:00,etth1,HUFL,24,45,xgboost,5.966038090219997
2018-01-09 16:00:00,etth1,HUFL,24,45,xgboost,6.112020056918786
2018-01-09 17:00:00,etth1,HUFL,24,45,xgboost,7.494574840831042
2018-01-09 18:00:00,etth1,HUFL,24,45,xgboost,6.803107637091585
2018-01-09 19:00:00,etth1,HUFL,24,45,xgboost,6.342520925062832
2018-01-09 20:00:00,etth1,HUFL,24,45,xgboost,5.974049884133085
2018-01-09 21:00:00,etth1,HUFL,24,45,xgboost,6.035619862691557
2018-01-09 22:00:00,etth1,HUFL,24,45,xgboost,5.841596069047618
2018-01-09 23:00:00,etth1,HUFL,24,45,xgboost,6.115929841978898
2018-01-10 00:00:00,etth1,HUFL,24,45,xgboost,5.929548373515146
2018-01-10 01:00:00,etth1,HUFL,24,45,xgboost,6.299028192861576
2018-01-10 02:00:00,etth1,HUFL,24,45,xgboost,6.4349976175153225
2018-01-10 03:00:00,etth1,HUFL,24,45,xgboost,6.350528681960892
2018-01-10 04:00:00,etth1,HUFL,24,45,xgboost,6.634939380507597
2018-01-10 05:00:00,etth1,HUFL,24,45,xgboost,6.9130048469757694
2018-01-10 06:00:00,etth1,HUFL,24,45,xgboost,7.126113974383851
2018-01-10 07:00:00,etth1,HUFL,24,45,xgboost,7.27152569308528
2018-01-10 08:00:00,etth1,HUFL,24,45,xgboost,7.423402928072554
2018-01-10 09:00:00,etth1,HUFL,24,45,xgboost,7.524782138535269
2018-01-10 10:00:00,etth1,HUFL,24,45,xgboost,6.377607461706475
2018-01-10 11:00:00,etth1,HUFL,24,45,xgboost,5.863713904578098
2018-01-10 12:00:00,etth1,HUFL,24,45,xgboost,5.973144833494355
2018-01-10 13:00:00,etth1,HUFL,24,45,xgboost,6.152099448824341
2018-01-10 14:00:00,etth1,HUFL,24,45,xgboost,6.66544804144124
2018-01-10 15:00:00,etth1,HUFL,24,45,xgboost,6.878557303937382
2018-01-10 16:00:00,etth1,HUFL,24,45,xgboost,6.498556023994812
2018-01-10 17:00:00,etth1,HUFL,24,45,xgboost,6.817268554272839
2018-01-10 18:00:00,etth1,HUFL,24,45,xgboost,6.072763420798214
2018-01-10 19:00:00,etth1,HUFL,24,45,xgboost,6.420074986119428
2018-01-10 20:00:00,etth1,HUFL,24,45,xgboost,6.309152768886096
2018-01-10 21:00:00,etth1,HUFL,24,45,xgboost,6.455372171928393
2018-01-10 22:00:00,etth1,HUFL,24,45,xgboost,6.45448667745737
2018-01-10 23:00:00,etth1,HUFL,24,45,xgboost,6.74608491906983
2018-01-11 00:00:00,etth1,HUFL,24,45,xgboost,6.438689017041362
2018-01-11 01:00:00,etth1,HUFL,24,45,xgboost,6.380967617991435
2018-01-11 02:00:00,etth1,HUFL,24,45,xgboost,6.038845574397158
2018-01-11 03:00:00,etth1,HUFL,24,45,xgboost,6.055035210588745
2018-01-11 04:00:00,etth1,HUFL,24,45,xgboost,5.947696859032871
2018-01-11 05:00:00,etth1,HUFL,24,45,xgboost,5.892697522259161
2018-01-11 06:00:00,etth1,HUFL,24,45,xgboost,5.785537812891096
2018-01-11 07:00:00,etth1,HUFL,24,45,xgboost,6.209217968903109
2018-01-11 08:00:00,etth1,HUFL,24,45,xgboost,6.871153673588823
2018-01-11 09:00:00,etth1,HUFL,24,45,xgboost,6.541966772454536
2018-01-11 10:00:00,etth1,HUFL,24,45,xgboost,4.874888061025827
2018-01-11 11:00:00,etth1,HUFL,24,45,xgboost,4.566555319531119
2018-01-11 12:00:00,etth1,HUFL,24,45,xgboost,4.48586395586465
2018-01-11 13:00:00,etth1,HUFL,24,45,xgboost,4.961753168970924
2018-01-11 14:00:00,etth1,HUFL,24,45,xgboost,5.570060378948461
2018-01-11 15:00:00,etth1,HUFL,24,45,xgboost,5.350642044555127
2018-01-11 16:00:00,etth1,HUFL,24,45,xgboost,5.7185861618962575
2018-01-11 17:00:00,etth1,HUFL,24,45,xgboost,7.289819765727228
2018-01-11 18:00:00,etth1,HUFL,24,45,xgboost,6.6706274638696526
2018-01-11 19:00:00,etth1,HUFL,24,45,xgboost,6.327728886298085
2018-01-11 20:00:00,etth1,HUFL,24,45,xgboost,5.928350815260905
2018-01-11 21:00:00,etth1,HUFL,24,45,xgboost,5.755414095426041
2018-01-11 22:00:00,etth1,HUFL,24,45,xgboost,5.527542276729879
2018-01-11 23:00:00,etth1,HUFL,24,45,xgboost,5.64004622232378
2018-01-12 00:00:00,etth1,HUFL,24,45,xgboost,5.75904137851844
2018-01-12 01:00:00,etth1,HUFL,24,45,xgboost,5.832171673811227
2018-01-12 02:00:00,etth1,HUFL,24,45,xgboost,6.141467448095014
2018-01-12 03:00:00,etth1,HUFL,24,45,xgboost,5.941801686474282
2018-01-12 04:00:00,etth1,HUFL,24,45,xgboost,5.837178643190238
2018-01-12 05:00:00,etth1,HUFL,24,45,xgboost,5.838168372586903
2018-01-12 06:00:00,etth1,HUFL,24,45,xgboost,5.7865121204507615
2018-01-12 07:00:00,etth1,HUFL,24,45,xgboost,6.211603762869763
2018-01-12 08:00:00,etth1,HUFL,24,45,xgboost,5.782707131232815
2018-01-12 09:00:00,etth1,HUFL,24,45,xgboost,5.6001723135018695
2018-01-12 10:00:00,etth1,HUFL,24,45,xgboost,5.228586853307016
2018-01-12 11:00:00,etth1,HUFL,24,45,xgboost,4.030500068454488
2018-01-12 12:00:00,etth1,HUFL,24,45,xgboost,4.051952768606492
2018-01-12 13:00:00,etth1,HUFL,24,45,xgboost,3.3200254627825796
2018-01-12 14:00:00,etth1,HUFL,24,45,xgboost,3.3196354976470945
2018-01-12 15:00:00,etth1,HUFL,24,45,xgboost,3.1704180498415457
2018-01-12 16:00:00,etth1,HUFL,24,45,xgboost,3.220858713297062
2018-01-12 17:00:00,etth1,HUFL,24,45,xgboost,2.856085055537863
2018-01-12 18:00:00,etth1,HUFL,24,45,xgboost,2.6950549683557576
2018-01-12 19:00:00,etth1,HUFL,24,45,xgboost,2.881763609079028
2018-01-12 20:00:00,etth1,HUFL,24,45,xgboost,2.8287889395194035
2018-01-12 21:00:00,etth1,HUFL,24,45,xgboost,2.859459731174868
2018-01-12 22:00:00,etth1,HUFL,24,45,xgboost,2.9404655359166227
2018-01-12 23:00:00,etth1,HUFL,24,45,xgboost,3.0176418750845913
2018-01-13 00:00:00,etth1,HUFL,24,45,xgboost,3.0731002553595435
2018-01-13 01:00:00,etth1,HUFL,24,45,xgboost,2.9973246199893793
2018-01-13 02:00:00,etth1,HUFL,24,45,xgboost,2.9895515361657896
2018-01-13 03:00:00,etth1,HUFL,24,45,xgboost,3.2527161495969943
2018-01-13 04:00:00,etth1,HUFL,24,45,xgboost,3.348209923879424
2018-01-13 05:00:00,etth1,HUFL,24,45,xgboost,3.5529238893247848
2018-01-13 06:00:00,etth1,HUFL,24,45,xgboost,3.756172387484623
2018-01-13 07:00:00,etth1,HUFL,24,45,xgboost,3.9100840240129346
2018-01-13 08:00:00,etth1,HUFL,24,45,xgboost,3.8249006977309747
2018-01-13 09:00:00,etth1,HUFL,24,45,xgboost,3.2372752300891263
2018-01-13 10:00:00,etth1,HUFL,24,45,xgboost,3.832635374755038
2018-01-13 11:00:00,etth1,HUFL,24,45,xgboost,3.916602480831102
2018-01-13 12:00:00,etth1,HUFL,24,45,xgboost,3.8948494135432843
2018-01-13 13:00:00,etth1,HUFL,24,45,xgboost,3.5171142858490896
2018-01-13 14:00:00,etth1,HUFL,24,45,xgboost,3.2797485826964086
2018-01-13 15:00:00,etth1,HUFL,24,45,xgboost,3.731519079756726
2018-01-13 16:00:00,etth1,HUFL,24,45,xgboost,4.645501395273083
2018-01-13 17:00:00,etth1,HUFL,24,45,xgboost,4.135129867481653
2018-01-13 18:00:00,etth1,HUFL,24,45,xgboost,3.7949145183925723
2018-01-13 19:00:00,etth1,HUFL,24,45,xgboost,3.8919090118541546
2018-01-13 20:00:00,etth1,HUFL,24,45,xgboost,3.7205443230003183
2018-01-13 21:00:00,etth1,HUFL,24,45,xgboost,3.652310783241621
2018-01-13 22:00:00,etth1,HUFL,24,45,xgboost,3.6846809455964653
2018-01-13 23:00:00,etth1,HUFL,24,45,xgboost,3.890873402338443
2018-01-14 00:00:00,etth1,HUFL,24,45,xgboost,3.6339002789612
2018-01-14 01:00:00,etth1,HUFL,24,45,xgboost,3.230558732483967
2018-01-14 02:00:00,etth1,HUFL,24,45,xgboost,3.2218118439319476
2018-01-14 03:00:00,etth1,HUFL,24,45,xgboost,3.183174882880516
2018-01-14 04:00:00,etth1,HUFL,24,45,xgboost,3.005819017829049
2018-01-14 05:00:00,etth1,HUFL,24,45,xgboost,2.7847235744450978
2018-01-14 06:00:00,etth1,HUFL,24,45,xgboost,2.9565393044255406
2018-01-14 07:00:00,etth1,HUFL,24,45,xgboost,2.9244765071677086
2018-01-14 08:00:00,etth1,HUFL,24,45,xgboost,3.0817952994680233
2018-01-14 09:00:00,etth1,HUFL,24,45,xgboost,3.785026378497335
2018-01-14 10:00:00,etth1,HUFL,24,45,xgboost,3.392504106070918
2018-01-14 11:00:00,etth1,HUFL,24,45,xgboost,3.7762518997289924
2018-01-14 12:00:00,etth1,HUFL,24,45,xgboost,3.684078005312367
2018-01-14 13:00:00,etth1,HUFL,24,45,xgboost,4.30210971894518
2018-01-14 14:00:00,etth1,HUFL,24,45,xgboost,4.395720268085985
2018-01-14 15:00:00,etth1,HUFL,24,45,xgboost,4.633401203632418
2018-01-14 16:00:00,etth1,HUFL,24,45,xgboost,4.69941969592674
2018-01-14 17:00:00,etth1,HUFL,24,45,xgboost,5.624507227170926
2018-01-14 18:00:00,etth1,HUFL,24,45,xgboost,5.310540673392095
2018-01-14 19:00:00,etth1,HUFL,24,45,xgboost,5.177207151015725
2018-01-14 20:00:00,etth1,HUFL,24,45,xgboost,5.058040281626215
2018-01-14 21:00:00,etth1,HUFL,24,45,xgboost,4.907955780040068
2018-01-14 22:00:00,etth1,HUFL,24,45,xgboost,5.1332388367923985
2018-01-14 23:00:00,etth1,HUFL,24,45,xgboost,5.3039719119293744
2018-01-15 00:00:00,etth1,HUFL,24,45,xgboost,5.5987469731224095
2018-01-15 01:00:00,etth1,HUFL,24,45,xgboost,5.978590602522979
2018-01-15 02:00:00,etth1,HUFL,24,45,xgboost,6.012272609658541
2018-01-15 03:00:00,etth1,HUFL,24,45,xgboost,6.027250369164818
2018-01-15 04:00:00,etth1,HUFL,24,45,xgboost,5.74241393607004
2018-01-15 05:00:00,etth1,HUFL,24,45,xgboost,5.8670310822120415
2018-01-15 06:00:00,etth1,HUFL,24,45,xgboost,6.026323902054542
2018-01-15 07:00:00,etth1,HUFL,24,45,xgboost,5.862026449064274
2018-01-15 08:00:00,etth1,HUFL,24,45,xgboost,6.184150242963008
2018-01-15 09:00:00,etth1,HUFL,24,45,xgboost,6.575728818522703
2018-01-15 10:00:00,etth1,HUFL,24,45,xgboost,4.924220550080805
2018-01-15 11:00:00,etth1,HUFL,24,45,xgboost,4.365969057913545
2018-01-15 12:00:00,etth1,HUFL,24,45,xgboost,4.507154773578314
2018-01-15 13:00:00,etth1,HUFL,24,45,xgboost,4.575575985987659
2018-01-15 14:00:00,etth1,HUFL,24,45,xgboost,4.882417224511559
2018-01-15 15:00:00,etth1,HUFL,24,45,xgboost,5.228773392454613
2018-01-15 16:00:00,etth1,HUFL,24,45,xgboost,5.624075925535235
2018-01-15 17:00:00,etth1,HUFL,24,45,xgboost,4.967531382587982
2018-01-15 18:00:00,etth1,HUFL,24,45,xgboost,5.111775455695015
2018-01-15 19:00:00,etth1,HUFL,24,45,xgboost,5.703416092173829
2018-01-15 20:00:00,etth1,HUFL,24,45,xgboost,5.3804836516659975
2018-01-15 21:00:00,etth1,HUFL,24,45,xgboost,4.921182376635412
2018-01-15 22:00:00,etth1,HUFL,24,45,xgboost,5.077350468162018
2018-01-15 23:00:00,etth1,HUFL,24,45,xgboost,5.100715650620209
2018-01-16 00:00:00,etth1,HUFL,24,45,xgboost,4.9249770548322855
2018-01-16 01:00:00,etth1,HUFL,24,45,xgboost,4.386003228013158
2018-01-16 02:00:00,etth1,HUFL,24,45,xgboost,4.794320500115906
2018-01-16 03:00:00,etth1,HUFL,24,45,xgboost,4.974173165740897
2018-01-16 04:00:00,etth1,HUFL,24,45,xgboost,4.985784747952587
2018-01-16 05:00:00,etth1,HUFL,24,45,xgboost,5.035488497252781
2018-01-16 06:00:00,etth1,HUFL,24,45,xgboost,5.469272161855373
2018-01-16 07:00:00,etth1,HUFL,24,45,xgboost,6.1237578177583805
2018-01-16 08:00:00,etth1,HUFL,24,45,xgboost,5.859398442772847
2018-01-16 09:00:00,etth1,HUFL,24,45,xgboost,3.9149667780795077
2018-01-16 10:00:00,etth1,HUFL,24,45,xgboost,3.9610021189694216
2018-01-16 11:00:00,etth1,HUFL,24,45,xgboost,2.7976401711208028
2018-01-16 12:00:00,etth1,HUFL,24,45,xgboost,2.591211394273142
2018-01-16 13:00:00,etth1,HUFL,24,45,xgboost,2.519845117917384
2018-01-16 14:00:00,etth1,HUFL,24,45,xgboost,2.683055116151703
2018-01-16 15:00:00,etth1,HUFL,24,45,xgboost,2.807277165921407
2018-01-16 16:00:00,etth1,HUFL,24,45,xgboost,3.360221354062238
2018-01-16 17:00:00,etth1,HUFL,24,45,xgboost,3.2398198738789024
2018-01-16 18:00:00,etth1,HUFL,24,45,xgboost,3.1569973519188905
2018-01-16 19:00:00,etth1,HUFL,24,45,xgboost,3.283680785464209
2018-01-16 20:00:00,etth1,HUFL,24,45,xgboost,3.0775828991807326
2018-01-16 21:00:00,etth1,HUFL,24,45,xgboost,3.0343866579604466
2018-01-16 22:00:00,etth1,HUFL,24,45,xgboost,3.07895547580167
2018-01-16 23:00:00,etth1,HUFL,24,45,xgboost,3.3188023015314987
2018-01-17 00:00:00,etth1,HUFL,24,45,xgboost,2.6635632743059134
2018-01-17 01:00:00,etth1,HUFL,24,45,xgboost,2.6681944662167303
2018-01-17 02:00:00,etth1,HUFL,24,45,xgboost,2.6681443777853597
2018-01-17 03:00:00,etth1,HUFL,24,45,xgboost,2.697259654567736
2018-01-17 04:00:00,etth1,HUFL,24,45,xgboost,2.556104988578993
2018-01-17 05:00:00,etth1,HUFL,24,45,xgboost,2.103215830551435
2018-01-17 06:00:00,etth1,HUFL,24,45,xgboost,1.571139886365667
2018-01-17 07:00:00,etth1,HUFL,24,45,xgboost,2.002246138562945
2018-01-17 08:00:00,etth1,HUFL,24,45,xgboost,1.4310326804405815
2018-01-17 09:00:00,etth1,HUFL,24,45,xgboost,1.8100867605441389
2018-01-17 10:00:00,etth1,HUFL,24,45,xgboost,2.236405226044467
2018-01-17 11:00:00,etth1,HUFL,24,45,xgboost,2.020196602206944
2018-01-17 12:00:00,etth1,HUFL,24,45,xgboost,2.3264816389542085
2018-01-17 13:00:00,etth1,HUFL,24,45,xgboost,1.6551266209107858
2018-01-17 14:00:00,etth1,HUFL,24,45,xgboost,2.0583177251892644
2018-01-17 15:00:00,etth1,HUFL,24,45,xgboost,2.272956347586859
2018-01-17 16:00:00,etth1,HUFL,24,45,xgboost,2.3361740870615426
2018-01-17 17:00:00,etth1,HUFL,24,45,xgboost,2.47300881922166
2018-01-17 18:00:00,etth1,HUFL,24,45,xgboost,1.8507242274032745
2018-01-17 19:00:00,etth1,HUFL,24,45,xgboost,1.8159618136497802
2018-01-17 20:00:00,etth1,HUFL,24,45,xgboost,1.5861507764720864
2018-01-17 21:00:00,etth1,HUFL,24,45,xgboost,1.6588155576357078
2018-01-17 22:00:00,etth1,HUFL,24,45,xgboost,1.7977593662307854
2018-01-17 23:00:00,etth1,HUFL,24,45,xgboost,1.7819891563913017
2018-01-18 00:00:00,etth1,HUFL,24,45,xgboost,2.1185860737546016
2018-01-18 01:00:00,etth1,HUFL,24,45,xgboost,2.522597783155812
2018-01-18 02:00:00,etth1,HUFL,24,45,xgboost,2.311328695255128
2018-01-18 03:00:00,etth1,HUFL,24,45,xgboost,2.509336152431912
2018-01-18 04:00:00,etth1,HUFL,24,45,xgboost,2.5544393159590855
2018-01-18 05:00:00,etth1,HUFL,24,45,xgboost,2.616775421724222
2018-01-18 06:00:00,etth1,HUFL,24,45,xgboost,2.544171737285124
2018-01-18 07:00:00,etth1,HUFL,24,45,xgboost,2.8079402235159296
2018-01-18 08:00:00,etth1,HUFL,24,45,xgboost,2.8511441958434887
2018-01-18 09:00:00,etth1,HUFL,24,45,xgboost,2.586781770121427
2018-01-18 10:00:00,etth1,HUFL,24,45,xgboost,2.7194565360515823
2018-01-18 11:00:00,etth1,HUFL,24,45,xgboost,3.3927275286092278
2018-01-18 12:00:00,etth1,HUFL,24,45,xgboost,3.562538483443367
2018-01-18 13:00:00,etth1,HUFL,24,45,xgboost,3.8666930964333144
2018-01-18 14:00:00,etth1,HUFL,24,45,xgboost,4.751146037335721
2018-01-18 15:00:00,etth1,HUFL,24,45,xgboost,3.9610538842264127
2018-01-18 16:00:00,etth1,HUFL,24,45,xgboost,3.214060400721921
2018-01-18 17:00:00,etth1,HUFL,24,45,xgboost,3.256416358594006
2018-01-18 18:00:00,etth1,HUFL,24,45,xgboost,3.4017661552389185
2018-01-18 19:00:00,etth1,HUFL,24,45,xgboost,3.5552436832332965
2018-01-18 20:00:00,etth1,HUFL,24,45,xgboost,3.1649730154458537
2018-01-18 21:00:00,etth1,HUFL,24,45,xgboost,2.6730984520500223
2018-01-18 22:00:00,etth1,HUFL,24,45,xgboost,2.9169185340921917
2018-01-18 23:00:00,etth1,HUFL,24,45,xgboost,2.9948268908610163
2018-01-19 00:00:00,etth1,HUFL,24,45,xgboost,2.7411088977312352
2018-01-19 01:00:00,etth1,HUFL,24,45,xgboost,3.0549398372517587
2018-01-19 02:00:00,etth1,HUFL,24,45,xgboost,2.940988196087997
2018-01-19 03:00:00,etth1,HUFL,24,45,xgboost,2.8178547947583006
2018-01-19 04:00:00,etth1,HUFL,24,45,xgboost,3.087367526044654
2018-01-19 05:00:00,etth1,HUFL,24,45,xgboost,3.109568062041338
2018-01-19 06:00:00,etth1,HUFL,24,45,xgboost,2.861134075852675
2018-01-19 07:00:00,etth1,HUFL,24,45,xgboost,3.4999914664011267
2018-01-19 08:00:00,etth1,HUFL,24,45,xgboost,3.1993909569139745
2018-01-19 09:00:00,etth1,HUFL,24,45,xgboost,2.816742892567573
2018-01-19 10:00:00,etth1,HUFL,24,45,xgboost,2.770940491273926
2018-01-19 11:00:00,etth1,HUFL,24,45,xgboost,2.053720975844138
2018-01-19 12:00:00,etth1,HUFL,24,45,xgboost,2.08926841865255
2018-01-19 13:00:00,etth1,HUFL,24,45,xgboost,2.671096592985202
2018-01-19 14:00:00,etth1,HUFL,24,45,xgboost,2.490322854571541
2018-01-19 15:00:00,etth1,HUFL,24,45,xgboost,2.5980499927406107
2018-01-19 16:00:00,etth1,HUFL,24,45,xgboost,1.9519361358156935
2018-01-19 17:00:00,etth1,HUFL,24,45,xgboost,1.8599832283969349
2018-01-19 18:00:00,etth1,HUFL,24,45,xgboost,1.694218802244932
2018-01-19 19:00:00,etth1,HUFL,24,45,xgboost,1.895543851314448
2018-01-19 20:00:00,etth1,HUFL,24,45,xgboost,1.7329818826029413
2018-01-19 21:00:00,etth1,HUFL,24,45,xgboost,1.5743124941334254
2018-01-19 22:00:00,etth1,HUFL,24,45,xgboost,1.8617387038650077
2018-01-19 23:00:00,etth1,HUFL,24,45,xgboost,1.702525941633495
2018-01-20 00:00:00,etth1,HUFL,24,45,xgboost,2.090141830985544
2018-01-20 01:00:00,etth1,HUFL,24,45,xgboost,2.20805927869025
2018-01-20 02:00:00,etth1,HUFL,24,45,xgboost,2.3848112700494117
2018-01-20 03:00:00,etth1,HUFL,24,45,xgboost,2.3611115225373225
2018-01-20 04:00:00,etth1,HUFL,24,45,xgboost,2.0793357135005572
2018-01-20 05:00:00,etth1,HUFL,24,45,xgboost,1.9787627486505244
2018-01-20 06:00:00,etth1,HUFL,24,45,xgboost,2.0186017557487985
2018-01-20 07:00:00,etth1,HUFL,24,45,xgboost,2.1366535859166427
2018-01-20 08:00:00,etth1,HUFL,24,45,xgboost,2.2605313376739034
2018-01-20 09:00:00,etth1,HUFL,24,45,xgboost,2.5755448154054794
2018-01-20 10:00:00,etth1,HUFL,24,45,xgboost,2.5462056676482843
2018-01-20 11:00:00,etth1,HUFL,24,45,xgboost,3.0487660198856212
2018-01-20 12:00:00,etth1,HUFL,24,45,xgboost,3.275832278137408
2018-01-20 13:00:00,etth1,HUFL,24,45,xgboost,2.728701090830588
2018-01-20 14:00:00,etth1,HUFL,24,45,xgboost,2.8133958272502313
2018-01-20 15:00:00,etth1,HUFL,24,45,xgboost,3.0920415631696954
2018-01-20 16:00:00,etth1,HUFL,24,45,xgboost,3.22843217286299
2018-01-20 17:00:00,etth1,HUFL,24,45,xgboost,2.37280489478661
2018-01-20 18:00:00,etth1,HUFL,24,45,xgboost,2.636958072426402
2018-01-20 19:00:00,etth1,HUFL,24,45,xgboost,2.4325822139915645
2018-01-20 20:00:00,etth1,HUFL,24,45,xgboost,2.156960210132285
2018-01-20 21:00:00,etth1,HUFL,24,45,xgboost,1.9583007473242784
2018-01-20 22:00:00,etth1,HUFL,24,45,xgboost,2.1703282647472935
2018-01-20 23:00:00,etth1,HUFL,24,45,xgboost,2.2487290148506944
2018-01-21 00:00:00,etth1,HUFL,24,45,xgboost,1.9007554140868201
2018-01-21 01:00:00,etth1,HUFL,24,45,xgboost,2.103775078648956
2018-01-21 02:00:00,etth1,HUFL,24,45,xgboost,2.2061756300043087
2018-01-21 03:00:00,etth1,HUFL,24,45,xgboost,2.2573358709960107
2018-01-21 04:00:00,etth1,HUFL,24,45,xgboost,2.398508225143541
2018-01-21 05:00:00,etth1,HUFL,24,45,xgboost,2.4569390763564933
2018-01-21 06:00:00,etth1,HUFL,24,45,xgboost,2.4816668333733256
2018-01-21 07:00:00,etth1,HUFL,24,45,xgboost,2.4911089509529076
2018-01-21 08:00:00,etth1,HUFL,24,45,xgboost,2.513345537620381
2018-01-21 09:00:00,etth1,HUFL,24,45,xgboost,2.2635730947779487
2018-01-21 10:00:00,etth1,HUFL,24,45,xgboost,2.730566253988649
2018-01-21 11:00:00,etth1,HUFL,24,45,xgboost,3.1212258240824924
2018-01-21 12:00:00,etth1,HUFL,24,45,xgboost,2.312329707190042
2018-01-21 13:00:00,etth1,HUFL,24,45,xgboost,2.684692202262243
2018-01-21 14:00:00,etth1,HUFL,24,45,xgboost,2.2938691795985418
2018-01-21 15:00:00,etth1,HUFL,24,45,xgboost,2.4840723852150783
2018-01-21 16:00:00,etth1,HUFL,24,45,xgboost,2.7541179778420926
2018-01-21 17:00:00,etth1,HUFL,24,45,xgboost,3.1308119055670933
2018-01-21 18:00:00,etth1,HUFL,24,45,xgboost,3.0127762026982947
2018-01-21 19:00:00,etth1,HUFL,24,45,xgboost,3.2157894052153204
2018-01-21 20:00:00,etth1,HUFL,24,45,xgboost,3.0099398866343283
2018-01-21 21:00:00,etth1,HUFL,24,45,xgboost,3.0239903709720255
2018-01-21 22:00:00,etth1,HUFL,24,45,xgboost,2.956170574412966
2018-01-21 23:00:00,etth1,HUFL,24,45,xgboost,3.01779390157313
2018-01-22 00:00:00,etth1,HUFL,24,45,xgboost,2.6234335903124317
2018-01-22 01:00:00,etth1,HUFL,24,45,xgboost,2.3672727049586517
2018-01-22 02:00:00,etth1,HUFL,24,45,xgboost,2.4969187233824375
2018-01-22 03:00:00,etth1,HUFL,24,45,xgboost,2.647952293219315
2018-01-22 04:00:00,etth1,HUFL,24,45,xgboost,2.3331550696377543
2018-01-22 05:00:00,etth1,HUFL,24,45,xgboost,2.5298060076539843
2018-01-22 06:00:00,etth1,HUFL,24,45,xgboost,2.5707600366522425
2018-01-22 07:00:00,etth1,HUFL,24,45,xgboost,2.4959929861441306
2018-01-22 08:00:00,etth1,HUFL,24,45,xgboost,2.4304904596047003
2018-01-22 09:00:00,etth1,HUFL,24,45,xgboost,3.1807805910366795
2018-01-22 10:00:00,etth1,HUFL,24,45,xgboost,2.759946195126686
2018-01-22 11:00:00,etth1,HUFL,24,45,xgboost,3.3321731756848934
2018-01-22 12:00:00,etth1,HUFL,24,45,xgboost,3.108694482007691
2018-01-22 13:00:00,etth1,HUFL,24,45,xgboost,3.5249450498643164
2018-01-22 14:00:00,etth1,HUFL,24,45,xgboost,3.5897980287596334
2018-01-22 15:00:00,etth1,HUFL,24,45,xgboost,3.920396928903353
2018-01-22 16:00:00,etth1,HUFL,24,45,xgboost,3.910985834623167
2018-01-22 17:00:00,etth1,HUFL,24,45,xgboost,3.6216501132698364
2018-01-22 18:00:00,etth1,HUFL,24,45,xgboost,2.8233167166725774
2018-01-22 19:00:00,etth1,HUFL,24,45,xgboost,2.7360713319647623
2018-01-22 20:00:00,etth1,HUFL,24,45,xgboost,2.651452349138896
2018-01-22 21:00:00,etth1,HUFL,24,45,xgboost,2.4096030911599553
2018-01-22 22:00:00,etth1,HUFL,24,45,xgboost,2.649098878905401
2018-01-22 23:00:00,etth1,HUFL,24,45,xgboost,3.0852048564954067
2018-01-23 00:00:00,etth1,HUFL,24,45,xgboost,2.82491393075712
2018-01-23 01:00:00,etth1,HUFL,24,45,xgboost,2.989919819921093
2018-01-23 02:00:00,etth1,HUFL,24,45,xgboost,3.243537837330583
2018-01-23 03:00:00,etth1,HUFL,24,45,xgboost,3.315447825944259
2018-01-23 04:00:00,etth1,HUFL,24,45,xgboost,3.3214395054622394
2018-01-23 05:00:00,etth1,HUFL,24,45,xgboost,3.280297950564614
2018-01-23 06:00:00,etth1,HUFL,24,45,xgboost,3.6629584894258915
2018-01-23 07:00:00,etth1,HUFL,24,45,xgboost,3.765900451627159
2018-01-23 08:00:00,etth1,HUFL,24,45,xgboost,3.955901639014892
2018-01-23 09:00:00,etth1,HUFL,24,45,xgboost,3.2979816889824214
2018-01-23 10:00:00,etth1,HUFL,24,45,xgboost,3.0380311139397715
2018-01-23 11:00:00,etth1,HUFL,24,45,xgboost,2.943372569252894
2018-01-23 12:00:00,etth1,HUFL,24,45,xgboost,3.4443007712677143
2018-01-23 13:00:00,etth1,HUFL,24,45,xgboost,3.6926863609555967
2018-01-23 14:00:00,etth1,HUFL,24,45,xgboost,2.7214892423242163
2018-01-23 15:00:00,etth1,HUFL,24,45,xgboost,2.9254620890234997
2018-01-23 16:00:00,etth1,HUFL,24,45,xgboost,3.07746977310824
2018-01-23 17:00:00,etth1,HUFL,24,45,xgboost,2.9210217367782647
2018-01-23 18:00:00,etth1,HUFL,24,45,xgboost,2.2239188281079993
2018-01-23 19:00:00,etth1,HUFL,24,45,xgboost,2.48064968384102
2018-01-23 20:00:00,etth1,HUFL,24,45,xgboost,2.552085288017594
2018-01-23 21:00:00,etth1,HUFL,24,45,xgboost,2.271081301945755
2018-01-23 22:00:00,etth1,HUFL,24,45,xgboost,2.5600813170137733
2018-01-23 23:00:00,etth1,HUFL,24,45,xgboost,3.0458866871500176
2018-01-24 00:00:00,etth1,HUFL,24,45,xgboost,3.0540542951542027
2018-01-24 01:00:00,etth1,HUFL,24,45,xgboost,2.965128515153707
2018-01-24 02:00:00,etth1,HUFL,24,45,xgboost,3.2295047463750124
2018-01-24 03:00:00,etth1,HUFL,24,45,xgboost,3.433299001782545
2018-01-24 04:00:00,etth1,HUFL,24,45,xgboost,3.592011617015109
2018-01-24 05:00:00,etth1,HUFL,24,45,xgboost,3.8570470433275728
2018-01-24 06:00:00,etth1,HUFL,24,45,xgboost,3.8329205430504145
2018-01-24 07:00:00,etth1,HUFL,24,45,xgboost,4.2449690327165
2018-01-24 08:00:00,etth1,HUFL,24,45,xgboost,4.524559688234258
2018-01-24 09:00:00,etth1,HUFL,24,45,xgboost,4.084477219402677
2018-01-24 10:00:00,etth1,HUFL,24,45,xgboost,3.671852287787589
2018-01-24 11:00:00,etth1,HUFL,24,45,xgboost,3.7970639062711746
2018-01-24 12:00:00,etth1,HUFL,24,45,xgboost,3.731644233160718
2018-01-24 13:00:00,etth1,HUFL,24,45,xgboost,3.380213371004089
2018-01-24 14:00:00,etth1,HUFL,24,45,xgboost,3.6176460752770017
2018-01-24 15:00:00,etth1,HUFL,24,45,xgboost,3.737230425902373
2018-01-24 16:00:00,etth1,HUFL,24,45,xgboost,3.8256690986550055
2018-01-24 17:00:00,etth1,HUFL,24,45,xgboost,3.92266463621945
2018-01-24 18:00:00,etth1,HUFL,24,45,xgboost,4.206631485153063
2018-01-24 19:00:00,etth1,HUFL,24,45,xgboost,4.016854073844315
2018-01-24 20:00:00,etth1,HUFL,24,45,xgboost,4.022722919782429
2018-01-24 21:00:00,etth1,HUFL,24,45,xgboost,4.15372068429787
2018-01-24 22:00:00,etth1,HUFL,24,45,xgboost,4.1213286741419095
2018-01-24 23:00:00,etth1,HUFL,24,45,xgboost,4.314599725357311
2018-01-25 00:00:00,etth1,HUFL,24,45,xgboost,4.333174484093269
2018-01-25 01:00:00,etth1,HUFL,24,45,xgboost,4.147028768035878
2018-01-25 02:00:00,etth1,HUFL,24,45,xgboost,3.959752421652073
2018-01-25 03:00:00,etth1,HUFL,24,45,xgboost,3.679531733251958
2018-01-25 04:00:00,etth1,HUFL,24,45,xgboost,3.178542236633252
2018-01-25 05:00:00,etth1,HUFL,24,45,xgboost,2.6390152332950496
2018-01-25 06:00:00,etth1,HUFL,24,45,xgboost,2.6518538419572812
2018-01-25 07:00:00,etth1,HUFL,24,45,xgboost,2.574675799683244
2018-01-25 08:00:00,etth1,HUFL,24,45,xgboost,2.501765183868289
2018-01-25 09:00:00,etth1,HUFL,24,45,xgboost,1.9594863911791327
2018-01-25 10:00:00,etth1,HUFL,24,45,xgboost,1.9728586792349176
2018-01-25 11:00:00,etth1,HUFL,24,45,xgboost,2.2333753146356687
2018-01-25 12:00:00,etth1,HUFL,24,45,xgboost,2.2169465174810785
2018-01-25 13:00:00,etth1,HUFL,24,45,xgboost,2.200916212673415
2018-01-25 14:00:00,etth1,HUFL,24,45,xgboost,2.4881231056564834
2018-01-25 15:00:00,etth1,HUFL,24,45,xgboost,2.4756891598302033
2018-01-25 16:00:00,etth1,HUFL,24,45,xgboost,2.4059033098791147
2018-01-25 17:00:00,etth1,HUFL,24,45,xgboost,2.0987801538856288
2018-01-25 18:00:00,etth1,HUFL,24,45,xgboost,1.889437691003747
2018-01-25 19:00:00,etth1,HUFL,24,45,xgboost,1.9511715566066445
2018-01-25 20:00:00,etth1,HUFL,24,45,xgboost,2.009096221828085
2018-01-25 21:00:00,etth1,HUFL,24,45,xgboost,2.2426622101229117
2018-01-25 22:00:00,etth1,HUFL,24,45,xgboost,2.0909647884002545
2018-01-25 23:00:00,etth1,HUFL,24,45,xgboost,2.0027025986249956
2018-01-26 00:00:00,etth1,HUFL,24,45,xgboost,1.901679234280525
2018-01-26 01:00:00,etth1,HUFL,24,45,xgboost,1.8319423498029017
2018-01-26 02:00:00,etth1,HUFL,24,45,xgboost,1.8027755730337656
2018-01-26 03:00:00,etth1,HUFL,24,45,xgboost,1.9704576362032349
2018-01-26 04:00:00,etth1,HUFL,24,45,xgboost,2.126641083127252
2018-01-26 05:00:00,etth1,HUFL,24,45,xgboost,2.2632221255156244
2018-01-26 06:00:00,etth1,HUFL,24,45,xgboost,2.6508830602514184
2018-01-26 07:00:00,etth1,HUFL,24,45,xgboost,3.746086996507356
2018-01-26 08:00:00,etth1,HUFL,24,45,xgboost,3.439568614208085
2018-01-26 09:00:00,etth1,HUFL,24,45,xgboost,2.8548363782841526
2018-01-26 10:00:00,etth1,HUFL,24,45,xgboost,2.286700094964778
2018-01-26 11:00:00,etth1,HUFL,24,45,xgboost,2.2270923943460392
2018-01-26 12:00:00,etth1,HUFL,24,45,xgboost,2.110924163964256
2018-01-26 13:00:00,etth1,HUFL,24,45,xgboost,2.505710881040635
2018-01-26 14:00:00,etth1,HUFL,24,45,xgboost,2.5489957628444397
2018-01-26 15:00:00,etth1,HUFL,24,45,xgboost,3.0609085545424866
2018-01-26 16:00:00,etth1,HUFL,24,45,xgboost,3.264502035066293
2018-01-26 17:00:00,etth1,HUFL,24,45,xgboost,2.968273876457539
2018-01-26 18:00:00,etth1,HUFL,24,45,xgboost,2.9875323176997592
2018-01-26 19:00:00,etth1,HUFL,24,45,xgboost,2.892468766605082
2018-01-26 20:00:00,etth1,HUFL,24,45,xgboost,2.6036971368257564
2018-01-26 21:00:00,etth1,HUFL,24,45,xgboost,3.234806966658321
2018-01-26 22:00:00,etth1,HUFL,24,45,xgboost,3.259103622034912
2018-01-26 23:00:00,etth1,HUFL,24,45,xgboost,3.3135285665767245
2018-01-27 00:00:00,etth1,HUFL,24,45,xgboost,3.6068750686505973
2018-01-27 01:00:00,etth1,HUFL,24,45,xgboost,3.707494839770052
2018-01-27 02:00:00,etth1,HUFL,24,45,xgboost,3.867663748310118
2018-01-27 03:00:00,etth1,HUFL,24,45,xgboost,3.8713685821071824
2018-01-27 04:00:00,etth1,HUFL,24,45,xgboost,3.7850461283165147
2018-01-27 05:00:00,etth1,HUFL,24,45,xgboost,3.716032385404582
2018-01-27 06:00:00,etth1,HUFL,24,45,xgboost,3.6102797467941286
2018-01-27 07:00:00,etth1,HUFL,24,45,xgboost,3.5211162429632705
2018-01-27 08:00:00,etth1,HUFL,24,45,xgboost,3.8327755782948074
2018-01-27 09:00:00,etth1,HUFL,24,45,xgboost,3.1295887085147083
2018-01-27 10:00:00,etth1,HUFL,24,45,xgboost,2.3365645528103323
2018-01-27 11:00:00,etth1,HUFL,24,45,xgboost,2.123955260189291
2018-01-27 12:00:00,etth1,HUFL,24,45,xgboost,1.9218538795212616
2018-01-27 13:00:00,etth1,HUFL,24,45,xgboost,2.4551295511657454
2018-01-27 14:00:00,etth1,HUFL,24,45,xgboost,2.5742757364157467
2018-01-27 15:00:00,etth1,HUFL,24,45,xgboost,2.951043329816457
2018-01-27 16:00:00,etth1,HUFL,24,45,xgboost,2.7868264988807
2018-01-27 17:00:00,etth1,HUFL,24,45,xgboost,2.6849719212779632
2018-01-27 18:00:00,etth1,HUFL,24,45,xgboost,2.447526271840584
2018-01-27 19:00:00,etth1,HUFL,24,45,xgboost,2.440673216118565
2018-01-27 20:00:00,etth1,HUFL,24,45,xgboost,2.5697287339327013
2018-01-27 21:00:00,etth1,HUFL,24,45,xgboost,2.641538256788253
2018-01-27 22:00:00,etth1,HUFL,24,45,xgboost,2.866411968967213
2018-01-27 23:00:00,etth1,HUFL,24,45,xgboost,3.0201118897370747
2018-01-28 00:00:00,etth1,HUFL,24,45,xgboost,3.0605340242750163
2018-01-28 01:00:00,etth1,HUFL,24,45,xgboost,2.8806342701476297
2018-01-28 02:00:00,etth1,HUFL,24,45,xgboost,3.1639999789401294
2018-01-28 03:00:00,etth1,HUFL,24,45,xgboost,3.4097213553110186
2018-01-28 04:00:00,etth1,HUFL,24,45,xgboost,3.2994584212653018
2018-01-28 05:00:00,etth1,HUFL,24,45,xgboost,3.354937473945595
2018-01-28 06:00:00,etth1,HUFL,24,45,xgboost,3.3646065387489954
2018-01-28 07:00:00,etth1,HUFL,24,45,xgboost,3.5542634276889538
2018-01-28 08:00:00,etth1,HUFL,24,45,xgboost,3.490409134252891
2018-01-28 09:00:00,etth1,HUFL,24,45,xgboost,2.6042905546621387
2018-01-28 10:00:00,etth1,HUFL,24,45,xgboost,2.0873739950180554
2018-01-28 11:00:00,etth1,HUFL,24,45,xgboost,1.9811142598029157
2018-01-28 12:00:00,etth1,HUFL,24,45,xgboost,1.992222554804209
2018-01-28 13:00:00,etth1,HUFL,24,45,xgboost,2.206172097421529
2018-01-28 14:00:00,etth1,HUFL,24,45,xgboost,2.624585506036703
2018-01-28 15:00:00,etth1,HUFL,24,45,xgboost,2.678500671817041
2018-01-28 16:00:00,etth1,HUFL,24,45,xgboost,2.5709107585208177
2018-01-28 17:00:00,etth1,HUFL,24,45,xgboost,2.1324577309984227
2018-01-28 18:00:00,etth1,HUFL,24,45,xgboost,1.9311833221749477
2018-01-28 19:00:00,etth1,HUFL,24,45,xgboost,2.00436625196138
2018-01-28 20:00:00,etth1,HUFL,24,45,xgboost,2.091897391553628
2018-01-28 21:00:00,etth1,HUFL,24,45,xgboost,2.4166435335904253
2018-01-28 22:00:00,etth1,HUFL,24,45,xgboost,2.5749570397949326
2018-01-28 23:00:00,etth1,HUFL,24,45,xgboost,2.4841268441321707
2018-01-29 00:00:00,etth1,HUFL,24,45,xgboost,2.165669336329333
2018-01-29 01:00:00,etth1,HUFL,24,45,xgboost,2.3382356068430314
2018-01-29 02:00:00,etth1,HUFL,24,45,xgboost,2.40431624484899
2018-01-29 03:00:00,etth1,HUFL,24,45,xgboost,2.541638746860147
2018-01-29 04:00:00,etth1,HUFL,24,45,xgboost,2.715655406928697
2018-01-29 05:00:00,etth1,HUFL,24,45,xgboost,2.740562407338519
2018-01-29 06:00:00,etth1,HUFL,24,45,xgboost,2.747319307327782
2018-01-29 07:00:00,etth1,HUFL,24,45,xgboost,3.2402953005442803
2018-01-29 08:00:00,etth1,HUFL,24,45,xgboost,3.2215074884411816
2018-01-29 09:00:00,etth1,HUFL,24,45,xgboost,2.791504232161914
2018-01-29 10:00:00,etth1,HUFL,24,45,xgboost,2.4939148740133597
2018-01-29 11:00:00,etth1,HUFL,24,45,xgboost,2.252784943923183
2018-01-29 12:00:00,etth1,HUFL,24,45,xgboost,2.3430252659571518
2018-01-29 13:00:00,etth1,HUFL,24,45,xgboost,2.8629733170919427
2018-01-29 14:00:00,etth1,HUFL,24,45,xgboost,3.2188024543197407
2018-01-29 15:00:00,etth1,HUFL,24,45,xgboost,3.6242568455388224
2018-01-29 16:00:00,etth1,HUFL,24,45,xgboost,3.1029612530077473
2018-01-29 17:00:00,etth1,HUFL,24,45,xgboost,3.113947453088407
2018-01-29 18:00:00,etth1,HUFL,24,45,xgboost,3.0304785530875846
2018-01-29 19:00:00,etth1,HUFL,24,45,xgboost,2.629798518433972
2018-01-29 20:00:00,etth1,HUFL,24,45,xgboost,2.731049088056068
2018-01-29 21:00:00,etth1,HUFL,24,45,xgboost,2.661063370567101
2018-01-29 22:00:00,etth1,HUFL,24,45,xgboost,2.981279279308185
2018-01-29 23:00:00,etth1,HUFL,24,45,xgboost,3.0208166343059495
2018-01-30 00:00:00,etth1,HUFL,24,45,xgboost,3.31010339494321
2018-01-30 01:00:00,etth1,HUFL,24,45,xgboost,3.5332359676501164
2018-01-30 02:00:00,etth1,HUFL,24,45,xgboost,3.796454744465407
2018-01-30 03:00:00,etth1,HUFL,24,45,xgboost,3.991635938162812
2018-01-30 04:00:00,etth1,HUFL,24,45,xgboost,4.004981971540534
2018-01-30 05:00:00,etth1,HUFL,24,45,xgboost,4.040625314072209
2018-01-30 06:00:00,etth1,HUFL,24,45,xgboost,4.442085790304325
2018-01-30 07:00:00,etth1,HUFL,24,45,xgboost,4.684709636247075
2018-01-30 08:00:00,etth1,HUFL,24,45,xgboost,4.662946008585281
2018-01-30 09:00:00,etth1,HUFL,24,45,xgboost,4.611556159863896
2018-01-30 10:00:00,etth1,HUFL,24,45,xgboost,4.927967819211356
2018-01-30 11:00:00,etth1,HUFL,24,45,xgboost,5.212460770063249
2018-01-30 12:00:00,etth1,HUFL,24,45,xgboost,5.580946047846286
2018-01-30 13:00:00,etth1,HUFL,24,45,xgboost,5.837655684417388
2018-01-30 14:00:00,etth1,HUFL,24,45,xgboost,5.8368059475010625
2018-01-30 15:00:00,etth1,HUFL,24,45,xgboost,6.086340985239185
2018-01-30 16:00:00,etth1,HUFL,24,45,xgboost,6.829349216683837
2018-01-30 17:00:00,etth1,HUFL,24,45,xgboost,6.059710737414747
2018-01-30 18:00:00,etth1,HUFL,24,45,xgboost,5.611490611219222
2018-01-30 19:00:00,etth1,HUFL,24,45,xgboost,4.960487485801762
2018-01-30 20:00:00,etth1,HUFL,24,45,xgboost,4.327858239968479
2018-01-30 21:00:00,etth1,HUFL,24,45,xgboost,4.097876440207378
2018-01-30 22:00:00,etth1,HUFL,24,45,xgboost,4.529067839959654
2018-01-30 23:00:00,etth1,HUFL,24,45,xgboost,4.521595021298066
2018-01-31 00:00:00,etth1,HUFL,24,45,xgboost,4.010495659290789
2018-01-31 01:00:00,etth1,HUFL,24,45,xgboost,4.219668846085924
2018-01-31 02:00:00,etth1,HUFL,24,45,xgboost,4.3114493180999185
2018-01-31 03:00:00,etth1,HUFL,24,45,xgboost,4.331813126866951
2018-01-31 04:00:00,etth1,HUFL,24,45,xgboost,4.093776501303248
2018-01-31 05:00:00,etth1,HUFL,24,45,xgboost,4.138615725050272
2018-01-31 06:00:00,etth1,HUFL,24,45,xgboost,4.065409711876763
2018-01-31 07:00:00,etth1,HUFL,24,45,xgboost,4.121114554497371
2018-01-31 08:00:00,etth1,HUFL,24,45,xgboost,4.20111569343225
2018-01-31 09:00:00,etth1,HUFL,24,45,xgboost,3.913929004752468
2018-01-31 10:00:00,etth1,HUFL,24,45,xgboost,3.122679650797298
2018-01-31 11:00:00,etth1,HUFL,24,45,xgboost,3.371289118045791
2018-01-31 12:00:00,etth1,HUFL,24,45,xgboost,3.372745365741443
2018-01-31 13:00:00,etth1,HUFL,24,45,xgboost,4.077350135758758
2018-01-31 14:00:00,etth1,HUFL,24,45,xgboost,4.2543982155351046
2018-01-31 15:00:00,etth1,HUFL,24,45,xgboost,4.492170365405294
2018-01-31 16:00:00,etth1,HUFL,24,45,xgboost,4.468301190490592
2018-01-31 17:00:00,etth1,HUFL,24,45,xgboost,4.58721750623642
2018-01-31 18:00:00,etth1,HUFL,24,45,xgboost,4.53047668100669
2018-01-31 19:00:00,etth1,HUFL,24,45,xgboost,4.679305157177757
2018-01-31 20:00:00,etth1,HUFL,24,45,xgboost,5.100549461131884
2018-01-31 21:00:00,etth1,HUFL,24,45,xgboost,5.181078979554747
2018-01-31 22:00:00,etth1,HUFL,24,45,xgboost,4.983709664364234
2018-01-31 23:00:00,etth1,HUFL,24,45,xgboost,5.295906339836116
2018-02-01 00:00:00,etth1,HUFL,24,45,xgboost,5.894835299280108
2018-02-01 01:00:00,etth1,HUFL,24,45,xgboost,5.6951819283630485
2018-02-01 02:00:00,etth1,HUFL,24,45,xgboost,5.597092548310701
2018-02-01 03:00:00,etth1,HUFL,24,45,xgboost,5.759217780872402
2018-02-01 04:00:00,etth1,HUFL,24,45,xgboost,5.6721265717937
2018-02-01 05:00:00,etth1,HUFL,24,45,xgboost,5.3347159349065585
2018-02-01 06:00:00,etth1,HUFL,24,45,xgboost,4.974993343821654
2018-02-01 07:00:00,etth1,HUFL,24,45,xgboost,5.0715570540291
2018-02-01 08:00:00,etth1,HUFL,24,45,xgboost,4.747554838216032
2018-02-01 09:00:00,etth1,HUFL,24,45,xgboost,4.789086194469264
2018-02-01 10:00:00,etth1,HUFL,24,45,xgboost,4.347529143273804
2018-02-01 11:00:00,etth1,HUFL,24,45,xgboost,3.707268430224493
2018-02-01 12:00:00,etth1,HUFL,24,45,xgboost,5.679827238409189
2018-02-01 13:00:00,etth1,HUFL,24,45,xgboost,4.373216048621377
2018-02-01 14:00:00,etth1,HUFL,24,45,xgboost,6.072737206277357
2018-02-01 15:00:00,etth1,HUFL,24,45,xgboost,5.276663916878779
2018-02-01 16:00:00,etth1,HUFL,24,45,xgboost,7.267121225252019
2018-02-01 17:00:00,etth1,HUFL,24,45,xgboost,5.720754393232919
2018-02-01 18:00:00,etth1,HUFL,24,45,xgboost,6.415212094438682
2018-02-01 19:00:00,etth1,HUFL,24,45,xgboost,5.820607597170522
2018-02-01 20:00:00,etth1,HUFL,24,45,xgboost,5.829688355930372
2018-02-01 21:00:00,etth1,HUFL,24,45,xgboost,5.8675875047934705
2018-02-01 22:00:00,etth1,HUFL,24,45,xgboost,5.9153966620997975
2018-02-01 23:00:00,etth1,HUFL,24,45,xgboost,5.748438426802772
2018-02-02 00:00:00,etth1,HUFL,24,45,xgboost,5.750400234753797
2018-02-02 01:00:00,etth1,HUFL,24,45,xgboost,6.024793486806082
2018-02-02 02:00:00,etth1,HUFL,24,45,xgboost,6.106662898722202
2018-02-02 03:00:00,etth1,HUFL,24,45,xgboost,6.085415786172338
2018-02-02 04:00:00,etth1,HUFL,24,45,xgboost,5.880481145784697
2018-02-02 05:00:00,etth1,HUFL,24,45,xgboost,5.979306498082255
2018-02-02 06:00:00,etth1,HUFL,24,45,xgboost,5.8684361108913
2018-02-02 07:00:00,etth1,HUFL,24,45,xgboost,6.245134332974831
2018-02-02 08:00:00,etth1,HUFL,24,45,xgboost,6.198683963981054
2018-02-02 09:00:00,etth1,HUFL,24,45,xgboost,6.89205973563167
2018-02-02 10:00:00,etth1,HUFL,24,45,xgboost,4.361647871925479
2018-02-02 11:00:00,etth1,HUFL,24,45,xgboost,4.117915927129936
2018-02-02 12:00:00,etth1,HUFL,24,45,xgboost,3.538896123840392
2018-02-02 13:00:00,etth1,HUFL,24,45,xgboost,3.9320994216655003
2018-02-02 14:00:00,etth1,HUFL,24,45,xgboost,4.071836241814526
2018-02-02 15:00:00,etth1,HUFL,24,45,xgboost,4.9478722319383
2018-02-02 16:00:00,etth1,HUFL,24,45,xgboost,5.345075396229807
2018-02-02 17:00:00,etth1,HUFL,24,45,xgboost,6.688430569779084
2018-02-02 18:00:00,etth1,HUFL,24,45,xgboost,6.573969602129465
2018-02-02 19:00:00,etth1,HUFL,24,45,xgboost,5.8709359347912295
2018-02-02 20:00:00,etth1,HUFL,24,45,xgboost,6.210619168155631
2018-02-02 21:00:00,etth1,HUFL,24,45,xgboost,6.44177450538852
2018-02-02 22:00:00,etth1,HUFL,24,45,xgboost,5.993528776426834
2018-02-02 23:00:00,etth1,HUFL,24,45,xgboost,6.1845366388661605
2018-02-03 00:00:00,etth1,HUFL,24,45,xgboost,5.974185064217298
2018-02-03 01:00:00,etth1,HUFL,24,45,xgboost,5.759209493797151
2018-02-03 02:00:00,etth1,HUFL,24,45,xgboost,6.1069067197746145
2018-02-03 03:00:00,etth1,HUFL,24,45,xgboost,5.92368377072003
2018-02-03 04:00:00,etth1,HUFL,24,45,xgboost,5.803982952599114
2018-02-03 05:00:00,etth1,HUFL,24,45,xgboost,5.902002251236272
2018-02-03 06:00:00,etth1,HUFL,24,45,xgboost,5.964670516124149
2018-02-03 07:00:00,etth1,HUFL,24,45,xgboost,5.95376053820826
2018-02-03 08:00:00,etth1,HUFL,24,45,xgboost,6.305229401826956
2018-02-03 09:00:00,etth1,HUFL,24,45,xgboost,6.209298894479507
2018-02-03 10:00:00,etth1,HUFL,24,45,xgboost,4.392532853952386
2018-02-03 11:00:00,etth1,HUFL,24,45,xgboost,2.6533834705303168
2018-02-03 12:00:00,etth1,HUFL,24,45,xgboost,3.6205100032842163
2018-02-03 13:00:00,etth1,HUFL,24,45,xgboost,3.8081119583507235
2018-02-03 14:00:00,etth1,HUFL,24,45,xgboost,5.207602057414366
2018-02-03 15:00:00,etth1,HUFL,24,45,xgboost,4.9203752323259655
2018-02-03 16:00:00,etth1,HUFL,24,45,xgboost,6.310275627774133
2018-02-03 17:00:00,etth1,HUFL,24,45,xgboost,7.5484181337258205
2018-02-03 18:00:00,etth1,HUFL,24,45,xgboost,7.007683869648035
2018-02-03 19:00:00,etth1,HUFL,24,45,xgboost,6.437604264877557
2018-02-03 20:00:00,etth1,HUFL,24,45,xgboost,6.222044713151763
2018-02-03 21:00:00,etth1,HUFL,24,45,xgboost,6.313185789465158
2018-02-03 22:00:00,etth1,HUFL,24,45,xgboost,6.745781652895944
2018-02-03 23:00:00,etth1,HUFL,24,45,xgboost,6.880480886989499
2018-02-04 00:00:00,etth1,HUFL,24,45,xgboost,7.069107433453393
2018-02-04 01:00:00,etth1,HUFL,24,45,xgboost,7.43733842209119
2018-02-04 02:00:00,etth1,HUFL,24,45,xgboost,7.673625418286629
2018-02-04 03:00:00,etth1,HUFL,24,45,xgboost,7.939523700582684
2018-02-04 04:00:00,etth1,HUFL,24,45,xgboost,7.737227615908895
2018-02-04 05:00:00,etth1,HUFL,24,45,xgboost,8.032846448488515
2018-02-04 06:00:00,etth1,HUFL,24,45,xgboost,8.237292574985409
2018-02-04 07:00:00,etth1,HUFL,24,45,xgboost,8.547747528405155
2018-02-04 08:00:00,etth1,HUFL,24,45,xgboost,8.451818313841002
2018-02-04 09:00:00,etth1,HUFL,24,45,xgboost,8.47851829240077
2018-02-04 10:00:00,etth1,HUFL,24,45,xgboost,5.945650971841989
2018-02-04 11:00:00,etth1,HUFL,24,45,xgboost,4.987110276532729
2018-02-04 12:00:00,etth1,HUFL,24,45,xgboost,5.419094581649734
2018-02-04 13:00:00,etth1,HUFL,24,45,xgboost,5.6228015740023904
2018-02-04 14:00:00,etth1,HUFL,24,45,xgboost,6.011800318575734
2018-02-04 15:00:00,etth1,HUFL,24,45,xgboost,6.727046671018542
2018-02-04 16:00:00,etth1,HUFL,24,45,xgboost,8.000999481266033
2018-02-04 17:00:00,etth1,HUFL,24,45,xgboost,8.722631789423083
2018-02-04 18:00:00,etth1,HUFL,24,45,xgboost,9.251529603601597
2018-02-04 19:00:00,etth1,HUFL,24,45,xgboost,7.954645811466521
2018-02-04 20:00:00,etth1,HUFL,24,45,xgboost,7.421725618356786
2018-02-04 21:00:00,etth1,HUFL,24,45,xgboost,7.322203747671284
2018-02-04 22:00:00,etth1,HUFL,24,45,xgboost,7.0969753618027935
2018-02-04 23:00:00,etth1,HUFL,24,45,xgboost,7.2708798816006786
2018-02-05 00:00:00,etth1,HUFL,24,45,xgboost,7.14311876238618
2018-02-05 01:00:00,etth1,HUFL,24,45,xgboost,7.438157885315724
2018-02-05 02:00:00,etth1,HUFL,24,45,xgboost,8.520023760107756
2018-02-05 03:00:00,etth1,HUFL,24,45,xgboost,8.242077794609717
2018-02-05 04:00:00,etth1,HUFL,24,45,xgboost,8.506379107070751
2018-02-05 05:00:00,etth1,HUFL,24,45,xgboost,8.56927526902717
2018-02-05 06:00:00,etth1,HUFL,24,45,xgboost,8.71143679874641
2018-02-05 07:00:00,etth1,HUFL,24,45,xgboost,8.58402663813641
2018-02-05 08:00:00,etth1,HUFL,24,45,xgboost,8.61473970398349
2018-02-05 09:00:00,etth1,HUFL,24,45,xgboost,8.503940412060963
2018-02-05 10:00:00,etth1,HUFL,24,45,xgboost,6.025362622689933
2018-02-05 11:00:00,etth1,HUFL,24,45,xgboost,4.90618818094955
2018-02-05 12:00:00,etth1,HUFL,24,45,xgboost,5.275340589228365
2018-02-05 13:00:00,etth1,HUFL,24,45,xgboost,5.6472791388790675
2018-02-05 14:00:00,etth1,HUFL,24,45,xgboost,5.940647720222593
2018-02-05 15:00:00,etth1,HUFL,24,45,xgboost,5.905934134334845
2018-02-05 16:00:00,etth1,HUFL,24,45,xgboost,5.499399886224755
2018-02-05 17:00:00,etth1,HUFL,24,45,xgboost,6.752954173906814
2018-02-05 18:00:00,etth1,HUFL,24,45,xgboost,8.074295001732482
2018-02-05 19:00:00,etth1,HUFL,24,45,xgboost,7.276626520366797
2018-02-05 20:00:00,etth1,HUFL,24,45,xgboost,6.538514529752113
2018-02-05 21:00:00,etth1,HUFL,24,45,xgboost,5.712424375021953
2018-02-05 22:00:00,etth1,HUFL,24,45,xgboost,5.848736604154385
2018-02-05 23:00:00,etth1,HUFL,24,45,xgboost,5.406531084293458
2018-02-06 00:00:00,etth1,HUFL,24,45,xgboost,5.35787771782721
2018-02-06 01:00:00,etth1,HUFL,24,45,xgboost,6.3112354900538365
2018-02-06 02:00:00,etth1,HUFL,24,45,xgboost,6.272370971858244
2018-02-06 03:00:00,etth1,HUFL,24,45,xgboost,6.824054964048668
2018-02-06 04:00:00,etth1,HUFL,24,45,xgboost,6.687605903943216
2018-02-06 05:00:00,etth1,HUFL,24,45,xgboost,6.993527242700469
2018-02-06 06:00:00,etth1,HUFL,24,45,xgboost,7.0160779666796165
2018-02-06 07:00:00,etth1,HUFL,24,45,xgboost,7.267385658530252
2018-02-06 08:00:00,etth1,HUFL,24,45,xgboost,7.0565154562946395
2018-02-06 09:00:00,etth1,HUFL,24,45,xgboost,7.348328620047265
2018-02-06 10:00:00,etth1,HUFL,24,45,xgboost,5.355630751441744
2018-02-06 11:00:00,etth1,HUFL,24,45,xgboost,4.3629596455741115
2018-02-06 12:00:00,etth1,HUFL,24,45,xgboost,4.101956098924514
2018-02-06 13:00:00,etth1,HUFL,24,45,xgboost,4.173556209194022
2018-02-06 14:00:00,etth1,HUFL,24,45,xgboost,3.7961937734176936
2018-02-06 15:00:00,etth1,HUFL,24,45,xgboost,3.385105564817811
2018-02-06 16:00:00,etth1,HUFL,24,45,xgboost,3.7528395562766925
2018-02-06 17:00:00,etth1,HUFL,24,45,xgboost,5.206220957397848
2018-02-06 18:00:00,etth1,HUFL,24,45,xgboost,5.595566530172104
2018-02-06 19:00:00,etth1,HUFL,24,45,xgboost,5.3133355840604395
2018-02-06 20:00:00,etth1,HUFL,24,45,xgboost,4.572346021412586
2018-02-06 21:00:00,etth1,HUFL,24,45,xgboost,4.175348929946459
2018-02-06 22:00:00,etth1,HUFL,24,45,xgboost,3.767727900282616
2018-02-06 23:00:00,etth1,HUFL,24,45,xgboost,3.396942031696087
2018-02-07 00:00:00,etth1,HUFL,24,45,xgboost,3.661658059865282
2018-02-07 01:00:00,etth1,HUFL,24,45,xgboost,4.902144563617607
2018-02-07 02:00:00,etth1,HUFL,24,45,xgboost,5.362902662739477
2018-02-07 03:00:00,etth1,HUFL,24,45,xgboost,5.2650217087264535
2018-02-07 04:00:00,etth1,HUFL,24,45,xgboost,5.292971642579142
2018-02-07 05:00:00,etth1,HUFL,24,45,xgboost,5.304844401503793
2018-02-07 06:00:00,etth1,HUFL,24,45,xgboost,5.2942290954188325
2018-02-07 07:00:00,etth1,HUFL,24,45,xgboost,5.337221770241242
2018-02-07 08:00:00,etth1,HUFL,24,45,xgboost,5.299441006780047
2018-02-07 09:00:00,etth1,HUFL,24,45,xgboost,4.833801970598412
2018-02-07 10:00:00,etth1,HUFL,24,45,xgboost,3.5708757699307405
2018-02-07 11:00:00,etth1,HUFL,24,45,xgboost,3.4239946573086932
2018-02-07 12:00:00,etth1,HUFL,24,45,xgboost,2.4020208394860667
2018-02-07 13:00:00,etth1,HUFL,24,45,xgboost,2.8043278405193255
2018-02-07 14:00:00,etth1,HUFL,24,45,xgboost,3.859963231348788
2018-02-07 15:00:00,etth1,HUFL,24,45,xgboost,3.9416005205820333
2018-02-07 16:00:00,etth1,HUFL,24,45,xgboost,5.010439847856135
2018-02-07 17:00:00,etth1,HUFL,24,45,xgboost,6.216108017016434
2018-02-07 18:00:00,etth1,HUFL,24,45,xgboost,5.995945914100322
2018-02-07 19:00:00,etth1,HUFL,24,45,xgboost,5.5093575087322435
2018-02-07 20:00:00,etth1,HUFL,24,45,xgboost,5.055978901738468
2018-02-07 21:00:00,etth1,HUFL,24,45,xgboost,4.811861114008363
2018-02-07 22:00:00,etth1,HUFL,24,45,xgboost,4.549052144277847
2018-02-07 23:00:00,etth1,HUFL,24,45,xgboost,4.753060604875109
2018-02-08 00:00:00,etth1,HUFL,24,45,xgboost,5.965315302604331
2018-02-08 01:00:00,etth1,HUFL,24,45,xgboost,6.281240373865612
2018-02-08 02:00:00,etth1,HUFL,24,45,xgboost,6.433674716951065
2018-02-08 03:00:00,etth1,HUFL,24,45,xgboost,6.426041060145522
2018-02-08 04:00:00,etth1,HUFL,24,45,xgboost,6.260738591813603
2018-02-08 05:00:00,etth1,HUFL,24,45,xgboost,6.045262333938001
2018-02-08 06:00:00,etth1,HUFL,24,45,xgboost,6.278582519970027
2018-02-08 07:00:00,etth1,HUFL,24,45,xgboost,6.201518203523336
2018-02-08 08:00:00,etth1,HUFL,24,45,xgboost,6.062036000551505
2018-02-08 09:00:00,etth1,HUFL,24,45,xgboost,5.594587396355782
2018-02-08 10:00:00,etth1,HUFL,24,45,xgboost,4.34505323449043
2018-02-08 11:00:00,etth1,HUFL,24,45,xgboost,3.9786435106689986
2018-02-08 12:00:00,etth1,HUFL,24,45,xgboost,3.699451576612425
2018-02-08 13:00:00,etth1,HUFL,24,45,xgboost,4.193518208679747
2018-02-08 14:00:00,etth1,HUFL,24,45,xgboost,3.976546571390609
2018-02-08 15:00:00,etth1,HUFL,24,45,xgboost,3.6960006910331096
2018-02-08 16:00:00,etth1,HUFL,24,45,xgboost,3.7207719879316703
2018-02-08 17:00:00,etth1,HUFL,24,45,xgboost,3.577983655961796
2018-02-08 18:00:00,etth1,HUFL,24,45,xgboost,3.025661752528452
2018-02-08 19:00:00,etth1,HUFL,24,45,xgboost,2.88534622419381
2018-02-08 20:00:00,etth1,HUFL,24,45,xgboost,2.774292428613394
2018-02-08 21:00:00,etth1,HUFL,24,45,xgboost,2.867231917916761
2018-02-08 22:00:00,etth1,HUFL,24,45,xgboost,2.812534856899422
2018-02-08 23:00:00,etth1,HUFL,24,45,xgboost,3.1057084142187903
2018-02-09 00:00:00,etth1,HUFL,24,45,xgboost,3.544625365333611
2018-02-09 01:00:00,etth1,HUFL,24,45,xgboost,3.358604022950106
2018-02-09 02:00:00,etth1,HUFL,24,45,xgboost,3.7824449143949472
2018-02-09 03:00:00,etth1,HUFL,24,45,xgboost,3.903720604571945
2018-02-09 04:00:00,etth1,HUFL,24,45,xgboost,3.9696192769071534
2018-02-09 05:00:00,etth1,HUFL,24,45,xgboost,3.8288612672777442
2018-02-09 06:00:00,etth1,HUFL,24,45,xgboost,3.7899297819286475
2018-02-09 07:00:00,etth1,HUFL,24,45,xgboost,3.9338843528860523
2018-02-09 08:00:00,etth1,HUFL,24,45,xgboost,3.8237000725286348
2018-02-09 09:00:00,etth1,HUFL,24,45,xgboost,3.6773861907626553
2018-02-09 10:00:00,etth1,HUFL,24,45,xgboost,3.289733761114641
2018-02-09 11:00:00,etth1,HUFL,24,45,xgboost,3.818286811537574
2018-02-09 12:00:00,etth1,HUFL,24,45,xgboost,3.6744999444674185
2018-02-09 13:00:00,etth1,HUFL,24,45,xgboost,3.6004788870132445
2018-02-09 14:00:00,etth1,HUFL,24,45,xgboost,2.638600515670129
2018-02-09 15:00:00,etth1,HUFL,24,45,xgboost,3.246299280726704
2018-02-09 16:00:00,etth1,HUFL,24,45,xgboost,3.5083257218404764
2018-02-09 17:00:00,etth1,HUFL,24,45,xgboost,2.719092489893773
2018-02-09 18:00:00,etth1,HUFL,24,45,xgboost,3.390789802475055
2018-02-09 19:00:00,etth1,HUFL,24,45,xgboost,3.477417449255171
2018-02-09 20:00:00,etth1,HUFL,24,45,xgboost,3.1024995181841923
2018-02-09 21:00:00,etth1,HUFL,24,45,xgboost,3.1344639412855444
2018-02-09 22:00:00,etth1,HUFL,24,45,xgboost,3.097319316233604
2018-02-09 23:00:00,etth1,HUFL,24,45,xgboost,3.3446608006866296
2018-02-10 00:00:00,etth1,HUFL,24,45,xgboost,3.3727576479382386
2018-02-10 01:00:00,etth1,HUFL,24,45,xgboost,3.6067134150027953
2018-02-10 02:00:00,etth1,HUFL,24,45,xgboost,3.677796616540333
2018-02-10 03:00:00,etth1,HUFL,24,45,xgboost,3.8119251097890925
2018-02-10 04:00:00,etth1,HUFL,24,45,xgboost,3.915510645697644
2018-02-10 05:00:00,etth1,HUFL,24,45,xgboost,3.900534549637634
2018-02-10 06:00:00,etth1,HUFL,24,45,xgboost,3.921686491420496
2018-02-10 07:00:00,etth1,HUFL,24,45,xgboost,4.142698435963034
2018-02-10 08:00:00,etth1,HUFL,24,45,xgboost,4.618231100996122
2018-02-10 09:00:00,etth1,HUFL,24,45,xgboost,3.796813397195976
2018-02-10 10:00:00,etth1,HUFL,24,45,xgboost,3.817431210817711
2018-02-10 11:00:00,etth1,HUFL,24,45,xgboost,3.6190763964609567
2018-02-10 12:00:00,etth1,HUFL,24,45,xgboost,4.859519362678671
2018-02-10 13:00:00,etth1,HUFL,24,45,xgboost,5.474749932244756
2018-02-10 14:00:00,etth1,HUFL,24,45,xgboost,6.0132009655756535
2018-02-10 15:00:00,etth1,HUFL,24,45,xgboost,7.369154168784978
2018-02-10 16:00:00,etth1,HUFL,24,45,xgboost,7.002696633698882
2018-02-10 17:00:00,etth1,HUFL,24,45,xgboost,8.400819960814179
2018-02-10 18:00:00,etth1,HUFL,24,45,xgboost,7.2148917579437075
2018-02-10 19:00:00,etth1,HUFL,24,45,xgboost,6.549688002937366
2018-02-10 20:00:00,etth1,HUFL,24,45,xgboost,5.87034214558548
2018-02-10 21:00:00,etth1,HUFL,24,45,xgboost,5.626412720307685
2018-02-10 22:00:00,etth1,HUFL,24,45,xgboost,4.78805793497789
2018-02-10 23:00:00,etth1,HUFL,24,45,xgboost,5.327511179011988
2018-02-11 00:00:00,etth1,HUFL,24,45,xgboost,5.592391684770827
2018-02-11 01:00:00,etth1,HUFL,24,45,xgboost,5.896496929851646
2018-02-11 02:00:00,etth1,HUFL,24,45,xgboost,5.967110666958452
2018-02-11 03:00:00,etth1,HUFL,24,45,xgboost,6.025971467873909
2018-02-11 04:00:00,etth1,HUFL,24,45,xgboost,5.641204563854617
2018-02-11 05:00:00,etth1,HUFL,24,45,xgboost,5.539539376965867
2018-02-11 06:00:00,etth1,HUFL,24,45,xgboost,5.40276289194695
2018-02-11 07:00:00,etth1,HUFL,24,45,xgboost,5.051578857188962
2018-02-11 08:00:00,etth1,HUFL,24,45,xgboost,4.910503417488026
2018-02-11 09:00:00,etth1,HUFL,24,45,xgboost,5.397736611323363
2018-02-11 10:00:00,etth1,HUFL,24,45,xgboost,3.7787872511227314
2018-02-11 11:00:00,etth1,HUFL,24,45,xgboost,2.785007553029686
2018-02-11 12:00:00,etth1,HUFL,24,45,xgboost,3.3877734428777995
2018-02-11 13:00:00,etth1,HUFL,24,45,xgboost,4.512841855982809
2018-02-11 14:00:00,etth1,HUFL,24,45,xgboost,4.106883501853438
2018-02-11 15:00:00,etth1,HUFL,24,45,xgboost,4.855525547453377
2018-02-11 16:00:00,etth1,HUFL,24,45,xgboost,5.112168763515965
2018-02-11 17:00:00,etth1,HUFL,24,45,xgboost,4.4826395459274115
2018-02-11 18:00:00,etth1,HUFL,24,45,xgboost,5.80004130178898
2018-02-11 19:00:00,etth1,HUFL,24,45,xgboost,5.107704830692293
2018-02-11 20:00:00,etth1,HUFL,24,45,xgboost,4.515949294506288
2018-02-11 21:00:00,etth1,HUFL,24,45,xgboost,4.280284227823365
2018-02-11 22:00:00,etth1,HUFL,24,45,xgboost,4.941933221505798
2018-02-11 23:00:00,etth1,HUFL,24,45,xgboost,5.457657494781988
2018-02-12 00:00:00,etth1,HUFL,24,45,xgboost,6.077934151240438
2018-02-12 01:00:00,etth1,HUFL,24,45,xgboost,6.538546220319197
2018-02-12 02:00:00,etth1,HUFL,24,45,xgboost,7.1438395278096065
2018-02-12 03:00:00,etth1,HUFL,24,45,xgboost,7.132633196882783
2018-02-12 04:00:00,etth1,HUFL,24,45,xgboost,7.056695606758029
2018-02-12 05:00:00,etth1,HUFL,24,45,xgboost,6.712557780953439
2018-02-12 06:00:00,etth1,HUFL,24,45,xgboost,6.689066837990826
2018-02-12 07:00:00,etth1,HUFL,24,45,xgboost,6.493251040455295
2018-02-12 08:00:00,etth1,HUFL,24,45,xgboost,6.3926807357913935
2018-02-12 09:00:00,etth1,HUFL,24,45,xgboost,6.02784423058479
2018-02-12 10:00:00,etth1,HUFL,24,45,xgboost,4.78235401971797
2018-02-12 11:00:00,etth1,HUFL,24,45,xgboost,4.316214953864264
2018-02-12 12:00:00,etth1,HUFL,24,45,xgboost,4.881639982201597
2018-02-12 13:00:00,etth1,HUFL,24,45,xgboost,4.992734883401114
2018-02-12 14:00:00,etth1,HUFL,24,45,xgboost,5.138079437672201
2018-02-12 15:00:00,etth1,HUFL,24,45,xgboost,4.771320506599612
2018-02-12 16:00:00,etth1,HUFL,24,45,xgboost,5.215437264077933
2018-02-12 17:00:00,etth1,HUFL,24,45,xgboost,4.406341255724722
2018-02-12 18:00:00,etth1,HUFL,24,45,xgboost,5.465079318870534
2018-02-12 19:00:00,etth1,HUFL,24,45,xgboost,5.287735982063873
2018-02-12 20:00:00,etth1,HUFL,24,45,xgboost,4.993824670122524
2018-02-12 21:00:00,etth1,HUFL,24,45,xgboost,4.933847092494196
2018-02-12 22:00:00,etth1,HUFL,24,45,xgboost,5.10252747506022
2018-02-12 23:00:00,etth1,HUFL,24,45,xgboost,4.724843192350413
2018-02-13 00:00:00,etth1,HUFL,24,45,xgboost,5.592580304223808
2018-02-13 01:00:00,etth1,HUFL,24,45,xgboost,5.9224380686134195
2018-02-13 02:00:00,etth1,HUFL,24,45,xgboost,6.134504502447007
2018-02-13 03:00:00,etth1,HUFL,24,45,xgboost,5.768546900258208
2018-02-13 04:00:00,etth1,HUFL,24,45,xgboost,5.558655054223554
2018-02-13 05:00:00,etth1,HUFL,24,45,xgboost,5.491152383469603
2018-02-13 06:00:00,etth1,HUFL,24,45,xgboost,5.670389069258451
2018-02-13 07:00:00,etth1,HUFL,24,45,xgboost,5.553592089672557
2018-02-13 08:00:00,etth1,HUFL,24,45,xgboost,5.342372393794284
2018-02-13 09:00:00,etth1,HUFL,24,45,xgboost,5.6418444395374125
2018-02-13 10:00:00,etth1,HUFL,24,45,xgboost,4.242157399953264
2018-02-13 11:00:00,etth1,HUFL,24,45,xgboost,3.498843577422935
2018-02-13 12:00:00,etth1,HUFL,24,45,xgboost,3.6314977235367203
2018-02-13 13:00:00,etth1,HUFL,24,45,xgboost,3.4141311678417168
2018-02-13 14:00:00,etth1,HUFL,24,45,xgboost,3.2551485998985226
2018-02-13 15:00:00,etth1,HUFL,24,45,xgboost,3.9944869410155928
2018-02-13 16:00:00,etth1,HUFL,24,45,xgboost,4.31479063793115
2018-02-13 17:00:00,etth1,HUFL,24,45,xgboost,3.7067239372273044
2018-02-13 18:00:00,etth1,HUFL,24,45,xgboost,2.7682735395791838
2018-02-13 19:00:00,etth1,HUFL,24,45,xgboost,2.847261460221315
2018-02-13 20:00:00,etth1,HUFL,24,45,xgboost,3.023275809555043
2018-02-13 21:00:00,etth1,HUFL,24,45,xgboost,3.5271051774084987
2018-02-13 22:00:00,etth1,HUFL,24,45,xgboost,4.196685181257341
2018-02-13 23:00:00,etth1,HUFL,24,45,xgboost,4.569180113162875
2018-02-14 00:00:00,etth1,HUFL,24,45,xgboost,4.592090452080509
2018-02-14 01:00:00,etth1,HUFL,24,45,xgboost,4.51759429094975
2018-02-14 02:00:00,etth1,HUFL,24,45,xgboost,4.938496085619385
2018-02-14 03:00:00,etth1,HUFL,24,45,xgboost,4.437734404992027
2018-02-14 04:00:00,etth1,HUFL,24,45,xgboost,4.17107277791312
2018-02-14 05:00:00,etth1,HUFL,24,45,xgboost,4.2113271949594555
2018-02-14 06:00:00,etth1,HUFL,24,45,xgboost,4.287780118406496
2018-02-14 07:00:00,etth1,HUFL,24,45,xgboost,4.5545377644418155
2018-02-14 08:00:00,etth1,HUFL,24,45,xgboost,4.588929994144642
2018-02-14 09:00:00,etth1,HUFL,24,45,xgboost,4.574021280714117
2018-02-14 10:00:00,etth1,HUFL,24,45,xgboost,4.4663582924638705
2018-02-14 11:00:00,etth1,HUFL,24,45,xgboost,5.6809826849353975
2018-02-14 12:00:00,etth1,HUFL,24,45,xgboost,5.445005171017233
2018-02-14 13:00:00,etth1,HUFL,24,45,xgboost,6.518026291586858
2018-02-14 14:00:00,etth1,HUFL,24,45,xgboost,5.301291422324671
2018-02-14 15:00:00,etth1,HUFL,24,45,xgboost,4.951610508364098
2018-02-14 16:00:00,etth1,HUFL,24,45,xgboost,5.643285680795377
2018-02-14 17:00:00,etth1,HUFL,24,45,xgboost,5.6584063093110855
2018-02-14 18:00:00,etth1,HUFL,24,45,xgboost,5.548490201855849
2018-02-14 19:00:00,etth1,HUFL,24,45,xgboost,5.619788252621565
2018-02-14 20:00:00,etth1,HUFL,24,45,xgboost,5.935853979788848
2018-02-14 21:00:00,etth1,HUFL,24,45,xgboost,6.014327819589643
2018-02-14 22:00:00,etth1,HUFL,24,45,xgboost,6.283174443537246
2018-02-14 23:00:00,etth1,HUFL,24,45,xgboost,6.267096041864093
2018-02-15 00:00:00,etth1,HUFL,24,45,xgboost,6.257623108084773
2018-02-15 01:00:00,etth1,HUFL,24,45,xgboost,6.17176261919064
2018-02-15 02:00:00,etth1,HUFL,24,45,xgboost,5.836150313191889
2018-02-15 03:00:00,etth1,HUFL,24,45,xgboost,5.867860301222457
2018-02-15 04:00:00,etth1,HUFL,24,45,xgboost,5.807404241147903
2018-02-15 05:00:00,etth1,HUFL,24,45,xgboost,5.8967071412452725
2018-02-15 06:00:00,etth1,HUFL,24,45,xgboost,5.761598062604469
2018-02-15 07:00:00,etth1,HUFL,24,45,xgboost,6.0678134436576086
2018-02-15 08:00:00,etth1,HUFL,24,45,xgboost,6.415800704619856
2018-02-15 09:00:00,etth1,HUFL,24,45,xgboost,5.372476090707827
2018-02-15 10:00:00,etth1,HUFL,24,45,xgboost,4.388344649870318
2018-02-15 11:00:00,etth1,HUFL,24,45,xgboost,3.7060714812018833
2018-02-15 12:00:00,etth1,HUFL,24,45,xgboost,3.001903898948593
2018-02-15 13:00:00,etth1,HUFL,24,45,xgboost,3.3868132212801485
2018-02-15 14:00:00,etth1,HUFL,24,45,xgboost,3.2905596109577364
2018-02-15 15:00:00,etth1,HUFL,24,45,xgboost,3.1608138551177327
2018-02-15 16:00:00,etth1,HUFL,24,45,xgboost,3.393330500775097
2018-02-15 17:00:00,etth1,HUFL,24,45,xgboost,3.256688201010924
2018-02-15 18:00:00,etth1,HUFL,24,45,xgboost,3.0176403311667737
2018-02-15 19:00:00,etth1,HUFL,24,45,xgboost,2.6226255691698124
2018-02-15 20:00:00,etth1,HUFL,24,45,xgboost,2.0008484700184135
2018-02-15 21:00:00,etth1,HUFL,24,45,xgboost,1.853372845166443
2018-02-15 22:00:00,etth1,HUFL,24,45,xgboost,1.993083329935958
2018-02-15 23:00:00,etth1,HUFL,24,45,xgboost,2.0096625727776
2018-02-16 00:00:00,etth1,HUFL,24,45,xgboost,2.595870619039243
2018-02-16 01:00:00,etth1,HUFL,24,45,xgboost,2.680999803546778
2018-02-16 02:00:00,etth1,HUFL,24,45,xgboost,2.6534965267992607
2018-02-16 03:00:00,etth1,HUFL,24,45,xgboost,3.133609470985261
2018-02-16 04:00:00,etth1,HUFL,24,45,xgboost,3.8052800977825103
2018-02-16 05:00:00,etth1,HUFL,24,45,xgboost,3.915773499127088
2018-02-16 06:00:00,etth1,HUFL,24,45,xgboost,4.135967045417181
2018-02-16 07:00:00,etth1,HUFL,24,45,xgboost,4.3546187460614965
2018-02-16 08:00:00,etth1,HUFL,24,45,xgboost,4.432700480320556
2018-02-16 09:00:00,etth1,HUFL,24,45,xgboost,3.6824522958276167
2018-02-16 10:00:00,etth1,HUFL,24,45,xgboost,3.50972286843601
2018-02-16 11:00:00,etth1,HUFL,24,45,xgboost,4.265343047020597
2018-02-16 12:00:00,etth1,HUFL,24,45,xgboost,5.292795156972743
2018-02-16 13:00:00,etth1,HUFL,24,45,xgboost,5.6384048284894375
2018-02-16 14:00:00,etth1,HUFL,24,45,xgboost,6.565324288055336
2018-02-16 15:00:00,etth1,HUFL,24,45,xgboost,7.7974983480794835
2018-02-16 16:00:00,etth1,HUFL,24,45,xgboost,8.203066118139859
2018-02-16 17:00:00,etth1,HUFL,24,45,xgboost,7.5149084241482536
2018-02-16 18:00:00,etth1,HUFL,24,45,xgboost,6.5209388659793746
2018-02-16 19:00:00,etth1,HUFL,24,45,xgboost,5.502631361436897
2018-02-16 20:00:00,etth1,HUFL,24,45,xgboost,5.253500398663294
2018-02-16 21:00:00,etth1,HUFL,24,45,xgboost,5.676503112637488
2018-02-16 22:00:00,etth1,HUFL,24,45,xgboost,5.784962662843328
2018-02-16 23:00:00,etth1,HUFL,24,45,xgboost,6.332665558258232
2018-02-17 00:00:00,etth1,HUFL,24,45,xgboost,6.503966944673988
2018-02-17 01:00:00,etth1,HUFL,24,45,xgboost,6.334790233582365
2018-02-17 02:00:00,etth1,HUFL,24,45,xgboost,6.506825617022122
2018-02-17 03:00:00,etth1,HUFL,24,45,xgboost,6.37929579019054
2018-02-17 04:00:00,etth1,HUFL,24,45,xgboost,6.041564345696211
2018-02-17 05:00:00,etth1,HUFL,24,45,xgboost,5.82705925042688
2018-02-17 06:00:00,etth1,HUFL,24,45,xgboost,5.742787163598426
2018-02-17 07:00:00,etth1,HUFL,24,45,xgboost,5.953828204802335
2018-02-17 08:00:00,etth1,HUFL,24,45,xgboost,6.515524606049925
2018-02-17 09:00:00,etth1,HUFL,24,45,xgboost,7.319722163435948
2018-02-17 10:00:00,etth1,HUFL,24,45,xgboost,6.193958948302705
2018-02-17 11:00:00,etth1,HUFL,24,45,xgboost,5.443054418828754
2018-02-17 12:00:00,etth1,HUFL,24,45,xgboost,4.655101823083844
2018-02-17 13:00:00,etth1,HUFL,24,45,xgboost,4.860578358400628
2018-02-17 14:00:00,etth1,HUFL,24,45,xgboost,5.306528151940243
2018-02-17 15:00:00,etth1,HUFL,24,45,xgboost,6.032740660248275
2018-02-17 16:00:00,etth1,HUFL,24,45,xgboost,6.910301177178397
2018-02-17 17:00:00,etth1,HUFL,24,45,xgboost,6.854481960946939
2018-02-17 18:00:00,etth1,HUFL,24,45,xgboost,5.707655758746651
2018-02-17 19:00:00,etth1,HUFL,24,45,xgboost,6.196992056353125
2018-02-17 20:00:00,etth1,HUFL,24,45,xgboost,6.816429390959208
2018-02-17 21:00:00,etth1,HUFL,24,45,xgboost,7.563059238369299
2018-02-17 22:00:00,etth1,HUFL,24,45,xgboost,7.9790914837652425
2018-02-17 23:00:00,etth1,HUFL,24,45,xgboost,8.469887013508108
2018-02-18 00:00:00,etth1,HUFL,24,45,xgboost,8.268050151109987
2018-02-18 01:00:00,etth1,HUFL,24,45,xgboost,7.904969590389176
2018-02-18 02:00:00,etth1,HUFL,24,45,xgboost,7.884703846185015
2018-02-18 03:00:00,etth1,HUFL,24,45,xgboost,7.723953407799974
2018-02-18 04:00:00,etth1,HUFL,24,45,xgboost,7.3176165735477126
2018-02-18 05:00:00,etth1,HUFL,24,45,xgboost,7.2782464899737205
2018-02-18 06:00:00,etth1,HUFL,24,45,xgboost,7.095708287685049
2018-02-18 07:00:00,etth1,HUFL,24,45,xgboost,7.464595503315915
2018-02-18 08:00:00,etth1,HUFL,24,45,xgboost,8.781892705084303
2018-02-18 09:00:00,etth1,HUFL,24,45,xgboost,6.431552104528588
2018-02-18 10:00:00,etth1,HUFL,24,45,xgboost,5.4043254608508065
2018-02-18 11:00:00,etth1,HUFL,24,45,xgboost,5.961690520598013
2018-02-18 12:00:00,etth1,HUFL,24,45,xgboost,5.3039904953656185
2018-02-18 13:00:00,etth1,HUFL,24,45,xgboost,4.3447135927063165
2018-02-18 14:00:00,etth1,HUFL,24,45,xgboost,4.4257532672106175
2018-02-18 15:00:00,etth1,HUFL,24,45,xgboost,3.916202957197464
2018-02-18 16:00:00,etth1,HUFL,24,45,xgboost,3.9220850596714834
2018-02-18 17:00:00,etth1,HUFL,24,45,xgboost,4.772826610199729
2018-02-18 18:00:00,etth1,HUFL,24,45,xgboost,3.9886545810414904
2018-02-18 19:00:00,etth1,HUFL,24,45,xgboost,2.9950597696501036
2018-02-18 20:00:00,etth1,HUFL,24,45,xgboost,2.433097157515329
2018-02-18 21:00:00,etth1,HUFL,24,45,xgboost,2.730023645410366
2018-02-18 22:00:00,etth1,HUFL,24,45,xgboost,3.282840344154771
2018-02-18 23:00:00,etth1,HUFL,24,45,xgboost,4.147695472090255
2018-02-19 00:00:00,etth1,HUFL,24,45,xgboost,4.76773062719642
2018-02-19 01:00:00,etth1,HUFL,24,45,xgboost,4.6851190394984
2018-02-19 02:00:00,etth1,HUFL,24,45,xgboost,4.835381774035459
2018-02-19 03:00:00,etth1,HUFL,24,45,xgboost,4.963404216492253
2018-02-19 04:00:00,etth1,HUFL,24,45,xgboost,5.135067368151852
2018-02-19 05:00:00,etth1,HUFL,24,45,xgboost,5.384879900198226
2018-02-19 06:00:00,etth1,HUFL,24,45,xgboost,5.660244923261023
2018-02-19 07:00:00,etth1,HUFL,24,45,xgboost,5.806550429769431
2018-02-19 08:00:00,etth1,HUFL,24,45,xgboost,6.598991221507401
2018-02-19 09:00:00,etth1,HUFL,24,45,xgboost,4.8896226157408815
2018-02-19 10:00:00,etth1,HUFL,24,45,xgboost,4.265893846013527
2018-02-19 11:00:00,etth1,HUFL,24,45,xgboost,4.239886313082805
2018-02-19 12:00:00,etth1,HUFL,24,45,xgboost,4.1322776939859445
2018-02-19 13:00:00,etth1,HUFL,24,45,xgboost,3.472067619646283
2018-02-19 14:00:00,etth1,HUFL,24,45,xgboost,3.6343983208007518
2018-02-19 15:00:00,etth1,HUFL,24,45,xgboost,4.1206194129743325
2018-02-19 16:00:00,etth1,HUFL,24,45,xgboost,4.4829117369964715
2018-02-19 17:00:00,etth1,HUFL,24,45,xgboost,4.357467212785405
2018-02-19 18:00:00,etth1,HUFL,24,45,xgboost,4.402738628443301
2018-02-19 19:00:00,etth1,HUFL,24,45,xgboost,4.149900241786134
2018-02-19 20:00:00,etth1,HUFL,24,45,xgboost,3.658217170401167
2018-02-19 21:00:00,etth1,HUFL,24,45,xgboost,3.8434637739506208
2018-02-19 22:00:00,etth1,HUFL,24,45,xgboost,3.9134833871900043
2018-02-19 23:00:00,etth1,HUFL,24,45,xgboost,4.52316955020353
2018-02-20 00:00:00,etth1,HUFL,24,45,xgboost,4.49168835783231
2018-02-20 01:00:00,etth1,HUFL,24,45,xgboost,4.24142177419674
2018-02-20 02:00:00,etth1,HUFL,24,45,xgboost,4.268135138442347
2018-02-20 03:00:00,etth1,HUFL,24,45,xgboost,4.54395203890944
2018-02-20 04:00:00,etth1,HUFL,24,45,xgboost,4.728798804412698
2018-02-20 05:00:00,etth1,HUFL,24,45,xgboost,4.790878556183171
2018-02-20 06:00:00,etth1,HUFL,24,45,xgboost,4.8339622002444615
2018-02-20 07:00:00,etth1,HUFL,24,45,xgboost,5.2067422125875185
2018-02-20 08:00:00,etth1,HUFL,24,45,xgboost,5.805575237599523
2018-02-20 09:00:00,etth1,HUFL,24,45,xgboost,4.423337921628549
2018-02-20 10:00:00,etth1,HUFL,24,45,xgboost,3.919426717800505
2018-02-20 11:00:00,etth1,HUFL,24,45,xgboost,3.546230630650282
2018-02-20 12:00:00,etth1,HUFL,24,45,xgboost,3.185483954477841
2018-02-20 13:00:00,etth1,HUFL,24,45,xgboost,3.0738496417925583
2018-02-20 14:00:00,etth1,HUFL,24,45,xgboost,3.151615950183935
2018-02-20 15:00:00,etth1,HUFL,24,45,xgboost,3.754049093264585
2018-02-20 16:00:00,etth1,HUFL,24,45,xgboost,3.7167121391993785
2018-02-20 17:00:00,etth1,HUFL,24,45,xgboost,3.668394465386186
2018-02-20 18:00:00,etth1,HUFL,24,45,xgboost,3.5939163940063352
2018-02-20 19:00:00,etth1,HUFL,24,45,xgboost,3.4245017417133816
2018-02-20 20:00:00,etth1,HUFL,24,45,xgboost,3.0315511538884086
2018-02-20 21:00:00,etth1,HUFL,24,45,xgboost,2.888054536965503
2018-02-20 22:00:00,etth1,HUFL,24,45,xgboost,2.6266613434908446
2018-02-20 23:00:00,etth1,HUFL,24,45,xgboost,3.15330131508877
2018-02-21 00:00:00,etth1,HUFL,24,45,xgboost,3.2060414293116124
2018-02-21 01:00:00,etth1,HUFL,24,45,xgboost,2.7499082346703188
2018-02-21 02:00:00,etth1,HUFL,24,45,xgboost,2.802158745324437
2018-02-21 03:00:00,etth1,HUFL,24,45,xgboost,3.0598155694245706
2018-02-21 04:00:00,etth1,HUFL,24,45,xgboost,3.1454900249832125
2018-02-21 05:00:00,etth1,HUFL,24,45,xgboost,3.303091945992463
2018-02-21 06:00:00,etth1,HUFL,24,45,xgboost,3.4730009284345145
2018-02-21 07:00:00,etth1,HUFL,24,45,xgboost,3.4534118503356184
2018-02-21 08:00:00,etth1,HUFL,24,45,xgboost,3.368513854321535
2018-02-21 09:00:00,etth1,HUFL,24,45,xgboost,2.701477228515882
2018-02-21 10:00:00,etth1,HUFL,24,45,xgboost,3.452584574411438
2018-02-21 11:00:00,etth1,HUFL,24,45,xgboost,3.8561162129176907
2018-02-21 12:00:00,etth1,HUFL,24,45,xgboost,4.128392688022772
2018-02-21 13:00:00,etth1,HUFL,24,45,xgboost,4.420406087100667
2018-02-21 14:00:00,etth1,HUFL,24,45,xgboost,5.192481380724144
2018-02-21 15:00:00,etth1,HUFL,24,45,xgboost,6.019502074739495
2018-02-21 16:00:00,etth1,HUFL,24,45,xgboost,6.433759154236728
2018-02-21 17:00:00,etth1,HUFL,24,45,xgboost,6.213810462328763
2018-02-21 18:00:00,etth1,HUFL,24,45,xgboost,5.898925425336112
2018-02-21 19:00:00,etth1,HUFL,24,45,xgboost,5.040319114832159
2018-02-21 20:00:00,etth1,HUFL,24,45,xgboost,4.632750038433958
2018-02-21 21:00:00,etth1,HUFL,24,45,xgboost,4.70571849365541
2018-02-21 22:00:00,etth1,HUFL,24,45,xgboost,4.881223351225532
2018-02-21 23:00:00,etth1,HUFL,24,45,xgboost,5.509926886505308
2018-02-22 00:00:00,etth1,HUFL,24,45,xgboost,5.721272576181057
2018-02-22 01:00:00,etth1,HUFL,24,45,xgboost,5.641387381106459
2018-02-22 02:00:00,etth1,HUFL,24,45,xgboost,5.199864490031413
2018-02-22 03:00:00,etth1,HUFL,24,45,xgboost,4.972101871513518
2018-02-22 04:00:00,etth1,HUFL,24,45,xgboost,4.8639528669235395
2018-02-22 05:00:00,etth1,HUFL,24,45,xgboost,4.827630373226859
2018-02-22 06:00:00,etth1,HUFL,24,45,xgboost,4.362717353151698
2018-02-22 07:00:00,etth1,HUFL,24,45,xgboost,4.477745197314946
2018-02-22 08:00:00,etth1,HUFL,24,45,xgboost,5.293468850479031
2018-02-22 09:00:00,etth1,HUFL,24,45,xgboost,5.840118165144361
2018-02-22 10:00:00,etth1,HUFL,24,45,xgboost,5.512797690388877
2018-02-22 11:00:00,etth1,HUFL,24,45,xgboost,4.128625359407807
2018-02-22 12:00:00,etth1,HUFL,24,45,xgboost,4.828622869183092
2018-02-22 13:00:00,etth1,HUFL,24,45,xgboost,4.002062391311377
2018-02-22 14:00:00,etth1,HUFL,24,45,xgboost,4.386913187221821
2018-02-22 15:00:00,etth1,HUFL,24,45,xgboost,4.645562563769168
2018-02-22 16:00:00,etth1,HUFL,24,45,xgboost,4.850756016257349
2018-02-22 17:00:00,etth1,HUFL,24,45,xgboost,5.175252837784278
2018-02-22 18:00:00,etth1,HUFL,24,45,xgboost,5.747861343015952
2018-02-22 19:00:00,etth1,HUFL,24,45,xgboost,6.5328912362466225
2018-02-22 20:00:00,etth1,HUFL,24,45,xgboost,6.122846458288074
2018-02-22 21:00:00,etth1,HUFL,24,45,xgboost,5.273881668911943
2018-02-22 22:00:00,etth1,HUFL,24,45,xgboost,5.525981172557845
2018-02-22 23:00:00,etth1,HUFL,24,45,xgboost,5.643348808775528
2018-02-23 00:00:00,etth1,HUFL,24,45,xgboost,6.04266062171011
2018-02-23 01:00:00,etth1,HUFL,24,45,xgboost,5.931980557396116
2018-02-23 02:00:00,etth1,HUFL,24,45,xgboost,6.210645308341474
2018-02-23 03:00:00,etth1,HUFL,24,45,xgboost,6.050101196481813
2018-02-23 04:00:00,etth1,HUFL,24,45,xgboost,6.005575844760254
2018-02-23 05:00:00,etth1,HUFL,24,45,xgboost,6.037111881531623
2018-02-23 06:00:00,etth1,HUFL,24,45,xgboost,5.842133956241992
2018-02-23 07:00:00,etth1,HUFL,24,45,xgboost,6.2381023344998825
2018-02-23 08:00:00,etth1,HUFL,24,45,xgboost,6.903941104708484
2018-02-23 09:00:00,etth1,HUFL,24,45,xgboost,6.249261021912692
2018-02-23 10:00:00,etth1,HUFL,24,45,xgboost,4.850243353454087
2018-02-23 11:00:00,etth1,HUFL,24,45,xgboost,4.705146609091976
2018-02-23 12:00:00,etth1,HUFL,24,45,xgboost,5.424778373848319
2018-02-23 13:00:00,etth1,HUFL,24,45,xgboost,5.239236629632141
2018-02-23 14:00:00,etth1,HUFL,24,45,xgboost,5.62507846006644
2018-02-23 15:00:00,etth1,HUFL,24,45,xgboost,6.048030841898817
2018-02-23 16:00:00,etth1,HUFL,24,45,xgboost,6.232480677646258
2018-02-23 17:00:00,etth1,HUFL,24,45,xgboost,6.154387472077033
2018-02-23 18:00:00,etth1,HUFL,24,45,xgboost,5.89151245821986
2018-02-23 19:00:00,etth1,HUFL,24,45,xgboost,5.3808264298229425
2018-02-23 20:00:00,etth1,HUFL,24,45,xgboost,5.830256544598794
2018-02-23 21:00:00,etth1,HUFL,24,45,xgboost,6.298654606843701
2018-02-23 22:00:00,etth1,HUFL,24,45,xgboost,6.597216532518992
2018-02-23 23:00:00,etth1,HUFL,24,45,xgboost,7.056030339559697
2018-02-24 00:00:00,etth1,HUFL,24,45,xgboost,7.477411990543335
2018-02-24 01:00:00,etth1,HUFL,24,45,xgboost,6.576567442819775
2018-02-24 02:00:00,etth1,HUFL,24,45,xgboost,5.914875275717651
2018-02-24 03:00:00,etth1,HUFL,24,45,xgboost,5.796315662585502
2018-02-24 04:00:00,etth1,HUFL,24,45,xgboost,5.655873673549247
2018-02-24 05:00:00,etth1,HUFL,24,45,xgboost,5.680613916493468
2018-02-24 06:00:00,etth1,HUFL,24,45,xgboost,5.860088074443108
2018-02-24 07:00:00,etth1,HUFL,24,45,xgboost,6.439142943889984
2018-02-24 08:00:00,etth1,HUFL,24,45,xgboost,6.301580396334384
2018-02-24 09:00:00,etth1,HUFL,24,45,xgboost,5.0728030080458035
2018-02-24 10:00:00,etth1,HUFL,24,45,xgboost,3.8283119751998655
2018-02-24 11:00:00,etth1,HUFL,24,45,xgboost,3.2672237848512133
2018-02-24 12:00:00,etth1,HUFL,24,45,xgboost,3.4079026396507808
2018-02-24 13:00:00,etth1,HUFL,24,45,xgboost,3.013012863668235
2018-02-24 14:00:00,etth1,HUFL,24,45,xgboost,2.7753421532024976
2018-02-24 15:00:00,etth1,HUFL,24,45,xgboost,2.4847792533692243
2018-02-24 16:00:00,etth1,HUFL,24,45,xgboost,2.929482563626005
2018-02-24 17:00:00,etth1,HUFL,24,45,xgboost,3.6972071790614316
2018-02-24 18:00:00,etth1,HUFL,24,45,xgboost,2.663131640136395
2018-02-24 19:00:00,etth1,HUFL,24,45,xgboost,2.314905136564086
2018-02-24 20:00:00,etth1,HUFL,24,45,xgboost,2.0443556122735904
2018-02-24 21:00:00,etth1,HUFL,24,45,xgboost,1.9771227927973254
2018-02-24 22:00:00,etth1,HUFL,24,45,xgboost,2.6335207923145227
2018-02-24 23:00:00,etth1,HUFL,24,45,xgboost,2.774476535253141
2018-02-25 00:00:00,etth1,HUFL,24,45,xgboost,2.647103182948429
2018-02-25 01:00:00,etth1,HUFL,24,45,xgboost,2.052446142167465
2018-02-25 02:00:00,etth1,HUFL,24,45,xgboost,2.0380431271172035
2018-02-25 03:00:00,etth1,HUFL,24,45,xgboost,2.0511355672405673
2018-02-25 04:00:00,etth1,HUFL,24,45,xgboost,1.9449025641162934
2018-02-25 05:00:00,etth1,HUFL,24,45,xgboost,2.077751996345391
2018-02-25 06:00:00,etth1,HUFL,24,45,xgboost,2.0894310887239107
2018-02-25 07:00:00,etth1,HUFL,24,45,xgboost,1.935229416530665
2018-02-25 08:00:00,etth1,HUFL,24,45,xgboost,2.7429378700714597
2018-02-25 09:00:00,etth1,HUFL,24,45,xgboost,3.366029473099926
2018-02-25 10:00:00,etth1,HUFL,24,45,xgboost,2.634181657751683
2018-02-25 11:00:00,etth1,HUFL,24,45,xgboost,3.340407302301808
2018-02-25 12:00:00,etth1,HUFL,24,45,xgboost,2.8967799778758736
2018-02-25 13:00:00,etth1,HUFL,24,45,xgboost,3.3177922248123526
2018-02-25 14:00:00,etth1,HUFL,24,45,xgboost,3.517099747686468
2018-02-25 15:00:00,etth1,HUFL,24,45,xgboost,3.7659787368358764
2018-02-25 16:00:00,etth1,HUFL,24,45,xgboost,4.2513660943529255
2018-02-25 17:00:00,etth1,HUFL,24,45,xgboost,4.825428322952415
2018-02-25 18:00:00,etth1,HUFL,24,45,xgboost,4.2471016340302965
2018-02-25 19:00:00,etth1,HUFL,24,45,xgboost,3.768521402535962
2018-02-25 20:00:00,etth1,HUFL,24,45,xgboost,3.5922778834449915
2018-02-25 21:00:00,etth1,HUFL,24,45,xgboost,3.6302251236059795
2018-02-25 22:00:00,etth1,HUFL,24,45,xgboost,3.948087815575866
2018-02-25 23:00:00,etth1,HUFL,24,45,xgboost,4.344809750935441
2018-02-26 00:00:00,etth1,HUFL,24,45,xgboost,4.44598157228437
2018-02-26 01:00:00,etth1,HUFL,24,45,xgboost,4.327554156342423
2018-02-26 02:00:00,etth1,HUFL,24,45,xgboost,4.631622254361045
2018-02-26 03:00:00,etth1,HUFL,24,45,xgboost,4.8939301666077455
2018-02-26 04:00:00,etth1,HUFL,24,45,xgboost,4.687280063836132
2018-02-26 05:00:00,etth1,HUFL,24,45,xgboost,4.320659478413076
2018-02-26 06:00:00,etth1,HUFL,24,45,xgboost,4.196116396029292
2018-02-26 07:00:00,etth1,HUFL,24,45,xgboost,4.345981959913343
2018-02-26 08:00:00,etth1,HUFL,24,45,xgboost,5.019167508511694
2018-02-26 09:00:00,etth1,HUFL,24,45,xgboost,4.8399714998361505
2018-02-26 10:00:00,etth1,HUFL,24,45,xgboost,4.451221300590026
2018-02-26 11:00:00,etth1,HUFL,24,45,xgboost,2.911071508614239
2018-02-26 12:00:00,etth1,HUFL,24,45,xgboost,3.0094268766359824
2018-02-26 13:00:00,etth1,HUFL,24,45,xgboost,3.382737948332238
2018-02-26 14:00:00,etth1,HUFL,24,45,xgboost,2.7193355047641394
2018-02-26 15:00:00,etth1,HUFL,24,45,xgboost,3.2160838411550343
2018-02-26 16:00:00,etth1,HUFL,24,45,xgboost,3.746801303203789
2018-02-26 17:00:00,etth1,HUFL,24,45,xgboost,3.9884644776540608
2018-02-26 18:00:00,etth1,HUFL,24,45,xgboost,3.7024275697550864
2018-02-26 19:00:00,etth1,HUFL,24,45,xgboost,2.7208258759789796
2018-02-26 20:00:00,etth1,HUFL,24,45,xgboost,2.71257347559472
2018-02-26 21:00:00,etth1,HUFL,24,45,xgboost,2.8592924774924597
2018-02-26 22:00:00,etth1,HUFL,24,45,xgboost,3.4856150045489245
2018-02-26 23:00:00,etth1,HUFL,24,45,xgboost,3.380814596396671
2018-02-27 00:00:00,etth1,HUFL,24,45,xgboost,3.977078290547245
2018-02-27 01:00:00,etth1,HUFL,24,45,xgboost,3.332559251666879
2018-02-27 02:00:00,etth1,HUFL,24,45,xgboost,3.4689851918181334
2018-02-27 03:00:00,etth1,HUFL,24,45,xgboost,3.219620907965863
2018-02-27 04:00:00,etth1,HUFL,24,45,xgboost,3.0634003375989995
2018-02-27 05:00:00,etth1,HUFL,24,45,xgboost,3.204188880516542
2018-02-27 06:00:00,etth1,HUFL,24,45,xgboost,3.288630011250133
2018-02-27 07:00:00,etth1,HUFL,24,45,xgboost,3.868965103081173
2018-02-27 08:00:00,etth1,HUFL,24,45,xgboost,4.448666183164818
2018-02-27 09:00:00,etth1,HUFL,24,45,xgboost,3.4495514543411936
2018-02-27 10:00:00,etth1,HUFL,24,45,xgboost,3.5402561379753443
2018-02-27 11:00:00,etth1,HUFL,24,45,xgboost,4.528676891124889
2018-02-27 12:00:00,etth1,HUFL,24,45,xgboost,5.375218568887026
2018-02-27 13:00:00,etth1,HUFL,24,45,xgboost,4.699503666030712
2018-02-27 14:00:00,etth1,HUFL,24,45,xgboost,3.2358126265179266
2018-02-27 15:00:00,etth1,HUFL,24,45,xgboost,3.7949830874961603
2018-02-27 16:00:00,etth1,HUFL,24,45,xgboost,4.823008413276665
2018-02-27 17:00:00,etth1,HUFL,24,45,xgboost,4.554692284975567
2018-02-27 18:00:00,etth1,HUFL,24,45,xgboost,4.8884565626804415
2018-02-27 19:00:00,etth1,HUFL,24,45,xgboost,4.845335658503509
2018-02-27 20:00:00,etth1,HUFL,24,45,xgboost,4.8678797510397525
2018-02-27 21:00:00,etth1,HUFL,24,45,xgboost,4.508850557887416
2018-02-27 22:00:00,etth1,HUFL,24,45,xgboost,4.237111723262041
2018-02-27 23:00:00,etth1,HUFL,24,45,xgboost,4.128261724248866
2018-02-28 00:00:00,etth1,HUFL,24,45,xgboost,3.968740195864418
2018-02-28 01:00:00,etth1,HUFL,24,45,xgboost,3.6029684251845957
2018-02-28 02:00:00,etth1,HUFL,24,45,xgboost,3.861036468149091
2018-02-28 03:00:00,etth1,HUFL,24,45,xgboost,3.474070877941257
2018-02-28 04:00:00,etth1,HUFL,24,45,xgboost,3.6036560789601766
2018-02-28 05:00:00,etth1,HUFL,24,45,xgboost,3.3919469142709318
2018-02-28 06:00:00,etth1,HUFL,24,45,xgboost,3.819709932230179
2018-02-28 07:00:00,etth1,HUFL,24,45,xgboost,4.0628894375867155
2018-02-28 08:00:00,etth1,HUFL,24,45,xgboost,4.807669058208219
2018-02-28 09:00:00,etth1,HUFL,24,45,xgboost,4.149329501800901
2018-02-28 10:00:00,etth1,HUFL,24,45,xgboost,4.033555139848744
2018-02-28 11:00:00,etth1,HUFL,24,45,xgboost,3.87173862589912
2018-02-28 12:00:00,etth1,HUFL,24,45,xgboost,4.41990611088098
2018-02-28 13:00:00,etth1,HUFL,24,45,xgboost,3.9310850617162423
2018-02-28 14:00:00,etth1,HUFL,24,45,xgboost,5.434869770178259
2018-02-28 15:00:00,etth1,HUFL,24,45,xgboost,3.143358070134815
2018-02-28 16:00:00,etth1,HUFL,24,45,xgboost,3.7199363875107587
2018-02-28 17:00:00,etth1,HUFL,24,45,xgboost,3.5433426070670997
2018-02-28 18:00:00,etth1,HUFL,24,45,xgboost,4.0857298767328905
2018-02-28 19:00:00,etth1,HUFL,24,45,xgboost,3.898172070980935
2018-02-28 20:00:00,etth1,HUFL,24,45,xgboost,4.342866201050692
2018-02-28 21:00:00,etth1,HUFL,24,45,xgboost,4.445120185181878
2018-02-28 22:00:00,etth1,HUFL,24,45,xgboost,4.487987652834074
2018-02-28 23:00:00,etth1,HUFL,24,45,xgboost,4.26513426966278
2018-03-01 00:00:00,etth1,HUFL,24,45,xgboost,4.649493362309673
2018-03-01 01:00:00,etth1,HUFL,24,45,xgboost,4.119099962474576
2018-03-01 02:00:00,etth1,HUFL,24,45,xgboost,3.8340813470609887
2018-03-01 03:00:00,etth1,HUFL,24,45,xgboost,3.757098546586032
2018-03-01 04:00:00,etth1,HUFL,24,45,xgboost,3.634577792106221
2018-03-01 05:00:00,etth1,HUFL,24,45,xgboost,3.5206601658757357
2018-03-01 06:00:00,etth1,HUFL,24,45,xgboost,3.4155697487409618
2018-03-01 07:00:00,etth1,HUFL,24,45,xgboost,3.554515059981279
2018-03-01 08:00:00,etth1,HUFL,24,45,xgboost,4.159267813962241
2018-03-01 09:00:00,etth1,HUFL,24,45,xgboost,4.6507089919126186
2018-03-01 10:00:00,etth1,HUFL,24,45,xgboost,4.528458733836861
2018-03-01 11:00:00,etth1,HUFL,24,45,xgboost,4.39471484042305
2018-03-01 12:00:00,etth1,HUFL,24,45,xgboost,4.934142014296774
2018-03-01 13:00:00,etth1,HUFL,24,45,xgboost,3.9365242123424298
2018-03-01 14:00:00,etth1,HUFL,24,45,xgboost,3.548893640497301
2018-03-01 15:00:00,etth1,HUFL,24,45,xgboost,3.110342905368512
2018-03-01 16:00:00,etth1,HUFL,24,45,xgboost,2.6007548128107763
2018-03-01 17:00:00,etth1,HUFL,24,45,xgboost,3.387786527690956
2018-03-01 18:00:00,etth1,HUFL,24,45,xgboost,3.050600724845861
2018-03-01 19:00:00,etth1,HUFL,24,45,xgboost,3.1040614895709844
2018-03-01 20:00:00,etth1,HUFL,24,45,xgboost,2.82738133976086
2018-03-01 21:00:00,etth1,HUFL,24,45,xgboost,2.959034510727033
2018-03-01 22:00:00,etth1,HUFL,24,45,xgboost,2.8614975023808165
2018-03-01 23:00:00,etth1,HUFL,24,45,xgboost,3.1149609236160867
2018-03-02 00:00:00,etth1,HUFL,24,45,xgboost,3.3389313982960362
2018-03-02 01:00:00,etth1,HUFL,24,45,xgboost,3.0215489003275464
2018-03-02 02:00:00,etth1,HUFL,24,45,xgboost,2.7841216934849435
2018-03-02 03:00:00,etth1,HUFL,24,45,xgboost,2.4638895216985848
2018-03-02 04:00:00,etth1,HUFL,24,45,xgboost,2.2643943270724383
2018-03-02 05:00:00,etth1,HUFL,24,45,xgboost,2.1850144514903165
2018-03-02 06:00:00,etth1,HUFL,24,45,xgboost,2.0063142295670686
2018-03-02 07:00:00,etth1,HUFL,24,45,xgboost,2.342607915166003
2018-03-02 08:00:00,etth1,HUFL,24,45,xgboost,2.7771615784323083
2018-03-02 09:00:00,etth1,HUFL,24,45,xgboost,1.8833654965831312
2018-03-02 10:00:00,etth1,HUFL,24,45,xgboost,2.6066346576790003
2018-03-02 11:00:00,etth1,HUFL,24,45,xgboost,2.8323437051984803
2018-03-02 12:00:00,etth1,HUFL,24,45,xgboost,2.310069756801058
2018-03-02 13:00:00,etth1,HUFL,24,45,xgboost,1.9899639304345165
2018-03-02 14:00:00,etth1,HUFL,24,45,xgboost,2.4950771077697294
2018-03-02 15:00:00,etth1,HUFL,24,45,xgboost,3.154725601460212
2018-03-02 16:00:00,etth1,HUFL,24,45,xgboost,2.197916988687878
2018-03-02 17:00:00,etth1,HUFL,24,45,xgboost,2.5329367578005972
2018-03-02 18:00:00,etth1,HUFL,24,45,xgboost,3.3011616618453714
2018-03-02 19:00:00,etth1,HUFL,24,45,xgboost,3.3205942277882485
2018-03-02 20:00:00,etth1,HUFL,24,45,xgboost,3.715138131008569
2018-03-02 21:00:00,etth1,HUFL,24,45,xgboost,3.94785413242035
2018-03-02 22:00:00,etth1,HUFL,24,45,xgboost,4.093666139162567
2018-03-02 23:00:00,etth1,HUFL,24,45,xgboost,4.400578568865406
2018-03-03 00:00:00,etth1,HUFL,24,45,xgboost,3.8780120714908275
2018-03-03 01:00:00,etth1,HUFL,24,45,xgboost,3.5671447430613497
2018-03-03 02:00:00,etth1,HUFL,24,45,xgboost,3.060706321551594
2018-03-03 03:00:00,etth1,HUFL,24,45,xgboost,3.1472848085138962
2018-03-03 04:00:00,etth1,HUFL,24,45,xgboost,2.908890669075794
2018-03-03 05:00:00,etth1,HUFL,24,45,xgboost,2.681009454664998
2018-03-03 06:00:00,etth1,HUFL,24,45,xgboost,2.894697744192865
2018-03-03 07:00:00,etth1,HUFL,24,45,xgboost,2.8450983126550358
2018-03-03 08:00:00,etth1,HUFL,24,45,xgboost,2.9537020325452095
2018-03-03 09:00:00,etth1,HUFL,24,45,xgboost,3.724478776585988
2018-03-03 10:00:00,etth1,HUFL,24,45,xgboost,4.239362730361297
2018-03-03 11:00:00,etth1,HUFL,24,45,xgboost,3.789962081086344
2018-03-03 12:00:00,etth1,HUFL,24,45,xgboost,3.655446778622282
2018-03-03 13:00:00,etth1,HUFL,24,45,xgboost,4.933728617135203
2018-03-03 14:00:00,etth1,HUFL,24,45,xgboost,4.483840282829874
2018-03-03 15:00:00,etth1,HUFL,24,45,xgboost,4.256150279665798
2018-03-03 16:00:00,etth1,HUFL,24,45,xgboost,3.753665042942013
2018-03-03 17:00:00,etth1,HUFL,24,45,xgboost,3.7199637961073857
2018-03-03 18:00:00,etth1,HUFL,24,45,xgboost,3.701107147969567
2018-03-03 19:00:00,etth1,HUFL,24,45,xgboost,4.374912593555639
2018-03-03 20:00:00,etth1,HUFL,24,45,xgboost,4.877165779612132
2018-03-03 21:00:00,etth1,HUFL,24,45,xgboost,4.137817169469092
2018-03-03 22:00:00,etth1,HUFL,24,45,xgboost,4.032754358602502
2018-03-03 23:00:00,etth1,HUFL,24,45,xgboost,3.7077794174746685
2018-03-04 00:00:00,etth1,HUFL,24,45,xgboost,3.3987823823523926
2018-03-04 01:00:00,etth1,HUFL,24,45,xgboost,3.2181667435345473
2018-03-04 02:00:00,etth1,HUFL,24,45,xgboost,3.7616061752264556
2018-03-04 03:00:00,etth1,HUFL,24,45,xgboost,3.506925318258173
2018-03-04 04:00:00,etth1,HUFL,24,45,xgboost,3.2584184016698003
2018-03-04 05:00:00,etth1,HUFL,24,45,xgboost,3.3765758008683426
2018-03-04 06:00:00,etth1,HUFL,24,45,xgboost,3.3614272169585124
2018-03-04 07:00:00,etth1,HUFL,24,45,xgboost,3.186013535246817
2018-03-04 08:00:00,etth1,HUFL,24,45,xgboost,3.2921995875681755
2018-03-04 09:00:00,etth1,HUFL,24,45,xgboost,3.3507353645039557
2018-03-04 10:00:00,etth1,HUFL,24,45,xgboost,3.267315665885659
2018-03-04 11:00:00,etth1,HUFL,24,45,xgboost,3.6904029127283167
2018-03-04 12:00:00,etth1,HUFL,24,45,xgboost,4.164177987004131
2018-03-04 13:00:00,etth1,HUFL,24,45,xgboost,4.965031571137491
2018-03-04 14:00:00,etth1,HUFL,24,45,xgboost,4.007209118627585
2018-03-04 15:00:00,etth1,HUFL,24,45,xgboost,4.325079240468152
2018-03-04 16:00:00,etth1,HUFL,24,45,xgboost,5.158710427558671
2018-03-04 17:00:00,etth1,HUFL,24,45,xgboost,4.843345301406323
2018-03-04 18:00:00,etth1,HUFL,24,45,xgboost,5.125346681741992
2018-03-04 19:00:00,etth1,HUFL,24,45,xgboost,5.14557180459371
2018-03-04 20:00:00,etth1,HUFL,24,45,xgboost,5.252869438062457
2018-03-04 21:00:00,etth1,HUFL,24,45,xgboost,4.677104662779056
2018-03-04 22:00:00,etth1,HUFL,24,45,xgboost,4.626118382641799
2018-03-04 23:00:00,etth1,HUFL,24,45,xgboost,4.694857071151284
2018-03-05 00:00:00,etth1,HUFL,24,45,xgboost,4.699648442958096
2018-03-05 01:00:00,etth1,HUFL,24,45,xgboost,4.330436093127838
2018-03-05 02:00:00,etth1,HUFL,24,45,xgboost,4.285741347926245
2018-03-05 03:00:00,etth1,HUFL,24,45,xgboost,3.8461630023897633
2018-03-05 04:00:00,etth1,HUFL,24,45,xgboost,3.8068660594130868
2018-03-05 05:00:00,etth1,HUFL,24,45,xgboost,3.68853014365439
2018-03-05 06:00:00,etth1,HUFL,24,45,xgboost,3.8490893947987197
2018-03-05 07:00:00,etth1,HUFL,24,45,xgboost,4.2214288900538
2018-03-05 08:00:00,etth1,HUFL,24,45,xgboost,4.691989270281027
2018-03-05 09:00:00,etth1,HUFL,24,45,xgboost,4.434659848886077
2018-03-05 10:00:00,etth1,HUFL,24,45,xgboost,5.2965050528480395
2018-03-05 11:00:00,etth1,HUFL,24,45,xgboost,5.998005070474437
2018-03-05 12:00:00,etth1,HUFL,24,45,xgboost,5.257842787601334
2018-03-05 13:00:00,etth1,HUFL,24,45,xgboost,3.034165045607152
2018-03-05 14:00:00,etth1,HUFL,24,45,xgboost,2.9678359349223995
2018-03-05 15:00:00,etth1,HUFL,24,45,xgboost,2.627016036760317
2018-03-05 16:00:00,etth1,HUFL,24,45,xgboost,3.3702554418225357
2018-03-05 17:00:00,etth1,HUFL,24,45,xgboost,3.2655097648803455
2018-03-05 18:00:00,etth1,HUFL,24,45,xgboost,2.9974612695592326
2018-03-05 19:00:00,etth1,HUFL,24,45,xgboost,3.5049005329240366
2018-03-05 20:00:00,etth1,HUFL,24,45,xgboost,3.7774438377394763
2018-03-05 21:00:00,etth1,HUFL,24,45,xgboost,3.855129346718287
2018-03-05 22:00:00,etth1,HUFL,24,45,xgboost,3.2830031832952233
2018-03-05 23:00:00,etth1,HUFL,24,45,xgboost,2.8587787305392225
2018-03-06 00:00:00,etth1,HUFL,24,45,xgboost,2.6769911618702396
2018-03-06 01:00:00,etth1,HUFL,24,45,xgboost,2.5244125258186934
2018-03-06 02:00:00,etth1,HUFL,24,45,xgboost,2.636964052228208
2018-03-06 03:00:00,etth1,HUFL,24,45,xgboost,2.6045290366467673
2018-03-06 04:00:00,etth1,HUFL,24,45,xgboost,2.7719211248895728
2018-03-06 05:00:00,etth1,HUFL,24,45,xgboost,3.0724898890603325
2018-03-06 06:00:00,etth1,HUFL,24,45,xgboost,3.0113561073778476
2018-03-06 07:00:00,etth1,HUFL,24,45,xgboost,3.29754879264919
2018-03-06 08:00:00,etth1,HUFL,24,45,xgboost,3.508883174658578
2018-03-06 09:00:00,etth1,HUFL,24,45,xgboost,3.01542782237963
2018-03-06 10:00:00,etth1,HUFL,24,45,xgboost,4.305007971268772
2018-03-06 11:00:00,etth1,HUFL,24,45,xgboost,4.567080999070252
2018-03-06 12:00:00,etth1,HUFL,24,45,xgboost,3.8848992417224673
2018-03-06 13:00:00,etth1,HUFL,24,45,xgboost,2.836458802029714
2018-03-06 14:00:00,etth1,HUFL,24,45,xgboost,2.8094907069368866
2018-03-06 15:00:00,etth1,HUFL,24,45,xgboost,3.102738089037073
2018-03-06 16:00:00,etth1,HUFL,24,45,xgboost,4.25161496528462
2018-03-06 17:00:00,etth1,HUFL,24,45,xgboost,3.877591365896251
2018-03-06 18:00:00,etth1,HUFL,24,45,xgboost,4.644133476353656
2018-03-06 19:00:00,etth1,HUFL,24,45,xgboost,5.017631749696227
2018-03-06 20:00:00,etth1,HUFL,24,45,xgboost,5.341460700314296
2018-03-06 21:00:00,etth1,HUFL,24,45,xgboost,5.130371037476328
2018-03-06 22:00:00,etth1,HUFL,24,45,xgboost,4.7876525018624045
2018-03-06 23:00:00,etth1,HUFL,24,45,xgboost,4.916249658900391
2018-03-07 00:00:00,etth1,HUFL,24,45,xgboost,5.058483982062455
2018-03-07 01:00:00,etth1,HUFL,24,45,xgboost,4.755222585073619
2018-03-07 02:00:00,etth1,HUFL,24,45,xgboost,4.826667754463091
2018-03-07 03:00:00,etth1,HUFL,24,45,xgboost,4.5946909578101485
2018-03-07 04:00:00,etth1,HUFL,24,45,xgboost,4.977369853887322
2018-03-07 05:00:00,etth1,HUFL,24,45,xgboost,4.252562076613041
2018-03-07 06:00:00,etth1,HUFL,24,45,xgboost,4.308651784777912
2018-03-07 07:00:00,etth1,HUFL,24,45,xgboost,4.448835132266451
2018-03-07 08:00:00,etth1,HUFL,24,45,xgboost,4.561568077807108
2018-03-07 09:00:00,etth1,HUFL,24,45,xgboost,3.590323371926706
2018-03-07 10:00:00,etth1,HUFL,24,45,xgboost,3.2644779179129735
2018-03-07 11:00:00,etth1,HUFL,24,45,xgboost,2.6921465075263336
2018-03-07 12:00:00,etth1,HUFL,24,45,xgboost,2.4029716776489836
2018-03-07 13:00:00,etth1,HUFL,24,45,xgboost,3.6468300706257515
2018-03-07 14:00:00,etth1,HUFL,24,45,xgboost,3.7472309361029748
2018-03-07 15:00:00,etth1,HUFL,24,45,xgboost,3.476884103753036
2018-03-07 16:00:00,etth1,HUFL,24,45,xgboost,4.441941789808852
2018-03-07 17:00:00,etth1,HUFL,24,45,xgboost,3.571830577749893
2018-03-07 18:00:00,etth1,HUFL,24,45,xgboost,3.1660004483127704
2018-03-07 19:00:00,etth1,HUFL,24,45,xgboost,3.62401759095154
2018-03-07 20:00:00,etth1,HUFL,24,45,xgboost,3.494546242833519
2018-03-07 21:00:00,etth1,HUFL,24,45,xgboost,2.9651015552689124
2018-03-07 22:00:00,etth1,HUFL,24,45,xgboost,3.0881191634737797
2018-03-07 23:00:00,etth1,HUFL,24,45,xgboost,3.256958524120796
2018-03-08 00:00:00,etth1,HUFL,24,45,xgboost,3.7265060837291415
2018-03-08 01:00:00,etth1,HUFL,24,45,xgboost,3.144949955048436
2018-03-08 02:00:00,etth1,HUFL,24,45,xgboost,2.8117374160948585
2018-03-08 03:00:00,etth1,HUFL,24,45,xgboost,3.2438944064842303
2018-03-08 04:00:00,etth1,HUFL,24,45,xgboost,2.7738025820168377
2018-03-08 05:00:00,etth1,HUFL,24,45,xgboost,2.652840367909457
2018-03-08 06:00:00,etth1,HUFL,24,45,xgboost,2.77023311665913
2018-03-08 07:00:00,etth1,HUFL,24,45,xgboost,2.815620233612871
2018-03-08 08:00:00,etth1,HUFL,24,45,xgboost,3.117490131900802
2018-03-08 09:00:00,etth1,HUFL,24,45,xgboost,3.9059365773369734
2018-03-08 10:00:00,etth1,HUFL,24,45,xgboost,3.0184123089314965
2018-03-08 11:00:00,etth1,HUFL,24,45,xgboost,4.073577287846086
2018-03-08 12:00:00,etth1,HUFL,24,45,xgboost,2.7912125654763638
2018-03-08 13:00:00,etth1,HUFL,24,45,xgboost,3.8156614824190034
2018-03-08 14:00:00,etth1,HUFL,24,45,xgboost,4.835637447265657
2018-03-08 15:00:00,etth1,HUFL,24,45,xgboost,4.820619639387102
2018-03-08 16:00:00,etth1,HUFL,24,45,xgboost,4.801683118450126
2018-03-08 17:00:00,etth1,HUFL,24,45,xgboost,4.912368522974892
2018-03-08 18:00:00,etth1,HUFL,24,45,xgboost,4.8724161655341485
2018-03-08 19:00:00,etth1,HUFL,24,45,xgboost,4.34523814966431
2018-03-08 20:00:00,etth1,HUFL,24,45,xgboost,4.088608829768417
2018-03-08 21:00:00,etth1,HUFL,24,45,xgboost,4.2278546673023785
2018-03-08 22:00:00,etth1,HUFL,24,45,xgboost,4.371875925144491
2018-03-08 23:00:00,etth1,HUFL,24,45,xgboost,4.874183020857067
2018-03-09 00:00:00,etth1,HUFL,24,45,xgboost,4.809035706936423
2018-03-09 01:00:00,etth1,HUFL,24,45,xgboost,4.6372827117046045
2018-03-09 02:00:00,etth1,HUFL,24,45,xgboost,4.914556602200249
2018-03-09 03:00:00,etth1,HUFL,24,45,xgboost,4.890220528088445
2018-03-09 04:00:00,etth1,HUFL,24,45,xgboost,4.832856227780028
2018-03-09 05:00:00,etth1,HUFL,24,45,xgboost,4.924697571635227
2018-03-09 06:00:00,etth1,HUFL,24,45,xgboost,4.982086790355141
2018-03-09 07:00:00,etth1,HUFL,24,45,xgboost,4.631147882913423
2018-03-09 08:00:00,etth1,HUFL,24,45,xgboost,5.174695380347526
2018-03-09 09:00:00,etth1,HUFL,24,45,xgboost,4.4100380102755
2018-03-09 10:00:00,etth1,HUFL,24,45,xgboost,3.3292705600919814
2018-03-09 11:00:00,etth1,HUFL,24,45,xgboost,3.658996410746363
2018-03-09 12:00:00,etth1,HUFL,24,45,xgboost,4.012443921605452
2018-03-09 13:00:00,etth1,HUFL,24,45,xgboost,3.818139099637598
2018-03-09 14:00:00,etth1,HUFL,24,45,xgboost,3.6369582090389336
2018-03-09 15:00:00,etth1,HUFL,24,45,xgboost,4.107371765444532
2018-03-09 16:00:00,etth1,HUFL,24,45,xgboost,3.5912033487912107
2018-03-09 17:00:00,etth1,HUFL,24,45,xgboost,2.765598203821946
2018-03-09 18:00:00,etth1,HUFL,24,45,xgboost,3.498837970929507
2018-03-09 19:00:00,etth1,HUFL,24,45,xgboost,3.1788869535288775
2018-03-09 20:00:00,etth1,HUFL,24,45,xgboost,2.9084096427354917
2018-03-09 21:00:00,etth1,HUFL,24,45,xgboost,2.986634383356025
2018-03-09 22:00:00,etth1,HUFL,24,45,xgboost,2.9583688814866407
2018-03-09 23:00:00,etth1,HUFL,24,45,xgboost,2.674814327902883
2018-03-10 00:00:00,etth1,HUFL,24,45,xgboost,2.5516512871671257
2018-03-10 01:00:00,etth1,HUFL,24,45,xgboost,3.1555038313498343
2018-03-10 02:00:00,etth1,HUFL,24,45,xgboost,3.512983524316438
2018-03-10 03:00:00,etth1,HUFL,24,45,xgboost,3.642140436003391
2018-03-10 04:00:00,etth1,HUFL,24,45,xgboost,4.310681736951174
2018-03-10 05:00:00,etth1,HUFL,24,45,xgboost,4.566602156291759
2018-03-10 06:00:00,etth1,HUFL,24,45,xgboost,4.7514390785930605
2018-03-10 07:00:00,etth1,HUFL,24,45,xgboost,4.635294762705031
2018-03-10 08:00:00,etth1,HUFL,24,45,xgboost,5.732646088304222
2018-03-10 09:00:00,etth1,HUFL,24,45,xgboost,4.363271729413118
2018-03-10 10:00:00,etth1,HUFL,24,45,xgboost,3.3190235212005175
2018-03-10 11:00:00,etth1,HUFL,24,45,xgboost,2.8516871883208688
2018-03-10 12:00:00,etth1,HUFL,24,45,xgboost,2.6006706777926
2018-03-10 13:00:00,etth1,HUFL,24,45,xgboost,2.8056217308895284
2018-03-10 14:00:00,etth1,HUFL,24,45,xgboost,2.798225458408717
2018-03-10 15:00:00,etth1,HUFL,24,45,xgboost,2.9951926865410545
2018-03-10 16:00:00,etth1,HUFL,24,45,xgboost,3.434288762376731
2018-03-10 17:00:00,etth1,HUFL,24,45,xgboost,3.248032626569362
2018-03-10 18:00:00,etth1,HUFL,24,45,xgboost,3.0830236174114636
2018-03-10 19:00:00,etth1,HUFL,24,45,xgboost,3.090856994114306
2018-03-10 20:00:00,etth1,HUFL,24,45,xgboost,3.329078218244085
2018-03-10 21:00:00,etth1,HUFL,24,45,xgboost,3.5327858094139373
2018-03-10 22:00:00,etth1,HUFL,24,45,xgboost,3.608427523543096
2018-03-10 23:00:00,etth1,HUFL,24,45,xgboost,3.097327191947746
2018-03-11 00:00:00,etth1,HUFL,24,45,xgboost,2.939501469314944
2018-03-11 01:00:00,etth1,HUFL,24,45,xgboost,2.6779789557732614
2018-03-11 02:00:00,etth1,HUFL,24,45,xgboost,3.16225951514963
2018-03-11 03:00:00,etth1,HUFL,24,45,xgboost,3.4542453907387167
2018-03-11 04:00:00,etth1,HUFL,24,45,xgboost,3.648549679984942
2018-03-11 05:00:00,etth1,HUFL,24,45,xgboost,4.009525236620973
2018-03-11 06:00:00,etth1,HUFL,24,45,xgboost,4.0825688074545985
2018-03-11 07:00:00,etth1,HUFL,24,45,xgboost,3.7857904973287475
2018-03-11 08:00:00,etth1,HUFL,24,45,xgboost,4.72692166387416
2018-03-11 09:00:00,etth1,HUFL,24,45,xgboost,2.8006806524787695
2018-03-11 10:00:00,etth1,HUFL,24,45,xgboost,2.1496455042293348
2018-03-11 11:00:00,etth1,HUFL,24,45,xgboost,2.202035735659272
2018-03-11 12:00:00,etth1,HUFL,24,45,xgboost,2.6934072598067327
2018-03-11 13:00:00,etth1,HUFL,24,45,xgboost,2.3646585012178405
2018-03-11 14:00:00,etth1,HUFL,24,45,xgboost,3.623523434802907
2018-03-11 15:00:00,etth1,HUFL,24,45,xgboost,4.368022580371421
2018-03-11 16:00:00,etth1,HUFL,24,45,xgboost,4.376187119118679
2018-03-11 17:00:00,etth1,HUFL,24,45,xgboost,5.162812369014536
2018-03-11 18:00:00,etth1,HUFL,24,45,xgboost,4.581385003535517
2018-03-11 19:00:00,etth1,HUFL,24,45,xgboost,4.515860118746854
2018-03-11 20:00:00,etth1,HUFL,24,45,xgboost,4.527491264131327
2018-03-11 21:00:00,etth1,HUFL,24,45,xgboost,4.7901659684285525
2018-03-11 22:00:00,etth1,HUFL,24,45,xgboost,4.792090926816662
2018-03-11 23:00:00,etth1,HUFL,24,45,xgboost,4.827045134681098
2018-03-12 00:00:00,etth1,HUFL,24,45,xgboost,5.03074959096361
2018-03-12 01:00:00,etth1,HUFL,24,45,xgboost,4.990825958997589
2018-03-12 02:00:00,etth1,HUFL,24,45,xgboost,4.762116849413238
2018-03-12 03:00:00,etth1,HUFL,24,45,xgboost,4.936833608904959
2018-03-12 04:00:00,etth1,HUFL,24,45,xgboost,5.453531078784541
2018-03-12 05:00:00,etth1,HUFL,24,45,xgboost,5.152316062441393
2018-03-12 06:00:00,etth1,HUFL,24,45,xgboost,5.333687865670495
2018-03-12 07:00:00,etth1,HUFL,24,45,xgboost,4.995120912382711
2018-03-12 08:00:00,etth1,HUFL,24,45,xgboost,5.877662560905787
2018-03-12 09:00:00,etth1,HUFL,24,45,xgboost,4.340060610774994
2018-03-12 10:00:00,etth1,HUFL,24,45,xgboost,3.256601506372334
2018-03-12 11:00:00,etth1,HUFL,24,45,xgboost,2.91660446392448
2018-03-12 12:00:00,etth1,HUFL,24,45,xgboost,3.4183491989222836
2018-03-12 13:00:00,etth1,HUFL,24,45,xgboost,3.772996570537952
2018-03-12 14:00:00,etth1,HUFL,24,45,xgboost,4.3886056059629075
2018-03-12 15:00:00,etth1,HUFL,24,45,xgboost,4.980980697965443
2018-03-12 16:00:00,etth1,HUFL,24,45,xgboost,4.478570920622713
2018-03-12 17:00:00,etth1,HUFL,24,45,xgboost,4.428275796746241
2018-03-12 18:00:00,etth1,HUFL,24,45,xgboost,4.690665250691828
2018-03-12 19:00:00,etth1,HUFL,24,45,xgboost,4.3952327159269275
2018-03-12 20:00:00,etth1,HUFL,24,45,xgboost,4.175372416590888
2018-03-12 21:00:00,etth1,HUFL,24,45,xgboost,4.149773885587045
2018-03-12 22:00:00,etth1,HUFL,24,45,xgboost,4.399353346491945
2018-03-12 23:00:00,etth1,HUFL,24,45,xgboost,3.192028208747131
2018-03-13 00:00:00,etth1,HUFL,24,45,xgboost,2.7547548039387806
2018-03-13 01:00:00,etth1,HUFL,24,45,xgboost,3.4327208010276813
2018-03-13 02:00:00,etth1,HUFL,24,45,xgboost,3.647707155606131
2018-03-13 03:00:00,etth1,HUFL,24,45,xgboost,4.582906592923322
2018-03-13 04:00:00,etth1,HUFL,24,45,xgboost,4.7251284107554845
2018-03-13 05:00:00,etth1,HUFL,24,45,xgboost,5.278487849764597
2018-03-13 06:00:00,etth1,HUFL,24,45,xgboost,4.467536384309809
2018-03-13 07:00:00,etth1,HUFL,24,45,xgboost,4.74310741918531
2018-03-13 08:00:00,etth1,HUFL,24,45,xgboost,6.0776356701684024
2018-03-13 09:00:00,etth1,HUFL,24,45,xgboost,3.673974165511096
2018-03-13 10:00:00,etth1,HUFL,24,45,xgboost,3.2456786098569617
2018-03-13 11:00:00,etth1,HUFL,24,45,xgboost,3.482056615585672
2018-03-13 12:00:00,etth1,HUFL,24,45,xgboost,3.9311251502766154
2018-03-13 13:00:00,etth1,HUFL,24,45,xgboost,3.8394050837187095
2018-03-13 14:00:00,etth1,HUFL,24,45,xgboost,3.821489598284245
2018-03-13 15:00:00,etth1,HUFL,24,45,xgboost,3.803250270907707
2018-03-13 16:00:00,etth1,HUFL,24,45,xgboost,3.8058983655985146
2018-03-13 17:00:00,etth1,HUFL,24,45,xgboost,2.532608028674271
2018-03-13 18:00:00,etth1,HUFL,24,45,xgboost,2.1904981839583058
2018-03-13 19:00:00,etth1,HUFL,24,45,xgboost,2.177766642136015
2018-03-13 20:00:00,etth1,HUFL,24,45,xgboost,2.012650487108138
2018-03-13 21:00:00,etth1,HUFL,24,45,xgboost,2.120479727748354
2018-03-13 22:00:00,etth1,HUFL,24,45,xgboost,2.0005011882050705
2018-03-13 23:00:00,etth1,HUFL,24,45,xgboost,2.3135651241794677
2018-03-14 00:00:00,etth1,HUFL,24,45,xgboost,2.269088550025153
2018-03-14 01:00:00,etth1,HUFL,24,45,xgboost,2.2071870753468246
2018-03-14 02:00:00,etth1,HUFL,24,45,xgboost,2.0272524157964824
2018-03-14 03:00:00,etth1,HUFL,24,45,xgboost,1.921264714871912
2018-03-14 04:00:00,etth1,HUFL,24,45,xgboost,1.8688071753999846
2018-03-14 05:00:00,etth1,HUFL,24,45,xgboost,2.1853640129058682
2018-03-14 06:00:00,etth1,HUFL,24,45,xgboost,2.6227241988793595
2018-03-14 07:00:00,etth1,HUFL,24,45,xgboost,2.7123665577620337
2018-03-14 08:00:00,etth1,HUFL,24,45,xgboost,2.4108415239264573
2018-03-14 09:00:00,etth1,HUFL,24,45,xgboost,2.249739693522663
2018-03-14 10:00:00,etth1,HUFL,24,45,xgboost,3.0328456986040764
2018-03-14 11:00:00,etth1,HUFL,24,45,xgboost,2.393797193816867
2018-03-14 12:00:00,etth1,HUFL,24,45,xgboost,2.8634253582383913
2018-03-14 13:00:00,etth1,HUFL,24,45,xgboost,3.3370842380029053
2018-03-14 14:00:00,etth1,HUFL,24,45,xgboost,3.5005522090080228
2018-03-14 15:00:00,etth1,HUFL,24,45,xgboost,3.5766163475074513
2018-03-14 16:00:00,etth1,HUFL,24,45,xgboost,4.120760167335233
2018-03-14 17:00:00,etth1,HUFL,24,45,xgboost,4.209997828339748
2018-03-14 18:00:00,etth1,HUFL,24,45,xgboost,4.863117275579719
2018-03-14 19:00:00,etth1,HUFL,24,45,xgboost,4.708691395077833
2018-03-14 20:00:00,etth1,HUFL,24,45,xgboost,4.549271276933542
2018-03-14 21:00:00,etth1,HUFL,24,45,xgboost,4.766974201518912
2018-03-14 22:00:00,etth1,HUFL,24,45,xgboost,4.271196746394596
2018-03-14 23:00:00,etth1,HUFL,24,45,xgboost,4.150612328386128
2018-03-15 00:00:00,etth1,HUFL,24,45,xgboost,4.496417755568797
2018-03-15 01:00:00,etth1,HUFL,24,45,xgboost,3.949040779576549
2018-03-15 02:00:00,etth1,HUFL,24,45,xgboost,3.197012458607159
2018-03-15 03:00:00,etth1,HUFL,24,45,xgboost,3.0584715001651666
2018-03-15 04:00:00,etth1,HUFL,24,45,xgboost,3.1522459125819506
2018-03-15 05:00:00,etth1,HUFL,24,45,xgboost,3.2957762326484414
2018-03-15 06:00:00,etth1,HUFL,24,45,xgboost,4.070919327380778
2018-03-15 07:00:00,etth1,HUFL,24,45,xgboost,3.702771065812962
2018-03-15 08:00:00,etth1,HUFL,24,45,xgboost,4.113128899906321
2018-03-15 09:00:00,etth1,HUFL,24,45,xgboost,4.186130185279171
2018-03-15 10:00:00,etth1,HUFL,24,45,xgboost,2.949887740162055
2018-03-15 11:00:00,etth1,HUFL,24,45,xgboost,2.4246603157417224
2018-03-15 12:00:00,etth1,HUFL,24,45,xgboost,2.5441200259318166
2018-03-15 13:00:00,etth1,HUFL,24,45,xgboost,3.32040337681261
2018-03-15 14:00:00,etth1,HUFL,24,45,xgboost,2.88349977674385
2018-03-15 15:00:00,etth1,HUFL,24,45,xgboost,2.7665773852721376
2018-03-15 16:00:00,etth1,HUFL,24,45,xgboost,3.442269812333027
2018-03-15 17:00:00,etth1,HUFL,24,45,xgboost,3.1937461151679543
2018-03-15 18:00:00,etth1,HUFL,24,45,xgboost,3.1218628106716118
2018-03-15 19:00:00,etth1,HUFL,24,45,xgboost,3.040937361704632
2018-03-15 20:00:00,etth1,HUFL,24,45,xgboost,3.191141775104144
2018-03-15 21:00:00,etth1,HUFL,24,45,xgboost,2.8595885392334424
2018-03-15 22:00:00,etth1,HUFL,24,45,xgboost,3.115592013787523
2018-03-15 23:00:00,etth1,HUFL,24,45,xgboost,2.8743387704914993
2018-03-16 00:00:00,etth1,HUFL,24,45,xgboost,3.0566867567763913
2018-03-16 01:00:00,etth1,HUFL,24,45,xgboost,3.2256308606173594
2018-03-16 02:00:00,etth1,HUFL,24,45,xgboost,3.757136939354742
2018-03-16 03:00:00,etth1,HUFL,24,45,xgboost,3.696857004960748
2018-03-16 04:00:00,etth1,HUFL,24,45,xgboost,3.067743356574956
2018-03-16 05:00:00,etth1,HUFL,24,45,xgboost,3.02503287580883
2018-03-16 06:00:00,etth1,HUFL,24,45,xgboost,3.171282746138329
2018-03-16 07:00:00,etth1,HUFL,24,45,xgboost,2.3069616482304336
2018-03-16 08:00:00,etth1,HUFL,24,45,xgboost,1.8394573816205384
2018-03-16 09:00:00,etth1,HUFL,24,45,xgboost,1.32164771387175
2018-03-16 10:00:00,etth1,HUFL,24,45,xgboost,1.4987572450272963
2018-03-16 11:00:00,etth1,HUFL,24,45,xgboost,2.4316437328035088
2018-03-16 12:00:00,etth1,HUFL,24,45,xgboost,2.9377140951405267
2018-03-16 13:00:00,etth1,HUFL,24,45,xgboost,2.8843521843027893
2018-03-16 14:00:00,etth1,HUFL,24,45,xgboost,2.931742139375881
2018-03-16 15:00:00,etth1,HUFL,24,45,xgboost,3.4631100824413874
2018-03-16 16:00:00,etth1,HUFL,24,45,xgboost,3.1962100032883427
2018-03-16 17:00:00,etth1,HUFL,24,45,xgboost,3.087775826124067
2018-03-16 18:00:00,etth1,HUFL,24,45,xgboost,3.0091066446001
2018-03-16 19:00:00,etth1,HUFL,24,45,xgboost,3.110767099342636
2018-03-16 20:00:00,etth1,HUFL,24,45,xgboost,3.622246615519375
2018-03-16 21:00:00,etth1,HUFL,24,45,xgboost,3.1603984475795692
2018-03-16 22:00:00,etth1,HUFL,24,45,xgboost,3.0560041835467615
2018-03-16 23:00:00,etth1,HUFL,24,45,xgboost,2.71271394849609
2018-03-17 00:00:00,etth1,HUFL,24,45,xgboost,2.8604656771508736
2018-03-17 01:00:00,etth1,HUFL,24,45,xgboost,2.7686183814664447
2018-03-17 02:00:00,etth1,HUFL,24,45,xgboost,2.7454806668367424
2018-03-17 03:00:00,etth1,HUFL,24,45,xgboost,3.0969482661132486
2018-03-17 04:00:00,etth1,HUFL,24,45,xgboost,2.416359611135705
2018-03-17 05:00:00,etth1,HUFL,24,45,xgboost,2.7202534246305254
2018-03-17 06:00:00,etth1,HUFL,24,45,xgboost,3.2067827021580015
2018-03-17 07:00:00,etth1,HUFL,24,45,xgboost,3.062199318031741
2018-03-17 08:00:00,etth1,HUFL,24,45,xgboost,3.127771744773506
2018-03-17 09:00:00,etth1,HUFL,24,45,xgboost,1.9208174043548667
2018-03-17 10:00:00,etth1,HUFL,24,45,xgboost,2.5279521163862904
2018-03-17 11:00:00,etth1,HUFL,24,45,xgboost,2.6681511489775684
2018-03-17 12:00:00,etth1,HUFL,24,45,xgboost,1.5392402756161434
2018-03-17 13:00:00,etth1,HUFL,24,45,xgboost,1.625807895997679
2018-03-17 14:00:00,etth1,HUFL,24,45,xgboost,1.48361469860542
2018-03-17 15:00:00,etth1,HUFL,24,45,xgboost,1.975883738033943
2018-03-17 16:00:00,etth1,HUFL,24,45,xgboost,2.440466258395984
2018-03-17 17:00:00,etth1,HUFL,24,45,xgboost,2.7787556228996357
2018-03-17 18:00:00,etth1,HUFL,24,45,xgboost,2.4945253459140564
2018-03-17 19:00:00,etth1,HUFL,24,45,xgboost,2.8796164637715793
2018-03-17 20:00:00,etth1,HUFL,24,45,xgboost,2.960149059707497
2018-03-17 21:00:00,etth1,HUFL,24,45,xgboost,2.871130584078429
2018-03-17 22:00:00,etth1,HUFL,24,45,xgboost,3.094668900109834
2018-03-17 23:00:00,etth1,HUFL,24,45,xgboost,2.4441714881361043
2018-03-18 00:00:00,etth1,HUFL,24,45,xgboost,1.8239978116936573
2018-03-18 01:00:00,etth1,HUFL,24,45,xgboost,2.1586154772934454
2018-03-18 02:00:00,etth1,HUFL,24,45,xgboost,2.5018382989656756
2018-03-18 03:00:00,etth1,HUFL,24,45,xgboost,2.1218567804729895
2018-03-18 04:00:00,etth1,HUFL,24,45,xgboost,2.3609994141748243
2018-03-18 05:00:00,etth1,HUFL,24,45,xgboost,2.657627451899386
2018-03-18 06:00:00,etth1,HUFL,24,45,xgboost,2.78003554083894
2018-03-18 07:00:00,etth1,HUFL,24,45,xgboost,2.4618391463629306
2018-03-18 08:00:00,etth1,HUFL,24,45,xgboost,2.706506854262635
2018-03-18 09:00:00,etth1,HUFL,24,45,xgboost,1.6856781731344928
2018-03-18 10:00:00,etth1,HUFL,24,45,xgboost,1.4269137146172943
2018-03-18 11:00:00,etth1,HUFL,24,45,xgboost,1.8869090201852936
2018-03-18 12:00:00,etth1,HUFL,24,45,xgboost,1.4004875512711505
2018-03-18 13:00:00,etth1,HUFL,24,45,xgboost,1.3940238516052081
2018-03-18 14:00:00,etth1,HUFL,24,45,xgboost,2.004717894652071
2018-03-18 15:00:00,etth1,HUFL,24,45,xgboost,3.045650005781887
2018-03-18 16:00:00,etth1,HUFL,24,45,xgboost,2.7640309004005226
2018-03-18 17:00:00,etth1,HUFL,24,45,xgboost,2.964597495663318
2018-03-18 18:00:00,etth1,HUFL,24,45,xgboost,3.5429590289712345
2018-03-18 19:00:00,etth1,HUFL,24,45,xgboost,3.5648649127929226
2018-03-18 20:00:00,etth1,HUFL,24,45,xgboost,3.5719397046274985
2018-03-18 21:00:00,etth1,HUFL,24,45,xgboost,3.7629319252737297
2018-03-18 22:00:00,etth1,HUFL,24,45,xgboost,3.742452852577839
2018-03-18 23:00:00,etth1,HUFL,24,45,xgboost,3.248356475492676
2018-03-19 00:00:00,etth1,HUFL,24,45,xgboost,3.00849791025583
2018-03-19 01:00:00,etth1,HUFL,24,45,xgboost,3.164193769041613
2018-03-19 02:00:00,etth1,HUFL,24,45,xgboost,3.0830552655402212
2018-03-19 03:00:00,etth1,HUFL,24,45,xgboost,3.3685556470466724
2018-03-19 04:00:00,etth1,HUFL,24,45,xgboost,3.4551078519560394
2018-03-19 05:00:00,etth1,HUFL,24,45,xgboost,3.604588444467135
2018-03-19 06:00:00,etth1,HUFL,24,45,xgboost,3.5698238316344386
2018-03-19 07:00:00,etth1,HUFL,24,45,xgboost,3.31139822555061
2018-03-19 08:00:00,etth1,HUFL,24,45,xgboost,3.4252032405987776
2018-03-19 09:00:00,etth1,HUFL,24,45,xgboost,3.2933012406570383
2018-03-19 10:00:00,etth1,HUFL,24,45,xgboost,2.7661838654602615
2018-03-19 11:00:00,etth1,HUFL,24,45,xgboost,2.8147334712051415
2018-03-19 12:00:00,etth1,HUFL,24,45,xgboost,3.2937648783925595
2018-03-19 13:00:00,etth1,HUFL,24,45,xgboost,3.4910356034324574
2018-03-19 14:00:00,etth1,HUFL,24,45,xgboost,3.70799438185535
2018-03-19 15:00:00,etth1,HUFL,24,45,xgboost,4.28703391771435
2018-03-19 16:00:00,etth1,HUFL,24,45,xgboost,4.592853039040275
2018-03-19 17:00:00,etth1,HUFL,24,45,xgboost,4.5100978008580315
2018-03-19 18:00:00,etth1,HUFL,24,45,xgboost,5.032627612531195
2018-03-19 19:00:00,etth1,HUFL,24,45,xgboost,4.9017438078363496
2018-03-19 20:00:00,etth1,HUFL,24,45,xgboost,4.984768420470058
2018-03-19 21:00:00,etth1,HUFL,24,45,xgboost,5.349655947508193
2018-03-19 22:00:00,etth1,HUFL,24,45,xgboost,5.34089697376469
2018-03-19 23:00:00,etth1,HUFL,24,45,xgboost,4.523459946993346
2018-03-20 00:00:00,etth1,HUFL,24,45,xgboost,4.6118616138280855
2018-03-20 01:00:00,etth1,HUFL,24,45,xgboost,3.7060884866143433
2018-03-20 02:00:00,etth1,HUFL,24,45,xgboost,3.6589182330714287
2018-03-20 03:00:00,etth1,HUFL,24,45,xgboost,3.4226502107931402
2018-03-20 04:00:00,etth1,HUFL,24,45,xgboost,4.056211694858552
2018-03-20 05:00:00,etth1,HUFL,24,45,xgboost,4.068413253412875
2018-03-20 06:00:00,etth1,HUFL,24,45,xgboost,3.5549977251270093
2018-03-20 07:00:00,etth1,HUFL,24,45,xgboost,3.7417846080734827
2018-03-20 08:00:00,etth1,HUFL,24,45,xgboost,3.3917019116987124
2018-03-20 09:00:00,etth1,HUFL,24,45,xgboost,2.6280518592605784
2018-03-20 10:00:00,etth1,HUFL,24,45,xgboost,2.845977497670385
2018-03-20 11:00:00,etth1,HUFL,24,45,xgboost,2.621544520810387
2018-03-20 12:00:00,etth1,HUFL,24,45,xgboost,2.4240609051148154
2018-03-20 13:00:00,etth1,HUFL,24,45,xgboost,2.27246027919147
2018-03-20 14:00:00,etth1,HUFL,24,45,xgboost,2.8733176016744753
2018-03-20 15:00:00,etth1,HUFL,24,45,xgboost,3.14885249656658
2018-03-20 16:00:00,etth1,HUFL,24,45,xgboost,3.54232160776337
2018-03-20 17:00:00,etth1,HUFL,24,45,xgboost,3.4920338993833195
2018-03-20 18:00:00,etth1,HUFL,24,45,xgboost,3.6584996945187114
2018-03-20 19:00:00,etth1,HUFL,24,45,xgboost,3.7498489040933536
2018-03-20 20:00:00,etth1,HUFL,24,45,xgboost,3.310844621485304
2018-03-20 21:00:00,etth1,HUFL,24,45,xgboost,3.2862547165572873
2018-03-20 22:00:00,etth1,HUFL,24,45,xgboost,3.140547481251474
2018-03-20 23:00:00,etth1,HUFL,24,45,xgboost,3.0256715326303905
2018-03-21 00:00:00,etth1,HUFL,24,45,xgboost,2.9293350594633174
2018-03-21 01:00:00,etth1,HUFL,24,45,xgboost,2.9852734180765097
2018-03-21 02:00:00,etth1,HUFL,24,45,xgboost,3.5385265326352573
2018-03-21 03:00:00,etth1,HUFL,24,45,xgboost,3.580464594263436
2018-03-21 04:00:00,etth1,HUFL,24,45,xgboost,3.6132168753720904
2018-03-21 05:00:00,etth1,HUFL,24,45,xgboost,3.655564302588722
2018-03-21 06:00:00,etth1,HUFL,24,45,xgboost,3.6246465637454395
2018-03-21 07:00:00,etth1,HUFL,24,45,xgboost,4.105475245572616
2018-03-21 08:00:00,etth1,HUFL,24,45,xgboost,4.31534543092771
2018-03-21 09:00:00,etth1,HUFL,24,45,xgboost,3.7385248024442426
2018-03-21 10:00:00,etth1,HUFL,24,45,xgboost,3.141993047088721
2018-03-21 11:00:00,etth1,HUFL,24,45,xgboost,2.63344483206985
2018-03-21 12:00:00,etth1,HUFL,24,45,xgboost,4.044794349692224
2018-03-21 13:00:00,etth1,HUFL,24,45,xgboost,4.097982317103423
2018-03-21 14:00:00,etth1,HUFL,24,45,xgboost,2.963669622980701
2018-03-21 15:00:00,etth1,HUFL,24,45,xgboost,3.6390660266837007
2018-03-21 16:00:00,etth1,HUFL,24,45,xgboost,3.0238080629155593
2018-03-21 17:00:00,etth1,HUFL,24,45,xgboost,3.672929380491345
2018-03-21 18:00:00,etth1,HUFL,24,45,xgboost,3.55626918829811
2018-03-21 19:00:00,etth1,HUFL,24,45,xgboost,3.0425781128849834
2018-03-21 20:00:00,etth1,HUFL,24,45,xgboost,2.9740448440956015
2018-03-21 21:00:00,etth1,HUFL,24,45,xgboost,3.0118953237232833
2018-03-21 22:00:00,etth1,HUFL,24,45,xgboost,3.182011859962667
2018-03-21 23:00:00,etth1,HUFL,24,45,xgboost,2.826633179343721
2018-03-22 00:00:00,etth1,HUFL,24,45,xgboost,3.1233025635337093
2018-03-22 01:00:00,etth1,HUFL,24,45,xgboost,3.5291179652223654
2018-03-22 02:00:00,etth1,HUFL,24,45,xgboost,3.6500914904629393
2018-03-22 03:00:00,etth1,HUFL,24,45,xgboost,3.9908744703101093
2018-03-22 04:00:00,etth1,HUFL,24,45,xgboost,4.123549758895461
2018-03-22 05:00:00,etth1,HUFL,24,45,xgboost,3.7735548236272933
2018-03-22 06:00:00,etth1,HUFL,24,45,xgboost,4.0286802369044965
2018-03-22 07:00:00,etth1,HUFL,24,45,xgboost,4.475680861169981
2018-03-22 08:00:00,etth1,HUFL,24,45,xgboost,4.571196413718725
2018-03-22 09:00:00,etth1,HUFL,24,45,xgboost,3.4196374722862295
2018-03-22 10:00:00,etth1,HUFL,24,45,xgboost,3.669205084648601
2018-03-22 11:00:00,etth1,HUFL,24,45,xgboost,3.822387420851472
2018-03-22 12:00:00,etth1,HUFL,24,45,xgboost,4.293610978355314
2018-03-22 13:00:00,etth1,HUFL,24,45,xgboost,4.807145150694219
2018-03-22 14:00:00,etth1,HUFL,24,45,xgboost,4.986549294596458
2018-03-22 15:00:00,etth1,HUFL,24,45,xgboost,5.701415813551622
2018-03-22 16:00:00,etth1,HUFL,24,45,xgboost,5.9821326277357985
2018-03-22 17:00:00,etth1,HUFL,24,45,xgboost,6.475932957152245
2018-03-22 18:00:00,etth1,HUFL,24,45,xgboost,6.462754909396513
2018-03-22 19:00:00,etth1,HUFL,24,45,xgboost,6.105900565389345
2018-03-22 20:00:00,etth1,HUFL,24,45,xgboost,6.128888867105303
2018-03-22 21:00:00,etth1,HUFL,24,45,xgboost,6.2791359646892415
2018-03-22 22:00:00,etth1,HUFL,24,45,xgboost,5.33397205268606
2018-03-22 23:00:00,etth1,HUFL,24,45,xgboost,5.256167373082259
2018-03-23 00:00:00,etth1,HUFL,24,45,xgboost,4.738686470641148
2018-03-23 01:00:00,etth1,HUFL,24,45,xgboost,4.543650516852389
2018-03-23 02:00:00,etth1,HUFL,24,45,xgboost,4.6478261805150005
2018-03-23 03:00:00,etth1,HUFL,24,45,xgboost,5.078617521346309
2018-03-23 04:00:00,etth1,HUFL,24,45,xgboost,5.312110401864561
2018-03-23 05:00:00,etth1,HUFL,24,45,xgboost,4.758341905579063
2018-03-23 06:00:00,etth1,HUFL,24,45,xgboost,4.449315055437871
2018-03-23 07:00:00,etth1,HUFL,24,45,xgboost,4.977590820172857
2018-03-23 08:00:00,etth1,HUFL,24,45,xgboost,5.760800218939857
2018-03-23 09:00:00,etth1,HUFL,24,45,xgboost,4.804920716055699
2018-03-23 10:00:00,etth1,HUFL,24,45,xgboost,4.152266017259222
2018-03-23 11:00:00,etth1,HUFL,24,45,xgboost,3.245365308198785
2018-03-23 12:00:00,etth1,HUFL,24,45,xgboost,3.745471453247942
2018-03-23 13:00:00,etth1,HUFL,24,45,xgboost,3.981409192862086
2018-03-23 14:00:00,etth1,HUFL,24,45,xgboost,3.570168107414867
2018-03-23 15:00:00,etth1,HUFL,24,45,xgboost,4.06077379539468
2018-03-23 16:00:00,etth1,HUFL,24,45,xgboost,3.4225037392140387
2018-03-23 17:00:00,etth1,HUFL,24,45,xgboost,3.2979203738396046
2018-03-23 18:00:00,etth1,HUFL,24,45,xgboost,3.193872842164025
2018-03-23 19:00:00,etth1,HUFL,24,45,xgboost,3.6449604786548306
2018-03-23 20:00:00,etth1,HUFL,24,45,xgboost,3.5266423116316523
2018-03-23 21:00:00,etth1,HUFL,24,45,xgboost,3.4101461259387538
2018-03-23 22:00:00,etth1,HUFL,24,45,xgboost,3.219530079378583
2018-03-23 23:00:00,etth1,HUFL,24,45,xgboost,3.772942588219745
2018-03-24 00:00:00,etth1,HUFL,24,45,xgboost,3.373929786864579
2018-03-24 01:00:00,etth1,HUFL,24,45,xgboost,3.421661165424036
2018-03-24 02:00:00,etth1,HUFL,24,45,xgboost,3.0564691654287324
2018-03-24 03:00:00,etth1,HUFL,24,45,xgboost,2.564860717824694
2018-03-24 04:00:00,etth1,HUFL,24,45,xgboost,3.062904066788459
2018-03-24 05:00:00,etth1,HUFL,24,45,xgboost,2.5967644495186417
2018-03-24 06:00:00,etth1,HUFL,24,45,xgboost,3.0730334712468594
2018-03-24 07:00:00,etth1,HUFL,24,45,xgboost,2.6810262299742376
2018-03-24 08:00:00,etth1,HUFL,24,45,xgboost,3.0454102490709505
2018-03-24 09:00:00,etth1,HUFL,24,45,xgboost,3.6085097407487887
2018-03-24 10:00:00,etth1,HUFL,24,45,xgboost,3.9066943630664164
2018-03-24 11:00:00,etth1,HUFL,24,45,xgboost,3.125668851186149
2018-03-24 12:00:00,etth1,HUFL,24,45,xgboost,2.3443458672345368
2018-03-24 13:00:00,etth1,HUFL,24,45,xgboost,2.536388659867557
2018-03-24 14:00:00,etth1,HUFL,24,45,xgboost,1.8258169915864098
2018-03-24 15:00:00,etth1,HUFL,24,45,xgboost,1.7869795484868825
2018-03-24 16:00:00,etth1,HUFL,24,45,xgboost,3.333562860026742
2018-03-24 17:00:00,etth1,HUFL,24,45,xgboost,2.6044105356507803
2018-03-24 18:00:00,etth1,HUFL,24,45,xgboost,2.3478288876588924
2018-03-24 19:00:00,etth1,HUFL,24,45,xgboost,2.9246032002030717
2018-03-24 20:00:00,etth1,HUFL,24,45,xgboost,2.5358286957807135
2018-03-24 21:00:00,etth1,HUFL,24,45,xgboost,2.6056498062597666
2018-03-24 22:00:00,etth1,HUFL,24,45,xgboost,2.4904750101919735
2018-03-24 23:00:00,etth1,HUFL,24,45,xgboost,2.706782769053788
2018-03-25 00:00:00,etth1,HUFL,24,45,xgboost,2.718073932677887
2018-03-25 01:00:00,etth1,HUFL,24,45,xgboost,2.5227693890591656
2018-03-25 02:00:00,etth1,HUFL,24,45,xgboost,3.0333169720701068
2018-03-25 03:00:00,etth1,HUFL,24,45,xgboost,2.795808579151272
2018-03-25 04:00:00,etth1,HUFL,24,45,xgboost,2.7415160609375206
2018-03-25 05:00:00,etth1,HUFL,24,45,xgboost,3.2153084954794817
2018-03-25 06:00:00,etth1,HUFL,24,45,xgboost,3.4876191305819098
2018-03-25 07:00:00,etth1,HUFL,24,45,xgboost,3.676655119287124
2018-03-25 08:00:00,etth1,HUFL,24,45,xgboost,3.3443039363619325
2018-03-25 09:00:00,etth1,HUFL,24,45,xgboost,2.4321659911886115
2018-03-25 10:00:00,etth1,HUFL,24,45,xgboost,2.546222632015675
2018-03-25 11:00:00,etth1,HUFL,24,45,xgboost,3.161066793417922
2018-03-25 12:00:00,etth1,HUFL,24,45,xgboost,3.1153314457906496
2018-03-25 13:00:00,etth1,HUFL,24,45,xgboost,4.296957965282808
2018-03-25 14:00:00,etth1,HUFL,24,45,xgboost,4.333424252629426
2018-03-25 15:00:00,etth1,HUFL,24,45,xgboost,4.720025875767193
2018-03-25 16:00:00,etth1,HUFL,24,45,xgboost,4.64528184797365
2018-03-25 17:00:00,etth1,HUFL,24,45,xgboost,5.434182455260365
2018-03-25 18:00:00,etth1,HUFL,24,45,xgboost,4.8190322284099265
2018-03-25 19:00:00,etth1,HUFL,24,45,xgboost,5.124035883869561
2018-03-25 20:00:00,etth1,HUFL,24,45,xgboost,4.809478014392616
2018-03-25 21:00:00,etth1,HUFL,24,45,xgboost,5.210664086436888
2018-03-25 22:00:00,etth1,HUFL,24,45,xgboost,4.99159768824915
2018-03-25 23:00:00,etth1,HUFL,24,45,xgboost,4.862088294367088
2018-03-26 00:00:00,etth1,HUFL,24,45,xgboost,4.5476409006818725
2018-03-26 01:00:00,etth1,HUFL,24,45,xgboost,4.9141485188346925
2018-03-26 02:00:00,etth1,HUFL,24,45,xgboost,4.508383693604987
2018-03-26 03:00:00,etth1,HUFL,24,45,xgboost,4.500648671675493
2018-03-26 04:00:00,etth1,HUFL,24,45,xgboost,5.323554311574441
2018-03-26 05:00:00,etth1,HUFL,24,45,xgboost,5.530175777050427
2018-03-26 06:00:00,etth1,HUFL,24,45,xgboost,4.933918638310876
2018-03-26 07:00:00,etth1,HUFL,24,45,xgboost,5.84358612193575
2018-03-26 08:00:00,etth1,HUFL,24,45,xgboost,5.34630035045091
2018-03-26 09:00:00,etth1,HUFL,24,45,xgboost,4.269254627479668
2018-03-26 10:00:00,etth1,HUFL,24,45,xgboost,3.493260857311616
2018-03-26 11:00:00,etth1,HUFL,24,45,xgboost,3.041283971510243
2018-03-26 12:00:00,etth1,HUFL,24,45,xgboost,3.6857181737065043
2018-03-26 13:00:00,etth1,HUFL,24,45,xgboost,4.287585312234106
2018-03-26 14:00:00,etth1,HUFL,24,45,xgboost,4.733690434413482
2018-03-26 15:00:00,etth1,HUFL,24,45,xgboost,4.911080340455667
2018-03-26 16:00:00,etth1,HUFL,24,45,xgboost,4.772302669857187
2018-03-26 17:00:00,etth1,HUFL,24,45,xgboost,5.0966084695220495
2018-03-26 18:00:00,etth1,HUFL,24,45,xgboost,5.172117212889524
2018-03-26 19:00:00,etth1,HUFL,24,45,xgboost,5.272827138649226
2018-03-26 20:00:00,etth1,HUFL,24,45,xgboost,5.169679723276999
2018-03-26 21:00:00,etth1,HUFL,24,45,xgboost,5.374633330981285
2018-03-26 22:00:00,etth1,HUFL,24,45,xgboost,5.536866239363384
2018-03-26 23:00:00,etth1,HUFL,24,45,xgboost,5.080071419571827
2018-03-27 00:00:00,etth1,HUFL,24,45,xgboost,5.91222905883595
2018-03-27 01:00:00,etth1,HUFL,24,45,xgboost,5.213399275451126
2018-03-27 02:00:00,etth1,HUFL,24,45,xgboost,4.817664956160119
2018-03-27 03:00:00,etth1,HUFL,24,45,xgboost,5.485091794993823
2018-03-27 04:00:00,etth1,HUFL,24,45,xgboost,4.665112340306448
2018-03-27 05:00:00,etth1,HUFL,24,45,xgboost,4.404866627216428
2018-03-27 06:00:00,etth1,HUFL,24,45,xgboost,5.129231838587324
2018-03-27 07:00:00,etth1,HUFL,24,45,xgboost,4.813617543854552
2018-03-27 08:00:00,etth1,HUFL,24,45,xgboost,5.435166791403913
2018-03-27 09:00:00,etth1,HUFL,24,45,xgboost,3.7864528993383764
2018-03-27 10:00:00,etth1,HUFL,24,45,xgboost,2.8796784046575605
2018-03-27 11:00:00,etth1,HUFL,24,45,xgboost,2.8459440335801225
2018-03-27 12:00:00,etth1,HUFL,24,45,xgboost,2.7829260200902
2018-03-27 13:00:00,etth1,HUFL,24,45,xgboost,2.6351327487000282
2018-03-27 14:00:00,etth1,HUFL,24,45,xgboost,2.682592549439535
2018-03-27 15:00:00,etth1,HUFL,24,45,xgboost,2.5741818994932673
2018-03-27 16:00:00,etth1,HUFL,24,45,xgboost,3.1822647663170014
2018-03-27 17:00:00,etth1,HUFL,24,45,xgboost,3.313059095209612
2018-03-27 18:00:00,etth1,HUFL,24,45,xgboost,3.356257059071566
2018-03-27 19:00:00,etth1,HUFL,24,45,xgboost,3.5759023053399726
2018-03-27 20:00:00,etth1,HUFL,24,45,xgboost,3.37391275479831
2018-03-27 21:00:00,etth1,HUFL,24,45,xgboost,3.4771116025850417
2018-03-27 22:00:00,etth1,HUFL,24,45,xgboost,3.1974018449567354
2018-03-27 23:00:00,etth1,HUFL,24,45,xgboost,3.3501082297712004
2018-03-28 00:00:00,etth1,HUFL,24,45,xgboost,3.0734368955199116
2018-03-28 01:00:00,etth1,HUFL,24,45,xgboost,2.7080563501994965
2018-03-28 02:00:00,etth1,HUFL,24,45,xgboost,2.9169061658941353
2018-03-28 03:00:00,etth1,HUFL,24,45,xgboost,3.1219622219012577
2018-03-28 04:00:00,etth1,HUFL,24,45,xgboost,3.6883883236087267
2018-03-28 05:00:00,etth1,HUFL,24,45,xgboost,3.812567294763412
2018-03-28 06:00:00,etth1,HUFL,24,45,xgboost,2.865311802195849
2018-03-28 07:00:00,etth1,HUFL,24,45,xgboost,3.3523403189429133
2018-03-28 08:00:00,etth1,HUFL,24,45,xgboost,4.817363246740952
2018-03-28 09:00:00,etth1,HUFL,24,45,xgboost,3.0597419448034677
2018-03-28 10:00:00,etth1,HUFL,24,45,xgboost,3.011745489494942
2018-03-28 11:00:00,etth1,HUFL,24,45,xgboost,2.4246910657200176
2018-03-28 12:00:00,etth1,HUFL,24,45,xgboost,2.6873303709554683
2018-03-28 13:00:00,etth1,HUFL,24,45,xgboost,2.49139435085739
2018-03-28 14:00:00,etth1,HUFL,24,45,xgboost,2.200503311666301
2018-03-28 15:00:00,etth1,HUFL,24,45,xgboost,2.1159254027321324
2018-03-28 16:00:00,etth1,HUFL,24,45,xgboost,2.073368246439726
2018-03-28 17:00:00,etth1,HUFL,24,45,xgboost,2.042817273334973
2018-03-28 18:00:00,etth1,HUFL,24,45,xgboost,2.0550867402428334
2018-03-28 19:00:00,etth1,HUFL,24,45,xgboost,2.136845715324725
2018-03-28 20:00:00,etth1,HUFL,24,45,xgboost,2.0946447050700367
2018-03-28 21:00:00,etth1,HUFL,24,45,xgboost,2.426928015834459
2018-03-28 22:00:00,etth1,HUFL,24,45,xgboost,2.1948637876285186
2018-03-28 23:00:00,etth1,HUFL,24,45,xgboost,2.1750048044599932
2018-03-29 00:00:00,etth1,HUFL,24,45,xgboost,1.9380192352231387
2018-03-29 01:00:00,etth1,HUFL,24,45,xgboost,2.2081941050015303
2018-03-29 02:00:00,etth1,HUFL,24,45,xgboost,2.6482027716315595
2018-03-29 03:00:00,etth1,HUFL,24,45,xgboost,2.57854975507191
2018-03-29 04:00:00,etth1,HUFL,24,45,xgboost,2.79850529044328
2018-03-29 05:00:00,etth1,HUFL,24,45,xgboost,2.6608281181607603
2018-03-29 06:00:00,etth1,HUFL,24,45,xgboost,3.102632114745235
2018-03-29 07:00:00,etth1,HUFL,24,45,xgboost,3.137271637030389
2018-03-29 08:00:00,etth1,HUFL,24,45,xgboost,3.312917323502365
2018-03-29 09:00:00,etth1,HUFL,24,45,xgboost,2.8397835538677523
2018-03-29 10:00:00,etth1,HUFL,24,45,xgboost,3.596828262603115
2018-03-29 11:00:00,etth1,HUFL,24,45,xgboost,3.6752598733505724
2018-03-29 12:00:00,etth1,HUFL,24,45,xgboost,3.9811564999848983
2018-03-29 13:00:00,etth1,HUFL,24,45,xgboost,4.664314865613345
2018-03-29 14:00:00,etth1,HUFL,24,45,xgboost,5.1566081890648405
2018-03-29 15:00:00,etth1,HUFL,24,45,xgboost,2.796321452161198
2018-03-29 16:00:00,etth1,HUFL,24,45,xgboost,3.1749271239005736
2018-03-29 17:00:00,etth1,HUFL,24,45,xgboost,3.512099742588498
2018-03-29 18:00:00,etth1,HUFL,24,45,xgboost,3.635123000653813
2018-03-29 19:00:00,etth1,HUFL,24,45,xgboost,3.5224220278070617
2018-03-29 20:00:00,etth1,HUFL,24,45,xgboost,3.7778814495816646
2018-03-29 21:00:00,etth1,HUFL,24,45,xgboost,3.7534368733797834
2018-03-29 22:00:00,etth1,HUFL,24,45,xgboost,3.6041497861276377
2018-03-29 23:00:00,etth1,HUFL,24,45,xgboost,2.827994731710954
2018-03-30 00:00:00,etth1,HUFL,24,45,xgboost,3.5160149217840746
2018-03-30 01:00:00,etth1,HUFL,24,45,xgboost,3.602445418829081
2018-03-30 02:00:00,etth1,HUFL,24,45,xgboost,3.753492400365554
2018-03-30 03:00:00,etth1,HUFL,24,45,xgboost,3.8585566170450485
2018-03-30 04:00:00,etth1,HUFL,24,45,xgboost,3.4058681166691893
2018-03-30 05:00:00,etth1,HUFL,24,45,xgboost,3.4653305427604466
2018-03-30 06:00:00,etth1,HUFL,24,45,xgboost,3.3371929043079795
2018-03-30 07:00:00,etth1,HUFL,24,45,xgboost,3.6282985962976873
2018-03-30 08:00:00,etth1,HUFL,24,45,xgboost,3.8730289033435015
2018-03-30 09:00:00,etth1,HUFL,24,45,xgboost,3.686778233310459
2018-03-30 10:00:00,etth1,HUFL,24,45,xgboost,4.536246549903946
2018-03-30 11:00:00,etth1,HUFL,24,45,xgboost,5.752271377408509
2018-03-30 12:00:00,etth1,HUFL,24,45,xgboost,4.558992899137697
2018-03-30 13:00:00,etth1,HUFL,24,45,xgboost,4.623112381821891
2018-03-30 14:00:00,etth1,HUFL,24,45,xgboost,5.165268616925928
2018-03-30 15:00:00,etth1,HUFL,24,45,xgboost,6.096929685211446
2018-03-30 16:00:00,etth1,HUFL,24,45,xgboost,6.817655452643673
2018-03-30 17:00:00,etth1,HUFL,24,45,xgboost,6.1771204968777225
2018-03-30 18:00:00,etth1,HUFL,24,45,xgboost,6.788946240108729
2018-03-30 19:00:00,etth1,HUFL,24,45,xgboost,6.564448259013226
2018-03-30 20:00:00,etth1,HUFL,24,45,xgboost,6.863495696648125
2018-03-30 21:00:00,etth1,HUFL,24,45,xgboost,7.111442638048903
2018-03-30 22:00:00,etth1,HUFL,24,45,xgboost,7.387669246895364
2018-03-30 23:00:00,etth1,HUFL,24,45,xgboost,7.078732772897301
2018-03-31 00:00:00,etth1,HUFL,24,45,xgboost,7.265167643245669
2018-03-31 01:00:00,etth1,HUFL,24,45,xgboost,7.924744582409531
2018-03-31 02:00:00,etth1,HUFL,24,45,xgboost,8.148329990019048
2018-03-31 03:00:00,etth1,HUFL,24,45,xgboost,8.09619008520871
2018-03-31 04:00:00,etth1,HUFL,24,45,xgboost,8.285247069117924
2018-03-31 05:00:00,etth1,HUFL,24,45,xgboost,8.450230265051353
2018-03-31 06:00:00,etth1,HUFL,24,45,xgboost,8.378361153839231
2018-03-31 07:00:00,etth1,HUFL,24,45,xgboost,8.577049306959012
2018-03-31 08:00:00,etth1,HUFL,24,45,xgboost,7.810904416972122
2018-03-31 09:00:00,etth1,HUFL,24,45,xgboost,7.023388565374044
2018-03-31 10:00:00,etth1,HUFL,24,45,xgboost,6.192544007226451
2018-03-31 11:00:00,etth1,HUFL,24,45,xgboost,5.5035432731169225
2018-03-31 12:00:00,etth1,HUFL,24,45,xgboost,5.899739267211902
2018-03-31 13:00:00,etth1,HUFL,24,45,xgboost,6.490555712393307
2018-03-31 14:00:00,etth1,HUFL,24,45,xgboost,7.464072105121346
2018-03-31 15:00:00,etth1,HUFL,24,45,xgboost,8.91772223204182
2018-03-31 16:00:00,etth1,HUFL,24,45,xgboost,7.95568440845631
2018-03-31 17:00:00,etth1,HUFL,24,45,xgboost,6.809157230910742
2018-03-31 18:00:00,etth1,HUFL,24,45,xgboost,6.3929486873925265
2018-03-31 19:00:00,etth1,HUFL,24,45,xgboost,5.8327335476513875
2018-03-31 20:00:00,etth1,HUFL,24,45,xgboost,4.861246630454731
2018-03-31 21:00:00,etth1,HUFL,24,45,xgboost,4.768973679266613
2018-03-31 22:00:00,etth1,HUFL,24,45,xgboost,4.209751275647931
2018-03-31 23:00:00,etth1,HUFL,24,45,xgboost,5.080471125207601
2018-04-01 00:00:00,etth1,HUFL,24,45,xgboost,7.081003385276216
2018-04-01 01:00:00,etth1,HUFL,24,45,xgboost,6.963231071356426
2018-04-01 02:00:00,etth1,HUFL,24,45,xgboost,6.9823359206990405
2018-04-01 03:00:00,etth1,HUFL,24,45,xgboost,6.823955816855193
2018-04-01 04:00:00,etth1,HUFL,24,45,xgboost,5.666432717376011
2018-04-01 05:00:00,etth1,HUFL,24,45,xgboost,4.988991214333707
2018-04-01 06:00:00,etth1,HUFL,24,45,xgboost,4.853782285872594
2018-04-01 07:00:00,etth1,HUFL,24,45,xgboost,4.795826222329833
2018-04-01 08:00:00,etth1,HUFL,24,45,xgboost,4.920912532969841
2018-04-01 09:00:00,etth1,HUFL,24,45,xgboost,3.4445006944114076
2018-04-01 10:00:00,etth1,HUFL,24,45,xgboost,2.9214279278988795
2018-04-01 11:00:00,etth1,HUFL,24,45,xgboost,3.1098698064134696
2018-04-01 12:00:00,etth1,HUFL,24,45,xgboost,3.279723060674112
2018-04-01 13:00:00,etth1,HUFL,24,45,xgboost,3.6838301377593887
2018-04-01 14:00:00,etth1,HUFL,24,45,xgboost,4.563571198677591
2018-04-01 15:00:00,etth1,HUFL,24,45,xgboost,4.797704535991044
2018-04-01 16:00:00,etth1,HUFL,24,45,xgboost,4.838659760233532
2018-04-01 17:00:00,etth1,HUFL,24,45,xgboost,5.638830564237874
2018-04-01 18:00:00,etth1,HUFL,24,45,xgboost,5.528882932860941
2018-04-01 19:00:00,etth1,HUFL,24,45,xgboost,4.837891287351788
2018-04-01 20:00:00,etth1,HUFL,24,45,xgboost,4.604923262169643
2018-04-01 21:00:00,etth1,HUFL,24,45,xgboost,4.447942379681996
2018-04-01 22:00:00,etth1,HUFL,24,45,xgboost,4.419136042712492
2018-04-01 23:00:00,etth1,HUFL,24,45,xgboost,4.452190734570346
2018-04-02 00:00:00,etth1,HUFL,24,45,xgboost,4.72078069739407
2018-04-02 01:00:00,etth1,HUFL,24,45,xgboost,3.906967480607602
2018-04-02 02:00:00,etth1,HUFL,24,45,xgboost,3.6577377128380193
2018-04-02 03:00:00,etth1,HUFL,24,45,xgboost,3.3208175685228647
2018-04-02 04:00:00,etth1,HUFL,24,45,xgboost,3.2656900467649472
2018-04-02 05:00:00,etth1,HUFL,24,45,xgboost,2.3000063738219922
2018-04-02 06:00:00,etth1,HUFL,24,45,xgboost,2.152999790634127
2018-04-02 07:00:00,etth1,HUFL,24,45,xgboost,2.6184800434126214
2018-04-02 08:00:00,etth1,HUFL,24,45,xgboost,3.5941401403622386
2018-04-02 09:00:00,etth1,HUFL,24,45,xgboost,3.7266197351647268
2018-04-02 10:00:00,etth1,HUFL,24,45,xgboost,3.7764057717261656
2018-04-02 11:00:00,etth1,HUFL,24,45,xgboost,3.1892309756505726
2018-04-02 12:00:00,etth1,HUFL,24,45,xgboost,3.137119028260821
2018-04-02 13:00:00,etth1,HUFL,24,45,xgboost,3.9106400259360647
2018-04-02 14:00:00,etth1,HUFL,24,45,xgboost,4.004249017058312
2018-04-02 15:00:00,etth1,HUFL,24,45,xgboost,3.7948022396993104
2018-04-02 16:00:00,etth1,HUFL,24,45,xgboost,4.047418180953166
2018-04-02 17:00:00,etth1,HUFL,24,45,xgboost,4.0153635806222985
2018-04-02 18:00:00,etth1,HUFL,24,45,xgboost,3.9993117895878636
2018-04-02 19:00:00,etth1,HUFL,24,45,xgboost,4.37308994582128
2018-04-02 20:00:00,etth1,HUFL,24,45,xgboost,4.56922521511926
2018-04-02 21:00:00,etth1,HUFL,24,45,xgboost,4.704919225699
2018-04-02 22:00:00,etth1,HUFL,24,45,xgboost,4.720448138194217
2018-04-02 23:00:00,etth1,HUFL,24,45,xgboost,5.086810628448698
2018-04-03 00:00:00,etth1,HUFL,24,45,xgboost,5.393313248807286
2018-04-03 01:00:00,etth1,HUFL,24,45,xgboost,4.931862972232338
2018-04-03 02:00:00,etth1,HUFL,24,45,xgboost,4.529872446387305
2018-04-03 03:00:00,etth1,HUFL,24,45,xgboost,4.0549106111539315
2018-04-03 04:00:00,etth1,HUFL,24,45,xgboost,3.525484213685313
2018-04-03 05:00:00,etth1,HUFL,24,45,xgboost,3.1167526901471483
2018-04-03 06:00:00,etth1,HUFL,24,45,xgboost,2.560874838641234
2018-04-03 07:00:00,etth1,HUFL,24,45,xgboost,3.5516863027302037
2018-04-03 08:00:00,etth1,HUFL,24,45,xgboost,4.6039707547388735
2018-04-03 09:00:00,etth1,HUFL,24,45,xgboost,4.0837971180790795
2018-04-03 10:00:00,etth1,HUFL,24,45,xgboost,3.5344826379144343
2018-04-03 11:00:00,etth1,HUFL,24,45,xgboost,3.5637896737510295
2018-04-03 12:00:00,etth1,HUFL,24,45,xgboost,3.5365022337107885
2018-04-03 13:00:00,etth1,HUFL,24,45,xgboost,3.957508377877259
2018-04-03 14:00:00,etth1,HUFL,24,45,xgboost,3.646257896640869
2018-04-03 15:00:00,etth1,HUFL,24,45,xgboost,3.7619819637147542
2018-04-03 16:00:00,etth1,HUFL,24,45,xgboost,4.883739676963048
2018-04-03 17:00:00,etth1,HUFL,24,45,xgboost,5.4084042514251776
2018-04-03 18:00:00,etth1,HUFL,24,45,xgboost,5.626342853030059
2018-04-03 19:00:00,etth1,HUFL,24,45,xgboost,5.393241733124455
2018-04-03 20:00:00,etth1,HUFL,24,45,xgboost,5.4919086430981
2018-04-03 21:00:00,etth1,HUFL,24,45,xgboost,5.133127756264899
2018-04-03 22:00:00,etth1,HUFL,24,45,xgboost,5.248810988427697
2018-04-03 23:00:00,etth1,HUFL,24,45,xgboost,5.499617653642203
2018-04-04 00:00:00,etth1,HUFL,24,45,xgboost,5.278917893285951
2018-04-04 01:00:00,etth1,HUFL,24,45,xgboost,4.641495929748269
2018-04-04 02:00:00,etth1,HUFL,24,45,xgboost,4.575219539196916
2018-04-04 03:00:00,etth1,HUFL,24,45,xgboost,5.464140789747938
2018-04-04 04:00:00,etth1,HUFL,24,45,xgboost,5.345665021015013
2018-04-04 05:00:00,etth1,HUFL,24,45,xgboost,5.153083764561586
2018-04-04 06:00:00,etth1,HUFL,24,45,xgboost,5.123506280892318
2018-04-04 07:00:00,etth1,HUFL,24,45,xgboost,4.525707243692718
2018-04-04 08:00:00,etth1,HUFL,24,45,xgboost,3.0622978626221187
2018-04-04 09:00:00,etth1,HUFL,24,45,xgboost,2.054965854284451
2018-04-04 10:00:00,etth1,HUFL,24,45,xgboost,2.5105206297864697
2018-04-04 11:00:00,etth1,HUFL,24,45,xgboost,2.3796952004415277
2018-04-04 12:00:00,etth1,HUFL,24,45,xgboost,2.6196468017607213
2018-04-04 13:00:00,etth1,HUFL,24,45,xgboost,2.5413184815394567
2018-04-04 14:00:00,etth1,HUFL,24,45,xgboost,3.710314819946387
2018-04-04 15:00:00,etth1,HUFL,24,45,xgboost,3.7445281316850605
2018-04-04 16:00:00,etth1,HUFL,24,45,xgboost,3.35512316038899
2018-04-04 17:00:00,etth1,HUFL,24,45,xgboost,3.56536378309263
2018-04-04 18:00:00,etth1,HUFL,24,45,xgboost,3.061589660600479
2018-04-04 19:00:00,etth1,HUFL,24,45,xgboost,3.0409823206053836
2018-04-04 20:00:00,etth1,HUFL,24,45,xgboost,3.059400353764596
2018-04-04 21:00:00,etth1,HUFL,24,45,xgboost,2.989054719236878
2018-04-04 22:00:00,etth1,HUFL,24,45,xgboost,2.9603849317960216
2018-04-04 23:00:00,etth1,HUFL,24,45,xgboost,3.5828226619319117
2018-04-05 00:00:00,etth1,HUFL,24,45,xgboost,4.244800756285361
2018-04-05 01:00:00,etth1,HUFL,24,45,xgboost,4.377968837923376
2018-04-05 02:00:00,etth1,HUFL,24,45,xgboost,3.9263813272898695
2018-04-05 03:00:00,etth1,HUFL,24,45,xgboost,4.1776839190948705
2018-04-05 04:00:00,etth1,HUFL,24,45,xgboost,4.432869467255523
2018-04-05 05:00:00,etth1,HUFL,24,45,xgboost,5.08778138159754
2018-04-05 06:00:00,etth1,HUFL,24,45,xgboost,5.05926519100393
2018-04-05 07:00:00,etth1,HUFL,24,45,xgboost,4.49049032449791
2018-04-05 08:00:00,etth1,HUFL,24,45,xgboost,4.048864142138602
2018-04-05 09:00:00,etth1,HUFL,24,45,xgboost,3.039177005415
2018-04-05 10:00:00,etth1,HUFL,24,45,xgboost,3.05394163700473
2018-04-05 11:00:00,etth1,HUFL,24,45,xgboost,2.866012928474216
2018-04-05 12:00:00,etth1,HUFL,24,45,xgboost,3.2442756398532158
2018-04-05 13:00:00,etth1,HUFL,24,45,xgboost,4.224000949769172
2018-04-05 14:00:00,etth1,HUFL,24,45,xgboost,4.052469708691457
2018-04-05 15:00:00,etth1,HUFL,24,45,xgboost,4.277864133295356
2018-04-05 16:00:00,etth1,HUFL,24,45,xgboost,4.705272261671351
2018-04-05 17:00:00,etth1,HUFL,24,45,xgboost,4.745558341845533
2018-04-05 18:00:00,etth1,HUFL,24,45,xgboost,5.076171925379488
2018-04-05 19:00:00,etth1,HUFL,24,45,xgboost,5.248298192360662
2018-04-05 20:00:00,etth1,HUFL,24,45,xgboost,5.258772243324214
2018-04-05 21:00:00,etth1,HUFL,24,45,xgboost,5.251122011949021
2018-04-05 22:00:00,etth1,HUFL,24,45,xgboost,5.129348129464695
2018-04-05 23:00:00,etth1,HUFL,24,45,xgboost,4.714613985676118
2018-04-06 00:00:00,etth1,HUFL,24,45,xgboost,4.691875603463232
2018-04-06 01:00:00,etth1,HUFL,24,45,xgboost,4.216558790177789
2018-04-06 02:00:00,etth1,HUFL,24,45,xgboost,4.168452103875264
2018-04-06 03:00:00,etth1,HUFL,24,45,xgboost,4.537656147272213
2018-04-06 04:00:00,etth1,HUFL,24,45,xgboost,3.979480966245118
2018-04-06 05:00:00,etth1,HUFL,24,45,xgboost,3.779328640221653
2018-04-06 06:00:00,etth1,HUFL,24,45,xgboost,4.105512577827294
2018-04-06 07:00:00,etth1,HUFL,24,45,xgboost,4.1082307658181785
2018-04-06 08:00:00,etth1,HUFL,24,45,xgboost,4.444849373966867
2018-04-06 09:00:00,etth1,HUFL,24,45,xgboost,3.260368094223478
2018-04-06 10:00:00,etth1,HUFL,24,45,xgboost,3.2254231343150344
2018-04-06 11:00:00,etth1,HUFL,24,45,xgboost,3.3953009174672975
2018-04-06 12:00:00,etth1,HUFL,24,45,xgboost,3.5594533400456374
2018-04-06 13:00:00,etth1,HUFL,24,45,xgboost,4.80489535338256
2018-04-06 14:00:00,etth1,HUFL,24,45,xgboost,4.025860657826868
2018-04-06 15:00:00,etth1,HUFL,24,45,xgboost,4.533439135181559
2018-04-06 16:00:00,etth1,HUFL,24,45,xgboost,4.003624042668706
2018-04-06 17:00:00,etth1,HUFL,24,45,xgboost,2.909474865645526
2018-04-06 18:00:00,etth1,HUFL,24,45,xgboost,2.776096949455295
2018-04-06 19:00:00,etth1,HUFL,24,45,xgboost,3.359954522198303
2018-04-06 20:00:00,etth1,HUFL,24,45,xgboost,3.2692989350424138
2018-04-06 21:00:00,etth1,HUFL,24,45,xgboost,3.415179567128991
2018-04-06 22:00:00,etth1,HUFL,24,45,xgboost,3.1599153681680754
2018-04-06 23:00:00,etth1,HUFL,24,45,xgboost,3.206400731290902
2018-04-07 00:00:00,etth1,HUFL,24,45,xgboost,2.827335795501702
2018-04-07 01:00:00,etth1,HUFL,24,45,xgboost,2.445591015524627
2018-04-07 02:00:00,etth1,HUFL,24,45,xgboost,2.568725155731445
2018-04-07 03:00:00,etth1,HUFL,24,45,xgboost,3.174010226928195
2018-04-07 04:00:00,etth1,HUFL,24,45,xgboost,4.4648676363712605
2018-04-07 05:00:00,etth1,HUFL,24,45,xgboost,3.221791987602152
2018-04-07 06:00:00,etth1,HUFL,24,45,xgboost,2.9805579593858145
2018-04-07 07:00:00,etth1,HUFL,24,45,xgboost,3.6490314919582354
2018-04-07 08:00:00,etth1,HUFL,24,45,xgboost,4.800079611601007
2018-04-07 09:00:00,etth1,HUFL,24,45,xgboost,4.088033049187643
2018-04-07 10:00:00,etth1,HUFL,24,45,xgboost,3.825365083594654
2018-04-07 11:00:00,etth1,HUFL,24,45,xgboost,3.409854897645271
2018-04-07 12:00:00,etth1,HUFL,24,45,xgboost,3.8921334249126187
2018-04-07 13:00:00,etth1,HUFL,24,45,xgboost,3.6926943316110745
2018-04-07 14:00:00,etth1,HUFL,24,45,xgboost,3.5478056640936244
2018-04-07 15:00:00,etth1,HUFL,24,45,xgboost,2.8393973632616216
2018-04-07 16:00:00,etth1,HUFL,24,45,xgboost,3.132702233044773
2018-04-07 17:00:00,etth1,HUFL,24,45,xgboost,3.471505824829612
2018-04-07 18:00:00,etth1,HUFL,24,45,xgboost,3.803490723460986
2018-04-07 19:00:00,etth1,HUFL,24,45,xgboost,4.082992161014688
2018-04-07 20:00:00,etth1,HUFL,24,45,xgboost,4.09986296696118
2018-04-07 21:00:00,etth1,HUFL,24,45,xgboost,4.127312880697933
2018-04-07 22:00:00,etth1,HUFL,24,45,xgboost,3.886617339759576
2018-04-07 23:00:00,etth1,HUFL,24,45,xgboost,3.754473986056618
2018-04-08 00:00:00,etth1,HUFL,24,45,xgboost,4.129150714929389
2018-04-08 01:00:00,etth1,HUFL,24,45,xgboost,3.1580384164139175
2018-04-08 02:00:00,etth1,HUFL,24,45,xgboost,3.365350985291896
2018-04-08 03:00:00,etth1,HUFL,24,45,xgboost,3.321067739592184
2018-04-08 04:00:00,etth1,HUFL,24,45,xgboost,2.9251534510370694
2018-04-08 05:00:00,etth1,HUFL,24,45,xgboost,2.7004196280552115
2018-04-08 06:00:00,etth1,HUFL,24,45,xgboost,3.0030087239032786
2018-04-08 07:00:00,etth1,HUFL,24,45,xgboost,4.12507315587973
2018-04-08 08:00:00,etth1,HUFL,24,45,xgboost,5.358658130823077
2018-04-08 09:00:00,etth1,HUFL,24,45,xgboost,4.541589885348361
2018-04-08 10:00:00,etth1,HUFL,24,45,xgboost,2.9633007407510887
2018-04-08 11:00:00,etth1,HUFL,24,45,xgboost,2.6372513210099107
2018-04-08 12:00:00,etth1,HUFL,24,45,xgboost,2.7230531170850205
2018-04-08 13:00:00,etth1,HUFL,24,45,xgboost,2.9363225396130734
2018-04-08 14:00:00,etth1,HUFL,24,45,xgboost,3.03400786438467
2018-04-08 15:00:00,etth1,HUFL,24,45,xgboost,3.2437238342042716
2018-04-08 16:00:00,etth1,HUFL,24,45,xgboost,3.20085528027138
2018-04-08 17:00:00,etth1,HUFL,24,45,xgboost,3.409008505429426
2018-04-08 18:00:00,etth1,HUFL,24,45,xgboost,3.5848396351601957
2018-04-08 19:00:00,etth1,HUFL,24,45,xgboost,3.8951898282416964
2018-04-08 20:00:00,etth1,HUFL,24,45,xgboost,3.835269770934429
2018-04-08 21:00:00,etth1,HUFL,24,45,xgboost,3.824828607027196
2018-04-08 22:00:00,etth1,HUFL,24,45,xgboost,3.819654119985063
2018-04-08 23:00:00,etth1,HUFL,24,45,xgboost,4.361834896520131
2018-04-09 00:00:00,etth1,HUFL,24,45,xgboost,4.4739010175123255
2018-04-09 01:00:00,etth1,HUFL,24,45,xgboost,4.543228477814075
2018-04-09 02:00:00,etth1,HUFL,24,45,xgboost,4.014668318320627
2018-04-09 03:00:00,etth1,HUFL,24,45,xgboost,3.9867916136164965
2018-04-09 04:00:00,etth1,HUFL,24,45,xgboost,3.6144040325810978
2018-04-09 05:00:00,etth1,HUFL,24,45,xgboost,3.0548872531051483
2018-04-09 06:00:00,etth1,HUFL,24,45,xgboost,2.4011188335578573
2018-04-09 07:00:00,etth1,HUFL,24,45,xgboost,3.790164885873857
2018-04-09 08:00:00,etth1,HUFL,24,45,xgboost,5.416386434222921
2018-04-09 09:00:00,etth1,HUFL,24,45,xgboost,4.095856326509694
2018-04-09 10:00:00,etth1,HUFL,24,45,xgboost,4.15802021367592
2018-04-09 11:00:00,etth1,HUFL,24,45,xgboost,4.178843819383473
2018-04-09 12:00:00,etth1,HUFL,24,45,xgboost,4.357207010060191
2018-04-09 13:00:00,etth1,HUFL,24,45,xgboost,4.520310059246824
2018-04-09 14:00:00,etth1,HUFL,24,45,xgboost,4.5754563909095
2018-04-09 15:00:00,etth1,HUFL,24,45,xgboost,5.4066224115951975
2018-04-09 16:00:00,etth1,HUFL,24,45,xgboost,5.634010409254375
2018-04-09 17:00:00,etth1,HUFL,24,45,xgboost,5.150829640556868
2018-04-09 18:00:00,etth1,HUFL,24,45,xgboost,5.251611251292689
2018-04-09 19:00:00,etth1,HUFL,24,45,xgboost,5.280283942516795
2018-04-09 20:00:00,etth1,HUFL,24,45,xgboost,5.351819853080715
2018-04-09 21:00:00,etth1,HUFL,24,45,xgboost,5.185350676394733
2018-04-09 22:00:00,etth1,HUFL,24,45,xgboost,4.547597580354925
2018-04-09 23:00:00,etth1,HUFL,24,45,xgboost,4.48894252015313
2018-04-10 00:00:00,etth1,HUFL,24,45,xgboost,3.7564970571366767
2018-04-10 01:00:00,etth1,HUFL,24,45,xgboost,3.606987932724042
2018-04-10 02:00:00,etth1,HUFL,24,45,xgboost,3.6403964233496175
2018-04-10 03:00:00,etth1,HUFL,24,45,xgboost,3.4089289205119413
2018-04-10 04:00:00,etth1,HUFL,24,45,xgboost,3.418867933514218
2018-04-10 05:00:00,etth1,HUFL,24,45,xgboost,2.6911511285696483
2018-04-10 06:00:00,etth1,HUFL,24,45,xgboost,2.596949723307071
2018-04-10 07:00:00,etth1,HUFL,24,45,xgboost,4.14240185196665
2018-04-10 08:00:00,etth1,HUFL,24,45,xgboost,5.623485958310876
2018-04-10 09:00:00,etth1,HUFL,24,45,xgboost,4.931913103497441
2018-04-10 10:00:00,etth1,HUFL,24,45,xgboost,3.9797669867133574
2018-04-10 11:00:00,etth1,HUFL,24,45,xgboost,3.466538708037499
2018-04-10 12:00:00,etth1,HUFL,24,45,xgboost,3.445178077609011
2018-04-10 13:00:00,etth1,HUFL,24,45,xgboost,2.981175793947507
2018-04-10 14:00:00,etth1,HUFL,24,45,xgboost,3.0813570232628145
2018-04-10 15:00:00,etth1,HUFL,24,45,xgboost,3.0412358365601584
2018-04-10 16:00:00,etth1,HUFL,24,45,xgboost,3.3999134042390087
2018-04-10 17:00:00,etth1,HUFL,24,45,xgboost,3.264068073179446
2018-04-10 18:00:00,etth1,HUFL,24,45,xgboost,3.2658524382539063
2018-04-10 19:00:00,etth1,HUFL,24,45,xgboost,3.473149796548767
2018-04-10 20:00:00,etth1,HUFL,24,45,xgboost,3.605062248029069
2018-04-10 21:00:00,etth1,HUFL,24,45,xgboost,3.362245036666375
2018-04-10 22:00:00,etth1,HUFL,24,45,xgboost,3.1360156559200973
2018-04-10 23:00:00,etth1,HUFL,24,45,xgboost,4.0336030415466295
2018-04-11 00:00:00,etth1,HUFL,24,45,xgboost,3.4193996175763632
2018-04-11 01:00:00,etth1,HUFL,24,45,xgboost,2.9424278905081525
2018-04-11 02:00:00,etth1,HUFL,24,45,xgboost,2.544570591670677
2018-04-11 03:00:00,etth1,HUFL,24,45,xgboost,2.62457883372357
2018-04-11 04:00:00,etth1,HUFL,24,45,xgboost,2.671636142292909
2018-04-11 05:00:00,etth1,HUFL,24,45,xgboost,1.550256173880224
2018-04-11 06:00:00,etth1,HUFL,24,45,xgboost,1.8133330003764183
2018-04-11 07:00:00,etth1,HUFL,24,45,xgboost,2.032937874722632
2018-04-11 08:00:00,etth1,HUFL,24,45,xgboost,3.457756597739518
2018-04-11 09:00:00,etth1,HUFL,24,45,xgboost,4.238440043305566
2018-04-11 10:00:00,etth1,HUFL,24,45,xgboost,3.0273126756878814
2018-04-11 11:00:00,etth1,HUFL,24,45,xgboost,3.4023769215213755
2018-04-11 12:00:00,etth1,HUFL,24,45,xgboost,3.97923285724459
2018-04-11 13:00:00,etth1,HUFL,24,45,xgboost,3.6961790286496545
2018-04-11 14:00:00,etth1,HUFL,24,45,xgboost,3.4929119406641225
2018-04-11 15:00:00,etth1,HUFL,24,45,xgboost,3.3045200965732797
2018-04-11 16:00:00,etth1,HUFL,24,45,xgboost,3.3565431353927657
2018-04-11 17:00:00,etth1,HUFL,24,45,xgboost,3.2392217876259153
2018-04-11 18:00:00,etth1,HUFL,24,45,xgboost,3.239922704013553
2018-04-11 19:00:00,etth1,HUFL,24,45,xgboost,2.821233629516805
2018-04-11 20:00:00,etth1,HUFL,24,45,xgboost,3.043546522888301
2018-04-11 21:00:00,etth1,HUFL,24,45,xgboost,3.004573174154706
2018-04-11 22:00:00,etth1,HUFL,24,45,xgboost,2.8822756451819473
2018-04-11 23:00:00,etth1,HUFL,24,45,xgboost,3.5167263346274447
2018-04-12 00:00:00,etth1,HUFL,24,45,xgboost,3.850460835870532
2018-04-12 01:00:00,etth1,HUFL,24,45,xgboost,3.828225822398687
2018-04-12 02:00:00,etth1,HUFL,24,45,xgboost,3.3421513887953154
2018-04-12 03:00:00,etth1,HUFL,24,45,xgboost,3.199582200901777
2018-04-12 04:00:00,etth1,HUFL,24,45,xgboost,3.0687725743453313
2018-04-12 05:00:00,etth1,HUFL,24,45,xgboost,3.1749712124085385
2018-04-12 06:00:00,etth1,HUFL,24,45,xgboost,3.705791698153759
2018-04-12 07:00:00,etth1,HUFL,24,45,xgboost,3.4987718733435593
2018-04-12 08:00:00,etth1,HUFL,24,45,xgboost,2.9886513258609493
2018-04-12 09:00:00,etth1,HUFL,24,45,xgboost,3.01844256720072
2018-04-12 10:00:00,etth1,HUFL,24,45,xgboost,3.1111698528080693
2018-04-12 11:00:00,etth1,HUFL,24,45,xgboost,3.1502725017514224
2018-04-12 12:00:00,etth1,HUFL,24,45,xgboost,3.710262755467534
2018-04-12 13:00:00,etth1,HUFL,24,45,xgboost,3.1732404465288098
2018-04-12 14:00:00,etth1,HUFL,24,45,xgboost,3.1930268374475355
2018-04-12 15:00:00,etth1,HUFL,24,45,xgboost,5.314126185249144
2018-04-12 16:00:00,etth1,HUFL,24,45,xgboost,5.458250107711106
2018-04-12 17:00:00,etth1,HUFL,24,45,xgboost,5.363205046639803
2018-04-12 18:00:00,etth1,HUFL,24,45,xgboost,4.649742098780685
2018-04-12 19:00:00,etth1,HUFL,24,45,xgboost,4.852659164220893
2018-04-12 20:00:00,etth1,HUFL,24,45,xgboost,5.045957798003952
2018-04-12 21:00:00,etth1,HUFL,24,45,xgboost,4.811305849814133
2018-04-12 22:00:00,etth1,HUFL,24,45,xgboost,4.4586054117929725
2018-04-12 23:00:00,etth1,HUFL,24,45,xgboost,5.44083106913465
2018-04-13 00:00:00,etth1,HUFL,24,45,xgboost,5.664130503673462
2018-04-13 01:00:00,etth1,HUFL,24,45,xgboost,4.9165684753516175
2018-04-13 02:00:00,etth1,HUFL,24,45,xgboost,4.968427601770327
2018-04-13 03:00:00,etth1,HUFL,24,45,xgboost,5.025756800700469
2018-04-13 04:00:00,etth1,HUFL,24,45,xgboost,4.343142441767067
2018-04-13 05:00:00,etth1,HUFL,24,45,xgboost,4.427082344990152
2018-04-13 06:00:00,etth1,HUFL,24,45,xgboost,4.885901383531654
2018-04-13 07:00:00,etth1,HUFL,24,45,xgboost,3.326044788123001
2018-04-13 08:00:00,etth1,HUFL,24,45,xgboost,2.5566704585493185
2018-04-13 09:00:00,etth1,HUFL,24,45,xgboost,2.822948340986976
2018-04-13 10:00:00,etth1,HUFL,24,45,xgboost,3.514886244650942
2018-04-13 11:00:00,etth1,HUFL,24,45,xgboost,3.462513270433137
2018-04-13 12:00:00,etth1,HUFL,24,45,xgboost,3.5667616915305698
2018-04-13 13:00:00,etth1,HUFL,24,45,xgboost,3.5459594900704428
2018-04-13 14:00:00,etth1,HUFL,24,45,xgboost,3.1587147341167956
2018-04-13 15:00:00,etth1,HUFL,24,45,xgboost,2.936512353314684
2018-04-13 16:00:00,etth1,HUFL,24,45,xgboost,3.321850257731061
2018-04-13 17:00:00,etth1,HUFL,24,45,xgboost,3.179070913832183
2018-04-13 18:00:00,etth1,HUFL,24,45,xgboost,3.012345974343892
2018-04-13 19:00:00,etth1,HUFL,24,45,xgboost,3.0705479725943445
2018-04-13 20:00:00,etth1,HUFL,24,45,xgboost,3.048958797537185
2018-04-13 21:00:00,etth1,HUFL,24,45,xgboost,3.0782467076198685
2018-04-13 22:00:00,etth1,HUFL,24,45,xgboost,2.8818747749824762
2018-04-13 23:00:00,etth1,HUFL,24,45,xgboost,3.2765069700851632
2018-04-14 00:00:00,etth1,HUFL,24,45,xgboost,3.7059597052146205
2018-04-14 01:00:00,etth1,HUFL,24,45,xgboost,3.412691577139865
2018-04-14 02:00:00,etth1,HUFL,24,45,xgboost,3.722624624081876
2018-04-14 03:00:00,etth1,HUFL,24,45,xgboost,3.532083180388271
2018-04-14 04:00:00,etth1,HUFL,24,45,xgboost,3.7648740749601006
2018-04-14 05:00:00,etth1,HUFL,24,45,xgboost,4.011751829391446
2018-04-14 06:00:00,etth1,HUFL,24,45,xgboost,4.209035249483578
2018-04-14 07:00:00,etth1,HUFL,24,45,xgboost,3.713672560946584
2018-04-14 08:00:00,etth1,HUFL,24,45,xgboost,3.099417831774254
2018-04-14 09:00:00,etth1,HUFL,24,45,xgboost,2.51708021632634
2018-04-14 10:00:00,etth1,HUFL,24,45,xgboost,3.046219832509939
2018-04-14 11:00:00,etth1,HUFL,24,45,xgboost,3.482926124974659
2018-04-14 12:00:00,etth1,HUFL,24,45,xgboost,4.285548960994022
2018-04-14 13:00:00,etth1,HUFL,24,45,xgboost,5.591308361930672
2018-04-14 14:00:00,etth1,HUFL,24,45,xgboost,5.942848329726343
2018-04-14 15:00:00,etth1,HUFL,24,45,xgboost,6.097884946369838
2018-04-14 16:00:00,etth1,HUFL,24,45,xgboost,6.078030674031512
2018-04-14 17:00:00,etth1,HUFL,24,45,xgboost,6.620673324647943
2018-04-14 18:00:00,etth1,HUFL,24,45,xgboost,6.675215649873027
2018-04-14 19:00:00,etth1,HUFL,24,45,xgboost,6.802950461665437
2018-04-14 20:00:00,etth1,HUFL,24,45,xgboost,7.301600726917826
2018-04-14 21:00:00,etth1,HUFL,24,45,xgboost,7.338420866461462
2018-04-14 22:00:00,etth1,HUFL,24,45,xgboost,7.207478356212583
2018-04-14 23:00:00,etth1,HUFL,24,45,xgboost,7.5807122622353305
2018-04-15 00:00:00,etth1,HUFL,24,45,xgboost,7.320920126546039
2018-04-15 01:00:00,etth1,HUFL,24,45,xgboost,6.65740206520127
2018-04-15 02:00:00,etth1,HUFL,24,45,xgboost,6.5598981483925884
2018-04-15 03:00:00,etth1,HUFL,24,45,xgboost,6.3467442035486
2018-04-15 04:00:00,etth1,HUFL,24,45,xgboost,6.100707896437219
2018-04-15 05:00:00,etth1,HUFL,24,45,xgboost,5.875565407979789
2018-04-15 06:00:00,etth1,HUFL,24,45,xgboost,5.486956416957601
2018-04-15 07:00:00,etth1,HUFL,24,45,xgboost,5.739985430976135
2018-04-15 08:00:00,etth1,HUFL,24,45,xgboost,6.432931720675502
2018-04-15 09:00:00,etth1,HUFL,24,45,xgboost,5.032838052004094
2018-04-15 10:00:00,etth1,HUFL,24,45,xgboost,3.5930194147047736
2018-04-15 11:00:00,etth1,HUFL,24,45,xgboost,3.8317273348766854
2018-04-15 12:00:00,etth1,HUFL,24,45,xgboost,3.4931300774882863
2018-04-15 13:00:00,etth1,HUFL,24,45,xgboost,3.302029808983652
2018-04-15 14:00:00,etth1,HUFL,24,45,xgboost,2.66387132065977
2018-04-15 15:00:00,etth1,HUFL,24,45,xgboost,2.6190111169944603
2018-04-15 16:00:00,etth1,HUFL,24,45,xgboost,2.9123198088407296
2018-04-15 17:00:00,etth1,HUFL,24,45,xgboost,3.5805925627528254
2018-04-15 18:00:00,etth1,HUFL,24,45,xgboost,4.021464630404786
2018-04-15 19:00:00,etth1,HUFL,24,45,xgboost,3.7085826735179572
2018-04-15 20:00:00,etth1,HUFL,24,45,xgboost,3.4750121997042114
2018-04-15 21:00:00,etth1,HUFL,24,45,xgboost,3.434667842762581
2018-04-15 22:00:00,etth1,HUFL,24,45,xgboost,3.681514835518124
2018-04-15 23:00:00,etth1,HUFL,24,45,xgboost,5.057595834974013
2018-04-16 00:00:00,etth1,HUFL,24,45,xgboost,4.312785161046967
2018-04-16 01:00:00,etth1,HUFL,24,45,xgboost,4.30579014459207
2018-04-16 02:00:00,etth1,HUFL,24,45,xgboost,4.221509475561818
2018-04-16 03:00:00,etth1,HUFL,24,45,xgboost,4.562926270923988
2018-04-16 04:00:00,etth1,HUFL,24,45,xgboost,3.96552183886365
2018-04-16 05:00:00,etth1,HUFL,24,45,xgboost,3.8712379593183983
2018-04-16 06:00:00,etth1,HUFL,24,45,xgboost,4.446138184510905
2018-04-16 07:00:00,etth1,HUFL,24,45,xgboost,3.4897041387785226
2018-04-16 08:00:00,etth1,HUFL,24,45,xgboost,2.8996723228401353
2018-04-16 09:00:00,etth1,HUFL,24,45,xgboost,3.4268194215145265
2018-04-16 10:00:00,etth1,HUFL,24,45,xgboost,3.00189770288689
2018-04-16 11:00:00,etth1,HUFL,24,45,xgboost,3.66137357295383
2018-04-16 12:00:00,etth1,HUFL,24,45,xgboost,4.247553645659383
2018-04-16 13:00:00,etth1,HUFL,24,45,xgboost,5.356661835110054
2018-04-16 14:00:00,etth1,HUFL,24,45,xgboost,6.184296861356937
2018-04-16 15:00:00,etth1,HUFL,24,45,xgboost,5.7224060267168575
2018-04-16 16:00:00,etth1,HUFL,24,45,xgboost,4.717601179669968
2018-04-16 17:00:00,etth1,HUFL,24,45,xgboost,4.54988282048126
2018-04-16 18:00:00,etth1,HUFL,24,45,xgboost,4.662715607366977
2018-04-16 19:00:00,etth1,HUFL,24,45,xgboost,5.030571773489997
2018-04-16 20:00:00,etth1,HUFL,24,45,xgboost,5.3164018346635
2018-04-16 21:00:00,etth1,HUFL,24,45,xgboost,5.522345243406368
2018-04-16 22:00:00,etth1,HUFL,24,45,xgboost,5.545295651600438
2018-04-16 23:00:00,etth1,HUFL,24,45,xgboost,5.918973324315712
2018-04-17 00:00:00,etth1,HUFL,24,45,xgboost,5.3997775980820615
2018-04-17 01:00:00,etth1,HUFL,24,45,xgboost,5.100845428731925
2018-04-17 02:00:00,etth1,HUFL,24,45,xgboost,5.234725808373601
2018-04-17 03:00:00,etth1,HUFL,24,45,xgboost,4.710570182927374
2018-04-17 04:00:00,etth1,HUFL,24,45,xgboost,4.756241072454535
2018-04-17 05:00:00,etth1,HUFL,24,45,xgboost,4.107059267891314
2018-04-17 06:00:00,etth1,HUFL,24,45,xgboost,3.423839267744827
2018-04-17 07:00:00,etth1,HUFL,24,45,xgboost,4.05925610354437
2018-04-17 08:00:00,etth1,HUFL,24,45,xgboost,5.487221700176195
2018-04-17 09:00:00,etth1,HUFL,24,45,xgboost,4.923519559830714
2018-04-17 10:00:00,etth1,HUFL,24,45,xgboost,4.816321177441907
2018-04-17 11:00:00,etth1,HUFL,24,45,xgboost,3.5296328722834187
2018-04-17 12:00:00,etth1,HUFL,24,45,xgboost,3.5749362247860077
2018-04-17 13:00:00,etth1,HUFL,24,45,xgboost,4.0335716475059655
2018-04-17 14:00:00,etth1,HUFL,24,45,xgboost,3.411814099690263
2018-04-17 15:00:00,etth1,HUFL,24,45,xgboost,3.6829612468951933
2018-04-17 16:00:00,etth1,HUFL,24,45,xgboost,3.829911259650236
2018-04-17 17:00:00,etth1,HUFL,24,45,xgboost,3.9126150066541476
2018-04-17 18:00:00,etth1,HUFL,24,45,xgboost,3.7138988819958674
2018-04-17 19:00:00,etth1,HUFL,24,45,xgboost,4.123743091351319
2018-04-17 20:00:00,etth1,HUFL,24,45,xgboost,4.064133416348731
2018-04-17 21:00:00,etth1,HUFL,24,45,xgboost,4.322774450515638
2018-04-17 22:00:00,etth1,HUFL,24,45,xgboost,4.28856816422407
2018-04-17 23:00:00,etth1,HUFL,24,45,xgboost,4.7171775028274325
2018-04-18 00:00:00,etth1,HUFL,24,45,xgboost,3.7118811830061067
2018-04-18 01:00:00,etth1,HUFL,24,45,xgboost,3.931792811879923
2018-04-18 02:00:00,etth1,HUFL,24,45,xgboost,3.6274924484718585
2018-04-18 03:00:00,etth1,HUFL,24,45,xgboost,3.5870525436509797
2018-04-18 04:00:00,etth1,HUFL,24,45,xgboost,3.534196747877266
2018-04-18 05:00:00,etth1,HUFL,24,45,xgboost,2.992778618213609
2018-04-18 06:00:00,etth1,HUFL,24,45,xgboost,2.6652135109743784
2018-04-18 07:00:00,etth1,HUFL,24,45,xgboost,3.827898448247607
2018-04-18 08:00:00,etth1,HUFL,24,45,xgboost,5.622900413536784
2018-04-18 09:00:00,etth1,HUFL,24,45,xgboost,3.8036887394484507
2018-04-18 10:00:00,etth1,HUFL,24,45,xgboost,3.049092484249981
2018-04-18 11:00:00,etth1,HUFL,24,45,xgboost,2.9173246226685894
2018-04-18 12:00:00,etth1,HUFL,24,45,xgboost,2.8650660786020303
2018-04-18 13:00:00,etth1,HUFL,24,45,xgboost,3.282329548103139
2018-04-18 14:00:00,etth1,HUFL,24,45,xgboost,3.4301377973250395
2018-04-18 15:00:00,etth1,HUFL,24,45,xgboost,3.4278568118471573
2018-04-18 16:00:00,etth1,HUFL,24,45,xgboost,3.800359129237137
2018-04-18 17:00:00,etth1,HUFL,24,45,xgboost,3.7235454531051992
2018-04-18 18:00:00,etth1,HUFL,24,45,xgboost,3.9693144488137997
2018-04-18 19:00:00,etth1,HUFL,24,45,xgboost,4.201119797023986
2018-04-18 20:00:00,etth1,HUFL,24,45,xgboost,4.306459393706647
2018-04-18 21:00:00,etth1,HUFL,24,45,xgboost,4.341190402294653
2018-04-18 22:00:00,etth1,HUFL,24,45,xgboost,4.075604701208094
2018-04-18 23:00:00,etth1,HUFL,24,45,xgboost,4.172711643850871
2018-04-19 00:00:00,etth1,HUFL,24,45,xgboost,3.499202497993179
2018-04-19 01:00:00,etth1,HUFL,24,45,xgboost,3.596216243039121
2018-04-19 02:00:00,etth1,HUFL,24,45,xgboost,3.220124068698824
2018-04-19 03:00:00,etth1,HUFL,24,45,xgboost,3.046902977880361
2018-04-19 04:00:00,etth1,HUFL,24,45,xgboost,2.967388890844139
2018-04-19 05:00:00,etth1,HUFL,24,45,xgboost,2.2016223798790793
2018-04-19 06:00:00,etth1,HUFL,24,45,xgboost,2.3494579722230693
2018-04-19 07:00:00,etth1,HUFL,24,45,xgboost,3.017934012698356
2018-04-19 08:00:00,etth1,HUFL,24,45,xgboost,4.737244028121428
2018-04-19 09:00:00,etth1,HUFL,24,45,xgboost,3.4019863603029816
2018-04-19 10:00:00,etth1,HUFL,24,45,xgboost,2.6926379464678374
2018-04-19 11:00:00,etth1,HUFL,24,45,xgboost,2.849497935089295
2018-04-19 12:00:00,etth1,HUFL,24,45,xgboost,2.824048791724982
2018-04-19 13:00:00,etth1,HUFL,24,45,xgboost,3.309828409582245
2018-04-19 14:00:00,etth1,HUFL,24,45,xgboost,3.3389808994104606
2018-04-19 15:00:00,etth1,HUFL,24,45,xgboost,3.0016360499065193
2018-04-19 16:00:00,etth1,HUFL,24,45,xgboost,3.129556357373829
2018-04-19 17:00:00,etth1,HUFL,24,45,xgboost,3.0592742152026773
2018-04-19 18:00:00,etth1,HUFL,24,45,xgboost,3.0792753631394025
2018-04-19 19:00:00,etth1,HUFL,24,45,xgboost,3.0422334617053353
2018-04-19 20:00:00,etth1,HUFL,24,45,xgboost,3.0896040182722095
2018-04-19 21:00:00,etth1,HUFL,24,45,xgboost,2.7460497479843156
2018-04-19 22:00:00,etth1,HUFL,24,45,xgboost,3.1511852442120443
2018-04-19 23:00:00,etth1,HUFL,24,45,xgboost,2.7713452193627757
2018-04-20 00:00:00,etth1,HUFL,24,45,xgboost,2.9954476984976437
2018-04-20 01:00:00,etth1,HUFL,24,45,xgboost,2.9174191964919074
2018-04-20 02:00:00,etth1,HUFL,24,45,xgboost,3.0049988854445933
2018-04-20 03:00:00,etth1,HUFL,24,45,xgboost,2.606819349887128
2018-04-20 04:00:00,etth1,HUFL,24,45,xgboost,2.4946956442186914
2018-04-20 05:00:00,etth1,HUFL,24,45,xgboost,2.419383223661986
2018-04-20 06:00:00,etth1,HUFL,24,45,xgboost,2.612419146966965
2018-04-20 07:00:00,etth1,HUFL,24,45,xgboost,2.9450470030016516
2018-04-20 08:00:00,etth1,HUFL,24,45,xgboost,3.8855084520411993
2018-04-20 09:00:00,etth1,HUFL,24,45,xgboost,3.5599174727782823
2018-04-20 10:00:00,etth1,HUFL,24,45,xgboost,4.3072953258039295
2018-04-20 11:00:00,etth1,HUFL,24,45,xgboost,4.869653361970685
2018-04-20 12:00:00,etth1,HUFL,24,45,xgboost,3.581398785412752
2018-04-20 13:00:00,etth1,HUFL,24,45,xgboost,3.9181622734544432
2018-04-20 14:00:00,etth1,HUFL,24,45,xgboost,3.7910288761341078
2018-04-20 15:00:00,etth1,HUFL,24,45,xgboost,3.4162600102005327
2018-04-20 16:00:00,etth1,HUFL,24,45,xgboost,3.6539492756121903
2018-04-20 17:00:00,etth1,HUFL,24,45,xgboost,3.725877605487432
2018-04-20 18:00:00,etth1,HUFL,24,45,xgboost,4.0781041681438355
2018-04-20 19:00:00,etth1,HUFL,24,45,xgboost,3.899334515724609
2018-04-20 20:00:00,etth1,HUFL,24,45,xgboost,3.658371212506966
2018-04-20 21:00:00,etth1,HUFL,24,45,xgboost,3.92484748303445
2018-04-20 22:00:00,etth1,HUFL,24,45,xgboost,3.7853812245403007
2018-04-20 23:00:00,etth1,HUFL,24,45,xgboost,4.5583137194156995
2018-04-21 00:00:00,etth1,HUFL,24,45,xgboost,4.578515961807067
2018-04-21 01:00:00,etth1,HUFL,24,45,xgboost,4.3833287774070975
2018-04-21 02:00:00,etth1,HUFL,24,45,xgboost,4.372240358678453
2018-04-21 03:00:00,etth1,HUFL,24,45,xgboost,4.454269384579715
2018-04-21 04:00:00,etth1,HUFL,24,45,xgboost,3.98683168742197
2018-04-21 05:00:00,etth1,HUFL,24,45,xgboost,4.258596561778201
2018-04-21 06:00:00,etth1,HUFL,24,45,xgboost,4.345004508729129
2018-04-21 07:00:00,etth1,HUFL,24,45,xgboost,3.140755752023093
2018-04-21 08:00:00,etth1,HUFL,24,45,xgboost,2.7664784522624317
2018-04-21 09:00:00,etth1,HUFL,24,45,xgboost,3.21212121100101
2018-04-21 10:00:00,etth1,HUFL,24,45,xgboost,3.0350559867609035
2018-04-21 11:00:00,etth1,HUFL,24,45,xgboost,3.448383131364855
2018-04-21 12:00:00,etth1,HUFL,24,45,xgboost,3.9135619632339065
2018-04-21 13:00:00,etth1,HUFL,24,45,xgboost,3.3515405346101006
2018-04-21 14:00:00,etth1,HUFL,24,45,xgboost,2.6182961600124113
2018-04-21 15:00:00,etth1,HUFL,24,45,xgboost,3.12902101039419
2018-04-21 16:00:00,etth1,HUFL,24,45,xgboost,3.103043852997702
2018-04-21 17:00:00,etth1,HUFL,24,45,xgboost,3.1945250992102463
2018-04-21 18:00:00,etth1,HUFL,24,45,xgboost,3.116331446210699
2018-04-21 19:00:00,etth1,HUFL,24,45,xgboost,2.7469530662450783
2018-04-21 20:00:00,etth1,HUFL,24,45,xgboost,3.1651549444115497
2018-04-21 21:00:00,etth1,HUFL,24,45,xgboost,3.202692186794566
2018-04-21 22:00:00,etth1,HUFL,24,45,xgboost,3.192936648639346
2018-04-21 23:00:00,etth1,HUFL,24,45,xgboost,3.9293006985187637
2018-04-22 00:00:00,etth1,HUFL,24,45,xgboost,4.034942155176831
2018-04-22 01:00:00,etth1,HUFL,24,45,xgboost,3.2261311846980507
2018-04-22 02:00:00,etth1,HUFL,24,45,xgboost,3.310269696620668
2018-04-22 03:00:00,etth1,HUFL,24,45,xgboost,2.7275424554345875
2018-04-22 04:00:00,etth1,HUFL,24,45,xgboost,2.821803165951049
2018-04-22 05:00:00,etth1,HUFL,24,45,xgboost,3.000434372681935
2018-04-22 06:00:00,etth1,HUFL,24,45,xgboost,3.4446126971180093
2018-04-22 07:00:00,etth1,HUFL,24,45,xgboost,2.4537105304805893
2018-04-22 08:00:00,etth1,HUFL,24,45,xgboost,2.6692050870114206
2018-04-22 09:00:00,etth1,HUFL,24,45,xgboost,2.5696833751611416
2018-04-22 10:00:00,etth1,HUFL,24,45,xgboost,2.7997143817987253
2018-04-22 11:00:00,etth1,HUFL,24,45,xgboost,2.601304952569065
2018-04-22 12:00:00,etth1,HUFL,24,45,xgboost,2.6279215500457394
2018-04-22 13:00:00,etth1,HUFL,24,45,xgboost,2.8845293844972493
2018-04-22 14:00:00,etth1,HUFL,24,45,xgboost,3.3305056942625275
2018-04-22 15:00:00,etth1,HUFL,24,45,xgboost,3.0335183346528845
2018-04-22 16:00:00,etth1,HUFL,24,45,xgboost,3.3434386434696557
2018-04-22 17:00:00,etth1,HUFL,24,45,xgboost,4.254918978021969
2018-04-22 18:00:00,etth1,HUFL,24,45,xgboost,4.42062209857952
2018-04-22 19:00:00,etth1,HUFL,24,45,xgboost,3.9666559448545833
2018-04-22 20:00:00,etth1,HUFL,24,45,xgboost,3.958152032414617
2018-04-22 21:00:00,etth1,HUFL,24,45,xgboost,3.8294197728804327
2018-04-22 22:00:00,etth1,HUFL,24,45,xgboost,4.226529380928386
2018-04-22 23:00:00,etth1,HUFL,24,45,xgboost,4.621303954602929
2018-04-23 00:00:00,etth1,HUFL,24,45,xgboost,3.7141002681643216
2018-04-23 01:00:00,etth1,HUFL,24,45,xgboost,4.526936768343209
2018-04-23 02:00:00,etth1,HUFL,24,45,xgboost,4.5136392960902505
2018-04-23 03:00:00,etth1,HUFL,24,45,xgboost,4.22602326174866
2018-04-23 04:00:00,etth1,HUFL,24,45,xgboost,4.112445591618648
2018-04-23 05:00:00,etth1,HUFL,24,45,xgboost,4.653695376933386
2018-04-23 06:00:00,etth1,HUFL,24,45,xgboost,4.859007787520537
2018-04-23 07:00:00,etth1,HUFL,24,45,xgboost,4.312345577399025
2018-04-23 08:00:00,etth1,HUFL,24,45,xgboost,4.382776342129192
2018-04-23 09:00:00,etth1,HUFL,24,45,xgboost,3.003361939872908
2018-04-23 10:00:00,etth1,HUFL,24,45,xgboost,3.1608859979285087
2018-04-23 11:00:00,etth1,HUFL,24,45,xgboost,3.220083619215617
2018-04-23 12:00:00,etth1,HUFL,24,45,xgboost,3.185242190751127
2018-04-23 13:00:00,etth1,HUFL,24,45,xgboost,3.399991480106594
2018-04-23 14:00:00,etth1,HUFL,24,45,xgboost,3.0823566803039597
2018-04-23 15:00:00,etth1,HUFL,24,45,xgboost,3.4272684642080136
2018-04-23 16:00:00,etth1,HUFL,24,45,xgboost,3.3316752997912213
2018-04-23 17:00:00,etth1,HUFL,24,45,xgboost,3.9356916935160253
2018-04-23 18:00:00,etth1,HUFL,24,45,xgboost,3.86853078097926
2018-04-23 19:00:00,etth1,HUFL,24,45,xgboost,3.9648089951579073
2018-04-23 20:00:00,etth1,HUFL,24,45,xgboost,4.151659303697276
2018-04-23 21:00:00,etth1,HUFL,24,45,xgboost,4.452599250484874
2018-04-23 22:00:00,etth1,HUFL,24,45,xgboost,4.315603395112665
2018-04-23 23:00:00,etth1,HUFL,24,45,xgboost,4.422351692934725
2018-04-24 00:00:00,etth1,HUFL,24,45,xgboost,3.6697196144484074
2018-04-24 01:00:00,etth1,HUFL,24,45,xgboost,3.462664929587518
2018-04-24 02:00:00,etth1,HUFL,24,45,xgboost,3.426068361018492
2018-04-24 03:00:00,etth1,HUFL,24,45,xgboost,2.872528332841059
2018-04-24 04:00:00,etth1,HUFL,24,45,xgboost,2.2582045439830307
2018-04-24 05:00:00,etth1,HUFL,24,45,xgboost,2.3983141361440325
2018-04-24 06:00:00,etth1,HUFL,24,45,xgboost,2.47686008893357
2018-04-24 07:00:00,etth1,HUFL,24,45,xgboost,3.7860811540467423
2018-04-24 08:00:00,etth1,HUFL,24,45,xgboost,4.5290215719478555
2018-04-24 09:00:00,etth1,HUFL,24,45,xgboost,5.118913157460953
2018-04-24 10:00:00,etth1,HUFL,24,45,xgboost,3.806545438188459
2018-04-24 11:00:00,etth1,HUFL,24,45,xgboost,3.071144061219694
2018-04-24 12:00:00,etth1,HUFL,24,45,xgboost,3.124549299330591
2018-04-24 13:00:00,etth1,HUFL,24,45,xgboost,3.6558201014323894
2018-04-24 14:00:00,etth1,HUFL,24,45,xgboost,3.79413485471922
2018-04-24 15:00:00,etth1,HUFL,24,45,xgboost,4.306896911682419
2018-04-24 16:00:00,etth1,HUFL,24,45,xgboost,4.182165327111227
2018-04-24 17:00:00,etth1,HUFL,24,45,xgboost,4.409759983538076
2018-04-24 18:00:00,etth1,HUFL,24,45,xgboost,3.894387463701231
2018-04-24 19:00:00,etth1,HUFL,24,45,xgboost,3.6033018194718895
2018-04-24 20:00:00,etth1,HUFL,24,45,xgboost,3.8249327751708484
2018-04-24 21:00:00,etth1,HUFL,24,45,xgboost,3.740168351186146
2018-04-24 22:00:00,etth1,HUFL,24,45,xgboost,4.055153787031517
2018-04-24 23:00:00,etth1,HUFL,24,45,xgboost,4.05479861556903
2018-04-25 00:00:00,etth1,HUFL,24,45,xgboost,3.286628258078064
2018-04-25 01:00:00,etth1,HUFL,24,45,xgboost,3.2565784942684064
2018-04-25 02:00:00,etth1,HUFL,24,45,xgboost,3.6023712799458596
2018-04-25 03:00:00,etth1,HUFL,24,45,xgboost,3.658311652582863
2018-04-25 04:00:00,etth1,HUFL,24,45,xgboost,3.250585057973575
2018-04-25 05:00:00,etth1,HUFL,24,45,xgboost,2.518127343738
2018-04-25 06:00:00,etth1,HUFL,24,45,xgboost,2.6174867650806326
2018-04-25 07:00:00,etth1,HUFL,24,45,xgboost,3.456154860461909
2018-04-25 08:00:00,etth1,HUFL,24,45,xgboost,4.185852075850001
2018-04-25 09:00:00,etth1,HUFL,24,45,xgboost,3.7164945471660764
2018-04-25 10:00:00,etth1,HUFL,24,45,xgboost,3.30371084726419
2018-04-25 11:00:00,etth1,HUFL,24,45,xgboost,3.1370844353711043
2018-04-25 12:00:00,etth1,HUFL,24,45,xgboost,2.716988200986602
2018-04-25 13:00:00,etth1,HUFL,24,45,xgboost,2.7213221272251986
2018-04-25 14:00:00,etth1,HUFL,24,45,xgboost,2.85893986147696
2018-04-25 15:00:00,etth1,HUFL,24,45,xgboost,2.8142726514772547
2018-04-25 16:00:00,etth1,HUFL,24,45,xgboost,3.4292476708619417
2018-04-25 17:00:00,etth1,HUFL,24,45,xgboost,3.1066132772018684
2018-04-25 18:00:00,etth1,HUFL,24,45,xgboost,2.952952352179837
2018-04-25 19:00:00,etth1,HUFL,24,45,xgboost,2.7983507534398946
2018-04-25 20:00:00,etth1,HUFL,24,45,xgboost,2.590337595706717
2018-04-25 21:00:00,etth1,HUFL,24,45,xgboost,2.937311006541115
2018-04-25 22:00:00,etth1,HUFL,24,45,xgboost,2.7181747966245524
2018-04-25 23:00:00,etth1,HUFL,24,45,xgboost,3.2333855636955167
2018-04-26 00:00:00,etth1,HUFL,24,45,xgboost,3.197024475808925
2018-04-26 01:00:00,etth1,HUFL,24,45,xgboost,3.348590342181686
2018-04-26 02:00:00,etth1,HUFL,24,45,xgboost,3.1213255330641907
2018-04-26 03:00:00,etth1,HUFL,24,45,xgboost,3.008982082369265
2018-04-26 04:00:00,etth1,HUFL,24,45,xgboost,3.149813830258409
2018-04-26 05:00:00,etth1,HUFL,24,45,xgboost,2.690391111853827
2018-04-26 06:00:00,etth1,HUFL,24,45,xgboost,3.0027191350676024
2018-04-26 07:00:00,etth1,HUFL,24,45,xgboost,2.6028546891257043
2018-04-26 08:00:00,etth1,HUFL,24,45,xgboost,2.775283325067649
2018-04-26 09:00:00,etth1,HUFL,24,45,xgboost,2.9167008988647964
2018-04-26 10:00:00,etth1,HUFL,24,45,xgboost,4.480686229500118
2018-04-26 11:00:00,etth1,HUFL,24,45,xgboost,3.523035295307689
2018-04-26 12:00:00,etth1,HUFL,24,45,xgboost,4.143538885546508
2018-04-26 13:00:00,etth1,HUFL,24,45,xgboost,3.4265041648450443
2018-04-26 14:00:00,etth1,HUFL,24,45,xgboost,4.137089332550133
2018-04-26 15:00:00,etth1,HUFL,24,45,xgboost,3.6644418866109114
2018-04-26 16:00:00,etth1,HUFL,24,45,xgboost,3.6900566455525463
2018-04-26 17:00:00,etth1,HUFL,24,45,xgboost,3.705227413197109
2018-04-26 18:00:00,etth1,HUFL,24,45,xgboost,4.098799617076433
2018-04-26 19:00:00,etth1,HUFL,24,45,xgboost,4.187136408975884
2018-04-26 20:00:00,etth1,HUFL,24,45,xgboost,4.272992485534638
2018-04-26 21:00:00,etth1,HUFL,24,45,xgboost,4.112901788783103
2018-04-26 22:00:00,etth1,HUFL,24,45,xgboost,4.165063743603056
2018-04-26 23:00:00,etth1,HUFL,24,45,xgboost,4.455787787246106
2018-04-27 00:00:00,etth1,HUFL,24,45,xgboost,3.4011126484217216
2018-04-27 01:00:00,etth1,HUFL,24,45,xgboost,3.282572282954792
2018-04-27 02:00:00,etth1,HUFL,24,45,xgboost,2.979312004638528
2018-04-27 03:00:00,etth1,HUFL,24,45,xgboost,3.022363486196566
2018-04-27 04:00:00,etth1,HUFL,24,45,xgboost,2.5535298167165306
2018-04-27 05:00:00,etth1,HUFL,24,45,xgboost,1.9971900092364392
2018-04-27 06:00:00,etth1,HUFL,24,45,xgboost,2.3341962832750967
2018-04-27 07:00:00,etth1,HUFL,24,45,xgboost,3.287611836777188
2018-04-27 08:00:00,etth1,HUFL,24,45,xgboost,4.009669958092119
2018-04-27 09:00:00,etth1,HUFL,24,45,xgboost,3.1170901514450278
2018-04-27 10:00:00,etth1,HUFL,24,45,xgboost,2.8857764008324183
2018-04-27 11:00:00,etth1,HUFL,24,45,xgboost,2.306440720011943
2018-04-27 12:00:00,etth1,HUFL,24,45,xgboost,2.707498525913597
2018-04-27 13:00:00,etth1,HUFL,24,45,xgboost,2.6611727365967512
2018-04-27 14:00:00,etth1,HUFL,24,45,xgboost,2.5339295568231335
2018-04-27 15:00:00,etth1,HUFL,24,45,xgboost,2.6033468652895126
2018-04-27 16:00:00,etth1,HUFL,24,45,xgboost,2.451172238585401
2018-04-27 17:00:00,etth1,HUFL,24,45,xgboost,2.6349490967273996
2018-04-27 18:00:00,etth1,HUFL,24,45,xgboost,2.925513491042077
2018-04-27 19:00:00,etth1,HUFL,24,45,xgboost,2.975848975235383
2018-04-27 20:00:00,etth1,HUFL,24,45,xgboost,2.8559620310346117
2018-04-27 21:00:00,etth1,HUFL,24,45,xgboost,2.9084122377173913
2018-04-27 22:00:00,etth1,HUFL,24,45,xgboost,3.268316928311098
2018-04-27 23:00:00,etth1,HUFL,24,45,xgboost,3.629811389074955
2018-04-28 00:00:00,etth1,HUFL,24,45,xgboost,3.383506117199173
2018-04-28 01:00:00,etth1,HUFL,24,45,xgboost,2.5884349521311503
2018-04-28 02:00:00,etth1,HUFL,24,45,xgboost,2.7543947668418496
2018-04-28 03:00:00,etth1,HUFL,24,45,xgboost,2.466245704412008
2018-04-28 04:00:00,etth1,HUFL,24,45,xgboost,2.056189941060602
2018-04-28 05:00:00,etth1,HUFL,24,45,xgboost,2.343662224297824
2018-04-28 06:00:00,etth1,HUFL,24,45,xgboost,2.233743073671618
2018-04-28 07:00:00,etth1,HUFL,24,45,xgboost,2.2591137602079923
2018-04-28 08:00:00,etth1,HUFL,24,45,xgboost,3.2432017147117835
2018-04-28 09:00:00,etth1,HUFL,24,45,xgboost,3.7013698781097895
2018-04-28 10:00:00,etth1,HUFL,24,45,xgboost,3.3611385048975664
2018-04-28 11:00:00,etth1,HUFL,24,45,xgboost,2.6477800554997732
2018-04-28 12:00:00,etth1,HUFL,24,45,xgboost,2.647397808305763
2018-04-28 13:00:00,etth1,HUFL,24,45,xgboost,2.2521395329147533
2018-04-28 14:00:00,etth1,HUFL,24,45,xgboost,2.39175827413195
2018-04-28 15:00:00,etth1,HUFL,24,45,xgboost,2.4773867203832896
2018-04-28 16:00:00,etth1,HUFL,24,45,xgboost,2.2375587045501346
2018-04-28 17:00:00,etth1,HUFL,24,45,xgboost,2.4825730817721285
2018-04-28 18:00:00,etth1,HUFL,24,45,xgboost,2.6169109099850005
2018-04-28 19:00:00,etth1,HUFL,24,45,xgboost,2.6026879123031277
2018-04-28 20:00:00,etth1,HUFL,24,45,xgboost,2.5149314921968564
2018-04-28 21:00:00,etth1,HUFL,24,45,xgboost,2.7216614492511475
2018-04-28 22:00:00,etth1,HUFL,24,45,xgboost,2.746147099873515
2018-04-28 23:00:00,etth1,HUFL,24,45,xgboost,2.7777498164490844
2018-04-29 00:00:00,etth1,HUFL,24,45,xgboost,2.374606582061497
2018-04-29 01:00:00,etth1,HUFL,24,45,xgboost,2.572094853293383
2018-04-29 02:00:00,etth1,HUFL,24,45,xgboost,2.354384937305768
2018-04-29 03:00:00,etth1,HUFL,24,45,xgboost,2.2701267244920014
2018-04-29 04:00:00,etth1,HUFL,24,45,xgboost,2.13494053496118
2018-04-29 05:00:00,etth1,HUFL,24,45,xgboost,2.0257711984739557
2018-04-29 06:00:00,etth1,HUFL,24,45,xgboost,2.3467306146712543
2018-04-29 07:00:00,etth1,HUFL,24,45,xgboost,2.4157945898467856
2018-04-29 08:00:00,etth1,HUFL,24,45,xgboost,2.636539153839612
2018-04-29 09:00:00,etth1,HUFL,24,45,xgboost,2.6817436525615275
2018-04-29 10:00:00,etth1,HUFL,24,45,xgboost,2.319885890604649
2018-04-29 11:00:00,etth1,HUFL,24,45,xgboost,2.8724117058723913
2018-04-29 12:00:00,etth1,HUFL,24,45,xgboost,2.8396362227839966
2018-04-29 13:00:00,etth1,HUFL,24,45,xgboost,3.458187561358249
2018-04-29 14:00:00,etth1,HUFL,24,45,xgboost,3.6589559410843155
2018-04-29 15:00:00,etth1,HUFL,24,45,xgboost,2.9278352208597855
2018-04-29 16:00:00,etth1,HUFL,24,45,xgboost,3.128118406792088
2018-04-29 17:00:00,etth1,HUFL,24,45,xgboost,3.304066684682003
2018-04-29 18:00:00,etth1,HUFL,24,45,xgboost,3.479731902575604
2018-04-29 19:00:00,etth1,HUFL,24,45,xgboost,3.230092521614018
2018-04-29 20:00:00,etth1,HUFL,24,45,xgboost,3.1535931845766823
2018-04-29 21:00:00,etth1,HUFL,24,45,xgboost,3.220477466545144
2018-04-29 22:00:00,etth1,HUFL,24,45,xgboost,3.5113480076679484
2018-04-29 23:00:00,etth1,HUFL,24,45,xgboost,3.018373737768402
2018-04-30 00:00:00,etth1,HUFL,24,45,xgboost,3.218786140393236
2018-04-30 01:00:00,etth1,HUFL,24,45,xgboost,3.740552851302821
2018-04-30 02:00:00,etth1,HUFL,24,45,xgboost,3.2736479907756455
2018-04-30 03:00:00,etth1,HUFL,24,45,xgboost,3.23046772165034
2018-04-30 04:00:00,etth1,HUFL,24,45,xgboost,2.984277951221911
2018-04-30 05:00:00,etth1,HUFL,24,45,xgboost,2.6203291879989385
2018-04-30 06:00:00,etth1,HUFL,24,45,xgboost,2.115010888060244
2018-04-30 07:00:00,etth1,HUFL,24,45,xgboost,2.9028735630168008
2018-04-30 08:00:00,etth1,HUFL,24,45,xgboost,3.516001125921305
2018-04-30 09:00:00,etth1,HUFL,24,45,xgboost,3.8208866640304255
2018-04-30 10:00:00,etth1,HUFL,24,45,xgboost,3.0403274673727765
2018-04-30 11:00:00,etth1,HUFL,24,45,xgboost,3.2953347769720707
2018-04-30 12:00:00,etth1,HUFL,24,45,xgboost,3.0160262055887515
2018-04-30 13:00:00,etth1,HUFL,24,45,xgboost,3.547706284046613
2018-04-30 14:00:00,etth1,HUFL,24,45,xgboost,3.4124499813614624
2018-04-30 15:00:00,etth1,HUFL,24,45,xgboost,3.3019161910412653
2018-04-30 16:00:00,etth1,HUFL,24,45,xgboost,3.5162550280452494
2018-04-30 17:00:00,etth1,HUFL,24,45,xgboost,2.8110349581091776
2018-04-30 18:00:00,etth1,HUFL,24,45,xgboost,2.892514359975465
2018-04-30 19:00:00,etth1,HUFL,24,45,xgboost,2.6688447463684555
2018-04-30 20:00:00,etth1,HUFL,24,45,xgboost,2.805799915840986
2018-04-30 21:00:00,etth1,HUFL,24,45,xgboost,2.964677267832587
2018-04-30 22:00:00,etth1,HUFL,24,45,xgboost,2.805548986852679
2018-04-30 23:00:00,etth1,HUFL,24,45,xgboost,2.770723338811651
2018-05-01 00:00:00,etth1,HUFL,24,45,xgboost,3.3945363750129496
2018-05-01 01:00:00,etth1,HUFL,24,45,xgboost,3.0665171376467515
2018-05-01 02:00:00,etth1,HUFL,24,45,xgboost,2.687723336396507
2018-05-01 03:00:00,etth1,HUFL,24,45,xgboost,2.7298882252384913
2018-05-01 04:00:00,etth1,HUFL,24,45,xgboost,2.6422183790472644
2018-05-01 05:00:00,etth1,HUFL,24,45,xgboost,2.488732421855487
2018-05-01 06:00:00,etth1,HUFL,24,45,xgboost,2.5459330454838147
2018-05-01 07:00:00,etth1,HUFL,24,45,xgboost,2.575000211207794
2018-05-01 08:00:00,etth1,HUFL,24,45,xgboost,2.7364927759097113
2018-05-01 09:00:00,etth1,HUFL,24,45,xgboost,3.160754922425182
2018-05-01 10:00:00,etth1,HUFL,24,45,xgboost,2.9386288242617695
2018-05-01 11:00:00,etth1,HUFL,24,45,xgboost,2.8432236784125102
2018-05-01 12:00:00,etth1,HUFL,24,45,xgboost,3.602039688736428
2018-05-01 13:00:00,etth1,HUFL,24,45,xgboost,3.0779798970112893
2018-05-01 14:00:00,etth1,HUFL,24,45,xgboost,3.4360868157636997
2018-05-01 15:00:00,etth1,HUFL,24,45,xgboost,3.627684621915035
2018-05-01 16:00:00,etth1,HUFL,24,45,xgboost,3.3625787739807316
2018-05-01 17:00:00,etth1,HUFL,24,45,xgboost,3.7460278422852915
2018-05-01 18:00:00,etth1,HUFL,24,45,xgboost,3.776528599447784
2018-05-01 19:00:00,etth1,HUFL,24,45,xgboost,3.484314656497738
2018-05-01 20:00:00,etth1,HUFL,24,45,xgboost,3.7087136548764055
2018-05-01 21:00:00,etth1,HUFL,24,45,xgboost,3.965675439190987
2018-05-01 22:00:00,etth1,HUFL,24,45,xgboost,3.5090927450555447
2018-05-01 23:00:00,etth1,HUFL,24,45,xgboost,3.919474798925467
2018-05-02 00:00:00,etth1,HUFL,24,45,xgboost,3.860085575658708
2018-05-02 01:00:00,etth1,HUFL,24,45,xgboost,3.437046244731389
2018-05-02 02:00:00,etth1,HUFL,24,45,xgboost,3.3168041057312845
2018-05-02 03:00:00,etth1,HUFL,24,45,xgboost,3.2056272103513828
2018-05-02 04:00:00,etth1,HUFL,24,45,xgboost,3.324928891730204
2018-05-02 05:00:00,etth1,HUFL,24,45,xgboost,2.9579070815793433
2018-05-02 06:00:00,etth1,HUFL,24,45,xgboost,2.555904303389287
2018-05-02 07:00:00,etth1,HUFL,24,45,xgboost,3.0268330938065944
2018-05-02 08:00:00,etth1,HUFL,24,45,xgboost,3.4092282103838905
2018-05-02 09:00:00,etth1,HUFL,24,45,xgboost,4.344328280670466
2018-05-02 10:00:00,etth1,HUFL,24,45,xgboost,4.17263716515539
2018-05-02 11:00:00,etth1,HUFL,24,45,xgboost,4.477347835396631
2018-05-02 12:00:00,etth1,HUFL,24,45,xgboost,3.9072278332116306
2018-05-02 13:00:00,etth1,HUFL,24,45,xgboost,5.055645852857011
2018-05-02 14:00:00,etth1,HUFL,24,45,xgboost,4.663818063501633
2018-05-02 15:00:00,etth1,HUFL,24,45,xgboost,5.227901878251878
2018-05-02 16:00:00,etth1,HUFL,24,45,xgboost,6.034704762151179
2018-05-02 17:00:00,etth1,HUFL,24,45,xgboost,5.374854855179915
2018-05-02 18:00:00,etth1,HUFL,24,45,xgboost,5.557981159516605
2018-05-02 19:00:00,etth1,HUFL,24,45,xgboost,5.816504659162423
2018-05-02 20:00:00,etth1,HUFL,24,45,xgboost,6.261451587303462
2018-05-02 21:00:00,etth1,HUFL,24,45,xgboost,5.735675136747868
2018-05-02 22:00:00,etth1,HUFL,24,45,xgboost,5.716543802348809
2018-05-02 23:00:00,etth1,HUFL,24,45,xgboost,5.550510169439541
2018-05-03 00:00:00,etth1,HUFL,24,45,xgboost,5.3559073828061585
2018-05-03 01:00:00,etth1,HUFL,24,45,xgboost,4.983516884606163
2018-05-03 02:00:00,etth1,HUFL,24,45,xgboost,4.617319046121103
2018-05-03 03:00:00,etth1,HUFL,24,45,xgboost,4.624766354441372
2018-05-03 04:00:00,etth1,HUFL,24,45,xgboost,4.510483735071337
2018-05-03 05:00:00,etth1,HUFL,24,45,xgboost,4.462715045628145
2018-05-03 06:00:00,etth1,HUFL,24,45,xgboost,3.6371901454235513
2018-05-03 07:00:00,etth1,HUFL,24,45,xgboost,4.560307960836634
2018-05-03 08:00:00,etth1,HUFL,24,45,xgboost,6.313085482678531
2018-05-03 09:00:00,etth1,HUFL,24,45,xgboost,5.356390668575346
2018-05-03 10:00:00,etth1,HUFL,24,45,xgboost,3.932155444322941
2018-05-03 11:00:00,etth1,HUFL,24,45,xgboost,4.257323575290691
2018-05-03 12:00:00,etth1,HUFL,24,45,xgboost,4.116743989565594
2018-05-03 13:00:00,etth1,HUFL,24,45,xgboost,4.41221721086809
2018-05-03 14:00:00,etth1,HUFL,24,45,xgboost,3.925617010348672
2018-05-03 15:00:00,etth1,HUFL,24,45,xgboost,4.132944166006765
2018-05-03 16:00:00,etth1,HUFL,24,45,xgboost,4.082955399002102
2018-05-03 17:00:00,etth1,HUFL,24,45,xgboost,4.035270311269212
2018-05-03 18:00:00,etth1,HUFL,24,45,xgboost,4.18842301899397
2018-05-03 19:00:00,etth1,HUFL,24,45,xgboost,4.514568776572482
2018-05-03 20:00:00,etth1,HUFL,24,45,xgboost,3.909572076879275
2018-05-03 21:00:00,etth1,HUFL,24,45,xgboost,4.176810855525623
2018-05-03 22:00:00,etth1,HUFL,24,45,xgboost,3.6594231667099435
2018-05-03 23:00:00,etth1,HUFL,24,45,xgboost,3.8395155864437793
2018-05-04 00:00:00,etth1,HUFL,24,45,xgboost,3.4880045845506746
2018-05-04 01:00:00,etth1,HUFL,24,45,xgboost,3.3827684011814783
2018-05-04 02:00:00,etth1,HUFL,24,45,xgboost,3.2690305111272013
2018-05-04 03:00:00,etth1,HUFL,24,45,xgboost,3.3621552278890703
2018-05-04 04:00:00,etth1,HUFL,24,45,xgboost,2.9280766216553187
2018-05-04 05:00:00,etth1,HUFL,24,45,xgboost,2.758695295078844
2018-05-04 06:00:00,etth1,HUFL,24,45,xgboost,3.105721709354389
2018-05-04 07:00:00,etth1,HUFL,24,45,xgboost,3.7384777372022953
2018-05-04 08:00:00,etth1,HUFL,24,45,xgboost,5.091123857442059
2018-05-04 09:00:00,etth1,HUFL,24,45,xgboost,4.093818421716251
2018-05-04 10:00:00,etth1,HUFL,24,45,xgboost,4.132087105942018
2018-05-04 11:00:00,etth1,HUFL,24,45,xgboost,4.142503339659926
2018-05-04 12:00:00,etth1,HUFL,24,45,xgboost,4.701635577075263
2018-05-04 13:00:00,etth1,HUFL,24,45,xgboost,4.840791146942239
2018-05-04 14:00:00,etth1,HUFL,24,45,xgboost,4.928790968236427
2018-05-04 15:00:00,etth1,HUFL,24,45,xgboost,3.3069085360275907
2018-05-04 16:00:00,etth1,HUFL,24,45,xgboost,3.11218708442064
2018-05-04 17:00:00,etth1,HUFL,24,45,xgboost,2.9748672164807863
2018-05-04 18:00:00,etth1,HUFL,24,45,xgboost,3.1494658379401907
2018-05-04 19:00:00,etth1,HUFL,24,45,xgboost,3.2121223024873427
2018-05-04 20:00:00,etth1,HUFL,24,45,xgboost,2.8098277255670077
2018-05-04 21:00:00,etth1,HUFL,24,45,xgboost,2.596022818077473
2018-05-04 22:00:00,etth1,HUFL,24,45,xgboost,2.9736012894360915
2018-05-04 23:00:00,etth1,HUFL,24,45,xgboost,3.27113869172739
2018-05-05 00:00:00,etth1,HUFL,24,45,xgboost,3.578167876223473
2018-05-05 01:00:00,etth1,HUFL,24,45,xgboost,3.9856969022771036
2018-05-05 02:00:00,etth1,HUFL,24,45,xgboost,4.095243232743083
2018-05-05 03:00:00,etth1,HUFL,24,45,xgboost,4.294832635855694
2018-05-05 04:00:00,etth1,HUFL,24,45,xgboost,4.604170520572965
2018-05-05 05:00:00,etth1,HUFL,24,45,xgboost,4.4952197234407025
2018-05-05 06:00:00,etth1,HUFL,24,45,xgboost,5.012531073762804
2018-05-05 07:00:00,etth1,HUFL,24,45,xgboost,4.294102028528868
2018-05-05 08:00:00,etth1,HUFL,24,45,xgboost,2.5572324012731014
2018-05-05 09:00:00,etth1,HUFL,24,45,xgboost,2.339147983538006
2018-05-05 10:00:00,etth1,HUFL,24,45,xgboost,2.940706859246852
2018-05-05 11:00:00,etth1,HUFL,24,45,xgboost,2.0970562134571256
2018-05-05 12:00:00,etth1,HUFL,24,45,xgboost,2.4131561321851422
2018-05-05 13:00:00,etth1,HUFL,24,45,xgboost,2.6562913262190224
2018-05-05 14:00:00,etth1,HUFL,24,45,xgboost,2.973967414620683
2018-05-05 15:00:00,etth1,HUFL,24,45,xgboost,2.9867237135137494
2018-05-05 16:00:00,etth1,HUFL,24,45,xgboost,3.207090447431165
2018-05-05 17:00:00,etth1,HUFL,24,45,xgboost,3.4935382713229557
2018-05-05 18:00:00,etth1,HUFL,24,45,xgboost,3.397740637404367
2018-05-05 19:00:00,etth1,HUFL,24,45,xgboost,3.1153881934893257
2018-05-05 20:00:00,etth1,HUFL,24,45,xgboost,3.0430129632281537
2018-05-05 21:00:00,etth1,HUFL,24,45,xgboost,3.050194687580486
2018-05-05 22:00:00,etth1,HUFL,24,45,xgboost,2.8666404642341994
2018-05-05 23:00:00,etth1,HUFL,24,45,xgboost,2.9332663670482595
2018-05-06 00:00:00,etth1,HUFL,24,45,xgboost,3.067408507987041
2018-05-06 01:00:00,etth1,HUFL,24,45,xgboost,3.5740634457755163
2018-05-06 02:00:00,etth1,HUFL,24,45,xgboost,3.0189802023422065
2018-05-06 03:00:00,etth1,HUFL,24,45,xgboost,2.8436930994828713
2018-05-06 04:00:00,etth1,HUFL,24,45,xgboost,2.9197816633756353
2018-05-06 05:00:00,etth1,HUFL,24,45,xgboost,3.061782696859991
2018-05-06 06:00:00,etth1,HUFL,24,45,xgboost,2.953392266050861
2018-05-06 07:00:00,etth1,HUFL,24,45,xgboost,3.1437152754535718
2018-05-06 08:00:00,etth1,HUFL,24,45,xgboost,3.186481805981956
2018-05-06 09:00:00,etth1,HUFL,24,45,xgboost,2.380231392516538
2018-05-06 10:00:00,etth1,HUFL,24,45,xgboost,2.244429272427814
2018-05-06 11:00:00,etth1,HUFL,24,45,xgboost,2.404428390543497
2018-05-06 12:00:00,etth1,HUFL,24,45,xgboost,2.7356629193199713
2018-05-06 13:00:00,etth1,HUFL,24,45,xgboost,2.9900664807571506
2018-05-06 14:00:00,etth1,HUFL,24,45,xgboost,2.59004070788887
2018-05-06 15:00:00,etth1,HUFL,24,45,xgboost,2.118211612951927
2018-05-06 16:00:00,etth1,HUFL,24,45,xgboost,2.1449692779447163
2018-05-06 17:00:00,etth1,HUFL,24,45,xgboost,1.7285847162159553
2018-05-06 18:00:00,etth1,HUFL,24,45,xgboost,2.9456302265401226
2018-05-06 19:00:00,etth1,HUFL,24,45,xgboost,1.996516911705527
2018-05-06 20:00:00,etth1,HUFL,24,45,xgboost,2.116223647784565
2018-05-06 21:00:00,etth1,HUFL,24,45,xgboost,2.423673974526713
2018-05-06 22:00:00,etth1,HUFL,24,45,xgboost,2.7866206911970757
2018-05-06 23:00:00,etth1,HUFL,24,45,xgboost,2.7700858621773317
2018-05-07 00:00:00,etth1,HUFL,24,45,xgboost,3.1604146245103024
2018-05-07 01:00:00,etth1,HUFL,24,45,xgboost,2.9889497997372363
2018-05-07 02:00:00,etth1,HUFL,24,45,xgboost,3.0706740543650466
2018-05-07 03:00:00,etth1,HUFL,24,45,xgboost,3.0750249403955388
2018-05-07 04:00:00,etth1,HUFL,24,45,xgboost,3.7102980133347265
2018-05-07 05:00:00,etth1,HUFL,24,45,xgboost,2.3057877688024786
2018-05-07 06:00:00,etth1,HUFL,24,45,xgboost,2.189042255254791
2018-05-07 07:00:00,etth1,HUFL,24,45,xgboost,2.3498180105814304
2018-05-07 08:00:00,etth1,HUFL,24,45,xgboost,2.3320541634884298
2018-05-07 09:00:00,etth1,HUFL,24,45,xgboost,2.3112083505903707
2018-05-07 10:00:00,etth1,HUFL,24,45,xgboost,1.9818942689141739
2018-05-07 11:00:00,etth1,HUFL,24,45,xgboost,2.645230501467104
2018-05-07 12:00:00,etth1,HUFL,24,45,xgboost,3.388904142962577
2018-05-07 13:00:00,etth1,HUFL,24,45,xgboost,3.6674103631301667
2018-05-07 14:00:00,etth1,HUFL,24,45,xgboost,3.710312763721054
2018-05-07 15:00:00,etth1,HUFL,24,45,xgboost,3.787731493821776
2018-05-07 16:00:00,etth1,HUFL,24,45,xgboost,4.507948322568411
2018-05-07 17:00:00,etth1,HUFL,24,45,xgboost,5.220936216560498
2018-05-07 18:00:00,etth1,HUFL,24,45,xgboost,5.686089246950716
2018-05-07 19:00:00,etth1,HUFL,24,45,xgboost,5.529683994437946
2018-05-07 20:00:00,etth1,HUFL,24,45,xgboost,5.814260749391821
2018-05-07 21:00:00,etth1,HUFL,24,45,xgboost,5.894471044519712
2018-05-07 22:00:00,etth1,HUFL,24,45,xgboost,6.3900772026992625
2018-05-07 23:00:00,etth1,HUFL,24,45,xgboost,8.043559058474907
2018-05-08 00:00:00,etth1,HUFL,24,45,xgboost,7.233754606164525
2018-05-08 01:00:00,etth1,HUFL,24,45,xgboost,7.388263815601287
2018-05-08 02:00:00,etth1,HUFL,24,45,xgboost,7.048262857448752
2018-05-08 03:00:00,etth1,HUFL,24,45,xgboost,7.158063035423107
2018-05-08 04:00:00,etth1,HUFL,24,45,xgboost,7.516008764440847
2018-05-08 05:00:00,etth1,HUFL,24,45,xgboost,8.03439817310111
2018-05-08 06:00:00,etth1,HUFL,24,45,xgboost,8.280160413215498
2018-05-08 07:00:00,etth1,HUFL,24,45,xgboost,8.469431871928185
2018-05-08 08:00:00,etth1,HUFL,24,45,xgboost,5.897947459402606
2018-05-08 09:00:00,etth1,HUFL,24,45,xgboost,6.063433139590537
2018-05-08 10:00:00,etth1,HUFL,24,45,xgboost,6.997074114526728
2018-05-08 11:00:00,etth1,HUFL,24,45,xgboost,7.728318421736937
2018-05-08 12:00:00,etth1,HUFL,24,45,xgboost,7.202785013416033
2018-05-08 13:00:00,etth1,HUFL,24,45,xgboost,8.551723507443667
2018-05-08 14:00:00,etth1,HUFL,24,45,xgboost,9.433587744528682
2018-05-08 15:00:00,etth1,HUFL,24,45,xgboost,5.444329009359933
2018-05-08 16:00:00,etth1,HUFL,24,45,xgboost,5.230706698354938
2018-05-08 17:00:00,etth1,HUFL,24,45,xgboost,6.324575586385616
2018-05-08 18:00:00,etth1,HUFL,24,45,xgboost,6.686660669963028
2018-05-08 19:00:00,etth1,HUFL,24,45,xgboost,6.845676568229369
2018-05-08 20:00:00,etth1,HUFL,24,45,xgboost,6.580708150457025
2018-05-08 21:00:00,etth1,HUFL,24,45,xgboost,6.355618195745676
2018-05-08 22:00:00,etth1,HUFL,24,45,xgboost,7.081124544043594
2018-05-08 23:00:00,etth1,HUFL,24,45,xgboost,6.993810460952151
2018-05-09 00:00:00,etth1,HUFL,24,45,xgboost,6.168638234820492
2018-05-09 01:00:00,etth1,HUFL,24,45,xgboost,6.4944922250836425
2018-05-09 02:00:00,etth1,HUFL,24,45,xgboost,6.3666117128597515
2018-05-09 03:00:00,etth1,HUFL,24,45,xgboost,6.197586636727597
2018-05-09 04:00:00,etth1,HUFL,24,45,xgboost,6.3712562063361124
2018-05-09 05:00:00,etth1,HUFL,24,45,xgboost,6.38379567543966
2018-05-09 06:00:00,etth1,HUFL,24,45,xgboost,6.208865040162313
2018-05-09 07:00:00,etth1,HUFL,24,45,xgboost,6.189968468987362
2018-05-09 08:00:00,etth1,HUFL,24,45,xgboost,4.945670485021895
2018-05-09 09:00:00,etth1,HUFL,24,45,xgboost,4.4478279579027165
2018-05-09 10:00:00,etth1,HUFL,24,45,xgboost,3.633383106004535
2018-05-09 11:00:00,etth1,HUFL,24,45,xgboost,4.018403184843374
2018-05-09 12:00:00,etth1,HUFL,24,45,xgboost,4.000520319495467
2018-05-09 13:00:00,etth1,HUFL,24,45,xgboost,4.06557218294183
2018-05-09 14:00:00,etth1,HUFL,24,45,xgboost,3.366459624530483
2018-05-09 15:00:00,etth1,HUFL,24,45,xgboost,3.1046560021960627
2018-05-09 16:00:00,etth1,HUFL,24,45,xgboost,2.753624886765906
2018-05-09 17:00:00,etth1,HUFL,24,45,xgboost,3.240947038393255
2018-05-09 18:00:00,etth1,HUFL,24,45,xgboost,3.4197623882164407
2018-05-09 19:00:00,etth1,HUFL,24,45,xgboost,3.3650988585988153
2018-05-09 20:00:00,etth1,HUFL,24,45,xgboost,3.4669538716041273
2018-05-09 21:00:00,etth1,HUFL,24,45,xgboost,3.5588183056808784
2018-05-09 22:00:00,etth1,HUFL,24,45,xgboost,3.691086872012742
2018-05-09 23:00:00,etth1,HUFL,24,45,xgboost,3.364665415138725
2018-05-10 00:00:00,etth1,HUFL,24,45,xgboost,4.242653773609811
2018-05-10 01:00:00,etth1,HUFL,24,45,xgboost,4.451135711043391
2018-05-10 02:00:00,etth1,HUFL,24,45,xgboost,4.822724612656618
2018-05-10 03:00:00,etth1,HUFL,24,45,xgboost,4.5009765650825
2018-05-10 04:00:00,etth1,HUFL,24,45,xgboost,4.3045996238591195
2018-05-10 05:00:00,etth1,HUFL,24,45,xgboost,4.465497387882983
2018-05-10 06:00:00,etth1,HUFL,24,45,xgboost,4.113771943762817
2018-05-10 07:00:00,etth1,HUFL,24,45,xgboost,4.812716833202692
2018-05-10 08:00:00,etth1,HUFL,24,45,xgboost,4.236169173147861
2018-05-10 09:00:00,etth1,HUFL,24,45,xgboost,4.814410708266191
2018-05-10 10:00:00,etth1,HUFL,24,45,xgboost,5.147781103548169
2018-05-10 11:00:00,etth1,HUFL,24,45,xgboost,5.300336720016163
2018-05-10 12:00:00,etth1,HUFL,24,45,xgboost,5.204144601413893
2018-05-10 13:00:00,etth1,HUFL,24,45,xgboost,4.598744611216043
2018-05-10 14:00:00,etth1,HUFL,24,45,xgboost,4.761752746331863
2018-05-10 15:00:00,etth1,HUFL,24,45,xgboost,4.757711164609118
2018-05-10 16:00:00,etth1,HUFL,24,45,xgboost,4.520330010095525
2018-05-10 17:00:00,etth1,HUFL,24,45,xgboost,4.5902902221692194
2018-05-10 18:00:00,etth1,HUFL,24,45,xgboost,4.682375407241457
2018-05-10 19:00:00,etth1,HUFL,24,45,xgboost,4.660084989227685
2018-05-10 20:00:00,etth1,HUFL,24,45,xgboost,5.358323766900829
2018-05-10 21:00:00,etth1,HUFL,24,45,xgboost,5.344636245304923
2018-05-10 22:00:00,etth1,HUFL,24,45,xgboost,5.625280362704509
2018-05-10 23:00:00,etth1,HUFL,24,45,xgboost,5.24896385376464
2018-05-11 00:00:00,etth1,HUFL,24,45,xgboost,4.8992787002409734
2018-05-11 01:00:00,etth1,HUFL,24,45,xgboost,4.365884927256942
2018-05-11 02:00:00,etth1,HUFL,24,45,xgboost,4.808215467816745
2018-05-11 03:00:00,etth1,HUFL,24,45,xgboost,5.207229016929833
2018-05-11 04:00:00,etth1,HUFL,24,45,xgboost,4.990619078029252
2018-05-11 05:00:00,etth1,HUFL,24,45,xgboost,5.20278204923841
2018-05-11 06:00:00,etth1,HUFL,24,45,xgboost,4.602923168057984
2018-05-11 07:00:00,etth1,HUFL,24,45,xgboost,4.570451442488081
2018-05-11 08:00:00,etth1,HUFL,24,45,xgboost,3.97683774425681
2018-05-11 09:00:00,etth1,HUFL,24,45,xgboost,5.292522339639894
2018-05-11 10:00:00,etth1,HUFL,24,45,xgboost,4.68413296287482
2018-05-11 11:00:00,etth1,HUFL,24,45,xgboost,4.574438802971237
2018-05-11 12:00:00,etth1,HUFL,24,45,xgboost,4.87616927754062
2018-05-11 13:00:00,etth1,HUFL,24,45,xgboost,5.993415779788013
2018-05-11 14:00:00,etth1,HUFL,24,45,xgboost,4.013297715513452
2018-05-11 15:00:00,etth1,HUFL,24,45,xgboost,4.3986465735801445
2018-05-11 16:00:00,etth1,HUFL,24,45,xgboost,4.407251472255228
2018-05-11 17:00:00,etth1,HUFL,24,45,xgboost,4.585947687095434
2018-05-11 18:00:00,etth1,HUFL,24,45,xgboost,3.979671980912311
2018-05-11 19:00:00,etth1,HUFL,24,45,xgboost,3.7010643162770194
2018-05-11 20:00:00,etth1,HUFL,24,45,xgboost,3.636441523753797
2018-05-11 21:00:00,etth1,HUFL,24,45,xgboost,3.4999922040959626
2018-05-11 22:00:00,etth1,HUFL,24,45,xgboost,3.713231539669879
2018-05-11 23:00:00,etth1,HUFL,24,45,xgboost,3.892618358896667
2018-05-12 00:00:00,etth1,HUFL,24,45,xgboost,3.9543143315224984
2018-05-12 01:00:00,etth1,HUFL,24,45,xgboost,4.0362671261219525
2018-05-12 02:00:00,etth1,HUFL,24,45,xgboost,3.992764164850854
2018-05-12 03:00:00,etth1,HUFL,24,45,xgboost,3.3836516048907943
2018-05-12 04:00:00,etth1,HUFL,24,45,xgboost,3.7540467005653917
2018-05-12 05:00:00,etth1,HUFL,24,45,xgboost,3.354095298688042
2018-05-12 06:00:00,etth1,HUFL,24,45,xgboost,3.417974755273756
2018-05-12 07:00:00,etth1,HUFL,24,45,xgboost,3.6198725227317166
2018-05-12 08:00:00,etth1,HUFL,24,45,xgboost,3.1690722807322795
2018-05-12 09:00:00,etth1,HUFL,24,45,xgboost,3.3947511452437507
2018-05-12 10:00:00,etth1,HUFL,24,45,xgboost,4.036332658012317
2018-05-12 11:00:00,etth1,HUFL,24,45,xgboost,3.595143957762533
2018-05-12 12:00:00,etth1,HUFL,24,45,xgboost,3.5198261075089925
2018-05-12 13:00:00,etth1,HUFL,24,45,xgboost,3.1148159658687553
2018-05-12 14:00:00,etth1,HUFL,24,45,xgboost,3.6533392694039026
2018-05-12 15:00:00,etth1,HUFL,24,45,xgboost,3.952607969197231
2018-05-12 16:00:00,etth1,HUFL,24,45,xgboost,4.508456879745172
2018-05-12 17:00:00,etth1,HUFL,24,45,xgboost,4.61978302767079
2018-05-12 18:00:00,etth1,HUFL,24,45,xgboost,4.739264517132961
2018-05-12 19:00:00,etth1,HUFL,24,45,xgboost,4.398861850442137
2018-05-12 20:00:00,etth1,HUFL,24,45,xgboost,4.5979825564335455
2018-05-12 21:00:00,etth1,HUFL,24,45,xgboost,3.780914560415338
2018-05-12 22:00:00,etth1,HUFL,24,45,xgboost,3.6456964666106995
2018-05-12 23:00:00,etth1,HUFL,24,45,xgboost,3.5527537094355353
2018-05-13 00:00:00,etth1,HUFL,24,45,xgboost,3.7172808382679055
2018-05-13 01:00:00,etth1,HUFL,24,45,xgboost,3.2775847061209356
2018-05-13 02:00:00,etth1,HUFL,24,45,xgboost,3.614331818936145
2018-05-13 03:00:00,etth1,HUFL,24,45,xgboost,3.5607935292079596
2018-05-13 04:00:00,etth1,HUFL,24,45,xgboost,4.9136926813411295
2018-05-13 05:00:00,etth1,HUFL,24,45,xgboost,4.519419937394152
2018-05-13 06:00:00,etth1,HUFL,24,45,xgboost,4.993207853861365
2018-05-13 07:00:00,etth1,HUFL,24,45,xgboost,6.220323015152327
2018-05-13 08:00:00,etth1,HUFL,24,45,xgboost,6.330873497794344
2018-05-13 09:00:00,etth1,HUFL,24,45,xgboost,6.087808294188105
2018-05-13 10:00:00,etth1,HUFL,24,45,xgboost,3.7109919904921824
2018-05-13 11:00:00,etth1,HUFL,24,45,xgboost,3.1374628641385005
2018-05-13 12:00:00,etth1,HUFL,24,45,xgboost,2.904614043288943
2018-05-13 13:00:00,etth1,HUFL,24,45,xgboost,3.587514249781958
2018-05-13 14:00:00,etth1,HUFL,24,45,xgboost,4.393695467664528
2018-05-13 15:00:00,etth1,HUFL,24,45,xgboost,4.401639429205119
2018-05-13 16:00:00,etth1,HUFL,24,45,xgboost,3.857547552751812
2018-05-13 17:00:00,etth1,HUFL,24,45,xgboost,3.1338973839708433
2018-05-13 18:00:00,etth1,HUFL,24,45,xgboost,2.8058354435521164
2018-05-13 19:00:00,etth1,HUFL,24,45,xgboost,3.3690576890599555
2018-05-13 20:00:00,etth1,HUFL,24,45,xgboost,3.0916192884856315
2018-05-13 21:00:00,etth1,HUFL,24,45,xgboost,3.1787813790771406
2018-05-13 22:00:00,etth1,HUFL,24,45,xgboost,2.872663798653638
2018-05-13 23:00:00,etth1,HUFL,24,45,xgboost,2.880547292797045
2018-05-14 00:00:00,etth1,HUFL,24,45,xgboost,2.1276056021662755
2018-05-14 01:00:00,etth1,HUFL,24,45,xgboost,2.3147397877157356
2018-05-14 02:00:00,etth1,HUFL,24,45,xgboost,1.6841161228634867
2018-05-14 03:00:00,etth1,HUFL,24,45,xgboost,1.7023361999963225
2018-05-14 04:00:00,etth1,HUFL,24,45,xgboost,1.5859186720961802
2018-05-14 05:00:00,etth1,HUFL,24,45,xgboost,2.406364270470095
2018-05-14 06:00:00,etth1,HUFL,24,45,xgboost,2.4300118725611344
2018-05-14 07:00:00,etth1,HUFL,24,45,xgboost,3.76616904072385
2018-05-14 08:00:00,etth1,HUFL,24,45,xgboost,5.000023821266478
2018-05-14 09:00:00,etth1,HUFL,24,45,xgboost,4.482465814152925
2018-05-14 10:00:00,etth1,HUFL,24,45,xgboost,3.7086310150821133
2018-05-14 11:00:00,etth1,HUFL,24,45,xgboost,3.4427302511592024
2018-05-14 12:00:00,etth1,HUFL,24,45,xgboost,3.5403227638375037
2018-05-14 13:00:00,etth1,HUFL,24,45,xgboost,3.1589563691940366
2018-05-14 14:00:00,etth1,HUFL,24,45,xgboost,3.3806184652823803
2018-05-14 15:00:00,etth1,HUFL,24,45,xgboost,3.702375204584175
2018-05-14 16:00:00,etth1,HUFL,24,45,xgboost,3.401734321844607
2018-05-14 17:00:00,etth1,HUFL,24,45,xgboost,3.7253802611100997
2018-05-14 18:00:00,etth1,HUFL,24,45,xgboost,4.474627400898577
2018-05-14 19:00:00,etth1,HUFL,24,45,xgboost,4.072820436778936
2018-05-14 20:00:00,etth1,HUFL,24,45,xgboost,4.2542817992565585
2018-05-14 21:00:00,etth1,HUFL,24,45,xgboost,4.222050331589905
2018-05-14 22:00:00,etth1,HUFL,24,45,xgboost,4.293512786697867
2018-05-14 23:00:00,etth1,HUFL,24,45,xgboost,4.288270905090918
2018-05-15 00:00:00,etth1,HUFL,24,45,xgboost,3.927262158377205
2018-05-15 01:00:00,etth1,HUFL,24,45,xgboost,3.853389230297608
2018-05-15 02:00:00,etth1,HUFL,24,45,xgboost,3.7472870349410443
2018-05-15 03:00:00,etth1,HUFL,24,45,xgboost,3.609110910458868
2018-05-15 04:00:00,etth1,HUFL,24,45,xgboost,3.6421709715690795
2018-05-15 05:00:00,etth1,HUFL,24,45,xgboost,3.1253684564844697
2018-05-15 06:00:00,etth1,HUFL,24,45,xgboost,3.275102123538794
2018-05-15 07:00:00,etth1,HUFL,24,45,xgboost,5.004190443608526
2018-05-15 08:00:00,etth1,HUFL,24,45,xgboost,5.797095284737131
2018-05-15 09:00:00,etth1,HUFL,24,45,xgboost,4.457287215357391
2018-05-15 10:00:00,etth1,HUFL,24,45,xgboost,3.86542137069044
2018-05-15 11:00:00,etth1,HUFL,24,45,xgboost,5.165953360001845
2018-05-15 12:00:00,etth1,HUFL,24,45,xgboost,5.058108724638617
2018-05-15 13:00:00,etth1,HUFL,24,45,xgboost,3.7966963474007556
2018-05-15 14:00:00,etth1,HUFL,24,45,xgboost,4.382207837317882
2018-05-15 15:00:00,etth1,HUFL,24,45,xgboost,5.05151940062438
2018-05-15 16:00:00,etth1,HUFL,24,45,xgboost,4.658040094485009
2018-05-15 17:00:00,etth1,HUFL,24,45,xgboost,5.027090293241295
2018-05-15 18:00:00,etth1,HUFL,24,45,xgboost,4.551600996402066
2018-05-15 19:00:00,etth1,HUFL,24,45,xgboost,5.039768972702549
2018-05-15 20:00:00,etth1,HUFL,24,45,xgboost,4.803806227778069
2018-05-15 21:00:00,etth1,HUFL,24,45,xgboost,3.875115717009429
2018-05-15 22:00:00,etth1,HUFL,24,45,xgboost,3.927979147338172
2018-05-15 23:00:00,etth1,HUFL,24,45,xgboost,3.24932744980188
2018-05-16 00:00:00,etth1,HUFL,24,45,xgboost,2.654424483865569
2018-05-16 01:00:00,etth1,HUFL,24,45,xgboost,3.346990666789637
2018-05-16 02:00:00,etth1,HUFL,24,45,xgboost,3.173856115785425
2018-05-16 03:00:00,etth1,HUFL,24,45,xgboost,3.542875456150321
2018-05-16 04:00:00,etth1,HUFL,24,45,xgboost,3.249645417829137
2018-05-16 05:00:00,etth1,HUFL,24,45,xgboost,4.5515656453610305
2018-05-16 06:00:00,etth1,HUFL,24,45,xgboost,3.9506709820133423
2018-05-16 07:00:00,etth1,HUFL,24,45,xgboost,6.224219851009191
2018-05-16 08:00:00,etth1,HUFL,24,45,xgboost,6.383439693723498
2018-05-16 09:00:00,etth1,HUFL,24,45,xgboost,5.121773030949575
2018-05-16 10:00:00,etth1,HUFL,24,45,xgboost,5.499786156147889
2018-05-16 11:00:00,etth1,HUFL,24,45,xgboost,5.314975114794188
2018-05-16 12:00:00,etth1,HUFL,24,45,xgboost,5.1568433045996676
2018-05-16 13:00:00,etth1,HUFL,24,45,xgboost,5.362696955731877
2018-05-16 14:00:00,etth1,HUFL,24,45,xgboost,4.723758436894937
2018-05-16 15:00:00,etth1,HUFL,24,45,xgboost,4.968078239224192
2018-05-16 16:00:00,etth1,HUFL,24,45,xgboost,5.233711576304825
2018-05-16 17:00:00,etth1,HUFL,24,45,xgboost,5.065538896322965
2018-05-16 18:00:00,etth1,HUFL,24,45,xgboost,5.16586812542647
2018-05-16 19:00:00,etth1,HUFL,24,45,xgboost,5.185912423527999
2018-05-16 20:00:00,etth1,HUFL,24,45,xgboost,4.634517165261655
2018-05-16 21:00:00,etth1,HUFL,24,45,xgboost,3.893212671901828
2018-05-16 22:00:00,etth1,HUFL,24,45,xgboost,4.08585513110109
2018-05-16 23:00:00,etth1,HUFL,24,45,xgboost,3.833671663781358
2018-05-17 00:00:00,etth1,HUFL,24,45,xgboost,3.869737353510288
2018-05-17 01:00:00,etth1,HUFL,24,45,xgboost,3.4574436642095794
2018-05-17 02:00:00,etth1,HUFL,24,45,xgboost,3.251219325375462
2018-05-17 03:00:00,etth1,HUFL,24,45,xgboost,3.179596074821362
2018-05-17 04:00:00,etth1,HUFL,24,45,xgboost,3.5160089508583803
2018-05-17 05:00:00,etth1,HUFL,24,45,xgboost,3.7211840935823317
2018-05-17 06:00:00,etth1,HUFL,24,45,xgboost,3.5513111417395753
2018-05-17 07:00:00,etth1,HUFL,24,45,xgboost,3.385027962364044
2018-05-17 08:00:00,etth1,HUFL,24,45,xgboost,4.384622567853164
2018-05-17 09:00:00,etth1,HUFL,24,45,xgboost,5.863866409927603
2018-05-17 10:00:00,etth1,HUFL,24,45,xgboost,5.141028459393628
2018-05-17 11:00:00,etth1,HUFL,24,45,xgboost,4.698282571055722
2018-05-17 12:00:00,etth1,HUFL,24,45,xgboost,3.1411538672923798
2018-05-17 13:00:00,etth1,HUFL,24,45,xgboost,4.373094461647525
2018-05-17 14:00:00,etth1,HUFL,24,45,xgboost,2.9302735635076043
2018-05-17 15:00:00,etth1,HUFL,24,45,xgboost,2.918460091413485
2018-05-17 16:00:00,etth1,HUFL,24,45,xgboost,3.245760673576024
2018-05-17 17:00:00,etth1,HUFL,24,45,xgboost,3.5672190039641927
2018-05-17 18:00:00,etth1,HUFL,24,45,xgboost,3.879924621276172
2018-05-17 19:00:00,etth1,HUFL,24,45,xgboost,3.010917475736715
2018-05-17 20:00:00,etth1,HUFL,24,45,xgboost,2.9157963682550285
2018-05-17 21:00:00,etth1,HUFL,24,45,xgboost,3.032568050849027
2018-05-17 22:00:00,etth1,HUFL,24,45,xgboost,3.0817298810565994
2018-05-17 23:00:00,etth1,HUFL,24,45,xgboost,3.2511459090088835
2018-05-18 00:00:00,etth1,HUFL,24,45,xgboost,3.4200257644404637
2018-05-18 01:00:00,etth1,HUFL,24,45,xgboost,3.1521817317582586
2018-05-18 02:00:00,etth1,HUFL,24,45,xgboost,2.835146699696878
2018-05-18 03:00:00,etth1,HUFL,24,45,xgboost,2.6494069246766285
2018-05-18 04:00:00,etth1,HUFL,24,45,xgboost,2.1681118151659082
2018-05-18 05:00:00,etth1,HUFL,24,45,xgboost,1.8505868023285614
2018-05-18 06:00:00,etth1,HUFL,24,45,xgboost,2.2249798337348774
2018-05-18 07:00:00,etth1,HUFL,24,45,xgboost,2.4909499542498135
2018-05-18 08:00:00,etth1,HUFL,24,45,xgboost,3.2091589932209827
2018-05-18 09:00:00,etth1,HUFL,24,45,xgboost,3.567434469976862
2018-05-18 10:00:00,etth1,HUFL,24,45,xgboost,4.022165947602897
2018-05-18 11:00:00,etth1,HUFL,24,45,xgboost,3.155128632392579
2018-05-18 12:00:00,etth1,HUFL,24,45,xgboost,3.757013832475961
2018-05-18 13:00:00,etth1,HUFL,24,45,xgboost,4.053772588317236
2018-05-18 14:00:00,etth1,HUFL,24,45,xgboost,4.022744110910573
2018-05-18 15:00:00,etth1,HUFL,24,45,xgboost,4.798283541038603
2018-05-18 16:00:00,etth1,HUFL,24,45,xgboost,3.8439711026440855
2018-05-18 17:00:00,etth1,HUFL,24,45,xgboost,3.5280806421219704
2018-05-18 18:00:00,etth1,HUFL,24,45,xgboost,3.5097775405295537
2018-05-18 19:00:00,etth1,HUFL,24,45,xgboost,4.123585287465867
2018-05-18 20:00:00,etth1,HUFL,24,45,xgboost,3.936363807968368
2018-05-18 21:00:00,etth1,HUFL,24,45,xgboost,4.076023438968019
2018-05-18 22:00:00,etth1,HUFL,24,45,xgboost,3.7477299908297224
2018-05-18 23:00:00,etth1,HUFL,24,45,xgboost,3.8398227262991327
2018-05-19 00:00:00,etth1,HUFL,24,45,xgboost,4.499987008448428
2018-05-19 01:00:00,etth1,HUFL,24,45,xgboost,4.672303106944707
2018-05-19 02:00:00,etth1,HUFL,24,45,xgboost,4.811546170043249
2018-05-19 03:00:00,etth1,HUFL,24,45,xgboost,4.470498935663799
2018-05-19 04:00:00,etth1,HUFL,24,45,xgboost,4.890901351152645
2018-05-19 05:00:00,etth1,HUFL,24,45,xgboost,4.298768789399387
2018-05-19 06:00:00,etth1,HUFL,24,45,xgboost,4.099505622246489
2018-05-19 07:00:00,etth1,HUFL,24,45,xgboost,3.908166640975519
2018-05-19 08:00:00,etth1,HUFL,24,45,xgboost,3.7640084358562773
2018-05-19 09:00:00,etth1,HUFL,24,45,xgboost,2.9302118717757253
2018-05-19 10:00:00,etth1,HUFL,24,45,xgboost,2.464052265439418
2018-05-19 11:00:00,etth1,HUFL,24,45,xgboost,2.485413964400033
2018-05-19 12:00:00,etth1,HUFL,24,45,xgboost,2.68289366335611
2018-05-19 13:00:00,etth1,HUFL,24,45,xgboost,2.156255926756917
2018-05-19 14:00:00,etth1,HUFL,24,45,xgboost,1.3334500655719597
2018-05-19 15:00:00,etth1,HUFL,24,45,xgboost,1.818216492970901
2018-05-19 16:00:00,etth1,HUFL,24,45,xgboost,1.758380381948512
2018-05-19 17:00:00,etth1,HUFL,24,45,xgboost,1.890866543792051
2018-05-19 18:00:00,etth1,HUFL,24,45,xgboost,2.5913983111545096
2018-05-19 19:00:00,etth1,HUFL,24,45,xgboost,2.2012844460846925
2018-05-19 20:00:00,etth1,HUFL,24,45,xgboost,2.177548076140311
2018-05-19 21:00:00,etth1,HUFL,24,45,xgboost,2.6091902162958642
2018-05-19 22:00:00,etth1,HUFL,24,45,xgboost,2.665028307551359
2018-05-19 23:00:00,etth1,HUFL,24,45,xgboost,3.1161372450375935
2018-05-20 00:00:00,etth1,HUFL,24,45,xgboost,3.065999516058589
2018-05-20 01:00:00,etth1,HUFL,24,45,xgboost,3.291376576219804
2018-05-20 02:00:00,etth1,HUFL,24,45,xgboost,2.9349481164548012
2018-05-20 03:00:00,etth1,HUFL,24,45,xgboost,3.256952711169095
2018-05-20 04:00:00,etth1,HUFL,24,45,xgboost,3.3170173578224023
2018-05-20 05:00:00,etth1,HUFL,24,45,xgboost,3.414984913190858
2018-05-20 06:00:00,etth1,HUFL,24,45,xgboost,3.5305340898939463
2018-05-20 07:00:00,etth1,HUFL,24,45,xgboost,2.95903260206364
2018-05-20 08:00:00,etth1,HUFL,24,45,xgboost,2.8543156767550357
2018-05-20 09:00:00,etth1,HUFL,24,45,xgboost,2.440283225635008
2018-05-20 10:00:00,etth1,HUFL,24,45,xgboost,1.5009858987752729
2018-05-20 11:00:00,etth1,HUFL,24,45,xgboost,1.4391827953738459
2018-05-20 12:00:00,etth1,HUFL,24,45,xgboost,1.7740187181978726
2018-05-20 13:00:00,etth1,HUFL,24,45,xgboost,1.6670989634604627
2018-05-20 14:00:00,etth1,HUFL,24,45,xgboost,1.740290693262154
2018-05-20 15:00:00,etth1,HUFL,24,45,xgboost,1.6896303592558628
2018-05-20 16:00:00,etth1,HUFL,24,45,xgboost,1.7017602828746885
2018-05-20 17:00:00,etth1,HUFL,24,45,xgboost,1.9300343761016643
2018-05-20 18:00:00,etth1,HUFL,24,45,xgboost,1.74942466024618
2018-05-20 19:00:00,etth1,HUFL,24,45,xgboost,2.0830981846598378
2018-05-20 20:00:00,etth1,HUFL,24,45,xgboost,1.9050787384162036
2018-05-20 21:00:00,etth1,HUFL,24,45,xgboost,1.8501551667976512
2018-05-20 22:00:00,etth1,HUFL,24,45,xgboost,2.072100006338246
2018-05-20 23:00:00,etth1,HUFL,24,45,xgboost,2.262365468625356
2018-05-21 00:00:00,etth1,HUFL,24,45,xgboost,2.2195338292553504
2018-05-21 01:00:00,etth1,HUFL,24,45,xgboost,1.918470529888231
2018-05-21 02:00:00,etth1,HUFL,24,45,xgboost,2.0705450532788867
2018-05-21 03:00:00,etth1,HUFL,24,45,xgboost,1.7905750408231027
2018-05-21 04:00:00,etth1,HUFL,24,45,xgboost,2.0818041042354474
2018-05-21 05:00:00,etth1,HUFL,24,45,xgboost,2.1896972397449006
2018-05-21 06:00:00,etth1,HUFL,24,45,xgboost,2.0856237493145366
2018-05-21 07:00:00,etth1,HUFL,24,45,xgboost,2.2319359514898847
2018-05-21 08:00:00,etth1,HUFL,24,45,xgboost,2.0142847215925523
2018-05-21 09:00:00,etth1,HUFL,24,45,xgboost,2.1423622213243334
2018-05-21 10:00:00,etth1,HUFL,24,45,xgboost,2.02379544946757
2018-05-21 11:00:00,etth1,HUFL,24,45,xgboost,2.5054608598509236
2018-05-21 12:00:00,etth1,HUFL,24,45,xgboost,2.46427115766685
2018-05-21 13:00:00,etth1,HUFL,24,45,xgboost,3.102902789815925
2018-05-21 14:00:00,etth1,HUFL,24,45,xgboost,2.5139942392475327
2018-05-21 15:00:00,etth1,HUFL,24,45,xgboost,2.529810806117274
2018-05-21 16:00:00,etth1,HUFL,24,45,xgboost,3.2446568093069588
2018-05-21 17:00:00,etth1,HUFL,24,45,xgboost,1.9568648523450918
2018-05-21 18:00:00,etth1,HUFL,24,45,xgboost,2.243876694081995
2018-05-21 19:00:00,etth1,HUFL,24,45,xgboost,2.3068310236999863
2018-05-21 20:00:00,etth1,HUFL,24,45,xgboost,2.2708206137638807
2018-05-21 21:00:00,etth1,HUFL,24,45,xgboost,2.013684522199723
2018-05-21 22:00:00,etth1,HUFL,24,45,xgboost,1.9478579609307403
2018-05-21 23:00:00,etth1,HUFL,24,45,xgboost,2.045546343778311
2018-05-22 00:00:00,etth1,HUFL,24,45,xgboost,2.5415784085649613
2018-05-22 01:00:00,etth1,HUFL,24,45,xgboost,2.910521875004752
2018-05-22 02:00:00,etth1,HUFL,24,45,xgboost,3.4060903956488175
2018-05-22 03:00:00,etth1,HUFL,24,45,xgboost,3.3482571241758876
2018-05-22 04:00:00,etth1,HUFL,24,45,xgboost,3.6525004461924255
2018-05-22 05:00:00,etth1,HUFL,24,45,xgboost,3.4197294860412826
2018-05-22 06:00:00,etth1,HUFL,24,45,xgboost,3.665611945965343
2018-05-22 07:00:00,etth1,HUFL,24,45,xgboost,3.132146903403697
2018-05-22 08:00:00,etth1,HUFL,24,45,xgboost,2.805262400468569
2018-05-22 09:00:00,etth1,HUFL,24,45,xgboost,2.565586310986278
2018-05-22 10:00:00,etth1,HUFL,24,45,xgboost,3.409563785896964
2018-05-22 11:00:00,etth1,HUFL,24,45,xgboost,3.331284339724688
2018-05-22 12:00:00,etth1,HUFL,24,45,xgboost,4.36373104462775
2018-05-22 13:00:00,etth1,HUFL,24,45,xgboost,4.769448576506266
2018-05-22 14:00:00,etth1,HUFL,24,45,xgboost,5.14671103114662
2018-05-22 15:00:00,etth1,HUFL,24,45,xgboost,5.500058309530618
2018-05-22 16:00:00,etth1,HUFL,24,45,xgboost,6.28258542478149
2018-05-22 17:00:00,etth1,HUFL,24,45,xgboost,5.665338593459265
2018-05-22 18:00:00,etth1,HUFL,24,45,xgboost,7.254335290985817
2018-05-22 19:00:00,etth1,HUFL,24,45,xgboost,7.147566541997425
2018-05-22 20:00:00,etth1,HUFL,24,45,xgboost,6.937651383243252
2018-05-22 21:00:00,etth1,HUFL,24,45,xgboost,6.929241418350116
2018-05-22 22:00:00,etth1,HUFL,24,45,xgboost,7.477526171299996
2018-05-22 23:00:00,etth1,HUFL,24,45,xgboost,7.032862333952839
2018-05-23 00:00:00,etth1,HUFL,24,45,xgboost,7.296928750314745
2018-05-23 01:00:00,etth1,HUFL,24,45,xgboost,6.990384290262706
2018-05-23 02:00:00,etth1,HUFL,24,45,xgboost,6.658585073872434
2018-05-23 03:00:00,etth1,HUFL,24,45,xgboost,6.720174955083695
2018-05-23 04:00:00,etth1,HUFL,24,45,xgboost,6.4095102306705165
2018-05-23 05:00:00,etth1,HUFL,24,45,xgboost,6.40981247384315
2018-05-23 06:00:00,etth1,HUFL,24,45,xgboost,6.716028022578603
2018-05-23 07:00:00,etth1,HUFL,24,45,xgboost,6.982040231549907
2018-05-23 08:00:00,etth1,HUFL,24,45,xgboost,6.7011134673384705
2018-05-23 09:00:00,etth1,HUFL,24,45,xgboost,5.018644528300086
2018-05-23 10:00:00,etth1,HUFL,24,45,xgboost,3.8701035511995734
2018-05-23 11:00:00,etth1,HUFL,24,45,xgboost,3.9254262625597582
2018-05-23 12:00:00,etth1,HUFL,24,45,xgboost,3.1943775833838095
2018-05-23 13:00:00,etth1,HUFL,24,45,xgboost,3.320747365573249
2018-05-23 14:00:00,etth1,HUFL,24,45,xgboost,3.5952969523139693
2018-05-23 15:00:00,etth1,HUFL,24,45,xgboost,3.285908814851098
2018-05-23 16:00:00,etth1,HUFL,24,45,xgboost,3.487297184174512
2018-05-23 17:00:00,etth1,HUFL,24,45,xgboost,3.7428208829982026
2018-05-23 18:00:00,etth1,HUFL,24,45,xgboost,3.9511692925172923
2018-05-23 19:00:00,etth1,HUFL,24,45,xgboost,3.5692314044212714
2018-05-23 20:00:00,etth1,HUFL,24,45,xgboost,3.326005824042943
2018-05-23 21:00:00,etth1,HUFL,24,45,xgboost,3.372939530098518
2018-05-23 22:00:00,etth1,HUFL,24,45,xgboost,3.632573560612481
2018-05-23 23:00:00,etth1,HUFL,24,45,xgboost,3.1859895595358694
2018-05-24 00:00:00,etth1,HUFL,24,45,xgboost,3.7945395443807057
2018-05-24 01:00:00,etth1,HUFL,24,45,xgboost,4.100752147506063
2018-05-24 02:00:00,etth1,HUFL,24,45,xgboost,3.883950833707851
2018-05-24 03:00:00,etth1,HUFL,24,45,xgboost,3.9072493219276816
2018-05-24 04:00:00,etth1,HUFL,24,45,xgboost,3.9163681181877563
2018-05-24 05:00:00,etth1,HUFL,24,45,xgboost,4.602815271420787
2018-05-24 06:00:00,etth1,HUFL,24,45,xgboost,4.778272086888759
2018-05-24 07:00:00,etth1,HUFL,24,45,xgboost,4.816293331265851
2018-05-24 08:00:00,etth1,HUFL,24,45,xgboost,4.562826890368488
2018-05-24 09:00:00,etth1,HUFL,24,45,xgboost,5.452834836552806
2018-05-24 10:00:00,etth1,HUFL,24,45,xgboost,3.8918479888625
2018-05-24 11:00:00,etth1,HUFL,24,45,xgboost,4.259462411214618
2018-05-24 12:00:00,etth1,HUFL,24,45,xgboost,4.318466090736062
2018-05-24 13:00:00,etth1,HUFL,24,45,xgboost,4.182403333314
2018-05-24 14:00:00,etth1,HUFL,24,45,xgboost,4.046827915944664
2018-05-24 15:00:00,etth1,HUFL,24,45,xgboost,3.9274904328667453
2018-05-24 16:00:00,etth1,HUFL,24,45,xgboost,4.056199564246285
2018-05-24 17:00:00,etth1,HUFL,24,45,xgboost,3.091301755985011
2018-05-24 18:00:00,etth1,HUFL,24,45,xgboost,3.42582600558942
2018-05-24 19:00:00,etth1,HUFL,24,45,xgboost,3.867670405309324
2018-05-24 20:00:00,etth1,HUFL,24,45,xgboost,3.656155271717933
2018-05-24 21:00:00,etth1,HUFL,24,45,xgboost,3.7280962144680405
2018-05-24 22:00:00,etth1,HUFL,24,45,xgboost,3.64560058821497
2018-05-24 23:00:00,etth1,HUFL,24,45,xgboost,3.715381268755433
2018-05-25 00:00:00,etth1,HUFL,24,45,xgboost,4.617826607763667
2018-05-25 01:00:00,etth1,HUFL,24,45,xgboost,4.205889794848029
2018-05-25 02:00:00,etth1,HUFL,24,45,xgboost,4.120272401739709
2018-05-25 03:00:00,etth1,HUFL,24,45,xgboost,4.312545435315972
2018-05-25 04:00:00,etth1,HUFL,24,45,xgboost,4.3436517034273505
2018-05-25 05:00:00,etth1,HUFL,24,45,xgboost,4.155312725860833
2018-05-25 06:00:00,etth1,HUFL,24,45,xgboost,3.1575382977970254
2018-05-25 07:00:00,etth1,HUFL,24,45,xgboost,2.9122453631293403
2018-05-25 08:00:00,etth1,HUFL,24,45,xgboost,2.2304510293780537
2018-05-25 09:00:00,etth1,HUFL,24,45,xgboost,2.0672188154136673
2018-05-25 10:00:00,etth1,HUFL,24,45,xgboost,2.567542201272747
2018-05-25 11:00:00,etth1,HUFL,24,45,xgboost,2.426381299999418
2018-05-25 12:00:00,etth1,HUFL,24,45,xgboost,2.8189992842878464
2018-05-25 13:00:00,etth1,HUFL,24,45,xgboost,3.1622952996925626
2018-05-25 14:00:00,etth1,HUFL,24,45,xgboost,3.6459638438706374
2018-05-25 15:00:00,etth1,HUFL,24,45,xgboost,2.6064743600435345
2018-05-25 16:00:00,etth1,HUFL,24,45,xgboost,3.427355083025629
2018-05-25 17:00:00,etth1,HUFL,24,45,xgboost,3.687564404653442
2018-05-25 18:00:00,etth1,HUFL,24,45,xgboost,3.6993897304502
2018-05-25 19:00:00,etth1,HUFL,24,45,xgboost,3.6210382863464616
2018-05-25 20:00:00,etth1,HUFL,24,45,xgboost,3.3038270380108656
2018-05-25 21:00:00,etth1,HUFL,24,45,xgboost,3.2390888123504857
2018-05-25 22:00:00,etth1,HUFL,24,45,xgboost,3.343547915755476
2018-05-25 23:00:00,etth1,HUFL,24,45,xgboost,3.5297389482832635
2018-05-26 00:00:00,etth1,HUFL,24,45,xgboost,3.9982479851019654
2018-05-26 01:00:00,etth1,HUFL,24,45,xgboost,4.480041060800529
2018-05-26 02:00:00,etth1,HUFL,24,45,xgboost,4.519547091302397
2018-05-26 03:00:00,etth1,HUFL,24,45,xgboost,4.5522277005974425
2018-05-26 04:00:00,etth1,HUFL,24,45,xgboost,4.731646747762863
2018-05-26 05:00:00,etth1,HUFL,24,45,xgboost,4.552968459849969
2018-05-26 06:00:00,etth1,HUFL,24,45,xgboost,4.7381828318027415
2018-05-26 07:00:00,etth1,HUFL,24,45,xgboost,4.7501037873339955
2018-05-26 08:00:00,etth1,HUFL,24,45,xgboost,4.536878497704847
2018-05-26 09:00:00,etth1,HUFL,24,45,xgboost,3.8571898502800863
2018-05-26 10:00:00,etth1,HUFL,24,45,xgboost,4.35567606274287
2018-05-26 11:00:00,etth1,HUFL,24,45,xgboost,2.754914318287737
2018-05-26 12:00:00,etth1,HUFL,24,45,xgboost,2.5838171331459736
2018-05-26 13:00:00,etth1,HUFL,24,45,xgboost,3.110098540719116
2018-05-26 14:00:00,etth1,HUFL,24,45,xgboost,2.7788604897919993
2018-05-26 15:00:00,etth1,HUFL,24,45,xgboost,2.8997886893535516
2018-05-26 16:00:00,etth1,HUFL,24,45,xgboost,3.3904314035317724
2018-05-26 17:00:00,etth1,HUFL,24,45,xgboost,3.1812562456450113
2018-05-26 18:00:00,etth1,HUFL,24,45,xgboost,2.7394142574286238
2018-05-26 19:00:00,etth1,HUFL,24,45,xgboost,2.610154926904993
2018-05-26 20:00:00,etth1,HUFL,24,45,xgboost,2.25227700147729
2018-05-26 21:00:00,etth1,HUFL,24,45,xgboost,2.510883697643729
2018-05-26 22:00:00,etth1,HUFL,24,45,xgboost,2.915250577145278
2018-05-26 23:00:00,etth1,HUFL,24,45,xgboost,2.821360202255113
2018-05-27 00:00:00,etth1,HUFL,24,45,xgboost,2.8496909667020076
2018-05-27 01:00:00,etth1,HUFL,24,45,xgboost,2.972694764727414
2018-05-27 02:00:00,etth1,HUFL,24,45,xgboost,2.6802361331682856
2018-05-27 03:00:00,etth1,HUFL,24,45,xgboost,2.761489142456922
2018-05-27 04:00:00,etth1,HUFL,24,45,xgboost,2.4024694909278375
2018-05-27 05:00:00,etth1,HUFL,24,45,xgboost,2.4056733400967403
2018-05-27 06:00:00,etth1,HUFL,24,45,xgboost,2.527719312928172
2018-05-27 07:00:00,etth1,HUFL,24,45,xgboost,2.5952341716397247
2018-05-27 08:00:00,etth1,HUFL,24,45,xgboost,2.5360811930229152
2018-05-27 09:00:00,etth1,HUFL,24,45,xgboost,2.741868417270832
2018-05-27 10:00:00,etth1,HUFL,24,45,xgboost,3.072122355057328
2018-05-27 11:00:00,etth1,HUFL,24,45,xgboost,2.3263177413702696
2018-05-27 12:00:00,etth1,HUFL,24,45,xgboost,2.2054865722603174
2018-05-27 13:00:00,etth1,HUFL,24,45,xgboost,2.108784356626149
2018-05-27 14:00:00,etth1,HUFL,24,45,xgboost,2.8509112489223085
2018-05-27 15:00:00,etth1,HUFL,24,45,xgboost,1.5530596121070035
2018-05-27 16:00:00,etth1,HUFL,24,45,xgboost,1.673573434546994
2018-05-27 17:00:00,etth1,HUFL,24,45,xgboost,2.2606507021635927
2018-05-27 18:00:00,etth1,HUFL,24,45,xgboost,2.4618772858353597
2018-05-27 19:00:00,etth1,HUFL,24,45,xgboost,1.510405059379309
2018-05-27 20:00:00,etth1,HUFL,24,45,xgboost,1.0229543073457856
2018-05-27 21:00:00,etth1,HUFL,24,45,xgboost,1.159075295170709
2018-05-27 22:00:00,etth1,HUFL,24,45,xgboost,1.339036955806307
2018-05-27 23:00:00,etth1,HUFL,24,45,xgboost,1.3242582649491232
2018-05-28 00:00:00,etth1,HUFL,24,45,xgboost,1.5876070776230662
2018-05-28 01:00:00,etth1,HUFL,24,45,xgboost,1.7693869314831343
2018-05-28 02:00:00,etth1,HUFL,24,45,xgboost,1.784024486317702
2018-05-28 03:00:00,etth1,HUFL,24,45,xgboost,1.7555583618203334
2018-05-28 04:00:00,etth1,HUFL,24,45,xgboost,1.8771150823958853
2018-05-28 05:00:00,etth1,HUFL,24,45,xgboost,2.1922368507381598
2018-05-28 06:00:00,etth1,HUFL,24,45,xgboost,2.9097647491792924
2018-05-28 07:00:00,etth1,HUFL,24,45,xgboost,2.5465812246988864
2018-05-28 08:00:00,etth1,HUFL,24,45,xgboost,2.7608776349492596
2018-05-28 09:00:00,etth1,HUFL,24,45,xgboost,3.0938390776187084
2018-05-28 10:00:00,etth1,HUFL,24,45,xgboost,2.8995746874838972
2018-05-28 11:00:00,etth1,HUFL,24,45,xgboost,2.831252221588089
2018-05-28 12:00:00,etth1,HUFL,24,45,xgboost,3.4424240264329113
2018-05-28 13:00:00,etth1,HUFL,24,45,xgboost,3.334134348364168
2018-05-28 14:00:00,etth1,HUFL,24,45,xgboost,2.9603459583414398
2018-05-28 15:00:00,etth1,HUFL,24,45,xgboost,3.9529245206605714
2018-05-28 16:00:00,etth1,HUFL,24,45,xgboost,4.263805679924098
2018-05-28 17:00:00,etth1,HUFL,24,45,xgboost,4.609486006203625
2018-05-28 18:00:00,etth1,HUFL,24,45,xgboost,4.140316348692913
2018-05-28 19:00:00,etth1,HUFL,24,45,xgboost,4.122738928705282
2018-05-28 20:00:00,etth1,HUFL,24,45,xgboost,4.442241225793823
2018-05-28 21:00:00,etth1,HUFL,24,45,xgboost,4.538356252658587
2018-05-28 22:00:00,etth1,HUFL,24,45,xgboost,4.1270293650144
2018-05-28 23:00:00,etth1,HUFL,24,45,xgboost,3.875517514556218
2018-05-29 00:00:00,etth1,HUFL,24,45,xgboost,4.054276832875474
2018-05-29 01:00:00,etth1,HUFL,24,45,xgboost,3.7309799386461564
2018-05-29 02:00:00,etth1,HUFL,24,45,xgboost,4.128981577017039
2018-05-29 03:00:00,etth1,HUFL,24,45,xgboost,4.092200285488093
2018-05-29 04:00:00,etth1,HUFL,24,45,xgboost,3.9384509602520406
2018-05-29 05:00:00,etth1,HUFL,24,45,xgboost,3.696608322486286
2018-05-29 06:00:00,etth1,HUFL,24,45,xgboost,3.5110665687248876
2018-05-29 07:00:00,etth1,HUFL,24,45,xgboost,3.5721906086828015
2018-05-29 08:00:00,etth1,HUFL,24,45,xgboost,3.0893904562121945
2018-05-29 09:00:00,etth1,HUFL,24,45,xgboost,2.7817553075035284
2018-05-29 10:00:00,etth1,HUFL,24,45,xgboost,2.7633599869040455
2018-05-29 11:00:00,etth1,HUFL,24,45,xgboost,1.6733529579056297
2018-05-29 12:00:00,etth1,HUFL,24,45,xgboost,2.586384629546546
2018-05-29 13:00:00,etth1,HUFL,24,45,xgboost,1.8078253931629271
2018-05-29 14:00:00,etth1,HUFL,24,45,xgboost,1.7018195247713586
2018-05-29 15:00:00,etth1,HUFL,24,45,xgboost,2.011184503957013
2018-05-29 16:00:00,etth1,HUFL,24,45,xgboost,1.4034859368604116
2018-05-29 17:00:00,etth1,HUFL,24,45,xgboost,1.7530523604893693
2018-05-29 18:00:00,etth1,HUFL,24,45,xgboost,1.9651042004431307
2018-05-29 19:00:00,etth1,HUFL,24,45,xgboost,1.983995691232179
2018-05-29 20:00:00,etth1,HUFL,24,45,xgboost,2.1463423169415132
2018-05-29 21:00:00,etth1,HUFL,24,45,xgboost,1.9953639869834074
2018-05-29 22:00:00,etth1,HUFL,24,45,xgboost,2.0351228000027786
2018-05-29 23:00:00,etth1,HUFL,24,45,xgboost,2.1329547437527925
2018-05-30 00:00:00,etth1,HUFL,24,45,xgboost,1.8342439067250271
2018-05-30 01:00:00,etth1,HUFL,24,45,xgboost,1.9339217077265285
2018-05-30 02:00:00,etth1,HUFL,24,45,xgboost,2.2817637610712724
2018-05-30 03:00:00,etth1,HUFL,24,45,xgboost,2.098650598508893
2018-05-30 04:00:00,etth1,HUFL,24,45,xgboost,2.4374510049384797
2018-05-30 05:00:00,etth1,HUFL,24,45,xgboost,2.6750714794202275
2018-05-30 06:00:00,etth1,HUFL,24,45,xgboost,2.476959608952433
2018-05-30 07:00:00,etth1,HUFL,24,45,xgboost,2.4626995965450944
2018-05-30 08:00:00,etth1,HUFL,24,45,xgboost,2.6308758341591907
2018-05-30 09:00:00,etth1,HUFL,24,45,xgboost,3.0738716683747356
2018-05-30 10:00:00,etth1,HUFL,24,45,xgboost,3.45564566788457
2018-05-30 11:00:00,etth1,HUFL,24,45,xgboost,3.456778632220665
2018-05-30 12:00:00,etth1,HUFL,24,45,xgboost,3.7451149302308964
2018-05-30 13:00:00,etth1,HUFL,24,45,xgboost,4.645877122783511
2018-05-30 14:00:00,etth1,HUFL,24,45,xgboost,4.8500199261301375
2018-05-30 15:00:00,etth1,HUFL,24,45,xgboost,5.542945785104247
2018-05-30 16:00:00,etth1,HUFL,24,45,xgboost,6.711576291242568
2018-05-30 17:00:00,etth1,HUFL,24,45,xgboost,7.32304466054764
2018-05-30 18:00:00,etth1,HUFL,24,45,xgboost,7.172794171799758
2018-05-30 19:00:00,etth1,HUFL,24,45,xgboost,7.632545879507994
2018-05-30 20:00:00,etth1,HUFL,24,45,xgboost,8.032693791468631
2018-05-30 21:00:00,etth1,HUFL,24,45,xgboost,8.31232143172999
2018-05-30 22:00:00,etth1,HUFL,24,45,xgboost,8.436482561318064
2018-05-30 23:00:00,etth1,HUFL,24,45,xgboost,8.656095295249978
2018-05-31 00:00:00,etth1,HUFL,24,45,xgboost,7.990018605967928
2018-05-31 01:00:00,etth1,HUFL,24,45,xgboost,8.21721112979213
2018-05-31 02:00:00,etth1,HUFL,24,45,xgboost,8.121696025135625
2018-05-31 03:00:00,etth1,HUFL,24,45,xgboost,7.80241484318091
2018-05-31 04:00:00,etth1,HUFL,24,45,xgboost,8.053579006594754
2018-05-31 05:00:00,etth1,HUFL,24,45,xgboost,7.906229582389948
2018-05-31 06:00:00,etth1,HUFL,24,45,xgboost,7.614123271655658
2018-05-31 07:00:00,etth1,HUFL,24,45,xgboost,7.495172619892803
2018-05-31 08:00:00,etth1,HUFL,24,45,xgboost,6.847575611057451
2018-05-31 09:00:00,etth1,HUFL,24,45,xgboost,6.036449247587458
2018-05-31 10:00:00,etth1,HUFL,24,45,xgboost,5.459491243886373
2018-05-31 11:00:00,etth1,HUFL,24,45,xgboost,4.930690506906671
2018-05-31 12:00:00,etth1,HUFL,24,45,xgboost,4.392057546511615
2018-05-31 13:00:00,etth1,HUFL,24,45,xgboost,5.2684314050356384
2018-05-31 14:00:00,etth1,HUFL,24,45,xgboost,4.3309048157283465
2018-05-31 15:00:00,etth1,HUFL,24,45,xgboost,4.294183644020376
2018-05-31 16:00:00,etth1,HUFL,24,45,xgboost,4.923169561978729
2018-05-31 17:00:00,etth1,HUFL,24,45,xgboost,5.633366861576918
2018-05-31 18:00:00,etth1,HUFL,24,45,xgboost,5.1071738555384805
2018-05-31 19:00:00,etth1,HUFL,24,45,xgboost,4.8530528915440385
2018-05-31 20:00:00,etth1,HUFL,24,45,xgboost,5.0468768341515835
2018-05-31 21:00:00,etth1,HUFL,24,45,xgboost,4.768802440956115
2018-05-31 22:00:00,etth1,HUFL,24,45,xgboost,4.917008332183012
2018-05-31 23:00:00,etth1,HUFL,24,45,xgboost,5.08119638738243
2018-06-01 00:00:00,etth1,HUFL,24,45,xgboost,5.519680872150303
2018-06-01 01:00:00,etth1,HUFL,24,45,xgboost,5.637439092689319
2018-06-01 02:00:00,etth1,HUFL,24,45,xgboost,5.22250940107999
2018-06-01 03:00:00,etth1,HUFL,24,45,xgboost,5.229405789607206
2018-06-01 04:00:00,etth1,HUFL,24,45,xgboost,4.839674026063554
2018-06-01 05:00:00,etth1,HUFL,24,45,xgboost,5.069263646088273
2018-06-01 06:00:00,etth1,HUFL,24,45,xgboost,5.3824640999617115
2018-06-01 07:00:00,etth1,HUFL,24,45,xgboost,5.5694465861517015
2018-06-01 08:00:00,etth1,HUFL,24,45,xgboost,5.622313147675097
2018-06-01 09:00:00,etth1,HUFL,24,45,xgboost,4.491315940460068
2018-06-01 10:00:00,etth1,HUFL,24,45,xgboost,3.8682402425516877
2018-06-01 11:00:00,etth1,HUFL,24,45,xgboost,2.948045645213749
2018-06-01 12:00:00,etth1,HUFL,24,45,xgboost,2.8612062004773846
2018-06-01 13:00:00,etth1,HUFL,24,45,xgboost,2.2833847185829153
2018-06-01 14:00:00,etth1,HUFL,24,45,xgboost,2.1948707632786495
2018-06-01 15:00:00,etth1,HUFL,24,45,xgboost,1.9050174606961814
2018-06-01 16:00:00,etth1,HUFL,24,45,xgboost,2.0545799804499674
2018-06-01 17:00:00,etth1,HUFL,24,45,xgboost,2.154969336281647
2018-06-01 18:00:00,etth1,HUFL,24,45,xgboost,3.3038235583033777
2018-06-01 19:00:00,etth1,HUFL,24,45,xgboost,2.9380685557103567
2018-06-01 20:00:00,etth1,HUFL,24,45,xgboost,2.651491891127996
2018-06-01 21:00:00,etth1,HUFL,24,45,xgboost,2.6677592649458597
2018-06-01 22:00:00,etth1,HUFL,24,45,xgboost,2.5027499042252432
2018-06-01 23:00:00,etth1,HUFL,24,45,xgboost,2.478642337857129
2018-06-02 00:00:00,etth1,HUFL,24,45,xgboost,2.443824050939353
2018-06-02 01:00:00,etth1,HUFL,24,45,xgboost,2.533662900904765
2018-06-02 02:00:00,etth1,HUFL,24,45,xgboost,2.51194980550379
2018-06-02 03:00:00,etth1,HUFL,24,45,xgboost,2.1466125134330407
2018-06-02 04:00:00,etth1,HUFL,24,45,xgboost,2.1343939186731373
2018-06-02 05:00:00,etth1,HUFL,24,45,xgboost,2.7518491858925658
2018-06-02 06:00:00,etth1,HUFL,24,45,xgboost,2.2478746593181933
2018-06-02 07:00:00,etth1,HUFL,24,45,xgboost,2.0949561002452053
2018-06-02 08:00:00,etth1,HUFL,24,45,xgboost,1.9504036229151651
2018-06-02 09:00:00,etth1,HUFL,24,45,xgboost,2.0137188882614994
2018-06-02 10:00:00,etth1,HUFL,24,45,xgboost,2.4144404677236677
2018-06-02 11:00:00,etth1,HUFL,24,45,xgboost,3.0317361146868507
2018-06-02 12:00:00,etth1,HUFL,24,45,xgboost,3.4953908350330853
2018-06-02 13:00:00,etth1,HUFL,24,45,xgboost,3.708659671050319
2018-06-02 14:00:00,etth1,HUFL,24,45,xgboost,3.6449519345408974
2018-06-02 15:00:00,etth1,HUFL,24,45,xgboost,4.320034011379616
2018-06-02 16:00:00,etth1,HUFL,24,45,xgboost,4.514734879800192
2018-06-02 17:00:00,etth1,HUFL,24,45,xgboost,4.752751780719909
2018-06-02 18:00:00,etth1,HUFL,24,45,xgboost,5.971480801071799
2018-06-02 19:00:00,etth1,HUFL,24,45,xgboost,5.869574139558922
2018-06-02 20:00:00,etth1,HUFL,24,45,xgboost,5.841612410552782
2018-06-02 21:00:00,etth1,HUFL,24,45,xgboost,5.587217938204923
2018-06-02 22:00:00,etth1,HUFL,24,45,xgboost,5.5092192143581675
2018-06-02 23:00:00,etth1,HUFL,24,45,xgboost,5.164062982539104
2018-06-03 00:00:00,etth1,HUFL,24,45,xgboost,4.947132502277986
2018-06-03 01:00:00,etth1,HUFL,24,45,xgboost,4.4498988626445986
2018-06-03 02:00:00,etth1,HUFL,24,45,xgboost,4.151996929642292
2018-06-03 03:00:00,etth1,HUFL,24,45,xgboost,4.09303153166475
2018-06-03 04:00:00,etth1,HUFL,24,45,xgboost,3.7090240044991685
2018-06-03 05:00:00,etth1,HUFL,24,45,xgboost,3.3919211713856554
2018-06-03 06:00:00,etth1,HUFL,24,45,xgboost,2.81017705727114
2018-06-03 07:00:00,etth1,HUFL,24,45,xgboost,3.8665801854886173
2018-06-03 08:00:00,etth1,HUFL,24,45,xgboost,4.371220184025764
2018-06-03 09:00:00,etth1,HUFL,24,45,xgboost,4.926251366659376
2018-06-03 10:00:00,etth1,HUFL,24,45,xgboost,3.930110056571118
2018-06-03 11:00:00,etth1,HUFL,24,45,xgboost,3.107362464823005
2018-06-03 12:00:00,etth1,HUFL,24,45,xgboost,3.470571200811172
2018-06-03 13:00:00,etth1,HUFL,24,45,xgboost,3.4794950657583485
2018-06-03 14:00:00,etth1,HUFL,24,45,xgboost,3.3236739020413637
2018-06-03 15:00:00,etth1,HUFL,24,45,xgboost,3.2939842814801406
2018-06-03 16:00:00,etth1,HUFL,24,45,xgboost,2.9580532407257607
2018-06-03 17:00:00,etth1,HUFL,24,45,xgboost,3.8142220319862155
2018-06-03 18:00:00,etth1,HUFL,24,45,xgboost,4.081200038351112
2018-06-03 19:00:00,etth1,HUFL,24,45,xgboost,4.155197003998364
2018-06-03 20:00:00,etth1,HUFL,24,45,xgboost,4.119660205646116
2018-06-03 21:00:00,etth1,HUFL,24,45,xgboost,4.243252402828539
2018-06-03 22:00:00,etth1,HUFL,24,45,xgboost,3.5549647877922532
2018-06-03 23:00:00,etth1,HUFL,24,45,xgboost,3.299856851806488
2018-06-04 00:00:00,etth1,HUFL,24,45,xgboost,3.1420414987316576
2018-06-04 01:00:00,etth1,HUFL,24,45,xgboost,3.1903452825340537
2018-06-04 02:00:00,etth1,HUFL,24,45,xgboost,3.2730171850558087
2018-06-04 03:00:00,etth1,HUFL,24,45,xgboost,3.0871275312246804
2018-06-04 04:00:00,etth1,HUFL,24,45,xgboost,3.042098478101007
2018-06-04 05:00:00,etth1,HUFL,24,45,xgboost,2.837446147464268
2018-06-04 06:00:00,etth1,HUFL,24,45,xgboost,2.4445785551351884
2018-06-04 07:00:00,etth1,HUFL,24,45,xgboost,3.4600261916210044
2018-06-04 08:00:00,etth1,HUFL,24,45,xgboost,3.6064210281109177
2018-06-04 09:00:00,etth1,HUFL,24,45,xgboost,3.516316901457196
2018-06-04 10:00:00,etth1,HUFL,24,45,xgboost,3.123618771521169
2018-06-04 11:00:00,etth1,HUFL,24,45,xgboost,2.902188109257717
2018-06-04 12:00:00,etth1,HUFL,24,45,xgboost,2.7909066953831085
2018-06-04 13:00:00,etth1,HUFL,24,45,xgboost,2.918788193468528
2018-06-04 14:00:00,etth1,HUFL,24,45,xgboost,2.5242246462575637
2018-06-04 15:00:00,etth1,HUFL,24,45,xgboost,2.4809949341397375
2018-06-04 16:00:00,etth1,HUFL,24,45,xgboost,2.3733673722238198
2018-06-04 17:00:00,etth1,HUFL,24,45,xgboost,2.3763649101893307
2018-06-04 18:00:00,etth1,HUFL,24,45,xgboost,2.1097843334638857
2018-06-04 19:00:00,etth1,HUFL,24,45,xgboost,2.0881006972081626
2018-06-04 20:00:00,etth1,HUFL,24,45,xgboost,2.193448531142081
2018-06-04 21:00:00,etth1,HUFL,24,45,xgboost,2.2797891767180984
2018-06-04 22:00:00,etth1,HUFL,24,45,xgboost,2.616486754088192
2018-06-04 23:00:00,etth1,HUFL,24,45,xgboost,2.5926764882984714
2018-06-05 00:00:00,etth1,HUFL,24,45,xgboost,3.0900166571075047
2018-06-05 01:00:00,etth1,HUFL,24,45,xgboost,2.9219564307768606
2018-06-05 02:00:00,etth1,HUFL,24,45,xgboost,3.1305627514545282
2018-06-05 03:00:00,etth1,HUFL,24,45,xgboost,3.082416101641531
2018-06-05 04:00:00,etth1,HUFL,24,45,xgboost,2.960874336211212
2018-06-05 05:00:00,etth1,HUFL,24,45,xgboost,3.481091370970183
2018-06-05 06:00:00,etth1,HUFL,24,45,xgboost,3.4850518425291312
2018-06-05 07:00:00,etth1,HUFL,24,45,xgboost,2.5707919631514553
2018-06-05 08:00:00,etth1,HUFL,24,45,xgboost,1.8573567193615113
2018-06-05 09:00:00,etth1,HUFL,24,45,xgboost,1.6469678127319358
2018-06-05 10:00:00,etth1,HUFL,24,45,xgboost,2.0579809574072185
2018-06-05 11:00:00,etth1,HUFL,24,45,xgboost,2.5254471750826504
2018-06-05 12:00:00,etth1,HUFL,24,45,xgboost,3.0632915037124633
2018-06-05 13:00:00,etth1,HUFL,24,45,xgboost,3.5905748493954834
2018-06-05 14:00:00,etth1,HUFL,24,45,xgboost,3.582467759051879
2018-06-05 15:00:00,etth1,HUFL,24,45,xgboost,4.173530849422352
2018-06-05 16:00:00,etth1,HUFL,24,45,xgboost,4.48126617451691
2018-06-05 17:00:00,etth1,HUFL,24,45,xgboost,4.653464362440148
2018-06-05 18:00:00,etth1,HUFL,24,45,xgboost,5.613528268194979
2018-06-05 19:00:00,etth1,HUFL,24,45,xgboost,5.5170665587526075
2018-06-05 20:00:00,etth1,HUFL,24,45,xgboost,5.227240693221555
2018-06-05 21:00:00,etth1,HUFL,24,45,xgboost,5.322153448166037
2018-06-05 22:00:00,etth1,HUFL,24,45,xgboost,5.261773039716541
2018-06-05 23:00:00,etth1,HUFL,24,45,xgboost,4.3594618099571685
2018-06-06 00:00:00,etth1,HUFL,24,45,xgboost,4.209605161163303
2018-06-06 01:00:00,etth1,HUFL,24,45,xgboost,3.622404813866357
2018-06-06 02:00:00,etth1,HUFL,24,45,xgboost,3.553698406857233
2018-06-06 03:00:00,etth1,HUFL,24,45,xgboost,3.1660027643227533
2018-06-06 04:00:00,etth1,HUFL,24,45,xgboost,3.1800587182224986
2018-06-06 05:00:00,etth1,HUFL,24,45,xgboost,2.699962218818245
2018-06-06 06:00:00,etth1,HUFL,24,45,xgboost,2.1715277676639144
2018-06-06 07:00:00,etth1,HUFL,24,45,xgboost,3.858152078097957
2018-06-06 08:00:00,etth1,HUFL,24,45,xgboost,4.172697846960307
2018-06-06 09:00:00,etth1,HUFL,24,45,xgboost,3.0288701601863184
2018-06-06 10:00:00,etth1,HUFL,24,45,xgboost,2.6103033179227357
2018-06-06 11:00:00,etth1,HUFL,24,45,xgboost,2.631998427341937
2018-06-06 12:00:00,etth1,HUFL,24,45,xgboost,2.754336287771293
2018-06-06 13:00:00,etth1,HUFL,24,45,xgboost,3.006602064314219
2018-06-06 14:00:00,etth1,HUFL,24,45,xgboost,2.5511750813591574
2018-06-06 15:00:00,etth1,HUFL,24,45,xgboost,2.590478667289239
2018-06-06 16:00:00,etth1,HUFL,24,45,xgboost,2.6653425506978397
2018-06-06 17:00:00,etth1,HUFL,24,45,xgboost,2.9897398836806324
2018-06-06 18:00:00,etth1,HUFL,24,45,xgboost,2.934438402144014
2018-06-06 19:00:00,etth1,HUFL,24,45,xgboost,3.0465683089716635
2018-06-06 20:00:00,etth1,HUFL,24,45,xgboost,2.8855634670674886
2018-06-06 21:00:00,etth1,HUFL,24,45,xgboost,2.918820483382028
2018-06-06 22:00:00,etth1,HUFL,24,45,xgboost,2.350440892588855
2018-06-06 23:00:00,etth1,HUFL,24,45,xgboost,2.3769637988083683
2018-06-07 00:00:00,etth1,HUFL,24,45,xgboost,2.2025413757450947
2018-06-07 01:00:00,etth1,HUFL,24,45,xgboost,2.3257014484198897
2018-06-07 02:00:00,etth1,HUFL,24,45,xgboost,2.481634413763779
2018-06-07 03:00:00,etth1,HUFL,24,45,xgboost,2.4607592157830704
2018-06-07 04:00:00,etth1,HUFL,24,45,xgboost,2.420657574747551
2018-06-07 05:00:00,etth1,HUFL,24,45,xgboost,2.214077650931995
2018-06-07 06:00:00,etth1,HUFL,24,45,xgboost,2.416014576239849
2018-06-07 07:00:00,etth1,HUFL,24,45,xgboost,2.513555990779295
2018-06-07 08:00:00,etth1,HUFL,24,45,xgboost,2.795045235208782
2018-06-07 09:00:00,etth1,HUFL,24,45,xgboost,2.2805024230847137
2018-06-07 10:00:00,etth1,HUFL,24,45,xgboost,2.197171975307227
2018-06-07 11:00:00,etth1,HUFL,24,45,xgboost,2.735600113853987
2018-06-07 12:00:00,etth1,HUFL,24,45,xgboost,2.6790813035731715
2018-06-07 13:00:00,etth1,HUFL,24,45,xgboost,2.7330948160018393
2018-06-07 14:00:00,etth1,HUFL,24,45,xgboost,2.345756601229929
2018-06-07 15:00:00,etth1,HUFL,24,45,xgboost,2.21409171857545
2018-06-07 16:00:00,etth1,HUFL,24,45,xgboost,2.104703420355826
2018-06-07 17:00:00,etth1,HUFL,24,45,xgboost,2.5547298560372833
2018-06-07 18:00:00,etth1,HUFL,24,45,xgboost,3.200771463982987
2018-06-07 19:00:00,etth1,HUFL,24,45,xgboost,3.1533819662533915
2018-06-07 20:00:00,etth1,HUFL,24,45,xgboost,3.085333700229196
2018-06-07 21:00:00,etth1,HUFL,24,45,xgboost,3.1573629372498995
2018-06-07 22:00:00,etth1,HUFL,24,45,xgboost,3.140261576007289
2018-06-07 23:00:00,etth1,HUFL,24,45,xgboost,3.144435924155761
2018-06-08 00:00:00,etth1,HUFL,24,45,xgboost,2.737391193732474
2018-06-08 01:00:00,etth1,HUFL,24,45,xgboost,2.7459829024580533
2018-06-08 02:00:00,etth1,HUFL,24,45,xgboost,2.770314924227853
2018-06-08 03:00:00,etth1,HUFL,24,45,xgboost,2.392409519719967
2018-06-08 04:00:00,etth1,HUFL,24,45,xgboost,2.53511352348954
2018-06-08 05:00:00,etth1,HUFL,24,45,xgboost,2.823741849993141
2018-06-08 06:00:00,etth1,HUFL,24,45,xgboost,2.7224101035685635
2018-06-08 07:00:00,etth1,HUFL,24,45,xgboost,2.2043445728208186
2018-06-08 08:00:00,etth1,HUFL,24,45,xgboost,2.7827810334291763
2018-06-08 09:00:00,etth1,HUFL,24,45,xgboost,2.976693818735459
2018-06-08 10:00:00,etth1,HUFL,24,45,xgboost,3.1810038114341643
2018-06-08 11:00:00,etth1,HUFL,24,45,xgboost,3.3535261352033907
2018-06-08 12:00:00,etth1,HUFL,24,45,xgboost,3.687319966213654
2018-06-08 13:00:00,etth1,HUFL,24,45,xgboost,3.5887327086130205
2018-06-08 14:00:00,etth1,HUFL,24,45,xgboost,2.975708804208569
2018-06-08 15:00:00,etth1,HUFL,24,45,xgboost,3.0595847491987502
2018-06-08 16:00:00,etth1,HUFL,24,45,xgboost,3.161786378284557
2018-06-08 17:00:00,etth1,HUFL,24,45,xgboost,2.2639819642828267
2018-06-08 18:00:00,etth1,HUFL,24,45,xgboost,2.2562319259832306
2018-06-08 19:00:00,etth1,HUFL,24,45,xgboost,2.1791439630610587
2018-06-08 20:00:00,etth1,HUFL,24,45,xgboost,2.2581258546066105
2018-06-08 21:00:00,etth1,HUFL,24,45,xgboost,2.426040153687959
2018-06-08 22:00:00,etth1,HUFL,24,45,xgboost,2.463524971073787
2018-06-08 23:00:00,etth1,HUFL,24,45,xgboost,2.4443652190931213
2018-06-09 00:00:00,etth1,HUFL,24,45,xgboost,3.018944787770606
2018-06-09 01:00:00,etth1,HUFL,24,45,xgboost,2.5879764870080333
2018-06-09 02:00:00,etth1,HUFL,24,45,xgboost,2.8482245183959223
2018-06-09 03:00:00,etth1,HUFL,24,45,xgboost,2.953596936615403
2018-06-09 04:00:00,etth1,HUFL,24,45,xgboost,3.1329693465944026
2018-06-09 05:00:00,etth1,HUFL,24,45,xgboost,3.3344713620484456
2018-06-09 06:00:00,etth1,HUFL,24,45,xgboost,3.7531761887051913
2018-06-09 07:00:00,etth1,HUFL,24,45,xgboost,3.1481901775141083
2018-06-09 08:00:00,etth1,HUFL,24,45,xgboost,2.7628954346228425
2018-06-09 09:00:00,etth1,HUFL,24,45,xgboost,1.9767031339914105
2018-06-09 10:00:00,etth1,HUFL,24,45,xgboost,1.8053155041517115
2018-06-09 11:00:00,etth1,HUFL,24,45,xgboost,1.6110418861024314
2018-06-09 12:00:00,etth1,HUFL,24,45,xgboost,2.2035571030326646
2018-06-09 13:00:00,etth1,HUFL,24,45,xgboost,2.5704803679121198
2018-06-09 14:00:00,etth1,HUFL,24,45,xgboost,3.2623695620261217
2018-06-09 15:00:00,etth1,HUFL,24,45,xgboost,3.9424373344825305
2018-06-09 16:00:00,etth1,HUFL,24,45,xgboost,3.6227794864581226
2018-06-09 17:00:00,etth1,HUFL,24,45,xgboost,4.282645881576824
2018-06-09 18:00:00,etth1,HUFL,24,45,xgboost,4.116624451506097
2018-06-09 19:00:00,etth1,HUFL,24,45,xgboost,3.847071420003502
2018-06-09 20:00:00,etth1,HUFL,24,45,xgboost,4.027665026050591
2018-06-09 21:00:00,etth1,HUFL,24,45,xgboost,3.8952943371285826
2018-06-09 22:00:00,etth1,HUFL,24,45,xgboost,3.818864961179603
2018-06-09 23:00:00,etth1,HUFL,24,45,xgboost,4.255243884096639
2018-06-10 00:00:00,etth1,HUFL,24,45,xgboost,4.797302030237058
2018-06-10 01:00:00,etth1,HUFL,24,45,xgboost,4.720024267901851
2018-06-10 02:00:00,etth1,HUFL,24,45,xgboost,4.4626717371903055
2018-06-10 03:00:00,etth1,HUFL,24,45,xgboost,4.38454779673693
2018-06-10 04:00:00,etth1,HUFL,24,45,xgboost,4.276627907132582
2018-06-10 05:00:00,etth1,HUFL,24,45,xgboost,4.303426044214381
2018-06-10 06:00:00,etth1,HUFL,24,45,xgboost,4.144838551576576
2018-06-10 07:00:00,etth1,HUFL,24,45,xgboost,3.724691787134567
2018-06-10 08:00:00,etth1,HUFL,24,45,xgboost,3.9934144396318048
2018-06-10 09:00:00,etth1,HUFL,24,45,xgboost,3.9523488191287406
2018-06-10 10:00:00,etth1,HUFL,24,45,xgboost,4.25663612719477
2018-06-10 11:00:00,etth1,HUFL,24,45,xgboost,4.337167550324373
2018-06-10 12:00:00,etth1,HUFL,24,45,xgboost,4.713002930567852
2018-06-10 13:00:00,etth1,HUFL,24,45,xgboost,5.293011115829324
2018-06-10 14:00:00,etth1,HUFL,24,45,xgboost,5.131006581514523
2018-06-10 15:00:00,etth1,HUFL,24,45,xgboost,5.8641860579040666
2018-06-10 16:00:00,etth1,HUFL,24,45,xgboost,5.180607396062243
2018-06-10 17:00:00,etth1,HUFL,24,45,xgboost,5.36912595648765
2018-06-10 18:00:00,etth1,HUFL,24,45,xgboost,5.497474724936957
2018-06-10 19:00:00,etth1,HUFL,24,45,xgboost,5.716553190219241
2018-06-10 20:00:00,etth1,HUFL,24,45,xgboost,5.668033241746017
2018-06-10 21:00:00,etth1,HUFL,24,45,xgboost,5.107013959539557
2018-06-10 22:00:00,etth1,HUFL,24,45,xgboost,5.091994933887314
2018-06-10 23:00:00,etth1,HUFL,24,45,xgboost,5.363287272908949
2018-06-11 00:00:00,etth1,HUFL,24,45,xgboost,4.911921891291164
2018-06-11 01:00:00,etth1,HUFL,24,45,xgboost,5.08222538585831
2018-06-11 02:00:00,etth1,HUFL,24,45,xgboost,4.873375129619334
2018-06-11 03:00:00,etth1,HUFL,24,45,xgboost,4.83263555724623
2018-06-11 04:00:00,etth1,HUFL,24,45,xgboost,4.90534725135194
2018-06-11 05:00:00,etth1,HUFL,24,45,xgboost,4.283271440584105
2018-06-11 06:00:00,etth1,HUFL,24,45,xgboost,4.644781777987333
2018-06-11 07:00:00,etth1,HUFL,24,45,xgboost,4.610821659213931
2018-06-11 08:00:00,etth1,HUFL,24,45,xgboost,3.9244533804370803
2018-06-11 09:00:00,etth1,HUFL,24,45,xgboost,2.854255819555584
2018-06-11 10:00:00,etth1,HUFL,24,45,xgboost,2.3785018153289137
2018-06-11 11:00:00,etth1,HUFL,24,45,xgboost,2.9994571126290093
2018-06-11 12:00:00,etth1,HUFL,24,45,xgboost,3.4528129647299175
2018-06-11 13:00:00,etth1,HUFL,24,45,xgboost,4.046800308737822
2018-06-11 14:00:00,etth1,HUFL,24,45,xgboost,3.9663995158336722
2018-06-11 15:00:00,etth1,HUFL,24,45,xgboost,4.7679430383182675
2018-06-11 16:00:00,etth1,HUFL,24,45,xgboost,4.7111384676277135
2018-06-11 17:00:00,etth1,HUFL,24,45,xgboost,4.625035541323295
2018-06-11 18:00:00,etth1,HUFL,24,45,xgboost,4.044706597364358
2018-06-11 19:00:00,etth1,HUFL,24,45,xgboost,4.058092284580606
2018-06-11 20:00:00,etth1,HUFL,24,45,xgboost,3.6664769715804986
2018-06-11 21:00:00,etth1,HUFL,24,45,xgboost,3.4558468798547644
2018-06-11 22:00:00,etth1,HUFL,24,45,xgboost,3.076584718074318
2018-06-11 23:00:00,etth1,HUFL,24,45,xgboost,3.096379802432482
2018-06-12 00:00:00,etth1,HUFL,24,45,xgboost,2.373489595079324
2018-06-12 01:00:00,etth1,HUFL,24,45,xgboost,2.130053555269746
2018-06-12 02:00:00,etth1,HUFL,24,45,xgboost,2.3528609796283626
2018-06-12 03:00:00,etth1,HUFL,24,45,xgboost,2.6790385776546746
2018-06-12 04:00:00,etth1,HUFL,24,45,xgboost,2.7595469793687886
2018-06-12 05:00:00,etth1,HUFL,24,45,xgboost,2.7463627747042803
2018-06-12 06:00:00,etth1,HUFL,24,45,xgboost,2.6351043574966564
2018-06-12 07:00:00,etth1,HUFL,24,45,xgboost,3.6478461821186916
2018-06-12 08:00:00,etth1,HUFL,24,45,xgboost,3.831687915946644
2018-06-12 09:00:00,etth1,HUFL,24,45,xgboost,3.651378732211762
2018-06-12 10:00:00,etth1,HUFL,24,45,xgboost,2.9985730241717725
2018-06-12 11:00:00,etth1,HUFL,24,45,xgboost,3.1860888872220414
2018-06-12 12:00:00,etth1,HUFL,24,45,xgboost,3.576419959766833
2018-06-12 13:00:00,etth1,HUFL,24,45,xgboost,3.84366789328945
2018-06-12 14:00:00,etth1,HUFL,24,45,xgboost,3.9321506648591456
2018-06-12 15:00:00,etth1,HUFL,24,45,xgboost,4.093029347024557
2018-06-12 16:00:00,etth1,HUFL,24,45,xgboost,4.203336215976152
2018-06-12 17:00:00,etth1,HUFL,24,45,xgboost,3.9961620230160615
2018-06-12 18:00:00,etth1,HUFL,24,45,xgboost,4.020919910887227
2018-06-12 19:00:00,etth1,HUFL,24,45,xgboost,4.2311508651621885
2018-06-12 20:00:00,etth1,HUFL,24,45,xgboost,3.9756031786278925
2018-06-12 21:00:00,etth1,HUFL,24,45,xgboost,3.867991103519619
2018-06-12 22:00:00,etth1,HUFL,24,45,xgboost,3.4554495038498128
2018-06-12 23:00:00,etth1,HUFL,24,45,xgboost,3.2117848495615835
2018-06-13 00:00:00,etth1,HUFL,24,45,xgboost,2.9752210849434206
2018-06-13 01:00:00,etth1,HUFL,24,45,xgboost,2.447906388642481
2018-06-13 02:00:00,etth1,HUFL,24,45,xgboost,2.450948096890617
2018-06-13 03:00:00,etth1,HUFL,24,45,xgboost,3.1753289713151673
2018-06-13 04:00:00,etth1,HUFL,24,45,xgboost,3.5270180676294287
2018-06-13 05:00:00,etth1,HUFL,24,45,xgboost,2.6902287374650427
2018-06-13 06:00:00,etth1,HUFL,24,45,xgboost,3.522034891718624
2018-06-13 07:00:00,etth1,HUFL,24,45,xgboost,4.73115697941039
2018-06-13 08:00:00,etth1,HUFL,24,45,xgboost,4.56478584859908
2018-06-13 09:00:00,etth1,HUFL,24,45,xgboost,3.749505041409464
2018-06-13 10:00:00,etth1,HUFL,24,45,xgboost,3.4437896957523377
2018-06-13 11:00:00,etth1,HUFL,24,45,xgboost,3.544605480877854
2018-06-13 12:00:00,etth1,HUFL,24,45,xgboost,3.853271269375164
2018-06-13 13:00:00,etth1,HUFL,24,45,xgboost,3.5049138757479974
2018-06-13 14:00:00,etth1,HUFL,24,45,xgboost,3.8207875414843797
2018-06-13 15:00:00,etth1,HUFL,24,45,xgboost,3.765479066659116
2018-06-13 16:00:00,etth1,HUFL,24,45,xgboost,4.116471764995917
2018-06-13 17:00:00,etth1,HUFL,24,45,xgboost,4.426588780962097
2018-06-13 18:00:00,etth1,HUFL,24,45,xgboost,4.5524384653276835
2018-06-13 19:00:00,etth1,HUFL,24,45,xgboost,4.586977719768936
2018-06-13 20:00:00,etth1,HUFL,24,45,xgboost,4.438289111451739
2018-06-13 21:00:00,etth1,HUFL,24,45,xgboost,3.9280820837653097
2018-06-13 22:00:00,etth1,HUFL,24,45,xgboost,3.655348062904487
2018-06-13 23:00:00,etth1,HUFL,24,45,xgboost,2.9247728384307017
2018-06-14 00:00:00,etth1,HUFL,24,45,xgboost,2.872371959146303
2018-06-14 01:00:00,etth1,HUFL,24,45,xgboost,3.3416914509984874
2018-06-14 02:00:00,etth1,HUFL,24,45,xgboost,2.422151184945615
2018-06-14 03:00:00,etth1,HUFL,24,45,xgboost,2.02708811439569
2018-06-14 04:00:00,etth1,HUFL,24,45,xgboost,1.6488098558464308
2018-06-14 05:00:00,etth1,HUFL,24,45,xgboost,1.3372311608920064
2018-06-14 06:00:00,etth1,HUFL,24,45,xgboost,2.0414727248458697
2018-06-14 07:00:00,etth1,HUFL,24,45,xgboost,3.584662037573398
2018-06-14 08:00:00,etth1,HUFL,24,45,xgboost,4.524562186800009
2018-06-14 09:00:00,etth1,HUFL,24,45,xgboost,3.755807988103458
2018-06-14 10:00:00,etth1,HUFL,24,45,xgboost,2.951133798583912
2018-06-14 11:00:00,etth1,HUFL,24,45,xgboost,3.65552390959664
2018-06-14 12:00:00,etth1,HUFL,24,45,xgboost,3.765127279757164
2018-06-14 13:00:00,etth1,HUFL,24,45,xgboost,4.387809753773479
2018-06-14 14:00:00,etth1,HUFL,24,45,xgboost,4.096348936430114
2018-06-14 15:00:00,etth1,HUFL,24,45,xgboost,4.353460811431927
2018-06-14 16:00:00,etth1,HUFL,24,45,xgboost,4.169306479405595
2018-06-14 17:00:00,etth1,HUFL,24,45,xgboost,4.314665453693537
2018-06-14 18:00:00,etth1,HUFL,24,45,xgboost,4.977640774612124
2018-06-14 19:00:00,etth1,HUFL,24,45,xgboost,4.737147992387867
2018-06-14 20:00:00,etth1,HUFL,24,45,xgboost,4.594804024694679
2018-06-14 21:00:00,etth1,HUFL,24,45,xgboost,4.233794996600005
2018-06-14 22:00:00,etth1,HUFL,24,45,xgboost,3.7319342556357444
2018-06-14 23:00:00,etth1,HUFL,24,45,xgboost,3.400740662200851
2018-06-15 00:00:00,etth1,HUFL,24,45,xgboost,2.9405755171287584
2018-06-15 01:00:00,etth1,HUFL,24,45,xgboost,2.7706537041498778
2018-06-15 02:00:00,etth1,HUFL,24,45,xgboost,2.661526625193906
2018-06-15 03:00:00,etth1,HUFL,24,45,xgboost,2.5953010207158393
2018-06-15 04:00:00,etth1,HUFL,24,45,xgboost,2.6405962946567407
2018-06-15 05:00:00,etth1,HUFL,24,45,xgboost,2.7070248788219935
2018-06-15 06:00:00,etth1,HUFL,24,45,xgboost,2.421414036555402
2018-06-15 07:00:00,etth1,HUFL,24,45,xgboost,4.003459401579392
2018-06-15 08:00:00,etth1,HUFL,24,45,xgboost,4.144435887046201
2018-06-15 09:00:00,etth1,HUFL,24,45,xgboost,4.154866795232155
2018-06-15 10:00:00,etth1,HUFL,24,45,xgboost,4.391692353618513
2018-06-15 11:00:00,etth1,HUFL,24,45,xgboost,3.8946828097038555
2018-06-15 12:00:00,etth1,HUFL,24,45,xgboost,4.3188898286490405
2018-06-15 13:00:00,etth1,HUFL,24,45,xgboost,4.808879525222374
2018-06-15 14:00:00,etth1,HUFL,24,45,xgboost,4.402789383977811
2018-06-15 15:00:00,etth1,HUFL,24,45,xgboost,4.4976930545551985
2018-06-15 16:00:00,etth1,HUFL,24,45,xgboost,5.202184178073913
2018-06-15 17:00:00,etth1,HUFL,24,45,xgboost,4.8737052318074126
2018-06-15 18:00:00,etth1,HUFL,24,45,xgboost,5.080218098980598
2018-06-15 19:00:00,etth1,HUFL,24,45,xgboost,4.397929850923398
2018-06-15 20:00:00,etth1,HUFL,24,45,xgboost,4.298010542394387
2018-06-15 21:00:00,etth1,HUFL,24,45,xgboost,4.155647394106676
2018-06-15 22:00:00,etth1,HUFL,24,45,xgboost,4.2575426650117985
2018-06-15 23:00:00,etth1,HUFL,24,45,xgboost,4.348015939894843
2018-06-16 00:00:00,etth1,HUFL,24,45,xgboost,3.9456556383930512
2018-06-16 01:00:00,etth1,HUFL,24,45,xgboost,3.962313808937726
2018-06-16 02:00:00,etth1,HUFL,24,45,xgboost,3.558488584459204
2018-06-16 03:00:00,etth1,HUFL,24,45,xgboost,3.621086499351746
2018-06-16 04:00:00,etth1,HUFL,24,45,xgboost,3.7388790211750815
2018-06-16 05:00:00,etth1,HUFL,24,45,xgboost,4.54008012829203
2018-06-16 06:00:00,etth1,HUFL,24,45,xgboost,4.048072653571886
2018-06-16 07:00:00,etth1,HUFL,24,45,xgboost,5.349933641557352
2018-06-16 08:00:00,etth1,HUFL,24,45,xgboost,5.139346038225446
2018-06-16 09:00:00,etth1,HUFL,24,45,xgboost,5.305546294590768
2018-06-16 10:00:00,etth1,HUFL,24,45,xgboost,4.142204203811652
2018-06-16 11:00:00,etth1,HUFL,24,45,xgboost,4.263871402003008
2018-06-16 12:00:00,etth1,HUFL,24,45,xgboost,4.38328703020212
2018-06-16 13:00:00,etth1,HUFL,24,45,xgboost,4.563377999704796
2018-06-16 14:00:00,etth1,HUFL,24,45,xgboost,4.5757924913833445
2018-06-16 15:00:00,etth1,HUFL,24,45,xgboost,4.528641528008019
2018-06-16 16:00:00,etth1,HUFL,24,45,xgboost,4.598731969514833
2018-06-16 17:00:00,etth1,HUFL,24,45,xgboost,4.50461225985359
2018-06-16 18:00:00,etth1,HUFL,24,45,xgboost,3.965284090682145
2018-06-16 19:00:00,etth1,HUFL,24,45,xgboost,4.30815978448446
2018-06-16 20:00:00,etth1,HUFL,24,45,xgboost,4.4130400050062235
2018-06-16 21:00:00,etth1,HUFL,24,45,xgboost,4.2480613599220325
2018-06-16 22:00:00,etth1,HUFL,24,45,xgboost,4.337501086924541
2018-06-16 23:00:00,etth1,HUFL,24,45,xgboost,4.239935311428449
2018-06-17 00:00:00,etth1,HUFL,24,45,xgboost,4.111581284194205
2018-06-17 01:00:00,etth1,HUFL,24,45,xgboost,3.432290542243972
2018-06-17 02:00:00,etth1,HUFL,24,45,xgboost,3.023178134847386
2018-06-17 03:00:00,etth1,HUFL,24,45,xgboost,2.4527699520776953
2018-06-17 04:00:00,etth1,HUFL,24,45,xgboost,2.367860031018061
2018-06-17 05:00:00,etth1,HUFL,24,45,xgboost,1.7161319825404604
2018-06-17 06:00:00,etth1,HUFL,24,45,xgboost,2.098340405405024
2018-06-17 07:00:00,etth1,HUFL,24,45,xgboost,3.7086609648797566
2018-06-17 08:00:00,etth1,HUFL,24,45,xgboost,4.295039318062608
2018-06-17 09:00:00,etth1,HUFL,24,45,xgboost,4.918330708742922
2018-06-17 10:00:00,etth1,HUFL,24,45,xgboost,4.460916660828468
2018-06-17 11:00:00,etth1,HUFL,24,45,xgboost,3.8423267223549176
2018-06-17 12:00:00,etth1,HUFL,24,45,xgboost,4.88960944285476
2018-06-17 13:00:00,etth1,HUFL,24,45,xgboost,4.758005272836888
2018-06-17 14:00:00,etth1,HUFL,24,45,xgboost,4.878725305661466
2018-06-17 15:00:00,etth1,HUFL,24,45,xgboost,5.1353400229130255
2018-06-17 16:00:00,etth1,HUFL,24,45,xgboost,5.328835979650818
2018-06-17 17:00:00,etth1,HUFL,24,45,xgboost,5.618022169869197
2018-06-17 18:00:00,etth1,HUFL,24,45,xgboost,5.023424281694293
2018-06-17 19:00:00,etth1,HUFL,24,45,xgboost,5.583606610381536
2018-06-17 20:00:00,etth1,HUFL,24,45,xgboost,4.776959136406639
2018-06-17 21:00:00,etth1,HUFL,24,45,xgboost,4.1530870454239945
2018-06-17 22:00:00,etth1,HUFL,24,45,xgboost,3.9088423690223615
2018-06-17 23:00:00,etth1,HUFL,24,45,xgboost,4.0739206810026145
2018-06-18 00:00:00,etth1,HUFL,24,45,xgboost,3.5595144635670706
2018-06-18 01:00:00,etth1,HUFL,24,45,xgboost,3.4771735116038047
2018-06-18 02:00:00,etth1,HUFL,24,45,xgboost,3.1937221114113172
2018-06-18 03:00:00,etth1,HUFL,24,45,xgboost,3.557976600963398
2018-06-18 04:00:00,etth1,HUFL,24,45,xgboost,3.2963831504446923
2018-06-18 05:00:00,etth1,HUFL,24,45,xgboost,3.003360214182139
2018-06-18 06:00:00,etth1,HUFL,24,45,xgboost,2.757662791751209
2018-06-18 07:00:00,etth1,HUFL,24,45,xgboost,4.980903100710901
2018-06-18 08:00:00,etth1,HUFL,24,45,xgboost,4.705558296536471
2018-06-18 09:00:00,etth1,HUFL,24,45,xgboost,3.789171095962469
2018-06-18 10:00:00,etth1,HUFL,24,45,xgboost,3.478922186541203
2018-06-18 11:00:00,etth1,HUFL,24,45,xgboost,3.357056216745425
2018-06-18 12:00:00,etth1,HUFL,24,45,xgboost,2.8825448006280467
2018-06-18 13:00:00,etth1,HUFL,24,45,xgboost,2.7091784716920855
2018-06-18 14:00:00,etth1,HUFL,24,45,xgboost,2.1010744886411263
2018-06-18 15:00:00,etth1,HUFL,24,45,xgboost,2.213209228508312
2018-06-18 16:00:00,etth1,HUFL,24,45,xgboost,2.668642435182224
2018-06-18 17:00:00,etth1,HUFL,24,45,xgboost,3.252168047462647
2018-06-18 18:00:00,etth1,HUFL,24,45,xgboost,3.3416376739474116
2018-06-18 19:00:00,etth1,HUFL,24,45,xgboost,2.6850748075988577
2018-06-18 20:00:00,etth1,HUFL,24,45,xgboost,2.221973701539643
2018-06-18 21:00:00,etth1,HUFL,24,45,xgboost,2.1728300432565804
2018-06-18 22:00:00,etth1,HUFL,24,45,xgboost,2.436933208501656
2018-06-18 23:00:00,etth1,HUFL,24,45,xgboost,2.451788052907066
2018-06-19 00:00:00,etth1,HUFL,24,45,xgboost,2.9996333849488876
2018-06-19 01:00:00,etth1,HUFL,24,45,xgboost,2.3818899580406607
2018-06-19 02:00:00,etth1,HUFL,24,45,xgboost,2.478456796779157
2018-06-19 03:00:00,etth1,HUFL,24,45,xgboost,2.5048754188599514
2018-06-19 04:00:00,etth1,HUFL,24,45,xgboost,2.59801839023005
2018-06-19 05:00:00,etth1,HUFL,24,45,xgboost,2.4767683945616477
2018-06-19 06:00:00,etth1,HUFL,24,45,xgboost,2.5986458784504634
2018-06-19 07:00:00,etth1,HUFL,24,45,xgboost,3.192992206220026
2018-06-19 08:00:00,etth1,HUFL,24,45,xgboost,3.145814038372889
2018-06-19 09:00:00,etth1,HUFL,24,45,xgboost,3.9476404961383835
2018-06-19 10:00:00,etth1,HUFL,24,45,xgboost,3.8386752624574854
2018-06-19 11:00:00,etth1,HUFL,24,45,xgboost,3.373726463138603
2018-06-19 12:00:00,etth1,HUFL,24,45,xgboost,3.35803566237337
2018-06-19 13:00:00,etth1,HUFL,24,45,xgboost,3.153285322263548
2018-06-19 14:00:00,etth1,HUFL,24,45,xgboost,3.2645682982211355
2018-06-19 15:00:00,etth1,HUFL,24,45,xgboost,3.386807459332902
2018-06-19 16:00:00,etth1,HUFL,24,45,xgboost,3.2556550957212305
2018-06-19 17:00:00,etth1,HUFL,24,45,xgboost,3.614392436878673
2018-06-19 18:00:00,etth1,HUFL,24,45,xgboost,3.388984670617109
2018-06-19 19:00:00,etth1,HUFL,24,45,xgboost,3.3067963912412885
2018-06-19 20:00:00,etth1,HUFL,24,45,xgboost,3.596721486006082
2018-06-19 21:00:00,etth1,HUFL,24,45,xgboost,3.166113350224576
2018-06-19 22:00:00,etth1,HUFL,24,45,xgboost,3.079960492751052
2018-06-19 23:00:00,etth1,HUFL,24,45,xgboost,2.8306108590194907
2018-06-20 00:00:00,etth1,HUFL,24,45,xgboost,2.6462763297831233
2018-06-20 01:00:00,etth1,HUFL,24,45,xgboost,2.404170591869285
2018-06-20 02:00:00,etth1,HUFL,24,45,xgboost,2.2577061379438907
2018-06-20 03:00:00,etth1,HUFL,24,45,xgboost,2.344932872930624
2018-06-20 04:00:00,etth1,HUFL,24,45,xgboost,2.500518306282453
2018-06-20 05:00:00,etth1,HUFL,24,45,xgboost,2.3734823598104438
2018-06-20 06:00:00,etth1,HUFL,24,45,xgboost,2.2104722178192246
2018-06-20 07:00:00,etth1,HUFL,24,45,xgboost,1.8856800478138276
2018-06-20 08:00:00,etth1,HUFL,24,45,xgboost,2.3874633186101195
2018-06-20 09:00:00,etth1,HUFL,24,45,xgboost,3.12501275296623
2018-06-20 10:00:00,etth1,HUFL,24,45,xgboost,2.085302109149517
2018-06-20 11:00:00,etth1,HUFL,24,45,xgboost,2.369300702087675
2018-06-20 12:00:00,etth1,HUFL,24,45,xgboost,2.709058624506856
2018-06-20 13:00:00,etth1,HUFL,24,45,xgboost,3.82820023904711
2018-06-20 14:00:00,etth1,HUFL,24,45,xgboost,3.4240404802404902
2018-06-20 15:00:00,etth1,HUFL,24,45,xgboost,3.9574640052833487
2018-06-20 16:00:00,etth1,HUFL,24,45,xgboost,3.439864713919622
2018-06-20 17:00:00,etth1,HUFL,24,45,xgboost,3.822284152744851
2018-06-20 18:00:00,etth1,HUFL,24,45,xgboost,4.336678678287263
2018-06-20 19:00:00,etth1,HUFL,24,45,xgboost,4.71368957979015
2018-06-20 20:00:00,etth1,HUFL,24,45,xgboost,4.497859268180107
2018-06-20 21:00:00,etth1,HUFL,24,45,xgboost,4.241517330361014
2018-06-20 22:00:00,etth1,HUFL,24,45,xgboost,4.01493989538701
2018-06-20 23:00:00,etth1,HUFL,24,45,xgboost,4.1833091434205985
2018-06-21 00:00:00,etth1,HUFL,24,45,xgboost,4.2956667298778735
2018-06-21 01:00:00,etth1,HUFL,24,45,xgboost,4.054399163650681
2018-06-21 02:00:00,etth1,HUFL,24,45,xgboost,4.109761944193269
2018-06-21 03:00:00,etth1,HUFL,24,45,xgboost,3.720894893308048
2018-06-21 04:00:00,etth1,HUFL,24,45,xgboost,3.5981446705172533
2018-06-21 05:00:00,etth1,HUFL,24,45,xgboost,2.997848131875017
2018-06-21 06:00:00,etth1,HUFL,24,45,xgboost,2.7485580938207335
2018-06-21 07:00:00,etth1,HUFL,24,45,xgboost,3.1742017338921618
2018-06-21 08:00:00,etth1,HUFL,24,45,xgboost,3.759543324882108
2018-06-21 09:00:00,etth1,HUFL,24,45,xgboost,3.006809266734257
2018-06-21 10:00:00,etth1,HUFL,24,45,xgboost,2.893711279509907
2018-06-21 11:00:00,etth1,HUFL,24,45,xgboost,2.430037825785014
2018-06-21 12:00:00,etth1,HUFL,24,45,xgboost,2.708296984673305
2018-06-21 13:00:00,etth1,HUFL,24,45,xgboost,2.701617644500432
2018-06-21 14:00:00,etth1,HUFL,24,45,xgboost,3.3163814819837945
2018-06-21 15:00:00,etth1,HUFL,24,45,xgboost,2.770483047806565
2018-06-21 16:00:00,etth1,HUFL,24,45,xgboost,2.751841017226294
2018-06-21 17:00:00,etth1,HUFL,24,45,xgboost,2.9331618658356313
2018-06-21 18:00:00,etth1,HUFL,24,45,xgboost,2.475227689813403
2018-06-21 19:00:00,etth1,HUFL,24,45,xgboost,2.6622384424061702
2018-06-21 20:00:00,etth1,HUFL,24,45,xgboost,2.6806131943187954
2018-06-21 21:00:00,etth1,HUFL,24,45,xgboost,2.991694742050233
2018-06-21 22:00:00,etth1,HUFL,24,45,xgboost,3.3783325097964307
2018-06-21 23:00:00,etth1,HUFL,24,45,xgboost,3.1774108467800954
2018-06-22 00:00:00,etth1,HUFL,24,45,xgboost,3.9449621562129824
2018-06-22 01:00:00,etth1,HUFL,24,45,xgboost,3.7899950617351514
2018-06-22 02:00:00,etth1,HUFL,24,45,xgboost,3.998449522609647
2018-06-22 03:00:00,etth1,HUFL,24,45,xgboost,4.339555080934229
2018-06-22 04:00:00,etth1,HUFL,24,45,xgboost,4.773542563584145
2018-06-22 05:00:00,etth1,HUFL,24,45,xgboost,5.075078992615428
2018-06-22 06:00:00,etth1,HUFL,24,45,xgboost,5.277327228885034
2018-06-22 07:00:00,etth1,HUFL,24,45,xgboost,5.117432155014096
2018-06-22 08:00:00,etth1,HUFL,24,45,xgboost,4.40996937287168
2018-06-22 09:00:00,etth1,HUFL,24,45,xgboost,2.5121197790679113
2018-06-22 10:00:00,etth1,HUFL,24,45,xgboost,2.7877883237126837
2018-06-22 11:00:00,etth1,HUFL,24,45,xgboost,3.0807368192929157
2018-06-22 12:00:00,etth1,HUFL,24,45,xgboost,3.3390199894819195
2018-06-22 13:00:00,etth1,HUFL,24,45,xgboost,3.424190371129567
2018-06-22 14:00:00,etth1,HUFL,24,45,xgboost,3.1013005325251464
2018-06-22 15:00:00,etth1,HUFL,24,45,xgboost,2.8014834949742795
2018-06-22 16:00:00,etth1,HUFL,24,45,xgboost,3.178373956547045
2018-06-22 17:00:00,etth1,HUFL,24,45,xgboost,3.4636641748900168
2018-06-22 18:00:00,etth1,HUFL,24,45,xgboost,3.7627259951327297
2018-06-22 19:00:00,etth1,HUFL,24,45,xgboost,3.7327939777931873
2018-06-22 20:00:00,etth1,HUFL,24,45,xgboost,3.979199071211139
2018-06-22 21:00:00,etth1,HUFL,24,45,xgboost,4.029468350442419
2018-06-22 22:00:00,etth1,HUFL,24,45,xgboost,3.784724437845854
2018-06-22 23:00:00,etth1,HUFL,24,45,xgboost,3.8025129703680136
2018-06-23 00:00:00,etth1,HUFL,24,45,xgboost,3.9060863157690853
2018-06-23 01:00:00,etth1,HUFL,24,45,xgboost,3.421521936692789
2018-06-23 02:00:00,etth1,HUFL,24,45,xgboost,2.9286900792445913
2018-06-23 03:00:00,etth1,HUFL,24,45,xgboost,2.826285970213167
2018-06-23 04:00:00,etth1,HUFL,24,45,xgboost,2.948869001238593
2018-06-23 05:00:00,etth1,HUFL,24,45,xgboost,2.817343545223086
2018-06-23 06:00:00,etth1,HUFL,24,45,xgboost,2.885541706789528
2018-06-23 07:00:00,etth1,HUFL,24,45,xgboost,3.2135842928348244
2018-06-23 08:00:00,etth1,HUFL,24,45,xgboost,3.176378051725269
2018-06-23 09:00:00,etth1,HUFL,24,45,xgboost,3.905219393366871
2018-06-23 10:00:00,etth1,HUFL,24,45,xgboost,3.331937513471567
2018-06-23 11:00:00,etth1,HUFL,24,45,xgboost,2.9815628035074813
2018-06-23 12:00:00,etth1,HUFL,24,45,xgboost,2.0817420423672757
2018-06-23 13:00:00,etth1,HUFL,24,45,xgboost,2.2703960180259686
2018-06-23 14:00:00,etth1,HUFL,24,45,xgboost,2.389131406467718
2018-06-23 15:00:00,etth1,HUFL,24,45,xgboost,2.0721194201055
2018-06-23 16:00:00,etth1,HUFL,24,45,xgboost,2.601893861355561
2018-06-23 17:00:00,etth1,HUFL,24,45,xgboost,2.1326236378908745
2018-06-23 18:00:00,etth1,HUFL,24,45,xgboost,2.268277436201997
2018-06-23 19:00:00,etth1,HUFL,24,45,xgboost,2.666585934150421
2018-06-23 20:00:00,etth1,HUFL,24,45,xgboost,2.6839792130150824
2018-06-23 21:00:00,etth1,HUFL,24,45,xgboost,2.6364902026340356
2018-06-23 22:00:00,etth1,HUFL,24,45,xgboost,2.424404660155701
2018-06-23 23:00:00,etth1,HUFL,24,45,xgboost,2.6721445280257736
2018-06-24 00:00:00,etth1,HUFL,24,45,xgboost,2.7399583326462302
2018-06-24 01:00:00,etth1,HUFL,24,45,xgboost,2.373582375205867
2018-06-24 02:00:00,etth1,HUFL,24,45,xgboost,2.123291081728846
2018-06-24 03:00:00,etth1,HUFL,24,45,xgboost,2.1724185709288104
2018-06-24 04:00:00,etth1,HUFL,24,45,xgboost,2.0286360505107073
2018-06-24 05:00:00,etth1,HUFL,24,45,xgboost,1.9491330561427016
2018-06-24 06:00:00,etth1,HUFL,24,45,xgboost,2.118274360451953
2018-06-24 07:00:00,etth1,HUFL,24,45,xgboost,1.9433487140624297
2018-06-24 08:00:00,etth1,HUFL,24,45,xgboost,1.8882711213485994
2018-06-24 09:00:00,etth1,HUFL,24,45,xgboost,2.6613167451601565
2018-06-24 10:00:00,etth1,HUFL,24,45,xgboost,2.059130391032569
2018-06-24 11:00:00,etth1,HUFL,24,45,xgboost,2.3478245781217186
2018-06-24 12:00:00,etth1,HUFL,24,45,xgboost,2.6693393062479687
2018-06-24 13:00:00,etth1,HUFL,24,45,xgboost,3.638398801660511
2018-06-24 14:00:00,etth1,HUFL,24,45,xgboost,3.7834785411263447
2018-06-24 15:00:00,etth1,HUFL,24,45,xgboost,4.013350349466188
2018-06-24 16:00:00,etth1,HUFL,24,45,xgboost,4.174259290537147
2018-06-24 17:00:00,etth1,HUFL,24,45,xgboost,4.741706760426471
2018-06-24 18:00:00,etth1,HUFL,24,45,xgboost,5.027839921642496
2018-06-24 19:00:00,etth1,HUFL,24,45,xgboost,5.486858842723397
2018-06-24 20:00:00,etth1,HUFL,24,45,xgboost,5.561012003928265
2018-06-24 21:00:00,etth1,HUFL,24,45,xgboost,5.368780274659556
2018-06-24 22:00:00,etth1,HUFL,24,45,xgboost,5.0253899581380095
2018-06-24 23:00:00,etth1,HUFL,24,45,xgboost,5.016593051661908
2018-06-25 00:00:00,etth1,HUFL,24,45,xgboost,4.778507872872624
2018-06-25 01:00:00,etth1,HUFL,24,45,xgboost,4.038866301450688
2018-06-25 02:00:00,etth1,HUFL,24,45,xgboost,4.3457219504566025
2018-06-25 03:00:00,etth1,HUFL,24,45,xgboost,3.3722527077866524
2018-06-25 04:00:00,etth1,HUFL,24,45,xgboost,2.9750994146219067
2018-06-25 05:00:00,etth1,HUFL,24,45,xgboost,2.426169319972732
2018-06-25 06:00:00,etth1,HUFL,24,45,xgboost,3.275194739660726
2018-06-25 07:00:00,etth1,HUFL,24,45,xgboost,4.507724909009071
2018-06-25 08:00:00,etth1,HUFL,24,45,xgboost,4.685105152897203
2018-06-25 09:00:00,etth1,HUFL,24,45,xgboost,3.863379327112104
2018-06-25 10:00:00,etth1,HUFL,24,45,xgboost,3.7843625475845797
2018-06-25 11:00:00,etth1,HUFL,24,45,xgboost,3.196720741013136
2018-06-25 12:00:00,etth1,HUFL,24,45,xgboost,3.513021361619119
2018-06-25 13:00:00,etth1,HUFL,24,45,xgboost,4.082154127381056
2018-06-25 14:00:00,etth1,HUFL,24,45,xgboost,4.283374116740632
2018-06-25 15:00:00,etth1,HUFL,24,45,xgboost,3.5915747419594912
2018-06-25 16:00:00,etth1,HUFL,24,45,xgboost,4.356956057124751
2018-06-25 17:00:00,etth1,HUFL,24,45,xgboost,4.676674370606559
2018-06-25 18:00:00,etth1,HUFL,24,45,xgboost,4.999182984067587
2018-06-25 19:00:00,etth1,HUFL,24,45,xgboost,5.104826060014035
2018-06-25 20:00:00,etth1,HUFL,24,45,xgboost,4.921898478637767
