origin,dataset,target,horizon,seed,model,abs_error
2017-10-24 00:00:00,etth1,HUFL,168,45,xgboost,5.413517924581876
2017-10-24 01:00:00,etth1,HUFL,168,45,xgboost,5.47490096924485
2017-10-24 02:00:00,etth1,HUFL,168,45,xgboost,5.426241850599321
2017-10-24 03:00:00,etth1,HUFL,168,45,xgboost,5.3265762788474955
2017-10-24 04:00:00,etth1,HUFL,168,45,xgboost,5.338468818451976
2017-10-24 05:00:00,etth1,HUFL,168,45,xgboost,5.35539843595991
2017-10-24 06:00:00,etth1,HUFL,168,45,xgboost,5.371397886079914
2017-10-24 07:00:00,etth1,HUFL,168,45,xgboost,5.464968920882469
2017-10-24 08:00:00,etth1,HUFL,168,45,xgboost,5.247142303540905
2017-10-24 09:00:00,etth1,HUFL,168,45,xgboost,4.765417762441494
2017-10-24 10:00:00,etth1,HUFL,168,45,xgboost,4.508536157047122
2017-10-24 11:00:00,etth1,HUFL,168,45,xgboost,4.262291084173813
2017-10-24 12:00:00,etth1,HUFL,168,45,xgboost,4.057579828639324
2017-10-24 13:00:00,etth1,HUFL,168,45,xgboost,4.095870816502908
2017-10-24 14:00:00,etth1,HUFL,168,45,xgboost,4.285888652276081
2017-10-24 15:00:00,etth1,HUFL,168,45,xgboost,4.175066690601018
2017-10-24 16:00:00,etth1,HUFL,168,45,xgboost,4.366702062553362
2017-10-24 17:00:00,etth1,HUFL,168,45,xgboost,4.445836542539526
2017-10-24 18:00:00,etth1,HUFL,168,45,xgboost,4.566466110297348
2017-10-24 19:00:00,etth1,HUFL,168,45,xgboost,4.486880920571045
2017-10-24 20:00:00,etth1,HUFL,168,45,xgboost,4.462610306810626
2017-10-24 21:00:00,etth1,HUFL,168,45,xgboost,4.473236886916259
2017-10-24 22:00:00,etth1,HUFL,168,45,xgboost,4.523964162458035
2017-10-24 23:00:00,etth1,HUFL,168,45,xgboost,4.553779283012942
2017-10-25 00:00:00,etth1,HUFL,168,45,xgboost,4.450177053005361
2017-10-25 01:00:00,etth1,HUFL,168,45,xgboost,4.559420773559142
2017-10-25 02:00:00,etth1,HUFL,168,45,xgboost,4.514701610656601
2017-10-25 03:00:00,etth1,HUFL,168,45,xgboost,4.522255930436076
2017-10-25 04:00:00,etth1,HUFL,168,45,xgboost,4.514278436990041
2017-10-25 05:00:00,etth1,HUFL,168,45,xgboost,4.445364797144337
2017-10-25 06:00:00,etth1,HUFL,168,45,xgboost,4.424054850094196
2017-10-25 07:00:00,etth1,HUFL,168,45,xgboost,4.404473310440572
2017-10-25 08:00:00,etth1,HUFL,168,45,xgboost,4.557424095936102
2017-10-25 09:00:00,etth1,HUFL,168,45,xgboost,4.0590529611002015
2017-10-25 10:00:00,etth1,HUFL,168,45,xgboost,3.9808257329144876
2017-10-25 11:00:00,etth1,HUFL,168,45,xgboost,3.8142157666653693
2017-10-25 12:00:00,etth1,HUFL,168,45,xgboost,4.0212109410900085
2017-10-25 13:00:00,etth1,HUFL,168,45,xgboost,3.932337407299182
2017-10-25 14:00:00,etth1,HUFL,168,45,xgboost,3.7904977057836193
2017-10-25 15:00:00,etth1,HUFL,168,45,xgboost,4.480519216161661
2017-10-25 16:00:00,etth1,HUFL,168,45,xgboost,4.31211305250031
2017-10-25 17:00:00,etth1,HUFL,168,45,xgboost,4.379543587343212
2017-10-25 18:00:00,etth1,HUFL,168,45,xgboost,4.309807302502142
2017-10-25 19:00:00,etth1,HUFL,168,45,xgboost,4.288061425539464
2017-10-25 20:00:00,etth1,HUFL,168,45,xgboost,4.24837284730291
2017-10-25 21:00:00,etth1,HUFL,168,45,xgboost,4.280066277294179
2017-10-25 22:00:00,etth1,HUFL,168,45,xgboost,4.273096851494987
2017-10-25 23:00:00,etth1,HUFL,168,45,xgboost,4.31873277852191
2017-10-26 00:00:00,etth1,HUFL,168,45,xgboost,4.4284008959724
2017-10-26 01:00:00,etth1,HUFL,168,45,xgboost,4.431260869792764
2017-10-26 02:00:00,etth1,HUFL,168,45,xgboost,4.379592901208052
2017-10-26 03:00:00,etth1,HUFL,168,45,xgboost,4.349850697389265
2017-10-26 04:00:00,etth1,HUFL,168,45,xgboost,4.391474121254454
2017-10-26 05:00:00,etth1,HUFL,168,45,xgboost,4.31062966949523
2017-10-26 06:00:00,etth1,HUFL,168,45,xgboost,4.227562902683102
2017-10-26 07:00:00,etth1,HUFL,168,45,xgboost,4.341167035771549
2017-10-26 08:00:00,etth1,HUFL,168,45,xgboost,4.302841801300043
2017-10-26 09:00:00,etth1,HUFL,168,45,xgboost,4.273349185797444
2017-10-26 10:00:00,etth1,HUFL,168,45,xgboost,4.3440026350679455
2017-10-26 11:00:00,etth1,HUFL,168,45,xgboost,4.428717382499944
2017-10-26 12:00:00,etth1,HUFL,168,45,xgboost,4.707724904551133
2017-10-26 13:00:00,etth1,HUFL,168,45,xgboost,4.135428666029928
2017-10-26 14:00:00,etth1,HUFL,168,45,xgboost,4.609235556223806
2017-10-26 15:00:00,etth1,HUFL,168,45,xgboost,4.419749716269213
2017-10-26 16:00:00,etth1,HUFL,168,45,xgboost,4.434733934142268
2017-10-26 17:00:00,etth1,HUFL,168,45,xgboost,4.6660822699363464
2017-10-26 18:00:00,etth1,HUFL,168,45,xgboost,4.754353107077254
2017-10-26 19:00:00,etth1,HUFL,168,45,xgboost,4.635276447739611
2017-10-26 20:00:00,etth1,HUFL,168,45,xgboost,4.531306817498173
2017-10-26 21:00:00,etth1,HUFL,168,45,xgboost,4.5807766567134385
2017-10-26 22:00:00,etth1,HUFL,168,45,xgboost,4.541055210495734
2017-10-26 23:00:00,etth1,HUFL,168,45,xgboost,4.672491222804571
2017-10-27 00:00:00,etth1,HUFL,168,45,xgboost,4.422431722017773
2017-10-27 01:00:00,etth1,HUFL,168,45,xgboost,4.426514385919195
2017-10-27 02:00:00,etth1,HUFL,168,45,xgboost,4.4604292069118205
2017-10-27 03:00:00,etth1,HUFL,168,45,xgboost,4.317136096844737
2017-10-27 04:00:00,etth1,HUFL,168,45,xgboost,4.3650299784741105
2017-10-27 05:00:00,etth1,HUFL,168,45,xgboost,4.3101972316435475
2017-10-27 06:00:00,etth1,HUFL,168,45,xgboost,4.251075468032861
2017-10-27 07:00:00,etth1,HUFL,168,45,xgboost,4.425717472817071
2017-10-27 08:00:00,etth1,HUFL,168,45,xgboost,4.57006832694946
2017-10-27 09:00:00,etth1,HUFL,168,45,xgboost,4.3365373904369005
2017-10-27 10:00:00,etth1,HUFL,168,45,xgboost,4.176602097327212
2017-10-27 11:00:00,etth1,HUFL,168,45,xgboost,4.14166046489588
2017-10-27 12:00:00,etth1,HUFL,168,45,xgboost,4.002761877688034
2017-10-27 13:00:00,etth1,HUFL,168,45,xgboost,4.289346965871801
2017-10-27 14:00:00,etth1,HUFL,168,45,xgboost,4.012153379969249
2017-10-27 15:00:00,etth1,HUFL,168,45,xgboost,4.36026129555912
2017-10-27 16:00:00,etth1,HUFL,168,45,xgboost,4.442130005346425
2017-10-27 17:00:00,etth1,HUFL,168,45,xgboost,4.325419868867313
2017-10-27 18:00:00,etth1,HUFL,168,45,xgboost,4.3081656021102095
2017-10-27 19:00:00,etth1,HUFL,168,45,xgboost,4.1957330959376735
2017-10-27 20:00:00,etth1,HUFL,168,45,xgboost,4.11575986354359
2017-10-27 21:00:00,etth1,HUFL,168,45,xgboost,4.192109703830019
2017-10-27 22:00:00,etth1,HUFL,168,45,xgboost,4.206898236651291
2017-10-27 23:00:00,etth1,HUFL,168,45,xgboost,4.310381344827564
2017-10-28 00:00:00,etth1,HUFL,168,45,xgboost,4.0895579826454025
2017-10-28 01:00:00,etth1,HUFL,168,45,xgboost,4.190762675620094
2017-10-28 02:00:00,etth1,HUFL,168,45,xgboost,4.28742575809631
2017-10-28 03:00:00,etth1,HUFL,168,45,xgboost,4.194051851584403
2017-10-28 04:00:00,etth1,HUFL,168,45,xgboost,4.1272238503863825
2017-10-28 05:00:00,etth1,HUFL,168,45,xgboost,4.218361216423892
2017-10-28 06:00:00,etth1,HUFL,168,45,xgboost,4.119288419099044
2017-10-28 07:00:00,etth1,HUFL,168,45,xgboost,4.2801124717353245
2017-10-28 08:00:00,etth1,HUFL,168,45,xgboost,4.248175599025261
2017-10-28 09:00:00,etth1,HUFL,168,45,xgboost,4.0164632193219205
2017-10-28 10:00:00,etth1,HUFL,168,45,xgboost,4.100728783198909
2017-10-28 11:00:00,etth1,HUFL,168,45,xgboost,4.074612037332952
2017-10-28 12:00:00,etth1,HUFL,168,45,xgboost,4.070273771944632
2017-10-28 13:00:00,etth1,HUFL,168,45,xgboost,3.836876828434557
2017-10-28 14:00:00,etth1,HUFL,168,45,xgboost,3.9618451923264795
2017-10-28 15:00:00,etth1,HUFL,168,45,xgboost,4.309722549473957
2017-10-28 16:00:00,etth1,HUFL,168,45,xgboost,4.435721325277569
2017-10-28 17:00:00,etth1,HUFL,168,45,xgboost,4.6932927633955845
2017-10-28 18:00:00,etth1,HUFL,168,45,xgboost,4.769004151313274
2017-10-28 19:00:00,etth1,HUFL,168,45,xgboost,4.679180765485363
2017-10-28 20:00:00,etth1,HUFL,168,45,xgboost,4.475860225300743
2017-10-28 21:00:00,etth1,HUFL,168,45,xgboost,4.626339312655084
2017-10-28 22:00:00,etth1,HUFL,168,45,xgboost,4.586439321450025
2017-10-28 23:00:00,etth1,HUFL,168,45,xgboost,4.801753168803743
2017-10-29 00:00:00,etth1,HUFL,168,45,xgboost,4.697723874628258
2017-10-29 01:00:00,etth1,HUFL,168,45,xgboost,4.568974867445067
2017-10-29 02:00:00,etth1,HUFL,168,45,xgboost,4.515059194475726
2017-10-29 03:00:00,etth1,HUFL,168,45,xgboost,4.536705090121194
2017-10-29 04:00:00,etth1,HUFL,168,45,xgboost,4.502872561390528
2017-10-29 05:00:00,etth1,HUFL,168,45,xgboost,4.560142285798674
2017-10-29 06:00:00,etth1,HUFL,168,45,xgboost,4.407847911634652
2017-10-29 07:00:00,etth1,HUFL,168,45,xgboost,4.532316062970106
2017-10-29 08:00:00,etth1,HUFL,168,45,xgboost,4.613456468358427
2017-10-29 09:00:00,etth1,HUFL,168,45,xgboost,4.73653496802426
2017-10-29 10:00:00,etth1,HUFL,168,45,xgboost,4.690144811629834
2017-10-29 11:00:00,etth1,HUFL,168,45,xgboost,4.722609243125883
2017-10-29 12:00:00,etth1,HUFL,168,45,xgboost,4.7945192448782405
2017-10-29 13:00:00,etth1,HUFL,168,45,xgboost,4.792529472057542
2017-10-29 14:00:00,etth1,HUFL,168,45,xgboost,5.015929944416371
2017-10-29 15:00:00,etth1,HUFL,168,45,xgboost,5.159577500081641
2017-10-29 16:00:00,etth1,HUFL,168,45,xgboost,4.99146966722564
2017-10-29 17:00:00,etth1,HUFL,168,45,xgboost,5.364537390742903
2017-10-29 18:00:00,etth1,HUFL,168,45,xgboost,5.310598062573102
2017-10-29 19:00:00,etth1,HUFL,168,45,xgboost,5.273768804318243
2017-10-29 20:00:00,etth1,HUFL,168,45,xgboost,5.257221124951482
2017-10-29 21:00:00,etth1,HUFL,168,45,xgboost,5.328421881713207
2017-10-29 22:00:00,etth1,HUFL,168,45,xgboost,5.368949807997923
2017-10-29 23:00:00,etth1,HUFL,168,45,xgboost,5.559256958034213
2017-10-30 00:00:00,etth1,HUFL,168,45,xgboost,5.329119819839919
2017-10-30 01:00:00,etth1,HUFL,168,45,xgboost,5.321368841080073
2017-10-30 02:00:00,etth1,HUFL,168,45,xgboost,5.158023134482815
2017-10-30 03:00:00,etth1,HUFL,168,45,xgboost,5.003657124072679
2017-10-30 04:00:00,etth1,HUFL,168,45,xgboost,4.961440945068308
2017-10-30 05:00:00,etth1,HUFL,168,45,xgboost,4.9168399277964925
2017-10-30 06:00:00,etth1,HUFL,168,45,xgboost,4.693851158470225
2017-10-30 07:00:00,etth1,HUFL,168,45,xgboost,4.803428435751861
2017-10-30 08:00:00,etth1,HUFL,168,45,xgboost,4.923375237676986
2017-10-30 09:00:00,etth1,HUFL,168,45,xgboost,4.668861177318219
2017-10-30 10:00:00,etth1,HUFL,168,45,xgboost,4.767416362725139
2017-10-30 11:00:00,etth1,HUFL,168,45,xgboost,4.874417355030372
2017-10-30 12:00:00,etth1,HUFL,168,45,xgboost,4.96982844952111
2017-10-30 13:00:00,etth1,HUFL,168,45,xgboost,4.7003435585865025
2017-10-30 14:00:00,etth1,HUFL,168,45,xgboost,4.624019470850465
2017-10-30 15:00:00,etth1,HUFL,168,45,xgboost,4.665644533443081
2017-10-30 16:00:00,etth1,HUFL,168,45,xgboost,4.760543677394038
2017-10-30 17:00:00,etth1,HUFL,168,45,xgboost,5.064513550130812
2017-10-30 18:00:00,etth1,HUFL,168,45,xgboost,4.923055018069186
2017-10-30 19:00:00,etth1,HUFL,168,45,xgboost,4.787287974934507
2017-10-30 20:00:00,etth1,HUFL,168,45,xgboost,4.711874335420513
2017-10-30 21:00:00,etth1,HUFL,168,45,xgboost,4.8243754675089505
2017-10-30 22:00:00,etth1,HUFL,168,45,xgboost,5.015335983466556
2017-10-30 23:00:00,etth1,HUFL,168,45,xgboost,5.007190778930767
2017-10-31 00:00:00,etth1,HUFL,168,45,xgboost,4.890439575499925
2017-10-31 01:00:00,etth1,HUFL,168,45,xgboost,5.052082547679259
2017-10-31 02:00:00,etth1,HUFL,168,45,xgboost,5.046034163299195
2017-10-31 03:00:00,etth1,HUFL,168,45,xgboost,5.120720301573411
2017-10-31 04:00:00,etth1,HUFL,168,45,xgboost,5.021749579683246
2017-10-31 05:00:00,etth1,HUFL,168,45,xgboost,4.927602638161455
2017-10-31 06:00:00,etth1,HUFL,168,45,xgboost,4.85381659103886
2017-10-31 07:00:00,etth1,HUFL,168,45,xgboost,5.031295277484908
2017-10-31 08:00:00,etth1,HUFL,168,45,xgboost,4.791054722442782
2017-10-31 09:00:00,etth1,HUFL,168,45,xgboost,4.85661384429203
2017-10-31 10:00:00,etth1,HUFL,168,45,xgboost,4.634589415439619
2017-10-31 11:00:00,etth1,HUFL,168,45,xgboost,4.702368413645681
2017-10-31 12:00:00,etth1,HUFL,168,45,xgboost,4.926828044031974
2017-10-31 13:00:00,etth1,HUFL,168,45,xgboost,4.976453366770522
2017-10-31 14:00:00,etth1,HUFL,168,45,xgboost,4.937309464381208
2017-10-31 15:00:00,etth1,HUFL,168,45,xgboost,5.298319844270308
2017-10-31 16:00:00,etth1,HUFL,168,45,xgboost,5.616814341934486
2017-10-31 17:00:00,etth1,HUFL,168,45,xgboost,5.588003834241767
2017-10-31 18:00:00,etth1,HUFL,168,45,xgboost,5.337558836195898
2017-10-31 19:00:00,etth1,HUFL,168,45,xgboost,5.238895910011839
2017-10-31 20:00:00,etth1,HUFL,168,45,xgboost,5.247451357650451
2017-10-31 21:00:00,etth1,HUFL,168,45,xgboost,5.322317901898026
2017-10-31 22:00:00,etth1,HUFL,168,45,xgboost,5.298555114059083
2017-10-31 23:00:00,etth1,HUFL,168,45,xgboost,5.304491422886399
2017-11-01 00:00:00,etth1,HUFL,168,45,xgboost,5.554334754418813
2017-11-01 01:00:00,etth1,HUFL,168,45,xgboost,5.652811924015626
2017-11-01 02:00:00,etth1,HUFL,168,45,xgboost,5.713529896985484
2017-11-01 03:00:00,etth1,HUFL,168,45,xgboost,5.59581230950453
2017-11-01 04:00:00,etth1,HUFL,168,45,xgboost,5.477800533705779
2017-11-01 05:00:00,etth1,HUFL,168,45,xgboost,5.471695025753897
2017-11-01 06:00:00,etth1,HUFL,168,45,xgboost,5.523020491270105
2017-11-01 07:00:00,etth1,HUFL,168,45,xgboost,5.525007343083499
2017-11-01 08:00:00,etth1,HUFL,168,45,xgboost,5.952676192062281
2017-11-01 09:00:00,etth1,HUFL,168,45,xgboost,5.34595552000916
2017-11-01 10:00:00,etth1,HUFL,168,45,xgboost,4.841104633534641
2017-11-01 11:00:00,etth1,HUFL,168,45,xgboost,4.643318919258132
2017-11-01 12:00:00,etth1,HUFL,168,45,xgboost,4.470303333880076
2017-11-01 13:00:00,etth1,HUFL,168,45,xgboost,4.473530716676294
2017-11-01 14:00:00,etth1,HUFL,168,45,xgboost,4.905548876802178
2017-11-01 15:00:00,etth1,HUFL,168,45,xgboost,5.393144988326359
2017-11-01 16:00:00,etth1,HUFL,168,45,xgboost,5.351743542231428
2017-11-01 17:00:00,etth1,HUFL,168,45,xgboost,5.1126889965099895
2017-11-01 18:00:00,etth1,HUFL,168,45,xgboost,5.219779229648712
2017-11-01 19:00:00,etth1,HUFL,168,45,xgboost,5.2168932783079045
2017-11-01 20:00:00,etth1,HUFL,168,45,xgboost,5.147380970110281
2017-11-01 21:00:00,etth1,HUFL,168,45,xgboost,5.140541277383159
2017-11-01 22:00:00,etth1,HUFL,168,45,xgboost,4.997397186472343
2017-11-01 23:00:00,etth1,HUFL,168,45,xgboost,5.061935530364217
2017-11-02 00:00:00,etth1,HUFL,168,45,xgboost,4.773007859697427
2017-11-02 01:00:00,etth1,HUFL,168,45,xgboost,4.844185747691689
2017-11-02 02:00:00,etth1,HUFL,168,45,xgboost,4.9357137257126835
2017-11-02 03:00:00,etth1,HUFL,168,45,xgboost,4.986307890071693
2017-11-02 04:00:00,etth1,HUFL,168,45,xgboost,4.866636783728701
2017-11-02 05:00:00,etth1,HUFL,168,45,xgboost,4.847378953189824
2017-11-02 06:00:00,etth1,HUFL,168,45,xgboost,4.701143728539173
2017-11-02 07:00:00,etth1,HUFL,168,45,xgboost,4.9268447681267205
2017-11-02 08:00:00,etth1,HUFL,168,45,xgboost,5.04910745956034
2017-11-02 09:00:00,etth1,HUFL,168,45,xgboost,4.972764041258559
2017-11-02 10:00:00,etth1,HUFL,168,45,xgboost,5.0399904680208
2017-11-02 11:00:00,etth1,HUFL,168,45,xgboost,4.651806843422641
2017-11-02 12:00:00,etth1,HUFL,168,45,xgboost,4.851730252151802
2017-11-02 13:00:00,etth1,HUFL,168,45,xgboost,4.755132834509036
2017-11-02 14:00:00,etth1,HUFL,168,45,xgboost,4.930151522742553
2017-11-02 15:00:00,etth1,HUFL,168,45,xgboost,5.295390426557837
2017-11-02 16:00:00,etth1,HUFL,168,45,xgboost,5.264923595387161
2017-11-02 17:00:00,etth1,HUFL,168,45,xgboost,5.260561424597317
2017-11-02 18:00:00,etth1,HUFL,168,45,xgboost,5.161654431748668
2017-11-02 19:00:00,etth1,HUFL,168,45,xgboost,5.14340318159408
2017-11-02 20:00:00,etth1,HUFL,168,45,xgboost,5.010690431301247
2017-11-02 21:00:00,etth1,HUFL,168,45,xgboost,5.083919137335199
2017-11-02 22:00:00,etth1,HUFL,168,45,xgboost,5.039544229674854
2017-11-02 23:00:00,etth1,HUFL,168,45,xgboost,5.177021540018318
2017-11-03 00:00:00,etth1,HUFL,168,45,xgboost,5.04345439150204
2017-11-03 01:00:00,etth1,HUFL,168,45,xgboost,4.94126131973559
2017-11-03 02:00:00,etth1,HUFL,168,45,xgboost,4.969713489718045
2017-11-03 03:00:00,etth1,HUFL,168,45,xgboost,4.981467537618126
2017-11-03 04:00:00,etth1,HUFL,168,45,xgboost,4.895998935635339
2017-11-03 05:00:00,etth1,HUFL,168,45,xgboost,4.852777456973124
2017-11-03 06:00:00,etth1,HUFL,168,45,xgboost,4.893686663777544
2017-11-03 07:00:00,etth1,HUFL,168,45,xgboost,4.966616433169161
2017-11-03 08:00:00,etth1,HUFL,168,45,xgboost,5.335276307459024
2017-11-03 09:00:00,etth1,HUFL,168,45,xgboost,5.468077083081828
2017-11-03 10:00:00,etth1,HUFL,168,45,xgboost,5.122760434819916
2017-11-03 11:00:00,etth1,HUFL,168,45,xgboost,4.981557628631461
2017-11-03 12:00:00,etth1,HUFL,168,45,xgboost,5.17235232262097
2017-11-03 13:00:00,etth1,HUFL,168,45,xgboost,5.198253010612879
2017-11-03 14:00:00,etth1,HUFL,168,45,xgboost,5.088516580419728
2017-11-03 15:00:00,etth1,HUFL,168,45,xgboost,5.497946483054751
2017-11-03 16:00:00,etth1,HUFL,168,45,xgboost,5.143291884604487
2017-11-03 17:00:00,etth1,HUFL,168,45,xgboost,5.185773152641635
2017-11-03 18:00:00,etth1,HUFL,168,45,xgboost,5.2398976688538585
2017-11-03 19:00:00,etth1,HUFL,168,45,xgboost,5.083701814531855
2017-11-03 20:00:00,etth1,HUFL,168,45,xgboost,4.983254232629231
2017-11-03 21:00:00,etth1,HUFL,168,45,xgboost,5.043243249408393
2017-11-03 22:00:00,etth1,HUFL,168,45,xgboost,4.918305339762112
2017-11-03 23:00:00,etth1,HUFL,168,45,xgboost,4.925528940736833
2017-11-04 00:00:00,etth1,HUFL,168,45,xgboost,4.916088758493988
2017-11-04 01:00:00,etth1,HUFL,168,45,xgboost,4.821684766416965
2017-11-04 02:00:00,etth1,HUFL,168,45,xgboost,4.824272058427121
2017-11-04 03:00:00,etth1,HUFL,168,45,xgboost,4.8354762089312615
2017-11-04 04:00:00,etth1,HUFL,168,45,xgboost,4.674761544684928
2017-11-04 05:00:00,etth1,HUFL,168,45,xgboost,4.653791471579692
2017-11-04 06:00:00,etth1,HUFL,168,45,xgboost,4.554522155337108
2017-11-04 07:00:00,etth1,HUFL,168,45,xgboost,4.684705480146371
2017-11-04 08:00:00,etth1,HUFL,168,45,xgboost,4.841358676782238
2017-11-04 09:00:00,etth1,HUFL,168,45,xgboost,4.849048718246503
2017-11-04 10:00:00,etth1,HUFL,168,45,xgboost,4.670603771858416
2017-11-04 11:00:00,etth1,HUFL,168,45,xgboost,4.515733441632399
2017-11-04 12:00:00,etth1,HUFL,168,45,xgboost,4.359415331237871
2017-11-04 13:00:00,etth1,HUFL,168,45,xgboost,4.150643826130848
2017-11-04 14:00:00,etth1,HUFL,168,45,xgboost,4.249492588014874
2017-11-04 15:00:00,etth1,HUFL,168,45,xgboost,4.567532692375804
2017-11-04 16:00:00,etth1,HUFL,168,45,xgboost,4.479020148968023
2017-11-04 17:00:00,etth1,HUFL,168,45,xgboost,4.566079178880919
2017-11-04 18:00:00,etth1,HUFL,168,45,xgboost,4.6280655812736615
2017-11-04 19:00:00,etth1,HUFL,168,45,xgboost,4.496872795265928
2017-11-04 20:00:00,etth1,HUFL,168,45,xgboost,4.411677770032298
2017-11-04 21:00:00,etth1,HUFL,168,45,xgboost,4.418305751539162
2017-11-04 22:00:00,etth1,HUFL,168,45,xgboost,4.416411900644194
2017-11-04 23:00:00,etth1,HUFL,168,45,xgboost,4.456670838247605
2017-11-05 00:00:00,etth1,HUFL,168,45,xgboost,4.553996071389231
2017-11-05 01:00:00,etth1,HUFL,168,45,xgboost,4.417731657692075
2017-11-05 02:00:00,etth1,HUFL,168,45,xgboost,4.412357260967697
2017-11-05 03:00:00,etth1,HUFL,168,45,xgboost,4.451732219040653
2017-11-05 04:00:00,etth1,HUFL,168,45,xgboost,4.355806781449869
2017-11-05 05:00:00,etth1,HUFL,168,45,xgboost,4.203462205921285
2017-11-05 06:00:00,etth1,HUFL,168,45,xgboost,4.1888362676442865
2017-11-05 07:00:00,etth1,HUFL,168,45,xgboost,4.291531666009103
2017-11-05 08:00:00,etth1,HUFL,168,45,xgboost,4.464532480587094
2017-11-05 09:00:00,etth1,HUFL,168,45,xgboost,4.340663372412366
2017-11-05 10:00:00,etth1,HUFL,168,45,xgboost,3.861679253639845
2017-11-05 11:00:00,etth1,HUFL,168,45,xgboost,3.488595138083028
2017-11-05 12:00:00,etth1,HUFL,168,45,xgboost,3.8877734994834414
2017-11-05 13:00:00,etth1,HUFL,168,45,xgboost,3.228745959390789
2017-11-05 14:00:00,etth1,HUFL,168,45,xgboost,3.45343800022058
2017-11-05 15:00:00,etth1,HUFL,168,45,xgboost,3.5977443038122785
2017-11-05 16:00:00,etth1,HUFL,168,45,xgboost,3.703155255446803
2017-11-05 17:00:00,etth1,HUFL,168,45,xgboost,3.9484073202250194
2017-11-05 18:00:00,etth1,HUFL,168,45,xgboost,3.7994367080920095
2017-11-05 19:00:00,etth1,HUFL,168,45,xgboost,3.622473478524902
2017-11-05 20:00:00,etth1,HUFL,168,45,xgboost,3.4688414766171447
2017-11-05 21:00:00,etth1,HUFL,168,45,xgboost,3.4011891953255713
2017-11-05 22:00:00,etth1,HUFL,168,45,xgboost,3.436750150360578
2017-11-05 23:00:00,etth1,HUFL,168,45,xgboost,3.6013402548652853
2017-11-06 00:00:00,etth1,HUFL,168,45,xgboost,3.448652422296828
2017-11-06 01:00:00,etth1,HUFL,168,45,xgboost,3.4790780708933093
2017-11-06 02:00:00,etth1,HUFL,168,45,xgboost,3.6464172570113815
2017-11-06 03:00:00,etth1,HUFL,168,45,xgboost,3.7816310757228786
2017-11-06 04:00:00,etth1,HUFL,168,45,xgboost,3.667972643766495
2017-11-06 05:00:00,etth1,HUFL,168,45,xgboost,3.562284117964531
2017-11-06 06:00:00,etth1,HUFL,168,45,xgboost,3.5782224183182065
2017-11-06 07:00:00,etth1,HUFL,168,45,xgboost,3.612875100920568
2017-11-06 08:00:00,etth1,HUFL,168,45,xgboost,3.915860585074791
2017-11-06 09:00:00,etth1,HUFL,168,45,xgboost,3.8154616019155196
2017-11-06 10:00:00,etth1,HUFL,168,45,xgboost,3.695859130018701
2017-11-06 11:00:00,etth1,HUFL,168,45,xgboost,3.6392154216347983
2017-11-06 12:00:00,etth1,HUFL,168,45,xgboost,3.647686162809142
2017-11-06 13:00:00,etth1,HUFL,168,45,xgboost,3.535678210518216
2017-11-06 14:00:00,etth1,HUFL,168,45,xgboost,3.5130352183972455
2017-11-06 15:00:00,etth1,HUFL,168,45,xgboost,3.50702562389451
2017-11-06 16:00:00,etth1,HUFL,168,45,xgboost,3.312195726436882
2017-11-06 17:00:00,etth1,HUFL,168,45,xgboost,3.4636123729347372
2017-11-06 18:00:00,etth1,HUFL,168,45,xgboost,3.352314941605556
2017-11-06 19:00:00,etth1,HUFL,168,45,xgboost,3.283635010929368
2017-11-06 20:00:00,etth1,HUFL,168,45,xgboost,3.1728622294567117
2017-11-06 21:00:00,etth1,HUFL,168,45,xgboost,3.1585149979389135
2017-11-06 22:00:00,etth1,HUFL,168,45,xgboost,3.149365370734269
2017-11-06 23:00:00,etth1,HUFL,168,45,xgboost,3.238964725070837
2017-11-07 00:00:00,etth1,HUFL,168,45,xgboost,3.2291737927808164
2017-11-07 01:00:00,etth1,HUFL,168,45,xgboost,3.239407524967118
2017-11-07 02:00:00,etth1,HUFL,168,45,xgboost,3.3512171637635384
2017-11-07 03:00:00,etth1,HUFL,168,45,xgboost,3.3729731417844047
2017-11-07 04:00:00,etth1,HUFL,168,45,xgboost,3.2720364049767623
2017-11-07 05:00:00,etth1,HUFL,168,45,xgboost,3.1498349594351644
2017-11-07 06:00:00,etth1,HUFL,168,45,xgboost,3.080164195505112
2017-11-07 07:00:00,etth1,HUFL,168,45,xgboost,3.177514500506699
2017-11-07 08:00:00,etth1,HUFL,168,45,xgboost,3.338833215191962
2017-11-07 09:00:00,etth1,HUFL,168,45,xgboost,3.296528045830447
2017-11-07 10:00:00,etth1,HUFL,168,45,xgboost,3.289340470151172
2017-11-07 11:00:00,etth1,HUFL,168,45,xgboost,3.3579405941718825
2017-11-07 12:00:00,etth1,HUFL,168,45,xgboost,3.2102780287090877
2017-11-07 13:00:00,etth1,HUFL,168,45,xgboost,3.087464854811742
2017-11-07 14:00:00,etth1,HUFL,168,45,xgboost,2.7634895266945554
2017-11-07 15:00:00,etth1,HUFL,168,45,xgboost,2.8632608506574506
2017-11-07 16:00:00,etth1,HUFL,168,45,xgboost,2.9757307805731763
2017-11-07 17:00:00,etth1,HUFL,168,45,xgboost,3.1459731453596085
2017-11-07 18:00:00,etth1,HUFL,168,45,xgboost,3.0886175202623827
2017-11-07 19:00:00,etth1,HUFL,168,45,xgboost,3.0363108402668324
2017-11-07 20:00:00,etth1,HUFL,168,45,xgboost,2.860954511316602
2017-11-07 21:00:00,etth1,HUFL,168,45,xgboost,2.7979806331793906
2017-11-07 22:00:00,etth1,HUFL,168,45,xgboost,2.8430124720848915
2017-11-07 23:00:00,etth1,HUFL,168,45,xgboost,3.056463670750866
2017-11-08 00:00:00,etth1,HUFL,168,45,xgboost,2.9725315493376248
2017-11-08 01:00:00,etth1,HUFL,168,45,xgboost,2.9441364564846544
2017-11-08 02:00:00,etth1,HUFL,168,45,xgboost,2.880444398242627
2017-11-08 03:00:00,etth1,HUFL,168,45,xgboost,2.8040056443697003
2017-11-08 04:00:00,etth1,HUFL,168,45,xgboost,2.8301971658283014
2017-11-08 05:00:00,etth1,HUFL,168,45,xgboost,2.890520619914448
2017-11-08 06:00:00,etth1,HUFL,168,45,xgboost,2.679687198181413
2017-11-08 07:00:00,etth1,HUFL,168,45,xgboost,2.6769854081198203
2017-11-08 08:00:00,etth1,HUFL,168,45,xgboost,2.936743554969218
2017-11-08 09:00:00,etth1,HUFL,168,45,xgboost,2.6892248914738794
2017-11-08 10:00:00,etth1,HUFL,168,45,xgboost,2.4633925665724323
2017-11-08 11:00:00,etth1,HUFL,168,45,xgboost,2.396419841154014
2017-11-08 12:00:00,etth1,HUFL,168,45,xgboost,2.3826492699208037
2017-11-08 13:00:00,etth1,HUFL,168,45,xgboost,2.5315581985590647
2017-11-08 14:00:00,etth1,HUFL,168,45,xgboost,2.6012266960414294
2017-11-08 15:00:00,etth1,HUFL,168,45,xgboost,2.6846938605903197
2017-11-08 16:00:00,etth1,HUFL,168,45,xgboost,2.883450478018155
2017-11-08 17:00:00,etth1,HUFL,168,45,xgboost,3.0360056992766493
2017-11-08 18:00:00,etth1,HUFL,168,45,xgboost,3.0026003791103433
2017-11-08 19:00:00,etth1,HUFL,168,45,xgboost,2.8507785231445872
2017-11-08 20:00:00,etth1,HUFL,168,45,xgboost,2.7385918129920332
2017-11-08 21:00:00,etth1,HUFL,168,45,xgboost,2.753083361638182
2017-11-08 22:00:00,etth1,HUFL,168,45,xgboost,2.966581161889054
2017-11-08 23:00:00,etth1,HUFL,168,45,xgboost,2.9414571609725653
2017-11-09 00:00:00,etth1,HUFL,168,45,xgboost,2.8381428978250964
2017-11-09 01:00:00,etth1,HUFL,168,45,xgboost,2.808980793654249
2017-11-09 02:00:00,etth1,HUFL,168,45,xgboost,2.6282496730820086
2017-11-09 03:00:00,etth1,HUFL,168,45,xgboost,2.702893520860625
2017-11-09 04:00:00,etth1,HUFL,168,45,xgboost,2.793845614840717
2017-11-09 05:00:00,etth1,HUFL,168,45,xgboost,2.9014762922760857
2017-11-09 06:00:00,etth1,HUFL,168,45,xgboost,2.80396042733128
2017-11-09 07:00:00,etth1,HUFL,168,45,xgboost,2.675816111121417
2017-11-09 08:00:00,etth1,HUFL,168,45,xgboost,2.7421310505650007
2017-11-09 09:00:00,etth1,HUFL,168,45,xgboost,2.8716666220318205
2017-11-09 10:00:00,etth1,HUFL,168,45,xgboost,2.643129580280448
2017-11-09 11:00:00,etth1,HUFL,168,45,xgboost,2.5432933361093655
2017-11-09 12:00:00,etth1,HUFL,168,45,xgboost,2.560647198515217
2017-11-09 13:00:00,etth1,HUFL,168,45,xgboost,2.4923103749300943
2017-11-09 14:00:00,etth1,HUFL,168,45,xgboost,2.3597916727896355
2017-11-09 15:00:00,etth1,HUFL,168,45,xgboost,2.4554515144332862
2017-11-09 16:00:00,etth1,HUFL,168,45,xgboost,2.442491062474767
2017-11-09 17:00:00,etth1,HUFL,168,45,xgboost,2.605278573508553
2017-11-09 18:00:00,etth1,HUFL,168,45,xgboost,2.406534917606643
2017-11-09 19:00:00,etth1,HUFL,168,45,xgboost,2.230616281812842
2017-11-09 20:00:00,etth1,HUFL,168,45,xgboost,2.1417868131436415
2017-11-09 21:00:00,etth1,HUFL,168,45,xgboost,2.1086553484199335
2017-11-09 22:00:00,etth1,HUFL,168,45,xgboost,2.272258278221579
2017-11-09 23:00:00,etth1,HUFL,168,45,xgboost,2.391638817771051
2017-11-10 00:00:00,etth1,HUFL,168,45,xgboost,2.334003383185985
2017-11-10 01:00:00,etth1,HUFL,168,45,xgboost,2.2456641866344556
2017-11-10 02:00:00,etth1,HUFL,168,45,xgboost,2.051109534786503
2017-11-10 03:00:00,etth1,HUFL,168,45,xgboost,2.1037927942767936
2017-11-10 04:00:00,etth1,HUFL,168,45,xgboost,2.273086882533288
2017-11-10 05:00:00,etth1,HUFL,168,45,xgboost,2.422932491157936
2017-11-10 06:00:00,etth1,HUFL,168,45,xgboost,2.3932818948553622
2017-11-10 07:00:00,etth1,HUFL,168,45,xgboost,2.4017589392933525
2017-11-10 08:00:00,etth1,HUFL,168,45,xgboost,2.2100599115045663
2017-11-10 09:00:00,etth1,HUFL,168,45,xgboost,2.3846087328950176
2017-11-10 10:00:00,etth1,HUFL,168,45,xgboost,2.676621179368631
2017-11-10 11:00:00,etth1,HUFL,168,45,xgboost,2.502339311065999
2017-11-10 12:00:00,etth1,HUFL,168,45,xgboost,2.5472680343714864
2017-11-10 13:00:00,etth1,HUFL,168,45,xgboost,2.561002523562842
2017-11-10 14:00:00,etth1,HUFL,168,45,xgboost,2.441089565894462
2017-11-10 15:00:00,etth1,HUFL,168,45,xgboost,2.3577186676737782
2017-11-10 16:00:00,etth1,HUFL,168,45,xgboost,2.1924631194485653
2017-11-10 17:00:00,etth1,HUFL,168,45,xgboost,2.3343209042346094
2017-11-10 18:00:00,etth1,HUFL,168,45,xgboost,2.201775311114857
2017-11-10 19:00:00,etth1,HUFL,168,45,xgboost,2.1915981694671314
2017-11-10 20:00:00,etth1,HUFL,168,45,xgboost,2.131677189893387
2017-11-10 21:00:00,etth1,HUFL,168,45,xgboost,2.0840365622959496
2017-11-10 22:00:00,etth1,HUFL,168,45,xgboost,2.1714522135833545
2017-11-10 23:00:00,etth1,HUFL,168,45,xgboost,2.2230086027119604
2017-11-11 00:00:00,etth1,HUFL,168,45,xgboost,2.217782066865413
2017-11-11 01:00:00,etth1,HUFL,168,45,xgboost,2.151097544939012
2017-11-11 02:00:00,etth1,HUFL,168,45,xgboost,2.098514081778083
2017-11-11 03:00:00,etth1,HUFL,168,45,xgboost,2.0146220629116676
2017-11-11 04:00:00,etth1,HUFL,168,45,xgboost,2.0284700558558573
2017-11-11 05:00:00,etth1,HUFL,168,45,xgboost,2.08201445192153
2017-11-11 06:00:00,etth1,HUFL,168,45,xgboost,2.1204869423042303
2017-11-11 07:00:00,etth1,HUFL,168,45,xgboost,2.1231143983939247
2017-11-11 08:00:00,etth1,HUFL,168,45,xgboost,2.2404169089528274
2017-11-11 09:00:00,etth1,HUFL,168,45,xgboost,2.190248250535261
2017-11-11 10:00:00,etth1,HUFL,168,45,xgboost,2.243852662703893
2017-11-11 11:00:00,etth1,HUFL,168,45,xgboost,2.2000088601864425
2017-11-11 12:00:00,etth1,HUFL,168,45,xgboost,2.298011298818201
2017-11-11 13:00:00,etth1,HUFL,168,45,xgboost,2.1124870142683703
2017-11-11 14:00:00,etth1,HUFL,168,45,xgboost,2.3567115997787575
2017-11-11 15:00:00,etth1,HUFL,168,45,xgboost,2.4688728516714855
2017-11-11 16:00:00,etth1,HUFL,168,45,xgboost,2.5314159473832567
2017-11-11 17:00:00,etth1,HUFL,168,45,xgboost,2.6020954938053364
2017-11-11 18:00:00,etth1,HUFL,168,45,xgboost,2.491255721542086
2017-11-11 19:00:00,etth1,HUFL,168,45,xgboost,2.419934411405066
2017-11-11 20:00:00,etth1,HUFL,168,45,xgboost,2.422009897400783
2017-11-11 21:00:00,etth1,HUFL,168,45,xgboost,2.4396469792185576
2017-11-11 22:00:00,etth1,HUFL,168,45,xgboost,2.418237028056674
2017-11-11 23:00:00,etth1,HUFL,168,45,xgboost,2.454529797915993
2017-11-12 00:00:00,etth1,HUFL,168,45,xgboost,2.462206240513506
2017-11-12 01:00:00,etth1,HUFL,168,45,xgboost,2.4159970445671837
2017-11-12 02:00:00,etth1,HUFL,168,45,xgboost,2.428177751170781
2017-11-12 03:00:00,etth1,HUFL,168,45,xgboost,2.49180392705655
2017-11-12 04:00:00,etth1,HUFL,168,45,xgboost,2.4207431450052175
2017-11-12 05:00:00,etth1,HUFL,168,45,xgboost,2.3983313643462445
2017-11-12 06:00:00,etth1,HUFL,168,45,xgboost,2.4288407210451934
2017-11-12 07:00:00,etth1,HUFL,168,45,xgboost,2.4050240083010004
2017-11-12 08:00:00,etth1,HUFL,168,45,xgboost,2.5793885863621844
2017-11-12 09:00:00,etth1,HUFL,168,45,xgboost,2.7490404753171305
2017-11-12 10:00:00,etth1,HUFL,168,45,xgboost,2.564179848551985
2017-11-12 11:00:00,etth1,HUFL,168,45,xgboost,2.346520325796712
2017-11-12 12:00:00,etth1,HUFL,168,45,xgboost,2.33365004585242
2017-11-12 13:00:00,etth1,HUFL,168,45,xgboost,2.2770649387777033
2017-11-12 14:00:00,etth1,HUFL,168,45,xgboost,2.4102597091433524
2017-11-12 15:00:00,etth1,HUFL,168,45,xgboost,2.508038206664877
2017-11-12 16:00:00,etth1,HUFL,168,45,xgboost,2.4886417313473705
2017-11-12 17:00:00,etth1,HUFL,168,45,xgboost,2.598861067162849
2017-11-12 18:00:00,etth1,HUFL,168,45,xgboost,2.5444738185450935
2017-11-12 19:00:00,etth1,HUFL,168,45,xgboost,2.51651838582889
2017-11-12 20:00:00,etth1,HUFL,168,45,xgboost,2.4878218650238275
2017-11-12 21:00:00,etth1,HUFL,168,45,xgboost,2.503600258628146
2017-11-12 22:00:00,etth1,HUFL,168,45,xgboost,2.487679887146066
2017-11-12 23:00:00,etth1,HUFL,168,45,xgboost,2.4960984081233684
2017-11-13 00:00:00,etth1,HUFL,168,45,xgboost,2.5398528826953277
2017-11-13 01:00:00,etth1,HUFL,168,45,xgboost,2.5408222235021443
2017-11-13 02:00:00,etth1,HUFL,168,45,xgboost,2.576474492507173
2017-11-13 03:00:00,etth1,HUFL,168,45,xgboost,2.4971084174535125
2017-11-13 04:00:00,etth1,HUFL,168,45,xgboost,2.532340992573443
2017-11-13 05:00:00,etth1,HUFL,168,45,xgboost,2.540739035318211
2017-11-13 06:00:00,etth1,HUFL,168,45,xgboost,2.4886308673297
2017-11-13 07:00:00,etth1,HUFL,168,45,xgboost,2.526062861524959
2017-11-13 08:00:00,etth1,HUFL,168,45,xgboost,2.5572301957501336
2017-11-13 09:00:00,etth1,HUFL,168,45,xgboost,2.297651325487583
2017-11-13 10:00:00,etth1,HUFL,168,45,xgboost,2.4893404613787267
2017-11-13 11:00:00,etth1,HUFL,168,45,xgboost,2.4441452001104826
2017-11-13 12:00:00,etth1,HUFL,168,45,xgboost,2.2891354512309263
2017-11-13 13:00:00,etth1,HUFL,168,45,xgboost,2.397595204267944
2017-11-13 14:00:00,etth1,HUFL,168,45,xgboost,2.400067998615295
2017-11-13 15:00:00,etth1,HUFL,168,45,xgboost,2.7830637272681167
2017-11-13 16:00:00,etth1,HUFL,168,45,xgboost,2.986998973827477
2017-11-13 17:00:00,etth1,HUFL,168,45,xgboost,2.875345288081199
2017-11-13 18:00:00,etth1,HUFL,168,45,xgboost,2.8203416643601393
2017-11-13 19:00:00,etth1,HUFL,168,45,xgboost,2.774347701091048
2017-11-13 20:00:00,etth1,HUFL,168,45,xgboost,2.792957313053499
2017-11-13 21:00:00,etth1,HUFL,168,45,xgboost,2.775826045145856
2017-11-13 22:00:00,etth1,HUFL,168,45,xgboost,2.89100935512622
2017-11-13 23:00:00,etth1,HUFL,168,45,xgboost,2.942964940302927
2017-11-14 00:00:00,etth1,HUFL,168,45,xgboost,2.9278311747319026
2017-11-14 01:00:00,etth1,HUFL,168,45,xgboost,2.8734692867486356
2017-11-14 02:00:00,etth1,HUFL,168,45,xgboost,2.8535656183871834
2017-11-14 03:00:00,etth1,HUFL,168,45,xgboost,2.8472030396238814
2017-11-14 04:00:00,etth1,HUFL,168,45,xgboost,2.894105084360613
2017-11-14 05:00:00,etth1,HUFL,168,45,xgboost,2.927242551263051
2017-11-14 06:00:00,etth1,HUFL,168,45,xgboost,2.9017841723990405
2017-11-14 07:00:00,etth1,HUFL,168,45,xgboost,2.8112047348858997
2017-11-14 08:00:00,etth1,HUFL,168,45,xgboost,3.1803570652987205
2017-11-14 09:00:00,etth1,HUFL,168,45,xgboost,2.6638350479642803
2017-11-14 10:00:00,etth1,HUFL,168,45,xgboost,2.5558554577774095
2017-11-14 11:00:00,etth1,HUFL,168,45,xgboost,2.681102236532183
2017-11-14 12:00:00,etth1,HUFL,168,45,xgboost,2.6777843017139267
2017-11-14 13:00:00,etth1,HUFL,168,45,xgboost,2.5682829264107734
2017-11-14 14:00:00,etth1,HUFL,168,45,xgboost,2.6197061103025225
2017-11-14 15:00:00,etth1,HUFL,168,45,xgboost,2.586498076108379
2017-11-14 16:00:00,etth1,HUFL,168,45,xgboost,2.6489314323276654
2017-11-14 17:00:00,etth1,HUFL,168,45,xgboost,2.7946744322729153
2017-11-14 18:00:00,etth1,HUFL,168,45,xgboost,2.798613147603199
2017-11-14 19:00:00,etth1,HUFL,168,45,xgboost,2.7896623463317396
2017-11-14 20:00:00,etth1,HUFL,168,45,xgboost,2.7531620034025512
2017-11-14 21:00:00,etth1,HUFL,168,45,xgboost,2.7714732849321604
2017-11-14 22:00:00,etth1,HUFL,168,45,xgboost,2.671448039456001
2017-11-14 23:00:00,etth1,HUFL,168,45,xgboost,2.7838107310097775
2017-11-15 00:00:00,etth1,HUFL,168,45,xgboost,2.7098544817364276
2017-11-15 01:00:00,etth1,HUFL,168,45,xgboost,2.618238659157049
2017-11-15 02:00:00,etth1,HUFL,168,45,xgboost,2.470889070633132
2017-11-15 03:00:00,etth1,HUFL,168,45,xgboost,2.422504388537581
2017-11-15 04:00:00,etth1,HUFL,168,45,xgboost,2.4748078346331512
2017-11-15 05:00:00,etth1,HUFL,168,45,xgboost,2.6274017888618824
2017-11-15 06:00:00,etth1,HUFL,168,45,xgboost,2.6508169662043253
2017-11-15 07:00:00,etth1,HUFL,168,45,xgboost,2.550320485122343
2017-11-15 08:00:00,etth1,HUFL,168,45,xgboost,2.677952169712243
2017-11-15 09:00:00,etth1,HUFL,168,45,xgboost,2.826836697032441
2017-11-15 10:00:00,etth1,HUFL,168,45,xgboost,2.183079119763506
2017-11-15 11:00:00,etth1,HUFL,168,45,xgboost,2.6824331678631
2017-11-15 12:00:00,etth1,HUFL,168,45,xgboost,2.8691566156029773
2017-11-15 13:00:00,etth1,HUFL,168,45,xgboost,2.4792322957624697
2017-11-15 14:00:00,etth1,HUFL,168,45,xgboost,2.8243855603343127
2017-11-15 15:00:00,etth1,HUFL,168,45,xgboost,2.986999133694895
2017-11-15 16:00:00,etth1,HUFL,168,45,xgboost,2.8640871626078295
2017-11-15 17:00:00,etth1,HUFL,168,45,xgboost,2.8417865222995693
2017-11-15 18:00:00,etth1,HUFL,168,45,xgboost,2.7402595062666095
2017-11-15 19:00:00,etth1,HUFL,168,45,xgboost,2.8162041254616255
2017-11-15 20:00:00,etth1,HUFL,168,45,xgboost,2.875669038047577
2017-11-15 21:00:00,etth1,HUFL,168,45,xgboost,2.7779312017984905
2017-11-15 22:00:00,etth1,HUFL,168,45,xgboost,2.914959083521751
2017-11-15 23:00:00,etth1,HUFL,168,45,xgboost,2.9281253638277978
2017-11-16 00:00:00,etth1,HUFL,168,45,xgboost,2.8692235763186567
2017-11-16 01:00:00,etth1,HUFL,168,45,xgboost,2.7133924499696165
2017-11-16 02:00:00,etth1,HUFL,168,45,xgboost,2.664495953014109
2017-11-16 03:00:00,etth1,HUFL,168,45,xgboost,2.68047387625654
2017-11-16 04:00:00,etth1,HUFL,168,45,xgboost,2.733581202894313
2017-11-16 05:00:00,etth1,HUFL,168,45,xgboost,2.7463707999740836
2017-11-16 06:00:00,etth1,HUFL,168,45,xgboost,2.7564845156652544
2017-11-16 07:00:00,etth1,HUFL,168,45,xgboost,2.756817551266175
2017-11-16 08:00:00,etth1,HUFL,168,45,xgboost,2.9188992402132663
2017-11-16 09:00:00,etth1,HUFL,168,45,xgboost,2.9150190615691676
2017-11-16 10:00:00,etth1,HUFL,168,45,xgboost,2.8375369162761395
2017-11-16 11:00:00,etth1,HUFL,168,45,xgboost,2.966502041536801
2017-11-16 12:00:00,etth1,HUFL,168,45,xgboost,2.7200476717973485
2017-11-16 13:00:00,etth1,HUFL,168,45,xgboost,2.578331202042906
2017-11-16 14:00:00,etth1,HUFL,168,45,xgboost,2.6465875132576393
2017-11-16 15:00:00,etth1,HUFL,168,45,xgboost,3.065015882533151
2017-11-16 16:00:00,etth1,HUFL,168,45,xgboost,3.2504270991360844
2017-11-16 17:00:00,etth1,HUFL,168,45,xgboost,3.31380565319869
2017-11-16 18:00:00,etth1,HUFL,168,45,xgboost,3.251220216789136
2017-11-16 19:00:00,etth1,HUFL,168,45,xgboost,3.2485874057871236
2017-11-16 20:00:00,etth1,HUFL,168,45,xgboost,3.2130211302135843
2017-11-16 21:00:00,etth1,HUFL,168,45,xgboost,3.2546865157101896
2017-11-16 22:00:00,etth1,HUFL,168,45,xgboost,3.1630926559267314
2017-11-16 23:00:00,etth1,HUFL,168,45,xgboost,3.179263943838449
2017-11-17 00:00:00,etth1,HUFL,168,45,xgboost,3.2706961106264707
2017-11-17 01:00:00,etth1,HUFL,168,45,xgboost,3.156788383643587
2017-11-17 02:00:00,etth1,HUFL,168,45,xgboost,3.1757937113169525
2017-11-17 03:00:00,etth1,HUFL,168,45,xgboost,3.1215515112737355
2017-11-17 04:00:00,etth1,HUFL,168,45,xgboost,3.1326313240594783
2017-11-17 05:00:00,etth1,HUFL,168,45,xgboost,3.1673470429849173
2017-11-17 06:00:00,etth1,HUFL,168,45,xgboost,3.2437219653726843
2017-11-17 07:00:00,etth1,HUFL,168,45,xgboost,3.2575823870451566
2017-11-17 08:00:00,etth1,HUFL,168,45,xgboost,3.4073494972877065
2017-11-17 09:00:00,etth1,HUFL,168,45,xgboost,3.310671766584615
2017-11-17 10:00:00,etth1,HUFL,168,45,xgboost,3.460704662168217
2017-11-17 11:00:00,etth1,HUFL,168,45,xgboost,3.6428615782255456
2017-11-17 12:00:00,etth1,HUFL,168,45,xgboost,2.8364893467749135
2017-11-17 13:00:00,etth1,HUFL,168,45,xgboost,3.4305920559115917
2017-11-17 14:00:00,etth1,HUFL,168,45,xgboost,3.673539645908862
2017-11-17 15:00:00,etth1,HUFL,168,45,xgboost,3.593864977980446
2017-11-17 16:00:00,etth1,HUFL,168,45,xgboost,4.0817218302336755
2017-11-17 17:00:00,etth1,HUFL,168,45,xgboost,4.046773837452273
2017-11-17 18:00:00,etth1,HUFL,168,45,xgboost,3.8926952166342144
2017-11-17 19:00:00,etth1,HUFL,168,45,xgboost,3.8841694594663094
2017-11-17 20:00:00,etth1,HUFL,168,45,xgboost,3.869786058965321
2017-11-17 21:00:00,etth1,HUFL,168,45,xgboost,3.8620529517864135
2017-11-17 22:00:00,etth1,HUFL,168,45,xgboost,3.857237453876693
2017-11-17 23:00:00,etth1,HUFL,168,45,xgboost,3.7913184332868934
2017-11-18 00:00:00,etth1,HUFL,168,45,xgboost,3.747737552478544
2017-11-18 01:00:00,etth1,HUFL,168,45,xgboost,3.7253847682045795
2017-11-18 02:00:00,etth1,HUFL,168,45,xgboost,3.7762757798990263
2017-11-18 03:00:00,etth1,HUFL,168,45,xgboost,3.821078224556035
2017-11-18 04:00:00,etth1,HUFL,168,45,xgboost,3.788461759028929
2017-11-18 05:00:00,etth1,HUFL,168,45,xgboost,3.8361674498011733
2017-11-18 06:00:00,etth1,HUFL,168,45,xgboost,3.845891025132361
2017-11-18 07:00:00,etth1,HUFL,168,45,xgboost,3.887782102260697
2017-11-18 08:00:00,etth1,HUFL,168,45,xgboost,3.863894357252027
2017-11-18 09:00:00,etth1,HUFL,168,45,xgboost,3.9524908623462442
2017-11-18 10:00:00,etth1,HUFL,168,45,xgboost,3.403246041586128
2017-11-18 11:00:00,etth1,HUFL,168,45,xgboost,3.307557723501767
2017-11-18 12:00:00,etth1,HUFL,168,45,xgboost,3.957741868804446
2017-11-18 13:00:00,etth1,HUFL,168,45,xgboost,3.530189421800991
2017-11-18 14:00:00,etth1,HUFL,168,45,xgboost,3.8414496869539017
2017-11-18 15:00:00,etth1,HUFL,168,45,xgboost,3.997557845537646
2017-11-18 16:00:00,etth1,HUFL,168,45,xgboost,4.206097515417502
2017-11-18 17:00:00,etth1,HUFL,168,45,xgboost,4.012462432874864
2017-11-18 18:00:00,etth1,HUFL,168,45,xgboost,3.938914132812445
2017-11-18 19:00:00,etth1,HUFL,168,45,xgboost,3.892504801561197
2017-11-18 20:00:00,etth1,HUFL,168,45,xgboost,3.8880971705431966
2017-11-18 21:00:00,etth1,HUFL,168,45,xgboost,3.808380786920228
2017-11-18 22:00:00,etth1,HUFL,168,45,xgboost,3.7695139629278485
2017-11-18 23:00:00,etth1,HUFL,168,45,xgboost,3.7707551071001726
2017-11-19 00:00:00,etth1,HUFL,168,45,xgboost,3.794813333278702
2017-11-19 01:00:00,etth1,HUFL,168,45,xgboost,3.6682213530759133
2017-11-19 02:00:00,etth1,HUFL,168,45,xgboost,3.7363345586602086
2017-11-19 03:00:00,etth1,HUFL,168,45,xgboost,3.6601712627998984
2017-11-19 04:00:00,etth1,HUFL,168,45,xgboost,3.7661786632402077
2017-11-19 05:00:00,etth1,HUFL,168,45,xgboost,3.8249749517991685
2017-11-19 06:00:00,etth1,HUFL,168,45,xgboost,3.7857307581580124
2017-11-19 07:00:00,etth1,HUFL,168,45,xgboost,3.8277211626284977
2017-11-19 08:00:00,etth1,HUFL,168,45,xgboost,3.9114190003735794
2017-11-19 09:00:00,etth1,HUFL,168,45,xgboost,3.843439579626562
2017-11-19 10:00:00,etth1,HUFL,168,45,xgboost,3.9732567461304935
2017-11-19 11:00:00,etth1,HUFL,168,45,xgboost,4.358900829227166
2017-11-19 12:00:00,etth1,HUFL,168,45,xgboost,4.454050541710899
2017-11-19 13:00:00,etth1,HUFL,168,45,xgboost,4.384400519788845
2017-11-19 14:00:00,etth1,HUFL,168,45,xgboost,4.4158736679228765
2017-11-19 15:00:00,etth1,HUFL,168,45,xgboost,4.2637839331956195
2017-11-19 16:00:00,etth1,HUFL,168,45,xgboost,4.474406781834565
2017-11-19 17:00:00,etth1,HUFL,168,45,xgboost,4.573975393696948
2017-11-19 18:00:00,etth1,HUFL,168,45,xgboost,4.441111946389405
2017-11-19 19:00:00,etth1,HUFL,168,45,xgboost,4.32484733230172
2017-11-19 20:00:00,etth1,HUFL,168,45,xgboost,4.303876487708483
2017-11-19 21:00:00,etth1,HUFL,168,45,xgboost,4.234902224370018
2017-11-19 22:00:00,etth1,HUFL,168,45,xgboost,4.260751698078728
2017-11-19 23:00:00,etth1,HUFL,168,45,xgboost,4.223392801674366
2017-11-20 00:00:00,etth1,HUFL,168,45,xgboost,4.221033707055085
2017-11-20 01:00:00,etth1,HUFL,168,45,xgboost,4.160758449280312
2017-11-20 02:00:00,etth1,HUFL,168,45,xgboost,4.239764652791085
2017-11-20 03:00:00,etth1,HUFL,168,45,xgboost,4.276394521981415
2017-11-20 04:00:00,etth1,HUFL,168,45,xgboost,4.31842429313357
2017-11-20 05:00:00,etth1,HUFL,168,45,xgboost,4.320890809282555
2017-11-20 06:00:00,etth1,HUFL,168,45,xgboost,4.373920580858347
2017-11-20 07:00:00,etth1,HUFL,168,45,xgboost,4.398015514039085
2017-11-20 08:00:00,etth1,HUFL,168,45,xgboost,4.381443469655773
2017-11-20 09:00:00,etth1,HUFL,168,45,xgboost,4.440915604492226
2017-11-20 10:00:00,etth1,HUFL,168,45,xgboost,4.323543914842249
2017-11-20 11:00:00,etth1,HUFL,168,45,xgboost,4.4385300719934975
2017-11-20 12:00:00,etth1,HUFL,168,45,xgboost,4.4852939903212485
2017-11-20 13:00:00,etth1,HUFL,168,45,xgboost,4.4403797545245585
2017-11-20 14:00:00,etth1,HUFL,168,45,xgboost,4.550284169002162
2017-11-20 15:00:00,etth1,HUFL,168,45,xgboost,4.65545839773373
2017-11-20 16:00:00,etth1,HUFL,168,45,xgboost,4.863682132877275
2017-11-20 17:00:00,etth1,HUFL,168,45,xgboost,4.9667310013722314
2017-11-20 18:00:00,etth1,HUFL,168,45,xgboost,4.8100402063126735
2017-11-20 19:00:00,etth1,HUFL,168,45,xgboost,4.835999084482663
2017-11-20 20:00:00,etth1,HUFL,168,45,xgboost,4.741069290719353
2017-11-20 21:00:00,etth1,HUFL,168,45,xgboost,4.682633672761578
2017-11-20 22:00:00,etth1,HUFL,168,45,xgboost,4.642276076305698
2017-11-20 23:00:00,etth1,HUFL,168,45,xgboost,4.635736149356118
2017-11-21 00:00:00,etth1,HUFL,168,45,xgboost,4.651828959410714
2017-11-21 01:00:00,etth1,HUFL,168,45,xgboost,4.5659361320511564
2017-11-21 02:00:00,etth1,HUFL,168,45,xgboost,4.644493029101063
2017-11-21 03:00:00,etth1,HUFL,168,45,xgboost,4.659903102717061
2017-11-21 04:00:00,etth1,HUFL,168,45,xgboost,4.797089848365784
2017-11-21 05:00:00,etth1,HUFL,168,45,xgboost,4.778152389414798
2017-11-21 06:00:00,etth1,HUFL,168,45,xgboost,4.745342907550014
2017-11-21 07:00:00,etth1,HUFL,168,45,xgboost,4.6727130924490545
2017-11-21 08:00:00,etth1,HUFL,168,45,xgboost,4.8708391815334995
2017-11-21 09:00:00,etth1,HUFL,168,45,xgboost,4.720711227080944
2017-11-21 10:00:00,etth1,HUFL,168,45,xgboost,4.70150805940084
2017-11-21 11:00:00,etth1,HUFL,168,45,xgboost,4.685766187997623
2017-11-21 12:00:00,etth1,HUFL,168,45,xgboost,4.819354509484394
2017-11-21 13:00:00,etth1,HUFL,168,45,xgboost,4.459201659971804
2017-11-21 14:00:00,etth1,HUFL,168,45,xgboost,4.428491147155855
2017-11-21 15:00:00,etth1,HUFL,168,45,xgboost,4.260871734165763
2017-11-21 16:00:00,etth1,HUFL,168,45,xgboost,4.8139548045826865
2017-11-21 17:00:00,etth1,HUFL,168,45,xgboost,4.917651900541308
2017-11-21 18:00:00,etth1,HUFL,168,45,xgboost,4.944118509400359
2017-11-21 19:00:00,etth1,HUFL,168,45,xgboost,4.981704647909933
2017-11-21 20:00:00,etth1,HUFL,168,45,xgboost,4.828844773494141
2017-11-21 21:00:00,etth1,HUFL,168,45,xgboost,4.686722428760211
2017-11-21 22:00:00,etth1,HUFL,168,45,xgboost,4.705303108101301
2017-11-21 23:00:00,etth1,HUFL,168,45,xgboost,4.628785893928091
2017-11-22 00:00:00,etth1,HUFL,168,45,xgboost,4.643213919851088
2017-11-22 01:00:00,etth1,HUFL,168,45,xgboost,4.533903031891366
2017-11-22 02:00:00,etth1,HUFL,168,45,xgboost,4.547118801451327
2017-11-22 03:00:00,etth1,HUFL,168,45,xgboost,4.549378677089386
2017-11-22 04:00:00,etth1,HUFL,168,45,xgboost,4.612274971402172
2017-11-22 05:00:00,etth1,HUFL,168,45,xgboost,4.63805503554211
2017-11-22 06:00:00,etth1,HUFL,168,45,xgboost,4.668840469798881
2017-11-22 07:00:00,etth1,HUFL,168,45,xgboost,4.60492726076155
2017-11-22 08:00:00,etth1,HUFL,168,45,xgboost,4.658055823501518
2017-11-22 09:00:00,etth1,HUFL,168,45,xgboost,4.715899245844601
2017-11-22 10:00:00,etth1,HUFL,168,45,xgboost,4.160459002651464
2017-11-22 11:00:00,etth1,HUFL,168,45,xgboost,4.087500409589131
2017-11-22 12:00:00,etth1,HUFL,168,45,xgboost,4.1587630007607235
2017-11-22 13:00:00,etth1,HUFL,168,45,xgboost,4.0842013329174405
2017-11-22 14:00:00,etth1,HUFL,168,45,xgboost,3.8174202752213637
2017-11-22 15:00:00,etth1,HUFL,168,45,xgboost,4.099769083332981
2017-11-22 16:00:00,etth1,HUFL,168,45,xgboost,4.235003310586217
2017-11-22 17:00:00,etth1,HUFL,168,45,xgboost,4.2294833248957655
2017-11-22 18:00:00,etth1,HUFL,168,45,xgboost,4.297056579284696
2017-11-22 19:00:00,etth1,HUFL,168,45,xgboost,4.148783259623788
2017-11-22 20:00:00,etth1,HUFL,168,45,xgboost,3.9983633259547755
2017-11-22 21:00:00,etth1,HUFL,168,45,xgboost,3.893070102769868
2017-11-22 22:00:00,etth1,HUFL,168,45,xgboost,3.9121404379491005
2017-11-22 23:00:00,etth1,HUFL,168,45,xgboost,3.9305213779292685
2017-11-23 00:00:00,etth1,HUFL,168,45,xgboost,3.8493327559654307
2017-11-23 01:00:00,etth1,HUFL,168,45,xgboost,3.8306750308822743
2017-11-23 02:00:00,etth1,HUFL,168,45,xgboost,3.848593807588463
2017-11-23 03:00:00,etth1,HUFL,168,45,xgboost,3.843248281853678
2017-11-23 04:00:00,etth1,HUFL,168,45,xgboost,3.867788856782918
2017-11-23 05:00:00,etth1,HUFL,168,45,xgboost,3.948974222380392
2017-11-23 06:00:00,etth1,HUFL,168,45,xgboost,3.938743911513554
2017-11-23 07:00:00,etth1,HUFL,168,45,xgboost,4.0100479788972105
2017-11-23 08:00:00,etth1,HUFL,168,45,xgboost,4.026437205928765
2017-11-23 09:00:00,etth1,HUFL,168,45,xgboost,4.256093076714278
2017-11-23 10:00:00,etth1,HUFL,168,45,xgboost,3.8466583127191263
2017-11-23 11:00:00,etth1,HUFL,168,45,xgboost,3.4426084713041303
2017-11-23 12:00:00,etth1,HUFL,168,45,xgboost,3.3235815621471065
2017-11-23 13:00:00,etth1,HUFL,168,45,xgboost,3.001526142477563
2017-11-23 14:00:00,etth1,HUFL,168,45,xgboost,3.363876472389531
2017-11-23 15:00:00,etth1,HUFL,168,45,xgboost,3.356422009890392
2017-11-23 16:00:00,etth1,HUFL,168,45,xgboost,3.6959739884913034
2017-11-23 17:00:00,etth1,HUFL,168,45,xgboost,3.81921829250422
2017-11-23 18:00:00,etth1,HUFL,168,45,xgboost,3.807325881569438
2017-11-23 19:00:00,etth1,HUFL,168,45,xgboost,3.7576847791536987
2017-11-23 20:00:00,etth1,HUFL,168,45,xgboost,3.6092945718236686
2017-11-23 21:00:00,etth1,HUFL,168,45,xgboost,3.497758800885243
2017-11-23 22:00:00,etth1,HUFL,168,45,xgboost,3.5310641389786888
2017-11-23 23:00:00,etth1,HUFL,168,45,xgboost,3.456469022169775
2017-11-24 00:00:00,etth1,HUFL,168,45,xgboost,3.488607876754345
2017-11-24 01:00:00,etth1,HUFL,168,45,xgboost,3.416302056561124
2017-11-24 02:00:00,etth1,HUFL,168,45,xgboost,3.3340288031065226
2017-11-24 03:00:00,etth1,HUFL,168,45,xgboost,3.275484600727105
2017-11-24 04:00:00,etth1,HUFL,168,45,xgboost,3.222780668619481
2017-11-24 05:00:00,etth1,HUFL,168,45,xgboost,3.2676364066935264
2017-11-24 06:00:00,etth1,HUFL,168,45,xgboost,3.185634871268872
2017-11-24 07:00:00,etth1,HUFL,168,45,xgboost,3.1417651546737693
2017-11-24 08:00:00,etth1,HUFL,168,45,xgboost,3.2570748495764366
2017-11-24 09:00:00,etth1,HUFL,168,45,xgboost,3.4076405586483736
2017-11-24 10:00:00,etth1,HUFL,168,45,xgboost,2.902880100757154
2017-11-24 11:00:00,etth1,HUFL,168,45,xgboost,2.7505292962559302
2017-11-24 12:00:00,etth1,HUFL,168,45,xgboost,2.828299884403171
2017-11-24 13:00:00,etth1,HUFL,168,45,xgboost,2.827973656938316
2017-11-24 14:00:00,etth1,HUFL,168,45,xgboost,2.8406187226320787
2017-11-24 15:00:00,etth1,HUFL,168,45,xgboost,3.3443108809902706
2017-11-24 16:00:00,etth1,HUFL,168,45,xgboost,3.42504766459059
2017-11-24 17:00:00,etth1,HUFL,168,45,xgboost,3.3926815315268106
2017-11-24 18:00:00,etth1,HUFL,168,45,xgboost,3.3978250153422613
2017-11-24 19:00:00,etth1,HUFL,168,45,xgboost,3.3850376532184057
2017-11-24 20:00:00,etth1,HUFL,168,45,xgboost,3.369757090150578
2017-11-24 21:00:00,etth1,HUFL,168,45,xgboost,3.3495740798484825
2017-11-24 22:00:00,etth1,HUFL,168,45,xgboost,3.323574419477489
2017-11-24 23:00:00,etth1,HUFL,168,45,xgboost,3.333838184868233
2017-11-25 00:00:00,etth1,HUFL,168,45,xgboost,3.4579978832737646
2017-11-25 01:00:00,etth1,HUFL,168,45,xgboost,3.3891153778406884
2017-11-25 02:00:00,etth1,HUFL,168,45,xgboost,3.364361310954828
2017-11-25 03:00:00,etth1,HUFL,168,45,xgboost,3.296479312365805
2017-11-25 04:00:00,etth1,HUFL,168,45,xgboost,3.314382614220285
2017-11-25 05:00:00,etth1,HUFL,168,45,xgboost,3.304855394971289
2017-11-25 06:00:00,etth1,HUFL,168,45,xgboost,3.3309719424812116
2017-11-25 07:00:00,etth1,HUFL,168,45,xgboost,3.327511143990865
2017-11-25 08:00:00,etth1,HUFL,168,45,xgboost,3.4409572974438074
2017-11-25 09:00:00,etth1,HUFL,168,45,xgboost,3.4987064275442687
2017-11-25 10:00:00,etth1,HUFL,168,45,xgboost,3.3118420964412882
2017-11-25 11:00:00,etth1,HUFL,168,45,xgboost,3.5315523361515577
2017-11-25 12:00:00,etth1,HUFL,168,45,xgboost,3.5078437017148616
2017-11-25 13:00:00,etth1,HUFL,168,45,xgboost,3.349258139974694
2017-11-25 14:00:00,etth1,HUFL,168,45,xgboost,3.59724398267377
2017-11-25 15:00:00,etth1,HUFL,168,45,xgboost,3.5268495482248006
2017-11-25 16:00:00,etth1,HUFL,168,45,xgboost,3.2127984908977436
2017-11-25 17:00:00,etth1,HUFL,168,45,xgboost,3.417721902688741
2017-11-25 18:00:00,etth1,HUFL,168,45,xgboost,3.3702838938869246
2017-11-25 19:00:00,etth1,HUFL,168,45,xgboost,3.3679314618857887
2017-11-25 20:00:00,etth1,HUFL,168,45,xgboost,3.2847170788969984
2017-11-25 21:00:00,etth1,HUFL,168,45,xgboost,3.2090344470648016
2017-11-25 22:00:00,etth1,HUFL,168,45,xgboost,3.1083660932540105
2017-11-25 23:00:00,etth1,HUFL,168,45,xgboost,3.163863430987759
2017-11-26 00:00:00,etth1,HUFL,168,45,xgboost,3.231509402314107
2017-11-26 01:00:00,etth1,HUFL,168,45,xgboost,3.0625070729652695
2017-11-26 02:00:00,etth1,HUFL,168,45,xgboost,3.083980739542523
2017-11-26 03:00:00,etth1,HUFL,168,45,xgboost,2.9823142408893424
2017-11-26 04:00:00,etth1,HUFL,168,45,xgboost,2.9020798860890133
2017-11-26 05:00:00,etth1,HUFL,168,45,xgboost,2.940808404783906
2017-11-26 06:00:00,etth1,HUFL,168,45,xgboost,3.027564827252075
2017-11-26 07:00:00,etth1,HUFL,168,45,xgboost,3.0436594577463234
2017-11-26 08:00:00,etth1,HUFL,168,45,xgboost,3.0636213924766738
2017-11-26 09:00:00,etth1,HUFL,168,45,xgboost,3.130116311837539
2017-11-26 10:00:00,etth1,HUFL,168,45,xgboost,2.9573337620275697
2017-11-26 11:00:00,etth1,HUFL,168,45,xgboost,2.6289630804715913
2017-11-26 12:00:00,etth1,HUFL,168,45,xgboost,3.030794830099868
2017-11-26 13:00:00,etth1,HUFL,168,45,xgboost,2.8861456755951647
2017-11-26 14:00:00,etth1,HUFL,168,45,xgboost,2.704188512679554
2017-11-26 15:00:00,etth1,HUFL,168,45,xgboost,2.608305483930156
2017-11-26 16:00:00,etth1,HUFL,168,45,xgboost,2.9200122956537977
2017-11-26 17:00:00,etth1,HUFL,168,45,xgboost,2.88542775284235
2017-11-26 18:00:00,etth1,HUFL,168,45,xgboost,2.869731536642704
2017-11-26 19:00:00,etth1,HUFL,168,45,xgboost,2.7982220059915113
2017-11-26 20:00:00,etth1,HUFL,168,45,xgboost,2.6482950228128015
2017-11-26 21:00:00,etth1,HUFL,168,45,xgboost,2.5802349975342698
2017-11-26 22:00:00,etth1,HUFL,168,45,xgboost,2.5491548019462185
2017-11-26 23:00:00,etth1,HUFL,168,45,xgboost,2.663365436908628
2017-11-27 00:00:00,etth1,HUFL,168,45,xgboost,2.685583333346544
2017-11-27 01:00:00,etth1,HUFL,168,45,xgboost,2.6751619159015836
2017-11-27 02:00:00,etth1,HUFL,168,45,xgboost,2.695734202839849
2017-11-27 03:00:00,etth1,HUFL,168,45,xgboost,2.6713250767686056
2017-11-27 04:00:00,etth1,HUFL,168,45,xgboost,2.6210900894949325
2017-11-27 05:00:00,etth1,HUFL,168,45,xgboost,2.6874547301171887
2017-11-27 06:00:00,etth1,HUFL,168,45,xgboost,2.6505533322153916
2017-11-27 07:00:00,etth1,HUFL,168,45,xgboost,2.5449247474223546
2017-11-27 08:00:00,etth1,HUFL,168,45,xgboost,2.69436560427112
2017-11-27 09:00:00,etth1,HUFL,168,45,xgboost,2.7457050055889898
2017-11-27 10:00:00,etth1,HUFL,168,45,xgboost,2.6421544734706095
2017-11-27 11:00:00,etth1,HUFL,168,45,xgboost,2.57622669513692
2017-11-27 12:00:00,etth1,HUFL,168,45,xgboost,2.910460336859358
2017-11-27 13:00:00,etth1,HUFL,168,45,xgboost,2.5186759951928535
2017-11-27 14:00:00,etth1,HUFL,168,45,xgboost,2.598892364100625
2017-11-27 15:00:00,etth1,HUFL,168,45,xgboost,2.5651892667669536
2017-11-27 16:00:00,etth1,HUFL,168,45,xgboost,2.890133789311296
2017-11-27 17:00:00,etth1,HUFL,168,45,xgboost,2.786082889139834
2017-11-27 18:00:00,etth1,HUFL,168,45,xgboost,2.725537809447844
2017-11-27 19:00:00,etth1,HUFL,168,45,xgboost,2.643090123094658
2017-11-27 20:00:00,etth1,HUFL,168,45,xgboost,2.5542723784870214
2017-11-27 21:00:00,etth1,HUFL,168,45,xgboost,2.5524302494067204
2017-11-27 22:00:00,etth1,HUFL,168,45,xgboost,2.5649461586487843
2017-11-27 23:00:00,etth1,HUFL,168,45,xgboost,2.584567210058561
2017-11-28 00:00:00,etth1,HUFL,168,45,xgboost,2.6439399772073138
2017-11-28 01:00:00,etth1,HUFL,168,45,xgboost,2.6095895353906444
2017-11-28 02:00:00,etth1,HUFL,168,45,xgboost,2.6568225869675928
2017-11-28 03:00:00,etth1,HUFL,168,45,xgboost,2.6017291043279913
2017-11-28 04:00:00,etth1,HUFL,168,45,xgboost,2.6209079249333413
2017-11-28 05:00:00,etth1,HUFL,168,45,xgboost,2.690315354668179
2017-11-28 06:00:00,etth1,HUFL,168,45,xgboost,2.73719245380637
2017-11-28 07:00:00,etth1,HUFL,168,45,xgboost,2.679281904430781
2017-11-28 08:00:00,etth1,HUFL,168,45,xgboost,2.5528624491344023
2017-11-28 09:00:00,etth1,HUFL,168,45,xgboost,2.7480875751962843
2017-11-28 10:00:00,etth1,HUFL,168,45,xgboost,2.7989287414861326
2017-11-28 11:00:00,etth1,HUFL,168,45,xgboost,2.9974921498548346
2017-11-28 12:00:00,etth1,HUFL,168,45,xgboost,3.1187270509602407
2017-11-28 13:00:00,etth1,HUFL,168,45,xgboost,3.0755002733970267
2017-11-28 14:00:00,etth1,HUFL,168,45,xgboost,2.860457378965054
2017-11-28 15:00:00,etth1,HUFL,168,45,xgboost,3.0319449654933246
2017-11-28 16:00:00,etth1,HUFL,168,45,xgboost,3.3045579625862236
2017-11-28 17:00:00,etth1,HUFL,168,45,xgboost,3.202456716975441
2017-11-28 18:00:00,etth1,HUFL,168,45,xgboost,3.160359629680295
2017-11-28 19:00:00,etth1,HUFL,168,45,xgboost,3.2614352849991466
2017-11-28 20:00:00,etth1,HUFL,168,45,xgboost,3.2296115095890836
2017-11-28 21:00:00,etth1,HUFL,168,45,xgboost,3.1916055263622862
2017-11-28 22:00:00,etth1,HUFL,168,45,xgboost,3.2041597308130902
2017-11-28 23:00:00,etth1,HUFL,168,45,xgboost,3.2413518003839785
2017-11-29 00:00:00,etth1,HUFL,168,45,xgboost,3.2080419674872798
2017-11-29 01:00:00,etth1,HUFL,168,45,xgboost,3.2416560317746024
2017-11-29 02:00:00,etth1,HUFL,168,45,xgboost,3.234602668495787
2017-11-29 03:00:00,etth1,HUFL,168,45,xgboost,3.146279871105344
2017-11-29 04:00:00,etth1,HUFL,168,45,xgboost,3.175313452804918
2017-11-29 05:00:00,etth1,HUFL,168,45,xgboost,3.2473770558741584
2017-11-29 06:00:00,etth1,HUFL,168,45,xgboost,3.252426466320775
2017-11-29 07:00:00,etth1,HUFL,168,45,xgboost,3.195562031636288
2017-11-29 08:00:00,etth1,HUFL,168,45,xgboost,3.199632876295748
2017-11-29 09:00:00,etth1,HUFL,168,45,xgboost,3.19801422764434
2017-11-29 10:00:00,etth1,HUFL,168,45,xgboost,2.9998362359641355
2017-11-29 11:00:00,etth1,HUFL,168,45,xgboost,3.1573294264979057
2017-11-29 12:00:00,etth1,HUFL,168,45,xgboost,3.139082932568737
2017-11-29 13:00:00,etth1,HUFL,168,45,xgboost,2.8987753389460043
2017-11-29 14:00:00,etth1,HUFL,168,45,xgboost,3.3596114900577243
2017-11-29 15:00:00,etth1,HUFL,168,45,xgboost,3.36528847961745
2017-11-29 16:00:00,etth1,HUFL,168,45,xgboost,3.427602125994253
2017-11-29 17:00:00,etth1,HUFL,168,45,xgboost,3.491367680060025
2017-11-29 18:00:00,etth1,HUFL,168,45,xgboost,3.355322286215162
2017-11-29 19:00:00,etth1,HUFL,168,45,xgboost,3.3477398556467337
2017-11-29 20:00:00,etth1,HUFL,168,45,xgboost,3.35832539664387
2017-11-29 21:00:00,etth1,HUFL,168,45,xgboost,3.4409978362609426
2017-11-29 22:00:00,etth1,HUFL,168,45,xgboost,3.4028013871048066
2017-11-29 23:00:00,etth1,HUFL,168,45,xgboost,3.326518171249868
2017-11-30 00:00:00,etth1,HUFL,168,45,xgboost,3.362021118052393
2017-11-30 01:00:00,etth1,HUFL,168,45,xgboost,3.406713897921096
2017-11-30 02:00:00,etth1,HUFL,168,45,xgboost,3.463811189220126
2017-11-30 03:00:00,etth1,HUFL,168,45,xgboost,3.447638900114857
2017-11-30 04:00:00,etth1,HUFL,168,45,xgboost,3.5070760774735654
2017-11-30 05:00:00,etth1,HUFL,168,45,xgboost,3.5159132726938185
2017-11-30 06:00:00,etth1,HUFL,168,45,xgboost,3.5692330502947307
2017-11-30 07:00:00,etth1,HUFL,168,45,xgboost,3.524188568618855
2017-11-30 08:00:00,etth1,HUFL,168,45,xgboost,3.5422988818399284
2017-11-30 09:00:00,etth1,HUFL,168,45,xgboost,3.546596963455413
2017-11-30 10:00:00,etth1,HUFL,168,45,xgboost,3.3490819620741896
2017-11-30 11:00:00,etth1,HUFL,168,45,xgboost,3.138298678252113
2017-11-30 12:00:00,etth1,HUFL,168,45,xgboost,3.1265553220118343
2017-11-30 13:00:00,etth1,HUFL,168,45,xgboost,2.95665889646317
2017-11-30 14:00:00,etth1,HUFL,168,45,xgboost,3.0990873706981623
2017-11-30 15:00:00,etth1,HUFL,168,45,xgboost,3.49745963780099
2017-11-30 16:00:00,etth1,HUFL,168,45,xgboost,3.6909822509857637
2017-11-30 17:00:00,etth1,HUFL,168,45,xgboost,3.5788481846166538
2017-11-30 18:00:00,etth1,HUFL,168,45,xgboost,3.5327989685378234
2017-11-30 19:00:00,etth1,HUFL,168,45,xgboost,3.465928832353201
2017-11-30 20:00:00,etth1,HUFL,168,45,xgboost,3.479244413861234
2017-11-30 21:00:00,etth1,HUFL,168,45,xgboost,3.5689639323927365
2017-11-30 22:00:00,etth1,HUFL,168,45,xgboost,3.443168796508787
2017-11-30 23:00:00,etth1,HUFL,168,45,xgboost,3.5432462570259946
2017-12-01 00:00:00,etth1,HUFL,168,45,xgboost,3.5411094923503095
2017-12-01 01:00:00,etth1,HUFL,168,45,xgboost,3.571887764981775
2017-12-01 02:00:00,etth1,HUFL,168,45,xgboost,3.626236434534086
2017-12-01 03:00:00,etth1,HUFL,168,45,xgboost,3.5215543582273483
2017-12-01 04:00:00,etth1,HUFL,168,45,xgboost,3.5102736841392383
2017-12-01 05:00:00,etth1,HUFL,168,45,xgboost,3.5639020712832465
2017-12-01 06:00:00,etth1,HUFL,168,45,xgboost,3.586147662547554
2017-12-01 07:00:00,etth1,HUFL,168,45,xgboost,3.5225655400740226
2017-12-01 08:00:00,etth1,HUFL,168,45,xgboost,3.58692246903668
2017-12-01 09:00:00,etth1,HUFL,168,45,xgboost,3.6563002255193617
2017-12-01 10:00:00,etth1,HUFL,168,45,xgboost,3.378166640154238
2017-12-01 11:00:00,etth1,HUFL,168,45,xgboost,3.3058951638411807
2017-12-01 12:00:00,etth1,HUFL,168,45,xgboost,3.3960943461735673
2017-12-01 13:00:00,etth1,HUFL,168,45,xgboost,3.44717936888481
2017-12-01 14:00:00,etth1,HUFL,168,45,xgboost,3.764770717225229
2017-12-01 15:00:00,etth1,HUFL,168,45,xgboost,3.7612264159505524
2017-12-01 16:00:00,etth1,HUFL,168,45,xgboost,3.886469542166174
2017-12-01 17:00:00,etth1,HUFL,168,45,xgboost,4.078754928020162
2017-12-01 18:00:00,etth1,HUFL,168,45,xgboost,3.842783997492473
2017-12-01 19:00:00,etth1,HUFL,168,45,xgboost,3.642818665678763
2017-12-01 20:00:00,etth1,HUFL,168,45,xgboost,3.5070335178476766
2017-12-01 21:00:00,etth1,HUFL,168,45,xgboost,3.4076043809296004
2017-12-01 22:00:00,etth1,HUFL,168,45,xgboost,3.3520943687918776
2017-12-01 23:00:00,etth1,HUFL,168,45,xgboost,3.574984452826782
2017-12-02 00:00:00,etth1,HUFL,168,45,xgboost,3.601428877111612
2017-12-02 01:00:00,etth1,HUFL,168,45,xgboost,3.3057859977027713
2017-12-02 02:00:00,etth1,HUFL,168,45,xgboost,3.267721520111314
2017-12-02 03:00:00,etth1,HUFL,168,45,xgboost,3.210941553320959
2017-12-02 04:00:00,etth1,HUFL,168,45,xgboost,3.1891769968702204
2017-12-02 05:00:00,etth1,HUFL,168,45,xgboost,3.172240602874809
2017-12-02 06:00:00,etth1,HUFL,168,45,xgboost,3.064069244253379
2017-12-02 07:00:00,etth1,HUFL,168,45,xgboost,3.0298325907886188
2017-12-02 08:00:00,etth1,HUFL,168,45,xgboost,3.165746024379921
2017-12-02 09:00:00,etth1,HUFL,168,45,xgboost,3.2882004044871462
2017-12-02 10:00:00,etth1,HUFL,168,45,xgboost,3.277710098560741
2017-12-02 11:00:00,etth1,HUFL,168,45,xgboost,3.1745494652325075
2017-12-02 12:00:00,etth1,HUFL,168,45,xgboost,3.162673731455469
2017-12-02 13:00:00,etth1,HUFL,168,45,xgboost,3.4263695181905867
2017-12-02 14:00:00,etth1,HUFL,168,45,xgboost,3.451295779630226
2017-12-02 15:00:00,etth1,HUFL,168,45,xgboost,3.423943543181692
2017-12-02 16:00:00,etth1,HUFL,168,45,xgboost,3.6634205043636205
2017-12-02 17:00:00,etth1,HUFL,168,45,xgboost,4.244081753011304
2017-12-02 18:00:00,etth1,HUFL,168,45,xgboost,4.269032346624536
2017-12-02 19:00:00,etth1,HUFL,168,45,xgboost,3.9881140564513737
2017-12-02 20:00:00,etth1,HUFL,168,45,xgboost,3.864003379901415
2017-12-02 21:00:00,etth1,HUFL,168,45,xgboost,3.774399198924662
2017-12-02 22:00:00,etth1,HUFL,168,45,xgboost,3.7600459914592608
2017-12-02 23:00:00,etth1,HUFL,168,45,xgboost,3.712191246351508
2017-12-03 00:00:00,etth1,HUFL,168,45,xgboost,3.507961972257284
2017-12-03 01:00:00,etth1,HUFL,168,45,xgboost,3.4200771557336083
2017-12-03 02:00:00,etth1,HUFL,168,45,xgboost,3.4840191252274337
2017-12-03 03:00:00,etth1,HUFL,168,45,xgboost,3.547239076614004
2017-12-03 04:00:00,etth1,HUFL,168,45,xgboost,3.5295680696359577
2017-12-03 05:00:00,etth1,HUFL,168,45,xgboost,3.5465566576875345
2017-12-03 06:00:00,etth1,HUFL,168,45,xgboost,3.496414837153909
2017-12-03 07:00:00,etth1,HUFL,168,45,xgboost,3.523425167703936
2017-12-03 08:00:00,etth1,HUFL,168,45,xgboost,3.7368733761058857
2017-12-03 09:00:00,etth1,HUFL,168,45,xgboost,3.9605591827642685
2017-12-03 10:00:00,etth1,HUFL,168,45,xgboost,3.4216815060946137
2017-12-03 11:00:00,etth1,HUFL,168,45,xgboost,3.3137017355972733
2017-12-03 12:00:00,etth1,HUFL,168,45,xgboost,3.412909203089308
2017-12-03 13:00:00,etth1,HUFL,168,45,xgboost,3.223969571380999
2017-12-03 14:00:00,etth1,HUFL,168,45,xgboost,3.7096869419064045
2017-12-03 15:00:00,etth1,HUFL,168,45,xgboost,3.567482767395802
2017-12-03 16:00:00,etth1,HUFL,168,45,xgboost,4.206172190495608
2017-12-03 17:00:00,etth1,HUFL,168,45,xgboost,4.2009326919153
2017-12-03 18:00:00,etth1,HUFL,168,45,xgboost,3.927868816489204
2017-12-03 19:00:00,etth1,HUFL,168,45,xgboost,3.929117698228967
2017-12-03 20:00:00,etth1,HUFL,168,45,xgboost,3.9528386700731604
2017-12-03 21:00:00,etth1,HUFL,168,45,xgboost,3.996890021533005
2017-12-03 22:00:00,etth1,HUFL,168,45,xgboost,3.9372403536999356
2017-12-03 23:00:00,etth1,HUFL,168,45,xgboost,3.8818577633546196
2017-12-04 00:00:00,etth1,HUFL,168,45,xgboost,3.921821209569293
2017-12-04 01:00:00,etth1,HUFL,168,45,xgboost,3.9129571569195063
2017-12-04 02:00:00,etth1,HUFL,168,45,xgboost,3.934751591731471
2017-12-04 03:00:00,etth1,HUFL,168,45,xgboost,4.013021339800688
2017-12-04 04:00:00,etth1,HUFL,168,45,xgboost,4.0508498517011375
2017-12-04 05:00:00,etth1,HUFL,168,45,xgboost,4.1493090050833334
2017-12-04 06:00:00,etth1,HUFL,168,45,xgboost,4.224744858066875
2017-12-04 07:00:00,etth1,HUFL,168,45,xgboost,4.272351925361342
2017-12-04 08:00:00,etth1,HUFL,168,45,xgboost,4.351028791798074
2017-12-04 09:00:00,etth1,HUFL,168,45,xgboost,4.263246216412732
2017-12-04 10:00:00,etth1,HUFL,168,45,xgboost,3.933425555233015
2017-12-04 11:00:00,etth1,HUFL,168,45,xgboost,4.3103029356215465
2017-12-04 12:00:00,etth1,HUFL,168,45,xgboost,4.053814761456701
2017-12-04 13:00:00,etth1,HUFL,168,45,xgboost,3.984290133980498
2017-12-04 14:00:00,etth1,HUFL,168,45,xgboost,4.276163612958235
2017-12-04 15:00:00,etth1,HUFL,168,45,xgboost,4.507828078638864
2017-12-04 16:00:00,etth1,HUFL,168,45,xgboost,4.617778970261851
2017-12-04 17:00:00,etth1,HUFL,168,45,xgboost,4.599101754457758
2017-12-04 18:00:00,etth1,HUFL,168,45,xgboost,4.439664297996107
2017-12-04 19:00:00,etth1,HUFL,168,45,xgboost,4.509756000979938
2017-12-04 20:00:00,etth1,HUFL,168,45,xgboost,4.540009501211564
2017-12-04 21:00:00,etth1,HUFL,168,45,xgboost,4.588091366868854
2017-12-04 22:00:00,etth1,HUFL,168,45,xgboost,4.4776208065684715
2017-12-04 23:00:00,etth1,HUFL,168,45,xgboost,4.563877271015907
2017-12-05 00:00:00,etth1,HUFL,168,45,xgboost,4.466839054583954
2017-12-05 01:00:00,etth1,HUFL,168,45,xgboost,4.368241171255866
2017-12-05 02:00:00,etth1,HUFL,168,45,xgboost,4.4753624959090885
2017-12-05 03:00:00,etth1,HUFL,168,45,xgboost,4.504270003721727
2017-12-05 04:00:00,etth1,HUFL,168,45,xgboost,4.52456504175252
2017-12-05 05:00:00,etth1,HUFL,168,45,xgboost,4.674762038202415
2017-12-05 06:00:00,etth1,HUFL,168,45,xgboost,4.655051765609179
2017-12-05 07:00:00,etth1,HUFL,168,45,xgboost,4.715974886572676
2017-12-05 08:00:00,etth1,HUFL,168,45,xgboost,4.827396202859303
2017-12-05 09:00:00,etth1,HUFL,168,45,xgboost,4.643450702026179
2017-12-05 10:00:00,etth1,HUFL,168,45,xgboost,4.601105893575268
2017-12-05 11:00:00,etth1,HUFL,168,45,xgboost,4.387390358371456
2017-12-05 12:00:00,etth1,HUFL,168,45,xgboost,4.473672389772997
2017-12-05 13:00:00,etth1,HUFL,168,45,xgboost,4.417224102912819
2017-12-05 14:00:00,etth1,HUFL,168,45,xgboost,4.39451277203429
2017-12-05 15:00:00,etth1,HUFL,168,45,xgboost,4.617771215621805
2017-12-05 16:00:00,etth1,HUFL,168,45,xgboost,5.017901782167866
2017-12-05 17:00:00,etth1,HUFL,168,45,xgboost,4.603861881476253
2017-12-05 18:00:00,etth1,HUFL,168,45,xgboost,4.448480762551275
2017-12-05 19:00:00,etth1,HUFL,168,45,xgboost,4.404966810459497
2017-12-05 20:00:00,etth1,HUFL,168,45,xgboost,4.368596591722425
2017-12-05 21:00:00,etth1,HUFL,168,45,xgboost,4.482031936382929
2017-12-05 22:00:00,etth1,HUFL,168,45,xgboost,4.424097664240973
2017-12-05 23:00:00,etth1,HUFL,168,45,xgboost,4.349836067964916
2017-12-06 00:00:00,etth1,HUFL,168,45,xgboost,4.337494748759242
2017-12-06 01:00:00,etth1,HUFL,168,45,xgboost,4.274440654425544
2017-12-06 02:00:00,etth1,HUFL,168,45,xgboost,4.217532504494949
2017-12-06 03:00:00,etth1,HUFL,168,45,xgboost,4.265004295257201
2017-12-06 04:00:00,etth1,HUFL,168,45,xgboost,4.331267784571946
2017-12-06 05:00:00,etth1,HUFL,168,45,xgboost,4.378571011634049
2017-12-06 06:00:00,etth1,HUFL,168,45,xgboost,4.381656827908334
2017-12-06 07:00:00,etth1,HUFL,168,45,xgboost,4.380318390686911
2017-12-06 08:00:00,etth1,HUFL,168,45,xgboost,4.395427940677167
2017-12-06 09:00:00,etth1,HUFL,168,45,xgboost,4.426758886415274
2017-12-06 10:00:00,etth1,HUFL,168,45,xgboost,4.507919794967293
2017-12-06 11:00:00,etth1,HUFL,168,45,xgboost,4.560661251651143
2017-12-06 12:00:00,etth1,HUFL,168,45,xgboost,4.27030022745003
2017-12-06 13:00:00,etth1,HUFL,168,45,xgboost,4.262958640109565
2017-12-06 14:00:00,etth1,HUFL,168,45,xgboost,4.475010419414055
2017-12-06 15:00:00,etth1,HUFL,168,45,xgboost,4.646198834921536
2017-12-06 16:00:00,etth1,HUFL,168,45,xgboost,4.428328993754791
2017-12-06 17:00:00,etth1,HUFL,168,45,xgboost,4.223649948989312
2017-12-06 18:00:00,etth1,HUFL,168,45,xgboost,4.072638422903573
2017-12-06 19:00:00,etth1,HUFL,168,45,xgboost,4.115197901734387
2017-12-06 20:00:00,etth1,HUFL,168,45,xgboost,4.158448044406642
2017-12-06 21:00:00,etth1,HUFL,168,45,xgboost,4.199585686408986
2017-12-06 22:00:00,etth1,HUFL,168,45,xgboost,4.081835461506989
2017-12-06 23:00:00,etth1,HUFL,168,45,xgboost,4.179977617358388
2017-12-07 00:00:00,etth1,HUFL,168,45,xgboost,4.115985978828759
2017-12-07 01:00:00,etth1,HUFL,168,45,xgboost,4.073967456744141
2017-12-07 02:00:00,etth1,HUFL,168,45,xgboost,4.2103043261031345
2017-12-07 03:00:00,etth1,HUFL,168,45,xgboost,4.200789173099614
2017-12-07 04:00:00,etth1,HUFL,168,45,xgboost,4.234278111597285
2017-12-07 05:00:00,etth1,HUFL,168,45,xgboost,4.36644884542415
2017-12-07 06:00:00,etth1,HUFL,168,45,xgboost,4.346680092007796
2017-12-07 07:00:00,etth1,HUFL,168,45,xgboost,4.4038007612099666
2017-12-07 08:00:00,etth1,HUFL,168,45,xgboost,4.47375548294624
2017-12-07 09:00:00,etth1,HUFL,168,45,xgboost,4.347235751235334
2017-12-07 10:00:00,etth1,HUFL,168,45,xgboost,4.284018143284588
2017-12-07 11:00:00,etth1,HUFL,168,45,xgboost,4.3569698230611476
2017-12-07 12:00:00,etth1,HUFL,168,45,xgboost,4.295889464948198
2017-12-07 13:00:00,etth1,HUFL,168,45,xgboost,4.258739540893783
2017-12-07 14:00:00,etth1,HUFL,168,45,xgboost,4.201733646664579
2017-12-07 15:00:00,etth1,HUFL,168,45,xgboost,4.21613861526227
2017-12-07 16:00:00,etth1,HUFL,168,45,xgboost,4.516405256115244
2017-12-07 17:00:00,etth1,HUFL,168,45,xgboost,4.3587155360266205
2017-12-07 18:00:00,etth1,HUFL,168,45,xgboost,4.409521545688891
2017-12-07 19:00:00,etth1,HUFL,168,45,xgboost,4.380487904720613
2017-12-07 20:00:00,etth1,HUFL,168,45,xgboost,4.3323560947314705
2017-12-07 21:00:00,etth1,HUFL,168,45,xgboost,4.302008644911209
2017-12-07 22:00:00,etth1,HUFL,168,45,xgboost,4.347963111529789
2017-12-07 23:00:00,etth1,HUFL,168,45,xgboost,4.388432064121956
2017-12-08 00:00:00,etth1,HUFL,168,45,xgboost,4.351212601716604
2017-12-08 01:00:00,etth1,HUFL,168,45,xgboost,4.290671612705644
2017-12-08 02:00:00,etth1,HUFL,168,45,xgboost,4.300129937321948
2017-12-08 03:00:00,etth1,HUFL,168,45,xgboost,4.379538930868395
2017-12-08 04:00:00,etth1,HUFL,168,45,xgboost,4.369382693050168
2017-12-08 05:00:00,etth1,HUFL,168,45,xgboost,4.417235820252246
2017-12-08 06:00:00,etth1,HUFL,168,45,xgboost,4.402289343324371
2017-12-08 07:00:00,etth1,HUFL,168,45,xgboost,4.391363430042885
2017-12-08 08:00:00,etth1,HUFL,168,45,xgboost,4.542432317260643
2017-12-08 09:00:00,etth1,HUFL,168,45,xgboost,4.482063461840748
2017-12-08 10:00:00,etth1,HUFL,168,45,xgboost,3.9853777953799763
2017-12-08 11:00:00,etth1,HUFL,168,45,xgboost,3.770221055155443
2017-12-08 12:00:00,etth1,HUFL,168,45,xgboost,3.72896957834978
2017-12-08 13:00:00,etth1,HUFL,168,45,xgboost,3.698811830139723
2017-12-08 14:00:00,etth1,HUFL,168,45,xgboost,3.795133233057269
2017-12-08 15:00:00,etth1,HUFL,168,45,xgboost,3.721787252031658
2017-12-08 16:00:00,etth1,HUFL,168,45,xgboost,3.944741249126617
2017-12-08 17:00:00,etth1,HUFL,168,45,xgboost,3.8067625856517755
2017-12-08 18:00:00,etth1,HUFL,168,45,xgboost,3.589587014533124
2017-12-08 19:00:00,etth1,HUFL,168,45,xgboost,3.6156684399290193
2017-12-08 20:00:00,etth1,HUFL,168,45,xgboost,3.477852088897146
2017-12-08 21:00:00,etth1,HUFL,168,45,xgboost,3.3680270033977147
2017-12-08 22:00:00,etth1,HUFL,168,45,xgboost,3.3357916197098025
2017-12-08 23:00:00,etth1,HUFL,168,45,xgboost,3.386132611780854
2017-12-09 00:00:00,etth1,HUFL,168,45,xgboost,3.2697664116997838
2017-12-09 01:00:00,etth1,HUFL,168,45,xgboost,3.2279423299415346
2017-12-09 02:00:00,etth1,HUFL,168,45,xgboost,3.21568912371601
2017-12-09 03:00:00,etth1,HUFL,168,45,xgboost,3.2495886846034185
2017-12-09 04:00:00,etth1,HUFL,168,45,xgboost,3.2655243536739844
2017-12-09 05:00:00,etth1,HUFL,168,45,xgboost,3.257691807469363
2017-12-09 06:00:00,etth1,HUFL,168,45,xgboost,3.279710371472301
2017-12-09 07:00:00,etth1,HUFL,168,45,xgboost,3.3147965723538912
2017-12-09 08:00:00,etth1,HUFL,168,45,xgboost,3.668479306240077
2017-12-09 09:00:00,etth1,HUFL,168,45,xgboost,3.549667350673502
2017-12-09 10:00:00,etth1,HUFL,168,45,xgboost,3.8236125393349947
2017-12-09 11:00:00,etth1,HUFL,168,45,xgboost,3.5854122203259418
2017-12-09 12:00:00,etth1,HUFL,168,45,xgboost,3.348816810848283
2017-12-09 13:00:00,etth1,HUFL,168,45,xgboost,3.205136691604909
2017-12-09 14:00:00,etth1,HUFL,168,45,xgboost,3.102646028299984
2017-12-09 15:00:00,etth1,HUFL,168,45,xgboost,3.0268619453712367
2017-12-09 16:00:00,etth1,HUFL,168,45,xgboost,3.236873252092973
2017-12-09 17:00:00,etth1,HUFL,168,45,xgboost,2.9571287948270464
2017-12-09 18:00:00,etth1,HUFL,168,45,xgboost,3.0186888743960343
2017-12-09 19:00:00,etth1,HUFL,168,45,xgboost,3.140667772795158
2017-12-09 20:00:00,etth1,HUFL,168,45,xgboost,3.012329053411116
2017-12-09 21:00:00,etth1,HUFL,168,45,xgboost,2.8842084592322537
2017-12-09 22:00:00,etth1,HUFL,168,45,xgboost,2.9541566257096514
2017-12-09 23:00:00,etth1,HUFL,168,45,xgboost,2.9546256826186275
2017-12-10 00:00:00,etth1,HUFL,168,45,xgboost,2.976537965311837
2017-12-10 01:00:00,etth1,HUFL,168,45,xgboost,2.938164137951066
2017-12-10 02:00:00,etth1,HUFL,168,45,xgboost,2.9109057134674807
2017-12-10 03:00:00,etth1,HUFL,168,45,xgboost,2.843757554063882
2017-12-10 04:00:00,etth1,HUFL,168,45,xgboost,2.796184499717783
2017-12-10 05:00:00,etth1,HUFL,168,45,xgboost,2.8649284727074025
2017-12-10 06:00:00,etth1,HUFL,168,45,xgboost,2.9098696714413377
2017-12-10 07:00:00,etth1,HUFL,168,45,xgboost,2.9127657181716757
2017-12-10 08:00:00,etth1,HUFL,168,45,xgboost,2.9803679339184233
2017-12-10 09:00:00,etth1,HUFL,168,45,xgboost,2.87861589610589
2017-12-10 10:00:00,etth1,HUFL,168,45,xgboost,2.8099996350732654
2017-12-10 11:00:00,etth1,HUFL,168,45,xgboost,3.175417498700548
2017-12-10 12:00:00,etth1,HUFL,168,45,xgboost,3.3560134787782774
2017-12-10 13:00:00,etth1,HUFL,168,45,xgboost,2.987410817810823
2017-12-10 14:00:00,etth1,HUFL,168,45,xgboost,3.3554448686978624
2017-12-10 15:00:00,etth1,HUFL,168,45,xgboost,3.4716886622892593
2017-12-10 16:00:00,etth1,HUFL,168,45,xgboost,3.576709325312017
2017-12-10 17:00:00,etth1,HUFL,168,45,xgboost,3.259197259318482
2017-12-10 18:00:00,etth1,HUFL,168,45,xgboost,3.1530929515419253
2017-12-10 19:00:00,etth1,HUFL,168,45,xgboost,3.2265096632943533
2017-12-10 20:00:00,etth1,HUFL,168,45,xgboost,3.1259807485907873
2017-12-10 21:00:00,etth1,HUFL,168,45,xgboost,3.082419851701861
2017-12-10 22:00:00,etth1,HUFL,168,45,xgboost,3.0782163129451834
2017-12-10 23:00:00,etth1,HUFL,168,45,xgboost,3.0811541446315234
2017-12-11 00:00:00,etth1,HUFL,168,45,xgboost,3.1820097519784243
2017-12-11 01:00:00,etth1,HUFL,168,45,xgboost,3.231830465673512
2017-12-11 02:00:00,etth1,HUFL,168,45,xgboost,3.1877639841225944
2017-12-11 03:00:00,etth1,HUFL,168,45,xgboost,3.1524129412154376
2017-12-11 04:00:00,etth1,HUFL,168,45,xgboost,3.032675025074313
2017-12-11 05:00:00,etth1,HUFL,168,45,xgboost,3.1525439488997127
2017-12-11 06:00:00,etth1,HUFL,168,45,xgboost,3.2167237483878015
2017-12-11 07:00:00,etth1,HUFL,168,45,xgboost,3.1542978068950664
2017-12-11 08:00:00,etth1,HUFL,168,45,xgboost,3.261680755597781
2017-12-11 09:00:00,etth1,HUFL,168,45,xgboost,3.263248458986221
2017-12-11 10:00:00,etth1,HUFL,168,45,xgboost,3.171586470042783
2017-12-11 11:00:00,etth1,HUFL,168,45,xgboost,3.2235317884923496
2017-12-11 12:00:00,etth1,HUFL,168,45,xgboost,3.398636591196577
2017-12-11 13:00:00,etth1,HUFL,168,45,xgboost,3.370783760716571
2017-12-11 14:00:00,etth1,HUFL,168,45,xgboost,3.3799814720071866
2017-12-11 15:00:00,etth1,HUFL,168,45,xgboost,3.7289277039133912
2017-12-11 16:00:00,etth1,HUFL,168,45,xgboost,3.9811448510216625
2017-12-11 17:00:00,etth1,HUFL,168,45,xgboost,3.301233258603622
2017-12-11 18:00:00,etth1,HUFL,168,45,xgboost,3.237945505899806
2017-12-11 19:00:00,etth1,HUFL,168,45,xgboost,3.3679930003142484
2017-12-11 20:00:00,etth1,HUFL,168,45,xgboost,3.2538174498312324
2017-12-11 21:00:00,etth1,HUFL,168,45,xgboost,3.311024481493538
2017-12-11 22:00:00,etth1,HUFL,168,45,xgboost,3.3277112982208648
2017-12-11 23:00:00,etth1,HUFL,168,45,xgboost,3.3346908360216125
2017-12-12 00:00:00,etth1,HUFL,168,45,xgboost,3.4483470394152804
2017-12-12 01:00:00,etth1,HUFL,168,45,xgboost,3.527191783077886
2017-12-12 02:00:00,etth1,HUFL,168,45,xgboost,3.4539124766957743
2017-12-12 03:00:00,etth1,HUFL,168,45,xgboost,3.4461548905237813
2017-12-12 04:00:00,etth1,HUFL,168,45,xgboost,3.4526919211384217
2017-12-12 05:00:00,etth1,HUFL,168,45,xgboost,3.4927072384708335
2017-12-12 06:00:00,etth1,HUFL,168,45,xgboost,3.5482920682869445
2017-12-12 07:00:00,etth1,HUFL,168,45,xgboost,3.6126512696895725
2017-12-12 08:00:00,etth1,HUFL,168,45,xgboost,3.4986846324235237
2017-12-12 09:00:00,etth1,HUFL,168,45,xgboost,3.4254641327625177
2017-12-12 10:00:00,etth1,HUFL,168,45,xgboost,3.53676538026563
2017-12-12 11:00:00,etth1,HUFL,168,45,xgboost,3.75972284653188
2017-12-12 12:00:00,etth1,HUFL,168,45,xgboost,3.7888148455498976
2017-12-12 13:00:00,etth1,HUFL,168,45,xgboost,3.9096470838309223
2017-12-12 14:00:00,etth1,HUFL,168,45,xgboost,4.322955854989156
2017-12-12 15:00:00,etth1,HUFL,168,45,xgboost,3.981814774458681
2017-12-12 16:00:00,etth1,HUFL,168,45,xgboost,4.423220378996561
2017-12-12 17:00:00,etth1,HUFL,168,45,xgboost,3.859781533639147
2017-12-12 18:00:00,etth1,HUFL,168,45,xgboost,4.177785476048746
2017-12-12 19:00:00,etth1,HUFL,168,45,xgboost,3.894061831727341
2017-12-12 20:00:00,etth1,HUFL,168,45,xgboost,3.8309348555941094
2017-12-12 21:00:00,etth1,HUFL,168,45,xgboost,3.922809119481866
2017-12-12 22:00:00,etth1,HUFL,168,45,xgboost,3.847154724552831
2017-12-12 23:00:00,etth1,HUFL,168,45,xgboost,3.8783550209509676
2017-12-13 00:00:00,etth1,HUFL,168,45,xgboost,3.9982569577124005
2017-12-13 01:00:00,etth1,HUFL,168,45,xgboost,4.056315927070444
2017-12-13 02:00:00,etth1,HUFL,168,45,xgboost,4.102076645977851
2017-12-13 03:00:00,etth1,HUFL,168,45,xgboost,4.172337898832309
2017-12-13 04:00:00,etth1,HUFL,168,45,xgboost,4.149522903233922
2017-12-13 05:00:00,etth1,HUFL,168,45,xgboost,4.170514810959799
2017-12-13 06:00:00,etth1,HUFL,168,45,xgboost,4.194174887211532
2017-12-13 07:00:00,etth1,HUFL,168,45,xgboost,4.368773899778928
2017-12-13 08:00:00,etth1,HUFL,168,45,xgboost,4.436575912334762
2017-12-13 09:00:00,etth1,HUFL,168,45,xgboost,3.885836855188463
2017-12-13 10:00:00,etth1,HUFL,168,45,xgboost,4.158327680712834
2017-12-13 11:00:00,etth1,HUFL,168,45,xgboost,4.3571648478226255
2017-12-13 12:00:00,etth1,HUFL,168,45,xgboost,4.209886927029492
2017-12-13 13:00:00,etth1,HUFL,168,45,xgboost,4.536548645474024
2017-12-13 14:00:00,etth1,HUFL,168,45,xgboost,4.048904681257621
2017-12-13 15:00:00,etth1,HUFL,168,45,xgboost,4.347345800042514
2017-12-13 16:00:00,etth1,HUFL,168,45,xgboost,4.795414348892922
2017-12-13 17:00:00,etth1,HUFL,168,45,xgboost,4.922032407193785
2017-12-13 18:00:00,etth1,HUFL,168,45,xgboost,4.538120908841196
2017-12-13 19:00:00,etth1,HUFL,168,45,xgboost,4.611974710782464
2017-12-13 20:00:00,etth1,HUFL,168,45,xgboost,4.58108555117182
2017-12-13 21:00:00,etth1,HUFL,168,45,xgboost,4.6205403718459905
2017-12-13 22:00:00,etth1,HUFL,168,45,xgboost,4.599911732120136
2017-12-13 23:00:00,etth1,HUFL,168,45,xgboost,4.640357584636126
2017-12-14 00:00:00,etth1,HUFL,168,45,xgboost,4.831264703937627
2017-12-14 01:00:00,etth1,HUFL,168,45,xgboost,4.69525740045746
2017-12-14 02:00:00,etth1,HUFL,168,45,xgboost,4.682138646646112
2017-12-14 03:00:00,etth1,HUFL,168,45,xgboost,4.71854115721584
2017-12-14 04:00:00,etth1,HUFL,168,45,xgboost,4.688558984576228
2017-12-14 05:00:00,etth1,HUFL,168,45,xgboost,4.670068383630017
2017-12-14 06:00:00,etth1,HUFL,168,45,xgboost,4.678336314553984
2017-12-14 07:00:00,etth1,HUFL,168,45,xgboost,4.740724949789877
2017-12-14 08:00:00,etth1,HUFL,168,45,xgboost,4.662788367848963
2017-12-14 09:00:00,etth1,HUFL,168,45,xgboost,4.592368898365376
2017-12-14 10:00:00,etth1,HUFL,168,45,xgboost,4.580218624454848
2017-12-14 11:00:00,etth1,HUFL,168,45,xgboost,4.693729577959813
2017-12-14 12:00:00,etth1,HUFL,168,45,xgboost,4.630765823300949
2017-12-14 13:00:00,etth1,HUFL,168,45,xgboost,4.797365664714616
2017-12-14 14:00:00,etth1,HUFL,168,45,xgboost,4.876325573034736
2017-12-14 15:00:00,etth1,HUFL,168,45,xgboost,4.891347637199185
2017-12-14 16:00:00,etth1,HUFL,168,45,xgboost,5.078583787046031
2017-12-14 17:00:00,etth1,HUFL,168,45,xgboost,4.94743710262752
2017-12-14 18:00:00,etth1,HUFL,168,45,xgboost,4.903136918707275
2017-12-14 19:00:00,etth1,HUFL,168,45,xgboost,4.9490120109706925
2017-12-14 20:00:00,etth1,HUFL,168,45,xgboost,4.924437335265237
2017-12-14 21:00:00,etth1,HUFL,168,45,xgboost,5.009088109717455
2017-12-14 22:00:00,etth1,HUFL,168,45,xgboost,4.9838592550572836
2017-12-14 23:00:00,etth1,HUFL,168,45,xgboost,4.836924744280845
2017-12-15 00:00:00,etth1,HUFL,168,45,xgboost,4.857907865922375
2017-12-15 01:00:00,etth1,HUFL,168,45,xgboost,4.869700269832377
2017-12-15 02:00:00,etth1,HUFL,168,45,xgboost,4.867182796385014
2017-12-15 03:00:00,etth1,HUFL,168,45,xgboost,4.874743424377709
2017-12-15 04:00:00,etth1,HUFL,168,45,xgboost,4.873851304232098
2017-12-15 05:00:00,etth1,HUFL,168,45,xgboost,4.89400280984436
2017-12-15 06:00:00,etth1,HUFL,168,45,xgboost,4.922145290133569
2017-12-15 07:00:00,etth1,HUFL,168,45,xgboost,4.982964673573678
2017-12-15 08:00:00,etth1,HUFL,168,45,xgboost,5.118472192899729
2017-12-15 09:00:00,etth1,HUFL,168,45,xgboost,5.124936332156719
2017-12-15 10:00:00,etth1,HUFL,168,45,xgboost,4.733284424493748
2017-12-15 11:00:00,etth1,HUFL,168,45,xgboost,4.67922123757073
2017-12-15 12:00:00,etth1,HUFL,168,45,xgboost,5.069520085695161
2017-12-15 13:00:00,etth1,HUFL,168,45,xgboost,5.1937552981214345
2017-12-15 14:00:00,etth1,HUFL,168,45,xgboost,5.277057002141709
2017-12-15 15:00:00,etth1,HUFL,168,45,xgboost,5.515917238046881
2017-12-15 16:00:00,etth1,HUFL,168,45,xgboost,5.835279572331056
2017-12-15 17:00:00,etth1,HUFL,168,45,xgboost,5.805601141400424
2017-12-15 18:00:00,etth1,HUFL,168,45,xgboost,5.613291001276294
2017-12-15 19:00:00,etth1,HUFL,168,45,xgboost,5.648059029648348
2017-12-15 20:00:00,etth1,HUFL,168,45,xgboost,5.6803843446288065
2017-12-15 21:00:00,etth1,HUFL,168,45,xgboost,5.811589929068639
2017-12-15 22:00:00,etth1,HUFL,168,45,xgboost,5.702710673477143
2017-12-15 23:00:00,etth1,HUFL,168,45,xgboost,5.610486318008087
2017-12-16 00:00:00,etth1,HUFL,168,45,xgboost,5.647308798206242
2017-12-16 01:00:00,etth1,HUFL,168,45,xgboost,5.5892791856269355
2017-12-16 02:00:00,etth1,HUFL,168,45,xgboost,5.68220992614144
2017-12-16 03:00:00,etth1,HUFL,168,45,xgboost,5.72229692359966
2017-12-16 04:00:00,etth1,HUFL,168,45,xgboost,5.7291000214617585
2017-12-16 05:00:00,etth1,HUFL,168,45,xgboost,5.718622575674632
2017-12-16 06:00:00,etth1,HUFL,168,45,xgboost,5.691994456914472
2017-12-16 07:00:00,etth1,HUFL,168,45,xgboost,5.640223554874076
2017-12-16 08:00:00,etth1,HUFL,168,45,xgboost,5.78936100638194
2017-12-16 09:00:00,etth1,HUFL,168,45,xgboost,5.842814011900858
2017-12-16 10:00:00,etth1,HUFL,168,45,xgboost,5.723618302206068
2017-12-16 11:00:00,etth1,HUFL,168,45,xgboost,5.227995560703525
2017-12-16 12:00:00,etth1,HUFL,168,45,xgboost,5.777253953615118
2017-12-16 13:00:00,etth1,HUFL,168,45,xgboost,4.845313276440271
2017-12-16 14:00:00,etth1,HUFL,168,45,xgboost,5.385451069564384
2017-12-16 15:00:00,etth1,HUFL,168,45,xgboost,5.566196911056727
2017-12-16 16:00:00,etth1,HUFL,168,45,xgboost,5.934445946615646
2017-12-16 17:00:00,etth1,HUFL,168,45,xgboost,5.846970486099839
2017-12-16 18:00:00,etth1,HUFL,168,45,xgboost,5.706383684873266
2017-12-16 19:00:00,etth1,HUFL,168,45,xgboost,5.694554052727682
2017-12-16 20:00:00,etth1,HUFL,168,45,xgboost,5.725605232909352
2017-12-16 21:00:00,etth1,HUFL,168,45,xgboost,5.827091783904009
2017-12-16 22:00:00,etth1,HUFL,168,45,xgboost,5.8392149798626765
2017-12-16 23:00:00,etth1,HUFL,168,45,xgboost,5.9231565260449255
2017-12-17 00:00:00,etth1,HUFL,168,45,xgboost,5.7788386593209395
2017-12-17 01:00:00,etth1,HUFL,168,45,xgboost,5.731209512017266
2017-12-17 02:00:00,etth1,HUFL,168,45,xgboost,5.760808617466184
2017-12-17 03:00:00,etth1,HUFL,168,45,xgboost,5.78123007825622
2017-12-17 04:00:00,etth1,HUFL,168,45,xgboost,5.830783216542533
2017-12-17 05:00:00,etth1,HUFL,168,45,xgboost,5.859323322943689
2017-12-17 06:00:00,etth1,HUFL,168,45,xgboost,5.816390558513422
2017-12-17 07:00:00,etth1,HUFL,168,45,xgboost,5.7753552317312025
2017-12-17 08:00:00,etth1,HUFL,168,45,xgboost,5.851447393706559
2017-12-17 09:00:00,etth1,HUFL,168,45,xgboost,5.976631832229663
2017-12-17 10:00:00,etth1,HUFL,168,45,xgboost,5.450275338134411
2017-12-17 11:00:00,etth1,HUFL,168,45,xgboost,4.976076974995429
2017-12-17 12:00:00,etth1,HUFL,168,45,xgboost,4.576187795522184
2017-12-17 13:00:00,etth1,HUFL,168,45,xgboost,4.462732544112327
2017-12-17 14:00:00,etth1,HUFL,168,45,xgboost,4.869572809160546
2017-12-17 15:00:00,etth1,HUFL,168,45,xgboost,5.270139933110576
2017-12-17 16:00:00,etth1,HUFL,168,45,xgboost,5.726240537735379
2017-12-17 17:00:00,etth1,HUFL,168,45,xgboost,5.798754602788437
2017-12-17 18:00:00,etth1,HUFL,168,45,xgboost,5.5615585400127525
2017-12-17 19:00:00,etth1,HUFL,168,45,xgboost,5.435849687859265
2017-12-17 20:00:00,etth1,HUFL,168,45,xgboost,5.294921889362124
2017-12-17 21:00:00,etth1,HUFL,168,45,xgboost,5.3168402976980484
2017-12-17 22:00:00,etth1,HUFL,168,45,xgboost,5.33260557456482
2017-12-17 23:00:00,etth1,HUFL,168,45,xgboost,5.401187702293792
2017-12-18 00:00:00,etth1,HUFL,168,45,xgboost,5.4809770237531525
2017-12-18 01:00:00,etth1,HUFL,168,45,xgboost,5.438513507593389
2017-12-18 02:00:00,etth1,HUFL,168,45,xgboost,5.379642195259329
2017-12-18 03:00:00,etth1,HUFL,168,45,xgboost,5.274552140733459
2017-12-18 04:00:00,etth1,HUFL,168,45,xgboost,5.2920655463367705
2017-12-18 05:00:00,etth1,HUFL,168,45,xgboost,5.330400688143421
2017-12-18 06:00:00,etth1,HUFL,168,45,xgboost,5.29068123987044
2017-12-18 07:00:00,etth1,HUFL,168,45,xgboost,5.282431738982334
2017-12-18 08:00:00,etth1,HUFL,168,45,xgboost,5.306509428230155
2017-12-18 09:00:00,etth1,HUFL,168,45,xgboost,5.618282350983566
2017-12-18 10:00:00,etth1,HUFL,168,45,xgboost,5.68036213892246
2017-12-18 11:00:00,etth1,HUFL,168,45,xgboost,5.396032422872396
2017-12-18 12:00:00,etth1,HUFL,168,45,xgboost,5.331049035309997
2017-12-18 13:00:00,etth1,HUFL,168,45,xgboost,4.916473919778256
2017-12-18 14:00:00,etth1,HUFL,168,45,xgboost,5.053612823842498
2017-12-18 15:00:00,etth1,HUFL,168,45,xgboost,5.2128225027894235
2017-12-18 16:00:00,etth1,HUFL,168,45,xgboost,5.741031958528099
2017-12-18 17:00:00,etth1,HUFL,168,45,xgboost,5.648631915006152
2017-12-18 18:00:00,etth1,HUFL,168,45,xgboost,5.50939545145339
2017-12-18 19:00:00,etth1,HUFL,168,45,xgboost,5.414467435227772
2017-12-18 20:00:00,etth1,HUFL,168,45,xgboost,5.2568413498750175
2017-12-18 21:00:00,etth1,HUFL,168,45,xgboost,5.146971743381066
2017-12-18 22:00:00,etth1,HUFL,168,45,xgboost,5.137055174053255
2017-12-18 23:00:00,etth1,HUFL,168,45,xgboost,5.240424053531877
2017-12-19 00:00:00,etth1,HUFL,168,45,xgboost,5.4172997082471515
2017-12-19 01:00:00,etth1,HUFL,168,45,xgboost,5.326318691511787
2017-12-19 02:00:00,etth1,HUFL,168,45,xgboost,5.2418342868529395
2017-12-19 03:00:00,etth1,HUFL,168,45,xgboost,5.265771249250965
2017-12-19 04:00:00,etth1,HUFL,168,45,xgboost,5.281064709907291
2017-12-19 05:00:00,etth1,HUFL,168,45,xgboost,5.3342160461640855
2017-12-19 06:00:00,etth1,HUFL,168,45,xgboost,5.309058610091022
2017-12-19 07:00:00,etth1,HUFL,168,45,xgboost,5.101951862989745
2017-12-19 08:00:00,etth1,HUFL,168,45,xgboost,5.302621640023333
2017-12-19 09:00:00,etth1,HUFL,168,45,xgboost,5.367426552509656
2017-12-19 10:00:00,etth1,HUFL,168,45,xgboost,5.381533234605969
2017-12-19 11:00:00,etth1,HUFL,168,45,xgboost,5.243888434283347
2017-12-19 12:00:00,etth1,HUFL,168,45,xgboost,4.923306043453653
2017-12-19 13:00:00,etth1,HUFL,168,45,xgboost,4.518974795620793
2017-12-19 14:00:00,etth1,HUFL,168,45,xgboost,4.247701095503545
2017-12-19 15:00:00,etth1,HUFL,168,45,xgboost,4.793110600706582
2017-12-19 16:00:00,etth1,HUFL,168,45,xgboost,5.193022929258457
2017-12-19 17:00:00,etth1,HUFL,168,45,xgboost,5.288469893354306
2017-12-19 18:00:00,etth1,HUFL,168,45,xgboost,5.234547622310723
2017-12-19 19:00:00,etth1,HUFL,168,45,xgboost,5.200921530710091
2017-12-19 20:00:00,etth1,HUFL,168,45,xgboost,5.050818230869487
2017-12-19 21:00:00,etth1,HUFL,168,45,xgboost,5.021644393917189
2017-12-19 22:00:00,etth1,HUFL,168,45,xgboost,5.079591343878268
2017-12-19 23:00:00,etth1,HUFL,168,45,xgboost,5.181329868516535
2017-12-20 00:00:00,etth1,HUFL,168,45,xgboost,5.160720566798325
2017-12-20 01:00:00,etth1,HUFL,168,45,xgboost,5.190340555938512
2017-12-20 02:00:00,etth1,HUFL,168,45,xgboost,5.168966546469734
2017-12-20 03:00:00,etth1,HUFL,168,45,xgboost,5.219869089545582
2017-12-20 04:00:00,etth1,HUFL,168,45,xgboost,5.224109135799991
2017-12-20 05:00:00,etth1,HUFL,168,45,xgboost,5.214695965407239
2017-12-20 06:00:00,etth1,HUFL,168,45,xgboost,5.099558725076032
2017-12-20 07:00:00,etth1,HUFL,168,45,xgboost,4.988248513916995
2017-12-20 08:00:00,etth1,HUFL,168,45,xgboost,5.267279058756494
2017-12-20 09:00:00,etth1,HUFL,168,45,xgboost,5.167194601091718
2017-12-20 10:00:00,etth1,HUFL,168,45,xgboost,4.952562342137365
2017-12-20 11:00:00,etth1,HUFL,168,45,xgboost,4.448692774652223
2017-12-20 12:00:00,etth1,HUFL,168,45,xgboost,4.21159437716916
2017-12-20 13:00:00,etth1,HUFL,168,45,xgboost,3.6787577265230866
2017-12-20 14:00:00,etth1,HUFL,168,45,xgboost,3.7378613495733837
2017-12-20 15:00:00,etth1,HUFL,168,45,xgboost,4.024314846393069
2017-12-20 16:00:00,etth1,HUFL,168,45,xgboost,4.620686039940693
2017-12-20 17:00:00,etth1,HUFL,168,45,xgboost,4.705004317864278
2017-12-20 18:00:00,etth1,HUFL,168,45,xgboost,4.60986027106878
2017-12-20 19:00:00,etth1,HUFL,168,45,xgboost,4.639507471803416
2017-12-20 20:00:00,etth1,HUFL,168,45,xgboost,4.571048547965567
2017-12-20 21:00:00,etth1,HUFL,168,45,xgboost,4.499556539333825
2017-12-20 22:00:00,etth1,HUFL,168,45,xgboost,4.4683138539278175
2017-12-20 23:00:00,etth1,HUFL,168,45,xgboost,4.514294664378879
2017-12-21 00:00:00,etth1,HUFL,168,45,xgboost,4.648517643754905
2017-12-21 01:00:00,etth1,HUFL,168,45,xgboost,4.5416104452802575
2017-12-21 02:00:00,etth1,HUFL,168,45,xgboost,4.5386135197945
2017-12-21 03:00:00,etth1,HUFL,168,45,xgboost,4.4893449822969735
2017-12-21 04:00:00,etth1,HUFL,168,45,xgboost,4.362178045402738
2017-12-21 05:00:00,etth1,HUFL,168,45,xgboost,4.289443336755549
2017-12-21 06:00:00,etth1,HUFL,168,45,xgboost,4.294045268658113
2017-12-21 07:00:00,etth1,HUFL,168,45,xgboost,4.286272606724242
2017-12-21 08:00:00,etth1,HUFL,168,45,xgboost,4.443715881942044
2017-12-21 09:00:00,etth1,HUFL,168,45,xgboost,4.534999564887594
2017-12-21 10:00:00,etth1,HUFL,168,45,xgboost,4.179923038996527
2017-12-21 11:00:00,etth1,HUFL,168,45,xgboost,3.8256188665631394
2017-12-21 12:00:00,etth1,HUFL,168,45,xgboost,3.7823465389934774
2017-12-21 13:00:00,etth1,HUFL,168,45,xgboost,3.536583185975629
2017-12-21 14:00:00,etth1,HUFL,168,45,xgboost,3.6128832238082214
2017-12-21 15:00:00,etth1,HUFL,168,45,xgboost,3.871934684481538
2017-12-21 16:00:00,etth1,HUFL,168,45,xgboost,4.0577871566090264
2017-12-21 17:00:00,etth1,HUFL,168,45,xgboost,3.976291328513361
2017-12-21 18:00:00,etth1,HUFL,168,45,xgboost,3.831963483727502
2017-12-21 19:00:00,etth1,HUFL,168,45,xgboost,3.7029074936302018
2017-12-21 20:00:00,etth1,HUFL,168,45,xgboost,3.5993349171679228
2017-12-21 21:00:00,etth1,HUFL,168,45,xgboost,3.5616450798541672
2017-12-21 22:00:00,etth1,HUFL,168,45,xgboost,3.5853257391478173
2017-12-21 23:00:00,etth1,HUFL,168,45,xgboost,3.613483936984448
2017-12-22 00:00:00,etth1,HUFL,168,45,xgboost,3.6433740288915546
2017-12-22 01:00:00,etth1,HUFL,168,45,xgboost,3.5940106873669553
2017-12-22 02:00:00,etth1,HUFL,168,45,xgboost,3.6432390660361538
2017-12-22 03:00:00,etth1,HUFL,168,45,xgboost,3.582630230378617
2017-12-22 04:00:00,etth1,HUFL,168,45,xgboost,3.600701419770196
2017-12-22 05:00:00,etth1,HUFL,168,45,xgboost,3.6346416108322694
2017-12-22 06:00:00,etth1,HUFL,168,45,xgboost,3.5969715811016973
2017-12-22 07:00:00,etth1,HUFL,168,45,xgboost,3.5586473616611536
2017-12-22 08:00:00,etth1,HUFL,168,45,xgboost,3.677782096915644
2017-12-22 09:00:00,etth1,HUFL,168,45,xgboost,3.6887359946598033
2017-12-22 10:00:00,etth1,HUFL,168,45,xgboost,3.7411684190989054
2017-12-22 11:00:00,etth1,HUFL,168,45,xgboost,3.626720560458784
2017-12-22 12:00:00,etth1,HUFL,168,45,xgboost,3.695949832491182
2017-12-22 13:00:00,etth1,HUFL,168,45,xgboost,3.4482211551375674
2017-12-22 14:00:00,etth1,HUFL,168,45,xgboost,3.36439661597638
2017-12-22 15:00:00,etth1,HUFL,168,45,xgboost,3.294832071260904
2017-12-22 16:00:00,etth1,HUFL,168,45,xgboost,3.4375045227547165
2017-12-22 17:00:00,etth1,HUFL,168,45,xgboost,3.2318617010984743
2017-12-22 18:00:00,etth1,HUFL,168,45,xgboost,3.112683403497526
2017-12-22 19:00:00,etth1,HUFL,168,45,xgboost,3.1452403968520124
2017-12-22 20:00:00,etth1,HUFL,168,45,xgboost,3.0272998387990673
2017-12-22 21:00:00,etth1,HUFL,168,45,xgboost,2.9588014413861154
2017-12-22 22:00:00,etth1,HUFL,168,45,xgboost,3.16041865929745
2017-12-22 23:00:00,etth1,HUFL,168,45,xgboost,3.2792947408461997
2017-12-23 00:00:00,etth1,HUFL,168,45,xgboost,3.277063201830099
2017-12-23 01:00:00,etth1,HUFL,168,45,xgboost,3.2570304170702604
2017-12-23 02:00:00,etth1,HUFL,168,45,xgboost,3.09518786361782
2017-12-23 03:00:00,etth1,HUFL,168,45,xgboost,3.101838454120896
2017-12-23 04:00:00,etth1,HUFL,168,45,xgboost,3.1460436197370023
2017-12-23 05:00:00,etth1,HUFL,168,45,xgboost,3.2237312673978247
2017-12-23 06:00:00,etth1,HUFL,168,45,xgboost,3.2859325745405576
2017-12-23 07:00:00,etth1,HUFL,168,45,xgboost,3.345841249123661
2017-12-23 08:00:00,etth1,HUFL,168,45,xgboost,3.263050248826837
2017-12-23 09:00:00,etth1,HUFL,168,45,xgboost,3.0472395683549744
2017-12-23 10:00:00,etth1,HUFL,168,45,xgboost,3.0957932766279375
2017-12-23 11:00:00,etth1,HUFL,168,45,xgboost,3.3060920763302306
2017-12-23 12:00:00,etth1,HUFL,168,45,xgboost,3.262612634374982
2017-12-23 13:00:00,etth1,HUFL,168,45,xgboost,2.947720542016666
2017-12-23 14:00:00,etth1,HUFL,168,45,xgboost,3.206756743325826
2017-12-23 15:00:00,etth1,HUFL,168,45,xgboost,3.0755814456508843
2017-12-23 16:00:00,etth1,HUFL,168,45,xgboost,3.2090664639712436
2017-12-23 17:00:00,etth1,HUFL,168,45,xgboost,3.133490719355503
2017-12-23 18:00:00,etth1,HUFL,168,45,xgboost,3.113249310426658
2017-12-23 19:00:00,etth1,HUFL,168,45,xgboost,3.1414767214832735
2017-12-23 20:00:00,etth1,HUFL,168,45,xgboost,3.026421563238311
2017-12-23 21:00:00,etth1,HUFL,168,45,xgboost,2.928544106503609
2017-12-23 22:00:00,etth1,HUFL,168,45,xgboost,2.936487202629362
2017-12-23 23:00:00,etth1,HUFL,168,45,xgboost,2.985756147042172
2017-12-24 00:00:00,etth1,HUFL,168,45,xgboost,3.091724224276347
2017-12-24 01:00:00,etth1,HUFL,168,45,xgboost,3.0651821581842595
2017-12-24 02:00:00,etth1,HUFL,168,45,xgboost,3.0981981985765685
2017-12-24 03:00:00,etth1,HUFL,168,45,xgboost,3.0356666362087705
2017-12-24 04:00:00,etth1,HUFL,168,45,xgboost,3.1026059057656763
2017-12-24 05:00:00,etth1,HUFL,168,45,xgboost,3.133578736458879
2017-12-24 06:00:00,etth1,HUFL,168,45,xgboost,3.202966808240433
2017-12-24 07:00:00,etth1,HUFL,168,45,xgboost,3.1494207597545483
2017-12-24 08:00:00,etth1,HUFL,168,45,xgboost,3.291106814345258
2017-12-24 09:00:00,etth1,HUFL,168,45,xgboost,3.1583103638808607
2017-12-24 10:00:00,etth1,HUFL,168,45,xgboost,3.251925676577219
2017-12-24 11:00:00,etth1,HUFL,168,45,xgboost,3.2790044583434312
2017-12-24 12:00:00,etth1,HUFL,168,45,xgboost,3.5960773672832804
2017-12-24 13:00:00,etth1,HUFL,168,45,xgboost,3.3263398156725508
2017-12-24 14:00:00,etth1,HUFL,168,45,xgboost,3.1631650011011048
2017-12-24 15:00:00,etth1,HUFL,168,45,xgboost,2.986881218311105
2017-12-24 16:00:00,etth1,HUFL,168,45,xgboost,3.194786561095472
2017-12-24 17:00:00,etth1,HUFL,168,45,xgboost,2.9266519351748634
2017-12-24 18:00:00,etth1,HUFL,168,45,xgboost,2.9044691453309843
2017-12-24 19:00:00,etth1,HUFL,168,45,xgboost,2.9778422439948296
2017-12-24 20:00:00,etth1,HUFL,168,45,xgboost,2.8685134498664886
2017-12-24 21:00:00,etth1,HUFL,168,45,xgboost,2.8172882542752613
2017-12-24 22:00:00,etth1,HUFL,168,45,xgboost,2.9026349699861433
2017-12-24 23:00:00,etth1,HUFL,168,45,xgboost,2.878116043962833
2017-12-25 00:00:00,etth1,HUFL,168,45,xgboost,3.027728828226402
2017-12-25 01:00:00,etth1,HUFL,168,45,xgboost,3.0387978347411284
2017-12-25 02:00:00,etth1,HUFL,168,45,xgboost,2.9743165949009365
2017-12-25 03:00:00,etth1,HUFL,168,45,xgboost,2.922562034402481
2017-12-25 04:00:00,etth1,HUFL,168,45,xgboost,3.0692360021949074
2017-12-25 05:00:00,etth1,HUFL,168,45,xgboost,3.137420927449927
2017-12-25 06:00:00,etth1,HUFL,168,45,xgboost,3.16498632151208
2017-12-25 07:00:00,etth1,HUFL,168,45,xgboost,3.1591547544291116
2017-12-25 08:00:00,etth1,HUFL,168,45,xgboost,3.1302890855832355
2017-12-25 09:00:00,etth1,HUFL,168,45,xgboost,2.9490122687822216
2017-12-25 10:00:00,etth1,HUFL,168,45,xgboost,3.138715597397446
2017-12-25 11:00:00,etth1,HUFL,168,45,xgboost,2.9575684314477244
2017-12-25 12:00:00,etth1,HUFL,168,45,xgboost,3.1395869514680377
2017-12-25 13:00:00,etth1,HUFL,168,45,xgboost,3.1379773405841567
2017-12-25 14:00:00,etth1,HUFL,168,45,xgboost,3.025316662932956
2017-12-25 15:00:00,etth1,HUFL,168,45,xgboost,3.0578336662386025
2017-12-25 16:00:00,etth1,HUFL,168,45,xgboost,3.489907010773206
2017-12-25 17:00:00,etth1,HUFL,168,45,xgboost,2.9681931518257483
2017-12-25 18:00:00,etth1,HUFL,168,45,xgboost,2.8809162616878976
2017-12-25 19:00:00,etth1,HUFL,168,45,xgboost,2.8381684193941434
2017-12-25 20:00:00,etth1,HUFL,168,45,xgboost,2.8533942048787866
2017-12-25 21:00:00,etth1,HUFL,168,45,xgboost,2.770924175965261
2017-12-25 22:00:00,etth1,HUFL,168,45,xgboost,2.810675181063634
2017-12-25 23:00:00,etth1,HUFL,168,45,xgboost,2.9575709728759008
2017-12-26 00:00:00,etth1,HUFL,168,45,xgboost,3.0810887269735936
2017-12-26 01:00:00,etth1,HUFL,168,45,xgboost,3.0815579153175285
2017-12-26 02:00:00,etth1,HUFL,168,45,xgboost,3.050060963396601
2017-12-26 03:00:00,etth1,HUFL,168,45,xgboost,2.9672347092580615
2017-12-26 04:00:00,etth1,HUFL,168,45,xgboost,2.990739639049372
2017-12-26 05:00:00,etth1,HUFL,168,45,xgboost,3.0036736063541265
2017-12-26 06:00:00,etth1,HUFL,168,45,xgboost,3.004538215168624
2017-12-26 07:00:00,etth1,HUFL,168,45,xgboost,2.9689788944521314
2017-12-26 08:00:00,etth1,HUFL,168,45,xgboost,2.857259693416296
2017-12-26 09:00:00,etth1,HUFL,168,45,xgboost,2.8034060578897617
2017-12-26 10:00:00,etth1,HUFL,168,45,xgboost,2.9926775154573333
2017-12-26 11:00:00,etth1,HUFL,168,45,xgboost,3.0404525889116236
2017-12-26 12:00:00,etth1,HUFL,168,45,xgboost,2.9871969804913245
2017-12-26 13:00:00,etth1,HUFL,168,45,xgboost,2.7626744800849745
2017-12-26 14:00:00,etth1,HUFL,168,45,xgboost,2.7728858664349687
2017-12-26 15:00:00,etth1,HUFL,168,45,xgboost,2.8050815970843233
2017-12-26 16:00:00,etth1,HUFL,168,45,xgboost,3.209039835461066
2017-12-26 17:00:00,etth1,HUFL,168,45,xgboost,2.629949827318505
2017-12-26 18:00:00,etth1,HUFL,168,45,xgboost,2.562014397496136
2017-12-26 19:00:00,etth1,HUFL,168,45,xgboost,2.633604270675762
2017-12-26 20:00:00,etth1,HUFL,168,45,xgboost,2.4901709479648355
2017-12-26 21:00:00,etth1,HUFL,168,45,xgboost,2.567473522665106
2017-12-26 22:00:00,etth1,HUFL,168,45,xgboost,2.556225121062966
2017-12-26 23:00:00,etth1,HUFL,168,45,xgboost,2.5998916488138404
2017-12-27 00:00:00,etth1,HUFL,168,45,xgboost,2.583377155573996
2017-12-27 01:00:00,etth1,HUFL,168,45,xgboost,2.673661363331919
2017-12-27 02:00:00,etth1,HUFL,168,45,xgboost,2.564759158711156
2017-12-27 03:00:00,etth1,HUFL,168,45,xgboost,2.6958549769633846
2017-12-27 04:00:00,etth1,HUFL,168,45,xgboost,2.670260207676515
2017-12-27 05:00:00,etth1,HUFL,168,45,xgboost,2.620808826749657
2017-12-27 06:00:00,etth1,HUFL,168,45,xgboost,2.7262642975932003
2017-12-27 07:00:00,etth1,HUFL,168,45,xgboost,2.702107510070453
2017-12-27 08:00:00,etth1,HUFL,168,45,xgboost,2.755586577358273
2017-12-27 09:00:00,etth1,HUFL,168,45,xgboost,2.3930202510780054
2017-12-27 10:00:00,etth1,HUFL,168,45,xgboost,2.647311112518842
2017-12-27 11:00:00,etth1,HUFL,168,45,xgboost,2.70826226270407
2017-12-27 12:00:00,etth1,HUFL,168,45,xgboost,2.791583531326095
2017-12-27 13:00:00,etth1,HUFL,168,45,xgboost,2.835320317980754
2017-12-27 14:00:00,etth1,HUFL,168,45,xgboost,2.8564541743591527
2017-12-27 15:00:00,etth1,HUFL,168,45,xgboost,2.588534046119128
2017-12-27 16:00:00,etth1,HUFL,168,45,xgboost,2.5445977996221725
2017-12-27 17:00:00,etth1,HUFL,168,45,xgboost,2.3101748268005853
2017-12-27 18:00:00,etth1,HUFL,168,45,xgboost,2.222317095525752
2017-12-27 19:00:00,etth1,HUFL,168,45,xgboost,2.381073034570672
2017-12-27 20:00:00,etth1,HUFL,168,45,xgboost,2.2881468473894917
2017-12-27 21:00:00,etth1,HUFL,168,45,xgboost,2.2083598733415535
2017-12-27 22:00:00,etth1,HUFL,168,45,xgboost,2.269926087685611
2017-12-27 23:00:00,etth1,HUFL,168,45,xgboost,2.311072952529782
2017-12-28 00:00:00,etth1,HUFL,168,45,xgboost,2.4292777183798657
2017-12-28 01:00:00,etth1,HUFL,168,45,xgboost,2.4015594969022263
2017-12-28 02:00:00,etth1,HUFL,168,45,xgboost,2.5220818715043323
2017-12-28 03:00:00,etth1,HUFL,168,45,xgboost,2.520121580064446
2017-12-28 04:00:00,etth1,HUFL,168,45,xgboost,2.500225135902948
2017-12-28 05:00:00,etth1,HUFL,168,45,xgboost,2.6735274725704863
2017-12-28 06:00:00,etth1,HUFL,168,45,xgboost,2.7913092013120497
2017-12-28 07:00:00,etth1,HUFL,168,45,xgboost,2.7840767005491642
2017-12-28 08:00:00,etth1,HUFL,168,45,xgboost,2.636403307545135
2017-12-28 09:00:00,etth1,HUFL,168,45,xgboost,2.2387139618861576
2017-12-28 10:00:00,etth1,HUFL,168,45,xgboost,2.419986582409238
2017-12-28 11:00:00,etth1,HUFL,168,45,xgboost,2.4894993825952705
2017-12-28 12:00:00,etth1,HUFL,168,45,xgboost,2.673752759939386
2017-12-28 13:00:00,etth1,HUFL,168,45,xgboost,2.8303080916976557
2017-12-28 14:00:00,etth1,HUFL,168,45,xgboost,2.7392356754936196
2017-12-28 15:00:00,etth1,HUFL,168,45,xgboost,2.5518003863207706
2017-12-28 16:00:00,etth1,HUFL,168,45,xgboost,2.680912764849673
2017-12-28 17:00:00,etth1,HUFL,168,45,xgboost,2.5077764651205094
2017-12-28 18:00:00,etth1,HUFL,168,45,xgboost,2.611377934433816
2017-12-28 19:00:00,etth1,HUFL,168,45,xgboost,2.6769024419193848
2017-12-28 20:00:00,etth1,HUFL,168,45,xgboost,2.611456716560846
2017-12-28 21:00:00,etth1,HUFL,168,45,xgboost,2.7144806364698275
2017-12-28 22:00:00,etth1,HUFL,168,45,xgboost,2.6437635248970315
2017-12-28 23:00:00,etth1,HUFL,168,45,xgboost,2.660833137606338
2017-12-29 00:00:00,etth1,HUFL,168,45,xgboost,2.8090288438112516
2017-12-29 01:00:00,etth1,HUFL,168,45,xgboost,2.7635934001357265
2017-12-29 02:00:00,etth1,HUFL,168,45,xgboost,2.8105791299130196
2017-12-29 03:00:00,etth1,HUFL,168,45,xgboost,2.7934362525558862
2017-12-29 04:00:00,etth1,HUFL,168,45,xgboost,2.8914375913497805
2017-12-29 05:00:00,etth1,HUFL,168,45,xgboost,2.7937869452907327
2017-12-29 06:00:00,etth1,HUFL,168,45,xgboost,2.8509503395975977
2017-12-29 07:00:00,etth1,HUFL,168,45,xgboost,2.9570189494173778
2017-12-29 08:00:00,etth1,HUFL,168,45,xgboost,2.99427955614851
2017-12-29 09:00:00,etth1,HUFL,168,45,xgboost,2.6465150356306517
2017-12-29 10:00:00,etth1,HUFL,168,45,xgboost,2.832090713196073
2017-12-29 11:00:00,etth1,HUFL,168,45,xgboost,3.1177667897516903
2017-12-29 12:00:00,etth1,HUFL,168,45,xgboost,3.254796946308996
2017-12-29 13:00:00,etth1,HUFL,168,45,xgboost,3.544589837997423
2017-12-29 14:00:00,etth1,HUFL,168,45,xgboost,3.408150621374712
2017-12-29 15:00:00,etth1,HUFL,168,45,xgboost,2.9834501764566728
2017-12-29 16:00:00,etth1,HUFL,168,45,xgboost,2.6766886276725637
2017-12-29 17:00:00,etth1,HUFL,168,45,xgboost,2.6681845844593863
2017-12-29 18:00:00,etth1,HUFL,168,45,xgboost,2.603361697288112
2017-12-29 19:00:00,etth1,HUFL,168,45,xgboost,2.7221729742195357
2017-12-29 20:00:00,etth1,HUFL,168,45,xgboost,2.7268404485867856
2017-12-29 21:00:00,etth1,HUFL,168,45,xgboost,2.7471032615332733
2017-12-29 22:00:00,etth1,HUFL,168,45,xgboost,2.8732703489299616
2017-12-29 23:00:00,etth1,HUFL,168,45,xgboost,2.8128272678628
2017-12-30 00:00:00,etth1,HUFL,168,45,xgboost,2.8323516181349193
2017-12-30 01:00:00,etth1,HUFL,168,45,xgboost,2.9154468072935877
2017-12-30 02:00:00,etth1,HUFL,168,45,xgboost,2.9069806930582267
2017-12-30 03:00:00,etth1,HUFL,168,45,xgboost,2.9600763593282413
2017-12-30 04:00:00,etth1,HUFL,168,45,xgboost,2.978027231463719
2017-12-30 05:00:00,etth1,HUFL,168,45,xgboost,2.978496522480655
2017-12-30 06:00:00,etth1,HUFL,168,45,xgboost,2.9767289124857426
2017-12-30 07:00:00,etth1,HUFL,168,45,xgboost,3.0055411027265073
2017-12-30 08:00:00,etth1,HUFL,168,45,xgboost,3.0387752499429173
2017-12-30 09:00:00,etth1,HUFL,168,45,xgboost,3.0486396339359825
2017-12-30 10:00:00,etth1,HUFL,168,45,xgboost,2.8716219899109596
2017-12-30 11:00:00,etth1,HUFL,168,45,xgboost,2.928812053692959
2017-12-30 12:00:00,etth1,HUFL,168,45,xgboost,2.797376766031723
2017-12-30 13:00:00,etth1,HUFL,168,45,xgboost,3.2004356828197262
2017-12-30 14:00:00,etth1,HUFL,168,45,xgboost,3.0274111447805887
2017-12-30 15:00:00,etth1,HUFL,168,45,xgboost,2.978040461635421
2017-12-30 16:00:00,etth1,HUFL,168,45,xgboost,3.083329909152544
2017-12-30 17:00:00,etth1,HUFL,168,45,xgboost,3.000511011178586
2017-12-30 18:00:00,etth1,HUFL,168,45,xgboost,2.929672410930615
2017-12-30 19:00:00,etth1,HUFL,168,45,xgboost,2.9747043319828657
2017-12-30 20:00:00,etth1,HUFL,168,45,xgboost,2.906309251887311
2017-12-30 21:00:00,etth1,HUFL,168,45,xgboost,3.0353731561099604
2017-12-30 22:00:00,etth1,HUFL,168,45,xgboost,3.063642571109456
2017-12-30 23:00:00,etth1,HUFL,168,45,xgboost,3.077487891468191
2017-12-31 00:00:00,etth1,HUFL,168,45,xgboost,3.101811427504316
2017-12-31 01:00:00,etth1,HUFL,168,45,xgboost,3.184490668052639
2017-12-31 02:00:00,etth1,HUFL,168,45,xgboost,3.233587277625813
2017-12-31 03:00:00,etth1,HUFL,168,45,xgboost,3.2155323270647447
2017-12-31 04:00:00,etth1,HUFL,168,45,xgboost,3.2245552511750217
2017-12-31 05:00:00,etth1,HUFL,168,45,xgboost,3.152840394362038
2017-12-31 06:00:00,etth1,HUFL,168,45,xgboost,3.1152420617362857
2017-12-31 07:00:00,etth1,HUFL,168,45,xgboost,3.0949049211226067
2017-12-31 08:00:00,etth1,HUFL,168,45,xgboost,3.1496114335661014
2017-12-31 09:00:00,etth1,HUFL,168,45,xgboost,2.7688980957900604
2017-12-31 10:00:00,etth1,HUFL,168,45,xgboost,2.6680657176699576
2017-12-31 11:00:00,etth1,HUFL,168,45,xgboost,2.578208635120424
2017-12-31 12:00:00,etth1,HUFL,168,45,xgboost,2.565638528550645
2017-12-31 13:00:00,etth1,HUFL,168,45,xgboost,2.822400534516075
2017-12-31 14:00:00,etth1,HUFL,168,45,xgboost,2.7976889945046985
2017-12-31 15:00:00,etth1,HUFL,168,45,xgboost,2.5485785676128065
2017-12-31 16:00:00,etth1,HUFL,168,45,xgboost,2.2981656548922693
2017-12-31 17:00:00,etth1,HUFL,168,45,xgboost,2.2730449988528996
2017-12-31 18:00:00,etth1,HUFL,168,45,xgboost,2.382886552710112
2017-12-31 19:00:00,etth1,HUFL,168,45,xgboost,2.4939865060840596
2017-12-31 20:00:00,etth1,HUFL,168,45,xgboost,2.606530462801394
2017-12-31 21:00:00,etth1,HUFL,168,45,xgboost,2.5805778580518735
2017-12-31 22:00:00,etth1,HUFL,168,45,xgboost,2.6884234997143333
2017-12-31 23:00:00,etth1,HUFL,168,45,xgboost,2.551749534809992
2018-01-01 00:00:00,etth1,HUFL,168,45,xgboost,3.193602372848637
2018-01-01 01:00:00,etth1,HUFL,168,45,xgboost,3.1082005601912135
2018-01-01 02:00:00,etth1,HUFL,168,45,xgboost,3.1030716652832666
2018-01-01 03:00:00,etth1,HUFL,168,45,xgboost,3.06409555777444
2018-01-01 04:00:00,etth1,HUFL,168,45,xgboost,3.1625937229498517
2018-01-01 05:00:00,etth1,HUFL,168,45,xgboost,3.1513037348187334
2018-01-01 06:00:00,etth1,HUFL,168,45,xgboost,3.252049199858258
2018-01-01 07:00:00,etth1,HUFL,168,45,xgboost,3.2133441769241813
2018-01-01 08:00:00,etth1,HUFL,168,45,xgboost,3.0905069479294847
2018-01-01 09:00:00,etth1,HUFL,168,45,xgboost,3.1103532448233646
2018-01-01 10:00:00,etth1,HUFL,168,45,xgboost,3.5327375282918716
2018-01-01 11:00:00,etth1,HUFL,168,45,xgboost,3.9797610066357225
2018-01-01 12:00:00,etth1,HUFL,168,45,xgboost,4.089060877041972
2018-01-01 13:00:00,etth1,HUFL,168,45,xgboost,4.119874947053238
2018-01-01 14:00:00,etth1,HUFL,168,45,xgboost,3.9817889191336455
2018-01-01 15:00:00,etth1,HUFL,168,45,xgboost,4.003351677962371
2018-01-01 16:00:00,etth1,HUFL,168,45,xgboost,4.275744983451217
2018-01-01 17:00:00,etth1,HUFL,168,45,xgboost,3.7645995968316193
2018-01-01 18:00:00,etth1,HUFL,168,45,xgboost,3.5394293175784424
2018-01-01 19:00:00,etth1,HUFL,168,45,xgboost,3.7682257866087254
2018-01-01 20:00:00,etth1,HUFL,168,45,xgboost,3.8126480346834777
2018-01-01 21:00:00,etth1,HUFL,168,45,xgboost,3.8127800792680206
2018-01-01 22:00:00,etth1,HUFL,168,45,xgboost,3.877024602224992
2018-01-01 23:00:00,etth1,HUFL,168,45,xgboost,3.9801578369395125
2018-01-02 00:00:00,etth1,HUFL,168,45,xgboost,3.992320489756299
2018-01-02 01:00:00,etth1,HUFL,168,45,xgboost,4.23311441862654
2018-01-02 02:00:00,etth1,HUFL,168,45,xgboost,4.171550633866394
2018-01-02 03:00:00,etth1,HUFL,168,45,xgboost,4.105508530934953
2018-01-02 04:00:00,etth1,HUFL,168,45,xgboost,3.6548717855185893
2018-01-02 05:00:00,etth1,HUFL,168,45,xgboost,3.420108804185579
2018-01-02 06:00:00,etth1,HUFL,168,45,xgboost,3.31431030929567
2018-01-02 07:00:00,etth1,HUFL,168,45,xgboost,3.425171729934351
2018-01-02 08:00:00,etth1,HUFL,168,45,xgboost,3.33720499408142
2018-01-02 09:00:00,etth1,HUFL,168,45,xgboost,2.970301469871912
2018-01-02 10:00:00,etth1,HUFL,168,45,xgboost,2.666574510558848
2018-01-02 11:00:00,etth1,HUFL,168,45,xgboost,2.9913809453730096
2018-01-02 12:00:00,etth1,HUFL,168,45,xgboost,3.173074135698977
2018-01-02 13:00:00,etth1,HUFL,168,45,xgboost,3.546146276145531
2018-01-02 14:00:00,etth1,HUFL,168,45,xgboost,3.4357119761524255
2018-01-02 15:00:00,etth1,HUFL,168,45,xgboost,3.394661553852057
2018-01-02 16:00:00,etth1,HUFL,168,45,xgboost,3.317707895623395
2018-01-02 17:00:00,etth1,HUFL,168,45,xgboost,3.2443206436094765
2018-01-02 18:00:00,etth1,HUFL,168,45,xgboost,3.346422220755426
2018-01-02 19:00:00,etth1,HUFL,168,45,xgboost,3.4593975457759507
2018-01-02 20:00:00,etth1,HUFL,168,45,xgboost,3.4555932332268773
2018-01-02 21:00:00,etth1,HUFL,168,45,xgboost,3.4056666436379173
2018-01-02 22:00:00,etth1,HUFL,168,45,xgboost,3.4008674254918483
2018-01-02 23:00:00,etth1,HUFL,168,45,xgboost,3.4344391460984074
2018-01-03 00:00:00,etth1,HUFL,168,45,xgboost,3.5219532149287267
2018-01-03 01:00:00,etth1,HUFL,168,45,xgboost,3.5746142426745884
2018-01-03 02:00:00,etth1,HUFL,168,45,xgboost,3.6568092947799715
2018-01-03 03:00:00,etth1,HUFL,168,45,xgboost,3.680383186056774
2018-01-03 04:00:00,etth1,HUFL,168,45,xgboost,3.5451109792842277
2018-01-03 05:00:00,etth1,HUFL,168,45,xgboost,3.48165232054979
2018-01-03 06:00:00,etth1,HUFL,168,45,xgboost,3.5623651743794436
2018-01-03 07:00:00,etth1,HUFL,168,45,xgboost,3.658596944486758
2018-01-03 08:00:00,etth1,HUFL,168,45,xgboost,3.6039868325396265
2018-01-03 09:00:00,etth1,HUFL,168,45,xgboost,3.4317516262512657
2018-01-03 10:00:00,etth1,HUFL,168,45,xgboost,3.195104576707533
2018-01-03 11:00:00,etth1,HUFL,168,45,xgboost,3.2519959316506917
2018-01-03 12:00:00,etth1,HUFL,168,45,xgboost,3.5543396001567387
2018-01-03 13:00:00,etth1,HUFL,168,45,xgboost,3.7375971779740316
2018-01-03 14:00:00,etth1,HUFL,168,45,xgboost,3.971819375901624
2018-01-03 15:00:00,etth1,HUFL,168,45,xgboost,3.9749030247990813
2018-01-03 16:00:00,etth1,HUFL,168,45,xgboost,4.027450010180341
2018-01-03 17:00:00,etth1,HUFL,168,45,xgboost,3.9914544603079456
2018-01-03 18:00:00,etth1,HUFL,168,45,xgboost,3.9794650639282776
2018-01-03 19:00:00,etth1,HUFL,168,45,xgboost,4.110045747004796
2018-01-03 20:00:00,etth1,HUFL,168,45,xgboost,4.119777124245252
2018-01-03 21:00:00,etth1,HUFL,168,45,xgboost,4.1144952837722215
2018-01-03 22:00:00,etth1,HUFL,168,45,xgboost,3.9782415733600427
2018-01-03 23:00:00,etth1,HUFL,168,45,xgboost,4.090337185263806
2018-01-04 00:00:00,etth1,HUFL,168,45,xgboost,4.1551666324122305
2018-01-04 01:00:00,etth1,HUFL,168,45,xgboost,4.277565402256889
2018-01-04 02:00:00,etth1,HUFL,168,45,xgboost,4.203988379484268
2018-01-04 03:00:00,etth1,HUFL,168,45,xgboost,4.1762271291515995
2018-01-04 04:00:00,etth1,HUFL,168,45,xgboost,4.202515046198259
2018-01-04 05:00:00,etth1,HUFL,168,45,xgboost,4.215263306364621
2018-01-04 06:00:00,etth1,HUFL,168,45,xgboost,4.34581262620227
2018-01-04 07:00:00,etth1,HUFL,168,45,xgboost,4.4459967105183456
2018-01-04 08:00:00,etth1,HUFL,168,45,xgboost,4.483246362419184
2018-01-04 09:00:00,etth1,HUFL,168,45,xgboost,4.32440670004555
2018-01-04 10:00:00,etth1,HUFL,168,45,xgboost,4.335426790823501
2018-01-04 11:00:00,etth1,HUFL,168,45,xgboost,4.385581942272329
2018-01-04 12:00:00,etth1,HUFL,168,45,xgboost,4.419219595634446
2018-01-04 13:00:00,etth1,HUFL,168,45,xgboost,4.6006500882817685
2018-01-04 14:00:00,etth1,HUFL,168,45,xgboost,4.684413436773964
2018-01-04 15:00:00,etth1,HUFL,168,45,xgboost,4.726074420130022
2018-01-04 16:00:00,etth1,HUFL,168,45,xgboost,4.726683685914629
2018-01-04 17:00:00,etth1,HUFL,168,45,xgboost,4.543961244069491
2018-01-04 18:00:00,etth1,HUFL,168,45,xgboost,4.482516925382406
2018-01-04 19:00:00,etth1,HUFL,168,45,xgboost,4.581125939476296
2018-01-04 20:00:00,etth1,HUFL,168,45,xgboost,4.5260539957883825
2018-01-04 21:00:00,etth1,HUFL,168,45,xgboost,4.440076415912431
2018-01-04 22:00:00,etth1,HUFL,168,45,xgboost,4.509410374960839
2018-01-04 23:00:00,etth1,HUFL,168,45,xgboost,4.602075980110901
2018-01-05 00:00:00,etth1,HUFL,168,45,xgboost,4.655678849009125
2018-01-05 01:00:00,etth1,HUFL,168,45,xgboost,4.788788761720397
2018-01-05 02:00:00,etth1,HUFL,168,45,xgboost,4.829617060474957
2018-01-05 03:00:00,etth1,HUFL,168,45,xgboost,4.730596983073276
2018-01-05 04:00:00,etth1,HUFL,168,45,xgboost,4.763983385020772
2018-01-05 05:00:00,etth1,HUFL,168,45,xgboost,4.702687580105359
2018-01-05 06:00:00,etth1,HUFL,168,45,xgboost,4.796032959876233
2018-01-05 07:00:00,etth1,HUFL,168,45,xgboost,4.833601612400715
2018-01-05 08:00:00,etth1,HUFL,168,45,xgboost,4.958215172478264
2018-01-05 09:00:00,etth1,HUFL,168,45,xgboost,4.946620580539997
2018-01-05 10:00:00,etth1,HUFL,168,45,xgboost,4.939897634668206
2018-01-05 11:00:00,etth1,HUFL,168,45,xgboost,5.061222548425147
2018-01-05 12:00:00,etth1,HUFL,168,45,xgboost,4.980773170381084
2018-01-05 13:00:00,etth1,HUFL,168,45,xgboost,5.343696067143099
2018-01-05 14:00:00,etth1,HUFL,168,45,xgboost,5.523107009185129
2018-01-05 15:00:00,etth1,HUFL,168,45,xgboost,5.522731137550973
2018-01-05 16:00:00,etth1,HUFL,168,45,xgboost,5.512725982081582
2018-01-05 17:00:00,etth1,HUFL,168,45,xgboost,5.445730997415591
2018-01-05 18:00:00,etth1,HUFL,168,45,xgboost,5.273724297941466
2018-01-05 19:00:00,etth1,HUFL,168,45,xgboost,5.271548751137975
2018-01-05 20:00:00,etth1,HUFL,168,45,xgboost,4.968576069938216
2018-01-05 21:00:00,etth1,HUFL,168,45,xgboost,4.84720077819865
2018-01-05 22:00:00,etth1,HUFL,168,45,xgboost,4.996789356866199
2018-01-05 23:00:00,etth1,HUFL,168,45,xgboost,4.843247926492397
2018-01-06 00:00:00,etth1,HUFL,168,45,xgboost,5.101734850989688
2018-01-06 01:00:00,etth1,HUFL,168,45,xgboost,5.201807616525177
2018-01-06 02:00:00,etth1,HUFL,168,45,xgboost,5.183772672923714
2018-01-06 03:00:00,etth1,HUFL,168,45,xgboost,5.035624194257273
2018-01-06 04:00:00,etth1,HUFL,168,45,xgboost,5.0290374514721865
2018-01-06 05:00:00,etth1,HUFL,168,45,xgboost,5.027965686831669
2018-01-06 06:00:00,etth1,HUFL,168,45,xgboost,5.064366601248115
2018-01-06 07:00:00,etth1,HUFL,168,45,xgboost,5.168122622180203
2018-01-06 08:00:00,etth1,HUFL,168,45,xgboost,5.162566858781778
2018-01-06 09:00:00,etth1,HUFL,168,45,xgboost,5.241117465710777
2018-01-06 10:00:00,etth1,HUFL,168,45,xgboost,5.370330254144942
2018-01-06 11:00:00,etth1,HUFL,168,45,xgboost,5.752533794130865
2018-01-06 12:00:00,etth1,HUFL,168,45,xgboost,5.274404441563469
2018-01-06 13:00:00,etth1,HUFL,168,45,xgboost,5.617406023699819
2018-01-06 14:00:00,etth1,HUFL,168,45,xgboost,5.78993295669652
2018-01-06 15:00:00,etth1,HUFL,168,45,xgboost,5.649782422370681
2018-01-06 16:00:00,etth1,HUFL,168,45,xgboost,5.443243507791571
2018-01-06 17:00:00,etth1,HUFL,168,45,xgboost,5.2148051445389445
2018-01-06 18:00:00,etth1,HUFL,168,45,xgboost,4.986550423395293
2018-01-06 19:00:00,etth1,HUFL,168,45,xgboost,5.034624285187906
2018-01-06 20:00:00,etth1,HUFL,168,45,xgboost,4.96439610425261
2018-01-06 21:00:00,etth1,HUFL,168,45,xgboost,4.835250410198617
2018-01-06 22:00:00,etth1,HUFL,168,45,xgboost,4.944380037135941
2018-01-06 23:00:00,etth1,HUFL,168,45,xgboost,5.007462688767905
2018-01-07 00:00:00,etth1,HUFL,168,45,xgboost,4.985797213924155
2018-01-07 01:00:00,etth1,HUFL,168,45,xgboost,5.232695659919611
2018-01-07 02:00:00,etth1,HUFL,168,45,xgboost,5.1790894090467345
2018-01-07 03:00:00,etth1,HUFL,168,45,xgboost,5.153835889499327
2018-01-07 04:00:00,etth1,HUFL,168,45,xgboost,5.146756123456742
2018-01-07 05:00:00,etth1,HUFL,168,45,xgboost,5.049556583248775
2018-01-07 06:00:00,etth1,HUFL,168,45,xgboost,5.067858530426548
2018-01-07 07:00:00,etth1,HUFL,168,45,xgboost,5.1949182721715665
2018-01-07 08:00:00,etth1,HUFL,168,45,xgboost,5.59052134169016
2018-01-07 09:00:00,etth1,HUFL,168,45,xgboost,5.363837580381922
2018-01-07 10:00:00,etth1,HUFL,168,45,xgboost,5.098513604821952
2018-01-07 11:00:00,etth1,HUFL,168,45,xgboost,5.221879461660764
2018-01-07 12:00:00,etth1,HUFL,168,45,xgboost,5.158639332481599
2018-01-07 13:00:00,etth1,HUFL,168,45,xgboost,5.657262408909612
2018-01-07 14:00:00,etth1,HUFL,168,45,xgboost,5.882609373986002
2018-01-07 15:00:00,etth1,HUFL,168,45,xgboost,6.0127624489768134
2018-01-07 16:00:00,etth1,HUFL,168,45,xgboost,6.023840281874313
2018-01-07 17:00:00,etth1,HUFL,168,45,xgboost,5.7866825983819945
2018-01-07 18:00:00,etth1,HUFL,168,45,xgboost,5.4765325134760685
2018-01-07 19:00:00,etth1,HUFL,168,45,xgboost,5.469004220201555
2018-01-07 20:00:00,etth1,HUFL,168,45,xgboost,5.410184091245332
2018-01-07 21:00:00,etth1,HUFL,168,45,xgboost,5.386735292186222
2018-01-07 22:00:00,etth1,HUFL,168,45,xgboost,5.318792121158357
2018-01-07 23:00:00,etth1,HUFL,168,45,xgboost,5.312391004398399
2018-01-08 00:00:00,etth1,HUFL,168,45,xgboost,5.463409588757211
2018-01-08 01:00:00,etth1,HUFL,168,45,xgboost,5.575436205655236
2018-01-08 02:00:00,etth1,HUFL,168,45,xgboost,5.552954252724392
2018-01-08 03:00:00,etth1,HUFL,168,45,xgboost,5.447198693412029
2018-01-08 04:00:00,etth1,HUFL,168,45,xgboost,5.291356548707675
2018-01-08 05:00:00,etth1,HUFL,168,45,xgboost,5.153875735388676
2018-01-08 06:00:00,etth1,HUFL,168,45,xgboost,5.168533992045683
2018-01-08 07:00:00,etth1,HUFL,168,45,xgboost,5.247843206849939
2018-01-08 08:00:00,etth1,HUFL,168,45,xgboost,5.235387263681138
2018-01-08 09:00:00,etth1,HUFL,168,45,xgboost,5.204968532659315
2018-01-08 10:00:00,etth1,HUFL,168,45,xgboost,5.281136889068013
2018-01-08 11:00:00,etth1,HUFL,168,45,xgboost,4.7850146826741735
2018-01-08 12:00:00,etth1,HUFL,168,45,xgboost,4.844140465646526
2018-01-08 13:00:00,etth1,HUFL,168,45,xgboost,4.851028713976269
2018-01-08 14:00:00,etth1,HUFL,168,45,xgboost,5.066279197472841
2018-01-08 15:00:00,etth1,HUFL,168,45,xgboost,5.181308219423001
2018-01-08 16:00:00,etth1,HUFL,168,45,xgboost,5.479396475103374
2018-01-08 17:00:00,etth1,HUFL,168,45,xgboost,5.871371631927754
2018-01-08 18:00:00,etth1,HUFL,168,45,xgboost,5.598402464073258
2018-01-08 19:00:00,etth1,HUFL,168,45,xgboost,5.397654492553645
2018-01-08 20:00:00,etth1,HUFL,168,45,xgboost,5.309131685445285
2018-01-08 21:00:00,etth1,HUFL,168,45,xgboost,5.171981692286546
2018-01-08 22:00:00,etth1,HUFL,168,45,xgboost,5.343857868625543
2018-01-08 23:00:00,etth1,HUFL,168,45,xgboost,5.235461321382399
2018-01-09 00:00:00,etth1,HUFL,168,45,xgboost,5.577817478091631
2018-01-09 01:00:00,etth1,HUFL,168,45,xgboost,5.808842426890105
2018-01-09 02:00:00,etth1,HUFL,168,45,xgboost,5.70827650124206
2018-01-09 03:00:00,etth1,HUFL,168,45,xgboost,5.6182162938145686
2018-01-09 04:00:00,etth1,HUFL,168,45,xgboost,5.3805136551366175
2018-01-09 05:00:00,etth1,HUFL,168,45,xgboost,5.082092911212173
2018-01-09 06:00:00,etth1,HUFL,168,45,xgboost,4.867483146037517
2018-01-09 07:00:00,etth1,HUFL,168,45,xgboost,4.817090853875799
2018-01-09 08:00:00,etth1,HUFL,168,45,xgboost,5.029166484783708
2018-01-09 09:00:00,etth1,HUFL,168,45,xgboost,5.041575684655346
2018-01-09 10:00:00,etth1,HUFL,168,45,xgboost,4.734543406783661
2018-01-09 11:00:00,etth1,HUFL,168,45,xgboost,4.3943783556379215
2018-01-09 12:00:00,etth1,HUFL,168,45,xgboost,4.3374067094609945
2018-01-09 13:00:00,etth1,HUFL,168,45,xgboost,4.080466756206072
2018-01-09 14:00:00,etth1,HUFL,168,45,xgboost,4.269446400924517
2018-01-09 15:00:00,etth1,HUFL,168,45,xgboost,4.4130058554452285
2018-01-09 16:00:00,etth1,HUFL,168,45,xgboost,4.949218370369861
2018-01-09 17:00:00,etth1,HUFL,168,45,xgboost,5.209429707129177
2018-01-09 18:00:00,etth1,HUFL,168,45,xgboost,4.996716624776859
2018-01-09 19:00:00,etth1,HUFL,168,45,xgboost,4.954559457972714
2018-01-09 20:00:00,etth1,HUFL,168,45,xgboost,4.857390002417516
2018-01-09 21:00:00,etth1,HUFL,168,45,xgboost,4.803804354909684
2018-01-09 22:00:00,etth1,HUFL,168,45,xgboost,4.795158399063841
2018-01-09 23:00:00,etth1,HUFL,168,45,xgboost,4.926183947560334
2018-01-10 00:00:00,etth1,HUFL,168,45,xgboost,5.0250188938862905
2018-01-10 01:00:00,etth1,HUFL,168,45,xgboost,5.1823440342939975
2018-01-10 02:00:00,etth1,HUFL,168,45,xgboost,5.170525123895068
2018-01-10 03:00:00,etth1,HUFL,168,45,xgboost,5.048016900529753
2018-01-10 04:00:00,etth1,HUFL,168,45,xgboost,4.742260182149385
2018-01-10 05:00:00,etth1,HUFL,168,45,xgboost,4.638959268576402
2018-01-10 06:00:00,etth1,HUFL,168,45,xgboost,4.6397682440991375
2018-01-10 07:00:00,etth1,HUFL,168,45,xgboost,4.684511339431186
2018-01-10 08:00:00,etth1,HUFL,168,45,xgboost,4.8076697921404135
2018-01-10 09:00:00,etth1,HUFL,168,45,xgboost,4.833505462032978
2018-01-10 10:00:00,etth1,HUFL,168,45,xgboost,4.491987812187578
2018-01-10 11:00:00,etth1,HUFL,168,45,xgboost,4.272869695433157
2018-01-10 12:00:00,etth1,HUFL,168,45,xgboost,4.220204979247675
2018-01-10 13:00:00,etth1,HUFL,168,45,xgboost,4.256153587149896
2018-01-10 14:00:00,etth1,HUFL,168,45,xgboost,4.244356434319911
2018-01-10 15:00:00,etth1,HUFL,168,45,xgboost,4.49513638311425
2018-01-10 16:00:00,etth1,HUFL,168,45,xgboost,4.907502230291276
2018-01-10 17:00:00,etth1,HUFL,168,45,xgboost,4.940787844828756
2018-01-10 18:00:00,etth1,HUFL,168,45,xgboost,4.745046215039159
2018-01-10 19:00:00,etth1,HUFL,168,45,xgboost,4.7555020133897585
2018-01-10 20:00:00,etth1,HUFL,168,45,xgboost,4.817398693407211
2018-01-10 21:00:00,etth1,HUFL,168,45,xgboost,4.9670965608710125
2018-01-10 22:00:00,etth1,HUFL,168,45,xgboost,4.858457999094591
2018-01-10 23:00:00,etth1,HUFL,168,45,xgboost,4.847702980734946
2018-01-11 00:00:00,etth1,HUFL,168,45,xgboost,5.04601411053841
2018-01-11 01:00:00,etth1,HUFL,168,45,xgboost,5.229747416301031
2018-01-11 02:00:00,etth1,HUFL,168,45,xgboost,4.993368912303153
2018-01-11 03:00:00,etth1,HUFL,168,45,xgboost,4.79183490040356
2018-01-11 04:00:00,etth1,HUFL,168,45,xgboost,4.540187147877701
2018-01-11 05:00:00,etth1,HUFL,168,45,xgboost,4.244160908600481
2018-01-11 06:00:00,etth1,HUFL,168,45,xgboost,4.03382454321801
2018-01-11 07:00:00,etth1,HUFL,168,45,xgboost,3.93858175941312
2018-01-11 08:00:00,etth1,HUFL,168,45,xgboost,4.0555626191109955
2018-01-11 09:00:00,etth1,HUFL,168,45,xgboost,3.9468552049637213
2018-01-11 10:00:00,etth1,HUFL,168,45,xgboost,3.943035369646309
2018-01-11 11:00:00,etth1,HUFL,168,45,xgboost,4.3003525421916144
2018-01-11 12:00:00,etth1,HUFL,168,45,xgboost,4.196752354261314
2018-01-11 13:00:00,etth1,HUFL,168,45,xgboost,4.119707357161321
2018-01-11 14:00:00,etth1,HUFL,168,45,xgboost,3.9204211374501305
2018-01-11 15:00:00,etth1,HUFL,168,45,xgboost,3.862812130686512
2018-01-11 16:00:00,etth1,HUFL,168,45,xgboost,3.901724944902768
2018-01-11 17:00:00,etth1,HUFL,168,45,xgboost,4.029451456105168
2018-01-11 18:00:00,etth1,HUFL,168,45,xgboost,3.9371882684101585
2018-01-11 19:00:00,etth1,HUFL,168,45,xgboost,3.892386563881432
2018-01-11 20:00:00,etth1,HUFL,168,45,xgboost,3.888393870136776
2018-01-11 21:00:00,etth1,HUFL,168,45,xgboost,3.8150901004647886
2018-01-11 22:00:00,etth1,HUFL,168,45,xgboost,3.830652964380731
2018-01-11 23:00:00,etth1,HUFL,168,45,xgboost,3.996389358115833
2018-01-12 00:00:00,etth1,HUFL,168,45,xgboost,4.057927686573715
2018-01-12 01:00:00,etth1,HUFL,168,45,xgboost,4.25165317523452
2018-01-12 02:00:00,etth1,HUFL,168,45,xgboost,4.240069590904238
2018-01-12 03:00:00,etth1,HUFL,168,45,xgboost,4.114195032914237
2018-01-12 04:00:00,etth1,HUFL,168,45,xgboost,4.042097447883189
2018-01-12 05:00:00,etth1,HUFL,168,45,xgboost,3.9474329193638233
2018-01-12 06:00:00,etth1,HUFL,168,45,xgboost,4.0314590585353285
2018-01-12 07:00:00,etth1,HUFL,168,45,xgboost,4.100028885526807
2018-01-12 08:00:00,etth1,HUFL,168,45,xgboost,4.170870621737513
2018-01-12 09:00:00,etth1,HUFL,168,45,xgboost,3.9863581503059944
2018-01-12 10:00:00,etth1,HUFL,168,45,xgboost,4.534728770547347
2018-01-12 11:00:00,etth1,HUFL,168,45,xgboost,4.4745288000268735
2018-01-12 12:00:00,etth1,HUFL,168,45,xgboost,4.666089573973429
2018-01-12 13:00:00,etth1,HUFL,168,45,xgboost,4.707448890722297
2018-01-12 14:00:00,etth1,HUFL,168,45,xgboost,4.641554141201517
2018-01-12 15:00:00,etth1,HUFL,168,45,xgboost,4.425599170583248
2018-01-12 16:00:00,etth1,HUFL,168,45,xgboost,4.114914608003371
2018-01-12 17:00:00,etth1,HUFL,168,45,xgboost,3.8006525133655487
2018-01-12 18:00:00,etth1,HUFL,168,45,xgboost,3.8006906848737376
2018-01-12 19:00:00,etth1,HUFL,168,45,xgboost,3.7827165367428597
2018-01-12 20:00:00,etth1,HUFL,168,45,xgboost,3.846186272326046
2018-01-12 21:00:00,etth1,HUFL,168,45,xgboost,3.9064956124567565
2018-01-12 22:00:00,etth1,HUFL,168,45,xgboost,3.865482046531233
2018-01-12 23:00:00,etth1,HUFL,168,45,xgboost,3.8864182679514
2018-01-13 00:00:00,etth1,HUFL,168,45,xgboost,3.997849568333189
2018-01-13 01:00:00,etth1,HUFL,168,45,xgboost,4.004985112909675
2018-01-13 02:00:00,etth1,HUFL,168,45,xgboost,3.844467393940696
2018-01-13 03:00:00,etth1,HUFL,168,45,xgboost,3.9019714661772733
2018-01-13 04:00:00,etth1,HUFL,168,45,xgboost,3.762775749071227
2018-01-13 05:00:00,etth1,HUFL,168,45,xgboost,3.7981033518251763
2018-01-13 06:00:00,etth1,HUFL,168,45,xgboost,3.8958364109655563
2018-01-13 07:00:00,etth1,HUFL,168,45,xgboost,3.8747541040606888
2018-01-13 08:00:00,etth1,HUFL,168,45,xgboost,3.8219803745643723
2018-01-13 09:00:00,etth1,HUFL,168,45,xgboost,3.8165932233367745
2018-01-13 10:00:00,etth1,HUFL,168,45,xgboost,3.9362332937713895
2018-01-13 11:00:00,etth1,HUFL,168,45,xgboost,4.214434430429099
2018-01-13 12:00:00,etth1,HUFL,168,45,xgboost,4.289977943515921
2018-01-13 13:00:00,etth1,HUFL,168,45,xgboost,4.132773689101565
2018-01-13 14:00:00,etth1,HUFL,168,45,xgboost,4.0617595954229975
2018-01-13 15:00:00,etth1,HUFL,168,45,xgboost,3.8031264867817844
2018-01-13 16:00:00,etth1,HUFL,168,45,xgboost,3.3026781862963346
2018-01-13 17:00:00,etth1,HUFL,168,45,xgboost,3.270703940758554
2018-01-13 18:00:00,etth1,HUFL,168,45,xgboost,3.2914879169839613
2018-01-13 19:00:00,etth1,HUFL,168,45,xgboost,3.44637976352479
2018-01-13 20:00:00,etth1,HUFL,168,45,xgboost,3.3924317852552446
2018-01-13 21:00:00,etth1,HUFL,168,45,xgboost,3.3359875138692647
2018-01-13 22:00:00,etth1,HUFL,168,45,xgboost,3.3036485417327155
2018-01-13 23:00:00,etth1,HUFL,168,45,xgboost,3.5647674482591887
2018-01-14 00:00:00,etth1,HUFL,168,45,xgboost,3.604288380775875
2018-01-14 01:00:00,etth1,HUFL,168,45,xgboost,3.6057947666465746
2018-01-14 02:00:00,etth1,HUFL,168,45,xgboost,3.5830747849143925
2018-01-14 03:00:00,etth1,HUFL,168,45,xgboost,3.5905438811624255
2018-01-14 04:00:00,etth1,HUFL,168,45,xgboost,3.5812367523333264
2018-01-14 05:00:00,etth1,HUFL,168,45,xgboost,3.5899425474278504
2018-01-14 06:00:00,etth1,HUFL,168,45,xgboost,3.569290136406778
2018-01-14 07:00:00,etth1,HUFL,168,45,xgboost,3.5768597045253925
2018-01-14 08:00:00,etth1,HUFL,168,45,xgboost,3.580011473538853
2018-01-14 09:00:00,etth1,HUFL,168,45,xgboost,3.483960862902399
2018-01-14 10:00:00,etth1,HUFL,168,45,xgboost,3.646582194003087
2018-01-14 11:00:00,etth1,HUFL,168,45,xgboost,3.5246845588408307
2018-01-14 12:00:00,etth1,HUFL,168,45,xgboost,3.7843914153408993
2018-01-14 13:00:00,etth1,HUFL,168,45,xgboost,3.6928190876766847
2018-01-14 14:00:00,etth1,HUFL,168,45,xgboost,3.6717367792356814
2018-01-14 15:00:00,etth1,HUFL,168,45,xgboost,3.7512895973426743
2018-01-14 16:00:00,etth1,HUFL,168,45,xgboost,3.6112026964409587
2018-01-14 17:00:00,etth1,HUFL,168,45,xgboost,3.298010559859206
2018-01-14 18:00:00,etth1,HUFL,168,45,xgboost,3.338448656020825
2018-01-14 19:00:00,etth1,HUFL,168,45,xgboost,3.276738824310417
2018-01-14 20:00:00,etth1,HUFL,168,45,xgboost,3.3379527371996263
2018-01-14 21:00:00,etth1,HUFL,168,45,xgboost,3.1909108763152596
2018-01-14 22:00:00,etth1,HUFL,168,45,xgboost,3.2782842330239896
2018-01-14 23:00:00,etth1,HUFL,168,45,xgboost,3.370531772828354
2018-01-15 00:00:00,etth1,HUFL,168,45,xgboost,3.5588210899909725
2018-01-15 01:00:00,etth1,HUFL,168,45,xgboost,3.5760674410264364
2018-01-15 02:00:00,etth1,HUFL,168,45,xgboost,3.574460686720448
2018-01-15 03:00:00,etth1,HUFL,168,45,xgboost,3.595277915409742
2018-01-15 04:00:00,etth1,HUFL,168,45,xgboost,3.5683710031475138
2018-01-15 05:00:00,etth1,HUFL,168,45,xgboost,3.4585804344318283
2018-01-15 06:00:00,etth1,HUFL,168,45,xgboost,3.473601749475089
2018-01-15 07:00:00,etth1,HUFL,168,45,xgboost,3.5647096201603836
2018-01-15 08:00:00,etth1,HUFL,168,45,xgboost,3.551372487312944
2018-01-15 09:00:00,etth1,HUFL,168,45,xgboost,3.4539927840274447
2018-01-15 10:00:00,etth1,HUFL,168,45,xgboost,4.085125624538154
2018-01-15 11:00:00,etth1,HUFL,168,45,xgboost,3.915919998081891
2018-01-15 12:00:00,etth1,HUFL,168,45,xgboost,4.062670382217859
2018-01-15 13:00:00,etth1,HUFL,168,45,xgboost,4.382655428549175
2018-01-15 14:00:00,etth1,HUFL,168,45,xgboost,4.336408166373104
2018-01-15 15:00:00,etth1,HUFL,168,45,xgboost,4.055044036582021
2018-01-15 16:00:00,etth1,HUFL,168,45,xgboost,4.181800153697796
2018-01-15 17:00:00,etth1,HUFL,168,45,xgboost,3.587439707164001
2018-01-15 18:00:00,etth1,HUFL,168,45,xgboost,3.538686248180145
2018-01-15 19:00:00,etth1,HUFL,168,45,xgboost,3.6361490477746603
2018-01-15 20:00:00,etth1,HUFL,168,45,xgboost,3.5965111615206653
2018-01-15 21:00:00,etth1,HUFL,168,45,xgboost,3.480511419567939
2018-01-15 22:00:00,etth1,HUFL,168,45,xgboost,3.5003481298386
2018-01-15 23:00:00,etth1,HUFL,168,45,xgboost,3.7496064910060793
2018-01-16 00:00:00,etth1,HUFL,168,45,xgboost,3.8061935949981853
2018-01-16 01:00:00,etth1,HUFL,168,45,xgboost,3.5204081376468315
2018-01-16 02:00:00,etth1,HUFL,168,45,xgboost,3.7872125274681463
2018-01-16 03:00:00,etth1,HUFL,168,45,xgboost,3.935361912706478
2018-01-16 04:00:00,etth1,HUFL,168,45,xgboost,3.858051875014948
2018-01-16 05:00:00,etth1,HUFL,168,45,xgboost,3.7931211827852485
2018-01-16 06:00:00,etth1,HUFL,168,45,xgboost,3.7381055860046204
2018-01-16 07:00:00,etth1,HUFL,168,45,xgboost,3.86009640841639
2018-01-16 08:00:00,etth1,HUFL,168,45,xgboost,3.6194237147022186
2018-01-16 09:00:00,etth1,HUFL,168,45,xgboost,3.505902668523408
2018-01-16 10:00:00,etth1,HUFL,168,45,xgboost,3.484417147837514
2018-01-16 11:00:00,etth1,HUFL,168,45,xgboost,3.6096348837237753
2018-01-16 12:00:00,etth1,HUFL,168,45,xgboost,4.020747000788945
2018-01-16 13:00:00,etth1,HUFL,168,45,xgboost,4.139121699829843
2018-01-16 14:00:00,etth1,HUFL,168,45,xgboost,3.4495738911543548
2018-01-16 15:00:00,etth1,HUFL,168,45,xgboost,3.160370066975029
2018-01-16 16:00:00,etth1,HUFL,168,45,xgboost,2.8059813347117486
2018-01-16 17:00:00,etth1,HUFL,168,45,xgboost,2.8012103231506593
2018-01-16 18:00:00,etth1,HUFL,168,45,xgboost,2.8328921329434786
2018-01-16 19:00:00,etth1,HUFL,168,45,xgboost,2.9047848590862806
2018-01-16 20:00:00,etth1,HUFL,168,45,xgboost,2.863638104725473
2018-01-16 21:00:00,etth1,HUFL,168,45,xgboost,2.8150426711100236
2018-01-16 22:00:00,etth1,HUFL,168,45,xgboost,2.9242213887996655
2018-01-16 23:00:00,etth1,HUFL,168,45,xgboost,2.981282487409749
2018-01-17 00:00:00,etth1,HUFL,168,45,xgboost,2.97083297662795
2018-01-17 01:00:00,etth1,HUFL,168,45,xgboost,3.0781558413472316
2018-01-17 02:00:00,etth1,HUFL,168,45,xgboost,3.065976315013652
2018-01-17 03:00:00,etth1,HUFL,168,45,xgboost,3.151139226303922
2018-01-17 04:00:00,etth1,HUFL,168,45,xgboost,3.0993671449943143
2018-01-17 05:00:00,etth1,HUFL,168,45,xgboost,3.0331072994396164
2018-01-17 06:00:00,etth1,HUFL,168,45,xgboost,3.0430440356734016
2018-01-17 07:00:00,etth1,HUFL,168,45,xgboost,2.9098691645624335
2018-01-17 08:00:00,etth1,HUFL,168,45,xgboost,2.7679072930784567
2018-01-17 09:00:00,etth1,HUFL,168,45,xgboost,2.458388298111319
2018-01-17 10:00:00,etth1,HUFL,168,45,xgboost,2.728697710057394
2018-01-17 11:00:00,etth1,HUFL,168,45,xgboost,3.3341042663990597
2018-01-17 12:00:00,etth1,HUFL,168,45,xgboost,3.3021432598082234
2018-01-17 13:00:00,etth1,HUFL,168,45,xgboost,3.93788718046125
2018-01-17 14:00:00,etth1,HUFL,168,45,xgboost,3.983444433807974
2018-01-17 15:00:00,etth1,HUFL,168,45,xgboost,3.5922850762620593
2018-01-17 16:00:00,etth1,HUFL,168,45,xgboost,3.585489531279703
2018-01-17 17:00:00,etth1,HUFL,168,45,xgboost,3.640115042649577
2018-01-17 18:00:00,etth1,HUFL,168,45,xgboost,3.2752080441181537
2018-01-17 19:00:00,etth1,HUFL,168,45,xgboost,3.2315859805772065
2018-01-17 20:00:00,etth1,HUFL,168,45,xgboost,3.136215878340553
2018-01-17 21:00:00,etth1,HUFL,168,45,xgboost,3.2182340975413943
2018-01-17 22:00:00,etth1,HUFL,168,45,xgboost,3.3571113831892117
2018-01-17 23:00:00,etth1,HUFL,168,45,xgboost,3.3796838186479667
2018-01-18 00:00:00,etth1,HUFL,168,45,xgboost,3.5717959793947562
2018-01-18 01:00:00,etth1,HUFL,168,45,xgboost,3.6720232153825263
2018-01-18 02:00:00,etth1,HUFL,168,45,xgboost,3.72962672761848
2018-01-18 03:00:00,etth1,HUFL,168,45,xgboost,3.8998706809135992
2018-01-18 04:00:00,etth1,HUFL,168,45,xgboost,3.929108809466041
2018-01-18 05:00:00,etth1,HUFL,168,45,xgboost,3.881334796109777
2018-01-18 06:00:00,etth1,HUFL,168,45,xgboost,3.780208386907611
2018-01-18 07:00:00,etth1,HUFL,168,45,xgboost,3.8899358176926198
2018-01-18 08:00:00,etth1,HUFL,168,45,xgboost,3.867002176365933
2018-01-18 09:00:00,etth1,HUFL,168,45,xgboost,3.4886443267049394
2018-01-18 10:00:00,etth1,HUFL,168,45,xgboost,4.075805865088528
2018-01-18 11:00:00,etth1,HUFL,168,45,xgboost,4.410637643508335
2018-01-18 12:00:00,etth1,HUFL,168,45,xgboost,4.680715880838109
2018-01-18 13:00:00,etth1,HUFL,168,45,xgboost,4.794848643765697
2018-01-18 14:00:00,etth1,HUFL,168,45,xgboost,4.945501077194927
2018-01-18 15:00:00,etth1,HUFL,168,45,xgboost,3.8880670062452767
2018-01-18 16:00:00,etth1,HUFL,168,45,xgboost,3.8993596867825526
2018-01-18 17:00:00,etth1,HUFL,168,45,xgboost,3.921129974917142
2018-01-18 18:00:00,etth1,HUFL,168,45,xgboost,3.8833366614040465
2018-01-18 19:00:00,etth1,HUFL,168,45,xgboost,3.896054754107235
2018-01-18 20:00:00,etth1,HUFL,168,45,xgboost,3.89405179637483
2018-01-18 21:00:00,etth1,HUFL,168,45,xgboost,3.7753171509680605
2018-01-18 22:00:00,etth1,HUFL,168,45,xgboost,4.018609030847983
2018-01-18 23:00:00,etth1,HUFL,168,45,xgboost,4.116407731039661
2018-01-19 00:00:00,etth1,HUFL,168,45,xgboost,4.111996108070344
2018-01-19 01:00:00,etth1,HUFL,168,45,xgboost,4.224776541648633
2018-01-19 02:00:00,etth1,HUFL,168,45,xgboost,4.17202113910319
2018-01-19 03:00:00,etth1,HUFL,168,45,xgboost,4.0780407316536795
2018-01-19 04:00:00,etth1,HUFL,168,45,xgboost,4.190670178471355
2018-01-19 05:00:00,etth1,HUFL,168,45,xgboost,4.0668861919096475
2018-01-19 06:00:00,etth1,HUFL,168,45,xgboost,3.9453591690271024
2018-01-19 07:00:00,etth1,HUFL,168,45,xgboost,4.0392058369235855
2018-01-19 08:00:00,etth1,HUFL,168,45,xgboost,3.9435813151592694
2018-01-19 09:00:00,etth1,HUFL,168,45,xgboost,3.3872868583141877
2018-01-19 10:00:00,etth1,HUFL,168,45,xgboost,3.9143231404013545
2018-01-19 11:00:00,etth1,HUFL,168,45,xgboost,3.5441112526682823
2018-01-19 12:00:00,etth1,HUFL,168,45,xgboost,4.17392969071445
2018-01-19 13:00:00,etth1,HUFL,168,45,xgboost,4.395657861452013
2018-01-19 14:00:00,etth1,HUFL,168,45,xgboost,3.928970159712201
2018-01-19 15:00:00,etth1,HUFL,168,45,xgboost,3.7180951410579466
2018-01-19 16:00:00,etth1,HUFL,168,45,xgboost,2.7491102334896125
2018-01-19 17:00:00,etth1,HUFL,168,45,xgboost,2.917068455923567
2018-01-19 18:00:00,etth1,HUFL,168,45,xgboost,2.917651943843287
2018-01-19 19:00:00,etth1,HUFL,168,45,xgboost,3.0025650448594043
2018-01-19 20:00:00,etth1,HUFL,168,45,xgboost,2.9773575025128456
2018-01-19 21:00:00,etth1,HUFL,168,45,xgboost,3.1429473272605923
2018-01-19 22:00:00,etth1,HUFL,168,45,xgboost,3.18258679839238
2018-01-19 23:00:00,etth1,HUFL,168,45,xgboost,3.2432813831353475
2018-01-20 00:00:00,etth1,HUFL,168,45,xgboost,3.3591181278877835
2018-01-20 01:00:00,etth1,HUFL,168,45,xgboost,3.336453061140582
2018-01-20 02:00:00,etth1,HUFL,168,45,xgboost,3.337282564022893
2018-01-20 03:00:00,etth1,HUFL,168,45,xgboost,3.383468937864253
2018-01-20 04:00:00,etth1,HUFL,168,45,xgboost,3.3489043748805134
2018-01-20 05:00:00,etth1,HUFL,168,45,xgboost,3.3032541570209935
2018-01-20 06:00:00,etth1,HUFL,168,45,xgboost,3.203938988801073
2018-01-20 07:00:00,etth1,HUFL,168,45,xgboost,3.268729268257795
2018-01-20 08:00:00,etth1,HUFL,168,45,xgboost,3.1836721090022064
2018-01-20 09:00:00,etth1,HUFL,168,45,xgboost,3.1503468078155934
2018-01-20 10:00:00,etth1,HUFL,168,45,xgboost,3.074510666397581
2018-01-20 11:00:00,etth1,HUFL,168,45,xgboost,3.4870659980376906
2018-01-20 12:00:00,etth1,HUFL,168,45,xgboost,3.41028535346448
2018-01-20 13:00:00,etth1,HUFL,168,45,xgboost,3.2386904352219776
2018-01-20 14:00:00,etth1,HUFL,168,45,xgboost,3.434018400584502
2018-01-20 15:00:00,etth1,HUFL,168,45,xgboost,3.632864161374118
2018-01-20 16:00:00,etth1,HUFL,168,45,xgboost,3.728737537781469
2018-01-20 17:00:00,etth1,HUFL,168,45,xgboost,3.5026133928314644
2018-01-20 18:00:00,etth1,HUFL,168,45,xgboost,3.494377077614498
2018-01-20 19:00:00,etth1,HUFL,168,45,xgboost,3.5441529579587465
2018-01-20 20:00:00,etth1,HUFL,168,45,xgboost,3.5573703749250636
2018-01-20 21:00:00,etth1,HUFL,168,45,xgboost,3.6799013498771123
2018-01-20 22:00:00,etth1,HUFL,168,45,xgboost,3.5687851651336087
2018-01-20 23:00:00,etth1,HUFL,168,45,xgboost,3.642307462631949
2018-01-21 00:00:00,etth1,HUFL,168,45,xgboost,3.656633924612451
2018-01-21 01:00:00,etth1,HUFL,168,45,xgboost,3.6680669519485294
2018-01-21 02:00:00,etth1,HUFL,168,45,xgboost,3.6926232328706163
2018-01-21 03:00:00,etth1,HUFL,168,45,xgboost,3.788631817638679
2018-01-21 04:00:00,etth1,HUFL,168,45,xgboost,3.868234761926022
2018-01-21 05:00:00,etth1,HUFL,168,45,xgboost,3.796564764465582
2018-01-21 06:00:00,etth1,HUFL,168,45,xgboost,3.7708830778880875
2018-01-21 07:00:00,etth1,HUFL,168,45,xgboost,3.7971809787486683
2018-01-21 08:00:00,etth1,HUFL,168,45,xgboost,3.745272938917696
2018-01-21 09:00:00,etth1,HUFL,168,45,xgboost,3.7726677909583164
2018-01-21 10:00:00,etth1,HUFL,168,45,xgboost,3.857963260392274
2018-01-21 11:00:00,etth1,HUFL,168,45,xgboost,3.909334933682195
2018-01-21 12:00:00,etth1,HUFL,168,45,xgboost,3.5110996591622823
2018-01-21 13:00:00,etth1,HUFL,168,45,xgboost,3.644103780465978
2018-01-21 14:00:00,etth1,HUFL,168,45,xgboost,3.6248188210739434
2018-01-21 15:00:00,etth1,HUFL,168,45,xgboost,3.8322033010968877
2018-01-21 16:00:00,etth1,HUFL,168,45,xgboost,3.4902872144809565
2018-01-21 17:00:00,etth1,HUFL,168,45,xgboost,3.717009929360361
2018-01-21 18:00:00,etth1,HUFL,168,45,xgboost,3.66994464955411
2018-01-21 19:00:00,etth1,HUFL,168,45,xgboost,3.784239276435577
2018-01-21 20:00:00,etth1,HUFL,168,45,xgboost,3.748026390294643
2018-01-21 21:00:00,etth1,HUFL,168,45,xgboost,3.9587979359423815
2018-01-21 22:00:00,etth1,HUFL,168,45,xgboost,3.9044261150422876
2018-01-21 23:00:00,etth1,HUFL,168,45,xgboost,3.9451071388184857
2018-01-22 00:00:00,etth1,HUFL,168,45,xgboost,3.8747892338370153
2018-01-22 01:00:00,etth1,HUFL,168,45,xgboost,3.807992794290717
2018-01-22 02:00:00,etth1,HUFL,168,45,xgboost,3.8711474245268094
2018-01-22 03:00:00,etth1,HUFL,168,45,xgboost,3.9205339930713876
2018-01-22 04:00:00,etth1,HUFL,168,45,xgboost,3.9424341394444427
2018-01-22 05:00:00,etth1,HUFL,168,45,xgboost,3.853721300822339
2018-01-22 06:00:00,etth1,HUFL,168,45,xgboost,3.8625306575603853
2018-01-22 07:00:00,etth1,HUFL,168,45,xgboost,3.887604820069454
2018-01-22 08:00:00,etth1,HUFL,168,45,xgboost,3.933895398935693
2018-01-22 09:00:00,etth1,HUFL,168,45,xgboost,3.7258012631320576
2018-01-22 10:00:00,etth1,HUFL,168,45,xgboost,4.16569492759508
2018-01-22 11:00:00,etth1,HUFL,168,45,xgboost,4.3324269978269045
2018-01-22 12:00:00,etth1,HUFL,168,45,xgboost,4.549915525108669
2018-01-22 13:00:00,etth1,HUFL,168,45,xgboost,4.777168113370114
2018-01-22 14:00:00,etth1,HUFL,168,45,xgboost,4.833722714075329
2018-01-22 15:00:00,etth1,HUFL,168,45,xgboost,4.765611472068126
2018-01-22 16:00:00,etth1,HUFL,168,45,xgboost,4.594395059520067
2018-01-22 17:00:00,etth1,HUFL,168,45,xgboost,4.283149757043175
2018-01-22 18:00:00,etth1,HUFL,168,45,xgboost,3.6042281077257896
2018-01-22 19:00:00,etth1,HUFL,168,45,xgboost,3.5360090959068136
2018-01-22 20:00:00,etth1,HUFL,168,45,xgboost,3.616197113812924
2018-01-22 21:00:00,etth1,HUFL,168,45,xgboost,3.8635410663978953
2018-01-22 22:00:00,etth1,HUFL,168,45,xgboost,3.8564342716251
2018-01-22 23:00:00,etth1,HUFL,168,45,xgboost,3.9974541329612134
2018-01-23 00:00:00,etth1,HUFL,168,45,xgboost,3.9804715686919585
2018-01-23 01:00:00,etth1,HUFL,168,45,xgboost,4.012896454705549
2018-01-23 02:00:00,etth1,HUFL,168,45,xgboost,4.097973456810682
2018-01-23 03:00:00,etth1,HUFL,168,45,xgboost,4.33244205295633
2018-01-23 04:00:00,etth1,HUFL,168,45,xgboost,4.303187707146483
2018-01-23 05:00:00,etth1,HUFL,168,45,xgboost,4.254004965030491
2018-01-23 06:00:00,etth1,HUFL,168,45,xgboost,4.294922228030212
2018-01-23 07:00:00,etth1,HUFL,168,45,xgboost,4.310013514652325
2018-01-23 08:00:00,etth1,HUFL,168,45,xgboost,4.308755007303221
2018-01-23 09:00:00,etth1,HUFL,168,45,xgboost,4.0714902304456055
2018-01-23 10:00:00,etth1,HUFL,168,45,xgboost,3.949035568355966
2018-01-23 11:00:00,etth1,HUFL,168,45,xgboost,3.569651888079569
2018-01-23 12:00:00,etth1,HUFL,168,45,xgboost,3.866765423645113
2018-01-23 13:00:00,etth1,HUFL,168,45,xgboost,3.9155041060460642
2018-01-23 14:00:00,etth1,HUFL,168,45,xgboost,3.8030064523082183
2018-01-23 15:00:00,etth1,HUFL,168,45,xgboost,3.77380839199611
2018-01-23 16:00:00,etth1,HUFL,168,45,xgboost,3.564005174899528
2018-01-23 17:00:00,etth1,HUFL,168,45,xgboost,3.255814931325751
2018-01-23 18:00:00,etth1,HUFL,168,45,xgboost,3.0863306537026474
2018-01-23 19:00:00,etth1,HUFL,168,45,xgboost,3.1180326974052224
2018-01-23 20:00:00,etth1,HUFL,168,45,xgboost,3.386568408661862
2018-01-23 21:00:00,etth1,HUFL,168,45,xgboost,3.6590163334710617
2018-01-23 22:00:00,etth1,HUFL,168,45,xgboost,3.635154328135617
2018-01-23 23:00:00,etth1,HUFL,168,45,xgboost,3.549991327576393
2018-01-24 00:00:00,etth1,HUFL,168,45,xgboost,3.4788162934133244
2018-01-24 01:00:00,etth1,HUFL,168,45,xgboost,3.4966163067337614
2018-01-24 02:00:00,etth1,HUFL,168,45,xgboost,3.6940750396798427
2018-01-24 03:00:00,etth1,HUFL,168,45,xgboost,3.9119631197467157
2018-01-24 04:00:00,etth1,HUFL,168,45,xgboost,3.9155063897329216
2018-01-24 05:00:00,etth1,HUFL,168,45,xgboost,3.753432613350605
2018-01-24 06:00:00,etth1,HUFL,168,45,xgboost,3.6021166040916035
2018-01-24 07:00:00,etth1,HUFL,168,45,xgboost,3.712460013847777
2018-01-24 08:00:00,etth1,HUFL,168,45,xgboost,3.740853218285971
2018-01-24 09:00:00,etth1,HUFL,168,45,xgboost,3.3695137550088057
2018-01-24 10:00:00,etth1,HUFL,168,45,xgboost,3.1173306905092053
2018-01-24 11:00:00,etth1,HUFL,168,45,xgboost,2.9452321173193177
2018-01-24 12:00:00,etth1,HUFL,168,45,xgboost,3.0724030375848472
2018-01-24 13:00:00,etth1,HUFL,168,45,xgboost,3.030020538651874
2018-01-24 14:00:00,etth1,HUFL,168,45,xgboost,3.262661067331104
2018-01-24 15:00:00,etth1,HUFL,168,45,xgboost,3.3969794493081995
2018-01-24 16:00:00,etth1,HUFL,168,45,xgboost,3.497494882277218
2018-01-24 17:00:00,etth1,HUFL,168,45,xgboost,3.4052694062388813
2018-01-24 18:00:00,etth1,HUFL,168,45,xgboost,3.2946185697063104
2018-01-24 19:00:00,etth1,HUFL,168,45,xgboost,3.195682305531667
2018-01-24 20:00:00,etth1,HUFL,168,45,xgboost,3.4672309305551456
2018-01-24 21:00:00,etth1,HUFL,168,45,xgboost,3.670251986399738
2018-01-24 22:00:00,etth1,HUFL,168,45,xgboost,3.657507565026946
2018-01-24 23:00:00,etth1,HUFL,168,45,xgboost,3.4926254732430158
2018-01-25 00:00:00,etth1,HUFL,168,45,xgboost,3.4168306015492456
2018-01-25 01:00:00,etth1,HUFL,168,45,xgboost,3.4916042596371515
2018-01-25 02:00:00,etth1,HUFL,168,45,xgboost,3.605719856767882
2018-01-25 03:00:00,etth1,HUFL,168,45,xgboost,3.782160779216697
2018-01-25 04:00:00,etth1,HUFL,168,45,xgboost,3.7267453186622315
2018-01-25 05:00:00,etth1,HUFL,168,45,xgboost,3.5293830562133377
2018-01-25 06:00:00,etth1,HUFL,168,45,xgboost,3.43996224840452
2018-01-25 07:00:00,etth1,HUFL,168,45,xgboost,3.566794026280444
2018-01-25 08:00:00,etth1,HUFL,168,45,xgboost,3.5656802975690107
2018-01-25 09:00:00,etth1,HUFL,168,45,xgboost,3.3368278635835185
2018-01-25 10:00:00,etth1,HUFL,168,45,xgboost,3.228214715780802
2018-01-25 11:00:00,etth1,HUFL,168,45,xgboost,2.9113024133760144
2018-01-25 12:00:00,etth1,HUFL,168,45,xgboost,3.1700822369275543
2018-01-25 13:00:00,etth1,HUFL,168,45,xgboost,3.301828943197722
2018-01-25 14:00:00,etth1,HUFL,168,45,xgboost,3.3653540622387546
2018-01-25 15:00:00,etth1,HUFL,168,45,xgboost,3.624203547919371
2018-01-25 16:00:00,etth1,HUFL,168,45,xgboost,3.606174459209351
2018-01-25 17:00:00,etth1,HUFL,168,45,xgboost,3.394490984752725
2018-01-25 18:00:00,etth1,HUFL,168,45,xgboost,3.1437391218847317
2018-01-25 19:00:00,etth1,HUFL,168,45,xgboost,3.1529230878675905
2018-01-25 20:00:00,etth1,HUFL,168,45,xgboost,3.3961503512021074
2018-01-25 21:00:00,etth1,HUFL,168,45,xgboost,3.631759141696087
2018-01-25 22:00:00,etth1,HUFL,168,45,xgboost,3.601901332941342
2018-01-25 23:00:00,etth1,HUFL,168,45,xgboost,3.393256645851838
2018-01-26 00:00:00,etth1,HUFL,168,45,xgboost,3.2854240862680553
2018-01-26 01:00:00,etth1,HUFL,168,45,xgboost,3.285845266700189
2018-01-26 02:00:00,etth1,HUFL,168,45,xgboost,3.3890222336994875
2018-01-26 03:00:00,etth1,HUFL,168,45,xgboost,3.625201657015244
2018-01-26 04:00:00,etth1,HUFL,168,45,xgboost,3.540622899022961
2018-01-26 05:00:00,etth1,HUFL,168,45,xgboost,3.426098104266706
2018-01-26 06:00:00,etth1,HUFL,168,45,xgboost,3.540612872579693
2018-01-26 07:00:00,etth1,HUFL,168,45,xgboost,3.5592886386352567
2018-01-26 08:00:00,etth1,HUFL,168,45,xgboost,3.645966004550143
2018-01-26 09:00:00,etth1,HUFL,168,45,xgboost,3.4806079097042946
2018-01-26 10:00:00,etth1,HUFL,168,45,xgboost,3.341559328404269
2018-01-26 11:00:00,etth1,HUFL,168,45,xgboost,3.2032952311395384
2018-01-26 12:00:00,etth1,HUFL,168,45,xgboost,3.1254084538552385
2018-01-26 13:00:00,etth1,HUFL,168,45,xgboost,3.488088702627736
2018-01-26 14:00:00,etth1,HUFL,168,45,xgboost,3.5262650435672382
2018-01-26 15:00:00,etth1,HUFL,168,45,xgboost,3.673729740268438
2018-01-26 16:00:00,etth1,HUFL,168,45,xgboost,3.6453664942338575
2018-01-26 17:00:00,etth1,HUFL,168,45,xgboost,3.594224909953394
2018-01-26 18:00:00,etth1,HUFL,168,45,xgboost,3.4922040244109755
2018-01-26 19:00:00,etth1,HUFL,168,45,xgboost,3.4046649698780143
2018-01-26 20:00:00,etth1,HUFL,168,45,xgboost,3.5902762533292596
2018-01-26 21:00:00,etth1,HUFL,168,45,xgboost,3.7211141123951617
2018-01-26 22:00:00,etth1,HUFL,168,45,xgboost,3.7774607058074876
2018-01-26 23:00:00,etth1,HUFL,168,45,xgboost,3.72834670533336
2018-01-27 00:00:00,etth1,HUFL,168,45,xgboost,3.6422872927981302
2018-01-27 01:00:00,etth1,HUFL,168,45,xgboost,3.686864127112889
2018-01-27 02:00:00,etth1,HUFL,168,45,xgboost,3.791978047335592
2018-01-27 03:00:00,etth1,HUFL,168,45,xgboost,3.83779871394672
2018-01-27 04:00:00,etth1,HUFL,168,45,xgboost,3.798617490712051
2018-01-27 05:00:00,etth1,HUFL,168,45,xgboost,3.658364213105313
2018-01-27 06:00:00,etth1,HUFL,168,45,xgboost,3.6332895914419874
2018-01-27 07:00:00,etth1,HUFL,168,45,xgboost,3.6668444582544426
2018-01-27 08:00:00,etth1,HUFL,168,45,xgboost,3.775001256418971
2018-01-27 09:00:00,etth1,HUFL,168,45,xgboost,3.5714968792794277
2018-01-27 10:00:00,etth1,HUFL,168,45,xgboost,3.4968886844556386
2018-01-27 11:00:00,etth1,HUFL,168,45,xgboost,3.276032004843993
2018-01-27 12:00:00,etth1,HUFL,168,45,xgboost,3.3017506431008097
2018-01-27 13:00:00,etth1,HUFL,168,45,xgboost,3.4990423151808945
2018-01-27 14:00:00,etth1,HUFL,168,45,xgboost,3.705665443747717
2018-01-27 15:00:00,etth1,HUFL,168,45,xgboost,3.7986723909532607
2018-01-27 16:00:00,etth1,HUFL,168,45,xgboost,3.73995448671403
2018-01-27 17:00:00,etth1,HUFL,168,45,xgboost,3.7075149071763924
2018-01-27 18:00:00,etth1,HUFL,168,45,xgboost,3.3791428675657422
2018-01-27 19:00:00,etth1,HUFL,168,45,xgboost,3.3869518190153345
2018-01-27 20:00:00,etth1,HUFL,168,45,xgboost,3.480371499655923
2018-01-27 21:00:00,etth1,HUFL,168,45,xgboost,3.5129248015663412
2018-01-27 22:00:00,etth1,HUFL,168,45,xgboost,3.6686936452475125
2018-01-27 23:00:00,etth1,HUFL,168,45,xgboost,3.512225101050492
2018-01-28 00:00:00,etth1,HUFL,168,45,xgboost,3.372546248900339
2018-01-28 01:00:00,etth1,HUFL,168,45,xgboost,3.674068038849349
2018-01-28 02:00:00,etth1,HUFL,168,45,xgboost,3.6353321471313738
2018-01-28 03:00:00,etth1,HUFL,168,45,xgboost,3.6902921044280688
2018-01-28 04:00:00,etth1,HUFL,168,45,xgboost,3.74419475320522
2018-01-28 05:00:00,etth1,HUFL,168,45,xgboost,3.664612587422619
2018-01-28 06:00:00,etth1,HUFL,168,45,xgboost,3.560032426039246
2018-01-28 07:00:00,etth1,HUFL,168,45,xgboost,3.768675561903427
2018-01-28 08:00:00,etth1,HUFL,168,45,xgboost,3.7919467097775947
2018-01-28 09:00:00,etth1,HUFL,168,45,xgboost,3.6776064448783408
2018-01-28 10:00:00,etth1,HUFL,168,45,xgboost,3.6889616560760174
2018-01-28 11:00:00,etth1,HUFL,168,45,xgboost,3.752339754194824
2018-01-28 12:00:00,etth1,HUFL,168,45,xgboost,3.94517284449315
2018-01-28 13:00:00,etth1,HUFL,168,45,xgboost,4.238528761981598
2018-01-28 14:00:00,etth1,HUFL,168,45,xgboost,4.537104922871698
2018-01-28 15:00:00,etth1,HUFL,168,45,xgboost,4.5010118187005075
2018-01-28 16:00:00,etth1,HUFL,168,45,xgboost,4.5862032934289925
2018-01-28 17:00:00,etth1,HUFL,168,45,xgboost,4.449941317141521
2018-01-28 18:00:00,etth1,HUFL,168,45,xgboost,4.207420850712842
2018-01-28 19:00:00,etth1,HUFL,168,45,xgboost,4.087938676447538
2018-01-28 20:00:00,etth1,HUFL,168,45,xgboost,4.075680353719387
2018-01-28 21:00:00,etth1,HUFL,168,45,xgboost,4.017142004668647
2018-01-28 22:00:00,etth1,HUFL,168,45,xgboost,4.127283080216472
2018-01-28 23:00:00,etth1,HUFL,168,45,xgboost,4.132214437945401
2018-01-29 00:00:00,etth1,HUFL,168,45,xgboost,4.113051712733955
2018-01-29 01:00:00,etth1,HUFL,168,45,xgboost,4.265760873655128
2018-01-29 02:00:00,etth1,HUFL,168,45,xgboost,4.303538972897973
2018-01-29 03:00:00,etth1,HUFL,168,45,xgboost,4.275149738143649
2018-01-29 04:00:00,etth1,HUFL,168,45,xgboost,4.269304805048046
2018-01-29 05:00:00,etth1,HUFL,168,45,xgboost,4.01745989367996
2018-01-29 06:00:00,etth1,HUFL,168,45,xgboost,4.048034819652019
2018-01-29 07:00:00,etth1,HUFL,168,45,xgboost,4.171373080780801
2018-01-29 08:00:00,etth1,HUFL,168,45,xgboost,4.138475703476048
2018-01-29 09:00:00,etth1,HUFL,168,45,xgboost,4.1141578757076145
2018-01-29 10:00:00,etth1,HUFL,168,45,xgboost,4.2346212092876305
2018-01-29 11:00:00,etth1,HUFL,168,45,xgboost,4.372250975739248
2018-01-29 12:00:00,etth1,HUFL,168,45,xgboost,4.512808999243307
2018-01-29 13:00:00,etth1,HUFL,168,45,xgboost,4.552700243051275
2018-01-29 14:00:00,etth1,HUFL,168,45,xgboost,4.48648870382901
2018-01-29 15:00:00,etth1,HUFL,168,45,xgboost,4.382217800810854
2018-01-29 16:00:00,etth1,HUFL,168,45,xgboost,4.658954276108797
2018-01-29 17:00:00,etth1,HUFL,168,45,xgboost,4.9032018102960855
2018-01-29 18:00:00,etth1,HUFL,168,45,xgboost,4.712447227445564
2018-01-29 19:00:00,etth1,HUFL,168,45,xgboost,4.783443390695563
2018-01-29 20:00:00,etth1,HUFL,168,45,xgboost,4.594808019771749
2018-01-29 21:00:00,etth1,HUFL,168,45,xgboost,4.522736374385399
2018-01-29 22:00:00,etth1,HUFL,168,45,xgboost,4.619837867361229
2018-01-29 23:00:00,etth1,HUFL,168,45,xgboost,4.676817038392603
2018-01-30 00:00:00,etth1,HUFL,168,45,xgboost,4.8317680933393055
2018-01-30 01:00:00,etth1,HUFL,168,45,xgboost,5.0420959471521325
2018-01-30 02:00:00,etth1,HUFL,168,45,xgboost,5.1954787558685736
2018-01-30 03:00:00,etth1,HUFL,168,45,xgboost,5.123440234375911
2018-01-30 04:00:00,etth1,HUFL,168,45,xgboost,5.158938205586685
2018-01-30 05:00:00,etth1,HUFL,168,45,xgboost,5.011842851343477
2018-01-30 06:00:00,etth1,HUFL,168,45,xgboost,4.966720919311521
2018-01-30 07:00:00,etth1,HUFL,168,45,xgboost,4.931753754743819
2018-01-30 08:00:00,etth1,HUFL,168,45,xgboost,4.900556807100143
2018-01-30 09:00:00,etth1,HUFL,168,45,xgboost,4.913880035342763
2018-01-30 10:00:00,etth1,HUFL,168,45,xgboost,5.32786743649952
2018-01-30 11:00:00,etth1,HUFL,168,45,xgboost,5.36635976534506
2018-01-30 12:00:00,etth1,HUFL,168,45,xgboost,5.44027842885664
2018-01-30 13:00:00,etth1,HUFL,168,45,xgboost,5.389912621387165
2018-01-30 14:00:00,etth1,HUFL,168,45,xgboost,5.264646403846752
2018-01-30 15:00:00,etth1,HUFL,168,45,xgboost,5.724787380311044
2018-01-30 16:00:00,etth1,HUFL,168,45,xgboost,5.782383761655076
2018-01-30 17:00:00,etth1,HUFL,168,45,xgboost,5.934741177760525
2018-01-30 18:00:00,etth1,HUFL,168,45,xgboost,5.7599410101619215
2018-01-30 19:00:00,etth1,HUFL,168,45,xgboost,5.637518619468743
2018-01-30 20:00:00,etth1,HUFL,168,45,xgboost,5.471856928991899
2018-01-30 21:00:00,etth1,HUFL,168,45,xgboost,5.249095750745447
2018-01-30 22:00:00,etth1,HUFL,168,45,xgboost,5.340375225124538
2018-01-30 23:00:00,etth1,HUFL,168,45,xgboost,5.394632115760182
2018-01-31 00:00:00,etth1,HUFL,168,45,xgboost,5.5740480461007
2018-01-31 01:00:00,etth1,HUFL,168,45,xgboost,5.827271716447722
2018-01-31 02:00:00,etth1,HUFL,168,45,xgboost,5.913826592523642
2018-01-31 03:00:00,etth1,HUFL,168,45,xgboost,5.799483555699773
2018-01-31 04:00:00,etth1,HUFL,168,45,xgboost,5.6591665579136645
2018-01-31 05:00:00,etth1,HUFL,168,45,xgboost,5.481350952232014
2018-01-31 06:00:00,etth1,HUFL,168,45,xgboost,5.323906875148551
2018-01-31 07:00:00,etth1,HUFL,168,45,xgboost,5.333039158927787
2018-01-31 08:00:00,etth1,HUFL,168,45,xgboost,5.194041838327284
2018-01-31 09:00:00,etth1,HUFL,168,45,xgboost,5.472051498376905
2018-01-31 10:00:00,etth1,HUFL,168,45,xgboost,5.662014678353965
2018-01-31 11:00:00,etth1,HUFL,168,45,xgboost,5.52000786492989
2018-01-31 12:00:00,etth1,HUFL,168,45,xgboost,5.252012104506873
2018-01-31 13:00:00,etth1,HUFL,168,45,xgboost,5.448542807319882
2018-01-31 14:00:00,etth1,HUFL,168,45,xgboost,5.368696705959701
2018-01-31 15:00:00,etth1,HUFL,168,45,xgboost,5.584281921552535
2018-01-31 16:00:00,etth1,HUFL,168,45,xgboost,6.091395979389479
2018-01-31 17:00:00,etth1,HUFL,168,45,xgboost,5.6983113335461635
2018-01-31 18:00:00,etth1,HUFL,168,45,xgboost,5.388814652124795
2018-01-31 19:00:00,etth1,HUFL,168,45,xgboost,5.205262932395587
2018-01-31 20:00:00,etth1,HUFL,168,45,xgboost,5.185440913659355
2018-01-31 21:00:00,etth1,HUFL,168,45,xgboost,5.013585574562406
2018-01-31 22:00:00,etth1,HUFL,168,45,xgboost,5.195852510302421
2018-01-31 23:00:00,etth1,HUFL,168,45,xgboost,5.3069146048683935
2018-02-01 00:00:00,etth1,HUFL,168,45,xgboost,4.9404943592602315
2018-02-01 01:00:00,etth1,HUFL,168,45,xgboost,5.1293201720300665
2018-02-01 02:00:00,etth1,HUFL,168,45,xgboost,5.336513668704437
2018-02-01 03:00:00,etth1,HUFL,168,45,xgboost,5.318740695642468
2018-02-01 04:00:00,etth1,HUFL,168,45,xgboost,5.218605063504635
2018-02-01 05:00:00,etth1,HUFL,168,45,xgboost,4.813873020488925
2018-02-01 06:00:00,etth1,HUFL,168,45,xgboost,4.580040463800297
2018-02-01 07:00:00,etth1,HUFL,168,45,xgboost,4.533930255360048
2018-02-01 08:00:00,etth1,HUFL,168,45,xgboost,4.542987818100861
2018-02-01 09:00:00,etth1,HUFL,168,45,xgboost,4.950424913057755
2018-02-01 10:00:00,etth1,HUFL,168,45,xgboost,5.363394794220472
2018-02-01 11:00:00,etth1,HUFL,168,45,xgboost,4.517365338935954
2018-02-01 12:00:00,etth1,HUFL,168,45,xgboost,5.2662998766828375
2018-02-01 13:00:00,etth1,HUFL,168,45,xgboost,4.723044525662874
2018-02-01 14:00:00,etth1,HUFL,168,45,xgboost,5.564166193714562
2018-02-01 15:00:00,etth1,HUFL,168,45,xgboost,5.551696024477736
2018-02-01 16:00:00,etth1,HUFL,168,45,xgboost,6.01533427895883
2018-02-01 17:00:00,etth1,HUFL,168,45,xgboost,5.219014337733307
2018-02-01 18:00:00,etth1,HUFL,168,45,xgboost,5.3402702602011125
2018-02-01 19:00:00,etth1,HUFL,168,45,xgboost,5.120035060205977
2018-02-01 20:00:00,etth1,HUFL,168,45,xgboost,5.111328679865333
2018-02-01 21:00:00,etth1,HUFL,168,45,xgboost,5.107959189603853
2018-02-01 22:00:00,etth1,HUFL,168,45,xgboost,5.15471183567151
2018-02-01 23:00:00,etth1,HUFL,168,45,xgboost,5.094408013705308
2018-02-02 00:00:00,etth1,HUFL,168,45,xgboost,5.284433571467862
2018-02-02 01:00:00,etth1,HUFL,168,45,xgboost,5.584951167583997
2018-02-02 02:00:00,etth1,HUFL,168,45,xgboost,5.709683619616099
2018-02-02 03:00:00,etth1,HUFL,168,45,xgboost,5.636669580032311
2018-02-02 04:00:00,etth1,HUFL,168,45,xgboost,5.567272460080834
2018-02-02 05:00:00,etth1,HUFL,168,45,xgboost,5.33704470784097
2018-02-02 06:00:00,etth1,HUFL,168,45,xgboost,5.248107569378451
2018-02-02 07:00:00,etth1,HUFL,168,45,xgboost,5.1934371701224125
2018-02-02 08:00:00,etth1,HUFL,168,45,xgboost,5.139961286830202
2018-02-02 09:00:00,etth1,HUFL,168,45,xgboost,5.510733186672215
2018-02-02 10:00:00,etth1,HUFL,168,45,xgboost,4.867074332091385
2018-02-02 11:00:00,etth1,HUFL,168,45,xgboost,4.643736852824053
2018-02-02 12:00:00,etth1,HUFL,168,45,xgboost,4.162441911370696
2018-02-02 13:00:00,etth1,HUFL,168,45,xgboost,4.44560654525125
2018-02-02 14:00:00,etth1,HUFL,168,45,xgboost,4.585136819009727
2018-02-02 15:00:00,etth1,HUFL,168,45,xgboost,5.164558552158196
2018-02-02 16:00:00,etth1,HUFL,168,45,xgboost,5.129212054703918
2018-02-02 17:00:00,etth1,HUFL,168,45,xgboost,5.531892432484225
2018-02-02 18:00:00,etth1,HUFL,168,45,xgboost,5.384048610535887
2018-02-02 19:00:00,etth1,HUFL,168,45,xgboost,5.168241376483203
2018-02-02 20:00:00,etth1,HUFL,168,45,xgboost,5.1222545718364625
2018-02-02 21:00:00,etth1,HUFL,168,45,xgboost,5.131737635900364
2018-02-02 22:00:00,etth1,HUFL,168,45,xgboost,5.155727358935959
2018-02-02 23:00:00,etth1,HUFL,168,45,xgboost,5.2185759540752565
2018-02-03 00:00:00,etth1,HUFL,168,45,xgboost,5.176986319829734
2018-02-03 01:00:00,etth1,HUFL,168,45,xgboost,5.421232762247042
2018-02-03 02:00:00,etth1,HUFL,168,45,xgboost,5.604833891558573
2018-02-03 03:00:00,etth1,HUFL,168,45,xgboost,5.700661315707273
2018-02-03 04:00:00,etth1,HUFL,168,45,xgboost,5.515522679189845
2018-02-03 05:00:00,etth1,HUFL,168,45,xgboost,5.323161121214049
2018-02-03 06:00:00,etth1,HUFL,168,45,xgboost,5.198877621708372
2018-02-03 07:00:00,etth1,HUFL,168,45,xgboost,5.170352959654339
2018-02-03 08:00:00,etth1,HUFL,168,45,xgboost,5.191361405067278
2018-02-03 09:00:00,etth1,HUFL,168,45,xgboost,5.160452377772849
2018-02-03 10:00:00,etth1,HUFL,168,45,xgboost,4.879146726888719
2018-02-03 11:00:00,etth1,HUFL,168,45,xgboost,4.298532298624134
2018-02-03 12:00:00,etth1,HUFL,168,45,xgboost,4.3204359997193755
2018-02-03 13:00:00,etth1,HUFL,168,45,xgboost,4.4243574652987245
2018-02-03 14:00:00,etth1,HUFL,168,45,xgboost,4.988559209997254
2018-02-03 15:00:00,etth1,HUFL,168,45,xgboost,4.942689378540123
2018-02-03 16:00:00,etth1,HUFL,168,45,xgboost,5.514312668091465
2018-02-03 17:00:00,etth1,HUFL,168,45,xgboost,5.611901516902734
2018-02-03 18:00:00,etth1,HUFL,168,45,xgboost,5.408591498279864
2018-02-03 19:00:00,etth1,HUFL,168,45,xgboost,5.015990646555322
2018-02-03 20:00:00,etth1,HUFL,168,45,xgboost,4.9096180219737855
2018-02-03 21:00:00,etth1,HUFL,168,45,xgboost,4.98479631852735
2018-02-03 22:00:00,etth1,HUFL,168,45,xgboost,4.992749361668532
2018-02-03 23:00:00,etth1,HUFL,168,45,xgboost,5.058112791270015
2018-02-04 00:00:00,etth1,HUFL,168,45,xgboost,5.163446622167358
2018-02-04 01:00:00,etth1,HUFL,168,45,xgboost,5.475166808435682
2018-02-04 02:00:00,etth1,HUFL,168,45,xgboost,5.607529222718119
2018-02-04 03:00:00,etth1,HUFL,168,45,xgboost,5.6945872163871405
2018-02-04 04:00:00,etth1,HUFL,168,45,xgboost,5.657094079346442
2018-02-04 05:00:00,etth1,HUFL,168,45,xgboost,5.433483656313214
2018-02-04 06:00:00,etth1,HUFL,168,45,xgboost,5.374678181027117
2018-02-04 07:00:00,etth1,HUFL,168,45,xgboost,5.3054475143653
2018-02-04 08:00:00,etth1,HUFL,168,45,xgboost,5.349276969772655
2018-02-04 09:00:00,etth1,HUFL,168,45,xgboost,5.573384918682772
2018-02-04 10:00:00,etth1,HUFL,168,45,xgboost,5.108990318579168
2018-02-04 11:00:00,etth1,HUFL,168,45,xgboost,4.478974086448768
2018-02-04 12:00:00,etth1,HUFL,168,45,xgboost,4.278664115311265
2018-02-04 13:00:00,etth1,HUFL,168,45,xgboost,4.506301141271756
2018-02-04 14:00:00,etth1,HUFL,168,45,xgboost,4.5389929287535935
2018-02-04 15:00:00,etth1,HUFL,168,45,xgboost,4.82694187819122
2018-02-04 16:00:00,etth1,HUFL,168,45,xgboost,5.497333362523597
2018-02-04 17:00:00,etth1,HUFL,168,45,xgboost,5.588335873701591
2018-02-04 18:00:00,etth1,HUFL,168,45,xgboost,5.441450950223951
2018-02-04 19:00:00,etth1,HUFL,168,45,xgboost,5.153055293543179
2018-02-04 20:00:00,etth1,HUFL,168,45,xgboost,5.08724204858436
2018-02-04 21:00:00,etth1,HUFL,168,45,xgboost,4.689924101866917
2018-02-04 22:00:00,etth1,HUFL,168,45,xgboost,4.635490046352265
2018-02-04 23:00:00,etth1,HUFL,168,45,xgboost,4.657536298364923
2018-02-05 00:00:00,etth1,HUFL,168,45,xgboost,4.778883702650198
2018-02-05 01:00:00,etth1,HUFL,168,45,xgboost,5.088060626563408
2018-02-05 02:00:00,etth1,HUFL,168,45,xgboost,5.399540556197075
2018-02-05 03:00:00,etth1,HUFL,168,45,xgboost,5.581971726239397
2018-02-05 04:00:00,etth1,HUFL,168,45,xgboost,5.546050826331678
2018-02-05 05:00:00,etth1,HUFL,168,45,xgboost,5.222574196100221
2018-02-05 06:00:00,etth1,HUFL,168,45,xgboost,5.183976499027099
2018-02-05 07:00:00,etth1,HUFL,168,45,xgboost,5.075792097030392
2018-02-05 08:00:00,etth1,HUFL,168,45,xgboost,4.985916345376528
2018-02-05 09:00:00,etth1,HUFL,168,45,xgboost,5.089596204961827
2018-02-05 10:00:00,etth1,HUFL,168,45,xgboost,4.866760345753007
2018-02-05 11:00:00,etth1,HUFL,168,45,xgboost,4.352165068116922
2018-02-05 12:00:00,etth1,HUFL,168,45,xgboost,4.207784905769317
2018-02-05 13:00:00,etth1,HUFL,168,45,xgboost,4.076057313124104
2018-02-05 14:00:00,etth1,HUFL,168,45,xgboost,4.181209091287699
2018-02-05 15:00:00,etth1,HUFL,168,45,xgboost,4.59848892218284
2018-02-05 16:00:00,etth1,HUFL,168,45,xgboost,4.996766104951469
2018-02-05 17:00:00,etth1,HUFL,168,45,xgboost,5.239511163787259
2018-02-05 18:00:00,etth1,HUFL,168,45,xgboost,5.24340536588326
2018-02-05 19:00:00,etth1,HUFL,168,45,xgboost,4.923609063873463
2018-02-05 20:00:00,etth1,HUFL,168,45,xgboost,4.918066375309199
2018-02-05 21:00:00,etth1,HUFL,168,45,xgboost,4.904389098818428
2018-02-05 22:00:00,etth1,HUFL,168,45,xgboost,4.893396949546246
2018-02-05 23:00:00,etth1,HUFL,168,45,xgboost,4.902043817017676
2018-02-06 00:00:00,etth1,HUFL,168,45,xgboost,5.06872866446147
2018-02-06 01:00:00,etth1,HUFL,168,45,xgboost,5.399238980523466
2018-02-06 02:00:00,etth1,HUFL,168,45,xgboost,5.586291583405661
2018-02-06 03:00:00,etth1,HUFL,168,45,xgboost,5.752080104068089
2018-02-06 04:00:00,etth1,HUFL,168,45,xgboost,5.738128662463898
2018-02-06 05:00:00,etth1,HUFL,168,45,xgboost,5.2984040870584534
2018-02-06 06:00:00,etth1,HUFL,168,45,xgboost,5.1841487009847
2018-02-06 07:00:00,etth1,HUFL,168,45,xgboost,5.087669116370339
2018-02-06 08:00:00,etth1,HUFL,168,45,xgboost,5.1233969012087925
2018-02-06 09:00:00,etth1,HUFL,168,45,xgboost,5.141759565270775
2018-02-06 10:00:00,etth1,HUFL,168,45,xgboost,4.948882624326873
2018-02-06 11:00:00,etth1,HUFL,168,45,xgboost,4.524327669835184
2018-02-06 12:00:00,etth1,HUFL,168,45,xgboost,4.049246895605153
2018-02-06 13:00:00,etth1,HUFL,168,45,xgboost,3.939394640148219
2018-02-06 14:00:00,etth1,HUFL,168,45,xgboost,4.133339089585251
2018-02-06 15:00:00,etth1,HUFL,168,45,xgboost,4.48340202559013
2018-02-06 16:00:00,etth1,HUFL,168,45,xgboost,5.039973082955765
2018-02-06 17:00:00,etth1,HUFL,168,45,xgboost,5.148416055447986
2018-02-06 18:00:00,etth1,HUFL,168,45,xgboost,5.09878639232132
2018-02-06 19:00:00,etth1,HUFL,168,45,xgboost,4.988123824056702
2018-02-06 20:00:00,etth1,HUFL,168,45,xgboost,4.8356975172812176
2018-02-06 21:00:00,etth1,HUFL,168,45,xgboost,4.750118929925032
2018-02-06 22:00:00,etth1,HUFL,168,45,xgboost,4.795441536147215
2018-02-06 23:00:00,etth1,HUFL,168,45,xgboost,4.869056266802749
2018-02-07 00:00:00,etth1,HUFL,168,45,xgboost,5.188805246311954
2018-02-07 01:00:00,etth1,HUFL,168,45,xgboost,5.526438522521947
2018-02-07 02:00:00,etth1,HUFL,168,45,xgboost,5.78309190872174
2018-02-07 03:00:00,etth1,HUFL,168,45,xgboost,5.914475336860592
2018-02-07 04:00:00,etth1,HUFL,168,45,xgboost,5.749400319242623
2018-02-07 05:00:00,etth1,HUFL,168,45,xgboost,5.425206296836039
2018-02-07 06:00:00,etth1,HUFL,168,45,xgboost,5.288920472416341
2018-02-07 07:00:00,etth1,HUFL,168,45,xgboost,5.130798908423368
2018-02-07 08:00:00,etth1,HUFL,168,45,xgboost,5.1501364207006555
2018-02-07 09:00:00,etth1,HUFL,168,45,xgboost,5.100569181698683
2018-02-07 10:00:00,etth1,HUFL,168,45,xgboost,4.6833127497244424
2018-02-07 11:00:00,etth1,HUFL,168,45,xgboost,4.299686203504369
2018-02-07 12:00:00,etth1,HUFL,168,45,xgboost,4.119591276052941
2018-02-07 13:00:00,etth1,HUFL,168,45,xgboost,4.058873527107606
2018-02-07 14:00:00,etth1,HUFL,168,45,xgboost,4.4427014592108725
2018-02-07 15:00:00,etth1,HUFL,168,45,xgboost,4.914079088494757
2018-02-07 16:00:00,etth1,HUFL,168,45,xgboost,5.118960575308281
2018-02-07 17:00:00,etth1,HUFL,168,45,xgboost,5.215793130270201
2018-02-07 18:00:00,etth1,HUFL,168,45,xgboost,4.920515093801521
2018-02-07 19:00:00,etth1,HUFL,168,45,xgboost,4.6992571849803415
2018-02-07 20:00:00,etth1,HUFL,168,45,xgboost,4.716100212962912
2018-02-07 21:00:00,etth1,HUFL,168,45,xgboost,4.75904330463164
2018-02-07 22:00:00,etth1,HUFL,168,45,xgboost,4.747562157280964
2018-02-07 23:00:00,etth1,HUFL,168,45,xgboost,4.9065631093832
2018-02-08 00:00:00,etth1,HUFL,168,45,xgboost,5.152492548160229
2018-02-08 01:00:00,etth1,HUFL,168,45,xgboost,5.431009500304311
2018-02-08 02:00:00,etth1,HUFL,168,45,xgboost,5.630806216754882
2018-02-08 03:00:00,etth1,HUFL,168,45,xgboost,5.680182783698179
2018-02-08 04:00:00,etth1,HUFL,168,45,xgboost,5.653183242399506
2018-02-08 05:00:00,etth1,HUFL,168,45,xgboost,5.417153604006269
2018-02-08 06:00:00,etth1,HUFL,168,45,xgboost,5.346034824349724
2018-02-08 07:00:00,etth1,HUFL,168,45,xgboost,5.317115087082603
2018-02-08 08:00:00,etth1,HUFL,168,45,xgboost,5.386981681951381
2018-02-08 09:00:00,etth1,HUFL,168,45,xgboost,5.354805506494585
2018-02-08 10:00:00,etth1,HUFL,168,45,xgboost,4.968775965057462
2018-02-08 11:00:00,etth1,HUFL,168,45,xgboost,4.8700448926867566
2018-02-08 12:00:00,etth1,HUFL,168,45,xgboost,4.479787995478853
2018-02-08 13:00:00,etth1,HUFL,168,45,xgboost,4.702794155521714
2018-02-08 14:00:00,etth1,HUFL,168,45,xgboost,4.841058562251566
2018-02-08 15:00:00,etth1,HUFL,168,45,xgboost,5.279831981447185
2018-02-08 16:00:00,etth1,HUFL,168,45,xgboost,5.681776451041783
2018-02-08 17:00:00,etth1,HUFL,168,45,xgboost,5.3411633746151725
2018-02-08 18:00:00,etth1,HUFL,168,45,xgboost,4.949923511260554
2018-02-08 19:00:00,etth1,HUFL,168,45,xgboost,4.78298723658764
2018-02-08 20:00:00,etth1,HUFL,168,45,xgboost,4.738300657020834
2018-02-08 21:00:00,etth1,HUFL,168,45,xgboost,4.777116776115542
2018-02-08 22:00:00,etth1,HUFL,168,45,xgboost,4.894703564535098
2018-02-08 23:00:00,etth1,HUFL,168,45,xgboost,5.095220943873313
2018-02-09 00:00:00,etth1,HUFL,168,45,xgboost,5.472383966092376
2018-02-09 01:00:00,etth1,HUFL,168,45,xgboost,5.6787565096270685
2018-02-09 02:00:00,etth1,HUFL,168,45,xgboost,5.808643686543653
2018-02-09 03:00:00,etth1,HUFL,168,45,xgboost,5.806503229339089
2018-02-09 04:00:00,etth1,HUFL,168,45,xgboost,5.751447510121324
2018-02-09 05:00:00,etth1,HUFL,168,45,xgboost,5.588382105989429
2018-02-09 06:00:00,etth1,HUFL,168,45,xgboost,5.4902218566311305
2018-02-09 07:00:00,etth1,HUFL,168,45,xgboost,5.531551159659746
2018-02-09 08:00:00,etth1,HUFL,168,45,xgboost,5.648390253441742
2018-02-09 09:00:00,etth1,HUFL,168,45,xgboost,5.401006847800542
2018-02-09 10:00:00,etth1,HUFL,168,45,xgboost,5.348743812506872
2018-02-09 11:00:00,etth1,HUFL,168,45,xgboost,5.2543742941161256
2018-02-09 12:00:00,etth1,HUFL,168,45,xgboost,5.078385528368772
2018-02-09 13:00:00,etth1,HUFL,168,45,xgboost,4.792069756659335
2018-02-09 14:00:00,etth1,HUFL,168,45,xgboost,4.86931551124442
2018-02-09 15:00:00,etth1,HUFL,168,45,xgboost,5.291313707775732
2018-02-09 16:00:00,etth1,HUFL,168,45,xgboost,5.744362716687499
2018-02-09 17:00:00,etth1,HUFL,168,45,xgboost,5.379680816645904
2018-02-09 18:00:00,etth1,HUFL,168,45,xgboost,5.073874466605992
2018-02-09 19:00:00,etth1,HUFL,168,45,xgboost,4.865355262758143
2018-02-09 20:00:00,etth1,HUFL,168,45,xgboost,4.762512239258602
2018-02-09 21:00:00,etth1,HUFL,168,45,xgboost,4.784822489312506
2018-02-09 22:00:00,etth1,HUFL,168,45,xgboost,4.897020890794564
2018-02-09 23:00:00,etth1,HUFL,168,45,xgboost,5.0816095884127055
2018-02-10 00:00:00,etth1,HUFL,168,45,xgboost,5.404931354175223
2018-02-10 01:00:00,etth1,HUFL,168,45,xgboost,5.523536521260258
2018-02-10 02:00:00,etth1,HUFL,168,45,xgboost,5.619661350105692
2018-02-10 03:00:00,etth1,HUFL,168,45,xgboost,5.637120177638161
2018-02-10 04:00:00,etth1,HUFL,168,45,xgboost,5.616202759001211
2018-02-10 05:00:00,etth1,HUFL,168,45,xgboost,5.479355648028977
2018-02-10 06:00:00,etth1,HUFL,168,45,xgboost,5.384606426955768
2018-02-10 07:00:00,etth1,HUFL,168,45,xgboost,5.478572333395962
2018-02-10 08:00:00,etth1,HUFL,168,45,xgboost,5.608066586397525
2018-02-10 09:00:00,etth1,HUFL,168,45,xgboost,5.760595781789796
2018-02-10 10:00:00,etth1,HUFL,168,45,xgboost,5.581437803257758
2018-02-10 11:00:00,etth1,HUFL,168,45,xgboost,5.467107961575029
2018-02-10 12:00:00,etth1,HUFL,168,45,xgboost,5.422681947801712
2018-02-10 13:00:00,etth1,HUFL,168,45,xgboost,5.444432492882655
2018-02-10 14:00:00,etth1,HUFL,168,45,xgboost,5.69135991158682
2018-02-10 15:00:00,etth1,HUFL,168,45,xgboost,5.957306253318868
2018-02-10 16:00:00,etth1,HUFL,168,45,xgboost,6.040251602028639
2018-02-10 17:00:00,etth1,HUFL,168,45,xgboost,6.144168015138332
2018-02-10 18:00:00,etth1,HUFL,168,45,xgboost,5.661266511227781
2018-02-10 19:00:00,etth1,HUFL,168,45,xgboost,5.192432577355186
2018-02-10 20:00:00,etth1,HUFL,168,45,xgboost,5.001815466722442
2018-02-10 21:00:00,etth1,HUFL,168,45,xgboost,5.14345727311517
2018-02-10 22:00:00,etth1,HUFL,168,45,xgboost,5.138051802626734
2018-02-10 23:00:00,etth1,HUFL,168,45,xgboost,5.425162364567978
2018-02-11 00:00:00,etth1,HUFL,168,45,xgboost,5.501864226115698
2018-02-11 01:00:00,etth1,HUFL,168,45,xgboost,5.683277300708535
2018-02-11 02:00:00,etth1,HUFL,168,45,xgboost,5.882670919244044
2018-02-11 03:00:00,etth1,HUFL,168,45,xgboost,5.937414574393065
2018-02-11 04:00:00,etth1,HUFL,168,45,xgboost,5.877469071323758
2018-02-11 05:00:00,etth1,HUFL,168,45,xgboost,5.800795000946339
2018-02-11 06:00:00,etth1,HUFL,168,45,xgboost,5.702179494127855
2018-02-11 07:00:00,etth1,HUFL,168,45,xgboost,5.603866578727575
2018-02-11 08:00:00,etth1,HUFL,168,45,xgboost,5.838701506715599
2018-02-11 09:00:00,etth1,HUFL,168,45,xgboost,6.216588030478076
2018-02-11 10:00:00,etth1,HUFL,168,45,xgboost,5.916183865039231
2018-02-11 11:00:00,etth1,HUFL,168,45,xgboost,5.319056160802358
2018-02-11 12:00:00,etth1,HUFL,168,45,xgboost,5.170611791348356
2018-02-11 13:00:00,etth1,HUFL,168,45,xgboost,5.513848215140099
2018-02-11 14:00:00,etth1,HUFL,168,45,xgboost,5.490941141074855
2018-02-11 15:00:00,etth1,HUFL,168,45,xgboost,5.681534215896454
2018-02-11 16:00:00,etth1,HUFL,168,45,xgboost,5.800432435763786
2018-02-11 17:00:00,etth1,HUFL,168,45,xgboost,5.673414891573645
2018-02-11 18:00:00,etth1,HUFL,168,45,xgboost,5.355658710227214
2018-02-11 19:00:00,etth1,HUFL,168,45,xgboost,4.784740825323052
2018-02-11 20:00:00,etth1,HUFL,168,45,xgboost,4.617123135958629
2018-02-11 21:00:00,etth1,HUFL,168,45,xgboost,4.705077990530599
2018-02-11 22:00:00,etth1,HUFL,168,45,xgboost,5.0920935859588115
2018-02-11 23:00:00,etth1,HUFL,168,45,xgboost,5.409674500430177
2018-02-12 00:00:00,etth1,HUFL,168,45,xgboost,5.877938542280775
2018-02-12 01:00:00,etth1,HUFL,168,45,xgboost,6.015595002882205
2018-02-12 02:00:00,etth1,HUFL,168,45,xgboost,6.106384790560183
2018-02-12 03:00:00,etth1,HUFL,168,45,xgboost,6.041302435801101
2018-02-12 04:00:00,etth1,HUFL,168,45,xgboost,5.987846713063282
2018-02-12 05:00:00,etth1,HUFL,168,45,xgboost,5.866615571802809
2018-02-12 06:00:00,etth1,HUFL,168,45,xgboost,5.808622369951491
2018-02-12 07:00:00,etth1,HUFL,168,45,xgboost,5.947469774441086
2018-02-12 08:00:00,etth1,HUFL,168,45,xgboost,6.078558238895298
2018-02-12 09:00:00,etth1,HUFL,168,45,xgboost,5.957006463732516
2018-02-12 10:00:00,etth1,HUFL,168,45,xgboost,5.842746864152365
2018-02-12 11:00:00,etth1,HUFL,168,45,xgboost,5.9139041583111025
2018-02-12 12:00:00,etth1,HUFL,168,45,xgboost,5.823763825408976
2018-02-12 13:00:00,etth1,HUFL,168,45,xgboost,5.463334462578514
2018-02-12 14:00:00,etth1,HUFL,168,45,xgboost,5.5813947271073046
2018-02-12 15:00:00,etth1,HUFL,168,45,xgboost,5.679480398740073
2018-02-12 16:00:00,etth1,HUFL,168,45,xgboost,6.084309372056607
2018-02-12 17:00:00,etth1,HUFL,168,45,xgboost,5.756498804407865
2018-02-12 18:00:00,etth1,HUFL,168,45,xgboost,5.15963279102606
2018-02-12 19:00:00,etth1,HUFL,168,45,xgboost,4.814555993605145
2018-02-12 20:00:00,etth1,HUFL,168,45,xgboost,4.846237958471441
2018-02-12 21:00:00,etth1,HUFL,168,45,xgboost,4.821754385416854
2018-02-12 22:00:00,etth1,HUFL,168,45,xgboost,4.915664329306981
2018-02-12 23:00:00,etth1,HUFL,168,45,xgboost,5.378277411666808
2018-02-13 00:00:00,etth1,HUFL,168,45,xgboost,5.745445654939106
2018-02-13 01:00:00,etth1,HUFL,168,45,xgboost,5.84508884985376
2018-02-13 02:00:00,etth1,HUFL,168,45,xgboost,5.651598583984368
2018-02-13 03:00:00,etth1,HUFL,168,45,xgboost,5.66814172596814
2018-02-13 04:00:00,etth1,HUFL,168,45,xgboost,5.62273322677987
2018-02-13 05:00:00,etth1,HUFL,168,45,xgboost,5.665866001641134
2018-02-13 06:00:00,etth1,HUFL,168,45,xgboost,5.716306717259171
2018-02-13 07:00:00,etth1,HUFL,168,45,xgboost,5.863256361518001
2018-02-13 08:00:00,etth1,HUFL,168,45,xgboost,5.992715672563351
2018-02-13 09:00:00,etth1,HUFL,168,45,xgboost,6.119799146326438
2018-02-13 10:00:00,etth1,HUFL,168,45,xgboost,6.185657570845652
2018-02-13 11:00:00,etth1,HUFL,168,45,xgboost,6.435066650472119
2018-02-13 12:00:00,etth1,HUFL,168,45,xgboost,6.393913227334952
2018-02-13 13:00:00,etth1,HUFL,168,45,xgboost,6.394124969938187
2018-02-13 14:00:00,etth1,HUFL,168,45,xgboost,6.486884756277197
2018-02-13 15:00:00,etth1,HUFL,168,45,xgboost,6.596780179811371
2018-02-13 16:00:00,etth1,HUFL,168,45,xgboost,6.561705648113345
2018-02-13 17:00:00,etth1,HUFL,168,45,xgboost,6.031688392205108
2018-02-13 18:00:00,etth1,HUFL,168,45,xgboost,5.3641735700111255
2018-02-13 19:00:00,etth1,HUFL,168,45,xgboost,4.953474963731415
2018-02-13 20:00:00,etth1,HUFL,168,45,xgboost,5.014615153315942
2018-02-13 21:00:00,etth1,HUFL,168,45,xgboost,5.0077009671012105
2018-02-13 22:00:00,etth1,HUFL,168,45,xgboost,5.367861532946461
2018-02-13 23:00:00,etth1,HUFL,168,45,xgboost,5.952789479914939
2018-02-14 00:00:00,etth1,HUFL,168,45,xgboost,6.274940169755867
2018-02-14 01:00:00,etth1,HUFL,168,45,xgboost,6.067668400991326
2018-02-14 02:00:00,etth1,HUFL,168,45,xgboost,6.021282303447402
2018-02-14 03:00:00,etth1,HUFL,168,45,xgboost,6.027387798061056
2018-02-14 04:00:00,etth1,HUFL,168,45,xgboost,6.0091930547378345
2018-02-14 05:00:00,etth1,HUFL,168,45,xgboost,6.004166167683736
2018-02-14 06:00:00,etth1,HUFL,168,45,xgboost,5.925228182509186
2018-02-14 07:00:00,etth1,HUFL,168,45,xgboost,6.270968023728622
2018-02-14 08:00:00,etth1,HUFL,168,45,xgboost,6.316489495010413
2018-02-14 09:00:00,etth1,HUFL,168,45,xgboost,6.472481069415869
2018-02-14 10:00:00,etth1,HUFL,168,45,xgboost,6.6712578480565154
2018-02-14 11:00:00,etth1,HUFL,168,45,xgboost,6.77829663602116
2018-02-14 12:00:00,etth1,HUFL,168,45,xgboost,6.745285895481107
2018-02-14 13:00:00,etth1,HUFL,168,45,xgboost,6.659125567349303
2018-02-14 14:00:00,etth1,HUFL,168,45,xgboost,6.152210434200193
2018-02-14 15:00:00,etth1,HUFL,168,45,xgboost,5.789956327686739
2018-02-14 16:00:00,etth1,HUFL,168,45,xgboost,6.151073615390773
2018-02-14 17:00:00,etth1,HUFL,168,45,xgboost,5.87082340465874
2018-02-14 18:00:00,etth1,HUFL,168,45,xgboost,5.321863607942201
2018-02-14 19:00:00,etth1,HUFL,168,45,xgboost,4.986207615799636
2018-02-14 20:00:00,etth1,HUFL,168,45,xgboost,4.973629642235341
2018-02-14 21:00:00,etth1,HUFL,168,45,xgboost,5.229919827762971
2018-02-14 22:00:00,etth1,HUFL,168,45,xgboost,5.703008597512972
2018-02-14 23:00:00,etth1,HUFL,168,45,xgboost,6.315263180117624
2018-02-15 00:00:00,etth1,HUFL,168,45,xgboost,6.397857152648194
2018-02-15 01:00:00,etth1,HUFL,168,45,xgboost,6.014997545791327
2018-02-15 02:00:00,etth1,HUFL,168,45,xgboost,5.819194881203034
2018-02-15 03:00:00,etth1,HUFL,168,45,xgboost,5.829903342587306
2018-02-15 04:00:00,etth1,HUFL,168,45,xgboost,5.737779020487086
2018-02-15 05:00:00,etth1,HUFL,168,45,xgboost,5.736283301968722
2018-02-15 06:00:00,etth1,HUFL,168,45,xgboost,5.846590039693421
2018-02-15 07:00:00,etth1,HUFL,168,45,xgboost,5.9767151001063965
2018-02-15 08:00:00,etth1,HUFL,168,45,xgboost,6.168962524808359
2018-02-15 09:00:00,etth1,HUFL,168,45,xgboost,6.115232505067607
2018-02-15 10:00:00,etth1,HUFL,168,45,xgboost,5.6495194819636785
2018-02-15 11:00:00,etth1,HUFL,168,45,xgboost,5.832884200352021
2018-02-15 12:00:00,etth1,HUFL,168,45,xgboost,5.760278768108109
2018-02-15 13:00:00,etth1,HUFL,168,45,xgboost,5.367411251096728
2018-02-15 14:00:00,etth1,HUFL,168,45,xgboost,5.513315680907167
2018-02-15 15:00:00,etth1,HUFL,168,45,xgboost,5.537170595909283
2018-02-15 16:00:00,etth1,HUFL,168,45,xgboost,5.553813999342871
2018-02-15 17:00:00,etth1,HUFL,168,45,xgboost,5.391195229800475
2018-02-15 18:00:00,etth1,HUFL,168,45,xgboost,5.0990790856715655
2018-02-15 19:00:00,etth1,HUFL,168,45,xgboost,4.659812941041565
2018-02-15 20:00:00,etth1,HUFL,168,45,xgboost,4.397366975773051
2018-02-15 21:00:00,etth1,HUFL,168,45,xgboost,4.555274447503473
2018-02-15 22:00:00,etth1,HUFL,168,45,xgboost,4.8267401637895535
2018-02-15 23:00:00,etth1,HUFL,168,45,xgboost,5.117637032815478
2018-02-16 00:00:00,etth1,HUFL,168,45,xgboost,5.241434282698335
2018-02-16 01:00:00,etth1,HUFL,168,45,xgboost,5.140936370967109
2018-02-16 02:00:00,etth1,HUFL,168,45,xgboost,5.01273364451314
2018-02-16 03:00:00,etth1,HUFL,168,45,xgboost,5.004943611402668
2018-02-16 04:00:00,etth1,HUFL,168,45,xgboost,4.9558180741293905
2018-02-16 05:00:00,etth1,HUFL,168,45,xgboost,4.965649243324675
2018-02-16 06:00:00,etth1,HUFL,168,45,xgboost,4.958945822504804
2018-02-16 07:00:00,etth1,HUFL,168,45,xgboost,5.0984918817047715
2018-02-16 08:00:00,etth1,HUFL,168,45,xgboost,5.4313454532129875
2018-02-16 09:00:00,etth1,HUFL,168,45,xgboost,5.43063574069465
2018-02-16 10:00:00,etth1,HUFL,168,45,xgboost,5.334883648363823
2018-02-16 11:00:00,etth1,HUFL,168,45,xgboost,5.521771422919995
2018-02-16 12:00:00,etth1,HUFL,168,45,xgboost,5.686015408048313
2018-02-16 13:00:00,etth1,HUFL,168,45,xgboost,5.642402055162873
2018-02-16 14:00:00,etth1,HUFL,168,45,xgboost,5.796217246078459
2018-02-16 15:00:00,etth1,HUFL,168,45,xgboost,6.062891741508925
2018-02-16 16:00:00,etth1,HUFL,168,45,xgboost,6.247947006151704
2018-02-16 17:00:00,etth1,HUFL,168,45,xgboost,6.146104385483513
2018-02-16 18:00:00,etth1,HUFL,168,45,xgboost,5.677467321470111
2018-02-16 19:00:00,etth1,HUFL,168,45,xgboost,5.157433081939237
2018-02-16 20:00:00,etth1,HUFL,168,45,xgboost,5.009533511630742
2018-02-16 21:00:00,etth1,HUFL,168,45,xgboost,5.0552924690297925
2018-02-16 22:00:00,etth1,HUFL,168,45,xgboost,5.355341813527329
2018-02-16 23:00:00,etth1,HUFL,168,45,xgboost,5.795785859077081
2018-02-17 00:00:00,etth1,HUFL,168,45,xgboost,6.21797202757394
2018-02-17 01:00:00,etth1,HUFL,168,45,xgboost,6.168971084817217
2018-02-17 02:00:00,etth1,HUFL,168,45,xgboost,5.8941032370008895
2018-02-17 03:00:00,etth1,HUFL,168,45,xgboost,5.832092987179343
2018-02-17 04:00:00,etth1,HUFL,168,45,xgboost,5.707687327563133
2018-02-17 05:00:00,etth1,HUFL,168,45,xgboost,5.7027452844756
2018-02-17 06:00:00,etth1,HUFL,168,45,xgboost,5.692725737475423
2018-02-17 07:00:00,etth1,HUFL,168,45,xgboost,5.813992837802576
2018-02-17 08:00:00,etth1,HUFL,168,45,xgboost,6.254173291005444
2018-02-17 09:00:00,etth1,HUFL,168,45,xgboost,6.392185673856984
2018-02-17 10:00:00,etth1,HUFL,168,45,xgboost,6.432420328623588
2018-02-17 11:00:00,etth1,HUFL,168,45,xgboost,6.764962191930687
2018-02-17 12:00:00,etth1,HUFL,168,45,xgboost,6.624075867184298
2018-02-17 13:00:00,etth1,HUFL,168,45,xgboost,6.617083856630862
2018-02-17 14:00:00,etth1,HUFL,168,45,xgboost,6.564233031182267
2018-02-17 15:00:00,etth1,HUFL,168,45,xgboost,6.700749013141227
2018-02-17 16:00:00,etth1,HUFL,168,45,xgboost,6.451264417948789
2018-02-17 17:00:00,etth1,HUFL,168,45,xgboost,6.054290592403321
2018-02-17 18:00:00,etth1,HUFL,168,45,xgboost,5.808580153005573
2018-02-17 19:00:00,etth1,HUFL,168,45,xgboost,5.150648585558382
2018-02-17 20:00:00,etth1,HUFL,168,45,xgboost,4.921322918204171
2018-02-17 21:00:00,etth1,HUFL,168,45,xgboost,4.906138008736001
2018-02-17 22:00:00,etth1,HUFL,168,45,xgboost,5.1186834159076255
2018-02-17 23:00:00,etth1,HUFL,168,45,xgboost,5.553893129167663
2018-02-18 00:00:00,etth1,HUFL,168,45,xgboost,5.757607700001119
2018-02-18 01:00:00,etth1,HUFL,168,45,xgboost,5.668682852780229
2018-02-18 02:00:00,etth1,HUFL,168,45,xgboost,5.594362731467656
2018-02-18 03:00:00,etth1,HUFL,168,45,xgboost,5.610936475071104
2018-02-18 04:00:00,etth1,HUFL,168,45,xgboost,5.510624998908269
2018-02-18 05:00:00,etth1,HUFL,168,45,xgboost,5.546363907856477
2018-02-18 06:00:00,etth1,HUFL,168,45,xgboost,5.577547735852826
2018-02-18 07:00:00,etth1,HUFL,168,45,xgboost,5.714784536218376
2018-02-18 08:00:00,etth1,HUFL,168,45,xgboost,6.039666582626567
2018-02-18 09:00:00,etth1,HUFL,168,45,xgboost,5.88965135727893
2018-02-18 10:00:00,etth1,HUFL,168,45,xgboost,5.581540678416529
2018-02-18 11:00:00,etth1,HUFL,168,45,xgboost,5.673832747237608
2018-02-18 12:00:00,etth1,HUFL,168,45,xgboost,5.173234615367124
2018-02-18 13:00:00,etth1,HUFL,168,45,xgboost,4.765374028608282
2018-02-18 14:00:00,etth1,HUFL,168,45,xgboost,4.696611283276461
2018-02-18 15:00:00,etth1,HUFL,168,45,xgboost,4.832027359976572
2018-02-18 16:00:00,etth1,HUFL,168,45,xgboost,5.190666127589931
2018-02-18 17:00:00,etth1,HUFL,168,45,xgboost,5.3278912243337295
2018-02-18 18:00:00,etth1,HUFL,168,45,xgboost,4.629696200675745
2018-02-18 19:00:00,etth1,HUFL,168,45,xgboost,4.410091924026304
2018-02-18 20:00:00,etth1,HUFL,168,45,xgboost,4.260275466116743
2018-02-18 21:00:00,etth1,HUFL,168,45,xgboost,4.375929461643358
2018-02-18 22:00:00,etth1,HUFL,168,45,xgboost,4.608527574228567
2018-02-18 23:00:00,etth1,HUFL,168,45,xgboost,5.010410742708417
2018-02-19 00:00:00,etth1,HUFL,168,45,xgboost,5.1436458081176735
2018-02-19 01:00:00,etth1,HUFL,168,45,xgboost,4.984097632740374
2018-02-19 02:00:00,etth1,HUFL,168,45,xgboost,4.883751210682392
2018-02-19 03:00:00,etth1,HUFL,168,45,xgboost,4.957584462535392
2018-02-19 04:00:00,etth1,HUFL,168,45,xgboost,4.877833525450658
2018-02-19 05:00:00,etth1,HUFL,168,45,xgboost,4.896905821876733
2018-02-19 06:00:00,etth1,HUFL,168,45,xgboost,4.954452880958828
2018-02-19 07:00:00,etth1,HUFL,168,45,xgboost,5.195451184003221
2018-02-19 08:00:00,etth1,HUFL,168,45,xgboost,5.663905168328361
2018-02-19 09:00:00,etth1,HUFL,168,45,xgboost,5.420179127796186
2018-02-19 10:00:00,etth1,HUFL,168,45,xgboost,5.163569472604659
2018-02-19 11:00:00,etth1,HUFL,168,45,xgboost,4.907884321717247
2018-02-19 12:00:00,etth1,HUFL,168,45,xgboost,4.568080728999801
2018-02-19 13:00:00,etth1,HUFL,168,45,xgboost,4.380420836709155
2018-02-19 14:00:00,etth1,HUFL,168,45,xgboost,4.555602682365451
2018-02-19 15:00:00,etth1,HUFL,168,45,xgboost,4.925607554366911
2018-02-19 16:00:00,etth1,HUFL,168,45,xgboost,5.106878277475861
2018-02-19 17:00:00,etth1,HUFL,168,45,xgboost,5.034008258517241
2018-02-19 18:00:00,etth1,HUFL,168,45,xgboost,4.530097172563385
2018-02-19 19:00:00,etth1,HUFL,168,45,xgboost,4.113445248094323
2018-02-19 20:00:00,etth1,HUFL,168,45,xgboost,3.9957471920978187
2018-02-19 21:00:00,etth1,HUFL,168,45,xgboost,4.084212282721294
2018-02-19 22:00:00,etth1,HUFL,168,45,xgboost,4.201689176609309
2018-02-19 23:00:00,etth1,HUFL,168,45,xgboost,4.524898832735446
2018-02-20 00:00:00,etth1,HUFL,168,45,xgboost,4.69866548327973
2018-02-20 01:00:00,etth1,HUFL,168,45,xgboost,4.5638495006726165
2018-02-20 02:00:00,etth1,HUFL,168,45,xgboost,4.468115702961324
2018-02-20 03:00:00,etth1,HUFL,168,45,xgboost,4.499705936313898
2018-02-20 04:00:00,etth1,HUFL,168,45,xgboost,4.480394104279934
2018-02-20 05:00:00,etth1,HUFL,168,45,xgboost,4.433130411839665
2018-02-20 06:00:00,etth1,HUFL,168,45,xgboost,4.4664735910743545
2018-02-20 07:00:00,etth1,HUFL,168,45,xgboost,4.657316314623277
2018-02-20 08:00:00,etth1,HUFL,168,45,xgboost,5.070088155779935
2018-02-20 09:00:00,etth1,HUFL,168,45,xgboost,5.000675326580457
2018-02-20 10:00:00,etth1,HUFL,168,45,xgboost,4.602233505327224
2018-02-20 11:00:00,etth1,HUFL,168,45,xgboost,4.559342640883061
2018-02-20 12:00:00,etth1,HUFL,168,45,xgboost,4.426159009616158
2018-02-20 13:00:00,etth1,HUFL,168,45,xgboost,4.170096372157801
2018-02-20 14:00:00,etth1,HUFL,168,45,xgboost,4.365434320695577
2018-02-20 15:00:00,etth1,HUFL,168,45,xgboost,4.698340900040595
2018-02-20 16:00:00,etth1,HUFL,168,45,xgboost,4.918022436107709
2018-02-20 17:00:00,etth1,HUFL,168,45,xgboost,4.823112981367661
2018-02-20 18:00:00,etth1,HUFL,168,45,xgboost,4.168646089291975
2018-02-20 19:00:00,etth1,HUFL,168,45,xgboost,3.8103364157786914
2018-02-20 20:00:00,etth1,HUFL,168,45,xgboost,3.6648232702895043
2018-02-20 21:00:00,etth1,HUFL,168,45,xgboost,3.6693942175989673
2018-02-20 22:00:00,etth1,HUFL,168,45,xgboost,3.9035257256722224
2018-02-20 23:00:00,etth1,HUFL,168,45,xgboost,4.1878990999051195
2018-02-21 00:00:00,etth1,HUFL,168,45,xgboost,4.461603514058096
2018-02-21 01:00:00,etth1,HUFL,168,45,xgboost,4.406680212989437
2018-02-21 02:00:00,etth1,HUFL,168,45,xgboost,4.273072964688666
2018-02-21 03:00:00,etth1,HUFL,168,45,xgboost,4.272017204833567
2018-02-21 04:00:00,etth1,HUFL,168,45,xgboost,4.225775251450999
2018-02-21 05:00:00,etth1,HUFL,168,45,xgboost,4.195590689464971
2018-02-21 06:00:00,etth1,HUFL,168,45,xgboost,4.237294596479013
2018-02-21 07:00:00,etth1,HUFL,168,45,xgboost,4.428045844299038
2018-02-21 08:00:00,etth1,HUFL,168,45,xgboost,4.695639423368779
2018-02-21 09:00:00,etth1,HUFL,168,45,xgboost,4.892808284616505
2018-02-21 10:00:00,etth1,HUFL,168,45,xgboost,4.914464281055471
2018-02-21 11:00:00,etth1,HUFL,168,45,xgboost,4.849188589231015
2018-02-21 12:00:00,etth1,HUFL,168,45,xgboost,4.768385770896231
2018-02-21 13:00:00,etth1,HUFL,168,45,xgboost,4.852168793785126
2018-02-21 14:00:00,etth1,HUFL,168,45,xgboost,5.060872369138989
2018-02-21 15:00:00,etth1,HUFL,168,45,xgboost,5.331501796036245
2018-02-21 16:00:00,etth1,HUFL,168,45,xgboost,5.401220241070171
2018-02-21 17:00:00,etth1,HUFL,168,45,xgboost,5.095606446683105
2018-02-21 18:00:00,etth1,HUFL,168,45,xgboost,4.510826418361628
2018-02-21 19:00:00,etth1,HUFL,168,45,xgboost,4.196464595668253
2018-02-21 20:00:00,etth1,HUFL,168,45,xgboost,4.154382209240316
2018-02-21 21:00:00,etth1,HUFL,168,45,xgboost,4.309380167313988
2018-02-21 22:00:00,etth1,HUFL,168,45,xgboost,4.536330670632106
2018-02-21 23:00:00,etth1,HUFL,168,45,xgboost,4.69802900075876
2018-02-22 00:00:00,etth1,HUFL,168,45,xgboost,4.910678832450612
2018-02-22 01:00:00,etth1,HUFL,168,45,xgboost,4.788250984410582
2018-02-22 02:00:00,etth1,HUFL,168,45,xgboost,4.738856251202041
2018-02-22 03:00:00,etth1,HUFL,168,45,xgboost,4.649111041040527
2018-02-22 04:00:00,etth1,HUFL,168,45,xgboost,4.626693481314274
2018-02-22 05:00:00,etth1,HUFL,168,45,xgboost,4.641959102534612
2018-02-22 06:00:00,etth1,HUFL,168,45,xgboost,4.668034794788243
2018-02-22 07:00:00,etth1,HUFL,168,45,xgboost,4.776926834193951
2018-02-22 08:00:00,etth1,HUFL,168,45,xgboost,4.971424157006657
2018-02-22 09:00:00,etth1,HUFL,168,45,xgboost,5.35329935101724
2018-02-22 10:00:00,etth1,HUFL,168,45,xgboost,5.260356775617252
2018-02-22 11:00:00,etth1,HUFL,168,45,xgboost,4.416569272924174
2018-02-22 12:00:00,etth1,HUFL,168,45,xgboost,4.212210581013667
2018-02-22 13:00:00,etth1,HUFL,168,45,xgboost,3.9373053231190247
2018-02-22 14:00:00,etth1,HUFL,168,45,xgboost,3.798399752132889
2018-02-22 15:00:00,etth1,HUFL,168,45,xgboost,3.906176151476725
2018-02-22 16:00:00,etth1,HUFL,168,45,xgboost,3.994402362378878
2018-02-22 17:00:00,etth1,HUFL,168,45,xgboost,4.031187403422009
2018-02-22 18:00:00,etth1,HUFL,168,45,xgboost,4.014571188202895
2018-02-22 19:00:00,etth1,HUFL,168,45,xgboost,3.602108808588869
2018-02-22 20:00:00,etth1,HUFL,168,45,xgboost,3.5935328769966435
2018-02-22 21:00:00,etth1,HUFL,168,45,xgboost,3.5915913865374076
2018-02-22 22:00:00,etth1,HUFL,168,45,xgboost,3.760729188495928
2018-02-22 23:00:00,etth1,HUFL,168,45,xgboost,4.332745663263833
2018-02-23 00:00:00,etth1,HUFL,168,45,xgboost,4.4402253216350145
2018-02-23 01:00:00,etth1,HUFL,168,45,xgboost,4.2106535177086055
2018-02-23 02:00:00,etth1,HUFL,168,45,xgboost,4.261822181993976
2018-02-23 03:00:00,etth1,HUFL,168,45,xgboost,4.187720263377991
2018-02-23 04:00:00,etth1,HUFL,168,45,xgboost,4.1050477648799975
2018-02-23 05:00:00,etth1,HUFL,168,45,xgboost,3.979330240075122
2018-02-23 06:00:00,etth1,HUFL,168,45,xgboost,3.9851106748169065
2018-02-23 07:00:00,etth1,HUFL,168,45,xgboost,4.24139412059851
2018-02-23 08:00:00,etth1,HUFL,168,45,xgboost,4.6692260059780315
2018-02-23 09:00:00,etth1,HUFL,168,45,xgboost,4.550537680648733
2018-02-23 10:00:00,etth1,HUFL,168,45,xgboost,4.419797135340751
2018-02-23 11:00:00,etth1,HUFL,168,45,xgboost,4.394282663308668
2018-02-23 12:00:00,etth1,HUFL,168,45,xgboost,4.702861389539338
2018-02-23 13:00:00,etth1,HUFL,168,45,xgboost,4.54191082089344
2018-02-23 14:00:00,etth1,HUFL,168,45,xgboost,4.955751678898973
2018-02-23 15:00:00,etth1,HUFL,168,45,xgboost,4.8390102700299344
2018-02-23 16:00:00,etth1,HUFL,168,45,xgboost,4.851956496737571
2018-02-23 17:00:00,etth1,HUFL,168,45,xgboost,4.619197526158574
2018-02-23 18:00:00,etth1,HUFL,168,45,xgboost,4.097318040842865
2018-02-23 19:00:00,etth1,HUFL,168,45,xgboost,3.364617056609553
2018-02-23 20:00:00,etth1,HUFL,168,45,xgboost,3.4553624897505726
2018-02-23 21:00:00,etth1,HUFL,168,45,xgboost,3.6329818206716284
2018-02-23 22:00:00,etth1,HUFL,168,45,xgboost,3.947885970858545
2018-02-23 23:00:00,etth1,HUFL,168,45,xgboost,4.38360045736564
2018-02-24 00:00:00,etth1,HUFL,168,45,xgboost,4.365763792276842
2018-02-24 01:00:00,etth1,HUFL,168,45,xgboost,3.882385733909076
2018-02-24 02:00:00,etth1,HUFL,168,45,xgboost,3.82645284606533
2018-02-24 03:00:00,etth1,HUFL,168,45,xgboost,3.7676422269981735
2018-02-24 04:00:00,etth1,HUFL,168,45,xgboost,3.7610213968381268
2018-02-24 05:00:00,etth1,HUFL,168,45,xgboost,3.7545080800764055
2018-02-24 06:00:00,etth1,HUFL,168,45,xgboost,3.7886285403413713
2018-02-24 07:00:00,etth1,HUFL,168,45,xgboost,4.0277700358726705
2018-02-24 08:00:00,etth1,HUFL,168,45,xgboost,4.107786676121552
2018-02-24 09:00:00,etth1,HUFL,168,45,xgboost,3.990384734161798
2018-02-24 10:00:00,etth1,HUFL,168,45,xgboost,4.026493127717655
2018-02-24 11:00:00,etth1,HUFL,168,45,xgboost,4.214303470669919
2018-02-24 12:00:00,etth1,HUFL,168,45,xgboost,4.200344232567371
2018-02-24 13:00:00,etth1,HUFL,168,45,xgboost,4.103565427033015
2018-02-24 14:00:00,etth1,HUFL,168,45,xgboost,4.261195987151887
2018-02-24 15:00:00,etth1,HUFL,168,45,xgboost,4.196218940676491
2018-02-24 16:00:00,etth1,HUFL,168,45,xgboost,4.138163740411073
2018-02-24 17:00:00,etth1,HUFL,168,45,xgboost,4.265262689553191
2018-02-24 18:00:00,etth1,HUFL,168,45,xgboost,3.701206132527573
2018-02-24 19:00:00,etth1,HUFL,168,45,xgboost,3.399909400401372
2018-02-24 20:00:00,etth1,HUFL,168,45,xgboost,3.4154661183610378
2018-02-24 21:00:00,etth1,HUFL,168,45,xgboost,3.5101587227029336
2018-02-24 22:00:00,etth1,HUFL,168,45,xgboost,3.8185930305661366
2018-02-24 23:00:00,etth1,HUFL,168,45,xgboost,3.9155442852669413
2018-02-25 00:00:00,etth1,HUFL,168,45,xgboost,3.8199692877918006
2018-02-25 01:00:00,etth1,HUFL,168,45,xgboost,3.5285593662014465
2018-02-25 02:00:00,etth1,HUFL,168,45,xgboost,3.5271656312759254
2018-02-25 03:00:00,etth1,HUFL,168,45,xgboost,3.415574567431819
2018-02-25 04:00:00,etth1,HUFL,168,45,xgboost,3.339163541571754
2018-02-25 05:00:00,etth1,HUFL,168,45,xgboost,3.308729511999897
2018-02-25 06:00:00,etth1,HUFL,168,45,xgboost,3.319734162996016
2018-02-25 07:00:00,etth1,HUFL,168,45,xgboost,3.4658701286281413
2018-02-25 08:00:00,etth1,HUFL,168,45,xgboost,3.9190209903687636
2018-02-25 09:00:00,etth1,HUFL,168,45,xgboost,4.177687099375156
2018-02-25 10:00:00,etth1,HUFL,168,45,xgboost,3.862223167615839
2018-02-25 11:00:00,etth1,HUFL,168,45,xgboost,3.9495672479736563
2018-02-25 12:00:00,etth1,HUFL,168,45,xgboost,3.7028393326353575
2018-02-25 13:00:00,etth1,HUFL,168,45,xgboost,3.74429300334472
2018-02-25 14:00:00,etth1,HUFL,168,45,xgboost,4.033419672753091
2018-02-25 15:00:00,etth1,HUFL,168,45,xgboost,4.019463926128716
2018-02-25 16:00:00,etth1,HUFL,168,45,xgboost,4.060881837419653
2018-02-25 17:00:00,etth1,HUFL,168,45,xgboost,3.965180414537162
2018-02-25 18:00:00,etth1,HUFL,168,45,xgboost,3.859083676399599
2018-02-25 19:00:00,etth1,HUFL,168,45,xgboost,3.6395103943285085
2018-02-25 20:00:00,etth1,HUFL,168,45,xgboost,3.670135237079871
2018-02-25 21:00:00,etth1,HUFL,168,45,xgboost,3.709981180803139
2018-02-25 22:00:00,etth1,HUFL,168,45,xgboost,3.9109820918303506
2018-02-25 23:00:00,etth1,HUFL,168,45,xgboost,3.9178145258166786
2018-02-26 00:00:00,etth1,HUFL,168,45,xgboost,3.723854549396801
2018-02-26 01:00:00,etth1,HUFL,168,45,xgboost,3.555967007309241
2018-02-26 02:00:00,etth1,HUFL,168,45,xgboost,3.6567002509439743
2018-02-26 03:00:00,etth1,HUFL,168,45,xgboost,3.576348686190387
2018-02-26 04:00:00,etth1,HUFL,168,45,xgboost,3.413209407439007
2018-02-26 05:00:00,etth1,HUFL,168,45,xgboost,3.4058169830293306
2018-02-26 06:00:00,etth1,HUFL,168,45,xgboost,3.4235093705354958
2018-02-26 07:00:00,etth1,HUFL,168,45,xgboost,3.631960787058375
2018-02-26 08:00:00,etth1,HUFL,168,45,xgboost,4.082207361875664
2018-02-26 09:00:00,etth1,HUFL,168,45,xgboost,3.989623925842875
2018-02-26 10:00:00,etth1,HUFL,168,45,xgboost,4.002405615864419
2018-02-26 11:00:00,etth1,HUFL,168,45,xgboost,3.881791961207784
2018-02-26 12:00:00,etth1,HUFL,168,45,xgboost,3.7213221320182135
2018-02-26 13:00:00,etth1,HUFL,168,45,xgboost,3.6142895356374147
2018-02-26 14:00:00,etth1,HUFL,168,45,xgboost,3.7088080870477143
2018-02-26 15:00:00,etth1,HUFL,168,45,xgboost,3.7698921854445566
2018-02-26 16:00:00,etth1,HUFL,168,45,xgboost,3.798895970015149
2018-02-26 17:00:00,etth1,HUFL,168,45,xgboost,3.640772201750128
2018-02-26 18:00:00,etth1,HUFL,168,45,xgboost,3.591191906806865
2018-02-26 19:00:00,etth1,HUFL,168,45,xgboost,3.30887070110714
2018-02-26 20:00:00,etth1,HUFL,168,45,xgboost,3.409834687621844
2018-02-26 21:00:00,etth1,HUFL,168,45,xgboost,3.5330550828087377
2018-02-26 22:00:00,etth1,HUFL,168,45,xgboost,3.6703263741888854
2018-02-26 23:00:00,etth1,HUFL,168,45,xgboost,3.589347933157998
2018-02-27 00:00:00,etth1,HUFL,168,45,xgboost,3.5150137275456035
2018-02-27 01:00:00,etth1,HUFL,168,45,xgboost,3.3307897327667355
2018-02-27 02:00:00,etth1,HUFL,168,45,xgboost,3.3952812209966523
2018-02-27 03:00:00,etth1,HUFL,168,45,xgboost,3.2787303141424395
2018-02-27 04:00:00,etth1,HUFL,168,45,xgboost,3.133971422461542
2018-02-27 05:00:00,etth1,HUFL,168,45,xgboost,3.1062063452991273
2018-02-27 06:00:00,etth1,HUFL,168,45,xgboost,3.0934729204181943
2018-02-27 07:00:00,etth1,HUFL,168,45,xgboost,3.188709041253798
2018-02-27 08:00:00,etth1,HUFL,168,45,xgboost,3.4814657739460184
2018-02-27 09:00:00,etth1,HUFL,168,45,xgboost,3.548668716143242
2018-02-27 10:00:00,etth1,HUFL,168,45,xgboost,3.6847687469957355
2018-02-27 11:00:00,etth1,HUFL,168,45,xgboost,3.858371680143794
2018-02-27 12:00:00,etth1,HUFL,168,45,xgboost,4.014743763962479
2018-02-27 13:00:00,etth1,HUFL,168,45,xgboost,3.5510078578578037
2018-02-27 14:00:00,etth1,HUFL,168,45,xgboost,3.5326462945742043
2018-02-27 15:00:00,etth1,HUFL,168,45,xgboost,3.7979535451014845
2018-02-27 16:00:00,etth1,HUFL,168,45,xgboost,4.0014293959500105
2018-02-27 17:00:00,etth1,HUFL,168,45,xgboost,4.004009179937165
2018-02-27 18:00:00,etth1,HUFL,168,45,xgboost,3.937177336005522
2018-02-27 19:00:00,etth1,HUFL,168,45,xgboost,3.8048639198460257
2018-02-27 20:00:00,etth1,HUFL,168,45,xgboost,3.7933122135916784
2018-02-27 21:00:00,etth1,HUFL,168,45,xgboost,3.8625406245381946
2018-02-27 22:00:00,etth1,HUFL,168,45,xgboost,3.851536235123521
2018-02-27 23:00:00,etth1,HUFL,168,45,xgboost,3.708695280274404
2018-02-28 00:00:00,etth1,HUFL,168,45,xgboost,3.5437358699252015
2018-02-28 01:00:00,etth1,HUFL,168,45,xgboost,3.3705779454838996
2018-02-28 02:00:00,etth1,HUFL,168,45,xgboost,3.4497527068855125
2018-02-28 03:00:00,etth1,HUFL,168,45,xgboost,3.284511725901901
2018-02-28 04:00:00,etth1,HUFL,168,45,xgboost,3.2244844723346375
2018-02-28 05:00:00,etth1,HUFL,168,45,xgboost,3.280490755866677
2018-02-28 06:00:00,etth1,HUFL,168,45,xgboost,3.171123685327182
2018-02-28 07:00:00,etth1,HUFL,168,45,xgboost,3.231992120710782
2018-02-28 08:00:00,etth1,HUFL,168,45,xgboost,3.486139003898237
2018-02-28 09:00:00,etth1,HUFL,168,45,xgboost,3.2410772752819863
2018-02-28 10:00:00,etth1,HUFL,168,45,xgboost,3.6382077146462266
2018-02-28 11:00:00,etth1,HUFL,168,45,xgboost,3.642604563344719
2018-02-28 12:00:00,etth1,HUFL,168,45,xgboost,3.595492525175084
2018-02-28 13:00:00,etth1,HUFL,168,45,xgboost,3.5122553668132936
2018-02-28 14:00:00,etth1,HUFL,168,45,xgboost,3.926082470320661
2018-02-28 15:00:00,etth1,HUFL,168,45,xgboost,3.6030803661836748
2018-02-28 16:00:00,etth1,HUFL,168,45,xgboost,3.8387943641183426
2018-02-28 17:00:00,etth1,HUFL,168,45,xgboost,3.737451635770669
2018-02-28 18:00:00,etth1,HUFL,168,45,xgboost,3.803444698270813
2018-02-28 19:00:00,etth1,HUFL,168,45,xgboost,3.4584616444775094
2018-02-28 20:00:00,etth1,HUFL,168,45,xgboost,3.6362101738857
2018-02-28 21:00:00,etth1,HUFL,168,45,xgboost,3.654738627028655
2018-02-28 22:00:00,etth1,HUFL,168,45,xgboost,3.670455570698013
2018-02-28 23:00:00,etth1,HUFL,168,45,xgboost,3.663604179140589
2018-03-01 00:00:00,etth1,HUFL,168,45,xgboost,3.8206275506297906
2018-03-01 01:00:00,etth1,HUFL,168,45,xgboost,3.7302393980902675
2018-03-01 02:00:00,etth1,HUFL,168,45,xgboost,3.6793007758278433
2018-03-01 03:00:00,etth1,HUFL,168,45,xgboost,3.502584145401609
2018-03-01 04:00:00,etth1,HUFL,168,45,xgboost,3.49861832427118
2018-03-01 05:00:00,etth1,HUFL,168,45,xgboost,3.447448640136066
2018-03-01 06:00:00,etth1,HUFL,168,45,xgboost,3.439101314977396
2018-03-01 07:00:00,etth1,HUFL,168,45,xgboost,3.4468733392133726
2018-03-01 08:00:00,etth1,HUFL,168,45,xgboost,3.635633958011543
2018-03-01 09:00:00,etth1,HUFL,168,45,xgboost,3.73711675591015
2018-03-01 10:00:00,etth1,HUFL,168,45,xgboost,3.7374831199585326
2018-03-01 11:00:00,etth1,HUFL,168,45,xgboost,3.7779689240114154
2018-03-01 12:00:00,etth1,HUFL,168,45,xgboost,3.9893820405278695
2018-03-01 13:00:00,etth1,HUFL,168,45,xgboost,3.7828165462897068
2018-03-01 14:00:00,etth1,HUFL,168,45,xgboost,3.817799459003209
2018-03-01 15:00:00,etth1,HUFL,168,45,xgboost,3.4832765351160657
2018-03-01 16:00:00,etth1,HUFL,168,45,xgboost,3.2381641135992516
2018-03-01 17:00:00,etth1,HUFL,168,45,xgboost,3.447853995936581
2018-03-01 18:00:00,etth1,HUFL,168,45,xgboost,3.2108610679016416
2018-03-01 19:00:00,etth1,HUFL,168,45,xgboost,3.2374564318795094
2018-03-01 20:00:00,etth1,HUFL,168,45,xgboost,3.494285819760004
2018-03-01 21:00:00,etth1,HUFL,168,45,xgboost,3.4519759021317498
2018-03-01 22:00:00,etth1,HUFL,168,45,xgboost,3.4771056840309704
2018-03-01 23:00:00,etth1,HUFL,168,45,xgboost,3.5697342379721446
2018-03-02 00:00:00,etth1,HUFL,168,45,xgboost,3.6041043967418407
2018-03-02 01:00:00,etth1,HUFL,168,45,xgboost,3.5619009799228163
2018-03-02 02:00:00,etth1,HUFL,168,45,xgboost,3.5143477762984254
2018-03-02 03:00:00,etth1,HUFL,168,45,xgboost,3.434954963176451
2018-03-02 04:00:00,etth1,HUFL,168,45,xgboost,3.475276093949012
2018-03-02 05:00:00,etth1,HUFL,168,45,xgboost,3.6195599478547806
2018-03-02 06:00:00,etth1,HUFL,168,45,xgboost,3.4711699759790275
2018-03-02 07:00:00,etth1,HUFL,168,45,xgboost,3.4106568479653587
2018-03-02 08:00:00,etth1,HUFL,168,45,xgboost,3.438950036957133
2018-03-02 09:00:00,etth1,HUFL,168,45,xgboost,3.23597755870528
2018-03-02 10:00:00,etth1,HUFL,168,45,xgboost,3.592021877690942
2018-03-02 11:00:00,etth1,HUFL,168,45,xgboost,3.754036843729607
2018-03-02 12:00:00,etth1,HUFL,168,45,xgboost,3.3989386786679043
2018-03-02 13:00:00,etth1,HUFL,168,45,xgboost,3.5987952400656384
2018-03-02 14:00:00,etth1,HUFL,168,45,xgboost,4.028162349329445
2018-03-02 15:00:00,etth1,HUFL,168,45,xgboost,4.138771279347243
2018-03-02 16:00:00,etth1,HUFL,168,45,xgboost,3.6246187648144983
2018-03-02 17:00:00,etth1,HUFL,168,45,xgboost,3.5952487180537807
2018-03-02 18:00:00,etth1,HUFL,168,45,xgboost,3.5304264896867013
2018-03-02 19:00:00,etth1,HUFL,168,45,xgboost,3.772208862185027
2018-03-02 20:00:00,etth1,HUFL,168,45,xgboost,3.97996874858838
2018-03-02 21:00:00,etth1,HUFL,168,45,xgboost,3.923357412415971
2018-03-02 22:00:00,etth1,HUFL,168,45,xgboost,3.9573631262818427
2018-03-02 23:00:00,etth1,HUFL,168,45,xgboost,3.9098497563437156
2018-03-03 00:00:00,etth1,HUFL,168,45,xgboost,3.83049872079092
2018-03-03 01:00:00,etth1,HUFL,168,45,xgboost,3.8949788803036247
2018-03-03 02:00:00,etth1,HUFL,168,45,xgboost,4.032911167475357
2018-03-03 03:00:00,etth1,HUFL,168,45,xgboost,3.9374438801215437
2018-03-03 04:00:00,etth1,HUFL,168,45,xgboost,3.9228529765677287
2018-03-03 05:00:00,etth1,HUFL,168,45,xgboost,3.872898939667373
2018-03-03 06:00:00,etth1,HUFL,168,45,xgboost,3.828341930469162
2018-03-03 07:00:00,etth1,HUFL,168,45,xgboost,3.806161470741146
2018-03-03 08:00:00,etth1,HUFL,168,45,xgboost,4.012947085974117
2018-03-03 09:00:00,etth1,HUFL,168,45,xgboost,3.9752083591488168
2018-03-03 10:00:00,etth1,HUFL,168,45,xgboost,4.02638119757443
2018-03-03 11:00:00,etth1,HUFL,168,45,xgboost,3.9112183251240076
2018-03-03 12:00:00,etth1,HUFL,168,45,xgboost,3.904987923130853
2018-03-03 13:00:00,etth1,HUFL,168,45,xgboost,4.1478449989667086
2018-03-03 14:00:00,etth1,HUFL,168,45,xgboost,4.143021178946077
2018-03-03 15:00:00,etth1,HUFL,168,45,xgboost,4.215589155140143
2018-03-03 16:00:00,etth1,HUFL,168,45,xgboost,4.220920387205402
2018-03-03 17:00:00,etth1,HUFL,168,45,xgboost,4.134585528904783
2018-03-03 18:00:00,etth1,HUFL,168,45,xgboost,4.015135341527211
2018-03-03 19:00:00,etth1,HUFL,168,45,xgboost,4.136520399523234
2018-03-03 20:00:00,etth1,HUFL,168,45,xgboost,4.395012170547457
2018-03-03 21:00:00,etth1,HUFL,168,45,xgboost,4.313025152611573
2018-03-03 22:00:00,etth1,HUFL,168,45,xgboost,4.2978180959790455
2018-03-03 23:00:00,etth1,HUFL,168,45,xgboost,4.269744875670917
2018-03-04 00:00:00,etth1,HUFL,168,45,xgboost,4.362680747688667
2018-03-04 01:00:00,etth1,HUFL,168,45,xgboost,4.290444463431008
2018-03-04 02:00:00,etth1,HUFL,168,45,xgboost,4.276197284759048
2018-03-04 03:00:00,etth1,HUFL,168,45,xgboost,4.2690209758866295
2018-03-04 04:00:00,etth1,HUFL,168,45,xgboost,4.472014490826237
2018-03-04 05:00:00,etth1,HUFL,168,45,xgboost,4.291848173378547
2018-03-04 06:00:00,etth1,HUFL,168,45,xgboost,4.237281494361712
2018-03-04 07:00:00,etth1,HUFL,168,45,xgboost,4.358735239208268
2018-03-04 08:00:00,etth1,HUFL,168,45,xgboost,4.490730494423833
2018-03-04 09:00:00,etth1,HUFL,168,45,xgboost,4.490721463118425
2018-03-04 10:00:00,etth1,HUFL,168,45,xgboost,4.180906780797371
2018-03-04 11:00:00,etth1,HUFL,168,45,xgboost,4.147758860958417
2018-03-04 12:00:00,etth1,HUFL,168,45,xgboost,4.079172763891116
2018-03-04 13:00:00,etth1,HUFL,168,45,xgboost,4.340210784475786
2018-03-04 14:00:00,etth1,HUFL,168,45,xgboost,4.27241141818863
2018-03-04 15:00:00,etth1,HUFL,168,45,xgboost,4.440981200882329
2018-03-04 16:00:00,etth1,HUFL,168,45,xgboost,4.31414178792425
2018-03-04 17:00:00,etth1,HUFL,168,45,xgboost,4.272074710792593
2018-03-04 18:00:00,etth1,HUFL,168,45,xgboost,4.37622589476788
2018-03-04 19:00:00,etth1,HUFL,168,45,xgboost,4.311251767239495
2018-03-04 20:00:00,etth1,HUFL,168,45,xgboost,4.316588300118168
2018-03-04 21:00:00,etth1,HUFL,168,45,xgboost,4.217210495305991
2018-03-04 22:00:00,etth1,HUFL,168,45,xgboost,4.317591396930465
2018-03-04 23:00:00,etth1,HUFL,168,45,xgboost,4.373257574615586
2018-03-05 00:00:00,etth1,HUFL,168,45,xgboost,4.384401941912185
2018-03-05 01:00:00,etth1,HUFL,168,45,xgboost,4.5302382056577475
2018-03-05 02:00:00,etth1,HUFL,168,45,xgboost,4.55613392196816
2018-03-05 03:00:00,etth1,HUFL,168,45,xgboost,4.598785347020324
2018-03-05 04:00:00,etth1,HUFL,168,45,xgboost,4.604917903662712
2018-03-05 05:00:00,etth1,HUFL,168,45,xgboost,4.609615167992324
2018-03-05 06:00:00,etth1,HUFL,168,45,xgboost,4.444312306797982
2018-03-05 07:00:00,etth1,HUFL,168,45,xgboost,4.482784914956892
2018-03-05 08:00:00,etth1,HUFL,168,45,xgboost,4.394530360961046
2018-03-05 09:00:00,etth1,HUFL,168,45,xgboost,4.33720585989642
2018-03-05 10:00:00,etth1,HUFL,168,45,xgboost,4.397577596679602
2018-03-05 11:00:00,etth1,HUFL,168,45,xgboost,4.546718322591927
2018-03-05 12:00:00,etth1,HUFL,168,45,xgboost,4.042513369348779
2018-03-05 13:00:00,etth1,HUFL,168,45,xgboost,3.63467044596095
2018-03-05 14:00:00,etth1,HUFL,168,45,xgboost,3.935602864569585
2018-03-05 15:00:00,etth1,HUFL,168,45,xgboost,4.216658983607231
2018-03-05 16:00:00,etth1,HUFL,168,45,xgboost,4.431476518195986
2018-03-05 17:00:00,etth1,HUFL,168,45,xgboost,4.403542829053631
2018-03-05 18:00:00,etth1,HUFL,168,45,xgboost,4.489226092260436
2018-03-05 19:00:00,etth1,HUFL,168,45,xgboost,4.59018614082101
2018-03-05 20:00:00,etth1,HUFL,168,45,xgboost,4.490625717589386
2018-03-05 21:00:00,etth1,HUFL,168,45,xgboost,4.433532097121416
2018-03-05 22:00:00,etth1,HUFL,168,45,xgboost,4.432158049864912
2018-03-05 23:00:00,etth1,HUFL,168,45,xgboost,4.532125896420221
2018-03-06 00:00:00,etth1,HUFL,168,45,xgboost,4.530302276367512
2018-03-06 01:00:00,etth1,HUFL,168,45,xgboost,4.634885797147303
2018-03-06 02:00:00,etth1,HUFL,168,45,xgboost,4.712791508794926
2018-03-06 03:00:00,etth1,HUFL,168,45,xgboost,4.606555151057542
2018-03-06 04:00:00,etth1,HUFL,168,45,xgboost,4.864263731751935
2018-03-06 05:00:00,etth1,HUFL,168,45,xgboost,4.731333012040382
2018-03-06 06:00:00,etth1,HUFL,168,45,xgboost,4.634220500316226
2018-03-06 07:00:00,etth1,HUFL,168,45,xgboost,4.686673830038344
2018-03-06 08:00:00,etth1,HUFL,168,45,xgboost,4.755477111746259
2018-03-06 09:00:00,etth1,HUFL,168,45,xgboost,4.974520880069711
2018-03-06 10:00:00,etth1,HUFL,168,45,xgboost,4.903897739922363
2018-03-06 11:00:00,etth1,HUFL,168,45,xgboost,4.3038703632090005
2018-03-06 12:00:00,etth1,HUFL,168,45,xgboost,4.382254015922236
2018-03-06 13:00:00,etth1,HUFL,168,45,xgboost,4.449139305724769
2018-03-06 14:00:00,etth1,HUFL,168,45,xgboost,4.674388040872094
2018-03-06 15:00:00,etth1,HUFL,168,45,xgboost,4.581572811519758
2018-03-06 16:00:00,etth1,HUFL,168,45,xgboost,4.940242207583528
2018-03-06 17:00:00,etth1,HUFL,168,45,xgboost,5.410714940463298
2018-03-06 18:00:00,etth1,HUFL,168,45,xgboost,5.09903238023272
2018-03-06 19:00:00,etth1,HUFL,168,45,xgboost,5.063921761072296
2018-03-06 20:00:00,etth1,HUFL,168,45,xgboost,4.980469722043016
2018-03-06 21:00:00,etth1,HUFL,168,45,xgboost,4.893966830163911
2018-03-06 22:00:00,etth1,HUFL,168,45,xgboost,4.985940487521591
2018-03-06 23:00:00,etth1,HUFL,168,45,xgboost,4.922445309261729
2018-03-07 00:00:00,etth1,HUFL,168,45,xgboost,4.880439684832022
2018-03-07 01:00:00,etth1,HUFL,168,45,xgboost,4.787693434538991
2018-03-07 02:00:00,etth1,HUFL,168,45,xgboost,4.84955612641689
2018-03-07 03:00:00,etth1,HUFL,168,45,xgboost,4.941235316220521
2018-03-07 04:00:00,etth1,HUFL,168,45,xgboost,5.14433269288488
2018-03-07 05:00:00,etth1,HUFL,168,45,xgboost,5.049364744655973
2018-03-07 06:00:00,etth1,HUFL,168,45,xgboost,4.92055406073427
2018-03-07 07:00:00,etth1,HUFL,168,45,xgboost,5.075894193918277
2018-03-07 08:00:00,etth1,HUFL,168,45,xgboost,4.8049537101811275
2018-03-07 09:00:00,etth1,HUFL,168,45,xgboost,4.754830279451649
2018-03-07 10:00:00,etth1,HUFL,168,45,xgboost,4.861075028171159
2018-03-07 11:00:00,etth1,HUFL,168,45,xgboost,4.964286253290984
2018-03-07 12:00:00,etth1,HUFL,168,45,xgboost,4.91547627312406
2018-03-07 13:00:00,etth1,HUFL,168,45,xgboost,5.225122611379883
2018-03-07 14:00:00,etth1,HUFL,168,45,xgboost,4.623631658027653
2018-03-07 15:00:00,etth1,HUFL,168,45,xgboost,5.070066137745615
2018-03-07 16:00:00,etth1,HUFL,168,45,xgboost,5.599246210567785
2018-03-07 17:00:00,etth1,HUFL,168,45,xgboost,5.444392657648208
2018-03-07 18:00:00,etth1,HUFL,168,45,xgboost,5.261308717354048
2018-03-07 19:00:00,etth1,HUFL,168,45,xgboost,5.201781841225712
2018-03-07 20:00:00,etth1,HUFL,168,45,xgboost,5.0856269494198845
2018-03-07 21:00:00,etth1,HUFL,168,45,xgboost,4.86607458058784
2018-03-07 22:00:00,etth1,HUFL,168,45,xgboost,4.92652409095618
2018-03-07 23:00:00,etth1,HUFL,168,45,xgboost,4.950022854743987
2018-03-08 00:00:00,etth1,HUFL,168,45,xgboost,4.904374829282018
2018-03-08 01:00:00,etth1,HUFL,168,45,xgboost,4.842129571271866
2018-03-08 02:00:00,etth1,HUFL,168,45,xgboost,4.724431302703771
2018-03-08 03:00:00,etth1,HUFL,168,45,xgboost,4.846704200841375
2018-03-08 04:00:00,etth1,HUFL,168,45,xgboost,4.855431011202621
2018-03-08 05:00:00,etth1,HUFL,168,45,xgboost,4.885745513966979
2018-03-08 06:00:00,etth1,HUFL,168,45,xgboost,4.827646945582359
2018-03-08 07:00:00,etth1,HUFL,168,45,xgboost,4.778872692191979
2018-03-08 08:00:00,etth1,HUFL,168,45,xgboost,4.8297980482942
2018-03-08 09:00:00,etth1,HUFL,168,45,xgboost,5.256551528903314
2018-03-08 10:00:00,etth1,HUFL,168,45,xgboost,4.954331464412578
2018-03-08 11:00:00,etth1,HUFL,168,45,xgboost,5.220373248712031
2018-03-08 12:00:00,etth1,HUFL,168,45,xgboost,4.849534067716294
2018-03-08 13:00:00,etth1,HUFL,168,45,xgboost,4.365813490240378
2018-03-08 14:00:00,etth1,HUFL,168,45,xgboost,5.684510491829828
2018-03-08 15:00:00,etth1,HUFL,168,45,xgboost,5.219100532582255
2018-03-08 16:00:00,etth1,HUFL,168,45,xgboost,5.296320420890974
2018-03-08 17:00:00,etth1,HUFL,168,45,xgboost,5.232509588058952
2018-03-08 18:00:00,etth1,HUFL,168,45,xgboost,5.452902197541727
2018-03-08 19:00:00,etth1,HUFL,168,45,xgboost,5.063963057735588
2018-03-08 20:00:00,etth1,HUFL,168,45,xgboost,4.816497297771789
2018-03-08 21:00:00,etth1,HUFL,168,45,xgboost,4.775443786173675
2018-03-08 22:00:00,etth1,HUFL,168,45,xgboost,4.79977091147177
2018-03-08 23:00:00,etth1,HUFL,168,45,xgboost,4.862309971840289
2018-03-09 00:00:00,etth1,HUFL,168,45,xgboost,4.589270934450605
2018-03-09 01:00:00,etth1,HUFL,168,45,xgboost,4.52353967930069
2018-03-09 02:00:00,etth1,HUFL,168,45,xgboost,4.704545174869008
2018-03-09 03:00:00,etth1,HUFL,168,45,xgboost,4.766593173950804
2018-03-09 04:00:00,etth1,HUFL,168,45,xgboost,4.985557244034513
2018-03-09 05:00:00,etth1,HUFL,168,45,xgboost,4.908076373160595
2018-03-09 06:00:00,etth1,HUFL,168,45,xgboost,4.740978735921619
2018-03-09 07:00:00,etth1,HUFL,168,45,xgboost,4.727249158783995
2018-03-09 08:00:00,etth1,HUFL,168,45,xgboost,5.005260293386016
2018-03-09 09:00:00,etth1,HUFL,168,45,xgboost,4.669973968485116
2018-03-09 10:00:00,etth1,HUFL,168,45,xgboost,4.371699308775249
2018-03-09 11:00:00,etth1,HUFL,168,45,xgboost,3.984823204356529
2018-03-09 12:00:00,etth1,HUFL,168,45,xgboost,3.9555877982800807
2018-03-09 13:00:00,etth1,HUFL,168,45,xgboost,3.864909590454626
2018-03-09 14:00:00,etth1,HUFL,168,45,xgboost,3.9848393593787543
2018-03-09 15:00:00,etth1,HUFL,168,45,xgboost,4.253382316830846
2018-03-09 16:00:00,etth1,HUFL,168,45,xgboost,4.461773322700068
2018-03-09 17:00:00,etth1,HUFL,168,45,xgboost,4.531904856486091
2018-03-09 18:00:00,etth1,HUFL,168,45,xgboost,4.6084291537604
2018-03-09 19:00:00,etth1,HUFL,168,45,xgboost,4.954256818499273
2018-03-09 20:00:00,etth1,HUFL,168,45,xgboost,4.7102359105308
2018-03-09 21:00:00,etth1,HUFL,168,45,xgboost,4.697881181116232
2018-03-09 22:00:00,etth1,HUFL,168,45,xgboost,4.669027014523128
2018-03-09 23:00:00,etth1,HUFL,168,45,xgboost,4.51972272046131
2018-03-10 00:00:00,etth1,HUFL,168,45,xgboost,4.222794524189259
2018-03-10 01:00:00,etth1,HUFL,168,45,xgboost,4.263646859965044
2018-03-10 02:00:00,etth1,HUFL,168,45,xgboost,4.335001830681956
2018-03-10 03:00:00,etth1,HUFL,168,45,xgboost,4.449324789463394
2018-03-10 04:00:00,etth1,HUFL,168,45,xgboost,4.448750283015245
2018-03-10 05:00:00,etth1,HUFL,168,45,xgboost,4.398599848255489
2018-03-10 06:00:00,etth1,HUFL,168,45,xgboost,4.189423346998598
2018-03-10 07:00:00,etth1,HUFL,168,45,xgboost,4.163403267487461
2018-03-10 08:00:00,etth1,HUFL,168,45,xgboost,4.242230675581122
2018-03-10 09:00:00,etth1,HUFL,168,45,xgboost,3.9791182852099185
2018-03-10 10:00:00,etth1,HUFL,168,45,xgboost,3.6091215770346587
2018-03-10 11:00:00,etth1,HUFL,168,45,xgboost,3.5652272883629554
2018-03-10 12:00:00,etth1,HUFL,168,45,xgboost,3.492728938705509
2018-03-10 13:00:00,etth1,HUFL,168,45,xgboost,3.5915784929357195
2018-03-10 14:00:00,etth1,HUFL,168,45,xgboost,3.832526392264812
2018-03-10 15:00:00,etth1,HUFL,168,45,xgboost,3.8188460099205424
2018-03-10 16:00:00,etth1,HUFL,168,45,xgboost,3.959755524628368
2018-03-10 17:00:00,etth1,HUFL,168,45,xgboost,3.907108121630788
2018-03-10 18:00:00,etth1,HUFL,168,45,xgboost,3.9640653944853868
2018-03-10 19:00:00,etth1,HUFL,168,45,xgboost,4.159730592985159
2018-03-10 20:00:00,etth1,HUFL,168,45,xgboost,4.142052858546071
2018-03-10 21:00:00,etth1,HUFL,168,45,xgboost,3.9743664010964257
2018-03-10 22:00:00,etth1,HUFL,168,45,xgboost,3.954980420634937
2018-03-10 23:00:00,etth1,HUFL,168,45,xgboost,3.7996283522579497
2018-03-11 00:00:00,etth1,HUFL,168,45,xgboost,3.7523026483896755
2018-03-11 01:00:00,etth1,HUFL,168,45,xgboost,3.860301718785851
2018-03-11 02:00:00,etth1,HUFL,168,45,xgboost,3.8502770131733945
2018-03-11 03:00:00,etth1,HUFL,168,45,xgboost,3.8667374220443005
2018-03-11 04:00:00,etth1,HUFL,168,45,xgboost,3.9725966725168447
2018-03-11 05:00:00,etth1,HUFL,168,45,xgboost,4.088449592315715
2018-03-11 06:00:00,etth1,HUFL,168,45,xgboost,4.020612847574499
2018-03-11 07:00:00,etth1,HUFL,168,45,xgboost,4.071194511383002
2018-03-11 08:00:00,etth1,HUFL,168,45,xgboost,4.038452626551096
2018-03-11 09:00:00,etth1,HUFL,168,45,xgboost,3.8151563246165754
2018-03-11 10:00:00,etth1,HUFL,168,45,xgboost,3.5967461903722437
2018-03-11 11:00:00,etth1,HUFL,168,45,xgboost,3.7118394510348236
2018-03-11 12:00:00,etth1,HUFL,168,45,xgboost,3.8022531877910084
2018-03-11 13:00:00,etth1,HUFL,168,45,xgboost,3.776136586956121
2018-03-11 14:00:00,etth1,HUFL,168,45,xgboost,3.90122823243617
2018-03-11 15:00:00,etth1,HUFL,168,45,xgboost,3.8428901906030495
2018-03-11 16:00:00,etth1,HUFL,168,45,xgboost,3.931396091487186
2018-03-11 17:00:00,etth1,HUFL,168,45,xgboost,3.9707616846668152
2018-03-11 18:00:00,etth1,HUFL,168,45,xgboost,3.8975504865694846
2018-03-11 19:00:00,etth1,HUFL,168,45,xgboost,3.9429218828181924
2018-03-11 20:00:00,etth1,HUFL,168,45,xgboost,3.8444262954587565
2018-03-11 21:00:00,etth1,HUFL,168,45,xgboost,3.8647031393090496
2018-03-11 22:00:00,etth1,HUFL,168,45,xgboost,3.7931483484925232
2018-03-11 23:00:00,etth1,HUFL,168,45,xgboost,3.7470375240375287
2018-03-12 00:00:00,etth1,HUFL,168,45,xgboost,3.7213760133901905
2018-03-12 01:00:00,etth1,HUFL,168,45,xgboost,3.612206679042652
2018-03-12 02:00:00,etth1,HUFL,168,45,xgboost,3.486417708416956
2018-03-12 03:00:00,etth1,HUFL,168,45,xgboost,3.4627462797416566
2018-03-12 04:00:00,etth1,HUFL,168,45,xgboost,3.5347615198505236
2018-03-12 05:00:00,etth1,HUFL,168,45,xgboost,3.5915735333664247
2018-03-12 06:00:00,etth1,HUFL,168,45,xgboost,3.432021337403416
2018-03-12 07:00:00,etth1,HUFL,168,45,xgboost,3.7435036386597074
2018-03-12 08:00:00,etth1,HUFL,168,45,xgboost,3.9535453794983058
2018-03-12 09:00:00,etth1,HUFL,168,45,xgboost,3.663591619286064
2018-03-12 10:00:00,etth1,HUFL,168,45,xgboost,3.510938714768873
2018-03-12 11:00:00,etth1,HUFL,168,45,xgboost,3.7823613516243944
2018-03-12 12:00:00,etth1,HUFL,168,45,xgboost,3.4838192047462218
2018-03-12 13:00:00,etth1,HUFL,168,45,xgboost,3.599002953722431
2018-03-12 14:00:00,etth1,HUFL,168,45,xgboost,3.6361262875888363
2018-03-12 15:00:00,etth1,HUFL,168,45,xgboost,3.6695687346763157
2018-03-12 16:00:00,etth1,HUFL,168,45,xgboost,3.6154139416305364
2018-03-12 17:00:00,etth1,HUFL,168,45,xgboost,3.5933303590109213
2018-03-12 18:00:00,etth1,HUFL,168,45,xgboost,3.6835357528583264
2018-03-12 19:00:00,etth1,HUFL,168,45,xgboost,3.611190023830047
2018-03-12 20:00:00,etth1,HUFL,168,45,xgboost,3.5539138294139487
2018-03-12 21:00:00,etth1,HUFL,168,45,xgboost,3.5533685805875854
2018-03-12 22:00:00,etth1,HUFL,168,45,xgboost,3.663510500705691
2018-03-12 23:00:00,etth1,HUFL,168,45,xgboost,3.736833778243629
2018-03-13 00:00:00,etth1,HUFL,168,45,xgboost,3.6361532560652456
2018-03-13 01:00:00,etth1,HUFL,168,45,xgboost,3.6454968894811537
2018-03-13 02:00:00,etth1,HUFL,168,45,xgboost,3.6688924533203133
2018-03-13 03:00:00,etth1,HUFL,168,45,xgboost,3.595437388982905
2018-03-13 04:00:00,etth1,HUFL,168,45,xgboost,3.634355831478808
2018-03-13 05:00:00,etth1,HUFL,168,45,xgboost,3.6919028815666106
2018-03-13 06:00:00,etth1,HUFL,168,45,xgboost,3.7376008307330193
2018-03-13 07:00:00,etth1,HUFL,168,45,xgboost,3.7830458407065275
2018-03-13 08:00:00,etth1,HUFL,168,45,xgboost,3.984103597867761
2018-03-13 09:00:00,etth1,HUFL,168,45,xgboost,3.694847585126575
2018-03-13 10:00:00,etth1,HUFL,168,45,xgboost,3.4940106126292405
2018-03-13 11:00:00,etth1,HUFL,168,45,xgboost,3.436332494579029
2018-03-13 12:00:00,etth1,HUFL,168,45,xgboost,3.737502203366835
2018-03-13 13:00:00,etth1,HUFL,168,45,xgboost,3.796297491668146
2018-03-13 14:00:00,etth1,HUFL,168,45,xgboost,4.053432889534114
2018-03-13 15:00:00,etth1,HUFL,168,45,xgboost,4.054523628786571
2018-03-13 16:00:00,etth1,HUFL,168,45,xgboost,4.126356047152951
2018-03-13 17:00:00,etth1,HUFL,168,45,xgboost,4.071860876807602
2018-03-13 18:00:00,etth1,HUFL,168,45,xgboost,3.9454265451976442
2018-03-13 19:00:00,etth1,HUFL,168,45,xgboost,3.905454730977054
2018-03-13 20:00:00,etth1,HUFL,168,45,xgboost,3.9181671322128904
2018-03-13 21:00:00,etth1,HUFL,168,45,xgboost,3.8978934152518474
2018-03-13 22:00:00,etth1,HUFL,168,45,xgboost,3.7466982681690344
2018-03-13 23:00:00,etth1,HUFL,168,45,xgboost,4.062895781972437
2018-03-14 00:00:00,etth1,HUFL,168,45,xgboost,4.0635289895166675
2018-03-14 01:00:00,etth1,HUFL,168,45,xgboost,3.8336236817647538
2018-03-14 02:00:00,etth1,HUFL,168,45,xgboost,3.7580036065550875
2018-03-14 03:00:00,etth1,HUFL,168,45,xgboost,3.7939451834738045
2018-03-14 04:00:00,etth1,HUFL,168,45,xgboost,3.901979556802901
2018-03-14 05:00:00,etth1,HUFL,168,45,xgboost,3.920279435057434
2018-03-14 06:00:00,etth1,HUFL,168,45,xgboost,3.8390181601688163
2018-03-14 07:00:00,etth1,HUFL,168,45,xgboost,3.928067579926822
2018-03-14 08:00:00,etth1,HUFL,168,45,xgboost,3.946182338854378
2018-03-14 09:00:00,etth1,HUFL,168,45,xgboost,3.7359681420885664
2018-03-14 10:00:00,etth1,HUFL,168,45,xgboost,3.9672754686789227
2018-03-14 11:00:00,etth1,HUFL,168,45,xgboost,3.915475144465475
2018-03-14 12:00:00,etth1,HUFL,168,45,xgboost,3.829684492598731
2018-03-14 13:00:00,etth1,HUFL,168,45,xgboost,4.069112450181616
2018-03-14 14:00:00,etth1,HUFL,168,45,xgboost,4.272631853338588
2018-03-14 15:00:00,etth1,HUFL,168,45,xgboost,3.989814671376487
2018-03-14 16:00:00,etth1,HUFL,168,45,xgboost,4.0238804496941505
2018-03-14 17:00:00,etth1,HUFL,168,45,xgboost,4.018708233080609
2018-03-14 18:00:00,etth1,HUFL,168,45,xgboost,3.9192007291908597
2018-03-14 19:00:00,etth1,HUFL,168,45,xgboost,4.084465436987676
2018-03-14 20:00:00,etth1,HUFL,168,45,xgboost,4.022281587167965
2018-03-14 21:00:00,etth1,HUFL,168,45,xgboost,4.000266593504759
2018-03-14 22:00:00,etth1,HUFL,168,45,xgboost,4.000358944383463
2018-03-14 23:00:00,etth1,HUFL,168,45,xgboost,4.215144039885488
2018-03-15 00:00:00,etth1,HUFL,168,45,xgboost,4.123374918293115
2018-03-15 01:00:00,etth1,HUFL,168,45,xgboost,4.127239592755954
2018-03-15 02:00:00,etth1,HUFL,168,45,xgboost,4.156334446210363
2018-03-15 03:00:00,etth1,HUFL,168,45,xgboost,4.039310945705988
2018-03-15 04:00:00,etth1,HUFL,168,45,xgboost,4.092551869678492
2018-03-15 05:00:00,etth1,HUFL,168,45,xgboost,4.038102446624613
2018-03-15 06:00:00,etth1,HUFL,168,45,xgboost,3.98992051708374
2018-03-15 07:00:00,etth1,HUFL,168,45,xgboost,4.1987662388240246
2018-03-15 08:00:00,etth1,HUFL,168,45,xgboost,4.062240699660906
2018-03-15 09:00:00,etth1,HUFL,168,45,xgboost,4.05993809448362
2018-03-15 10:00:00,etth1,HUFL,168,45,xgboost,3.9119346292788064
2018-03-15 11:00:00,etth1,HUFL,168,45,xgboost,4.184353266679732
2018-03-15 12:00:00,etth1,HUFL,168,45,xgboost,4.014760300534677
2018-03-15 13:00:00,etth1,HUFL,168,45,xgboost,4.051503785917359
2018-03-15 14:00:00,etth1,HUFL,168,45,xgboost,4.083825164250036
2018-03-15 15:00:00,etth1,HUFL,168,45,xgboost,4.23745720825835
2018-03-15 16:00:00,etth1,HUFL,168,45,xgboost,3.9059435526500175
2018-03-15 17:00:00,etth1,HUFL,168,45,xgboost,4.092555520076134
2018-03-15 18:00:00,etth1,HUFL,168,45,xgboost,4.091125794019642
2018-03-15 19:00:00,etth1,HUFL,168,45,xgboost,3.9230145373968135
2018-03-15 20:00:00,etth1,HUFL,168,45,xgboost,3.876441709355172
2018-03-15 21:00:00,etth1,HUFL,168,45,xgboost,4.16913205107225
2018-03-15 22:00:00,etth1,HUFL,168,45,xgboost,4.216349722046479
2018-03-15 23:00:00,etth1,HUFL,168,45,xgboost,3.918583572212747
2018-03-16 00:00:00,etth1,HUFL,168,45,xgboost,4.012612053327695
2018-03-16 01:00:00,etth1,HUFL,168,45,xgboost,4.064561606956733
2018-03-16 02:00:00,etth1,HUFL,168,45,xgboost,4.111813918892197
2018-03-16 03:00:00,etth1,HUFL,168,45,xgboost,4.090038179180509
2018-03-16 04:00:00,etth1,HUFL,168,45,xgboost,4.218194501991265
2018-03-16 05:00:00,etth1,HUFL,168,45,xgboost,4.200641861298474
2018-03-16 06:00:00,etth1,HUFL,168,45,xgboost,4.310813092981245
2018-03-16 07:00:00,etth1,HUFL,168,45,xgboost,4.352366815016932
2018-03-16 08:00:00,etth1,HUFL,168,45,xgboost,4.069012363317256
2018-03-16 09:00:00,etth1,HUFL,168,45,xgboost,3.9337289077749156
2018-03-16 10:00:00,etth1,HUFL,168,45,xgboost,3.9146751525277366
2018-03-16 11:00:00,etth1,HUFL,168,45,xgboost,4.036433329191429
2018-03-16 12:00:00,etth1,HUFL,168,45,xgboost,4.281276664818058
2018-03-16 13:00:00,etth1,HUFL,168,45,xgboost,4.58795242856974
2018-03-16 14:00:00,etth1,HUFL,168,45,xgboost,4.65809672389836
2018-03-16 15:00:00,etth1,HUFL,168,45,xgboost,4.375354914231061
2018-03-16 16:00:00,etth1,HUFL,168,45,xgboost,4.134998078228156
2018-03-16 17:00:00,etth1,HUFL,168,45,xgboost,4.2329551020005916
2018-03-16 18:00:00,etth1,HUFL,168,45,xgboost,3.9835692356650996
2018-03-16 19:00:00,etth1,HUFL,168,45,xgboost,4.030992087496744
2018-03-16 20:00:00,etth1,HUFL,168,45,xgboost,4.048966938491371
2018-03-16 21:00:00,etth1,HUFL,168,45,xgboost,4.055788736819825
2018-03-16 22:00:00,etth1,HUFL,168,45,xgboost,3.942432567667523
2018-03-16 23:00:00,etth1,HUFL,168,45,xgboost,3.9011065179776483
2018-03-17 00:00:00,etth1,HUFL,168,45,xgboost,3.83888475852862
2018-03-17 01:00:00,etth1,HUFL,168,45,xgboost,4.179776706266635
2018-03-17 02:00:00,etth1,HUFL,168,45,xgboost,4.157197340952424
2018-03-17 03:00:00,etth1,HUFL,168,45,xgboost,4.081120624099926
2018-03-17 04:00:00,etth1,HUFL,168,45,xgboost,4.056579772673932
2018-03-17 05:00:00,etth1,HUFL,168,45,xgboost,4.0053288385104695
2018-03-17 06:00:00,etth1,HUFL,168,45,xgboost,4.003232080493792
2018-03-17 07:00:00,etth1,HUFL,168,45,xgboost,4.157550076451118
2018-03-17 08:00:00,etth1,HUFL,168,45,xgboost,4.122597856048295
2018-03-17 09:00:00,etth1,HUFL,168,45,xgboost,4.064256058114812
2018-03-17 10:00:00,etth1,HUFL,168,45,xgboost,4.220172195441757
2018-03-17 11:00:00,etth1,HUFL,168,45,xgboost,4.114197048380079
2018-03-17 12:00:00,etth1,HUFL,168,45,xgboost,3.7426982788763365
2018-03-17 13:00:00,etth1,HUFL,168,45,xgboost,3.5290535458261627
2018-03-17 14:00:00,etth1,HUFL,168,45,xgboost,3.5891327363666288
2018-03-17 15:00:00,etth1,HUFL,168,45,xgboost,3.782003684788844
2018-03-17 16:00:00,etth1,HUFL,168,45,xgboost,4.058424500086901
2018-03-17 17:00:00,etth1,HUFL,168,45,xgboost,4.1461564363166925
2018-03-17 18:00:00,etth1,HUFL,168,45,xgboost,4.132221676598182
2018-03-17 19:00:00,etth1,HUFL,168,45,xgboost,4.136119369189958
2018-03-17 20:00:00,etth1,HUFL,168,45,xgboost,4.059268161297426
2018-03-17 21:00:00,etth1,HUFL,168,45,xgboost,4.051417752088908
2018-03-17 22:00:00,etth1,HUFL,168,45,xgboost,4.033851929342115
2018-03-17 23:00:00,etth1,HUFL,168,45,xgboost,3.9377540642598325
2018-03-18 00:00:00,etth1,HUFL,168,45,xgboost,3.7878950047570976
2018-03-18 01:00:00,etth1,HUFL,168,45,xgboost,3.813614037537124
2018-03-18 02:00:00,etth1,HUFL,168,45,xgboost,3.904206676200293
2018-03-18 03:00:00,etth1,HUFL,168,45,xgboost,3.912556821984044
2018-03-18 04:00:00,etth1,HUFL,168,45,xgboost,3.966800567363818
2018-03-18 05:00:00,etth1,HUFL,168,45,xgboost,3.7859765031846333
2018-03-18 06:00:00,etth1,HUFL,168,45,xgboost,3.756869177800902
2018-03-18 07:00:00,etth1,HUFL,168,45,xgboost,3.858919645619776
2018-03-18 08:00:00,etth1,HUFL,168,45,xgboost,3.7988750674689156
2018-03-18 09:00:00,etth1,HUFL,168,45,xgboost,3.8203963666383265
2018-03-18 10:00:00,etth1,HUFL,168,45,xgboost,3.492039509118868
2018-03-18 11:00:00,etth1,HUFL,168,45,xgboost,3.483944381430118
2018-03-18 12:00:00,etth1,HUFL,168,45,xgboost,3.2065232757081352
2018-03-18 13:00:00,etth1,HUFL,168,45,xgboost,3.4275299831841357
2018-03-18 14:00:00,etth1,HUFL,168,45,xgboost,3.460829856106837
2018-03-18 15:00:00,etth1,HUFL,168,45,xgboost,3.7837223407702254
2018-03-18 16:00:00,etth1,HUFL,168,45,xgboost,4.107502115297494
2018-03-18 17:00:00,etth1,HUFL,168,45,xgboost,4.202055681081683
2018-03-18 18:00:00,etth1,HUFL,168,45,xgboost,4.149748599246489
2018-03-18 19:00:00,etth1,HUFL,168,45,xgboost,4.179660668040976
2018-03-18 20:00:00,etth1,HUFL,168,45,xgboost,4.122767916268378
2018-03-18 21:00:00,etth1,HUFL,168,45,xgboost,4.154018141021821
2018-03-18 22:00:00,etth1,HUFL,168,45,xgboost,4.118188769166771
2018-03-18 23:00:00,etth1,HUFL,168,45,xgboost,4.09992590079513
2018-03-19 00:00:00,etth1,HUFL,168,45,xgboost,4.198000212864953
2018-03-19 01:00:00,etth1,HUFL,168,45,xgboost,4.180812590985391
2018-03-19 02:00:00,etth1,HUFL,168,45,xgboost,4.156632773837432
2018-03-19 03:00:00,etth1,HUFL,168,45,xgboost,4.144027308196493
2018-03-19 04:00:00,etth1,HUFL,168,45,xgboost,4.243961077110075
2018-03-19 05:00:00,etth1,HUFL,168,45,xgboost,4.104257088165253
2018-03-19 06:00:00,etth1,HUFL,168,45,xgboost,3.99817120201553
2018-03-19 07:00:00,etth1,HUFL,168,45,xgboost,4.111535169415517
2018-03-19 08:00:00,etth1,HUFL,168,45,xgboost,3.878591243550377
2018-03-19 09:00:00,etth1,HUFL,168,45,xgboost,3.9700989080016935
2018-03-19 10:00:00,etth1,HUFL,168,45,xgboost,3.5623937768666174
2018-03-19 11:00:00,etth1,HUFL,168,45,xgboost,3.5270840698472354
2018-03-19 12:00:00,etth1,HUFL,168,45,xgboost,3.625376236735018
2018-03-19 13:00:00,etth1,HUFL,168,45,xgboost,3.7864320782132532
2018-03-19 14:00:00,etth1,HUFL,168,45,xgboost,3.594696980647153
2018-03-19 15:00:00,etth1,HUFL,168,45,xgboost,4.244050731772655
2018-03-19 16:00:00,etth1,HUFL,168,45,xgboost,4.298296217097781
2018-03-19 17:00:00,etth1,HUFL,168,45,xgboost,4.454298978986542
2018-03-19 18:00:00,etth1,HUFL,168,45,xgboost,4.271663338512049
2018-03-19 19:00:00,etth1,HUFL,168,45,xgboost,4.358714435418217
2018-03-19 20:00:00,etth1,HUFL,168,45,xgboost,4.347041763265234
2018-03-19 21:00:00,etth1,HUFL,168,45,xgboost,4.544212850850416
2018-03-19 22:00:00,etth1,HUFL,168,45,xgboost,4.287516852052259
2018-03-19 23:00:00,etth1,HUFL,168,45,xgboost,4.3246118878405
2018-03-20 00:00:00,etth1,HUFL,168,45,xgboost,4.281011989890404
2018-03-20 01:00:00,etth1,HUFL,168,45,xgboost,4.467888474546942
2018-03-20 02:00:00,etth1,HUFL,168,45,xgboost,4.442321137059305
2018-03-20 03:00:00,etth1,HUFL,168,45,xgboost,4.371213141707922
2018-03-20 04:00:00,etth1,HUFL,168,45,xgboost,4.467073469887772
2018-03-20 05:00:00,etth1,HUFL,168,45,xgboost,4.261782336332475
2018-03-20 06:00:00,etth1,HUFL,168,45,xgboost,4.321272144745404
2018-03-20 07:00:00,etth1,HUFL,168,45,xgboost,4.2460623704928695
2018-03-20 08:00:00,etth1,HUFL,168,45,xgboost,4.176241581394093
2018-03-20 09:00:00,etth1,HUFL,168,45,xgboost,4.196147135936185
2018-03-20 10:00:00,etth1,HUFL,168,45,xgboost,3.947528744241676
2018-03-20 11:00:00,etth1,HUFL,168,45,xgboost,3.8411093417380107
2018-03-20 12:00:00,etth1,HUFL,168,45,xgboost,3.715630669083831
2018-03-20 13:00:00,etth1,HUFL,168,45,xgboost,3.8261116784471603
2018-03-20 14:00:00,etth1,HUFL,168,45,xgboost,4.479295190550603
2018-03-20 15:00:00,etth1,HUFL,168,45,xgboost,4.621362248661075
2018-03-20 16:00:00,etth1,HUFL,168,45,xgboost,4.855465317293214
2018-03-20 17:00:00,etth1,HUFL,168,45,xgboost,5.151159156443777
2018-03-20 18:00:00,etth1,HUFL,168,45,xgboost,4.925422671687306
2018-03-20 19:00:00,etth1,HUFL,168,45,xgboost,5.164070983144033
2018-03-20 20:00:00,etth1,HUFL,168,45,xgboost,5.109521720464011
2018-03-20 21:00:00,etth1,HUFL,168,45,xgboost,5.254425746979692
2018-03-20 22:00:00,etth1,HUFL,168,45,xgboost,5.142265477866937
2018-03-20 23:00:00,etth1,HUFL,168,45,xgboost,5.066737157430831
2018-03-21 00:00:00,etth1,HUFL,168,45,xgboost,5.04025993826008
2018-03-21 01:00:00,etth1,HUFL,168,45,xgboost,5.13633935792777
2018-03-21 02:00:00,etth1,HUFL,168,45,xgboost,5.29982968590272
2018-03-21 03:00:00,etth1,HUFL,168,45,xgboost,5.387673200115004
2018-03-21 04:00:00,etth1,HUFL,168,45,xgboost,5.37540001460628
2018-03-21 05:00:00,etth1,HUFL,168,45,xgboost,5.41743653280099
2018-03-21 06:00:00,etth1,HUFL,168,45,xgboost,5.431089537432312
2018-03-21 07:00:00,etth1,HUFL,168,45,xgboost,5.12476757381225
2018-03-21 08:00:00,etth1,HUFL,168,45,xgboost,5.515006933265166
2018-03-21 09:00:00,etth1,HUFL,168,45,xgboost,5.483734184649457
2018-03-21 10:00:00,etth1,HUFL,168,45,xgboost,4.86196408841815
2018-03-21 11:00:00,etth1,HUFL,168,45,xgboost,4.6360864756014895
2018-03-21 12:00:00,etth1,HUFL,168,45,xgboost,4.908558831237909
2018-03-21 13:00:00,etth1,HUFL,168,45,xgboost,4.98101038484625
2018-03-21 14:00:00,etth1,HUFL,168,45,xgboost,4.0996473578562025
2018-03-21 15:00:00,etth1,HUFL,168,45,xgboost,4.896919969966926
2018-03-21 16:00:00,etth1,HUFL,168,45,xgboost,4.771947809720819
2018-03-21 17:00:00,etth1,HUFL,168,45,xgboost,4.907184778920966
2018-03-21 18:00:00,etth1,HUFL,168,45,xgboost,4.7416361005945395
2018-03-21 19:00:00,etth1,HUFL,168,45,xgboost,5.13643276103011
2018-03-21 20:00:00,etth1,HUFL,168,45,xgboost,5.012520799749137
2018-03-21 21:00:00,etth1,HUFL,168,45,xgboost,4.946410284058148
2018-03-21 22:00:00,etth1,HUFL,168,45,xgboost,4.924758065882158
2018-03-21 23:00:00,etth1,HUFL,168,45,xgboost,4.5618245068322265
2018-03-22 00:00:00,etth1,HUFL,168,45,xgboost,4.592302030053442
2018-03-22 01:00:00,etth1,HUFL,168,45,xgboost,4.742666246828536
2018-03-22 02:00:00,etth1,HUFL,168,45,xgboost,4.689014224636752
2018-03-22 03:00:00,etth1,HUFL,168,45,xgboost,4.886648660164239
2018-03-22 04:00:00,etth1,HUFL,168,45,xgboost,4.950038773546411
2018-03-22 05:00:00,etth1,HUFL,168,45,xgboost,4.967680549929844
2018-03-22 06:00:00,etth1,HUFL,168,45,xgboost,4.798515888237536
2018-03-22 07:00:00,etth1,HUFL,168,45,xgboost,4.671984101462266
2018-03-22 08:00:00,etth1,HUFL,168,45,xgboost,4.994055936219774
2018-03-22 09:00:00,etth1,HUFL,168,45,xgboost,4.62066410686109
2018-03-22 10:00:00,etth1,HUFL,168,45,xgboost,4.466495185165183
2018-03-22 11:00:00,etth1,HUFL,168,45,xgboost,4.098330765563022
2018-03-22 12:00:00,etth1,HUFL,168,45,xgboost,3.8939035245756615
2018-03-22 13:00:00,etth1,HUFL,168,45,xgboost,3.7458761097185054
2018-03-22 14:00:00,etth1,HUFL,168,45,xgboost,4.229277031700119
2018-03-22 15:00:00,etth1,HUFL,168,45,xgboost,4.73872916529029
2018-03-22 16:00:00,etth1,HUFL,168,45,xgboost,4.654961981683642
2018-03-22 17:00:00,etth1,HUFL,168,45,xgboost,4.849177610197374
2018-03-22 18:00:00,etth1,HUFL,168,45,xgboost,5.146838577800188
2018-03-22 19:00:00,etth1,HUFL,168,45,xgboost,5.076451484249154
2018-03-22 20:00:00,etth1,HUFL,168,45,xgboost,5.087736527895618
2018-03-22 21:00:00,etth1,HUFL,168,45,xgboost,5.118536986880861
2018-03-22 22:00:00,etth1,HUFL,168,45,xgboost,4.821052781422285
2018-03-22 23:00:00,etth1,HUFL,168,45,xgboost,4.646325684773553
2018-03-23 00:00:00,etth1,HUFL,168,45,xgboost,4.705677127620948
2018-03-23 01:00:00,etth1,HUFL,168,45,xgboost,4.56988860824812
2018-03-23 02:00:00,etth1,HUFL,168,45,xgboost,4.506112253858658
2018-03-23 03:00:00,etth1,HUFL,168,45,xgboost,4.580077373670538
2018-03-23 04:00:00,etth1,HUFL,168,45,xgboost,4.689782647824828
2018-03-23 05:00:00,etth1,HUFL,168,45,xgboost,4.438898402352692
2018-03-23 06:00:00,etth1,HUFL,168,45,xgboost,4.163859857195649
2018-03-23 07:00:00,etth1,HUFL,168,45,xgboost,4.39785090645176
2018-03-23 08:00:00,etth1,HUFL,168,45,xgboost,4.543849763860873
2018-03-23 09:00:00,etth1,HUFL,168,45,xgboost,4.523241191245473
2018-03-23 10:00:00,etth1,HUFL,168,45,xgboost,3.859398962211865
2018-03-23 11:00:00,etth1,HUFL,168,45,xgboost,3.811581709255093
2018-03-23 12:00:00,etth1,HUFL,168,45,xgboost,3.393961658852833
2018-03-23 13:00:00,etth1,HUFL,168,45,xgboost,3.5203219583751943
2018-03-23 14:00:00,etth1,HUFL,168,45,xgboost,3.5892181811626034
2018-03-23 15:00:00,etth1,HUFL,168,45,xgboost,3.610791007956612
2018-03-23 16:00:00,etth1,HUFL,168,45,xgboost,4.289823982492872
2018-03-23 17:00:00,etth1,HUFL,168,45,xgboost,4.320775697976536
2018-03-23 18:00:00,etth1,HUFL,168,45,xgboost,4.312710966114169
2018-03-23 19:00:00,etth1,HUFL,168,45,xgboost,4.707049879440164
2018-03-23 20:00:00,etth1,HUFL,168,45,xgboost,4.61145138998271
2018-03-23 21:00:00,etth1,HUFL,168,45,xgboost,4.648599836426631
2018-03-23 22:00:00,etth1,HUFL,168,45,xgboost,4.500827002369348
2018-03-23 23:00:00,etth1,HUFL,168,45,xgboost,4.5231533770986125
2018-03-24 00:00:00,etth1,HUFL,168,45,xgboost,4.403363940015926
2018-03-24 01:00:00,etth1,HUFL,168,45,xgboost,4.296540347121926
2018-03-24 02:00:00,etth1,HUFL,168,45,xgboost,4.268169560328862
2018-03-24 03:00:00,etth1,HUFL,168,45,xgboost,4.211607387832277
2018-03-24 04:00:00,etth1,HUFL,168,45,xgboost,3.9651113786340026
2018-03-24 05:00:00,etth1,HUFL,168,45,xgboost,3.8523116547533314
2018-03-24 06:00:00,etth1,HUFL,168,45,xgboost,3.74684726808206
2018-03-24 07:00:00,etth1,HUFL,168,45,xgboost,3.9171218983952527
2018-03-24 08:00:00,etth1,HUFL,168,45,xgboost,3.932834214644726
2018-03-24 09:00:00,etth1,HUFL,168,45,xgboost,4.357202157452418
2018-03-24 10:00:00,etth1,HUFL,168,45,xgboost,4.379943876772194
2018-03-24 11:00:00,etth1,HUFL,168,45,xgboost,4.119240844071736
2018-03-24 12:00:00,etth1,HUFL,168,45,xgboost,4.004668375038382
2018-03-24 13:00:00,etth1,HUFL,168,45,xgboost,4.278820035444258
2018-03-24 14:00:00,etth1,HUFL,168,45,xgboost,4.342783995727452
2018-03-24 15:00:00,etth1,HUFL,168,45,xgboost,4.658864887530982
2018-03-24 16:00:00,etth1,HUFL,168,45,xgboost,4.740402885251051
2018-03-24 17:00:00,etth1,HUFL,168,45,xgboost,4.565611645720823
2018-03-24 18:00:00,etth1,HUFL,168,45,xgboost,4.719481764109906
2018-03-24 19:00:00,etth1,HUFL,168,45,xgboost,4.95748026054509
2018-03-24 20:00:00,etth1,HUFL,168,45,xgboost,4.939485610178893
2018-03-24 21:00:00,etth1,HUFL,168,45,xgboost,5.044604582679066
2018-03-24 22:00:00,etth1,HUFL,168,45,xgboost,4.982308007662143
2018-03-24 23:00:00,etth1,HUFL,168,45,xgboost,4.908075944242668
2018-03-25 00:00:00,etth1,HUFL,168,45,xgboost,4.875801654583531
2018-03-25 01:00:00,etth1,HUFL,168,45,xgboost,4.939341929558446
2018-03-25 02:00:00,etth1,HUFL,168,45,xgboost,4.976049499326566
2018-03-25 03:00:00,etth1,HUFL,168,45,xgboost,4.901272944858821
2018-03-25 04:00:00,etth1,HUFL,168,45,xgboost,4.812663991978771
2018-03-25 05:00:00,etth1,HUFL,168,45,xgboost,4.911307916443218
2018-03-25 06:00:00,etth1,HUFL,168,45,xgboost,4.852478066924722
2018-03-25 07:00:00,etth1,HUFL,168,45,xgboost,5.136839622038118
2018-03-25 08:00:00,etth1,HUFL,168,45,xgboost,5.467588962687614
2018-03-25 09:00:00,etth1,HUFL,168,45,xgboost,5.295141798774907
2018-03-25 10:00:00,etth1,HUFL,168,45,xgboost,5.067714941155363
2018-03-25 11:00:00,etth1,HUFL,168,45,xgboost,5.146787530502047
2018-03-25 12:00:00,etth1,HUFL,168,45,xgboost,5.1877906163740395
2018-03-25 13:00:00,etth1,HUFL,168,45,xgboost,5.381048654075376
2018-03-25 14:00:00,etth1,HUFL,168,45,xgboost,5.298899120682984
2018-03-25 15:00:00,etth1,HUFL,168,45,xgboost,5.3063092812067065
2018-03-25 16:00:00,etth1,HUFL,168,45,xgboost,5.243268969583797
2018-03-25 17:00:00,etth1,HUFL,168,45,xgboost,5.373251241410455
2018-03-25 18:00:00,etth1,HUFL,168,45,xgboost,5.136142176600016
2018-03-25 19:00:00,etth1,HUFL,168,45,xgboost,5.2156015651080265
2018-03-25 20:00:00,etth1,HUFL,168,45,xgboost,5.279043795539108
2018-03-25 21:00:00,etth1,HUFL,168,45,xgboost,5.381285603793716
2018-03-25 22:00:00,etth1,HUFL,168,45,xgboost,5.4446737884079335
2018-03-25 23:00:00,etth1,HUFL,168,45,xgboost,5.184481867204329
2018-03-26 00:00:00,etth1,HUFL,168,45,xgboost,5.198028789495723
2018-03-26 01:00:00,etth1,HUFL,168,45,xgboost,5.057198500782298
2018-03-26 02:00:00,etth1,HUFL,168,45,xgboost,4.925021015070604
2018-03-26 03:00:00,etth1,HUFL,168,45,xgboost,4.9892636147655915
2018-03-26 04:00:00,etth1,HUFL,168,45,xgboost,4.935432996498465
2018-03-26 05:00:00,etth1,HUFL,168,45,xgboost,5.191933555269739
2018-03-26 06:00:00,etth1,HUFL,168,45,xgboost,5.032537421828262
2018-03-26 07:00:00,etth1,HUFL,168,45,xgboost,5.190295009764505
2018-03-26 08:00:00,etth1,HUFL,168,45,xgboost,5.38673029727089
2018-03-26 09:00:00,etth1,HUFL,168,45,xgboost,5.359190337946574
2018-03-26 10:00:00,etth1,HUFL,168,45,xgboost,4.86625189838617
2018-03-26 11:00:00,etth1,HUFL,168,45,xgboost,4.843074018918323
2018-03-26 12:00:00,etth1,HUFL,168,45,xgboost,4.677819192888275
2018-03-26 13:00:00,etth1,HUFL,168,45,xgboost,4.689422551879871
2018-03-26 14:00:00,etth1,HUFL,168,45,xgboost,4.947573367389045
2018-03-26 15:00:00,etth1,HUFL,168,45,xgboost,5.019556778097074
2018-03-26 16:00:00,etth1,HUFL,168,45,xgboost,5.072466486957469
2018-03-26 17:00:00,etth1,HUFL,168,45,xgboost,5.259937140519881
2018-03-26 18:00:00,etth1,HUFL,168,45,xgboost,5.080100699694722
2018-03-26 19:00:00,etth1,HUFL,168,45,xgboost,5.1147321012598
2018-03-26 20:00:00,etth1,HUFL,168,45,xgboost,5.122175005731457
2018-03-26 21:00:00,etth1,HUFL,168,45,xgboost,5.154594610770262
2018-03-26 22:00:00,etth1,HUFL,168,45,xgboost,5.080911512569814
2018-03-26 23:00:00,etth1,HUFL,168,45,xgboost,4.779540638792531
2018-03-27 00:00:00,etth1,HUFL,168,45,xgboost,5.020492536974001
2018-03-27 01:00:00,etth1,HUFL,168,45,xgboost,5.034909158748588
2018-03-27 02:00:00,etth1,HUFL,168,45,xgboost,4.912028311629694
2018-03-27 03:00:00,etth1,HUFL,168,45,xgboost,4.905671740622029
2018-03-27 04:00:00,etth1,HUFL,168,45,xgboost,5.034274488717684
2018-03-27 05:00:00,etth1,HUFL,168,45,xgboost,4.842890694321589
2018-03-27 06:00:00,etth1,HUFL,168,45,xgboost,4.621342205364152
2018-03-27 07:00:00,etth1,HUFL,168,45,xgboost,5.06137255894678
2018-03-27 08:00:00,etth1,HUFL,168,45,xgboost,5.374551968315661
2018-03-27 09:00:00,etth1,HUFL,168,45,xgboost,5.078195454598347
2018-03-27 10:00:00,etth1,HUFL,168,45,xgboost,4.645499262726456
2018-03-27 11:00:00,etth1,HUFL,168,45,xgboost,4.659548408220589
2018-03-27 12:00:00,etth1,HUFL,168,45,xgboost,4.6797200211485475
2018-03-27 13:00:00,etth1,HUFL,168,45,xgboost,4.672104363088214
2018-03-27 14:00:00,etth1,HUFL,168,45,xgboost,4.548952647092286
2018-03-27 15:00:00,etth1,HUFL,168,45,xgboost,4.684419899903239
2018-03-27 16:00:00,etth1,HUFL,168,45,xgboost,4.78283927840339
2018-03-27 17:00:00,etth1,HUFL,168,45,xgboost,4.996941940815796
2018-03-27 18:00:00,etth1,HUFL,168,45,xgboost,4.894818741701279
2018-03-27 19:00:00,etth1,HUFL,168,45,xgboost,5.118089364758392
2018-03-27 20:00:00,etth1,HUFL,168,45,xgboost,5.107913884249362
2018-03-27 21:00:00,etth1,HUFL,168,45,xgboost,5.105330042331533
2018-03-27 22:00:00,etth1,HUFL,168,45,xgboost,4.945982353635258
2018-03-27 23:00:00,etth1,HUFL,168,45,xgboost,4.875166574457288
2018-03-28 00:00:00,etth1,HUFL,168,45,xgboost,4.958218239467088
2018-03-28 01:00:00,etth1,HUFL,168,45,xgboost,4.8225632592915515
2018-03-28 02:00:00,etth1,HUFL,168,45,xgboost,4.778296560702195
2018-03-28 03:00:00,etth1,HUFL,168,45,xgboost,4.947203678565212
2018-03-28 04:00:00,etth1,HUFL,168,45,xgboost,4.956059648079896
2018-03-28 05:00:00,etth1,HUFL,168,45,xgboost,4.92748372025029
2018-03-28 06:00:00,etth1,HUFL,168,45,xgboost,4.774633948259504
2018-03-28 07:00:00,etth1,HUFL,168,45,xgboost,4.787039397225677
2018-03-28 08:00:00,etth1,HUFL,168,45,xgboost,5.093277781777736
2018-03-28 09:00:00,etth1,HUFL,168,45,xgboost,5.165533692905998
2018-03-28 10:00:00,etth1,HUFL,168,45,xgboost,4.868444357457461
2018-03-28 11:00:00,etth1,HUFL,168,45,xgboost,4.8651711222025495
2018-03-28 12:00:00,etth1,HUFL,168,45,xgboost,4.7068981857417285
2018-03-28 13:00:00,etth1,HUFL,168,45,xgboost,4.45699058539624
2018-03-28 14:00:00,etth1,HUFL,168,45,xgboost,4.547586335417772
2018-03-28 15:00:00,etth1,HUFL,168,45,xgboost,4.563070154977227
2018-03-28 16:00:00,etth1,HUFL,168,45,xgboost,4.705297127516162
2018-03-28 17:00:00,etth1,HUFL,168,45,xgboost,4.77508018035106
2018-03-28 18:00:00,etth1,HUFL,168,45,xgboost,4.826678805634764
2018-03-28 19:00:00,etth1,HUFL,168,45,xgboost,5.068873934713524
2018-03-28 20:00:00,etth1,HUFL,168,45,xgboost,5.0587952775964
2018-03-28 21:00:00,etth1,HUFL,168,45,xgboost,5.027525879670604
2018-03-28 22:00:00,etth1,HUFL,168,45,xgboost,5.01948216151589
2018-03-28 23:00:00,etth1,HUFL,168,45,xgboost,5.1163922309957695
2018-03-29 00:00:00,etth1,HUFL,168,45,xgboost,5.000360244388467
2018-03-29 01:00:00,etth1,HUFL,168,45,xgboost,5.144331910805763
2018-03-29 02:00:00,etth1,HUFL,168,45,xgboost,5.0729231604466065
2018-03-29 03:00:00,etth1,HUFL,168,45,xgboost,4.967540833447496
2018-03-29 04:00:00,etth1,HUFL,168,45,xgboost,5.198182736355921
2018-03-29 05:00:00,etth1,HUFL,168,45,xgboost,5.2164665014796405
2018-03-29 06:00:00,etth1,HUFL,168,45,xgboost,5.040202891717259
2018-03-29 07:00:00,etth1,HUFL,168,45,xgboost,5.094748450166505
2018-03-29 08:00:00,etth1,HUFL,168,45,xgboost,5.145893631599979
2018-03-29 09:00:00,etth1,HUFL,168,45,xgboost,5.078633891079917
2018-03-29 10:00:00,etth1,HUFL,168,45,xgboost,5.023317773058885
2018-03-29 11:00:00,etth1,HUFL,168,45,xgboost,5.030583438301791
2018-03-29 12:00:00,etth1,HUFL,168,45,xgboost,4.821470477324075
2018-03-29 13:00:00,etth1,HUFL,168,45,xgboost,5.141162008237292
2018-03-29 14:00:00,etth1,HUFL,168,45,xgboost,5.469407876822313
2018-03-29 15:00:00,etth1,HUFL,168,45,xgboost,4.995730728190846
2018-03-29 16:00:00,etth1,HUFL,168,45,xgboost,5.073092729061282
2018-03-29 17:00:00,etth1,HUFL,168,45,xgboost,4.9569393249808495
2018-03-29 18:00:00,etth1,HUFL,168,45,xgboost,5.182141876489269
2018-03-29 19:00:00,etth1,HUFL,168,45,xgboost,5.110971169307171
2018-03-29 20:00:00,etth1,HUFL,168,45,xgboost,5.13471168661696
2018-03-29 21:00:00,etth1,HUFL,168,45,xgboost,5.107519845658255
2018-03-29 22:00:00,etth1,HUFL,168,45,xgboost,5.0468695468106475
2018-03-29 23:00:00,etth1,HUFL,168,45,xgboost,4.842114724977796
2018-03-30 00:00:00,etth1,HUFL,168,45,xgboost,4.88100728581989
2018-03-30 01:00:00,etth1,HUFL,168,45,xgboost,4.849333118376744
2018-03-30 02:00:00,etth1,HUFL,168,45,xgboost,5.008683777237461
2018-03-30 03:00:00,etth1,HUFL,168,45,xgboost,4.964374509030644
2018-03-30 04:00:00,etth1,HUFL,168,45,xgboost,4.941849191553255
2018-03-30 05:00:00,etth1,HUFL,168,45,xgboost,4.946888727182757
2018-03-30 06:00:00,etth1,HUFL,168,45,xgboost,4.7997217025132874
2018-03-30 07:00:00,etth1,HUFL,168,45,xgboost,4.938345996792924
2018-03-30 08:00:00,etth1,HUFL,168,45,xgboost,5.057834175954089
2018-03-30 09:00:00,etth1,HUFL,168,45,xgboost,4.929881534824354
2018-03-30 10:00:00,etth1,HUFL,168,45,xgboost,4.937650167259086
2018-03-30 11:00:00,etth1,HUFL,168,45,xgboost,5.112761172265876
2018-03-30 12:00:00,etth1,HUFL,168,45,xgboost,4.789812105937536
2018-03-30 13:00:00,etth1,HUFL,168,45,xgboost,4.883442096038959
2018-03-30 14:00:00,etth1,HUFL,168,45,xgboost,4.945174751700459
2018-03-30 15:00:00,etth1,HUFL,168,45,xgboost,5.021364519290664
2018-03-30 16:00:00,etth1,HUFL,168,45,xgboost,4.980111383738519
2018-03-30 17:00:00,etth1,HUFL,168,45,xgboost,4.938090360338123
2018-03-30 18:00:00,etth1,HUFL,168,45,xgboost,4.95401829490175
2018-03-30 19:00:00,etth1,HUFL,168,45,xgboost,4.8217757330448325
2018-03-30 20:00:00,etth1,HUFL,168,45,xgboost,4.8332678170820085
2018-03-30 21:00:00,etth1,HUFL,168,45,xgboost,4.893842939840745
2018-03-30 22:00:00,etth1,HUFL,168,45,xgboost,4.75268856009418
2018-03-30 23:00:00,etth1,HUFL,168,45,xgboost,4.7192342154431755
2018-03-31 00:00:00,etth1,HUFL,168,45,xgboost,4.828690073174498
2018-03-31 01:00:00,etth1,HUFL,168,45,xgboost,4.85761967768792
2018-03-31 02:00:00,etth1,HUFL,168,45,xgboost,4.869373531200078
2018-03-31 03:00:00,etth1,HUFL,168,45,xgboost,4.891051199624155
2018-03-31 04:00:00,etth1,HUFL,168,45,xgboost,4.939452101418268
2018-03-31 05:00:00,etth1,HUFL,168,45,xgboost,4.969656174636432
2018-03-31 06:00:00,etth1,HUFL,168,45,xgboost,4.906914418365106
2018-03-31 07:00:00,etth1,HUFL,168,45,xgboost,5.104334000755524
2018-03-31 08:00:00,etth1,HUFL,168,45,xgboost,5.170093616080696
2018-03-31 09:00:00,etth1,HUFL,168,45,xgboost,5.027453309830558
2018-03-31 10:00:00,etth1,HUFL,168,45,xgboost,5.026294759232116
2018-03-31 11:00:00,etth1,HUFL,168,45,xgboost,4.9157652672269325
2018-03-31 12:00:00,etth1,HUFL,168,45,xgboost,4.90544331976958
2018-03-31 13:00:00,etth1,HUFL,168,45,xgboost,4.868740460917529
2018-03-31 14:00:00,etth1,HUFL,168,45,xgboost,5.306955083411874
2018-03-31 15:00:00,etth1,HUFL,168,45,xgboost,5.616929274099621
2018-03-31 16:00:00,etth1,HUFL,168,45,xgboost,5.424616288802461
2018-03-31 17:00:00,etth1,HUFL,168,45,xgboost,4.996792647128397
2018-03-31 18:00:00,etth1,HUFL,168,45,xgboost,5.097169773732985
2018-03-31 19:00:00,etth1,HUFL,168,45,xgboost,5.292140928757301
2018-03-31 20:00:00,etth1,HUFL,168,45,xgboost,5.149809312440297
2018-03-31 21:00:00,etth1,HUFL,168,45,xgboost,5.063191284374741
2018-03-31 22:00:00,etth1,HUFL,168,45,xgboost,5.104317884848893
2018-03-31 23:00:00,etth1,HUFL,168,45,xgboost,5.20129186601164
2018-04-01 00:00:00,etth1,HUFL,168,45,xgboost,5.1147524955348
2018-04-01 01:00:00,etth1,HUFL,168,45,xgboost,5.136654036241377
2018-04-01 02:00:00,etth1,HUFL,168,45,xgboost,4.800720650627366
2018-04-01 03:00:00,etth1,HUFL,168,45,xgboost,4.676304965929087
2018-04-01 04:00:00,etth1,HUFL,168,45,xgboost,4.479273142665838
2018-04-01 05:00:00,etth1,HUFL,168,45,xgboost,4.454001349564596
2018-04-01 06:00:00,etth1,HUFL,168,45,xgboost,4.301475213036961
2018-04-01 07:00:00,etth1,HUFL,168,45,xgboost,4.4513696352030125
2018-04-01 08:00:00,etth1,HUFL,168,45,xgboost,4.46309455773365
2018-04-01 09:00:00,etth1,HUFL,168,45,xgboost,4.409720258347503
2018-04-01 10:00:00,etth1,HUFL,168,45,xgboost,4.1883456410174364
2018-04-01 11:00:00,etth1,HUFL,168,45,xgboost,4.181837861702633
2018-04-01 12:00:00,etth1,HUFL,168,45,xgboost,4.119661196401569
2018-04-01 13:00:00,etth1,HUFL,168,45,xgboost,4.690854601048859
2018-04-01 14:00:00,etth1,HUFL,168,45,xgboost,4.671156351983502
2018-04-01 15:00:00,etth1,HUFL,168,45,xgboost,4.729048887513839
2018-04-01 16:00:00,etth1,HUFL,168,45,xgboost,4.71408878264805
2018-04-01 17:00:00,etth1,HUFL,168,45,xgboost,5.0272102417380164
2018-04-01 18:00:00,etth1,HUFL,168,45,xgboost,5.256251497089324
2018-04-01 19:00:00,etth1,HUFL,168,45,xgboost,5.15572282959112
2018-04-01 20:00:00,etth1,HUFL,168,45,xgboost,5.146634017846547
2018-04-01 21:00:00,etth1,HUFL,168,45,xgboost,5.027861110278921
2018-04-01 22:00:00,etth1,HUFL,168,45,xgboost,4.828700990098913
2018-04-01 23:00:00,etth1,HUFL,168,45,xgboost,4.677492681150408
2018-04-02 00:00:00,etth1,HUFL,168,45,xgboost,5.122551034202827
2018-04-02 01:00:00,etth1,HUFL,168,45,xgboost,4.652359056753999
2018-04-02 02:00:00,etth1,HUFL,168,45,xgboost,4.579195624591889
2018-04-02 03:00:00,etth1,HUFL,168,45,xgboost,4.515648151746156
2018-04-02 04:00:00,etth1,HUFL,168,45,xgboost,4.356700043620964
2018-04-02 05:00:00,etth1,HUFL,168,45,xgboost,4.111614132433648
2018-04-02 06:00:00,etth1,HUFL,168,45,xgboost,4.004274342875431
2018-04-02 07:00:00,etth1,HUFL,168,45,xgboost,4.189504956786304
2018-04-02 08:00:00,etth1,HUFL,168,45,xgboost,4.226149220491738
2018-04-02 09:00:00,etth1,HUFL,168,45,xgboost,4.45995537481497
2018-04-02 10:00:00,etth1,HUFL,168,45,xgboost,4.316418229478658
2018-04-02 11:00:00,etth1,HUFL,168,45,xgboost,4.086788988777673
2018-04-02 12:00:00,etth1,HUFL,168,45,xgboost,3.946152655358499
2018-04-02 13:00:00,etth1,HUFL,168,45,xgboost,4.0637743160379465
2018-04-02 14:00:00,etth1,HUFL,168,45,xgboost,4.221693456342585
2018-04-02 15:00:00,etth1,HUFL,168,45,xgboost,4.466891669753257
2018-04-02 16:00:00,etth1,HUFL,168,45,xgboost,4.867078637964286
2018-04-02 17:00:00,etth1,HUFL,168,45,xgboost,4.9857198329423245
2018-04-02 18:00:00,etth1,HUFL,168,45,xgboost,4.964948001711682
2018-04-02 19:00:00,etth1,HUFL,168,45,xgboost,5.0890306637117195
2018-04-02 20:00:00,etth1,HUFL,168,45,xgboost,5.09685848702604
2018-04-02 21:00:00,etth1,HUFL,168,45,xgboost,5.191446863447871
2018-04-02 22:00:00,etth1,HUFL,168,45,xgboost,5.018753560125832
2018-04-02 23:00:00,etth1,HUFL,168,45,xgboost,5.374504061898028
2018-04-03 00:00:00,etth1,HUFL,168,45,xgboost,5.265751049042101
2018-04-03 01:00:00,etth1,HUFL,168,45,xgboost,5.190478817323443
2018-04-03 02:00:00,etth1,HUFL,168,45,xgboost,5.16325932440591
2018-04-03 03:00:00,etth1,HUFL,168,45,xgboost,4.928993228597894
2018-04-03 04:00:00,etth1,HUFL,168,45,xgboost,4.8234209875469976
2018-04-03 05:00:00,etth1,HUFL,168,45,xgboost,4.598066888414963
2018-04-03 06:00:00,etth1,HUFL,168,45,xgboost,4.570292251343615
2018-04-03 07:00:00,etth1,HUFL,168,45,xgboost,4.658130471134293
2018-04-03 08:00:00,etth1,HUFL,168,45,xgboost,5.044311067417789
2018-04-03 09:00:00,etth1,HUFL,168,45,xgboost,4.75637383726916
2018-04-03 10:00:00,etth1,HUFL,168,45,xgboost,4.634507423290946
2018-04-03 11:00:00,etth1,HUFL,168,45,xgboost,4.476629063341074
2018-04-03 12:00:00,etth1,HUFL,168,45,xgboost,4.500073654959683
2018-04-03 13:00:00,etth1,HUFL,168,45,xgboost,4.501640636237296
2018-04-03 14:00:00,etth1,HUFL,168,45,xgboost,4.635903044363759
2018-04-03 15:00:00,etth1,HUFL,168,45,xgboost,4.8518330988735885
2018-04-03 16:00:00,etth1,HUFL,168,45,xgboost,5.10124967861894
2018-04-03 17:00:00,etth1,HUFL,168,45,xgboost,5.194389874047097
2018-04-03 18:00:00,etth1,HUFL,168,45,xgboost,5.1925486941083125
2018-04-03 19:00:00,etth1,HUFL,168,45,xgboost,5.245929208238357
2018-04-03 20:00:00,etth1,HUFL,168,45,xgboost,5.2473444205012445
2018-04-03 21:00:00,etth1,HUFL,168,45,xgboost,5.240075038259764
2018-04-03 22:00:00,etth1,HUFL,168,45,xgboost,5.2435772918739785
2018-04-03 23:00:00,etth1,HUFL,168,45,xgboost,5.403052820594899
2018-04-04 00:00:00,etth1,HUFL,168,45,xgboost,5.545799397573364
2018-04-04 01:00:00,etth1,HUFL,168,45,xgboost,5.2728290834861795
2018-04-04 02:00:00,etth1,HUFL,168,45,xgboost,5.307763701243524
2018-04-04 03:00:00,etth1,HUFL,168,45,xgboost,5.255815983740156
2018-04-04 04:00:00,etth1,HUFL,168,45,xgboost,5.366975004859318
2018-04-04 05:00:00,etth1,HUFL,168,45,xgboost,5.002011931187542
2018-04-04 06:00:00,etth1,HUFL,168,45,xgboost,5.009288899663043
2018-04-04 07:00:00,etth1,HUFL,168,45,xgboost,5.1022963453269305
2018-04-04 08:00:00,etth1,HUFL,168,45,xgboost,4.611853743039213
2018-04-04 09:00:00,etth1,HUFL,168,45,xgboost,4.92662310957679
2018-04-04 10:00:00,etth1,HUFL,168,45,xgboost,4.790977516111705
2018-04-04 11:00:00,etth1,HUFL,168,45,xgboost,4.460153459200686
2018-04-04 12:00:00,etth1,HUFL,168,45,xgboost,4.1668205104055875
2018-04-04 13:00:00,etth1,HUFL,168,45,xgboost,4.003295607135847
2018-04-04 14:00:00,etth1,HUFL,168,45,xgboost,4.071728405386092
2018-04-04 15:00:00,etth1,HUFL,168,45,xgboost,4.327487886847247
2018-04-04 16:00:00,etth1,HUFL,168,45,xgboost,4.701363339958571
2018-04-04 17:00:00,etth1,HUFL,168,45,xgboost,4.908305870693397
2018-04-04 18:00:00,etth1,HUFL,168,45,xgboost,5.366820581220007
2018-04-04 19:00:00,etth1,HUFL,168,45,xgboost,5.351821757203169
2018-04-04 20:00:00,etth1,HUFL,168,45,xgboost,5.385157033928498
2018-04-04 21:00:00,etth1,HUFL,168,45,xgboost,5.405208654634858
2018-04-04 22:00:00,etth1,HUFL,168,45,xgboost,5.461706140196425
2018-04-04 23:00:00,etth1,HUFL,168,45,xgboost,5.432645901351133
2018-04-05 00:00:00,etth1,HUFL,168,45,xgboost,5.132091404643905
2018-04-05 01:00:00,etth1,HUFL,168,45,xgboost,5.272375542095804
2018-04-05 02:00:00,etth1,HUFL,168,45,xgboost,5.171550961952433
2018-04-05 03:00:00,etth1,HUFL,168,45,xgboost,5.134183753160928
2018-04-05 04:00:00,etth1,HUFL,168,45,xgboost,5.048187221096423
2018-04-05 05:00:00,etth1,HUFL,168,45,xgboost,4.750182697890592
2018-04-05 06:00:00,etth1,HUFL,168,45,xgboost,4.650242919158713
2018-04-05 07:00:00,etth1,HUFL,168,45,xgboost,4.776386682770266
2018-04-05 08:00:00,etth1,HUFL,168,45,xgboost,4.920770142071349
2018-04-05 09:00:00,etth1,HUFL,168,45,xgboost,5.221905057331576
2018-04-05 10:00:00,etth1,HUFL,168,45,xgboost,4.929705375907828
2018-04-05 11:00:00,etth1,HUFL,168,45,xgboost,4.568774651523872
2018-04-05 12:00:00,etth1,HUFL,168,45,xgboost,4.242932300896522
2018-04-05 13:00:00,etth1,HUFL,168,45,xgboost,3.848360550522224
2018-04-05 14:00:00,etth1,HUFL,168,45,xgboost,4.96456503696339
2018-04-05 15:00:00,etth1,HUFL,168,45,xgboost,5.504955598940438
2018-04-05 16:00:00,etth1,HUFL,168,45,xgboost,5.674028281130693
2018-04-05 17:00:00,etth1,HUFL,168,45,xgboost,5.614635526257333
2018-04-05 18:00:00,etth1,HUFL,168,45,xgboost,5.739375915092981
2018-04-05 19:00:00,etth1,HUFL,168,45,xgboost,5.910560967148139
2018-04-05 20:00:00,etth1,HUFL,168,45,xgboost,6.020748774871337
2018-04-05 21:00:00,etth1,HUFL,168,45,xgboost,6.278037322773281
2018-04-05 22:00:00,etth1,HUFL,168,45,xgboost,6.122197212467405
2018-04-05 23:00:00,etth1,HUFL,168,45,xgboost,5.956799985151046
2018-04-06 00:00:00,etth1,HUFL,168,45,xgboost,5.9687938755856695
2018-04-06 01:00:00,etth1,HUFL,168,45,xgboost,5.918175132287817
2018-04-06 02:00:00,etth1,HUFL,168,45,xgboost,5.924432409295409
2018-04-06 03:00:00,etth1,HUFL,168,45,xgboost,5.95548391654327
2018-04-06 04:00:00,etth1,HUFL,168,45,xgboost,5.251252519899259
2018-04-06 05:00:00,etth1,HUFL,168,45,xgboost,5.370008599133874
2018-04-06 06:00:00,etth1,HUFL,168,45,xgboost,5.3290255542474325
2018-04-06 07:00:00,etth1,HUFL,168,45,xgboost,5.114277089725382
2018-04-06 08:00:00,etth1,HUFL,168,45,xgboost,5.694361363332232
2018-04-06 09:00:00,etth1,HUFL,168,45,xgboost,5.725162243249625
2018-04-06 10:00:00,etth1,HUFL,168,45,xgboost,5.458679618822285
2018-04-06 11:00:00,etth1,HUFL,168,45,xgboost,5.16088918658693
2018-04-06 12:00:00,etth1,HUFL,168,45,xgboost,4.379577766520423
2018-04-06 13:00:00,etth1,HUFL,168,45,xgboost,4.495919184544574
2018-04-06 14:00:00,etth1,HUFL,168,45,xgboost,5.204972590704806
2018-04-06 15:00:00,etth1,HUFL,168,45,xgboost,5.1695920255535
2018-04-06 16:00:00,etth1,HUFL,168,45,xgboost,4.987104227299916
2018-04-06 17:00:00,etth1,HUFL,168,45,xgboost,5.0111320312983665
2018-04-06 18:00:00,etth1,HUFL,168,45,xgboost,5.103330370451088
2018-04-06 19:00:00,etth1,HUFL,168,45,xgboost,5.295063412530632
2018-04-06 20:00:00,etth1,HUFL,168,45,xgboost,5.371297355002424
2018-04-06 21:00:00,etth1,HUFL,168,45,xgboost,5.354276910251165
2018-04-06 22:00:00,etth1,HUFL,168,45,xgboost,5.27941649639491
2018-04-06 23:00:00,etth1,HUFL,168,45,xgboost,5.175976850384942
2018-04-07 00:00:00,etth1,HUFL,168,45,xgboost,5.091571589188208
2018-04-07 01:00:00,etth1,HUFL,168,45,xgboost,5.38694293905916
2018-04-07 02:00:00,etth1,HUFL,168,45,xgboost,5.303853468052859
2018-04-07 03:00:00,etth1,HUFL,168,45,xgboost,5.043529221331495
2018-04-07 04:00:00,etth1,HUFL,168,45,xgboost,4.9590521036068695
2018-04-07 05:00:00,etth1,HUFL,168,45,xgboost,4.8177499275607785
2018-04-07 06:00:00,etth1,HUFL,168,45,xgboost,4.4587016823554855
2018-04-07 07:00:00,etth1,HUFL,168,45,xgboost,4.654736080285028
2018-04-07 08:00:00,etth1,HUFL,168,45,xgboost,4.75711408059329
2018-04-07 09:00:00,etth1,HUFL,168,45,xgboost,4.788269834074402
2018-04-07 10:00:00,etth1,HUFL,168,45,xgboost,4.4408123609960946
2018-04-07 11:00:00,etth1,HUFL,168,45,xgboost,4.40657859536513
2018-04-07 12:00:00,etth1,HUFL,168,45,xgboost,4.311460609284124
2018-04-07 13:00:00,etth1,HUFL,168,45,xgboost,4.364615552632015
2018-04-07 14:00:00,etth1,HUFL,168,45,xgboost,4.336144236183019
2018-04-07 15:00:00,etth1,HUFL,168,45,xgboost,4.195734649307859
2018-04-07 16:00:00,etth1,HUFL,168,45,xgboost,4.3955087729003575
2018-04-07 17:00:00,etth1,HUFL,168,45,xgboost,4.509407203261901
2018-04-07 18:00:00,etth1,HUFL,168,45,xgboost,4.919385871903087
2018-04-07 19:00:00,etth1,HUFL,168,45,xgboost,4.924764061663717
2018-04-07 20:00:00,etth1,HUFL,168,45,xgboost,4.987198813874426
2018-04-07 21:00:00,etth1,HUFL,168,45,xgboost,5.013064299870347
2018-04-07 22:00:00,etth1,HUFL,168,45,xgboost,4.881738344782586
2018-04-07 23:00:00,etth1,HUFL,168,45,xgboost,4.736270129466162
2018-04-08 00:00:00,etth1,HUFL,168,45,xgboost,4.722285680534126
2018-04-08 01:00:00,etth1,HUFL,168,45,xgboost,4.730946437812947
2018-04-08 02:00:00,etth1,HUFL,168,45,xgboost,4.565641401230081
2018-04-08 03:00:00,etth1,HUFL,168,45,xgboost,4.646027460412533
2018-04-08 04:00:00,etth1,HUFL,168,45,xgboost,4.407617989246117
2018-04-08 05:00:00,etth1,HUFL,168,45,xgboost,4.164185200167972
2018-04-08 06:00:00,etth1,HUFL,168,45,xgboost,4.333521429471081
2018-04-08 07:00:00,etth1,HUFL,168,45,xgboost,4.793908939414507
2018-04-08 08:00:00,etth1,HUFL,168,45,xgboost,4.789618252954119
2018-04-08 09:00:00,etth1,HUFL,168,45,xgboost,4.7149204792482715
2018-04-08 10:00:00,etth1,HUFL,168,45,xgboost,4.3340115209982155
2018-04-08 11:00:00,etth1,HUFL,168,45,xgboost,4.362660436853311
2018-04-08 12:00:00,etth1,HUFL,168,45,xgboost,4.6149966914186935
2018-04-08 13:00:00,etth1,HUFL,168,45,xgboost,4.77471157578237
2018-04-08 14:00:00,etth1,HUFL,168,45,xgboost,4.479005170466224
2018-04-08 15:00:00,etth1,HUFL,168,45,xgboost,4.401663791704614
2018-04-08 16:00:00,etth1,HUFL,168,45,xgboost,4.212379051477233
2018-04-08 17:00:00,etth1,HUFL,168,45,xgboost,4.464669460490772
2018-04-08 18:00:00,etth1,HUFL,168,45,xgboost,4.575411812165829
2018-04-08 19:00:00,etth1,HUFL,168,45,xgboost,4.716876799362744
2018-04-08 20:00:00,etth1,HUFL,168,45,xgboost,4.751300408370589
2018-04-08 21:00:00,etth1,HUFL,168,45,xgboost,4.601782907972131
2018-04-08 22:00:00,etth1,HUFL,168,45,xgboost,4.5995783494872216
2018-04-08 23:00:00,etth1,HUFL,168,45,xgboost,4.570793737527236
2018-04-09 00:00:00,etth1,HUFL,168,45,xgboost,4.622898829473907
2018-04-09 01:00:00,etth1,HUFL,168,45,xgboost,4.503510848968371
2018-04-09 02:00:00,etth1,HUFL,168,45,xgboost,4.524758730004622
2018-04-09 03:00:00,etth1,HUFL,168,45,xgboost,4.465555960959098
2018-04-09 04:00:00,etth1,HUFL,168,45,xgboost,4.107897283294271
2018-04-09 05:00:00,etth1,HUFL,168,45,xgboost,4.216643438230367
2018-04-09 06:00:00,etth1,HUFL,168,45,xgboost,4.126825387102656
2018-04-09 07:00:00,etth1,HUFL,168,45,xgboost,4.481767868495621
2018-04-09 08:00:00,etth1,HUFL,168,45,xgboost,4.866825672785636
2018-04-09 09:00:00,etth1,HUFL,168,45,xgboost,4.8300618893630425
2018-04-09 10:00:00,etth1,HUFL,168,45,xgboost,4.640177662817395
2018-04-09 11:00:00,etth1,HUFL,168,45,xgboost,4.746139391035543
2018-04-09 12:00:00,etth1,HUFL,168,45,xgboost,4.891955162657148
2018-04-09 13:00:00,etth1,HUFL,168,45,xgboost,4.9484147315625
2018-04-09 14:00:00,etth1,HUFL,168,45,xgboost,4.747490813426365
2018-04-09 15:00:00,etth1,HUFL,168,45,xgboost,4.591062204849363
2018-04-09 16:00:00,etth1,HUFL,168,45,xgboost,4.523803089533446
2018-04-09 17:00:00,etth1,HUFL,168,45,xgboost,4.519675951722014
2018-04-09 18:00:00,etth1,HUFL,168,45,xgboost,4.466569556735568
2018-04-09 19:00:00,etth1,HUFL,168,45,xgboost,4.538279349437123
2018-04-09 20:00:00,etth1,HUFL,168,45,xgboost,4.545035074751254
2018-04-09 21:00:00,etth1,HUFL,168,45,xgboost,4.502167525748772
2018-04-09 22:00:00,etth1,HUFL,168,45,xgboost,4.377022152499884
2018-04-09 23:00:00,etth1,HUFL,168,45,xgboost,4.452124733196903
2018-04-10 00:00:00,etth1,HUFL,168,45,xgboost,4.758553918652263
2018-04-10 01:00:00,etth1,HUFL,168,45,xgboost,4.502785045348774
2018-04-10 02:00:00,etth1,HUFL,168,45,xgboost,4.455079768415962
2018-04-10 03:00:00,etth1,HUFL,168,45,xgboost,4.268893038776844
2018-04-10 04:00:00,etth1,HUFL,168,45,xgboost,4.268478645765937
2018-04-10 05:00:00,etth1,HUFL,168,45,xgboost,4.193775019615838
2018-04-10 06:00:00,etth1,HUFL,168,45,xgboost,3.991000566035793
2018-04-10 07:00:00,etth1,HUFL,168,45,xgboost,4.350365251940365
2018-04-10 08:00:00,etth1,HUFL,168,45,xgboost,4.53539065457882
2018-04-10 09:00:00,etth1,HUFL,168,45,xgboost,4.629343146104629
2018-04-10 10:00:00,etth1,HUFL,168,45,xgboost,4.287841201146539
2018-04-10 11:00:00,etth1,HUFL,168,45,xgboost,4.243414533674141
2018-04-10 12:00:00,etth1,HUFL,168,45,xgboost,4.0709380662465335
2018-04-10 13:00:00,etth1,HUFL,168,45,xgboost,4.136484841191627
2018-04-10 14:00:00,etth1,HUFL,168,45,xgboost,4.143781721186175
2018-04-10 15:00:00,etth1,HUFL,168,45,xgboost,4.345646487372524
2018-04-10 16:00:00,etth1,HUFL,168,45,xgboost,4.361850522817683
2018-04-10 17:00:00,etth1,HUFL,168,45,xgboost,4.515841841746111
2018-04-10 18:00:00,etth1,HUFL,168,45,xgboost,4.549063286455331
2018-04-10 19:00:00,etth1,HUFL,168,45,xgboost,4.577601375924415
2018-04-10 20:00:00,etth1,HUFL,168,45,xgboost,4.541474122994659
2018-04-10 21:00:00,etth1,HUFL,168,45,xgboost,4.370668069519754
2018-04-10 22:00:00,etth1,HUFL,168,45,xgboost,4.393797470625008
2018-04-10 23:00:00,etth1,HUFL,168,45,xgboost,4.684176117715809
2018-04-11 00:00:00,etth1,HUFL,168,45,xgboost,4.963891143863905
2018-04-11 01:00:00,etth1,HUFL,168,45,xgboost,4.585280958050796
2018-04-11 02:00:00,etth1,HUFL,168,45,xgboost,4.523661069298777
2018-04-11 03:00:00,etth1,HUFL,168,45,xgboost,4.518465898201475
2018-04-11 04:00:00,etth1,HUFL,168,45,xgboost,4.383762058186653
2018-04-11 05:00:00,etth1,HUFL,168,45,xgboost,4.25762651804792
2018-04-11 06:00:00,etth1,HUFL,168,45,xgboost,4.122884141869223
2018-04-11 07:00:00,etth1,HUFL,168,45,xgboost,4.071447554821188
2018-04-11 08:00:00,etth1,HUFL,168,45,xgboost,4.296083048411431
2018-04-11 09:00:00,etth1,HUFL,168,45,xgboost,4.399922020770757
2018-04-11 10:00:00,etth1,HUFL,168,45,xgboost,4.464096146500018
2018-04-11 11:00:00,etth1,HUFL,168,45,xgboost,4.505134838703474
2018-04-11 12:00:00,etth1,HUFL,168,45,xgboost,4.5829662736571235
2018-04-11 13:00:00,etth1,HUFL,168,45,xgboost,4.486874840545929
2018-04-11 14:00:00,etth1,HUFL,168,45,xgboost,4.797404141743355
2018-04-11 15:00:00,etth1,HUFL,168,45,xgboost,4.779080819355808
2018-04-11 16:00:00,etth1,HUFL,168,45,xgboost,4.664308003999274
2018-04-11 17:00:00,etth1,HUFL,168,45,xgboost,4.818424706571644
2018-04-11 18:00:00,etth1,HUFL,168,45,xgboost,4.779707832835787
2018-04-11 19:00:00,etth1,HUFL,168,45,xgboost,4.755889094535309
2018-04-11 20:00:00,etth1,HUFL,168,45,xgboost,4.795960714969943
2018-04-11 21:00:00,etth1,HUFL,168,45,xgboost,4.766200265119862
2018-04-11 22:00:00,etth1,HUFL,168,45,xgboost,4.769948953567178
2018-04-11 23:00:00,etth1,HUFL,168,45,xgboost,5.261620438447765
2018-04-12 00:00:00,etth1,HUFL,168,45,xgboost,5.2309546467661
2018-04-12 01:00:00,etth1,HUFL,168,45,xgboost,5.141296272143201
2018-04-12 02:00:00,etth1,HUFL,168,45,xgboost,5.046912810847267
2018-04-12 03:00:00,etth1,HUFL,168,45,xgboost,5.056163247940807
2018-04-12 04:00:00,etth1,HUFL,168,45,xgboost,5.077771369204295
2018-04-12 05:00:00,etth1,HUFL,168,45,xgboost,5.154362545193919
2018-04-12 06:00:00,etth1,HUFL,168,45,xgboost,5.057288341189865
2018-04-12 07:00:00,etth1,HUFL,168,45,xgboost,4.585946542864782
2018-04-12 08:00:00,etth1,HUFL,168,45,xgboost,4.7848391423658585
2018-04-12 09:00:00,etth1,HUFL,168,45,xgboost,4.925097835512568
2018-04-12 10:00:00,etth1,HUFL,168,45,xgboost,4.99113416725353
2018-04-12 11:00:00,etth1,HUFL,168,45,xgboost,5.0976107142341345
2018-04-12 12:00:00,etth1,HUFL,168,45,xgboost,5.181424467193267
2018-04-12 13:00:00,etth1,HUFL,168,45,xgboost,5.360234554363125
2018-04-12 14:00:00,etth1,HUFL,168,45,xgboost,5.542094105800636
2018-04-12 15:00:00,etth1,HUFL,168,45,xgboost,5.7382661206681504
2018-04-12 16:00:00,etth1,HUFL,168,45,xgboost,5.619770770063277
2018-04-12 17:00:00,etth1,HUFL,168,45,xgboost,5.644796318004355
2018-04-12 18:00:00,etth1,HUFL,168,45,xgboost,5.641085999174633
2018-04-12 19:00:00,etth1,HUFL,168,45,xgboost,5.415931050157585
2018-04-12 20:00:00,etth1,HUFL,168,45,xgboost,5.413570432327084
2018-04-12 21:00:00,etth1,HUFL,168,45,xgboost,5.344576446922703
2018-04-12 22:00:00,etth1,HUFL,168,45,xgboost,5.2703063920296636
2018-04-12 23:00:00,etth1,HUFL,168,45,xgboost,5.551176322921575
2018-04-13 00:00:00,etth1,HUFL,168,45,xgboost,5.247094130456525
2018-04-13 01:00:00,etth1,HUFL,168,45,xgboost,5.129525003782685
2018-04-13 02:00:00,etth1,HUFL,168,45,xgboost,5.2347516266795315
2018-04-13 03:00:00,etth1,HUFL,168,45,xgboost,5.00192306328246
2018-04-13 04:00:00,etth1,HUFL,168,45,xgboost,5.134429301145706
2018-04-13 05:00:00,etth1,HUFL,168,45,xgboost,5.25239763688817
2018-04-13 06:00:00,etth1,HUFL,168,45,xgboost,5.0021678700276695
2018-04-13 07:00:00,etth1,HUFL,168,45,xgboost,4.96450126584463
2018-04-13 08:00:00,etth1,HUFL,168,45,xgboost,4.817199629414749
2018-04-13 09:00:00,etth1,HUFL,168,45,xgboost,5.089514754852512
2018-04-13 10:00:00,etth1,HUFL,168,45,xgboost,4.903104773981174
2018-04-13 11:00:00,etth1,HUFL,168,45,xgboost,4.882178144310733
2018-04-13 12:00:00,etth1,HUFL,168,45,xgboost,4.492656686265299
2018-04-13 13:00:00,etth1,HUFL,168,45,xgboost,4.938300616840254
2018-04-13 14:00:00,etth1,HUFL,168,45,xgboost,4.994786640096087
2018-04-13 15:00:00,etth1,HUFL,168,45,xgboost,5.185881649191659
2018-04-13 16:00:00,etth1,HUFL,168,45,xgboost,4.907551938205126
2018-04-13 17:00:00,etth1,HUFL,168,45,xgboost,5.133450418506235
2018-04-13 18:00:00,etth1,HUFL,168,45,xgboost,5.136537002274646
2018-04-13 19:00:00,etth1,HUFL,168,45,xgboost,4.986873917665896
2018-04-13 20:00:00,etth1,HUFL,168,45,xgboost,5.0042221649912255
2018-04-13 21:00:00,etth1,HUFL,168,45,xgboost,4.919146587423474
2018-04-13 22:00:00,etth1,HUFL,168,45,xgboost,4.841186162496583
2018-04-13 23:00:00,etth1,HUFL,168,45,xgboost,4.998506443796375
2018-04-14 00:00:00,etth1,HUFL,168,45,xgboost,4.860127793041884
2018-04-14 01:00:00,etth1,HUFL,168,45,xgboost,4.783056472528175
2018-04-14 02:00:00,etth1,HUFL,168,45,xgboost,4.729944060288078
2018-04-14 03:00:00,etth1,HUFL,168,45,xgboost,4.694145540699097
2018-04-14 04:00:00,etth1,HUFL,168,45,xgboost,4.669904807181158
2018-04-14 05:00:00,etth1,HUFL,168,45,xgboost,4.636129783935677
2018-04-14 06:00:00,etth1,HUFL,168,45,xgboost,4.503500603360722
2018-04-14 07:00:00,etth1,HUFL,168,45,xgboost,4.47283790263913
2018-04-14 08:00:00,etth1,HUFL,168,45,xgboost,5.0146948188681115
2018-04-14 09:00:00,etth1,HUFL,168,45,xgboost,4.636933586266361
2018-04-14 10:00:00,etth1,HUFL,168,45,xgboost,4.882466846985472
2018-04-14 11:00:00,etth1,HUFL,168,45,xgboost,4.689165615921617
2018-04-14 12:00:00,etth1,HUFL,168,45,xgboost,4.545602277508729
2018-04-14 13:00:00,etth1,HUFL,168,45,xgboost,4.54495501457163
2018-04-14 14:00:00,etth1,HUFL,168,45,xgboost,4.573780038767369
2018-04-14 15:00:00,etth1,HUFL,168,45,xgboost,4.578619013865788
2018-04-14 16:00:00,etth1,HUFL,168,45,xgboost,5.021007831375375
2018-04-14 17:00:00,etth1,HUFL,168,45,xgboost,5.157257123244075
2018-04-14 18:00:00,etth1,HUFL,168,45,xgboost,5.2266248568784235
2018-04-14 19:00:00,etth1,HUFL,168,45,xgboost,5.4271101226178615
2018-04-14 20:00:00,etth1,HUFL,168,45,xgboost,5.355892840849397
2018-04-14 21:00:00,etth1,HUFL,168,45,xgboost,5.335981573746828
2018-04-14 22:00:00,etth1,HUFL,168,45,xgboost,5.328283464999212
2018-04-14 23:00:00,etth1,HUFL,168,45,xgboost,5.274622341262813
2018-04-15 00:00:00,etth1,HUFL,168,45,xgboost,5.587107872335664
2018-04-15 01:00:00,etth1,HUFL,168,45,xgboost,5.2273490431697285
2018-04-15 02:00:00,etth1,HUFL,168,45,xgboost,5.2067520746383495
2018-04-15 03:00:00,etth1,HUFL,168,45,xgboost,5.022348502559102
2018-04-15 04:00:00,etth1,HUFL,168,45,xgboost,4.922139349271344
2018-04-15 05:00:00,etth1,HUFL,168,45,xgboost,5.02755219424264
2018-04-15 06:00:00,etth1,HUFL,168,45,xgboost,4.786122493242139
2018-04-15 07:00:00,etth1,HUFL,168,45,xgboost,4.780117607889878
2018-04-15 08:00:00,etth1,HUFL,168,45,xgboost,5.1688720960636525
2018-04-15 09:00:00,etth1,HUFL,168,45,xgboost,5.039105013085309
2018-04-15 10:00:00,etth1,HUFL,168,45,xgboost,4.818501181761577
2018-04-15 11:00:00,etth1,HUFL,168,45,xgboost,4.986707137971538
2018-04-15 12:00:00,etth1,HUFL,168,45,xgboost,4.602327814702348
2018-04-15 13:00:00,etth1,HUFL,168,45,xgboost,4.513241867823099
2018-04-15 14:00:00,etth1,HUFL,168,45,xgboost,4.474531983457412
2018-04-15 15:00:00,etth1,HUFL,168,45,xgboost,4.354251943087819
2018-04-15 16:00:00,etth1,HUFL,168,45,xgboost,4.55212221075343
2018-04-15 17:00:00,etth1,HUFL,168,45,xgboost,4.5952183995563285
2018-04-15 18:00:00,etth1,HUFL,168,45,xgboost,4.560480038119158
2018-04-15 19:00:00,etth1,HUFL,168,45,xgboost,4.557069305815523
2018-04-15 20:00:00,etth1,HUFL,168,45,xgboost,4.598515771396277
2018-04-15 21:00:00,etth1,HUFL,168,45,xgboost,4.644488593111622
2018-04-15 22:00:00,etth1,HUFL,168,45,xgboost,4.706304918980324
2018-04-15 23:00:00,etth1,HUFL,168,45,xgboost,4.82512592574477
2018-04-16 00:00:00,etth1,HUFL,168,45,xgboost,4.693660539375134
2018-04-16 01:00:00,etth1,HUFL,168,45,xgboost,4.8234378243677725
2018-04-16 02:00:00,etth1,HUFL,168,45,xgboost,4.5681813472210635
2018-04-16 03:00:00,etth1,HUFL,168,45,xgboost,4.417128355971177
2018-04-16 04:00:00,etth1,HUFL,168,45,xgboost,4.411561372442959
2018-04-16 05:00:00,etth1,HUFL,168,45,xgboost,4.408856226132076
2018-04-16 06:00:00,etth1,HUFL,168,45,xgboost,4.240713580454662
2018-04-16 07:00:00,etth1,HUFL,168,45,xgboost,4.375238551104691
2018-04-16 08:00:00,etth1,HUFL,168,45,xgboost,4.29156510472543
2018-04-16 09:00:00,etth1,HUFL,168,45,xgboost,4.634201884083597
2018-04-16 10:00:00,etth1,HUFL,168,45,xgboost,4.635582093363071
2018-04-16 11:00:00,etth1,HUFL,168,45,xgboost,4.784212350072822
2018-04-16 12:00:00,etth1,HUFL,168,45,xgboost,4.893537675157751
2018-04-16 13:00:00,etth1,HUFL,168,45,xgboost,4.9726758695568485
2018-04-16 14:00:00,etth1,HUFL,168,45,xgboost,4.941677040879936
2018-04-16 15:00:00,etth1,HUFL,168,45,xgboost,4.816423496224688
2018-04-16 16:00:00,etth1,HUFL,168,45,xgboost,4.703161332995641
2018-04-16 17:00:00,etth1,HUFL,168,45,xgboost,4.525154199826498
2018-04-16 18:00:00,etth1,HUFL,168,45,xgboost,4.7308543535736085
2018-04-16 19:00:00,etth1,HUFL,168,45,xgboost,4.661279255926106
2018-04-16 20:00:00,etth1,HUFL,168,45,xgboost,4.702578845717268
2018-04-16 21:00:00,etth1,HUFL,168,45,xgboost,4.665401807720342
2018-04-16 22:00:00,etth1,HUFL,168,45,xgboost,4.848121031234645
2018-04-16 23:00:00,etth1,HUFL,168,45,xgboost,4.71538102844451
2018-04-17 00:00:00,etth1,HUFL,168,45,xgboost,5.010407995769748
2018-04-17 01:00:00,etth1,HUFL,168,45,xgboost,4.808147523920242
2018-04-17 02:00:00,etth1,HUFL,168,45,xgboost,4.695488821458398
2018-04-17 03:00:00,etth1,HUFL,168,45,xgboost,4.509656991537014
2018-04-17 04:00:00,etth1,HUFL,168,45,xgboost,4.581341822231655
2018-04-17 05:00:00,etth1,HUFL,168,45,xgboost,4.58701004431094
2018-04-17 06:00:00,etth1,HUFL,168,45,xgboost,4.366472998886508
2018-04-17 07:00:00,etth1,HUFL,168,45,xgboost,4.656521891888618
2018-04-17 08:00:00,etth1,HUFL,168,45,xgboost,5.048334881017957
2018-04-17 09:00:00,etth1,HUFL,168,45,xgboost,5.068978013182183
2018-04-17 10:00:00,etth1,HUFL,168,45,xgboost,4.923171503608468
2018-04-17 11:00:00,etth1,HUFL,168,45,xgboost,4.556615238842381
2018-04-17 12:00:00,etth1,HUFL,168,45,xgboost,4.499170741332366
2018-04-17 13:00:00,etth1,HUFL,168,45,xgboost,4.540592578728733
2018-04-17 14:00:00,etth1,HUFL,168,45,xgboost,4.44325805037055
2018-04-17 15:00:00,etth1,HUFL,168,45,xgboost,4.379789796890575
2018-04-17 16:00:00,etth1,HUFL,168,45,xgboost,4.333405987620426
2018-04-17 17:00:00,etth1,HUFL,168,45,xgboost,4.299403461572668
2018-04-17 18:00:00,etth1,HUFL,168,45,xgboost,4.446672323760486
2018-04-17 19:00:00,etth1,HUFL,168,45,xgboost,4.440030540890164
2018-04-17 20:00:00,etth1,HUFL,168,45,xgboost,4.395004547640146
2018-04-17 21:00:00,etth1,HUFL,168,45,xgboost,4.408021226044711
2018-04-17 22:00:00,etth1,HUFL,168,45,xgboost,4.3467260637872895
2018-04-17 23:00:00,etth1,HUFL,168,45,xgboost,4.292830911999475
2018-04-18 00:00:00,etth1,HUFL,168,45,xgboost,4.2621094564213236
2018-04-18 01:00:00,etth1,HUFL,168,45,xgboost,4.232769141174894
2018-04-18 02:00:00,etth1,HUFL,168,45,xgboost,4.331322818318198
2018-04-18 03:00:00,etth1,HUFL,168,45,xgboost,4.131711687463492
2018-04-18 04:00:00,etth1,HUFL,168,45,xgboost,4.229136656049768
2018-04-18 05:00:00,etth1,HUFL,168,45,xgboost,3.985024984428511
2018-04-18 06:00:00,etth1,HUFL,168,45,xgboost,4.056884946308584
2018-04-18 07:00:00,etth1,HUFL,168,45,xgboost,4.45265046229294
2018-04-18 08:00:00,etth1,HUFL,168,45,xgboost,4.667571974466851
2018-04-18 09:00:00,etth1,HUFL,168,45,xgboost,4.342101301931956
2018-04-18 10:00:00,etth1,HUFL,168,45,xgboost,4.295749856049279
2018-04-18 11:00:00,etth1,HUFL,168,45,xgboost,4.429286029957226
2018-04-18 12:00:00,etth1,HUFL,168,45,xgboost,4.327915177168224
2018-04-18 13:00:00,etth1,HUFL,168,45,xgboost,4.451433086681111
2018-04-18 14:00:00,etth1,HUFL,168,45,xgboost,4.28612880449508
2018-04-18 15:00:00,etth1,HUFL,168,45,xgboost,4.133292845211308
2018-04-18 16:00:00,etth1,HUFL,168,45,xgboost,4.0393741184177525
2018-04-18 17:00:00,etth1,HUFL,168,45,xgboost,4.059036957463175
2018-04-18 18:00:00,etth1,HUFL,168,45,xgboost,4.194495886821913
2018-04-18 19:00:00,etth1,HUFL,168,45,xgboost,4.078849865451024
2018-04-18 20:00:00,etth1,HUFL,168,45,xgboost,4.056381323561582
2018-04-18 21:00:00,etth1,HUFL,168,45,xgboost,4.011871677380744
2018-04-18 22:00:00,etth1,HUFL,168,45,xgboost,3.966314316272728
2018-04-18 23:00:00,etth1,HUFL,168,45,xgboost,3.902419163898486
2018-04-19 00:00:00,etth1,HUFL,168,45,xgboost,3.8999382724815184
2018-04-19 01:00:00,etth1,HUFL,168,45,xgboost,3.8238516365305832
2018-04-19 02:00:00,etth1,HUFL,168,45,xgboost,3.813923525046234
2018-04-19 03:00:00,etth1,HUFL,168,45,xgboost,3.789324247564097
2018-04-19 04:00:00,etth1,HUFL,168,45,xgboost,3.962757262172905
2018-04-19 05:00:00,etth1,HUFL,168,45,xgboost,3.8987180378334623
2018-04-19 06:00:00,etth1,HUFL,168,45,xgboost,3.872330231062731
2018-04-19 07:00:00,etth1,HUFL,168,45,xgboost,4.0718183039705576
2018-04-19 08:00:00,etth1,HUFL,168,45,xgboost,4.338176385617338
2018-04-19 09:00:00,etth1,HUFL,168,45,xgboost,4.125241828642868
2018-04-19 10:00:00,etth1,HUFL,168,45,xgboost,3.9744022301914197
2018-04-19 11:00:00,etth1,HUFL,168,45,xgboost,4.4936514863084085
2018-04-19 12:00:00,etth1,HUFL,168,45,xgboost,4.1191554190325785
2018-04-19 13:00:00,etth1,HUFL,168,45,xgboost,3.9109761884610945
2018-04-19 14:00:00,etth1,HUFL,168,45,xgboost,3.9146277333736315
2018-04-19 15:00:00,etth1,HUFL,168,45,xgboost,3.8487839844827767
2018-04-19 16:00:00,etth1,HUFL,168,45,xgboost,3.7032187551018487
2018-04-19 17:00:00,etth1,HUFL,168,45,xgboost,3.7509752080726924
2018-04-19 18:00:00,etth1,HUFL,168,45,xgboost,3.8914532284857417
2018-04-19 19:00:00,etth1,HUFL,168,45,xgboost,3.900036120550863
2018-04-19 20:00:00,etth1,HUFL,168,45,xgboost,3.823539779225422
2018-04-19 21:00:00,etth1,HUFL,168,45,xgboost,3.674730891165214
2018-04-19 22:00:00,etth1,HUFL,168,45,xgboost,3.7702652799181053
2018-04-19 23:00:00,etth1,HUFL,168,45,xgboost,3.8637343189059528
2018-04-20 00:00:00,etth1,HUFL,168,45,xgboost,4.0647633253240985
2018-04-20 01:00:00,etth1,HUFL,168,45,xgboost,3.801809428289289
2018-04-20 02:00:00,etth1,HUFL,168,45,xgboost,3.68051476214319
2018-04-20 03:00:00,etth1,HUFL,168,45,xgboost,3.615122780189687
2018-04-20 04:00:00,etth1,HUFL,168,45,xgboost,3.7882023967622254
2018-04-20 05:00:00,etth1,HUFL,168,45,xgboost,3.721953455746968
2018-04-20 06:00:00,etth1,HUFL,168,45,xgboost,3.6074605609672754
2018-04-20 07:00:00,etth1,HUFL,168,45,xgboost,3.6571472056757908
2018-04-20 08:00:00,etth1,HUFL,168,45,xgboost,3.866878183277124
2018-04-20 09:00:00,etth1,HUFL,168,45,xgboost,4.178801997299392
2018-04-20 10:00:00,etth1,HUFL,168,45,xgboost,4.451270406313491
2018-04-20 11:00:00,etth1,HUFL,168,45,xgboost,4.677052308022364
2018-04-20 12:00:00,etth1,HUFL,168,45,xgboost,4.30424609182149
2018-04-20 13:00:00,etth1,HUFL,168,45,xgboost,4.55537178765591
2018-04-20 14:00:00,etth1,HUFL,168,45,xgboost,4.641862483748226
2018-04-20 15:00:00,etth1,HUFL,168,45,xgboost,4.45833626906432
2018-04-20 16:00:00,etth1,HUFL,168,45,xgboost,4.579557790907176
2018-04-20 17:00:00,etth1,HUFL,168,45,xgboost,4.402514944935844
2018-04-20 18:00:00,etth1,HUFL,168,45,xgboost,4.467182377057151
2018-04-20 19:00:00,etth1,HUFL,168,45,xgboost,4.418181191412792
2018-04-20 20:00:00,etth1,HUFL,168,45,xgboost,4.39196472391694
2018-04-20 21:00:00,etth1,HUFL,168,45,xgboost,4.412575692726857
2018-04-20 22:00:00,etth1,HUFL,168,45,xgboost,4.362041859306192
2018-04-20 23:00:00,etth1,HUFL,168,45,xgboost,4.709087751564359
2018-04-21 00:00:00,etth1,HUFL,168,45,xgboost,4.655710797918618
2018-04-21 01:00:00,etth1,HUFL,168,45,xgboost,4.436072226576771
2018-04-21 02:00:00,etth1,HUFL,168,45,xgboost,4.277946910964588
2018-04-21 03:00:00,etth1,HUFL,168,45,xgboost,4.361469622337016
2018-04-21 04:00:00,etth1,HUFL,168,45,xgboost,4.374601130272852
2018-04-21 05:00:00,etth1,HUFL,168,45,xgboost,4.3832666452679305
2018-04-21 06:00:00,etth1,HUFL,168,45,xgboost,4.285800973295368
2018-04-21 07:00:00,etth1,HUFL,168,45,xgboost,4.143452610148458
2018-04-21 08:00:00,etth1,HUFL,168,45,xgboost,4.217371714201815
2018-04-21 09:00:00,etth1,HUFL,168,45,xgboost,4.304165286889433
2018-04-21 10:00:00,etth1,HUFL,168,45,xgboost,4.490488026888021
2018-04-21 11:00:00,etth1,HUFL,168,45,xgboost,4.472513782177375
2018-04-21 12:00:00,etth1,HUFL,168,45,xgboost,4.509953194973117
2018-04-21 13:00:00,etth1,HUFL,168,45,xgboost,4.432841675798999
2018-04-21 14:00:00,etth1,HUFL,168,45,xgboost,4.332828651937164
2018-04-21 15:00:00,etth1,HUFL,168,45,xgboost,4.49703094405184
2018-04-21 16:00:00,etth1,HUFL,168,45,xgboost,4.369216977640636
2018-04-21 17:00:00,etth1,HUFL,168,45,xgboost,4.588806860591459
2018-04-21 18:00:00,etth1,HUFL,168,45,xgboost,4.302488595319923
2018-04-21 19:00:00,etth1,HUFL,168,45,xgboost,4.180674790008844
2018-04-21 20:00:00,etth1,HUFL,168,45,xgboost,4.286122613844968
2018-04-21 21:00:00,etth1,HUFL,168,45,xgboost,4.284703859419911
2018-04-21 22:00:00,etth1,HUFL,168,45,xgboost,4.324009595742604
2018-04-21 23:00:00,etth1,HUFL,168,45,xgboost,4.55591397227953
2018-04-22 00:00:00,etth1,HUFL,168,45,xgboost,4.517333379494799
2018-04-22 01:00:00,etth1,HUFL,168,45,xgboost,4.117851134525514
2018-04-22 02:00:00,etth1,HUFL,168,45,xgboost,4.283531314469286
2018-04-22 03:00:00,etth1,HUFL,168,45,xgboost,4.190511560914855
2018-04-22 04:00:00,etth1,HUFL,168,45,xgboost,4.233564623329735
2018-04-22 05:00:00,etth1,HUFL,168,45,xgboost,4.274218176943522
2018-04-22 06:00:00,etth1,HUFL,168,45,xgboost,4.095194445780224
2018-04-22 07:00:00,etth1,HUFL,168,45,xgboost,4.088753702120222
2018-04-22 08:00:00,etth1,HUFL,168,45,xgboost,4.386339099227581
2018-04-22 09:00:00,etth1,HUFL,168,45,xgboost,4.2922853293643515
2018-04-22 10:00:00,etth1,HUFL,168,45,xgboost,4.294862109464303
2018-04-22 11:00:00,etth1,HUFL,168,45,xgboost,4.0666805488926885
2018-04-22 12:00:00,etth1,HUFL,168,45,xgboost,3.842791991087229
2018-04-22 13:00:00,etth1,HUFL,168,45,xgboost,3.79620830484495
2018-04-22 14:00:00,etth1,HUFL,168,45,xgboost,3.996140293682178
2018-04-22 15:00:00,etth1,HUFL,168,45,xgboost,3.9680704275548555
2018-04-22 16:00:00,etth1,HUFL,168,45,xgboost,4.3708175311646205
2018-04-22 17:00:00,etth1,HUFL,168,45,xgboost,4.276772709289309
2018-04-22 18:00:00,etth1,HUFL,168,45,xgboost,4.129050100430935
2018-04-22 19:00:00,etth1,HUFL,168,45,xgboost,4.107095371871787
2018-04-22 20:00:00,etth1,HUFL,168,45,xgboost,4.101731283953941
2018-04-22 21:00:00,etth1,HUFL,168,45,xgboost,3.9858746049918663
2018-04-22 22:00:00,etth1,HUFL,168,45,xgboost,4.011144147083087
2018-04-22 23:00:00,etth1,HUFL,168,45,xgboost,4.087282833353183
2018-04-23 00:00:00,etth1,HUFL,168,45,xgboost,3.6456627452759927
2018-04-23 01:00:00,etth1,HUFL,168,45,xgboost,3.861898636291715
2018-04-23 02:00:00,etth1,HUFL,168,45,xgboost,3.8410684258570065
2018-04-23 03:00:00,etth1,HUFL,168,45,xgboost,3.7944553678140585
2018-04-23 04:00:00,etth1,HUFL,168,45,xgboost,3.8376590532621786
2018-04-23 05:00:00,etth1,HUFL,168,45,xgboost,3.7809496497852435
2018-04-23 06:00:00,etth1,HUFL,168,45,xgboost,3.487381357919254
2018-04-23 07:00:00,etth1,HUFL,168,45,xgboost,3.725543327766861
2018-04-23 08:00:00,etth1,HUFL,168,45,xgboost,4.267558817062683
2018-04-23 09:00:00,etth1,HUFL,168,45,xgboost,4.018247078792537
2018-04-23 10:00:00,etth1,HUFL,168,45,xgboost,3.8322225944516326
2018-04-23 11:00:00,etth1,HUFL,168,45,xgboost,3.488541022147855
2018-04-23 12:00:00,etth1,HUFL,168,45,xgboost,3.764347294134786
2018-04-23 13:00:00,etth1,HUFL,168,45,xgboost,3.8469463833812716
2018-04-23 14:00:00,etth1,HUFL,168,45,xgboost,3.5078736964908748
2018-04-23 15:00:00,etth1,HUFL,168,45,xgboost,3.688439794352785
2018-04-23 16:00:00,etth1,HUFL,168,45,xgboost,3.783239690360494
2018-04-23 17:00:00,etth1,HUFL,168,45,xgboost,3.8469487461703897
2018-04-23 18:00:00,etth1,HUFL,168,45,xgboost,3.989247892567522
2018-04-23 19:00:00,etth1,HUFL,168,45,xgboost,3.983776061173391
2018-04-23 20:00:00,etth1,HUFL,168,45,xgboost,4.06647694158153
2018-04-23 21:00:00,etth1,HUFL,168,45,xgboost,4.226644268520561
2018-04-23 22:00:00,etth1,HUFL,168,45,xgboost,4.227219063996867
2018-04-23 23:00:00,etth1,HUFL,168,45,xgboost,4.040823994595716
2018-04-24 00:00:00,etth1,HUFL,168,45,xgboost,3.976879501113937
2018-04-24 01:00:00,etth1,HUFL,168,45,xgboost,3.963617787343144
2018-04-24 02:00:00,etth1,HUFL,168,45,xgboost,3.9712557115817955
2018-04-24 03:00:00,etth1,HUFL,168,45,xgboost,3.7885535864986286
2018-04-24 04:00:00,etth1,HUFL,168,45,xgboost,3.6756423110189123
2018-04-24 05:00:00,etth1,HUFL,168,45,xgboost,3.4665510705723777
2018-04-24 06:00:00,etth1,HUFL,168,45,xgboost,3.4201336917355563
2018-04-24 07:00:00,etth1,HUFL,168,45,xgboost,3.5906272476258
2018-04-24 08:00:00,etth1,HUFL,168,45,xgboost,4.1802551694890235
2018-04-24 09:00:00,etth1,HUFL,168,45,xgboost,4.403704103030885
2018-04-24 10:00:00,etth1,HUFL,168,45,xgboost,3.5313374769739028
2018-04-24 11:00:00,etth1,HUFL,168,45,xgboost,3.3537931006543844
2018-04-24 12:00:00,etth1,HUFL,168,45,xgboost,3.3914552697158666
2018-04-24 13:00:00,etth1,HUFL,168,45,xgboost,3.376126653888827
2018-04-24 14:00:00,etth1,HUFL,168,45,xgboost,3.6331336732840716
2018-04-24 15:00:00,etth1,HUFL,168,45,xgboost,3.7983430782978655
2018-04-24 16:00:00,etth1,HUFL,168,45,xgboost,3.9275231594815545
2018-04-24 17:00:00,etth1,HUFL,168,45,xgboost,4.27640840199777
2018-04-24 18:00:00,etth1,HUFL,168,45,xgboost,3.9278617209608417
2018-04-24 19:00:00,etth1,HUFL,168,45,xgboost,3.7353519209321826
2018-04-24 20:00:00,etth1,HUFL,168,45,xgboost,3.795824266709196
2018-04-24 21:00:00,etth1,HUFL,168,45,xgboost,3.778211139489549
2018-04-24 22:00:00,etth1,HUFL,168,45,xgboost,3.8225931043958035
2018-04-24 23:00:00,etth1,HUFL,168,45,xgboost,3.8046584967721495
2018-04-25 00:00:00,etth1,HUFL,168,45,xgboost,3.9052543949347744
2018-04-25 01:00:00,etth1,HUFL,168,45,xgboost,3.683985006303597
2018-04-25 02:00:00,etth1,HUFL,168,45,xgboost,3.652482674835246
2018-04-25 03:00:00,etth1,HUFL,168,45,xgboost,3.7028229376841777
2018-04-25 04:00:00,etth1,HUFL,168,45,xgboost,3.654676807925911
2018-04-25 05:00:00,etth1,HUFL,168,45,xgboost,3.426563909619493
2018-04-25 06:00:00,etth1,HUFL,168,45,xgboost,3.2363470307375595
2018-04-25 07:00:00,etth1,HUFL,168,45,xgboost,3.5220893225847516
2018-04-25 08:00:00,etth1,HUFL,168,45,xgboost,3.9655110793501143
2018-04-25 09:00:00,etth1,HUFL,168,45,xgboost,4.041902863868806
2018-04-25 10:00:00,etth1,HUFL,168,45,xgboost,3.7295146307933655
2018-04-25 11:00:00,etth1,HUFL,168,45,xgboost,3.6357323191892656
2018-04-25 12:00:00,etth1,HUFL,168,45,xgboost,3.4701193605276925
2018-04-25 13:00:00,etth1,HUFL,168,45,xgboost,3.2201121436445406
2018-04-25 14:00:00,etth1,HUFL,168,45,xgboost,3.2813568644354327
2018-04-25 15:00:00,etth1,HUFL,168,45,xgboost,3.4601349121200435
2018-04-25 16:00:00,etth1,HUFL,168,45,xgboost,3.7544614417288282
2018-04-25 17:00:00,etth1,HUFL,168,45,xgboost,3.535501999073654
2018-04-25 18:00:00,etth1,HUFL,168,45,xgboost,3.8183274685888904
2018-04-25 19:00:00,etth1,HUFL,168,45,xgboost,3.641589063210818
2018-04-25 20:00:00,etth1,HUFL,168,45,xgboost,3.607028537887883
2018-04-25 21:00:00,etth1,HUFL,168,45,xgboost,3.6445043834733637
2018-04-25 22:00:00,etth1,HUFL,168,45,xgboost,3.592282097922828
2018-04-25 23:00:00,etth1,HUFL,168,45,xgboost,3.792345722730726
2018-04-26 00:00:00,etth1,HUFL,168,45,xgboost,3.753482465769312
2018-04-26 01:00:00,etth1,HUFL,168,45,xgboost,3.5207065093542114
2018-04-26 02:00:00,etth1,HUFL,168,45,xgboost,3.4239211184142344
2018-04-26 03:00:00,etth1,HUFL,168,45,xgboost,3.501149422355216
2018-04-26 04:00:00,etth1,HUFL,168,45,xgboost,3.5015037930004964
2018-04-26 05:00:00,etth1,HUFL,168,45,xgboost,3.1447003262335382
2018-04-26 06:00:00,etth1,HUFL,168,45,xgboost,2.919806261986107
2018-04-26 07:00:00,etth1,HUFL,168,45,xgboost,3.2553712258399683
2018-04-26 08:00:00,etth1,HUFL,168,45,xgboost,3.5164346189362834
2018-04-26 09:00:00,etth1,HUFL,168,45,xgboost,3.57416889415896
2018-04-26 10:00:00,etth1,HUFL,168,45,xgboost,3.946945521074953
2018-04-26 11:00:00,etth1,HUFL,168,45,xgboost,3.8290261292416403
2018-04-26 12:00:00,etth1,HUFL,168,45,xgboost,4.000029363717519
2018-04-26 13:00:00,etth1,HUFL,168,45,xgboost,3.609857151427265
2018-04-26 14:00:00,etth1,HUFL,168,45,xgboost,3.6307323927397865
2018-04-26 15:00:00,etth1,HUFL,168,45,xgboost,3.9262554677865107
2018-04-26 16:00:00,etth1,HUFL,168,45,xgboost,3.8866272889929987
2018-04-26 17:00:00,etth1,HUFL,168,45,xgboost,3.961338585174283
2018-04-26 18:00:00,etth1,HUFL,168,45,xgboost,4.075760982543531
2018-04-26 19:00:00,etth1,HUFL,168,45,xgboost,4.249995531379105
2018-04-26 20:00:00,etth1,HUFL,168,45,xgboost,4.196998857766468
2018-04-26 21:00:00,etth1,HUFL,168,45,xgboost,4.167003322238598
2018-04-26 22:00:00,etth1,HUFL,168,45,xgboost,4.127922656633879
2018-04-26 23:00:00,etth1,HUFL,168,45,xgboost,4.12325374493635
2018-04-27 00:00:00,etth1,HUFL,168,45,xgboost,4.310475839545958
2018-04-27 01:00:00,etth1,HUFL,168,45,xgboost,4.184236253763454
2018-04-27 02:00:00,etth1,HUFL,168,45,xgboost,4.041956994146439
2018-04-27 03:00:00,etth1,HUFL,168,45,xgboost,4.144643204122578
2018-04-27 04:00:00,etth1,HUFL,168,45,xgboost,4.071001627080002
2018-04-27 05:00:00,etth1,HUFL,168,45,xgboost,3.8202538891016453
2018-04-27 06:00:00,etth1,HUFL,168,45,xgboost,3.7819055527041137
2018-04-27 07:00:00,etth1,HUFL,168,45,xgboost,4.124805535387373
2018-04-27 08:00:00,etth1,HUFL,168,45,xgboost,4.37561620748365
2018-04-27 09:00:00,etth1,HUFL,168,45,xgboost,4.483488439596098
2018-04-27 10:00:00,etth1,HUFL,168,45,xgboost,3.93745671753072
2018-04-27 11:00:00,etth1,HUFL,168,45,xgboost,3.6168960576114606
2018-04-27 12:00:00,etth1,HUFL,168,45,xgboost,3.5804576715579
2018-04-27 13:00:00,etth1,HUFL,168,45,xgboost,3.692226997825633
2018-04-27 14:00:00,etth1,HUFL,168,45,xgboost,3.7183886236053976
2018-04-27 15:00:00,etth1,HUFL,168,45,xgboost,3.7960675144711833
2018-04-27 16:00:00,etth1,HUFL,168,45,xgboost,4.124777474286164
2018-04-27 17:00:00,etth1,HUFL,168,45,xgboost,4.1216583380786185
2018-04-27 18:00:00,etth1,HUFL,168,45,xgboost,4.282986257739314
2018-04-27 19:00:00,etth1,HUFL,168,45,xgboost,4.214125641493011
2018-04-27 20:00:00,etth1,HUFL,168,45,xgboost,4.227834066592477
2018-04-27 21:00:00,etth1,HUFL,168,45,xgboost,4.3039257057416895
2018-04-27 22:00:00,etth1,HUFL,168,45,xgboost,4.22552267327304
2018-04-27 23:00:00,etth1,HUFL,168,45,xgboost,4.342942910727849
2018-04-28 00:00:00,etth1,HUFL,168,45,xgboost,4.189885186354341
2018-04-28 01:00:00,etth1,HUFL,168,45,xgboost,4.223859279444383
2018-04-28 02:00:00,etth1,HUFL,168,45,xgboost,4.166100400114692
2018-04-28 03:00:00,etth1,HUFL,168,45,xgboost,4.1297605252383125
2018-04-28 04:00:00,etth1,HUFL,168,45,xgboost,4.028535429537687
2018-04-28 05:00:00,etth1,HUFL,168,45,xgboost,3.807042785546816
2018-04-28 06:00:00,etth1,HUFL,168,45,xgboost,3.5929158044594467
2018-04-28 07:00:00,etth1,HUFL,168,45,xgboost,3.8825775662706405
2018-04-28 08:00:00,etth1,HUFL,168,45,xgboost,3.9539224534697093
2018-04-28 09:00:00,etth1,HUFL,168,45,xgboost,4.142759078438438
2018-04-28 10:00:00,etth1,HUFL,168,45,xgboost,4.128713957672401
2018-04-28 11:00:00,etth1,HUFL,168,45,xgboost,3.7590008857127906
2018-04-28 12:00:00,etth1,HUFL,168,45,xgboost,3.87269972152234
2018-04-28 13:00:00,etth1,HUFL,168,45,xgboost,4.074988143461106
2018-04-28 14:00:00,etth1,HUFL,168,45,xgboost,3.899098408362409
2018-04-28 15:00:00,etth1,HUFL,168,45,xgboost,3.957662888435143
2018-04-28 16:00:00,etth1,HUFL,168,45,xgboost,3.927209173802467
2018-04-28 17:00:00,etth1,HUFL,168,45,xgboost,3.8331048388510527
2018-04-28 18:00:00,etth1,HUFL,168,45,xgboost,3.9830564818128016
2018-04-28 19:00:00,etth1,HUFL,168,45,xgboost,3.9856844299614926
2018-04-28 20:00:00,etth1,HUFL,168,45,xgboost,3.962639924452896
2018-04-28 21:00:00,etth1,HUFL,168,45,xgboost,3.932233078225051
2018-04-28 22:00:00,etth1,HUFL,168,45,xgboost,3.9458972589967773
2018-04-28 23:00:00,etth1,HUFL,168,45,xgboost,3.921942860631308
2018-04-29 00:00:00,etth1,HUFL,168,45,xgboost,3.9278060169126525
2018-04-29 01:00:00,etth1,HUFL,168,45,xgboost,3.8618020809174247
2018-04-29 02:00:00,etth1,HUFL,168,45,xgboost,4.016562912638201
2018-04-29 03:00:00,etth1,HUFL,168,45,xgboost,3.90319767610742
2018-04-29 04:00:00,etth1,HUFL,168,45,xgboost,3.8305590096682067
2018-04-29 05:00:00,etth1,HUFL,168,45,xgboost,3.6625835536661127
2018-04-29 06:00:00,etth1,HUFL,168,45,xgboost,3.5795341146776707
2018-04-29 07:00:00,etth1,HUFL,168,45,xgboost,3.6903200510799854
2018-04-29 08:00:00,etth1,HUFL,168,45,xgboost,4.0282108342424054
2018-04-29 09:00:00,etth1,HUFL,168,45,xgboost,3.9427622907664492
2018-04-29 10:00:00,etth1,HUFL,168,45,xgboost,3.867715328308776
2018-04-29 11:00:00,etth1,HUFL,168,45,xgboost,4.037796987554159
2018-04-29 12:00:00,etth1,HUFL,168,45,xgboost,4.07580216973008
2018-04-29 13:00:00,etth1,HUFL,168,45,xgboost,3.9716131890262214
2018-04-29 14:00:00,etth1,HUFL,168,45,xgboost,4.000175657621394
2018-04-29 15:00:00,etth1,HUFL,168,45,xgboost,3.9381280312348097
2018-04-29 16:00:00,etth1,HUFL,168,45,xgboost,4.027850103462788
2018-04-29 17:00:00,etth1,HUFL,168,45,xgboost,3.9890405306898153
2018-04-29 18:00:00,etth1,HUFL,168,45,xgboost,4.244980176822987
2018-04-29 19:00:00,etth1,HUFL,168,45,xgboost,4.226782977521394
2018-04-29 20:00:00,etth1,HUFL,168,45,xgboost,4.197328917130436
2018-04-29 21:00:00,etth1,HUFL,168,45,xgboost,4.22557185350731
2018-04-29 22:00:00,etth1,HUFL,168,45,xgboost,4.262586097713931
2018-04-29 23:00:00,etth1,HUFL,168,45,xgboost,4.164811434580621
2018-04-30 00:00:00,etth1,HUFL,168,45,xgboost,4.100897535530721
2018-04-30 01:00:00,etth1,HUFL,168,45,xgboost,4.246898610050474
2018-04-30 02:00:00,etth1,HUFL,168,45,xgboost,4.105759250358326
2018-04-30 03:00:00,etth1,HUFL,168,45,xgboost,4.096367249338537
2018-04-30 04:00:00,etth1,HUFL,168,45,xgboost,4.020329383630479
2018-04-30 05:00:00,etth1,HUFL,168,45,xgboost,3.827894169028234
2018-04-30 06:00:00,etth1,HUFL,168,45,xgboost,3.830713102465764
2018-04-30 07:00:00,etth1,HUFL,168,45,xgboost,3.8470931727246316
2018-04-30 08:00:00,etth1,HUFL,168,45,xgboost,4.094404062478142
2018-04-30 09:00:00,etth1,HUFL,168,45,xgboost,4.302395291942476
2018-04-30 10:00:00,etth1,HUFL,168,45,xgboost,4.135087716271069
2018-04-30 11:00:00,etth1,HUFL,168,45,xgboost,4.351571167256298
2018-04-30 12:00:00,etth1,HUFL,168,45,xgboost,4.0595621797552734
2018-04-30 13:00:00,etth1,HUFL,168,45,xgboost,4.263754604247784
2018-04-30 14:00:00,etth1,HUFL,168,45,xgboost,3.994096689798234
2018-04-30 15:00:00,etth1,HUFL,168,45,xgboost,4.016704534241863
2018-04-30 16:00:00,etth1,HUFL,168,45,xgboost,4.081525124903156
2018-04-30 17:00:00,etth1,HUFL,168,45,xgboost,4.201086876464429
2018-04-30 18:00:00,etth1,HUFL,168,45,xgboost,4.130997074976607
2018-04-30 19:00:00,etth1,HUFL,168,45,xgboost,3.9858326195641944
2018-04-30 20:00:00,etth1,HUFL,168,45,xgboost,3.954055506326146
2018-04-30 21:00:00,etth1,HUFL,168,45,xgboost,4.054258121898533
2018-04-30 22:00:00,etth1,HUFL,168,45,xgboost,3.99369940324803
2018-04-30 23:00:00,etth1,HUFL,168,45,xgboost,4.108453004921886
2018-05-01 00:00:00,etth1,HUFL,168,45,xgboost,4.506200952098872
2018-05-01 01:00:00,etth1,HUFL,168,45,xgboost,4.204799795222603
2018-05-01 02:00:00,etth1,HUFL,168,45,xgboost,4.034731203350605
2018-05-01 03:00:00,etth1,HUFL,168,45,xgboost,3.8305136209453123
2018-05-01 04:00:00,etth1,HUFL,168,45,xgboost,3.7342378497371076
2018-05-01 05:00:00,etth1,HUFL,168,45,xgboost,3.7090218694957353
2018-05-01 06:00:00,etth1,HUFL,168,45,xgboost,3.543961356594621
2018-05-01 07:00:00,etth1,HUFL,168,45,xgboost,3.872325174398017
2018-05-01 08:00:00,etth1,HUFL,168,45,xgboost,4.071711694084562
2018-05-01 09:00:00,etth1,HUFL,168,45,xgboost,4.150610886586869
2018-05-01 10:00:00,etth1,HUFL,168,45,xgboost,4.293563842426247
2018-05-01 11:00:00,etth1,HUFL,168,45,xgboost,4.39532434170669
2018-05-01 12:00:00,etth1,HUFL,168,45,xgboost,4.732509717104498
2018-05-01 13:00:00,etth1,HUFL,168,45,xgboost,4.363413982899562
2018-05-01 14:00:00,etth1,HUFL,168,45,xgboost,4.3769112080062875
2018-05-01 15:00:00,etth1,HUFL,168,45,xgboost,4.464047743702305
2018-05-01 16:00:00,etth1,HUFL,168,45,xgboost,4.382326909143414
2018-05-01 17:00:00,etth1,HUFL,168,45,xgboost,4.487006458561327
2018-05-01 18:00:00,etth1,HUFL,168,45,xgboost,4.496495647219567
2018-05-01 19:00:00,etth1,HUFL,168,45,xgboost,4.638953629447499
2018-05-01 20:00:00,etth1,HUFL,168,45,xgboost,4.671803061597982
2018-05-01 21:00:00,etth1,HUFL,168,45,xgboost,4.4868447796015865
2018-05-01 22:00:00,etth1,HUFL,168,45,xgboost,4.702719599062453
2018-05-01 23:00:00,etth1,HUFL,168,45,xgboost,5.037186893233533
2018-05-02 00:00:00,etth1,HUFL,168,45,xgboost,4.995508635666702
2018-05-02 01:00:00,etth1,HUFL,168,45,xgboost,4.740464022623695
2018-05-02 02:00:00,etth1,HUFL,168,45,xgboost,4.586864304935817
2018-05-02 03:00:00,etth1,HUFL,168,45,xgboost,4.438458913363765
2018-05-02 04:00:00,etth1,HUFL,168,45,xgboost,4.442532530794869
2018-05-02 05:00:00,etth1,HUFL,168,45,xgboost,4.3523219847344
2018-05-02 06:00:00,etth1,HUFL,168,45,xgboost,4.407051128112481
2018-05-02 07:00:00,etth1,HUFL,168,45,xgboost,4.574020735132019
2018-05-02 08:00:00,etth1,HUFL,168,45,xgboost,4.762151138867485
2018-05-02 09:00:00,etth1,HUFL,168,45,xgboost,4.922822495105735
2018-05-02 10:00:00,etth1,HUFL,168,45,xgboost,5.031241900377679
2018-05-02 11:00:00,etth1,HUFL,168,45,xgboost,5.507133757417171
2018-05-02 12:00:00,etth1,HUFL,168,45,xgboost,5.104680748009225
2018-05-02 13:00:00,etth1,HUFL,168,45,xgboost,5.177955913000231
2018-05-02 14:00:00,etth1,HUFL,168,45,xgboost,5.166496333393978
2018-05-02 15:00:00,etth1,HUFL,168,45,xgboost,5.283898324824802
2018-05-02 16:00:00,etth1,HUFL,168,45,xgboost,5.4885750436499094
2018-05-02 17:00:00,etth1,HUFL,168,45,xgboost,5.278737409227426
2018-05-02 18:00:00,etth1,HUFL,168,45,xgboost,5.311403746645798
2018-05-02 19:00:00,etth1,HUFL,168,45,xgboost,5.604731273866822
2018-05-02 20:00:00,etth1,HUFL,168,45,xgboost,5.587692552846412
2018-05-02 21:00:00,etth1,HUFL,168,45,xgboost,5.747370660555489
2018-05-02 22:00:00,etth1,HUFL,168,45,xgboost,5.7122679640051315
2018-05-02 23:00:00,etth1,HUFL,168,45,xgboost,5.92478732195385
2018-05-03 00:00:00,etth1,HUFL,168,45,xgboost,5.943764806209166
2018-05-03 01:00:00,etth1,HUFL,168,45,xgboost,5.9176400190269405
2018-05-03 02:00:00,etth1,HUFL,168,45,xgboost,5.770758337066003
2018-05-03 03:00:00,etth1,HUFL,168,45,xgboost,5.617292484528351
2018-05-03 04:00:00,etth1,HUFL,168,45,xgboost,5.65460519825265
2018-05-03 05:00:00,etth1,HUFL,168,45,xgboost,5.428919832393444
2018-05-03 06:00:00,etth1,HUFL,168,45,xgboost,5.427694693985954
2018-05-03 07:00:00,etth1,HUFL,168,45,xgboost,5.470493639307504
2018-05-03 08:00:00,etth1,HUFL,168,45,xgboost,5.616218373565521
2018-05-03 09:00:00,etth1,HUFL,168,45,xgboost,5.538966651149883
2018-05-03 10:00:00,etth1,HUFL,168,45,xgboost,5.355973234948677
2018-05-03 11:00:00,etth1,HUFL,168,45,xgboost,5.48651285284
2018-05-03 12:00:00,etth1,HUFL,168,45,xgboost,5.251739000690962
2018-05-03 13:00:00,etth1,HUFL,168,45,xgboost,5.229264389066629
2018-05-03 14:00:00,etth1,HUFL,168,45,xgboost,4.971409143010137
2018-05-03 15:00:00,etth1,HUFL,168,45,xgboost,5.099831419456312
2018-05-03 16:00:00,etth1,HUFL,168,45,xgboost,5.07728387961044
2018-05-03 17:00:00,etth1,HUFL,168,45,xgboost,5.146235459812646
2018-05-03 18:00:00,etth1,HUFL,168,45,xgboost,4.90858571950061
2018-05-03 19:00:00,etth1,HUFL,168,45,xgboost,5.146739269812378
2018-05-03 20:00:00,etth1,HUFL,168,45,xgboost,5.311356622752849
2018-05-03 21:00:00,etth1,HUFL,168,45,xgboost,5.091301730118899
2018-05-03 22:00:00,etth1,HUFL,168,45,xgboost,5.132277373564707
2018-05-03 23:00:00,etth1,HUFL,168,45,xgboost,5.260866084928125
2018-05-04 00:00:00,etth1,HUFL,168,45,xgboost,5.1282128018712285
2018-05-04 01:00:00,etth1,HUFL,168,45,xgboost,5.263298382766172
2018-05-04 02:00:00,etth1,HUFL,168,45,xgboost,5.1724138968157725
2018-05-04 03:00:00,etth1,HUFL,168,45,xgboost,4.9401422711069385
2018-05-04 04:00:00,etth1,HUFL,168,45,xgboost,4.852885945195669
2018-05-04 05:00:00,etth1,HUFL,168,45,xgboost,4.97083136577969
2018-05-04 06:00:00,etth1,HUFL,168,45,xgboost,4.9869668312847555
2018-05-04 07:00:00,etth1,HUFL,168,45,xgboost,4.9961487379004215
2018-05-04 08:00:00,etth1,HUFL,168,45,xgboost,5.399135727003244
2018-05-04 09:00:00,etth1,HUFL,168,45,xgboost,5.165705299781432
2018-05-04 10:00:00,etth1,HUFL,168,45,xgboost,5.174087235762512
2018-05-04 11:00:00,etth1,HUFL,168,45,xgboost,5.0715374876760135
2018-05-04 12:00:00,etth1,HUFL,168,45,xgboost,4.819115549941484
2018-05-04 13:00:00,etth1,HUFL,168,45,xgboost,4.784533198450491
2018-05-04 14:00:00,etth1,HUFL,168,45,xgboost,4.843455468357398
2018-05-04 15:00:00,etth1,HUFL,168,45,xgboost,4.9106107145877536
2018-05-04 16:00:00,etth1,HUFL,168,45,xgboost,4.869633489627226
2018-05-04 17:00:00,etth1,HUFL,168,45,xgboost,4.794551222971883
2018-05-04 18:00:00,etth1,HUFL,168,45,xgboost,4.80230584823094
2018-05-04 19:00:00,etth1,HUFL,168,45,xgboost,5.191688424842208
2018-05-04 20:00:00,etth1,HUFL,168,45,xgboost,4.935645197804133
2018-05-04 21:00:00,etth1,HUFL,168,45,xgboost,4.9323369439662
2018-05-04 22:00:00,etth1,HUFL,168,45,xgboost,4.8989398032580835
2018-05-04 23:00:00,etth1,HUFL,168,45,xgboost,5.054225778157435
2018-05-05 00:00:00,etth1,HUFL,168,45,xgboost,5.15581966904539
2018-05-05 01:00:00,etth1,HUFL,168,45,xgboost,5.119238952851803
2018-05-05 02:00:00,etth1,HUFL,168,45,xgboost,5.135816534404584
2018-05-05 03:00:00,etth1,HUFL,168,45,xgboost,5.054732656071501
2018-05-05 04:00:00,etth1,HUFL,168,45,xgboost,5.126177213545584
2018-05-05 05:00:00,etth1,HUFL,168,45,xgboost,5.044080007041909
2018-05-05 06:00:00,etth1,HUFL,168,45,xgboost,5.054229245093201
2018-05-05 07:00:00,etth1,HUFL,168,45,xgboost,4.8158502940791035
2018-05-05 08:00:00,etth1,HUFL,168,45,xgboost,4.5213419371772465
2018-05-05 09:00:00,etth1,HUFL,168,45,xgboost,4.568260055879541
2018-05-05 10:00:00,etth1,HUFL,168,45,xgboost,4.786000801776246
2018-05-05 11:00:00,etth1,HUFL,168,45,xgboost,4.476627370402513
2018-05-05 12:00:00,etth1,HUFL,168,45,xgboost,4.619550979095823
2018-05-05 13:00:00,etth1,HUFL,168,45,xgboost,4.64222997733097
2018-05-05 14:00:00,etth1,HUFL,168,45,xgboost,4.951227811971342
2018-05-05 15:00:00,etth1,HUFL,168,45,xgboost,4.855433444950049
2018-05-05 16:00:00,etth1,HUFL,168,45,xgboost,5.0250791113860815
2018-05-05 17:00:00,etth1,HUFL,168,45,xgboost,4.972572981418285
2018-05-05 18:00:00,etth1,HUFL,168,45,xgboost,5.044843974752237
2018-05-05 19:00:00,etth1,HUFL,168,45,xgboost,5.137855912412483
2018-05-05 20:00:00,etth1,HUFL,168,45,xgboost,5.101590813105092
2018-05-05 21:00:00,etth1,HUFL,168,45,xgboost,5.004267478184427
2018-05-05 22:00:00,etth1,HUFL,168,45,xgboost,4.9987691088520645
2018-05-05 23:00:00,etth1,HUFL,168,45,xgboost,5.104772733396342
2018-05-06 00:00:00,etth1,HUFL,168,45,xgboost,5.035981700202478
2018-05-06 01:00:00,etth1,HUFL,168,45,xgboost,5.08567448910939
2018-05-06 02:00:00,etth1,HUFL,168,45,xgboost,5.015137964935143
2018-05-06 03:00:00,etth1,HUFL,168,45,xgboost,4.785896803700012
2018-05-06 04:00:00,etth1,HUFL,168,45,xgboost,4.8076374792682905
2018-05-06 05:00:00,etth1,HUFL,168,45,xgboost,4.817023561646922
2018-05-06 06:00:00,etth1,HUFL,168,45,xgboost,4.862788882193562
2018-05-06 07:00:00,etth1,HUFL,168,45,xgboost,4.957463286421948
2018-05-06 08:00:00,etth1,HUFL,168,45,xgboost,5.054267066714946
2018-05-06 09:00:00,etth1,HUFL,168,45,xgboost,5.129409534232201
2018-05-06 10:00:00,etth1,HUFL,168,45,xgboost,4.899280925022253
2018-05-06 11:00:00,etth1,HUFL,168,45,xgboost,4.891205992233342
2018-05-06 12:00:00,etth1,HUFL,168,45,xgboost,5.39402354021124
2018-05-06 13:00:00,etth1,HUFL,168,45,xgboost,5.030627196321229
2018-05-06 14:00:00,etth1,HUFL,168,45,xgboost,4.905701076625522
2018-05-06 15:00:00,etth1,HUFL,168,45,xgboost,5.286772896108945
2018-05-06 16:00:00,etth1,HUFL,168,45,xgboost,4.890711595430032
2018-05-06 17:00:00,etth1,HUFL,168,45,xgboost,4.948553268632573
2018-05-06 18:00:00,etth1,HUFL,168,45,xgboost,4.9550238507015
2018-05-06 19:00:00,etth1,HUFL,168,45,xgboost,5.053977793651239
2018-05-06 20:00:00,etth1,HUFL,168,45,xgboost,5.11376585241889
2018-05-06 21:00:00,etth1,HUFL,168,45,xgboost,4.986998730288176
2018-05-06 22:00:00,etth1,HUFL,168,45,xgboost,5.132482342916394
2018-05-06 23:00:00,etth1,HUFL,168,45,xgboost,5.231103635186209
2018-05-07 00:00:00,etth1,HUFL,168,45,xgboost,5.269693106328545
2018-05-07 01:00:00,etth1,HUFL,168,45,xgboost,5.1848934869204255
2018-05-07 02:00:00,etth1,HUFL,168,45,xgboost,5.088828707682696
2018-05-07 03:00:00,etth1,HUFL,168,45,xgboost,4.985506869996979
2018-05-07 04:00:00,etth1,HUFL,168,45,xgboost,4.808880529439391
2018-05-07 05:00:00,etth1,HUFL,168,45,xgboost,5.050344307341777
2018-05-07 06:00:00,etth1,HUFL,168,45,xgboost,5.148287254006016
2018-05-07 07:00:00,etth1,HUFL,168,45,xgboost,5.337951458744077
2018-05-07 08:00:00,etth1,HUFL,168,45,xgboost,5.435449424072452
2018-05-07 09:00:00,etth1,HUFL,168,45,xgboost,5.445279005276741
2018-05-07 10:00:00,etth1,HUFL,168,45,xgboost,4.999487953108168
2018-05-07 11:00:00,etth1,HUFL,168,45,xgboost,5.4448214094015
2018-05-07 12:00:00,etth1,HUFL,168,45,xgboost,5.213741120107482
2018-05-07 13:00:00,etth1,HUFL,168,45,xgboost,5.373137960263751
2018-05-07 14:00:00,etth1,HUFL,168,45,xgboost,5.687443573887869
2018-05-07 15:00:00,etth1,HUFL,168,45,xgboost,5.361891483797057
2018-05-07 16:00:00,etth1,HUFL,168,45,xgboost,5.45576370456614
2018-05-07 17:00:00,etth1,HUFL,168,45,xgboost,5.622916204678104
2018-05-07 18:00:00,etth1,HUFL,168,45,xgboost,5.746756555386416
2018-05-07 19:00:00,etth1,HUFL,168,45,xgboost,5.7019029392710125
2018-05-07 20:00:00,etth1,HUFL,168,45,xgboost,5.791031710752983
2018-05-07 21:00:00,etth1,HUFL,168,45,xgboost,5.727682575908964
2018-05-07 22:00:00,etth1,HUFL,168,45,xgboost,5.738818241015268
2018-05-07 23:00:00,etth1,HUFL,168,45,xgboost,5.747377092615141
2018-05-08 00:00:00,etth1,HUFL,168,45,xgboost,5.900579513372908
2018-05-08 01:00:00,etth1,HUFL,168,45,xgboost,5.937947111871905
2018-05-08 02:00:00,etth1,HUFL,168,45,xgboost,5.82655976277614
2018-05-08 03:00:00,etth1,HUFL,168,45,xgboost,5.641861824934194
2018-05-08 04:00:00,etth1,HUFL,168,45,xgboost,5.772932143384283
2018-05-08 05:00:00,etth1,HUFL,168,45,xgboost,5.736376684365188
2018-05-08 06:00:00,etth1,HUFL,168,45,xgboost,5.770101461894496
2018-05-08 07:00:00,etth1,HUFL,168,45,xgboost,5.986823839236085
2018-05-08 08:00:00,etth1,HUFL,168,45,xgboost,5.887015515510218
2018-05-08 09:00:00,etth1,HUFL,168,45,xgboost,5.528908887228559
2018-05-08 10:00:00,etth1,HUFL,168,45,xgboost,5.315983325637009
2018-05-08 11:00:00,etth1,HUFL,168,45,xgboost,4.904031073049669
2018-05-08 12:00:00,etth1,HUFL,168,45,xgboost,4.642415484746847
2018-05-08 13:00:00,etth1,HUFL,168,45,xgboost,5.132621972028916
2018-05-08 14:00:00,etth1,HUFL,168,45,xgboost,5.249369908299373
2018-05-08 15:00:00,etth1,HUFL,168,45,xgboost,4.584023972241227
2018-05-08 16:00:00,etth1,HUFL,168,45,xgboost,4.6313181312761715
2018-05-08 17:00:00,etth1,HUFL,168,45,xgboost,4.527074778916064
2018-05-08 18:00:00,etth1,HUFL,168,45,xgboost,4.6271595293809495
2018-05-08 19:00:00,etth1,HUFL,168,45,xgboost,4.806682511800708
2018-05-08 20:00:00,etth1,HUFL,168,45,xgboost,5.0481303205607855
2018-05-08 21:00:00,etth1,HUFL,168,45,xgboost,5.2141022810755935
2018-05-08 22:00:00,etth1,HUFL,168,45,xgboost,5.299443868660695
2018-05-08 23:00:00,etth1,HUFL,168,45,xgboost,5.102430627896769
2018-05-09 00:00:00,etth1,HUFL,168,45,xgboost,4.96779972214455
2018-05-09 01:00:00,etth1,HUFL,168,45,xgboost,4.907947131217467
2018-05-09 02:00:00,etth1,HUFL,168,45,xgboost,5.085514326689966
2018-05-09 03:00:00,etth1,HUFL,168,45,xgboost,5.009297520840924
2018-05-09 04:00:00,etth1,HUFL,168,45,xgboost,4.967626845714728
2018-05-09 05:00:00,etth1,HUFL,168,45,xgboost,4.988033639878542
2018-05-09 06:00:00,etth1,HUFL,168,45,xgboost,4.879683186399438
2018-05-09 07:00:00,etth1,HUFL,168,45,xgboost,5.1665611944362855
2018-05-09 08:00:00,etth1,HUFL,168,45,xgboost,5.046416647615454
2018-05-09 09:00:00,etth1,HUFL,168,45,xgboost,4.75170828965479
2018-05-09 10:00:00,etth1,HUFL,168,45,xgboost,5.054221684826926
2018-05-09 11:00:00,etth1,HUFL,168,45,xgboost,4.581843838388023
2018-05-09 12:00:00,etth1,HUFL,168,45,xgboost,4.697568191365341
2018-05-09 13:00:00,etth1,HUFL,168,45,xgboost,4.598713369079932
2018-05-09 14:00:00,etth1,HUFL,168,45,xgboost,4.653497381890266
2018-05-09 15:00:00,etth1,HUFL,168,45,xgboost,4.571849744502514
2018-05-09 16:00:00,etth1,HUFL,168,45,xgboost,4.303036529836479
2018-05-09 17:00:00,etth1,HUFL,168,45,xgboost,4.426555417431326
2018-05-09 18:00:00,etth1,HUFL,168,45,xgboost,4.510030755767463
2018-05-09 19:00:00,etth1,HUFL,168,45,xgboost,4.715249211443036
2018-05-09 20:00:00,etth1,HUFL,168,45,xgboost,5.17371601215807
2018-05-09 21:00:00,etth1,HUFL,168,45,xgboost,4.990647823988933
2018-05-09 22:00:00,etth1,HUFL,168,45,xgboost,5.323005716589121
2018-05-09 23:00:00,etth1,HUFL,168,45,xgboost,4.851414949182895
2018-05-10 00:00:00,etth1,HUFL,168,45,xgboost,5.331119795178518
2018-05-10 01:00:00,etth1,HUFL,168,45,xgboost,5.563527168316346
2018-05-10 02:00:00,etth1,HUFL,168,45,xgboost,5.554510982024391
2018-05-10 03:00:00,etth1,HUFL,168,45,xgboost,5.558633550412468
2018-05-10 04:00:00,etth1,HUFL,168,45,xgboost,5.521376903877912
2018-05-10 05:00:00,etth1,HUFL,168,45,xgboost,5.311712394623986
2018-05-10 06:00:00,etth1,HUFL,168,45,xgboost,4.914501380781422
2018-05-10 07:00:00,etth1,HUFL,168,45,xgboost,5.257570418555045
2018-05-10 08:00:00,etth1,HUFL,168,45,xgboost,5.279299328385171
2018-05-10 09:00:00,etth1,HUFL,168,45,xgboost,5.306947054301503
2018-05-10 10:00:00,etth1,HUFL,168,45,xgboost,5.4725565594223085
2018-05-10 11:00:00,etth1,HUFL,168,45,xgboost,5.271973107429238
2018-05-10 12:00:00,etth1,HUFL,168,45,xgboost,5.115691784495773
2018-05-10 13:00:00,etth1,HUFL,168,45,xgboost,5.07382982950942
2018-05-10 14:00:00,etth1,HUFL,168,45,xgboost,5.1569194000835346
2018-05-10 15:00:00,etth1,HUFL,168,45,xgboost,5.138236200987459
2018-05-10 16:00:00,etth1,HUFL,168,45,xgboost,4.953540779784047
2018-05-10 17:00:00,etth1,HUFL,168,45,xgboost,5.015216635654075
2018-05-10 18:00:00,etth1,HUFL,168,45,xgboost,5.305740014970958
2018-05-10 19:00:00,etth1,HUFL,168,45,xgboost,5.524290402888826
2018-05-10 20:00:00,etth1,HUFL,168,45,xgboost,5.317376515259282
2018-05-10 21:00:00,etth1,HUFL,168,45,xgboost,5.275275482297214
2018-05-10 22:00:00,etth1,HUFL,168,45,xgboost,5.093566373143284
2018-05-10 23:00:00,etth1,HUFL,168,45,xgboost,4.934262760861292
2018-05-11 00:00:00,etth1,HUFL,168,45,xgboost,4.654047106064223
2018-05-11 01:00:00,etth1,HUFL,168,45,xgboost,4.62369324849349
2018-05-11 02:00:00,etth1,HUFL,168,45,xgboost,4.609615277170398
2018-05-11 03:00:00,etth1,HUFL,168,45,xgboost,4.686698900422606
2018-05-11 04:00:00,etth1,HUFL,168,45,xgboost,4.59673253743279
2018-05-11 05:00:00,etth1,HUFL,168,45,xgboost,4.318498576550429
2018-05-11 06:00:00,etth1,HUFL,168,45,xgboost,4.379086344772494
2018-05-11 07:00:00,etth1,HUFL,168,45,xgboost,4.417857825043017
2018-05-11 08:00:00,etth1,HUFL,168,45,xgboost,4.47615298984065
2018-05-11 09:00:00,etth1,HUFL,168,45,xgboost,4.7450187868433735
2018-05-11 10:00:00,etth1,HUFL,168,45,xgboost,4.525146374632166
2018-05-11 11:00:00,etth1,HUFL,168,45,xgboost,4.415897965884794
2018-05-11 12:00:00,etth1,HUFL,168,45,xgboost,4.385645470678052
2018-05-11 13:00:00,etth1,HUFL,168,45,xgboost,4.772653588822159
2018-05-11 14:00:00,etth1,HUFL,168,45,xgboost,4.535549883556802
2018-05-11 15:00:00,etth1,HUFL,168,45,xgboost,4.327195520557915
2018-05-11 16:00:00,etth1,HUFL,168,45,xgboost,4.897439884338229
2018-05-11 17:00:00,etth1,HUFL,168,45,xgboost,4.760512683132156
2018-05-11 18:00:00,etth1,HUFL,168,45,xgboost,4.563488648325999
2018-05-11 19:00:00,etth1,HUFL,168,45,xgboost,4.437488285073305
2018-05-11 20:00:00,etth1,HUFL,168,45,xgboost,4.442953205309764
2018-05-11 21:00:00,etth1,HUFL,168,45,xgboost,4.352413283482685
2018-05-11 22:00:00,etth1,HUFL,168,45,xgboost,4.2899943663319124
2018-05-11 23:00:00,etth1,HUFL,168,45,xgboost,4.299258091018467
2018-05-12 00:00:00,etth1,HUFL,168,45,xgboost,4.034780055490343
2018-05-12 01:00:00,etth1,HUFL,168,45,xgboost,4.100760317919981
2018-05-12 02:00:00,etth1,HUFL,168,45,xgboost,4.090286916224942
2018-05-12 03:00:00,etth1,HUFL,168,45,xgboost,3.9795438755874195
2018-05-12 04:00:00,etth1,HUFL,168,45,xgboost,3.878102809763878
2018-05-12 05:00:00,etth1,HUFL,168,45,xgboost,3.964404478443438
2018-05-12 06:00:00,etth1,HUFL,168,45,xgboost,3.85934759239672
2018-05-12 07:00:00,etth1,HUFL,168,45,xgboost,4.24420878981348
2018-05-12 08:00:00,etth1,HUFL,168,45,xgboost,4.93813074980727
2018-05-12 09:00:00,etth1,HUFL,168,45,xgboost,4.914969891694635
2018-05-12 10:00:00,etth1,HUFL,168,45,xgboost,4.904585549393072
2018-05-12 11:00:00,etth1,HUFL,168,45,xgboost,4.533276065330126
2018-05-12 12:00:00,etth1,HUFL,168,45,xgboost,4.832502373847053
2018-05-12 13:00:00,etth1,HUFL,168,45,xgboost,4.683339363658809
2018-05-12 14:00:00,etth1,HUFL,168,45,xgboost,5.014179962958017
2018-05-12 15:00:00,etth1,HUFL,168,45,xgboost,5.109624470381663
2018-05-12 16:00:00,etth1,HUFL,168,45,xgboost,5.141394672443956
2018-05-12 17:00:00,etth1,HUFL,168,45,xgboost,5.301317959907361
2018-05-12 18:00:00,etth1,HUFL,168,45,xgboost,5.099545820492547
2018-05-12 19:00:00,etth1,HUFL,168,45,xgboost,4.8941625673861875
2018-05-12 20:00:00,etth1,HUFL,168,45,xgboost,5.065363219977816
2018-05-12 21:00:00,etth1,HUFL,168,45,xgboost,4.916377396708095
2018-05-12 22:00:00,etth1,HUFL,168,45,xgboost,4.876415520065302
2018-05-12 23:00:00,etth1,HUFL,168,45,xgboost,4.855761556114198
2018-05-13 00:00:00,etth1,HUFL,168,45,xgboost,4.623112553664227
2018-05-13 01:00:00,etth1,HUFL,168,45,xgboost,4.540760307788519
2018-05-13 02:00:00,etth1,HUFL,168,45,xgboost,4.57821652745392
2018-05-13 03:00:00,etth1,HUFL,168,45,xgboost,4.580669785586215
2018-05-13 04:00:00,etth1,HUFL,168,45,xgboost,4.855444377074046
2018-05-13 05:00:00,etth1,HUFL,168,45,xgboost,4.943729220645481
2018-05-13 06:00:00,etth1,HUFL,168,45,xgboost,4.931531459772289
2018-05-13 07:00:00,etth1,HUFL,168,45,xgboost,5.387931337525639
2018-05-13 08:00:00,etth1,HUFL,168,45,xgboost,5.733080581133516
2018-05-13 09:00:00,etth1,HUFL,168,45,xgboost,5.8877929073632815
2018-05-13 10:00:00,etth1,HUFL,168,45,xgboost,5.180417444192822
2018-05-13 11:00:00,etth1,HUFL,168,45,xgboost,5.375406901628352
2018-05-13 12:00:00,etth1,HUFL,168,45,xgboost,4.9510803426002825
2018-05-13 13:00:00,etth1,HUFL,168,45,xgboost,5.193190471431511
2018-05-13 14:00:00,etth1,HUFL,168,45,xgboost,5.4865525086194165
2018-05-13 15:00:00,etth1,HUFL,168,45,xgboost,5.6855286072670665
2018-05-13 16:00:00,etth1,HUFL,168,45,xgboost,5.874773214225304
2018-05-13 17:00:00,etth1,HUFL,168,45,xgboost,5.834630789195837
2018-05-13 18:00:00,etth1,HUFL,168,45,xgboost,5.853686484933033
2018-05-13 19:00:00,etth1,HUFL,168,45,xgboost,5.729196099645204
2018-05-13 20:00:00,etth1,HUFL,168,45,xgboost,5.557498414665137
2018-05-13 21:00:00,etth1,HUFL,168,45,xgboost,5.535330147493297
2018-05-13 22:00:00,etth1,HUFL,168,45,xgboost,5.62158715110455
2018-05-13 23:00:00,etth1,HUFL,168,45,xgboost,5.503938738515595
2018-05-14 00:00:00,etth1,HUFL,168,45,xgboost,5.437370939489189
2018-05-14 01:00:00,etth1,HUFL,168,45,xgboost,5.489671632433122
2018-05-14 02:00:00,etth1,HUFL,168,45,xgboost,5.472109387520483
2018-05-14 03:00:00,etth1,HUFL,168,45,xgboost,5.405051597569778
2018-05-14 04:00:00,etth1,HUFL,168,45,xgboost,5.386631048952849
2018-05-14 05:00:00,etth1,HUFL,168,45,xgboost,5.400833292119149
2018-05-14 06:00:00,etth1,HUFL,168,45,xgboost,5.3938605125700185
2018-05-14 07:00:00,etth1,HUFL,168,45,xgboost,5.51113444702588
2018-05-14 08:00:00,etth1,HUFL,168,45,xgboost,5.75502309451629
2018-05-14 09:00:00,etth1,HUFL,168,45,xgboost,5.667156112149165
2018-05-14 10:00:00,etth1,HUFL,168,45,xgboost,5.833930492835832
2018-05-14 11:00:00,etth1,HUFL,168,45,xgboost,5.888452743368792
2018-05-14 12:00:00,etth1,HUFL,168,45,xgboost,5.7230532324351895
2018-05-14 13:00:00,etth1,HUFL,168,45,xgboost,6.005525701727407
2018-05-14 14:00:00,etth1,HUFL,168,45,xgboost,5.729033248263419
2018-05-14 15:00:00,etth1,HUFL,168,45,xgboost,5.718607303814089
2018-05-14 16:00:00,etth1,HUFL,168,45,xgboost,5.725167550461471
2018-05-14 17:00:00,etth1,HUFL,168,45,xgboost,5.730016937365589
2018-05-14 18:00:00,etth1,HUFL,168,45,xgboost,5.7934600298619205
2018-05-14 19:00:00,etth1,HUFL,168,45,xgboost,5.414329016312205
2018-05-14 20:00:00,etth1,HUFL,168,45,xgboost,5.5677399194815065
2018-05-14 21:00:00,etth1,HUFL,168,45,xgboost,5.350786614197521
2018-05-14 22:00:00,etth1,HUFL,168,45,xgboost,5.3681242664794535
2018-05-14 23:00:00,etth1,HUFL,168,45,xgboost,5.369633398915936
2018-05-15 00:00:00,etth1,HUFL,168,45,xgboost,5.202828488482295
2018-05-15 01:00:00,etth1,HUFL,168,45,xgboost,5.1898442921952705
2018-05-15 02:00:00,etth1,HUFL,168,45,xgboost,5.081830788076243
2018-05-15 03:00:00,etth1,HUFL,168,45,xgboost,5.143770278496959
2018-05-15 04:00:00,etth1,HUFL,168,45,xgboost,5.268790290789314
2018-05-15 05:00:00,etth1,HUFL,168,45,xgboost,5.353999691193643
2018-05-15 06:00:00,etth1,HUFL,168,45,xgboost,5.35895933390206
2018-05-15 07:00:00,etth1,HUFL,168,45,xgboost,5.659411039207883
2018-05-15 08:00:00,etth1,HUFL,168,45,xgboost,5.563553951381623
2018-05-15 09:00:00,etth1,HUFL,168,45,xgboost,5.756544872061362
2018-05-15 10:00:00,etth1,HUFL,168,45,xgboost,5.71301483591883
2018-05-15 11:00:00,etth1,HUFL,168,45,xgboost,6.223814887641483
2018-05-15 12:00:00,etth1,HUFL,168,45,xgboost,6.097663924457469
2018-05-15 13:00:00,etth1,HUFL,168,45,xgboost,6.23837432510265
2018-05-15 14:00:00,etth1,HUFL,168,45,xgboost,6.160003247229492
2018-05-15 15:00:00,etth1,HUFL,168,45,xgboost,6.546094276214293
2018-05-15 16:00:00,etth1,HUFL,168,45,xgboost,6.324456770695202
2018-05-15 17:00:00,etth1,HUFL,168,45,xgboost,6.545056802065288
2018-05-15 18:00:00,etth1,HUFL,168,45,xgboost,6.394012454885479
2018-05-15 19:00:00,etth1,HUFL,168,45,xgboost,5.924759942715283
2018-05-15 20:00:00,etth1,HUFL,168,45,xgboost,5.895083909124644
2018-05-15 21:00:00,etth1,HUFL,168,45,xgboost,5.722779376921912
2018-05-15 22:00:00,etth1,HUFL,168,45,xgboost,5.71122172050143
2018-05-15 23:00:00,etth1,HUFL,168,45,xgboost,5.812676414227826
2018-05-16 00:00:00,etth1,HUFL,168,45,xgboost,5.75204795842464
2018-05-16 01:00:00,etth1,HUFL,168,45,xgboost,5.812143121499436
2018-05-16 02:00:00,etth1,HUFL,168,45,xgboost,5.577005220119322
2018-05-16 03:00:00,etth1,HUFL,168,45,xgboost,5.5362563514927725
2018-05-16 04:00:00,etth1,HUFL,168,45,xgboost,5.685199498583022
2018-05-16 05:00:00,etth1,HUFL,168,45,xgboost,5.623337651209403
2018-05-16 06:00:00,etth1,HUFL,168,45,xgboost,5.768048875357986
2018-05-16 07:00:00,etth1,HUFL,168,45,xgboost,5.505471966438622
2018-05-16 08:00:00,etth1,HUFL,168,45,xgboost,6.204876266406854
2018-05-16 09:00:00,etth1,HUFL,168,45,xgboost,6.383646805252668
2018-05-16 10:00:00,etth1,HUFL,168,45,xgboost,6.2492680484023655
2018-05-16 11:00:00,etth1,HUFL,168,45,xgboost,6.029926229220686
2018-05-16 12:00:00,etth1,HUFL,168,45,xgboost,5.991198865899877
2018-05-16 13:00:00,etth1,HUFL,168,45,xgboost,6.152738336706578
2018-05-16 14:00:00,etth1,HUFL,168,45,xgboost,5.515466935774347
2018-05-16 15:00:00,etth1,HUFL,168,45,xgboost,5.431305606430282
2018-05-16 16:00:00,etth1,HUFL,168,45,xgboost,5.26873301157732
2018-05-16 17:00:00,etth1,HUFL,168,45,xgboost,5.42350074644222
2018-05-16 18:00:00,etth1,HUFL,168,45,xgboost,5.42816989318969
2018-05-16 19:00:00,etth1,HUFL,168,45,xgboost,4.938101781728302
2018-05-16 20:00:00,etth1,HUFL,168,45,xgboost,4.830129289479403
2018-05-16 21:00:00,etth1,HUFL,168,45,xgboost,4.717623757340105
2018-05-16 22:00:00,etth1,HUFL,168,45,xgboost,5.08035557197986
2018-05-16 23:00:00,etth1,HUFL,168,45,xgboost,5.356658707230987
2018-05-17 00:00:00,etth1,HUFL,168,45,xgboost,5.391272327006275
2018-05-17 01:00:00,etth1,HUFL,168,45,xgboost,5.1446015226958774
2018-05-17 02:00:00,etth1,HUFL,168,45,xgboost,4.85581847461014
2018-05-17 03:00:00,etth1,HUFL,168,45,xgboost,4.823921927381365
2018-05-17 04:00:00,etth1,HUFL,168,45,xgboost,4.696075708235999
2018-05-17 05:00:00,etth1,HUFL,168,45,xgboost,4.7813483959520635
2018-05-17 06:00:00,etth1,HUFL,168,45,xgboost,4.67902240712623
2018-05-17 07:00:00,etth1,HUFL,168,45,xgboost,4.5548965263425645
2018-05-17 08:00:00,etth1,HUFL,168,45,xgboost,4.65046712680488
2018-05-17 09:00:00,etth1,HUFL,168,45,xgboost,4.843811057186693
2018-05-17 10:00:00,etth1,HUFL,168,45,xgboost,5.0798579302821665
2018-05-17 11:00:00,etth1,HUFL,168,45,xgboost,4.975037960654996
2018-05-17 12:00:00,etth1,HUFL,168,45,xgboost,4.809119295914335
2018-05-17 13:00:00,etth1,HUFL,168,45,xgboost,4.456368704284604
2018-05-17 14:00:00,etth1,HUFL,168,45,xgboost,4.31757279842675
2018-05-17 15:00:00,etth1,HUFL,168,45,xgboost,4.2975918973291725
2018-05-17 16:00:00,etth1,HUFL,168,45,xgboost,4.227441356529379
2018-05-17 17:00:00,etth1,HUFL,168,45,xgboost,4.253031370437934
2018-05-17 18:00:00,etth1,HUFL,168,45,xgboost,4.217195957603662
2018-05-17 19:00:00,etth1,HUFL,168,45,xgboost,3.803301553000032
2018-05-17 20:00:00,etth1,HUFL,168,45,xgboost,3.868376849717755
2018-05-17 21:00:00,etth1,HUFL,168,45,xgboost,4.104861271366796
2018-05-17 22:00:00,etth1,HUFL,168,45,xgboost,3.960572772942924
2018-05-17 23:00:00,etth1,HUFL,168,45,xgboost,3.9881130882881544
2018-05-18 00:00:00,etth1,HUFL,168,45,xgboost,4.062199980643774
2018-05-18 01:00:00,etth1,HUFL,168,45,xgboost,4.202882450088652
2018-05-18 02:00:00,etth1,HUFL,168,45,xgboost,3.982153694840481
2018-05-18 03:00:00,etth1,HUFL,168,45,xgboost,3.949994334951623
2018-05-18 04:00:00,etth1,HUFL,168,45,xgboost,3.8557736838180885
2018-05-18 05:00:00,etth1,HUFL,168,45,xgboost,3.832000207582243
2018-05-18 06:00:00,etth1,HUFL,168,45,xgboost,3.932495880290366
2018-05-18 07:00:00,etth1,HUFL,168,45,xgboost,3.8618716161054993
2018-05-18 08:00:00,etth1,HUFL,168,45,xgboost,3.8342245019259518
2018-05-18 09:00:00,etth1,HUFL,168,45,xgboost,4.163190360562424
2018-05-18 10:00:00,etth1,HUFL,168,45,xgboost,4.137678916181175
2018-05-18 11:00:00,etth1,HUFL,168,45,xgboost,4.4453906724648835
2018-05-18 12:00:00,etth1,HUFL,168,45,xgboost,4.312455253973947
2018-05-18 13:00:00,etth1,HUFL,168,45,xgboost,4.078931939734564
2018-05-18 14:00:00,etth1,HUFL,168,45,xgboost,4.4029180855491905
2018-05-18 15:00:00,etth1,HUFL,168,45,xgboost,4.375534384787274
2018-05-18 16:00:00,etth1,HUFL,168,45,xgboost,3.8058008352382524
2018-05-18 17:00:00,etth1,HUFL,168,45,xgboost,3.6290730066225234
2018-05-18 18:00:00,etth1,HUFL,168,45,xgboost,3.6218564016483157
2018-05-18 19:00:00,etth1,HUFL,168,45,xgboost,3.8481353928903324
2018-05-18 20:00:00,etth1,HUFL,168,45,xgboost,3.8552030861309072
2018-05-18 21:00:00,etth1,HUFL,168,45,xgboost,3.876770119696706
2018-05-18 22:00:00,etth1,HUFL,168,45,xgboost,3.6882122705603355
2018-05-18 23:00:00,etth1,HUFL,168,45,xgboost,3.689753201596973
2018-05-19 00:00:00,etth1,HUFL,168,45,xgboost,4.055321660974501
2018-05-19 01:00:00,etth1,HUFL,168,45,xgboost,3.8186878201831114
2018-05-19 02:00:00,etth1,HUFL,168,45,xgboost,3.830679494492869
2018-05-19 03:00:00,etth1,HUFL,168,45,xgboost,3.8078993167698125
2018-05-19 04:00:00,etth1,HUFL,168,45,xgboost,3.7295012694959673
2018-05-19 05:00:00,etth1,HUFL,168,45,xgboost,3.544944480864607
2018-05-19 06:00:00,etth1,HUFL,168,45,xgboost,3.4308473059968625
2018-05-19 07:00:00,etth1,HUFL,168,45,xgboost,3.460118642489877
2018-05-19 08:00:00,etth1,HUFL,168,45,xgboost,3.473399384808351
2018-05-19 09:00:00,etth1,HUFL,168,45,xgboost,3.366798128637731
2018-05-19 10:00:00,etth1,HUFL,168,45,xgboost,3.4126892912948597
2018-05-19 11:00:00,etth1,HUFL,168,45,xgboost,3.5801723079193146
2018-05-19 12:00:00,etth1,HUFL,168,45,xgboost,3.7847739607882596
2018-05-19 13:00:00,etth1,HUFL,168,45,xgboost,3.439512991846195
2018-05-19 14:00:00,etth1,HUFL,168,45,xgboost,3.2801501005625546
2018-05-19 15:00:00,etth1,HUFL,168,45,xgboost,3.596253180174538
2018-05-19 16:00:00,etth1,HUFL,168,45,xgboost,3.7382159025445025
2018-05-19 17:00:00,etth1,HUFL,168,45,xgboost,3.622608663006629
2018-05-19 18:00:00,etth1,HUFL,168,45,xgboost,3.6424385660573932
2018-05-19 19:00:00,etth1,HUFL,168,45,xgboost,3.558381080055006
2018-05-19 20:00:00,etth1,HUFL,168,45,xgboost,3.692537069259779
2018-05-19 21:00:00,etth1,HUFL,168,45,xgboost,3.726764969366072
2018-05-19 22:00:00,etth1,HUFL,168,45,xgboost,3.7844710189152475
2018-05-19 23:00:00,etth1,HUFL,168,45,xgboost,3.854442211915394
2018-05-20 00:00:00,etth1,HUFL,168,45,xgboost,3.8444472315813143
2018-05-20 01:00:00,etth1,HUFL,168,45,xgboost,3.9270463069875836
2018-05-20 02:00:00,etth1,HUFL,168,45,xgboost,3.8495228271470885
2018-05-20 03:00:00,etth1,HUFL,168,45,xgboost,3.8319508414442263
2018-05-20 04:00:00,etth1,HUFL,168,45,xgboost,3.727522374346549
2018-05-20 05:00:00,etth1,HUFL,168,45,xgboost,3.7116936307962782
2018-05-20 06:00:00,etth1,HUFL,168,45,xgboost,3.6166323325291665
2018-05-20 07:00:00,etth1,HUFL,168,45,xgboost,3.6074488745809337
2018-05-20 08:00:00,etth1,HUFL,168,45,xgboost,3.4851022165923857
2018-05-20 09:00:00,etth1,HUFL,168,45,xgboost,3.3933180223315484
2018-05-20 10:00:00,etth1,HUFL,168,45,xgboost,3.3142031972437715
2018-05-20 11:00:00,etth1,HUFL,168,45,xgboost,3.51782829558138
2018-05-20 12:00:00,etth1,HUFL,168,45,xgboost,3.37512950722412
2018-05-20 13:00:00,etth1,HUFL,168,45,xgboost,3.4147068624343846
2018-05-20 14:00:00,etth1,HUFL,168,45,xgboost,3.3764760278893715
2018-05-20 15:00:00,etth1,HUFL,168,45,xgboost,3.3837948203318935
2018-05-20 16:00:00,etth1,HUFL,168,45,xgboost,3.395023699206334
2018-05-20 17:00:00,etth1,HUFL,168,45,xgboost,3.2965769039069284
2018-05-20 18:00:00,etth1,HUFL,168,45,xgboost,3.229654268049622
2018-05-20 19:00:00,etth1,HUFL,168,45,xgboost,3.2715183591311603
2018-05-20 20:00:00,etth1,HUFL,168,45,xgboost,3.209520177454731
2018-05-20 21:00:00,etth1,HUFL,168,45,xgboost,3.3357366852161956
2018-05-20 22:00:00,etth1,HUFL,168,45,xgboost,3.397145224726623
2018-05-20 23:00:00,etth1,HUFL,168,45,xgboost,3.3992152959053987
2018-05-21 00:00:00,etth1,HUFL,168,45,xgboost,3.391960520320312
2018-05-21 01:00:00,etth1,HUFL,168,45,xgboost,3.412891899443287
2018-05-21 02:00:00,etth1,HUFL,168,45,xgboost,3.3315455520915584
2018-05-21 03:00:00,etth1,HUFL,168,45,xgboost,3.274139879009371
2018-05-21 04:00:00,etth1,HUFL,168,45,xgboost,3.2750337048031204
2018-05-21 05:00:00,etth1,HUFL,168,45,xgboost,3.122098512246341
2018-05-21 06:00:00,etth1,HUFL,168,45,xgboost,3.107844969162983
2018-05-21 07:00:00,etth1,HUFL,168,45,xgboost,3.2094859636792825
2018-05-21 08:00:00,etth1,HUFL,168,45,xgboost,3.231669631981541
2018-05-21 09:00:00,etth1,HUFL,168,45,xgboost,3.3135690009079224
2018-05-21 10:00:00,etth1,HUFL,168,45,xgboost,3.3069276576961335
2018-05-21 11:00:00,etth1,HUFL,168,45,xgboost,3.246996965600213
2018-05-21 12:00:00,etth1,HUFL,168,45,xgboost,3.336807668552214
2018-05-21 13:00:00,etth1,HUFL,168,45,xgboost,3.583543887211873
2018-05-21 14:00:00,etth1,HUFL,168,45,xgboost,3.186870434645294
2018-05-21 15:00:00,etth1,HUFL,168,45,xgboost,3.1847225521769076
2018-05-21 16:00:00,etth1,HUFL,168,45,xgboost,3.181754810813402
2018-05-21 17:00:00,etth1,HUFL,168,45,xgboost,3.4519044991091685
2018-05-21 18:00:00,etth1,HUFL,168,45,xgboost,3.2880171640474973
2018-05-21 19:00:00,etth1,HUFL,168,45,xgboost,3.407893092755268
2018-05-21 20:00:00,etth1,HUFL,168,45,xgboost,3.358940897925326
2018-05-21 21:00:00,etth1,HUFL,168,45,xgboost,3.396264356976429
2018-05-21 22:00:00,etth1,HUFL,168,45,xgboost,3.442857849242743
2018-05-21 23:00:00,etth1,HUFL,168,45,xgboost,3.3706185408984157
2018-05-22 00:00:00,etth1,HUFL,168,45,xgboost,3.3633950374952857
2018-05-22 01:00:00,etth1,HUFL,168,45,xgboost,3.312977298995072
2018-05-22 02:00:00,etth1,HUFL,168,45,xgboost,3.3046383499729934
2018-05-22 03:00:00,etth1,HUFL,168,45,xgboost,3.3640742255453313
2018-05-22 04:00:00,etth1,HUFL,168,45,xgboost,3.304507353522692
2018-05-22 05:00:00,etth1,HUFL,168,45,xgboost,3.0700579414591997
2018-05-22 06:00:00,etth1,HUFL,168,45,xgboost,3.068810484194122
2018-05-22 07:00:00,etth1,HUFL,168,45,xgboost,3.2061715744081543
2018-05-22 08:00:00,etth1,HUFL,168,45,xgboost,3.2339133206558466
2018-05-22 09:00:00,etth1,HUFL,168,45,xgboost,3.3867916855859037
2018-05-22 10:00:00,etth1,HUFL,168,45,xgboost,3.4176781767783666
2018-05-22 11:00:00,etth1,HUFL,168,45,xgboost,3.310930755607571
2018-05-22 12:00:00,etth1,HUFL,168,45,xgboost,3.828256524027373
2018-05-22 13:00:00,etth1,HUFL,168,45,xgboost,3.8016295990562545
2018-05-22 14:00:00,etth1,HUFL,168,45,xgboost,3.4131560446750457
2018-05-22 15:00:00,etth1,HUFL,168,45,xgboost,3.495036582405867
2018-05-22 16:00:00,etth1,HUFL,168,45,xgboost,3.485929151647283
2018-05-22 17:00:00,etth1,HUFL,168,45,xgboost,3.4339138839575245
2018-05-22 18:00:00,etth1,HUFL,168,45,xgboost,3.653702734308726
2018-05-22 19:00:00,etth1,HUFL,168,45,xgboost,3.632446349506895
2018-05-22 20:00:00,etth1,HUFL,168,45,xgboost,3.5816606452404525
2018-05-22 21:00:00,etth1,HUFL,168,45,xgboost,3.5685353226251895
2018-05-22 22:00:00,etth1,HUFL,168,45,xgboost,3.7154819543954254
2018-05-22 23:00:00,etth1,HUFL,168,45,xgboost,3.587392141501928
2018-05-23 00:00:00,etth1,HUFL,168,45,xgboost,3.662468889621585
2018-05-23 01:00:00,etth1,HUFL,168,45,xgboost,3.566234698837564
2018-05-23 02:00:00,etth1,HUFL,168,45,xgboost,3.5792175630192897
2018-05-23 03:00:00,etth1,HUFL,168,45,xgboost,3.6867172459031514
2018-05-23 04:00:00,etth1,HUFL,168,45,xgboost,3.524716486116598
2018-05-23 05:00:00,etth1,HUFL,168,45,xgboost,3.5242360498987817
2018-05-23 06:00:00,etth1,HUFL,168,45,xgboost,3.3710251615641447
2018-05-23 07:00:00,etth1,HUFL,168,45,xgboost,3.587283413202862
2018-05-23 08:00:00,etth1,HUFL,168,45,xgboost,3.756287511438554
2018-05-23 09:00:00,etth1,HUFL,168,45,xgboost,4.113481549363653
2018-05-23 10:00:00,etth1,HUFL,168,45,xgboost,3.7340403963126736
2018-05-23 11:00:00,etth1,HUFL,168,45,xgboost,3.6117888419133344
2018-05-23 12:00:00,etth1,HUFL,168,45,xgboost,4.017291543623915
2018-05-23 13:00:00,etth1,HUFL,168,45,xgboost,3.8110608172614646
2018-05-23 14:00:00,etth1,HUFL,168,45,xgboost,3.702677777578475
2018-05-23 15:00:00,etth1,HUFL,168,45,xgboost,3.7622656983565332
2018-05-23 16:00:00,etth1,HUFL,168,45,xgboost,3.4462183351370266
2018-05-23 17:00:00,etth1,HUFL,168,45,xgboost,3.536636604127108
2018-05-23 18:00:00,etth1,HUFL,168,45,xgboost,3.4673109242078977
2018-05-23 19:00:00,etth1,HUFL,168,45,xgboost,3.1049314494700946
2018-05-23 20:00:00,etth1,HUFL,168,45,xgboost,3.0498272438079614
2018-05-23 21:00:00,etth1,HUFL,168,45,xgboost,3.037805265312634
2018-05-23 22:00:00,etth1,HUFL,168,45,xgboost,3.0263098909775286
2018-05-23 23:00:00,etth1,HUFL,168,45,xgboost,2.943235926262182
2018-05-24 00:00:00,etth1,HUFL,168,45,xgboost,3.008004374846905
2018-05-24 01:00:00,etth1,HUFL,168,45,xgboost,3.3084344399656365
2018-05-24 02:00:00,etth1,HUFL,168,45,xgboost,3.183438514054312
2018-05-24 03:00:00,etth1,HUFL,168,45,xgboost,3.1612820975648273
2018-05-24 04:00:00,etth1,HUFL,168,45,xgboost,3.231522749833986
2018-05-24 05:00:00,etth1,HUFL,168,45,xgboost,3.3184664309445244
2018-05-24 06:00:00,etth1,HUFL,168,45,xgboost,3.219891239275642
2018-05-24 07:00:00,etth1,HUFL,168,45,xgboost,3.2118964103675154
2018-05-24 08:00:00,etth1,HUFL,168,45,xgboost,3.435822716971952
2018-05-24 09:00:00,etth1,HUFL,168,45,xgboost,4.41488335940826
2018-05-24 10:00:00,etth1,HUFL,168,45,xgboost,3.7409823597271177
2018-05-24 11:00:00,etth1,HUFL,168,45,xgboost,4.2999496410095706
2018-05-24 12:00:00,etth1,HUFL,168,45,xgboost,4.221841153348279
2018-05-24 13:00:00,etth1,HUFL,168,45,xgboost,4.158455615517541
2018-05-24 14:00:00,etth1,HUFL,168,45,xgboost,4.82398267930577
2018-05-24 15:00:00,etth1,HUFL,168,45,xgboost,4.661685573489833
2018-05-24 16:00:00,etth1,HUFL,168,45,xgboost,4.310853027675312
2018-05-24 17:00:00,etth1,HUFL,168,45,xgboost,4.023522122897047
2018-05-24 18:00:00,etth1,HUFL,168,45,xgboost,3.8642820266215754
2018-05-24 19:00:00,etth1,HUFL,168,45,xgboost,4.097862666891542
2018-05-24 20:00:00,etth1,HUFL,168,45,xgboost,4.0137041216504326
2018-05-24 21:00:00,etth1,HUFL,168,45,xgboost,4.0690200277588096
2018-05-24 22:00:00,etth1,HUFL,168,45,xgboost,4.054921648991858
2018-05-24 23:00:00,etth1,HUFL,168,45,xgboost,3.9600058874581223
2018-05-25 00:00:00,etth1,HUFL,168,45,xgboost,4.22085271262399
2018-05-25 01:00:00,etth1,HUFL,168,45,xgboost,4.08345473659805
2018-05-25 02:00:00,etth1,HUFL,168,45,xgboost,3.949212343609624
2018-05-25 03:00:00,etth1,HUFL,168,45,xgboost,4.067704120057448
2018-05-25 04:00:00,etth1,HUFL,168,45,xgboost,3.9049972314478447
2018-05-25 05:00:00,etth1,HUFL,168,45,xgboost,3.8234429173542788
2018-05-25 06:00:00,etth1,HUFL,168,45,xgboost,3.8993365057689067
2018-05-25 07:00:00,etth1,HUFL,168,45,xgboost,3.817286157971163
2018-05-25 08:00:00,etth1,HUFL,168,45,xgboost,4.0707365655198995
2018-05-25 09:00:00,etth1,HUFL,168,45,xgboost,4.068701089322468
2018-05-25 10:00:00,etth1,HUFL,168,45,xgboost,4.207474662973953
2018-05-25 11:00:00,etth1,HUFL,168,45,xgboost,4.1917660036768885
2018-05-25 12:00:00,etth1,HUFL,168,45,xgboost,4.333034853694061
2018-05-25 13:00:00,etth1,HUFL,168,45,xgboost,4.455975416854743
2018-05-25 14:00:00,etth1,HUFL,168,45,xgboost,4.762596464403841
2018-05-25 15:00:00,etth1,HUFL,168,45,xgboost,4.520633549747795
2018-05-25 16:00:00,etth1,HUFL,168,45,xgboost,3.9859553980345033
2018-05-25 17:00:00,etth1,HUFL,168,45,xgboost,4.055882994254827
2018-05-25 18:00:00,etth1,HUFL,168,45,xgboost,3.8125229177771627
2018-05-25 19:00:00,etth1,HUFL,168,45,xgboost,3.932307475531858
2018-05-25 20:00:00,etth1,HUFL,168,45,xgboost,3.8185577707558815
2018-05-25 21:00:00,etth1,HUFL,168,45,xgboost,3.828609309008866
2018-05-25 22:00:00,etth1,HUFL,168,45,xgboost,3.7229783060843094
2018-05-25 23:00:00,etth1,HUFL,168,45,xgboost,3.7728607459175842
2018-05-26 00:00:00,etth1,HUFL,168,45,xgboost,3.7579362492200543
2018-05-26 01:00:00,etth1,HUFL,168,45,xgboost,3.793084153090137
2018-05-26 02:00:00,etth1,HUFL,168,45,xgboost,3.8478657120669078
2018-05-26 03:00:00,etth1,HUFL,168,45,xgboost,4.038803031632827
2018-05-26 04:00:00,etth1,HUFL,168,45,xgboost,4.054123064544818
2018-05-26 05:00:00,etth1,HUFL,168,45,xgboost,3.972394981103172
2018-05-26 06:00:00,etth1,HUFL,168,45,xgboost,4.032204498410768
2018-05-26 07:00:00,etth1,HUFL,168,45,xgboost,4.1368351773757
2018-05-26 08:00:00,etth1,HUFL,168,45,xgboost,4.095027640353738
2018-05-26 09:00:00,etth1,HUFL,168,45,xgboost,4.136583397038625
2018-05-26 10:00:00,etth1,HUFL,168,45,xgboost,4.308152599664264
2018-05-26 11:00:00,etth1,HUFL,168,45,xgboost,4.101238429387828
2018-05-26 12:00:00,etth1,HUFL,168,45,xgboost,4.310888970343619
2018-05-26 13:00:00,etth1,HUFL,168,45,xgboost,4.514093272755566
2018-05-26 14:00:00,etth1,HUFL,168,45,xgboost,4.128247837584874
2018-05-26 15:00:00,etth1,HUFL,168,45,xgboost,3.9953264227078966
2018-05-26 16:00:00,etth1,HUFL,168,45,xgboost,4.043774051611834
2018-05-26 17:00:00,etth1,HUFL,168,45,xgboost,3.905412779418092
2018-05-26 18:00:00,etth1,HUFL,168,45,xgboost,3.8435887824894
2018-05-26 19:00:00,etth1,HUFL,168,45,xgboost,3.807424513663331
2018-05-26 20:00:00,etth1,HUFL,168,45,xgboost,3.7329083493432713
2018-05-26 21:00:00,etth1,HUFL,168,45,xgboost,3.6588866296050964
2018-05-26 22:00:00,etth1,HUFL,168,45,xgboost,3.787637085844485
2018-05-26 23:00:00,etth1,HUFL,168,45,xgboost,3.517295720950539
2018-05-27 00:00:00,etth1,HUFL,168,45,xgboost,3.525212396584447
2018-05-27 01:00:00,etth1,HUFL,168,45,xgboost,3.535650808976403
2018-05-27 02:00:00,etth1,HUFL,168,45,xgboost,3.5692400283344745
2018-05-27 03:00:00,etth1,HUFL,168,45,xgboost,3.631783688021382
2018-05-27 04:00:00,etth1,HUFL,168,45,xgboost,3.517070500133078
2018-05-27 05:00:00,etth1,HUFL,168,45,xgboost,3.425679759091546
2018-05-27 06:00:00,etth1,HUFL,168,45,xgboost,3.58102313327338
2018-05-27 07:00:00,etth1,HUFL,168,45,xgboost,3.5945130777815684
2018-05-27 08:00:00,etth1,HUFL,168,45,xgboost,3.59613077024403
2018-05-27 09:00:00,etth1,HUFL,168,45,xgboost,3.6490846112629525
2018-05-27 10:00:00,etth1,HUFL,168,45,xgboost,3.934156664505256
2018-05-27 11:00:00,etth1,HUFL,168,45,xgboost,3.83125167414067
2018-05-27 12:00:00,etth1,HUFL,168,45,xgboost,4.010108347640723
2018-05-27 13:00:00,etth1,HUFL,168,45,xgboost,4.238112312200937
2018-05-27 14:00:00,etth1,HUFL,168,45,xgboost,4.070839313404634
2018-05-27 15:00:00,etth1,HUFL,168,45,xgboost,4.16694056595972
2018-05-27 16:00:00,etth1,HUFL,168,45,xgboost,4.098980668669005
2018-05-27 17:00:00,etth1,HUFL,168,45,xgboost,4.206521829764627
2018-05-27 18:00:00,etth1,HUFL,168,45,xgboost,4.233114630310615
2018-05-27 19:00:00,etth1,HUFL,168,45,xgboost,4.177515880610177
2018-05-27 20:00:00,etth1,HUFL,168,45,xgboost,4.014810633859449
2018-05-27 21:00:00,etth1,HUFL,168,45,xgboost,4.023570102503708
2018-05-27 22:00:00,etth1,HUFL,168,45,xgboost,4.066381072060673
2018-05-27 23:00:00,etth1,HUFL,168,45,xgboost,3.9381385150192147
2018-05-28 00:00:00,etth1,HUFL,168,45,xgboost,3.986092124243988
2018-05-28 01:00:00,etth1,HUFL,168,45,xgboost,4.185394199553625
2018-05-28 02:00:00,etth1,HUFL,168,45,xgboost,4.163016065492443
2018-05-28 03:00:00,etth1,HUFL,168,45,xgboost,4.0357454042767715
2018-05-28 04:00:00,etth1,HUFL,168,45,xgboost,4.043781956477941
2018-05-28 05:00:00,etth1,HUFL,168,45,xgboost,4.052068289235301
2018-05-28 06:00:00,etth1,HUFL,168,45,xgboost,4.1458246408428385
2018-05-28 07:00:00,etth1,HUFL,168,45,xgboost,4.311887446168384
2018-05-28 08:00:00,etth1,HUFL,168,45,xgboost,4.476661596227729
2018-05-28 09:00:00,etth1,HUFL,168,45,xgboost,4.633397210783223
2018-05-28 10:00:00,etth1,HUFL,168,45,xgboost,4.567291687425201
2018-05-28 11:00:00,etth1,HUFL,168,45,xgboost,4.528004884491878
2018-05-28 12:00:00,etth1,HUFL,168,45,xgboost,4.6679099241279385
2018-05-28 13:00:00,etth1,HUFL,168,45,xgboost,4.63880082734773
2018-05-28 14:00:00,etth1,HUFL,168,45,xgboost,4.736949506273949
2018-05-28 15:00:00,etth1,HUFL,168,45,xgboost,4.686257210435889
2018-05-28 16:00:00,etth1,HUFL,168,45,xgboost,4.655292542667694
2018-05-28 17:00:00,etth1,HUFL,168,45,xgboost,4.656296548620286
2018-05-28 18:00:00,etth1,HUFL,168,45,xgboost,4.598340029989557
2018-05-28 19:00:00,etth1,HUFL,168,45,xgboost,4.638847590638865
2018-05-28 20:00:00,etth1,HUFL,168,45,xgboost,4.613262564213899
2018-05-28 21:00:00,etth1,HUFL,168,45,xgboost,4.527794888494071
2018-05-28 22:00:00,etth1,HUFL,168,45,xgboost,4.484581377051524
2018-05-28 23:00:00,etth1,HUFL,168,45,xgboost,4.4123140597283985
2018-05-29 00:00:00,etth1,HUFL,168,45,xgboost,4.620482613612131
2018-05-29 01:00:00,etth1,HUFL,168,45,xgboost,4.360571364998557
2018-05-29 02:00:00,etth1,HUFL,168,45,xgboost,4.3515433741779335
2018-05-29 03:00:00,etth1,HUFL,168,45,xgboost,4.047189231300054
2018-05-29 04:00:00,etth1,HUFL,168,45,xgboost,3.966363224377491
2018-05-29 05:00:00,etth1,HUFL,168,45,xgboost,3.803236857134602
2018-05-29 06:00:00,etth1,HUFL,168,45,xgboost,3.910917984806847
2018-05-29 07:00:00,etth1,HUFL,168,45,xgboost,4.178885773496749
2018-05-29 08:00:00,etth1,HUFL,168,45,xgboost,4.445102579593608
2018-05-29 09:00:00,etth1,HUFL,168,45,xgboost,4.338974609335855
2018-05-29 10:00:00,etth1,HUFL,168,45,xgboost,4.583851434704599
2018-05-29 11:00:00,etth1,HUFL,168,45,xgboost,4.479679924664786
2018-05-29 12:00:00,etth1,HUFL,168,45,xgboost,4.530695351161471
2018-05-29 13:00:00,etth1,HUFL,168,45,xgboost,4.2725267743879805
2018-05-29 14:00:00,etth1,HUFL,168,45,xgboost,4.2551784166466655
2018-05-29 15:00:00,etth1,HUFL,168,45,xgboost,4.181246879501939
2018-05-29 16:00:00,etth1,HUFL,168,45,xgboost,4.280329226407577
2018-05-29 17:00:00,etth1,HUFL,168,45,xgboost,4.41128796429044
2018-05-29 18:00:00,etth1,HUFL,168,45,xgboost,4.354543783287974
2018-05-29 19:00:00,etth1,HUFL,168,45,xgboost,4.43389994650627
2018-05-29 20:00:00,etth1,HUFL,168,45,xgboost,4.376850050512216
2018-05-29 21:00:00,etth1,HUFL,168,45,xgboost,4.105542658875261
2018-05-29 22:00:00,etth1,HUFL,168,45,xgboost,4.268406148838301
2018-05-29 23:00:00,etth1,HUFL,168,45,xgboost,4.19729532194842
2018-05-30 00:00:00,etth1,HUFL,168,45,xgboost,4.229911110688932
2018-05-30 01:00:00,etth1,HUFL,168,45,xgboost,4.2659050213626255
2018-05-30 02:00:00,etth1,HUFL,168,45,xgboost,4.088659147546456
2018-05-30 03:00:00,etth1,HUFL,168,45,xgboost,3.838661159264995
2018-05-30 04:00:00,etth1,HUFL,168,45,xgboost,3.7628128547032933
2018-05-30 05:00:00,etth1,HUFL,168,45,xgboost,3.525564464776862
2018-05-30 06:00:00,etth1,HUFL,168,45,xgboost,3.8035141477196146
2018-05-30 07:00:00,etth1,HUFL,168,45,xgboost,4.127713381274335
2018-05-30 08:00:00,etth1,HUFL,168,45,xgboost,4.017307186043744
2018-05-30 09:00:00,etth1,HUFL,168,45,xgboost,4.049448155839299
2018-05-30 10:00:00,etth1,HUFL,168,45,xgboost,4.2845434868031615
2018-05-30 11:00:00,etth1,HUFL,168,45,xgboost,3.8690451235722683
2018-05-30 12:00:00,etth1,HUFL,168,45,xgboost,3.7861235189953
2018-05-30 13:00:00,etth1,HUFL,168,45,xgboost,3.9358372938211477
2018-05-30 14:00:00,etth1,HUFL,168,45,xgboost,3.9785175521187846
2018-05-30 15:00:00,etth1,HUFL,168,45,xgboost,4.395545171977752
2018-05-30 16:00:00,etth1,HUFL,168,45,xgboost,4.555456807962121
2018-05-30 17:00:00,etth1,HUFL,168,45,xgboost,4.619782799953066
2018-05-30 18:00:00,etth1,HUFL,168,45,xgboost,4.7794273781381325
2018-05-30 19:00:00,etth1,HUFL,168,45,xgboost,4.852580861745103
2018-05-30 20:00:00,etth1,HUFL,168,45,xgboost,4.8341035569139414
2018-05-30 21:00:00,etth1,HUFL,168,45,xgboost,4.703875737804737
2018-05-30 22:00:00,etth1,HUFL,168,45,xgboost,4.675040816923287
2018-05-30 23:00:00,etth1,HUFL,168,45,xgboost,4.621299990668869
2018-05-31 00:00:00,etth1,HUFL,168,45,xgboost,4.909063860326814
2018-05-31 01:00:00,etth1,HUFL,168,45,xgboost,4.698111286221673
2018-05-31 02:00:00,etth1,HUFL,168,45,xgboost,4.441838752726481
2018-05-31 03:00:00,etth1,HUFL,168,45,xgboost,4.1367212824856505
2018-05-31 04:00:00,etth1,HUFL,168,45,xgboost,3.988447259433001
2018-05-31 05:00:00,etth1,HUFL,168,45,xgboost,4.017290264694589
2018-05-31 06:00:00,etth1,HUFL,168,45,xgboost,4.08550583133191
2018-05-31 07:00:00,etth1,HUFL,168,45,xgboost,4.35540020715608
2018-05-31 08:00:00,etth1,HUFL,168,45,xgboost,4.200797113082241
2018-05-31 09:00:00,etth1,HUFL,168,45,xgboost,4.149075091652733
2018-05-31 10:00:00,etth1,HUFL,168,45,xgboost,4.875890653904468
2018-05-31 11:00:00,etth1,HUFL,168,45,xgboost,4.455046145046329
2018-05-31 12:00:00,etth1,HUFL,168,45,xgboost,4.742740447145534
2018-05-31 13:00:00,etth1,HUFL,168,45,xgboost,4.0301086421238885
2018-05-31 14:00:00,etth1,HUFL,168,45,xgboost,4.128103451816538
2018-05-31 15:00:00,etth1,HUFL,168,45,xgboost,4.4619889919304665
2018-05-31 16:00:00,etth1,HUFL,168,45,xgboost,5.162676318973746
2018-05-31 17:00:00,etth1,HUFL,168,45,xgboost,5.458046111231328
2018-05-31 18:00:00,etth1,HUFL,168,45,xgboost,5.441508090791581
2018-05-31 19:00:00,etth1,HUFL,168,45,xgboost,5.774758445797339
2018-05-31 20:00:00,etth1,HUFL,168,45,xgboost,5.872874164757614
2018-05-31 21:00:00,etth1,HUFL,168,45,xgboost,5.8925667158301644
2018-05-31 22:00:00,etth1,HUFL,168,45,xgboost,5.936320156825358
2018-05-31 23:00:00,etth1,HUFL,168,45,xgboost,6.379087209447911
2018-06-01 00:00:00,etth1,HUFL,168,45,xgboost,6.183384068937845
2018-06-01 01:00:00,etth1,HUFL,168,45,xgboost,5.863115079711192
2018-06-01 02:00:00,etth1,HUFL,168,45,xgboost,5.697408554710917
2018-06-01 03:00:00,etth1,HUFL,168,45,xgboost,5.432966139753374
2018-06-01 04:00:00,etth1,HUFL,168,45,xgboost,5.457982508281388
2018-06-01 05:00:00,etth1,HUFL,168,45,xgboost,5.700186819157274
2018-06-01 06:00:00,etth1,HUFL,168,45,xgboost,5.541095425010853
2018-06-01 07:00:00,etth1,HUFL,168,45,xgboost,5.788723561023701
2018-06-01 08:00:00,etth1,HUFL,168,45,xgboost,5.953766978271265
2018-06-01 09:00:00,etth1,HUFL,168,45,xgboost,5.28467817302198
2018-06-01 10:00:00,etth1,HUFL,168,45,xgboost,4.54180282449625
2018-06-01 11:00:00,etth1,HUFL,168,45,xgboost,4.442965704211528
2018-06-01 12:00:00,etth1,HUFL,168,45,xgboost,4.003751242513358
2018-06-01 13:00:00,etth1,HUFL,168,45,xgboost,3.495781957570725
2018-06-01 14:00:00,etth1,HUFL,168,45,xgboost,4.271611990649743
2018-06-01 15:00:00,etth1,HUFL,168,45,xgboost,4.2373884924283045
2018-06-01 16:00:00,etth1,HUFL,168,45,xgboost,4.308953090772666
2018-06-01 17:00:00,etth1,HUFL,168,45,xgboost,4.613616119345077
2018-06-01 18:00:00,etth1,HUFL,168,45,xgboost,5.030365349226915
2018-06-01 19:00:00,etth1,HUFL,168,45,xgboost,5.042440949907718
2018-06-01 20:00:00,etth1,HUFL,168,45,xgboost,4.905087275378988
2018-06-01 21:00:00,etth1,HUFL,168,45,xgboost,4.591183731898236
2018-06-01 22:00:00,etth1,HUFL,168,45,xgboost,4.35310578774931
2018-06-01 23:00:00,etth1,HUFL,168,45,xgboost,4.093721178302577
2018-06-02 00:00:00,etth1,HUFL,168,45,xgboost,3.8832708103766356
2018-06-02 01:00:00,etth1,HUFL,168,45,xgboost,3.7641567025783806
2018-06-02 02:00:00,etth1,HUFL,168,45,xgboost,3.5582866264135014
2018-06-02 03:00:00,etth1,HUFL,168,45,xgboost,3.4987927142392308
2018-06-02 04:00:00,etth1,HUFL,168,45,xgboost,3.4287228627975077
2018-06-02 05:00:00,etth1,HUFL,168,45,xgboost,3.1863871738891265
2018-06-02 06:00:00,etth1,HUFL,168,45,xgboost,3.368524958459987
2018-06-02 07:00:00,etth1,HUFL,168,45,xgboost,3.6516722437517934
2018-06-02 08:00:00,etth1,HUFL,168,45,xgboost,3.9697205393889936
2018-06-02 09:00:00,etth1,HUFL,168,45,xgboost,3.9265747317837336
2018-06-02 10:00:00,etth1,HUFL,168,45,xgboost,3.7770187806603754
2018-06-02 11:00:00,etth1,HUFL,168,45,xgboost,3.8501197230146134
2018-06-02 12:00:00,etth1,HUFL,168,45,xgboost,3.6491377605646553
2018-06-02 13:00:00,etth1,HUFL,168,45,xgboost,3.6842924659434133
2018-06-02 14:00:00,etth1,HUFL,168,45,xgboost,3.8996462461008123
2018-06-02 15:00:00,etth1,HUFL,168,45,xgboost,3.829364660704304
2018-06-02 16:00:00,etth1,HUFL,168,45,xgboost,3.8515670854798443
2018-06-02 17:00:00,etth1,HUFL,168,45,xgboost,4.064225175129546
2018-06-02 18:00:00,etth1,HUFL,168,45,xgboost,4.495699905136545
2018-06-02 19:00:00,etth1,HUFL,168,45,xgboost,4.533047053441935
2018-06-02 20:00:00,etth1,HUFL,168,45,xgboost,4.3343247684956925
2018-06-02 21:00:00,etth1,HUFL,168,45,xgboost,4.20929123766475
2018-06-02 22:00:00,etth1,HUFL,168,45,xgboost,4.18445535474197
2018-06-02 23:00:00,etth1,HUFL,168,45,xgboost,4.0507424821340905
2018-06-03 00:00:00,etth1,HUFL,168,45,xgboost,4.0050574189549195
2018-06-03 01:00:00,etth1,HUFL,168,45,xgboost,3.881349421557548
2018-06-03 02:00:00,etth1,HUFL,168,45,xgboost,3.8173228306153084
2018-06-03 03:00:00,etth1,HUFL,168,45,xgboost,3.7121705220813226
2018-06-03 04:00:00,etth1,HUFL,168,45,xgboost,3.66285875936415
2018-06-03 05:00:00,etth1,HUFL,168,45,xgboost,3.661001543476278
2018-06-03 06:00:00,etth1,HUFL,168,45,xgboost,3.6229945591682946
2018-06-03 07:00:00,etth1,HUFL,168,45,xgboost,3.9171495827483946
2018-06-03 08:00:00,etth1,HUFL,168,45,xgboost,4.275927293462288
2018-06-03 09:00:00,etth1,HUFL,168,45,xgboost,4.283691487352135
2018-06-03 10:00:00,etth1,HUFL,168,45,xgboost,4.15002902456233
2018-06-03 11:00:00,etth1,HUFL,168,45,xgboost,3.7638008158148826
2018-06-03 12:00:00,etth1,HUFL,168,45,xgboost,3.5958636907842574
2018-06-03 13:00:00,etth1,HUFL,168,45,xgboost,3.5256883715682594
2018-06-03 14:00:00,etth1,HUFL,168,45,xgboost,3.8024991213558303
2018-06-03 15:00:00,etth1,HUFL,168,45,xgboost,3.903691207056294
2018-06-03 16:00:00,etth1,HUFL,168,45,xgboost,3.8815830411187475
2018-06-03 17:00:00,etth1,HUFL,168,45,xgboost,4.189398372418434
2018-06-03 18:00:00,etth1,HUFL,168,45,xgboost,4.276057680372665
2018-06-03 19:00:00,etth1,HUFL,168,45,xgboost,4.204366876909132
2018-06-03 20:00:00,etth1,HUFL,168,45,xgboost,4.192351241799294
2018-06-03 21:00:00,etth1,HUFL,168,45,xgboost,4.107903761226297
2018-06-03 22:00:00,etth1,HUFL,168,45,xgboost,3.868800999527571
2018-06-03 23:00:00,etth1,HUFL,168,45,xgboost,3.8102089182322194
2018-06-04 00:00:00,etth1,HUFL,168,45,xgboost,3.8120301029032824
2018-06-04 01:00:00,etth1,HUFL,168,45,xgboost,3.9187715533991008
2018-06-04 02:00:00,etth1,HUFL,168,45,xgboost,3.73232069193541
2018-06-04 03:00:00,etth1,HUFL,168,45,xgboost,3.7608085080954625
2018-06-04 04:00:00,etth1,HUFL,168,45,xgboost,3.6761151462065347
2018-06-04 05:00:00,etth1,HUFL,168,45,xgboost,3.4573191199626327
2018-06-04 06:00:00,etth1,HUFL,168,45,xgboost,3.368961027033119
2018-06-04 07:00:00,etth1,HUFL,168,45,xgboost,3.6515484629539454
2018-06-04 08:00:00,etth1,HUFL,168,45,xgboost,4.011476962042012
2018-06-04 09:00:00,etth1,HUFL,168,45,xgboost,3.978604261644383
2018-06-04 10:00:00,etth1,HUFL,168,45,xgboost,4.042352406338491
2018-06-04 11:00:00,etth1,HUFL,168,45,xgboost,3.8935164392297152
2018-06-04 12:00:00,etth1,HUFL,168,45,xgboost,3.9103033241306533
2018-06-04 13:00:00,etth1,HUFL,168,45,xgboost,3.8657625515329
2018-06-04 14:00:00,etth1,HUFL,168,45,xgboost,3.950736379843567
2018-06-04 15:00:00,etth1,HUFL,168,45,xgboost,4.157086930930445
2018-06-04 16:00:00,etth1,HUFL,168,45,xgboost,4.161693193761245
2018-06-04 17:00:00,etth1,HUFL,168,45,xgboost,4.264131721263967
2018-06-04 18:00:00,etth1,HUFL,168,45,xgboost,4.5218341318358375
2018-06-04 19:00:00,etth1,HUFL,168,45,xgboost,4.443985647320827
2018-06-04 20:00:00,etth1,HUFL,168,45,xgboost,4.385833029775617
2018-06-04 21:00:00,etth1,HUFL,168,45,xgboost,4.212526770109953
2018-06-04 22:00:00,etth1,HUFL,168,45,xgboost,4.245667961656262
2018-06-04 23:00:00,etth1,HUFL,168,45,xgboost,4.146562519451264
2018-06-05 00:00:00,etth1,HUFL,168,45,xgboost,4.071262928537535
2018-06-05 01:00:00,etth1,HUFL,168,45,xgboost,3.9208414025225085
2018-06-05 02:00:00,etth1,HUFL,168,45,xgboost,3.892188260939735
2018-06-05 03:00:00,etth1,HUFL,168,45,xgboost,3.8145985626552
2018-06-05 04:00:00,etth1,HUFL,168,45,xgboost,3.6831666013699214
2018-06-05 05:00:00,etth1,HUFL,168,45,xgboost,3.6672976039468375
2018-06-05 06:00:00,etth1,HUFL,168,45,xgboost,3.6350627142103735
2018-06-05 07:00:00,etth1,HUFL,168,45,xgboost,3.9332597440342902
2018-06-05 08:00:00,etth1,HUFL,168,45,xgboost,4.0572972088408665
2018-06-05 09:00:00,etth1,HUFL,168,45,xgboost,4.093982049351804
2018-06-05 10:00:00,etth1,HUFL,168,45,xgboost,4.160908705681503
2018-06-05 11:00:00,etth1,HUFL,168,45,xgboost,4.137851383153359
2018-06-05 12:00:00,etth1,HUFL,168,45,xgboost,3.9930900661082283
2018-06-05 13:00:00,etth1,HUFL,168,45,xgboost,4.246929462127017
2018-06-05 14:00:00,etth1,HUFL,168,45,xgboost,4.312920882323975
2018-06-05 15:00:00,etth1,HUFL,168,45,xgboost,4.351791230569335
2018-06-05 16:00:00,etth1,HUFL,168,45,xgboost,4.417636566578401
2018-06-05 17:00:00,etth1,HUFL,168,45,xgboost,4.403222249804495
2018-06-05 18:00:00,etth1,HUFL,168,45,xgboost,4.754796226693274
2018-06-05 19:00:00,etth1,HUFL,168,45,xgboost,4.750429746089781
2018-06-05 20:00:00,etth1,HUFL,168,45,xgboost,4.6858755384153215
2018-06-05 21:00:00,etth1,HUFL,168,45,xgboost,4.647625972738979
2018-06-05 22:00:00,etth1,HUFL,168,45,xgboost,4.528196212749582
2018-06-05 23:00:00,etth1,HUFL,168,45,xgboost,4.398922044528495
2018-06-06 00:00:00,etth1,HUFL,168,45,xgboost,4.3465009484047865
2018-06-06 01:00:00,etth1,HUFL,168,45,xgboost,4.377195678740832
2018-06-06 02:00:00,etth1,HUFL,168,45,xgboost,4.228194387002591
2018-06-06 03:00:00,etth1,HUFL,168,45,xgboost,4.320228740524188
2018-06-06 04:00:00,etth1,HUFL,168,45,xgboost,4.164220403385942
2018-06-06 05:00:00,etth1,HUFL,168,45,xgboost,4.049449127081731
2018-06-06 06:00:00,etth1,HUFL,168,45,xgboost,4.140192504465756
2018-06-06 07:00:00,etth1,HUFL,168,45,xgboost,4.274743155070403
2018-06-06 08:00:00,etth1,HUFL,168,45,xgboost,4.486738538808582
2018-06-06 09:00:00,etth1,HUFL,168,45,xgboost,4.354478184908526
2018-06-06 10:00:00,etth1,HUFL,168,45,xgboost,4.3332976644966115
2018-06-06 11:00:00,etth1,HUFL,168,45,xgboost,4.325356669085207
2018-06-06 12:00:00,etth1,HUFL,168,45,xgboost,4.456046065396237
2018-06-06 13:00:00,etth1,HUFL,168,45,xgboost,4.2903350377568295
2018-06-06 14:00:00,etth1,HUFL,168,45,xgboost,4.336815845494817
2018-06-06 15:00:00,etth1,HUFL,168,45,xgboost,4.193947952490657
2018-06-06 16:00:00,etth1,HUFL,168,45,xgboost,4.292752364309458
2018-06-06 17:00:00,etth1,HUFL,168,45,xgboost,4.537354575112868
2018-06-06 18:00:00,etth1,HUFL,168,45,xgboost,4.389511755473571
2018-06-06 19:00:00,etth1,HUFL,168,45,xgboost,4.41209934139716
2018-06-06 20:00:00,etth1,HUFL,168,45,xgboost,4.328610643483935
2018-06-06 21:00:00,etth1,HUFL,168,45,xgboost,4.25447545583263
2018-06-06 22:00:00,etth1,HUFL,168,45,xgboost,4.2228187670467126
2018-06-06 23:00:00,etth1,HUFL,168,45,xgboost,4.168351133927293
2018-06-07 00:00:00,etth1,HUFL,168,45,xgboost,4.350763896773753
2018-06-07 01:00:00,etth1,HUFL,168,45,xgboost,4.410773543922501
2018-06-07 02:00:00,etth1,HUFL,168,45,xgboost,4.391121935624566
2018-06-07 03:00:00,etth1,HUFL,168,45,xgboost,4.203844578982241
2018-06-07 04:00:00,etth1,HUFL,168,45,xgboost,4.218340651808614
2018-06-07 05:00:00,etth1,HUFL,168,45,xgboost,4.287507664946385
2018-06-07 06:00:00,etth1,HUFL,168,45,xgboost,3.994688955855612
2018-06-07 07:00:00,etth1,HUFL,168,45,xgboost,4.23397294220244
2018-06-07 08:00:00,etth1,HUFL,168,45,xgboost,4.524899409392832
2018-06-07 09:00:00,etth1,HUFL,168,45,xgboost,4.582873554163773
2018-06-07 10:00:00,etth1,HUFL,168,45,xgboost,4.7111458889821005
2018-06-07 11:00:00,etth1,HUFL,168,45,xgboost,4.744141351944741
2018-06-07 12:00:00,etth1,HUFL,168,45,xgboost,4.539779389942251
2018-06-07 13:00:00,etth1,HUFL,168,45,xgboost,4.687567637701797
2018-06-07 14:00:00,etth1,HUFL,168,45,xgboost,4.729214895729769
2018-06-07 15:00:00,etth1,HUFL,168,45,xgboost,4.686433792832922
2018-06-07 16:00:00,etth1,HUFL,168,45,xgboost,4.714636806228263
2018-06-07 17:00:00,etth1,HUFL,168,45,xgboost,4.616611310592424
2018-06-07 18:00:00,etth1,HUFL,168,45,xgboost,4.65876583889032
2018-06-07 19:00:00,etth1,HUFL,168,45,xgboost,4.764095042388705
2018-06-07 20:00:00,etth1,HUFL,168,45,xgboost,4.576429622255826
2018-06-07 21:00:00,etth1,HUFL,168,45,xgboost,4.390983406550312
2018-06-07 22:00:00,etth1,HUFL,168,45,xgboost,4.491633405161718
2018-06-07 23:00:00,etth1,HUFL,168,45,xgboost,4.298441438376906
2018-06-08 00:00:00,etth1,HUFL,168,45,xgboost,4.28385249929572
2018-06-08 01:00:00,etth1,HUFL,168,45,xgboost,4.139071006245568
2018-06-08 02:00:00,etth1,HUFL,168,45,xgboost,4.177676013739148
2018-06-08 03:00:00,etth1,HUFL,168,45,xgboost,4.044718648228001
2018-06-08 04:00:00,etth1,HUFL,168,45,xgboost,4.1038872318037765
2018-06-08 05:00:00,etth1,HUFL,168,45,xgboost,4.011650593145439
2018-06-08 06:00:00,etth1,HUFL,168,45,xgboost,3.732488387522064
2018-06-08 07:00:00,etth1,HUFL,168,45,xgboost,3.9447505454032727
2018-06-08 08:00:00,etth1,HUFL,168,45,xgboost,4.231855533260968
2018-06-08 09:00:00,etth1,HUFL,168,45,xgboost,4.357078387524693
2018-06-08 10:00:00,etth1,HUFL,168,45,xgboost,4.380452810672987
2018-06-08 11:00:00,etth1,HUFL,168,45,xgboost,4.356278093204798
2018-06-08 12:00:00,etth1,HUFL,168,45,xgboost,4.260305903063006
2018-06-08 13:00:00,etth1,HUFL,168,45,xgboost,4.3233796402514
2018-06-08 14:00:00,etth1,HUFL,168,45,xgboost,4.464190791210549
2018-06-08 15:00:00,etth1,HUFL,168,45,xgboost,4.464139535423634
2018-06-08 16:00:00,etth1,HUFL,168,45,xgboost,4.364080296450969
2018-06-08 17:00:00,etth1,HUFL,168,45,xgboost,4.686068014373307
2018-06-08 18:00:00,etth1,HUFL,168,45,xgboost,5.17899740716204
2018-06-08 19:00:00,etth1,HUFL,168,45,xgboost,4.711653405587981
2018-06-08 20:00:00,etth1,HUFL,168,45,xgboost,4.655826292568043
2018-06-08 21:00:00,etth1,HUFL,168,45,xgboost,4.46429687253506
2018-06-08 22:00:00,etth1,HUFL,168,45,xgboost,4.538058204656306
2018-06-08 23:00:00,etth1,HUFL,168,45,xgboost,4.497936540022246
2018-06-09 00:00:00,etth1,HUFL,168,45,xgboost,4.488082194827889
2018-06-09 01:00:00,etth1,HUFL,168,45,xgboost,4.4714355681952735
2018-06-09 02:00:00,etth1,HUFL,168,45,xgboost,4.416389844361443
2018-06-09 03:00:00,etth1,HUFL,168,45,xgboost,4.402543139214977
2018-06-09 04:00:00,etth1,HUFL,168,45,xgboost,4.544091988342551
2018-06-09 05:00:00,etth1,HUFL,168,45,xgboost,4.407716892982735
2018-06-09 06:00:00,etth1,HUFL,168,45,xgboost,4.2853697479497255
2018-06-09 07:00:00,etth1,HUFL,168,45,xgboost,4.614324975224532
2018-06-09 08:00:00,etth1,HUFL,168,45,xgboost,4.961335017233405
2018-06-09 09:00:00,etth1,HUFL,168,45,xgboost,4.697932204624768
2018-06-09 10:00:00,etth1,HUFL,168,45,xgboost,4.86346184997409
2018-06-09 11:00:00,etth1,HUFL,168,45,xgboost,5.376267045111145
2018-06-09 12:00:00,etth1,HUFL,168,45,xgboost,5.2198070810192005
2018-06-09 13:00:00,etth1,HUFL,168,45,xgboost,4.968996170358104
2018-06-09 14:00:00,etth1,HUFL,168,45,xgboost,5.276438999225573
2018-06-09 15:00:00,etth1,HUFL,168,45,xgboost,4.493691680375391
2018-06-09 16:00:00,etth1,HUFL,168,45,xgboost,4.507807712049668
2018-06-09 17:00:00,etth1,HUFL,168,45,xgboost,5.473056142812345
2018-06-09 18:00:00,etth1,HUFL,168,45,xgboost,5.3342393361014375
2018-06-09 19:00:00,etth1,HUFL,168,45,xgboost,5.161856086793737
2018-06-09 20:00:00,etth1,HUFL,168,45,xgboost,5.063114998180367
2018-06-09 21:00:00,etth1,HUFL,168,45,xgboost,4.8533239846410146
2018-06-09 22:00:00,etth1,HUFL,168,45,xgboost,4.98000381639567
2018-06-09 23:00:00,etth1,HUFL,168,45,xgboost,4.949733975868311
2018-06-10 00:00:00,etth1,HUFL,168,45,xgboost,4.986573719833204
2018-06-10 01:00:00,etth1,HUFL,168,45,xgboost,4.936141516814497
2018-06-10 02:00:00,etth1,HUFL,168,45,xgboost,4.891806005746951
2018-06-10 03:00:00,etth1,HUFL,168,45,xgboost,4.801307178127693
2018-06-10 04:00:00,etth1,HUFL,168,45,xgboost,4.963623014279013
2018-06-10 05:00:00,etth1,HUFL,168,45,xgboost,5.04764414833597
2018-06-10 06:00:00,etth1,HUFL,168,45,xgboost,4.9215730211585385
2018-06-10 07:00:00,etth1,HUFL,168,45,xgboost,5.380013732520011
2018-06-10 08:00:00,etth1,HUFL,168,45,xgboost,5.762659204786078
2018-06-10 09:00:00,etth1,HUFL,168,45,xgboost,5.382243141684437
2018-06-10 10:00:00,etth1,HUFL,168,45,xgboost,5.330872530609926
2018-06-10 11:00:00,etth1,HUFL,168,45,xgboost,5.43591169315984
2018-06-10 12:00:00,etth1,HUFL,168,45,xgboost,4.474669404492938
2018-06-10 13:00:00,etth1,HUFL,168,45,xgboost,4.887425325457149
2018-06-10 14:00:00,etth1,HUFL,168,45,xgboost,4.55547296854508
2018-06-10 15:00:00,etth1,HUFL,168,45,xgboost,4.839936845116303
2018-06-10 16:00:00,etth1,HUFL,168,45,xgboost,4.6235540483014335
2018-06-10 17:00:00,etth1,HUFL,168,45,xgboost,4.939155109956026
2018-06-10 18:00:00,etth1,HUFL,168,45,xgboost,4.942962367857843
2018-06-10 19:00:00,etth1,HUFL,168,45,xgboost,5.003782227328246
2018-06-10 20:00:00,etth1,HUFL,168,45,xgboost,4.97842217048639
2018-06-10 21:00:00,etth1,HUFL,168,45,xgboost,4.946562591718803
2018-06-10 22:00:00,etth1,HUFL,168,45,xgboost,4.965638247346274
2018-06-10 23:00:00,etth1,HUFL,168,45,xgboost,5.0194402333929995
2018-06-11 00:00:00,etth1,HUFL,168,45,xgboost,4.840075999156393
2018-06-11 01:00:00,etth1,HUFL,168,45,xgboost,4.848539669307818
2018-06-11 02:00:00,etth1,HUFL,168,45,xgboost,4.7102187817268355
2018-06-11 03:00:00,etth1,HUFL,168,45,xgboost,4.55011423566251
2018-06-11 04:00:00,etth1,HUFL,168,45,xgboost,4.839565598490669
2018-06-11 05:00:00,etth1,HUFL,168,45,xgboost,4.571409578435564
2018-06-11 06:00:00,etth1,HUFL,168,45,xgboost,4.669298977331584
2018-06-11 07:00:00,etth1,HUFL,168,45,xgboost,5.1918402900360645
2018-06-11 08:00:00,etth1,HUFL,168,45,xgboost,5.519645602013338
2018-06-11 09:00:00,etth1,HUFL,168,45,xgboost,4.876184156670185
2018-06-11 10:00:00,etth1,HUFL,168,45,xgboost,4.862175925221523
2018-06-11 11:00:00,etth1,HUFL,168,45,xgboost,4.677398216351672
2018-06-11 12:00:00,etth1,HUFL,168,45,xgboost,4.969924887866671
2018-06-11 13:00:00,etth1,HUFL,168,45,xgboost,5.140648097209045
2018-06-11 14:00:00,etth1,HUFL,168,45,xgboost,4.8046469116701775
2018-06-11 15:00:00,etth1,HUFL,168,45,xgboost,4.995324435408746
2018-06-11 16:00:00,etth1,HUFL,168,45,xgboost,4.807658951714083
2018-06-11 17:00:00,etth1,HUFL,168,45,xgboost,4.9644637611832865
2018-06-11 18:00:00,etth1,HUFL,168,45,xgboost,4.955369809516472
2018-06-11 19:00:00,etth1,HUFL,168,45,xgboost,5.1729589519982895
2018-06-11 20:00:00,etth1,HUFL,168,45,xgboost,5.101682222083716
2018-06-11 21:00:00,etth1,HUFL,168,45,xgboost,4.882317367014626
2018-06-11 22:00:00,etth1,HUFL,168,45,xgboost,4.738072649993988
2018-06-11 23:00:00,etth1,HUFL,168,45,xgboost,4.664787371013339
2018-06-12 00:00:00,etth1,HUFL,168,45,xgboost,4.284255842161069
2018-06-12 01:00:00,etth1,HUFL,168,45,xgboost,4.246341446522694
2018-06-12 02:00:00,etth1,HUFL,168,45,xgboost,4.334072383372403
2018-06-12 03:00:00,etth1,HUFL,168,45,xgboost,4.361667051284364
2018-06-12 04:00:00,etth1,HUFL,168,45,xgboost,4.484586927444326
2018-06-12 05:00:00,etth1,HUFL,168,45,xgboost,4.571576287267789
2018-06-12 06:00:00,etth1,HUFL,168,45,xgboost,4.486767169267151
2018-06-12 07:00:00,etth1,HUFL,168,45,xgboost,4.910491459272534
2018-06-12 08:00:00,etth1,HUFL,168,45,xgboost,4.945557041491248
2018-06-12 09:00:00,etth1,HUFL,168,45,xgboost,4.773090479998223
2018-06-12 10:00:00,etth1,HUFL,168,45,xgboost,4.613143355433998
2018-06-12 11:00:00,etth1,HUFL,168,45,xgboost,4.5174044439924
2018-06-12 12:00:00,etth1,HUFL,168,45,xgboost,4.507612525006238
2018-06-12 13:00:00,etth1,HUFL,168,45,xgboost,4.261426826163212
2018-06-12 14:00:00,etth1,HUFL,168,45,xgboost,4.426806886281353
2018-06-12 15:00:00,etth1,HUFL,168,45,xgboost,4.525283103143057
2018-06-12 16:00:00,etth1,HUFL,168,45,xgboost,4.608198235543586
2018-06-12 17:00:00,etth1,HUFL,168,45,xgboost,4.66428764117373
2018-06-12 18:00:00,etth1,HUFL,168,45,xgboost,4.753515434590975
2018-06-12 19:00:00,etth1,HUFL,168,45,xgboost,4.945884331452341
2018-06-12 20:00:00,etth1,HUFL,168,45,xgboost,4.7848287333088475
2018-06-12 21:00:00,etth1,HUFL,168,45,xgboost,4.466933851346497
2018-06-12 22:00:00,etth1,HUFL,168,45,xgboost,4.370742767787434
2018-06-12 23:00:00,etth1,HUFL,168,45,xgboost,4.265215016785499
2018-06-13 00:00:00,etth1,HUFL,168,45,xgboost,4.315434869932277
2018-06-13 01:00:00,etth1,HUFL,168,45,xgboost,4.36901167612502
2018-06-13 02:00:00,etth1,HUFL,168,45,xgboost,4.258512645166812
2018-06-13 03:00:00,etth1,HUFL,168,45,xgboost,3.9031669095618193
2018-06-13 04:00:00,etth1,HUFL,168,45,xgboost,4.071798915151972
2018-06-13 05:00:00,etth1,HUFL,168,45,xgboost,3.8074523384501258
2018-06-13 06:00:00,etth1,HUFL,168,45,xgboost,4.012633226823491
2018-06-13 07:00:00,etth1,HUFL,168,45,xgboost,4.525597113860401
2018-06-13 08:00:00,etth1,HUFL,168,45,xgboost,4.540982587701524
2018-06-13 09:00:00,etth1,HUFL,168,45,xgboost,4.398615383031786
2018-06-13 10:00:00,etth1,HUFL,168,45,xgboost,4.398462304615608
2018-06-13 11:00:00,etth1,HUFL,168,45,xgboost,4.298433448655514
2018-06-13 12:00:00,etth1,HUFL,168,45,xgboost,4.1423435003719575
2018-06-13 13:00:00,etth1,HUFL,168,45,xgboost,4.024552020056665
2018-06-13 14:00:00,etth1,HUFL,168,45,xgboost,4.134902998995037
2018-06-13 15:00:00,etth1,HUFL,168,45,xgboost,4.499320805582412
2018-06-13 16:00:00,etth1,HUFL,168,45,xgboost,4.423518782824879
2018-06-13 17:00:00,etth1,HUFL,168,45,xgboost,4.390850391163103
2018-06-13 18:00:00,etth1,HUFL,168,45,xgboost,4.598259727864597
2018-06-13 19:00:00,etth1,HUFL,168,45,xgboost,4.6922686589897005
2018-06-13 20:00:00,etth1,HUFL,168,45,xgboost,4.502018052279381
2018-06-13 21:00:00,etth1,HUFL,168,45,xgboost,4.273210646222826
2018-06-13 22:00:00,etth1,HUFL,168,45,xgboost,4.158127296230279
2018-06-13 23:00:00,etth1,HUFL,168,45,xgboost,4.10265411521387
2018-06-14 00:00:00,etth1,HUFL,168,45,xgboost,4.177000818239127
2018-06-14 01:00:00,etth1,HUFL,168,45,xgboost,3.926615548460908
2018-06-14 02:00:00,etth1,HUFL,168,45,xgboost,3.868994743282095
2018-06-14 03:00:00,etth1,HUFL,168,45,xgboost,3.566148053621279
2018-06-14 04:00:00,etth1,HUFL,168,45,xgboost,3.529900154305378
2018-06-14 05:00:00,etth1,HUFL,168,45,xgboost,3.4489278703453667
2018-06-14 06:00:00,etth1,HUFL,168,45,xgboost,3.645175104789319
2018-06-14 07:00:00,etth1,HUFL,168,45,xgboost,4.155844383184664
2018-06-14 08:00:00,etth1,HUFL,168,45,xgboost,4.271130488899555
2018-06-14 09:00:00,etth1,HUFL,168,45,xgboost,4.312269728488796
2018-06-14 10:00:00,etth1,HUFL,168,45,xgboost,4.2389068997606945
2018-06-14 11:00:00,etth1,HUFL,168,45,xgboost,4.151629620674042
2018-06-14 12:00:00,etth1,HUFL,168,45,xgboost,3.9879357371971005
2018-06-14 13:00:00,etth1,HUFL,168,45,xgboost,4.159077437980405
2018-06-14 14:00:00,etth1,HUFL,168,45,xgboost,4.194439226848159
2018-06-14 15:00:00,etth1,HUFL,168,45,xgboost,4.481494581355822
2018-06-14 16:00:00,etth1,HUFL,168,45,xgboost,4.29344773375942
2018-06-14 17:00:00,etth1,HUFL,168,45,xgboost,4.388624660882125
2018-06-14 18:00:00,etth1,HUFL,168,45,xgboost,4.877969726276537
2018-06-14 19:00:00,etth1,HUFL,168,45,xgboost,4.766617849914377
2018-06-14 20:00:00,etth1,HUFL,168,45,xgboost,4.605831698165135
2018-06-14 21:00:00,etth1,HUFL,168,45,xgboost,4.49433912338009
2018-06-14 22:00:00,etth1,HUFL,168,45,xgboost,4.387868602565252
2018-06-14 23:00:00,etth1,HUFL,168,45,xgboost,4.3891787064771535
2018-06-15 00:00:00,etth1,HUFL,168,45,xgboost,4.361096552364019
2018-06-15 01:00:00,etth1,HUFL,168,45,xgboost,4.1032768866719325
2018-06-15 02:00:00,etth1,HUFL,168,45,xgboost,3.840012554070797
2018-06-15 03:00:00,etth1,HUFL,168,45,xgboost,3.7158296639095725
2018-06-15 04:00:00,etth1,HUFL,168,45,xgboost,3.5158005399436756
2018-06-15 05:00:00,etth1,HUFL,168,45,xgboost,3.4492868185472862
2018-06-15 06:00:00,etth1,HUFL,168,45,xgboost,3.6387352244504747
2018-06-15 07:00:00,etth1,HUFL,168,45,xgboost,4.272162410613145
2018-06-15 08:00:00,etth1,HUFL,168,45,xgboost,4.270208012358192
2018-06-15 09:00:00,etth1,HUFL,168,45,xgboost,4.2208093271760205
2018-06-15 10:00:00,etth1,HUFL,168,45,xgboost,4.201633568229921
2018-06-15 11:00:00,etth1,HUFL,168,45,xgboost,4.032969313572822
2018-06-15 12:00:00,etth1,HUFL,168,45,xgboost,3.9891571529031804
2018-06-15 13:00:00,etth1,HUFL,168,45,xgboost,3.793429554319236
2018-06-15 14:00:00,etth1,HUFL,168,45,xgboost,4.0405544737849155
2018-06-15 15:00:00,etth1,HUFL,168,45,xgboost,3.9543155292837904
2018-06-15 16:00:00,etth1,HUFL,168,45,xgboost,4.0469700966333235
2018-06-15 17:00:00,etth1,HUFL,168,45,xgboost,4.0925121895840135
2018-06-15 18:00:00,etth1,HUFL,168,45,xgboost,4.318409946327958
2018-06-15 19:00:00,etth1,HUFL,168,45,xgboost,4.444403306066538
2018-06-15 20:00:00,etth1,HUFL,168,45,xgboost,4.440040705233183
2018-06-15 21:00:00,etth1,HUFL,168,45,xgboost,4.274237356043856
2018-06-15 22:00:00,etth1,HUFL,168,45,xgboost,4.129463303512738
2018-06-15 23:00:00,etth1,HUFL,168,45,xgboost,4.071204738778019
2018-06-16 00:00:00,etth1,HUFL,168,45,xgboost,4.156625384382808
2018-06-16 01:00:00,etth1,HUFL,168,45,xgboost,3.917865855159173
2018-06-16 02:00:00,etth1,HUFL,168,45,xgboost,3.732697265161014
2018-06-16 03:00:00,etth1,HUFL,168,45,xgboost,3.620087228881444
2018-06-16 04:00:00,etth1,HUFL,168,45,xgboost,3.515100325871285
2018-06-16 05:00:00,etth1,HUFL,168,45,xgboost,3.435117378414035
2018-06-16 06:00:00,etth1,HUFL,168,45,xgboost,3.645807196127591
2018-06-16 07:00:00,etth1,HUFL,168,45,xgboost,3.9243683117385304
2018-06-16 08:00:00,etth1,HUFL,168,45,xgboost,4.022108431184743
2018-06-16 09:00:00,etth1,HUFL,168,45,xgboost,4.041656331157229
2018-06-16 10:00:00,etth1,HUFL,168,45,xgboost,3.7385163141508095
2018-06-16 11:00:00,etth1,HUFL,168,45,xgboost,3.9141532979527707
2018-06-16 12:00:00,etth1,HUFL,168,45,xgboost,3.919614300293298
2018-06-16 13:00:00,etth1,HUFL,168,45,xgboost,4.0796367529526325
2018-06-16 14:00:00,etth1,HUFL,168,45,xgboost,3.966135173634978
2018-06-16 15:00:00,etth1,HUFL,168,45,xgboost,3.8973496951214344
2018-06-16 16:00:00,etth1,HUFL,168,45,xgboost,4.017428867900629
2018-06-16 17:00:00,etth1,HUFL,168,45,xgboost,4.117606519032142
2018-06-16 18:00:00,etth1,HUFL,168,45,xgboost,4.121078851749328
2018-06-16 19:00:00,etth1,HUFL,168,45,xgboost,4.324461280393878
2018-06-16 20:00:00,etth1,HUFL,168,45,xgboost,4.261385220730753
2018-06-16 21:00:00,etth1,HUFL,168,45,xgboost,3.9764626567557313
2018-06-16 22:00:00,etth1,HUFL,168,45,xgboost,3.829086607530319
2018-06-16 23:00:00,etth1,HUFL,168,45,xgboost,4.010458355670835
2018-06-17 00:00:00,etth1,HUFL,168,45,xgboost,3.890360453487622
2018-06-17 01:00:00,etth1,HUFL,168,45,xgboost,3.7150718859043135
2018-06-17 02:00:00,etth1,HUFL,168,45,xgboost,3.633220381062822
2018-06-17 03:00:00,etth1,HUFL,168,45,xgboost,3.5287890110235076
2018-06-17 04:00:00,etth1,HUFL,168,45,xgboost,3.5860047950939093
2018-06-17 05:00:00,etth1,HUFL,168,45,xgboost,3.4289802210119666
2018-06-17 06:00:00,etth1,HUFL,168,45,xgboost,3.5672616168841804
2018-06-17 07:00:00,etth1,HUFL,168,45,xgboost,3.871895394471732
2018-06-17 08:00:00,etth1,HUFL,168,45,xgboost,4.054890863135858
2018-06-17 09:00:00,etth1,HUFL,168,45,xgboost,3.948187674481226
2018-06-17 10:00:00,etth1,HUFL,168,45,xgboost,4.021883379839421
2018-06-17 11:00:00,etth1,HUFL,168,45,xgboost,3.7737054207186485
2018-06-17 12:00:00,etth1,HUFL,168,45,xgboost,3.9240386040327966
2018-06-17 13:00:00,etth1,HUFL,168,45,xgboost,3.6119013967521134
2018-06-17 14:00:00,etth1,HUFL,168,45,xgboost,3.781894344218994
2018-06-17 15:00:00,etth1,HUFL,168,45,xgboost,3.935996159474256
2018-06-17 16:00:00,etth1,HUFL,168,45,xgboost,3.949700844706452
2018-06-17 17:00:00,etth1,HUFL,168,45,xgboost,4.178801381951395
2018-06-17 18:00:00,etth1,HUFL,168,45,xgboost,4.178492961161036
2018-06-17 19:00:00,etth1,HUFL,168,45,xgboost,4.020465503788348
2018-06-17 20:00:00,etth1,HUFL,168,45,xgboost,3.8834540493304
2018-06-17 21:00:00,etth1,HUFL,168,45,xgboost,3.699575916152971
2018-06-17 22:00:00,etth1,HUFL,168,45,xgboost,3.8685405312963232
2018-06-17 23:00:00,etth1,HUFL,168,45,xgboost,3.8769122132309275
2018-06-18 00:00:00,etth1,HUFL,168,45,xgboost,4.014417643300958
2018-06-18 01:00:00,etth1,HUFL,168,45,xgboost,3.705890181510424
2018-06-18 02:00:00,etth1,HUFL,168,45,xgboost,3.5975335810413362
2018-06-18 03:00:00,etth1,HUFL,168,45,xgboost,3.482297651570588
2018-06-18 04:00:00,etth1,HUFL,168,45,xgboost,3.5598952143563856
2018-06-18 05:00:00,etth1,HUFL,168,45,xgboost,3.553894473174504
2018-06-18 06:00:00,etth1,HUFL,168,45,xgboost,3.6260241905446344
2018-06-18 07:00:00,etth1,HUFL,168,45,xgboost,3.6879952669484313
2018-06-18 08:00:00,etth1,HUFL,168,45,xgboost,3.7522896398082373
2018-06-18 09:00:00,etth1,HUFL,168,45,xgboost,3.9413765002670185
2018-06-18 10:00:00,etth1,HUFL,168,45,xgboost,3.4291565155333616
2018-06-18 11:00:00,etth1,HUFL,168,45,xgboost,3.583700324663569
2018-06-18 12:00:00,etth1,HUFL,168,45,xgboost,3.5590409520332877
2018-06-18 13:00:00,etth1,HUFL,168,45,xgboost,3.569455995795655
2018-06-18 14:00:00,etth1,HUFL,168,45,xgboost,3.7001337349320798
2018-06-18 15:00:00,etth1,HUFL,168,45,xgboost,3.643886268132461
2018-06-18 16:00:00,etth1,HUFL,168,45,xgboost,3.6488447136828843
2018-06-18 17:00:00,etth1,HUFL,168,45,xgboost,3.7518107529277827
2018-06-18 18:00:00,etth1,HUFL,168,45,xgboost,3.80358924256396
2018-06-18 19:00:00,etth1,HUFL,168,45,xgboost,3.564515273542918
2018-06-18 20:00:00,etth1,HUFL,168,45,xgboost,3.594082241785149
2018-06-18 21:00:00,etth1,HUFL,168,45,xgboost,3.780869362366187
2018-06-18 22:00:00,etth1,HUFL,168,45,xgboost,3.7229227283759903
2018-06-18 23:00:00,etth1,HUFL,168,45,xgboost,3.7327790561459615
2018-06-19 00:00:00,etth1,HUFL,168,45,xgboost,3.500164617423291
2018-06-19 01:00:00,etth1,HUFL,168,45,xgboost,3.4467427561841797
2018-06-19 02:00:00,etth1,HUFL,168,45,xgboost,3.354370481059882
2018-06-19 03:00:00,etth1,HUFL,168,45,xgboost,3.300580412401138
2018-06-19 04:00:00,etth1,HUFL,168,45,xgboost,3.4530955132035492
2018-06-19 05:00:00,etth1,HUFL,168,45,xgboost,3.423009577177738
2018-06-19 06:00:00,etth1,HUFL,168,45,xgboost,3.498386768126108
2018-06-19 07:00:00,etth1,HUFL,168,45,xgboost,3.7672036485210745
2018-06-19 08:00:00,etth1,HUFL,168,45,xgboost,3.6788982999841036
2018-06-19 09:00:00,etth1,HUFL,168,45,xgboost,3.8134456758624307
2018-06-19 10:00:00,etth1,HUFL,168,45,xgboost,3.7292987915290703
2018-06-19 11:00:00,etth1,HUFL,168,45,xgboost,3.7937319655140564
2018-06-19 12:00:00,etth1,HUFL,168,45,xgboost,3.6714888096942806
2018-06-19 13:00:00,etth1,HUFL,168,45,xgboost,3.8644535731322867
2018-06-19 14:00:00,etth1,HUFL,168,45,xgboost,4.029777747562976
2018-06-19 15:00:00,etth1,HUFL,168,45,xgboost,4.064393167200265
2018-06-19 16:00:00,etth1,HUFL,168,45,xgboost,3.8627029955330325
2018-06-19 17:00:00,etth1,HUFL,168,45,xgboost,4.171118409737099
2018-06-19 18:00:00,etth1,HUFL,168,45,xgboost,4.264660831976993
2018-06-19 19:00:00,etth1,HUFL,168,45,xgboost,4.110401561460156
2018-06-19 20:00:00,etth1,HUFL,168,45,xgboost,4.1240241488305704
