origin,dataset,target,horizon,seed,model,abs_error
2017-10-24 00:00:00,etth1,HUFL,24,42,xgboost,4.518013843007625
2017-10-24 01:00:00,etth1,HUFL,24,42,xgboost,4.922936667807644
2017-10-24 02:00:00,etth1,HUFL,24,42,xgboost,4.447875528628319
2017-10-24 03:00:00,etth1,HUFL,24,42,xgboost,4.33442789635111
2017-10-24 04:00:00,etth1,HUFL,24,42,xgboost,4.4505723624457305
2017-10-24 05:00:00,etth1,HUFL,24,42,xgboost,4.601642902940277
2017-10-24 06:00:00,etth1,HUFL,24,42,xgboost,4.363008980877147
2017-10-24 07:00:00,etth1,HUFL,24,42,xgboost,4.5152563632073965
2017-10-24 08:00:00,etth1,HUFL,24,42,xgboost,4.2549145238729045
2017-10-24 09:00:00,etth1,HUFL,24,42,xgboost,2.40898646612382
2017-10-24 10:00:00,etth1,HUFL,24,42,xgboost,1.991041697209532
2017-10-24 11:00:00,etth1,HUFL,24,42,xgboost,1.6702069605708154
2017-10-24 12:00:00,etth1,HUFL,24,42,xgboost,2.030761819649005
2017-10-24 13:00:00,etth1,HUFL,24,42,xgboost,2.658507940761061
2017-10-24 14:00:00,etth1,HUFL,24,42,xgboost,3.117614553554438
2017-10-24 15:00:00,etth1,HUFL,24,42,xgboost,2.7215699862574207
2017-10-24 16:00:00,etth1,HUFL,24,42,xgboost,3.0310023495488907
2017-10-24 17:00:00,etth1,HUFL,24,42,xgboost,3.3968634343700663
2017-10-24 18:00:00,etth1,HUFL,24,42,xgboost,3.407200369542039
2017-10-24 19:00:00,etth1,HUFL,24,42,xgboost,3.1929480141958666
2017-10-24 20:00:00,etth1,HUFL,24,42,xgboost,3.2499178877063764
2017-10-24 21:00:00,etth1,HUFL,24,42,xgboost,3.401835820159988
2017-10-24 22:00:00,etth1,HUFL,24,42,xgboost,3.8611294850591054
2017-10-24 23:00:00,etth1,HUFL,24,42,xgboost,3.5502297227491275
2017-10-25 00:00:00,etth1,HUFL,24,42,xgboost,3.439520012242799
2017-10-25 01:00:00,etth1,HUFL,24,42,xgboost,3.3508173206465877
2017-10-25 02:00:00,etth1,HUFL,24,42,xgboost,3.251000535449562
2017-10-25 03:00:00,etth1,HUFL,24,42,xgboost,3.1714225820759907
2017-10-25 04:00:00,etth1,HUFL,24,42,xgboost,3.3631260069333204
2017-10-25 05:00:00,etth1,HUFL,24,42,xgboost,3.1215413431563057
2017-10-25 06:00:00,etth1,HUFL,24,42,xgboost,3.314265908586488
2017-10-25 07:00:00,etth1,HUFL,24,42,xgboost,3.6541446160925743
2017-10-25 08:00:00,etth1,HUFL,24,42,xgboost,4.370457998776264
2017-10-25 09:00:00,etth1,HUFL,24,42,xgboost,2.6047595571615507
2017-10-25 10:00:00,etth1,HUFL,24,42,xgboost,2.700391073673137
2017-10-25 11:00:00,etth1,HUFL,24,42,xgboost,2.7984514951917645
2017-10-25 12:00:00,etth1,HUFL,24,42,xgboost,3.049364458937665
2017-10-25 13:00:00,etth1,HUFL,24,42,xgboost,2.7158483326682354
2017-10-25 14:00:00,etth1,HUFL,24,42,xgboost,2.4917409055387116
2017-10-25 15:00:00,etth1,HUFL,24,42,xgboost,2.5002121445419303
2017-10-25 16:00:00,etth1,HUFL,24,42,xgboost,2.321015838956831
2017-10-25 17:00:00,etth1,HUFL,24,42,xgboost,2.5481735256356473
2017-10-25 18:00:00,etth1,HUFL,24,42,xgboost,2.3286733688919825
2017-10-25 19:00:00,etth1,HUFL,24,42,xgboost,2.0387495510399973
2017-10-25 20:00:00,etth1,HUFL,24,42,xgboost,1.7790688147906615
2017-10-25 21:00:00,etth1,HUFL,24,42,xgboost,1.57636680637682
2017-10-25 22:00:00,etth1,HUFL,24,42,xgboost,1.7277007381460263
2017-10-25 23:00:00,etth1,HUFL,24,42,xgboost,1.6703579516733615
2017-10-26 00:00:00,etth1,HUFL,24,42,xgboost,1.644680556352359
2017-10-26 01:00:00,etth1,HUFL,24,42,xgboost,1.5232457401992823
2017-10-26 02:00:00,etth1,HUFL,24,42,xgboost,1.7403388722239608
2017-10-26 03:00:00,etth1,HUFL,24,42,xgboost,1.8913217086729557
2017-10-26 04:00:00,etth1,HUFL,24,42,xgboost,1.9298401541194552
2017-10-26 05:00:00,etth1,HUFL,24,42,xgboost,1.7870860988601922
2017-10-26 06:00:00,etth1,HUFL,24,42,xgboost,1.957232899952419
2017-10-26 07:00:00,etth1,HUFL,24,42,xgboost,1.772476102835982
2017-10-26 08:00:00,etth1,HUFL,24,42,xgboost,1.9284536358414872
2017-10-26 09:00:00,etth1,HUFL,24,42,xgboost,1.6953901914933762
2017-10-26 10:00:00,etth1,HUFL,24,42,xgboost,2.397456882567225
2017-10-26 11:00:00,etth1,HUFL,24,42,xgboost,1.7374454334064822
2017-10-26 12:00:00,etth1,HUFL,24,42,xgboost,2.627443975120773
2017-10-26 13:00:00,etth1,HUFL,24,42,xgboost,1.3111930191636127
2017-10-26 14:00:00,etth1,HUFL,24,42,xgboost,2.34520132030251
2017-10-26 15:00:00,etth1,HUFL,24,42,xgboost,1.721950374984836
2017-10-26 16:00:00,etth1,HUFL,24,42,xgboost,1.6287481453973693
2017-10-26 17:00:00,etth1,HUFL,24,42,xgboost,2.0535241385615737
2017-10-26 18:00:00,etth1,HUFL,24,42,xgboost,2.223116605898967
2017-10-26 19:00:00,etth1,HUFL,24,42,xgboost,2.0559166132847726
2017-10-26 20:00:00,etth1,HUFL,24,42,xgboost,1.9643490893761637
2017-10-26 21:00:00,etth1,HUFL,24,42,xgboost,2.3243917656799504
2017-10-26 22:00:00,etth1,HUFL,24,42,xgboost,2.4203488149204286
2017-10-26 23:00:00,etth1,HUFL,24,42,xgboost,2.130132929395296
2017-10-27 00:00:00,etth1,HUFL,24,42,xgboost,1.9819628855938252
2017-10-27 01:00:00,etth1,HUFL,24,42,xgboost,2.153236120596945
2017-10-27 02:00:00,etth1,HUFL,24,42,xgboost,2.611606128130477
2017-10-27 03:00:00,etth1,HUFL,24,42,xgboost,2.802337388805942
2017-10-27 04:00:00,etth1,HUFL,24,42,xgboost,2.750868444103905
2017-10-27 05:00:00,etth1,HUFL,24,42,xgboost,2.6613428603052065
2017-10-27 06:00:00,etth1,HUFL,24,42,xgboost,2.486032313732404
2017-10-27 07:00:00,etth1,HUFL,24,42,xgboost,2.7780641435784315
2017-10-27 08:00:00,etth1,HUFL,24,42,xgboost,2.9064736714531794
2017-10-27 09:00:00,etth1,HUFL,24,42,xgboost,2.002035884587139
2017-10-27 10:00:00,etth1,HUFL,24,42,xgboost,1.4819378952124016
2017-10-27 11:00:00,etth1,HUFL,24,42,xgboost,1.6090735287566134
2017-10-27 12:00:00,etth1,HUFL,24,42,xgboost,1.5772431339274668
2017-10-27 13:00:00,etth1,HUFL,24,42,xgboost,2.5078985597678636
2017-10-27 14:00:00,etth1,HUFL,24,42,xgboost,2.685407595196834
2017-10-27 15:00:00,etth1,HUFL,24,42,xgboost,3.5945910184971357
2017-10-27 16:00:00,etth1,HUFL,24,42,xgboost,3.1703956701310005
2017-10-27 17:00:00,etth1,HUFL,24,42,xgboost,3.152459636288452
2017-10-27 18:00:00,etth1,HUFL,24,42,xgboost,3.5122973904452643
2017-10-27 19:00:00,etth1,HUFL,24,42,xgboost,3.270209643377059
2017-10-27 20:00:00,etth1,HUFL,24,42,xgboost,3.245812913842858
2017-10-27 21:00:00,etth1,HUFL,24,42,xgboost,3.614129289576054
2017-10-27 22:00:00,etth1,HUFL,24,42,xgboost,3.5793268083766363
2017-10-27 23:00:00,etth1,HUFL,24,42,xgboost,3.9017887598108594
2017-10-28 00:00:00,etth1,HUFL,24,42,xgboost,4.051099117000773
2017-10-28 01:00:00,etth1,HUFL,24,42,xgboost,3.80245406488528
2017-10-28 02:00:00,etth1,HUFL,24,42,xgboost,4.203285790065098
2017-10-28 03:00:00,etth1,HUFL,24,42,xgboost,4.4075134627181045
2017-10-28 04:00:00,etth1,HUFL,24,42,xgboost,4.347641996353177
2017-10-28 05:00:00,etth1,HUFL,24,42,xgboost,4.1059076334229925
2017-10-28 06:00:00,etth1,HUFL,24,42,xgboost,4.345648282069056
2017-10-28 07:00:00,etth1,HUFL,24,42,xgboost,4.245103699168992
2017-10-28 08:00:00,etth1,HUFL,24,42,xgboost,4.600211898088543
2017-10-28 09:00:00,etth1,HUFL,24,42,xgboost,3.3901136413770576
2017-10-28 10:00:00,etth1,HUFL,24,42,xgboost,2.617190199647494
2017-10-28 11:00:00,etth1,HUFL,24,42,xgboost,2.684187072830978
2017-10-28 12:00:00,etth1,HUFL,24,42,xgboost,3.0322452554513704
2017-10-28 13:00:00,etth1,HUFL,24,42,xgboost,3.698309941139031
2017-10-28 14:00:00,etth1,HUFL,24,42,xgboost,3.943627854780822
2017-10-28 15:00:00,etth1,HUFL,24,42,xgboost,3.6065623374585827
2017-10-28 16:00:00,etth1,HUFL,24,42,xgboost,3.388496117951251
2017-10-28 17:00:00,etth1,HUFL,24,42,xgboost,3.90274493871352
2017-10-28 18:00:00,etth1,HUFL,24,42,xgboost,3.5331991135717353
2017-10-28 19:00:00,etth1,HUFL,24,42,xgboost,3.1283314733912047
2017-10-28 20:00:00,etth1,HUFL,24,42,xgboost,2.9774668971805816
2017-10-28 21:00:00,etth1,HUFL,24,42,xgboost,2.6913747891267956
2017-10-28 22:00:00,etth1,HUFL,24,42,xgboost,3.052336140893599
2017-10-28 23:00:00,etth1,HUFL,24,42,xgboost,3.3637523922246912
2017-10-29 00:00:00,etth1,HUFL,24,42,xgboost,3.2358789865931192
2017-10-29 01:00:00,etth1,HUFL,24,42,xgboost,2.9430638329213727
2017-10-29 02:00:00,etth1,HUFL,24,42,xgboost,2.6945741579677853
2017-10-29 03:00:00,etth1,HUFL,24,42,xgboost,2.447778963982223
2017-10-29 04:00:00,etth1,HUFL,24,42,xgboost,2.7101935170141265
2017-10-29 05:00:00,etth1,HUFL,24,42,xgboost,2.6940318578712414
2017-10-29 06:00:00,etth1,HUFL,24,42,xgboost,2.2930918951152943
2017-10-29 07:00:00,etth1,HUFL,24,42,xgboost,2.3228394407418462
2017-10-29 08:00:00,etth1,HUFL,24,42,xgboost,2.098888749597321
2017-10-29 09:00:00,etth1,HUFL,24,42,xgboost,2.253592356151209
2017-10-29 10:00:00,etth1,HUFL,24,42,xgboost,2.9534195267438523
2017-10-29 11:00:00,etth1,HUFL,24,42,xgboost,3.5577320724633545
2017-10-29 12:00:00,etth1,HUFL,24,42,xgboost,4.234086225795442
2017-10-29 13:00:00,etth1,HUFL,24,42,xgboost,4.159039994661597
2017-10-29 14:00:00,etth1,HUFL,24,42,xgboost,4.799483904446551
2017-10-29 15:00:00,etth1,HUFL,24,42,xgboost,4.2129409288107595
2017-10-29 16:00:00,etth1,HUFL,24,42,xgboost,3.583718661269227
2017-10-29 17:00:00,etth1,HUFL,24,42,xgboost,3.913266422661433
2017-10-29 18:00:00,etth1,HUFL,24,42,xgboost,4.177363088314752
2017-10-29 19:00:00,etth1,HUFL,24,42,xgboost,4.2863164545449575
2017-10-29 20:00:00,etth1,HUFL,24,42,xgboost,4.170512678285239
2017-10-29 21:00:00,etth1,HUFL,24,42,xgboost,4.205298413222609
2017-10-29 22:00:00,etth1,HUFL,24,42,xgboost,4.379331857013979
2017-10-29 23:00:00,etth1,HUFL,24,42,xgboost,4.281665361775825
2017-10-30 00:00:00,etth1,HUFL,24,42,xgboost,4.087996668616678
2017-10-30 01:00:00,etth1,HUFL,24,42,xgboost,3.5671878934798245
2017-10-30 02:00:00,etth1,HUFL,24,42,xgboost,3.6285923727658527
2017-10-30 03:00:00,etth1,HUFL,24,42,xgboost,3.5531372896735243
2017-10-30 04:00:00,etth1,HUFL,24,42,xgboost,3.391371222572809
2017-10-30 05:00:00,etth1,HUFL,24,42,xgboost,3.5688440986081384
2017-10-30 06:00:00,etth1,HUFL,24,42,xgboost,3.779246030431951
2017-10-30 07:00:00,etth1,HUFL,24,42,xgboost,3.6131327962603965
2017-10-30 08:00:00,etth1,HUFL,24,42,xgboost,4.1090326834464035
2017-10-30 09:00:00,etth1,HUFL,24,42,xgboost,3.1947228765380764
2017-10-30 10:00:00,etth1,HUFL,24,42,xgboost,2.8533318010848583
2017-10-30 11:00:00,etth1,HUFL,24,42,xgboost,3.4418854038770363
2017-10-30 12:00:00,etth1,HUFL,24,42,xgboost,3.4394745554157584
2017-10-30 13:00:00,etth1,HUFL,24,42,xgboost,3.307618177921761
2017-10-30 14:00:00,etth1,HUFL,24,42,xgboost,3.5648682295893024
2017-10-30 15:00:00,etth1,HUFL,24,42,xgboost,4.02000343603551
2017-10-30 16:00:00,etth1,HUFL,24,42,xgboost,4.506264240650344
2017-10-30 17:00:00,etth1,HUFL,24,42,xgboost,5.405090820646648
2017-10-30 18:00:00,etth1,HUFL,24,42,xgboost,4.7515629872939655
2017-10-30 19:00:00,etth1,HUFL,24,42,xgboost,5.108509726999315
2017-10-30 20:00:00,etth1,HUFL,24,42,xgboost,5.458954608771485
2017-10-30 21:00:00,etth1,HUFL,24,42,xgboost,5.788822392343769
2017-10-30 22:00:00,etth1,HUFL,24,42,xgboost,5.957651880575189
2017-10-30 23:00:00,etth1,HUFL,24,42,xgboost,6.517915593783339
2017-10-31 00:00:00,etth1,HUFL,24,42,xgboost,6.923170911121585
2017-10-31 01:00:00,etth1,HUFL,24,42,xgboost,6.348358307470065
2017-10-31 02:00:00,etth1,HUFL,24,42,xgboost,6.520551605034567
2017-10-31 03:00:00,etth1,HUFL,24,42,xgboost,6.57222890403613
2017-10-31 04:00:00,etth1,HUFL,24,42,xgboost,5.903247797248326
2017-10-31 05:00:00,etth1,HUFL,24,42,xgboost,5.39764064543052
2017-10-31 06:00:00,etth1,HUFL,24,42,xgboost,5.586912192090509
2017-10-31 07:00:00,etth1,HUFL,24,42,xgboost,5.048353952793088
2017-10-31 08:00:00,etth1,HUFL,24,42,xgboost,4.654745014931986
2017-10-31 09:00:00,etth1,HUFL,24,42,xgboost,3.1818979524312354
2017-10-31 10:00:00,etth1,HUFL,24,42,xgboost,2.612337090698205
2017-10-31 11:00:00,etth1,HUFL,24,42,xgboost,3.1585621534505037
2017-10-31 12:00:00,etth1,HUFL,24,42,xgboost,4.491580395252847
2017-10-31 13:00:00,etth1,HUFL,24,42,xgboost,4.390270432663578
2017-10-31 14:00:00,etth1,HUFL,24,42,xgboost,4.915305559679101
2017-10-31 15:00:00,etth1,HUFL,24,42,xgboost,5.438953487979478
2017-10-31 16:00:00,etth1,HUFL,24,42,xgboost,5.846118187943939
2017-10-31 17:00:00,etth1,HUFL,24,42,xgboost,6.725786763502597
2017-10-31 18:00:00,etth1,HUFL,24,42,xgboost,6.833797629029877
2017-10-31 19:00:00,etth1,HUFL,24,42,xgboost,6.493884477755313
2017-10-31 20:00:00,etth1,HUFL,24,42,xgboost,6.285333875114827
2017-10-31 21:00:00,etth1,HUFL,24,42,xgboost,6.259020711793172
2017-10-31 22:00:00,etth1,HUFL,24,42,xgboost,5.989286660398439
2017-10-31 23:00:00,etth1,HUFL,24,42,xgboost,5.921431210493762
2017-11-01 00:00:00,etth1,HUFL,24,42,xgboost,6.662767698833057
2017-11-01 01:00:00,etth1,HUFL,24,42,xgboost,6.528006852051708
2017-11-01 02:00:00,etth1,HUFL,24,42,xgboost,6.494425199207366
2017-11-01 03:00:00,etth1,HUFL,24,42,xgboost,6.436911621374169
2017-11-01 04:00:00,etth1,HUFL,24,42,xgboost,6.289308694049656
2017-11-01 05:00:00,etth1,HUFL,24,42,xgboost,6.274939008773359
2017-11-01 06:00:00,etth1,HUFL,24,42,xgboost,6.509313632931748
2017-11-01 07:00:00,etth1,HUFL,24,42,xgboost,6.108724636250709
2017-11-01 08:00:00,etth1,HUFL,24,42,xgboost,6.349963024065393
2017-11-01 09:00:00,etth1,HUFL,24,42,xgboost,4.374083022993777
2017-11-01 10:00:00,etth1,HUFL,24,42,xgboost,3.971418923093856
2017-11-01 11:00:00,etth1,HUFL,24,42,xgboost,4.378070454131438
2017-11-01 12:00:00,etth1,HUFL,24,42,xgboost,3.951115677183811
2017-11-01 13:00:00,etth1,HUFL,24,42,xgboost,4.114148482820748
2017-11-01 14:00:00,etth1,HUFL,24,42,xgboost,3.950887171164092
2017-11-01 15:00:00,etth1,HUFL,24,42,xgboost,5.039927348319619
2017-11-01 16:00:00,etth1,HUFL,24,42,xgboost,5.421491244620441
2017-11-01 17:00:00,etth1,HUFL,24,42,xgboost,5.234889845649114
2017-11-01 18:00:00,etth1,HUFL,24,42,xgboost,5.279543765122775
2017-11-01 19:00:00,etth1,HUFL,24,42,xgboost,4.9635864644572605
2017-11-01 20:00:00,etth1,HUFL,24,42,xgboost,4.614004924950244
2017-11-01 21:00:00,etth1,HUFL,24,42,xgboost,4.049897151356329
2017-11-01 22:00:00,etth1,HUFL,24,42,xgboost,4.015603482439139
2017-11-01 23:00:00,etth1,HUFL,24,42,xgboost,3.8090637312615865
2017-11-02 00:00:00,etth1,HUFL,24,42,xgboost,4.136506063855034
2017-11-02 01:00:00,etth1,HUFL,24,42,xgboost,3.5966422962778566
2017-11-02 02:00:00,etth1,HUFL,24,42,xgboost,4.006936681933304
2017-11-02 03:00:00,etth1,HUFL,24,42,xgboost,4.193224894641103
2017-11-02 04:00:00,etth1,HUFL,24,42,xgboost,4.128464541139539
2017-11-02 05:00:00,etth1,HUFL,24,42,xgboost,4.065882308007521
2017-11-02 06:00:00,etth1,HUFL,24,42,xgboost,4.037808925855028
2017-11-02 07:00:00,etth1,HUFL,24,42,xgboost,3.6575539867916493
2017-11-02 08:00:00,etth1,HUFL,24,42,xgboost,3.7849034340239442
2017-11-02 09:00:00,etth1,HUFL,24,42,xgboost,2.7979283499411225
2017-11-02 10:00:00,etth1,HUFL,24,42,xgboost,2.5542183115086705
2017-11-02 11:00:00,etth1,HUFL,24,42,xgboost,1.2572321440332048
2017-11-02 12:00:00,etth1,HUFL,24,42,xgboost,1.490230394000242
2017-11-02 13:00:00,etth1,HUFL,24,42,xgboost,1.700767649800275
2017-11-02 14:00:00,etth1,HUFL,24,42,xgboost,2.209380733011452
2017-11-02 15:00:00,etth1,HUFL,24,42,xgboost,2.1768625796035717
2017-11-02 16:00:00,etth1,HUFL,24,42,xgboost,2.155679095982563
2017-11-02 17:00:00,etth1,HUFL,24,42,xgboost,2.266474058275959
2017-11-02 18:00:00,etth1,HUFL,24,42,xgboost,2.0878823620571088
2017-11-02 19:00:00,etth1,HUFL,24,42,xgboost,1.7662213238882412
2017-11-02 20:00:00,etth1,HUFL,24,42,xgboost,1.4271573038787813
2017-11-02 21:00:00,etth1,HUFL,24,42,xgboost,1.3977851884769823
2017-11-02 22:00:00,etth1,HUFL,24,42,xgboost,1.5859428121711634
2017-11-02 23:00:00,etth1,HUFL,24,42,xgboost,1.588568423928099
2017-11-03 00:00:00,etth1,HUFL,24,42,xgboost,1.4209469046012415
2017-11-03 01:00:00,etth1,HUFL,24,42,xgboost,1.3612631216362192
2017-11-03 02:00:00,etth1,HUFL,24,42,xgboost,1.287320910892021
2017-11-03 03:00:00,etth1,HUFL,24,42,xgboost,2.016251198820784
2017-11-03 04:00:00,etth1,HUFL,24,42,xgboost,1.8967843290254347
2017-11-03 05:00:00,etth1,HUFL,24,42,xgboost,1.9939660184941321
2017-11-03 06:00:00,etth1,HUFL,24,42,xgboost,2.239955297484388
2017-11-03 07:00:00,etth1,HUFL,24,42,xgboost,2.329650672900463
2017-11-03 08:00:00,etth1,HUFL,24,42,xgboost,2.6713185851468055
2017-11-03 09:00:00,etth1,HUFL,24,42,xgboost,2.2590987879498297
2017-11-03 10:00:00,etth1,HUFL,24,42,xgboost,1.7253559120807782
2017-11-03 11:00:00,etth1,HUFL,24,42,xgboost,2.380081286151572
2017-11-03 12:00:00,etth1,HUFL,24,42,xgboost,3.1681518922231837
2017-11-03 13:00:00,etth1,HUFL,24,42,xgboost,4.556066754957014
2017-11-03 14:00:00,etth1,HUFL,24,42,xgboost,5.521187808399245
2017-11-03 15:00:00,etth1,HUFL,24,42,xgboost,6.000791318725663
2017-11-03 16:00:00,etth1,HUFL,24,42,xgboost,5.9509381367957905
2017-11-03 17:00:00,etth1,HUFL,24,42,xgboost,6.557143691426279
2017-11-03 18:00:00,etth1,HUFL,24,42,xgboost,6.915679412058981
2017-11-03 19:00:00,etth1,HUFL,24,42,xgboost,6.815654955117302
2017-11-03 20:00:00,etth1,HUFL,24,42,xgboost,6.269811825706186
2017-11-03 21:00:00,etth1,HUFL,24,42,xgboost,6.301004569880035
2017-11-03 22:00:00,etth1,HUFL,24,42,xgboost,6.367189808504524
2017-11-03 23:00:00,etth1,HUFL,24,42,xgboost,6.129040064876176
2017-11-04 00:00:00,etth1,HUFL,24,42,xgboost,5.505274484195698
2017-11-04 01:00:00,etth1,HUFL,24,42,xgboost,4.93844510604853
2017-11-04 02:00:00,etth1,HUFL,24,42,xgboost,4.8770868236158025
2017-11-04 03:00:00,etth1,HUFL,24,42,xgboost,4.636235212378832
2017-11-04 04:00:00,etth1,HUFL,24,42,xgboost,4.57118896295673
2017-11-04 05:00:00,etth1,HUFL,24,42,xgboost,4.667304547829435
2017-11-04 06:00:00,etth1,HUFL,24,42,xgboost,4.784781276019882
2017-11-04 07:00:00,etth1,HUFL,24,42,xgboost,4.704932784943426
2017-11-04 08:00:00,etth1,HUFL,24,42,xgboost,4.8952431421974945
2017-11-04 09:00:00,etth1,HUFL,24,42,xgboost,3.572226796087302
2017-11-04 10:00:00,etth1,HUFL,24,42,xgboost,3.21191321725998
2017-11-04 11:00:00,etth1,HUFL,24,42,xgboost,3.156203903685116
2017-11-04 12:00:00,etth1,HUFL,24,42,xgboost,2.743687378268737
2017-11-04 13:00:00,etth1,HUFL,24,42,xgboost,2.524191175642708
2017-11-04 14:00:00,etth1,HUFL,24,42,xgboost,3.1587640752252066
2017-11-04 15:00:00,etth1,HUFL,24,42,xgboost,3.4923223165343287
2017-11-04 16:00:00,etth1,HUFL,24,42,xgboost,3.8111227468997897
2017-11-04 17:00:00,etth1,HUFL,24,42,xgboost,3.88316851192971
2017-11-04 18:00:00,etth1,HUFL,24,42,xgboost,3.7787618984797344
2017-11-04 19:00:00,etth1,HUFL,24,42,xgboost,3.3512973231913428
2017-11-04 20:00:00,etth1,HUFL,24,42,xgboost,3.3781573602713633
2017-11-04 21:00:00,etth1,HUFL,24,42,xgboost,3.5904508654884446
2017-11-04 22:00:00,etth1,HUFL,24,42,xgboost,3.1815371118691833
2017-11-04 23:00:00,etth1,HUFL,24,42,xgboost,2.9193504581134797
2017-11-05 00:00:00,etth1,HUFL,24,42,xgboost,3.4988239728579544
2017-11-05 01:00:00,etth1,HUFL,24,42,xgboost,2.926437353364617
2017-11-05 02:00:00,etth1,HUFL,24,42,xgboost,2.9672295529911357
2017-11-05 03:00:00,etth1,HUFL,24,42,xgboost,3.5988191970414287
2017-11-05 04:00:00,etth1,HUFL,24,42,xgboost,3.8308399052449507
2017-11-05 05:00:00,etth1,HUFL,24,42,xgboost,3.3073265151036746
2017-11-05 06:00:00,etth1,HUFL,24,42,xgboost,3.3208603059866433
2017-11-05 07:00:00,etth1,HUFL,24,42,xgboost,3.222637865627835
2017-11-05 08:00:00,etth1,HUFL,24,42,xgboost,4.088948723140138
2017-11-05 09:00:00,etth1,HUFL,24,42,xgboost,3.348646530540725
2017-11-05 10:00:00,etth1,HUFL,24,42,xgboost,2.9791798574281394
2017-11-05 11:00:00,etth1,HUFL,24,42,xgboost,1.6250826226192165
2017-11-05 12:00:00,etth1,HUFL,24,42,xgboost,2.0175649480572795
2017-11-05 13:00:00,etth1,HUFL,24,42,xgboost,1.961510233391361
2017-11-05 14:00:00,etth1,HUFL,24,42,xgboost,2.290189986426465
2017-11-05 15:00:00,etth1,HUFL,24,42,xgboost,3.1589537598979867
2017-11-05 16:00:00,etth1,HUFL,24,42,xgboost,3.2872390131695504
2017-11-05 17:00:00,etth1,HUFL,24,42,xgboost,3.2884470494236595
2017-11-05 18:00:00,etth1,HUFL,24,42,xgboost,3.447307952934867
2017-11-05 19:00:00,etth1,HUFL,24,42,xgboost,3.290616786932754
2017-11-05 20:00:00,etth1,HUFL,24,42,xgboost,3.1054214252890535
2017-11-05 21:00:00,etth1,HUFL,24,42,xgboost,3.132228154917444
2017-11-05 22:00:00,etth1,HUFL,24,42,xgboost,3.0273015689251466
2017-11-05 23:00:00,etth1,HUFL,24,42,xgboost,3.1325204228845736
2017-11-06 00:00:00,etth1,HUFL,24,42,xgboost,3.631916170334282
2017-11-06 01:00:00,etth1,HUFL,24,42,xgboost,3.6477161335566843
2017-11-06 02:00:00,etth1,HUFL,24,42,xgboost,3.2505528773207097
2017-11-06 03:00:00,etth1,HUFL,24,42,xgboost,3.2526383452008734
2017-11-06 04:00:00,etth1,HUFL,24,42,xgboost,3.2155492903962717
2017-11-06 05:00:00,etth1,HUFL,24,42,xgboost,2.5700310743268995
2017-11-06 06:00:00,etth1,HUFL,24,42,xgboost,2.5820210023937595
2017-11-06 07:00:00,etth1,HUFL,24,42,xgboost,2.7977397364699357
2017-11-06 08:00:00,etth1,HUFL,24,42,xgboost,3.9079408911001035
2017-11-06 09:00:00,etth1,HUFL,24,42,xgboost,2.951978992852643
2017-11-06 10:00:00,etth1,HUFL,24,42,xgboost,2.1406187291263072
2017-11-06 11:00:00,etth1,HUFL,24,42,xgboost,2.7223764862255524
2017-11-06 12:00:00,etth1,HUFL,24,42,xgboost,2.691030214430804
2017-11-06 13:00:00,etth1,HUFL,24,42,xgboost,2.5768776408691587
2017-11-06 14:00:00,etth1,HUFL,24,42,xgboost,2.7752047673038205
2017-11-06 15:00:00,etth1,HUFL,24,42,xgboost,2.5844202473641196
2017-11-06 16:00:00,etth1,HUFL,24,42,xgboost,2.416270728395522
2017-11-06 17:00:00,etth1,HUFL,24,42,xgboost,2.0580128218392333
2017-11-06 18:00:00,etth1,HUFL,24,42,xgboost,2.0586892015811413
2017-11-06 19:00:00,etth1,HUFL,24,42,xgboost,2.184049011200322
2017-11-06 20:00:00,etth1,HUFL,24,42,xgboost,2.2104246809458505
2017-11-06 21:00:00,etth1,HUFL,24,42,xgboost,1.9849839357325543
2017-11-06 22:00:00,etth1,HUFL,24,42,xgboost,1.6286921586072445
2017-11-06 23:00:00,etth1,HUFL,24,42,xgboost,1.9351365801428855
2017-11-07 00:00:00,etth1,HUFL,24,42,xgboost,1.9037113484299015
2017-11-07 01:00:00,etth1,HUFL,24,42,xgboost,2.017728167925733
2017-11-07 02:00:00,etth1,HUFL,24,42,xgboost,2.3283773531424274
2017-11-07 03:00:00,etth1,HUFL,24,42,xgboost,2.1224512572275125
2017-11-07 04:00:00,etth1,HUFL,24,42,xgboost,1.9446857013808987
2017-11-07 05:00:00,etth1,HUFL,24,42,xgboost,2.044525714412981
2017-11-07 06:00:00,etth1,HUFL,24,42,xgboost,2.1212321758283204
2017-11-07 07:00:00,etth1,HUFL,24,42,xgboost,2.34150434792959
2017-11-07 08:00:00,etth1,HUFL,24,42,xgboost,2.7146373993578146
2017-11-07 09:00:00,etth1,HUFL,24,42,xgboost,3.3266770844176796
2017-11-07 10:00:00,etth1,HUFL,24,42,xgboost,2.5201134408075547
2017-11-07 11:00:00,etth1,HUFL,24,42,xgboost,2.9571279568880064
2017-11-07 12:00:00,etth1,HUFL,24,42,xgboost,3.7155067566540585
2017-11-07 13:00:00,etth1,HUFL,24,42,xgboost,3.659680272233396
2017-11-07 14:00:00,etth1,HUFL,24,42,xgboost,3.7756858208852364
2017-11-07 15:00:00,etth1,HUFL,24,42,xgboost,4.033980531585858
2017-11-07 16:00:00,etth1,HUFL,24,42,xgboost,3.569932471978898
2017-11-07 17:00:00,etth1,HUFL,24,42,xgboost,3.733097961189848
2017-11-07 18:00:00,etth1,HUFL,24,42,xgboost,3.9699162713902028
2017-11-07 19:00:00,etth1,HUFL,24,42,xgboost,4.182420800488136
2017-11-07 20:00:00,etth1,HUFL,24,42,xgboost,4.098345353798194
2017-11-07 21:00:00,etth1,HUFL,24,42,xgboost,4.140268585803227
2017-11-07 22:00:00,etth1,HUFL,24,42,xgboost,4.176302293980388
2017-11-07 23:00:00,etth1,HUFL,24,42,xgboost,4.337515690876605
2017-11-08 00:00:00,etth1,HUFL,24,42,xgboost,4.774535635403391
2017-11-08 01:00:00,etth1,HUFL,24,42,xgboost,4.802367411559473
2017-11-08 02:00:00,etth1,HUFL,24,42,xgboost,5.002975705439961
2017-11-08 03:00:00,etth1,HUFL,24,42,xgboost,4.896617831553937
2017-11-08 04:00:00,etth1,HUFL,24,42,xgboost,4.927764860962683
2017-11-08 05:00:00,etth1,HUFL,24,42,xgboost,4.969540190396816
2017-11-08 06:00:00,etth1,HUFL,24,42,xgboost,4.978460496147176
2017-11-08 07:00:00,etth1,HUFL,24,42,xgboost,4.7629702913147165
2017-11-08 08:00:00,etth1,HUFL,24,42,xgboost,5.241074110390973
2017-11-08 09:00:00,etth1,HUFL,24,42,xgboost,4.13780547179324
2017-11-08 10:00:00,etth1,HUFL,24,42,xgboost,3.047503472166482
2017-11-08 11:00:00,etth1,HUFL,24,42,xgboost,3.3926160956555282
2017-11-08 12:00:00,etth1,HUFL,24,42,xgboost,3.647956175671857
2017-11-08 13:00:00,etth1,HUFL,24,42,xgboost,4.013593574899768
2017-11-08 14:00:00,etth1,HUFL,24,42,xgboost,4.064211099652015
2017-11-08 15:00:00,etth1,HUFL,24,42,xgboost,4.663004608058682
2017-11-08 16:00:00,etth1,HUFL,24,42,xgboost,4.883255512410706
2017-11-08 17:00:00,etth1,HUFL,24,42,xgboost,5.017879000389499
2017-11-08 18:00:00,etth1,HUFL,24,42,xgboost,5.574691377480068
2017-11-08 19:00:00,etth1,HUFL,24,42,xgboost,5.535957035851678
2017-11-08 20:00:00,etth1,HUFL,24,42,xgboost,5.271802815946301
2017-11-08 21:00:00,etth1,HUFL,24,42,xgboost,5.441461392034186
2017-11-08 22:00:00,etth1,HUFL,24,42,xgboost,5.211804646633497
2017-11-08 23:00:00,etth1,HUFL,24,42,xgboost,5.494537268181534
2017-11-09 00:00:00,etth1,HUFL,24,42,xgboost,5.308371087685614
2017-11-09 01:00:00,etth1,HUFL,24,42,xgboost,5.247858318996685
2017-11-09 02:00:00,etth1,HUFL,24,42,xgboost,5.074147302507232
2017-11-09 03:00:00,etth1,HUFL,24,42,xgboost,5.488160832360329
2017-11-09 04:00:00,etth1,HUFL,24,42,xgboost,5.258698918072485
2017-11-09 05:00:00,etth1,HUFL,24,42,xgboost,5.131128516497707
2017-11-09 06:00:00,etth1,HUFL,24,42,xgboost,5.034330585975065
2017-11-09 07:00:00,etth1,HUFL,24,42,xgboost,5.225176579959425
2017-11-09 08:00:00,etth1,HUFL,24,42,xgboost,5.417078175027034
2017-11-09 09:00:00,etth1,HUFL,24,42,xgboost,3.9365217204095386
2017-11-09 10:00:00,etth1,HUFL,24,42,xgboost,3.0104828848224834
2017-11-09 11:00:00,etth1,HUFL,24,42,xgboost,2.633842271436746
2017-11-09 12:00:00,etth1,HUFL,24,42,xgboost,2.576110113242924
2017-11-09 13:00:00,etth1,HUFL,24,42,xgboost,2.4840361056039573
2017-11-09 14:00:00,etth1,HUFL,24,42,xgboost,2.415946037633534
2017-11-09 15:00:00,etth1,HUFL,24,42,xgboost,2.610676737276688
2017-11-09 16:00:00,etth1,HUFL,24,42,xgboost,2.1150736870107205
2017-11-09 17:00:00,etth1,HUFL,24,42,xgboost,2.328623794796803
2017-11-09 18:00:00,etth1,HUFL,24,42,xgboost,2.2027148155569063
2017-11-09 19:00:00,etth1,HUFL,24,42,xgboost,2.157002567363713
2017-11-09 20:00:00,etth1,HUFL,24,42,xgboost,2.2528670354923004
2017-11-09 21:00:00,etth1,HUFL,24,42,xgboost,2.0405071124746885
2017-11-09 22:00:00,etth1,HUFL,24,42,xgboost,2.4951980349811707
2017-11-09 23:00:00,etth1,HUFL,24,42,xgboost,2.2796888979565426
2017-11-10 00:00:00,etth1,HUFL,24,42,xgboost,2.827400933407207
2017-11-10 01:00:00,etth1,HUFL,24,42,xgboost,2.918505021920467
2017-11-10 02:00:00,etth1,HUFL,24,42,xgboost,2.561286193258906
2017-11-10 03:00:00,etth1,HUFL,24,42,xgboost,2.4233215348388395
2017-11-10 04:00:00,etth1,HUFL,24,42,xgboost,2.234849937064808
2017-11-10 05:00:00,etth1,HUFL,24,42,xgboost,1.807232659335592
2017-11-10 06:00:00,etth1,HUFL,24,42,xgboost,2.5531404390660923
2017-11-10 07:00:00,etth1,HUFL,24,42,xgboost,2.8363715473040614
2017-11-10 08:00:00,etth1,HUFL,24,42,xgboost,2.016169750525805
2017-11-10 09:00:00,etth1,HUFL,24,42,xgboost,2.019180447897201
2017-11-10 10:00:00,etth1,HUFL,24,42,xgboost,2.2692568972498317
2017-11-10 11:00:00,etth1,HUFL,24,42,xgboost,2.1994958060084797
2017-11-10 12:00:00,etth1,HUFL,24,42,xgboost,2.6222083514957344
2017-11-10 13:00:00,etth1,HUFL,24,42,xgboost,3.093010500226755
2017-11-10 14:00:00,etth1,HUFL,24,42,xgboost,2.992366054923765
2017-11-10 15:00:00,etth1,HUFL,24,42,xgboost,2.70516747341922
2017-11-10 16:00:00,etth1,HUFL,24,42,xgboost,2.921578795293557
2017-11-10 17:00:00,etth1,HUFL,24,42,xgboost,2.9085394744126742
2017-11-10 18:00:00,etth1,HUFL,24,42,xgboost,2.893548357018089
2017-11-10 19:00:00,etth1,HUFL,24,42,xgboost,2.738439155533092
2017-11-10 20:00:00,etth1,HUFL,24,42,xgboost,2.732375328631585
2017-11-10 21:00:00,etth1,HUFL,24,42,xgboost,2.7405042216785667
2017-11-10 22:00:00,etth1,HUFL,24,42,xgboost,3.037353044457555
2017-11-10 23:00:00,etth1,HUFL,24,42,xgboost,3.1207866430415954
2017-11-11 00:00:00,etth1,HUFL,24,42,xgboost,2.639275539719758
2017-11-11 01:00:00,etth1,HUFL,24,42,xgboost,2.59244279564869
2017-11-11 02:00:00,etth1,HUFL,24,42,xgboost,2.765522764193611
2017-11-11 03:00:00,etth1,HUFL,24,42,xgboost,2.9014462649232855
2017-11-11 04:00:00,etth1,HUFL,24,42,xgboost,3.1855843324418704
2017-11-11 05:00:00,etth1,HUFL,24,42,xgboost,3.1420904567262706
2017-11-11 06:00:00,etth1,HUFL,24,42,xgboost,3.055137670901619
2017-11-11 07:00:00,etth1,HUFL,24,42,xgboost,2.934925770943677
2017-11-11 08:00:00,etth1,HUFL,24,42,xgboost,3.4790997898913445
2017-11-11 09:00:00,etth1,HUFL,24,42,xgboost,2.2607816431335346
2017-11-11 10:00:00,etth1,HUFL,24,42,xgboost,1.9765874209887688
2017-11-11 11:00:00,etth1,HUFL,24,42,xgboost,1.8453949275402237
2017-11-11 12:00:00,etth1,HUFL,24,42,xgboost,1.97026863413001
2017-11-11 13:00:00,etth1,HUFL,24,42,xgboost,2.274893259893913
2017-11-11 14:00:00,etth1,HUFL,24,42,xgboost,2.0330689112445275
2017-11-11 15:00:00,etth1,HUFL,24,42,xgboost,1.486029967205509
2017-11-11 16:00:00,etth1,HUFL,24,42,xgboost,1.488960408265039
2017-11-11 17:00:00,etth1,HUFL,24,42,xgboost,1.995432407193172
2017-11-11 18:00:00,etth1,HUFL,24,42,xgboost,1.8807690943212576
2017-11-11 19:00:00,etth1,HUFL,24,42,xgboost,1.6363085464779792
2017-11-11 20:00:00,etth1,HUFL,24,42,xgboost,1.4815663856763013
2017-11-11 21:00:00,etth1,HUFL,24,42,xgboost,1.610492489798817
2017-11-11 22:00:00,etth1,HUFL,24,42,xgboost,1.4209290262659742
2017-11-11 23:00:00,etth1,HUFL,24,42,xgboost,1.6170230494002358
2017-11-12 00:00:00,etth1,HUFL,24,42,xgboost,1.7021979634245328
2017-11-12 01:00:00,etth1,HUFL,24,42,xgboost,1.4014955239389575
2017-11-12 02:00:00,etth1,HUFL,24,42,xgboost,1.3567836974724212
2017-11-12 03:00:00,etth1,HUFL,24,42,xgboost,1.254217401592385
2017-11-12 04:00:00,etth1,HUFL,24,42,xgboost,1.0978180109306506
2017-11-12 05:00:00,etth1,HUFL,24,42,xgboost,1.2758681778524703
2017-11-12 06:00:00,etth1,HUFL,24,42,xgboost,1.310890443607067
2017-11-12 07:00:00,etth1,HUFL,24,42,xgboost,1.3491054753745904
2017-11-12 08:00:00,etth1,HUFL,24,42,xgboost,1.5291232820506402
2017-11-12 09:00:00,etth1,HUFL,24,42,xgboost,1.3825350212230798
2017-11-12 10:00:00,etth1,HUFL,24,42,xgboost,1.803808438525903
2017-11-12 11:00:00,etth1,HUFL,24,42,xgboost,1.3925992321003815
2017-11-12 12:00:00,etth1,HUFL,24,42,xgboost,1.393236219447261
2017-11-12 13:00:00,etth1,HUFL,24,42,xgboost,1.4790779819606954
2017-11-12 14:00:00,etth1,HUFL,24,42,xgboost,1.423742789905097
2017-11-12 15:00:00,etth1,HUFL,24,42,xgboost,1.555688318959892
2017-11-12 16:00:00,etth1,HUFL,24,42,xgboost,1.2799647813900012
2017-11-12 17:00:00,etth1,HUFL,24,42,xgboost,1.2493169259192223
2017-11-12 18:00:00,etth1,HUFL,24,42,xgboost,1.466152121778855
2017-11-12 19:00:00,etth1,HUFL,24,42,xgboost,1.6537563056685955
2017-11-12 20:00:00,etth1,HUFL,24,42,xgboost,1.5542394001328408
2017-11-12 21:00:00,etth1,HUFL,24,42,xgboost,1.8382749741776578
2017-11-12 22:00:00,etth1,HUFL,24,42,xgboost,1.911743332272368
2017-11-12 23:00:00,etth1,HUFL,24,42,xgboost,1.4994373209754708
2017-11-13 00:00:00,etth1,HUFL,24,42,xgboost,1.6108000797578255
2017-11-13 01:00:00,etth1,HUFL,24,42,xgboost,1.7604805010874571
2017-11-13 02:00:00,etth1,HUFL,24,42,xgboost,1.911567761413428
2017-11-13 03:00:00,etth1,HUFL,24,42,xgboost,1.9360416916341128
2017-11-13 04:00:00,etth1,HUFL,24,42,xgboost,1.5948907488298436
2017-11-13 05:00:00,etth1,HUFL,24,42,xgboost,1.5227774008631572
2017-11-13 06:00:00,etth1,HUFL,24,42,xgboost,1.6706324560154389
2017-11-13 07:00:00,etth1,HUFL,24,42,xgboost,1.6888079219447691
2017-11-13 08:00:00,etth1,HUFL,24,42,xgboost,1.7797133152956957
2017-11-13 09:00:00,etth1,HUFL,24,42,xgboost,1.6772763080548898
2017-11-13 10:00:00,etth1,HUFL,24,42,xgboost,1.772974671456213
2017-11-13 11:00:00,etth1,HUFL,24,42,xgboost,1.5657676924104527
2017-11-13 12:00:00,etth1,HUFL,24,42,xgboost,1.4694991829777024
2017-11-13 13:00:00,etth1,HUFL,24,42,xgboost,1.5110834683267642
2017-11-13 14:00:00,etth1,HUFL,24,42,xgboost,1.4540149275270469
2017-11-13 15:00:00,etth1,HUFL,24,42,xgboost,1.5676122273911357
2017-11-13 16:00:00,etth1,HUFL,24,42,xgboost,2.2148837324047865
2017-11-13 17:00:00,etth1,HUFL,24,42,xgboost,1.9798185652848828
2017-11-13 18:00:00,etth1,HUFL,24,42,xgboost,1.6512623023355602
2017-11-13 19:00:00,etth1,HUFL,24,42,xgboost,1.6200178031126427
2017-11-13 20:00:00,etth1,HUFL,24,42,xgboost,1.6641028272779845
2017-11-13 21:00:00,etth1,HUFL,24,42,xgboost,1.780184058621013
2017-11-13 22:00:00,etth1,HUFL,24,42,xgboost,1.6043442215438706
2017-11-13 23:00:00,etth1,HUFL,24,42,xgboost,1.8969434142436163
2017-11-14 00:00:00,etth1,HUFL,24,42,xgboost,1.784830094528008
2017-11-14 01:00:00,etth1,HUFL,24,42,xgboost,2.011050218280818
2017-11-14 02:00:00,etth1,HUFL,24,42,xgboost,1.8717173862689052
2017-11-14 03:00:00,etth1,HUFL,24,42,xgboost,1.952721857774759
2017-11-14 04:00:00,etth1,HUFL,24,42,xgboost,1.8091693235549002
2017-11-14 05:00:00,etth1,HUFL,24,42,xgboost,1.8148843207041363
2017-11-14 06:00:00,etth1,HUFL,24,42,xgboost,1.7023939343187078
2017-11-14 07:00:00,etth1,HUFL,24,42,xgboost,1.5681890716345268
2017-11-14 08:00:00,etth1,HUFL,24,42,xgboost,2.1843754488601026
2017-11-14 09:00:00,etth1,HUFL,24,42,xgboost,1.4165303828624243
2017-11-14 10:00:00,etth1,HUFL,24,42,xgboost,1.493589198505359
2017-11-14 11:00:00,etth1,HUFL,24,42,xgboost,2.324142727963114
2017-11-14 12:00:00,etth1,HUFL,24,42,xgboost,2.3734103288319384
2017-11-14 13:00:00,etth1,HUFL,24,42,xgboost,2.486753860987253
2017-11-14 14:00:00,etth1,HUFL,24,42,xgboost,3.077179693074457
2017-11-14 15:00:00,etth1,HUFL,24,42,xgboost,3.5192698919002847
2017-11-14 16:00:00,etth1,HUFL,24,42,xgboost,3.976316642276391
2017-11-14 17:00:00,etth1,HUFL,24,42,xgboost,4.571328194979576
2017-11-14 18:00:00,etth1,HUFL,24,42,xgboost,4.285865762841245
2017-11-14 19:00:00,etth1,HUFL,24,42,xgboost,4.155282781690064
2017-11-14 20:00:00,etth1,HUFL,24,42,xgboost,4.173356814091454
2017-11-14 21:00:00,etth1,HUFL,24,42,xgboost,4.036339089382738
2017-11-14 22:00:00,etth1,HUFL,24,42,xgboost,4.202437173089083
2017-11-14 23:00:00,etth1,HUFL,24,42,xgboost,3.502647854021936
2017-11-15 00:00:00,etth1,HUFL,24,42,xgboost,3.2260318134323884
2017-11-15 01:00:00,etth1,HUFL,24,42,xgboost,3.331429736248523
2017-11-15 02:00:00,etth1,HUFL,24,42,xgboost,3.130697878254177
2017-11-15 03:00:00,etth1,HUFL,24,42,xgboost,3.2026311819744073
2017-11-15 04:00:00,etth1,HUFL,24,42,xgboost,3.231843262488064
2017-11-15 05:00:00,etth1,HUFL,24,42,xgboost,2.9741787590548086
2017-11-15 06:00:00,etth1,HUFL,24,42,xgboost,3.1488706393699637
2017-11-15 07:00:00,etth1,HUFL,24,42,xgboost,3.135078544768723
2017-11-15 08:00:00,etth1,HUFL,24,42,xgboost,3.261774730530377
2017-11-15 09:00:00,etth1,HUFL,24,42,xgboost,3.402635247965648
2017-11-15 10:00:00,etth1,HUFL,24,42,xgboost,1.958212382508809
2017-11-15 11:00:00,etth1,HUFL,24,42,xgboost,1.5441432738743073
2017-11-15 12:00:00,etth1,HUFL,24,42,xgboost,2.2781707719277375
2017-11-15 13:00:00,etth1,HUFL,24,42,xgboost,1.997149517842893
2017-11-15 14:00:00,etth1,HUFL,24,42,xgboost,2.630683033412891
2017-11-15 15:00:00,etth1,HUFL,24,42,xgboost,2.5450608321999884
2017-11-15 16:00:00,etth1,HUFL,24,42,xgboost,2.0488448573292306
2017-11-15 17:00:00,etth1,HUFL,24,42,xgboost,1.5637489332529555
2017-11-15 18:00:00,etth1,HUFL,24,42,xgboost,1.1344845881625047
2017-11-15 19:00:00,etth1,HUFL,24,42,xgboost,1.2946314852238474
2017-11-15 20:00:00,etth1,HUFL,24,42,xgboost,1.4894462666214308
2017-11-15 21:00:00,etth1,HUFL,24,42,xgboost,1.5031983525087982
2017-11-15 22:00:00,etth1,HUFL,24,42,xgboost,2.212667694325256
2017-11-15 23:00:00,etth1,HUFL,24,42,xgboost,2.2803710044882073
2017-11-16 00:00:00,etth1,HUFL,24,42,xgboost,2.3059243859923417
2017-11-16 01:00:00,etth1,HUFL,24,42,xgboost,2.2758225768548086
2017-11-16 02:00:00,etth1,HUFL,24,42,xgboost,2.238389626773664
2017-11-16 03:00:00,etth1,HUFL,24,42,xgboost,2.3280993484531955
2017-11-16 04:00:00,etth1,HUFL,24,42,xgboost,2.466587269004122
2017-11-16 05:00:00,etth1,HUFL,24,42,xgboost,2.6224551204884268
2017-11-16 06:00:00,etth1,HUFL,24,42,xgboost,2.5966005084170516
2017-11-16 07:00:00,etth1,HUFL,24,42,xgboost,2.5823376922241144
2017-11-16 08:00:00,etth1,HUFL,24,42,xgboost,1.6000922277720306
2017-11-16 09:00:00,etth1,HUFL,24,42,xgboost,1.4288379165999252
2017-11-16 10:00:00,etth1,HUFL,24,42,xgboost,2.1995844820794312
2017-11-16 11:00:00,etth1,HUFL,24,42,xgboost,2.6963500469920447
2017-11-16 12:00:00,etth1,HUFL,24,42,xgboost,1.9056682123608377
2017-11-16 13:00:00,etth1,HUFL,24,42,xgboost,2.025226452100757
2017-11-16 14:00:00,etth1,HUFL,24,42,xgboost,1.9689069739192764
2017-11-16 15:00:00,etth1,HUFL,24,42,xgboost,1.7852148718015457
2017-11-16 16:00:00,etth1,HUFL,24,42,xgboost,1.3267073550432325
2017-11-16 17:00:00,etth1,HUFL,24,42,xgboost,1.2028412908643038
2017-11-16 18:00:00,etth1,HUFL,24,42,xgboost,1.3462629317155947
2017-11-16 19:00:00,etth1,HUFL,24,42,xgboost,1.422141874910716
2017-11-16 20:00:00,etth1,HUFL,24,42,xgboost,1.2926863777488926
2017-11-16 21:00:00,etth1,HUFL,24,42,xgboost,1.6221596696436607
2017-11-16 22:00:00,etth1,HUFL,24,42,xgboost,1.185480329089017
2017-11-16 23:00:00,etth1,HUFL,24,42,xgboost,1.0623501469701746
2017-11-17 00:00:00,etth1,HUFL,24,42,xgboost,1.3270495642540219
2017-11-17 01:00:00,etth1,HUFL,24,42,xgboost,1.159433752533767
2017-11-17 02:00:00,etth1,HUFL,24,42,xgboost,1.2947365960282968
2017-11-17 03:00:00,etth1,HUFL,24,42,xgboost,1.36061751315967
2017-11-17 04:00:00,etth1,HUFL,24,42,xgboost,1.290597210448468
2017-11-17 05:00:00,etth1,HUFL,24,42,xgboost,1.2513674460560207
2017-11-17 06:00:00,etth1,HUFL,24,42,xgboost,0.9873045985890417
2017-11-17 07:00:00,etth1,HUFL,24,42,xgboost,1.2137804170144524
2017-11-17 08:00:00,etth1,HUFL,24,42,xgboost,1.1827893697729366
2017-11-17 09:00:00,etth1,HUFL,24,42,xgboost,1.4650859882637153
2017-11-17 10:00:00,etth1,HUFL,24,42,xgboost,1.465300907646899
2017-11-17 11:00:00,etth1,HUFL,24,42,xgboost,1.178622839219983
2017-11-17 12:00:00,etth1,HUFL,24,42,xgboost,1.3203316883832028
2017-11-17 13:00:00,etth1,HUFL,24,42,xgboost,1.2892022898857756
2017-11-17 14:00:00,etth1,HUFL,24,42,xgboost,1.5258843426057487
2017-11-17 15:00:00,etth1,HUFL,24,42,xgboost,1.8955007307741487
2017-11-17 16:00:00,etth1,HUFL,24,42,xgboost,2.6489279535506425
2017-11-17 17:00:00,etth1,HUFL,24,42,xgboost,2.516832552238245
2017-11-17 18:00:00,etth1,HUFL,24,42,xgboost,2.2359810181049338
2017-11-17 19:00:00,etth1,HUFL,24,42,xgboost,2.438046358056472
2017-11-17 20:00:00,etth1,HUFL,24,42,xgboost,2.350331109587901
2017-11-17 21:00:00,etth1,HUFL,24,42,xgboost,2.4732656796342636
2017-11-17 22:00:00,etth1,HUFL,24,42,xgboost,2.4228662530478005
2017-11-17 23:00:00,etth1,HUFL,24,42,xgboost,2.146280857259367
2017-11-18 00:00:00,etth1,HUFL,24,42,xgboost,1.9561628613493216
2017-11-18 01:00:00,etth1,HUFL,24,42,xgboost,1.7991758125932107
2017-11-18 02:00:00,etth1,HUFL,24,42,xgboost,1.8123979772573968
2017-11-18 03:00:00,etth1,HUFL,24,42,xgboost,2.1346220976570396
2017-11-18 04:00:00,etth1,HUFL,24,42,xgboost,1.9663939420729772
2017-11-18 05:00:00,etth1,HUFL,24,42,xgboost,2.1052532594147886
2017-11-18 06:00:00,etth1,HUFL,24,42,xgboost,2.0295375603385417
2017-11-18 07:00:00,etth1,HUFL,24,42,xgboost,2.0056259585169145
2017-11-18 08:00:00,etth1,HUFL,24,42,xgboost,2.4646797807514087
2017-11-18 09:00:00,etth1,HUFL,24,42,xgboost,2.585951278050357
2017-11-18 10:00:00,etth1,HUFL,24,42,xgboost,2.5578539222956866
2017-11-18 11:00:00,etth1,HUFL,24,42,xgboost,1.8399055050424646
2017-11-18 12:00:00,etth1,HUFL,24,42,xgboost,1.6574015374795739
2017-11-18 13:00:00,etth1,HUFL,24,42,xgboost,1.788826432080884
2017-11-18 14:00:00,etth1,HUFL,24,42,xgboost,1.5821048799269466
2017-11-18 15:00:00,etth1,HUFL,24,42,xgboost,1.7256702041188199
2017-11-18 16:00:00,etth1,HUFL,24,42,xgboost,1.9521088285369927
2017-11-18 17:00:00,etth1,HUFL,24,42,xgboost,1.7493973627576473
2017-11-18 18:00:00,etth1,HUFL,24,42,xgboost,1.7212541583693703
2017-11-18 19:00:00,etth1,HUFL,24,42,xgboost,1.9953296545372374
2017-11-18 20:00:00,etth1,HUFL,24,42,xgboost,1.914664566448879
2017-11-18 21:00:00,etth1,HUFL,24,42,xgboost,1.8262554686716943
2017-11-18 22:00:00,etth1,HUFL,24,42,xgboost,1.8871618966424102
2017-11-18 23:00:00,etth1,HUFL,24,42,xgboost,1.8339909646176729
2017-11-19 00:00:00,etth1,HUFL,24,42,xgboost,1.656761209143146
2017-11-19 01:00:00,etth1,HUFL,24,42,xgboost,1.5125399037312544
2017-11-19 02:00:00,etth1,HUFL,24,42,xgboost,1.5819051309544117
2017-11-19 03:00:00,etth1,HUFL,24,42,xgboost,1.660336642601018
2017-11-19 04:00:00,etth1,HUFL,24,42,xgboost,1.6451510712814688
2017-11-19 05:00:00,etth1,HUFL,24,42,xgboost,1.6600405789306187
2017-11-19 06:00:00,etth1,HUFL,24,42,xgboost,1.6396614440395678
2017-11-19 07:00:00,etth1,HUFL,24,42,xgboost,1.5250327275047715
2017-11-19 08:00:00,etth1,HUFL,24,42,xgboost,1.671238845919855
2017-11-19 09:00:00,etth1,HUFL,24,42,xgboost,1.720390647007363
2017-11-19 10:00:00,etth1,HUFL,24,42,xgboost,1.6268648438298208
2017-11-19 11:00:00,etth1,HUFL,24,42,xgboost,2.6854682204036564
2017-11-19 12:00:00,etth1,HUFL,24,42,xgboost,1.6336210417139574
2017-11-19 13:00:00,etth1,HUFL,24,42,xgboost,2.2366725738272266
2017-11-19 14:00:00,etth1,HUFL,24,42,xgboost,2.659123431648657
2017-11-19 15:00:00,etth1,HUFL,24,42,xgboost,1.798728654831793
2017-11-19 16:00:00,etth1,HUFL,24,42,xgboost,1.7860845531551661
2017-11-19 17:00:00,etth1,HUFL,24,42,xgboost,1.8087473294529248
2017-11-19 18:00:00,etth1,HUFL,24,42,xgboost,1.4697081011050166
2017-11-19 19:00:00,etth1,HUFL,24,42,xgboost,1.546133523292207
2017-11-19 20:00:00,etth1,HUFL,24,42,xgboost,1.6393811048592843
2017-11-19 21:00:00,etth1,HUFL,24,42,xgboost,1.7454688569542245
2017-11-19 22:00:00,etth1,HUFL,24,42,xgboost,1.6774392903089044
2017-11-19 23:00:00,etth1,HUFL,24,42,xgboost,1.5806427492923503
2017-11-20 00:00:00,etth1,HUFL,24,42,xgboost,1.6782692561709747
2017-11-20 01:00:00,etth1,HUFL,24,42,xgboost,1.8047721216453283
2017-11-20 02:00:00,etth1,HUFL,24,42,xgboost,2.213586126867646
2017-11-20 03:00:00,etth1,HUFL,24,42,xgboost,2.144217099414489
2017-11-20 04:00:00,etth1,HUFL,24,42,xgboost,2.0281086533349537
2017-11-20 05:00:00,etth1,HUFL,24,42,xgboost,2.12664626868016
2017-11-20 06:00:00,etth1,HUFL,24,42,xgboost,2.097697017739383
2017-11-20 07:00:00,etth1,HUFL,24,42,xgboost,2.3663337339019446
2017-11-20 08:00:00,etth1,HUFL,24,42,xgboost,2.415343247833704
2017-11-20 09:00:00,etth1,HUFL,24,42,xgboost,2.4909032713203096
2017-11-20 10:00:00,etth1,HUFL,24,42,xgboost,2.1803060889472885
2017-11-20 11:00:00,etth1,HUFL,24,42,xgboost,2.5972600059506044
2017-11-20 12:00:00,etth1,HUFL,24,42,xgboost,2.1155937370703737
2017-11-20 13:00:00,etth1,HUFL,24,42,xgboost,3.6228229961631615
2017-11-20 14:00:00,etth1,HUFL,24,42,xgboost,2.159449306999321
2017-11-20 15:00:00,etth1,HUFL,24,42,xgboost,2.3989119523156544
2017-11-20 16:00:00,etth1,HUFL,24,42,xgboost,2.4172157653209108
2017-11-20 17:00:00,etth1,HUFL,24,42,xgboost,1.5235678114200037
2017-11-20 18:00:00,etth1,HUFL,24,42,xgboost,1.7725173997593913
2017-11-20 19:00:00,etth1,HUFL,24,42,xgboost,2.2097623802691544
2017-11-20 20:00:00,etth1,HUFL,24,42,xgboost,1.7487913466134106
2017-11-20 21:00:00,etth1,HUFL,24,42,xgboost,1.834423754073501
2017-11-20 22:00:00,etth1,HUFL,24,42,xgboost,1.8322513789565456
2017-11-20 23:00:00,etth1,HUFL,24,42,xgboost,1.8713634600911362
2017-11-21 00:00:00,etth1,HUFL,24,42,xgboost,1.9258463385151983
2017-11-21 01:00:00,etth1,HUFL,24,42,xgboost,1.591731975336514
2017-11-21 02:00:00,etth1,HUFL,24,42,xgboost,1.6107390596483218
2017-11-21 03:00:00,etth1,HUFL,24,42,xgboost,1.6617306284781197
2017-11-21 04:00:00,etth1,HUFL,24,42,xgboost,1.5924475738142665
2017-11-21 05:00:00,etth1,HUFL,24,42,xgboost,1.7524666624475482
2017-11-21 06:00:00,etth1,HUFL,24,42,xgboost,1.59941312928554
2017-11-21 07:00:00,etth1,HUFL,24,42,xgboost,1.5240296772528328
2017-11-21 08:00:00,etth1,HUFL,24,42,xgboost,1.8053933973331586
2017-11-21 09:00:00,etth1,HUFL,24,42,xgboost,1.217122269286312
2017-11-21 10:00:00,etth1,HUFL,24,42,xgboost,1.703122825877862
2017-11-21 11:00:00,etth1,HUFL,24,42,xgboost,2.1119544295367887
2017-11-21 12:00:00,etth1,HUFL,24,42,xgboost,2.707961482442627
2017-11-21 13:00:00,etth1,HUFL,24,42,xgboost,3.128627585928766
2017-11-21 14:00:00,etth1,HUFL,24,42,xgboost,4.034265017419393
2017-11-21 15:00:00,etth1,HUFL,24,42,xgboost,3.6000625776540267
2017-11-21 16:00:00,etth1,HUFL,24,42,xgboost,3.9449676995086698
2017-11-21 17:00:00,etth1,HUFL,24,42,xgboost,4.137709075944687
2017-11-21 18:00:00,etth1,HUFL,24,42,xgboost,3.747315629451679
2017-11-21 19:00:00,etth1,HUFL,24,42,xgboost,3.7863017322736474
2017-11-21 20:00:00,etth1,HUFL,24,42,xgboost,3.904137524931153
2017-11-21 21:00:00,etth1,HUFL,24,42,xgboost,3.683472545114998
2017-11-21 22:00:00,etth1,HUFL,24,42,xgboost,4.020852560114935
2017-11-21 23:00:00,etth1,HUFL,24,42,xgboost,3.8181501770812383
2017-11-22 00:00:00,etth1,HUFL,24,42,xgboost,3.835495925441247
2017-11-22 01:00:00,etth1,HUFL,24,42,xgboost,3.6537829323226467
2017-11-22 02:00:00,etth1,HUFL,24,42,xgboost,3.588749944682639
2017-11-22 03:00:00,etth1,HUFL,24,42,xgboost,3.64589727856565
2017-11-22 04:00:00,etth1,HUFL,24,42,xgboost,3.594329328451092
2017-11-22 05:00:00,etth1,HUFL,24,42,xgboost,3.7428576666638094
2017-11-22 06:00:00,etth1,HUFL,24,42,xgboost,3.6246473887413084
2017-11-22 07:00:00,etth1,HUFL,24,42,xgboost,3.5175633779272695
2017-11-22 08:00:00,etth1,HUFL,24,42,xgboost,3.74484586147366
2017-11-22 09:00:00,etth1,HUFL,24,42,xgboost,3.2482591717345883
2017-11-22 10:00:00,etth1,HUFL,24,42,xgboost,1.959222210614704
2017-11-22 11:00:00,etth1,HUFL,24,42,xgboost,2.2509750863091726
2017-11-22 12:00:00,etth1,HUFL,24,42,xgboost,3.2837347943842072
2017-11-22 13:00:00,etth1,HUFL,24,42,xgboost,3.3182701679310953
2017-11-22 14:00:00,etth1,HUFL,24,42,xgboost,3.6525537272559343
2017-11-22 15:00:00,etth1,HUFL,24,42,xgboost,3.969817177673377
2017-11-22 16:00:00,etth1,HUFL,24,42,xgboost,3.5985544963382536
2017-11-22 17:00:00,etth1,HUFL,24,42,xgboost,3.6067096235823146
2017-11-22 18:00:00,etth1,HUFL,24,42,xgboost,3.975480589336209
2017-11-22 19:00:00,etth1,HUFL,24,42,xgboost,4.043408274843949
2017-11-22 20:00:00,etth1,HUFL,24,42,xgboost,4.196243981735799
2017-11-22 21:00:00,etth1,HUFL,24,42,xgboost,3.8423039320431784
2017-11-22 22:00:00,etth1,HUFL,24,42,xgboost,3.78083695522098
2017-11-22 23:00:00,etth1,HUFL,24,42,xgboost,4.027525476513035
2017-11-23 00:00:00,etth1,HUFL,24,42,xgboost,3.8439030871375084
2017-11-23 01:00:00,etth1,HUFL,24,42,xgboost,3.9204554742993154
2017-11-23 02:00:00,etth1,HUFL,24,42,xgboost,4.03399234670847
2017-11-23 03:00:00,etth1,HUFL,24,42,xgboost,4.222861721140707
2017-11-23 04:00:00,etth1,HUFL,24,42,xgboost,4.136708287042291
2017-11-23 05:00:00,etth1,HUFL,24,42,xgboost,4.436424854977727
2017-11-23 06:00:00,etth1,HUFL,24,42,xgboost,4.4577780320227784
2017-11-23 07:00:00,etth1,HUFL,24,42,xgboost,4.428582229375332
2017-11-23 08:00:00,etth1,HUFL,24,42,xgboost,5.101925707503738
2017-11-23 09:00:00,etth1,HUFL,24,42,xgboost,5.3857329965456655
2017-11-23 10:00:00,etth1,HUFL,24,42,xgboost,3.2667125108044774
2017-11-23 11:00:00,etth1,HUFL,24,42,xgboost,2.970547354278569
2017-11-23 12:00:00,etth1,HUFL,24,42,xgboost,3.349948945577984
2017-11-23 13:00:00,etth1,HUFL,24,42,xgboost,2.9801374928535047
2017-11-23 14:00:00,etth1,HUFL,24,42,xgboost,3.932475542443285
2017-11-23 15:00:00,etth1,HUFL,24,42,xgboost,3.489385214451316
2017-11-23 16:00:00,etth1,HUFL,24,42,xgboost,4.132175250818038
2017-11-23 17:00:00,etth1,HUFL,24,42,xgboost,4.648955830223639
2017-11-23 18:00:00,etth1,HUFL,24,42,xgboost,4.1795353045891686
2017-11-23 19:00:00,etth1,HUFL,24,42,xgboost,3.9974642297802085
2017-11-23 20:00:00,etth1,HUFL,24,42,xgboost,3.6937869424147105
2017-11-23 21:00:00,etth1,HUFL,24,42,xgboost,3.198394687924921
2017-11-23 22:00:00,etth1,HUFL,24,42,xgboost,3.390285578080336
2017-11-23 23:00:00,etth1,HUFL,24,42,xgboost,2.846161473979621
2017-11-24 00:00:00,etth1,HUFL,24,42,xgboost,2.9841490217287148
2017-11-24 01:00:00,etth1,HUFL,24,42,xgboost,3.08975595224819
2017-11-24 02:00:00,etth1,HUFL,24,42,xgboost,2.9351787653265613
2017-11-24 03:00:00,etth1,HUFL,24,42,xgboost,3.4261290625083167
2017-11-24 04:00:00,etth1,HUFL,24,42,xgboost,3.6453533453732576
2017-11-24 05:00:00,etth1,HUFL,24,42,xgboost,3.7700586504444886
2017-11-24 06:00:00,etth1,HUFL,24,42,xgboost,3.584555258870793
2017-11-24 07:00:00,etth1,HUFL,24,42,xgboost,3.407568856409261
2017-11-24 08:00:00,etth1,HUFL,24,42,xgboost,3.68669922342411
2017-11-24 09:00:00,etth1,HUFL,24,42,xgboost,4.330860773649222
2017-11-24 10:00:00,etth1,HUFL,24,42,xgboost,1.9980496317826197
2017-11-24 11:00:00,etth1,HUFL,24,42,xgboost,2.4753318139959846
2017-11-24 12:00:00,etth1,HUFL,24,42,xgboost,2.6118268435098546
2017-11-24 13:00:00,etth1,HUFL,24,42,xgboost,3.238378984772981
2017-11-24 14:00:00,etth1,HUFL,24,42,xgboost,3.2922111898411592
2017-11-24 15:00:00,etth1,HUFL,24,42,xgboost,3.799937536785491
2017-11-24 16:00:00,etth1,HUFL,24,42,xgboost,4.04214949615859
2017-11-24 17:00:00,etth1,HUFL,24,42,xgboost,3.1083120521089604
2017-11-24 18:00:00,etth1,HUFL,24,42,xgboost,2.9006263235292367
2017-11-24 19:00:00,etth1,HUFL,24,42,xgboost,3.0063900498625458
2017-11-24 20:00:00,etth1,HUFL,24,42,xgboost,2.9671587314738908
2017-11-24 21:00:00,etth1,HUFL,24,42,xgboost,2.701954576633907
2017-11-24 22:00:00,etth1,HUFL,24,42,xgboost,2.925723265830978
2017-11-24 23:00:00,etth1,HUFL,24,42,xgboost,2.8800332804656237
2017-11-25 00:00:00,etth1,HUFL,24,42,xgboost,2.8762176096802605
2017-11-25 01:00:00,etth1,HUFL,24,42,xgboost,2.4182589022279934
2017-11-25 02:00:00,etth1,HUFL,24,42,xgboost,2.4944630296522976
2017-11-25 03:00:00,etth1,HUFL,24,42,xgboost,2.6160671704007257
2017-11-25 04:00:00,etth1,HUFL,24,42,xgboost,2.7176644574967495
2017-11-25 05:00:00,etth1,HUFL,24,42,xgboost,2.480530757829608
2017-11-25 06:00:00,etth1,HUFL,24,42,xgboost,2.417594548642857
2017-11-25 07:00:00,etth1,HUFL,24,42,xgboost,2.4560376076247032
2017-11-25 08:00:00,etth1,HUFL,24,42,xgboost,3.0973257039371824
2017-11-25 09:00:00,etth1,HUFL,24,42,xgboost,3.5761322684596415
2017-11-25 10:00:00,etth1,HUFL,24,42,xgboost,2.281219834410472
2017-11-25 11:00:00,etth1,HUFL,24,42,xgboost,3.2864406355079523
2017-11-25 12:00:00,etth1,HUFL,24,42,xgboost,3.509709215062589
2017-11-25 13:00:00,etth1,HUFL,24,42,xgboost,4.783143582007271
2017-11-25 14:00:00,etth1,HUFL,24,42,xgboost,4.723491784292702
2017-11-25 15:00:00,etth1,HUFL,24,42,xgboost,5.0684645871980205
2017-11-25 16:00:00,etth1,HUFL,24,42,xgboost,4.7189204925483414
2017-11-25 17:00:00,etth1,HUFL,24,42,xgboost,4.875600403434112
2017-11-25 18:00:00,etth1,HUFL,24,42,xgboost,4.472153921931263
2017-11-25 19:00:00,etth1,HUFL,24,42,xgboost,4.645020917365033
2017-11-25 20:00:00,etth1,HUFL,24,42,xgboost,4.43577243618881
2017-11-25 21:00:00,etth1,HUFL,24,42,xgboost,4.404264855719972
2017-11-25 22:00:00,etth1,HUFL,24,42,xgboost,4.634360215258173
2017-11-25 23:00:00,etth1,HUFL,24,42,xgboost,4.448845770355089
2017-11-26 00:00:00,etth1,HUFL,24,42,xgboost,4.309899395234512
2017-11-26 01:00:00,etth1,HUFL,24,42,xgboost,4.34795420295368
2017-11-26 02:00:00,etth1,HUFL,24,42,xgboost,4.225649285298599
2017-11-26 03:00:00,etth1,HUFL,24,42,xgboost,4.3689402523413285
2017-11-26 04:00:00,etth1,HUFL,24,42,xgboost,4.427819744794829
2017-11-26 05:00:00,etth1,HUFL,24,42,xgboost,4.40304458985446
2017-11-26 06:00:00,etth1,HUFL,24,42,xgboost,4.2498604331805385
2017-11-26 07:00:00,etth1,HUFL,24,42,xgboost,4.256773548474842
2017-11-26 08:00:00,etth1,HUFL,24,42,xgboost,4.166578339734302
2017-11-26 09:00:00,etth1,HUFL,24,42,xgboost,4.928011593100587
2017-11-26 10:00:00,etth1,HUFL,24,42,xgboost,2.8813975475739313
2017-11-26 11:00:00,etth1,HUFL,24,42,xgboost,2.8921692879364236
2017-11-26 12:00:00,etth1,HUFL,24,42,xgboost,2.98522320533773
2017-11-26 13:00:00,etth1,HUFL,24,42,xgboost,3.30399242634944
2017-11-26 14:00:00,etth1,HUFL,24,42,xgboost,3.6692672940340483
2017-11-26 15:00:00,etth1,HUFL,24,42,xgboost,3.8200228165882684
2017-11-26 16:00:00,etth1,HUFL,24,42,xgboost,4.480250586197008
2017-11-26 17:00:00,etth1,HUFL,24,42,xgboost,4.122239030985036
2017-11-26 18:00:00,etth1,HUFL,24,42,xgboost,3.759364419162344
2017-11-26 19:00:00,etth1,HUFL,24,42,xgboost,3.8472149088676173
2017-11-26 20:00:00,etth1,HUFL,24,42,xgboost,3.435565049767101
2017-11-26 21:00:00,etth1,HUFL,24,42,xgboost,3.5013486629205564
2017-11-26 22:00:00,etth1,HUFL,24,42,xgboost,3.5848177274651576
2017-11-26 23:00:00,etth1,HUFL,24,42,xgboost,3.6205053774941818
2017-11-27 00:00:00,etth1,HUFL,24,42,xgboost,3.7255716267223558
2017-11-27 01:00:00,etth1,HUFL,24,42,xgboost,3.7086983929526856
2017-11-27 02:00:00,etth1,HUFL,24,42,xgboost,3.6203103531904994
2017-11-27 03:00:00,etth1,HUFL,24,42,xgboost,3.420445929109293
2017-11-27 04:00:00,etth1,HUFL,24,42,xgboost,3.4063981805662924
2017-11-27 05:00:00,etth1,HUFL,24,42,xgboost,3.2645379417977956
2017-11-27 06:00:00,etth1,HUFL,24,42,xgboost,3.2058265178819787
2017-11-27 07:00:00,etth1,HUFL,24,42,xgboost,3.2794968062522885
2017-11-27 08:00:00,etth1,HUFL,24,42,xgboost,3.7020159376428303
2017-11-27 09:00:00,etth1,HUFL,24,42,xgboost,4.069351808995033
2017-11-27 10:00:00,etth1,HUFL,24,42,xgboost,2.633210192119897
2017-11-27 11:00:00,etth1,HUFL,24,42,xgboost,2.0744258397009925
2017-11-27 12:00:00,etth1,HUFL,24,42,xgboost,2.4926441426815544
2017-11-27 13:00:00,etth1,HUFL,24,42,xgboost,1.85085882047687
2017-11-27 14:00:00,etth1,HUFL,24,42,xgboost,1.7385434234586938
2017-11-27 15:00:00,etth1,HUFL,24,42,xgboost,2.2669403601136473
2017-11-27 16:00:00,etth1,HUFL,24,42,xgboost,1.6786737866678072
2017-11-27 17:00:00,etth1,HUFL,24,42,xgboost,1.323512374780093
2017-11-27 18:00:00,etth1,HUFL,24,42,xgboost,1.48628620189032
2017-11-27 19:00:00,etth1,HUFL,24,42,xgboost,1.593789280179897
2017-11-27 20:00:00,etth1,HUFL,24,42,xgboost,1.4386598526083667
2017-11-27 21:00:00,etth1,HUFL,24,42,xgboost,1.2235320388376862
2017-11-27 22:00:00,etth1,HUFL,24,42,xgboost,1.2080299421392726
2017-11-27 23:00:00,etth1,HUFL,24,42,xgboost,0.8050982468941693
2017-11-28 00:00:00,etth1,HUFL,24,42,xgboost,0.8525220941132141
2017-11-28 01:00:00,etth1,HUFL,24,42,xgboost,0.9605215759095583
2017-11-28 02:00:00,etth1,HUFL,24,42,xgboost,0.9299266357317908
2017-11-28 03:00:00,etth1,HUFL,24,42,xgboost,1.2583618978164595
2017-11-28 04:00:00,etth1,HUFL,24,42,xgboost,1.462856259711165
2017-11-28 05:00:00,etth1,HUFL,24,42,xgboost,1.405446589908183
2017-11-28 06:00:00,etth1,HUFL,24,42,xgboost,1.8181745696073215
2017-11-28 07:00:00,etth1,HUFL,24,42,xgboost,1.9039504378545888
2017-11-28 08:00:00,etth1,HUFL,24,42,xgboost,1.4515964107568677
2017-11-28 09:00:00,etth1,HUFL,24,42,xgboost,1.6008465878906197
2017-11-28 10:00:00,etth1,HUFL,24,42,xgboost,1.6535911168186868
2017-11-28 11:00:00,etth1,HUFL,24,42,xgboost,1.8315612364609095
2017-11-28 12:00:00,etth1,HUFL,24,42,xgboost,1.6135662611930253
2017-11-28 13:00:00,etth1,HUFL,24,42,xgboost,1.5516392829327124
2017-11-28 14:00:00,etth1,HUFL,24,42,xgboost,1.468472858147795
2017-11-28 15:00:00,etth1,HUFL,24,42,xgboost,1.5549363775676792
2017-11-28 16:00:00,etth1,HUFL,24,42,xgboost,1.747697437069695
2017-11-28 17:00:00,etth1,HUFL,24,42,xgboost,1.6027674865018675
2017-11-28 18:00:00,etth1,HUFL,24,42,xgboost,1.6382217748532713
2017-11-28 19:00:00,etth1,HUFL,24,42,xgboost,1.6691209987077549
2017-11-28 20:00:00,etth1,HUFL,24,42,xgboost,1.4903888667370822
2017-11-28 21:00:00,etth1,HUFL,24,42,xgboost,1.3120873001516837
2017-11-28 22:00:00,etth1,HUFL,24,42,xgboost,1.4663640478895383
2017-11-28 23:00:00,etth1,HUFL,24,42,xgboost,1.3717498785429705
2017-11-29 00:00:00,etth1,HUFL,24,42,xgboost,1.4588058432732633
2017-11-29 01:00:00,etth1,HUFL,24,42,xgboost,1.419800174064633
2017-11-29 02:00:00,etth1,HUFL,24,42,xgboost,1.2811457681119809
2017-11-29 03:00:00,etth1,HUFL,24,42,xgboost,1.1708718224589665
2017-11-29 04:00:00,etth1,HUFL,24,42,xgboost,1.3219546409772638
2017-11-29 05:00:00,etth1,HUFL,24,42,xgboost,1.3319243617175316
2017-11-29 06:00:00,etth1,HUFL,24,42,xgboost,1.342869902992998
2017-11-29 07:00:00,etth1,HUFL,24,42,xgboost,1.4661972940986594
2017-11-29 08:00:00,etth1,HUFL,24,42,xgboost,1.4643827704754144
2017-11-29 09:00:00,etth1,HUFL,24,42,xgboost,1.672174669360676
2017-11-29 10:00:00,etth1,HUFL,24,42,xgboost,1.839976855157676
2017-11-29 11:00:00,etth1,HUFL,24,42,xgboost,1.577608197989887
2017-11-29 12:00:00,etth1,HUFL,24,42,xgboost,1.8657053417595744
2017-11-29 13:00:00,etth1,HUFL,24,42,xgboost,2.0795337394104094
2017-11-29 14:00:00,etth1,HUFL,24,42,xgboost,2.571421062910086
2017-11-29 15:00:00,etth1,HUFL,24,42,xgboost,1.1925751620704512
2017-11-29 16:00:00,etth1,HUFL,24,42,xgboost,1.2082464651556322
2017-11-29 17:00:00,etth1,HUFL,24,42,xgboost,0.880149376905688
2017-11-29 18:00:00,etth1,HUFL,24,42,xgboost,1.1438767881739593
2017-11-29 19:00:00,etth1,HUFL,24,42,xgboost,1.3169276952456423
2017-11-29 20:00:00,etth1,HUFL,24,42,xgboost,1.3470706699568211
2017-11-29 21:00:00,etth1,HUFL,24,42,xgboost,1.3330109635529548
2017-11-29 22:00:00,etth1,HUFL,24,42,xgboost,1.3597518866109717
2017-11-29 23:00:00,etth1,HUFL,24,42,xgboost,1.4340684202901766
2017-11-30 00:00:00,etth1,HUFL,24,42,xgboost,1.3192903863835237
2017-11-30 01:00:00,etth1,HUFL,24,42,xgboost,1.3649882695268578
2017-11-30 02:00:00,etth1,HUFL,24,42,xgboost,1.5663173652030213
2017-11-30 03:00:00,etth1,HUFL,24,42,xgboost,1.3949777457842123
2017-11-30 04:00:00,etth1,HUFL,24,42,xgboost,1.5518436602073333
2017-11-30 05:00:00,etth1,HUFL,24,42,xgboost,1.5533615501992841
2017-11-30 06:00:00,etth1,HUFL,24,42,xgboost,1.7786433088560571
2017-11-30 07:00:00,etth1,HUFL,24,42,xgboost,1.8132151883948193
2017-11-30 08:00:00,etth1,HUFL,24,42,xgboost,1.7617981437119585
2017-11-30 09:00:00,etth1,HUFL,24,42,xgboost,1.1300334199363857
2017-11-30 10:00:00,etth1,HUFL,24,42,xgboost,1.3001190661235738
2017-11-30 11:00:00,etth1,HUFL,24,42,xgboost,1.2572557899054762
2017-11-30 12:00:00,etth1,HUFL,24,42,xgboost,1.268574981661447
2017-11-30 13:00:00,etth1,HUFL,24,42,xgboost,1.8245283816192497
2017-11-30 14:00:00,etth1,HUFL,24,42,xgboost,2.4779925659347644
2017-11-30 15:00:00,etth1,HUFL,24,42,xgboost,2.7933817084460895
2017-11-30 16:00:00,etth1,HUFL,24,42,xgboost,3.515567808179268
2017-11-30 17:00:00,etth1,HUFL,24,42,xgboost,3.2604871634176416
2017-11-30 18:00:00,etth1,HUFL,24,42,xgboost,2.9837952370607166
2017-11-30 19:00:00,etth1,HUFL,24,42,xgboost,3.4397072740282315
2017-11-30 20:00:00,etth1,HUFL,24,42,xgboost,3.643683969041541
2017-11-30 21:00:00,etth1,HUFL,24,42,xgboost,3.9197060259252754
2017-11-30 22:00:00,etth1,HUFL,24,42,xgboost,4.069666317990812
2017-11-30 23:00:00,etth1,HUFL,24,42,xgboost,4.5817700413892455
2017-12-01 00:00:00,etth1,HUFL,24,42,xgboost,4.923969329227143
2017-12-01 01:00:00,etth1,HUFL,24,42,xgboost,5.200137744404093
2017-12-01 02:00:00,etth1,HUFL,24,42,xgboost,5.365882048801612
2017-12-01 03:00:00,etth1,HUFL,24,42,xgboost,5.536959774047797
2017-12-01 04:00:00,etth1,HUFL,24,42,xgboost,5.684649572111567
2017-12-01 05:00:00,etth1,HUFL,24,42,xgboost,5.890657461949793
2017-12-01 06:00:00,etth1,HUFL,24,42,xgboost,5.924528258628437
2017-12-01 07:00:00,etth1,HUFL,24,42,xgboost,5.941171134840758
2017-12-01 08:00:00,etth1,HUFL,24,42,xgboost,6.195546288551149
2017-12-01 09:00:00,etth1,HUFL,24,42,xgboost,6.260606251339574
2017-12-01 10:00:00,etth1,HUFL,24,42,xgboost,5.713937242485126
2017-12-01 11:00:00,etth1,HUFL,24,42,xgboost,5.775510618346637
2017-12-01 12:00:00,etth1,HUFL,24,42,xgboost,6.0927465143197095
2017-12-01 13:00:00,etth1,HUFL,24,42,xgboost,5.717164967104499
2017-12-01 14:00:00,etth1,HUFL,24,42,xgboost,5.325827559694814
2017-12-01 15:00:00,etth1,HUFL,24,42,xgboost,5.855084505306652
2017-12-01 16:00:00,etth1,HUFL,24,42,xgboost,5.93179786455624
2017-12-01 17:00:00,etth1,HUFL,24,42,xgboost,4.723321536757486
2017-12-01 18:00:00,etth1,HUFL,24,42,xgboost,4.384868478358624
2017-12-01 19:00:00,etth1,HUFL,24,42,xgboost,3.8927350635734776
2017-12-01 20:00:00,etth1,HUFL,24,42,xgboost,3.2909863714482515
2017-12-01 21:00:00,etth1,HUFL,24,42,xgboost,3.1405855574378285
2017-12-01 22:00:00,etth1,HUFL,24,42,xgboost,3.493075693119603
2017-12-01 23:00:00,etth1,HUFL,24,42,xgboost,3.3049568966801406
2017-12-02 00:00:00,etth1,HUFL,24,42,xgboost,3.2808287407417294
2017-12-02 01:00:00,etth1,HUFL,24,42,xgboost,2.812857269505726
2017-12-02 02:00:00,etth1,HUFL,24,42,xgboost,2.652759699186645
2017-12-02 03:00:00,etth1,HUFL,24,42,xgboost,2.3352066037109673
2017-12-02 04:00:00,etth1,HUFL,24,42,xgboost,2.350033706354474
2017-12-02 05:00:00,etth1,HUFL,24,42,xgboost,2.170993737838692
2017-12-02 06:00:00,etth1,HUFL,24,42,xgboost,2.085643903874192
2017-12-02 07:00:00,etth1,HUFL,24,42,xgboost,2.009070519667844
2017-12-02 08:00:00,etth1,HUFL,24,42,xgboost,2.2505343453775435
2017-12-02 09:00:00,etth1,HUFL,24,42,xgboost,1.9407472346367083
2017-12-02 10:00:00,etth1,HUFL,24,42,xgboost,2.2098441243479994
2017-12-02 11:00:00,etth1,HUFL,24,42,xgboost,1.886335199091478
2017-12-02 12:00:00,etth1,HUFL,24,42,xgboost,2.1959655364141075
2017-12-02 13:00:00,etth1,HUFL,24,42,xgboost,3.019417741423823
2017-12-02 14:00:00,etth1,HUFL,24,42,xgboost,2.857796018190916
2017-12-02 15:00:00,etth1,HUFL,24,42,xgboost,3.000275618971118
2017-12-02 16:00:00,etth1,HUFL,24,42,xgboost,2.8275646861526744
2017-12-02 17:00:00,etth1,HUFL,24,42,xgboost,3.0406901207418553
2017-12-02 18:00:00,etth1,HUFL,24,42,xgboost,3.1836271608213362
2017-12-02 19:00:00,etth1,HUFL,24,42,xgboost,2.9768652260362995
2017-12-02 20:00:00,etth1,HUFL,24,42,xgboost,3.0846275334252007
2017-12-02 21:00:00,etth1,HUFL,24,42,xgboost,2.7117113161554776
2017-12-02 22:00:00,etth1,HUFL,24,42,xgboost,2.7158458841522695
2017-12-02 23:00:00,etth1,HUFL,24,42,xgboost,2.4941380207195394
2017-12-03 00:00:00,etth1,HUFL,24,42,xgboost,2.4636084197593067
2017-12-03 01:00:00,etth1,HUFL,24,42,xgboost,2.4921219700798845
2017-12-03 02:00:00,etth1,HUFL,24,42,xgboost,2.530117981802931
2017-12-03 03:00:00,etth1,HUFL,24,42,xgboost,2.761529567239922
2017-12-03 04:00:00,etth1,HUFL,24,42,xgboost,2.7657902860619377
2017-12-03 05:00:00,etth1,HUFL,24,42,xgboost,2.894172455853121
2017-12-03 06:00:00,etth1,HUFL,24,42,xgboost,2.662582503891144
2017-12-03 07:00:00,etth1,HUFL,24,42,xgboost,2.9435907699030417
2017-12-03 08:00:00,etth1,HUFL,24,42,xgboost,2.976885681876805
2017-12-03 09:00:00,etth1,HUFL,24,42,xgboost,3.227709173084504
2017-12-03 10:00:00,etth1,HUFL,24,42,xgboost,2.604546158826285
2017-12-03 11:00:00,etth1,HUFL,24,42,xgboost,2.50793463673125
2017-12-03 12:00:00,etth1,HUFL,24,42,xgboost,2.7646479540482254
2017-12-03 13:00:00,etth1,HUFL,24,42,xgboost,2.5475393614514616
2017-12-03 14:00:00,etth1,HUFL,24,42,xgboost,2.6485090979162482
2017-12-03 15:00:00,etth1,HUFL,24,42,xgboost,2.2905698873370812
2017-12-03 16:00:00,etth1,HUFL,24,42,xgboost,3.1492961995534405
2017-12-03 17:00:00,etth1,HUFL,24,42,xgboost,1.9364662201084544
2017-12-03 18:00:00,etth1,HUFL,24,42,xgboost,2.0420852000436955
2017-12-03 19:00:00,etth1,HUFL,24,42,xgboost,2.050449192202763
2017-12-03 20:00:00,etth1,HUFL,24,42,xgboost,2.2867390109657264
2017-12-03 21:00:00,etth1,HUFL,24,42,xgboost,2.1767412035193328
2017-12-03 22:00:00,etth1,HUFL,24,42,xgboost,2.192361050242822
2017-12-03 23:00:00,etth1,HUFL,24,42,xgboost,2.0135772501680154
2017-12-04 00:00:00,etth1,HUFL,24,42,xgboost,1.9901736418353109
2017-12-04 01:00:00,etth1,HUFL,24,42,xgboost,2.263272926749606
2017-12-04 02:00:00,etth1,HUFL,24,42,xgboost,2.0053559456491725
2017-12-04 03:00:00,etth1,HUFL,24,42,xgboost,2.1243016137541892
2017-12-04 04:00:00,etth1,HUFL,24,42,xgboost,2.3524212299606293
2017-12-04 05:00:00,etth1,HUFL,24,42,xgboost,2.494759879077774
2017-12-04 06:00:00,etth1,HUFL,24,42,xgboost,2.399927419130439
2017-12-04 07:00:00,etth1,HUFL,24,42,xgboost,2.7275895992097197
2017-12-04 08:00:00,etth1,HUFL,24,42,xgboost,2.402678992250489
2017-12-04 09:00:00,etth1,HUFL,24,42,xgboost,2.609702878762965
2017-12-04 10:00:00,etth1,HUFL,24,42,xgboost,1.8487347068586069
2017-12-04 11:00:00,etth1,HUFL,24,42,xgboost,2.498818665100584
2017-12-04 12:00:00,etth1,HUFL,24,42,xgboost,2.969368985934444
2017-12-04 13:00:00,etth1,HUFL,24,42,xgboost,3.4148806529260978
2017-12-04 14:00:00,etth1,HUFL,24,42,xgboost,3.7087257380703735
2017-12-04 15:00:00,etth1,HUFL,24,42,xgboost,3.7522950344394133
2017-12-04 16:00:00,etth1,HUFL,24,42,xgboost,4.105578432777527
2017-12-04 17:00:00,etth1,HUFL,24,42,xgboost,4.447595608705581
2017-12-04 18:00:00,etth1,HUFL,24,42,xgboost,4.156181566796476
2017-12-04 19:00:00,etth1,HUFL,24,42,xgboost,4.3655616490983595
2017-12-04 20:00:00,etth1,HUFL,24,42,xgboost,4.4892419193392366
2017-12-04 21:00:00,etth1,HUFL,24,42,xgboost,4.407035340649885
2017-12-04 22:00:00,etth1,HUFL,24,42,xgboost,4.28403744376122
2017-12-04 23:00:00,etth1,HUFL,24,42,xgboost,4.526397035859611
2017-12-05 00:00:00,etth1,HUFL,24,42,xgboost,4.573044118673761
2017-12-05 01:00:00,etth1,HUFL,24,42,xgboost,4.446865214920336
2017-12-05 02:00:00,etth1,HUFL,24,42,xgboost,4.369812750759276
2017-12-05 03:00:00,etth1,HUFL,24,42,xgboost,4.399187764175861
2017-12-05 04:00:00,etth1,HUFL,24,42,xgboost,4.6250948691834814
2017-12-05 05:00:00,etth1,HUFL,24,42,xgboost,4.875046758065364
2017-12-05 06:00:00,etth1,HUFL,24,42,xgboost,5.050508260470419
2017-12-05 07:00:00,etth1,HUFL,24,42,xgboost,5.311848814914451
2017-12-05 08:00:00,etth1,HUFL,24,42,xgboost,5.380927479176674
2017-12-05 09:00:00,etth1,HUFL,24,42,xgboost,4.6401720789177485
2017-12-05 10:00:00,etth1,HUFL,24,42,xgboost,4.018188387766684
2017-12-05 11:00:00,etth1,HUFL,24,42,xgboost,3.4176548362572228
2017-12-05 12:00:00,etth1,HUFL,24,42,xgboost,3.5635791729363855
2017-12-05 13:00:00,etth1,HUFL,24,42,xgboost,3.637442711576476
2017-12-05 14:00:00,etth1,HUFL,24,42,xgboost,3.357502904770238
2017-12-05 15:00:00,etth1,HUFL,24,42,xgboost,3.5029146844514885
2017-12-05 16:00:00,etth1,HUFL,24,42,xgboost,4.168528123685963
2017-12-05 17:00:00,etth1,HUFL,24,42,xgboost,3.4083801226812316
2017-12-05 18:00:00,etth1,HUFL,24,42,xgboost,2.6325158628742105
2017-12-05 19:00:00,etth1,HUFL,24,42,xgboost,2.923088669943882
2017-12-05 20:00:00,etth1,HUFL,24,42,xgboost,2.8576508728581884
2017-12-05 21:00:00,etth1,HUFL,24,42,xgboost,3.023002333827056
2017-12-05 22:00:00,etth1,HUFL,24,42,xgboost,3.001086199028645
2017-12-05 23:00:00,etth1,HUFL,24,42,xgboost,2.7946649650914623
2017-12-06 00:00:00,etth1,HUFL,24,42,xgboost,2.747188168012881
2017-12-06 01:00:00,etth1,HUFL,24,42,xgboost,2.6976206045362203
2017-12-06 02:00:00,etth1,HUFL,24,42,xgboost,2.2308824592009695
2017-12-06 03:00:00,etth1,HUFL,24,42,xgboost,2.3316115636736643
2017-12-06 04:00:00,etth1,HUFL,24,42,xgboost,2.3970648239808487
2017-12-06 05:00:00,etth1,HUFL,24,42,xgboost,2.200439622081597
2017-12-06 06:00:00,etth1,HUFL,24,42,xgboost,2.258808264473455
2017-12-06 07:00:00,etth1,HUFL,24,42,xgboost,2.4512904984941333
2017-12-06 08:00:00,etth1,HUFL,24,42,xgboost,2.7264264332103543
2017-12-06 09:00:00,etth1,HUFL,24,42,xgboost,2.771717671610934
2017-12-06 10:00:00,etth1,HUFL,24,42,xgboost,3.530638242838632
2017-12-06 11:00:00,etth1,HUFL,24,42,xgboost,3.732623622133101
2017-12-06 12:00:00,etth1,HUFL,24,42,xgboost,2.590898013363739
2017-12-06 13:00:00,etth1,HUFL,24,42,xgboost,3.1756318586732135
2017-12-06 14:00:00,etth1,HUFL,24,42,xgboost,3.495652968067328
2017-12-06 15:00:00,etth1,HUFL,24,42,xgboost,4.245320329064405
2017-12-06 16:00:00,etth1,HUFL,24,42,xgboost,3.1838328749603817
2017-12-06 17:00:00,etth1,HUFL,24,42,xgboost,1.7145471119574005
2017-12-06 18:00:00,etth1,HUFL,24,42,xgboost,1.851501648276584
2017-12-06 19:00:00,etth1,HUFL,24,42,xgboost,2.05028935986345
2017-12-06 20:00:00,etth1,HUFL,24,42,xgboost,1.501254559875271
2017-12-06 21:00:00,etth1,HUFL,24,42,xgboost,1.265753761938458
2017-12-06 22:00:00,etth1,HUFL,24,42,xgboost,1.7436907343851373
2017-12-06 23:00:00,etth1,HUFL,24,42,xgboost,1.5401643345210603
2017-12-07 00:00:00,etth1,HUFL,24,42,xgboost,1.329854350508615
2017-12-07 01:00:00,etth1,HUFL,24,42,xgboost,1.507054113916013
2017-12-07 02:00:00,etth1,HUFL,24,42,xgboost,1.6800696495513359
2017-12-07 03:00:00,etth1,HUFL,24,42,xgboost,1.666373217096602
2017-12-07 04:00:00,etth1,HUFL,24,42,xgboost,1.6690589086253802
2017-12-07 05:00:00,etth1,HUFL,24,42,xgboost,1.5653348928972237
2017-12-07 06:00:00,etth1,HUFL,24,42,xgboost,1.5177630456310585
2017-12-07 07:00:00,etth1,HUFL,24,42,xgboost,1.6728480229533105
2017-12-07 08:00:00,etth1,HUFL,24,42,xgboost,1.3749961556365191
2017-12-07 09:00:00,etth1,HUFL,24,42,xgboost,1.288581787783729
2017-12-07 10:00:00,etth1,HUFL,24,42,xgboost,1.548305027921488
2017-12-07 11:00:00,etth1,HUFL,24,42,xgboost,2.6622359753744185
2017-12-07 12:00:00,etth1,HUFL,24,42,xgboost,3.2126069662811845
2017-12-07 13:00:00,etth1,HUFL,24,42,xgboost,3.5765778484034167
2017-12-07 14:00:00,etth1,HUFL,24,42,xgboost,4.676800706317498
2017-12-07 15:00:00,etth1,HUFL,24,42,xgboost,4.9139681951984056
2017-12-07 16:00:00,etth1,HUFL,24,42,xgboost,5.280901006291412
2017-12-07 17:00:00,etth1,HUFL,24,42,xgboost,4.968873763900916
2017-12-07 18:00:00,etth1,HUFL,24,42,xgboost,4.948983466764811
2017-12-07 19:00:00,etth1,HUFL,24,42,xgboost,4.841953617534444
2017-12-07 20:00:00,etth1,HUFL,24,42,xgboost,4.821954408787277
2017-12-07 21:00:00,etth1,HUFL,24,42,xgboost,4.734184561343727
2017-12-07 22:00:00,etth1,HUFL,24,42,xgboost,4.885934023347551
2017-12-07 23:00:00,etth1,HUFL,24,42,xgboost,5.013507624073589
2017-12-08 00:00:00,etth1,HUFL,24,42,xgboost,5.105193143508298
2017-12-08 01:00:00,etth1,HUFL,24,42,xgboost,5.395681428801211
2017-12-08 02:00:00,etth1,HUFL,24,42,xgboost,5.373963541594592
2017-12-08 03:00:00,etth1,HUFL,24,42,xgboost,5.236398985395592
2017-12-08 04:00:00,etth1,HUFL,24,42,xgboost,5.352701203186388
2017-12-08 05:00:00,etth1,HUFL,24,42,xgboost,5.414868905970139
2017-12-08 06:00:00,etth1,HUFL,24,42,xgboost,5.353970188224274
2017-12-08 07:00:00,etth1,HUFL,24,42,xgboost,5.367222273226907
2017-12-08 08:00:00,etth1,HUFL,24,42,xgboost,5.465471414237046
2017-12-08 09:00:00,etth1,HUFL,24,42,xgboost,5.155698703362291
2017-12-08 10:00:00,etth1,HUFL,24,42,xgboost,2.932040218857086
2017-12-08 11:00:00,etth1,HUFL,24,42,xgboost,2.7235643263377853
2017-12-08 12:00:00,etth1,HUFL,24,42,xgboost,2.950259656410777
2017-12-08 13:00:00,etth1,HUFL,24,42,xgboost,3.437247750028808
2017-12-08 14:00:00,etth1,HUFL,24,42,xgboost,4.156814141622854
2017-12-08 15:00:00,etth1,HUFL,24,42,xgboost,4.647881195880808
2017-12-08 16:00:00,etth1,HUFL,24,42,xgboost,5.152417504085171
2017-12-08 17:00:00,etth1,HUFL,24,42,xgboost,4.504476514581345
2017-12-08 18:00:00,etth1,HUFL,24,42,xgboost,4.033744553203707
2017-12-08 19:00:00,etth1,HUFL,24,42,xgboost,4.22416196693873
2017-12-08 20:00:00,etth1,HUFL,24,42,xgboost,4.218222982626483
2017-12-08 21:00:00,etth1,HUFL,24,42,xgboost,4.136284549620153
2017-12-08 22:00:00,etth1,HUFL,24,42,xgboost,4.497202932108805
2017-12-08 23:00:00,etth1,HUFL,24,42,xgboost,4.335832503429423
2017-12-09 00:00:00,etth1,HUFL,24,42,xgboost,4.022000186740289
2017-12-09 01:00:00,etth1,HUFL,24,42,xgboost,3.6716992107510116
2017-12-09 02:00:00,etth1,HUFL,24,42,xgboost,3.77316528200936
2017-12-09 03:00:00,etth1,HUFL,24,42,xgboost,3.574259964396486
2017-12-09 04:00:00,etth1,HUFL,24,42,xgboost,3.486310538648482
2017-12-09 05:00:00,etth1,HUFL,24,42,xgboost,3.324818848996808
2017-12-09 06:00:00,etth1,HUFL,24,42,xgboost,3.341650586253946
2017-12-09 07:00:00,etth1,HUFL,24,42,xgboost,3.3302897150276416
2017-12-09 08:00:00,etth1,HUFL,24,42,xgboost,3.7102537516196556
2017-12-09 09:00:00,etth1,HUFL,24,42,xgboost,4.021613459860718
2017-12-09 10:00:00,etth1,HUFL,24,42,xgboost,3.620995818011027
2017-12-09 11:00:00,etth1,HUFL,24,42,xgboost,3.5191272002230165
2017-12-09 12:00:00,etth1,HUFL,24,42,xgboost,2.618920084660994
2017-12-09 13:00:00,etth1,HUFL,24,42,xgboost,3.9494110552332717
2017-12-09 14:00:00,etth1,HUFL,24,42,xgboost,3.0082968078503995
2017-12-09 15:00:00,etth1,HUFL,24,42,xgboost,3.9344994496108696
2017-12-09 16:00:00,etth1,HUFL,24,42,xgboost,4.655382923057259
2017-12-09 17:00:00,etth1,HUFL,24,42,xgboost,3.941868530333636
2017-12-09 18:00:00,etth1,HUFL,24,42,xgboost,3.715080183284657
2017-12-09 19:00:00,etth1,HUFL,24,42,xgboost,3.96113818281995
2017-12-09 20:00:00,etth1,HUFL,24,42,xgboost,3.7748138679804213
2017-12-09 21:00:00,etth1,HUFL,24,42,xgboost,3.6375078948651827
2017-12-09 22:00:00,etth1,HUFL,24,42,xgboost,3.7639117964016306
2017-12-09 23:00:00,etth1,HUFL,24,42,xgboost,3.9186957370169346
2017-12-10 00:00:00,etth1,HUFL,24,42,xgboost,3.7515734552222813
2017-12-10 01:00:00,etth1,HUFL,24,42,xgboost,3.4912933948840834
2017-12-10 02:00:00,etth1,HUFL,24,42,xgboost,3.60781316396862
2017-12-10 03:00:00,etth1,HUFL,24,42,xgboost,3.645525016858951
2017-12-10 04:00:00,etth1,HUFL,24,42,xgboost,3.87975420290555
2017-12-10 05:00:00,etth1,HUFL,24,42,xgboost,4.175691497941959
2017-12-10 06:00:00,etth1,HUFL,24,42,xgboost,4.231679638485552
2017-12-10 07:00:00,etth1,HUFL,24,42,xgboost,4.378473212160109
2017-12-10 08:00:00,etth1,HUFL,24,42,xgboost,5.06146822019257
2017-12-10 09:00:00,etth1,HUFL,24,42,xgboost,5.201507722366229
2017-12-10 10:00:00,etth1,HUFL,24,42,xgboost,4.5695614845083625
2017-12-10 11:00:00,etth1,HUFL,24,42,xgboost,5.369194647464147
2017-12-10 12:00:00,etth1,HUFL,24,42,xgboost,5.348953723840821
2017-12-10 13:00:00,etth1,HUFL,24,42,xgboost,4.915747045284785
2017-12-10 14:00:00,etth1,HUFL,24,42,xgboost,5.605861875844045
2017-12-10 15:00:00,etth1,HUFL,24,42,xgboost,6.244454993412423
2017-12-10 16:00:00,etth1,HUFL,24,42,xgboost,7.05690842358099
2017-12-10 17:00:00,etth1,HUFL,24,42,xgboost,5.995705011055269
2017-12-10 18:00:00,etth1,HUFL,24,42,xgboost,5.17353365258906
2017-12-10 19:00:00,etth1,HUFL,24,42,xgboost,5.2997442357213975
2017-12-10 20:00:00,etth1,HUFL,24,42,xgboost,4.983408518007744
2017-12-10 21:00:00,etth1,HUFL,24,42,xgboost,4.892324212168138
2017-12-10 22:00:00,etth1,HUFL,24,42,xgboost,5.249115343398596
2017-12-10 23:00:00,etth1,HUFL,24,42,xgboost,5.4150888373220525
2017-12-11 00:00:00,etth1,HUFL,24,42,xgboost,5.1103965017310236
2017-12-11 01:00:00,etth1,HUFL,24,42,xgboost,4.933351391270422
2017-12-11 02:00:00,etth1,HUFL,24,42,xgboost,4.875011759357531
2017-12-11 03:00:00,etth1,HUFL,24,42,xgboost,4.822258438074389
2017-12-11 04:00:00,etth1,HUFL,24,42,xgboost,4.436038153831345
2017-12-11 05:00:00,etth1,HUFL,24,42,xgboost,4.47990093752556
2017-12-11 06:00:00,etth1,HUFL,24,42,xgboost,4.1665900172724974
2017-12-11 07:00:00,etth1,HUFL,24,42,xgboost,4.248698836199179
2017-12-11 08:00:00,etth1,HUFL,24,42,xgboost,4.924420237027937
2017-12-11 09:00:00,etth1,HUFL,24,42,xgboost,5.712723853650385
2017-12-11 10:00:00,etth1,HUFL,24,42,xgboost,4.345680645278257
2017-12-11 11:00:00,etth1,HUFL,24,42,xgboost,3.771241276608863
2017-12-11 12:00:00,etth1,HUFL,24,42,xgboost,3.9860194557722415
2017-12-11 13:00:00,etth1,HUFL,24,42,xgboost,4.247275775442554
2017-12-11 14:00:00,etth1,HUFL,24,42,xgboost,4.067780492704306
2017-12-11 15:00:00,etth1,HUFL,24,42,xgboost,4.341493071624031
2017-12-11 16:00:00,etth1,HUFL,24,42,xgboost,4.677591078544603
2017-12-11 17:00:00,etth1,HUFL,24,42,xgboost,3.8951085488658417
2017-12-11 18:00:00,etth1,HUFL,24,42,xgboost,3.808337546929048
2017-12-11 19:00:00,etth1,HUFL,24,42,xgboost,4.005711167573668
2017-12-11 20:00:00,etth1,HUFL,24,42,xgboost,3.6324571934428627
2017-12-11 21:00:00,etth1,HUFL,24,42,xgboost,3.872087766414127
2017-12-11 22:00:00,etth1,HUFL,24,42,xgboost,4.004547437935268
2017-12-11 23:00:00,etth1,HUFL,24,42,xgboost,3.946260081402657
2017-12-12 00:00:00,etth1,HUFL,24,42,xgboost,3.802044475043346
2017-12-12 01:00:00,etth1,HUFL,24,42,xgboost,3.3935518506362867
2017-12-12 02:00:00,etth1,HUFL,24,42,xgboost,3.395621848537855
2017-12-12 03:00:00,etth1,HUFL,24,42,xgboost,3.206634393111379
2017-12-12 04:00:00,etth1,HUFL,24,42,xgboost,3.251879699653905
2017-12-12 05:00:00,etth1,HUFL,24,42,xgboost,3.1504589025697753
2017-12-12 06:00:00,etth1,HUFL,24,42,xgboost,3.431570509067473
2017-12-12 07:00:00,etth1,HUFL,24,42,xgboost,3.635048424724698
2017-12-12 08:00:00,etth1,HUFL,24,42,xgboost,4.657144376377045
2017-12-12 09:00:00,etth1,HUFL,24,42,xgboost,4.651646763768871
2017-12-12 10:00:00,etth1,HUFL,24,42,xgboost,3.467347151569759
2017-12-12 11:00:00,etth1,HUFL,24,42,xgboost,3.2113899976861986
2017-12-12 12:00:00,etth1,HUFL,24,42,xgboost,3.542561478005363
2017-12-12 13:00:00,etth1,HUFL,24,42,xgboost,3.706800229155224
2017-12-12 14:00:00,etth1,HUFL,24,42,xgboost,3.932044529384065
2017-12-12 15:00:00,etth1,HUFL,24,42,xgboost,2.4551471358026173
2017-12-12 16:00:00,etth1,HUFL,24,42,xgboost,3.5399138146531377
2017-12-12 17:00:00,etth1,HUFL,24,42,xgboost,2.0548883766267174
2017-12-12 18:00:00,etth1,HUFL,24,42,xgboost,3.1282387592533283
2017-12-12 19:00:00,etth1,HUFL,24,42,xgboost,2.748535168476971
2017-12-12 20:00:00,etth1,HUFL,24,42,xgboost,2.1538681898273393
2017-12-12 21:00:00,etth1,HUFL,24,42,xgboost,2.1697175019051405
2017-12-12 22:00:00,etth1,HUFL,24,42,xgboost,2.1242541621015527
2017-12-12 23:00:00,etth1,HUFL,24,42,xgboost,2.1902471337318627
2017-12-13 00:00:00,etth1,HUFL,24,42,xgboost,2.161701802058719
2017-12-13 01:00:00,etth1,HUFL,24,42,xgboost,2.186858919510476
2017-12-13 02:00:00,etth1,HUFL,24,42,xgboost,2.240984743653652
2017-12-13 03:00:00,etth1,HUFL,24,42,xgboost,2.4231505191156266
2017-12-13 04:00:00,etth1,HUFL,24,42,xgboost,2.238706430126536
2017-12-13 05:00:00,etth1,HUFL,24,42,xgboost,2.390239905435848
2017-12-13 06:00:00,etth1,HUFL,24,42,xgboost,2.7241850851512424
2017-12-13 07:00:00,etth1,HUFL,24,42,xgboost,3.088142689631462
2017-12-13 08:00:00,etth1,HUFL,24,42,xgboost,2.9567689230805754
2017-12-13 09:00:00,etth1,HUFL,24,42,xgboost,2.0912754025831943
2017-12-13 10:00:00,etth1,HUFL,24,42,xgboost,2.240913795640926
2017-12-13 11:00:00,etth1,HUFL,24,42,xgboost,2.4133284453313704
2017-12-13 12:00:00,etth1,HUFL,24,42,xgboost,2.2289986333754386
2017-12-13 13:00:00,etth1,HUFL,24,42,xgboost,2.307679450968678
2017-12-13 14:00:00,etth1,HUFL,24,42,xgboost,2.761989412993669
2017-12-13 15:00:00,etth1,HUFL,24,42,xgboost,2.4800841787760555
2017-12-13 16:00:00,etth1,HUFL,24,42,xgboost,2.57590489580929
2017-12-13 17:00:00,etth1,HUFL,24,42,xgboost,2.6395640826787448
2017-12-13 18:00:00,etth1,HUFL,24,42,xgboost,3.116304460805688
2017-12-13 19:00:00,etth1,HUFL,24,42,xgboost,3.1837768573079273
2017-12-13 20:00:00,etth1,HUFL,24,42,xgboost,2.6527339280201727
2017-12-13 21:00:00,etth1,HUFL,24,42,xgboost,2.833283533617933
2017-12-13 22:00:00,etth1,HUFL,24,42,xgboost,2.836697057968466
2017-12-13 23:00:00,etth1,HUFL,24,42,xgboost,2.788702271991742
2017-12-14 00:00:00,etth1,HUFL,24,42,xgboost,3.074597776351293
2017-12-14 01:00:00,etth1,HUFL,24,42,xgboost,2.667959907927075
2017-12-14 02:00:00,etth1,HUFL,24,42,xgboost,2.604211725416896
2017-12-14 03:00:00,etth1,HUFL,24,42,xgboost,2.541514905422287
2017-12-14 04:00:00,etth1,HUFL,24,42,xgboost,2.2962308480788773
2017-12-14 05:00:00,etth1,HUFL,24,42,xgboost,2.331922595893159
2017-12-14 06:00:00,etth1,HUFL,24,42,xgboost,2.595199337701477
2017-12-14 07:00:00,etth1,HUFL,24,42,xgboost,2.511348011006829
2017-12-14 08:00:00,etth1,HUFL,24,42,xgboost,2.0345566061241347
2017-12-14 09:00:00,etth1,HUFL,24,42,xgboost,2.0328342898913263
2017-12-14 10:00:00,etth1,HUFL,24,42,xgboost,1.4336366272751713
2017-12-14 11:00:00,etth1,HUFL,24,42,xgboost,1.0783895302916378
2017-12-14 12:00:00,etth1,HUFL,24,42,xgboost,1.3645641182512136
2017-12-14 13:00:00,etth1,HUFL,24,42,xgboost,1.2380424440467763
2017-12-14 14:00:00,etth1,HUFL,24,42,xgboost,1.555828998782662
2017-12-14 15:00:00,etth1,HUFL,24,42,xgboost,1.6493682040927726
2017-12-14 16:00:00,etth1,HUFL,24,42,xgboost,1.5275429984882418
2017-12-14 17:00:00,etth1,HUFL,24,42,xgboost,2.0849390483512646
2017-12-14 18:00:00,etth1,HUFL,24,42,xgboost,2.635876235537748
2017-12-14 19:00:00,etth1,HUFL,24,42,xgboost,2.529984394274662
2017-12-14 20:00:00,etth1,HUFL,24,42,xgboost,2.1507904214946705
2017-12-14 21:00:00,etth1,HUFL,24,42,xgboost,2.2219862281773444
2017-12-14 22:00:00,etth1,HUFL,24,42,xgboost,2.369301978919912
2017-12-14 23:00:00,etth1,HUFL,24,42,xgboost,1.902841434776847
2017-12-15 00:00:00,etth1,HUFL,24,42,xgboost,1.9875783814061396
2017-12-15 01:00:00,etth1,HUFL,24,42,xgboost,1.9707368073765341
2017-12-15 02:00:00,etth1,HUFL,24,42,xgboost,1.8717247268725086
2017-12-15 03:00:00,etth1,HUFL,24,42,xgboost,1.888893069824187
2017-12-15 04:00:00,etth1,HUFL,24,42,xgboost,1.9567780813458464
2017-12-15 05:00:00,etth1,HUFL,24,42,xgboost,1.9756199171171105
2017-12-15 06:00:00,etth1,HUFL,24,42,xgboost,1.7307558865203114
2017-12-15 07:00:00,etth1,HUFL,24,42,xgboost,1.5891135611396976
2017-12-15 08:00:00,etth1,HUFL,24,42,xgboost,1.58547515461042
2017-12-15 09:00:00,etth1,HUFL,24,42,xgboost,1.2685547109642128
2017-12-15 10:00:00,etth1,HUFL,24,42,xgboost,1.2748249250867913
2017-12-15 11:00:00,etth1,HUFL,24,42,xgboost,1.4486871116327826
2017-12-15 12:00:00,etth1,HUFL,24,42,xgboost,1.473294494206727
2017-12-15 13:00:00,etth1,HUFL,24,42,xgboost,1.4548847537344871
2017-12-15 14:00:00,etth1,HUFL,24,42,xgboost,1.3790382998422313
2017-12-15 15:00:00,etth1,HUFL,24,42,xgboost,1.2737475142988777
2017-12-15 16:00:00,etth1,HUFL,24,42,xgboost,1.3664498193769925
2017-12-15 17:00:00,etth1,HUFL,24,42,xgboost,1.5597547997352288
2017-12-15 18:00:00,etth1,HUFL,24,42,xgboost,1.7866125305442122
2017-12-15 19:00:00,etth1,HUFL,24,42,xgboost,1.778481356285253
2017-12-15 20:00:00,etth1,HUFL,24,42,xgboost,1.5875519558040458
2017-12-15 21:00:00,etth1,HUFL,24,42,xgboost,1.6131080365175834
2017-12-15 22:00:00,etth1,HUFL,24,42,xgboost,1.6414154939606878
2017-12-15 23:00:00,etth1,HUFL,24,42,xgboost,1.7305210492765717
2017-12-16 00:00:00,etth1,HUFL,24,42,xgboost,1.6547842714338115
2017-12-16 01:00:00,etth1,HUFL,24,42,xgboost,1.6957361642101996
2017-12-16 02:00:00,etth1,HUFL,24,42,xgboost,1.8084144207164485
2017-12-16 03:00:00,etth1,HUFL,24,42,xgboost,1.8020742622086043
2017-12-16 04:00:00,etth1,HUFL,24,42,xgboost,1.7616057115480015
2017-12-16 05:00:00,etth1,HUFL,24,42,xgboost,1.683352228704278
2017-12-16 06:00:00,etth1,HUFL,24,42,xgboost,1.7405701756394645
2017-12-16 07:00:00,etth1,HUFL,24,42,xgboost,1.999812984121365
2017-12-16 08:00:00,etth1,HUFL,24,42,xgboost,2.0619156870571884
2017-12-16 09:00:00,etth1,HUFL,24,42,xgboost,1.7733098195852992
2017-12-16 10:00:00,etth1,HUFL,24,42,xgboost,2.115913434701192
2017-12-16 11:00:00,etth1,HUFL,24,42,xgboost,2.8324240383593584
2017-12-16 12:00:00,etth1,HUFL,24,42,xgboost,3.6636519083299444
2017-12-16 13:00:00,etth1,HUFL,24,42,xgboost,4.538160677998614
2017-12-16 14:00:00,etth1,HUFL,24,42,xgboost,5.713190936712553
2017-12-16 15:00:00,etth1,HUFL,24,42,xgboost,5.781946245719951
2017-12-16 16:00:00,etth1,HUFL,24,42,xgboost,6.351879755422608
2017-12-16 17:00:00,etth1,HUFL,24,42,xgboost,6.080379509984625
2017-12-16 18:00:00,etth1,HUFL,24,42,xgboost,6.0151480255660585
2017-12-16 19:00:00,etth1,HUFL,24,42,xgboost,5.982447531810853
2017-12-16 20:00:00,etth1,HUFL,24,42,xgboost,6.1758994950534545
2017-12-16 21:00:00,etth1,HUFL,24,42,xgboost,6.1487975510910085
2017-12-16 22:00:00,etth1,HUFL,24,42,xgboost,6.024585040161387
2017-12-16 23:00:00,etth1,HUFL,24,42,xgboost,6.40293729160826
2017-12-17 00:00:00,etth1,HUFL,24,42,xgboost,6.443015420281845
2017-12-17 01:00:00,etth1,HUFL,24,42,xgboost,6.601930169248537
2017-12-17 02:00:00,etth1,HUFL,24,42,xgboost,6.573219643057249
2017-12-17 03:00:00,etth1,HUFL,24,42,xgboost,6.688750465072897
2017-12-17 04:00:00,etth1,HUFL,24,42,xgboost,6.792471960631815
2017-12-17 05:00:00,etth1,HUFL,24,42,xgboost,6.958522773356468
2017-12-17 06:00:00,etth1,HUFL,24,42,xgboost,6.939425557129476
2017-12-17 07:00:00,etth1,HUFL,24,42,xgboost,7.144820284274707
2017-12-17 08:00:00,etth1,HUFL,24,42,xgboost,7.5873002038304875
2017-12-17 09:00:00,etth1,HUFL,24,42,xgboost,7.160302666969007
2017-12-17 10:00:00,etth1,HUFL,24,42,xgboost,5.214169684175997
2017-12-17 11:00:00,etth1,HUFL,24,42,xgboost,4.636729987593568
2017-12-17 12:00:00,etth1,HUFL,24,42,xgboost,4.314032638541705
2017-12-17 13:00:00,etth1,HUFL,24,42,xgboost,4.767036485689201
2017-12-17 14:00:00,etth1,HUFL,24,42,xgboost,5.9379147912831955
2017-12-17 15:00:00,etth1,HUFL,24,42,xgboost,6.109865984945078
2017-12-17 16:00:00,etth1,HUFL,24,42,xgboost,6.394942771631075
2017-12-17 17:00:00,etth1,HUFL,24,42,xgboost,6.818239816765629
2017-12-17 18:00:00,etth1,HUFL,24,42,xgboost,5.650684188073369
2017-12-17 19:00:00,etth1,HUFL,24,42,xgboost,5.563047631583369
2017-12-17 20:00:00,etth1,HUFL,24,42,xgboost,5.221359756722327
2017-12-17 21:00:00,etth1,HUFL,24,42,xgboost,5.279771751401253
2017-12-17 22:00:00,etth1,HUFL,24,42,xgboost,5.513211736546807
2017-12-17 23:00:00,etth1,HUFL,24,42,xgboost,5.7189724433951135
2017-12-18 00:00:00,etth1,HUFL,24,42,xgboost,5.472871292428
2017-12-18 01:00:00,etth1,HUFL,24,42,xgboost,5.615888158500595
2017-12-18 02:00:00,etth1,HUFL,24,42,xgboost,6.02030977055458
2017-12-18 03:00:00,etth1,HUFL,24,42,xgboost,6.071104064933896
2017-12-18 04:00:00,etth1,HUFL,24,42,xgboost,6.1618412982379835
2017-12-18 05:00:00,etth1,HUFL,24,42,xgboost,6.327504115592176
2017-12-18 06:00:00,etth1,HUFL,24,42,xgboost,5.9921069372445155
2017-12-18 07:00:00,etth1,HUFL,24,42,xgboost,6.387093735050932
2017-12-18 08:00:00,etth1,HUFL,24,42,xgboost,6.180373590122823
2017-12-18 09:00:00,etth1,HUFL,24,42,xgboost,6.811333612377781
2017-12-18 10:00:00,etth1,HUFL,24,42,xgboost,7.183490189590898
2017-12-18 11:00:00,etth1,HUFL,24,42,xgboost,6.266295261195498
2017-12-18 12:00:00,etth1,HUFL,24,42,xgboost,6.320657504030997
2017-12-18 13:00:00,etth1,HUFL,24,42,xgboost,6.919747511950063
2017-12-18 14:00:00,etth1,HUFL,24,42,xgboost,6.463924266839214
2017-12-18 15:00:00,etth1,HUFL,24,42,xgboost,5.873099543887729
2017-12-18 16:00:00,etth1,HUFL,24,42,xgboost,7.151462443557791
2017-12-18 17:00:00,etth1,HUFL,24,42,xgboost,6.773225594554646
2017-12-18 18:00:00,etth1,HUFL,24,42,xgboost,5.59940613978313
2017-12-18 19:00:00,etth1,HUFL,24,42,xgboost,5.316273868738528
2017-12-18 20:00:00,etth1,HUFL,24,42,xgboost,5.312166316662548
2017-12-18 21:00:00,etth1,HUFL,24,42,xgboost,5.234122879470521
2017-12-18 22:00:00,etth1,HUFL,24,42,xgboost,5.2289928300670825
2017-12-18 23:00:00,etth1,HUFL,24,42,xgboost,5.314318104951615
2017-12-19 00:00:00,etth1,HUFL,24,42,xgboost,4.704492675739808
2017-12-19 01:00:00,etth1,HUFL,24,42,xgboost,4.8223993522987785
2017-12-19 02:00:00,etth1,HUFL,24,42,xgboost,5.039451430233318
2017-12-19 03:00:00,etth1,HUFL,24,42,xgboost,4.905224197900453
2017-12-19 04:00:00,etth1,HUFL,24,42,xgboost,5.344051850941551
2017-12-19 05:00:00,etth1,HUFL,24,42,xgboost,5.456051651674987
2017-12-19 06:00:00,etth1,HUFL,24,42,xgboost,5.741566299150766
2017-12-19 07:00:00,etth1,HUFL,24,42,xgboost,5.4027674651114905
2017-12-19 08:00:00,etth1,HUFL,24,42,xgboost,6.579620604010856
2017-12-19 09:00:00,etth1,HUFL,24,42,xgboost,5.572326347178778
2017-12-19 10:00:00,etth1,HUFL,24,42,xgboost,4.914306385157871
2017-12-19 11:00:00,etth1,HUFL,24,42,xgboost,4.796669895629911
2017-12-19 12:00:00,etth1,HUFL,24,42,xgboost,5.517425245952435
2017-12-19 13:00:00,etth1,HUFL,24,42,xgboost,5.420789829173729
2017-12-19 14:00:00,etth1,HUFL,24,42,xgboost,5.3148707174091525
2017-12-19 15:00:00,etth1,HUFL,24,42,xgboost,5.399081150065078
2017-12-19 16:00:00,etth1,HUFL,24,42,xgboost,6.630686611540646
2017-12-19 17:00:00,etth1,HUFL,24,42,xgboost,7.420277654682746
2017-12-19 18:00:00,etth1,HUFL,24,42,xgboost,6.609572449872549
2017-12-19 19:00:00,etth1,HUFL,24,42,xgboost,6.4679551276378335
2017-12-19 20:00:00,etth1,HUFL,24,42,xgboost,6.1941292684816815
2017-12-19 21:00:00,etth1,HUFL,24,42,xgboost,5.794098265907468
2017-12-19 22:00:00,etth1,HUFL,24,42,xgboost,5.789808515654812
2017-12-19 23:00:00,etth1,HUFL,24,42,xgboost,5.976805791862257
2017-12-20 00:00:00,etth1,HUFL,24,42,xgboost,6.1788562475824556
2017-12-20 01:00:00,etth1,HUFL,24,42,xgboost,5.321440029011466
2017-12-20 02:00:00,etth1,HUFL,24,42,xgboost,5.15773865891072
2017-12-20 03:00:00,etth1,HUFL,24,42,xgboost,5.430102067102538
2017-12-20 04:00:00,etth1,HUFL,24,42,xgboost,5.372212930528723
2017-12-20 05:00:00,etth1,HUFL,24,42,xgboost,5.432966451153383
2017-12-20 06:00:00,etth1,HUFL,24,42,xgboost,5.191343713898095
2017-12-20 07:00:00,etth1,HUFL,24,42,xgboost,5.735768551766427
2017-12-20 08:00:00,etth1,HUFL,24,42,xgboost,5.735899583267656
2017-12-20 09:00:00,etth1,HUFL,24,42,xgboost,5.001288105615882
2017-12-20 10:00:00,etth1,HUFL,24,42,xgboost,4.15632734204933
2017-12-20 11:00:00,etth1,HUFL,24,42,xgboost,3.5186256882820373
2017-12-20 12:00:00,etth1,HUFL,24,42,xgboost,3.9841605089300267
2017-12-20 13:00:00,etth1,HUFL,24,42,xgboost,3.5810077862695926
2017-12-20 14:00:00,etth1,HUFL,24,42,xgboost,3.7854743167698715
2017-12-20 15:00:00,etth1,HUFL,24,42,xgboost,3.8731543657348158
2017-12-20 16:00:00,etth1,HUFL,24,42,xgboost,4.389363862486689
2017-12-20 17:00:00,etth1,HUFL,24,42,xgboost,4.1354348869219235
2017-12-20 18:00:00,etth1,HUFL,24,42,xgboost,4.530854591151853
2017-12-20 19:00:00,etth1,HUFL,24,42,xgboost,4.1831368712251935
2017-12-20 20:00:00,etth1,HUFL,24,42,xgboost,4.136525086771479
2017-12-20 21:00:00,etth1,HUFL,24,42,xgboost,3.9655285215357794
2017-12-20 22:00:00,etth1,HUFL,24,42,xgboost,4.137850820587981
2017-12-20 23:00:00,etth1,HUFL,24,42,xgboost,4.261965594755792
2017-12-21 00:00:00,etth1,HUFL,24,42,xgboost,4.63823025026733
2017-12-21 01:00:00,etth1,HUFL,24,42,xgboost,4.250967272378844
2017-12-21 02:00:00,etth1,HUFL,24,42,xgboost,4.193501078787243
2017-12-21 03:00:00,etth1,HUFL,24,42,xgboost,4.286779197249104
2017-12-21 04:00:00,etth1,HUFL,24,42,xgboost,4.074258553315442
2017-12-21 05:00:00,etth1,HUFL,24,42,xgboost,3.981630679786561
2017-12-21 06:00:00,etth1,HUFL,24,42,xgboost,4.1294667584479505
2017-12-21 07:00:00,etth1,HUFL,24,42,xgboost,4.533104652546771
2017-12-21 08:00:00,etth1,HUFL,24,42,xgboost,4.866511479765405
2017-12-21 09:00:00,etth1,HUFL,24,42,xgboost,5.062968289548984
2017-12-21 10:00:00,etth1,HUFL,24,42,xgboost,4.860015425313202
2017-12-21 11:00:00,etth1,HUFL,24,42,xgboost,4.233548713885859
2017-12-21 12:00:00,etth1,HUFL,24,42,xgboost,4.670340962051646
2017-12-21 13:00:00,etth1,HUFL,24,42,xgboost,4.861205071754944
2017-12-21 14:00:00,etth1,HUFL,24,42,xgboost,5.217069881704047
2017-12-21 15:00:00,etth1,HUFL,24,42,xgboost,5.33891109274722
2017-12-21 16:00:00,etth1,HUFL,24,42,xgboost,6.596388606562627
2017-12-21 17:00:00,etth1,HUFL,24,42,xgboost,6.269886434681634
2017-12-21 18:00:00,etth1,HUFL,24,42,xgboost,5.156587673415849
2017-12-21 19:00:00,etth1,HUFL,24,42,xgboost,4.931153053124112
2017-12-21 20:00:00,etth1,HUFL,24,42,xgboost,4.747346539330821
2017-12-21 21:00:00,etth1,HUFL,24,42,xgboost,4.635839173634941
2017-12-21 22:00:00,etth1,HUFL,24,42,xgboost,4.465467846612381
2017-12-21 23:00:00,etth1,HUFL,24,42,xgboost,4.485981553859024
2017-12-22 00:00:00,etth1,HUFL,24,42,xgboost,4.0864983411492135
2017-12-22 01:00:00,etth1,HUFL,24,42,xgboost,4.411676501884803
2017-12-22 02:00:00,etth1,HUFL,24,42,xgboost,4.545520631637694
2017-12-22 03:00:00,etth1,HUFL,24,42,xgboost,4.5754224533103605
2017-12-22 04:00:00,etth1,HUFL,24,42,xgboost,4.1557787221169
2017-12-22 05:00:00,etth1,HUFL,24,42,xgboost,3.86334725533623
2017-12-22 06:00:00,etth1,HUFL,24,42,xgboost,3.9066376741580675
2017-12-22 07:00:00,etth1,HUFL,24,42,xgboost,3.8501083205990962
2017-12-22 08:00:00,etth1,HUFL,24,42,xgboost,4.23927519799855
2017-12-22 09:00:00,etth1,HUFL,24,42,xgboost,4.537493981663648
2017-12-22 10:00:00,etth1,HUFL,24,42,xgboost,3.7359310321354493
2017-12-22 11:00:00,etth1,HUFL,24,42,xgboost,3.0141252023566154
2017-12-22 12:00:00,etth1,HUFL,24,42,xgboost,3.05674409202178
2017-12-22 13:00:00,etth1,HUFL,24,42,xgboost,2.461578595033949
2017-12-22 14:00:00,etth1,HUFL,24,42,xgboost,2.644827532484079
2017-12-22 15:00:00,etth1,HUFL,24,42,xgboost,2.541454512922432
2017-12-22 16:00:00,etth1,HUFL,24,42,xgboost,2.3119387106899953
2017-12-22 17:00:00,etth1,HUFL,24,42,xgboost,1.1372437122732373
2017-12-22 18:00:00,etth1,HUFL,24,42,xgboost,1.1879615787987763
2017-12-22 19:00:00,etth1,HUFL,24,42,xgboost,1.6295093632483695
2017-12-22 20:00:00,etth1,HUFL,24,42,xgboost,1.495207368474863
2017-12-22 21:00:00,etth1,HUFL,24,42,xgboost,1.4432541665249394
2017-12-22 22:00:00,etth1,HUFL,24,42,xgboost,1.698738648357039
2017-12-22 23:00:00,etth1,HUFL,24,42,xgboost,2.171728826425189
2017-12-23 00:00:00,etth1,HUFL,24,42,xgboost,2.354414424952547
2017-12-23 01:00:00,etth1,HUFL,24,42,xgboost,2.1964936376274884
2017-12-23 02:00:00,etth1,HUFL,24,42,xgboost,2.0426852982927257
2017-12-23 03:00:00,etth1,HUFL,24,42,xgboost,2.2990449454331956
2017-12-23 04:00:00,etth1,HUFL,24,42,xgboost,2.228939518678366
2017-12-23 05:00:00,etth1,HUFL,24,42,xgboost,2.235398223424279
2017-12-23 06:00:00,etth1,HUFL,24,42,xgboost,2.437462439001063
2017-12-23 07:00:00,etth1,HUFL,24,42,xgboost,2.652579519772321
2017-12-23 08:00:00,etth1,HUFL,24,42,xgboost,2.3482102767070567
2017-12-23 09:00:00,etth1,HUFL,24,42,xgboost,0.9429556084572139
2017-12-23 10:00:00,etth1,HUFL,24,42,xgboost,1.2273986299812352
2017-12-23 11:00:00,etth1,HUFL,24,42,xgboost,2.05870480873632
2017-12-23 12:00:00,etth1,HUFL,24,42,xgboost,2.1387368513843654
2017-12-23 13:00:00,etth1,HUFL,24,42,xgboost,2.36575348260448
2017-12-23 14:00:00,etth1,HUFL,24,42,xgboost,3.7172850263343746
2017-12-23 15:00:00,etth1,HUFL,24,42,xgboost,3.4465035940803213
2017-12-23 16:00:00,etth1,HUFL,24,42,xgboost,4.157638691355765
2017-12-23 17:00:00,etth1,HUFL,24,42,xgboost,4.195189081110022
2017-12-23 18:00:00,etth1,HUFL,24,42,xgboost,3.4941905857257893
2017-12-23 19:00:00,etth1,HUFL,24,42,xgboost,3.500364260620595
2017-12-23 20:00:00,etth1,HUFL,24,42,xgboost,3.6213195739794615
2017-12-23 21:00:00,etth1,HUFL,24,42,xgboost,3.5403095180769113
2017-12-23 22:00:00,etth1,HUFL,24,42,xgboost,3.44748081296166
2017-12-23 23:00:00,etth1,HUFL,24,42,xgboost,3.559354473861776
2017-12-24 00:00:00,etth1,HUFL,24,42,xgboost,4.200954025683531
2017-12-24 01:00:00,etth1,HUFL,24,42,xgboost,4.149390117847559
2017-12-24 02:00:00,etth1,HUFL,24,42,xgboost,4.107609314349165
2017-12-24 03:00:00,etth1,HUFL,24,42,xgboost,4.127189118895142
2017-12-24 04:00:00,etth1,HUFL,24,42,xgboost,4.4639610206311575
2017-12-24 05:00:00,etth1,HUFL,24,42,xgboost,4.370506470978493
2017-12-24 06:00:00,etth1,HUFL,24,42,xgboost,4.564163043369253
2017-12-24 07:00:00,etth1,HUFL,24,42,xgboost,4.78257608229868
2017-12-24 08:00:00,etth1,HUFL,24,42,xgboost,5.323582283164957
2017-12-24 09:00:00,etth1,HUFL,24,42,xgboost,5.113302608353973
2017-12-24 10:00:00,etth1,HUFL,24,42,xgboost,3.887425244086471
2017-12-24 11:00:00,etth1,HUFL,24,42,xgboost,3.856796832459208
2017-12-24 12:00:00,etth1,HUFL,24,42,xgboost,4.897692210997117
2017-12-24 13:00:00,etth1,HUFL,24,42,xgboost,5.778091439648024
2017-12-24 14:00:00,etth1,HUFL,24,42,xgboost,5.760735934768551
2017-12-24 15:00:00,etth1,HUFL,24,42,xgboost,6.157024057115077
2017-12-24 16:00:00,etth1,HUFL,24,42,xgboost,7.290268000595785
2017-12-24 17:00:00,etth1,HUFL,24,42,xgboost,6.12447085589384
2017-12-24 18:00:00,etth1,HUFL,24,42,xgboost,5.742632343092687
2017-12-24 19:00:00,etth1,HUFL,24,42,xgboost,5.99485667732121
2017-12-24 20:00:00,etth1,HUFL,24,42,xgboost,5.702870095809117
2017-12-24 21:00:00,etth1,HUFL,24,42,xgboost,5.473066967618816
2017-12-24 22:00:00,etth1,HUFL,24,42,xgboost,5.652098869790261
2017-12-24 23:00:00,etth1,HUFL,24,42,xgboost,5.516509840903587
2017-12-25 00:00:00,etth1,HUFL,24,42,xgboost,5.431863287722102
2017-12-25 01:00:00,etth1,HUFL,24,42,xgboost,5.0134974256341645
2017-12-25 02:00:00,etth1,HUFL,24,42,xgboost,4.67204884812253
2017-12-25 03:00:00,etth1,HUFL,24,42,xgboost,4.56123249145881
2017-12-25 04:00:00,etth1,HUFL,24,42,xgboost,4.3303682743366485
2017-12-25 05:00:00,etth1,HUFL,24,42,xgboost,4.261328668234472
2017-12-25 06:00:00,etth1,HUFL,24,42,xgboost,3.9159698559893332
2017-12-25 07:00:00,etth1,HUFL,24,42,xgboost,4.059979421699665
2017-12-25 08:00:00,etth1,HUFL,24,42,xgboost,5.028011213173918
2017-12-25 09:00:00,etth1,HUFL,24,42,xgboost,4.9468078709677785
2017-12-25 10:00:00,etth1,HUFL,24,42,xgboost,3.677401108194163
2017-12-25 11:00:00,etth1,HUFL,24,42,xgboost,2.9388838153315446
2017-12-25 12:00:00,etth1,HUFL,24,42,xgboost,3.016537310219005
2017-12-25 13:00:00,etth1,HUFL,24,42,xgboost,3.4570416953574536
2017-12-25 14:00:00,etth1,HUFL,24,42,xgboost,3.7454833304227027
2017-12-25 15:00:00,etth1,HUFL,24,42,xgboost,4.385133088473446
2017-12-25 16:00:00,etth1,HUFL,24,42,xgboost,5.667411354051461
2017-12-25 17:00:00,etth1,HUFL,24,42,xgboost,4.5075361768561875
2017-12-25 18:00:00,etth1,HUFL,24,42,xgboost,3.7740054470783235
2017-12-25 19:00:00,etth1,HUFL,24,42,xgboost,3.760260164562517
2017-12-25 20:00:00,etth1,HUFL,24,42,xgboost,3.5675057685070777
2017-12-25 21:00:00,etth1,HUFL,24,42,xgboost,3.6325142842249405
2017-12-25 22:00:00,etth1,HUFL,24,42,xgboost,3.4568204789739254
2017-12-25 23:00:00,etth1,HUFL,24,42,xgboost,3.8899334696772248
2017-12-26 00:00:00,etth1,HUFL,24,42,xgboost,3.756976188640301
2017-12-26 01:00:00,etth1,HUFL,24,42,xgboost,3.7882161148615183
2017-12-26 02:00:00,etth1,HUFL,24,42,xgboost,3.3505011136370655
2017-12-26 03:00:00,etth1,HUFL,24,42,xgboost,3.3737143546285058
2017-12-26 04:00:00,etth1,HUFL,24,42,xgboost,3.4372732474885748
2017-12-26 05:00:00,etth1,HUFL,24,42,xgboost,3.128284504594765
2017-12-26 06:00:00,etth1,HUFL,24,42,xgboost,3.0648932342264317
2017-12-26 07:00:00,etth1,HUFL,24,42,xgboost,3.043987161046349
2017-12-26 08:00:00,etth1,HUFL,24,42,xgboost,3.9960134119382626
2017-12-26 09:00:00,etth1,HUFL,24,42,xgboost,4.644054548651326
2017-12-26 10:00:00,etth1,HUFL,24,42,xgboost,4.347212265117563
2017-12-26 11:00:00,etth1,HUFL,24,42,xgboost,3.6252077345761315
2017-12-26 12:00:00,etth1,HUFL,24,42,xgboost,3.9543019460372695
2017-12-26 13:00:00,etth1,HUFL,24,42,xgboost,3.219577919769249
2017-12-26 14:00:00,etth1,HUFL,24,42,xgboost,3.050621090875193
2017-12-26 15:00:00,etth1,HUFL,24,42,xgboost,3.260622440630403
2017-12-26 16:00:00,etth1,HUFL,24,42,xgboost,4.2223460899968615
2017-12-26 17:00:00,etth1,HUFL,24,42,xgboost,3.2223461048872406
2017-12-26 18:00:00,etth1,HUFL,24,42,xgboost,2.898478319163312
2017-12-26 19:00:00,etth1,HUFL,24,42,xgboost,2.9633053464044057
2017-12-26 20:00:00,etth1,HUFL,24,42,xgboost,2.8211877566201333
2017-12-26 21:00:00,etth1,HUFL,24,42,xgboost,2.8569685973872825
2017-12-26 22:00:00,etth1,HUFL,24,42,xgboost,2.754300320629802
2017-12-26 23:00:00,etth1,HUFL,24,42,xgboost,2.609750390583909
2017-12-27 00:00:00,etth1,HUFL,24,42,xgboost,2.963572976327425
2017-12-27 01:00:00,etth1,HUFL,24,42,xgboost,2.318350472748847
2017-12-27 02:00:00,etth1,HUFL,24,42,xgboost,2.679673541054099
2017-12-27 03:00:00,etth1,HUFL,24,42,xgboost,2.2947063759270794
2017-12-27 04:00:00,etth1,HUFL,24,42,xgboost,2.553230992029078
2017-12-27 05:00:00,etth1,HUFL,24,42,xgboost,2.5950586514313265
2017-12-27 06:00:00,etth1,HUFL,24,42,xgboost,2.0890866269345505
2017-12-27 07:00:00,etth1,HUFL,24,42,xgboost,2.155389422514979
2017-12-27 08:00:00,etth1,HUFL,24,42,xgboost,2.6694723224337307
2017-12-27 09:00:00,etth1,HUFL,24,42,xgboost,2.3327401203370113
2017-12-27 10:00:00,etth1,HUFL,24,42,xgboost,1.9870883556280792
2017-12-27 11:00:00,etth1,HUFL,24,42,xgboost,1.9400455077013927
2017-12-27 12:00:00,etth1,HUFL,24,42,xgboost,2.3425823377598576
2017-12-27 13:00:00,etth1,HUFL,24,42,xgboost,2.01429748679467
2017-12-27 14:00:00,etth1,HUFL,24,42,xgboost,2.4708122150471588
2017-12-27 15:00:00,etth1,HUFL,24,42,xgboost,2.0453873797315576
2017-12-27 16:00:00,etth1,HUFL,24,42,xgboost,2.0277613124182614
2017-12-27 17:00:00,etth1,HUFL,24,42,xgboost,1.5169599635800761
2017-12-27 18:00:00,etth1,HUFL,24,42,xgboost,1.9842999697539403
2017-12-27 19:00:00,etth1,HUFL,24,42,xgboost,2.0391138268720836
2017-12-27 20:00:00,etth1,HUFL,24,42,xgboost,1.940025709293206
2017-12-27 21:00:00,etth1,HUFL,24,42,xgboost,1.6369736121616112
2017-12-27 22:00:00,etth1,HUFL,24,42,xgboost,2.010726887187757
2017-12-27 23:00:00,etth1,HUFL,24,42,xgboost,1.7784227079510888
2017-12-28 00:00:00,etth1,HUFL,24,42,xgboost,1.8621488900584355
2017-12-28 01:00:00,etth1,HUFL,24,42,xgboost,1.8936886809332938
2017-12-28 02:00:00,etth1,HUFL,24,42,xgboost,1.956986692445782
2017-12-28 03:00:00,etth1,HUFL,24,42,xgboost,2.053371477778874
2017-12-28 04:00:00,etth1,HUFL,24,42,xgboost,2.185713462114919
2017-12-28 05:00:00,etth1,HUFL,24,42,xgboost,2.4900957643088883
2017-12-28 06:00:00,etth1,HUFL,24,42,xgboost,2.620129700411535
2017-12-28 07:00:00,etth1,HUFL,24,42,xgboost,2.481658936805776
2017-12-28 08:00:00,etth1,HUFL,24,42,xgboost,2.143736549929372
2017-12-28 09:00:00,etth1,HUFL,24,42,xgboost,1.5995569830947032
2017-12-28 10:00:00,etth1,HUFL,24,42,xgboost,1.1350189340011407
2017-12-28 11:00:00,etth1,HUFL,24,42,xgboost,1.3730083932488248
2017-12-28 12:00:00,etth1,HUFL,24,42,xgboost,1.1737675750856853
2017-12-28 13:00:00,etth1,HUFL,24,42,xgboost,1.3599422919281707
2017-12-28 14:00:00,etth1,HUFL,24,42,xgboost,1.240320432383177
2017-12-28 15:00:00,etth1,HUFL,24,42,xgboost,1.0493657723622019
2017-12-28 16:00:00,etth1,HUFL,24,42,xgboost,1.2743938562862718
2017-12-28 17:00:00,etth1,HUFL,24,42,xgboost,0.9218910081766504
2017-12-28 18:00:00,etth1,HUFL,24,42,xgboost,1.483008263138932
2017-12-28 19:00:00,etth1,HUFL,24,42,xgboost,1.430866680924998
2017-12-28 20:00:00,etth1,HUFL,24,42,xgboost,1.3238778590159537
2017-12-28 21:00:00,etth1,HUFL,24,42,xgboost,1.370879721360095
2017-12-28 22:00:00,etth1,HUFL,24,42,xgboost,1.2929589698356885
2017-12-28 23:00:00,etth1,HUFL,24,42,xgboost,1.6608837142359196
2017-12-29 00:00:00,etth1,HUFL,24,42,xgboost,1.552133761497837
2017-12-29 01:00:00,etth1,HUFL,24,42,xgboost,1.6695848195075733
2017-12-29 02:00:00,etth1,HUFL,24,42,xgboost,1.870694596898489
2017-12-29 03:00:00,etth1,HUFL,24,42,xgboost,1.7060780343183184
2017-12-29 04:00:00,etth1,HUFL,24,42,xgboost,1.752448121470812
2017-12-29 05:00:00,etth1,HUFL,24,42,xgboost,1.7381045558605226
2017-12-29 06:00:00,etth1,HUFL,24,42,xgboost,2.0392526962431847
2017-12-29 07:00:00,etth1,HUFL,24,42,xgboost,1.7774719623742208
2017-12-29 08:00:00,etth1,HUFL,24,42,xgboost,1.6501242068740931
2017-12-29 09:00:00,etth1,HUFL,24,42,xgboost,1.5175166722532614
2017-12-29 10:00:00,etth1,HUFL,24,42,xgboost,1.2764139908917482
2017-12-29 11:00:00,etth1,HUFL,24,42,xgboost,1.69597858104221
2017-12-29 12:00:00,etth1,HUFL,24,42,xgboost,1.1253069930619148
2017-12-29 13:00:00,etth1,HUFL,24,42,xgboost,1.2767866763369737
2017-12-29 14:00:00,etth1,HUFL,24,42,xgboost,1.6411887423791554
2017-12-29 15:00:00,etth1,HUFL,24,42,xgboost,1.3098413098026522
2017-12-29 16:00:00,etth1,HUFL,24,42,xgboost,1.0114045872056205
2017-12-29 17:00:00,etth1,HUFL,24,42,xgboost,1.2412339351959203
2017-12-29 18:00:00,etth1,HUFL,24,42,xgboost,1.5588847048521721
2017-12-29 19:00:00,etth1,HUFL,24,42,xgboost,1.5103222214516734
2017-12-29 20:00:00,etth1,HUFL,24,42,xgboost,1.3333465630308219
2017-12-29 21:00:00,etth1,HUFL,24,42,xgboost,1.2485780831299016
2017-12-29 22:00:00,etth1,HUFL,24,42,xgboost,1.2908202480075686
2017-12-29 23:00:00,etth1,HUFL,24,42,xgboost,1.2572410199858457
2017-12-30 00:00:00,etth1,HUFL,24,42,xgboost,1.4789255736446971
2017-12-30 01:00:00,etth1,HUFL,24,42,xgboost,1.7313615365650634
2017-12-30 02:00:00,etth1,HUFL,24,42,xgboost,1.7008809344096532
2017-12-30 03:00:00,etth1,HUFL,24,42,xgboost,1.841371593226371
2017-12-30 04:00:00,etth1,HUFL,24,42,xgboost,2.0119344251246702
2017-12-30 05:00:00,etth1,HUFL,24,42,xgboost,2.1157347806987925
2017-12-30 06:00:00,etth1,HUFL,24,42,xgboost,2.1314275890053285
2017-12-30 07:00:00,etth1,HUFL,24,42,xgboost,2.2104017333553743
2017-12-30 08:00:00,etth1,HUFL,24,42,xgboost,2.267397992840308
2017-12-30 09:00:00,etth1,HUFL,24,42,xgboost,2.6668851839482977
2017-12-30 10:00:00,etth1,HUFL,24,42,xgboost,2.326168251440208
2017-12-30 11:00:00,etth1,HUFL,24,42,xgboost,2.74330715229769
2017-12-30 12:00:00,etth1,HUFL,24,42,xgboost,3.00388822376387
2017-12-30 13:00:00,etth1,HUFL,24,42,xgboost,3.940448834299153
2017-12-30 14:00:00,etth1,HUFL,24,42,xgboost,3.366034052928305
2017-12-30 15:00:00,etth1,HUFL,24,42,xgboost,3.47002065771567
2017-12-30 16:00:00,etth1,HUFL,24,42,xgboost,3.6388535525853434
2017-12-30 17:00:00,etth1,HUFL,24,42,xgboost,4.151960267966529
2017-12-30 18:00:00,etth1,HUFL,24,42,xgboost,4.490342971658297
2017-12-30 19:00:00,etth1,HUFL,24,42,xgboost,4.603108990813446
2017-12-30 20:00:00,etth1,HUFL,24,42,xgboost,4.537626129915773
2017-12-30 21:00:00,etth1,HUFL,24,42,xgboost,4.454864002345144
2017-12-30 22:00:00,etth1,HUFL,24,42,xgboost,4.74379786623073
2017-12-30 23:00:00,etth1,HUFL,24,42,xgboost,4.937433184555437
2017-12-31 00:00:00,etth1,HUFL,24,42,xgboost,5.116009010636183
2017-12-31 01:00:00,etth1,HUFL,24,42,xgboost,4.788208195999714
2017-12-31 02:00:00,etth1,HUFL,24,42,xgboost,5.162326351598911
2017-12-31 03:00:00,etth1,HUFL,24,42,xgboost,5.204790487001575
2017-12-31 04:00:00,etth1,HUFL,24,42,xgboost,5.141085415278559
2017-12-31 05:00:00,etth1,HUFL,24,42,xgboost,5.180302453062951
2017-12-31 06:00:00,etth1,HUFL,24,42,xgboost,5.31298011041357
2017-12-31 07:00:00,etth1,HUFL,24,42,xgboost,5.241396218040027
2017-12-31 08:00:00,etth1,HUFL,24,42,xgboost,5.163966162897014
2017-12-31 09:00:00,etth1,HUFL,24,42,xgboost,4.615098326420029
2017-12-31 10:00:00,etth1,HUFL,24,42,xgboost,4.392650115351646
2017-12-31 11:00:00,etth1,HUFL,24,42,xgboost,4.201644677711953
2017-12-31 12:00:00,etth1,HUFL,24,42,xgboost,4.316630219940039
2017-12-31 13:00:00,etth1,HUFL,24,42,xgboost,3.9201335848478744
2017-12-31 14:00:00,etth1,HUFL,24,42,xgboost,4.438166930308446
2017-12-31 15:00:00,etth1,HUFL,24,42,xgboost,4.882826988216819
2017-12-31 16:00:00,etth1,HUFL,24,42,xgboost,5.2273021749408
2017-12-31 17:00:00,etth1,HUFL,24,42,xgboost,4.923883410099369
2017-12-31 18:00:00,etth1,HUFL,24,42,xgboost,4.751680575758152
2017-12-31 19:00:00,etth1,HUFL,24,42,xgboost,4.3050560105315165
2017-12-31 20:00:00,etth1,HUFL,24,42,xgboost,4.218646789323306
2017-12-31 21:00:00,etth1,HUFL,24,42,xgboost,4.434665934949329
2017-12-31 22:00:00,etth1,HUFL,24,42,xgboost,4.530172193444503
2017-12-31 23:00:00,etth1,HUFL,24,42,xgboost,4.621898522450568
2018-01-01 00:00:00,etth1,HUFL,24,42,xgboost,4.664880594195363
2018-01-01 01:00:00,etth1,HUFL,24,42,xgboost,4.579823633616648
2018-01-01 02:00:00,etth1,HUFL,24,42,xgboost,4.471785716907685
2018-01-01 03:00:00,etth1,HUFL,24,42,xgboost,4.733080005009511
2018-01-01 04:00:00,etth1,HUFL,24,42,xgboost,4.9540120061020865
2018-01-01 05:00:00,etth1,HUFL,24,42,xgboost,5.158510252416164
2018-01-01 06:00:00,etth1,HUFL,24,42,xgboost,5.347819400366525
2018-01-01 07:00:00,etth1,HUFL,24,42,xgboost,5.453959360644468
2018-01-01 08:00:00,etth1,HUFL,24,42,xgboost,5.586846616666496
2018-01-01 09:00:00,etth1,HUFL,24,42,xgboost,6.394447021260352
2018-01-01 10:00:00,etth1,HUFL,24,42,xgboost,5.689588038054722
2018-01-01 11:00:00,etth1,HUFL,24,42,xgboost,5.3265605347457265
2018-01-01 12:00:00,etth1,HUFL,24,42,xgboost,4.866364617249998
2018-01-01 13:00:00,etth1,HUFL,24,42,xgboost,4.628086732298494
2018-01-01 14:00:00,etth1,HUFL,24,42,xgboost,4.716891936657598
2018-01-01 15:00:00,etth1,HUFL,24,42,xgboost,4.610544205587093
2018-01-01 16:00:00,etth1,HUFL,24,42,xgboost,5.149675321589165
2018-01-01 17:00:00,etth1,HUFL,24,42,xgboost,4.1942505174708025
2018-01-01 18:00:00,etth1,HUFL,24,42,xgboost,3.5080027541915064
2018-01-01 19:00:00,etth1,HUFL,24,42,xgboost,3.9918903255554956
2018-01-01 20:00:00,etth1,HUFL,24,42,xgboost,3.6477497887216526
2018-01-01 21:00:00,etth1,HUFL,24,42,xgboost,3.5737938064522883
2018-01-01 22:00:00,etth1,HUFL,24,42,xgboost,4.055295966046754
2018-01-01 23:00:00,etth1,HUFL,24,42,xgboost,4.165058450440518
2018-01-02 00:00:00,etth1,HUFL,24,42,xgboost,4.289003636969075
2018-01-02 01:00:00,etth1,HUFL,24,42,xgboost,4.647674970063415
2018-01-02 02:00:00,etth1,HUFL,24,42,xgboost,4.000173817390229
2018-01-02 03:00:00,etth1,HUFL,24,42,xgboost,3.519099724756073
2018-01-02 04:00:00,etth1,HUFL,24,42,xgboost,3.152289056920304
2018-01-02 05:00:00,etth1,HUFL,24,42,xgboost,2.694234714081379
2018-01-02 06:00:00,etth1,HUFL,24,42,xgboost,2.2307222098304043
2018-01-02 07:00:00,etth1,HUFL,24,42,xgboost,2.27030580846734
2018-01-02 08:00:00,etth1,HUFL,24,42,xgboost,1.893542075895408
2018-01-02 09:00:00,etth1,HUFL,24,42,xgboost,1.3288210538139056
2018-01-02 10:00:00,etth1,HUFL,24,42,xgboost,1.650137710075781
2018-01-02 11:00:00,etth1,HUFL,24,42,xgboost,2.059305765110117
2018-01-02 12:00:00,etth1,HUFL,24,42,xgboost,1.7289377207683987
2018-01-02 13:00:00,etth1,HUFL,24,42,xgboost,1.9156582343313062
2018-01-02 14:00:00,etth1,HUFL,24,42,xgboost,1.7126558145550514
2018-01-02 15:00:00,etth1,HUFL,24,42,xgboost,1.8508704489839662
2018-01-02 16:00:00,etth1,HUFL,24,42,xgboost,1.0920286969355215
2018-01-02 17:00:00,etth1,HUFL,24,42,xgboost,1.08132269577517
2018-01-02 18:00:00,etth1,HUFL,24,42,xgboost,1.3137719225202635
2018-01-02 19:00:00,etth1,HUFL,24,42,xgboost,1.2578372809896767
2018-01-02 20:00:00,etth1,HUFL,24,42,xgboost,1.0964765076424516
2018-01-02 21:00:00,etth1,HUFL,24,42,xgboost,0.9374115057090325
2018-01-02 22:00:00,etth1,HUFL,24,42,xgboost,0.9732699794786809
2018-01-02 23:00:00,etth1,HUFL,24,42,xgboost,1.1500503134250293
2018-01-03 00:00:00,etth1,HUFL,24,42,xgboost,0.9945321968212962
2018-01-03 01:00:00,etth1,HUFL,24,42,xgboost,0.876003344220791
2018-01-03 02:00:00,etth1,HUFL,24,42,xgboost,1.0576909285968519
2018-01-03 03:00:00,etth1,HUFL,24,42,xgboost,1.2760624716884508
2018-01-03 04:00:00,etth1,HUFL,24,42,xgboost,1.011447727671001
2018-01-03 05:00:00,etth1,HUFL,24,42,xgboost,1.0868201830598532
2018-01-03 06:00:00,etth1,HUFL,24,42,xgboost,1.1686227493561707
2018-01-03 07:00:00,etth1,HUFL,24,42,xgboost,1.235349327992841
2018-01-03 08:00:00,etth1,HUFL,24,42,xgboost,1.372226461760528
2018-01-03 09:00:00,etth1,HUFL,24,42,xgboost,1.0525395014166652
2018-01-03 10:00:00,etth1,HUFL,24,42,xgboost,1.0843315297247251
2018-01-03 11:00:00,etth1,HUFL,24,42,xgboost,1.2565451027988292
2018-01-03 12:00:00,etth1,HUFL,24,42,xgboost,1.6504996395290672
2018-01-03 13:00:00,etth1,HUFL,24,42,xgboost,2.1822554097883553
2018-01-03 14:00:00,etth1,HUFL,24,42,xgboost,1.6217291713996709
2018-01-03 15:00:00,etth1,HUFL,24,42,xgboost,1.4873254501201993
2018-01-03 16:00:00,etth1,HUFL,24,42,xgboost,1.6310176988092737
2018-01-03 17:00:00,etth1,HUFL,24,42,xgboost,1.799899270765371
2018-01-03 18:00:00,etth1,HUFL,24,42,xgboost,1.8877585841759315
2018-01-03 19:00:00,etth1,HUFL,24,42,xgboost,2.0983209213262244
2018-01-03 20:00:00,etth1,HUFL,24,42,xgboost,1.9250564865209139
2018-01-03 21:00:00,etth1,HUFL,24,42,xgboost,1.73962284701233
2018-01-03 22:00:00,etth1,HUFL,24,42,xgboost,1.6423483163071044
2018-01-03 23:00:00,etth1,HUFL,24,42,xgboost,1.7597042224908115
2018-01-04 00:00:00,etth1,HUFL,24,42,xgboost,1.980263143508241
2018-01-04 01:00:00,etth1,HUFL,24,42,xgboost,2.1509836709771757
2018-01-04 02:00:00,etth1,HUFL,24,42,xgboost,2.116572785473022
2018-01-04 03:00:00,etth1,HUFL,24,42,xgboost,2.08974286827301
2018-01-04 04:00:00,etth1,HUFL,24,42,xgboost,2.165726198459747
2018-01-04 05:00:00,etth1,HUFL,24,42,xgboost,2.1631082983102967
2018-01-04 06:00:00,etth1,HUFL,24,42,xgboost,2.026798792080165
2018-01-04 07:00:00,etth1,HUFL,24,42,xgboost,2.1623435567745912
2018-01-04 08:00:00,etth1,HUFL,24,42,xgboost,2.177891498857422
2018-01-04 09:00:00,etth1,HUFL,24,42,xgboost,1.76953508046124
2018-01-04 10:00:00,etth1,HUFL,24,42,xgboost,1.4213893103188429
2018-01-04 11:00:00,etth1,HUFL,24,42,xgboost,1.555507419584761
2018-01-04 12:00:00,etth1,HUFL,24,42,xgboost,1.3479953047396742
2018-01-04 13:00:00,etth1,HUFL,24,42,xgboost,1.507585945103247
2018-01-04 14:00:00,etth1,HUFL,24,42,xgboost,1.3147878605321237
2018-01-04 15:00:00,etth1,HUFL,24,42,xgboost,1.3036596605522814
2018-01-04 16:00:00,etth1,HUFL,24,42,xgboost,1.1738333066294544
2018-01-04 17:00:00,etth1,HUFL,24,42,xgboost,1.3158486273662389
2018-01-04 18:00:00,etth1,HUFL,24,42,xgboost,1.5966976041168686
2018-01-04 19:00:00,etth1,HUFL,24,42,xgboost,1.7969952553662853
2018-01-04 20:00:00,etth1,HUFL,24,42,xgboost,1.8973210101235776
2018-01-04 21:00:00,etth1,HUFL,24,42,xgboost,1.8061841376523329
2018-01-04 22:00:00,etth1,HUFL,24,42,xgboost,1.4995599066951601
2018-01-04 23:00:00,etth1,HUFL,24,42,xgboost,1.3747296147451193
2018-01-05 00:00:00,etth1,HUFL,24,42,xgboost,1.5298161153596979
2018-01-05 01:00:00,etth1,HUFL,24,42,xgboost,1.607810131471676
2018-01-05 02:00:00,etth1,HUFL,24,42,xgboost,1.6961330337011475
2018-01-05 03:00:00,etth1,HUFL,24,42,xgboost,1.7733024361923417
2018-01-05 04:00:00,etth1,HUFL,24,42,xgboost,2.0138993249933117
2018-01-05 05:00:00,etth1,HUFL,24,42,xgboost,1.9261787876978105
2018-01-05 06:00:00,etth1,HUFL,24,42,xgboost,2.015498274610154
2018-01-05 07:00:00,etth1,HUFL,24,42,xgboost,2.2152117150088957
2018-01-05 08:00:00,etth1,HUFL,24,42,xgboost,2.7963458428462835
2018-01-05 09:00:00,etth1,HUFL,24,42,xgboost,1.9180000441712106
2018-01-05 10:00:00,etth1,HUFL,24,42,xgboost,1.5778799443543068
2018-01-05 11:00:00,etth1,HUFL,24,42,xgboost,2.0983483745597193
2018-01-05 12:00:00,etth1,HUFL,24,42,xgboost,1.9047362319976646
2018-01-05 13:00:00,etth1,HUFL,24,42,xgboost,2.827592296518904
2018-01-05 14:00:00,etth1,HUFL,24,42,xgboost,2.8747069019797267
2018-01-05 15:00:00,etth1,HUFL,24,42,xgboost,2.962226229577059
2018-01-05 16:00:00,etth1,HUFL,24,42,xgboost,2.6661011652579076
2018-01-05 17:00:00,etth1,HUFL,24,42,xgboost,2.7434720759793314
2018-01-05 18:00:00,etth1,HUFL,24,42,xgboost,2.8712563021763438
2018-01-05 19:00:00,etth1,HUFL,24,42,xgboost,3.0383263448913915
2018-01-05 20:00:00,etth1,HUFL,24,42,xgboost,2.8098628102931307
2018-01-05 21:00:00,etth1,HUFL,24,42,xgboost,2.5600234637249684
2018-01-05 22:00:00,etth1,HUFL,24,42,xgboost,2.483990492690696
2018-01-05 23:00:00,etth1,HUFL,24,42,xgboost,2.488553026192435
2018-01-06 00:00:00,etth1,HUFL,24,42,xgboost,2.747314059654583
2018-01-06 01:00:00,etth1,HUFL,24,42,xgboost,2.9417889519265983
2018-01-06 02:00:00,etth1,HUFL,24,42,xgboost,2.8486888862024267
2018-01-06 03:00:00,etth1,HUFL,24,42,xgboost,2.6863237102779016
2018-01-06 04:00:00,etth1,HUFL,24,42,xgboost,2.7538544251418546
2018-01-06 05:00:00,etth1,HUFL,24,42,xgboost,2.7579923021615635
2018-01-06 06:00:00,etth1,HUFL,24,42,xgboost,2.8607692920245085
2018-01-06 07:00:00,etth1,HUFL,24,42,xgboost,3.046949256016905
2018-01-06 08:00:00,etth1,HUFL,24,42,xgboost,3.10780906386792
2018-01-06 09:00:00,etth1,HUFL,24,42,xgboost,3.1500942450201865
2018-01-06 10:00:00,etth1,HUFL,24,42,xgboost,3.645408446291322
2018-01-06 11:00:00,etth1,HUFL,24,42,xgboost,4.556074237184685
2018-01-06 12:00:00,etth1,HUFL,24,42,xgboost,3.4934911267232103
2018-01-06 13:00:00,etth1,HUFL,24,42,xgboost,3.9704458855729583
2018-01-06 14:00:00,etth1,HUFL,24,42,xgboost,2.076969044131125
2018-01-06 15:00:00,etth1,HUFL,24,42,xgboost,2.1618110973707196
2018-01-06 16:00:00,etth1,HUFL,24,42,xgboost,2.086204226801989
2018-01-06 17:00:00,etth1,HUFL,24,42,xgboost,2.332887015000533
2018-01-06 18:00:00,etth1,HUFL,24,42,xgboost,2.4822174400073806
2018-01-06 19:00:00,etth1,HUFL,24,42,xgboost,2.7766084513801963
2018-01-06 20:00:00,etth1,HUFL,24,42,xgboost,2.8086175107987894
2018-01-06 21:00:00,etth1,HUFL,24,42,xgboost,2.311301356628281
2018-01-06 22:00:00,etth1,HUFL,24,42,xgboost,2.7167336320512736
2018-01-06 23:00:00,etth1,HUFL,24,42,xgboost,2.9973320294399137
2018-01-07 00:00:00,etth1,HUFL,24,42,xgboost,2.4588892205163395
2018-01-07 01:00:00,etth1,HUFL,24,42,xgboost,2.685745436583982
2018-01-07 02:00:00,etth1,HUFL,24,42,xgboost,2.4832385052125354
2018-01-07 03:00:00,etth1,HUFL,24,42,xgboost,2.4382530471587587
2018-01-07 04:00:00,etth1,HUFL,24,42,xgboost,2.756634273489027
2018-01-07 05:00:00,etth1,HUFL,24,42,xgboost,3.079315872930684
2018-01-07 06:00:00,etth1,HUFL,24,42,xgboost,3.2096785935784875
2018-01-07 07:00:00,etth1,HUFL,24,42,xgboost,3.2731737268844294
2018-01-07 08:00:00,etth1,HUFL,24,42,xgboost,3.470023535405518
2018-01-07 09:00:00,etth1,HUFL,24,42,xgboost,3.1901811718221373
2018-01-07 10:00:00,etth1,HUFL,24,42,xgboost,1.9971104182816781
2018-01-07 11:00:00,etth1,HUFL,24,42,xgboost,2.4825159853265437
2018-01-07 12:00:00,etth1,HUFL,24,42,xgboost,2.403107283525379
2018-01-07 13:00:00,etth1,HUFL,24,42,xgboost,3.533489359637173
2018-01-07 14:00:00,etth1,HUFL,24,42,xgboost,4.453459644559178
2018-01-07 15:00:00,etth1,HUFL,24,42,xgboost,4.949652825700871
2018-01-07 16:00:00,etth1,HUFL,24,42,xgboost,5.134185756781161
2018-01-07 17:00:00,etth1,HUFL,24,42,xgboost,4.573505577707024
2018-01-07 18:00:00,etth1,HUFL,24,42,xgboost,4.348666595032825
2018-01-07 19:00:00,etth1,HUFL,24,42,xgboost,4.5030013831617675
2018-01-07 20:00:00,etth1,HUFL,24,42,xgboost,4.661889535734709
2018-01-07 21:00:00,etth1,HUFL,24,42,xgboost,4.702352826420295
2018-01-07 22:00:00,etth1,HUFL,24,42,xgboost,4.413567160049555
2018-01-07 23:00:00,etth1,HUFL,24,42,xgboost,4.552621957664942
2018-01-08 00:00:00,etth1,HUFL,24,42,xgboost,4.870070128280595
2018-01-08 01:00:00,etth1,HUFL,24,42,xgboost,5.338342528609235
2018-01-08 02:00:00,etth1,HUFL,24,42,xgboost,5.488685619791724
2018-01-08 03:00:00,etth1,HUFL,24,42,xgboost,5.575580104655465
2018-01-08 04:00:00,etth1,HUFL,24,42,xgboost,5.344831178122258
2018-01-08 05:00:00,etth1,HUFL,24,42,xgboost,5.553493030028435
2018-01-08 06:00:00,etth1,HUFL,24,42,xgboost,5.876036944459682
2018-01-08 07:00:00,etth1,HUFL,24,42,xgboost,6.1117784191405375
2018-01-08 08:00:00,etth1,HUFL,24,42,xgboost,6.499350646777365
2018-01-08 09:00:00,etth1,HUFL,24,42,xgboost,6.6918644774813485
2018-01-08 10:00:00,etth1,HUFL,24,42,xgboost,6.663193203280155
2018-01-08 11:00:00,etth1,HUFL,24,42,xgboost,6.42000364846076
2018-01-08 12:00:00,etth1,HUFL,24,42,xgboost,5.942032454235604
2018-01-08 13:00:00,etth1,HUFL,24,42,xgboost,6.2698113324847995
2018-01-08 14:00:00,etth1,HUFL,24,42,xgboost,6.992121542963353
2018-01-08 15:00:00,etth1,HUFL,24,42,xgboost,7.159090499262525
2018-01-08 16:00:00,etth1,HUFL,24,42,xgboost,7.111264889923163
2018-01-08 17:00:00,etth1,HUFL,24,42,xgboost,8.760822515584808
2018-01-08 18:00:00,etth1,HUFL,24,42,xgboost,7.917068788079457
2018-01-08 19:00:00,etth1,HUFL,24,42,xgboost,7.596003839074425
2018-01-08 20:00:00,etth1,HUFL,24,42,xgboost,7.413193110982107
2018-01-08 21:00:00,etth1,HUFL,24,42,xgboost,7.540505107342309
2018-01-08 22:00:00,etth1,HUFL,24,42,xgboost,7.265134154250309
2018-01-08 23:00:00,etth1,HUFL,24,42,xgboost,7.455046633916385
2018-01-09 00:00:00,etth1,HUFL,24,42,xgboost,7.414586840391956
2018-01-09 01:00:00,etth1,HUFL,24,42,xgboost,7.097122513913207
2018-01-09 02:00:00,etth1,HUFL,24,42,xgboost,7.646697649881998
2018-01-09 03:00:00,etth1,HUFL,24,42,xgboost,7.629027832879352
2018-01-09 04:00:00,etth1,HUFL,24,42,xgboost,7.332981447743605
2018-01-09 05:00:00,etth1,HUFL,24,42,xgboost,7.370809896421807
2018-01-09 06:00:00,etth1,HUFL,24,42,xgboost,7.305333859566936
2018-01-09 07:00:00,etth1,HUFL,24,42,xgboost,7.458472370354973
2018-01-09 08:00:00,etth1,HUFL,24,42,xgboost,7.502223842185503
2018-01-09 09:00:00,etth1,HUFL,24,42,xgboost,7.828480567287083
2018-01-09 10:00:00,etth1,HUFL,24,42,xgboost,5.614196055582518
2018-01-09 11:00:00,etth1,HUFL,24,42,xgboost,4.41426779798183
2018-01-09 12:00:00,etth1,HUFL,24,42,xgboost,4.72179928169782
2018-01-09 13:00:00,etth1,HUFL,24,42,xgboost,5.004713269837852
2018-01-09 14:00:00,etth1,HUFL,24,42,xgboost,5.155221342921801
2018-01-09 15:00:00,etth1,HUFL,24,42,xgboost,5.703727473726364
2018-01-09 16:00:00,etth1,HUFL,24,42,xgboost,5.970448806556032
2018-01-09 17:00:00,etth1,HUFL,24,42,xgboost,7.53377452912179
2018-01-09 18:00:00,etth1,HUFL,24,42,xgboost,6.654356613080721
2018-01-09 19:00:00,etth1,HUFL,24,42,xgboost,6.305662060475735
2018-01-09 20:00:00,etth1,HUFL,24,42,xgboost,6.03368023987903
2018-01-09 21:00:00,etth1,HUFL,24,42,xgboost,6.030478386464504
2018-01-09 22:00:00,etth1,HUFL,24,42,xgboost,5.923768526391469
2018-01-09 23:00:00,etth1,HUFL,24,42,xgboost,6.152515415564937
2018-01-10 00:00:00,etth1,HUFL,24,42,xgboost,6.037139285472095
2018-01-10 01:00:00,etth1,HUFL,24,42,xgboost,6.512794557306141
2018-01-10 02:00:00,etth1,HUFL,24,42,xgboost,6.530134718282004
2018-01-10 03:00:00,etth1,HUFL,24,42,xgboost,6.5379629267554265
2018-01-10 04:00:00,etth1,HUFL,24,42,xgboost,6.757376740530624
2018-01-10 05:00:00,etth1,HUFL,24,42,xgboost,6.907659539116524
2018-01-10 06:00:00,etth1,HUFL,24,42,xgboost,7.106185514460613
2018-01-10 07:00:00,etth1,HUFL,24,42,xgboost,7.194582848311531
2018-01-10 08:00:00,etth1,HUFL,24,42,xgboost,7.33559346478113
2018-01-10 09:00:00,etth1,HUFL,24,42,xgboost,7.336506680477664
2018-01-10 10:00:00,etth1,HUFL,24,42,xgboost,6.368384460159345
2018-01-10 11:00:00,etth1,HUFL,24,42,xgboost,5.880452840269483
2018-01-10 12:00:00,etth1,HUFL,24,42,xgboost,6.059759065346877
2018-01-10 13:00:00,etth1,HUFL,24,42,xgboost,6.318715570907787
2018-01-10 14:00:00,etth1,HUFL,24,42,xgboost,6.785157640679947
2018-01-10 15:00:00,etth1,HUFL,24,42,xgboost,6.697199066238366
2018-01-10 16:00:00,etth1,HUFL,24,42,xgboost,6.4728238671517175
2018-01-10 17:00:00,etth1,HUFL,24,42,xgboost,6.9894396086435115
2018-01-10 18:00:00,etth1,HUFL,24,42,xgboost,6.16639455065755
2018-01-10 19:00:00,etth1,HUFL,24,42,xgboost,6.513371427086125
2018-01-10 20:00:00,etth1,HUFL,24,42,xgboost,6.386867591681894
2018-01-10 21:00:00,etth1,HUFL,24,42,xgboost,6.5616461761935865
2018-01-10 22:00:00,etth1,HUFL,24,42,xgboost,6.5127951396368475
2018-01-10 23:00:00,etth1,HUFL,24,42,xgboost,6.6798498724936595
2018-01-11 00:00:00,etth1,HUFL,24,42,xgboost,6.442547637675363
2018-01-11 01:00:00,etth1,HUFL,24,42,xgboost,6.460500081292704
2018-01-11 02:00:00,etth1,HUFL,24,42,xgboost,5.984644439962868
2018-01-11 03:00:00,etth1,HUFL,24,42,xgboost,6.107896407503815
2018-01-11 04:00:00,etth1,HUFL,24,42,xgboost,5.999945748849204
2018-01-11 05:00:00,etth1,HUFL,24,42,xgboost,5.881688781822753
2018-01-11 06:00:00,etth1,HUFL,24,42,xgboost,5.789686613972106
2018-01-11 07:00:00,etth1,HUFL,24,42,xgboost,6.270632473636954
2018-01-11 08:00:00,etth1,HUFL,24,42,xgboost,6.821811818954784
2018-01-11 09:00:00,etth1,HUFL,24,42,xgboost,6.379861156114617
2018-01-11 10:00:00,etth1,HUFL,24,42,xgboost,4.8302918009187055
2018-01-11 11:00:00,etth1,HUFL,24,42,xgboost,4.578192312815731
2018-01-11 12:00:00,etth1,HUFL,24,42,xgboost,4.550954092313761
2018-01-11 13:00:00,etth1,HUFL,24,42,xgboost,5.006024718235638
2018-01-11 14:00:00,etth1,HUFL,24,42,xgboost,5.396157361710105
2018-01-11 15:00:00,etth1,HUFL,24,42,xgboost,5.1264001622307545
2018-01-11 16:00:00,etth1,HUFL,24,42,xgboost,5.773112751040023
2018-01-11 17:00:00,etth1,HUFL,24,42,xgboost,7.265717502413466
2018-01-11 18:00:00,etth1,HUFL,24,42,xgboost,6.541972283518862
2018-01-11 19:00:00,etth1,HUFL,24,42,xgboost,6.197232729622424
2018-01-11 20:00:00,etth1,HUFL,24,42,xgboost,5.95954552279395
2018-01-11 21:00:00,etth1,HUFL,24,42,xgboost,5.74192647606196
2018-01-11 22:00:00,etth1,HUFL,24,42,xgboost,5.541512395863407
2018-01-11 23:00:00,etth1,HUFL,24,42,xgboost,5.748537534131322
2018-01-12 00:00:00,etth1,HUFL,24,42,xgboost,5.72578016306105
2018-01-12 01:00:00,etth1,HUFL,24,42,xgboost,5.845595325489994
2018-01-12 02:00:00,etth1,HUFL,24,42,xgboost,6.152165438866812
2018-01-12 03:00:00,etth1,HUFL,24,42,xgboost,6.015339197429861
2018-01-12 04:00:00,etth1,HUFL,24,42,xgboost,5.938015993020677
2018-01-12 05:00:00,etth1,HUFL,24,42,xgboost,5.879216367196807
2018-01-12 06:00:00,etth1,HUFL,24,42,xgboost,5.977663622098144
2018-01-12 07:00:00,etth1,HUFL,24,42,xgboost,6.3871104734369695
2018-01-12 08:00:00,etth1,HUFL,24,42,xgboost,5.774469453342589
2018-01-12 09:00:00,etth1,HUFL,24,42,xgboost,5.639574356373387
2018-01-12 10:00:00,etth1,HUFL,24,42,xgboost,5.089081717554843
2018-01-12 11:00:00,etth1,HUFL,24,42,xgboost,4.021580776233354
2018-01-12 12:00:00,etth1,HUFL,24,42,xgboost,4.102554715342866
2018-01-12 13:00:00,etth1,HUFL,24,42,xgboost,3.488375004381845
2018-01-12 14:00:00,etth1,HUFL,24,42,xgboost,3.2326111489734064
2018-01-12 15:00:00,etth1,HUFL,24,42,xgboost,3.0988895706418362
2018-01-12 16:00:00,etth1,HUFL,24,42,xgboost,3.135000039125327
2018-01-12 17:00:00,etth1,HUFL,24,42,xgboost,2.8633304711368814
2018-01-12 18:00:00,etth1,HUFL,24,42,xgboost,2.7272983197411835
2018-01-12 19:00:00,etth1,HUFL,24,42,xgboost,2.8974382539903325
2018-01-12 20:00:00,etth1,HUFL,24,42,xgboost,2.816119727617281
2018-01-12 21:00:00,etth1,HUFL,24,42,xgboost,2.983667384897069
2018-01-12 22:00:00,etth1,HUFL,24,42,xgboost,3.0580771885210063
2018-01-12 23:00:00,etth1,HUFL,24,42,xgboost,2.9418183742961475
2018-01-13 00:00:00,etth1,HUFL,24,42,xgboost,3.045689096417934
2018-01-13 01:00:00,etth1,HUFL,24,42,xgboost,3.0689891791149484
2018-01-13 02:00:00,etth1,HUFL,24,42,xgboost,3.157410997772781
2018-01-13 03:00:00,etth1,HUFL,24,42,xgboost,3.2453494518036394
2018-01-13 04:00:00,etth1,HUFL,24,42,xgboost,3.4157931193857856
2018-01-13 05:00:00,etth1,HUFL,24,42,xgboost,3.5420270910240093
2018-01-13 06:00:00,etth1,HUFL,24,42,xgboost,3.7357269901263295
2018-01-13 07:00:00,etth1,HUFL,24,42,xgboost,3.9350290785039737
2018-01-13 08:00:00,etth1,HUFL,24,42,xgboost,3.922700328612258
2018-01-13 09:00:00,etth1,HUFL,24,42,xgboost,3.157784410029683
2018-01-13 10:00:00,etth1,HUFL,24,42,xgboost,3.8749991472047967
2018-01-13 11:00:00,etth1,HUFL,24,42,xgboost,4.0136545438783475
2018-01-13 12:00:00,etth1,HUFL,24,42,xgboost,3.9600267762960155
2018-01-13 13:00:00,etth1,HUFL,24,42,xgboost,3.5871880190211147
2018-01-13 14:00:00,etth1,HUFL,24,42,xgboost,3.4792471241867133
2018-01-13 15:00:00,etth1,HUFL,24,42,xgboost,3.7681967268936063
2018-01-13 16:00:00,etth1,HUFL,24,42,xgboost,4.591977352886743
2018-01-13 17:00:00,etth1,HUFL,24,42,xgboost,4.018623031953597
2018-01-13 18:00:00,etth1,HUFL,24,42,xgboost,3.7914431302696507
2018-01-13 19:00:00,etth1,HUFL,24,42,xgboost,3.8434065648545146
2018-01-13 20:00:00,etth1,HUFL,24,42,xgboost,3.756182196480827
2018-01-13 21:00:00,etth1,HUFL,24,42,xgboost,3.6732481186728685
2018-01-13 22:00:00,etth1,HUFL,24,42,xgboost,3.6743696938372032
2018-01-13 23:00:00,etth1,HUFL,24,42,xgboost,3.8248995439578586
2018-01-14 00:00:00,etth1,HUFL,24,42,xgboost,3.6317839907861518
2018-01-14 01:00:00,etth1,HUFL,24,42,xgboost,3.2216836684313
2018-01-14 02:00:00,etth1,HUFL,24,42,xgboost,3.1840635266490724
2018-01-14 03:00:00,etth1,HUFL,24,42,xgboost,3.2899548965865972
2018-01-14 04:00:00,etth1,HUFL,24,42,xgboost,2.9161002514413994
2018-01-14 05:00:00,etth1,HUFL,24,42,xgboost,2.805361537082453
2018-01-14 06:00:00,etth1,HUFL,24,42,xgboost,2.9573380646068315
2018-01-14 07:00:00,etth1,HUFL,24,42,xgboost,3.0268520956059106
2018-01-14 08:00:00,etth1,HUFL,24,42,xgboost,3.2247954269258337
2018-01-14 09:00:00,etth1,HUFL,24,42,xgboost,3.7564875889487404
2018-01-14 10:00:00,etth1,HUFL,24,42,xgboost,3.3501633294005884
2018-01-14 11:00:00,etth1,HUFL,24,42,xgboost,3.655525599568995
2018-01-14 12:00:00,etth1,HUFL,24,42,xgboost,3.5411925410186265
2018-01-14 13:00:00,etth1,HUFL,24,42,xgboost,4.2200225620739795
2018-01-14 14:00:00,etth1,HUFL,24,42,xgboost,4.280855064174829
2018-01-14 15:00:00,etth1,HUFL,24,42,xgboost,4.488859632917529
2018-01-14 16:00:00,etth1,HUFL,24,42,xgboost,4.5435348812974725
2018-01-14 17:00:00,etth1,HUFL,24,42,xgboost,5.533048143290789
2018-01-14 18:00:00,etth1,HUFL,24,42,xgboost,5.293927322013968
2018-01-14 19:00:00,etth1,HUFL,24,42,xgboost,5.2642379076072165
2018-01-14 20:00:00,etth1,HUFL,24,42,xgboost,5.105250550539641
2018-01-14 21:00:00,etth1,HUFL,24,42,xgboost,4.925728143829314
2018-01-14 22:00:00,etth1,HUFL,24,42,xgboost,5.004644233572403
2018-01-14 23:00:00,etth1,HUFL,24,42,xgboost,5.150221079195027
2018-01-15 00:00:00,etth1,HUFL,24,42,xgboost,5.51308685829823
2018-01-15 01:00:00,etth1,HUFL,24,42,xgboost,5.7929614320431755
2018-01-15 02:00:00,etth1,HUFL,24,42,xgboost,5.997251860888724
2018-01-15 03:00:00,etth1,HUFL,24,42,xgboost,5.967768085580782
2018-01-15 04:00:00,etth1,HUFL,24,42,xgboost,5.692254324900635
2018-01-15 05:00:00,etth1,HUFL,24,42,xgboost,5.812285688207418
2018-01-15 06:00:00,etth1,HUFL,24,42,xgboost,5.9385263720202515
2018-01-15 07:00:00,etth1,HUFL,24,42,xgboost,5.815225343326612
2018-01-15 08:00:00,etth1,HUFL,24,42,xgboost,6.2789273100717296
2018-01-15 09:00:00,etth1,HUFL,24,42,xgboost,6.54970459885413
2018-01-15 10:00:00,etth1,HUFL,24,42,xgboost,5.009604548634201
2018-01-15 11:00:00,etth1,HUFL,24,42,xgboost,4.4983915133805885
2018-01-15 12:00:00,etth1,HUFL,24,42,xgboost,4.64721090893724
2018-01-15 13:00:00,etth1,HUFL,24,42,xgboost,4.716711227694404
2018-01-15 14:00:00,etth1,HUFL,24,42,xgboost,5.035263468912725
2018-01-15 15:00:00,etth1,HUFL,24,42,xgboost,5.285143140418907
2018-01-15 16:00:00,etth1,HUFL,24,42,xgboost,5.635562506129481
2018-01-15 17:00:00,etth1,HUFL,24,42,xgboost,4.97827173581358
2018-01-15 18:00:00,etth1,HUFL,24,42,xgboost,5.2253315232834625
2018-01-15 19:00:00,etth1,HUFL,24,42,xgboost,5.811720592223113
2018-01-15 20:00:00,etth1,HUFL,24,42,xgboost,5.4431744153093655
2018-01-15 21:00:00,etth1,HUFL,24,42,xgboost,5.008826783428758
2018-01-15 22:00:00,etth1,HUFL,24,42,xgboost,5.083451706323424
2018-01-15 23:00:00,etth1,HUFL,24,42,xgboost,5.185889881069966
2018-01-16 00:00:00,etth1,HUFL,24,42,xgboost,5.047503593669858
2018-01-16 01:00:00,etth1,HUFL,24,42,xgboost,4.502266427749425
2018-01-16 02:00:00,etth1,HUFL,24,42,xgboost,4.764359310708053
2018-01-16 03:00:00,etth1,HUFL,24,42,xgboost,5.018197490033657
2018-01-16 04:00:00,etth1,HUFL,24,42,xgboost,5.038660283092043
2018-01-16 05:00:00,etth1,HUFL,24,42,xgboost,5.1510765273576
2018-01-16 06:00:00,etth1,HUFL,24,42,xgboost,5.727116529497878
2018-01-16 07:00:00,etth1,HUFL,24,42,xgboost,6.360679120524715
2018-01-16 08:00:00,etth1,HUFL,24,42,xgboost,6.059146795130217
2018-01-16 09:00:00,etth1,HUFL,24,42,xgboost,4.08049666025905
2018-01-16 10:00:00,etth1,HUFL,24,42,xgboost,3.956566402541956
2018-01-16 11:00:00,etth1,HUFL,24,42,xgboost,2.698774983424745
2018-01-16 12:00:00,etth1,HUFL,24,42,xgboost,2.5078790506937927
2018-01-16 13:00:00,etth1,HUFL,24,42,xgboost,2.3543194836499164
2018-01-16 14:00:00,etth1,HUFL,24,42,xgboost,2.6668970825722504
2018-01-16 15:00:00,etth1,HUFL,24,42,xgboost,2.6343782729905163
2018-01-16 16:00:00,etth1,HUFL,24,42,xgboost,3.250845385951205
2018-01-16 17:00:00,etth1,HUFL,24,42,xgboost,3.1692925193989816
2018-01-16 18:00:00,etth1,HUFL,24,42,xgboost,3.249622229577197
2018-01-16 19:00:00,etth1,HUFL,24,42,xgboost,3.30090289906081
2018-01-16 20:00:00,etth1,HUFL,24,42,xgboost,3.203833493155812
2018-01-16 21:00:00,etth1,HUFL,24,42,xgboost,3.039220882365241
2018-01-16 22:00:00,etth1,HUFL,24,42,xgboost,3.12292877628388
2018-01-16 23:00:00,etth1,HUFL,24,42,xgboost,3.1731960444602607
2018-01-17 00:00:00,etth1,HUFL,24,42,xgboost,2.6046182397792954
2018-01-17 01:00:00,etth1,HUFL,24,42,xgboost,2.494950369199367
2018-01-17 02:00:00,etth1,HUFL,24,42,xgboost,2.4941995989409627
2018-01-17 03:00:00,etth1,HUFL,24,42,xgboost,2.558801192391247
2018-01-17 04:00:00,etth1,HUFL,24,42,xgboost,2.387192372053736
2018-01-17 05:00:00,etth1,HUFL,24,42,xgboost,1.9475774956316656
2018-01-17 06:00:00,etth1,HUFL,24,42,xgboost,1.7161610967134726
2018-01-17 07:00:00,etth1,HUFL,24,42,xgboost,2.3654095348993205
2018-01-17 08:00:00,etth1,HUFL,24,42,xgboost,1.5965939550430148
2018-01-17 09:00:00,etth1,HUFL,24,42,xgboost,1.6476889319494772
2018-01-17 10:00:00,etth1,HUFL,24,42,xgboost,2.245335278432822
2018-01-17 11:00:00,etth1,HUFL,24,42,xgboost,1.7221684445127654
2018-01-17 12:00:00,etth1,HUFL,24,42,xgboost,2.276134961167178
2018-01-17 13:00:00,etth1,HUFL,24,42,xgboost,1.4801609615681244
2018-01-17 14:00:00,etth1,HUFL,24,42,xgboost,1.7374333026626685
2018-01-17 15:00:00,etth1,HUFL,24,42,xgboost,2.162992673416003
2018-01-17 16:00:00,etth1,HUFL,24,42,xgboost,2.265025128025234
2018-01-17 17:00:00,etth1,HUFL,24,42,xgboost,2.2285102545671864
2018-01-17 18:00:00,etth1,HUFL,24,42,xgboost,1.8684575785416129
2018-01-17 19:00:00,etth1,HUFL,24,42,xgboost,1.869606194736957
2018-01-17 20:00:00,etth1,HUFL,24,42,xgboost,1.7008414785724042
2018-01-17 21:00:00,etth1,HUFL,24,42,xgboost,1.7668427559606912
2018-01-17 22:00:00,etth1,HUFL,24,42,xgboost,1.7768193691787288
2018-01-17 23:00:00,etth1,HUFL,24,42,xgboost,1.8059846861921665
2018-01-18 00:00:00,etth1,HUFL,24,42,xgboost,2.0550851617181594
2018-01-18 01:00:00,etth1,HUFL,24,42,xgboost,2.5865742341529354
2018-01-18 02:00:00,etth1,HUFL,24,42,xgboost,2.557184973239289
2018-01-18 03:00:00,etth1,HUFL,24,42,xgboost,2.580463289694917
2018-01-18 04:00:00,etth1,HUFL,24,42,xgboost,2.4872449750434904
2018-01-18 05:00:00,etth1,HUFL,24,42,xgboost,2.6338283485114538
2018-01-18 06:00:00,etth1,HUFL,24,42,xgboost,2.641858867601061
2018-01-18 07:00:00,etth1,HUFL,24,42,xgboost,2.7666048054320007
2018-01-18 08:00:00,etth1,HUFL,24,42,xgboost,2.914538392784292
2018-01-18 09:00:00,etth1,HUFL,24,42,xgboost,2.540488342675534
2018-01-18 10:00:00,etth1,HUFL,24,42,xgboost,2.641203046606218
2018-01-18 11:00:00,etth1,HUFL,24,42,xgboost,3.440944634510226
2018-01-18 12:00:00,etth1,HUFL,24,42,xgboost,3.3633671410630774
2018-01-18 13:00:00,etth1,HUFL,24,42,xgboost,3.709383223586908
2018-01-18 14:00:00,etth1,HUFL,24,42,xgboost,4.649920226899199
2018-01-18 15:00:00,etth1,HUFL,24,42,xgboost,3.8653964112079393
2018-01-18 16:00:00,etth1,HUFL,24,42,xgboost,3.21205633262267
2018-01-18 17:00:00,etth1,HUFL,24,42,xgboost,3.1379517954736307
2018-01-18 18:00:00,etth1,HUFL,24,42,xgboost,3.2509533738356353
2018-01-18 19:00:00,etth1,HUFL,24,42,xgboost,3.34869457972574
2018-01-18 20:00:00,etth1,HUFL,24,42,xgboost,3.081744852703604
2018-01-18 21:00:00,etth1,HUFL,24,42,xgboost,2.727322199718765
2018-01-18 22:00:00,etth1,HUFL,24,42,xgboost,2.978897275849388
2018-01-18 23:00:00,etth1,HUFL,24,42,xgboost,3.002581458520039
2018-01-19 00:00:00,etth1,HUFL,24,42,xgboost,2.845358995203918
2018-01-19 01:00:00,etth1,HUFL,24,42,xgboost,3.023228499579727
2018-01-19 02:00:00,etth1,HUFL,24,42,xgboost,2.870368040222728
2018-01-19 03:00:00,etth1,HUFL,24,42,xgboost,2.8045938235953787
2018-01-19 04:00:00,etth1,HUFL,24,42,xgboost,3.109882176233849
2018-01-19 05:00:00,etth1,HUFL,24,42,xgboost,3.075283848582298
2018-01-19 06:00:00,etth1,HUFL,24,42,xgboost,2.88917645612614
2018-01-19 07:00:00,etth1,HUFL,24,42,xgboost,3.625121088672849
2018-01-19 08:00:00,etth1,HUFL,24,42,xgboost,3.183115219190183
2018-01-19 09:00:00,etth1,HUFL,24,42,xgboost,2.9678968011500007
2018-01-19 10:00:00,etth1,HUFL,24,42,xgboost,2.639002815879719
2018-01-19 11:00:00,etth1,HUFL,24,42,xgboost,1.9948161373517739
2018-01-19 12:00:00,etth1,HUFL,24,42,xgboost,2.06828960815159
2018-01-19 13:00:00,etth1,HUFL,24,42,xgboost,2.655275029240684
2018-01-19 14:00:00,etth1,HUFL,24,42,xgboost,2.4596203699922605
2018-01-19 15:00:00,etth1,HUFL,24,42,xgboost,2.6864226684832957
2018-01-19 16:00:00,etth1,HUFL,24,42,xgboost,1.9279855259606808
2018-01-19 17:00:00,etth1,HUFL,24,42,xgboost,1.8878428812727506
2018-01-19 18:00:00,etth1,HUFL,24,42,xgboost,1.7939722782555396
2018-01-19 19:00:00,etth1,HUFL,24,42,xgboost,1.84257481703918
2018-01-19 20:00:00,etth1,HUFL,24,42,xgboost,1.780877835224839
2018-01-19 21:00:00,etth1,HUFL,24,42,xgboost,1.5398097954990602
2018-01-19 22:00:00,etth1,HUFL,24,42,xgboost,1.8275451291600735
2018-01-19 23:00:00,etth1,HUFL,24,42,xgboost,1.7748455939879249
2018-01-20 00:00:00,etth1,HUFL,24,42,xgboost,1.9668960701360687
2018-01-20 01:00:00,etth1,HUFL,24,42,xgboost,2.132470027924661
2018-01-20 02:00:00,etth1,HUFL,24,42,xgboost,2.2819836725047185
2018-01-20 03:00:00,etth1,HUFL,24,42,xgboost,2.187283191800175
2018-01-20 04:00:00,etth1,HUFL,24,42,xgboost,2.1424533957206107
2018-01-20 05:00:00,etth1,HUFL,24,42,xgboost,1.921508132235467
2018-01-20 06:00:00,etth1,HUFL,24,42,xgboost,1.9843916029299553
2018-01-20 07:00:00,etth1,HUFL,24,42,xgboost,2.2121128254041946
2018-01-20 08:00:00,etth1,HUFL,24,42,xgboost,2.366318740483358
2018-01-20 09:00:00,etth1,HUFL,24,42,xgboost,2.5662893254314003
2018-01-20 10:00:00,etth1,HUFL,24,42,xgboost,2.569130700393908
2018-01-20 11:00:00,etth1,HUFL,24,42,xgboost,3.003050291732793
2018-01-20 12:00:00,etth1,HUFL,24,42,xgboost,2.9896508404506075
2018-01-20 13:00:00,etth1,HUFL,24,42,xgboost,2.656025590121929
2018-01-20 14:00:00,etth1,HUFL,24,42,xgboost,2.7551479276067035
2018-01-20 15:00:00,etth1,HUFL,24,42,xgboost,2.9762606216031675
2018-01-20 16:00:00,etth1,HUFL,24,42,xgboost,3.0705099300672356
2018-01-20 17:00:00,etth1,HUFL,24,42,xgboost,2.277889841841208
2018-01-20 18:00:00,etth1,HUFL,24,42,xgboost,2.460618322887012
2018-01-20 19:00:00,etth1,HUFL,24,42,xgboost,2.4142872731116176
2018-01-20 20:00:00,etth1,HUFL,24,42,xgboost,2.1665448131097897
2018-01-20 21:00:00,etth1,HUFL,24,42,xgboost,2.0994807878055233
2018-01-20 22:00:00,etth1,HUFL,24,42,xgboost,2.231761536833694
2018-01-20 23:00:00,etth1,HUFL,24,42,xgboost,2.3415608586517442
2018-01-21 00:00:00,etth1,HUFL,24,42,xgboost,1.8794058318559372
2018-01-21 01:00:00,etth1,HUFL,24,42,xgboost,2.1066772646485443
2018-01-21 02:00:00,etth1,HUFL,24,42,xgboost,2.2197497141512574
2018-01-21 03:00:00,etth1,HUFL,24,42,xgboost,2.2333767811099046
2018-01-21 04:00:00,etth1,HUFL,24,42,xgboost,2.4631186549867294
2018-01-21 05:00:00,etth1,HUFL,24,42,xgboost,2.5695734164481463
2018-01-21 06:00:00,etth1,HUFL,24,42,xgboost,2.471071865029072
2018-01-21 07:00:00,etth1,HUFL,24,42,xgboost,2.5890799296886327
2018-01-21 08:00:00,etth1,HUFL,24,42,xgboost,2.5612890958647943
2018-01-21 09:00:00,etth1,HUFL,24,42,xgboost,2.357266119827541
2018-01-21 10:00:00,etth1,HUFL,24,42,xgboost,2.673955600343802
2018-01-21 11:00:00,etth1,HUFL,24,42,xgboost,2.938647829940155
2018-01-21 12:00:00,etth1,HUFL,24,42,xgboost,2.194298929427155
2018-01-21 13:00:00,etth1,HUFL,24,42,xgboost,2.5264846699340073
2018-01-21 14:00:00,etth1,HUFL,24,42,xgboost,2.235960959729492
2018-01-21 15:00:00,etth1,HUFL,24,42,xgboost,2.5178437801217615
2018-01-21 16:00:00,etth1,HUFL,24,42,xgboost,2.794543569205093
2018-01-21 17:00:00,etth1,HUFL,24,42,xgboost,3.1729928901055104
2018-01-21 18:00:00,etth1,HUFL,24,42,xgboost,2.9340190404332915
2018-01-21 19:00:00,etth1,HUFL,24,42,xgboost,3.1106692916404
2018-01-21 20:00:00,etth1,HUFL,24,42,xgboost,2.970366278379436
2018-01-21 21:00:00,etth1,HUFL,24,42,xgboost,2.9921824813760742
2018-01-21 22:00:00,etth1,HUFL,24,42,xgboost,2.877880973127903
2018-01-21 23:00:00,etth1,HUFL,24,42,xgboost,2.911987556285189
2018-01-22 00:00:00,etth1,HUFL,24,42,xgboost,2.5905327929706115
2018-01-22 01:00:00,etth1,HUFL,24,42,xgboost,2.422930809119624
2018-01-22 02:00:00,etth1,HUFL,24,42,xgboost,2.374077664219295
2018-01-22 03:00:00,etth1,HUFL,24,42,xgboost,2.545201723591333
2018-01-22 04:00:00,etth1,HUFL,24,42,xgboost,2.3476152434577524
2018-01-22 05:00:00,etth1,HUFL,24,42,xgboost,2.4950993878078935
2018-01-22 06:00:00,etth1,HUFL,24,42,xgboost,2.500261479995219
2018-01-22 07:00:00,etth1,HUFL,24,42,xgboost,2.5354504946742407
2018-01-22 08:00:00,etth1,HUFL,24,42,xgboost,2.5072772546654427
2018-01-22 09:00:00,etth1,HUFL,24,42,xgboost,3.205241993420134
2018-01-22 10:00:00,etth1,HUFL,24,42,xgboost,2.8219767702468244
2018-01-22 11:00:00,etth1,HUFL,24,42,xgboost,3.5079870604268244
2018-01-22 12:00:00,etth1,HUFL,24,42,xgboost,3.0585252470215334
2018-01-22 13:00:00,etth1,HUFL,24,42,xgboost,3.5146623224093805
2018-01-22 14:00:00,etth1,HUFL,24,42,xgboost,3.599742518501509
2018-01-22 15:00:00,etth1,HUFL,24,42,xgboost,3.718029439809392
2018-01-22 16:00:00,etth1,HUFL,24,42,xgboost,3.9360362444343386
2018-01-22 17:00:00,etth1,HUFL,24,42,xgboost,3.6004062539125345
2018-01-22 18:00:00,etth1,HUFL,24,42,xgboost,2.859101045417772
2018-01-22 19:00:00,etth1,HUFL,24,42,xgboost,2.768743296159356
2018-01-22 20:00:00,etth1,HUFL,24,42,xgboost,2.7963945086310766
2018-01-22 21:00:00,etth1,HUFL,24,42,xgboost,2.616524855418591
2018-01-22 22:00:00,etth1,HUFL,24,42,xgboost,2.664968030877058
2018-01-22 23:00:00,etth1,HUFL,24,42,xgboost,3.131459000244663
2018-01-23 00:00:00,etth1,HUFL,24,42,xgboost,2.872448805795559
2018-01-23 01:00:00,etth1,HUFL,24,42,xgboost,2.9926551219001234
2018-01-23 02:00:00,etth1,HUFL,24,42,xgboost,3.2254973185647944
2018-01-23 03:00:00,etth1,HUFL,24,42,xgboost,3.315634225455277
2018-01-23 04:00:00,etth1,HUFL,24,42,xgboost,3.3066409955236264
2018-01-23 05:00:00,etth1,HUFL,24,42,xgboost,3.2631873901392745
2018-01-23 06:00:00,etth1,HUFL,24,42,xgboost,3.636290618234506
2018-01-23 07:00:00,etth1,HUFL,24,42,xgboost,3.825882090092376
2018-01-23 08:00:00,etth1,HUFL,24,42,xgboost,4.025781544967171
2018-01-23 09:00:00,etth1,HUFL,24,42,xgboost,3.1681516634066464
2018-01-23 10:00:00,etth1,HUFL,24,42,xgboost,3.0075157706330935
2018-01-23 11:00:00,etth1,HUFL,24,42,xgboost,2.8988295188770734
2018-01-23 12:00:00,etth1,HUFL,24,42,xgboost,3.50551353321044
2018-01-23 13:00:00,etth1,HUFL,24,42,xgboost,3.745486509326574
2018-01-23 14:00:00,etth1,HUFL,24,42,xgboost,2.9230464305076556
2018-01-23 15:00:00,etth1,HUFL,24,42,xgboost,3.118735769684872
2018-01-23 16:00:00,etth1,HUFL,24,42,xgboost,3.1460688837315005
2018-01-23 17:00:00,etth1,HUFL,24,42,xgboost,2.8861200435784844
2018-01-23 18:00:00,etth1,HUFL,24,42,xgboost,2.298118138592893
2018-01-23 19:00:00,etth1,HUFL,24,42,xgboost,2.5397875073912832
2018-01-23 20:00:00,etth1,HUFL,24,42,xgboost,2.7631129882207133
2018-01-23 21:00:00,etth1,HUFL,24,42,xgboost,2.3375618705278476
2018-01-23 22:00:00,etth1,HUFL,24,42,xgboost,2.4687216808528656
2018-01-23 23:00:00,etth1,HUFL,24,42,xgboost,3.0318311896489245
2018-01-24 00:00:00,etth1,HUFL,24,42,xgboost,2.9819989300609415
2018-01-24 01:00:00,etth1,HUFL,24,42,xgboost,2.8740882258018403
2018-01-24 02:00:00,etth1,HUFL,24,42,xgboost,3.1934490713005665
2018-01-24 03:00:00,etth1,HUFL,24,42,xgboost,3.3512007934605195
2018-01-24 04:00:00,etth1,HUFL,24,42,xgboost,3.6654541127040035
2018-01-24 05:00:00,etth1,HUFL,24,42,xgboost,3.8968022317980555
2018-01-24 06:00:00,etth1,HUFL,24,42,xgboost,3.9080004842199494
2018-01-24 07:00:00,etth1,HUFL,24,42,xgboost,4.462629647942068
2018-01-24 08:00:00,etth1,HUFL,24,42,xgboost,4.655939946859263
2018-01-24 09:00:00,etth1,HUFL,24,42,xgboost,4.106179181938902
2018-01-24 10:00:00,etth1,HUFL,24,42,xgboost,3.8817620395525148
2018-01-24 11:00:00,etth1,HUFL,24,42,xgboost,3.8806552193083976
2018-01-24 12:00:00,etth1,HUFL,24,42,xgboost,3.7343501744824668
2018-01-24 13:00:00,etth1,HUFL,24,42,xgboost,3.337713209245617
2018-01-24 14:00:00,etth1,HUFL,24,42,xgboost,3.675107528475705
2018-01-24 15:00:00,etth1,HUFL,24,42,xgboost,3.8917038031004925
2018-01-24 16:00:00,etth1,HUFL,24,42,xgboost,3.8468859390104826
2018-01-24 17:00:00,etth1,HUFL,24,42,xgboost,4.006468707077301
2018-01-24 18:00:00,etth1,HUFL,24,42,xgboost,4.3166337497519285
2018-01-24 19:00:00,etth1,HUFL,24,42,xgboost,4.023139017939881
2018-01-24 20:00:00,etth1,HUFL,24,42,xgboost,4.075305750873308
2018-01-24 21:00:00,etth1,HUFL,24,42,xgboost,4.1622446551617225
2018-01-24 22:00:00,etth1,HUFL,24,42,xgboost,3.943395608308562
2018-01-24 23:00:00,etth1,HUFL,24,42,xgboost,4.330514581944197
2018-01-25 00:00:00,etth1,HUFL,24,42,xgboost,4.342872531458753
2018-01-25 01:00:00,etth1,HUFL,24,42,xgboost,4.060732074710661
2018-01-25 02:00:00,etth1,HUFL,24,42,xgboost,3.8404648873993565
2018-01-25 03:00:00,etth1,HUFL,24,42,xgboost,3.5427780825941384
2018-01-25 04:00:00,etth1,HUFL,24,42,xgboost,3.0926101058368984
2018-01-25 05:00:00,etth1,HUFL,24,42,xgboost,2.8495822340392434
2018-01-25 06:00:00,etth1,HUFL,24,42,xgboost,2.6335876007058423
2018-01-25 07:00:00,etth1,HUFL,24,42,xgboost,2.800965898976951
2018-01-25 08:00:00,etth1,HUFL,24,42,xgboost,2.6259922553481796
2018-01-25 09:00:00,etth1,HUFL,24,42,xgboost,2.12146274499235
2018-01-25 10:00:00,etth1,HUFL,24,42,xgboost,1.8547191543860837
2018-01-25 11:00:00,etth1,HUFL,24,42,xgboost,2.261288202813199
2018-01-25 12:00:00,etth1,HUFL,24,42,xgboost,2.294938180179595
2018-01-25 13:00:00,etth1,HUFL,24,42,xgboost,2.4100732183749147
2018-01-25 14:00:00,etth1,HUFL,24,42,xgboost,2.3683489624989207
2018-01-25 15:00:00,etth1,HUFL,24,42,xgboost,2.3345492531140573
2018-01-25 16:00:00,etth1,HUFL,24,42,xgboost,2.2809908064185342
2018-01-25 17:00:00,etth1,HUFL,24,42,xgboost,1.9878611200031193
2018-01-25 18:00:00,etth1,HUFL,24,42,xgboost,1.725713001690236
2018-01-25 19:00:00,etth1,HUFL,24,42,xgboost,1.746441839923867
2018-01-25 20:00:00,etth1,HUFL,24,42,xgboost,1.9106049472672098
2018-01-25 21:00:00,etth1,HUFL,24,42,xgboost,2.1574856140353065
2018-01-25 22:00:00,etth1,HUFL,24,42,xgboost,2.09109794716487
2018-01-25 23:00:00,etth1,HUFL,24,42,xgboost,2.068422773132287
2018-01-26 00:00:00,etth1,HUFL,24,42,xgboost,1.768778680543018
2018-01-26 01:00:00,etth1,HUFL,24,42,xgboost,1.7557077529350666
2018-01-26 02:00:00,etth1,HUFL,24,42,xgboost,1.7666797368374134
2018-01-26 03:00:00,etth1,HUFL,24,42,xgboost,1.9466254438097261
2018-01-26 04:00:00,etth1,HUFL,24,42,xgboost,2.2579127347664474
2018-01-26 05:00:00,etth1,HUFL,24,42,xgboost,2.389822269601622
2018-01-26 06:00:00,etth1,HUFL,24,42,xgboost,2.776084808454016
2018-01-26 07:00:00,etth1,HUFL,24,42,xgboost,3.8665524699999776
2018-01-26 08:00:00,etth1,HUFL,24,42,xgboost,3.6962429384397946
2018-01-26 09:00:00,etth1,HUFL,24,42,xgboost,3.001348901430046
2018-01-26 10:00:00,etth1,HUFL,24,42,xgboost,2.5544182381464884
2018-01-26 11:00:00,etth1,HUFL,24,42,xgboost,2.464542918028617
2018-01-26 12:00:00,etth1,HUFL,24,42,xgboost,2.2151121477943128
2018-01-26 13:00:00,etth1,HUFL,24,42,xgboost,2.522538048409259
2018-01-26 14:00:00,etth1,HUFL,24,42,xgboost,2.7330241791739938
2018-01-26 15:00:00,etth1,HUFL,24,42,xgboost,2.9772856913863053
2018-01-26 16:00:00,etth1,HUFL,24,42,xgboost,3.1559632968093054
2018-01-26 17:00:00,etth1,HUFL,24,42,xgboost,2.9338123548575354
2018-01-26 18:00:00,etth1,HUFL,24,42,xgboost,2.989197136440455
2018-01-26 19:00:00,etth1,HUFL,24,42,xgboost,2.815503114904015
2018-01-26 20:00:00,etth1,HUFL,24,42,xgboost,2.689882321074613
2018-01-26 21:00:00,etth1,HUFL,24,42,xgboost,3.2662783110119533
2018-01-26 22:00:00,etth1,HUFL,24,42,xgboost,3.2732899088006615
2018-01-26 23:00:00,etth1,HUFL,24,42,xgboost,3.3568521988557705
2018-01-27 00:00:00,etth1,HUFL,24,42,xgboost,3.4898073873649356
2018-01-27 01:00:00,etth1,HUFL,24,42,xgboost,3.3981192159568163
2018-01-27 02:00:00,etth1,HUFL,24,42,xgboost,3.763291613525006
2018-01-27 03:00:00,etth1,HUFL,24,42,xgboost,3.641508052092668
2018-01-27 04:00:00,etth1,HUFL,24,42,xgboost,3.7248144616600976
2018-01-27 05:00:00,etth1,HUFL,24,42,xgboost,3.7150479680613606
2018-01-27 06:00:00,etth1,HUFL,24,42,xgboost,3.5602593921351886
2018-01-27 07:00:00,etth1,HUFL,24,42,xgboost,3.6471778249882845
2018-01-27 08:00:00,etth1,HUFL,24,42,xgboost,3.871488580849798
2018-01-27 09:00:00,etth1,HUFL,24,42,xgboost,3.1948936737995233
2018-01-27 10:00:00,etth1,HUFL,24,42,xgboost,2.429453077348849
2018-01-27 11:00:00,etth1,HUFL,24,42,xgboost,2.2437058613469776
2018-01-27 12:00:00,etth1,HUFL,24,42,xgboost,1.9971131906561375
2018-01-27 13:00:00,etth1,HUFL,24,42,xgboost,2.4629991774495648
2018-01-27 14:00:00,etth1,HUFL,24,42,xgboost,2.4671232378547705
2018-01-27 15:00:00,etth1,HUFL,24,42,xgboost,2.8289072785445
2018-01-27 16:00:00,etth1,HUFL,24,42,xgboost,2.612149964404436
2018-01-27 17:00:00,etth1,HUFL,24,42,xgboost,2.671836586533669
2018-01-27 18:00:00,etth1,HUFL,24,42,xgboost,2.3181244503951306
2018-01-27 19:00:00,etth1,HUFL,24,42,xgboost,2.3241266990615195
2018-01-27 20:00:00,etth1,HUFL,24,42,xgboost,2.5639400400102357
2018-01-27 21:00:00,etth1,HUFL,24,42,xgboost,2.6371409246173765
2018-01-27 22:00:00,etth1,HUFL,24,42,xgboost,2.8569167937399307
2018-01-27 23:00:00,etth1,HUFL,24,42,xgboost,3.0637451415008883
2018-01-28 00:00:00,etth1,HUFL,24,42,xgboost,3.0386939586033073
2018-01-28 01:00:00,etth1,HUFL,24,42,xgboost,2.909675494689432
2018-01-28 02:00:00,etth1,HUFL,24,42,xgboost,3.299824691248143
2018-01-28 03:00:00,etth1,HUFL,24,42,xgboost,3.4411022892344314
2018-01-28 04:00:00,etth1,HUFL,24,42,xgboost,3.34267247733392
2018-01-28 05:00:00,etth1,HUFL,24,42,xgboost,3.290472155748255
2018-01-28 06:00:00,etth1,HUFL,24,42,xgboost,3.3191615070064038
2018-01-28 07:00:00,etth1,HUFL,24,42,xgboost,3.6755650893093157
2018-01-28 08:00:00,etth1,HUFL,24,42,xgboost,3.6824661013765105
2018-01-28 09:00:00,etth1,HUFL,24,42,xgboost,2.7498301963315694
2018-01-28 10:00:00,etth1,HUFL,24,42,xgboost,2.36223083626728
2018-01-28 11:00:00,etth1,HUFL,24,42,xgboost,2.157500448862596
2018-01-28 12:00:00,etth1,HUFL,24,42,xgboost,2.152515793359111
2018-01-28 13:00:00,etth1,HUFL,24,42,xgboost,2.0827744087195854
2018-01-28 14:00:00,etth1,HUFL,24,42,xgboost,2.414517492880567
2018-01-28 15:00:00,etth1,HUFL,24,42,xgboost,2.4039005959681434
2018-01-28 16:00:00,etth1,HUFL,24,42,xgboost,2.340774873849826
2018-01-28 17:00:00,etth1,HUFL,24,42,xgboost,2.0151933926041687
2018-01-28 18:00:00,etth1,HUFL,24,42,xgboost,1.8449355785671144
2018-01-28 19:00:00,etth1,HUFL,24,42,xgboost,1.8494575223478968
2018-01-28 20:00:00,etth1,HUFL,24,42,xgboost,2.105161685755361
2018-01-28 21:00:00,etth1,HUFL,24,42,xgboost,2.3763204311293324
2018-01-28 22:00:00,etth1,HUFL,24,42,xgboost,2.593969359034375
2018-01-28 23:00:00,etth1,HUFL,24,42,xgboost,2.499726943848555
2018-01-29 00:00:00,etth1,HUFL,24,42,xgboost,2.234624952383402
2018-01-29 01:00:00,etth1,HUFL,24,42,xgboost,2.3547271090379702
2018-01-29 02:00:00,etth1,HUFL,24,42,xgboost,2.491621737892987
2018-01-29 03:00:00,etth1,HUFL,24,42,xgboost,2.5952363336669215
2018-01-29 04:00:00,etth1,HUFL,24,42,xgboost,2.8492831745359566
2018-01-29 05:00:00,etth1,HUFL,24,42,xgboost,2.784547841402522
2018-01-29 06:00:00,etth1,HUFL,24,42,xgboost,2.786502770611906
2018-01-29 07:00:00,etth1,HUFL,24,42,xgboost,3.448075291983758
2018-01-29 08:00:00,etth1,HUFL,24,42,xgboost,3.479070784389382
2018-01-29 09:00:00,etth1,HUFL,24,42,xgboost,3.0315310870519974
2018-01-29 10:00:00,etth1,HUFL,24,42,xgboost,2.6025793264046526
2018-01-29 11:00:00,etth1,HUFL,24,42,xgboost,2.4243593873058438
2018-01-29 12:00:00,etth1,HUFL,24,42,xgboost,2.437193881384051
2018-01-29 13:00:00,etth1,HUFL,24,42,xgboost,2.7324633854841966
2018-01-29 14:00:00,etth1,HUFL,24,42,xgboost,3.1036795836110733
2018-01-29 15:00:00,etth1,HUFL,24,42,xgboost,3.3922179979132907
2018-01-29 16:00:00,etth1,HUFL,24,42,xgboost,3.116433343618727
2018-01-29 17:00:00,etth1,HUFL,24,42,xgboost,3.237156906610584
2018-01-29 18:00:00,etth1,HUFL,24,42,xgboost,3.174190716416559
2018-01-29 19:00:00,etth1,HUFL,24,42,xgboost,2.80220684480363
2018-01-29 20:00:00,etth1,HUFL,24,42,xgboost,2.844292907449408
2018-01-29 21:00:00,etth1,HUFL,24,42,xgboost,2.754375412467496
2018-01-29 22:00:00,etth1,HUFL,24,42,xgboost,2.909929907715313
2018-01-29 23:00:00,etth1,HUFL,24,42,xgboost,3.031050254254613
2018-01-30 00:00:00,etth1,HUFL,24,42,xgboost,3.1968806706581794
2018-01-30 01:00:00,etth1,HUFL,24,42,xgboost,3.5343630581821444
2018-01-30 02:00:00,etth1,HUFL,24,42,xgboost,3.7486622030291197
2018-01-30 03:00:00,etth1,HUFL,24,42,xgboost,4.073460427289768
2018-01-30 04:00:00,etth1,HUFL,24,42,xgboost,4.059555001324404
2018-01-30 05:00:00,etth1,HUFL,24,42,xgboost,4.262077438344542
2018-01-30 06:00:00,etth1,HUFL,24,42,xgboost,4.66595563939768
2018-01-30 07:00:00,etth1,HUFL,24,42,xgboost,4.9358705864301315
2018-01-30 08:00:00,etth1,HUFL,24,42,xgboost,4.866881308328605
2018-01-30 09:00:00,etth1,HUFL,24,42,xgboost,4.723161332768531
2018-01-30 10:00:00,etth1,HUFL,24,42,xgboost,5.110403829608886
2018-01-30 11:00:00,etth1,HUFL,24,42,xgboost,5.237096032947487
2018-01-30 12:00:00,etth1,HUFL,24,42,xgboost,5.543620000361844
2018-01-30 13:00:00,etth1,HUFL,24,42,xgboost,5.911572249633174
2018-01-30 14:00:00,etth1,HUFL,24,42,xgboost,5.83096152970689
2018-01-30 15:00:00,etth1,HUFL,24,42,xgboost,6.172208707944416
2018-01-30 16:00:00,etth1,HUFL,24,42,xgboost,6.890995781530946
2018-01-30 17:00:00,etth1,HUFL,24,42,xgboost,5.9414188442664395
2018-01-30 18:00:00,etth1,HUFL,24,42,xgboost,5.494315835961511
2018-01-30 19:00:00,etth1,HUFL,24,42,xgboost,5.115001614811338
2018-01-30 20:00:00,etth1,HUFL,24,42,xgboost,4.5296677990365
2018-01-30 21:00:00,etth1,HUFL,24,42,xgboost,4.458132792902796
2018-01-30 22:00:00,etth1,HUFL,24,42,xgboost,4.701769967242782
2018-01-30 23:00:00,etth1,HUFL,24,42,xgboost,4.684037232564496
2018-01-31 00:00:00,etth1,HUFL,24,42,xgboost,4.190663044364137
2018-01-31 01:00:00,etth1,HUFL,24,42,xgboost,4.361231801474253
2018-01-31 02:00:00,etth1,HUFL,24,42,xgboost,4.536500832131251
2018-01-31 03:00:00,etth1,HUFL,24,42,xgboost,4.487920578937415
2018-01-31 04:00:00,etth1,HUFL,24,42,xgboost,4.21467896091603
2018-01-31 05:00:00,etth1,HUFL,24,42,xgboost,4.240337720554649
2018-01-31 06:00:00,etth1,HUFL,24,42,xgboost,4.1685335144373346
2018-01-31 07:00:00,etth1,HUFL,24,42,xgboost,4.442989233578622
2018-01-31 08:00:00,etth1,HUFL,24,42,xgboost,4.469378750494163
2018-01-31 09:00:00,etth1,HUFL,24,42,xgboost,4.104750152049828
2018-01-31 10:00:00,etth1,HUFL,24,42,xgboost,3.3671360204623135
2018-01-31 11:00:00,etth1,HUFL,24,42,xgboost,3.6342985248027837
2018-01-31 12:00:00,etth1,HUFL,24,42,xgboost,3.606144530564818
2018-01-31 13:00:00,etth1,HUFL,24,42,xgboost,4.252585082302394
2018-01-31 14:00:00,etth1,HUFL,24,42,xgboost,4.109204432695845
2018-01-31 15:00:00,etth1,HUFL,24,42,xgboost,4.437988207164078
2018-01-31 16:00:00,etth1,HUFL,24,42,xgboost,4.405426195799222
2018-01-31 17:00:00,etth1,HUFL,24,42,xgboost,4.643425891083392
2018-01-31 18:00:00,etth1,HUFL,24,42,xgboost,4.455706994413206
2018-01-31 19:00:00,etth1,HUFL,24,42,xgboost,4.784260085383759
2018-01-31 20:00:00,etth1,HUFL,24,42,xgboost,5.083167126962969
2018-01-31 21:00:00,etth1,HUFL,24,42,xgboost,5.098468748697007
2018-01-31 22:00:00,etth1,HUFL,24,42,xgboost,5.104386909688523
2018-01-31 23:00:00,etth1,HUFL,24,42,xgboost,5.459744452900878
2018-02-01 00:00:00,etth1,HUFL,24,42,xgboost,6.0778562648415475
2018-02-01 01:00:00,etth1,HUFL,24,42,xgboost,5.997485764449382
2018-02-01 02:00:00,etth1,HUFL,24,42,xgboost,5.779500198951825
2018-02-01 03:00:00,etth1,HUFL,24,42,xgboost,6.050467841556717
2018-02-01 04:00:00,etth1,HUFL,24,42,xgboost,5.72197885332114
2018-02-01 05:00:00,etth1,HUFL,24,42,xgboost,5.425524082662736
2018-02-01 06:00:00,etth1,HUFL,24,42,xgboost,5.183128185901128
2018-02-01 07:00:00,etth1,HUFL,24,42,xgboost,5.239184913600369
2018-02-01 08:00:00,etth1,HUFL,24,42,xgboost,4.776235241358557
2018-02-01 09:00:00,etth1,HUFL,24,42,xgboost,4.671749196027454
2018-02-01 10:00:00,etth1,HUFL,24,42,xgboost,4.5208050624276686
2018-02-01 11:00:00,etth1,HUFL,24,42,xgboost,3.9160513232800493
2018-02-01 12:00:00,etth1,HUFL,24,42,xgboost,5.789815325047148
2018-02-01 13:00:00,etth1,HUFL,24,42,xgboost,4.565154538020309
2018-02-01 14:00:00,etth1,HUFL,24,42,xgboost,6.10835462287453
2018-02-01 15:00:00,etth1,HUFL,24,42,xgboost,5.123193692413693
2018-02-01 16:00:00,etth1,HUFL,24,42,xgboost,7.053617980961818
2018-02-01 17:00:00,etth1,HUFL,24,42,xgboost,5.542070085058413
2018-02-01 18:00:00,etth1,HUFL,24,42,xgboost,6.295531682100905
2018-02-01 19:00:00,etth1,HUFL,24,42,xgboost,6.082461166915931
2018-02-01 20:00:00,etth1,HUFL,24,42,xgboost,5.955565521326309
2018-02-01 21:00:00,etth1,HUFL,24,42,xgboost,6.086193431623514
2018-02-01 22:00:00,etth1,HUFL,24,42,xgboost,6.046274185350662
2018-02-01 23:00:00,etth1,HUFL,24,42,xgboost,6.005403340304361
2018-02-02 00:00:00,etth1,HUFL,24,42,xgboost,5.961913274984063
2018-02-02 01:00:00,etth1,HUFL,24,42,xgboost,6.274789157765267
2018-02-02 02:00:00,etth1,HUFL,24,42,xgboost,6.259565728995564
2018-02-02 03:00:00,etth1,HUFL,24,42,xgboost,6.222603317695223
2018-02-02 04:00:00,etth1,HUFL,24,42,xgboost,5.94749452308221
2018-02-02 05:00:00,etth1,HUFL,24,42,xgboost,6.161189611200036
2018-02-02 06:00:00,etth1,HUFL,24,42,xgboost,6.166014520345127
2018-02-02 07:00:00,etth1,HUFL,24,42,xgboost,6.2960316199166995
2018-02-02 08:00:00,etth1,HUFL,24,42,xgboost,6.286451946888124
2018-02-02 09:00:00,etth1,HUFL,24,42,xgboost,6.82950407895233
2018-02-02 10:00:00,etth1,HUFL,24,42,xgboost,4.264692540971688
2018-02-02 11:00:00,etth1,HUFL,24,42,xgboost,4.035883693226594
2018-02-02 12:00:00,etth1,HUFL,24,42,xgboost,3.383768573895248
2018-02-02 13:00:00,etth1,HUFL,24,42,xgboost,4.107806166516285
2018-02-02 14:00:00,etth1,HUFL,24,42,xgboost,3.879141432039852
2018-02-02 15:00:00,etth1,HUFL,24,42,xgboost,4.776466284097833
2018-02-02 16:00:00,etth1,HUFL,24,42,xgboost,5.303622135539951
2018-02-02 17:00:00,etth1,HUFL,24,42,xgboost,6.731297167828728
2018-02-02 18:00:00,etth1,HUFL,24,42,xgboost,6.474763105491944
2018-02-02 19:00:00,etth1,HUFL,24,42,xgboost,6.09933340248346
2018-02-02 20:00:00,etth1,HUFL,24,42,xgboost,6.27436081931175
2018-02-02 21:00:00,etth1,HUFL,24,42,xgboost,6.55480266913105
2018-02-02 22:00:00,etth1,HUFL,24,42,xgboost,6.07845912652833
2018-02-02 23:00:00,etth1,HUFL,24,42,xgboost,6.371533284620839
2018-02-03 00:00:00,etth1,HUFL,24,42,xgboost,5.949631103426441
2018-02-03 01:00:00,etth1,HUFL,24,42,xgboost,5.894903068533675
2018-02-03 02:00:00,etth1,HUFL,24,42,xgboost,6.253360021377278
2018-02-03 03:00:00,etth1,HUFL,24,42,xgboost,6.031016759976697
2018-02-03 04:00:00,etth1,HUFL,24,42,xgboost,5.879648259685266
2018-02-03 05:00:00,etth1,HUFL,24,42,xgboost,6.001996340137839
2018-02-03 06:00:00,etth1,HUFL,24,42,xgboost,6.10356499365309
2018-02-03 07:00:00,etth1,HUFL,24,42,xgboost,5.936188821239752
2018-02-03 08:00:00,etth1,HUFL,24,42,xgboost,6.168579777168271
2018-02-03 09:00:00,etth1,HUFL,24,42,xgboost,5.953287122259829
2018-02-03 10:00:00,etth1,HUFL,24,42,xgboost,4.157597021052329
2018-02-03 11:00:00,etth1,HUFL,24,42,xgboost,2.634744237861659
2018-02-03 12:00:00,etth1,HUFL,24,42,xgboost,3.4105495383498137
2018-02-03 13:00:00,etth1,HUFL,24,42,xgboost,3.9254189454538504
2018-02-03 14:00:00,etth1,HUFL,24,42,xgboost,5.103802840693377
2018-02-03 15:00:00,etth1,HUFL,24,42,xgboost,4.89016945490636
2018-02-03 16:00:00,etth1,HUFL,24,42,xgboost,6.352801795062469
2018-02-03 17:00:00,etth1,HUFL,24,42,xgboost,7.665645898451232
2018-02-03 18:00:00,etth1,HUFL,24,42,xgboost,6.957798160271267
2018-02-03 19:00:00,etth1,HUFL,24,42,xgboost,6.732624577126792
2018-02-03 20:00:00,etth1,HUFL,24,42,xgboost,6.236854637300316
2018-02-03 21:00:00,etth1,HUFL,24,42,xgboost,6.273334596666216
2018-02-03 22:00:00,etth1,HUFL,24,42,xgboost,6.863640834871391
2018-02-03 23:00:00,etth1,HUFL,24,42,xgboost,7.08113619982142
2018-02-04 00:00:00,etth1,HUFL,24,42,xgboost,7.140275523054574
2018-02-04 01:00:00,etth1,HUFL,24,42,xgboost,7.583310818396605
2018-02-04 02:00:00,etth1,HUFL,24,42,xgboost,7.733161526023072
2018-02-04 03:00:00,etth1,HUFL,24,42,xgboost,7.981838059774958
2018-02-04 04:00:00,etth1,HUFL,24,42,xgboost,7.7442121382924745
2018-02-04 05:00:00,etth1,HUFL,24,42,xgboost,8.038969531656354
2018-02-04 06:00:00,etth1,HUFL,24,42,xgboost,8.324003622829947
2018-02-04 07:00:00,etth1,HUFL,24,42,xgboost,8.482651886832167
2018-02-04 08:00:00,etth1,HUFL,24,42,xgboost,8.305732740615756
2018-02-04 09:00:00,etth1,HUFL,24,42,xgboost,8.435382578244823
2018-02-04 10:00:00,etth1,HUFL,24,42,xgboost,5.624563914218169
2018-02-04 11:00:00,etth1,HUFL,24,42,xgboost,4.523597649014448
2018-02-04 12:00:00,etth1,HUFL,24,42,xgboost,5.299591985433524
2018-02-04 13:00:00,etth1,HUFL,24,42,xgboost,5.836370372564747
2018-02-04 14:00:00,etth1,HUFL,24,42,xgboost,5.827615661044869
2018-02-04 15:00:00,etth1,HUFL,24,42,xgboost,6.654914500150994
2018-02-04 16:00:00,etth1,HUFL,24,42,xgboost,7.9527766538121485
2018-02-04 17:00:00,etth1,HUFL,24,42,xgboost,8.831853299854393
2018-02-04 18:00:00,etth1,HUFL,24,42,xgboost,8.996126038397206
2018-02-04 19:00:00,etth1,HUFL,24,42,xgboost,8.024405813605712
2018-02-04 20:00:00,etth1,HUFL,24,42,xgboost,7.5309752771906915
2018-02-04 21:00:00,etth1,HUFL,24,42,xgboost,7.47862535766815
2018-02-04 22:00:00,etth1,HUFL,24,42,xgboost,7.132080318720512
2018-02-04 23:00:00,etth1,HUFL,24,42,xgboost,7.385257220693982
2018-02-05 00:00:00,etth1,HUFL,24,42,xgboost,7.42858352727518
2018-02-05 01:00:00,etth1,HUFL,24,42,xgboost,7.680376362367274
2018-02-05 02:00:00,etth1,HUFL,24,42,xgboost,8.465203333228915
2018-02-05 03:00:00,etth1,HUFL,24,42,xgboost,8.306182430877113
2018-02-05 04:00:00,etth1,HUFL,24,42,xgboost,8.502194914727944
2018-02-05 05:00:00,etth1,HUFL,24,42,xgboost,8.628655412765065
2018-02-05 06:00:00,etth1,HUFL,24,42,xgboost,8.82544743018334
2018-02-05 07:00:00,etth1,HUFL,24,42,xgboost,8.589431876925138
2018-02-05 08:00:00,etth1,HUFL,24,42,xgboost,8.609940337999516
2018-02-05 09:00:00,etth1,HUFL,24,42,xgboost,8.217329069898689
2018-02-05 10:00:00,etth1,HUFL,24,42,xgboost,5.75985693019868
2018-02-05 11:00:00,etth1,HUFL,24,42,xgboost,4.477882232611731
2018-02-05 12:00:00,etth1,HUFL,24,42,xgboost,5.120056437163086
2018-02-05 13:00:00,etth1,HUFL,24,42,xgboost,5.522075604432267
2018-02-05 14:00:00,etth1,HUFL,24,42,xgboost,5.544841477682641
2018-02-05 15:00:00,etth1,HUFL,24,42,xgboost,5.730061337766652
2018-02-05 16:00:00,etth1,HUFL,24,42,xgboost,5.507937273657002
2018-02-05 17:00:00,etth1,HUFL,24,42,xgboost,6.608236007948787
2018-02-05 18:00:00,etth1,HUFL,24,42,xgboost,7.714713725623213
2018-02-05 19:00:00,etth1,HUFL,24,42,xgboost,7.191697960174924
2018-02-05 20:00:00,etth1,HUFL,24,42,xgboost,6.640415732680471
2018-02-05 21:00:00,etth1,HUFL,24,42,xgboost,5.808255503503202
2018-02-05 22:00:00,etth1,HUFL,24,42,xgboost,5.842128476851069
2018-02-05 23:00:00,etth1,HUFL,24,42,xgboost,5.460636509468088
2018-02-06 00:00:00,etth1,HUFL,24,42,xgboost,5.54830912418869
2018-02-06 01:00:00,etth1,HUFL,24,42,xgboost,6.4823457104819395
2018-02-06 02:00:00,etth1,HUFL,24,42,xgboost,6.224004081971152
2018-02-06 03:00:00,etth1,HUFL,24,42,xgboost,6.8247056019765395
2018-02-06 04:00:00,etth1,HUFL,24,42,xgboost,6.746884065555406
2018-02-06 05:00:00,etth1,HUFL,24,42,xgboost,6.982247155003603
2018-02-06 06:00:00,etth1,HUFL,24,42,xgboost,7.050048993041277
2018-02-06 07:00:00,etth1,HUFL,24,42,xgboost,7.372429956413018
2018-02-06 08:00:00,etth1,HUFL,24,42,xgboost,6.957667162070787
2018-02-06 09:00:00,etth1,HUFL,24,42,xgboost,7.188655900791179
2018-02-06 10:00:00,etth1,HUFL,24,42,xgboost,5.249667168339218
2018-02-06 11:00:00,etth1,HUFL,24,42,xgboost,4.283509474017645
2018-02-06 12:00:00,etth1,HUFL,24,42,xgboost,4.1880427710745645
2018-02-06 13:00:00,etth1,HUFL,24,42,xgboost,3.9717389654156183
2018-02-06 14:00:00,etth1,HUFL,24,42,xgboost,3.828125675884454
2018-02-06 15:00:00,etth1,HUFL,24,42,xgboost,3.1114248941748106
2018-02-06 16:00:00,etth1,HUFL,24,42,xgboost,3.6058629600526273
2018-02-06 17:00:00,etth1,HUFL,24,42,xgboost,5.197022286527554
2018-02-06 18:00:00,etth1,HUFL,24,42,xgboost,5.4693546729412
2018-02-06 19:00:00,etth1,HUFL,24,42,xgboost,5.67063632673882
2018-02-06 20:00:00,etth1,HUFL,24,42,xgboost,4.937724237992897
2018-02-06 21:00:00,etth1,HUFL,24,42,xgboost,4.436844706564741
2018-02-06 22:00:00,etth1,HUFL,24,42,xgboost,3.9538786544076303
2018-02-06 23:00:00,etth1,HUFL,24,42,xgboost,3.6886764876184244
2018-02-07 00:00:00,etth1,HUFL,24,42,xgboost,3.8117591634026327
2018-02-07 01:00:00,etth1,HUFL,24,42,xgboost,5.068337736466471
2018-02-07 02:00:00,etth1,HUFL,24,42,xgboost,5.2567934999495805
2018-02-07 03:00:00,etth1,HUFL,24,42,xgboost,5.289004411393381
2018-02-07 04:00:00,etth1,HUFL,24,42,xgboost,5.38944910757849
2018-02-07 05:00:00,etth1,HUFL,24,42,xgboost,5.34360713646518
2018-02-07 06:00:00,etth1,HUFL,24,42,xgboost,5.315559843727074
2018-02-07 07:00:00,etth1,HUFL,24,42,xgboost,5.1848038316218465
2018-02-07 08:00:00,etth1,HUFL,24,42,xgboost,5.114133043815435
2018-02-07 09:00:00,etth1,HUFL,24,42,xgboost,4.749538327686497
2018-02-07 10:00:00,etth1,HUFL,24,42,xgboost,3.375244940759254
2018-02-07 11:00:00,etth1,HUFL,24,42,xgboost,3.123942743750724
2018-02-07 12:00:00,etth1,HUFL,24,42,xgboost,2.348674092253504
2018-02-07 13:00:00,etth1,HUFL,24,42,xgboost,2.5972306448979214
2018-02-07 14:00:00,etth1,HUFL,24,42,xgboost,3.4779734774071653
2018-02-07 15:00:00,etth1,HUFL,24,42,xgboost,3.704458438386632
2018-02-07 16:00:00,etth1,HUFL,24,42,xgboost,5.034155984677393
2018-02-07 17:00:00,etth1,HUFL,24,42,xgboost,6.247855649122518
2018-02-07 18:00:00,etth1,HUFL,24,42,xgboost,5.92029836321537
2018-02-07 19:00:00,etth1,HUFL,24,42,xgboost,5.529900492466441
2018-02-07 20:00:00,etth1,HUFL,24,42,xgboost,5.20085783694909
2018-02-07 21:00:00,etth1,HUFL,24,42,xgboost,5.094476272626666
2018-02-07 22:00:00,etth1,HUFL,24,42,xgboost,4.699318443202436
2018-02-07 23:00:00,etth1,HUFL,24,42,xgboost,4.962350541259852
2018-02-08 00:00:00,etth1,HUFL,24,42,xgboost,5.929694225774217
2018-02-08 01:00:00,etth1,HUFL,24,42,xgboost,6.339030692124044
2018-02-08 02:00:00,etth1,HUFL,24,42,xgboost,6.4472267913322705
2018-02-08 03:00:00,etth1,HUFL,24,42,xgboost,6.470272781655697
2018-02-08 04:00:00,etth1,HUFL,24,42,xgboost,6.213957191781219
2018-02-08 05:00:00,etth1,HUFL,24,42,xgboost,6.126423201790035
2018-02-08 06:00:00,etth1,HUFL,24,42,xgboost,6.38856031004314
2018-02-08 07:00:00,etth1,HUFL,24,42,xgboost,6.3153754210723605
2018-02-08 08:00:00,etth1,HUFL,24,42,xgboost,6.173567521018146
2018-02-08 09:00:00,etth1,HUFL,24,42,xgboost,5.655652739928169
2018-02-08 10:00:00,etth1,HUFL,24,42,xgboost,4.39606066812046
2018-02-08 11:00:00,etth1,HUFL,24,42,xgboost,4.055160787873699
2018-02-08 12:00:00,etth1,HUFL,24,42,xgboost,3.5088032847010417
2018-02-08 13:00:00,etth1,HUFL,24,42,xgboost,4.122858357997633
2018-02-08 14:00:00,etth1,HUFL,24,42,xgboost,3.9411884117069333
2018-02-08 15:00:00,etth1,HUFL,24,42,xgboost,3.6068902984965283
2018-02-08 16:00:00,etth1,HUFL,24,42,xgboost,3.9081219053757947
2018-02-08 17:00:00,etth1,HUFL,24,42,xgboost,3.4091500229254628
2018-02-08 18:00:00,etth1,HUFL,24,42,xgboost,2.9706662728155995
2018-02-08 19:00:00,etth1,HUFL,24,42,xgboost,2.806399990160994
2018-02-08 20:00:00,etth1,HUFL,24,42,xgboost,2.911365921605013
2018-02-08 21:00:00,etth1,HUFL,24,42,xgboost,2.9528335218085107
2018-02-08 22:00:00,etth1,HUFL,24,42,xgboost,2.7502137448489656
2018-02-08 23:00:00,etth1,HUFL,24,42,xgboost,2.920167102976213
2018-02-09 00:00:00,etth1,HUFL,24,42,xgboost,3.3097219188354465
2018-02-09 01:00:00,etth1,HUFL,24,42,xgboost,3.437237461131163
2018-02-09 02:00:00,etth1,HUFL,24,42,xgboost,3.794684966131836
2018-02-09 03:00:00,etth1,HUFL,24,42,xgboost,4.056517835427665
2018-02-09 04:00:00,etth1,HUFL,24,42,xgboost,4.007300274505478
2018-02-09 05:00:00,etth1,HUFL,24,42,xgboost,3.755665243514174
2018-02-09 06:00:00,etth1,HUFL,24,42,xgboost,3.8081161763267874
2018-02-09 07:00:00,etth1,HUFL,24,42,xgboost,3.8459660160220266
2018-02-09 08:00:00,etth1,HUFL,24,42,xgboost,3.7733560492152662
2018-02-09 09:00:00,etth1,HUFL,24,42,xgboost,3.521281415140308
2018-02-09 10:00:00,etth1,HUFL,24,42,xgboost,3.1436991020521603
2018-02-09 11:00:00,etth1,HUFL,24,42,xgboost,3.7273196006200915
2018-02-09 12:00:00,etth1,HUFL,24,42,xgboost,3.320065392615877
2018-02-09 13:00:00,etth1,HUFL,24,42,xgboost,3.4640331025827913
2018-02-09 14:00:00,etth1,HUFL,24,42,xgboost,2.7926586619935243
2018-02-09 15:00:00,etth1,HUFL,24,42,xgboost,3.3429442285551865
2018-02-09 16:00:00,etth1,HUFL,24,42,xgboost,3.557316695224596
2018-02-09 17:00:00,etth1,HUFL,24,42,xgboost,2.7000312602861087
2018-02-09 18:00:00,etth1,HUFL,24,42,xgboost,3.376885191236713
2018-02-09 19:00:00,etth1,HUFL,24,42,xgboost,3.364492386021188
2018-02-09 20:00:00,etth1,HUFL,24,42,xgboost,3.1492607064413676
2018-02-09 21:00:00,etth1,HUFL,24,42,xgboost,3.306933706878556
2018-02-09 22:00:00,etth1,HUFL,24,42,xgboost,3.1223380870714874
2018-02-09 23:00:00,etth1,HUFL,24,42,xgboost,3.1412500874010725
2018-02-10 00:00:00,etth1,HUFL,24,42,xgboost,3.2338809328250004
2018-02-10 01:00:00,etth1,HUFL,24,42,xgboost,3.440760582028895
2018-02-10 02:00:00,etth1,HUFL,24,42,xgboost,3.659279012368986
2018-02-10 03:00:00,etth1,HUFL,24,42,xgboost,3.8450177046058833
2018-02-10 04:00:00,etth1,HUFL,24,42,xgboost,3.9420603511404395
2018-02-10 05:00:00,etth1,HUFL,24,42,xgboost,3.9255928021890845
2018-02-10 06:00:00,etth1,HUFL,24,42,xgboost,3.92079592812185
2018-02-10 07:00:00,etth1,HUFL,24,42,xgboost,4.119448223088342
2018-02-10 08:00:00,etth1,HUFL,24,42,xgboost,4.616060916188893
2018-02-10 09:00:00,etth1,HUFL,24,42,xgboost,3.8233254389422378
2018-02-10 10:00:00,etth1,HUFL,24,42,xgboost,3.864836238315089
2018-02-10 11:00:00,etth1,HUFL,24,42,xgboost,3.5460977967051064
2018-02-10 12:00:00,etth1,HUFL,24,42,xgboost,4.703100883089777
2018-02-10 13:00:00,etth1,HUFL,24,42,xgboost,4.8967155725656175
2018-02-10 14:00:00,etth1,HUFL,24,42,xgboost,5.549502807638753
2018-02-10 15:00:00,etth1,HUFL,24,42,xgboost,6.964938931289592
2018-02-10 16:00:00,etth1,HUFL,24,42,xgboost,6.722497599986614
2018-02-10 17:00:00,etth1,HUFL,24,42,xgboost,8.250238428696724
2018-02-10 18:00:00,etth1,HUFL,24,42,xgboost,7.038160863104705
2018-02-10 19:00:00,etth1,HUFL,24,42,xgboost,6.6475908455718695
2018-02-10 20:00:00,etth1,HUFL,24,42,xgboost,5.891577027544355
2018-02-10 21:00:00,etth1,HUFL,24,42,xgboost,5.740530267012891
2018-02-10 22:00:00,etth1,HUFL,24,42,xgboost,4.699154548515593
2018-02-10 23:00:00,etth1,HUFL,24,42,xgboost,5.435875881772156
2018-02-11 00:00:00,etth1,HUFL,24,42,xgboost,5.7656070363422005
2018-02-11 01:00:00,etth1,HUFL,24,42,xgboost,5.865380530979498
2018-02-11 02:00:00,etth1,HUFL,24,42,xgboost,5.706467794442136
2018-02-11 03:00:00,etth1,HUFL,24,42,xgboost,6.002278095240507
2018-02-11 04:00:00,etth1,HUFL,24,42,xgboost,5.63475442003424
2018-02-11 05:00:00,etth1,HUFL,24,42,xgboost,5.533782346763961
2018-02-11 06:00:00,etth1,HUFL,24,42,xgboost,5.286740741343764
2018-02-11 07:00:00,etth1,HUFL,24,42,xgboost,4.994071095407338
2018-02-11 08:00:00,etth1,HUFL,24,42,xgboost,4.878531146525842
2018-02-11 09:00:00,etth1,HUFL,24,42,xgboost,5.204834608266103
2018-02-11 10:00:00,etth1,HUFL,24,42,xgboost,3.5984694637202908
2018-02-11 11:00:00,etth1,HUFL,24,42,xgboost,2.791062002441079
2018-02-11 12:00:00,etth1,HUFL,24,42,xgboost,3.594910847119919
2018-02-11 13:00:00,etth1,HUFL,24,42,xgboost,4.772385593516477
2018-02-11 14:00:00,etth1,HUFL,24,42,xgboost,4.215226879070268
2018-02-11 15:00:00,etth1,HUFL,24,42,xgboost,4.750429761502676
2018-02-11 16:00:00,etth1,HUFL,24,42,xgboost,5.145145088699923
2018-02-11 17:00:00,etth1,HUFL,24,42,xgboost,4.47131036664084
2018-02-11 18:00:00,etth1,HUFL,24,42,xgboost,5.691283646879015
2018-02-11 19:00:00,etth1,HUFL,24,42,xgboost,4.93723307944573
2018-02-11 20:00:00,etth1,HUFL,24,42,xgboost,4.46405707836739
2018-02-11 21:00:00,etth1,HUFL,24,42,xgboost,4.437540745606207
2018-02-11 22:00:00,etth1,HUFL,24,42,xgboost,4.8098440120287576
2018-02-11 23:00:00,etth1,HUFL,24,42,xgboost,5.346896013604277
2018-02-12 00:00:00,etth1,HUFL,24,42,xgboost,5.929862059986377
2018-02-12 01:00:00,etth1,HUFL,24,42,xgboost,6.580090225427452
2018-02-12 02:00:00,etth1,HUFL,24,42,xgboost,7.169637597041182
2018-02-12 03:00:00,etth1,HUFL,24,42,xgboost,7.032919113549862
2018-02-12 04:00:00,etth1,HUFL,24,42,xgboost,6.998356395042291
2018-02-12 05:00:00,etth1,HUFL,24,42,xgboost,6.5678244642881864
2018-02-12 06:00:00,etth1,HUFL,24,42,xgboost,6.699562299707819
2018-02-12 07:00:00,etth1,HUFL,24,42,xgboost,6.498867542516382
2018-02-12 08:00:00,etth1,HUFL,24,42,xgboost,6.371521792845837
2018-02-12 09:00:00,etth1,HUFL,24,42,xgboost,6.017292948567324
2018-02-12 10:00:00,etth1,HUFL,24,42,xgboost,4.773914229474907
2018-02-12 11:00:00,etth1,HUFL,24,42,xgboost,4.234915557376692
2018-02-12 12:00:00,etth1,HUFL,24,42,xgboost,4.616038138022025
2018-02-12 13:00:00,etth1,HUFL,24,42,xgboost,5.048027112539896
2018-02-12 14:00:00,etth1,HUFL,24,42,xgboost,5.236545247359036
2018-02-12 15:00:00,etth1,HUFL,24,42,xgboost,4.694132099601622
2018-02-12 16:00:00,etth1,HUFL,24,42,xgboost,5.262342985456201
2018-02-12 17:00:00,etth1,HUFL,24,42,xgboost,4.55822575492313
2018-02-12 18:00:00,etth1,HUFL,24,42,xgboost,5.523097884151131
2018-02-12 19:00:00,etth1,HUFL,24,42,xgboost,5.458408535443826
2018-02-12 20:00:00,etth1,HUFL,24,42,xgboost,5.197718046473081
2018-02-12 21:00:00,etth1,HUFL,24,42,xgboost,4.94811519250769
2018-02-12 22:00:00,etth1,HUFL,24,42,xgboost,4.839068102367604
2018-02-12 23:00:00,etth1,HUFL,24,42,xgboost,4.8980370502405295
2018-02-13 00:00:00,etth1,HUFL,24,42,xgboost,5.605349201537837
2018-02-13 01:00:00,etth1,HUFL,24,42,xgboost,6.030134703370692
2018-02-13 02:00:00,etth1,HUFL,24,42,xgboost,6.128282689411788
2018-02-13 03:00:00,etth1,HUFL,24,42,xgboost,6.018125406560828
2018-02-13 04:00:00,etth1,HUFL,24,42,xgboost,5.8536296209706125
2018-02-13 05:00:00,etth1,HUFL,24,42,xgboost,5.61083401562373
2018-02-13 06:00:00,etth1,HUFL,24,42,xgboost,5.730880012402635
2018-02-13 07:00:00,etth1,HUFL,24,42,xgboost,5.585195765924595
2018-02-13 08:00:00,etth1,HUFL,24,42,xgboost,5.240453092741872
2018-02-13 09:00:00,etth1,HUFL,24,42,xgboost,5.541074361946727
2018-02-13 10:00:00,etth1,HUFL,24,42,xgboost,4.284793300019151
2018-02-13 11:00:00,etth1,HUFL,24,42,xgboost,3.6061540892127515
2018-02-13 12:00:00,etth1,HUFL,24,42,xgboost,3.5625051702906467
2018-02-13 13:00:00,etth1,HUFL,24,42,xgboost,3.4640298991620235
2018-02-13 14:00:00,etth1,HUFL,24,42,xgboost,3.350280084019637
2018-02-13 15:00:00,etth1,HUFL,24,42,xgboost,3.8987059288560624
2018-02-13 16:00:00,etth1,HUFL,24,42,xgboost,4.595096151670055
2018-02-13 17:00:00,etth1,HUFL,24,42,xgboost,3.9763180666134077
2018-02-13 18:00:00,etth1,HUFL,24,42,xgboost,2.8796095261857473
2018-02-13 19:00:00,etth1,HUFL,24,42,xgboost,3.4296518982109894
2018-02-13 20:00:00,etth1,HUFL,24,42,xgboost,3.5545099997275345
2018-02-13 21:00:00,etth1,HUFL,24,42,xgboost,3.9532486355981153
2018-02-13 22:00:00,etth1,HUFL,24,42,xgboost,4.379725522345841
2018-02-13 23:00:00,etth1,HUFL,24,42,xgboost,4.278947154362567
2018-02-14 00:00:00,etth1,HUFL,24,42,xgboost,4.674186254533023
2018-02-14 01:00:00,etth1,HUFL,24,42,xgboost,4.646343525211905
2018-02-14 02:00:00,etth1,HUFL,24,42,xgboost,5.1035750473128365
2018-02-14 03:00:00,etth1,HUFL,24,42,xgboost,4.69107060050773
2018-02-14 04:00:00,etth1,HUFL,24,42,xgboost,4.2817965423509685
2018-02-14 05:00:00,etth1,HUFL,24,42,xgboost,4.3757697640891635
2018-02-14 06:00:00,etth1,HUFL,24,42,xgboost,4.394565745394568
2018-02-14 07:00:00,etth1,HUFL,24,42,xgboost,4.685900854689098
2018-02-14 08:00:00,etth1,HUFL,24,42,xgboost,4.517134024145405
2018-02-14 09:00:00,etth1,HUFL,24,42,xgboost,4.531439369067949
2018-02-14 10:00:00,etth1,HUFL,24,42,xgboost,4.337441858729394
2018-02-14 11:00:00,etth1,HUFL,24,42,xgboost,5.473552851382098
2018-02-14 12:00:00,etth1,HUFL,24,42,xgboost,5.466053506672197
2018-02-14 13:00:00,etth1,HUFL,24,42,xgboost,6.387704693706759
2018-02-14 14:00:00,etth1,HUFL,24,42,xgboost,5.503550684103556
2018-02-14 15:00:00,etth1,HUFL,24,42,xgboost,5.238095145383787
2018-02-14 16:00:00,etth1,HUFL,24,42,xgboost,5.775481718207401
2018-02-14 17:00:00,etth1,HUFL,24,42,xgboost,5.724755190061225
2018-02-14 18:00:00,etth1,HUFL,24,42,xgboost,5.672036925444632
2018-02-14 19:00:00,etth1,HUFL,24,42,xgboost,5.579123049645617
2018-02-14 20:00:00,etth1,HUFL,24,42,xgboost,5.887972425073861
2018-02-14 21:00:00,etth1,HUFL,24,42,xgboost,5.97362028269599
2018-02-14 22:00:00,etth1,HUFL,24,42,xgboost,6.375861228237618
2018-02-14 23:00:00,etth1,HUFL,24,42,xgboost,6.281957082041349
2018-02-15 00:00:00,etth1,HUFL,24,42,xgboost,6.266099294829762
2018-02-15 01:00:00,etth1,HUFL,24,42,xgboost,6.164937557841081
2018-02-15 02:00:00,etth1,HUFL,24,42,xgboost,5.9679580126783796
2018-02-15 03:00:00,etth1,HUFL,24,42,xgboost,5.9299346475332415
2018-02-15 04:00:00,etth1,HUFL,24,42,xgboost,5.8425125869446335
2018-02-15 05:00:00,etth1,HUFL,24,42,xgboost,5.8809791543583225
2018-02-15 06:00:00,etth1,HUFL,24,42,xgboost,5.781732750703735
2018-02-15 07:00:00,etth1,HUFL,24,42,xgboost,6.183837763203779
2018-02-15 08:00:00,etth1,HUFL,24,42,xgboost,6.494719662173355
2018-02-15 09:00:00,etth1,HUFL,24,42,xgboost,5.41430111846275
2018-02-15 10:00:00,etth1,HUFL,24,42,xgboost,4.50136210990642
2018-02-15 11:00:00,etth1,HUFL,24,42,xgboost,3.722824440680931
2018-02-15 12:00:00,etth1,HUFL,24,42,xgboost,3.0022460349764977
2018-02-15 13:00:00,etth1,HUFL,24,42,xgboost,3.464446145377051
2018-02-15 14:00:00,etth1,HUFL,24,42,xgboost,3.146585716047982
2018-02-15 15:00:00,etth1,HUFL,24,42,xgboost,3.321381323302198
2018-02-15 16:00:00,etth1,HUFL,24,42,xgboost,3.3961377789894187
2018-02-15 17:00:00,etth1,HUFL,24,42,xgboost,3.21022625789549
2018-02-15 18:00:00,etth1,HUFL,24,42,xgboost,3.112150770820826
2018-02-15 19:00:00,etth1,HUFL,24,42,xgboost,2.749992032995778
2018-02-15 20:00:00,etth1,HUFL,24,42,xgboost,2.3569667325692034
2018-02-15 21:00:00,etth1,HUFL,24,42,xgboost,2.1745884199968906
2018-02-15 22:00:00,etth1,HUFL,24,42,xgboost,2.0383754071957405
2018-02-15 23:00:00,etth1,HUFL,24,42,xgboost,2.0087332237933744
2018-02-16 00:00:00,etth1,HUFL,24,42,xgboost,2.4599685036314853
2018-02-16 01:00:00,etth1,HUFL,24,42,xgboost,2.5617090721264337
2018-02-16 02:00:00,etth1,HUFL,24,42,xgboost,2.7177976897533616
2018-02-16 03:00:00,etth1,HUFL,24,42,xgboost,3.219842561900426
2018-02-16 04:00:00,etth1,HUFL,24,42,xgboost,3.8647602057820287
2018-02-16 05:00:00,etth1,HUFL,24,42,xgboost,3.874648610606274
2018-02-16 06:00:00,etth1,HUFL,24,42,xgboost,4.086916903476337
2018-02-16 07:00:00,etth1,HUFL,24,42,xgboost,4.3519492793279335
2018-02-16 08:00:00,etth1,HUFL,24,42,xgboost,4.369435813264874
2018-02-16 09:00:00,etth1,HUFL,24,42,xgboost,3.663878813897608
2018-02-16 10:00:00,etth1,HUFL,24,42,xgboost,3.305476476637125
2018-02-16 11:00:00,etth1,HUFL,24,42,xgboost,4.120296652450727
2018-02-16 12:00:00,etth1,HUFL,24,42,xgboost,5.340454445660076
2018-02-16 13:00:00,etth1,HUFL,24,42,xgboost,5.7477498518764465
2018-02-16 14:00:00,etth1,HUFL,24,42,xgboost,6.617941021019054
2018-02-16 15:00:00,etth1,HUFL,24,42,xgboost,7.815760854886662
2018-02-16 16:00:00,etth1,HUFL,24,42,xgboost,8.156817611901152
2018-02-16 17:00:00,etth1,HUFL,24,42,xgboost,7.6258106942632295
2018-02-16 18:00:00,etth1,HUFL,24,42,xgboost,6.40972205595164
2018-02-16 19:00:00,etth1,HUFL,24,42,xgboost,5.600502848348768
2018-02-16 20:00:00,etth1,HUFL,24,42,xgboost,5.3866452082796386
2018-02-16 21:00:00,etth1,HUFL,24,42,xgboost,5.624627144673597
2018-02-16 22:00:00,etth1,HUFL,24,42,xgboost,5.701246802921712
2018-02-16 23:00:00,etth1,HUFL,24,42,xgboost,6.3283983884549535
2018-02-17 00:00:00,etth1,HUFL,24,42,xgboost,6.544319889762753
2018-02-17 01:00:00,etth1,HUFL,24,42,xgboost,6.529274489315171
2018-02-17 02:00:00,etth1,HUFL,24,42,xgboost,6.5769205611521615
2018-02-17 03:00:00,etth1,HUFL,24,42,xgboost,6.421708929925
2018-02-17 04:00:00,etth1,HUFL,24,42,xgboost,6.110518379672485
2018-02-17 05:00:00,etth1,HUFL,24,42,xgboost,5.9091937475015
2018-02-17 06:00:00,etth1,HUFL,24,42,xgboost,5.798813930352193
2018-02-17 07:00:00,etth1,HUFL,24,42,xgboost,6.063258127909328
2018-02-17 08:00:00,etth1,HUFL,24,42,xgboost,6.35757427146823
2018-02-17 09:00:00,etth1,HUFL,24,42,xgboost,7.215389128430428
2018-02-17 10:00:00,etth1,HUFL,24,42,xgboost,6.025980128941426
2018-02-17 11:00:00,etth1,HUFL,24,42,xgboost,5.17480963562416
2018-02-17 12:00:00,etth1,HUFL,24,42,xgboost,4.759919289972615
2018-02-17 13:00:00,etth1,HUFL,24,42,xgboost,4.826150786677977
2018-02-17 14:00:00,etth1,HUFL,24,42,xgboost,5.4046201090615
2018-02-17 15:00:00,etth1,HUFL,24,42,xgboost,6.245487649917213
2018-02-17 16:00:00,etth1,HUFL,24,42,xgboost,6.834306426119994
2018-02-17 17:00:00,etth1,HUFL,24,42,xgboost,6.839098786623506
2018-02-17 18:00:00,etth1,HUFL,24,42,xgboost,5.8024157618581595
2018-02-17 19:00:00,etth1,HUFL,24,42,xgboost,6.467934737763055
2018-02-17 20:00:00,etth1,HUFL,24,42,xgboost,7.063981717708239
2018-02-17 21:00:00,etth1,HUFL,24,42,xgboost,7.735386766974561
2018-02-17 22:00:00,etth1,HUFL,24,42,xgboost,8.0513110707326
2018-02-17 23:00:00,etth1,HUFL,24,42,xgboost,8.266516049413456
2018-02-18 00:00:00,etth1,HUFL,24,42,xgboost,8.15543798895777
2018-02-18 01:00:00,etth1,HUFL,24,42,xgboost,7.879246391778423
2018-02-18 02:00:00,etth1,HUFL,24,42,xgboost,7.902430597814663
2018-02-18 03:00:00,etth1,HUFL,24,42,xgboost,7.739015956353285
2018-02-18 04:00:00,etth1,HUFL,24,42,xgboost,7.267533737636042
2018-02-18 05:00:00,etth1,HUFL,24,42,xgboost,7.2174808983307415
2018-02-18 06:00:00,etth1,HUFL,24,42,xgboost,7.036990765433011
2018-02-18 07:00:00,etth1,HUFL,24,42,xgboost,7.538933666373893
2018-02-18 08:00:00,etth1,HUFL,24,42,xgboost,8.734449862821249
2018-02-18 09:00:00,etth1,HUFL,24,42,xgboost,6.507121669692456
2018-02-18 10:00:00,etth1,HUFL,24,42,xgboost,5.556754994420825
2018-02-18 11:00:00,etth1,HUFL,24,42,xgboost,5.958448959478342
2018-02-18 12:00:00,etth1,HUFL,24,42,xgboost,5.586432416069734
2018-02-18 13:00:00,etth1,HUFL,24,42,xgboost,4.279950194810467
2018-02-18 14:00:00,etth1,HUFL,24,42,xgboost,4.395776265289692
2018-02-18 15:00:00,etth1,HUFL,24,42,xgboost,4.1027677392246
2018-02-18 16:00:00,etth1,HUFL,24,42,xgboost,4.070551922207378
2018-02-18 17:00:00,etth1,HUFL,24,42,xgboost,4.610417469037545
2018-02-18 18:00:00,etth1,HUFL,24,42,xgboost,3.8960906711752337
2018-02-18 19:00:00,etth1,HUFL,24,42,xgboost,2.9780025084624264
2018-02-18 20:00:00,etth1,HUFL,24,42,xgboost,2.372773300154949
2018-02-18 21:00:00,etth1,HUFL,24,42,xgboost,2.63036554859954
2018-02-18 22:00:00,etth1,HUFL,24,42,xgboost,3.3002659533867607
2018-02-18 23:00:00,etth1,HUFL,24,42,xgboost,4.153724304966701
2018-02-19 00:00:00,etth1,HUFL,24,42,xgboost,4.786421144839988
2018-02-19 01:00:00,etth1,HUFL,24,42,xgboost,4.665014615847281
2018-02-19 02:00:00,etth1,HUFL,24,42,xgboost,4.664069028608151
2018-02-19 03:00:00,etth1,HUFL,24,42,xgboost,4.820774390396063
2018-02-19 04:00:00,etth1,HUFL,24,42,xgboost,5.170856414869373
2018-02-19 05:00:00,etth1,HUFL,24,42,xgboost,5.424539733250961
2018-02-19 06:00:00,etth1,HUFL,24,42,xgboost,5.856180297916937
2018-02-19 07:00:00,etth1,HUFL,24,42,xgboost,5.918421475954283
2018-02-19 08:00:00,etth1,HUFL,24,42,xgboost,6.735797846407325
2018-02-19 09:00:00,etth1,HUFL,24,42,xgboost,5.221474788933439
2018-02-19 10:00:00,etth1,HUFL,24,42,xgboost,4.438956803257775
2018-02-19 11:00:00,etth1,HUFL,24,42,xgboost,4.412867212995457
2018-02-19 12:00:00,etth1,HUFL,24,42,xgboost,4.288983059813027
2018-02-19 13:00:00,etth1,HUFL,24,42,xgboost,3.62507081270167
2018-02-19 14:00:00,etth1,HUFL,24,42,xgboost,3.6299185272606707
2018-02-19 15:00:00,etth1,HUFL,24,42,xgboost,4.010919760174138
2018-02-19 16:00:00,etth1,HUFL,24,42,xgboost,4.4713225870977595
2018-02-19 17:00:00,etth1,HUFL,24,42,xgboost,4.635788311396998
2018-02-19 18:00:00,etth1,HUFL,24,42,xgboost,4.520680422847293
2018-02-19 19:00:00,etth1,HUFL,24,42,xgboost,4.32405210135203
2018-02-19 20:00:00,etth1,HUFL,24,42,xgboost,3.761728302456811
2018-02-19 21:00:00,etth1,HUFL,24,42,xgboost,3.815444424203753
2018-02-19 22:00:00,etth1,HUFL,24,42,xgboost,4.00008024871418
2018-02-19 23:00:00,etth1,HUFL,24,42,xgboost,4.522072708293651
2018-02-20 00:00:00,etth1,HUFL,24,42,xgboost,4.359653985558144
2018-02-20 01:00:00,etth1,HUFL,24,42,xgboost,4.139257767414224
2018-02-20 02:00:00,etth1,HUFL,24,42,xgboost,4.190713839412561
2018-02-20 03:00:00,etth1,HUFL,24,42,xgboost,4.300218413303107
2018-02-20 04:00:00,etth1,HUFL,24,42,xgboost,4.606039655798571
2018-02-20 05:00:00,etth1,HUFL,24,42,xgboost,4.714855928992986
2018-02-20 06:00:00,etth1,HUFL,24,42,xgboost,4.816231771802893
2018-02-20 07:00:00,etth1,HUFL,24,42,xgboost,5.128498033085731
2018-02-20 08:00:00,etth1,HUFL,24,42,xgboost,5.795165811556619
2018-02-20 09:00:00,etth1,HUFL,24,42,xgboost,4.670376470274415
2018-02-20 10:00:00,etth1,HUFL,24,42,xgboost,4.173029470229362
2018-02-20 11:00:00,etth1,HUFL,24,42,xgboost,3.849748460871711
2018-02-20 12:00:00,etth1,HUFL,24,42,xgboost,3.3366209909623787
2018-02-20 13:00:00,etth1,HUFL,24,42,xgboost,3.100878209279209
2018-02-20 14:00:00,etth1,HUFL,24,42,xgboost,2.9951584409417826
2018-02-20 15:00:00,etth1,HUFL,24,42,xgboost,3.902347143929642
2018-02-20 16:00:00,etth1,HUFL,24,42,xgboost,3.7783426298048273
2018-02-20 17:00:00,etth1,HUFL,24,42,xgboost,3.7513186604945994
2018-02-20 18:00:00,etth1,HUFL,24,42,xgboost,3.6922928055604736
2018-02-20 19:00:00,etth1,HUFL,24,42,xgboost,3.6404323402942906
2018-02-20 20:00:00,etth1,HUFL,24,42,xgboost,3.3979216982128926
2018-02-20 21:00:00,etth1,HUFL,24,42,xgboost,3.0626801619491864
2018-02-20 22:00:00,etth1,HUFL,24,42,xgboost,2.7930215857636793
2018-02-20 23:00:00,etth1,HUFL,24,42,xgboost,2.9853189020207758
2018-02-21 00:00:00,etth1,HUFL,24,42,xgboost,2.969356416653447
2018-02-21 01:00:00,etth1,HUFL,24,42,xgboost,2.6590840047952633
2018-02-21 02:00:00,etth1,HUFL,24,42,xgboost,2.748249790135785
2018-02-21 03:00:00,etth1,HUFL,24,42,xgboost,3.050510347362085
2018-02-21 04:00:00,etth1,HUFL,24,42,xgboost,3.3214404917079463
2018-02-21 05:00:00,etth1,HUFL,24,42,xgboost,3.3451180840114745
2018-02-21 06:00:00,etth1,HUFL,24,42,xgboost,3.348952685343539
2018-02-21 07:00:00,etth1,HUFL,24,42,xgboost,3.5302254880068524
2018-02-21 08:00:00,etth1,HUFL,24,42,xgboost,3.5133562539206853
2018-02-21 09:00:00,etth1,HUFL,24,42,xgboost,2.734057284166236
2018-02-21 10:00:00,etth1,HUFL,24,42,xgboost,3.609985524382657
2018-02-21 11:00:00,etth1,HUFL,24,42,xgboost,3.6024891268197194
2018-02-21 12:00:00,etth1,HUFL,24,42,xgboost,3.9105348961592035
2018-02-21 13:00:00,etth1,HUFL,24,42,xgboost,4.294342624379372
2018-02-21 14:00:00,etth1,HUFL,24,42,xgboost,5.271536405187217
2018-02-21 15:00:00,etth1,HUFL,24,42,xgboost,6.173215257969151
2018-02-21 16:00:00,etth1,HUFL,24,42,xgboost,6.384613414876559
2018-02-21 17:00:00,etth1,HUFL,24,42,xgboost,6.262638480588546
2018-02-21 18:00:00,etth1,HUFL,24,42,xgboost,5.925713826394479
2018-02-21 19:00:00,etth1,HUFL,24,42,xgboost,5.261854377140782
2018-02-21 20:00:00,etth1,HUFL,24,42,xgboost,4.6461460071393335
2018-02-21 21:00:00,etth1,HUFL,24,42,xgboost,4.577708140877018
2018-02-21 22:00:00,etth1,HUFL,24,42,xgboost,4.650755505892814
2018-02-21 23:00:00,etth1,HUFL,24,42,xgboost,5.373693604603034
2018-02-22 00:00:00,etth1,HUFL,24,42,xgboost,5.601721667562935
2018-02-22 01:00:00,etth1,HUFL,24,42,xgboost,5.629866817887333
2018-02-22 02:00:00,etth1,HUFL,24,42,xgboost,5.105893741969584
2018-02-22 03:00:00,etth1,HUFL,24,42,xgboost,5.067382880220655
2018-02-22 04:00:00,etth1,HUFL,24,42,xgboost,4.804039129676002
2018-02-22 05:00:00,etth1,HUFL,24,42,xgboost,4.9278771846678495
2018-02-22 06:00:00,etth1,HUFL,24,42,xgboost,4.627388996200796
2018-02-22 07:00:00,etth1,HUFL,24,42,xgboost,4.698783603709187
2018-02-22 08:00:00,etth1,HUFL,24,42,xgboost,5.01434357611445
2018-02-22 09:00:00,etth1,HUFL,24,42,xgboost,5.72925448493208
2018-02-22 10:00:00,etth1,HUFL,24,42,xgboost,5.636297161401221
2018-02-22 11:00:00,etth1,HUFL,24,42,xgboost,4.013225505433211
2018-02-22 12:00:00,etth1,HUFL,24,42,xgboost,4.721523234268919
2018-02-22 13:00:00,etth1,HUFL,24,42,xgboost,4.427156193297587
2018-02-22 14:00:00,etth1,HUFL,24,42,xgboost,4.7447861649851335
2018-02-22 15:00:00,etth1,HUFL,24,42,xgboost,4.844196086371291
2018-02-22 16:00:00,etth1,HUFL,24,42,xgboost,4.773479936938145
2018-02-22 17:00:00,etth1,HUFL,24,42,xgboost,5.423920716498382
2018-02-22 18:00:00,etth1,HUFL,24,42,xgboost,5.735807729476279
2018-02-22 19:00:00,etth1,HUFL,24,42,xgboost,6.460757500170199
2018-02-22 20:00:00,etth1,HUFL,24,42,xgboost,5.908827059149892
2018-02-22 21:00:00,etth1,HUFL,24,42,xgboost,5.125450629632943
2018-02-22 22:00:00,etth1,HUFL,24,42,xgboost,5.1614007712959875
2018-02-22 23:00:00,etth1,HUFL,24,42,xgboost,5.651279604911942
2018-02-23 00:00:00,etth1,HUFL,24,42,xgboost,6.062916203466462
2018-02-23 01:00:00,etth1,HUFL,24,42,xgboost,5.946468381405777
2018-02-23 02:00:00,etth1,HUFL,24,42,xgboost,6.327194657564237
2018-02-23 03:00:00,etth1,HUFL,24,42,xgboost,6.122296298582992
2018-02-23 04:00:00,etth1,HUFL,24,42,xgboost,6.107985391624983
2018-02-23 05:00:00,etth1,HUFL,24,42,xgboost,6.194648739454773
2018-02-23 06:00:00,etth1,HUFL,24,42,xgboost,6.128249166624264
2018-02-23 07:00:00,etth1,HUFL,24,42,xgboost,6.450781704272463
2018-02-23 08:00:00,etth1,HUFL,24,42,xgboost,6.916268476470987
2018-02-23 09:00:00,etth1,HUFL,24,42,xgboost,6.41382294846634
2018-02-23 10:00:00,etth1,HUFL,24,42,xgboost,4.971798857992072
2018-02-23 11:00:00,etth1,HUFL,24,42,xgboost,4.812465101778073
2018-02-23 12:00:00,etth1,HUFL,24,42,xgboost,5.332629272788014
2018-02-23 13:00:00,etth1,HUFL,24,42,xgboost,5.14458069436616
2018-02-23 14:00:00,etth1,HUFL,24,42,xgboost,5.641623403016358
2018-02-23 15:00:00,etth1,HUFL,24,42,xgboost,6.089831951633747
2018-02-23 16:00:00,etth1,HUFL,24,42,xgboost,6.123705464601265
2018-02-23 17:00:00,etth1,HUFL,24,42,xgboost,5.860136566284907
2018-02-23 18:00:00,etth1,HUFL,24,42,xgboost,5.749308137132554
2018-02-23 19:00:00,etth1,HUFL,24,42,xgboost,5.332329534786614
2018-02-23 20:00:00,etth1,HUFL,24,42,xgboost,5.971512942435754
2018-02-23 21:00:00,etth1,HUFL,24,42,xgboost,6.365200120436579
2018-02-23 22:00:00,etth1,HUFL,24,42,xgboost,6.597839544000205
2018-02-23 23:00:00,etth1,HUFL,24,42,xgboost,6.969519614524914
2018-02-24 00:00:00,etth1,HUFL,24,42,xgboost,7.5237703039762245
2018-02-24 01:00:00,etth1,HUFL,24,42,xgboost,6.447659369741248
2018-02-24 02:00:00,etth1,HUFL,24,42,xgboost,6.009208390236451
2018-02-24 03:00:00,etth1,HUFL,24,42,xgboost,6.092684752949428
2018-02-24 04:00:00,etth1,HUFL,24,42,xgboost,5.975735246826559
2018-02-24 05:00:00,etth1,HUFL,24,42,xgboost,5.821724990670302
2018-02-24 06:00:00,etth1,HUFL,24,42,xgboost,6.003219134119694
2018-02-24 07:00:00,etth1,HUFL,24,42,xgboost,6.622560376265523
2018-02-24 08:00:00,etth1,HUFL,24,42,xgboost,6.290396951531187
2018-02-24 09:00:00,etth1,HUFL,24,42,xgboost,5.137127021182356
2018-02-24 10:00:00,etth1,HUFL,24,42,xgboost,3.332259550980314
2018-02-24 11:00:00,etth1,HUFL,24,42,xgboost,3.119200959516269
2018-02-24 12:00:00,etth1,HUFL,24,42,xgboost,3.1882930098203794
2018-02-24 13:00:00,etth1,HUFL,24,42,xgboost,2.506235709247084
2018-02-24 14:00:00,etth1,HUFL,24,42,xgboost,2.809189482773501
2018-02-24 15:00:00,etth1,HUFL,24,42,xgboost,2.5202263275330106
2018-02-24 16:00:00,etth1,HUFL,24,42,xgboost,3.077117109782954
2018-02-24 17:00:00,etth1,HUFL,24,42,xgboost,3.714848609504081
2018-02-24 18:00:00,etth1,HUFL,24,42,xgboost,2.5458424356199933
2018-02-24 19:00:00,etth1,HUFL,24,42,xgboost,2.228404706830362
2018-02-24 20:00:00,etth1,HUFL,24,42,xgboost,2.0241117273206797
2018-02-24 21:00:00,etth1,HUFL,24,42,xgboost,1.88711803087086
2018-02-24 22:00:00,etth1,HUFL,24,42,xgboost,2.399393835958181
2018-02-24 23:00:00,etth1,HUFL,24,42,xgboost,2.8919428366623205
2018-02-25 00:00:00,etth1,HUFL,24,42,xgboost,2.6236629052545797
2018-02-25 01:00:00,etth1,HUFL,24,42,xgboost,2.092244167793258
2018-02-25 02:00:00,etth1,HUFL,24,42,xgboost,2.056412879408829
2018-02-25 03:00:00,etth1,HUFL,24,42,xgboost,2.0233772126782905
2018-02-25 04:00:00,etth1,HUFL,24,42,xgboost,2.0940516248613097
2018-02-25 05:00:00,etth1,HUFL,24,42,xgboost,2.0054193013625934
2018-02-25 06:00:00,etth1,HUFL,24,42,xgboost,2.1286051879456247
2018-02-25 07:00:00,etth1,HUFL,24,42,xgboost,2.1633643726515897
2018-02-25 08:00:00,etth1,HUFL,24,42,xgboost,2.6546473736300866
2018-02-25 09:00:00,etth1,HUFL,24,42,xgboost,3.381063042609869
2018-02-25 10:00:00,etth1,HUFL,24,42,xgboost,2.7619031121604443
2018-02-25 11:00:00,etth1,HUFL,24,42,xgboost,3.4459714231437837
2018-02-25 12:00:00,etth1,HUFL,24,42,xgboost,3.0066126574337004
2018-02-25 13:00:00,etth1,HUFL,24,42,xgboost,3.4333041440870833
2018-02-25 14:00:00,etth1,HUFL,24,42,xgboost,3.8100373456065175
2018-02-25 15:00:00,etth1,HUFL,24,42,xgboost,4.128434033188498
2018-02-25 16:00:00,etth1,HUFL,24,42,xgboost,4.3432244812934755
2018-02-25 17:00:00,etth1,HUFL,24,42,xgboost,4.931654509239404
2018-02-25 18:00:00,etth1,HUFL,24,42,xgboost,4.05579879886486
2018-02-25 19:00:00,etth1,HUFL,24,42,xgboost,3.7948644989503317
2018-02-25 20:00:00,etth1,HUFL,24,42,xgboost,3.681984818248645
2018-02-25 21:00:00,etth1,HUFL,24,42,xgboost,3.6758755728217065
2018-02-25 22:00:00,etth1,HUFL,24,42,xgboost,3.9658969493370293
2018-02-25 23:00:00,etth1,HUFL,24,42,xgboost,4.331046772843677
2018-02-26 00:00:00,etth1,HUFL,24,42,xgboost,4.502005076907972
2018-02-26 01:00:00,etth1,HUFL,24,42,xgboost,4.441414510020601
2018-02-26 02:00:00,etth1,HUFL,24,42,xgboost,4.763891905277129
2018-02-26 03:00:00,etth1,HUFL,24,42,xgboost,4.958588187599482
2018-02-26 04:00:00,etth1,HUFL,24,42,xgboost,4.709713425186726
2018-02-26 05:00:00,etth1,HUFL,24,42,xgboost,4.351067920395587
2018-02-26 06:00:00,etth1,HUFL,24,42,xgboost,4.299530821551778
2018-02-26 07:00:00,etth1,HUFL,24,42,xgboost,4.335675187411229
2018-02-26 08:00:00,etth1,HUFL,24,42,xgboost,4.962395548376328
2018-02-26 09:00:00,etth1,HUFL,24,42,xgboost,4.923309600625238
2018-02-26 10:00:00,etth1,HUFL,24,42,xgboost,4.430686217140627
2018-02-26 11:00:00,etth1,HUFL,24,42,xgboost,3.062324473833056
2018-02-26 12:00:00,etth1,HUFL,24,42,xgboost,2.9763964518033004
2018-02-26 13:00:00,etth1,HUFL,24,42,xgboost,3.4011277360293293
2018-02-26 14:00:00,etth1,HUFL,24,42,xgboost,2.7505778818770152
2018-02-26 15:00:00,etth1,HUFL,24,42,xgboost,3.447366516841026
2018-02-26 16:00:00,etth1,HUFL,24,42,xgboost,3.620228801937754
2018-02-26 17:00:00,etth1,HUFL,24,42,xgboost,3.828514082124048
2018-02-26 18:00:00,etth1,HUFL,24,42,xgboost,3.7720153384251045
2018-02-26 19:00:00,etth1,HUFL,24,42,xgboost,2.7599851246762994
2018-02-26 20:00:00,etth1,HUFL,24,42,xgboost,3.007025206800836
2018-02-26 21:00:00,etth1,HUFL,24,42,xgboost,3.212994194692943
2018-02-26 22:00:00,etth1,HUFL,24,42,xgboost,3.5076720552535594
2018-02-26 23:00:00,etth1,HUFL,24,42,xgboost,3.32289875064759
2018-02-27 00:00:00,etth1,HUFL,24,42,xgboost,3.908958788255754
2018-02-27 01:00:00,etth1,HUFL,24,42,xgboost,3.4324781812833103
2018-02-27 02:00:00,etth1,HUFL,24,42,xgboost,3.587809391301039
2018-02-27 03:00:00,etth1,HUFL,24,42,xgboost,3.5331956241989295
2018-02-27 04:00:00,etth1,HUFL,24,42,xgboost,3.2723530567421406
2018-02-27 05:00:00,etth1,HUFL,24,42,xgboost,3.4385392186257975
2018-02-27 06:00:00,etth1,HUFL,24,42,xgboost,3.391498080230995
2018-02-27 07:00:00,etth1,HUFL,24,42,xgboost,3.8142127477287637
2018-02-27 08:00:00,etth1,HUFL,24,42,xgboost,4.411815234006332
2018-02-27 09:00:00,etth1,HUFL,24,42,xgboost,3.4155026295896502
2018-02-27 10:00:00,etth1,HUFL,24,42,xgboost,3.5515041845914133
2018-02-27 11:00:00,etth1,HUFL,24,42,xgboost,4.449664712608808
2018-02-27 12:00:00,etth1,HUFL,24,42,xgboost,5.566936539319024
2018-02-27 13:00:00,etth1,HUFL,24,42,xgboost,4.831205964337113
2018-02-27 14:00:00,etth1,HUFL,24,42,xgboost,3.627210688047313
2018-02-27 15:00:00,etth1,HUFL,24,42,xgboost,4.165786366700198
2018-02-27 16:00:00,etth1,HUFL,24,42,xgboost,4.757991293105961
2018-02-27 17:00:00,etth1,HUFL,24,42,xgboost,4.4907164783628915
2018-02-27 18:00:00,etth1,HUFL,24,42,xgboost,4.7350506011674796
2018-02-27 19:00:00,etth1,HUFL,24,42,xgboost,4.954019460708236
2018-02-27 20:00:00,etth1,HUFL,24,42,xgboost,4.870900453067678
2018-02-27 21:00:00,etth1,HUFL,24,42,xgboost,4.455867352641532
2018-02-27 22:00:00,etth1,HUFL,24,42,xgboost,4.137347769960441
2018-02-27 23:00:00,etth1,HUFL,24,42,xgboost,4.064897911279075
2018-02-28 00:00:00,etth1,HUFL,24,42,xgboost,3.903641562830581
2018-02-28 01:00:00,etth1,HUFL,24,42,xgboost,3.763498042709069
2018-02-28 02:00:00,etth1,HUFL,24,42,xgboost,3.7799360538567988
2018-02-28 03:00:00,etth1,HUFL,24,42,xgboost,3.5167506257424095
2018-02-28 04:00:00,etth1,HUFL,24,42,xgboost,3.7179395755745386
2018-02-28 05:00:00,etth1,HUFL,24,42,xgboost,3.4564004661850305
2018-02-28 06:00:00,etth1,HUFL,24,42,xgboost,3.6807352111914415
2018-02-28 07:00:00,etth1,HUFL,24,42,xgboost,4.098429423313845
2018-02-28 08:00:00,etth1,HUFL,24,42,xgboost,4.765531391627399
2018-02-28 09:00:00,etth1,HUFL,24,42,xgboost,4.204979093583835
2018-02-28 10:00:00,etth1,HUFL,24,42,xgboost,4.097816217408884
2018-02-28 11:00:00,etth1,HUFL,24,42,xgboost,4.178132762331136
2018-02-28 12:00:00,etth1,HUFL,24,42,xgboost,4.415450437830811
2018-02-28 13:00:00,etth1,HUFL,24,42,xgboost,4.0192754483505855
2018-02-28 14:00:00,etth1,HUFL,24,42,xgboost,5.490184303015348
2018-02-28 15:00:00,etth1,HUFL,24,42,xgboost,3.18520755674059
2018-02-28 16:00:00,etth1,HUFL,24,42,xgboost,3.9145829095432116
2018-02-28 17:00:00,etth1,HUFL,24,42,xgboost,3.567388001995571
2018-02-28 18:00:00,etth1,HUFL,24,42,xgboost,4.008072991779297
2018-02-28 19:00:00,etth1,HUFL,24,42,xgboost,3.9209477839519287
2018-02-28 20:00:00,etth1,HUFL,24,42,xgboost,4.138095577593741
2018-02-28 21:00:00,etth1,HUFL,24,42,xgboost,4.157615922122221
2018-02-28 22:00:00,etth1,HUFL,24,42,xgboost,4.53460298580753
2018-02-28 23:00:00,etth1,HUFL,24,42,xgboost,4.2738953467107645
2018-03-01 00:00:00,etth1,HUFL,24,42,xgboost,4.665033700171809
2018-03-01 01:00:00,etth1,HUFL,24,42,xgboost,4.034166338813852
2018-03-01 02:00:00,etth1,HUFL,24,42,xgboost,3.772370709421287
2018-03-01 03:00:00,etth1,HUFL,24,42,xgboost,3.6391220312994292
2018-03-01 04:00:00,etth1,HUFL,24,42,xgboost,3.521468216319912
2018-03-01 05:00:00,etth1,HUFL,24,42,xgboost,3.3810112389865252
2018-03-01 06:00:00,etth1,HUFL,24,42,xgboost,3.3656814263265957
2018-03-01 07:00:00,etth1,HUFL,24,42,xgboost,3.39483226025375
2018-03-01 08:00:00,etth1,HUFL,24,42,xgboost,4.0175448901312025
2018-03-01 09:00:00,etth1,HUFL,24,42,xgboost,4.745377834182537
2018-03-01 10:00:00,etth1,HUFL,24,42,xgboost,4.667467883736395
2018-03-01 11:00:00,etth1,HUFL,24,42,xgboost,4.342897421006399
2018-03-01 12:00:00,etth1,HUFL,24,42,xgboost,4.780197463333651
2018-03-01 13:00:00,etth1,HUFL,24,42,xgboost,3.595649937385444
2018-03-01 14:00:00,etth1,HUFL,24,42,xgboost,3.5359741558496953
2018-03-01 15:00:00,etth1,HUFL,24,42,xgboost,2.9908494913587487
2018-03-01 16:00:00,etth1,HUFL,24,42,xgboost,2.3580929928356142
2018-03-01 17:00:00,etth1,HUFL,24,42,xgboost,3.397580984759196
2018-03-01 18:00:00,etth1,HUFL,24,42,xgboost,2.9718380558780297
2018-03-01 19:00:00,etth1,HUFL,24,42,xgboost,2.924133379421192
2018-03-01 20:00:00,etth1,HUFL,24,42,xgboost,2.620848998039343
2018-03-01 21:00:00,etth1,HUFL,24,42,xgboost,2.9628289327671475
2018-03-01 22:00:00,etth1,HUFL,24,42,xgboost,2.8605498959972784
2018-03-01 23:00:00,etth1,HUFL,24,42,xgboost,3.1050217844864982
2018-03-02 00:00:00,etth1,HUFL,24,42,xgboost,3.331349895867017
2018-03-02 01:00:00,etth1,HUFL,24,42,xgboost,2.7544573651380566
2018-03-02 02:00:00,etth1,HUFL,24,42,xgboost,2.5335892127112536
2018-03-02 03:00:00,etth1,HUFL,24,42,xgboost,2.3101286534379253
2018-03-02 04:00:00,etth1,HUFL,24,42,xgboost,2.114994939252106
2018-03-02 05:00:00,etth1,HUFL,24,42,xgboost,2.2449869472854673
2018-03-02 06:00:00,etth1,HUFL,24,42,xgboost,1.9877465557775824
2018-03-02 07:00:00,etth1,HUFL,24,42,xgboost,2.3270638969956967
2018-03-02 08:00:00,etth1,HUFL,24,42,xgboost,2.517073405214892
2018-03-02 09:00:00,etth1,HUFL,24,42,xgboost,1.7054937496554903
2018-03-02 10:00:00,etth1,HUFL,24,42,xgboost,2.553755264937784
2018-03-02 11:00:00,etth1,HUFL,24,42,xgboost,2.763555417406213
2018-03-02 12:00:00,etth1,HUFL,24,42,xgboost,2.4730058568607403
2018-03-02 13:00:00,etth1,HUFL,24,42,xgboost,1.8318664291055242
2018-03-02 14:00:00,etth1,HUFL,24,42,xgboost,2.406816108333251
2018-03-02 15:00:00,etth1,HUFL,24,42,xgboost,3.2967762107637135
2018-03-02 16:00:00,etth1,HUFL,24,42,xgboost,2.487747115786659
2018-03-02 17:00:00,etth1,HUFL,24,42,xgboost,2.7696308089810997
2018-03-02 18:00:00,etth1,HUFL,24,42,xgboost,3.117344297214386
2018-03-02 19:00:00,etth1,HUFL,24,42,xgboost,3.1339339368468138
2018-03-02 20:00:00,etth1,HUFL,24,42,xgboost,3.748760844458399
2018-03-02 21:00:00,etth1,HUFL,24,42,xgboost,3.914497286695036
2018-03-02 22:00:00,etth1,HUFL,24,42,xgboost,4.03099609454275
2018-03-02 23:00:00,etth1,HUFL,24,42,xgboost,4.22405418948022
2018-03-03 00:00:00,etth1,HUFL,24,42,xgboost,3.879398711278012
2018-03-03 01:00:00,etth1,HUFL,24,42,xgboost,3.622262436597852
2018-03-03 02:00:00,etth1,HUFL,24,42,xgboost,3.1732892108051574
2018-03-03 03:00:00,etth1,HUFL,24,42,xgboost,3.1025279308681806
2018-03-03 04:00:00,etth1,HUFL,24,42,xgboost,3.034532117085812
2018-03-03 05:00:00,etth1,HUFL,24,42,xgboost,2.8792254117158556
2018-03-03 06:00:00,etth1,HUFL,24,42,xgboost,3.1472237060787926
2018-03-03 07:00:00,etth1,HUFL,24,42,xgboost,2.8637287795647235
2018-03-03 08:00:00,etth1,HUFL,24,42,xgboost,2.969573202493556
2018-03-03 09:00:00,etth1,HUFL,24,42,xgboost,3.5991566057979707
2018-03-03 10:00:00,etth1,HUFL,24,42,xgboost,4.2629885205343
2018-03-03 11:00:00,etth1,HUFL,24,42,xgboost,3.7122099975387566
2018-03-03 12:00:00,etth1,HUFL,24,42,xgboost,3.6660354985723465
2018-03-03 13:00:00,etth1,HUFL,24,42,xgboost,4.856698875190666
2018-03-03 14:00:00,etth1,HUFL,24,42,xgboost,4.527753399605267
2018-03-03 15:00:00,etth1,HUFL,24,42,xgboost,4.305809885015436
2018-03-03 16:00:00,etth1,HUFL,24,42,xgboost,3.782925146621111
2018-03-03 17:00:00,etth1,HUFL,24,42,xgboost,3.6972115535596353
2018-03-03 18:00:00,etth1,HUFL,24,42,xgboost,3.8359012498514033
2018-03-03 19:00:00,etth1,HUFL,24,42,xgboost,4.404657712152073
2018-03-03 20:00:00,etth1,HUFL,24,42,xgboost,4.844361580546251
2018-03-03 21:00:00,etth1,HUFL,24,42,xgboost,4.202031091671035
2018-03-03 22:00:00,etth1,HUFL,24,42,xgboost,3.965662795863975
2018-03-03 23:00:00,etth1,HUFL,24,42,xgboost,3.792527693831778
2018-03-04 00:00:00,etth1,HUFL,24,42,xgboost,3.3923127298363895
2018-03-04 01:00:00,etth1,HUFL,24,42,xgboost,3.1637375430760737
2018-03-04 02:00:00,etth1,HUFL,24,42,xgboost,3.824203944870207
2018-03-04 03:00:00,etth1,HUFL,24,42,xgboost,3.590769960200555
2018-03-04 04:00:00,etth1,HUFL,24,42,xgboost,3.2032912675718026
2018-03-04 05:00:00,etth1,HUFL,24,42,xgboost,3.323518993577826
2018-03-04 06:00:00,etth1,HUFL,24,42,xgboost,3.3552235294430126
2018-03-04 07:00:00,etth1,HUFL,24,42,xgboost,2.9451246532058257
2018-03-04 08:00:00,etth1,HUFL,24,42,xgboost,3.2572250181312916
2018-03-04 09:00:00,etth1,HUFL,24,42,xgboost,3.35307054779703
2018-03-04 10:00:00,etth1,HUFL,24,42,xgboost,3.0648682337844044
2018-03-04 11:00:00,etth1,HUFL,24,42,xgboost,3.563774617666196
2018-03-04 12:00:00,etth1,HUFL,24,42,xgboost,4.342382181932902
2018-03-04 13:00:00,etth1,HUFL,24,42,xgboost,4.97367148330407
2018-03-04 14:00:00,etth1,HUFL,24,42,xgboost,3.95592007339377
2018-03-04 15:00:00,etth1,HUFL,24,42,xgboost,4.329652079724428
2018-03-04 16:00:00,etth1,HUFL,24,42,xgboost,5.138510664816972
2018-03-04 17:00:00,etth1,HUFL,24,42,xgboost,4.878810827471804
2018-03-04 18:00:00,etth1,HUFL,24,42,xgboost,5.001885637860208
2018-03-04 19:00:00,etth1,HUFL,24,42,xgboost,5.1707230758429965
2018-03-04 20:00:00,etth1,HUFL,24,42,xgboost,5.512748574918722
2018-03-04 21:00:00,etth1,HUFL,24,42,xgboost,4.7615120323446805
2018-03-04 22:00:00,etth1,HUFL,24,42,xgboost,4.591311697066456
2018-03-04 23:00:00,etth1,HUFL,24,42,xgboost,4.707790096115009
2018-03-05 00:00:00,etth1,HUFL,24,42,xgboost,4.638242623408227
2018-03-05 01:00:00,etth1,HUFL,24,42,xgboost,4.253568540723882
2018-03-05 02:00:00,etth1,HUFL,24,42,xgboost,4.07509685045034
2018-03-05 03:00:00,etth1,HUFL,24,42,xgboost,3.9239165752518006
2018-03-05 04:00:00,etth1,HUFL,24,42,xgboost,3.88817021516331
2018-03-05 05:00:00,etth1,HUFL,24,42,xgboost,3.7440525920066317
2018-03-05 06:00:00,etth1,HUFL,24,42,xgboost,3.8510303286015213
2018-03-05 07:00:00,etth1,HUFL,24,42,xgboost,4.185763746937238
2018-03-05 08:00:00,etth1,HUFL,24,42,xgboost,4.635612151066877
2018-03-05 09:00:00,etth1,HUFL,24,42,xgboost,4.501564105315414
2018-03-05 10:00:00,etth1,HUFL,24,42,xgboost,5.151626000294045
2018-03-05 11:00:00,etth1,HUFL,24,42,xgboost,5.865297877962973
2018-03-05 12:00:00,etth1,HUFL,24,42,xgboost,5.372006970348155
2018-03-05 13:00:00,etth1,HUFL,24,42,xgboost,3.2584688049287642
2018-03-05 14:00:00,etth1,HUFL,24,42,xgboost,3.1216895987277398
2018-03-05 15:00:00,etth1,HUFL,24,42,xgboost,2.7913833136906483
2018-03-05 16:00:00,etth1,HUFL,24,42,xgboost,3.604480418553056
2018-03-05 17:00:00,etth1,HUFL,24,42,xgboost,3.3282714089673227
2018-03-05 18:00:00,etth1,HUFL,24,42,xgboost,3.070276986588167
2018-03-05 19:00:00,etth1,HUFL,24,42,xgboost,3.5175126926382325
2018-03-05 20:00:00,etth1,HUFL,24,42,xgboost,3.5961083468532222
2018-03-05 21:00:00,etth1,HUFL,24,42,xgboost,3.7269947152361866
2018-03-05 22:00:00,etth1,HUFL,24,42,xgboost,3.270569554025332
2018-03-05 23:00:00,etth1,HUFL,24,42,xgboost,2.9195930166215276
2018-03-06 00:00:00,etth1,HUFL,24,42,xgboost,2.7949738644545454
2018-03-06 01:00:00,etth1,HUFL,24,42,xgboost,2.435517079285893
2018-03-06 02:00:00,etth1,HUFL,24,42,xgboost,2.5343466245244772
2018-03-06 03:00:00,etth1,HUFL,24,42,xgboost,2.55483918649933
2018-03-06 04:00:00,etth1,HUFL,24,42,xgboost,2.7853724716993455
2018-03-06 05:00:00,etth1,HUFL,24,42,xgboost,3.0429776584520707
2018-03-06 06:00:00,etth1,HUFL,24,42,xgboost,3.0869915618363546
2018-03-06 07:00:00,etth1,HUFL,24,42,xgboost,3.326977700909069
2018-03-06 08:00:00,etth1,HUFL,24,42,xgboost,3.4797237348841477
2018-03-06 09:00:00,etth1,HUFL,24,42,xgboost,3.16175882767848
2018-03-06 10:00:00,etth1,HUFL,24,42,xgboost,4.214123806875212
2018-03-06 11:00:00,etth1,HUFL,24,42,xgboost,4.526193373136364
2018-03-06 12:00:00,etth1,HUFL,24,42,xgboost,3.887947646212241
2018-03-06 13:00:00,etth1,HUFL,24,42,xgboost,2.860673587741528
2018-03-06 14:00:00,etth1,HUFL,24,42,xgboost,2.8310722626249856
2018-03-06 15:00:00,etth1,HUFL,24,42,xgboost,2.9751918957081376
2018-03-06 16:00:00,etth1,HUFL,24,42,xgboost,4.203741409248962
2018-03-06 17:00:00,etth1,HUFL,24,42,xgboost,3.8303261608207513
2018-03-06 18:00:00,etth1,HUFL,24,42,xgboost,4.715624543521538
2018-03-06 19:00:00,etth1,HUFL,24,42,xgboost,4.956388135222427
2018-03-06 20:00:00,etth1,HUFL,24,42,xgboost,5.19364956798742
2018-03-06 21:00:00,etth1,HUFL,24,42,xgboost,5.049384910366737
2018-03-06 22:00:00,etth1,HUFL,24,42,xgboost,4.796633506476334
2018-03-06 23:00:00,etth1,HUFL,24,42,xgboost,4.814595637555569
2018-03-07 00:00:00,etth1,HUFL,24,42,xgboost,5.14940883388843
2018-03-07 01:00:00,etth1,HUFL,24,42,xgboost,4.7585214453843365
2018-03-07 02:00:00,etth1,HUFL,24,42,xgboost,4.760085101353465
2018-03-07 03:00:00,etth1,HUFL,24,42,xgboost,4.584935320704536
2018-03-07 04:00:00,etth1,HUFL,24,42,xgboost,4.90826487024874
2018-03-07 05:00:00,etth1,HUFL,24,42,xgboost,4.270317198143687
2018-03-07 06:00:00,etth1,HUFL,24,42,xgboost,4.311394960566379
2018-03-07 07:00:00,etth1,HUFL,24,42,xgboost,4.524936667784766
2018-03-07 08:00:00,etth1,HUFL,24,42,xgboost,4.6686758940225905
2018-03-07 09:00:00,etth1,HUFL,24,42,xgboost,3.8272007314649024
2018-03-07 10:00:00,etth1,HUFL,24,42,xgboost,3.1758149650076306
2018-03-07 11:00:00,etth1,HUFL,24,42,xgboost,2.621778620816118
2018-03-07 12:00:00,etth1,HUFL,24,42,xgboost,2.3236461252207854
2018-03-07 13:00:00,etth1,HUFL,24,42,xgboost,3.949435257076819
2018-03-07 14:00:00,etth1,HUFL,24,42,xgboost,3.7617232148944866
2018-03-07 15:00:00,etth1,HUFL,24,42,xgboost,3.893760435742051
2018-03-07 16:00:00,etth1,HUFL,24,42,xgboost,4.390562757786673
2018-03-07 17:00:00,etth1,HUFL,24,42,xgboost,3.644790368615491
2018-03-07 18:00:00,etth1,HUFL,24,42,xgboost,3.043000647377173
2018-03-07 19:00:00,etth1,HUFL,24,42,xgboost,3.4467437819444
2018-03-07 20:00:00,etth1,HUFL,24,42,xgboost,3.3403464586208855
2018-03-07 21:00:00,etth1,HUFL,24,42,xgboost,3.0780608607314295
2018-03-07 22:00:00,etth1,HUFL,24,42,xgboost,3.048172183754167
2018-03-07 23:00:00,etth1,HUFL,24,42,xgboost,3.153691742799102
2018-03-08 00:00:00,etth1,HUFL,24,42,xgboost,3.506580657698358
2018-03-08 01:00:00,etth1,HUFL,24,42,xgboost,3.1452962930782693
2018-03-08 02:00:00,etth1,HUFL,24,42,xgboost,2.7858624788419246
2018-03-08 03:00:00,etth1,HUFL,24,42,xgboost,3.0405957211066785
2018-03-08 04:00:00,etth1,HUFL,24,42,xgboost,2.6667595656344503
2018-03-08 05:00:00,etth1,HUFL,24,42,xgboost,2.5022900743475414
2018-03-08 06:00:00,etth1,HUFL,24,42,xgboost,2.6398208661498694
2018-03-08 07:00:00,etth1,HUFL,24,42,xgboost,2.666982935405797
2018-03-08 08:00:00,etth1,HUFL,24,42,xgboost,2.657832183053401
2018-03-08 09:00:00,etth1,HUFL,24,42,xgboost,3.5342399817135153
2018-03-08 10:00:00,etth1,HUFL,24,42,xgboost,2.817823602923173
2018-03-08 11:00:00,etth1,HUFL,24,42,xgboost,3.8877585339775416
2018-03-08 12:00:00,etth1,HUFL,24,42,xgboost,2.9774519749696062
2018-03-08 13:00:00,etth1,HUFL,24,42,xgboost,3.84717035563925
2018-03-08 14:00:00,etth1,HUFL,24,42,xgboost,4.85857583229383
2018-03-08 15:00:00,etth1,HUFL,24,42,xgboost,4.804969199724114
2018-03-08 16:00:00,etth1,HUFL,24,42,xgboost,5.060974417881031
2018-03-08 17:00:00,etth1,HUFL,24,42,xgboost,4.84718991868432
2018-03-08 18:00:00,etth1,HUFL,24,42,xgboost,5.03877898539786
2018-03-08 19:00:00,etth1,HUFL,24,42,xgboost,4.334693573051265
2018-03-08 20:00:00,etth1,HUFL,24,42,xgboost,4.136745134959377
2018-03-08 21:00:00,etth1,HUFL,24,42,xgboost,4.270342232981598
2018-03-08 22:00:00,etth1,HUFL,24,42,xgboost,4.369415435546082
2018-03-08 23:00:00,etth1,HUFL,24,42,xgboost,4.811706798247599
2018-03-09 00:00:00,etth1,HUFL,24,42,xgboost,4.803212247229603
2018-03-09 01:00:00,etth1,HUFL,24,42,xgboost,4.715936260905119
2018-03-09 02:00:00,etth1,HUFL,24,42,xgboost,4.907240750011901
2018-03-09 03:00:00,etth1,HUFL,24,42,xgboost,4.8519107680198745
2018-03-09 04:00:00,etth1,HUFL,24,42,xgboost,4.912144688470384
2018-03-09 05:00:00,etth1,HUFL,24,42,xgboost,4.871990266910019
2018-03-09 06:00:00,etth1,HUFL,24,42,xgboost,4.964737290275298
2018-03-09 07:00:00,etth1,HUFL,24,42,xgboost,4.703214439148585
2018-03-09 08:00:00,etth1,HUFL,24,42,xgboost,5.210374468948694
2018-03-09 09:00:00,etth1,HUFL,24,42,xgboost,4.4276258212097686
2018-03-09 10:00:00,etth1,HUFL,24,42,xgboost,3.3108424563345076
2018-03-09 11:00:00,etth1,HUFL,24,42,xgboost,3.5666922955390477
2018-03-09 12:00:00,etth1,HUFL,24,42,xgboost,3.807794659220164
2018-03-09 13:00:00,etth1,HUFL,24,42,xgboost,4.025422454737783
2018-03-09 14:00:00,etth1,HUFL,24,42,xgboost,3.848267035564918
2018-03-09 15:00:00,etth1,HUFL,24,42,xgboost,4.166179532194095
2018-03-09 16:00:00,etth1,HUFL,24,42,xgboost,3.575980806681986
2018-03-09 17:00:00,etth1,HUFL,24,42,xgboost,2.808539856975949
2018-03-09 18:00:00,etth1,HUFL,24,42,xgboost,3.4048718176355934
2018-03-09 19:00:00,etth1,HUFL,24,42,xgboost,3.350584900885727
2018-03-09 20:00:00,etth1,HUFL,24,42,xgboost,3.1477837405514197
2018-03-09 21:00:00,etth1,HUFL,24,42,xgboost,3.1946420591154343
2018-03-09 22:00:00,etth1,HUFL,24,42,xgboost,3.1106552853624785
2018-03-09 23:00:00,etth1,HUFL,24,42,xgboost,2.900419677698526
2018-03-10 00:00:00,etth1,HUFL,24,42,xgboost,2.5462977974279855
2018-03-10 01:00:00,etth1,HUFL,24,42,xgboost,3.409384877019498
2018-03-10 02:00:00,etth1,HUFL,24,42,xgboost,3.623882938806171
2018-03-10 03:00:00,etth1,HUFL,24,42,xgboost,3.9071200141919746
2018-03-10 04:00:00,etth1,HUFL,24,42,xgboost,4.436142459209556
2018-03-10 05:00:00,etth1,HUFL,24,42,xgboost,4.744165101228769
2018-03-10 06:00:00,etth1,HUFL,24,42,xgboost,4.76871573875166
2018-03-10 07:00:00,etth1,HUFL,24,42,xgboost,4.5827886016183
2018-03-10 08:00:00,etth1,HUFL,24,42,xgboost,5.628530764555157
2018-03-10 09:00:00,etth1,HUFL,24,42,xgboost,4.437661470018655
2018-03-10 10:00:00,etth1,HUFL,24,42,xgboost,3.5605513048299344
2018-03-10 11:00:00,etth1,HUFL,24,42,xgboost,3.0852336541613603
2018-03-10 12:00:00,etth1,HUFL,24,42,xgboost,2.703683889235825
2018-03-10 13:00:00,etth1,HUFL,24,42,xgboost,2.9994011696003056
2018-03-10 14:00:00,etth1,HUFL,24,42,xgboost,2.7810030670061088
2018-03-10 15:00:00,etth1,HUFL,24,42,xgboost,3.2203280360796995
2018-03-10 16:00:00,etth1,HUFL,24,42,xgboost,3.5349828703381867
2018-03-10 17:00:00,etth1,HUFL,24,42,xgboost,3.183076173998707
2018-03-10 18:00:00,etth1,HUFL,24,42,xgboost,3.020986386814581
2018-03-10 19:00:00,etth1,HUFL,24,42,xgboost,3.0979822211601626
2018-03-10 20:00:00,etth1,HUFL,24,42,xgboost,3.4026731367403085
2018-03-10 21:00:00,etth1,HUFL,24,42,xgboost,3.423615572186072
2018-03-10 22:00:00,etth1,HUFL,24,42,xgboost,3.657445293188728
2018-03-10 23:00:00,etth1,HUFL,24,42,xgboost,3.2439600979634893
2018-03-11 00:00:00,etth1,HUFL,24,42,xgboost,3.0248341076269765
2018-03-11 01:00:00,etth1,HUFL,24,42,xgboost,2.724303924069068
2018-03-11 02:00:00,etth1,HUFL,24,42,xgboost,3.053097613033948
2018-03-11 03:00:00,etth1,HUFL,24,42,xgboost,3.6563117220709707
2018-03-11 04:00:00,etth1,HUFL,24,42,xgboost,3.6591548162104517
2018-03-11 05:00:00,etth1,HUFL,24,42,xgboost,4.126882918671062
2018-03-11 06:00:00,etth1,HUFL,24,42,xgboost,4.116541817765715
2018-03-11 07:00:00,etth1,HUFL,24,42,xgboost,3.7387767592078647
2018-03-11 08:00:00,etth1,HUFL,24,42,xgboost,4.670858289549575
2018-03-11 09:00:00,etth1,HUFL,24,42,xgboost,2.840539722136063
2018-03-11 10:00:00,etth1,HUFL,24,42,xgboost,2.324885797283384
2018-03-11 11:00:00,etth1,HUFL,24,42,xgboost,2.2371487709986835
2018-03-11 12:00:00,etth1,HUFL,24,42,xgboost,2.7291674710683567
2018-03-11 13:00:00,etth1,HUFL,24,42,xgboost,2.547946707148718
2018-03-11 14:00:00,etth1,HUFL,24,42,xgboost,3.631365529501594
2018-03-11 15:00:00,etth1,HUFL,24,42,xgboost,4.325384106728918
2018-03-11 16:00:00,etth1,HUFL,24,42,xgboost,4.333169414720276
2018-03-11 17:00:00,etth1,HUFL,24,42,xgboost,5.26361797455607
2018-03-11 18:00:00,etth1,HUFL,24,42,xgboost,4.633327750629572
2018-03-11 19:00:00,etth1,HUFL,24,42,xgboost,4.579418138609829
2018-03-11 20:00:00,etth1,HUFL,24,42,xgboost,4.569109076539718
2018-03-11 21:00:00,etth1,HUFL,24,42,xgboost,4.784093526023715
2018-03-11 22:00:00,etth1,HUFL,24,42,xgboost,4.882660289331107
2018-03-11 23:00:00,etth1,HUFL,24,42,xgboost,4.807421319846285
2018-03-12 00:00:00,etth1,HUFL,24,42,xgboost,5.035195807461288
2018-03-12 01:00:00,etth1,HUFL,24,42,xgboost,4.984550269684836
2018-03-12 02:00:00,etth1,HUFL,24,42,xgboost,4.59680691890737
2018-03-12 03:00:00,etth1,HUFL,24,42,xgboost,4.820766917253361
2018-03-12 04:00:00,etth1,HUFL,24,42,xgboost,5.386184351705679
2018-03-12 05:00:00,etth1,HUFL,24,42,xgboost,5.229015980936064
2018-03-12 06:00:00,etth1,HUFL,24,42,xgboost,5.413516958686145
2018-03-12 07:00:00,etth1,HUFL,24,42,xgboost,5.03748297887143
2018-03-12 08:00:00,etth1,HUFL,24,42,xgboost,5.6903012012820655
2018-03-12 09:00:00,etth1,HUFL,24,42,xgboost,4.245992785755303
2018-03-12 10:00:00,etth1,HUFL,24,42,xgboost,3.300770691968667
2018-03-12 11:00:00,etth1,HUFL,24,42,xgboost,3.0833170566923904
2018-03-12 12:00:00,etth1,HUFL,24,42,xgboost,3.3997689612314175
2018-03-12 13:00:00,etth1,HUFL,24,42,xgboost,3.6676535482420483
2018-03-12 14:00:00,etth1,HUFL,24,42,xgboost,4.435848134396874
2018-03-12 15:00:00,etth1,HUFL,24,42,xgboost,4.892960992445776
2018-03-12 16:00:00,etth1,HUFL,24,42,xgboost,4.591655229157804
2018-03-12 17:00:00,etth1,HUFL,24,42,xgboost,4.4977267693904155
2018-03-12 18:00:00,etth1,HUFL,24,42,xgboost,4.633611751492794
2018-03-12 19:00:00,etth1,HUFL,24,42,xgboost,4.496843718278698
2018-03-12 20:00:00,etth1,HUFL,24,42,xgboost,4.242684896616767
2018-03-12 21:00:00,etth1,HUFL,24,42,xgboost,4.02526422383114
2018-03-12 22:00:00,etth1,HUFL,24,42,xgboost,4.316553364575078
2018-03-12 23:00:00,etth1,HUFL,24,42,xgboost,3.263028750126248
2018-03-13 00:00:00,etth1,HUFL,24,42,xgboost,2.921516130936927
2018-03-13 01:00:00,etth1,HUFL,24,42,xgboost,3.525046213063208
2018-03-13 02:00:00,etth1,HUFL,24,42,xgboost,3.525972335103464
2018-03-13 03:00:00,etth1,HUFL,24,42,xgboost,4.462574415483817
2018-03-13 04:00:00,etth1,HUFL,24,42,xgboost,4.531162056442423
2018-03-13 05:00:00,etth1,HUFL,24,42,xgboost,5.217215252498294
2018-03-13 06:00:00,etth1,HUFL,24,42,xgboost,4.2912334756901105
2018-03-13 07:00:00,etth1,HUFL,24,42,xgboost,4.753744144081749
2018-03-13 08:00:00,etth1,HUFL,24,42,xgboost,5.7710553649857905
2018-03-13 09:00:00,etth1,HUFL,24,42,xgboost,3.6646940727849704
2018-03-13 10:00:00,etth1,HUFL,24,42,xgboost,3.3368848239896898
2018-03-13 11:00:00,etth1,HUFL,24,42,xgboost,3.3976003221539
2018-03-13 12:00:00,etth1,HUFL,24,42,xgboost,3.7895547797981535
2018-03-13 13:00:00,etth1,HUFL,24,42,xgboost,3.985255253236428
2018-03-13 14:00:00,etth1,HUFL,24,42,xgboost,3.7383302224099553
2018-03-13 15:00:00,etth1,HUFL,24,42,xgboost,3.728174404216853
2018-03-13 16:00:00,etth1,HUFL,24,42,xgboost,3.4876072167300123
2018-03-13 17:00:00,etth1,HUFL,24,42,xgboost,2.493213108211435
2018-03-13 18:00:00,etth1,HUFL,24,42,xgboost,2.110897429466768
2018-03-13 19:00:00,etth1,HUFL,24,42,xgboost,2.265627681062499
2018-03-13 20:00:00,etth1,HUFL,24,42,xgboost,1.9721709864291757
2018-03-13 21:00:00,etth1,HUFL,24,42,xgboost,2.1594625309210134
2018-03-13 22:00:00,etth1,HUFL,24,42,xgboost,1.9344872880896478
2018-03-13 23:00:00,etth1,HUFL,24,42,xgboost,2.3558993846891783
2018-03-14 00:00:00,etth1,HUFL,24,42,xgboost,2.2395587755077844
2018-03-14 01:00:00,etth1,HUFL,24,42,xgboost,1.9644397356859111
2018-03-14 02:00:00,etth1,HUFL,24,42,xgboost,1.8662173976339582
2018-03-14 03:00:00,etth1,HUFL,24,42,xgboost,2.181874763389263
2018-03-14 04:00:00,etth1,HUFL,24,42,xgboost,2.1311914998763704
2018-03-14 05:00:00,etth1,HUFL,24,42,xgboost,2.4174486883055457
2018-03-14 06:00:00,etth1,HUFL,24,42,xgboost,2.4273253950802736
2018-03-14 07:00:00,etth1,HUFL,24,42,xgboost,2.6369174500388044
2018-03-14 08:00:00,etth1,HUFL,24,42,xgboost,2.4357960436049297
2018-03-14 09:00:00,etth1,HUFL,24,42,xgboost,2.282907868273014
2018-03-14 10:00:00,etth1,HUFL,24,42,xgboost,3.049807950914659
2018-03-14 11:00:00,etth1,HUFL,24,42,xgboost,2.307398984555995
2018-03-14 12:00:00,etth1,HUFL,24,42,xgboost,2.841561994604106
2018-03-14 13:00:00,etth1,HUFL,24,42,xgboost,3.195684001069683
2018-03-14 14:00:00,etth1,HUFL,24,42,xgboost,3.5696706388494768
2018-03-14 15:00:00,etth1,HUFL,24,42,xgboost,3.480599762035881
2018-03-14 16:00:00,etth1,HUFL,24,42,xgboost,3.882692147201826
2018-03-14 17:00:00,etth1,HUFL,24,42,xgboost,4.053157709736758
2018-03-14 18:00:00,etth1,HUFL,24,42,xgboost,4.679516634865009
2018-03-14 19:00:00,etth1,HUFL,24,42,xgboost,4.536237764949672
2018-03-14 20:00:00,etth1,HUFL,24,42,xgboost,4.625834805845973
2018-03-14 21:00:00,etth1,HUFL,24,42,xgboost,4.835390730461676
2018-03-14 22:00:00,etth1,HUFL,24,42,xgboost,4.391612942259173
2018-03-14 23:00:00,etth1,HUFL,24,42,xgboost,4.3266820313662135
2018-03-15 00:00:00,etth1,HUFL,24,42,xgboost,4.4308088149767295
2018-03-15 01:00:00,etth1,HUFL,24,42,xgboost,4.162070886040744
2018-03-15 02:00:00,etth1,HUFL,24,42,xgboost,3.390241537851246
2018-03-15 03:00:00,etth1,HUFL,24,42,xgboost,3.289791074912172
2018-03-15 04:00:00,etth1,HUFL,24,42,xgboost,3.3341460190422505
2018-03-15 05:00:00,etth1,HUFL,24,42,xgboost,3.477991777721028
2018-03-15 06:00:00,etth1,HUFL,24,42,xgboost,4.242969788049755
2018-03-15 07:00:00,etth1,HUFL,24,42,xgboost,3.75381784848407
2018-03-15 08:00:00,etth1,HUFL,24,42,xgboost,4.118285180161963
2018-03-15 09:00:00,etth1,HUFL,24,42,xgboost,4.114664697978964
2018-03-15 10:00:00,etth1,HUFL,24,42,xgboost,2.8418329115420295
2018-03-15 11:00:00,etth1,HUFL,24,42,xgboost,2.4394952196649453
2018-03-15 12:00:00,etth1,HUFL,24,42,xgboost,2.5330951173975205
2018-03-15 13:00:00,etth1,HUFL,24,42,xgboost,3.174172782391173
2018-03-15 14:00:00,etth1,HUFL,24,42,xgboost,2.800091985787122
2018-03-15 15:00:00,etth1,HUFL,24,42,xgboost,2.7971287815301817
2018-03-15 16:00:00,etth1,HUFL,24,42,xgboost,3.3391318353461314
2018-03-15 17:00:00,etth1,HUFL,24,42,xgboost,2.99931203273176
2018-03-15 18:00:00,etth1,HUFL,24,42,xgboost,3.0432757232606646
2018-03-15 19:00:00,etth1,HUFL,24,42,xgboost,2.9803163463304827
2018-03-15 20:00:00,etth1,HUFL,24,42,xgboost,2.9903072315820896
2018-03-15 21:00:00,etth1,HUFL,24,42,xgboost,2.7435462184385866
2018-03-15 22:00:00,etth1,HUFL,24,42,xgboost,2.8533933320524785
2018-03-15 23:00:00,etth1,HUFL,24,42,xgboost,2.749161347261088
2018-03-16 00:00:00,etth1,HUFL,24,42,xgboost,3.20332536032229
2018-03-16 01:00:00,etth1,HUFL,24,42,xgboost,3.167537306232802
2018-03-16 02:00:00,etth1,HUFL,24,42,xgboost,3.5833077352909726
2018-03-16 03:00:00,etth1,HUFL,24,42,xgboost,3.6149778217265767
2018-03-16 04:00:00,etth1,HUFL,24,42,xgboost,3.1873775043082095
2018-03-16 05:00:00,etth1,HUFL,24,42,xgboost,3.0206175015794834
2018-03-16 06:00:00,etth1,HUFL,24,42,xgboost,3.0485091640738173
2018-03-16 07:00:00,etth1,HUFL,24,42,xgboost,2.263274873152739
2018-03-16 08:00:00,etth1,HUFL,24,42,xgboost,1.8346181181078434
2018-03-16 09:00:00,etth1,HUFL,24,42,xgboost,1.3096286306962466
2018-03-16 10:00:00,etth1,HUFL,24,42,xgboost,1.4679549274136983
2018-03-16 11:00:00,etth1,HUFL,24,42,xgboost,2.2440781277915307
2018-03-16 12:00:00,etth1,HUFL,24,42,xgboost,2.812788677204418
2018-03-16 13:00:00,etth1,HUFL,24,42,xgboost,2.8841905967647175
2018-03-16 14:00:00,etth1,HUFL,24,42,xgboost,3.0137458144482765
2018-03-16 15:00:00,etth1,HUFL,24,42,xgboost,3.5166365823668415
2018-03-16 16:00:00,etth1,HUFL,24,42,xgboost,3.3917442642272384
2018-03-16 17:00:00,etth1,HUFL,24,42,xgboost,3.2390861758544847
2018-03-16 18:00:00,etth1,HUFL,24,42,xgboost,2.9872524335615362
2018-03-16 19:00:00,etth1,HUFL,24,42,xgboost,3.1107336326940325
2018-03-16 20:00:00,etth1,HUFL,24,42,xgboost,3.498293623442606
2018-03-16 21:00:00,etth1,HUFL,24,42,xgboost,3.2777475245983534
2018-03-16 22:00:00,etth1,HUFL,24,42,xgboost,3.24838224044991
2018-03-16 23:00:00,etth1,HUFL,24,42,xgboost,2.9441837816474794
2018-03-17 00:00:00,etth1,HUFL,24,42,xgboost,3.1286528990853135
2018-03-17 01:00:00,etth1,HUFL,24,42,xgboost,2.9263796144777703
2018-03-17 02:00:00,etth1,HUFL,24,42,xgboost,2.9470964567646987
2018-03-17 03:00:00,etth1,HUFL,24,42,xgboost,3.1481176428737574
2018-03-17 04:00:00,etth1,HUFL,24,42,xgboost,2.4250029808635234
2018-03-17 05:00:00,etth1,HUFL,24,42,xgboost,2.741374339013392
2018-03-17 06:00:00,etth1,HUFL,24,42,xgboost,3.286108337824374
2018-03-17 07:00:00,etth1,HUFL,24,42,xgboost,3.0760874999606123
2018-03-17 08:00:00,etth1,HUFL,24,42,xgboost,3.154403087471822
2018-03-17 09:00:00,etth1,HUFL,24,42,xgboost,1.9107486732480534
2018-03-17 10:00:00,etth1,HUFL,24,42,xgboost,2.490320963656593
2018-03-17 11:00:00,etth1,HUFL,24,42,xgboost,2.4325160810608195
2018-03-17 12:00:00,etth1,HUFL,24,42,xgboost,1.4876782987631962
2018-03-17 13:00:00,etth1,HUFL,24,42,xgboost,1.660913606035747
2018-03-17 14:00:00,etth1,HUFL,24,42,xgboost,1.3992702871848557
2018-03-17 15:00:00,etth1,HUFL,24,42,xgboost,1.9102461163842996
2018-03-17 16:00:00,etth1,HUFL,24,42,xgboost,2.2301620367043538
2018-03-17 17:00:00,etth1,HUFL,24,42,xgboost,2.57881495534865
2018-03-17 18:00:00,etth1,HUFL,24,42,xgboost,2.4205370872079115
2018-03-17 19:00:00,etth1,HUFL,24,42,xgboost,2.716919341428209
2018-03-17 20:00:00,etth1,HUFL,24,42,xgboost,2.8908421959072563
2018-03-17 21:00:00,etth1,HUFL,24,42,xgboost,2.808949755864775
2018-03-17 22:00:00,etth1,HUFL,24,42,xgboost,3.1069231414797245
2018-03-17 23:00:00,etth1,HUFL,24,42,xgboost,2.570150491790013
2018-03-18 00:00:00,etth1,HUFL,24,42,xgboost,1.9313507649259136
2018-03-18 01:00:00,etth1,HUFL,24,42,xgboost,2.220571113526498
2018-03-18 02:00:00,etth1,HUFL,24,42,xgboost,2.394922298080882
2018-03-18 03:00:00,etth1,HUFL,24,42,xgboost,2.13271077731109
2018-03-18 04:00:00,etth1,HUFL,24,42,xgboost,2.3993281300240423
2018-03-18 05:00:00,etth1,HUFL,24,42,xgboost,2.548250752340372
2018-03-18 06:00:00,etth1,HUFL,24,42,xgboost,2.732204288667598
2018-03-18 07:00:00,etth1,HUFL,24,42,xgboost,2.3609795040710524
2018-03-18 08:00:00,etth1,HUFL,24,42,xgboost,2.671140522907733
2018-03-18 09:00:00,etth1,HUFL,24,42,xgboost,1.7752621722580446
2018-03-18 10:00:00,etth1,HUFL,24,42,xgboost,1.3852137422927244
2018-03-18 11:00:00,etth1,HUFL,24,42,xgboost,1.8665162295124935
2018-03-18 12:00:00,etth1,HUFL,24,42,xgboost,1.3199855256990938
2018-03-18 13:00:00,etth1,HUFL,24,42,xgboost,1.4255370810870571
2018-03-18 14:00:00,etth1,HUFL,24,42,xgboost,1.876566340950211
2018-03-18 15:00:00,etth1,HUFL,24,42,xgboost,2.585542256132597
2018-03-18 16:00:00,etth1,HUFL,24,42,xgboost,2.8056775747140996
2018-03-18 17:00:00,etth1,HUFL,24,42,xgboost,3.1213860440689043
2018-03-18 18:00:00,etth1,HUFL,24,42,xgboost,3.644430775587788
2018-03-18 19:00:00,etth1,HUFL,24,42,xgboost,3.631534859588578
2018-03-18 20:00:00,etth1,HUFL,24,42,xgboost,3.7213685194405066
2018-03-18 21:00:00,etth1,HUFL,24,42,xgboost,3.8249895474340954
2018-03-18 22:00:00,etth1,HUFL,24,42,xgboost,3.7895475407770256
2018-03-18 23:00:00,etth1,HUFL,24,42,xgboost,3.3359360087423995
2018-03-19 00:00:00,etth1,HUFL,24,42,xgboost,3.0533793270278977
2018-03-19 01:00:00,etth1,HUFL,24,42,xgboost,3.01515487163584
2018-03-19 02:00:00,etth1,HUFL,24,42,xgboost,3.2700695284666064
2018-03-19 03:00:00,etth1,HUFL,24,42,xgboost,3.5659580226457663
2018-03-19 04:00:00,etth1,HUFL,24,42,xgboost,3.5226389956557065
2018-03-19 05:00:00,etth1,HUFL,24,42,xgboost,3.512008396823992
2018-03-19 06:00:00,etth1,HUFL,24,42,xgboost,3.6645163664675255
2018-03-19 07:00:00,etth1,HUFL,24,42,xgboost,3.4066790542999503
2018-03-19 08:00:00,etth1,HUFL,24,42,xgboost,3.5431894594022766
2018-03-19 09:00:00,etth1,HUFL,24,42,xgboost,3.401380795030819
2018-03-19 10:00:00,etth1,HUFL,24,42,xgboost,2.5577036992413573
2018-03-19 11:00:00,etth1,HUFL,24,42,xgboost,2.762802933379172
2018-03-19 12:00:00,etth1,HUFL,24,42,xgboost,2.9493310504387895
2018-03-19 13:00:00,etth1,HUFL,24,42,xgboost,3.4002963391023244
2018-03-19 14:00:00,etth1,HUFL,24,42,xgboost,3.699542478650843
2018-03-19 15:00:00,etth1,HUFL,24,42,xgboost,4.182727630497702
2018-03-19 16:00:00,etth1,HUFL,24,42,xgboost,4.6054920186535515
2018-03-19 17:00:00,etth1,HUFL,24,42,xgboost,4.8511928122279455
2018-03-19 18:00:00,etth1,HUFL,24,42,xgboost,5.161166402121089
2018-03-19 19:00:00,etth1,HUFL,24,42,xgboost,4.997078301331693
2018-03-19 20:00:00,etth1,HUFL,24,42,xgboost,5.0051320500833745
2018-03-19 21:00:00,etth1,HUFL,24,42,xgboost,5.360870437929993
2018-03-19 22:00:00,etth1,HUFL,24,42,xgboost,5.348802781878907
2018-03-19 23:00:00,etth1,HUFL,24,42,xgboost,4.35271832648107
2018-03-20 00:00:00,etth1,HUFL,24,42,xgboost,4.320470981693436
2018-03-20 01:00:00,etth1,HUFL,24,42,xgboost,3.3649832991336948
2018-03-20 02:00:00,etth1,HUFL,24,42,xgboost,3.6327721818039262
2018-03-20 03:00:00,etth1,HUFL,24,42,xgboost,3.400626947133279
2018-03-20 04:00:00,etth1,HUFL,24,42,xgboost,3.645360055418004
2018-03-20 05:00:00,etth1,HUFL,24,42,xgboost,3.6306246858940407
2018-03-20 06:00:00,etth1,HUFL,24,42,xgboost,3.2903298436030775
2018-03-20 07:00:00,etth1,HUFL,24,42,xgboost,3.4118744050483336
2018-03-20 08:00:00,etth1,HUFL,24,42,xgboost,3.246658200061343
2018-03-20 09:00:00,etth1,HUFL,24,42,xgboost,2.6200993542315465
2018-03-20 10:00:00,etth1,HUFL,24,42,xgboost,2.9307004080138284
2018-03-20 11:00:00,etth1,HUFL,24,42,xgboost,2.7350335876563885
2018-03-20 12:00:00,etth1,HUFL,24,42,xgboost,2.54012006378283
2018-03-20 13:00:00,etth1,HUFL,24,42,xgboost,2.15964868862292
2018-03-20 14:00:00,etth1,HUFL,24,42,xgboost,2.7186048737108686
2018-03-20 15:00:00,etth1,HUFL,24,42,xgboost,2.9471022486596765
2018-03-20 16:00:00,etth1,HUFL,24,42,xgboost,3.2605677546549336
2018-03-20 17:00:00,etth1,HUFL,24,42,xgboost,3.4189479402650993
2018-03-20 18:00:00,etth1,HUFL,24,42,xgboost,3.3683504438163117
2018-03-20 19:00:00,etth1,HUFL,24,42,xgboost,3.427968860609399
2018-03-20 20:00:00,etth1,HUFL,24,42,xgboost,3.2794382837642444
2018-03-20 21:00:00,etth1,HUFL,24,42,xgboost,3.3373172725914535
2018-03-20 22:00:00,etth1,HUFL,24,42,xgboost,2.8729232702621403
2018-03-20 23:00:00,etth1,HUFL,24,42,xgboost,2.8630672091775256
2018-03-21 00:00:00,etth1,HUFL,24,42,xgboost,2.8413140966915997
2018-03-21 01:00:00,etth1,HUFL,24,42,xgboost,2.9963176488476697
2018-03-21 02:00:00,etth1,HUFL,24,42,xgboost,3.050389757429606
2018-03-21 03:00:00,etth1,HUFL,24,42,xgboost,3.531740545004535
2018-03-21 04:00:00,etth1,HUFL,24,42,xgboost,3.288253726815901
2018-03-21 05:00:00,etth1,HUFL,24,42,xgboost,3.535732942352732
2018-03-21 06:00:00,etth1,HUFL,24,42,xgboost,3.3810542736721394
2018-03-21 07:00:00,etth1,HUFL,24,42,xgboost,4.039687532153663
2018-03-21 08:00:00,etth1,HUFL,24,42,xgboost,4.357365224037578
2018-03-21 09:00:00,etth1,HUFL,24,42,xgboost,3.658603759322311
2018-03-21 10:00:00,etth1,HUFL,24,42,xgboost,3.2414825883313
2018-03-21 11:00:00,etth1,HUFL,24,42,xgboost,2.68077185522685
2018-03-21 12:00:00,etth1,HUFL,24,42,xgboost,4.119257093302038
2018-03-21 13:00:00,etth1,HUFL,24,42,xgboost,4.064426457292794
2018-03-21 14:00:00,etth1,HUFL,24,42,xgboost,2.755118231527858
2018-03-21 15:00:00,etth1,HUFL,24,42,xgboost,3.636568428324539
2018-03-21 16:00:00,etth1,HUFL,24,42,xgboost,2.9138539521355504
2018-03-21 17:00:00,etth1,HUFL,24,42,xgboost,3.719732946475755
2018-03-21 18:00:00,etth1,HUFL,24,42,xgboost,3.453952834415381
2018-03-21 19:00:00,etth1,HUFL,24,42,xgboost,3.1410073921432295
2018-03-21 20:00:00,etth1,HUFL,24,42,xgboost,3.119025855921727
2018-03-21 21:00:00,etth1,HUFL,24,42,xgboost,3.115852645894505
2018-03-21 22:00:00,etth1,HUFL,24,42,xgboost,3.3705600931760693
2018-03-21 23:00:00,etth1,HUFL,24,42,xgboost,2.9494258512192117
2018-03-22 00:00:00,etth1,HUFL,24,42,xgboost,3.140840030521867
2018-03-22 01:00:00,etth1,HUFL,24,42,xgboost,3.5554278212102375
2018-03-22 02:00:00,etth1,HUFL,24,42,xgboost,3.886925762339883
2018-03-22 03:00:00,etth1,HUFL,24,42,xgboost,4.102819886306505
2018-03-22 04:00:00,etth1,HUFL,24,42,xgboost,4.163838400997483
2018-03-22 05:00:00,etth1,HUFL,24,42,xgboost,3.836961400555454
2018-03-22 06:00:00,etth1,HUFL,24,42,xgboost,4.31222555600678
2018-03-22 07:00:00,etth1,HUFL,24,42,xgboost,4.599721230114583
2018-03-22 08:00:00,etth1,HUFL,24,42,xgboost,4.658328717517098
2018-03-22 09:00:00,etth1,HUFL,24,42,xgboost,3.408601252633833
2018-03-22 10:00:00,etth1,HUFL,24,42,xgboost,3.5787246868323863
2018-03-22 11:00:00,etth1,HUFL,24,42,xgboost,3.893781462417248
2018-03-22 12:00:00,etth1,HUFL,24,42,xgboost,4.482599844855414
2018-03-22 13:00:00,etth1,HUFL,24,42,xgboost,4.917249305592015
2018-03-22 14:00:00,etth1,HUFL,24,42,xgboost,4.890968991319981
2018-03-22 15:00:00,etth1,HUFL,24,42,xgboost,5.6146898485999515
2018-03-22 16:00:00,etth1,HUFL,24,42,xgboost,5.855138745967106
2018-03-22 17:00:00,etth1,HUFL,24,42,xgboost,6.486753290417989
2018-03-22 18:00:00,etth1,HUFL,24,42,xgboost,6.439247816943943
2018-03-22 19:00:00,etth1,HUFL,24,42,xgboost,6.130321434984341
2018-03-22 20:00:00,etth1,HUFL,24,42,xgboost,6.286733640271237
2018-03-22 21:00:00,etth1,HUFL,24,42,xgboost,6.21815838043855
2018-03-22 22:00:00,etth1,HUFL,24,42,xgboost,5.411851760776583
2018-03-22 23:00:00,etth1,HUFL,24,42,xgboost,5.265383631824654
2018-03-23 00:00:00,etth1,HUFL,24,42,xgboost,4.830254623695179
2018-03-23 01:00:00,etth1,HUFL,24,42,xgboost,4.479398858441389
2018-03-23 02:00:00,etth1,HUFL,24,42,xgboost,4.703940921048797
2018-03-23 03:00:00,etth1,HUFL,24,42,xgboost,5.123142733189936
2018-03-23 04:00:00,etth1,HUFL,24,42,xgboost,5.250044059028553
2018-03-23 05:00:00,etth1,HUFL,24,42,xgboost,4.870275303054994
2018-03-23 06:00:00,etth1,HUFL,24,42,xgboost,4.60331139135668
2018-03-23 07:00:00,etth1,HUFL,24,42,xgboost,4.9699823898008475
2018-03-23 08:00:00,etth1,HUFL,24,42,xgboost,5.751069252736708
2018-03-23 09:00:00,etth1,HUFL,24,42,xgboost,4.737919886053263
2018-03-23 10:00:00,etth1,HUFL,24,42,xgboost,4.238967704401499
2018-03-23 11:00:00,etth1,HUFL,24,42,xgboost,3.37498694974555
2018-03-23 12:00:00,etth1,HUFL,24,42,xgboost,3.5876832828511636
2018-03-23 13:00:00,etth1,HUFL,24,42,xgboost,4.119945340746828
2018-03-23 14:00:00,etth1,HUFL,24,42,xgboost,3.6985184318492723
2018-03-23 15:00:00,etth1,HUFL,24,42,xgboost,4.10978179501362
2018-03-23 16:00:00,etth1,HUFL,24,42,xgboost,3.5104376613827823
2018-03-23 17:00:00,etth1,HUFL,24,42,xgboost,3.421281539783676
2018-03-23 18:00:00,etth1,HUFL,24,42,xgboost,3.1909925038669775
2018-03-23 19:00:00,etth1,HUFL,24,42,xgboost,3.6144482147528554
2018-03-23 20:00:00,etth1,HUFL,24,42,xgboost,3.646620290283444
2018-03-23 21:00:00,etth1,HUFL,24,42,xgboost,3.488677071387705
2018-03-23 22:00:00,etth1,HUFL,24,42,xgboost,3.203023347130548
2018-03-23 23:00:00,etth1,HUFL,24,42,xgboost,4.042133520821874
2018-03-24 00:00:00,etth1,HUFL,24,42,xgboost,3.437237926645896
2018-03-24 01:00:00,etth1,HUFL,24,42,xgboost,3.2726510692557174
2018-03-24 02:00:00,etth1,HUFL,24,42,xgboost,3.0833976592843952
2018-03-24 03:00:00,etth1,HUFL,24,42,xgboost,2.8581634340802844
2018-03-24 04:00:00,etth1,HUFL,24,42,xgboost,3.2369980921051984
2018-03-24 05:00:00,etth1,HUFL,24,42,xgboost,2.924876540687423
2018-03-24 06:00:00,etth1,HUFL,24,42,xgboost,3.3264699092535213
2018-03-24 07:00:00,etth1,HUFL,24,42,xgboost,2.6378723781877516
2018-03-24 08:00:00,etth1,HUFL,24,42,xgboost,3.1547079661561312
2018-03-24 09:00:00,etth1,HUFL,24,42,xgboost,3.514138090013977
2018-03-24 10:00:00,etth1,HUFL,24,42,xgboost,4.1328168626555035
2018-03-24 11:00:00,etth1,HUFL,24,42,xgboost,3.339722841649571
2018-03-24 12:00:00,etth1,HUFL,24,42,xgboost,2.5937887164660633
2018-03-24 13:00:00,etth1,HUFL,24,42,xgboost,2.603050805349637
2018-03-24 14:00:00,etth1,HUFL,24,42,xgboost,1.9308246703516527
2018-03-24 15:00:00,etth1,HUFL,24,42,xgboost,1.8877168832328586
2018-03-24 16:00:00,etth1,HUFL,24,42,xgboost,3.3610337974231346
2018-03-24 17:00:00,etth1,HUFL,24,42,xgboost,2.581344351843168
2018-03-24 18:00:00,etth1,HUFL,24,42,xgboost,2.226875383838749
2018-03-24 19:00:00,etth1,HUFL,24,42,xgboost,2.897352568589041
2018-03-24 20:00:00,etth1,HUFL,24,42,xgboost,2.5045511779021967
2018-03-24 21:00:00,etth1,HUFL,24,42,xgboost,2.5363352593049586
2018-03-24 22:00:00,etth1,HUFL,24,42,xgboost,2.566590881483394
2018-03-24 23:00:00,etth1,HUFL,24,42,xgboost,2.7875570381661254
2018-03-25 00:00:00,etth1,HUFL,24,42,xgboost,2.67206597836846
2018-03-25 01:00:00,etth1,HUFL,24,42,xgboost,2.5332632013437943
2018-03-25 02:00:00,etth1,HUFL,24,42,xgboost,3.0472582752347783
2018-03-25 03:00:00,etth1,HUFL,24,42,xgboost,2.8558604343933447
2018-03-25 04:00:00,etth1,HUFL,24,42,xgboost,2.7136437058147975
2018-03-25 05:00:00,etth1,HUFL,24,42,xgboost,3.1686409720633666
2018-03-25 06:00:00,etth1,HUFL,24,42,xgboost,3.447415793313468
2018-03-25 07:00:00,etth1,HUFL,24,42,xgboost,3.8421221327777126
2018-03-25 08:00:00,etth1,HUFL,24,42,xgboost,3.4871899061512317
2018-03-25 09:00:00,etth1,HUFL,24,42,xgboost,2.3055507348146116
2018-03-25 10:00:00,etth1,HUFL,24,42,xgboost,2.4344772246880346
2018-03-25 11:00:00,etth1,HUFL,24,42,xgboost,3.1999819290991893
2018-03-25 12:00:00,etth1,HUFL,24,42,xgboost,3.147118902418994
2018-03-25 13:00:00,etth1,HUFL,24,42,xgboost,4.163709043967479
2018-03-25 14:00:00,etth1,HUFL,24,42,xgboost,4.102044522555144
2018-03-25 15:00:00,etth1,HUFL,24,42,xgboost,4.686721923080813
2018-03-25 16:00:00,etth1,HUFL,24,42,xgboost,4.734581887764624
2018-03-25 17:00:00,etth1,HUFL,24,42,xgboost,5.384886784464707
2018-03-25 18:00:00,etth1,HUFL,24,42,xgboost,4.826506710542045
2018-03-25 19:00:00,etth1,HUFL,24,42,xgboost,5.233466687680387
2018-03-25 20:00:00,etth1,HUFL,24,42,xgboost,4.8626743553478144
2018-03-25 21:00:00,etth1,HUFL,24,42,xgboost,5.221534934540155
2018-03-25 22:00:00,etth1,HUFL,24,42,xgboost,4.993195991545639
2018-03-25 23:00:00,etth1,HUFL,24,42,xgboost,4.768657940685707
2018-03-26 00:00:00,etth1,HUFL,24,42,xgboost,4.637642588728782
2018-03-26 01:00:00,etth1,HUFL,24,42,xgboost,5.028142571362765
2018-03-26 02:00:00,etth1,HUFL,24,42,xgboost,4.7074529808343355
2018-03-26 03:00:00,etth1,HUFL,24,42,xgboost,4.671378882239961
2018-03-26 04:00:00,etth1,HUFL,24,42,xgboost,5.254419842751294
2018-03-26 05:00:00,etth1,HUFL,24,42,xgboost,5.392303528799784
2018-03-26 06:00:00,etth1,HUFL,24,42,xgboost,4.938675224056514
2018-03-26 07:00:00,etth1,HUFL,24,42,xgboost,5.751917954839397
2018-03-26 08:00:00,etth1,HUFL,24,42,xgboost,5.280502123251369
2018-03-26 09:00:00,etth1,HUFL,24,42,xgboost,4.314991806352421
2018-03-26 10:00:00,etth1,HUFL,24,42,xgboost,3.460871218949194
2018-03-26 11:00:00,etth1,HUFL,24,42,xgboost,2.9171082481798307
2018-03-26 12:00:00,etth1,HUFL,24,42,xgboost,3.5929190187506563
2018-03-26 13:00:00,etth1,HUFL,24,42,xgboost,4.497131994264336
2018-03-26 14:00:00,etth1,HUFL,24,42,xgboost,4.900007747199817
2018-03-26 15:00:00,etth1,HUFL,24,42,xgboost,4.843353900535322
2018-03-26 16:00:00,etth1,HUFL,24,42,xgboost,4.90750786082269
2018-03-26 17:00:00,etth1,HUFL,24,42,xgboost,5.55615578588613
2018-03-26 18:00:00,etth1,HUFL,24,42,xgboost,5.25842206546961
2018-03-26 19:00:00,etth1,HUFL,24,42,xgboost,5.299692183905153
2018-03-26 20:00:00,etth1,HUFL,24,42,xgboost,5.2683280072156995
2018-03-26 21:00:00,etth1,HUFL,24,42,xgboost,5.353963605587826
2018-03-26 22:00:00,etth1,HUFL,24,42,xgboost,5.602610504794856
2018-03-26 23:00:00,etth1,HUFL,24,42,xgboost,5.09169305322022
2018-03-27 00:00:00,etth1,HUFL,24,42,xgboost,5.945544753049756
2018-03-27 01:00:00,etth1,HUFL,24,42,xgboost,5.411029065944653
2018-03-27 02:00:00,etth1,HUFL,24,42,xgboost,4.808706982914142
2018-03-27 03:00:00,etth1,HUFL,24,42,xgboost,5.505637857485955
2018-03-27 04:00:00,etth1,HUFL,24,42,xgboost,4.548688213253357
2018-03-27 05:00:00,etth1,HUFL,24,42,xgboost,4.311693866685792
2018-03-27 06:00:00,etth1,HUFL,24,42,xgboost,4.851182261467653
2018-03-27 07:00:00,etth1,HUFL,24,42,xgboost,4.393675956725979
2018-03-27 08:00:00,etth1,HUFL,24,42,xgboost,5.194137735315395
2018-03-27 09:00:00,etth1,HUFL,24,42,xgboost,3.8432558411912416
2018-03-27 10:00:00,etth1,HUFL,24,42,xgboost,2.998644191645271
2018-03-27 11:00:00,etth1,HUFL,24,42,xgboost,2.9156797595237687
2018-03-27 12:00:00,etth1,HUFL,24,42,xgboost,2.740237412518166
2018-03-27 13:00:00,etth1,HUFL,24,42,xgboost,2.456142320567917
2018-03-27 14:00:00,etth1,HUFL,24,42,xgboost,2.3950257961851844
2018-03-27 15:00:00,etth1,HUFL,24,42,xgboost,2.616204289637265
2018-03-27 16:00:00,etth1,HUFL,24,42,xgboost,3.0517518706819065
2018-03-27 17:00:00,etth1,HUFL,24,42,xgboost,3.120480776944133
2018-03-27 18:00:00,etth1,HUFL,24,42,xgboost,3.254201070525621
2018-03-27 19:00:00,etth1,HUFL,24,42,xgboost,3.5271326074345715
2018-03-27 20:00:00,etth1,HUFL,24,42,xgboost,3.2898237444949188
2018-03-27 21:00:00,etth1,HUFL,24,42,xgboost,3.41907720291281
2018-03-27 22:00:00,etth1,HUFL,24,42,xgboost,3.322793035573037
2018-03-27 23:00:00,etth1,HUFL,24,42,xgboost,3.4544946492537463
2018-03-28 00:00:00,etth1,HUFL,24,42,xgboost,3.26059998658944
2018-03-28 01:00:00,etth1,HUFL,24,42,xgboost,2.8783915285936286
2018-03-28 02:00:00,etth1,HUFL,24,42,xgboost,2.9867938404948973
2018-03-28 03:00:00,etth1,HUFL,24,42,xgboost,3.3126589351253024
2018-03-28 04:00:00,etth1,HUFL,24,42,xgboost,3.6821878894579227
2018-03-28 05:00:00,etth1,HUFL,24,42,xgboost,3.74227146301045
2018-03-28 06:00:00,etth1,HUFL,24,42,xgboost,3.0063517421442363
2018-03-28 07:00:00,etth1,HUFL,24,42,xgboost,3.4651016988627497
2018-03-28 08:00:00,etth1,HUFL,24,42,xgboost,4.642157762477821
2018-03-28 09:00:00,etth1,HUFL,24,42,xgboost,2.9630039869220823
2018-03-28 10:00:00,etth1,HUFL,24,42,xgboost,3.0178534232173306
2018-03-28 11:00:00,etth1,HUFL,24,42,xgboost,2.4140551143146314
2018-03-28 12:00:00,etth1,HUFL,24,42,xgboost,2.540781570631197
2018-03-28 13:00:00,etth1,HUFL,24,42,xgboost,2.4170791095373754
2018-03-28 14:00:00,etth1,HUFL,24,42,xgboost,2.1390693131364205
2018-03-28 15:00:00,etth1,HUFL,24,42,xgboost,1.9789996621544523
2018-03-28 16:00:00,etth1,HUFL,24,42,xgboost,2.0089492833839113
2018-03-28 17:00:00,etth1,HUFL,24,42,xgboost,1.7463712017111253
2018-03-28 18:00:00,etth1,HUFL,24,42,xgboost,1.9120130799300543
2018-03-28 19:00:00,etth1,HUFL,24,42,xgboost,2.1461617518562326
2018-03-28 20:00:00,etth1,HUFL,24,42,xgboost,2.0117299068907752
2018-03-28 21:00:00,etth1,HUFL,24,42,xgboost,2.401279567907294
2018-03-28 22:00:00,etth1,HUFL,24,42,xgboost,2.298371000177786
2018-03-28 23:00:00,etth1,HUFL,24,42,xgboost,2.3421970145441926
2018-03-29 00:00:00,etth1,HUFL,24,42,xgboost,2.2243267473923143
2018-03-29 01:00:00,etth1,HUFL,24,42,xgboost,2.145702239544521
2018-03-29 02:00:00,etth1,HUFL,24,42,xgboost,2.3642060511295715
2018-03-29 03:00:00,etth1,HUFL,24,42,xgboost,2.6864092422535237
2018-03-29 04:00:00,etth1,HUFL,24,42,xgboost,2.7860130643013306
2018-03-29 05:00:00,etth1,HUFL,24,42,xgboost,2.6582380068685727
2018-03-29 06:00:00,etth1,HUFL,24,42,xgboost,2.923656331736719
2018-03-29 07:00:00,etth1,HUFL,24,42,xgboost,3.1239804449636495
2018-03-29 08:00:00,etth1,HUFL,24,42,xgboost,3.346626141666386
2018-03-29 09:00:00,etth1,HUFL,24,42,xgboost,2.5934107280679046
2018-03-29 10:00:00,etth1,HUFL,24,42,xgboost,3.438570980733722
2018-03-29 11:00:00,etth1,HUFL,24,42,xgboost,3.622547156054631
2018-03-29 12:00:00,etth1,HUFL,24,42,xgboost,4.003883794512969
2018-03-29 13:00:00,etth1,HUFL,24,42,xgboost,4.529654740177732
2018-03-29 14:00:00,etth1,HUFL,24,42,xgboost,5.123776402460314
2018-03-29 15:00:00,etth1,HUFL,24,42,xgboost,2.8678349309194027
2018-03-29 16:00:00,etth1,HUFL,24,42,xgboost,3.014543954039679
2018-03-29 17:00:00,etth1,HUFL,24,42,xgboost,3.455223050888667
2018-03-29 18:00:00,etth1,HUFL,24,42,xgboost,3.4817205069673896
2018-03-29 19:00:00,etth1,HUFL,24,42,xgboost,3.412905887796979
2018-03-29 20:00:00,etth1,HUFL,24,42,xgboost,3.632616470040359
2018-03-29 21:00:00,etth1,HUFL,24,42,xgboost,3.616173289363392
2018-03-29 22:00:00,etth1,HUFL,24,42,xgboost,3.6161523960701842
2018-03-29 23:00:00,etth1,HUFL,24,42,xgboost,2.7850960300330563
2018-03-30 00:00:00,etth1,HUFL,24,42,xgboost,3.5791362246410383
2018-03-30 01:00:00,etth1,HUFL,24,42,xgboost,3.512687244494117
2018-03-30 02:00:00,etth1,HUFL,24,42,xgboost,3.891052239517754
2018-03-30 03:00:00,etth1,HUFL,24,42,xgboost,4.134225022114781
2018-03-30 04:00:00,etth1,HUFL,24,42,xgboost,3.541648878081414
2018-03-30 05:00:00,etth1,HUFL,24,42,xgboost,3.424338492179323
2018-03-30 06:00:00,etth1,HUFL,24,42,xgboost,3.2429745315856393
2018-03-30 07:00:00,etth1,HUFL,24,42,xgboost,3.622145380820612
2018-03-30 08:00:00,etth1,HUFL,24,42,xgboost,3.9896841578632043
2018-03-30 09:00:00,etth1,HUFL,24,42,xgboost,3.7805250402600343
2018-03-30 10:00:00,etth1,HUFL,24,42,xgboost,4.363817699135245
2018-03-30 11:00:00,etth1,HUFL,24,42,xgboost,5.666769845596922
2018-03-30 12:00:00,etth1,HUFL,24,42,xgboost,4.745081471458795
2018-03-30 13:00:00,etth1,HUFL,24,42,xgboost,4.6638086724146826
2018-03-30 14:00:00,etth1,HUFL,24,42,xgboost,4.987805424445605
2018-03-30 15:00:00,etth1,HUFL,24,42,xgboost,6.105856949030973
2018-03-30 16:00:00,etth1,HUFL,24,42,xgboost,6.747829805119765
2018-03-30 17:00:00,etth1,HUFL,24,42,xgboost,6.044480698186155
2018-03-30 18:00:00,etth1,HUFL,24,42,xgboost,6.807234421102991
2018-03-30 19:00:00,etth1,HUFL,24,42,xgboost,6.5810369101911945
2018-03-30 20:00:00,etth1,HUFL,24,42,xgboost,6.749297246561979
2018-03-30 21:00:00,etth1,HUFL,24,42,xgboost,7.062577340803912
2018-03-30 22:00:00,etth1,HUFL,24,42,xgboost,7.285331322997358
2018-03-30 23:00:00,etth1,HUFL,24,42,xgboost,7.14545728726448
2018-03-31 00:00:00,etth1,HUFL,24,42,xgboost,7.279650018599594
2018-03-31 01:00:00,etth1,HUFL,24,42,xgboost,7.9048800899317015
2018-03-31 02:00:00,etth1,HUFL,24,42,xgboost,8.218248925824426
2018-03-31 03:00:00,etth1,HUFL,24,42,xgboost,8.134790363607168
2018-03-31 04:00:00,etth1,HUFL,24,42,xgboost,8.21782516105195
2018-03-31 05:00:00,etth1,HUFL,24,42,xgboost,8.449872593052286
2018-03-31 06:00:00,etth1,HUFL,24,42,xgboost,8.386620194394695
2018-03-31 07:00:00,etth1,HUFL,24,42,xgboost,8.704774858518888
2018-03-31 08:00:00,etth1,HUFL,24,42,xgboost,7.786946286580431
2018-03-31 09:00:00,etth1,HUFL,24,42,xgboost,7.087608858641457
2018-03-31 10:00:00,etth1,HUFL,24,42,xgboost,6.360019055929548
2018-03-31 11:00:00,etth1,HUFL,24,42,xgboost,5.554016260857773
2018-03-31 12:00:00,etth1,HUFL,24,42,xgboost,6.011661212559488
2018-03-31 13:00:00,etth1,HUFL,24,42,xgboost,6.92864143578456
2018-03-31 14:00:00,etth1,HUFL,24,42,xgboost,7.385414993368141
2018-03-31 15:00:00,etth1,HUFL,24,42,xgboost,8.788471808141724
2018-03-31 16:00:00,etth1,HUFL,24,42,xgboost,7.711573493981622
2018-03-31 17:00:00,etth1,HUFL,24,42,xgboost,6.878935594101975
2018-03-31 18:00:00,etth1,HUFL,24,42,xgboost,6.350071721502435
2018-03-31 19:00:00,etth1,HUFL,24,42,xgboost,5.498104322706717
2018-03-31 20:00:00,etth1,HUFL,24,42,xgboost,4.725603427749251
2018-03-31 21:00:00,etth1,HUFL,24,42,xgboost,4.763369838510928
2018-03-31 22:00:00,etth1,HUFL,24,42,xgboost,4.406167565884128
2018-03-31 23:00:00,etth1,HUFL,24,42,xgboost,5.039849715958425
2018-04-01 00:00:00,etth1,HUFL,24,42,xgboost,6.761105701139747
2018-04-01 01:00:00,etth1,HUFL,24,42,xgboost,6.605221596143309
2018-04-01 02:00:00,etth1,HUFL,24,42,xgboost,6.541048336869632
2018-04-01 03:00:00,etth1,HUFL,24,42,xgboost,6.116152725952138
2018-04-01 04:00:00,etth1,HUFL,24,42,xgboost,5.136853573343688
2018-04-01 05:00:00,etth1,HUFL,24,42,xgboost,4.73877542159378
2018-04-01 06:00:00,etth1,HUFL,24,42,xgboost,4.411419384393969
2018-04-01 07:00:00,etth1,HUFL,24,42,xgboost,4.8640318117423424
2018-04-01 08:00:00,etth1,HUFL,24,42,xgboost,5.001431388624763
2018-04-01 09:00:00,etth1,HUFL,24,42,xgboost,3.5340681306967014
2018-04-01 10:00:00,etth1,HUFL,24,42,xgboost,2.9759679474399285
2018-04-01 11:00:00,etth1,HUFL,24,42,xgboost,3.2624643845791983
2018-04-01 12:00:00,etth1,HUFL,24,42,xgboost,3.5762637753941298
2018-04-01 13:00:00,etth1,HUFL,24,42,xgboost,3.9194824147337664
2018-04-01 14:00:00,etth1,HUFL,24,42,xgboost,4.651861035939574
2018-04-01 15:00:00,etth1,HUFL,24,42,xgboost,5.190923079330655
2018-04-01 16:00:00,etth1,HUFL,24,42,xgboost,4.675078327347748
2018-04-01 17:00:00,etth1,HUFL,24,42,xgboost,5.664684466119572
2018-04-01 18:00:00,etth1,HUFL,24,42,xgboost,5.3692867399245054
2018-04-01 19:00:00,etth1,HUFL,24,42,xgboost,4.850145773177917
2018-04-01 20:00:00,etth1,HUFL,24,42,xgboost,4.92583749100732
2018-04-01 21:00:00,etth1,HUFL,24,42,xgboost,4.680968814865882
2018-04-01 22:00:00,etth1,HUFL,24,42,xgboost,4.538393899236222
2018-04-01 23:00:00,etth1,HUFL,24,42,xgboost,4.514431278058198
2018-04-02 00:00:00,etth1,HUFL,24,42,xgboost,4.747388791322121
2018-04-02 01:00:00,etth1,HUFL,24,42,xgboost,3.92984960221411
2018-04-02 02:00:00,etth1,HUFL,24,42,xgboost,3.6851263611963816
2018-04-02 03:00:00,etth1,HUFL,24,42,xgboost,3.5189763877517968
2018-04-02 04:00:00,etth1,HUFL,24,42,xgboost,3.3165828846752934
2018-04-02 05:00:00,etth1,HUFL,24,42,xgboost,2.725413612086081
2018-04-02 06:00:00,etth1,HUFL,24,42,xgboost,2.359362821435773
2018-04-02 07:00:00,etth1,HUFL,24,42,xgboost,2.4384358793303558
2018-04-02 08:00:00,etth1,HUFL,24,42,xgboost,3.34369561849131
2018-04-02 09:00:00,etth1,HUFL,24,42,xgboost,3.7155308574772956
2018-04-02 10:00:00,etth1,HUFL,24,42,xgboost,3.8139579462009583
2018-04-02 11:00:00,etth1,HUFL,24,42,xgboost,3.28198546009976
2018-04-02 12:00:00,etth1,HUFL,24,42,xgboost,2.9797233772030776
2018-04-02 13:00:00,etth1,HUFL,24,42,xgboost,3.8060964565917463
2018-04-02 14:00:00,etth1,HUFL,24,42,xgboost,3.8367083583474506
2018-04-02 15:00:00,etth1,HUFL,24,42,xgboost,3.7043305945010374
2018-04-02 16:00:00,etth1,HUFL,24,42,xgboost,4.129285476474275
2018-04-02 17:00:00,etth1,HUFL,24,42,xgboost,4.118416454485687
2018-04-02 18:00:00,etth1,HUFL,24,42,xgboost,3.978254726491316
2018-04-02 19:00:00,etth1,HUFL,24,42,xgboost,4.5013466955946155
2018-04-02 20:00:00,etth1,HUFL,24,42,xgboost,4.615566209616953
2018-04-02 21:00:00,etth1,HUFL,24,42,xgboost,4.753380240403734
2018-04-02 22:00:00,etth1,HUFL,24,42,xgboost,4.698148272197308
2018-04-02 23:00:00,etth1,HUFL,24,42,xgboost,5.0881200338654216
2018-04-03 00:00:00,etth1,HUFL,24,42,xgboost,5.369037969054592
2018-04-03 01:00:00,etth1,HUFL,24,42,xgboost,4.883562698043417
2018-04-03 02:00:00,etth1,HUFL,24,42,xgboost,4.4800025979071645
2018-04-03 03:00:00,etth1,HUFL,24,42,xgboost,3.953762237017303
2018-04-03 04:00:00,etth1,HUFL,24,42,xgboost,3.320185946532028
2018-04-03 05:00:00,etth1,HUFL,24,42,xgboost,2.8365116797746914
2018-04-03 06:00:00,etth1,HUFL,24,42,xgboost,2.5412034245583808
2018-04-03 07:00:00,etth1,HUFL,24,42,xgboost,3.3648740801658015
2018-04-03 08:00:00,etth1,HUFL,24,42,xgboost,4.604596415247982
2018-04-03 09:00:00,etth1,HUFL,24,42,xgboost,4.181830099419106
2018-04-03 10:00:00,etth1,HUFL,24,42,xgboost,3.609530195484867
2018-04-03 11:00:00,etth1,HUFL,24,42,xgboost,3.5813852995148956
2018-04-03 12:00:00,etth1,HUFL,24,42,xgboost,3.4552867567637278
2018-04-03 13:00:00,etth1,HUFL,24,42,xgboost,4.0883054944247155
2018-04-03 14:00:00,etth1,HUFL,24,42,xgboost,3.7925006395699534
2018-04-03 15:00:00,etth1,HUFL,24,42,xgboost,3.8818537832491145
2018-04-03 16:00:00,etth1,HUFL,24,42,xgboost,4.799520340305843
2018-04-03 17:00:00,etth1,HUFL,24,42,xgboost,5.256627043270075
2018-04-03 18:00:00,etth1,HUFL,24,42,xgboost,5.441216464277873
2018-04-03 19:00:00,etth1,HUFL,24,42,xgboost,5.246239242167747
2018-04-03 20:00:00,etth1,HUFL,24,42,xgboost,5.5003672183268035
2018-04-03 21:00:00,etth1,HUFL,24,42,xgboost,5.213600546212818
2018-04-03 22:00:00,etth1,HUFL,24,42,xgboost,5.382661880208833
2018-04-03 23:00:00,etth1,HUFL,24,42,xgboost,5.574767823341574
2018-04-04 00:00:00,etth1,HUFL,24,42,xgboost,5.562449590745113
2018-04-04 01:00:00,etth1,HUFL,24,42,xgboost,4.893585014050827
2018-04-04 02:00:00,etth1,HUFL,24,42,xgboost,4.7013642152397885
2018-04-04 03:00:00,etth1,HUFL,24,42,xgboost,5.55519064393111
2018-04-04 04:00:00,etth1,HUFL,24,42,xgboost,5.649769389636627
2018-04-04 05:00:00,etth1,HUFL,24,42,xgboost,5.4633613693692284
2018-04-04 06:00:00,etth1,HUFL,24,42,xgboost,5.6260507864931695
2018-04-04 07:00:00,etth1,HUFL,24,42,xgboost,4.807743781446731
2018-04-04 08:00:00,etth1,HUFL,24,42,xgboost,3.349729125794427
2018-04-04 09:00:00,etth1,HUFL,24,42,xgboost,2.1215166210984244
2018-04-04 10:00:00,etth1,HUFL,24,42,xgboost,2.6382881034712713
2018-04-04 11:00:00,etth1,HUFL,24,42,xgboost,2.3085115586285503
2018-04-04 12:00:00,etth1,HUFL,24,42,xgboost,2.4530920177777817
2018-04-04 13:00:00,etth1,HUFL,24,42,xgboost,2.564015510162698
2018-04-04 14:00:00,etth1,HUFL,24,42,xgboost,3.637043101905963
2018-04-04 15:00:00,etth1,HUFL,24,42,xgboost,3.6653212767385397
2018-04-04 16:00:00,etth1,HUFL,24,42,xgboost,3.368201696333678
2018-04-04 17:00:00,etth1,HUFL,24,42,xgboost,3.6407599359521057
2018-04-04 18:00:00,etth1,HUFL,24,42,xgboost,3.0438281248029813
2018-04-04 19:00:00,etth1,HUFL,24,42,xgboost,3.035339753255625
2018-04-04 20:00:00,etth1,HUFL,24,42,xgboost,3.1006218450399636
2018-04-04 21:00:00,etth1,HUFL,24,42,xgboost,3.011771696104338
2018-04-04 22:00:00,etth1,HUFL,24,42,xgboost,2.9653896161496327
2018-04-04 23:00:00,etth1,HUFL,24,42,xgboost,3.8044726482053774
2018-04-05 00:00:00,etth1,HUFL,24,42,xgboost,4.225133685669907
2018-04-05 01:00:00,etth1,HUFL,24,42,xgboost,4.367120038348517
2018-04-05 02:00:00,etth1,HUFL,24,42,xgboost,3.9654896529033574
2018-04-05 03:00:00,etth1,HUFL,24,42,xgboost,4.059690181434699
2018-04-05 04:00:00,etth1,HUFL,24,42,xgboost,4.484981983087119
2018-04-05 05:00:00,etth1,HUFL,24,42,xgboost,5.06043751656252
2018-04-05 06:00:00,etth1,HUFL,24,42,xgboost,5.092739358846043
2018-04-05 07:00:00,etth1,HUFL,24,42,xgboost,4.400324673123762
2018-04-05 08:00:00,etth1,HUFL,24,42,xgboost,3.848403407015581
2018-04-05 09:00:00,etth1,HUFL,24,42,xgboost,2.916255248217386
2018-04-05 10:00:00,etth1,HUFL,24,42,xgboost,3.2144870114970505
2018-04-05 11:00:00,etth1,HUFL,24,42,xgboost,2.8738103784007585
2018-04-05 12:00:00,etth1,HUFL,24,42,xgboost,3.207465397359519
2018-04-05 13:00:00,etth1,HUFL,24,42,xgboost,4.2305304249644236
2018-04-05 14:00:00,etth1,HUFL,24,42,xgboost,4.046570684471438
2018-04-05 15:00:00,etth1,HUFL,24,42,xgboost,4.205305388410175
2018-04-05 16:00:00,etth1,HUFL,24,42,xgboost,4.653934550590767
2018-04-05 17:00:00,etth1,HUFL,24,42,xgboost,4.660769052423075
2018-04-05 18:00:00,etth1,HUFL,24,42,xgboost,5.111874054340757
2018-04-05 19:00:00,etth1,HUFL,24,42,xgboost,5.371335196425889
2018-04-05 20:00:00,etth1,HUFL,24,42,xgboost,5.2879281705698755
2018-04-05 21:00:00,etth1,HUFL,24,42,xgboost,5.364421384020109
2018-04-05 22:00:00,etth1,HUFL,24,42,xgboost,5.245805233915076
2018-04-05 23:00:00,etth1,HUFL,24,42,xgboost,4.706903517647568
2018-04-06 00:00:00,etth1,HUFL,24,42,xgboost,4.865192940652907
2018-04-06 01:00:00,etth1,HUFL,24,42,xgboost,4.397402762780179
2018-04-06 02:00:00,etth1,HUFL,24,42,xgboost,4.072365890595214
2018-04-06 03:00:00,etth1,HUFL,24,42,xgboost,4.486314976027128
2018-04-06 04:00:00,etth1,HUFL,24,42,xgboost,3.9972614796748487
2018-04-06 05:00:00,etth1,HUFL,24,42,xgboost,3.921397276121638
2018-04-06 06:00:00,etth1,HUFL,24,42,xgboost,4.173351438243281
2018-04-06 07:00:00,etth1,HUFL,24,42,xgboost,4.301606692422148
2018-04-06 08:00:00,etth1,HUFL,24,42,xgboost,4.533766859802008
2018-04-06 09:00:00,etth1,HUFL,24,42,xgboost,3.4263954295422994
2018-04-06 10:00:00,etth1,HUFL,24,42,xgboost,3.3826420393245087
2018-04-06 11:00:00,etth1,HUFL,24,42,xgboost,3.31573775795898
2018-04-06 12:00:00,etth1,HUFL,24,42,xgboost,3.3934213234064683
2018-04-06 13:00:00,etth1,HUFL,24,42,xgboost,4.51268940935423
2018-04-06 14:00:00,etth1,HUFL,24,42,xgboost,4.122440932715729
2018-04-06 15:00:00,etth1,HUFL,24,42,xgboost,4.435828633619127
2018-04-06 16:00:00,etth1,HUFL,24,42,xgboost,3.7693573650646663
2018-04-06 17:00:00,etth1,HUFL,24,42,xgboost,2.85201913727388
2018-04-06 18:00:00,etth1,HUFL,24,42,xgboost,2.666097577381057
2018-04-06 19:00:00,etth1,HUFL,24,42,xgboost,3.4229889303584993
2018-04-06 20:00:00,etth1,HUFL,24,42,xgboost,3.36754470115068
2018-04-06 21:00:00,etth1,HUFL,24,42,xgboost,3.372149381005281
2018-04-06 22:00:00,etth1,HUFL,24,42,xgboost,3.253764448143326
2018-04-06 23:00:00,etth1,HUFL,24,42,xgboost,3.4509736640651862
2018-04-07 00:00:00,etth1,HUFL,24,42,xgboost,2.996377852925567
2018-04-07 01:00:00,etth1,HUFL,24,42,xgboost,2.4081874910580012
2018-04-07 02:00:00,etth1,HUFL,24,42,xgboost,2.5952393412750125
2018-04-07 03:00:00,etth1,HUFL,24,42,xgboost,3.14112675356971
2018-04-07 04:00:00,etth1,HUFL,24,42,xgboost,4.5965414025051095
2018-04-07 05:00:00,etth1,HUFL,24,42,xgboost,3.22495166254175
2018-04-07 06:00:00,etth1,HUFL,24,42,xgboost,2.870616600269841
2018-04-07 07:00:00,etth1,HUFL,24,42,xgboost,3.4716190566478775
2018-04-07 08:00:00,etth1,HUFL,24,42,xgboost,4.824928211456569
2018-04-07 09:00:00,etth1,HUFL,24,42,xgboost,4.145150592654037
2018-04-07 10:00:00,etth1,HUFL,24,42,xgboost,3.8755264931852467
2018-04-07 11:00:00,etth1,HUFL,24,42,xgboost,3.4775414141136154
2018-04-07 12:00:00,etth1,HUFL,24,42,xgboost,3.9249358007123867
2018-04-07 13:00:00,etth1,HUFL,24,42,xgboost,3.664486065134648
2018-04-07 14:00:00,etth1,HUFL,24,42,xgboost,3.4333356675045414
2018-04-07 15:00:00,etth1,HUFL,24,42,xgboost,3.22699097369782
2018-04-07 16:00:00,etth1,HUFL,24,42,xgboost,3.543445087023231
2018-04-07 17:00:00,etth1,HUFL,24,42,xgboost,3.6435760478692454
2018-04-07 18:00:00,etth1,HUFL,24,42,xgboost,3.677214546375916
2018-04-07 19:00:00,etth1,HUFL,24,42,xgboost,3.9484936401651303
2018-04-07 20:00:00,etth1,HUFL,24,42,xgboost,4.068954976484474
2018-04-07 21:00:00,etth1,HUFL,24,42,xgboost,4.173778826283841
2018-04-07 22:00:00,etth1,HUFL,24,42,xgboost,3.8741260690006314
2018-04-07 23:00:00,etth1,HUFL,24,42,xgboost,3.9458793287377
2018-04-08 00:00:00,etth1,HUFL,24,42,xgboost,4.32750549476308
2018-04-08 01:00:00,etth1,HUFL,24,42,xgboost,3.452578843574251
2018-04-08 02:00:00,etth1,HUFL,24,42,xgboost,3.39917463457529
2018-04-08 03:00:00,etth1,HUFL,24,42,xgboost,3.109759182432034
2018-04-08 04:00:00,etth1,HUFL,24,42,xgboost,2.648306005109117
2018-04-08 05:00:00,etth1,HUFL,24,42,xgboost,2.628119208693738
2018-04-08 06:00:00,etth1,HUFL,24,42,xgboost,2.7661205374610227
2018-04-08 07:00:00,etth1,HUFL,24,42,xgboost,3.7414540801580487
2018-04-08 08:00:00,etth1,HUFL,24,42,xgboost,5.110743869061571
2018-04-08 09:00:00,etth1,HUFL,24,42,xgboost,4.500057456844092
2018-04-08 10:00:00,etth1,HUFL,24,42,xgboost,3.0718904145849355
2018-04-08 11:00:00,etth1,HUFL,24,42,xgboost,2.78610020279319
2018-04-08 12:00:00,etth1,HUFL,24,42,xgboost,2.7154177669595074
2018-04-08 13:00:00,etth1,HUFL,24,42,xgboost,3.007164085915145
2018-04-08 14:00:00,etth1,HUFL,24,42,xgboost,3.005489835959187
2018-04-08 15:00:00,etth1,HUFL,24,42,xgboost,3.3328489550631937
2018-04-08 16:00:00,etth1,HUFL,24,42,xgboost,3.2786291235443197
2018-04-08 17:00:00,etth1,HUFL,24,42,xgboost,3.353135797557586
2018-04-08 18:00:00,etth1,HUFL,24,42,xgboost,3.6416183819401
2018-04-08 19:00:00,etth1,HUFL,24,42,xgboost,3.9996149562993666
2018-04-08 20:00:00,etth1,HUFL,24,42,xgboost,3.905410733488761
2018-04-08 21:00:00,etth1,HUFL,24,42,xgboost,3.8393118847477474
2018-04-08 22:00:00,etth1,HUFL,24,42,xgboost,3.8198874166958627
2018-04-08 23:00:00,etth1,HUFL,24,42,xgboost,4.387160558577789
2018-04-09 00:00:00,etth1,HUFL,24,42,xgboost,4.448379098104232
2018-04-09 01:00:00,etth1,HUFL,24,42,xgboost,4.803511494431707
2018-04-09 02:00:00,etth1,HUFL,24,42,xgboost,3.80068550569546
2018-04-09 03:00:00,etth1,HUFL,24,42,xgboost,3.7280237228890982
2018-04-09 04:00:00,etth1,HUFL,24,42,xgboost,3.1538916066898004
2018-04-09 05:00:00,etth1,HUFL,24,42,xgboost,2.691963935661114
2018-04-09 06:00:00,etth1,HUFL,24,42,xgboost,2.161178235260795
2018-04-09 07:00:00,etth1,HUFL,24,42,xgboost,3.6092999653439057
2018-04-09 08:00:00,etth1,HUFL,24,42,xgboost,5.29725490310417
2018-04-09 09:00:00,etth1,HUFL,24,42,xgboost,4.087561386257818
2018-04-09 10:00:00,etth1,HUFL,24,42,xgboost,4.140210679135067
2018-04-09 11:00:00,etth1,HUFL,24,42,xgboost,4.038857104930658
2018-04-09 12:00:00,etth1,HUFL,24,42,xgboost,4.165549737361335
2018-04-09 13:00:00,etth1,HUFL,24,42,xgboost,4.441451187160477
2018-04-09 14:00:00,etth1,HUFL,24,42,xgboost,4.574963078737469
2018-04-09 15:00:00,etth1,HUFL,24,42,xgboost,5.1636049014294745
2018-04-09 16:00:00,etth1,HUFL,24,42,xgboost,5.562086280066521
2018-04-09 17:00:00,etth1,HUFL,24,42,xgboost,5.086821993647738
2018-04-09 18:00:00,etth1,HUFL,24,42,xgboost,5.356864450749026
2018-04-09 19:00:00,etth1,HUFL,24,42,xgboost,5.448510721601235
2018-04-09 20:00:00,etth1,HUFL,24,42,xgboost,5.329433353814608
2018-04-09 21:00:00,etth1,HUFL,24,42,xgboost,5.081453901087749
2018-04-09 22:00:00,etth1,HUFL,24,42,xgboost,4.53618612030582
2018-04-09 23:00:00,etth1,HUFL,24,42,xgboost,4.6163358739075315
2018-04-10 00:00:00,etth1,HUFL,24,42,xgboost,3.9120067772881555
2018-04-10 01:00:00,etth1,HUFL,24,42,xgboost,3.9585975881428452
2018-04-10 02:00:00,etth1,HUFL,24,42,xgboost,3.8724116153848254
2018-04-10 03:00:00,etth1,HUFL,24,42,xgboost,3.0964624459519356
2018-04-10 04:00:00,etth1,HUFL,24,42,xgboost,2.956932977579239
2018-04-10 05:00:00,etth1,HUFL,24,42,xgboost,2.3492997739940855
2018-04-10 06:00:00,etth1,HUFL,24,42,xgboost,2.2192314149865653
2018-04-10 07:00:00,etth1,HUFL,24,42,xgboost,3.8547643773275566
2018-04-10 08:00:00,etth1,HUFL,24,42,xgboost,5.570016098486142
2018-04-10 09:00:00,etth1,HUFL,24,42,xgboost,4.955836445014097
2018-04-10 10:00:00,etth1,HUFL,24,42,xgboost,4.073746306814354
2018-04-10 11:00:00,etth1,HUFL,24,42,xgboost,3.5492870594066477
2018-04-10 12:00:00,etth1,HUFL,24,42,xgboost,3.2974086960582683
2018-04-10 13:00:00,etth1,HUFL,24,42,xgboost,2.988210510001052
2018-04-10 14:00:00,etth1,HUFL,24,42,xgboost,3.0951813677552695
2018-04-10 15:00:00,etth1,HUFL,24,42,xgboost,3.0791027921950516
2018-04-10 16:00:00,etth1,HUFL,24,42,xgboost,3.321962484125262
2018-04-10 17:00:00,etth1,HUFL,24,42,xgboost,3.143983578028107
2018-04-10 18:00:00,etth1,HUFL,24,42,xgboost,3.298134874725364
2018-04-10 19:00:00,etth1,HUFL,24,42,xgboost,3.6227997495894235
2018-04-10 20:00:00,etth1,HUFL,24,42,xgboost,3.5943190394969644
2018-04-10 21:00:00,etth1,HUFL,24,42,xgboost,3.3588916342576187
2018-04-10 22:00:00,etth1,HUFL,24,42,xgboost,3.277421612591668
2018-04-10 23:00:00,etth1,HUFL,24,42,xgboost,4.263131281732398
2018-04-11 00:00:00,etth1,HUFL,24,42,xgboost,3.6630165460860415
2018-04-11 01:00:00,etth1,HUFL,24,42,xgboost,3.2935107403539257
2018-04-11 02:00:00,etth1,HUFL,24,42,xgboost,2.9024754577997887
2018-04-11 03:00:00,etth1,HUFL,24,42,xgboost,2.46789041400903
2018-04-11 04:00:00,etth1,HUFL,24,42,xgboost,2.236608097295114
2018-04-11 05:00:00,etth1,HUFL,24,42,xgboost,1.7482342441795404
2018-04-11 06:00:00,etth1,HUFL,24,42,xgboost,1.8375224501943013
2018-04-11 07:00:00,etth1,HUFL,24,42,xgboost,2.094518595752183
2018-04-11 08:00:00,etth1,HUFL,24,42,xgboost,3.321083249376617
2018-04-11 09:00:00,etth1,HUFL,24,42,xgboost,4.110600553835838
2018-04-11 10:00:00,etth1,HUFL,24,42,xgboost,3.1671852847233724
2018-04-11 11:00:00,etth1,HUFL,24,42,xgboost,3.385112053193796
2018-04-11 12:00:00,etth1,HUFL,24,42,xgboost,3.8912476356666037
2018-04-11 13:00:00,etth1,HUFL,24,42,xgboost,3.8027643144166654
2018-04-11 14:00:00,etth1,HUFL,24,42,xgboost,3.570170024594828
2018-04-11 15:00:00,etth1,HUFL,24,42,xgboost,3.520975416390224
2018-04-11 16:00:00,etth1,HUFL,24,42,xgboost,3.293676009864823
2018-04-11 17:00:00,etth1,HUFL,24,42,xgboost,3.213862392783492
2018-04-11 18:00:00,etth1,HUFL,24,42,xgboost,3.161025413048201
2018-04-11 19:00:00,etth1,HUFL,24,42,xgboost,2.7868718537197736
2018-04-11 20:00:00,etth1,HUFL,24,42,xgboost,3.0369018840174227
2018-04-11 21:00:00,etth1,HUFL,24,42,xgboost,3.010123510068192
2018-04-11 22:00:00,etth1,HUFL,24,42,xgboost,2.8461627525485738
2018-04-11 23:00:00,etth1,HUFL,24,42,xgboost,3.678981294962354
2018-04-12 00:00:00,etth1,HUFL,24,42,xgboost,4.095971949483041
2018-04-12 01:00:00,etth1,HUFL,24,42,xgboost,4.026800672992425
2018-04-12 02:00:00,etth1,HUFL,24,42,xgboost,3.375321188654926
2018-04-12 03:00:00,etth1,HUFL,24,42,xgboost,3.089184335013256
2018-04-12 04:00:00,etth1,HUFL,24,42,xgboost,3.1273597577528918
2018-04-12 05:00:00,etth1,HUFL,24,42,xgboost,3.3163420535386288
2018-04-12 06:00:00,etth1,HUFL,24,42,xgboost,3.6518037651898196
2018-04-12 07:00:00,etth1,HUFL,24,42,xgboost,3.6090824615337596
2018-04-12 08:00:00,etth1,HUFL,24,42,xgboost,3.1161047944541767
2018-04-12 09:00:00,etth1,HUFL,24,42,xgboost,2.9411463866572007
2018-04-12 10:00:00,etth1,HUFL,24,42,xgboost,3.268913180906473
2018-04-12 11:00:00,etth1,HUFL,24,42,xgboost,3.1924997790868166
2018-04-12 12:00:00,etth1,HUFL,24,42,xgboost,3.7468941571910506
2018-04-12 13:00:00,etth1,HUFL,24,42,xgboost,3.266491485548592
2018-04-12 14:00:00,etth1,HUFL,24,42,xgboost,3.227293624111681
2018-04-12 15:00:00,etth1,HUFL,24,42,xgboost,5.232880940681824
2018-04-12 16:00:00,etth1,HUFL,24,42,xgboost,5.3048042559175155
2018-04-12 17:00:00,etth1,HUFL,24,42,xgboost,5.457651904661952
2018-04-12 18:00:00,etth1,HUFL,24,42,xgboost,4.63012738075195
2018-04-12 19:00:00,etth1,HUFL,24,42,xgboost,4.9046267314025656
2018-04-12 20:00:00,etth1,HUFL,24,42,xgboost,5.093218389787294
2018-04-12 21:00:00,etth1,HUFL,24,42,xgboost,4.714289020597298
2018-04-12 22:00:00,etth1,HUFL,24,42,xgboost,4.434880843375773
2018-04-12 23:00:00,etth1,HUFL,24,42,xgboost,5.642169703290295
2018-04-13 00:00:00,etth1,HUFL,24,42,xgboost,5.762425637722296
2018-04-13 01:00:00,etth1,HUFL,24,42,xgboost,4.879130141267641
2018-04-13 02:00:00,etth1,HUFL,24,42,xgboost,5.021589107410955
2018-04-13 03:00:00,etth1,HUFL,24,42,xgboost,5.029777629856882
2018-04-13 04:00:00,etth1,HUFL,24,42,xgboost,4.314793781217429
2018-04-13 05:00:00,etth1,HUFL,24,42,xgboost,4.530988966970386
2018-04-13 06:00:00,etth1,HUFL,24,42,xgboost,5.081418801647498
2018-04-13 07:00:00,etth1,HUFL,24,42,xgboost,3.563847279348986
2018-04-13 08:00:00,etth1,HUFL,24,42,xgboost,2.679519539287989
2018-04-13 09:00:00,etth1,HUFL,24,42,xgboost,2.8281751005713502
2018-04-13 10:00:00,etth1,HUFL,24,42,xgboost,3.6140320254518072
2018-04-13 11:00:00,etth1,HUFL,24,42,xgboost,3.4267750750871575
2018-04-13 12:00:00,etth1,HUFL,24,42,xgboost,3.5207718224868785
2018-04-13 13:00:00,etth1,HUFL,24,42,xgboost,3.467598467980624
2018-04-13 14:00:00,etth1,HUFL,24,42,xgboost,3.252316921158758
2018-04-13 15:00:00,etth1,HUFL,24,42,xgboost,2.9766685009391445
2018-04-13 16:00:00,etth1,HUFL,24,42,xgboost,3.3262615684706844
2018-04-13 17:00:00,etth1,HUFL,24,42,xgboost,3.125868327958384
2018-04-13 18:00:00,etth1,HUFL,24,42,xgboost,2.996645783492305
2018-04-13 19:00:00,etth1,HUFL,24,42,xgboost,3.110057446105928
2018-04-13 20:00:00,etth1,HUFL,24,42,xgboost,3.1806705016163392
2018-04-13 21:00:00,etth1,HUFL,24,42,xgboost,3.2355536762175654
2018-04-13 22:00:00,etth1,HUFL,24,42,xgboost,2.870086631209736
2018-04-13 23:00:00,etth1,HUFL,24,42,xgboost,3.3628038942522323
2018-04-14 00:00:00,etth1,HUFL,24,42,xgboost,3.9540638375682686
2018-04-14 01:00:00,etth1,HUFL,24,42,xgboost,3.307864452213279
2018-04-14 02:00:00,etth1,HUFL,24,42,xgboost,3.694754502948618
2018-04-14 03:00:00,etth1,HUFL,24,42,xgboost,3.6696800750012457
2018-04-14 04:00:00,etth1,HUFL,24,42,xgboost,3.797586575607557
2018-04-14 05:00:00,etth1,HUFL,24,42,xgboost,4.012199595519807
2018-04-14 06:00:00,etth1,HUFL,24,42,xgboost,4.1982741285647025
2018-04-14 07:00:00,etth1,HUFL,24,42,xgboost,3.6908347708579967
2018-04-14 08:00:00,etth1,HUFL,24,42,xgboost,3.1630561940191897
2018-04-14 09:00:00,etth1,HUFL,24,42,xgboost,2.630110914510066
2018-04-14 10:00:00,etth1,HUFL,24,42,xgboost,3.1973729313712034
2018-04-14 11:00:00,etth1,HUFL,24,42,xgboost,3.4427667787982172
2018-04-14 12:00:00,etth1,HUFL,24,42,xgboost,4.490632884589396
2018-04-14 13:00:00,etth1,HUFL,24,42,xgboost,5.895955893418619
2018-04-14 14:00:00,etth1,HUFL,24,42,xgboost,6.091541308469499
2018-04-14 15:00:00,etth1,HUFL,24,42,xgboost,6.243942297527972
2018-04-14 16:00:00,etth1,HUFL,24,42,xgboost,6.399651562318053
2018-04-14 17:00:00,etth1,HUFL,24,42,xgboost,6.804373535619722
2018-04-14 18:00:00,etth1,HUFL,24,42,xgboost,6.815084056808483
2018-04-14 19:00:00,etth1,HUFL,24,42,xgboost,6.910837570535144
2018-04-14 20:00:00,etth1,HUFL,24,42,xgboost,7.330744183828273
2018-04-14 21:00:00,etth1,HUFL,24,42,xgboost,7.294876373946624
2018-04-14 22:00:00,etth1,HUFL,24,42,xgboost,7.2260376463998695
2018-04-14 23:00:00,etth1,HUFL,24,42,xgboost,7.385937871632059
2018-04-15 00:00:00,etth1,HUFL,24,42,xgboost,7.493926528765726
2018-04-15 01:00:00,etth1,HUFL,24,42,xgboost,6.800834453831033
2018-04-15 02:00:00,etth1,HUFL,24,42,xgboost,6.4886823392967345
2018-04-15 03:00:00,etth1,HUFL,24,42,xgboost,6.113684348865576
2018-04-15 04:00:00,etth1,HUFL,24,42,xgboost,5.981789025483916
2018-04-15 05:00:00,etth1,HUFL,24,42,xgboost,5.949132264688312
2018-04-15 06:00:00,etth1,HUFL,24,42,xgboost,5.633480388000815
2018-04-15 07:00:00,etth1,HUFL,24,42,xgboost,5.723177047625985
2018-04-15 08:00:00,etth1,HUFL,24,42,xgboost,6.484474935949829
2018-04-15 09:00:00,etth1,HUFL,24,42,xgboost,4.8281657669408276
2018-04-15 10:00:00,etth1,HUFL,24,42,xgboost,3.6495435382756845
2018-04-15 11:00:00,etth1,HUFL,24,42,xgboost,3.895855846848404
2018-04-15 12:00:00,etth1,HUFL,24,42,xgboost,3.396262556908841
2018-04-15 13:00:00,etth1,HUFL,24,42,xgboost,3.2770304437781115
2018-04-15 14:00:00,etth1,HUFL,24,42,xgboost,2.536703162669542
2018-04-15 15:00:00,etth1,HUFL,24,42,xgboost,2.717702419435738
2018-04-15 16:00:00,etth1,HUFL,24,42,xgboost,2.8668575376648966
2018-04-15 17:00:00,etth1,HUFL,24,42,xgboost,3.4497380839622562
2018-04-15 18:00:00,etth1,HUFL,24,42,xgboost,3.942937417700979
2018-04-15 19:00:00,etth1,HUFL,24,42,xgboost,3.596539995972153
2018-04-15 20:00:00,etth1,HUFL,24,42,xgboost,3.354115773148701
2018-04-15 21:00:00,etth1,HUFL,24,42,xgboost,3.4484534009669665
2018-04-15 22:00:00,etth1,HUFL,24,42,xgboost,3.7042823610666002
2018-04-15 23:00:00,etth1,HUFL,24,42,xgboost,5.090199518354297
2018-04-16 00:00:00,etth1,HUFL,24,42,xgboost,4.363775114341014
2018-04-16 01:00:00,etth1,HUFL,24,42,xgboost,4.467427829109574
2018-04-16 02:00:00,etth1,HUFL,24,42,xgboost,4.424168544847881
2018-04-16 03:00:00,etth1,HUFL,24,42,xgboost,4.68372664437651
2018-04-16 04:00:00,etth1,HUFL,24,42,xgboost,4.033480895531018
2018-04-16 05:00:00,etth1,HUFL,24,42,xgboost,3.8937326417156632
2018-04-16 06:00:00,etth1,HUFL,24,42,xgboost,4.604477603861745
2018-04-16 07:00:00,etth1,HUFL,24,42,xgboost,3.6521427584963604
2018-04-16 08:00:00,etth1,HUFL,24,42,xgboost,2.8843209037656763
2018-04-16 09:00:00,etth1,HUFL,24,42,xgboost,3.3408839782004662
2018-04-16 10:00:00,etth1,HUFL,24,42,xgboost,3.1880648938871374
2018-04-16 11:00:00,etth1,HUFL,24,42,xgboost,3.819830605856794
2018-04-16 12:00:00,etth1,HUFL,24,42,xgboost,4.323679630516115
2018-04-16 13:00:00,etth1,HUFL,24,42,xgboost,5.478006392982285
2018-04-16 14:00:00,etth1,HUFL,24,42,xgboost,6.155473693791582
2018-04-16 15:00:00,etth1,HUFL,24,42,xgboost,5.905096992831221
2018-04-16 16:00:00,etth1,HUFL,24,42,xgboost,4.577117096831993
2018-04-16 17:00:00,etth1,HUFL,24,42,xgboost,4.425495815725249
2018-04-16 18:00:00,etth1,HUFL,24,42,xgboost,4.555046701343062
2018-04-16 19:00:00,etth1,HUFL,24,42,xgboost,5.031495322870161
2018-04-16 20:00:00,etth1,HUFL,24,42,xgboost,5.277691972956128
2018-04-16 21:00:00,etth1,HUFL,24,42,xgboost,5.461189521277849
2018-04-16 22:00:00,etth1,HUFL,24,42,xgboost,5.446290883038664
2018-04-16 23:00:00,etth1,HUFL,24,42,xgboost,6.167289575593114
2018-04-17 00:00:00,etth1,HUFL,24,42,xgboost,5.428809125851591
2018-04-17 01:00:00,etth1,HUFL,24,42,xgboost,5.234629436111342
2018-04-17 02:00:00,etth1,HUFL,24,42,xgboost,5.158497870589609
2018-04-17 03:00:00,etth1,HUFL,24,42,xgboost,4.662842300959725
2018-04-17 04:00:00,etth1,HUFL,24,42,xgboost,4.7253034212290475
2018-04-17 05:00:00,etth1,HUFL,24,42,xgboost,4.1821779657555025
2018-04-17 06:00:00,etth1,HUFL,24,42,xgboost,3.412922813506826
2018-04-17 07:00:00,etth1,HUFL,24,42,xgboost,4.235502319254754
2018-04-17 08:00:00,etth1,HUFL,24,42,xgboost,5.3950154003915864
2018-04-17 09:00:00,etth1,HUFL,24,42,xgboost,5.043642203736478
2018-04-17 10:00:00,etth1,HUFL,24,42,xgboost,5.009053461222646
2018-04-17 11:00:00,etth1,HUFL,24,42,xgboost,3.5951316510598885
2018-04-17 12:00:00,etth1,HUFL,24,42,xgboost,3.696007187971483
2018-04-17 13:00:00,etth1,HUFL,24,42,xgboost,4.274789834120427
2018-04-17 14:00:00,etth1,HUFL,24,42,xgboost,3.626401061202236
2018-04-17 15:00:00,etth1,HUFL,24,42,xgboost,3.7953206542522815
2018-04-17 16:00:00,etth1,HUFL,24,42,xgboost,3.801734154214055
2018-04-17 17:00:00,etth1,HUFL,24,42,xgboost,3.7202121641388843
2018-04-17 18:00:00,etth1,HUFL,24,42,xgboost,3.772045499037125
2018-04-17 19:00:00,etth1,HUFL,24,42,xgboost,4.2118672218571085
2018-04-17 20:00:00,etth1,HUFL,24,42,xgboost,4.156265929856807
2018-04-17 21:00:00,etth1,HUFL,24,42,xgboost,4.2858500723663076
2018-04-17 22:00:00,etth1,HUFL,24,42,xgboost,4.186845053276318
2018-04-17 23:00:00,etth1,HUFL,24,42,xgboost,4.954230028694553
2018-04-18 00:00:00,etth1,HUFL,24,42,xgboost,3.9069435967462667
2018-04-18 01:00:00,etth1,HUFL,24,42,xgboost,4.187243090311468
2018-04-18 02:00:00,etth1,HUFL,24,42,xgboost,3.461249568455143
2018-04-18 03:00:00,etth1,HUFL,24,42,xgboost,3.2635856808460453
2018-04-18 04:00:00,etth1,HUFL,24,42,xgboost,2.9220053643077386
2018-04-18 05:00:00,etth1,HUFL,24,42,xgboost,2.6001782333992103
2018-04-18 06:00:00,etth1,HUFL,24,42,xgboost,2.3169475233282366
2018-04-18 07:00:00,etth1,HUFL,24,42,xgboost,3.5238430135628875
2018-04-18 08:00:00,etth1,HUFL,24,42,xgboost,5.556431810850796
2018-04-18 09:00:00,etth1,HUFL,24,42,xgboost,3.8552707246954676
2018-04-18 10:00:00,etth1,HUFL,24,42,xgboost,3.184278875199833
2018-04-18 11:00:00,etth1,HUFL,24,42,xgboost,2.995176294010877
2018-04-18 12:00:00,etth1,HUFL,24,42,xgboost,2.8425408029214956
2018-04-18 13:00:00,etth1,HUFL,24,42,xgboost,3.314472601306927
2018-04-18 14:00:00,etth1,HUFL,24,42,xgboost,3.521062182037699
2018-04-18 15:00:00,etth1,HUFL,24,42,xgboost,3.336172742399107
2018-04-18 16:00:00,etth1,HUFL,24,42,xgboost,3.82951148182685
2018-04-18 17:00:00,etth1,HUFL,24,42,xgboost,3.690853287760868
2018-04-18 18:00:00,etth1,HUFL,24,42,xgboost,3.998480742634617
2018-04-18 19:00:00,etth1,HUFL,24,42,xgboost,4.392675944674882
2018-04-18 20:00:00,etth1,HUFL,24,42,xgboost,4.340903036058438
2018-04-18 21:00:00,etth1,HUFL,24,42,xgboost,4.260254899323521
2018-04-18 22:00:00,etth1,HUFL,24,42,xgboost,4.178290275985344
2018-04-18 23:00:00,etth1,HUFL,24,42,xgboost,4.513435630262475
2018-04-19 00:00:00,etth1,HUFL,24,42,xgboost,3.7164553561488547
2018-04-19 01:00:00,etth1,HUFL,24,42,xgboost,3.6875585224733167
2018-04-19 02:00:00,etth1,HUFL,24,42,xgboost,3.1510360596809193
2018-04-19 03:00:00,etth1,HUFL,24,42,xgboost,2.9418815513351233
2018-04-19 04:00:00,etth1,HUFL,24,42,xgboost,2.7271366484321278
2018-04-19 05:00:00,etth1,HUFL,24,42,xgboost,2.0762521678739367
2018-04-19 06:00:00,etth1,HUFL,24,42,xgboost,2.0473319059357085
2018-04-19 07:00:00,etth1,HUFL,24,42,xgboost,2.8426274129104026
2018-04-19 08:00:00,etth1,HUFL,24,42,xgboost,4.635132255252526
2018-04-19 09:00:00,etth1,HUFL,24,42,xgboost,3.4211636688316744
2018-04-19 10:00:00,etth1,HUFL,24,42,xgboost,2.7573763314166277
2018-04-19 11:00:00,etth1,HUFL,24,42,xgboost,2.6707270557640825
2018-04-19 12:00:00,etth1,HUFL,24,42,xgboost,2.734044205800624
2018-04-19 13:00:00,etth1,HUFL,24,42,xgboost,3.3359051228017407
2018-04-19 14:00:00,etth1,HUFL,24,42,xgboost,3.407651995072225
2018-04-19 15:00:00,etth1,HUFL,24,42,xgboost,3.0397563481458705
2018-04-19 16:00:00,etth1,HUFL,24,42,xgboost,3.0032134833825737
2018-04-19 17:00:00,etth1,HUFL,24,42,xgboost,2.9370448845981247
2018-04-19 18:00:00,etth1,HUFL,24,42,xgboost,3.056358606822608
2018-04-19 19:00:00,etth1,HUFL,24,42,xgboost,3.0184459615071653
2018-04-19 20:00:00,etth1,HUFL,24,42,xgboost,3.0535255720240486
2018-04-19 21:00:00,etth1,HUFL,24,42,xgboost,2.7486514289845894
2018-04-19 22:00:00,etth1,HUFL,24,42,xgboost,3.123674076283441
2018-04-19 23:00:00,etth1,HUFL,24,42,xgboost,2.8294146337026618
2018-04-20 00:00:00,etth1,HUFL,24,42,xgboost,3.0862863286992592
2018-04-20 01:00:00,etth1,HUFL,24,42,xgboost,3.14597780700405
2018-04-20 02:00:00,etth1,HUFL,24,42,xgboost,2.868789662629201
2018-04-20 03:00:00,etth1,HUFL,24,42,xgboost,2.749401881683188
2018-04-20 04:00:00,etth1,HUFL,24,42,xgboost,2.6324828237289863
2018-04-20 05:00:00,etth1,HUFL,24,42,xgboost,2.5817155874354936
2018-04-20 06:00:00,etth1,HUFL,24,42,xgboost,2.7597478181454718
2018-04-20 07:00:00,etth1,HUFL,24,42,xgboost,3.184949640134942
2018-04-20 08:00:00,etth1,HUFL,24,42,xgboost,3.797406294174902
2018-04-20 09:00:00,etth1,HUFL,24,42,xgboost,3.6059987739045707
2018-04-20 10:00:00,etth1,HUFL,24,42,xgboost,4.208751366291193
2018-04-20 11:00:00,etth1,HUFL,24,42,xgboost,4.837781392401348
2018-04-20 12:00:00,etth1,HUFL,24,42,xgboost,3.4928767647453545
2018-04-20 13:00:00,etth1,HUFL,24,42,xgboost,4.147504219516388
2018-04-20 14:00:00,etth1,HUFL,24,42,xgboost,3.8943991069623016
2018-04-20 15:00:00,etth1,HUFL,24,42,xgboost,3.5082996065288583
2018-04-20 16:00:00,etth1,HUFL,24,42,xgboost,3.655118510149176
2018-04-20 17:00:00,etth1,HUFL,24,42,xgboost,3.702556230765359
2018-04-20 18:00:00,etth1,HUFL,24,42,xgboost,4.023806069059273
2018-04-20 19:00:00,etth1,HUFL,24,42,xgboost,3.9795805361031142
2018-04-20 20:00:00,etth1,HUFL,24,42,xgboost,3.760200440295133
2018-04-20 21:00:00,etth1,HUFL,24,42,xgboost,3.8942830225357437
2018-04-20 22:00:00,etth1,HUFL,24,42,xgboost,3.746140915942121
2018-04-20 23:00:00,etth1,HUFL,24,42,xgboost,4.6282487370580006
2018-04-21 00:00:00,etth1,HUFL,24,42,xgboost,4.8881542668441424
2018-04-21 01:00:00,etth1,HUFL,24,42,xgboost,4.53595521022106
2018-04-21 02:00:00,etth1,HUFL,24,42,xgboost,4.457801372475831
2018-04-21 03:00:00,etth1,HUFL,24,42,xgboost,4.310094200599501
2018-04-21 04:00:00,etth1,HUFL,24,42,xgboost,4.001527110235357
2018-04-21 05:00:00,etth1,HUFL,24,42,xgboost,4.257032267066678
2018-04-21 06:00:00,etth1,HUFL,24,42,xgboost,4.128947274197503
2018-04-21 07:00:00,etth1,HUFL,24,42,xgboost,3.24271094732881
2018-04-21 08:00:00,etth1,HUFL,24,42,xgboost,2.6310520515124853
2018-04-21 09:00:00,etth1,HUFL,24,42,xgboost,3.337121364648175
2018-04-21 10:00:00,etth1,HUFL,24,42,xgboost,3.082271497553131
2018-04-21 11:00:00,etth1,HUFL,24,42,xgboost,3.5544354734877897
2018-04-21 12:00:00,etth1,HUFL,24,42,xgboost,3.8764572356692066
2018-04-21 13:00:00,etth1,HUFL,24,42,xgboost,3.362870647802527
2018-04-21 14:00:00,etth1,HUFL,24,42,xgboost,2.7515247852789986
2018-04-21 15:00:00,etth1,HUFL,24,42,xgboost,3.1685828268208045
2018-04-21 16:00:00,etth1,HUFL,24,42,xgboost,3.0836103710488345
2018-04-21 17:00:00,etth1,HUFL,24,42,xgboost,3.171316839502815
2018-04-21 18:00:00,etth1,HUFL,24,42,xgboost,3.127848925594153
2018-04-21 19:00:00,etth1,HUFL,24,42,xgboost,2.876150087048823
2018-04-21 20:00:00,etth1,HUFL,24,42,xgboost,3.063150642250751
2018-04-21 21:00:00,etth1,HUFL,24,42,xgboost,3.274704306668277
2018-04-21 22:00:00,etth1,HUFL,24,42,xgboost,3.2030449140825943
2018-04-21 23:00:00,etth1,HUFL,24,42,xgboost,3.853599237186811
2018-04-22 00:00:00,etth1,HUFL,24,42,xgboost,4.3183876071468505
2018-04-22 01:00:00,etth1,HUFL,24,42,xgboost,3.0288537136133833
2018-04-22 02:00:00,etth1,HUFL,24,42,xgboost,3.357063634060229
2018-04-22 03:00:00,etth1,HUFL,24,42,xgboost,2.694208947789997
2018-04-22 04:00:00,etth1,HUFL,24,42,xgboost,2.6976657057424305
2018-04-22 05:00:00,etth1,HUFL,24,42,xgboost,3.0725148058049316
2018-04-22 06:00:00,etth1,HUFL,24,42,xgboost,3.3827517522899555
2018-04-22 07:00:00,etth1,HUFL,24,42,xgboost,2.641610530280683
2018-04-22 08:00:00,etth1,HUFL,24,42,xgboost,2.78672244459583
2018-04-22 09:00:00,etth1,HUFL,24,42,xgboost,2.511210258323723
2018-04-22 10:00:00,etth1,HUFL,24,42,xgboost,2.894384112751266
2018-04-22 11:00:00,etth1,HUFL,24,42,xgboost,2.5500657529635435
2018-04-22 12:00:00,etth1,HUFL,24,42,xgboost,2.7546376414104237
2018-04-22 13:00:00,etth1,HUFL,24,42,xgboost,3.115962415528332
2018-04-22 14:00:00,etth1,HUFL,24,42,xgboost,3.3498062016983607
2018-04-22 15:00:00,etth1,HUFL,24,42,xgboost,3.1477055659570197
2018-04-22 16:00:00,etth1,HUFL,24,42,xgboost,3.525721882509431
2018-04-22 17:00:00,etth1,HUFL,24,42,xgboost,4.145181325234613
2018-04-22 18:00:00,etth1,HUFL,24,42,xgboost,4.42218787211707
2018-04-22 19:00:00,etth1,HUFL,24,42,xgboost,3.9980775628073624
2018-04-22 20:00:00,etth1,HUFL,24,42,xgboost,4.057629450465607
2018-04-22 21:00:00,etth1,HUFL,24,42,xgboost,3.9238875756816363
2018-04-22 22:00:00,etth1,HUFL,24,42,xgboost,4.090898392984365
2018-04-22 23:00:00,etth1,HUFL,24,42,xgboost,4.818824643222432
2018-04-23 00:00:00,etth1,HUFL,24,42,xgboost,3.940084295954789
2018-04-23 01:00:00,etth1,HUFL,24,42,xgboost,4.486511730980079
2018-04-23 02:00:00,etth1,HUFL,24,42,xgboost,4.540975588598261
2018-04-23 03:00:00,etth1,HUFL,24,42,xgboost,4.269973946494507
2018-04-23 04:00:00,etth1,HUFL,24,42,xgboost,4.1562251827462084
2018-04-23 05:00:00,etth1,HUFL,24,42,xgboost,4.763899379758394
2018-04-23 06:00:00,etth1,HUFL,24,42,xgboost,5.031558294682187
2018-04-23 07:00:00,etth1,HUFL,24,42,xgboost,4.404863818114028
2018-04-23 08:00:00,etth1,HUFL,24,42,xgboost,4.477385890281866
2018-04-23 09:00:00,etth1,HUFL,24,42,xgboost,3.199281332281361
2018-04-23 10:00:00,etth1,HUFL,24,42,xgboost,3.2920765198439614
2018-04-23 11:00:00,etth1,HUFL,24,42,xgboost,3.1237379423289
2018-04-23 12:00:00,etth1,HUFL,24,42,xgboost,3.2085554860105554
2018-04-23 13:00:00,etth1,HUFL,24,42,xgboost,3.3386895233223997
2018-04-23 14:00:00,etth1,HUFL,24,42,xgboost,2.9894524031727627
2018-04-23 15:00:00,etth1,HUFL,24,42,xgboost,3.578068837462022
2018-04-23 16:00:00,etth1,HUFL,24,42,xgboost,3.6222694335144503
2018-04-23 17:00:00,etth1,HUFL,24,42,xgboost,4.068392705930765
2018-04-23 18:00:00,etth1,HUFL,24,42,xgboost,3.918675657505607
2018-04-23 19:00:00,etth1,HUFL,24,42,xgboost,3.9437090873187635
2018-04-23 20:00:00,etth1,HUFL,24,42,xgboost,4.1486582080653065
2018-04-23 21:00:00,etth1,HUFL,24,42,xgboost,4.476049629176524
2018-04-23 22:00:00,etth1,HUFL,24,42,xgboost,4.349466038699496
2018-04-23 23:00:00,etth1,HUFL,24,42,xgboost,4.506381147705473
2018-04-24 00:00:00,etth1,HUFL,24,42,xgboost,4.027596013895992
2018-04-24 01:00:00,etth1,HUFL,24,42,xgboost,3.847991938086798
2018-04-24 02:00:00,etth1,HUFL,24,42,xgboost,3.378252832756921
2018-04-24 03:00:00,etth1,HUFL,24,42,xgboost,2.7638937646935946
2018-04-24 04:00:00,etth1,HUFL,24,42,xgboost,2.2456774393118017
2018-04-24 05:00:00,etth1,HUFL,24,42,xgboost,2.428836976699982
2018-04-24 06:00:00,etth1,HUFL,24,42,xgboost,2.504920971597055
2018-04-24 07:00:00,etth1,HUFL,24,42,xgboost,4.0340934665565085
2018-04-24 08:00:00,etth1,HUFL,24,42,xgboost,4.491077683142997
2018-04-24 09:00:00,etth1,HUFL,24,42,xgboost,5.060817065020766
2018-04-24 10:00:00,etth1,HUFL,24,42,xgboost,3.5344356743511436
2018-04-24 11:00:00,etth1,HUFL,24,42,xgboost,3.0051101947353303
2018-04-24 12:00:00,etth1,HUFL,24,42,xgboost,3.036923229215637
2018-04-24 13:00:00,etth1,HUFL,24,42,xgboost,3.6031385366807016
2018-04-24 14:00:00,etth1,HUFL,24,42,xgboost,3.7310677421063727
2018-04-24 15:00:00,etth1,HUFL,24,42,xgboost,4.334169945446864
2018-04-24 16:00:00,etth1,HUFL,24,42,xgboost,4.232764099146768
2018-04-24 17:00:00,etth1,HUFL,24,42,xgboost,4.405853353134312
2018-04-24 18:00:00,etth1,HUFL,24,42,xgboost,3.974213398872172
2018-04-24 19:00:00,etth1,HUFL,24,42,xgboost,3.842628878064351
2018-04-24 20:00:00,etth1,HUFL,24,42,xgboost,3.993091527600155
2018-04-24 21:00:00,etth1,HUFL,24,42,xgboost,3.759845332786107
2018-04-24 22:00:00,etth1,HUFL,24,42,xgboost,4.0718799214940935
2018-04-24 23:00:00,etth1,HUFL,24,42,xgboost,3.9503988458881487
2018-04-25 00:00:00,etth1,HUFL,24,42,xgboost,3.286080715528513
2018-04-25 01:00:00,etth1,HUFL,24,42,xgboost,3.2742102039569474
2018-04-25 02:00:00,etth1,HUFL,24,42,xgboost,3.4749061992868895
2018-04-25 03:00:00,etth1,HUFL,24,42,xgboost,3.5439732780022766
2018-04-25 04:00:00,etth1,HUFL,24,42,xgboost,3.2139639778498084
2018-04-25 05:00:00,etth1,HUFL,24,42,xgboost,2.5490563926080445
2018-04-25 06:00:00,etth1,HUFL,24,42,xgboost,2.169321576606912
2018-04-25 07:00:00,etth1,HUFL,24,42,xgboost,3.428080754575461
2018-04-25 08:00:00,etth1,HUFL,24,42,xgboost,4.351667807432389
2018-04-25 09:00:00,etth1,HUFL,24,42,xgboost,3.733562582167361
2018-04-25 10:00:00,etth1,HUFL,24,42,xgboost,3.1929901266684397
2018-04-25 11:00:00,etth1,HUFL,24,42,xgboost,3.085850658117812
2018-04-25 12:00:00,etth1,HUFL,24,42,xgboost,2.8972609656708337
2018-04-25 13:00:00,etth1,HUFL,24,42,xgboost,2.7604721820789115
2018-04-25 14:00:00,etth1,HUFL,24,42,xgboost,2.803074322192902
2018-04-25 15:00:00,etth1,HUFL,24,42,xgboost,2.8663718488793486
2018-04-25 16:00:00,etth1,HUFL,24,42,xgboost,3.3278023486045907
2018-04-25 17:00:00,etth1,HUFL,24,42,xgboost,3.204260929644984
2018-04-25 18:00:00,etth1,HUFL,24,42,xgboost,3.048157313985545
2018-04-25 19:00:00,etth1,HUFL,24,42,xgboost,2.9453777732059088
2018-04-25 20:00:00,etth1,HUFL,24,42,xgboost,2.714077849911114
2018-04-25 21:00:00,etth1,HUFL,24,42,xgboost,3.038873551394778
2018-04-25 22:00:00,etth1,HUFL,24,42,xgboost,2.7663740960145
2018-04-25 23:00:00,etth1,HUFL,24,42,xgboost,3.312708679886295
2018-04-26 00:00:00,etth1,HUFL,24,42,xgboost,3.322285985598135
2018-04-26 01:00:00,etth1,HUFL,24,42,xgboost,3.310942578429828
2018-04-26 02:00:00,etth1,HUFL,24,42,xgboost,3.196173052400819
2018-04-26 03:00:00,etth1,HUFL,24,42,xgboost,3.1550445190065273
2018-04-26 04:00:00,etth1,HUFL,24,42,xgboost,3.2447771201736386
2018-04-26 05:00:00,etth1,HUFL,24,42,xgboost,2.6155761186202278
2018-04-26 06:00:00,etth1,HUFL,24,42,xgboost,2.792750653414347
2018-04-26 07:00:00,etth1,HUFL,24,42,xgboost,2.498950176315248
2018-04-26 08:00:00,etth1,HUFL,24,42,xgboost,2.7321305146876362
2018-04-26 09:00:00,etth1,HUFL,24,42,xgboost,2.9872974466898046
2018-04-26 10:00:00,etth1,HUFL,24,42,xgboost,4.569179663944488
2018-04-26 11:00:00,etth1,HUFL,24,42,xgboost,3.5265672123509053
2018-04-26 12:00:00,etth1,HUFL,24,42,xgboost,4.388498534212981
2018-04-26 13:00:00,etth1,HUFL,24,42,xgboost,3.3253479733005666
2018-04-26 14:00:00,etth1,HUFL,24,42,xgboost,4.164420759966101
2018-04-26 15:00:00,etth1,HUFL,24,42,xgboost,3.804076191711379
2018-04-26 16:00:00,etth1,HUFL,24,42,xgboost,3.6420859987045033
2018-04-26 17:00:00,etth1,HUFL,24,42,xgboost,3.699747412390033
2018-04-26 18:00:00,etth1,HUFL,24,42,xgboost,4.10463001993142
2018-04-26 19:00:00,etth1,HUFL,24,42,xgboost,4.40243515835736
2018-04-26 20:00:00,etth1,HUFL,24,42,xgboost,4.54244343154117
2018-04-26 21:00:00,etth1,HUFL,24,42,xgboost,4.174101926192274
2018-04-26 22:00:00,etth1,HUFL,24,42,xgboost,4.13071004374457
2018-04-26 23:00:00,etth1,HUFL,24,42,xgboost,4.467289325993966
2018-04-27 00:00:00,etth1,HUFL,24,42,xgboost,3.567979908444896
2018-04-27 01:00:00,etth1,HUFL,24,42,xgboost,3.688382666860605
2018-04-27 02:00:00,etth1,HUFL,24,42,xgboost,3.168553671558777
2018-04-27 03:00:00,etth1,HUFL,24,42,xgboost,3.020891320071593
2018-04-27 04:00:00,etth1,HUFL,24,42,xgboost,2.564968688426765
2018-04-27 05:00:00,etth1,HUFL,24,42,xgboost,1.975085943798245
2018-04-27 06:00:00,etth1,HUFL,24,42,xgboost,2.174357057916733
2018-04-27 07:00:00,etth1,HUFL,24,42,xgboost,3.4212543847814616
2018-04-27 08:00:00,etth1,HUFL,24,42,xgboost,4.161616571851808
2018-04-27 09:00:00,etth1,HUFL,24,42,xgboost,3.0135912520210435
2018-04-27 10:00:00,etth1,HUFL,24,42,xgboost,2.8764472734585946
2018-04-27 11:00:00,etth1,HUFL,24,42,xgboost,2.5124803548235173
2018-04-27 12:00:00,etth1,HUFL,24,42,xgboost,2.7995395258066966
2018-04-27 13:00:00,etth1,HUFL,24,42,xgboost,2.645188121871237
2018-04-27 14:00:00,etth1,HUFL,24,42,xgboost,2.4467013525195895
2018-04-27 15:00:00,etth1,HUFL,24,42,xgboost,2.5518138294088186
2018-04-27 16:00:00,etth1,HUFL,24,42,xgboost,2.4800022371615764
2018-04-27 17:00:00,etth1,HUFL,24,42,xgboost,2.486711892201276
2018-04-27 18:00:00,etth1,HUFL,24,42,xgboost,3.0605601427708016
2018-04-27 19:00:00,etth1,HUFL,24,42,xgboost,3.011498363776693
2018-04-27 20:00:00,etth1,HUFL,24,42,xgboost,2.992382580061968
2018-04-27 21:00:00,etth1,HUFL,24,42,xgboost,2.929361521829121
2018-04-27 22:00:00,etth1,HUFL,24,42,xgboost,3.1934718801713693
2018-04-27 23:00:00,etth1,HUFL,24,42,xgboost,3.6039886430455237
2018-04-28 00:00:00,etth1,HUFL,24,42,xgboost,3.302647663233735
2018-04-28 01:00:00,etth1,HUFL,24,42,xgboost,2.683708833534821
2018-04-28 02:00:00,etth1,HUFL,24,42,xgboost,2.951264562024589
2018-04-28 03:00:00,etth1,HUFL,24,42,xgboost,2.7195981495408703
2018-04-28 04:00:00,etth1,HUFL,24,42,xgboost,2.5089355857100135
2018-04-28 05:00:00,etth1,HUFL,24,42,xgboost,2.6271080395354325
2018-04-28 06:00:00,etth1,HUFL,24,42,xgboost,2.3315685771375505
2018-04-28 07:00:00,etth1,HUFL,24,42,xgboost,2.177203094500177
2018-04-28 08:00:00,etth1,HUFL,24,42,xgboost,3.3795830883607585
2018-04-28 09:00:00,etth1,HUFL,24,42,xgboost,3.6552201066009657
2018-04-28 10:00:00,etth1,HUFL,24,42,xgboost,3.4865902282656314
2018-04-28 11:00:00,etth1,HUFL,24,42,xgboost,2.7412435810438147
2018-04-28 12:00:00,etth1,HUFL,24,42,xgboost,2.5821730518860835
2018-04-28 13:00:00,etth1,HUFL,24,42,xgboost,2.411012134390035
2018-04-28 14:00:00,etth1,HUFL,24,42,xgboost,2.618761838413333
2018-04-28 15:00:00,etth1,HUFL,24,42,xgboost,2.6276021475044855
2018-04-28 16:00:00,etth1,HUFL,24,42,xgboost,2.2776045258122743
2018-04-28 17:00:00,etth1,HUFL,24,42,xgboost,2.4398626384605575
2018-04-28 18:00:00,etth1,HUFL,24,42,xgboost,2.58048113401362
2018-04-28 19:00:00,etth1,HUFL,24,42,xgboost,2.6069317037134225
2018-04-28 20:00:00,etth1,HUFL,24,42,xgboost,2.42061665620097
2018-04-28 21:00:00,etth1,HUFL,24,42,xgboost,2.575310266413553
2018-04-28 22:00:00,etth1,HUFL,24,42,xgboost,2.6589135490961984
2018-04-28 23:00:00,etth1,HUFL,24,42,xgboost,2.777361536745405
2018-04-29 00:00:00,etth1,HUFL,24,42,xgboost,2.426059131776606
2018-04-29 01:00:00,etth1,HUFL,24,42,xgboost,2.397655794338624
2018-04-29 02:00:00,etth1,HUFL,24,42,xgboost,2.546592017092864
2018-04-29 03:00:00,etth1,HUFL,24,42,xgboost,2.0547165071700673
2018-04-29 04:00:00,etth1,HUFL,24,42,xgboost,1.8406362394676472
2018-04-29 05:00:00,etth1,HUFL,24,42,xgboost,1.9876589697313127
2018-04-29 06:00:00,etth1,HUFL,24,42,xgboost,2.2611196004208822
2018-04-29 07:00:00,etth1,HUFL,24,42,xgboost,2.382158785139167
2018-04-29 08:00:00,etth1,HUFL,24,42,xgboost,2.6495839314841003
2018-04-29 09:00:00,etth1,HUFL,24,42,xgboost,2.6445216740809334
2018-04-29 10:00:00,etth1,HUFL,24,42,xgboost,2.3815059306894213
2018-04-29 11:00:00,etth1,HUFL,24,42,xgboost,2.8477739653891754
2018-04-29 12:00:00,etth1,HUFL,24,42,xgboost,2.794463726844563
2018-04-29 13:00:00,etth1,HUFL,24,42,xgboost,3.4516750020670948
2018-04-29 14:00:00,etth1,HUFL,24,42,xgboost,3.7329090463053096
2018-04-29 15:00:00,etth1,HUFL,24,42,xgboost,2.9429524012149333
2018-04-29 16:00:00,etth1,HUFL,24,42,xgboost,3.072533157920661
2018-04-29 17:00:00,etth1,HUFL,24,42,xgboost,3.213132468100312
2018-04-29 18:00:00,etth1,HUFL,24,42,xgboost,3.4503325555407187
2018-04-29 19:00:00,etth1,HUFL,24,42,xgboost,3.247356280139473
2018-04-29 20:00:00,etth1,HUFL,24,42,xgboost,3.262221740488588
2018-04-29 21:00:00,etth1,HUFL,24,42,xgboost,3.215337131393001
2018-04-29 22:00:00,etth1,HUFL,24,42,xgboost,3.51057924799825
2018-04-29 23:00:00,etth1,HUFL,24,42,xgboost,2.951042407328591
2018-04-30 00:00:00,etth1,HUFL,24,42,xgboost,3.2920871227716924
2018-04-30 01:00:00,etth1,HUFL,24,42,xgboost,3.6535596969286748
2018-04-30 02:00:00,etth1,HUFL,24,42,xgboost,3.1047603130047503
2018-04-30 03:00:00,etth1,HUFL,24,42,xgboost,3.072547474119034
2018-04-30 04:00:00,etth1,HUFL,24,42,xgboost,2.935466659783644
2018-04-30 05:00:00,etth1,HUFL,24,42,xgboost,2.404006875179919
2018-04-30 06:00:00,etth1,HUFL,24,42,xgboost,2.2731174385958828
2018-04-30 07:00:00,etth1,HUFL,24,42,xgboost,2.6526871475688254
2018-04-30 08:00:00,etth1,HUFL,24,42,xgboost,3.4132461107033496
2018-04-30 09:00:00,etth1,HUFL,24,42,xgboost,3.9271073527758453
2018-04-30 10:00:00,etth1,HUFL,24,42,xgboost,3.065516445498321
2018-04-30 11:00:00,etth1,HUFL,24,42,xgboost,3.2618878412907475
2018-04-30 12:00:00,etth1,HUFL,24,42,xgboost,3.0013612099419524
2018-04-30 13:00:00,etth1,HUFL,24,42,xgboost,3.4348899947160696
2018-04-30 14:00:00,etth1,HUFL,24,42,xgboost,3.397951678883763
2018-04-30 15:00:00,etth1,HUFL,24,42,xgboost,3.277010849116456
2018-04-30 16:00:00,etth1,HUFL,24,42,xgboost,3.4466775811603334
2018-04-30 17:00:00,etth1,HUFL,24,42,xgboost,2.72515086812588
2018-04-30 18:00:00,etth1,HUFL,24,42,xgboost,2.7925867913583438
2018-04-30 19:00:00,etth1,HUFL,24,42,xgboost,2.681125317134377
2018-04-30 20:00:00,etth1,HUFL,24,42,xgboost,2.8774068657934984
2018-04-30 21:00:00,etth1,HUFL,24,42,xgboost,2.8681011449312983
2018-04-30 22:00:00,etth1,HUFL,24,42,xgboost,2.776351120343928
2018-04-30 23:00:00,etth1,HUFL,24,42,xgboost,2.745430126822221
2018-05-01 00:00:00,etth1,HUFL,24,42,xgboost,3.531607193890054
2018-05-01 01:00:00,etth1,HUFL,24,42,xgboost,3.0662519073377568
2018-05-01 02:00:00,etth1,HUFL,24,42,xgboost,2.8333007660570964
2018-05-01 03:00:00,etth1,HUFL,24,42,xgboost,2.7816603741966794
2018-05-01 04:00:00,etth1,HUFL,24,42,xgboost,2.7342522899389556
2018-05-01 05:00:00,etth1,HUFL,24,42,xgboost,2.493899980488962
2018-05-01 06:00:00,etth1,HUFL,24,42,xgboost,2.6204941417404695
2018-05-01 07:00:00,etth1,HUFL,24,42,xgboost,2.5402800105478147
2018-05-01 08:00:00,etth1,HUFL,24,42,xgboost,2.7832661377500685
2018-05-01 09:00:00,etth1,HUFL,24,42,xgboost,3.229386068868166
2018-05-01 10:00:00,etth1,HUFL,24,42,xgboost,2.9759430470538715
2018-05-01 11:00:00,etth1,HUFL,24,42,xgboost,2.9934953861446982
2018-05-01 12:00:00,etth1,HUFL,24,42,xgboost,3.5892305985594377
2018-05-01 13:00:00,etth1,HUFL,24,42,xgboost,3.1882385832923728
2018-05-01 14:00:00,etth1,HUFL,24,42,xgboost,3.469877894902302
2018-05-01 15:00:00,etth1,HUFL,24,42,xgboost,3.7315685319646135
2018-05-01 16:00:00,etth1,HUFL,24,42,xgboost,3.460811362640351
2018-05-01 17:00:00,etth1,HUFL,24,42,xgboost,3.7291895708095595
2018-05-01 18:00:00,etth1,HUFL,24,42,xgboost,3.651262641190962
2018-05-01 19:00:00,etth1,HUFL,24,42,xgboost,3.618444276246652
2018-05-01 20:00:00,etth1,HUFL,24,42,xgboost,3.8614651154461925
2018-05-01 21:00:00,etth1,HUFL,24,42,xgboost,3.9975305057815635
2018-05-01 22:00:00,etth1,HUFL,24,42,xgboost,3.4867932083826076
2018-05-01 23:00:00,etth1,HUFL,24,42,xgboost,3.8704864276730278
2018-05-02 00:00:00,etth1,HUFL,24,42,xgboost,3.9260179977268215
2018-05-02 01:00:00,etth1,HUFL,24,42,xgboost,3.3270459146852946
2018-05-02 02:00:00,etth1,HUFL,24,42,xgboost,3.231281510507577
2018-05-02 03:00:00,etth1,HUFL,24,42,xgboost,3.0653808712418757
2018-05-02 04:00:00,etth1,HUFL,24,42,xgboost,3.44772728084083
2018-05-02 05:00:00,etth1,HUFL,24,42,xgboost,2.9173604427919275
2018-05-02 06:00:00,etth1,HUFL,24,42,xgboost,2.4920661921703373
2018-05-02 07:00:00,etth1,HUFL,24,42,xgboost,2.892248799812489
2018-05-02 08:00:00,etth1,HUFL,24,42,xgboost,3.3971454821219744
2018-05-02 09:00:00,etth1,HUFL,24,42,xgboost,4.4110777246042465
2018-05-02 10:00:00,etth1,HUFL,24,42,xgboost,4.276964399901776
2018-05-02 11:00:00,etth1,HUFL,24,42,xgboost,4.680434583756116
2018-05-02 12:00:00,etth1,HUFL,24,42,xgboost,4.182983536201669
2018-05-02 13:00:00,etth1,HUFL,24,42,xgboost,5.179861766365941
2018-05-02 14:00:00,etth1,HUFL,24,42,xgboost,4.944650102227722
2018-05-02 15:00:00,etth1,HUFL,24,42,xgboost,5.203252892273499
2018-05-02 16:00:00,etth1,HUFL,24,42,xgboost,6.0931451208370895
2018-05-02 17:00:00,etth1,HUFL,24,42,xgboost,5.353612755885124
2018-05-02 18:00:00,etth1,HUFL,24,42,xgboost,5.522129664220891
2018-05-02 19:00:00,etth1,HUFL,24,42,xgboost,5.882133503539379
2018-05-02 20:00:00,etth1,HUFL,24,42,xgboost,6.266874302029669
2018-05-02 21:00:00,etth1,HUFL,24,42,xgboost,5.728708027593221
2018-05-02 22:00:00,etth1,HUFL,24,42,xgboost,5.754698216070106
2018-05-02 23:00:00,etth1,HUFL,24,42,xgboost,5.595758121085679
2018-05-03 00:00:00,etth1,HUFL,24,42,xgboost,5.461013498702491
2018-05-03 01:00:00,etth1,HUFL,24,42,xgboost,5.074521572400248
2018-05-03 02:00:00,etth1,HUFL,24,42,xgboost,4.573648362166457
2018-05-03 03:00:00,etth1,HUFL,24,42,xgboost,4.590669027834437
2018-05-03 04:00:00,etth1,HUFL,24,42,xgboost,4.409207296855936
2018-05-03 05:00:00,etth1,HUFL,24,42,xgboost,4.496666501574423
2018-05-03 06:00:00,etth1,HUFL,24,42,xgboost,3.815569926528584
2018-05-03 07:00:00,etth1,HUFL,24,42,xgboost,4.692633852507097
2018-05-03 08:00:00,etth1,HUFL,24,42,xgboost,6.44003836245673
2018-05-03 09:00:00,etth1,HUFL,24,42,xgboost,5.367242131197813
2018-05-03 10:00:00,etth1,HUFL,24,42,xgboost,3.9378456924830836
2018-05-03 11:00:00,etth1,HUFL,24,42,xgboost,4.208237168295425
2018-05-03 12:00:00,etth1,HUFL,24,42,xgboost,4.248657573700505
2018-05-03 13:00:00,etth1,HUFL,24,42,xgboost,4.578011934156017
2018-05-03 14:00:00,etth1,HUFL,24,42,xgboost,3.9201351343754105
2018-05-03 15:00:00,etth1,HUFL,24,42,xgboost,3.9988703469906155
2018-05-03 16:00:00,etth1,HUFL,24,42,xgboost,4.216454557136669
2018-05-03 17:00:00,etth1,HUFL,24,42,xgboost,4.042838435319385
2018-05-03 18:00:00,etth1,HUFL,24,42,xgboost,4.2379031273273595
2018-05-03 19:00:00,etth1,HUFL,24,42,xgboost,4.562320392061623
2018-05-03 20:00:00,etth1,HUFL,24,42,xgboost,3.98532895293094
2018-05-03 21:00:00,etth1,HUFL,24,42,xgboost,4.1229890408850025
2018-05-03 22:00:00,etth1,HUFL,24,42,xgboost,3.6945844309219447
2018-05-03 23:00:00,etth1,HUFL,24,42,xgboost,3.85788995580724
2018-05-04 00:00:00,etth1,HUFL,24,42,xgboost,3.5168789895125285
2018-05-04 01:00:00,etth1,HUFL,24,42,xgboost,3.5686357096050414
2018-05-04 02:00:00,etth1,HUFL,24,42,xgboost,3.501670964171146
2018-05-04 03:00:00,etth1,HUFL,24,42,xgboost,3.654025601291844
2018-05-04 04:00:00,etth1,HUFL,24,42,xgboost,2.6100447240278033
2018-05-04 05:00:00,etth1,HUFL,24,42,xgboost,2.7264343613507798
2018-05-04 06:00:00,etth1,HUFL,24,42,xgboost,3.0899036206981876
2018-05-04 07:00:00,etth1,HUFL,24,42,xgboost,3.506867708848045
2018-05-04 08:00:00,etth1,HUFL,24,42,xgboost,4.916514571729027
2018-05-04 09:00:00,etth1,HUFL,24,42,xgboost,4.034965318815016
2018-05-04 10:00:00,etth1,HUFL,24,42,xgboost,4.160512350449739
2018-05-04 11:00:00,etth1,HUFL,24,42,xgboost,4.099989256085036
2018-05-04 12:00:00,etth1,HUFL,24,42,xgboost,4.751135131027414
2018-05-04 13:00:00,etth1,HUFL,24,42,xgboost,4.8514350029996685
2018-05-04 14:00:00,etth1,HUFL,24,42,xgboost,4.851409867917741
2018-05-04 15:00:00,etth1,HUFL,24,42,xgboost,3.293758581801608
2018-05-04 16:00:00,etth1,HUFL,24,42,xgboost,3.177587938939597
2018-05-04 17:00:00,etth1,HUFL,24,42,xgboost,3.012479878678226
2018-05-04 18:00:00,etth1,HUFL,24,42,xgboost,2.9978558391402585
2018-05-04 19:00:00,etth1,HUFL,24,42,xgboost,3.141386281426147
2018-05-04 20:00:00,etth1,HUFL,24,42,xgboost,2.981961157810602
2018-05-04 21:00:00,etth1,HUFL,24,42,xgboost,2.730559976400862
2018-05-04 22:00:00,etth1,HUFL,24,42,xgboost,2.9462197823434244
2018-05-04 23:00:00,etth1,HUFL,24,42,xgboost,3.3951865409276443
2018-05-05 00:00:00,etth1,HUFL,24,42,xgboost,3.7674966251607387
2018-05-05 01:00:00,etth1,HUFL,24,42,xgboost,4.056160974820275
2018-05-05 02:00:00,etth1,HUFL,24,42,xgboost,4.627892020766659
2018-05-05 03:00:00,etth1,HUFL,24,42,xgboost,4.451279882360653
2018-05-05 04:00:00,etth1,HUFL,24,42,xgboost,4.9222024056389655
2018-05-05 05:00:00,etth1,HUFL,24,42,xgboost,4.87647919804791
2018-05-05 06:00:00,etth1,HUFL,24,42,xgboost,5.10779924874796
2018-05-05 07:00:00,etth1,HUFL,24,42,xgboost,4.316411266166921
2018-05-05 08:00:00,etth1,HUFL,24,42,xgboost,2.6939079787177493
2018-05-05 09:00:00,etth1,HUFL,24,42,xgboost,2.3861831022623563
2018-05-05 10:00:00,etth1,HUFL,24,42,xgboost,2.811381332215486
2018-05-05 11:00:00,etth1,HUFL,24,42,xgboost,2.0799867075633536
2018-05-05 12:00:00,etth1,HUFL,24,42,xgboost,2.4931980756347074
2018-05-05 13:00:00,etth1,HUFL,24,42,xgboost,2.707429118006519
2018-05-05 14:00:00,etth1,HUFL,24,42,xgboost,2.8943486372876968
2018-05-05 15:00:00,etth1,HUFL,24,42,xgboost,2.9357014332372553
2018-05-05 16:00:00,etth1,HUFL,24,42,xgboost,3.2583670097990995
2018-05-05 17:00:00,etth1,HUFL,24,42,xgboost,3.3772104753662724
2018-05-05 18:00:00,etth1,HUFL,24,42,xgboost,3.413891977813739
2018-05-05 19:00:00,etth1,HUFL,24,42,xgboost,3.1014970611315325
2018-05-05 20:00:00,etth1,HUFL,24,42,xgboost,3.009833308687026
2018-05-05 21:00:00,etth1,HUFL,24,42,xgboost,2.9987994596350425
2018-05-05 22:00:00,etth1,HUFL,24,42,xgboost,2.910933064180437
2018-05-05 23:00:00,etth1,HUFL,24,42,xgboost,3.0578062760222164
2018-05-06 00:00:00,etth1,HUFL,24,42,xgboost,3.1505856628445312
2018-05-06 01:00:00,etth1,HUFL,24,42,xgboost,3.657377232468532
2018-05-06 02:00:00,etth1,HUFL,24,42,xgboost,3.0469914311282813
2018-05-06 03:00:00,etth1,HUFL,24,42,xgboost,2.9025160747737337
2018-05-06 04:00:00,etth1,HUFL,24,42,xgboost,3.0633513820127534
2018-05-06 05:00:00,etth1,HUFL,24,42,xgboost,3.0218733561244058
2018-05-06 06:00:00,etth1,HUFL,24,42,xgboost,2.834593046391341
2018-05-06 07:00:00,etth1,HUFL,24,42,xgboost,2.98711877773928
2018-05-06 08:00:00,etth1,HUFL,24,42,xgboost,3.0596040786872187
2018-05-06 09:00:00,etth1,HUFL,24,42,xgboost,2.269316615712008
2018-05-06 10:00:00,etth1,HUFL,24,42,xgboost,2.360013031753349
2018-05-06 11:00:00,etth1,HUFL,24,42,xgboost,2.342672132981195
2018-05-06 12:00:00,etth1,HUFL,24,42,xgboost,2.7708685024017528
2018-05-06 13:00:00,etth1,HUFL,24,42,xgboost,3.1048386171499076
2018-05-06 14:00:00,etth1,HUFL,24,42,xgboost,2.678380424730196
2018-05-06 15:00:00,etth1,HUFL,24,42,xgboost,2.220996669174586
2018-05-06 16:00:00,etth1,HUFL,24,42,xgboost,2.2449061843798397
2018-05-06 17:00:00,etth1,HUFL,24,42,xgboost,1.9330176632942397
2018-05-06 18:00:00,etth1,HUFL,24,42,xgboost,2.9180929384145986
2018-05-06 19:00:00,etth1,HUFL,24,42,xgboost,2.2031693439927658
2018-05-06 20:00:00,etth1,HUFL,24,42,xgboost,2.1858998431758994
2018-05-06 21:00:00,etth1,HUFL,24,42,xgboost,2.409773898993001
2018-05-06 22:00:00,etth1,HUFL,24,42,xgboost,2.718436754302035
2018-05-06 23:00:00,etth1,HUFL,24,42,xgboost,2.798660104579335
2018-05-07 00:00:00,etth1,HUFL,24,42,xgboost,3.1814205648918503
2018-05-07 01:00:00,etth1,HUFL,24,42,xgboost,2.9945759614524263
2018-05-07 02:00:00,etth1,HUFL,24,42,xgboost,3.083467295683176
2018-05-07 03:00:00,etth1,HUFL,24,42,xgboost,3.0743959963160528
2018-05-07 04:00:00,etth1,HUFL,24,42,xgboost,3.7446290295948614
2018-05-07 05:00:00,etth1,HUFL,24,42,xgboost,2.2282746409909815
2018-05-07 06:00:00,etth1,HUFL,24,42,xgboost,2.119001736116566
2018-05-07 07:00:00,etth1,HUFL,24,42,xgboost,2.350375030726634
2018-05-07 08:00:00,etth1,HUFL,24,42,xgboost,2.1118096511787137
2018-05-07 09:00:00,etth1,HUFL,24,42,xgboost,2.316256922678059
2018-05-07 10:00:00,etth1,HUFL,24,42,xgboost,2.0166901937428885
2018-05-07 11:00:00,etth1,HUFL,24,42,xgboost,2.779574614486664
2018-05-07 12:00:00,etth1,HUFL,24,42,xgboost,3.4614973196568357
2018-05-07 13:00:00,etth1,HUFL,24,42,xgboost,3.593703541183846
2018-05-07 14:00:00,etth1,HUFL,24,42,xgboost,3.6130450764694246
2018-05-07 15:00:00,etth1,HUFL,24,42,xgboost,3.7611167820148528
2018-05-07 16:00:00,etth1,HUFL,24,42,xgboost,4.5573385201570265
2018-05-07 17:00:00,etth1,HUFL,24,42,xgboost,5.062188002718327
2018-05-07 18:00:00,etth1,HUFL,24,42,xgboost,5.625935711117365
2018-05-07 19:00:00,etth1,HUFL,24,42,xgboost,5.47421166669636
2018-05-07 20:00:00,etth1,HUFL,24,42,xgboost,5.818800775345525
2018-05-07 21:00:00,etth1,HUFL,24,42,xgboost,5.988892842556137
2018-05-07 22:00:00,etth1,HUFL,24,42,xgboost,6.481190310092626
2018-05-07 23:00:00,etth1,HUFL,24,42,xgboost,8.236228225906634
2018-05-08 00:00:00,etth1,HUFL,24,42,xgboost,7.383090184060296
2018-05-08 01:00:00,etth1,HUFL,24,42,xgboost,7.501765992930745
2018-05-08 02:00:00,etth1,HUFL,24,42,xgboost,7.049696822711961
2018-05-08 03:00:00,etth1,HUFL,24,42,xgboost,7.229123406762073
2018-05-08 04:00:00,etth1,HUFL,24,42,xgboost,7.5438841917502115
2018-05-08 05:00:00,etth1,HUFL,24,42,xgboost,8.004601196806176
2018-05-08 06:00:00,etth1,HUFL,24,42,xgboost,8.148954947574358
2018-05-08 07:00:00,etth1,HUFL,24,42,xgboost,8.478100251579326
2018-05-08 08:00:00,etth1,HUFL,24,42,xgboost,5.720502634064563
2018-05-08 09:00:00,etth1,HUFL,24,42,xgboost,5.960366001487873
2018-05-08 10:00:00,etth1,HUFL,24,42,xgboost,6.990593755450848
2018-05-08 11:00:00,etth1,HUFL,24,42,xgboost,7.69656905346194
2018-05-08 12:00:00,etth1,HUFL,24,42,xgboost,7.2145505860011445
2018-05-08 13:00:00,etth1,HUFL,24,42,xgboost,8.44012852125129
2018-05-08 14:00:00,etth1,HUFL,24,42,xgboost,9.395583121672844
2018-05-08 15:00:00,etth1,HUFL,24,42,xgboost,5.498011820017392
2018-05-08 16:00:00,etth1,HUFL,24,42,xgboost,5.157590680786767
2018-05-08 17:00:00,etth1,HUFL,24,42,xgboost,6.233972709193529
2018-05-08 18:00:00,etth1,HUFL,24,42,xgboost,6.738603312169654
2018-05-08 19:00:00,etth1,HUFL,24,42,xgboost,7.069105436058007
2018-05-08 20:00:00,etth1,HUFL,24,42,xgboost,6.7992152663360415
2018-05-08 21:00:00,etth1,HUFL,24,42,xgboost,6.517718970568843
2018-05-08 22:00:00,etth1,HUFL,24,42,xgboost,6.978214554377956
2018-05-08 23:00:00,etth1,HUFL,24,42,xgboost,6.804456416962647
2018-05-09 00:00:00,etth1,HUFL,24,42,xgboost,5.952282739518561
2018-05-09 01:00:00,etth1,HUFL,24,42,xgboost,6.260491081697758
2018-05-09 02:00:00,etth1,HUFL,24,42,xgboost,5.916674342875322
2018-05-09 03:00:00,etth1,HUFL,24,42,xgboost,5.855945655272346
2018-05-09 04:00:00,etth1,HUFL,24,42,xgboost,6.023819343619433
2018-05-09 05:00:00,etth1,HUFL,24,42,xgboost,6.199804676644969
2018-05-09 06:00:00,etth1,HUFL,24,42,xgboost,6.329414649782538
2018-05-09 07:00:00,etth1,HUFL,24,42,xgboost,6.070460198801041
2018-05-09 08:00:00,etth1,HUFL,24,42,xgboost,5.016720206339397
2018-05-09 09:00:00,etth1,HUFL,24,42,xgboost,4.456244254940536
2018-05-09 10:00:00,etth1,HUFL,24,42,xgboost,3.7513497640608633
2018-05-09 11:00:00,etth1,HUFL,24,42,xgboost,4.061660770188408
2018-05-09 12:00:00,etth1,HUFL,24,42,xgboost,4.168621443785065
2018-05-09 13:00:00,etth1,HUFL,24,42,xgboost,4.224349587377856
2018-05-09 14:00:00,etth1,HUFL,24,42,xgboost,3.4327567722298316
2018-05-09 15:00:00,etth1,HUFL,24,42,xgboost,3.343292625754677
2018-05-09 16:00:00,etth1,HUFL,24,42,xgboost,2.9558641421245393
2018-05-09 17:00:00,etth1,HUFL,24,42,xgboost,3.202591902379133
2018-05-09 18:00:00,etth1,HUFL,24,42,xgboost,3.3820492643776006
2018-05-09 19:00:00,etth1,HUFL,24,42,xgboost,3.5745563574366055
2018-05-09 20:00:00,etth1,HUFL,24,42,xgboost,3.5501143504952455
2018-05-09 21:00:00,etth1,HUFL,24,42,xgboost,3.4432251650987133
2018-05-09 22:00:00,etth1,HUFL,24,42,xgboost,3.5898310230919592
2018-05-09 23:00:00,etth1,HUFL,24,42,xgboost,3.30732056152978
2018-05-10 00:00:00,etth1,HUFL,24,42,xgboost,4.205470520676637
2018-05-10 01:00:00,etth1,HUFL,24,42,xgboost,4.420670504239738
2018-05-10 02:00:00,etth1,HUFL,24,42,xgboost,4.728907348196618
2018-05-10 03:00:00,etth1,HUFL,24,42,xgboost,4.39018324359926
2018-05-10 04:00:00,etth1,HUFL,24,42,xgboost,4.373228618990246
2018-05-10 05:00:00,etth1,HUFL,24,42,xgboost,4.370870870615849
2018-05-10 06:00:00,etth1,HUFL,24,42,xgboost,4.0888016896632315
2018-05-10 07:00:00,etth1,HUFL,24,42,xgboost,4.831304647131677
2018-05-10 08:00:00,etth1,HUFL,24,42,xgboost,4.262463242683611
2018-05-10 09:00:00,etth1,HUFL,24,42,xgboost,4.945549095189666
2018-05-10 10:00:00,etth1,HUFL,24,42,xgboost,5.163959163502231
2018-05-10 11:00:00,etth1,HUFL,24,42,xgboost,5.261751580595586
2018-05-10 12:00:00,etth1,HUFL,24,42,xgboost,5.201845321377316
2018-05-10 13:00:00,etth1,HUFL,24,42,xgboost,4.697073088479854
2018-05-10 14:00:00,etth1,HUFL,24,42,xgboost,4.7793876864813045
2018-05-10 15:00:00,etth1,HUFL,24,42,xgboost,4.919685543072503
2018-05-10 16:00:00,etth1,HUFL,24,42,xgboost,4.5986043174477444
2018-05-10 17:00:00,etth1,HUFL,24,42,xgboost,4.790595125706944
2018-05-10 18:00:00,etth1,HUFL,24,42,xgboost,5.048167417467808
2018-05-10 19:00:00,etth1,HUFL,24,42,xgboost,5.044431029854377
2018-05-10 20:00:00,etth1,HUFL,24,42,xgboost,5.526523969734612
2018-05-10 21:00:00,etth1,HUFL,24,42,xgboost,5.763781216682265
2018-05-10 22:00:00,etth1,HUFL,24,42,xgboost,5.769510978000979
2018-05-10 23:00:00,etth1,HUFL,24,42,xgboost,5.246421381347179
2018-05-11 00:00:00,etth1,HUFL,24,42,xgboost,5.0031997159475265
2018-05-11 01:00:00,etth1,HUFL,24,42,xgboost,4.506127501041916
2018-05-11 02:00:00,etth1,HUFL,24,42,xgboost,4.831437259680169
2018-05-11 03:00:00,etth1,HUFL,24,42,xgboost,5.256466811278957
2018-05-11 04:00:00,etth1,HUFL,24,42,xgboost,5.051818803673457
2018-05-11 05:00:00,etth1,HUFL,24,42,xgboost,5.071064908788338
2018-05-11 06:00:00,etth1,HUFL,24,42,xgboost,4.603810529244914
2018-05-11 07:00:00,etth1,HUFL,24,42,xgboost,4.602414237490781
2018-05-11 08:00:00,etth1,HUFL,24,42,xgboost,4.050423512678507
2018-05-11 09:00:00,etth1,HUFL,24,42,xgboost,5.445714802451882
2018-05-11 10:00:00,etth1,HUFL,24,42,xgboost,4.452472399617448
2018-05-11 11:00:00,etth1,HUFL,24,42,xgboost,4.557133217590001
2018-05-11 12:00:00,etth1,HUFL,24,42,xgboost,5.071692726113042
2018-05-11 13:00:00,etth1,HUFL,24,42,xgboost,5.6512669907988355
2018-05-11 14:00:00,etth1,HUFL,24,42,xgboost,4.039778356637634
2018-05-11 15:00:00,etth1,HUFL,24,42,xgboost,4.4064290785068145
2018-05-11 16:00:00,etth1,HUFL,24,42,xgboost,4.251930967850179
2018-05-11 17:00:00,etth1,HUFL,24,42,xgboost,4.46354621265695
2018-05-11 18:00:00,etth1,HUFL,24,42,xgboost,4.106257197241567
2018-05-11 19:00:00,etth1,HUFL,24,42,xgboost,3.668875362982632
2018-05-11 20:00:00,etth1,HUFL,24,42,xgboost,3.551083586006715
2018-05-11 21:00:00,etth1,HUFL,24,42,xgboost,3.5241709689153846
2018-05-11 22:00:00,etth1,HUFL,24,42,xgboost,3.821855456423053
2018-05-11 23:00:00,etth1,HUFL,24,42,xgboost,3.9176392107889133
2018-05-12 00:00:00,etth1,HUFL,24,42,xgboost,4.14995156221208
2018-05-12 01:00:00,etth1,HUFL,24,42,xgboost,4.3155857432101605
2018-05-12 02:00:00,etth1,HUFL,24,42,xgboost,3.9749748892501344
2018-05-12 03:00:00,etth1,HUFL,24,42,xgboost,3.476228495895187
2018-05-12 04:00:00,etth1,HUFL,24,42,xgboost,3.941599727779135
2018-05-12 05:00:00,etth1,HUFL,24,42,xgboost,3.4471522990048125
2018-05-12 06:00:00,etth1,HUFL,24,42,xgboost,3.4990418721416994
2018-05-12 07:00:00,etth1,HUFL,24,42,xgboost,3.6505932505124874
2018-05-12 08:00:00,etth1,HUFL,24,42,xgboost,3.4048598500012255
2018-05-12 09:00:00,etth1,HUFL,24,42,xgboost,3.2917776499108533
2018-05-12 10:00:00,etth1,HUFL,24,42,xgboost,3.6601723299732605
2018-05-12 11:00:00,etth1,HUFL,24,42,xgboost,3.5869391474013876
2018-05-12 12:00:00,etth1,HUFL,24,42,xgboost,3.7819510271527434
2018-05-12 13:00:00,etth1,HUFL,24,42,xgboost,3.0030619910177023
2018-05-12 14:00:00,etth1,HUFL,24,42,xgboost,3.5632003036492335
2018-05-12 15:00:00,etth1,HUFL,24,42,xgboost,3.86890340865272
2018-05-12 16:00:00,etth1,HUFL,24,42,xgboost,4.276389710127195
2018-05-12 17:00:00,etth1,HUFL,24,42,xgboost,4.449352118322068
2018-05-12 18:00:00,etth1,HUFL,24,42,xgboost,4.573590155630487
2018-05-12 19:00:00,etth1,HUFL,24,42,xgboost,4.399150392034449
2018-05-12 20:00:00,etth1,HUFL,24,42,xgboost,4.585860091738159
2018-05-12 21:00:00,etth1,HUFL,24,42,xgboost,3.7838554425455477
2018-05-12 22:00:00,etth1,HUFL,24,42,xgboost,3.6520765251084897
2018-05-12 23:00:00,etth1,HUFL,24,42,xgboost,3.6522352224102828
2018-05-13 00:00:00,etth1,HUFL,24,42,xgboost,3.7516782357577707
2018-05-13 01:00:00,etth1,HUFL,24,42,xgboost,3.2348926450906905
2018-05-13 02:00:00,etth1,HUFL,24,42,xgboost,3.77806275306309
2018-05-13 03:00:00,etth1,HUFL,24,42,xgboost,3.4354426820799553
2018-05-13 04:00:00,etth1,HUFL,24,42,xgboost,4.740685658797727
2018-05-13 05:00:00,etth1,HUFL,24,42,xgboost,4.480732640042117
2018-05-13 06:00:00,etth1,HUFL,24,42,xgboost,5.031637570147588
2018-05-13 07:00:00,etth1,HUFL,24,42,xgboost,6.23509933245206
2018-05-13 08:00:00,etth1,HUFL,24,42,xgboost,6.4662513815440334
2018-05-13 09:00:00,etth1,HUFL,24,42,xgboost,6.144444514200269
2018-05-13 10:00:00,etth1,HUFL,24,42,xgboost,3.7147605247792064
2018-05-13 11:00:00,etth1,HUFL,24,42,xgboost,3.2549125057008923
2018-05-13 12:00:00,etth1,HUFL,24,42,xgboost,2.883277280618677
2018-05-13 13:00:00,etth1,HUFL,24,42,xgboost,3.6339863202862244
2018-05-13 14:00:00,etth1,HUFL,24,42,xgboost,4.31983001106543
2018-05-13 15:00:00,etth1,HUFL,24,42,xgboost,4.240742680639959
2018-05-13 16:00:00,etth1,HUFL,24,42,xgboost,3.8583673833653
2018-05-13 17:00:00,etth1,HUFL,24,42,xgboost,3.044015244810314
2018-05-13 18:00:00,etth1,HUFL,24,42,xgboost,2.8707950249117222
2018-05-13 19:00:00,etth1,HUFL,24,42,xgboost,3.2906790474826546
2018-05-13 20:00:00,etth1,HUFL,24,42,xgboost,3.0362514307458057
2018-05-13 21:00:00,etth1,HUFL,24,42,xgboost,3.166089640114109
2018-05-13 22:00:00,etth1,HUFL,24,42,xgboost,2.8532152606590784
2018-05-13 23:00:00,etth1,HUFL,24,42,xgboost,2.858426984154505
2018-05-14 00:00:00,etth1,HUFL,24,42,xgboost,2.3679182555050553
2018-05-14 01:00:00,etth1,HUFL,24,42,xgboost,2.287281445973314
2018-05-14 02:00:00,etth1,HUFL,24,42,xgboost,1.8265020021878133
2018-05-14 03:00:00,etth1,HUFL,24,42,xgboost,1.7261020050780667
2018-05-14 04:00:00,etth1,HUFL,24,42,xgboost,1.5639155134581693
2018-05-14 05:00:00,etth1,HUFL,24,42,xgboost,2.3164720757200254
2018-05-14 06:00:00,etth1,HUFL,24,42,xgboost,2.3521966465554596
2018-05-14 07:00:00,etth1,HUFL,24,42,xgboost,3.9327408424749195
2018-05-14 08:00:00,etth1,HUFL,24,42,xgboost,5.269630873508951
2018-05-14 09:00:00,etth1,HUFL,24,42,xgboost,4.4636915225548695
2018-05-14 10:00:00,etth1,HUFL,24,42,xgboost,3.7046352035103944
2018-05-14 11:00:00,etth1,HUFL,24,42,xgboost,3.313375941207184
2018-05-14 12:00:00,etth1,HUFL,24,42,xgboost,3.7186061660976493
2018-05-14 13:00:00,etth1,HUFL,24,42,xgboost,3.0763127957180796
2018-05-14 14:00:00,etth1,HUFL,24,42,xgboost,3.3135558134171332
2018-05-14 15:00:00,etth1,HUFL,24,42,xgboost,3.455296615782421
2018-05-14 16:00:00,etth1,HUFL,24,42,xgboost,3.3520219255444044
2018-05-14 17:00:00,etth1,HUFL,24,42,xgboost,3.7626826307548082
2018-05-14 18:00:00,etth1,HUFL,24,42,xgboost,4.509961601796685
2018-05-14 19:00:00,etth1,HUFL,24,42,xgboost,4.172402091587983
2018-05-14 20:00:00,etth1,HUFL,24,42,xgboost,4.187920956430094
2018-05-14 21:00:00,etth1,HUFL,24,42,xgboost,4.33061026029361
2018-05-14 22:00:00,etth1,HUFL,24,42,xgboost,4.30724630009137
2018-05-14 23:00:00,etth1,HUFL,24,42,xgboost,4.244640256253246
2018-05-15 00:00:00,etth1,HUFL,24,42,xgboost,3.8934248422850306
2018-05-15 01:00:00,etth1,HUFL,24,42,xgboost,4.058351634010022
2018-05-15 02:00:00,etth1,HUFL,24,42,xgboost,3.665272370471609
2018-05-15 03:00:00,etth1,HUFL,24,42,xgboost,3.6031112237370198
2018-05-15 04:00:00,etth1,HUFL,24,42,xgboost,3.460974670769921
2018-05-15 05:00:00,etth1,HUFL,24,42,xgboost,2.877273346360217
2018-05-15 06:00:00,etth1,HUFL,24,42,xgboost,3.2075706591263065
2018-05-15 07:00:00,etth1,HUFL,24,42,xgboost,4.788308029861573
2018-05-15 08:00:00,etth1,HUFL,24,42,xgboost,5.67475295017348
2018-05-15 09:00:00,etth1,HUFL,24,42,xgboost,4.567050777840342
2018-05-15 10:00:00,etth1,HUFL,24,42,xgboost,3.837649351472995
2018-05-15 11:00:00,etth1,HUFL,24,42,xgboost,5.194166173855859
2018-05-15 12:00:00,etth1,HUFL,24,42,xgboost,5.040619139464929
2018-05-15 13:00:00,etth1,HUFL,24,42,xgboost,3.7069905498087508
2018-05-15 14:00:00,etth1,HUFL,24,42,xgboost,4.272224929152659
2018-05-15 15:00:00,etth1,HUFL,24,42,xgboost,4.924949730191119
2018-05-15 16:00:00,etth1,HUFL,24,42,xgboost,4.5795557074314255
2018-05-15 17:00:00,etth1,HUFL,24,42,xgboost,4.964562869776754
2018-05-15 18:00:00,etth1,HUFL,24,42,xgboost,4.5198169633955505
2018-05-15 19:00:00,etth1,HUFL,24,42,xgboost,4.783841521855826
2018-05-15 20:00:00,etth1,HUFL,24,42,xgboost,4.677885555645312
2018-05-15 21:00:00,etth1,HUFL,24,42,xgboost,3.7414900502874864
2018-05-15 22:00:00,etth1,HUFL,24,42,xgboost,3.832589462528586
2018-05-15 23:00:00,etth1,HUFL,24,42,xgboost,3.1518529463158385
2018-05-16 00:00:00,etth1,HUFL,24,42,xgboost,2.574497558680552
2018-05-16 01:00:00,etth1,HUFL,24,42,xgboost,3.0338016685580236
2018-05-16 02:00:00,etth1,HUFL,24,42,xgboost,3.0358424237759514
2018-05-16 03:00:00,etth1,HUFL,24,42,xgboost,3.32142056352397
2018-05-16 04:00:00,etth1,HUFL,24,42,xgboost,2.937355339934717
2018-05-16 05:00:00,etth1,HUFL,24,42,xgboost,4.19478499681358
2018-05-16 06:00:00,etth1,HUFL,24,42,xgboost,3.83234098770564
2018-05-16 07:00:00,etth1,HUFL,24,42,xgboost,6.230114039129236
2018-05-16 08:00:00,etth1,HUFL,24,42,xgboost,6.298385275171454
2018-05-16 09:00:00,etth1,HUFL,24,42,xgboost,4.996236596500325
2018-05-16 10:00:00,etth1,HUFL,24,42,xgboost,5.302254915852983
2018-05-16 11:00:00,etth1,HUFL,24,42,xgboost,5.1216376508463695
2018-05-16 12:00:00,etth1,HUFL,24,42,xgboost,4.934405389068996
2018-05-16 13:00:00,etth1,HUFL,24,42,xgboost,5.338643250883018
2018-05-16 14:00:00,etth1,HUFL,24,42,xgboost,4.810181864748342
2018-05-16 15:00:00,etth1,HUFL,24,42,xgboost,5.024244310582027
2018-05-16 16:00:00,etth1,HUFL,24,42,xgboost,5.0591300170758995
2018-05-16 17:00:00,etth1,HUFL,24,42,xgboost,4.8698331647260815
2018-05-16 18:00:00,etth1,HUFL,24,42,xgboost,4.954906165449832
2018-05-16 19:00:00,etth1,HUFL,24,42,xgboost,5.11196961615406
2018-05-16 20:00:00,etth1,HUFL,24,42,xgboost,4.533056187538985
2018-05-16 21:00:00,etth1,HUFL,24,42,xgboost,3.9404684946624005
2018-05-16 22:00:00,etth1,HUFL,24,42,xgboost,4.143084402233332
2018-05-16 23:00:00,etth1,HUFL,24,42,xgboost,4.034609044681773
2018-05-17 00:00:00,etth1,HUFL,24,42,xgboost,4.030039988772779
2018-05-17 01:00:00,etth1,HUFL,24,42,xgboost,3.702934769462652
2018-05-17 02:00:00,etth1,HUFL,24,42,xgboost,3.644169871813933
2018-05-17 03:00:00,etth1,HUFL,24,42,xgboost,3.4079429096123923
2018-05-17 04:00:00,etth1,HUFL,24,42,xgboost,3.459331403340187
2018-05-17 05:00:00,etth1,HUFL,24,42,xgboost,3.7187654147226414
2018-05-17 06:00:00,etth1,HUFL,24,42,xgboost,3.47699005104043
2018-05-17 07:00:00,etth1,HUFL,24,42,xgboost,3.2032558159161066
2018-05-17 08:00:00,etth1,HUFL,24,42,xgboost,4.361578582583962
2018-05-17 09:00:00,etth1,HUFL,24,42,xgboost,5.91027884459739
2018-05-17 10:00:00,etth1,HUFL,24,42,xgboost,5.2715889697499305
2018-05-17 11:00:00,etth1,HUFL,24,42,xgboost,4.570555670846512
2018-05-17 12:00:00,etth1,HUFL,24,42,xgboost,3.0960623943694645
2018-05-17 13:00:00,etth1,HUFL,24,42,xgboost,4.390206497489371
2018-05-17 14:00:00,etth1,HUFL,24,42,xgboost,2.8631171858170776
2018-05-17 15:00:00,etth1,HUFL,24,42,xgboost,2.870879268075962
2018-05-17 16:00:00,etth1,HUFL,24,42,xgboost,3.096196435670528
2018-05-17 17:00:00,etth1,HUFL,24,42,xgboost,3.4674551147747033
2018-05-17 18:00:00,etth1,HUFL,24,42,xgboost,3.847103059186086
2018-05-17 19:00:00,etth1,HUFL,24,42,xgboost,3.0959762655143668
2018-05-17 20:00:00,etth1,HUFL,24,42,xgboost,2.935119238477514
2018-05-17 21:00:00,etth1,HUFL,24,42,xgboost,3.2607532060832765
2018-05-17 22:00:00,etth1,HUFL,24,42,xgboost,3.0528056695482313
2018-05-17 23:00:00,etth1,HUFL,24,42,xgboost,3.3392195023063316
2018-05-18 00:00:00,etth1,HUFL,24,42,xgboost,3.1166733419208277
2018-05-18 01:00:00,etth1,HUFL,24,42,xgboost,3.1168704217930663
2018-05-18 02:00:00,etth1,HUFL,24,42,xgboost,2.8690676938553232
2018-05-18 03:00:00,etth1,HUFL,24,42,xgboost,2.743218202441676
2018-05-18 04:00:00,etth1,HUFL,24,42,xgboost,2.3287373078648166
2018-05-18 05:00:00,etth1,HUFL,24,42,xgboost,1.8312410001218726
2018-05-18 06:00:00,etth1,HUFL,24,42,xgboost,2.343616827678444
2018-05-18 07:00:00,etth1,HUFL,24,42,xgboost,2.4809034805429957
2018-05-18 08:00:00,etth1,HUFL,24,42,xgboost,3.186818070679275
2018-05-18 09:00:00,etth1,HUFL,24,42,xgboost,3.4026663784379676
2018-05-18 10:00:00,etth1,HUFL,24,42,xgboost,4.006502111358644
2018-05-18 11:00:00,etth1,HUFL,24,42,xgboost,3.2509837509973685
2018-05-18 12:00:00,etth1,HUFL,24,42,xgboost,3.6762856736821212
2018-05-18 13:00:00,etth1,HUFL,24,42,xgboost,3.910249101458755
2018-05-18 14:00:00,etth1,HUFL,24,42,xgboost,4.112941318262496
2018-05-18 15:00:00,etth1,HUFL,24,42,xgboost,4.678345209410811
2018-05-18 16:00:00,etth1,HUFL,24,42,xgboost,3.7856372367573923
2018-05-18 17:00:00,etth1,HUFL,24,42,xgboost,3.524647655490797
2018-05-18 18:00:00,etth1,HUFL,24,42,xgboost,3.4393338842949315
2018-05-18 19:00:00,etth1,HUFL,24,42,xgboost,4.171961602559924
2018-05-18 20:00:00,etth1,HUFL,24,42,xgboost,4.060944784318327
2018-05-18 21:00:00,etth1,HUFL,24,42,xgboost,4.238781328126322
2018-05-18 22:00:00,etth1,HUFL,24,42,xgboost,3.753414005631438
2018-05-18 23:00:00,etth1,HUFL,24,42,xgboost,3.949865863273607
2018-05-19 00:00:00,etth1,HUFL,24,42,xgboost,4.741115745258549
2018-05-19 01:00:00,etth1,HUFL,24,42,xgboost,4.742111905264295
2018-05-19 02:00:00,etth1,HUFL,24,42,xgboost,4.816514667635199
2018-05-19 03:00:00,etth1,HUFL,24,42,xgboost,4.558111070096158
2018-05-19 04:00:00,etth1,HUFL,24,42,xgboost,4.81819585221123
2018-05-19 05:00:00,etth1,HUFL,24,42,xgboost,4.245048105188153
2018-05-19 06:00:00,etth1,HUFL,24,42,xgboost,4.0627977862491305
2018-05-19 07:00:00,etth1,HUFL,24,42,xgboost,3.7820761910569742
2018-05-19 08:00:00,etth1,HUFL,24,42,xgboost,3.684984673354753
2018-05-19 09:00:00,etth1,HUFL,24,42,xgboost,2.8507244327151646
2018-05-19 10:00:00,etth1,HUFL,24,42,xgboost,2.4521362283288384
2018-05-19 11:00:00,etth1,HUFL,24,42,xgboost,2.686045951380842
2018-05-19 12:00:00,etth1,HUFL,24,42,xgboost,2.5077890090169324
2018-05-19 13:00:00,etth1,HUFL,24,42,xgboost,1.9677741023510391
2018-05-19 14:00:00,etth1,HUFL,24,42,xgboost,1.2439170557393953
2018-05-19 15:00:00,etth1,HUFL,24,42,xgboost,1.60033244497402
2018-05-19 16:00:00,etth1,HUFL,24,42,xgboost,1.5329193725373191
2018-05-19 17:00:00,etth1,HUFL,24,42,xgboost,1.8070393688287893
2018-05-19 18:00:00,etth1,HUFL,24,42,xgboost,2.458295739734313
2018-05-19 19:00:00,etth1,HUFL,24,42,xgboost,1.8719974640730317
2018-05-19 20:00:00,etth1,HUFL,24,42,xgboost,2.100814464872915
2018-05-19 21:00:00,etth1,HUFL,24,42,xgboost,2.2718575417508586
2018-05-19 22:00:00,etth1,HUFL,24,42,xgboost,2.2872327585320513
2018-05-19 23:00:00,etth1,HUFL,24,42,xgboost,3.018784043413492
2018-05-20 00:00:00,etth1,HUFL,24,42,xgboost,2.8804251111029964
2018-05-20 01:00:00,etth1,HUFL,24,42,xgboost,2.831601198241794
2018-05-20 02:00:00,etth1,HUFL,24,42,xgboost,2.779879575377233
2018-05-20 03:00:00,etth1,HUFL,24,42,xgboost,3.292745666917051
2018-05-20 04:00:00,etth1,HUFL,24,42,xgboost,3.510611463490477
2018-05-20 05:00:00,etth1,HUFL,24,42,xgboost,3.5384164377943335
2018-05-20 06:00:00,etth1,HUFL,24,42,xgboost,3.9581242965962478
2018-05-20 07:00:00,etth1,HUFL,24,42,xgboost,3.1674497642399504
2018-05-20 08:00:00,etth1,HUFL,24,42,xgboost,3.0478084069837874
2018-05-20 09:00:00,etth1,HUFL,24,42,xgboost,2.690270623204159
2018-05-20 10:00:00,etth1,HUFL,24,42,xgboost,1.7463847123881855
2018-05-20 11:00:00,etth1,HUFL,24,42,xgboost,1.590005533380734
2018-05-20 12:00:00,etth1,HUFL,24,42,xgboost,1.6826357241103984
2018-05-20 13:00:00,etth1,HUFL,24,42,xgboost,1.70539740430043
2018-05-20 14:00:00,etth1,HUFL,24,42,xgboost,1.6567624704790582
2018-05-20 15:00:00,etth1,HUFL,24,42,xgboost,1.6582473177572528
2018-05-20 16:00:00,etth1,HUFL,24,42,xgboost,1.6452467473891688
2018-05-20 17:00:00,etth1,HUFL,24,42,xgboost,1.8169523823258322
2018-05-20 18:00:00,etth1,HUFL,24,42,xgboost,1.6928588033179437
2018-05-20 19:00:00,etth1,HUFL,24,42,xgboost,2.149928714565159
2018-05-20 20:00:00,etth1,HUFL,24,42,xgboost,1.9739440913630248
2018-05-20 21:00:00,etth1,HUFL,24,42,xgboost,1.9398566816230514
2018-05-20 22:00:00,etth1,HUFL,24,42,xgboost,2.0139862356660685
2018-05-20 23:00:00,etth1,HUFL,24,42,xgboost,2.2410600273577947
2018-05-21 00:00:00,etth1,HUFL,24,42,xgboost,2.2114108221483724
2018-05-21 01:00:00,etth1,HUFL,24,42,xgboost,2.151311206689074
2018-05-21 02:00:00,etth1,HUFL,24,42,xgboost,2.129858945589793
2018-05-21 03:00:00,etth1,HUFL,24,42,xgboost,1.9286332346094008
2018-05-21 04:00:00,etth1,HUFL,24,42,xgboost,2.260817927720241
2018-05-21 05:00:00,etth1,HUFL,24,42,xgboost,2.376093465504827
2018-05-21 06:00:00,etth1,HUFL,24,42,xgboost,2.1794027543837005
2018-05-21 07:00:00,etth1,HUFL,24,42,xgboost,2.2520389201198863
2018-05-21 08:00:00,etth1,HUFL,24,42,xgboost,1.8363959886409165
2018-05-21 09:00:00,etth1,HUFL,24,42,xgboost,2.3334273182553757
2018-05-21 10:00:00,etth1,HUFL,24,42,xgboost,2.0093733485810046
2018-05-21 11:00:00,etth1,HUFL,24,42,xgboost,2.4824423469118027
2018-05-21 12:00:00,etth1,HUFL,24,42,xgboost,2.4252223929828394
2018-05-21 13:00:00,etth1,HUFL,24,42,xgboost,2.87827443272767
2018-05-21 14:00:00,etth1,HUFL,24,42,xgboost,2.317479137111015
2018-05-21 15:00:00,etth1,HUFL,24,42,xgboost,2.3729016888528753
2018-05-21 16:00:00,etth1,HUFL,24,42,xgboost,3.1382219877322743
2018-05-21 17:00:00,etth1,HUFL,24,42,xgboost,2.099446861099886
2018-05-21 18:00:00,etth1,HUFL,24,42,xgboost,2.161208418801324
2018-05-21 19:00:00,etth1,HUFL,24,42,xgboost,2.3768503729316417
2018-05-21 20:00:00,etth1,HUFL,24,42,xgboost,2.2358133505617297
2018-05-21 21:00:00,etth1,HUFL,24,42,xgboost,2.2428535577920017
2018-05-21 22:00:00,etth1,HUFL,24,42,xgboost,2.0890309460515195
2018-05-21 23:00:00,etth1,HUFL,24,42,xgboost,2.235490732366294
2018-05-22 00:00:00,etth1,HUFL,24,42,xgboost,2.8765065449130396
2018-05-22 01:00:00,etth1,HUFL,24,42,xgboost,3.230320366309725
2018-05-22 02:00:00,etth1,HUFL,24,42,xgboost,3.4243129971876
2018-05-22 03:00:00,etth1,HUFL,24,42,xgboost,3.356995691244016
2018-05-22 04:00:00,etth1,HUFL,24,42,xgboost,3.4649816943937353
2018-05-22 05:00:00,etth1,HUFL,24,42,xgboost,3.310945671999871
2018-05-22 06:00:00,etth1,HUFL,24,42,xgboost,3.604494206515632
2018-05-22 07:00:00,etth1,HUFL,24,42,xgboost,3.142871018250703
2018-05-22 08:00:00,etth1,HUFL,24,42,xgboost,2.78880171445148
2018-05-22 09:00:00,etth1,HUFL,24,42,xgboost,2.658098106131708
2018-05-22 10:00:00,etth1,HUFL,24,42,xgboost,3.3898185741655973
2018-05-22 11:00:00,etth1,HUFL,24,42,xgboost,3.539455933211727
2018-05-22 12:00:00,etth1,HUFL,24,42,xgboost,4.519422464882279
2018-05-22 13:00:00,etth1,HUFL,24,42,xgboost,4.721446084608059
2018-05-22 14:00:00,etth1,HUFL,24,42,xgboost,5.088742419906985
2018-05-22 15:00:00,etth1,HUFL,24,42,xgboost,5.470548639303456
2018-05-22 16:00:00,etth1,HUFL,24,42,xgboost,6.237303809796828
2018-05-22 17:00:00,etth1,HUFL,24,42,xgboost,5.538986571885715
2018-05-22 18:00:00,etth1,HUFL,24,42,xgboost,7.253127901943721
2018-05-22 19:00:00,etth1,HUFL,24,42,xgboost,7.376155037535977
2018-05-22 20:00:00,etth1,HUFL,24,42,xgboost,7.101431984838719
2018-05-22 21:00:00,etth1,HUFL,24,42,xgboost,7.094756369230552
2018-05-22 22:00:00,etth1,HUFL,24,42,xgboost,7.494159658357802
2018-05-22 23:00:00,etth1,HUFL,24,42,xgboost,7.0469193837878885
2018-05-23 00:00:00,etth1,HUFL,24,42,xgboost,7.3729144688737405
2018-05-23 01:00:00,etth1,HUFL,24,42,xgboost,7.01868652865785
2018-05-23 02:00:00,etth1,HUFL,24,42,xgboost,6.643757598574855
2018-05-23 03:00:00,etth1,HUFL,24,42,xgboost,6.671592170550952
2018-05-23 04:00:00,etth1,HUFL,24,42,xgboost,6.535711499007898
2018-05-23 05:00:00,etth1,HUFL,24,42,xgboost,6.521851952292427
2018-05-23 06:00:00,etth1,HUFL,24,42,xgboost,6.754997380329944
2018-05-23 07:00:00,etth1,HUFL,24,42,xgboost,6.898274176755603
2018-05-23 08:00:00,etth1,HUFL,24,42,xgboost,6.740572907092587
2018-05-23 09:00:00,etth1,HUFL,24,42,xgboost,5.052574218919902
2018-05-23 10:00:00,etth1,HUFL,24,42,xgboost,3.9590991050018047
2018-05-23 11:00:00,etth1,HUFL,24,42,xgboost,3.9345959225821083
2018-05-23 12:00:00,etth1,HUFL,24,42,xgboost,3.4193152049829636
2018-05-23 13:00:00,etth1,HUFL,24,42,xgboost,3.364012820766064
2018-05-23 14:00:00,etth1,HUFL,24,42,xgboost,3.562998853460046
2018-05-23 15:00:00,etth1,HUFL,24,42,xgboost,3.296252798575002
2018-05-23 16:00:00,etth1,HUFL,24,42,xgboost,3.548482033599037
2018-05-23 17:00:00,etth1,HUFL,24,42,xgboost,3.787646726150676
2018-05-23 18:00:00,etth1,HUFL,24,42,xgboost,3.750727045133592
2018-05-23 19:00:00,etth1,HUFL,24,42,xgboost,3.4200606052410625
2018-05-23 20:00:00,etth1,HUFL,24,42,xgboost,3.391845029340214
2018-05-23 21:00:00,etth1,HUFL,24,42,xgboost,3.209172242423122
2018-05-23 22:00:00,etth1,HUFL,24,42,xgboost,3.5231932330452262
2018-05-23 23:00:00,etth1,HUFL,24,42,xgboost,3.420796154882222
2018-05-24 00:00:00,etth1,HUFL,24,42,xgboost,3.7895589337110547
2018-05-24 01:00:00,etth1,HUFL,24,42,xgboost,3.88662287751869
2018-05-24 02:00:00,etth1,HUFL,24,42,xgboost,3.7967052774915877
2018-05-24 03:00:00,etth1,HUFL,24,42,xgboost,4.0471972622075745
2018-05-24 04:00:00,etth1,HUFL,24,42,xgboost,4.191665319941028
2018-05-24 05:00:00,etth1,HUFL,24,42,xgboost,4.912392397689014
2018-05-24 06:00:00,etth1,HUFL,24,42,xgboost,5.064395031945469
2018-05-24 07:00:00,etth1,HUFL,24,42,xgboost,5.145669621923672
2018-05-24 08:00:00,etth1,HUFL,24,42,xgboost,4.615175714835112
2018-05-24 09:00:00,etth1,HUFL,24,42,xgboost,5.740055471564458
2018-05-24 10:00:00,etth1,HUFL,24,42,xgboost,4.239800914911813
2018-05-24 11:00:00,etth1,HUFL,24,42,xgboost,4.265728369471776
2018-05-24 12:00:00,etth1,HUFL,24,42,xgboost,4.539460740058815
2018-05-24 13:00:00,etth1,HUFL,24,42,xgboost,4.55814061675934
2018-05-24 14:00:00,etth1,HUFL,24,42,xgboost,4.302081718241646
2018-05-24 15:00:00,etth1,HUFL,24,42,xgboost,3.978671226528597
2018-05-24 16:00:00,etth1,HUFL,24,42,xgboost,4.257194219265892
2018-05-24 17:00:00,etth1,HUFL,24,42,xgboost,3.201425946601422
2018-05-24 18:00:00,etth1,HUFL,24,42,xgboost,3.3387364325911073
2018-05-24 19:00:00,etth1,HUFL,24,42,xgboost,4.0014367940439035
2018-05-24 20:00:00,etth1,HUFL,24,42,xgboost,3.688090515630712
2018-05-24 21:00:00,etth1,HUFL,24,42,xgboost,3.8485845861644825
2018-05-24 22:00:00,etth1,HUFL,24,42,xgboost,3.726657910415709
2018-05-24 23:00:00,etth1,HUFL,24,42,xgboost,3.8213128378943733
2018-05-25 00:00:00,etth1,HUFL,24,42,xgboost,4.8098435019822725
2018-05-25 01:00:00,etth1,HUFL,24,42,xgboost,4.212828562516983
2018-05-25 02:00:00,etth1,HUFL,24,42,xgboost,4.15639776988695
2018-05-25 03:00:00,etth1,HUFL,24,42,xgboost,4.39732615836778
2018-05-25 04:00:00,etth1,HUFL,24,42,xgboost,4.473881207890962
2018-05-25 05:00:00,etth1,HUFL,24,42,xgboost,4.235737764358297
2018-05-25 06:00:00,etth1,HUFL,24,42,xgboost,3.1663414523814537
2018-05-25 07:00:00,etth1,HUFL,24,42,xgboost,2.7977798408653682
2018-05-25 08:00:00,etth1,HUFL,24,42,xgboost,2.134593369716789
2018-05-25 09:00:00,etth1,HUFL,24,42,xgboost,2.0258075971997624
2018-05-25 10:00:00,etth1,HUFL,24,42,xgboost,2.5761238130907578
2018-05-25 11:00:00,etth1,HUFL,24,42,xgboost,2.4381684398106525
2018-05-25 12:00:00,etth1,HUFL,24,42,xgboost,2.9071191836936605
2018-05-25 13:00:00,etth1,HUFL,24,42,xgboost,3.3357488685356587
2018-05-25 14:00:00,etth1,HUFL,24,42,xgboost,3.7396589173321675
2018-05-25 15:00:00,etth1,HUFL,24,42,xgboost,2.763411550628401
2018-05-25 16:00:00,etth1,HUFL,24,42,xgboost,3.381719573342748
2018-05-25 17:00:00,etth1,HUFL,24,42,xgboost,3.623688099407941
2018-05-25 18:00:00,etth1,HUFL,24,42,xgboost,3.6723021217252985
2018-05-25 19:00:00,etth1,HUFL,24,42,xgboost,3.541386860737187
2018-05-25 20:00:00,etth1,HUFL,24,42,xgboost,3.344384419416123
2018-05-25 21:00:00,etth1,HUFL,24,42,xgboost,3.2969468795993584
2018-05-25 22:00:00,etth1,HUFL,24,42,xgboost,3.400008782567084
2018-05-25 23:00:00,etth1,HUFL,24,42,xgboost,3.4227849707471307
2018-05-26 00:00:00,etth1,HUFL,24,42,xgboost,3.9198120947074084
2018-05-26 01:00:00,etth1,HUFL,24,42,xgboost,4.373938961817409
2018-05-26 02:00:00,etth1,HUFL,24,42,xgboost,4.4398916615878825
2018-05-26 03:00:00,etth1,HUFL,24,42,xgboost,4.435279526849064
2018-05-26 04:00:00,etth1,HUFL,24,42,xgboost,4.620515509489155
2018-05-26 05:00:00,etth1,HUFL,24,42,xgboost,4.523349048428939
2018-05-26 06:00:00,etth1,HUFL,24,42,xgboost,4.684469400007387
2018-05-26 07:00:00,etth1,HUFL,24,42,xgboost,4.7529076605167715
2018-05-26 08:00:00,etth1,HUFL,24,42,xgboost,4.5822448707974175
2018-05-26 09:00:00,etth1,HUFL,24,42,xgboost,3.857108657935996
2018-05-26 10:00:00,etth1,HUFL,24,42,xgboost,4.302222317716255
2018-05-26 11:00:00,etth1,HUFL,24,42,xgboost,2.7946431626891246
2018-05-26 12:00:00,etth1,HUFL,24,42,xgboost,2.731644060243862
2018-05-26 13:00:00,etth1,HUFL,24,42,xgboost,3.162764542347272
2018-05-26 14:00:00,etth1,HUFL,24,42,xgboost,2.750743108160401
2018-05-26 15:00:00,etth1,HUFL,24,42,xgboost,2.8908739501328236
2018-05-26 16:00:00,etth1,HUFL,24,42,xgboost,3.3383406623048564
2018-05-26 17:00:00,etth1,HUFL,24,42,xgboost,3.0598786760650225
2018-05-26 18:00:00,etth1,HUFL,24,42,xgboost,2.5959844754206554
2018-05-26 19:00:00,etth1,HUFL,24,42,xgboost,2.4837479727212015
2018-05-26 20:00:00,etth1,HUFL,24,42,xgboost,2.2519896803235047
2018-05-26 21:00:00,etth1,HUFL,24,42,xgboost,2.373564118176136
2018-05-26 22:00:00,etth1,HUFL,24,42,xgboost,2.7788063570359136
2018-05-26 23:00:00,etth1,HUFL,24,42,xgboost,2.7944524951414507
2018-05-27 00:00:00,etth1,HUFL,24,42,xgboost,2.7979787369146543
2018-05-27 01:00:00,etth1,HUFL,24,42,xgboost,2.9359842063781953
2018-05-27 02:00:00,etth1,HUFL,24,42,xgboost,2.606600701225877
2018-05-27 03:00:00,etth1,HUFL,24,42,xgboost,2.6793869441302776
2018-05-27 04:00:00,etth1,HUFL,24,42,xgboost,2.192320894100821
2018-05-27 05:00:00,etth1,HUFL,24,42,xgboost,2.2577593535125353
2018-05-27 06:00:00,etth1,HUFL,24,42,xgboost,2.4472035184721164
2018-05-27 07:00:00,etth1,HUFL,24,42,xgboost,2.422879138157567
2018-05-27 08:00:00,etth1,HUFL,24,42,xgboost,2.4419547550450544
2018-05-27 09:00:00,etth1,HUFL,24,42,xgboost,2.6857152629874315
2018-05-27 10:00:00,etth1,HUFL,24,42,xgboost,3.1042549086722033
2018-05-27 11:00:00,etth1,HUFL,24,42,xgboost,2.3886639103226472
2018-05-27 12:00:00,etth1,HUFL,24,42,xgboost,2.2281407953927883
2018-05-27 13:00:00,etth1,HUFL,24,42,xgboost,2.161507659464959
2018-05-27 14:00:00,etth1,HUFL,24,42,xgboost,2.8959270041600633
2018-05-27 15:00:00,etth1,HUFL,24,42,xgboost,1.5630562939481312
2018-05-27 16:00:00,etth1,HUFL,24,42,xgboost,1.6997842013584616
2018-05-27 17:00:00,etth1,HUFL,24,42,xgboost,2.135725928278621
2018-05-27 18:00:00,etth1,HUFL,24,42,xgboost,2.329491342627056
2018-05-27 19:00:00,etth1,HUFL,24,42,xgboost,1.4695666068458626
2018-05-27 20:00:00,etth1,HUFL,24,42,xgboost,0.9872423415530683
2018-05-27 21:00:00,etth1,HUFL,24,42,xgboost,1.191146470578163
2018-05-27 22:00:00,etth1,HUFL,24,42,xgboost,1.3772025210799244
2018-05-27 23:00:00,etth1,HUFL,24,42,xgboost,1.3724525934488965
2018-05-28 00:00:00,etth1,HUFL,24,42,xgboost,1.5239635019594704
2018-05-28 01:00:00,etth1,HUFL,24,42,xgboost,1.676388020063462
2018-05-28 02:00:00,etth1,HUFL,24,42,xgboost,1.7663847250513491
2018-05-28 03:00:00,etth1,HUFL,24,42,xgboost,1.7830553605405044
2018-05-28 04:00:00,etth1,HUFL,24,42,xgboost,1.8805213494793334
2018-05-28 05:00:00,etth1,HUFL,24,42,xgboost,2.185667151256654
2018-05-28 06:00:00,etth1,HUFL,24,42,xgboost,2.822993001946545
2018-05-28 07:00:00,etth1,HUFL,24,42,xgboost,2.582515728788757
2018-05-28 08:00:00,etth1,HUFL,24,42,xgboost,2.880482131118993
2018-05-28 09:00:00,etth1,HUFL,24,42,xgboost,3.064684854649286
2018-05-28 10:00:00,etth1,HUFL,24,42,xgboost,2.9796546280793588
2018-05-28 11:00:00,etth1,HUFL,24,42,xgboost,2.95307077848612
2018-05-28 12:00:00,etth1,HUFL,24,42,xgboost,3.5059900896599525
2018-05-28 13:00:00,etth1,HUFL,24,42,xgboost,3.423494841691967
2018-05-28 14:00:00,etth1,HUFL,24,42,xgboost,3.0721633733588747
2018-05-28 15:00:00,etth1,HUFL,24,42,xgboost,3.9722861821454494
2018-05-28 16:00:00,etth1,HUFL,24,42,xgboost,4.21778075242629
2018-05-28 17:00:00,etth1,HUFL,24,42,xgboost,4.748188108908753
2018-05-28 18:00:00,etth1,HUFL,24,42,xgboost,4.13000677964381
2018-05-28 19:00:00,etth1,HUFL,24,42,xgboost,4.123164163547283
2018-05-28 20:00:00,etth1,HUFL,24,42,xgboost,4.447163445690818
2018-05-28 21:00:00,etth1,HUFL,24,42,xgboost,4.55044589537053
2018-05-28 22:00:00,etth1,HUFL,24,42,xgboost,4.195999350772596
2018-05-28 23:00:00,etth1,HUFL,24,42,xgboost,3.92540791285221
2018-05-29 00:00:00,etth1,HUFL,24,42,xgboost,4.1623978388755605
2018-05-29 01:00:00,etth1,HUFL,24,42,xgboost,3.840420725538834
2018-05-29 02:00:00,etth1,HUFL,24,42,xgboost,3.907196451523838
2018-05-29 03:00:00,etth1,HUFL,24,42,xgboost,3.908816020547823
2018-05-29 04:00:00,etth1,HUFL,24,42,xgboost,3.871162639974102
2018-05-29 05:00:00,etth1,HUFL,24,42,xgboost,3.7052464907231553
2018-05-29 06:00:00,etth1,HUFL,24,42,xgboost,3.7834259170986893
2018-05-29 07:00:00,etth1,HUFL,24,42,xgboost,3.625371122181288
2018-05-29 08:00:00,etth1,HUFL,24,42,xgboost,3.10244821751067
2018-05-29 09:00:00,etth1,HUFL,24,42,xgboost,2.824165579073949
2018-05-29 10:00:00,etth1,HUFL,24,42,xgboost,2.681533236942775
2018-05-29 11:00:00,etth1,HUFL,24,42,xgboost,1.617393802227534
2018-05-29 12:00:00,etth1,HUFL,24,42,xgboost,2.6078595771559394
2018-05-29 13:00:00,etth1,HUFL,24,42,xgboost,1.7272614881404593
2018-05-29 14:00:00,etth1,HUFL,24,42,xgboost,1.8700679952102266
2018-05-29 15:00:00,etth1,HUFL,24,42,xgboost,2.066007147198537
2018-05-29 16:00:00,etth1,HUFL,24,42,xgboost,1.5785707738534356
2018-05-29 17:00:00,etth1,HUFL,24,42,xgboost,1.7537374262592689
2018-05-29 18:00:00,etth1,HUFL,24,42,xgboost,2.068105593376862
2018-05-29 19:00:00,etth1,HUFL,24,42,xgboost,2.0725175685534225
2018-05-29 20:00:00,etth1,HUFL,24,42,xgboost,2.209620057482191
2018-05-29 21:00:00,etth1,HUFL,24,42,xgboost,2.1331478082675077
2018-05-29 22:00:00,etth1,HUFL,24,42,xgboost,2.129563549711317
2018-05-29 23:00:00,etth1,HUFL,24,42,xgboost,2.1935377942188783
2018-05-30 00:00:00,etth1,HUFL,24,42,xgboost,2.0820430902121863
2018-05-30 01:00:00,etth1,HUFL,24,42,xgboost,2.3984093303445433
2018-05-30 02:00:00,etth1,HUFL,24,42,xgboost,2.44732337376336
2018-05-30 03:00:00,etth1,HUFL,24,42,xgboost,2.278210021200942
2018-05-30 04:00:00,etth1,HUFL,24,42,xgboost,2.652672994380101
2018-05-30 05:00:00,etth1,HUFL,24,42,xgboost,2.9789583607956622
2018-05-30 06:00:00,etth1,HUFL,24,42,xgboost,2.793667009370507
2018-05-30 07:00:00,etth1,HUFL,24,42,xgboost,2.7212267000044066
2018-05-30 08:00:00,etth1,HUFL,24,42,xgboost,2.637087092241584
2018-05-30 09:00:00,etth1,HUFL,24,42,xgboost,3.1570018642674107
2018-05-30 10:00:00,etth1,HUFL,24,42,xgboost,3.4886637127766726
2018-05-30 11:00:00,etth1,HUFL,24,42,xgboost,3.383630047220153
2018-05-30 12:00:00,etth1,HUFL,24,42,xgboost,3.7028521763874696
2018-05-30 13:00:00,etth1,HUFL,24,42,xgboost,4.636746878216542
2018-05-30 14:00:00,etth1,HUFL,24,42,xgboost,4.905176275959357
2018-05-30 15:00:00,etth1,HUFL,24,42,xgboost,5.667189776370769
2018-05-30 16:00:00,etth1,HUFL,24,42,xgboost,6.91274327201246
2018-05-30 17:00:00,etth1,HUFL,24,42,xgboost,7.486727988960371
2018-05-30 18:00:00,etth1,HUFL,24,42,xgboost,7.204186814543763
2018-05-30 19:00:00,etth1,HUFL,24,42,xgboost,7.733793634846037
2018-05-30 20:00:00,etth1,HUFL,24,42,xgboost,8.131080510062953
2018-05-30 21:00:00,etth1,HUFL,24,42,xgboost,8.380814281954393
2018-05-30 22:00:00,etth1,HUFL,24,42,xgboost,8.459622708580886
2018-05-30 23:00:00,etth1,HUFL,24,42,xgboost,8.775658460133403
2018-05-31 00:00:00,etth1,HUFL,24,42,xgboost,8.018717566516031
2018-05-31 01:00:00,etth1,HUFL,24,42,xgboost,8.11285704819344
2018-05-31 02:00:00,etth1,HUFL,24,42,xgboost,8.115467770778375
2018-05-31 03:00:00,etth1,HUFL,24,42,xgboost,7.92605292033022
2018-05-31 04:00:00,etth1,HUFL,24,42,xgboost,8.035255150115056
2018-05-31 05:00:00,etth1,HUFL,24,42,xgboost,8.052923000029407
2018-05-31 06:00:00,etth1,HUFL,24,42,xgboost,7.936175776049332
2018-05-31 07:00:00,etth1,HUFL,24,42,xgboost,7.542570734657126
2018-05-31 08:00:00,etth1,HUFL,24,42,xgboost,7.115087205868702
2018-05-31 09:00:00,etth1,HUFL,24,42,xgboost,6.27333889659343
2018-05-31 10:00:00,etth1,HUFL,24,42,xgboost,5.719370199978036
2018-05-31 11:00:00,etth1,HUFL,24,42,xgboost,5.300291204137081
2018-05-31 12:00:00,etth1,HUFL,24,42,xgboost,4.709532160114403
2018-05-31 13:00:00,etth1,HUFL,24,42,xgboost,5.242210236097944
2018-05-31 14:00:00,etth1,HUFL,24,42,xgboost,4.4090200753027515
2018-05-31 15:00:00,etth1,HUFL,24,42,xgboost,4.790142289337357
2018-05-31 16:00:00,etth1,HUFL,24,42,xgboost,5.106709661218038
2018-05-31 17:00:00,etth1,HUFL,24,42,xgboost,5.832589603852391
2018-05-31 18:00:00,etth1,HUFL,24,42,xgboost,5.17525540600536
2018-05-31 19:00:00,etth1,HUFL,24,42,xgboost,5.072834853803001
2018-05-31 20:00:00,etth1,HUFL,24,42,xgboost,5.036185249646864
2018-05-31 21:00:00,etth1,HUFL,24,42,xgboost,4.863457566078655
2018-05-31 22:00:00,etth1,HUFL,24,42,xgboost,4.989210424795698
2018-05-31 23:00:00,etth1,HUFL,24,42,xgboost,5.003831669576145
2018-06-01 00:00:00,etth1,HUFL,24,42,xgboost,5.401718604338801
2018-06-01 01:00:00,etth1,HUFL,24,42,xgboost,5.35257889677607
2018-06-01 02:00:00,etth1,HUFL,24,42,xgboost,4.812364028694394
2018-06-01 03:00:00,etth1,HUFL,24,42,xgboost,4.831226160629676
2018-06-01 04:00:00,etth1,HUFL,24,42,xgboost,4.968539873645143
2018-06-01 05:00:00,etth1,HUFL,24,42,xgboost,5.063995837498115
2018-06-01 06:00:00,etth1,HUFL,24,42,xgboost,5.143891628466349
2018-06-01 07:00:00,etth1,HUFL,24,42,xgboost,5.281531168868878
2018-06-01 08:00:00,etth1,HUFL,24,42,xgboost,5.4952564758217655
2018-06-01 09:00:00,etth1,HUFL,24,42,xgboost,4.541734653873591
2018-06-01 10:00:00,etth1,HUFL,24,42,xgboost,3.995055051463195
2018-06-01 11:00:00,etth1,HUFL,24,42,xgboost,3.333436353378476
2018-06-01 12:00:00,etth1,HUFL,24,42,xgboost,2.7604439937966165
2018-06-01 13:00:00,etth1,HUFL,24,42,xgboost,2.121786246883143
2018-06-01 14:00:00,etth1,HUFL,24,42,xgboost,2.368052806420822
2018-06-01 15:00:00,etth1,HUFL,24,42,xgboost,1.9087702306224088
2018-06-01 16:00:00,etth1,HUFL,24,42,xgboost,2.0894325941830894
2018-06-01 17:00:00,etth1,HUFL,24,42,xgboost,2.314659880487721
2018-06-01 18:00:00,etth1,HUFL,24,42,xgboost,3.277351386255065
2018-06-01 19:00:00,etth1,HUFL,24,42,xgboost,3.1298994174756074
2018-06-01 20:00:00,etth1,HUFL,24,42,xgboost,2.7433919666904694
2018-06-01 21:00:00,etth1,HUFL,24,42,xgboost,2.6626289417488045
2018-06-01 22:00:00,etth1,HUFL,24,42,xgboost,2.384695259064946
2018-06-01 23:00:00,etth1,HUFL,24,42,xgboost,2.334128303539784
2018-06-02 00:00:00,etth1,HUFL,24,42,xgboost,2.5587325877949882
2018-06-02 01:00:00,etth1,HUFL,24,42,xgboost,2.4528665774622644
2018-06-02 02:00:00,etth1,HUFL,24,42,xgboost,2.4753165222208495
2018-06-02 03:00:00,etth1,HUFL,24,42,xgboost,2.312706954184226
2018-06-02 04:00:00,etth1,HUFL,24,42,xgboost,2.328535284565105
2018-06-02 05:00:00,etth1,HUFL,24,42,xgboost,3.0419483536975402
2018-06-02 06:00:00,etth1,HUFL,24,42,xgboost,2.1564430430416337
2018-06-02 07:00:00,etth1,HUFL,24,42,xgboost,2.169327496916354
2018-06-02 08:00:00,etth1,HUFL,24,42,xgboost,1.990904454091461
2018-06-02 09:00:00,etth1,HUFL,24,42,xgboost,1.840584035680937
2018-06-02 10:00:00,etth1,HUFL,24,42,xgboost,2.7011800233774337
2018-06-02 11:00:00,etth1,HUFL,24,42,xgboost,3.2611425436242993
2018-06-02 12:00:00,etth1,HUFL,24,42,xgboost,3.6905257994059837
2018-06-02 13:00:00,etth1,HUFL,24,42,xgboost,3.7273131916262865
2018-06-02 14:00:00,etth1,HUFL,24,42,xgboost,3.823126140222224
2018-06-02 15:00:00,etth1,HUFL,24,42,xgboost,4.078944813311153
2018-06-02 16:00:00,etth1,HUFL,24,42,xgboost,4.175520089088675
2018-06-02 17:00:00,etth1,HUFL,24,42,xgboost,4.542872869279485
2018-06-02 18:00:00,etth1,HUFL,24,42,xgboost,5.900941739516656
2018-06-02 19:00:00,etth1,HUFL,24,42,xgboost,5.787004475777628
2018-06-02 20:00:00,etth1,HUFL,24,42,xgboost,5.831188647288563
2018-06-02 21:00:00,etth1,HUFL,24,42,xgboost,5.438238908994559
2018-06-02 22:00:00,etth1,HUFL,24,42,xgboost,5.344064888878129
2018-06-02 23:00:00,etth1,HUFL,24,42,xgboost,5.101002780257675
2018-06-03 00:00:00,etth1,HUFL,24,42,xgboost,4.8716265320543215
2018-06-03 01:00:00,etth1,HUFL,24,42,xgboost,4.361279337861514
2018-06-03 02:00:00,etth1,HUFL,24,42,xgboost,3.9890312300651574
2018-06-03 03:00:00,etth1,HUFL,24,42,xgboost,3.9025647214712538
2018-06-03 04:00:00,etth1,HUFL,24,42,xgboost,3.6465607116333807
2018-06-03 05:00:00,etth1,HUFL,24,42,xgboost,3.4197862800563392
2018-06-03 06:00:00,etth1,HUFL,24,42,xgboost,2.779483783380288
2018-06-03 07:00:00,etth1,HUFL,24,42,xgboost,3.733853806191006
2018-06-03 08:00:00,etth1,HUFL,24,42,xgboost,4.4269783761116885
2018-06-03 09:00:00,etth1,HUFL,24,42,xgboost,4.959580076839263
2018-06-03 10:00:00,etth1,HUFL,24,42,xgboost,4.193350494487633
2018-06-03 11:00:00,etth1,HUFL,24,42,xgboost,3.2576590260841622
2018-06-03 12:00:00,etth1,HUFL,24,42,xgboost,3.7867842003784857
2018-06-03 13:00:00,etth1,HUFL,24,42,xgboost,3.4913732709025553
2018-06-03 14:00:00,etth1,HUFL,24,42,xgboost,3.359749464674689
2018-06-03 15:00:00,etth1,HUFL,24,42,xgboost,3.1397094056686705
2018-06-03 16:00:00,etth1,HUFL,24,42,xgboost,3.0572606168296006
2018-06-03 17:00:00,etth1,HUFL,24,42,xgboost,3.4704081432076244
2018-06-03 18:00:00,etth1,HUFL,24,42,xgboost,4.014447792537063
2018-06-03 19:00:00,etth1,HUFL,24,42,xgboost,4.198838159989711
2018-06-03 20:00:00,etth1,HUFL,24,42,xgboost,4.107928361703155
2018-06-03 21:00:00,etth1,HUFL,24,42,xgboost,4.066724991650483
2018-06-03 22:00:00,etth1,HUFL,24,42,xgboost,3.4322256288385966
2018-06-03 23:00:00,etth1,HUFL,24,42,xgboost,3.116074902455683
2018-06-04 00:00:00,etth1,HUFL,24,42,xgboost,3.278830260346868
2018-06-04 01:00:00,etth1,HUFL,24,42,xgboost,3.2756980810245673
2018-06-04 02:00:00,etth1,HUFL,24,42,xgboost,3.074741926407254
2018-06-04 03:00:00,etth1,HUFL,24,42,xgboost,3.0500504319375374
2018-06-04 04:00:00,etth1,HUFL,24,42,xgboost,2.828338402325801
2018-06-04 05:00:00,etth1,HUFL,24,42,xgboost,2.84144173506605
2018-06-04 06:00:00,etth1,HUFL,24,42,xgboost,2.640574450175784
2018-06-04 07:00:00,etth1,HUFL,24,42,xgboost,3.4943713445226883
2018-06-04 08:00:00,etth1,HUFL,24,42,xgboost,3.6119062610430888
2018-06-04 09:00:00,etth1,HUFL,24,42,xgboost,3.582742679825538
2018-06-04 10:00:00,etth1,HUFL,24,42,xgboost,3.281520700458262
2018-06-04 11:00:00,etth1,HUFL,24,42,xgboost,2.9244592351515766
2018-06-04 12:00:00,etth1,HUFL,24,42,xgboost,2.998562772475107
2018-06-04 13:00:00,etth1,HUFL,24,42,xgboost,3.162531085865736
2018-06-04 14:00:00,etth1,HUFL,24,42,xgboost,2.64086157197005
2018-06-04 15:00:00,etth1,HUFL,24,42,xgboost,2.4982211504028546
2018-06-04 16:00:00,etth1,HUFL,24,42,xgboost,2.4770665984696376
2018-06-04 17:00:00,etth1,HUFL,24,42,xgboost,2.358222411984981
2018-06-04 18:00:00,etth1,HUFL,24,42,xgboost,2.29996859997654
2018-06-04 19:00:00,etth1,HUFL,24,42,xgboost,2.119617093994226
2018-06-04 20:00:00,etth1,HUFL,24,42,xgboost,2.176743083300144
2018-06-04 21:00:00,etth1,HUFL,24,42,xgboost,2.3083523408903996
2018-06-04 22:00:00,etth1,HUFL,24,42,xgboost,2.6559913056966713
2018-06-04 23:00:00,etth1,HUFL,24,42,xgboost,2.472719703674357
2018-06-05 00:00:00,etth1,HUFL,24,42,xgboost,2.9382034091805185
2018-06-05 01:00:00,etth1,HUFL,24,42,xgboost,3.083714687920453
2018-06-05 02:00:00,etth1,HUFL,24,42,xgboost,3.1968296092491975
2018-06-05 03:00:00,etth1,HUFL,24,42,xgboost,3.143781272654254
2018-06-05 04:00:00,etth1,HUFL,24,42,xgboost,2.987084015682747
2018-06-05 05:00:00,etth1,HUFL,24,42,xgboost,3.5352557332569536
2018-06-05 06:00:00,etth1,HUFL,24,42,xgboost,3.474713072706542
2018-06-05 07:00:00,etth1,HUFL,24,42,xgboost,2.326819644670387
2018-06-05 08:00:00,etth1,HUFL,24,42,xgboost,1.8601464513934662
2018-06-05 09:00:00,etth1,HUFL,24,42,xgboost,1.7692714240408505
2018-06-05 10:00:00,etth1,HUFL,24,42,xgboost,2.0649623586852353
2018-06-05 11:00:00,etth1,HUFL,24,42,xgboost,2.7049726383738624
2018-06-05 12:00:00,etth1,HUFL,24,42,xgboost,3.1626994311890804
2018-06-05 13:00:00,etth1,HUFL,24,42,xgboost,3.610847993801702
2018-06-05 14:00:00,etth1,HUFL,24,42,xgboost,3.4927410748727055
2018-06-05 15:00:00,etth1,HUFL,24,42,xgboost,4.151346922853757
2018-06-05 16:00:00,etth1,HUFL,24,42,xgboost,4.376850737155463
2018-06-05 17:00:00,etth1,HUFL,24,42,xgboost,4.696070277558384
2018-06-05 18:00:00,etth1,HUFL,24,42,xgboost,5.610840557478459
2018-06-05 19:00:00,etth1,HUFL,24,42,xgboost,5.62988945621677
2018-06-05 20:00:00,etth1,HUFL,24,42,xgboost,5.38181878623493
2018-06-05 21:00:00,etth1,HUFL,24,42,xgboost,5.265840943258488
2018-06-05 22:00:00,etth1,HUFL,24,42,xgboost,5.156390826271266
2018-06-05 23:00:00,etth1,HUFL,24,42,xgboost,4.355478538395247
2018-06-06 00:00:00,etth1,HUFL,24,42,xgboost,4.233317322638203
2018-06-06 01:00:00,etth1,HUFL,24,42,xgboost,3.6837448096745375
2018-06-06 02:00:00,etth1,HUFL,24,42,xgboost,3.568772599945291
2018-06-06 03:00:00,etth1,HUFL,24,42,xgboost,3.0442416204298577
2018-06-06 04:00:00,etth1,HUFL,24,42,xgboost,3.0439293093274387
2018-06-06 05:00:00,etth1,HUFL,24,42,xgboost,2.564628104599218
2018-06-06 06:00:00,etth1,HUFL,24,42,xgboost,2.0249558073043765
2018-06-06 07:00:00,etth1,HUFL,24,42,xgboost,3.8909671784975273
2018-06-06 08:00:00,etth1,HUFL,24,42,xgboost,4.234940038247672
2018-06-06 09:00:00,etth1,HUFL,24,42,xgboost,3.269788704392355
2018-06-06 10:00:00,etth1,HUFL,24,42,xgboost,2.7859458096035348
2018-06-06 11:00:00,etth1,HUFL,24,42,xgboost,2.9224285716052214
2018-06-06 12:00:00,etth1,HUFL,24,42,xgboost,3.0880100691464905
2018-06-06 13:00:00,etth1,HUFL,24,42,xgboost,3.120203285602693
2018-06-06 14:00:00,etth1,HUFL,24,42,xgboost,2.7189499728846194
2018-06-06 15:00:00,etth1,HUFL,24,42,xgboost,2.472013409286903
2018-06-06 16:00:00,etth1,HUFL,24,42,xgboost,2.590872241531107
2018-06-06 17:00:00,etth1,HUFL,24,42,xgboost,3.0443017177074623
2018-06-06 18:00:00,etth1,HUFL,24,42,xgboost,3.0022226676320316
2018-06-06 19:00:00,etth1,HUFL,24,42,xgboost,3.1209092680127193
2018-06-06 20:00:00,etth1,HUFL,24,42,xgboost,3.012228247166123
2018-06-06 21:00:00,etth1,HUFL,24,42,xgboost,3.0475847633511997
2018-06-06 22:00:00,etth1,HUFL,24,42,xgboost,2.408808553190036
2018-06-06 23:00:00,etth1,HUFL,24,42,xgboost,2.558189109622936
2018-06-07 00:00:00,etth1,HUFL,24,42,xgboost,2.260090163790676
2018-06-07 01:00:00,etth1,HUFL,24,42,xgboost,2.3047926956409213
2018-06-07 02:00:00,etth1,HUFL,24,42,xgboost,2.5107115172052272
2018-06-07 03:00:00,etth1,HUFL,24,42,xgboost,2.4237580344421
2018-06-07 04:00:00,etth1,HUFL,24,42,xgboost,2.243797823694418
2018-06-07 05:00:00,etth1,HUFL,24,42,xgboost,2.4166819756619766
2018-06-07 06:00:00,etth1,HUFL,24,42,xgboost,2.595545619755907
2018-06-07 07:00:00,etth1,HUFL,24,42,xgboost,2.563393985642739
2018-06-07 08:00:00,etth1,HUFL,24,42,xgboost,2.820148718058295
2018-06-07 09:00:00,etth1,HUFL,24,42,xgboost,2.0484458198221875
2018-06-07 10:00:00,etth1,HUFL,24,42,xgboost,2.2893206744118353
2018-06-07 11:00:00,etth1,HUFL,24,42,xgboost,2.496228627202058
2018-06-07 12:00:00,etth1,HUFL,24,42,xgboost,2.784795569209281
2018-06-07 13:00:00,etth1,HUFL,24,42,xgboost,2.5105583043796806
2018-06-07 14:00:00,etth1,HUFL,24,42,xgboost,2.0667684756348774
2018-06-07 15:00:00,etth1,HUFL,24,42,xgboost,2.1061628618061334
2018-06-07 16:00:00,etth1,HUFL,24,42,xgboost,2.3194825871521814
2018-06-07 17:00:00,etth1,HUFL,24,42,xgboost,2.535405287491403
2018-06-07 18:00:00,etth1,HUFL,24,42,xgboost,3.179700085574815
2018-06-07 19:00:00,etth1,HUFL,24,42,xgboost,3.1132985535124753
2018-06-07 20:00:00,etth1,HUFL,24,42,xgboost,3.098914680768669
2018-06-07 21:00:00,etth1,HUFL,24,42,xgboost,3.1895362984095086
2018-06-07 22:00:00,etth1,HUFL,24,42,xgboost,3.14505734552255
2018-06-07 23:00:00,etth1,HUFL,24,42,xgboost,3.108076030537498
2018-06-08 00:00:00,etth1,HUFL,24,42,xgboost,2.8824556919356312
2018-06-08 01:00:00,etth1,HUFL,24,42,xgboost,2.8193876293563473
2018-06-08 02:00:00,etth1,HUFL,24,42,xgboost,2.67267443255105
2018-06-08 03:00:00,etth1,HUFL,24,42,xgboost,2.4181042693874404
2018-06-08 04:00:00,etth1,HUFL,24,42,xgboost,2.539439377922372
2018-06-08 05:00:00,etth1,HUFL,24,42,xgboost,3.1161407672983166
2018-06-08 06:00:00,etth1,HUFL,24,42,xgboost,2.784834373982483
2018-06-08 07:00:00,etth1,HUFL,24,42,xgboost,2.089083109840344
2018-06-08 08:00:00,etth1,HUFL,24,42,xgboost,2.672572130500308
2018-06-08 09:00:00,etth1,HUFL,24,42,xgboost,2.944561349462777
2018-06-08 10:00:00,etth1,HUFL,24,42,xgboost,3.1024738074206435
2018-06-08 11:00:00,etth1,HUFL,24,42,xgboost,3.1869172339508576
2018-06-08 12:00:00,etth1,HUFL,24,42,xgboost,3.5864375179450576
2018-06-08 13:00:00,etth1,HUFL,24,42,xgboost,3.4013967901444793
2018-06-08 14:00:00,etth1,HUFL,24,42,xgboost,2.730215112784778
2018-06-08 15:00:00,etth1,HUFL,24,42,xgboost,3.1362416561781608
2018-06-08 16:00:00,etth1,HUFL,24,42,xgboost,3.1822816035014454
2018-06-08 17:00:00,etth1,HUFL,24,42,xgboost,2.46689950678694
2018-06-08 18:00:00,etth1,HUFL,24,42,xgboost,2.328830605856972
2018-06-08 19:00:00,etth1,HUFL,24,42,xgboost,2.3784504620113016
2018-06-08 20:00:00,etth1,HUFL,24,42,xgboost,2.4119508063565065
2018-06-08 21:00:00,etth1,HUFL,24,42,xgboost,2.7287492149003563
2018-06-08 22:00:00,etth1,HUFL,24,42,xgboost,2.6029098174105907
2018-06-08 23:00:00,etth1,HUFL,24,42,xgboost,2.5735148527712846
2018-06-09 00:00:00,etth1,HUFL,24,42,xgboost,3.253423943056353
2018-06-09 01:00:00,etth1,HUFL,24,42,xgboost,2.722629834786179
2018-06-09 02:00:00,etth1,HUFL,24,42,xgboost,3.0311796936103383
2018-06-09 03:00:00,etth1,HUFL,24,42,xgboost,3.0654689088096254
2018-06-09 04:00:00,etth1,HUFL,24,42,xgboost,3.3897779152162606
2018-06-09 05:00:00,etth1,HUFL,24,42,xgboost,3.6241906204745717
2018-06-09 06:00:00,etth1,HUFL,24,42,xgboost,4.071229116152115
2018-06-09 07:00:00,etth1,HUFL,24,42,xgboost,3.086841677630453
2018-06-09 08:00:00,etth1,HUFL,24,42,xgboost,2.6454319370753736
2018-06-09 09:00:00,etth1,HUFL,24,42,xgboost,2.033272112154828
2018-06-09 10:00:00,etth1,HUFL,24,42,xgboost,2.029975656679989
2018-06-09 11:00:00,etth1,HUFL,24,42,xgboost,1.595612323797214
2018-06-09 12:00:00,etth1,HUFL,24,42,xgboost,2.012731988699518
2018-06-09 13:00:00,etth1,HUFL,24,42,xgboost,2.195234304070613
2018-06-09 14:00:00,etth1,HUFL,24,42,xgboost,3.2723754003454544
2018-06-09 15:00:00,etth1,HUFL,24,42,xgboost,3.952001697540689
2018-06-09 16:00:00,etth1,HUFL,24,42,xgboost,3.987280423648871
2018-06-09 17:00:00,etth1,HUFL,24,42,xgboost,4.305321956327234
2018-06-09 18:00:00,etth1,HUFL,24,42,xgboost,4.394516582709958
2018-06-09 19:00:00,etth1,HUFL,24,42,xgboost,4.043490548192117
2018-06-09 20:00:00,etth1,HUFL,24,42,xgboost,4.240980897295875
2018-06-09 21:00:00,etth1,HUFL,24,42,xgboost,3.874688236245623
2018-06-09 22:00:00,etth1,HUFL,24,42,xgboost,4.0459876818451015
2018-06-09 23:00:00,etth1,HUFL,24,42,xgboost,4.47110518118449
2018-06-10 00:00:00,etth1,HUFL,24,42,xgboost,4.889807512473732
2018-06-10 01:00:00,etth1,HUFL,24,42,xgboost,4.931965263493344
2018-06-10 02:00:00,etth1,HUFL,24,42,xgboost,4.3524604660064155
2018-06-10 03:00:00,etth1,HUFL,24,42,xgboost,4.3892957589568065
2018-06-10 04:00:00,etth1,HUFL,24,42,xgboost,4.229920716758472
2018-06-10 05:00:00,etth1,HUFL,24,42,xgboost,4.381231395012183
2018-06-10 06:00:00,etth1,HUFL,24,42,xgboost,4.190881514749834
2018-06-10 07:00:00,etth1,HUFL,24,42,xgboost,3.6544937178196997
2018-06-10 08:00:00,etth1,HUFL,24,42,xgboost,3.9618723563059497
2018-06-10 09:00:00,etth1,HUFL,24,42,xgboost,3.7490933595525937
2018-06-10 10:00:00,etth1,HUFL,24,42,xgboost,4.020668490711404
2018-06-10 11:00:00,etth1,HUFL,24,42,xgboost,4.0969603116120865
2018-06-10 12:00:00,etth1,HUFL,24,42,xgboost,4.818505683128248
2018-06-10 13:00:00,etth1,HUFL,24,42,xgboost,5.050037263420765
2018-06-10 14:00:00,etth1,HUFL,24,42,xgboost,5.057314062840518
2018-06-10 15:00:00,etth1,HUFL,24,42,xgboost,5.705211083663275
2018-06-10 16:00:00,etth1,HUFL,24,42,xgboost,4.814680294343726
2018-06-10 17:00:00,etth1,HUFL,24,42,xgboost,5.032054976836996
2018-06-10 18:00:00,etth1,HUFL,24,42,xgboost,5.231693930171155
2018-06-10 19:00:00,etth1,HUFL,24,42,xgboost,5.568669071185152
2018-06-10 20:00:00,etth1,HUFL,24,42,xgboost,5.564474730960107
2018-06-10 21:00:00,etth1,HUFL,24,42,xgboost,5.0202810162607765
2018-06-10 22:00:00,etth1,HUFL,24,42,xgboost,5.033020550436482
2018-06-10 23:00:00,etth1,HUFL,24,42,xgboost,5.3026713628458415
2018-06-11 00:00:00,etth1,HUFL,24,42,xgboost,5.065025533719496
2018-06-11 01:00:00,etth1,HUFL,24,42,xgboost,5.026982787429675
2018-06-11 02:00:00,etth1,HUFL,24,42,xgboost,4.918319357151185
2018-06-11 03:00:00,etth1,HUFL,24,42,xgboost,4.813962255176886
2018-06-11 04:00:00,etth1,HUFL,24,42,xgboost,5.053611249348386
2018-06-11 05:00:00,etth1,HUFL,24,42,xgboost,4.470787338976617
2018-06-11 06:00:00,etth1,HUFL,24,42,xgboost,4.7083107578453
2018-06-11 07:00:00,etth1,HUFL,24,42,xgboost,4.630511368075251
2018-06-11 08:00:00,etth1,HUFL,24,42,xgboost,4.1490910611348335
2018-06-11 09:00:00,etth1,HUFL,24,42,xgboost,3.2025251499088956
2018-06-11 10:00:00,etth1,HUFL,24,42,xgboost,2.5310088772058856
2018-06-11 11:00:00,etth1,HUFL,24,42,xgboost,3.0855874065433526
2018-06-11 12:00:00,etth1,HUFL,24,42,xgboost,3.693837838121434
2018-06-11 13:00:00,etth1,HUFL,24,42,xgboost,4.194574275067052
2018-06-11 14:00:00,etth1,HUFL,24,42,xgboost,4.24116639305602
2018-06-11 15:00:00,etth1,HUFL,24,42,xgboost,4.857174003761653
2018-06-11 16:00:00,etth1,HUFL,24,42,xgboost,4.781644110786291
2018-06-11 17:00:00,etth1,HUFL,24,42,xgboost,4.633420829274196
2018-06-11 18:00:00,etth1,HUFL,24,42,xgboost,3.8930237927204274
2018-06-11 19:00:00,etth1,HUFL,24,42,xgboost,4.026494820433311
2018-06-11 20:00:00,etth1,HUFL,24,42,xgboost,3.5480009365699368
2018-06-11 21:00:00,etth1,HUFL,24,42,xgboost,3.572659682214525
2018-06-11 22:00:00,etth1,HUFL,24,42,xgboost,3.149652182350429
2018-06-11 23:00:00,etth1,HUFL,24,42,xgboost,3.2159131440979043
2018-06-12 00:00:00,etth1,HUFL,24,42,xgboost,2.469217799179949
2018-06-12 01:00:00,etth1,HUFL,24,42,xgboost,2.247674968317212
2018-06-12 02:00:00,etth1,HUFL,24,42,xgboost,2.3693075213343495
2018-06-12 03:00:00,etth1,HUFL,24,42,xgboost,2.563431175283282
2018-06-12 04:00:00,etth1,HUFL,24,42,xgboost,2.6091118900088865
2018-06-12 05:00:00,etth1,HUFL,24,42,xgboost,2.568045621423892
2018-06-12 06:00:00,etth1,HUFL,24,42,xgboost,2.385479192859318
2018-06-12 07:00:00,etth1,HUFL,24,42,xgboost,3.4894246783139575
2018-06-12 08:00:00,etth1,HUFL,24,42,xgboost,3.8951646789526855
2018-06-12 09:00:00,etth1,HUFL,24,42,xgboost,3.7498427251313315
2018-06-12 10:00:00,etth1,HUFL,24,42,xgboost,3.1609150779807003
2018-06-12 11:00:00,etth1,HUFL,24,42,xgboost,3.099750527647435
2018-06-12 12:00:00,etth1,HUFL,24,42,xgboost,3.7704751929808293
2018-06-12 13:00:00,etth1,HUFL,24,42,xgboost,3.9048530666803316
2018-06-12 14:00:00,etth1,HUFL,24,42,xgboost,4.076984049094502
2018-06-12 15:00:00,etth1,HUFL,24,42,xgboost,4.064140999478211
2018-06-12 16:00:00,etth1,HUFL,24,42,xgboost,4.193118599593578
2018-06-12 17:00:00,etth1,HUFL,24,42,xgboost,3.9594022838534357
2018-06-12 18:00:00,etth1,HUFL,24,42,xgboost,4.1255385016656385
2018-06-12 19:00:00,etth1,HUFL,24,42,xgboost,4.395472654991252
2018-06-12 20:00:00,etth1,HUFL,24,42,xgboost,4.053749734323903
2018-06-12 21:00:00,etth1,HUFL,24,42,xgboost,3.84421737380033
2018-06-12 22:00:00,etth1,HUFL,24,42,xgboost,3.596075748912091
2018-06-12 23:00:00,etth1,HUFL,24,42,xgboost,3.2421439796552582
2018-06-13 00:00:00,etth1,HUFL,24,42,xgboost,2.9140494957152563
2018-06-13 01:00:00,etth1,HUFL,24,42,xgboost,2.618855128998161
2018-06-13 02:00:00,etth1,HUFL,24,42,xgboost,2.4907651067467884
2018-06-13 03:00:00,etth1,HUFL,24,42,xgboost,3.0462399433604026
2018-06-13 04:00:00,etth1,HUFL,24,42,xgboost,3.517581628419402
2018-06-13 05:00:00,etth1,HUFL,24,42,xgboost,2.729953457829005
2018-06-13 06:00:00,etth1,HUFL,24,42,xgboost,3.6313837145117875
2018-06-13 07:00:00,etth1,HUFL,24,42,xgboost,4.8360399092929915
2018-06-13 08:00:00,etth1,HUFL,24,42,xgboost,4.61691113591066
2018-06-13 09:00:00,etth1,HUFL,24,42,xgboost,3.7623526638445655
2018-06-13 10:00:00,etth1,HUFL,24,42,xgboost,3.505787708826569
2018-06-13 11:00:00,etth1,HUFL,24,42,xgboost,3.3999349456752817
2018-06-13 12:00:00,etth1,HUFL,24,42,xgboost,3.807502576840168
2018-06-13 13:00:00,etth1,HUFL,24,42,xgboost,3.7331836726256973
2018-06-13 14:00:00,etth1,HUFL,24,42,xgboost,3.9299533874938253
2018-06-13 15:00:00,etth1,HUFL,24,42,xgboost,3.8601529610786938
2018-06-13 16:00:00,etth1,HUFL,24,42,xgboost,4.182693302071175
2018-06-13 17:00:00,etth1,HUFL,24,42,xgboost,4.301984608895389
2018-06-13 18:00:00,etth1,HUFL,24,42,xgboost,4.5294644312051044
2018-06-13 19:00:00,etth1,HUFL,24,42,xgboost,4.6548636195971325
2018-06-13 20:00:00,etth1,HUFL,24,42,xgboost,4.359156526174449
2018-06-13 21:00:00,etth1,HUFL,24,42,xgboost,3.928654102925705
2018-06-13 22:00:00,etth1,HUFL,24,42,xgboost,3.666021344566335
2018-06-13 23:00:00,etth1,HUFL,24,42,xgboost,2.9671939548794213
2018-06-14 00:00:00,etth1,HUFL,24,42,xgboost,3.0579329364435544
2018-06-14 01:00:00,etth1,HUFL,24,42,xgboost,3.4269228777042096
2018-06-14 02:00:00,etth1,HUFL,24,42,xgboost,2.5144931157183223
2018-06-14 03:00:00,etth1,HUFL,24,42,xgboost,1.9292943557934426
2018-06-14 04:00:00,etth1,HUFL,24,42,xgboost,1.709622602485048
2018-06-14 05:00:00,etth1,HUFL,24,42,xgboost,1.3385850980586145
2018-06-14 06:00:00,etth1,HUFL,24,42,xgboost,2.0967044098529057
2018-06-14 07:00:00,etth1,HUFL,24,42,xgboost,3.6970054506689274
2018-06-14 08:00:00,etth1,HUFL,24,42,xgboost,4.511609398589041
2018-06-14 09:00:00,etth1,HUFL,24,42,xgboost,3.854812870279184
2018-06-14 10:00:00,etth1,HUFL,24,42,xgboost,3.0945693500222364
2018-06-14 11:00:00,etth1,HUFL,24,42,xgboost,3.590441801998297
2018-06-14 12:00:00,etth1,HUFL,24,42,xgboost,3.867603787351532
2018-06-14 13:00:00,etth1,HUFL,24,42,xgboost,4.500596142160615
2018-06-14 14:00:00,etth1,HUFL,24,42,xgboost,4.165124132504094
2018-06-14 15:00:00,etth1,HUFL,24,42,xgboost,4.304919815855588
2018-06-14 16:00:00,etth1,HUFL,24,42,xgboost,4.139638436457191
2018-06-14 17:00:00,etth1,HUFL,24,42,xgboost,4.2804992925025
2018-06-14 18:00:00,etth1,HUFL,24,42,xgboost,5.047948388606879
2018-06-14 19:00:00,etth1,HUFL,24,42,xgboost,4.742806198733877
2018-06-14 20:00:00,etth1,HUFL,24,42,xgboost,4.619531297707966
2018-06-14 21:00:00,etth1,HUFL,24,42,xgboost,4.239800347350109
2018-06-14 22:00:00,etth1,HUFL,24,42,xgboost,3.742889676813599
2018-06-14 23:00:00,etth1,HUFL,24,42,xgboost,3.443032484355222
2018-06-15 00:00:00,etth1,HUFL,24,42,xgboost,2.9426946469087123
2018-06-15 01:00:00,etth1,HUFL,24,42,xgboost,3.0964349447621564
2018-06-15 02:00:00,etth1,HUFL,24,42,xgboost,2.8966466645861053
2018-06-15 03:00:00,etth1,HUFL,24,42,xgboost,2.7512463349016154
2018-06-15 04:00:00,etth1,HUFL,24,42,xgboost,2.5625899944281643
2018-06-15 05:00:00,etth1,HUFL,24,42,xgboost,2.6963811455134103
2018-06-15 06:00:00,etth1,HUFL,24,42,xgboost,2.633694537735993
2018-06-15 07:00:00,etth1,HUFL,24,42,xgboost,4.152642098039219
2018-06-15 08:00:00,etth1,HUFL,24,42,xgboost,4.016102532246451
2018-06-15 09:00:00,etth1,HUFL,24,42,xgboost,4.13416900362956
2018-06-15 10:00:00,etth1,HUFL,24,42,xgboost,4.451302842572701
2018-06-15 11:00:00,etth1,HUFL,24,42,xgboost,3.7504749783775346
2018-06-15 12:00:00,etth1,HUFL,24,42,xgboost,4.568772149624134
2018-06-15 13:00:00,etth1,HUFL,24,42,xgboost,4.736247804513423
2018-06-15 14:00:00,etth1,HUFL,24,42,xgboost,4.406432327861338
2018-06-15 15:00:00,etth1,HUFL,24,42,xgboost,4.49776361790914
2018-06-15 16:00:00,etth1,HUFL,24,42,xgboost,5.147679706390136
2018-06-15 17:00:00,etth1,HUFL,24,42,xgboost,4.974378752824349
2018-06-15 18:00:00,etth1,HUFL,24,42,xgboost,5.086596161459329
2018-06-15 19:00:00,etth1,HUFL,24,42,xgboost,4.383074672923208
2018-06-15 20:00:00,etth1,HUFL,24,42,xgboost,4.235941881360034
2018-06-15 21:00:00,etth1,HUFL,24,42,xgboost,4.1296761351463465
2018-06-15 22:00:00,etth1,HUFL,24,42,xgboost,4.11944005322185
2018-06-15 23:00:00,etth1,HUFL,24,42,xgboost,4.28073363165728
2018-06-16 00:00:00,etth1,HUFL,24,42,xgboost,3.8710142628706876
2018-06-16 01:00:00,etth1,HUFL,24,42,xgboost,4.037852774926979
2018-06-16 02:00:00,etth1,HUFL,24,42,xgboost,3.6240876416912946
2018-06-16 03:00:00,etth1,HUFL,24,42,xgboost,3.4521404325335077
2018-06-16 04:00:00,etth1,HUFL,24,42,xgboost,3.539484875697012
2018-06-16 05:00:00,etth1,HUFL,24,42,xgboost,4.386604088112835
2018-06-16 06:00:00,etth1,HUFL,24,42,xgboost,4.1184435854528525
2018-06-16 07:00:00,etth1,HUFL,24,42,xgboost,5.386407798574896
2018-06-16 08:00:00,etth1,HUFL,24,42,xgboost,5.1930971474604055
2018-06-16 09:00:00,etth1,HUFL,24,42,xgboost,5.325330905490152
2018-06-16 10:00:00,etth1,HUFL,24,42,xgboost,4.217640820326336
2018-06-16 11:00:00,etth1,HUFL,24,42,xgboost,4.282570608766221
2018-06-16 12:00:00,etth1,HUFL,24,42,xgboost,4.404353658450343
2018-06-16 13:00:00,etth1,HUFL,24,42,xgboost,4.671936268799375
2018-06-16 14:00:00,etth1,HUFL,24,42,xgboost,4.695027741122747
2018-06-16 15:00:00,etth1,HUFL,24,42,xgboost,4.488351495527254
2018-06-16 16:00:00,etth1,HUFL,24,42,xgboost,4.520815873719393
2018-06-16 17:00:00,etth1,HUFL,24,42,xgboost,4.39438598987844
2018-06-16 18:00:00,etth1,HUFL,24,42,xgboost,3.959686237745814
2018-06-16 19:00:00,etth1,HUFL,24,42,xgboost,4.49528482869341
2018-06-16 20:00:00,etth1,HUFL,24,42,xgboost,4.537209623696523
2018-06-16 21:00:00,etth1,HUFL,24,42,xgboost,4.362672960882633
2018-06-16 22:00:00,etth1,HUFL,24,42,xgboost,4.388398527588524
2018-06-16 23:00:00,etth1,HUFL,24,42,xgboost,4.384455326321937
2018-06-17 00:00:00,etth1,HUFL,24,42,xgboost,4.022299870588936
2018-06-17 01:00:00,etth1,HUFL,24,42,xgboost,3.662817880072294
2018-06-17 02:00:00,etth1,HUFL,24,42,xgboost,3.213698250259835
2018-06-17 03:00:00,etth1,HUFL,24,42,xgboost,2.4804412744856386
2018-06-17 04:00:00,etth1,HUFL,24,42,xgboost,2.421839712740557
2018-06-17 05:00:00,etth1,HUFL,24,42,xgboost,1.8240148820613857
2018-06-17 06:00:00,etth1,HUFL,24,42,xgboost,2.24227438302182
2018-06-17 07:00:00,etth1,HUFL,24,42,xgboost,3.6737738241905085
2018-06-17 08:00:00,etth1,HUFL,24,42,xgboost,4.41556823408314
2018-06-17 09:00:00,etth1,HUFL,24,42,xgboost,4.995942192383078
2018-06-17 10:00:00,etth1,HUFL,24,42,xgboost,4.496523272215895
2018-06-17 11:00:00,etth1,HUFL,24,42,xgboost,3.726985445454184
2018-06-17 12:00:00,etth1,HUFL,24,42,xgboost,4.903218552933624
2018-06-17 13:00:00,etth1,HUFL,24,42,xgboost,4.99094856939026
2018-06-17 14:00:00,etth1,HUFL,24,42,xgboost,4.986352478894505
2018-06-17 15:00:00,etth1,HUFL,24,42,xgboost,5.129884052739155
2018-06-17 16:00:00,etth1,HUFL,24,42,xgboost,5.353780395188212
2018-06-17 17:00:00,etth1,HUFL,24,42,xgboost,5.555685461074745
2018-06-17 18:00:00,etth1,HUFL,24,42,xgboost,5.024860882183677
2018-06-17 19:00:00,etth1,HUFL,24,42,xgboost,5.557899594998887
2018-06-17 20:00:00,etth1,HUFL,24,42,xgboost,4.848459789295872
2018-06-17 21:00:00,etth1,HUFL,24,42,xgboost,4.215509790591429
2018-06-17 22:00:00,etth1,HUFL,24,42,xgboost,3.9291925948689226
2018-06-17 23:00:00,etth1,HUFL,24,42,xgboost,4.119680196642772
2018-06-18 00:00:00,etth1,HUFL,24,42,xgboost,3.8724950342600515
2018-06-18 01:00:00,etth1,HUFL,24,42,xgboost,3.667029477489061
2018-06-18 02:00:00,etth1,HUFL,24,42,xgboost,3.1985576528864357
2018-06-18 03:00:00,etth1,HUFL,24,42,xgboost,3.463178709540784
2018-06-18 04:00:00,etth1,HUFL,24,42,xgboost,2.9715547292415
2018-06-18 05:00:00,etth1,HUFL,24,42,xgboost,2.873054320880359
2018-06-18 06:00:00,etth1,HUFL,24,42,xgboost,2.7134604692066175
2018-06-18 07:00:00,etth1,HUFL,24,42,xgboost,4.909446562614833
2018-06-18 08:00:00,etth1,HUFL,24,42,xgboost,4.71438866021709
2018-06-18 09:00:00,etth1,HUFL,24,42,xgboost,3.822319895836147
2018-06-18 10:00:00,etth1,HUFL,24,42,xgboost,3.641745889516361
2018-06-18 11:00:00,etth1,HUFL,24,42,xgboost,3.3555080355706313
2018-06-18 12:00:00,etth1,HUFL,24,42,xgboost,2.8582191969595954
2018-06-18 13:00:00,etth1,HUFL,24,42,xgboost,2.644949470145352
2018-06-18 14:00:00,etth1,HUFL,24,42,xgboost,2.1212983288167444
2018-06-18 15:00:00,etth1,HUFL,24,42,xgboost,2.2893687798098816
2018-06-18 16:00:00,etth1,HUFL,24,42,xgboost,2.6271793527294593
2018-06-18 17:00:00,etth1,HUFL,24,42,xgboost,3.214870297253281
2018-06-18 18:00:00,etth1,HUFL,24,42,xgboost,3.305320587819789
2018-06-18 19:00:00,etth1,HUFL,24,42,xgboost,2.6111312176881363
2018-06-18 20:00:00,etth1,HUFL,24,42,xgboost,1.9850399182015603
2018-06-18 21:00:00,etth1,HUFL,24,42,xgboost,1.9677165739384215
2018-06-18 22:00:00,etth1,HUFL,24,42,xgboost,2.3451362373162734
2018-06-18 23:00:00,etth1,HUFL,24,42,xgboost,2.579880690106547
2018-06-19 00:00:00,etth1,HUFL,24,42,xgboost,3.0953556700381264
2018-06-19 01:00:00,etth1,HUFL,24,42,xgboost,2.452272578953505
2018-06-19 02:00:00,etth1,HUFL,24,42,xgboost,2.336231339905213
2018-06-19 03:00:00,etth1,HUFL,24,42,xgboost,2.3686374855876404
2018-06-19 04:00:00,etth1,HUFL,24,42,xgboost,2.477951029979901
2018-06-19 05:00:00,etth1,HUFL,24,42,xgboost,2.336769094888286
2018-06-19 06:00:00,etth1,HUFL,24,42,xgboost,2.355829605625255
2018-06-19 07:00:00,etth1,HUFL,24,42,xgboost,3.313911038196634
2018-06-19 08:00:00,etth1,HUFL,24,42,xgboost,3.1049047103582503
2018-06-19 09:00:00,etth1,HUFL,24,42,xgboost,4.0623762203797265
2018-06-19 10:00:00,etth1,HUFL,24,42,xgboost,3.9713101210443256
2018-06-19 11:00:00,etth1,HUFL,24,42,xgboost,3.409475051419611
2018-06-19 12:00:00,etth1,HUFL,24,42,xgboost,3.4390743001388304
2018-06-19 13:00:00,etth1,HUFL,24,42,xgboost,3.254509055262551
2018-06-19 14:00:00,etth1,HUFL,24,42,xgboost,3.3143609789893573
2018-06-19 15:00:00,etth1,HUFL,24,42,xgboost,3.3664575470589857
2018-06-19 16:00:00,etth1,HUFL,24,42,xgboost,3.319415843636721
2018-06-19 17:00:00,etth1,HUFL,24,42,xgboost,3.600453052271082
2018-06-19 18:00:00,etth1,HUFL,24,42,xgboost,3.3542356854110644
2018-06-19 19:00:00,etth1,HUFL,24,42,xgboost,3.2318562699776137
2018-06-19 20:00:00,etth1,HUFL,24,42,xgboost,3.4617992933012274
2018-06-19 21:00:00,etth1,HUFL,24,42,xgboost,3.2086451147953796
2018-06-19 22:00:00,etth1,HUFL,24,42,xgboost,3.1783018535194274
2018-06-19 23:00:00,etth1,HUFL,24,42,xgboost,2.7669057816929885
2018-06-20 00:00:00,etth1,HUFL,24,42,xgboost,2.685469226218078
2018-06-20 01:00:00,etth1,HUFL,24,42,xgboost,2.598322048891775
2018-06-20 02:00:00,etth1,HUFL,24,42,xgboost,2.3613124001941608
2018-06-20 03:00:00,etth1,HUFL,24,42,xgboost,2.3892971027374723
2018-06-20 04:00:00,etth1,HUFL,24,42,xgboost,2.4612490860846483
2018-06-20 05:00:00,etth1,HUFL,24,42,xgboost,2.25650992163265
2018-06-20 06:00:00,etth1,HUFL,24,42,xgboost,2.0020954190785325
2018-06-20 07:00:00,etth1,HUFL,24,42,xgboost,1.8751308373794828
2018-06-20 08:00:00,etth1,HUFL,24,42,xgboost,2.2245655999501275
2018-06-20 09:00:00,etth1,HUFL,24,42,xgboost,3.245389981443145
2018-06-20 10:00:00,etth1,HUFL,24,42,xgboost,2.3948394838291143
2018-06-20 11:00:00,etth1,HUFL,24,42,xgboost,2.537783264814402
2018-06-20 12:00:00,etth1,HUFL,24,42,xgboost,2.889854071317991
2018-06-20 13:00:00,etth1,HUFL,24,42,xgboost,3.7108157927940635
2018-06-20 14:00:00,etth1,HUFL,24,42,xgboost,3.3677791332572498
2018-06-20 15:00:00,etth1,HUFL,24,42,xgboost,3.8777296172142086
2018-06-20 16:00:00,etth1,HUFL,24,42,xgboost,3.472790746326446
2018-06-20 17:00:00,etth1,HUFL,24,42,xgboost,3.9880850170369633
2018-06-20 18:00:00,etth1,HUFL,24,42,xgboost,4.442937571995683
2018-06-20 19:00:00,etth1,HUFL,24,42,xgboost,4.773950128986669
2018-06-20 20:00:00,etth1,HUFL,24,42,xgboost,4.50512431336186
2018-06-20 21:00:00,etth1,HUFL,24,42,xgboost,4.303086380847721
2018-06-20 22:00:00,etth1,HUFL,24,42,xgboost,3.9129056909451205
2018-06-20 23:00:00,etth1,HUFL,24,42,xgboost,4.207308491639723
2018-06-21 00:00:00,etth1,HUFL,24,42,xgboost,4.274179904542163
2018-06-21 01:00:00,etth1,HUFL,24,42,xgboost,4.1809236977523705
2018-06-21 02:00:00,etth1,HUFL,24,42,xgboost,4.175228829704208
2018-06-21 03:00:00,etth1,HUFL,24,42,xgboost,3.703509258988209
2018-06-21 04:00:00,etth1,HUFL,24,42,xgboost,3.718643874166917
2018-06-21 05:00:00,etth1,HUFL,24,42,xgboost,3.23045497109741
2018-06-21 06:00:00,etth1,HUFL,24,42,xgboost,2.7354788174855784
2018-06-21 07:00:00,etth1,HUFL,24,42,xgboost,3.3118639450775778
2018-06-21 08:00:00,etth1,HUFL,24,42,xgboost,3.7804130050598297
2018-06-21 09:00:00,etth1,HUFL,24,42,xgboost,3.127544384676885
2018-06-21 10:00:00,etth1,HUFL,24,42,xgboost,2.937106958471123
2018-06-21 11:00:00,etth1,HUFL,24,42,xgboost,2.4809857254648584
2018-06-21 12:00:00,etth1,HUFL,24,42,xgboost,2.7140904028516544
2018-06-21 13:00:00,etth1,HUFL,24,42,xgboost,2.5783533781957346
2018-06-21 14:00:00,etth1,HUFL,24,42,xgboost,3.1938152449216113
2018-06-21 15:00:00,etth1,HUFL,24,42,xgboost,2.8088175519055802
2018-06-21 16:00:00,etth1,HUFL,24,42,xgboost,2.7966556128110547
2018-06-21 17:00:00,etth1,HUFL,24,42,xgboost,2.9972829527829012
2018-06-21 18:00:00,etth1,HUFL,24,42,xgboost,2.651255303092796
2018-06-21 19:00:00,etth1,HUFL,24,42,xgboost,2.7809306481209255
2018-06-21 20:00:00,etth1,HUFL,24,42,xgboost,2.858782735967093
2018-06-21 21:00:00,etth1,HUFL,24,42,xgboost,3.124011681510441
2018-06-21 22:00:00,etth1,HUFL,24,42,xgboost,3.3809355931703955
2018-06-21 23:00:00,etth1,HUFL,24,42,xgboost,3.1508572362607263
2018-06-22 00:00:00,etth1,HUFL,24,42,xgboost,4.154091926724605
2018-06-22 01:00:00,etth1,HUFL,24,42,xgboost,3.886458612357329
2018-06-22 02:00:00,etth1,HUFL,24,42,xgboost,3.913392430521011
2018-06-22 03:00:00,etth1,HUFL,24,42,xgboost,4.3163040822849
2018-06-22 04:00:00,etth1,HUFL,24,42,xgboost,4.4801996189903575
2018-06-22 05:00:00,etth1,HUFL,24,42,xgboost,5.025665065655679
2018-06-22 06:00:00,etth1,HUFL,24,42,xgboost,5.26946392498595
2018-06-22 07:00:00,etth1,HUFL,24,42,xgboost,4.999739390140971
2018-06-22 08:00:00,etth1,HUFL,24,42,xgboost,4.315963032579478
2018-06-22 09:00:00,etth1,HUFL,24,42,xgboost,2.4479213263397717
2018-06-22 10:00:00,etth1,HUFL,24,42,xgboost,2.6160824639353577
2018-06-22 11:00:00,etth1,HUFL,24,42,xgboost,3.2752827716023725
2018-06-22 12:00:00,etth1,HUFL,24,42,xgboost,3.366824236158793
2018-06-22 13:00:00,etth1,HUFL,24,42,xgboost,3.5488390771149425
2018-06-22 14:00:00,etth1,HUFL,24,42,xgboost,3.0509572230907693
2018-06-22 15:00:00,etth1,HUFL,24,42,xgboost,2.773627825390328
2018-06-22 16:00:00,etth1,HUFL,24,42,xgboost,3.1060334593988213
2018-06-22 17:00:00,etth1,HUFL,24,42,xgboost,3.375795586667399
2018-06-22 18:00:00,etth1,HUFL,24,42,xgboost,3.823819690767062
2018-06-22 19:00:00,etth1,HUFL,24,42,xgboost,3.9366486678050774
2018-06-22 20:00:00,etth1,HUFL,24,42,xgboost,3.84998686202265
2018-06-22 21:00:00,etth1,HUFL,24,42,xgboost,3.799342501639977
2018-06-22 22:00:00,etth1,HUFL,24,42,xgboost,3.8203515076231676
2018-06-22 23:00:00,etth1,HUFL,24,42,xgboost,4.115606802295415
2018-06-23 00:00:00,etth1,HUFL,24,42,xgboost,4.222310563328993
2018-06-23 01:00:00,etth1,HUFL,24,42,xgboost,3.6841883853573827
2018-06-23 02:00:00,etth1,HUFL,24,42,xgboost,3.0400979599498736
2018-06-23 03:00:00,etth1,HUFL,24,42,xgboost,2.728064396011242
2018-06-23 04:00:00,etth1,HUFL,24,42,xgboost,2.756528231780765
2018-06-23 05:00:00,etth1,HUFL,24,42,xgboost,2.7780339078809795
2018-06-23 06:00:00,etth1,HUFL,24,42,xgboost,2.769592107851223
2018-06-23 07:00:00,etth1,HUFL,24,42,xgboost,3.1832287774442576
2018-06-23 08:00:00,etth1,HUFL,24,42,xgboost,3.018511701486368
2018-06-23 09:00:00,etth1,HUFL,24,42,xgboost,3.8630303769084224
2018-06-23 10:00:00,etth1,HUFL,24,42,xgboost,3.2367161711817167
2018-06-23 11:00:00,etth1,HUFL,24,42,xgboost,3.1444699073370423
2018-06-23 12:00:00,etth1,HUFL,24,42,xgboost,1.9927850897483215
2018-06-23 13:00:00,etth1,HUFL,24,42,xgboost,2.2329004624773394
2018-06-23 14:00:00,etth1,HUFL,24,42,xgboost,2.4015675527430425
2018-06-23 15:00:00,etth1,HUFL,24,42,xgboost,1.8967051574195561
2018-06-23 16:00:00,etth1,HUFL,24,42,xgboost,2.642926604600269
2018-06-23 17:00:00,etth1,HUFL,24,42,xgboost,2.214468570226622
2018-06-23 18:00:00,etth1,HUFL,24,42,xgboost,2.196492493872747
2018-06-23 19:00:00,etth1,HUFL,24,42,xgboost,2.6064067244704714
2018-06-23 20:00:00,etth1,HUFL,24,42,xgboost,2.6858579374701748
2018-06-23 21:00:00,etth1,HUFL,24,42,xgboost,2.448002997784983
2018-06-23 22:00:00,etth1,HUFL,24,42,xgboost,2.3825129987420444
2018-06-23 23:00:00,etth1,HUFL,24,42,xgboost,2.758182868784747
2018-06-24 00:00:00,etth1,HUFL,24,42,xgboost,2.7817572716267684
2018-06-24 01:00:00,etth1,HUFL,24,42,xgboost,2.3954958243579547
2018-06-24 02:00:00,etth1,HUFL,24,42,xgboost,2.125345428959867
2018-06-24 03:00:00,etth1,HUFL,24,42,xgboost,2.190857684311158
2018-06-24 04:00:00,etth1,HUFL,24,42,xgboost,2.3244696165203327
2018-06-24 05:00:00,etth1,HUFL,24,42,xgboost,1.9580826620738219
2018-06-24 06:00:00,etth1,HUFL,24,42,xgboost,2.113002734937291
2018-06-24 07:00:00,etth1,HUFL,24,42,xgboost,1.7311351789335434
2018-06-24 08:00:00,etth1,HUFL,24,42,xgboost,1.9655170747374404
2018-06-24 09:00:00,etth1,HUFL,24,42,xgboost,2.748299185000404
2018-06-24 10:00:00,etth1,HUFL,24,42,xgboost,2.0955907923700168
2018-06-24 11:00:00,etth1,HUFL,24,42,xgboost,2.44418415594599
2018-06-24 12:00:00,etth1,HUFL,24,42,xgboost,2.7794194658797715
2018-06-24 13:00:00,etth1,HUFL,24,42,xgboost,3.433696946465203
2018-06-24 14:00:00,etth1,HUFL,24,42,xgboost,3.7093729516198146
2018-06-24 15:00:00,etth1,HUFL,24,42,xgboost,3.875680423062852
2018-06-24 16:00:00,etth1,HUFL,24,42,xgboost,4.049602024842966
2018-06-24 17:00:00,etth1,HUFL,24,42,xgboost,4.667991171837848
2018-06-24 18:00:00,etth1,HUFL,24,42,xgboost,4.9643504687437305
2018-06-24 19:00:00,etth1,HUFL,24,42,xgboost,5.453251731531278
2018-06-24 20:00:00,etth1,HUFL,24,42,xgboost,5.482018202314147
2018-06-24 21:00:00,etth1,HUFL,24,42,xgboost,5.2310536331121495
2018-06-24 22:00:00,etth1,HUFL,24,42,xgboost,4.965168816163771
2018-06-24 23:00:00,etth1,HUFL,24,42,xgboost,5.041553142075728
2018-06-25 00:00:00,etth1,HUFL,24,42,xgboost,4.84613731952743
2018-06-25 01:00:00,etth1,HUFL,24,42,xgboost,4.089237754550809
2018-06-25 02:00:00,etth1,HUFL,24,42,xgboost,4.12205095421395
2018-06-25 03:00:00,etth1,HUFL,24,42,xgboost,3.198011341211482
2018-06-25 04:00:00,etth1,HUFL,24,42,xgboost,2.674214147944276
2018-06-25 05:00:00,etth1,HUFL,24,42,xgboost,2.117316691781237
2018-06-25 06:00:00,etth1,HUFL,24,42,xgboost,3.153857462481677
2018-06-25 07:00:00,etth1,HUFL,24,42,xgboost,4.480770791548363
2018-06-25 08:00:00,etth1,HUFL,24,42,xgboost,4.754537989377007
2018-06-25 09:00:00,etth1,HUFL,24,42,xgboost,3.9425604197803907
2018-06-25 10:00:00,etth1,HUFL,24,42,xgboost,3.947862826963727
2018-06-25 11:00:00,etth1,HUFL,24,42,xgboost,3.3965794586055935
2018-06-25 12:00:00,etth1,HUFL,24,42,xgboost,3.775009221991899
2018-06-25 13:00:00,etth1,HUFL,24,42,xgboost,4.196206176946574
2018-06-25 14:00:00,etth1,HUFL,24,42,xgboost,4.427279635647274
2018-06-25 15:00:00,etth1,HUFL,24,42,xgboost,3.6005925201343785
2018-06-25 16:00:00,etth1,HUFL,24,42,xgboost,4.293707860473508
2018-06-25 17:00:00,etth1,HUFL,24,42,xgboost,4.649857663927233
2018-06-25 18:00:00,etth1,HUFL,24,42,xgboost,5.030448042806616
2018-06-25 19:00:00,etth1,HUFL,24,42,xgboost,5.319200786323822
2018-06-25 20:00:00,etth1,HUFL,24,42,xgboost,4.931383259859138
